METER_NO,DATE_TIME,U_A,U_B,U_C,I_A,I_B,I_C,P,P_A,P_B,P_C,Q,Q_A,Q_B,Q_C,PF,F
2246006313,2026-08-17 00:00:00,58.600,58.400,58.300,0.623,0.630,0.599,0.105,0.035,0.036,0.034,0.000,0.000,0.000,0.000,0.999,50.200
2410121326,2026-08-17 00:00:00,235.000,233.780,234.000,0.070,0.070,0.120,0.058,0.017,0.016,0.024,0.017,0.003,0.003,0.011,0.949,50.170
2410121353,2026-08-17 00:00:00,235.380,234.180,234.450,0.000,0.010,0.040,0.012,0.000,0.002,0.010,-0.001,0.000,0.000,0.000,0.985,50.200
2410121371,2026-08-17 00:00:00,235.410,234.130,234.290,0.040,0.010,0.030,0.016,0.008,0.000,0.007,-0.001,0.000,-0.001,0.000,0.996,50.200
2410121424,2026-08-17 00:00:00,235.670,234.450,234.670,0.010,0.010,0.010,0.004,0.000,0.001,0.002,-0.003,-0.001,-0.001,0.000,0.777,50.210
2410121454,2026-08-17 00:00:00,234.690,235.750,234.490,0.070,0.180,0.160,0.095,0.015,0.044,0.039,0.010,0.003,0.002,0.004,0.997,50.210
2410121457,2026-08-17 00:00:00,234.790,233.470,233.790,0.320,0.420,0.360,0.180,0.045,0.074,0.060,0.175,0.058,0.062,0.055,0.715,50.210
2410121574,2026-08-17 00:00:00,235.580,234.170,234.340,0.220,0.190,0.180,0.131,0.050,0.042,0.039,-0.036,-0.010,-0.014,-0.011,0.964,50.210
2410131378,2026-08-17 00:00:00,234.370,235.360,234.240,0.010,0.010,0.030,0.011,0.002,0.001,0.006,-0.002,0.000,-0.001,0.000,1.000,50.190
2410131383,2026-08-17 00:00:00,235.740,236.740,235.760,0.040,0.020,0.060,0.028,0.009,0.005,0.013,-0.006,0.000,-0.002,-0.003,0.968,50.170
2410131387,2026-08-17 00:00:00,236.290,236.380,237.460,0.030,0.030,0.030,0.018,0.006,0.006,0.006,-0.004,0.000,-0.001,-0.001,0.993,50.200
2410320615,2026-08-17 00:00:00,235.430,235.240,236.980,0.220,0.210,0.180,0.149,0.054,0.052,0.041,0.015,0.004,0.003,0.004,0.990,50.220
2410883988,2026-08-17 00:00:00,232.690,233.690,233.260,0.020,0.000,0.040,0.012,0.004,0.000,0.008,-0.001,0.000,0.000,0.000,0.996,50.190
2410883991,2026-08-17 00:00:00,238.220,238.230,239.540,0.200,0.130,0.090,0.098,0.045,0.031,0.021,0.002,0.003,-0.001,0.000,1.000,50.200
2410883993,2026-08-17 00:00:00,238.550,237.420,237.540,0.740,0.970,0.730,0.566,0.173,0.222,0.170,-0.078,-0.021,-0.029,-0.026,0.990,50.180
2410883994,2026-08-17 00:00:00,239.430,238.230,238.290,0.010,0.040,0.020,0.015,0.001,0.010,0.003,-0.001,0.000,0.000,0.000,0.967,50.200
2410932742,2026-08-17 00:00:00,233.470,231.590,231.760,3.120,3.020,3.210,1.980,0.663,0.633,0.675,0.615,0.213,0.192,0.208,0.954,50.210
2411087432,2026-08-17 00:00:00,234.090,235.150,233.900,0.190,0.160,0.240,0.136,0.044,0.036,0.055,0.003,0.004,-0.003,0.001,1.000,50.200
2411087433,2026-08-17 00:00:00,238.380,238.220,239.340,0.270,0.280,0.270,0.184,0.059,0.062,0.062,0.038,0.016,0.009,0.012,0.979,50.180
2411290205,2026-08-17 00:00:00,236.580,235.450,235.300,0.140,0.090,0.120,0.084,0.034,0.022,0.028,0.006,0.002,0.001,0.002,0.997,50.200
2510014481,2026-08-17 00:00:00,232.210,232.570,234.030,1.760,1.430,1.780,1.389,0.481,0.417,0.490,0.483,0.164,0.155,0.153,0.912,50.180
2510014482,2026-08-17 00:00:00,234.470,235.390,234.150,0.010,0.040,0.000,0.012,0.002,0.009,0.000,-0.001,-0.002,0.000,0.000,1.000,50.210
2510014484,2026-08-17 00:00:00,236.660,235.490,235.580,0.100,0.430,0.090,0.144,0.023,0.100,0.020,-0.008,-0.001,-0.004,-0.002,0.999,50.210
2510178141,2026-08-17 00:00:00,234.610,234.800,235.690,0.020,0.010,0.020,0.007,0.002,0.000,0.004,-0.009,-0.004,-0.001,-0.002,0.661,50.190
2510203103,2026-08-17 00:00:00,230.400,228.310,228.610,0.080,0.140,0.090,0.068,0.017,0.030,0.019,-0.017,-0.006,-0.005,-0.004,0.973,50.200
2510203104,2026-08-17 00:00:00,232.440,232.250,233.450,0.220,0.240,0.140,0.136,0.051,0.053,0.031,0.017,0.000,0.009,0.008,0.990,50.170
2510203105,2026-08-17 00:00:00,235.850,233.790,234.340,0.010,0.110,0.010,0.029,0.003,0.024,0.002,0.005,0.000,0.005,0.000,0.992,50.180
2510203106,2026-08-17 00:00:00,236.340,235.200,235.150,0.030,0.010,0.000,0.009,0.006,0.003,0.000,-0.004,-0.003,0.000,0.000,0.907,50.170
2510203108,2026-08-17 00:00:00,234.700,235.420,234.340,0.440,0.750,0.970,0.502,0.105,0.178,0.218,0.039,0.014,0.023,0.001,0.997,50.220
2510203111,2026-08-17 00:00:00,234.290,234.590,235.570,0.020,0.020,0.000,0.007,0.004,0.003,0.000,-0.001,-0.001,0.000,0.000,0.987,50.180
2510203113,2026-08-17 00:00:00,235.610,236.760,235.880,0.170,0.250,0.280,0.153,0.037,0.054,0.062,-0.054,-0.013,-0.021,-0.019,0.941,50.200
2510203114,2026-08-17 00:00:00,231.990,231.990,233.050,0.050,0.030,0.020,0.015,0.010,0.003,0.000,-0.017,-0.005,-0.007,-0.004,0.664,50.190
2510203117,2026-08-17 00:00:00,233.300,233.320,232.600,0.210,0.220,0.110,0.120,0.045,0.049,0.024,-0.036,-0.015,-0.015,-0.006,0.953,50.220
2510203118,2026-08-17 00:00:00,125.980,125.880,126.540,0.210,0.210,0.210,0.004,0.002,0.001,0.000,-0.079,-0.026,-0.025,-0.026,0.056,50.180
2510203119,2026-08-17 00:00:00,233.830,233.290,232.630,0.000,0.000,0.000,0.000,0.000,0.000,0.000,0.000,0.000,0.000,0.000,1.000,50.200
2510203120,2026-08-17 00:00:00,238.880,237.710,237.750,0.790,0.610,0.620,0.444,0.176,0.130,0.137,0.163,0.062,0.055,0.044,0.937,50.210
2510203122,2026-08-17 00:00:00,234.280,235.330,234.120,0.160,0.020,0.010,0.030,0.025,0.003,0.001,0.024,0.027,-0.001,-0.001,0.778,50.200
2510203123,2026-08-17 00:00:00,234.390,234.580,235.590,0.010,0.010,0.000,0.005,0.002,0.003,0.000,-0.003,-0.001,0.000,0.000,0.816,50.180
2510203128,2026-08-17 00:00:00,237.640,238.390,236.610,1.980,1.990,2.090,1.392,0.456,0.457,0.478,0.120,0.012,0.039,0.067,0.996,50.200
2510203133,2026-08-17 00:00:00,234.380,235.340,234.230,0.160,0.170,0.130,0.084,0.030,0.034,0.020,0.066,0.022,0.020,0.023,0.793,50.210
2510203134,2026-08-17 00:00:00,239.590,238.400,238.290,0.020,0.010,0.010,0.007,0.004,0.002,0.001,-0.002,-0.001,-0.001,0.000,0.981,50.210
2510224167,2026-08-17 00:00:00,232.950,232.260,233.380,5.310,4.510,4.850,2.560,1.040,0.730,0.780,-1.970,-0.580,-0.670,-0.710,0.791,50.200
2510317505,2026-08-17 00:00:00,232.840,232.330,233.290,10.900,3.680,4.480,3.460,2.190,0.590,0.660,-1.600,-0.440,-0.560,-0.590,0.907,50.190
2510317537,2026-08-17 00:00:00,237.980,237.850,238.940,2.770,2.640,2.800,1.630,0.550,0.540,0.570,-0.270,-0.080,-0.080,-0.100,0.982,50.210
2510389559,2026-08-17 00:00:00,237.220,235.950,236.100,0.000,0.000,0.000,0.000,0.000,0.000,0.000,0.000,0.000,0.000,0.000,1.000,50.200
2510389643,2026-08-17 00:00:00,236.930,235.560,235.700,5.410,11.840,4.780,5.030,1.170,2.740,1.110,-0.800,-0.160,-0.470,-0.160,0.987,50.200
2510633381,2026-08-17 00:00:00,239.110,237.930,237.970,0.040,0.090,0.020,0.034,0.010,0.020,0.003,-0.007,-0.003,-0.003,0.000,0.984,50.190
2510633385,2026-08-17 00:00:00,236.940,235.720,235.860,0.110,0.400,0.200,0.162,0.024,0.093,0.045,-0.022,-0.006,-0.007,-0.008,0.993,50.180
2510633389,2026-08-17 00:00:00,235.580,236.710,235.520,0.150,0.160,0.130,0.055,0.015,0.022,0.017,-0.085,-0.030,-0.029,-0.026,0.544,50.170
2510633390,2026-08-17 00:00:00,237.370,238.700,237.310,1.270,1.510,1.370,0.875,0.266,0.313,0.266,0.252,0.064,0.077,0.110,0.959,50.170
2510633399,2026-08-17 00:00:00,233.350,232.730,233.750,0.230,0.270,0.320,0.189,0.053,0.061,0.074,0.002,0.001,0.000,0.000,1.000,50.190
2510633400,2026-08-17 00:00:00,232.290,233.330,232.810,0.230,0.270,0.250,0.160,0.048,0.059,0.052,0.047,0.014,0.016,0.016,0.954,50.180
2610026966,2026-08-17 00:00:00,230.560,230.590,230.390,0.060,0.040,0.060,0.035,0.013,0.009,0.013,0.013,0.004,0.003,0.005,0.941,50.180
2610026977,2026-08-17 00:00:00,242.130,241.920,241.710,0.070,0.450,0.590,0.265,0.017,0.107,0.140,-0.047,-0.004,-0.019,-0.023,0.986,50.180
2610159557,2026-08-17 00:00:00,239.270,238.120,238.040,0.010,0.000,0.020,0.004,0.000,0.000,0.003,-0.004,-0.002,0.000,-0.001,0.731,50.180
2610170837,2026-08-17 00:00:00,235.520,233.500,233.810,0.000,0.000,0.010,0.003,0.000,0.000,0.002,0.000,0.000,0.000,0.000,1.000,50.180
2610170838,2026-08-17 00:00:00,239.070,237.720,237.890,0.020,0.020,0.010,0.014,0.005,0.005,0.003,0.000,0.000,0.000,0.000,1.000,50.190
2610170840,2026-08-17 00:00:00,236.280,235.150,235.220,1.130,0.990,1.270,0.738,0.247,0.212,0.279,-0.291,-0.095,-0.093,-0.102,0.930,50.180
2610322997,2026-08-17 00:00:00,233.860,235.540,233.630,0.110,0.130,0.110,0.062,0.020,0.023,0.018,0.049,0.014,0.017,0.017,0.784,50.190
2610323001,2026-08-17 00:00:00,235.320,233.460,233.650,0.420,0.290,0.310,0.235,0.097,0.066,0.071,0.040,0.015,0.013,0.010,0.983,50.180
2610323004,2026-08-17 00:00:00,64.880,64.270,64.840,0.080,0.060,0.080,0.014,0.005,0.003,0.005,-0.003,0.000,0.000,-0.001,0.947,50.180
2610323016,2026-08-17 00:00:00,235.490,233.560,233.870,0.250,0.250,0.200,0.154,0.055,0.054,0.043,0.056,0.017,0.021,0.017,0.940,50.180
2610323024,2026-08-17 00:00:00,234.000,234.570,235.870,0.090,0.340,0.190,0.145,0.021,0.080,0.044,0.004,0.000,0.000,0.003,1.000,50.190
2410131384,2026-08-17 00:01:00,237.920,239.160,238.060,0.050,0.080,0.110,0.054,0.011,0.017,0.025,-0.004,0.000,-0.003,-0.001,0.998,50.180
2510633393,2026-08-17 00:01:00,234.640,234.690,235.760,1.130,1.170,1.200,0.788,0.255,0.266,0.270,0.164,0.062,0.043,0.059,0.979,50.200
2510633411,2026-08-17 00:01:00,232.300,231.910,231.340,1.240,1.140,1.210,0.769,0.267,0.243,0.258,0.241,0.078,0.077,0.085,0.952,50.200
2410121440,2026-08-17 00:02:00,234.830,233.610,233.800,0.010,0.000,0.010,0.004,0.002,0.000,0.001,-0.002,-0.001,0.000,0.000,0.886,50.230
2410883990,2026-08-17 00:03:00,233.960,233.470,232.960,0.020,0.000,0.080,0.021,0.003,0.000,0.017,0.005,0.002,0.000,0.002,0.965,50.220
2610170786,2026-08-17 00:03:00,238.130,238.050,239.370,0.040,0.050,0.040,0.033,0.010,0.012,0.010,-0.004,-0.001,-0.001,-0.001,1.000,50.220
2510317516,2026-08-17 00:04:00,233.160,232.410,233.530,0.000,0.000,0.000,0.000,0.000,0.000,0.000,0.000,0.000,0.000,0.000,1.000,50.180
2510014483,2026-08-17 00:06:00,237.650,237.520,238.700,0.040,0.030,0.050,0.021,0.008,0.005,0.007,-0.020,-0.006,-0.005,-0.008,0.732,50.210
2510178139,2026-08-17 00:06:00,233.630,234.540,233.260,0.660,0.650,0.630,0.432,0.146,0.143,0.148,0.134,0.044,0.045,0.044,0.952,50.210
2510203107,2026-08-17 00:06:00,224.640,223.640,223.650,0.170,0.190,0.160,0.116,0.038,0.042,0.036,-0.006,-0.002,0.000,-0.002,0.999,50.210
2510203121,2026-08-17 00:06:00,232.730,232.220,233.130,0.130,0.050,0.160,0.074,0.029,0.009,0.035,-0.025,-0.006,-0.008,-0.010,0.941,50.180
2510203125,2026-08-17 00:06:00,235.310,235.250,236.300,0.080,0.100,0.130,0.039,0.004,0.009,0.025,-0.054,-0.017,-0.020,-0.016,0.592,50.220
2510633391,2026-08-17 00:06:00,123.160,122.530,122.660,0.000,0.000,0.000,0.000,0.000,0.000,0.000,0.000,0.000,0.000,0.000,1.000,50.190
2610126451,2026-08-17 00:06:00,234.270,235.080,233.930,0.010,0.010,0.060,0.018,0.002,0.001,0.014,0.001,0.000,0.000,0.001,0.987,50.220
2510203115,2026-08-17 00:07:00,234.520,234.620,235.680,0.000,0.000,0.000,0.000,0.000,0.000,0.000,0.000,0.000,0.000,0.000,1.000,50.220
2510203130,2026-08-17 00:07:00,245.050,245.150,247.060,0.000,0.010,0.010,0.003,0.000,0.001,0.001,0.000,0.000,0.000,0.000,1.000,50.170
2510224049,2026-08-17 00:07:00,232.120,232.910,232.630,3.160,12.520,7.750,4.640,0.530,2.520,1.580,-1.950,-0.450,-0.890,-0.600,0.921,50.190
2510633387,2026-08-17 00:07:00,233.740,234.660,233.510,0.010,0.000,0.000,0.002,0.002,0.000,0.000,0.000,0.000,0.000,0.000,1.000,50.220
2510633397,2026-08-17 00:07:00,244.750,243.470,243.400,0.010,0.030,0.020,0.017,0.004,0.008,0.004,-0.003,-0.001,-0.001,0.000,0.983,50.220
2510633402,2026-08-17 00:07:00,232.230,232.250,234.180,0.310,0.340,0.350,0.221,0.068,0.075,0.060,0.054,0.018,0.017,0.018,0.971,50.210
2510633410,2026-08-17 00:07:00,232.570,231.840,232.920,0.030,0.010,0.010,0.011,0.007,0.003,0.001,-0.005,-0.003,-0.001,-0.001,0.863,50.210
2510814977,2026-08-17 00:07:00,232.910,234.590,232.710,0.020,0.010,0.010,0.006,0.003,0.000,0.002,-0.002,0.000,-0.001,-0.001,0.954,50.190
2610026952,2026-08-17 00:07:00,234.340,233.090,233.230,0.010,0.030,0.010,0.009,0.001,0.006,0.002,-0.002,0.000,0.000,-0.001,0.916,50.150
2610170836,2026-08-17 00:07:00,233.800,234.740,233.490,0.010,0.000,0.000,0.000,0.000,0.000,0.000,0.000,-0.001,0.000,0.000,0.736,50.190
2610322969,2026-08-17 00:07:00,233.220,232.740,232.150,0.020,0.000,0.010,0.006,0.003,0.000,0.002,-0.003,-0.001,0.000,-0.001,0.872,50.200
2510203109,2026-08-17 00:08:00,237.340,238.530,237.420,0.170,0.080,0.090,0.076,0.036,0.018,0.020,0.016,0.015,0.002,-0.001,0.975,50.220
2510203124,2026-08-17 00:08:00,233.870,234.400,233.250,0.060,0.070,0.090,0.045,0.012,0.014,0.018,0.022,0.006,0.007,0.007,0.897,50.180
2510203127,2026-08-17 00:08:00,233.570,234.490,233.360,0.040,0.010,0.040,0.020,0.009,0.002,0.008,-0.006,0.000,0.000,-0.005,0.967,50.180
2510389931,2026-08-17 00:08:00,235.690,234.300,234.250,9.040,5.010,15.730,6.850,2.070,1.130,3.630,-1.250,-0.440,-0.260,-0.540,0.983,50.210
2510633386,2026-08-17 00:08:00,227.480,227.440,228.510,1.300,1.330,1.270,0.019,0.009,0.005,0.003,-0.808,-0.267,-0.269,-0.270,0.024,50.200
2510633396,2026-08-17 00:08:00,234.580,233.400,234.060,0.110,0.160,0.110,0.073,0.021,0.032,0.020,0.046,0.015,0.015,0.014,0.850,50.210
2510633406,2026-08-17 00:08:00,232.670,232.050,233.180,0.090,0.080,0.080,0.043,0.017,0.012,0.013,-0.033,-0.009,-0.011,-0.012,0.788,50.180
2610026950,2026-08-17 00:08:00,233.070,232.590,231.950,0.000,0.000,0.010,0.003,0.000,0.000,0.001,0.000,0.000,0.000,0.000,1.000,50.190
2610026953,2026-08-17 00:08:00,235.400,234.120,234.150,0.110,0.100,0.100,0.072,0.026,0.022,0.023,0.008,0.001,0.004,0.002,0.988,50.180
2610026963,2026-08-17 00:08:00,233.670,233.780,234.780,0.180,0.110,0.090,0.075,0.036,0.021,0.017,-0.043,-0.017,-0.012,-0.013,0.863,50.210
2610026976,2026-08-17 00:08:00,233.360,233.820,234.840,0.380,0.170,0.090,0.146,0.088,0.038,0.019,0.001,0.008,-0.001,-0.004,0.996,50.180
2610126270,2026-08-17 00:08:00,232.080,232.990,232.730,0.020,0.010,0.010,0.008,0.003,0.002,0.002,-0.004,-0.001,-0.001,-0.001,0.859,50.180
2610322967,2026-08-17 00:08:00,238.580,237.330,237.030,0.000,0.000,0.010,0.002,0.000,0.000,0.002,0.000,0.000,0.000,0.000,0.880,50.180
2610323005,2026-08-17 00:08:00,231.830,232.770,232.410,0.000,0.000,0.000,0.001,0.000,0.001,0.000,0.000,0.000,0.000,0.000,0.941,50.180
2610323019,2026-08-17 00:08:00,231.740,233.080,232.550,0.020,0.020,0.030,0.015,0.004,0.005,0.005,-0.006,-0.001,-0.002,-0.002,0.932,50.230
2510633383,2026-08-17 00:11:00,233.560,233.820,234.780,0.110,0.080,0.090,0.020,0.006,0.002,0.011,-0.063,-0.024,-0.019,-0.018,0.306,50.190
2510633395,2026-08-17 00:11:00,234.050,234.990,233.750,0.000,0.000,0.000,0.000,0.000,0.000,0.000,0.000,0.000,0.000,0.000,1.000,50.190
2510203126,2026-08-17 00:13:00,233.300,232.680,233.650,0.040,0.020,0.000,0.012,0.008,0.004,0.000,-0.001,0.000,0.000,0.000,0.984,50.150
2246006313,2026-08-17 00:30:00,58.500,58.400,58.300,0.685,0.692,0.663,0.117,0.039,0.039,0.037,0.002,0.001,0.000,0.000,0.999,50.150
2410121326,2026-08-17 00:30:00,234.750,233.500,233.720,0.050,0.050,0.070,0.039,0.011,0.012,0.016,0.002,0.000,-0.001,0.004,0.991,50.140
2410121353,2026-08-17 00:30:00,234.960,233.680,233.980,0.000,0.010,0.050,0.013,0.000,0.002,0.010,-0.002,0.000,0.000,0.000,0.957,50.130
2410121371,2026-08-17 00:30:00,234.830,233.420,233.700,0.040,0.010,0.040,0.017,0.008,0.000,0.008,-0.001,0.000,-0.001,0.000,0.982,50.110
2410121424,2026-08-17 00:30:00,235.020,233.720,234.020,0.010,0.010,0.010,0.004,0.000,0.001,0.002,-0.003,-0.001,-0.001,0.000,0.774,50.130
2410121440,2026-08-17 00:30:00,234.620,233.320,233.550,0.010,0.000,0.010,0.004,0.002,0.000,0.001,-0.002,-0.001,0.000,0.000,0.928,50.120
2410121454,2026-08-17 00:30:00,234.030,235.080,233.670,0.070,0.180,0.160,0.095,0.015,0.043,0.036,0.018,0.006,0.005,0.007,0.985,50.140
2410121457,2026-08-17 00:30:00,234.700,233.450,233.740,0.340,0.370,0.350,0.175,0.053,0.061,0.060,0.175,0.058,0.061,0.055,0.707,50.180
2410121574,2026-08-17 00:30:00,234.480,233.090,233.350,0.250,0.210,0.200,0.150,0.057,0.047,0.045,-0.033,-0.009,-0.012,-0.012,0.978,50.120
2410131378,2026-08-17 00:30:00,234.050,235.040,233.880,0.010,0.010,0.030,0.010,0.001,0.001,0.006,-0.003,-0.001,-0.001,0.000,0.938,50.110
2410131383,2026-08-17 00:30:00,235.740,236.520,235.760,0.040,0.020,0.050,0.028,0.010,0.005,0.012,-0.005,0.000,-0.001,-0.002,0.972,50.140
2410131384,2026-08-17 00:30:00,238.000,239.250,238.200,0.040,0.080,0.110,0.053,0.010,0.017,0.025,-0.006,0.000,-0.003,-0.002,0.992,50.180
2410131387,2026-08-17 00:30:00,236.210,236.440,237.380,0.030,0.030,0.030,0.019,0.007,0.006,0.006,-0.004,0.000,-0.001,-0.001,0.995,50.170
2410320615,2026-08-17 00:30:00,235.530,235.570,237.020,0.220,0.220,0.180,0.143,0.050,0.051,0.041,0.013,0.004,0.003,0.005,0.998,50.180
2410883988,2026-08-17 00:30:00,232.590,233.470,233.140,0.020,0.000,0.040,0.012,0.004,0.000,0.008,-0.001,0.000,0.000,0.000,0.994,50.160
2410883990,2026-08-17 00:30:00,233.100,232.660,232.130,0.020,0.000,0.080,0.021,0.003,0.000,0.017,0.005,0.002,0.000,0.002,0.955,50.150
2410883991,2026-08-17 00:30:00,237.950,237.980,239.330,0.160,0.060,0.060,0.066,0.037,0.014,0.014,0.001,0.003,-0.001,0.000,0.995,50.120
2410883993,2026-08-17 00:30:00,238.760,237.740,237.710,0.690,0.880,0.720,0.535,0.163,0.203,0.167,-0.078,-0.019,-0.034,-0.023,0.990,50.180
2410883994,2026-08-17 00:30:00,238.980,237.800,237.860,0.010,0.040,0.020,0.015,0.001,0.010,0.004,-0.001,0.000,0.000,0.000,0.975,50.180
2410932742,2026-08-17 00:30:00,232.260,230.320,230.440,3.270,3.180,3.340,2.084,0.701,0.673,0.710,0.642,0.220,0.205,0.216,0.955,50.160
2411087432,2026-08-17 00:30:00,233.890,234.970,233.710,0.170,0.130,0.220,0.122,0.039,0.031,0.051,0.000,0.004,-0.004,0.000,1.000,50.160
2411087433,2026-08-17 00:30:00,238.260,238.170,239.360,0.250,0.250,0.260,0.165,0.054,0.055,0.055,-0.040,-0.010,-0.014,-0.014,0.971,50.180
2510014481,2026-08-17 00:30:00,231.730,231.850,233.370,1.850,1.610,1.830,1.270,0.421,0.425,0.500,0.507,0.179,0.166,0.161,0.933,50.140
2510014482,2026-08-17 00:30:00,233.950,234.870,233.650,0.010,0.040,0.000,0.012,0.002,0.009,0.000,-0.001,-0.002,0.000,0.000,1.000,50.150
2510014483,2026-08-17 00:30:00,237.830,237.730,238.930,0.040,0.030,0.050,0.020,0.008,0.005,0.007,-0.019,-0.005,-0.005,-0.008,0.739,50.160
2510014484,2026-08-17 00:30:00,236.200,235.080,235.390,0.100,0.420,0.090,0.141,0.023,0.097,0.020,-0.008,-0.001,-0.004,-0.002,0.996,50.150
2510178141,2026-08-17 00:30:00,233.630,233.790,234.750,0.020,0.010,0.020,0.005,0.002,0.000,0.002,-0.009,-0.004,-0.001,-0.002,0.538,50.140
2510203103,2026-08-17 00:30:00,229.390,227.480,227.570,0.080,0.120,0.090,0.060,0.018,0.023,0.019,-0.017,-0.006,-0.005,-0.004,0.965,50.170
2510203104,2026-08-17 00:30:00,231.920,231.700,232.910,0.220,0.230,0.140,0.134,0.051,0.052,0.030,0.015,0.000,0.007,0.007,0.996,50.170
2510203105,2026-08-17 00:30:00,235.430,233.400,233.820,0.010,0.110,0.010,0.029,0.003,0.023,0.002,0.005,0.000,0.005,0.000,0.984,50.200
2510203106,2026-08-17 00:30:00,236.280,235.210,235.370,0.030,0.010,0.000,0.009,0.006,0.003,0.000,-0.004,-0.003,0.000,0.000,0.910,50.170
2510203107,2026-08-17 00:30:00,225.050,224.140,224.220,0.140,0.150,0.120,0.085,0.028,0.032,0.024,-0.038,-0.013,-0.012,-0.012,0.913,50.160
2510203108,2026-08-17 00:30:00,233.700,234.580,233.470,0.600,0.790,1.020,0.548,0.138,0.181,0.228,0.042,0.017,0.022,0.000,0.997,50.170
2510203109,2026-08-17 00:30:00,237.780,239.050,237.980,0.150,0.080,0.090,0.072,0.033,0.018,0.020,0.015,0.013,0.002,-0.001,0.981,50.210
2510203111,2026-08-17 00:30:00,233.870,234.170,235.180,0.010,0.020,0.000,0.006,0.002,0.003,0.000,-0.002,-0.001,0.000,0.000,0.924,50.170
2510203113,2026-08-17 00:30:00,235.460,236.350,235.490,0.190,0.260,0.300,0.166,0.041,0.057,0.067,-0.050,-0.014,-0.020,-0.016,0.957,50.160
2510203114,2026-08-17 00:30:00,232.060,232.030,233.150,0.050,0.030,0.020,0.015,0.011,0.003,0.000,-0.016,-0.004,-0.007,-0.004,0.664,50.210
2510203115,2026-08-17 00:30:00,235.340,235.660,236.530,0.000,0.000,0.000,0.000,0.000,0.000,0.000,0.000,0.000,0.000,0.000,1.000,50.180
2510203117,2026-08-17 00:30:00,233.330,232.880,232.250,0.200,0.220,0.130,0.118,0.044,0.049,0.025,-0.037,-0.015,-0.015,-0.006,0.959,50.170
2510203118,2026-08-17 00:30:00,125.870,125.730,126.430,0.210,0.200,0.210,0.004,0.002,0.001,0.000,-0.078,-0.026,-0.025,-0.026,0.056,50.180
2510203119,2026-08-17 00:30:00,233.540,233.090,232.410,0.000,0.000,0.000,0.000,0.000,0.000,0.000,0.000,0.000,0.000,0.000,1.000,50.170
2510203120,2026-08-17 00:30:00,238.630,237.470,237.520,0.790,0.630,0.620,0.468,0.193,0.136,0.137,0.141,0.055,0.048,0.038,0.953,50.170
2510203121,2026-08-17 00:30:00,233.090,232.480,233.410,0.130,0.050,0.140,0.071,0.029,0.009,0.031,-0.024,-0.005,-0.008,-0.010,0.945,50.200
2510203122,2026-08-17 00:30:00,233.840,234.920,233.660,0.080,0.030,0.010,0.017,0.010,0.005,0.001,0.015,0.014,0.001,-0.001,0.766,50.160
2510203123,2026-08-17 00:30:00,233.720,233.870,234.910,0.010,0.010,0.000,0.005,0.002,0.003,0.000,-0.003,-0.001,0.000,0.000,0.810,50.160
2510203125,2026-08-17 00:30:00,235.800,235.860,236.730,0.080,0.100,0.130,0.039,0.004,0.009,0.025,-0.054,-0.017,-0.020,-0.016,0.589,50.190
2510203126,2026-08-17 00:30:00,233.050,232.360,233.510,0.040,0.020,0.000,0.012,0.008,0.004,0.000,-0.001,0.000,0.000,0.000,0.984,50.160
2510203127,2026-08-17 00:30:00,233.860,234.810,233.700,0.040,0.020,0.040,0.021,0.008,0.004,0.008,-0.003,0.000,0.002,-0.005,0.966,50.150
2510203128,2026-08-17 00:30:00,237.400,238.100,236.370,1.940,1.950,2.070,1.367,0.445,0.448,0.473,0.118,0.012,0.039,0.067,0.995,50.180
2510203130,2026-08-17 00:30:00,245.860,245.870,247.760,0.000,0.010,0.010,0.003,0.000,0.001,0.001,0.000,0.000,0.000,0.000,1.000,50.200
2510203133,2026-08-17 00:30:00,234.000,235.010,233.780,0.040,0.020,0.000,0.013,0.008,0.004,0.000,-0.001,0.000,-0.002,0.000,0.985,50.140
2510203134,2026-08-17 00:30:00,239.020,237.740,237.700,0.020,0.010,0.010,0.007,0.004,0.002,0.001,-0.002,-0.001,-0.001,0.000,0.980,50.170
2510224049,2026-08-17 00:30:00,231.990,232.830,232.630,3.160,12.520,7.740,4.630,0.530,2.520,1.580,-1.950,-0.450,-0.890,-0.600,0.921,50.140
2510224167,2026-08-17 00:30:00,232.500,231.820,232.900,5.310,4.510,4.850,2.550,1.040,0.730,0.780,-1.960,-0.580,-0.670,-0.710,0.792,50.140
2510317505,2026-08-17 00:30:00,232.650,232.100,233.020,10.830,3.680,4.480,3.440,2.180,0.590,0.660,-1.590,-0.430,-0.560,-0.590,0.907,50.140
2510317516,2026-08-17 00:30:00,232.740,232.060,233.050,0.000,0.000,0.000,0.000,0.000,0.000,0.000,0.000,0.000,0.000,0.000,1.000,50.150
2510317537,2026-08-17 00:30:00,237.480,237.270,238.410,2.240,2.230,2.120,1.530,0.510,0.510,0.490,-0.240,-0.060,-0.080,-0.080,0.987,50.150
2510389559,2026-08-17 00:30:00,236.760,235.580,235.710,0.000,0.000,0.000,0.000,0.000,0.000,0.000,0.000,0.000,0.000,0.000,1.000,50.160
2510389643,2026-08-17 00:30:00,236.540,235.320,235.420,5.440,11.870,4.790,5.040,1.180,2.740,1.110,-0.800,-0.160,-0.470,-0.160,0.987,50.140
2510389931,2026-08-17 00:30:00,236.060,234.830,235.080,9.040,5.000,15.680,6.850,2.080,1.130,3.630,-1.260,-0.440,-0.260,-0.550,0.983,50.140
2510633381,2026-08-17 00:30:00,238.940,237.820,237.790,0.050,0.090,0.020,0.036,0.010,0.020,0.004,-0.007,-0.003,-0.004,0.000,0.967,50.200
2510633383,2026-08-17 00:30:00,233.730,233.870,234.940,0.110,0.080,0.090,0.017,0.005,0.002,0.009,-0.063,-0.024,-0.019,-0.019,0.266,50.180
2510633385,2026-08-17 00:30:00,237.030,235.950,235.950,0.160,0.400,0.340,0.211,0.038,0.093,0.079,-0.004,-0.003,-0.007,0.007,1.000,50.180
2510633386,2026-08-17 00:30:00,227.920,227.730,228.980,1.260,1.280,1.240,0.017,0.007,0.006,0.003,-0.810,-0.268,-0.269,-0.271,0.021,50.180
2510633389,2026-08-17 00:30:00,236.190,237.080,236.020,0.150,0.160,0.130,0.057,0.016,0.024,0.016,-0.085,-0.030,-0.029,-0.026,0.560,50.180
2510633390,2026-08-17 00:30:00,237.610,239.030,237.690,1.230,1.370,1.310,0.849,0.262,0.309,0.212,0.254,0.074,0.075,0.103,0.957,50.160
2510633391,2026-08-17 00:30:00,123.290,122.660,122.760,0.000,0.000,0.000,0.000,0.000,0.000,0.000,0.000,0.000,0.000,0.000,1.000,50.140
2510633393,2026-08-17 00:30:00,234.120,234.310,235.130,1.070,1.090,1.110,0.698,0.227,0.236,0.246,0.158,0.058,0.043,0.056,0.976,50.140
2510633395,2026-08-17 00:30:00,233.920,234.870,233.750,0.000,0.000,0.000,0.000,0.000,0.000,0.000,0.000,0.000,0.000,0.000,1.000,50.210
2510633396,2026-08-17 00:30:00,234.870,233.650,234.190,0.120,0.160,0.110,0.076,0.022,0.032,0.021,0.047,0.016,0.016,0.015,0.853,50.210
2510633397,2026-08-17 00:30:00,245.450,244.140,244.140,0.010,0.030,0.020,0.015,0.002,0.008,0.004,-0.003,-0.002,-0.001,0.000,0.954,50.160
2510633399,2026-08-17 00:30:00,232.810,232.020,233.080,0.250,0.270,0.300,0.190,0.058,0.062,0.069,0.006,0.002,0.002,0.001,0.997,50.160
2510633400,2026-08-17 00:30:00,231.760,232.810,232.390,0.210,0.250,0.210,0.148,0.045,0.055,0.048,0.046,0.014,0.016,0.016,0.948,50.130
2510633402,2026-08-17 00:30:00,232.850,232.840,234.680,0.280,0.350,0.360,0.208,0.064,0.071,0.072,0.076,0.025,0.025,0.026,0.954,50.170
2510633406,2026-08-17 00:30:00,232.970,232.260,233.340,0.090,0.080,0.080,0.043,0.017,0.012,0.013,-0.034,-0.010,-0.011,-0.012,0.787,50.180
2510633410,2026-08-17 00:30:00,233.020,232.340,233.380,0.030,0.010,0.010,0.011,0.007,0.003,0.001,-0.003,-0.001,-0.001,-0.001,0.990,50.180
2510633411,2026-08-17 00:30:00,231.070,230.530,229.900,1.540,1.460,1.500,0.953,0.329,0.306,0.318,0.335,0.107,0.112,0.114,0.944,50.130
2510814977,2026-08-17 00:30:00,233.450,235.120,233.320,0.020,0.010,0.010,0.006,0.003,0.000,0.002,-0.002,0.000,-0.001,-0.001,0.958,50.170
2610026950,2026-08-17 00:30:00,233.290,232.850,232.220,0.000,0.000,0.010,0.003,0.000,0.000,0.001,0.000,0.000,0.000,0.000,0.985,50.180
2610026952,2026-08-17 00:30:00,235.200,233.870,234.100,0.010,0.040,0.010,0.012,0.001,0.009,0.002,-0.002,0.000,0.000,-0.001,0.995,50.180
2610026953,2026-08-17 00:30:00,236.620,235.440,235.530,0.110,0.100,0.100,0.071,0.025,0.022,0.023,0.008,0.002,0.004,0.002,0.998,50.190
2610026963,2026-08-17 00:30:00,234.070,234.070,235.200,0.170,0.100,0.100,0.073,0.036,0.019,0.018,-0.045,-0.017,-0.013,-0.014,0.849,50.200
2610026966,2026-08-17 00:30:00,231.400,231.340,231.250,0.060,0.040,0.070,0.036,0.012,0.008,0.014,0.017,0.004,0.004,0.008,0.902,50.210
2610026976,2026-08-17 00:30:00,233.650,233.950,235.100,0.320,0.170,0.090,0.117,0.058,0.038,0.019,-0.002,0.004,-0.001,-0.004,0.999,50.200
2610026977,2026-08-17 00:30:00,242.160,241.870,241.830,0.070,0.390,0.540,0.237,0.017,0.092,0.128,-0.046,-0.004,-0.018,-0.023,0.982,50.150
2610126270,2026-08-17 00:30:00,232.110,233.000,232.690,0.020,0.010,0.010,0.008,0.003,0.002,0.002,-0.004,-0.001,-0.001,-0.001,0.852,50.160
2610126451,2026-08-17 00:30:00,234.150,235.050,233.800,0.010,0.010,0.070,0.019,0.002,0.001,0.015,0.001,0.000,0.000,0.002,1.000,50.180
2610170786,2026-08-17 00:30:00,237.910,237.840,239.140,0.050,0.050,0.040,0.034,0.011,0.012,0.010,-0.004,-0.001,-0.001,-0.001,0.980,50.140
2610170836,2026-08-17 00:30:00,233.880,234.900,233.630,0.010,0.000,0.000,0.000,0.000,0.000,0.000,0.000,-0.001,0.000,0.000,0.711,50.160
2610170837,2026-08-17 00:30:00,234.910,233.000,233.250,0.000,0.000,0.010,0.002,0.000,0.000,0.002,0.000,0.000,0.000,0.000,1.000,50.150
2610170838,2026-08-17 00:30:00,238.960,237.710,237.750,0.020,0.020,0.010,0.013,0.005,0.005,0.003,0.000,0.000,0.000,0.000,0.976,50.150
2610170840,2026-08-17 00:30:00,236.160,234.920,235.180,0.240,0.130,0.390,0.175,0.055,0.028,0.091,-0.033,-0.012,-0.006,-0.014,0.984,50.140
2610322967,2026-08-17 00:30:00,239.350,238.060,237.810,0.000,0.000,0.010,0.002,0.000,0.000,0.002,0.000,0.000,0.000,0.000,0.880,50.180
2610322969,2026-08-17 00:30:00,233.360,232.920,232.280,0.020,0.010,0.010,0.007,0.003,0.001,0.001,-0.003,-0.001,-0.001,0.000,0.925,50.180
2610322997,2026-08-17 00:30:00,233.260,234.960,233.100,0.110,0.120,0.110,0.063,0.020,0.023,0.019,0.049,0.014,0.016,0.017,0.796,50.150
2610323001,2026-08-17 00:30:00,234.840,232.960,233.100,0.420,0.330,0.310,0.243,0.098,0.075,0.070,0.036,0.010,0.013,0.011,0.989,50.160
2610323004,2026-08-17 00:30:00,64.760,64.160,64.700,0.090,0.070,0.090,0.015,0.005,0.004,0.005,-0.003,0.000,0.000,-0.001,0.962,50.160
2610323005,2026-08-17 00:30:00,232.340,233.160,232.840,0.000,0.000,0.000,0.001,0.000,0.001,0.000,0.000,0.000,0.000,0.000,0.936,50.150
2610323019,2026-08-17 00:30:00,231.940,233.130,232.730,0.020,0.020,0.030,0.015,0.004,0.005,0.005,-0.005,-0.001,-0.001,-0.002,0.910,50.160
2610323024,2026-08-17 00:30:00,233.210,233.750,235.040,0.090,0.330,0.190,0.142,0.020,0.077,0.043,0.002,0.000,-0.001,0.003,0.996,50.140
2411290205,2026-08-17 00:31:00,235.740,234.700,234.700,0.150,0.140,0.130,0.099,0.035,0.033,0.031,0.011,0.005,0.002,0.003,0.995,50.140
2510203124,2026-08-17 00:31:00,233.980,234.710,233.370,0.060,0.070,0.080,0.043,0.013,0.013,0.016,0.022,0.007,0.007,0.007,0.888,50.170
2510633387,2026-08-17 00:31:00,233.560,234.620,233.300,0.010,0.000,0.000,0.002,0.002,0.000,0.000,0.000,0.000,0.000,0.000,1.000,50.160
2610159557,2026-08-17 00:31:00,238.470,237.390,237.230,0.010,0.000,0.020,0.004,0.000,0.000,0.003,-0.004,-0.002,0.000,-0.001,0.741,50.140
2610323016,2026-08-17 00:31:00,234.430,232.590,232.810,0.260,0.270,0.220,0.164,0.057,0.059,0.047,0.057,0.017,0.022,0.018,0.942,50.130
2510178139,2026-08-17 00:32:00,233.410,234.430,232.910,0.390,0.400,0.430,0.256,0.083,0.086,0.086,0.106,0.035,0.033,0.038,0.924,50.120
2246006313,2026-08-17 01:00:00,58.600,58.400,58.300,0.696,0.704,0.677,0.117,0.039,0.040,0.038,0.003,0.001,0.000,0.000,0.999,50.160
2410121326,2026-08-17 01:00:00,235.270,233.950,234.190,0.040,0.050,0.080,0.038,0.009,0.011,0.018,0.000,-0.001,-0.001,0.003,1.000,50.210
2410121353,2026-08-17 01:00:00,234.950,233.690,233.980,0.000,0.010,0.040,0.013,0.000,0.002,0.010,-0.002,0.000,0.000,0.000,0.953,50.170
2410121371,2026-08-17 01:00:00,235.530,234.180,234.390,0.040,0.010,0.060,0.022,0.008,0.000,0.013,-0.002,0.000,-0.001,-0.001,0.999,50.190
2410121424,2026-08-17 01:00:00,234.620,233.290,233.590,0.010,0.010,0.010,0.004,0.000,0.001,0.002,-0.003,-0.001,-0.001,0.000,0.773,50.160
2410121440,2026-08-17 01:00:00,234.680,233.470,233.650,0.010,0.000,0.010,0.004,0.002,0.000,0.001,-0.002,-0.001,0.000,0.000,0.899,50.200
2410121454,2026-08-17 01:00:00,233.590,234.690,233.290,0.070,0.180,0.190,0.105,0.017,0.045,0.041,0.024,0.007,0.006,0.010,0.972,50.160
2410121457,2026-08-17 01:00:00,234.740,233.310,233.690,0.330,0.410,0.370,0.176,0.047,0.066,0.062,0.185,0.060,0.067,0.058,0.688,50.220
2410121574,2026-08-17 01:00:00,235.080,233.600,233.810,0.170,0.140,0.130,0.092,0.036,0.027,0.028,-0.041,-0.012,-0.016,-0.012,0.916,50.180
2410131378,2026-08-17 01:00:00,234.500,235.540,234.110,0.010,0.010,0.030,0.011,0.002,0.001,0.006,-0.001,0.000,-0.001,0.000,0.969,50.180
2410131383,2026-08-17 01:00:00,235.880,236.680,235.800,0.040,0.020,0.050,0.025,0.008,0.005,0.011,-0.006,-0.001,-0.002,-0.002,0.977,50.210
2410131384,2026-08-17 01:00:00,238.090,239.320,238.300,0.050,0.070,0.100,0.052,0.011,0.015,0.024,-0.007,0.000,-0.005,-0.001,0.985,50.220
2410131387,2026-08-17 01:00:00,236.290,236.550,237.480,0.030,0.030,0.030,0.018,0.006,0.006,0.006,-0.004,0.000,-0.001,-0.001,0.995,50.160
2410320615,2026-08-17 01:00:00,235.870,235.770,237.340,0.190,0.200,0.170,0.145,0.046,0.047,0.043,0.017,0.007,0.005,0.004,0.999,50.180
2410883988,2026-08-17 01:00:00,232.990,233.800,233.480,0.020,0.000,0.040,0.012,0.004,0.000,0.008,-0.001,0.000,0.000,0.000,0.997,50.190
2410883990,2026-08-17 01:00:00,233.380,232.890,232.480,0.020,0.000,0.080,0.021,0.003,0.000,0.018,0.005,0.002,0.000,0.002,0.993,50.160
2410883991,2026-08-17 01:00:00,237.770,237.700,238.930,0.200,0.060,0.100,0.085,0.048,0.014,0.023,0.001,0.002,-0.001,0.000,0.995,50.170
2410883993,2026-08-17 01:00:00,238.490,237.480,237.480,0.700,0.890,0.720,0.539,0.164,0.207,0.167,-0.081,-0.020,-0.034,-0.026,0.989,50.170
2410883994,2026-08-17 01:00:00,238.990,237.870,237.900,0.010,0.040,0.020,0.015,0.001,0.010,0.004,-0.001,0.000,0.000,0.000,0.973,50.190
2410932742,2026-08-17 01:00:00,232.640,230.790,230.920,3.260,3.150,3.320,2.071,0.698,0.668,0.705,0.646,0.221,0.206,0.217,0.954,50.190
2411087432,2026-08-17 01:00:00,234.340,235.360,234.130,0.140,0.100,0.190,0.101,0.032,0.023,0.045,-0.003,0.001,-0.004,0.000,1.000,50.190
2411087433,2026-08-17 01:00:00,237.900,237.790,238.950,0.250,0.240,0.250,0.168,0.056,0.054,0.063,0.046,0.020,0.013,0.012,0.963,50.180
2411290205,2026-08-17 01:00:00,236.070,235.080,235.010,0.140,0.170,0.140,0.103,0.032,0.037,0.032,0.008,0.003,0.002,0.002,0.992,50.170
2510014481,2026-08-17 01:00:00,232.000,232.240,233.600,1.840,1.870,1.920,0.929,0.301,0.294,0.332,0.462,0.160,0.149,0.158,0.921,50.190
2510014482,2026-08-17 01:00:00,234.400,235.280,234.070,0.010,0.040,0.000,0.012,0.002,0.009,0.000,-0.001,-0.002,0.000,0.000,1.000,50.170
2510014483,2026-08-17 01:00:00,237.850,237.670,238.820,0.040,0.030,0.050,0.020,0.008,0.004,0.007,-0.019,-0.005,-0.005,-0.008,0.737,50.170
2510014484,2026-08-17 01:00:00,236.090,234.970,235.170,0.100,0.400,0.090,0.136,0.022,0.093,0.019,-0.010,-0.001,-0.005,-0.003,0.996,50.160
2510178139,2026-08-17 01:00:00,233.970,235.030,233.580,0.350,0.370,0.390,0.266,0.084,0.088,0.093,0.105,0.035,0.033,0.035,0.928,50.210
2510178141,2026-08-17 01:00:00,234.020,234.230,235.110,0.020,0.010,0.020,0.007,0.002,0.000,0.004,-0.009,-0.004,-0.001,-0.002,0.660,50.150
2510203103,2026-08-17 01:00:00,229.710,227.830,228.030,0.100,0.110,0.080,0.062,0.021,0.024,0.016,-0.017,-0.006,-0.005,-0.005,0.962,50.190
2510203104,2026-08-17 01:00:00,232.150,231.880,233.060,0.290,0.300,0.200,0.173,0.064,0.065,0.043,0.013,-0.001,0.008,0.006,0.994,50.220
2510203105,2026-08-17 01:00:00,235.610,233.580,234.130,0.010,0.100,0.010,0.029,0.003,0.023,0.002,0.005,0.000,0.005,0.000,0.984,50.200
2510203106,2026-08-17 01:00:00,236.550,235.530,235.600,0.030,0.010,0.000,0.009,0.006,0.003,0.000,-0.004,-0.003,0.000,0.000,0.911,50.220
2510203107,2026-08-17 01:00:00,224.910,223.960,223.950,0.170,0.190,0.160,0.113,0.037,0.042,0.034,-0.012,-0.005,-0.002,-0.004,0.997,50.170
2510203108,2026-08-17 01:00:00,234.320,234.990,234.020,0.490,0.970,0.960,0.546,0.112,0.219,0.213,0.044,0.013,0.028,0.001,0.996,50.160
2510203109,2026-08-17 01:00:00,237.680,238.890,237.850,0.150,0.080,0.090,0.073,0.033,0.018,0.021,0.015,0.013,0.002,0.000,0.975,50.200
2510203111,2026-08-17 01:00:00,234.260,234.510,235.540,0.020,0.020,0.000,0.008,0.004,0.003,0.000,-0.001,-0.001,0.000,0.000,1.000,50.220
2510203113,2026-08-17 01:00:00,235.080,236.060,235.210,0.180,0.260,0.300,0.167,0.041,0.056,0.068,-0.050,-0.011,-0.020,-0.018,0.955,50.180
2510203114,2026-08-17 01:00:00,231.980,231.950,233.040,0.190,0.150,0.140,0.111,0.043,0.035,0.031,-0.013,-0.003,-0.005,-0.004,0.991,50.210
2510203115,2026-08-17 01:00:00,235.300,235.560,236.470,0.000,0.000,0.000,0.000,0.000,0.000,0.000,0.000,0.000,0.000,0.000,1.000,50.180
2510203117,2026-08-17 01:00:00,233.270,232.820,232.230,0.230,0.220,0.110,0.127,0.052,0.049,0.025,-0.032,-0.011,-0.015,-0.006,0.964,50.150
2510203118,2026-08-17 01:00:00,125.820,125.670,126.340,0.210,0.200,0.210,0.004,0.002,0.001,0.001,-0.078,-0.026,-0.025,-0.026,0.056,50.190
2510203119,2026-08-17 01:00:00,233.590,233.080,232.510,0.000,0.000,0.000,0.000,0.000,0.000,0.000,0.000,0.000,0.000,0.000,1.000,50.200
2510203120,2026-08-17 01:00:00,238.430,237.340,237.320,0.660,0.500,0.480,0.370,0.148,0.112,0.109,0.116,0.046,0.040,0.029,0.952,50.160
2510203121,2026-08-17 01:00:00,233.070,232.540,233.510,0.130,0.050,0.140,0.067,0.028,0.009,0.029,-0.025,-0.006,-0.008,-0.010,0.935,50.200
2510203122,2026-08-17 01:00:00,234.510,235.560,234.300,0.080,0.020,0.010,0.015,0.010,0.003,0.001,0.011,0.014,-0.001,-0.001,0.803,50.190
2510203123,2026-08-17 01:00:00,234.430,234.630,235.650,0.020,0.010,0.000,0.007,0.004,0.003,0.000,0.000,0.001,0.000,0.000,0.960,50.220
2510203124,2026-08-17 01:00:00,234.410,235.100,234.010,0.060,0.070,0.080,0.041,0.012,0.013,0.016,0.022,0.006,0.007,0.007,0.871,50.220
2510203125,2026-08-17 01:00:00,235.770,235.760,236.670,0.080,0.100,0.130,0.039,0.004,0.009,0.025,-0.054,-0.017,-0.020,-0.016,0.585,50.180
2510203126,2026-08-17 01:00:00,233.190,232.660,233.640,0.040,0.020,0.000,0.012,0.008,0.004,0.000,-0.001,0.000,0.000,0.000,0.987,50.200
2510203127,2026-08-17 01:00:00,234.120,235.350,234.010,0.040,0.010,0.040,0.020,0.009,0.002,0.008,-0.006,0.000,0.000,-0.005,0.970,50.210
2510203128,2026-08-17 01:00:00,237.400,238.070,236.410,2.020,2.030,2.110,1.418,0.467,0.467,0.484,0.124,0.013,0.042,0.068,0.995,50.200
2510203133,2026-08-17 01:00:00,234.330,235.270,234.140,0.160,0.170,0.130,0.083,0.029,0.033,0.020,0.065,0.022,0.020,0.022,0.789,50.200
2510203134,2026-08-17 01:00:00,239.030,237.860,237.710,0.020,0.010,0.010,0.007,0.004,0.002,0.001,-0.002,-0.001,-0.001,0.000,0.980,50.190
2510224049,2026-08-17 01:00:00,232.280,233.060,232.820,3.150,12.460,7.750,4.650,0.530,2.530,1.580,-1.950,-0.450,-0.890,-0.600,0.922,50.150
2510224167,2026-08-17 01:00:00,232.860,232.270,233.270,5.310,4.510,4.850,2.560,1.040,0.730,0.780,-1.970,-0.580,-0.670,-0.710,0.791,50.160
2510317505,2026-08-17 01:00:00,232.770,232.380,233.230,10.840,3.680,4.510,3.450,2.180,0.590,0.670,-1.590,-0.430,-0.560,-0.590,0.907,50.150
2510317516,2026-08-17 01:00:00,233.110,232.530,233.430,0.000,0.000,0.000,0.000,0.000,0.000,0.000,0.000,0.000,0.000,0.000,1.000,50.150
2510317537,2026-08-17 01:00:00,237.470,237.310,238.360,2.380,2.650,2.510,1.990,0.670,0.670,0.640,-0.320,-0.110,-0.110,-0.110,0.987,50.160
2510389559,2026-08-17 01:00:00,236.470,235.300,235.320,0.000,0.000,0.000,0.000,0.000,0.000,0.000,0.000,0.000,0.000,0.000,1.000,50.180
2510389643,2026-08-17 01:00:00,236.510,235.270,235.280,5.440,9.470,4.010,4.280,1.180,2.170,0.920,-0.770,-0.160,-0.440,-0.160,0.983,50.150
2510389931,2026-08-17 01:00:00,236.010,234.920,235.070,5.730,3.180,12.350,4.810,1.270,0.690,2.840,-1.180,-0.420,-0.240,-0.510,0.970,50.160
2510633381,2026-08-17 01:00:00,238.730,237.640,237.600,0.040,0.080,0.010,0.027,0.008,0.017,0.002,-0.013,-0.005,-0.006,-0.001,0.881,50.210
2510633383,2026-08-17 01:00:00,233.770,233.940,235.030,0.110,0.080,0.090,0.019,0.006,0.002,0.010,-0.063,-0.024,-0.019,-0.019,0.296,50.200
2510633385,2026-08-17 01:00:00,236.710,235.580,235.580,0.160,0.360,0.320,0.195,0.037,0.084,0.074,-0.007,-0.008,-0.006,0.007,0.999,50.210
2510633386,2026-08-17 01:00:00,228.240,228.050,229.200,1.290,1.320,1.270,0.019,0.009,0.006,0.003,-0.812,-0.268,-0.270,-0.272,0.023,50.220
2510633387,2026-08-17 01:00:00,234.190,235.310,234.040,0.010,0.000,0.000,0.002,0.002,0.000,0.000,0.000,0.000,0.000,0.000,1.000,50.220
2510633389,2026-08-17 01:00:00,235.460,236.420,235.340,0.140,0.150,0.120,0.059,0.017,0.024,0.016,-0.078,-0.027,-0.026,-0.023,0.599,50.210
2510633390,2026-08-17 01:00:00,237.700,239.140,237.900,1.400,1.380,1.380,0.814,0.264,0.292,0.256,0.298,0.087,0.093,0.116,0.948,50.210
2510633391,2026-08-17 01:00:00,123.520,122.810,122.930,0.000,0.000,0.000,0.000,0.000,0.000,0.000,0.000,0.000,0.000,0.000,1.000,50.210
2510633393,2026-08-17 01:00:00,234.290,234.430,235.310,1.030,1.070,1.070,0.696,0.224,0.238,0.234,0.158,0.060,0.041,0.055,0.976,50.200
2510633395,2026-08-17 01:00:00,234.180,235.140,233.910,0.000,0.000,0.000,0.000,0.000,0.000,0.000,0.000,0.000,0.000,0.000,1.000,50.220
2510633396,2026-08-17 01:00:00,235.130,233.790,234.360,0.120,0.150,0.110,0.072,0.021,0.031,0.020,0.046,0.016,0.015,0.014,0.836,50.210
2510633397,2026-08-17 01:00:00,245.250,244.030,243.970,0.020,0.030,0.020,0.018,0.005,0.008,0.004,-0.004,-0.002,-0.001,0.000,0.951,50.210
2510633399,2026-08-17 01:00:00,232.850,232.290,233.300,0.230,0.260,0.320,0.187,0.053,0.060,0.073,0.005,0.002,0.002,0.001,1.000,50.200
2510633400,2026-08-17 01:00:00,232.200,233.200,232.650,0.200,0.250,0.220,0.146,0.043,0.054,0.046,0.047,0.014,0.016,0.016,0.950,50.210
2510633402,2026-08-17 01:00:00,233.310,233.390,235.120,0.370,0.400,0.400,0.192,0.059,0.066,0.065,0.070,0.022,0.023,0.024,0.963,50.210
2510633406,2026-08-17 01:00:00,233.040,232.410,233.470,0.090,0.080,0.080,0.043,0.017,0.012,0.013,-0.033,-0.009,-0.011,-0.012,0.787,50.180
2510633410,2026-08-17 01:00:00,233.110,232.500,233.510,0.030,0.010,0.010,0.010,0.006,0.003,0.001,-0.005,-0.003,-0.001,-0.001,0.850,50.180
2510633411,2026-08-17 01:00:00,231.780,231.240,230.600,1.480,1.400,1.470,0.941,0.322,0.302,0.314,0.314,0.101,0.101,0.110,0.948,50.210
2510814977,2026-08-17 01:00:00,233.730,235.240,233.480,0.020,0.010,0.010,0.006,0.003,0.000,0.002,-0.002,0.000,-0.001,-0.001,0.917,50.170
2610026950,2026-08-17 01:00:00,233.410,232.830,232.370,0.000,0.000,0.010,0.003,0.000,0.000,0.001,0.000,0.000,0.000,0.000,1.000,50.180
2610026952,2026-08-17 01:00:00,235.350,234.000,234.200,0.010,0.030,0.010,0.009,0.001,0.005,0.002,-0.002,0.000,0.000,-0.001,0.945,50.170
2610026953,2026-08-17 01:00:00,236.620,235.430,235.480,0.110,0.100,0.100,0.071,0.025,0.022,0.023,0.008,0.001,0.004,0.002,0.992,50.200
2610026963,2026-08-17 01:00:00,234.440,234.470,235.530,0.190,0.120,0.100,0.081,0.039,0.023,0.018,-0.045,-0.018,-0.012,-0.014,0.876,50.210
2610026966,2026-08-17 01:00:00,232.210,232.050,232.020,0.040,0.050,0.070,0.032,0.008,0.009,0.014,0.017,0.003,0.004,0.008,0.885,50.220
2610026976,2026-08-17 01:00:00,233.950,234.310,235.510,0.320,0.160,0.090,0.130,0.073,0.037,0.019,0.000,0.006,-0.002,-0.005,0.996,50.210
2610026977,2026-08-17 01:00:00,243.480,243.120,243.270,0.070,0.390,0.490,0.225,0.017,0.092,0.116,-0.047,-0.004,-0.018,-0.023,0.977,50.200
2610126270,2026-08-17 01:00:00,232.430,233.270,232.960,0.020,0.010,0.010,0.008,0.003,0.002,0.002,-0.004,-0.001,0.000,-0.001,0.840,50.160
2610126451,2026-08-17 01:00:00,234.350,235.310,234.100,0.010,0.010,0.070,0.021,0.002,0.001,0.017,0.001,0.000,0.000,0.001,1.000,50.190
2610159557,2026-08-17 01:00:00,238.940,237.890,237.730,0.010,0.000,0.020,0.004,0.000,0.000,0.003,-0.004,-0.002,0.000,-0.001,0.720,50.190
2610170786,2026-08-17 01:00:00,237.840,237.720,238.980,0.050,0.050,0.050,0.033,0.010,0.011,0.011,-0.004,0.000,-0.001,-0.001,0.985,50.150
2610170836,2026-08-17 01:00:00,234.330,235.280,234.030,0.010,0.000,0.000,0.000,0.000,0.000,0.000,0.000,-0.001,0.000,0.000,0.735,50.170
2610170837,2026-08-17 01:00:00,235.260,233.340,233.670,0.000,0.000,0.010,0.002,0.000,0.000,0.002,0.000,0.000,0.000,0.000,0.991,50.160
2610170838,2026-08-17 01:00:00,238.520,237.320,237.370,0.020,0.020,0.030,0.016,0.005,0.005,0.006,0.000,0.000,0.000,0.000,0.998,50.160
2610170840,2026-08-17 01:00:00,236.090,234.820,235.040,0.150,0.080,0.310,0.121,0.032,0.017,0.071,-0.030,-0.010,-0.006,-0.013,0.972,50.160
2610322967,2026-08-17 01:00:00,239.180,237.960,237.660,0.000,0.000,0.010,0.002,0.000,0.000,0.002,0.000,0.000,0.000,0.000,0.879,50.190
2610322997,2026-08-17 01:00:00,233.610,235.170,233.380,0.090,0.150,0.110,0.062,0.014,0.030,0.017,0.050,0.015,0.017,0.017,0.782,50.170
2610323001,2026-08-17 01:00:00,235.080,233.320,233.380,0.430,0.260,0.310,0.231,0.092,0.058,0.070,0.035,0.012,0.010,0.012,0.985,50.160
2610323004,2026-08-17 01:00:00,64.800,64.230,64.770,0.080,0.060,0.080,0.014,0.005,0.003,0.005,-0.003,0.000,0.000,-0.001,0.949,50.160
2610323005,2026-08-17 01:00:00,232.490,233.330,232.920,0.000,0.000,0.000,0.001,0.000,0.001,0.000,0.000,0.000,0.000,0.000,0.937,50.170
2610323016,2026-08-17 01:00:00,234.970,233.130,233.460,0.250,0.260,0.210,0.158,0.055,0.056,0.046,0.056,0.017,0.021,0.017,0.940,50.160
2610323019,2026-08-17 01:00:00,232.230,233.450,233.030,0.020,0.020,0.030,0.015,0.004,0.004,0.006,-0.004,-0.001,-0.001,-0.001,0.974,50.160
2610323024,2026-08-17 01:00:00,233.550,234.180,235.360,0.090,0.370,0.190,0.150,0.020,0.086,0.044,0.001,0.000,-0.002,0.003,0.997,50.160
2510203130,2026-08-17 01:01:00,245.790,245.960,247.720,0.000,0.010,0.010,0.003,0.000,0.001,0.001,0.000,0.000,0.000,0.000,1.000,50.150
2610322969,2026-08-17 01:01:00,233.530,233.040,232.570,0.020,0.010,0.010,0.007,0.003,0.001,0.001,-0.003,-0.001,0.000,0.000,0.891,50.170
2246006313,2026-08-17 01:30:00,58.700,58.500,58.400,0.660,0.675,0.642,0.112,0.037,0.038,0.036,0.001,0.001,0.000,0.000,0.999,50.180
2410121326,2026-08-17 01:30:00,235.490,234.390,234.660,0.080,0.070,0.100,0.054,0.017,0.016,0.021,0.016,0.004,0.002,0.009,0.950,50.160
2410121353,2026-08-17 01:30:00,235.160,234.030,234.570,0.000,0.010,0.060,0.016,0.000,0.002,0.013,-0.001,0.000,0.000,0.000,1.000,50.150
2410121371,2026-08-17 01:30:00,235.540,234.310,234.580,0.040,0.010,0.060,0.023,0.008,0.000,0.014,-0.002,0.000,-0.001,-0.001,1.000,50.150
2410121424,2026-08-17 01:30:00,235.250,234.170,234.470,0.010,0.010,0.010,0.004,0.000,0.001,0.002,-0.003,-0.001,-0.001,0.000,0.779,50.130
2410121454,2026-08-17 01:30:00,234.380,235.380,234.150,0.080,0.180,0.140,0.092,0.017,0.043,0.031,0.020,0.006,0.005,0.007,0.972,50.130
2410121457,2026-08-17 01:30:00,234.950,233.670,234.060,0.330,0.410,0.360,0.173,0.046,0.065,0.059,0.178,0.057,0.065,0.054,0.692,50.140
2410121574,2026-08-17 01:30:00,235.480,234.090,234.290,0.160,0.150,0.130,0.095,0.035,0.031,0.028,-0.042,-0.012,-0.017,-0.012,0.916,50.150
2410131378,2026-08-17 01:30:00,234.630,235.470,234.420,0.010,0.010,0.030,0.010,0.001,0.001,0.006,-0.003,-0.001,-0.001,0.000,0.943,50.150
2410131383,2026-08-17 01:30:00,236.430,237.360,236.440,0.040,0.020,0.070,0.030,0.009,0.005,0.015,-0.006,-0.001,-0.001,-0.003,0.973,50.150
2410131384,2026-08-17 01:30:00,238.610,239.750,238.840,0.060,0.070,0.100,0.055,0.014,0.017,0.023,-0.005,0.000,-0.003,-0.002,0.991,50.160
2410131387,2026-08-17 01:30:00,236.860,237.060,238.040,0.030,0.030,0.030,0.019,0.006,0.006,0.006,-0.004,0.000,-0.001,-0.001,0.959,50.100
2410320615,2026-08-17 01:30:00,236.310,236.150,237.730,0.190,0.240,0.150,0.131,0.045,0.049,0.035,0.015,0.004,0.005,0.005,0.993,50.160
2410883988,2026-08-17 01:30:00,233.460,234.310,233.940,0.020,0.000,0.040,0.012,0.004,0.000,0.008,-0.001,0.000,0.000,0.000,0.988,50.190
2410883990,2026-08-17 01:30:00,234.210,233.680,233.280,0.080,0.000,0.080,0.036,0.018,0.000,0.017,0.004,0.002,0.000,0.002,1.000,50.180
2410883991,2026-08-17 01:30:00,237.920,237.920,239.090,0.170,0.060,0.090,0.076,0.039,0.014,0.022,0.003,0.003,-0.001,0.000,1.000,50.130
2410883993,2026-08-17 01:30:00,239.070,238.110,238.110,0.690,0.940,0.730,0.551,0.163,0.219,0.171,-0.078,-0.019,-0.035,-0.023,0.989,50.170
2410883994,2026-08-17 01:30:00,239.430,238.330,238.450,0.010,0.040,0.020,0.015,0.001,0.010,0.004,-0.001,0.000,0.000,0.000,0.975,50.130
2410932742,2026-08-17 01:30:00,232.940,231.160,231.240,3.210,3.140,3.290,2.052,0.688,0.665,0.699,0.646,0.219,0.205,0.222,0.953,50.190
2411087432,2026-08-17 01:30:00,234.750,235.690,234.540,0.170,0.130,0.210,0.118,0.039,0.030,0.048,-0.003,0.004,-0.004,-0.003,0.998,50.190
2411087433,2026-08-17 01:30:00,238.610,238.580,239.600,0.290,0.270,0.290,0.198,0.066,0.064,0.067,0.049,0.020,0.012,0.016,0.972,50.170
2411290205,2026-08-17 01:30:00,236.390,235.140,235.060,0.140,0.110,0.130,0.088,0.032,0.026,0.029,0.006,0.002,0.002,0.001,1.000,50.130
2510014481,2026-08-17 01:30:00,232.420,232.610,234.050,1.920,1.800,2.020,1.009,0.313,0.303,0.369,0.470,0.161,0.156,0.152,0.906,50.170
2510014482,2026-08-17 01:30:00,234.740,235.550,234.420,0.010,0.040,0.000,0.012,0.002,0.009,0.000,-0.001,-0.002,0.000,0.000,1.000,50.190
2510014483,2026-08-17 01:30:00,238.480,238.370,239.410,0.040,0.030,0.050,0.022,0.008,0.005,0.008,-0.019,-0.005,-0.005,-0.008,0.763,50.170
2510014484,2026-08-17 01:30:00,237.110,235.970,236.090,0.100,0.390,0.080,0.134,0.023,0.091,0.019,-0.009,-0.001,-0.005,-0.002,0.997,50.180
2510203103,2026-08-17 01:30:00,230.050,228.240,228.440,0.090,0.130,0.090,0.068,0.020,0.028,0.019,-0.017,-0.006,-0.005,-0.005,0.966,50.160
2510203104,2026-08-17 01:30:00,232.640,232.390,233.510,0.360,0.360,0.270,0.229,0.082,0.083,0.063,0.018,0.000,0.008,0.009,0.998,50.160
2510203105,2026-08-17 01:30:00,236.160,234.250,234.680,0.010,0.120,0.010,0.032,0.002,0.027,0.002,0.005,0.000,0.005,0.000,0.985,50.170
2510203106,2026-08-17 01:30:00,237.100,236.030,236.000,0.030,0.040,0.050,0.025,0.006,0.008,0.010,-0.006,-0.003,-0.001,-0.002,0.985,50.150
2510203107,2026-08-17 01:30:00,225.780,224.770,224.650,0.130,0.130,0.120,0.049,0.014,0.020,0.014,-0.068,-0.024,-0.021,-0.021,0.589,50.170
2510203108,2026-08-17 01:30:00,234.640,235.270,234.260,0.430,0.750,0.960,0.482,0.100,0.166,0.215,0.040,0.011,0.025,0.002,0.997,50.160
2510203109,2026-08-17 01:30:00,238.430,239.540,238.530,0.150,0.090,0.090,0.073,0.032,0.020,0.020,0.015,0.013,0.004,-0.001,0.980,50.180
2510203111,2026-08-17 01:30:00,234.770,235.090,235.970,0.020,0.020,0.000,0.008,0.004,0.003,0.000,-0.001,-0.001,0.000,0.000,1.000,50.180
2510203113,2026-08-17 01:30:00,236.260,237.350,236.430,0.170,0.240,0.260,0.150,0.038,0.052,0.059,-0.051,-0.012,-0.021,-0.016,0.944,50.180
2510203114,2026-08-17 01:30:00,232.720,232.680,233.760,0.060,0.030,0.020,0.023,0.013,0.008,0.001,-0.016,-0.005,-0.006,-0.004,0.789,50.180
2510203117,2026-08-17 01:30:00,233.900,233.510,232.910,0.220,0.220,0.110,0.123,0.048,0.049,0.025,-0.034,-0.013,-0.015,-0.006,0.961,50.170
2510203118,2026-08-17 01:30:00,126.170,126.030,126.670,0.210,0.200,0.210,0.004,0.002,0.001,0.001,-0.079,-0.026,-0.025,-0.027,0.056,50.170
2510203120,2026-08-17 01:30:00,238.910,237.860,237.860,0.740,0.570,0.540,0.408,0.164,0.122,0.121,0.148,0.056,0.052,0.039,0.940,50.170
2510203121,2026-08-17 01:30:00,233.760,233.320,234.220,0.130,0.050,0.130,0.068,0.029,0.009,0.029,-0.026,-0.006,-0.008,-0.010,0.939,50.180
2510203122,2026-08-17 01:30:00,234.830,235.740,234.580,0.090,0.020,0.010,0.017,0.012,0.003,0.001,0.014,0.017,-0.001,-0.001,0.781,50.180
2510203123,2026-08-17 01:30:00,234.480,234.720,235.650,0.010,0.010,0.000,0.005,0.002,0.003,0.000,-0.003,-0.001,-0.001,0.000,0.816,50.160
2510203124,2026-08-17 01:30:00,235.130,235.660,234.550,0.060,0.060,0.080,0.041,0.012,0.013,0.016,0.022,0.007,0.007,0.007,0.871,50.190
2510203125,2026-08-17 01:30:00,236.350,236.300,237.320,0.080,0.100,0.130,0.039,0.004,0.009,0.025,-0.054,-0.017,-0.020,-0.016,0.583,50.170
2510203126,2026-08-17 01:30:00,233.710,233.250,234.170,0.040,0.020,0.000,0.012,0.008,0.004,0.000,-0.001,0.000,0.000,0.000,0.976,50.170
2510203127,2026-08-17 01:30:00,234.710,235.620,234.520,0.040,0.020,0.040,0.022,0.009,0.004,0.008,-0.003,0.000,0.002,-0.005,0.980,50.170
2510203128,2026-08-17 01:30:00,237.790,238.420,236.760,2.010,2.010,2.120,1.421,0.469,0.464,0.487,0.123,0.015,0.041,0.067,0.995,50.170
2510203130,2026-08-17 01:30:00,246.770,246.880,248.580,0.000,0.010,0.010,0.003,0.000,0.001,0.001,0.000,0.000,0.000,0.000,1.000,50.180
2510203133,2026-08-17 01:30:00,234.120,234.920,233.910,0.040,0.020,0.000,0.013,0.008,0.004,0.000,-0.001,0.000,-0.002,0.000,0.987,50.130
2510203134,2026-08-17 01:30:00,239.610,238.510,238.350,0.020,0.010,0.010,0.007,0.004,0.002,0.001,-0.002,-0.001,-0.001,0.000,0.981,50.180
2510224049,2026-08-17 01:30:00,233.110,233.940,233.650,3.150,12.670,7.740,4.690,0.530,2.570,1.580,-1.980,-0.450,-0.910,-0.610,0.921,50.190
2510224167,2026-08-17 01:30:00,233.490,232.880,233.940,5.310,4.510,4.850,2.560,1.040,0.730,0.780,-1.980,-0.580,-0.680,-0.710,0.789,50.180
2510317505,2026-08-17 01:30:00,233.610,233.230,234.090,10.830,3.680,4.500,3.450,2.190,0.590,0.670,-1.610,-0.440,-0.570,-0.590,0.906,50.190
2510317516,2026-08-17 01:30:00,233.730,233.160,234.130,0.000,0.000,0.000,0.000,0.000,0.000,0.000,0.000,0.000,0.000,0.000,1.000,50.180
2510317537,2026-08-17 01:30:00,238.300,238.020,239.030,2.330,2.240,2.330,1.600,0.530,0.520,0.530,-0.240,-0.070,-0.080,-0.080,0.981,50.180
2510389559,2026-08-17 01:30:00,237.750,236.530,236.480,0.000,0.000,0.000,0.000,0.000,0.000,0.000,0.000,0.000,0.000,0.000,1.000,50.180
2510389643,2026-08-17 01:30:00,237.560,236.240,236.200,5.410,9.420,3.960,4.260,1.180,2.170,0.910,-0.780,-0.160,-0.450,-0.160,0.983,50.190
2510633381,2026-08-17 01:30:00,239.560,238.510,238.480,0.040,0.070,0.010,0.027,0.008,0.016,0.002,-0.013,-0.005,-0.006,-0.001,0.879,50.180
2510633385,2026-08-17 01:30:00,237.270,236.060,235.980,0.110,0.350,0.320,0.182,0.025,0.083,0.073,-0.005,-0.006,-0.006,0.007,0.997,50.130
2510633386,2026-08-17 01:30:00,228.370,228.220,229.370,1.250,1.270,1.240,0.017,0.007,0.005,0.003,-0.811,-0.269,-0.270,-0.272,0.021,50.130
2510633387,2026-08-17 01:30:00,234.440,235.360,234.300,0.010,0.020,0.000,0.004,0.002,0.002,0.000,0.002,0.000,0.002,0.000,0.785,50.140
2510633389,2026-08-17 01:30:00,236.280,237.320,236.190,0.140,0.160,0.140,0.053,0.013,0.021,0.018,-0.086,-0.030,-0.029,-0.026,0.522,50.130
2510633390,2026-08-17 01:30:00,238.450,239.720,238.480,1.510,1.650,1.520,1.006,0.305,0.382,0.318,0.300,0.076,0.089,0.134,0.956,50.130
2510633391,2026-08-17 01:30:00,123.630,123.010,123.140,0.000,0.000,0.000,0.000,0.000,0.000,0.000,0.000,0.000,0.000,0.000,1.000,50.150
2510633393,2026-08-17 01:30:00,234.890,234.980,235.980,1.040,1.080,1.080,0.713,0.229,0.242,0.241,0.165,0.061,0.044,0.059,0.974,50.130
2510633395,2026-08-17 01:30:00,234.830,235.650,234.570,0.000,0.000,0.000,0.000,0.000,0.000,0.000,0.000,0.000,0.000,0.000,1.000,50.180
2510633396,2026-08-17 01:30:00,235.680,234.520,235.140,0.110,0.150,0.110,0.073,0.021,0.031,0.020,0.047,0.016,0.016,0.015,0.840,50.180
2510633397,2026-08-17 01:30:00,245.880,244.690,244.660,0.010,0.030,0.020,0.015,0.002,0.008,0.004,-0.003,-0.002,-0.001,0.000,0.955,50.140
2510633399,2026-08-17 01:30:00,233.470,232.950,233.940,0.230,0.290,0.310,0.192,0.052,0.066,0.072,0.005,0.002,0.002,0.001,0.997,50.180
2510633400,2026-08-17 01:30:00,232.360,233.310,232.840,0.220,0.260,0.230,0.160,0.048,0.059,0.049,0.047,0.014,0.016,0.015,0.959,50.150
2510633402,2026-08-17 01:30:00,233.670,233.680,235.370,0.370,0.390,0.390,0.243,0.077,0.070,0.072,0.048,0.015,0.015,0.017,0.982,50.130
2510633406,2026-08-17 01:30:00,233.860,233.260,234.310,0.090,0.080,0.080,0.043,0.017,0.012,0.013,-0.034,-0.010,-0.011,-0.012,0.788,50.170
2510633410,2026-08-17 01:30:00,233.940,233.340,234.330,0.030,0.010,0.010,0.011,0.007,0.003,0.001,-0.005,-0.003,-0.001,-0.001,0.858,50.170
2510633411,2026-08-17 01:30:00,231.810,231.270,230.710,1.550,1.450,1.530,0.980,0.339,0.314,0.327,0.338,0.109,0.109,0.120,0.944,50.150
2510814977,2026-08-17 01:30:00,234.270,235.750,234.080,0.020,0.010,0.010,0.006,0.003,0.000,0.002,-0.002,0.000,-0.001,-0.001,0.925,50.180
2610026950,2026-08-17 01:30:00,234.200,233.660,233.230,0.010,0.000,0.010,0.003,0.001,0.000,0.001,0.000,0.000,0.000,0.000,0.947,50.170
2610026952,2026-08-17 01:30:00,235.820,234.590,234.880,0.010,0.020,0.010,0.008,0.001,0.005,0.002,-0.003,0.000,-0.001,-0.001,0.946,50.180
2610026953,2026-08-17 01:30:00,237.240,235.980,235.980,0.110,0.100,0.100,0.072,0.025,0.022,0.024,0.008,0.001,0.004,0.002,0.999,50.170
2610026963,2026-08-17 01:30:00,235.050,235.110,236.110,0.200,0.110,0.090,0.082,0.043,0.021,0.017,-0.042,-0.016,-0.012,-0.013,0.885,50.190
2610026966,2026-08-17 01:30:00,233.020,232.890,232.830,0.060,0.050,0.090,0.039,0.013,0.009,0.016,0.018,0.004,0.004,0.008,0.918,50.180
2610026976,2026-08-17 01:30:00,234.640,234.930,235.970,0.250,0.160,0.080,0.114,0.058,0.037,0.018,0.000,0.005,-0.001,-0.004,0.997,50.190
2610026977,2026-08-17 01:30:00,244.530,244.220,244.190,0.070,0.390,0.490,0.225,0.017,0.092,0.116,-0.047,-0.004,-0.019,-0.023,0.976,50.160
2610126270,2026-08-17 01:30:00,233.150,234.030,233.670,0.020,0.010,0.010,0.008,0.003,0.002,0.002,-0.004,-0.001,-0.001,-0.001,0.834,50.180
2610126451,2026-08-17 01:30:00,234.950,235.740,234.640,0.010,0.010,0.050,0.016,0.002,0.001,0.012,0.000,0.000,0.000,0.001,1.000,50.160
2610159557,2026-08-17 01:30:00,239.580,238.600,238.460,0.010,0.000,0.020,0.004,0.000,0.000,0.003,-0.004,-0.002,0.000,-0.001,0.717,50.170
2610170786,2026-08-17 01:30:00,238.750,238.670,239.850,0.050,0.050,0.050,0.035,0.011,0.012,0.011,-0.003,0.000,-0.001,-0.001,0.994,50.180
2610170837,2026-08-17 01:30:00,235.720,233.890,234.130,0.000,0.000,0.010,0.002,0.000,0.000,0.002,0.000,0.000,0.000,0.000,0.997,50.180
2610170838,2026-08-17 01:30:00,239.280,238.130,238.180,0.020,0.020,0.000,0.010,0.005,0.005,0.000,0.000,0.000,0.000,0.000,0.970,50.190
2610170840,2026-08-17 01:30:00,236.990,235.570,235.950,0.080,0.450,0.180,0.166,0.019,0.105,0.042,-0.018,-0.002,-0.010,-0.005,0.993,50.180
2610322967,2026-08-17 01:30:00,239.760,238.590,238.350,0.000,0.000,0.010,0.002,0.000,0.000,0.002,0.000,0.000,0.000,0.000,0.875,50.170
2610322969,2026-08-17 01:30:00,234.190,233.750,233.240,0.020,0.000,0.010,0.008,0.003,0.000,0.003,-0.001,-0.001,0.000,0.000,1.000,50.170
2610322997,2026-08-17 01:30:00,234.170,235.700,233.980,0.090,0.140,0.120,0.062,0.016,0.028,0.017,0.051,0.015,0.018,0.017,0.767,50.170
2610323001,2026-08-17 01:30:00,235.550,233.860,233.930,0.420,0.260,0.300,0.220,0.092,0.059,0.069,0.037,0.015,0.010,0.011,0.985,50.170
2610323004,2026-08-17 01:30:00,64.940,64.380,64.900,0.090,0.070,0.090,0.015,0.005,0.004,0.005,-0.002,0.000,0.000,-0.001,0.967,50.170
2610323005,2026-08-17 01:30:00,233.200,234.010,233.590,0.000,0.020,0.000,0.005,0.000,0.004,0.000,0.002,0.000,0.002,0.000,0.923,50.170
2610323016,2026-08-17 01:30:00,235.550,233.790,234.060,0.250,0.260,0.210,0.158,0.055,0.056,0.046,0.056,0.017,0.021,0.017,0.943,50.180
2610323019,2026-08-17 01:30:00,233.060,234.270,233.730,0.020,0.020,0.030,0.015,0.004,0.005,0.005,-0.005,-0.001,-0.001,-0.002,0.929,50.170
2610323024,2026-08-17 01:30:00,234.200,234.790,235.920,0.090,0.290,0.190,0.130,0.019,0.067,0.043,0.000,0.000,-0.003,0.003,0.999,50.170
2410121440,2026-08-17 01:31:00,234.890,233.760,233.980,0.010,0.000,0.010,0.004,0.002,0.000,0.001,-0.002,-0.001,0.000,0.000,0.894,50.120
2510178139,2026-08-17 01:31:00,233.930,234.830,233.490,0.340,0.350,0.370,0.250,0.077,0.084,0.088,0.112,0.036,0.035,0.040,0.888,50.100
2510178141,2026-08-17 01:31:00,234.400,234.580,235.400,0.020,0.010,0.020,0.005,0.002,0.000,0.002,-0.009,-0.004,-0.001,-0.002,0.544,50.150
2510203115,2026-08-17 01:31:00,235.520,235.870,236.860,0.000,0.000,0.000,0.000,0.000,0.000,0.000,0.000,0.000,0.000,0.000,1.000,50.140
2510203119,2026-08-17 01:31:00,233.770,233.240,232.760,0.000,0.000,0.000,0.000,0.000,0.000,0.000,0.000,0.000,0.000,0.000,1.000,50.130
2510389931,2026-08-17 01:31:00,236.870,235.400,235.820,3.110,17.850,7.150,6.570,0.720,4.170,1.670,-0.720,-0.100,-0.400,-0.210,0.994,50.120
2610170836,2026-08-17 01:31:00,234.340,235.230,234.100,0.010,0.000,0.000,0.000,0.000,0.000,0.000,0.000,-0.001,0.000,0.000,0.719,50.120
2510633383,2026-08-17 01:32:00,233.670,233.840,234.780,0.110,0.080,0.090,0.018,0.006,0.002,0.009,-0.063,-0.024,-0.019,-0.018,0.281,50.130
2246006313,2026-08-17 02:00:00,58.900,58.700,58.700,0.658,0.668,0.638,0.115,0.038,0.038,0.036,0.002,0.001,0.000,0.000,0.999,50.190
2410121326,2026-08-17 02:00:00,236.770,235.660,235.960,0.050,0.050,0.070,0.039,0.011,0.012,0.016,0.002,0.000,-0.001,0.004,0.995,50.190
2410121353,2026-08-17 02:00:00,237.300,236.140,236.650,0.000,0.010,0.040,0.012,0.000,0.002,0.009,-0.001,0.000,0.000,0.000,0.951,50.210
2410121371,2026-08-17 02:00:00,237.440,236.200,236.440,0.030,0.010,0.060,0.022,0.007,0.000,0.013,-0.003,0.000,-0.001,-0.001,1.000,50.230
2410121424,2026-08-17 02:00:00,237.010,235.910,236.150,0.010,0.010,0.010,0.004,0.000,0.001,0.002,-0.003,-0.001,-0.001,0.000,0.787,50.180
2410121440,2026-08-17 02:00:00,236.950,235.710,235.940,0.010,0.000,0.010,0.004,0.002,0.000,0.001,-0.002,-0.001,0.000,0.000,0.915,50.220
2410121454,2026-08-17 02:00:00,236.230,237.160,235.950,0.070,0.180,0.140,0.089,0.015,0.043,0.030,0.019,0.005,0.005,0.007,0.978,50.190
2410121457,2026-08-17 02:00:00,236.510,235.280,235.610,0.330,0.370,0.350,0.173,0.053,0.060,0.060,0.175,0.058,0.061,0.055,0.704,50.210
2410121574,2026-08-17 02:00:00,237.620,236.300,236.480,0.160,0.140,0.130,0.092,0.037,0.027,0.028,-0.041,-0.011,-0.017,-0.012,0.906,50.210
2410131378,2026-08-17 02:00:00,236.350,237.250,236.070,0.010,0.010,0.030,0.010,0.001,0.001,0.006,-0.003,-0.001,-0.001,0.000,0.943,50.230
2410131383,2026-08-17 02:00:00,237.270,238.120,237.260,0.040,0.030,0.060,0.029,0.009,0.006,0.014,-0.006,-0.001,-0.001,-0.002,0.994,50.190
2410131384,2026-08-17 02:00:00,239.370,240.500,239.540,0.050,0.070,0.100,0.051,0.011,0.015,0.024,-0.008,-0.001,-0.005,-0.001,0.996,50.180
2410131387,2026-08-17 02:00:00,237.790,238.050,238.950,0.060,0.060,0.060,0.031,0.010,0.010,0.010,-0.003,0.000,-0.001,-0.001,1.000,50.220
2410320615,2026-08-17 02:00:00,237.050,237.040,238.310,0.220,0.230,0.200,0.159,0.053,0.053,0.048,0.029,0.010,0.008,0.009,0.974,50.180
2410883988,2026-08-17 02:00:00,234.730,235.460,235.070,0.020,0.000,0.040,0.012,0.004,0.000,0.008,-0.001,0.000,0.000,0.000,0.992,50.230
2410883990,2026-08-17 02:00:00,234.760,234.270,233.980,0.080,0.000,0.070,0.035,0.018,0.000,0.017,0.004,0.002,0.000,0.002,0.988,50.160
2410883991,2026-08-17 02:00:00,238.910,238.920,240.040,0.160,0.140,0.120,0.100,0.038,0.033,0.028,0.003,0.004,0.000,0.000,1.000,50.190
2410883993,2026-08-17 02:00:00,239.950,239.010,239.010,0.700,0.850,0.730,0.526,0.163,0.195,0.167,-0.081,-0.019,-0.036,-0.025,0.987,50.180
2410883994,2026-08-17 02:00:00,240.330,239.300,239.420,0.010,0.040,0.020,0.014,0.001,0.009,0.004,0.000,0.000,0.000,0.000,0.996,50.180
2410932742,2026-08-17 02:00:00,234.020,232.200,232.390,3.170,3.080,3.260,2.033,0.680,0.656,0.695,0.643,0.220,0.201,0.221,0.953,50.210
2411087432,2026-08-17 02:00:00,236.170,237.080,235.930,0.170,0.140,0.220,0.122,0.039,0.032,0.050,0.003,0.004,0.000,0.000,0.997,50.250
2411087433,2026-08-17 02:00:00,239.620,239.620,240.650,0.270,0.280,0.290,0.195,0.063,0.066,0.066,-0.034,-0.007,-0.015,-0.012,0.985,50.180
2411290205,2026-08-17 02:00:00,237.110,236.120,236.130,0.150,0.130,0.140,0.107,0.042,0.030,0.032,0.008,0.003,0.002,0.002,0.995,50.190
2510014481,2026-08-17 02:00:00,233.740,233.930,235.440,2.110,1.990,2.370,0.945,0.325,0.299,0.385,0.362,0.124,0.122,0.116,0.947,50.180
2510014482,2026-08-17 02:00:00,236.320,237.080,235.960,0.010,0.040,0.000,0.012,0.002,0.009,0.000,-0.001,-0.002,0.000,0.000,1.000,50.260
2510014483,2026-08-17 02:00:00,239.670,239.580,240.650,0.040,0.030,0.050,0.020,0.007,0.004,0.007,-0.020,-0.006,-0.005,-0.008,0.706,50.200
2510014484,2026-08-17 02:00:00,237.750,236.600,236.780,0.100,0.380,0.090,0.134,0.023,0.090,0.020,-0.009,-0.002,-0.004,-0.003,0.998,50.230
2510178139,2026-08-17 02:00:00,236.230,237.070,235.830,0.360,0.340,0.350,0.258,0.088,0.082,0.087,0.112,0.041,0.038,0.032,0.892,50.250
2510178141,2026-08-17 02:00:00,235.580,235.840,236.600,0.020,0.010,0.020,0.007,0.002,0.000,0.004,-0.009,-0.004,-0.001,-0.002,0.614,50.190
2510203103,2026-08-17 02:00:00,231.090,229.190,229.480,0.080,0.120,0.080,0.061,0.016,0.026,0.018,-0.015,-0.005,-0.005,-0.004,0.961,50.180
2510203104,2026-08-17 02:00:00,233.470,233.280,234.350,0.270,0.300,0.210,0.179,0.062,0.069,0.047,0.020,0.001,0.009,0.009,0.992,50.190
2510203105,2026-08-17 02:00:00,237.330,235.450,235.950,0.010,0.100,0.010,0.027,0.002,0.022,0.002,0.005,0.000,0.005,0.000,0.987,50.230
2510203106,2026-08-17 02:00:00,237.760,236.700,236.780,0.030,0.040,0.050,0.025,0.006,0.008,0.010,-0.006,-0.003,-0.001,-0.002,0.984,50.170
2510203107,2026-08-17 02:00:00,226.110,225.100,225.210,0.130,0.140,0.110,0.073,0.025,0.027,0.020,-0.045,-0.016,-0.014,-0.015,0.846,50.150
2510203108,2026-08-17 02:00:00,236.110,236.640,235.710,0.400,0.940,1.020,0.546,0.093,0.220,0.230,0.042,0.012,0.026,0.003,0.997,50.190
2510203109,2026-08-17 02:00:00,239.720,240.770,239.780,0.150,0.080,0.080,0.071,0.033,0.018,0.019,0.015,0.014,0.003,-0.001,0.979,50.250
2510203111,2026-08-17 02:00:00,235.590,235.890,236.850,0.020,0.020,0.000,0.008,0.004,0.003,0.000,-0.001,-0.001,0.000,0.000,1.000,50.170
2510203113,2026-08-17 02:00:00,237.300,238.290,237.460,0.200,0.260,0.280,0.164,0.044,0.057,0.063,-0.054,-0.013,-0.020,-0.019,0.951,50.260
2510203114,2026-08-17 02:00:00,233.960,233.940,234.940,0.060,0.030,0.020,0.019,0.013,0.004,0.001,-0.014,-0.003,-0.006,-0.004,0.798,50.260
2510203115,2026-08-17 02:00:00,236.680,237.050,237.980,0.000,0.000,0.000,0.000,0.000,0.000,0.000,0.000,0.000,0.000,0.000,1.000,50.180
2510203117,2026-08-17 02:00:00,234.870,234.460,234.060,0.210,0.220,0.110,0.120,0.045,0.049,0.025,-0.037,-0.015,-0.015,-0.006,0.959,50.200
2510203118,2026-08-17 02:00:00,126.730,126.610,127.240,0.210,0.210,0.210,0.004,0.002,0.001,0.000,-0.079,-0.026,-0.025,-0.027,0.055,50.190
2510203119,2026-08-17 02:00:00,234.970,234.540,234.160,0.000,0.000,0.000,0.000,0.000,0.000,0.000,0.000,0.000,0.000,0.000,1.000,50.170
2510203120,2026-08-17 02:00:00,239.990,238.980,239.040,0.630,0.430,0.430,0.339,0.142,0.098,0.098,0.104,0.043,0.033,0.027,0.955,50.200
2510203121,2026-08-17 02:00:00,234.710,234.470,235.260,0.130,0.060,0.120,0.066,0.029,0.009,0.026,-0.025,-0.005,-0.008,-0.011,0.939,50.240
2510203122,2026-08-17 02:00:00,236.150,237.140,235.950,0.080,0.020,0.010,0.017,0.010,0.005,0.001,0.015,0.014,0.002,-0.001,0.734,50.230
2510203123,2026-08-17 02:00:00,235.680,235.940,236.850,0.010,0.010,0.000,0.005,0.002,0.003,0.000,-0.003,-0.001,-0.001,0.000,0.820,50.180
2510203124,2026-08-17 02:00:00,236.670,237.140,236.030,0.060,0.070,0.080,0.043,0.012,0.014,0.017,0.023,0.007,0.008,0.008,0.877,50.260
2510203125,2026-08-17 02:00:00,237.360,237.350,238.300,0.080,0.100,0.120,0.036,0.004,0.009,0.022,-0.055,-0.017,-0.021,-0.016,0.562,50.180
2510203126,2026-08-17 02:00:00,234.740,234.310,235.200,0.040,0.020,0.000,0.012,0.008,0.004,0.000,-0.001,0.000,0.000,0.000,0.979,50.220
2510203127,2026-08-17 02:00:00,235.930,236.810,235.720,0.040,0.010,0.040,0.019,0.008,0.002,0.008,-0.006,0.000,0.000,-0.005,0.963,50.220
2510203128,2026-08-17 02:00:00,238.870,239.510,237.930,1.820,1.810,1.920,1.274,0.419,0.417,0.437,0.097,0.008,0.031,0.056,0.997,50.180
2510203130,2026-08-17 02:00:00,248.170,248.370,249.920,0.000,0.010,0.040,0.011,0.000,0.001,0.009,0.002,0.000,0.000,0.003,0.946,50.270
2510203133,2026-08-17 02:00:00,235.540,236.340,235.370,0.040,0.020,0.000,0.013,0.008,0.004,0.000,-0.001,0.000,-0.002,0.000,0.988,50.180
2510203134,2026-08-17 02:00:00,240.500,239.360,239.280,0.020,0.010,0.010,0.007,0.004,0.002,0.001,-0.001,0.000,-0.001,0.000,0.986,50.210
2510224049,2026-08-17 02:00:00,233.970,234.660,234.300,3.160,12.630,7.710,4.700,0.530,2.580,1.580,-1.990,-0.460,-0.920,-0.610,0.920,50.160
2510224167,2026-08-17 02:00:00,234.560,234.080,234.980,5.300,4.510,4.860,2.560,1.040,0.730,0.780,-2.000,-0.590,-0.680,-0.720,0.786,50.230
2510317505,2026-08-17 02:00:00,234.420,234.070,234.870,10.840,3.680,4.490,3.460,2.190,0.590,0.670,-1.620,-0.440,-0.570,-0.600,0.905,50.200
2510317516,2026-08-17 02:00:00,234.760,234.310,235.180,0.000,0.000,0.000,0.000,0.000,0.000,0.000,0.000,0.000,0.000,0.000,1.000,50.240
2510317537,2026-08-17 02:00:00,239.160,238.960,239.960,2.630,2.630,2.480,1.810,0.610,0.610,0.590,-0.310,-0.100,-0.110,-0.100,0.984,50.230
2510389559,2026-08-17 02:00:00,238.780,237.590,237.590,0.000,0.000,0.000,0.000,0.000,0.000,0.000,0.000,0.000,0.000,0.000,1.000,50.260
2510389643,2026-08-17 02:00:00,237.760,236.480,236.510,5.410,9.420,4.020,4.280,1.180,2.170,0.930,-0.780,-0.160,-0.450,-0.160,0.983,50.190
2510389931,2026-08-17 02:00:00,236.960,235.450,236.150,3.100,17.780,7.140,6.550,0.720,4.160,1.660,-0.720,-0.100,-0.400,-0.210,0.993,50.160
2510633381,2026-08-17 02:00:00,240.470,239.410,239.390,0.040,0.080,0.010,0.028,0.008,0.017,0.002,-0.012,-0.005,-0.006,-0.001,0.915,50.250
2510633383,2026-08-17 02:00:00,235.700,235.930,236.800,0.110,0.090,0.090,0.018,0.006,0.002,0.009,-0.064,-0.025,-0.019,-0.019,0.276,50.230
2510633385,2026-08-17 02:00:00,238.780,237.650,237.570,0.110,0.350,0.320,0.184,0.025,0.083,0.075,-0.001,-0.003,-0.006,0.008,1.000,50.210
2510633386,2026-08-17 02:00:00,229.660,229.500,230.580,1.280,1.300,1.260,0.019,0.009,0.006,0.003,-0.822,-0.272,-0.274,-0.275,0.023,50.210
2510633387,2026-08-17 02:00:00,236.120,237.070,235.910,0.010,0.020,0.000,0.004,0.002,0.002,0.000,0.002,0.000,0.002,0.000,0.828,50.210
2510633389,2026-08-17 02:00:00,237.510,238.520,237.400,0.150,0.160,0.130,0.054,0.016,0.022,0.015,-0.086,-0.030,-0.029,-0.026,0.530,50.200
2510633390,2026-08-17 02:00:00,239.490,240.760,239.610,1.570,1.690,1.600,0.836,0.266,0.309,0.270,0.292,0.084,0.084,0.122,0.945,50.200
2510633391,2026-08-17 02:00:00,124.330,123.720,123.870,0.000,0.000,0.000,0.000,0.000,0.000,0.000,0.000,0.000,0.000,0.000,1.000,50.190
2510633393,2026-08-17 02:00:00,236.170,236.300,237.220,1.020,1.050,1.060,0.721,0.231,0.243,0.246,0.175,0.065,0.047,0.062,0.970,50.210
2510633395,2026-08-17 02:00:00,236.460,237.240,236.080,0.000,0.000,0.000,0.000,0.000,0.000,0.000,0.000,0.000,0.000,0.000,1.000,50.260
2510633396,2026-08-17 02:00:00,236.940,235.810,236.420,0.120,0.150,0.110,0.073,0.021,0.031,0.020,0.047,0.016,0.016,0.015,0.837,50.250
2510633397,2026-08-17 02:00:00,246.820,245.640,245.820,0.010,0.030,0.020,0.015,0.002,0.008,0.004,-0.003,-0.002,-0.001,0.000,0.968,50.200
2510633399,2026-08-17 02:00:00,234.440,233.960,234.910,0.220,0.240,0.290,0.175,0.050,0.057,0.067,0.002,0.001,0.000,0.000,0.999,50.230
2510633400,2026-08-17 02:00:00,233.730,234.620,234.080,0.200,0.250,0.220,0.154,0.046,0.057,0.050,0.047,0.014,0.016,0.016,0.953,50.190
2510633402,2026-08-17 02:00:00,235.020,235.170,236.880,0.200,0.220,0.240,0.212,0.066,0.064,0.068,0.050,0.015,0.016,0.018,0.968,50.220
2510633406,2026-08-17 02:00:00,234.740,234.260,235.160,0.090,0.080,0.080,0.043,0.017,0.012,0.013,-0.034,-0.010,-0.012,-0.012,0.788,50.200
2510633410,2026-08-17 02:00:00,234.790,234.340,235.180,0.030,0.010,0.010,0.011,0.007,0.003,0.001,-0.003,-0.001,-0.001,-0.001,0.983,50.200
2510633411,2026-08-17 02:00:00,233.300,232.740,232.270,1.470,1.400,1.460,0.927,0.318,0.298,0.311,0.316,0.102,0.102,0.113,0.945,50.220
2510814977,2026-08-17 02:00:00,235.240,236.740,235.010,0.020,0.010,0.010,0.006,0.003,0.000,0.002,-0.002,0.000,-0.001,-0.001,0.928,50.180
2610026950,2026-08-17 02:00:00,235.000,234.430,234.260,0.000,0.000,0.010,0.003,0.000,0.000,0.001,0.000,0.000,0.000,0.000,1.000,50.180
2610026952,2026-08-17 02:00:00,236.980,235.740,236.040,0.010,0.020,0.010,0.008,0.001,0.005,0.002,-0.003,0.000,-0.001,-0.001,0.949,50.180
2610026953,2026-08-17 02:00:00,238.410,237.200,237.210,0.100,0.100,0.100,0.070,0.023,0.022,0.024,0.009,0.002,0.004,0.002,0.990,50.210
2610026963,2026-08-17 02:00:00,236.510,236.540,237.520,0.200,0.120,0.110,0.091,0.044,0.024,0.022,-0.043,-0.017,-0.012,-0.013,0.897,50.260
2610026966,2026-08-17 02:00:00,233.870,233.650,233.660,0.050,0.060,0.070,0.036,0.010,0.011,0.014,0.017,0.004,0.004,0.008,0.904,50.270
2610026976,2026-08-17 02:00:00,235.970,236.330,237.360,0.260,0.160,0.080,0.118,0.061,0.038,0.018,0.003,0.010,-0.001,-0.004,1.000,50.250
2610026977,2026-08-17 02:00:00,244.860,244.450,244.500,0.070,0.330,0.450,0.201,0.017,0.078,0.106,-0.046,-0.004,-0.018,-0.023,0.974,50.210
2610126270,2026-08-17 02:00:00,233.920,234.700,234.330,0.020,0.010,0.010,0.008,0.003,0.002,0.002,-0.005,-0.001,-0.001,-0.001,0.839,50.160
2610126451,2026-08-17 02:00:00,236.390,237.110,236.000,0.010,0.010,0.060,0.017,0.002,0.001,0.012,0.000,0.000,0.000,0.001,1.000,50.200
2610159557,2026-08-17 02:00:00,240.620,239.610,239.510,0.010,0.000,0.020,0.004,0.000,0.000,0.003,-0.004,-0.002,0.000,-0.001,0.724,50.190
2610170786,2026-08-17 02:00:00,239.490,239.320,240.520,0.040,0.050,0.040,0.032,0.010,0.011,0.010,-0.004,-0.001,-0.001,-0.001,1.000,50.200
2610170837,2026-08-17 02:00:00,236.460,234.570,234.840,0.000,0.000,0.010,0.002,0.000,0.000,0.002,0.000,0.000,0.000,0.000,0.988,50.150
2610170838,2026-08-17 02:00:00,240.180,239.010,239.130,0.020,0.020,0.010,0.014,0.005,0.005,0.003,0.001,0.000,0.000,0.000,0.964,50.230
2610170840,2026-08-17 02:00:00,236.980,235.560,236.010,0.080,0.450,0.180,0.166,0.019,0.104,0.041,-0.018,-0.002,-0.010,-0.005,0.995,50.180
2610322967,2026-08-17 02:00:00,240.800,239.700,239.470,0.000,0.000,0.010,0.002,0.000,0.000,0.002,0.000,0.000,0.000,0.000,1.000,50.190
2610322969,2026-08-17 02:00:00,235.140,234.640,234.230,0.020,0.010,0.010,0.007,0.003,0.001,0.001,-0.002,-0.001,0.000,0.000,0.885,50.190
2610322997,2026-08-17 02:00:00,235.050,236.620,234.870,0.100,0.140,0.100,0.062,0.016,0.028,0.017,0.049,0.014,0.017,0.016,0.785,50.160
2610323001,2026-08-17 02:00:00,236.320,234.650,234.810,0.520,0.310,0.260,0.241,0.110,0.070,0.060,0.039,0.015,0.013,0.010,0.986,50.150
2610323004,2026-08-17 02:00:00,65.190,64.630,65.150,0.080,0.060,0.080,0.014,0.005,0.003,0.005,-0.002,0.000,0.000,-0.001,1.000,50.160
2610323005,2026-08-17 02:00:00,234.180,234.940,234.460,0.000,0.000,0.000,0.001,0.000,0.001,0.000,0.000,0.000,0.000,0.000,0.946,50.150
2610323016,2026-08-17 02:00:00,236.210,234.410,234.630,0.250,0.260,0.210,0.161,0.057,0.057,0.046,0.056,0.017,0.021,0.017,0.943,50.170
2610323019,2026-08-17 02:00:00,233.790,234.880,234.370,0.020,0.020,0.030,0.015,0.004,0.005,0.006,-0.004,-0.001,-0.001,-0.001,0.950,50.170
2610323024,2026-08-17 02:00:00,234.760,235.360,236.520,0.090,0.290,0.190,0.132,0.019,0.069,0.043,0.000,0.000,-0.003,0.003,0.999,50.170
2610170836,2026-08-17 02:02:00,236.010,236.860,235.780,0.010,0.000,0.000,0.000,0.000,0.000,0.000,0.000,-0.001,0.000,0.000,0.740,50.220
2246006313,2026-08-17 02:30:00,58.400,58.300,58.200,0.723,0.739,0.703,0.117,0.039,0.041,0.039,0.002,0.001,0.000,0.000,0.999,50.210
2410121326,2026-08-17 02:30:00,237.530,236.490,236.590,0.070,0.070,0.110,0.055,0.016,0.015,0.023,0.017,0.003,0.002,0.011,0.957,50.220
2410121353,2026-08-17 02:30:00,237.450,236.490,236.700,0.000,0.010,0.040,0.012,0.000,0.002,0.009,-0.001,0.000,0.000,0.000,0.980,50.240
2410121371,2026-08-17 02:30:00,236.590,235.510,235.740,0.030,0.010,0.060,0.022,0.007,0.000,0.014,-0.003,0.000,-0.001,-0.001,0.982,50.210
2410121424,2026-08-17 02:30:00,237.240,236.310,236.500,0.010,0.010,0.010,0.004,0.000,0.001,0.002,-0.003,-0.001,-0.001,0.000,0.780,50.210
2410121440,2026-08-17 02:30:00,237.140,236.070,236.280,0.010,0.000,0.010,0.004,0.002,0.000,0.001,-0.002,-0.001,0.000,0.000,0.932,50.210
2410121454,2026-08-17 02:30:00,236.340,237.240,236.090,0.070,0.160,0.160,0.089,0.015,0.037,0.037,0.019,0.006,0.004,0.008,0.980,50.200
2410121457,2026-08-17 02:30:00,236.560,235.430,235.740,0.330,0.360,0.340,0.165,0.051,0.055,0.058,0.173,0.057,0.062,0.053,0.689,50.210
2410121574,2026-08-17 02:30:00,237.610,236.370,236.610,0.180,0.160,0.150,0.108,0.040,0.034,0.032,-0.040,-0.012,-0.015,-0.012,0.936,50.250
2410131378,2026-08-17 02:30:00,236.690,237.500,236.570,0.010,0.010,0.030,0.010,0.001,0.001,0.006,-0.003,-0.001,-0.001,0.000,0.926,50.230
2410131383,2026-08-17 02:30:00,237.320,238.100,237.160,0.040,0.030,0.060,0.029,0.009,0.006,0.013,-0.005,0.000,-0.001,-0.003,0.994,50.230
2410131384,2026-08-17 02:30:00,239.690,240.780,239.890,0.040,0.080,0.110,0.054,0.010,0.017,0.026,-0.004,0.000,-0.003,0.000,0.992,50.200
2410131387,2026-08-17 02:30:00,233.950,234.320,235.130,0.030,0.030,0.030,0.020,0.006,0.007,0.006,-0.004,0.000,-0.001,-0.001,0.970,50.200
2410320615,2026-08-17 02:30:00,236.350,236.450,238.030,0.200,0.210,0.170,0.151,0.049,0.055,0.042,0.021,0.007,0.006,0.007,0.993,50.220
2410883988,2026-08-17 02:30:00,232.130,232.960,232.470,0.020,0.000,0.040,0.012,0.004,0.000,0.008,-0.001,0.000,0.000,0.000,0.989,50.190
2410883990,2026-08-17 02:30:00,232.950,232.370,232.140,0.020,0.000,0.070,0.020,0.003,0.000,0.016,0.004,0.002,0.000,0.002,0.962,50.250
2410883991,2026-08-17 02:30:00,239.650,239.620,240.770,0.160,0.060,0.090,0.073,0.038,0.014,0.020,0.003,0.004,-0.001,0.000,0.994,50.240
2410883993,2026-08-17 02:30:00,240.300,239.440,239.390,0.690,0.880,0.720,0.536,0.163,0.204,0.169,-0.077,-0.019,-0.035,-0.022,0.989,50.240
2410883994,2026-08-17 02:30:00,240.330,239.290,239.350,0.010,0.040,0.020,0.014,0.001,0.009,0.004,0.000,0.000,0.000,0.000,0.992,50.210
2410932742,2026-08-17 02:30:00,234.990,233.380,233.480,3.090,3.020,3.170,1.974,0.660,0.640,0.673,0.624,0.212,0.196,0.215,0.953,50.210
2411087432,2026-08-17 02:30:00,236.220,237.130,236.060,0.160,0.130,0.210,0.116,0.037,0.029,0.049,-0.005,0.002,-0.004,-0.003,0.995,50.180
2411087433,2026-08-17 02:30:00,239.820,239.740,240.780,0.230,0.220,0.220,0.159,0.053,0.049,0.053,-0.014,0.000,-0.006,-0.008,0.975,50.230
2411290205,2026-08-17 02:30:00,237.930,236.830,236.870,0.150,0.120,0.130,0.090,0.034,0.027,0.029,0.006,0.003,0.001,0.001,0.999,50.250
2510014481,2026-08-17 02:30:00,234.240,234.620,236.070,1.870,1.430,1.540,1.099,0.402,0.293,0.327,0.375,0.127,0.127,0.120,0.944,50.230
2510014482,2026-08-17 02:30:00,236.380,237.160,236.110,0.010,0.040,0.000,0.012,0.002,0.009,0.000,-0.001,-0.002,0.000,0.000,1.000,50.200
2510014483,2026-08-17 02:30:00,239.940,239.810,240.860,0.040,0.030,0.050,0.019,0.007,0.004,0.007,-0.020,-0.006,-0.005,-0.008,0.689,50.260
2510014484,2026-08-17 02:30:00,237.740,236.540,236.880,0.100,0.370,0.090,0.130,0.023,0.087,0.020,-0.009,-0.001,-0.005,-0.002,0.999,50.210
2510178139,2026-08-17 02:30:00,235.900,236.700,235.470,0.580,0.610,0.590,0.455,0.152,0.148,0.170,0.159,0.054,0.055,0.049,0.937,50.200
2510178141,2026-08-17 02:30:00,236.170,236.370,237.190,0.020,0.010,0.020,0.006,0.002,0.000,0.002,-0.009,-0.004,-0.001,-0.002,0.555,50.220
2510203103,2026-08-17 02:30:00,231.630,229.860,230.120,0.060,0.110,0.080,0.055,0.012,0.025,0.017,-0.015,-0.005,-0.005,-0.004,0.961,50.220
2510203104,2026-08-17 02:30:00,233.850,233.600,234.660,0.200,0.240,0.140,0.134,0.045,0.056,0.031,0.010,-0.001,0.004,0.007,0.993,50.200
2510203105,2026-08-17 02:30:00,237.610,235.780,236.200,0.010,0.100,0.010,0.027,0.002,0.022,0.002,0.005,0.000,0.005,0.000,0.986,50.220
2510203106,2026-08-17 02:30:00,237.590,236.470,236.670,0.030,0.040,0.050,0.025,0.006,0.008,0.010,-0.006,-0.003,-0.001,-0.002,0.982,50.210
2510203107,2026-08-17 02:30:00,226.810,225.760,225.940,0.130,0.130,0.120,0.042,0.014,0.017,0.010,-0.073,-0.025,-0.023,-0.024,0.500,50.250
2510203108,2026-08-17 02:30:00,236.360,236.990,235.980,0.460,0.690,0.940,0.477,0.107,0.159,0.210,0.041,0.015,0.023,0.002,0.996,50.230
2510203109,2026-08-17 02:30:00,239.310,240.410,239.450,0.150,0.080,0.090,0.072,0.033,0.018,0.020,0.014,0.013,0.003,-0.001,0.985,50.200
2510203111,2026-08-17 02:30:00,236.230,236.530,237.340,0.010,0.020,0.000,0.006,0.002,0.003,0.000,-0.001,-0.001,0.000,0.000,0.969,50.200
2510203113,2026-08-17 02:30:00,236.590,237.540,236.590,0.170,0.240,0.230,0.143,0.038,0.052,0.051,-0.050,-0.013,-0.021,-0.016,0.942,50.190
2510203114,2026-08-17 02:30:00,233.670,233.570,234.600,0.060,0.040,0.020,0.018,0.013,0.003,0.001,-0.017,-0.005,-0.007,-0.004,0.733,50.190
2510203115,2026-08-17 02:30:00,236.120,236.660,237.510,0.000,0.000,0.000,0.000,0.000,0.000,0.000,0.000,0.000,0.000,0.000,1.000,50.240
2510203117,2026-08-17 02:30:00,233.130,232.450,232.060,0.210,0.220,0.110,0.121,0.046,0.049,0.025,-0.036,-0.015,-0.015,-0.006,0.955,50.250
2510203118,2026-08-17 02:30:00,126.730,126.570,127.200,0.210,0.210,0.220,0.004,0.002,0.001,0.001,-0.079,-0.026,-0.025,-0.027,0.056,50.230
2510203119,2026-08-17 02:30:00,232.870,232.220,231.880,0.000,0.000,0.000,0.000,0.000,0.000,0.000,0.000,0.000,0.000,0.000,1.000,50.210
2510203120,2026-08-17 02:30:00,240.230,239.290,239.220,0.590,0.400,0.390,0.307,0.131,0.087,0.087,0.116,0.045,0.037,0.032,0.936,50.230
2510203121,2026-08-17 02:30:00,232.270,231.950,232.770,0.130,0.060,0.130,0.067,0.028,0.009,0.029,-0.026,-0.006,-0.008,-0.010,0.939,50.220
2510203122,2026-08-17 02:30:00,236.290,237.260,236.180,0.170,0.020,0.010,0.031,0.026,0.003,0.001,0.025,0.028,-0.001,-0.001,0.778,50.190
2510203123,2026-08-17 02:30:00,236.260,236.470,237.320,0.010,0.010,0.000,0.005,0.002,0.003,0.000,-0.003,-0.001,0.000,0.000,0.829,50.200
2510203124,2026-08-17 02:30:00,236.470,236.970,235.930,0.070,0.070,0.080,0.045,0.012,0.014,0.018,0.023,0.007,0.007,0.008,0.897,50.190
2510203125,2026-08-17 02:30:00,236.760,236.910,237.660,0.080,0.100,0.130,0.039,0.004,0.009,0.025,-0.055,-0.017,-0.020,-0.016,0.579,50.240
2510203126,2026-08-17 02:30:00,232.300,231.950,232.830,0.040,0.020,0.000,0.012,0.008,0.004,0.000,-0.001,0.000,0.000,0.000,0.975,50.200
2510203127,2026-08-17 02:30:00,236.440,237.370,236.460,0.040,0.020,0.040,0.021,0.008,0.004,0.008,-0.002,0.000,0.002,-0.005,0.980,50.200
2510203128,2026-08-17 02:30:00,239.050,239.780,238.230,1.660,1.660,1.790,1.186,0.386,0.385,0.414,0.082,0.008,0.022,0.051,0.997,50.210
2510203130,2026-08-17 02:30:00,248.310,248.400,250.030,0.000,0.010,0.010,0.003,0.000,0.001,0.001,0.000,0.000,0.000,0.000,1.000,50.190
2510203133,2026-08-17 02:30:00,236.230,237.020,236.040,0.040,0.020,0.000,0.014,0.008,0.004,0.000,-0.001,0.000,-0.002,0.000,0.997,50.220
2510203134,2026-08-17 02:30:00,241.030,239.930,239.780,0.020,0.010,0.010,0.007,0.004,0.002,0.001,-0.002,-0.001,-0.001,0.000,0.987,50.200
2510224049,2026-08-17 02:30:00,231.900,232.610,232.330,3.150,12.710,7.770,4.700,0.530,2.570,1.580,-1.970,-0.450,-0.910,-0.600,0.922,50.240
2510224167,2026-08-17 02:30:00,231.960,231.590,232.460,5.320,4.520,4.860,2.560,1.040,0.730,0.780,-1.960,-0.580,-0.670,-0.700,0.793,50.170
2510317505,2026-08-17 02:30:00,232.140,231.870,232.720,10.840,3.680,4.500,3.440,2.170,0.590,0.670,-1.590,-0.430,-0.560,-0.590,0.907,50.230
2510317516,2026-08-17 02:30:00,232.220,231.860,232.760,0.000,0.000,0.000,0.000,0.000,0.000,0.000,0.000,0.000,0.000,0.000,1.000,50.200
2510317537,2026-08-17 02:30:00,239.370,239.200,240.190,2.460,2.380,2.510,2.020,0.670,0.700,0.730,-0.340,-0.110,-0.110,-0.110,0.986,50.200
2510389559,2026-08-17 02:30:00,237.960,236.720,236.840,0.000,0.000,0.000,0.000,0.000,0.000,0.000,0.000,0.000,0.000,0.000,1.000,50.190
2510389643,2026-08-17 02:30:00,238.290,236.960,237.070,5.400,9.400,4.010,4.280,1.180,2.170,0.930,-0.780,-0.160,-0.450,-0.160,0.983,50.220
2510633381,2026-08-17 02:30:00,240.380,239.370,239.290,0.040,0.070,0.010,0.029,0.009,0.016,0.003,-0.012,-0.005,-0.006,0.000,0.907,50.180
2510633383,2026-08-17 02:30:00,236.140,236.320,237.190,0.110,0.090,0.090,0.019,0.007,0.002,0.010,-0.064,-0.024,-0.019,-0.019,0.297,50.180
2510633385,2026-08-17 02:30:00,238.260,237.010,237.130,0.110,0.350,0.320,0.183,0.025,0.083,0.075,-0.003,-0.005,-0.006,0.008,0.998,50.220
2510633386,2026-08-17 02:30:00,229.590,229.400,230.450,1.280,1.290,1.250,0.018,0.008,0.006,0.003,-0.821,-0.272,-0.274,-0.275,0.022,50.210
2510633387,2026-08-17 02:30:00,236.270,237.170,236.160,0.010,0.000,0.000,0.002,0.002,0.000,0.000,0.000,0.000,0.000,0.000,1.000,50.220
2510633390,2026-08-17 02:30:00,239.190,240.400,239.280,1.150,1.240,1.180,0.729,0.227,0.266,0.236,0.213,0.061,0.057,0.095,0.958,50.230
2510633391,2026-08-17 02:30:00,124.550,123.990,124.100,0.000,0.000,0.000,0.000,0.000,0.000,0.000,0.000,0.000,0.000,0.000,1.000,50.220
2510633393,2026-08-17 02:30:00,235.870,236.090,236.950,1.030,1.080,1.080,0.723,0.231,0.245,0.246,0.172,0.063,0.046,0.062,0.972,50.200
2510633395,2026-08-17 02:30:00,236.200,236.990,236.000,0.000,0.000,0.000,0.000,0.000,0.000,0.000,0.000,0.000,0.000,0.000,1.000,50.200
2510633396,2026-08-17 02:30:00,237.060,235.980,236.520,0.110,0.160,0.110,0.074,0.021,0.032,0.019,0.048,0.016,0.016,0.015,0.837,50.180
2510633397,2026-08-17 02:30:00,246.910,245.790,245.770,0.010,0.030,0.020,0.015,0.003,0.008,0.004,-0.003,-0.001,-0.001,0.000,0.984,50.230
2510633400,2026-08-17 02:30:00,231.230,232.100,231.540,0.270,0.310,0.280,0.196,0.060,0.071,0.064,0.045,0.014,0.015,0.015,0.971,50.230
2510633402,2026-08-17 02:30:00,235.280,235.340,236.990,0.360,0.380,0.400,0.201,0.062,0.068,0.071,0.071,0.023,0.022,0.025,0.961,50.200
2510633406,2026-08-17 02:30:00,232.330,231.940,232.840,0.090,0.080,0.080,0.043,0.017,0.012,0.013,-0.033,-0.009,-0.011,-0.012,0.788,50.220
2510633410,2026-08-17 02:30:00,232.410,232.020,232.870,0.030,0.010,0.010,0.010,0.006,0.003,0.001,-0.005,-0.003,-0.001,-0.001,0.867,50.230
2510633411,2026-08-17 02:30:00,230.650,230.130,229.660,1.570,1.470,1.560,0.978,0.337,0.311,0.329,0.350,0.113,0.112,0.123,0.943,50.230
2510814977,2026-08-17 02:30:00,236.010,237.420,235.840,0.020,0.010,0.010,0.006,0.003,0.000,0.002,-0.002,0.000,-0.001,-0.001,0.927,50.250
2610026950,2026-08-17 02:30:00,232.970,232.380,232.050,0.000,0.000,0.010,0.003,0.000,0.000,0.001,0.000,0.000,0.000,0.000,1.000,50.240
2610026952,2026-08-17 02:30:00,237.500,236.380,236.590,0.010,0.020,0.010,0.008,0.001,0.005,0.002,-0.003,-0.001,-0.001,-0.001,0.884,50.240
2610026953,2026-08-17 02:30:00,237.540,236.240,236.460,0.100,0.090,0.100,0.070,0.024,0.021,0.024,0.008,0.002,0.004,0.002,0.989,50.230
2610026963,2026-08-17 02:30:00,236.540,236.510,237.510,0.160,0.100,0.090,0.070,0.034,0.019,0.016,-0.045,-0.018,-0.013,-0.014,0.834,50.180
2610026966,2026-08-17 02:30:00,233.530,233.370,233.300,0.050,0.040,0.060,0.030,0.011,0.007,0.011,0.014,0.004,0.003,0.006,0.888,50.200
2610026976,2026-08-17 02:30:00,236.140,236.400,237.410,0.190,0.160,0.080,0.101,0.044,0.038,0.018,0.001,0.007,-0.001,-0.004,1.000,50.180
2610026977,2026-08-17 02:30:00,245.470,245.140,245.080,0.070,0.330,0.440,0.201,0.017,0.078,0.105,-0.046,-0.004,-0.018,-0.023,0.973,50.210
2610126270,2026-08-17 02:30:00,232.010,232.790,232.370,0.020,0.010,0.010,0.008,0.003,0.002,0.002,-0.004,-0.001,-0.001,-0.001,0.837,50.250
2610126451,2026-08-17 02:30:00,236.660,237.380,236.380,0.010,0.010,0.060,0.017,0.002,0.001,0.013,0.000,0.000,0.000,0.001,1.000,50.220
2610159557,2026-08-17 02:30:00,240.560,239.610,239.480,0.010,0.000,0.020,0.004,0.000,0.000,0.003,-0.004,-0.002,0.000,-0.001,0.706,50.230
2610170786,2026-08-17 02:30:00,239.940,239.810,241.020,0.050,0.050,0.040,0.033,0.011,0.011,0.010,-0.004,0.000,-0.001,-0.001,0.986,50.220
2610170837,2026-08-17 02:30:00,237.480,235.700,236.070,0.000,0.000,0.010,0.003,0.000,0.000,0.002,0.000,0.000,0.000,0.000,0.993,50.250
2610170838,2026-08-17 02:30:00,240.390,239.260,239.350,0.020,0.020,0.010,0.014,0.005,0.005,0.003,0.001,0.000,0.000,0.000,0.966,50.200
2610170840,2026-08-17 02:30:00,237.730,236.220,236.810,0.080,0.450,0.180,0.164,0.018,0.104,0.041,-0.018,-0.002,-0.010,-0.005,0.992,50.260
2610322967,2026-08-17 02:30:00,240.920,239.800,239.520,0.000,0.000,0.010,0.002,0.000,0.000,0.002,0.000,0.000,0.000,0.000,0.903,50.240
2610322969,2026-08-17 02:30:00,232.940,232.340,232.040,0.020,0.010,0.010,0.006,0.003,0.001,0.001,-0.002,-0.001,0.000,0.000,0.869,50.240
2610322997,2026-08-17 02:30:00,236.040,237.500,235.830,0.090,0.130,0.100,0.056,0.015,0.025,0.015,0.050,0.015,0.017,0.017,0.742,50.260
2610323001,2026-08-17 02:30:00,237.430,235.720,235.850,0.370,0.310,0.330,0.233,0.086,0.070,0.076,0.039,0.013,0.012,0.013,0.985,50.250
2610323004,2026-08-17 02:30:00,65.450,64.910,65.410,0.080,0.060,0.080,0.014,0.004,0.003,0.005,-0.002,0.000,0.000,-0.001,1.000,50.250
2610323005,2026-08-17 02:30:00,232.310,232.990,232.530,0.000,0.000,0.000,0.001,0.000,0.001,0.000,0.000,0.000,0.000,0.000,0.931,50.250
2610323016,2026-08-17 02:30:00,237.240,235.560,235.790,0.250,0.260,0.210,0.161,0.057,0.057,0.046,0.058,0.018,0.022,0.018,0.942,50.250
2610323019,2026-08-17 02:30:00,232.050,233.050,232.550,0.020,0.020,0.030,0.014,0.004,0.004,0.005,-0.005,-0.001,-0.001,-0.002,0.903,50.250
2610323024,2026-08-17 02:30:00,235.910,236.480,237.570,0.090,0.350,0.190,0.149,0.021,0.083,0.045,0.018,0.005,0.004,0.008,0.990,50.250
2510389931,2026-08-17 02:31:00,237.830,236.350,236.950,3.090,17.690,7.100,6.540,0.720,4.150,1.660,-0.720,-0.100,-0.400,-0.210,0.993,50.210
2510633399,2026-08-17 02:31:00,231.990,231.580,232.490,0.230,0.280,0.310,0.188,0.052,0.064,0.071,0.004,0.001,0.001,0.001,0.997,50.210
2610170836,2026-08-17 02:31:00,236.570,237.380,236.330,0.010,0.000,0.000,0.000,0.000,0.000,0.000,0.000,-0.001,0.000,0.000,0.748,50.250
2510633389,2026-08-17 02:32:00,237.120,238.030,236.880,0.140,0.150,0.130,0.044,0.012,0.019,0.012,-0.087,-0.030,-0.030,-0.026,0.453,50.210
2246006313,2026-08-17 03:00:00,58.600,58.500,58.400,0.611,0.623,0.592,0.106,0.035,0.036,0.034,0.001,0.001,0.000,0.000,0.999,50.230
2410121326,2026-08-17 03:00:00,237.570,236.500,236.730,0.040,0.050,0.060,0.035,0.009,0.011,0.014,0.000,0.000,-0.001,0.002,0.999,50.180
2410121353,2026-08-17 03:00:00,237.390,236.360,236.610,0.000,0.010,0.040,0.013,0.000,0.002,0.010,-0.001,0.000,0.000,0.000,1.000,50.160
2410121371,2026-08-17 03:00:00,237.490,236.330,236.540,0.010,0.010,0.060,0.015,0.000,0.000,0.014,-0.003,0.000,-0.001,-0.001,0.972,50.190
2410121424,2026-08-17 03:00:00,236.940,235.960,236.140,0.010,0.010,0.010,0.004,0.000,0.001,0.002,-0.003,-0.001,-0.001,0.000,0.788,50.160
2410121440,2026-08-17 03:00:00,237.260,236.220,236.390,0.010,0.000,0.010,0.004,0.002,0.000,0.001,-0.002,-0.001,0.000,0.000,0.910,50.200
2410121457,2026-08-17 03:00:00,236.950,235.770,236.100,0.310,0.400,0.340,0.168,0.044,0.064,0.059,0.179,0.057,0.066,0.054,0.684,50.230
2410121574,2026-08-17 03:00:00,237.470,236.240,236.400,0.160,0.140,0.130,0.090,0.035,0.026,0.028,-0.042,-0.012,-0.017,-0.012,0.904,50.190
2410131378,2026-08-17 03:00:00,236.660,237.420,236.470,0.010,0.010,0.030,0.010,0.001,0.001,0.006,-0.003,-0.001,-0.001,0.000,0.950,50.150
2410131383,2026-08-17 03:00:00,238.320,239.030,238.100,0.040,0.020,0.050,0.027,0.009,0.005,0.012,-0.004,-0.001,-0.001,-0.002,0.995,50.170
2410131384,2026-08-17 03:00:00,240.820,241.950,241.020,0.050,0.070,0.100,0.052,0.010,0.017,0.024,-0.009,-0.001,-0.004,-0.003,0.988,50.250
2410131387,2026-08-17 03:00:00,235.000,235.340,236.080,0.030,0.030,0.030,0.018,0.006,0.006,0.006,-0.004,0.000,-0.001,-0.001,0.984,50.180
2410320615,2026-08-17 03:00:00,238.120,238.200,239.620,0.230,0.210,0.180,0.140,0.052,0.046,0.041,0.017,0.005,0.006,0.005,0.980,50.250
2410883988,2026-08-17 03:00:00,233.380,234.110,233.640,0.020,0.000,0.040,0.012,0.004,0.000,0.008,-0.001,0.000,0.000,0.000,0.989,50.230
2410883990,2026-08-17 03:00:00,233.870,233.320,233.240,0.020,0.000,0.070,0.020,0.003,0.000,0.016,0.004,0.002,0.000,0.002,0.959,50.230
2410883991,2026-08-17 03:00:00,240.370,240.360,241.460,0.160,0.100,0.060,0.075,0.038,0.023,0.013,0.003,0.004,-0.001,0.000,0.994,50.210
2410883993,2026-08-17 03:00:00,241.250,240.360,240.350,0.690,0.880,0.720,0.535,0.162,0.204,0.167,-0.079,-0.019,-0.035,-0.025,0.989,50.240
2410883994,2026-08-17 03:00:00,241.420,240.410,240.470,0.010,0.040,0.020,0.014,0.001,0.009,0.004,0.000,0.000,0.000,0.000,0.996,50.220
2411087432,2026-08-17 03:00:00,236.860,237.760,236.660,0.140,0.110,0.190,0.105,0.033,0.026,0.044,0.001,0.003,-0.001,0.000,1.000,50.200
2411087433,2026-08-17 03:00:00,240.970,240.950,241.970,0.280,0.280,0.300,0.195,0.065,0.063,0.066,-0.045,-0.010,-0.018,-0.016,0.976,50.240
2411290205,2026-08-17 03:00:00,238.780,237.690,237.790,0.140,0.110,0.140,0.090,0.031,0.026,0.032,0.008,0.004,0.001,0.002,0.992,50.210
2510014481,2026-08-17 03:00:00,235.360,235.510,236.990,1.630,1.410,1.650,1.172,0.416,0.341,0.414,0.441,0.163,0.144,0.133,0.942,50.240
2510014482,2026-08-17 03:00:00,236.950,237.680,236.720,0.010,0.040,0.000,0.012,0.002,0.009,0.000,-0.001,-0.002,0.001,0.000,1.000,50.200
2510014483,2026-08-17 03:00:00,240.800,240.680,241.720,0.040,0.030,0.050,0.022,0.008,0.005,0.008,-0.020,-0.006,-0.005,-0.008,0.715,50.230
2510014484,2026-08-17 03:00:00,239.140,237.980,238.390,0.100,0.370,0.100,0.134,0.023,0.086,0.024,-0.008,-0.001,-0.005,-0.002,0.997,50.210
2510178139,2026-08-17 03:00:00,235.900,236.550,235.340,0.710,0.710,0.720,0.400,0.133,0.133,0.133,0.145,0.048,0.046,0.050,0.955,50.220
2510178141,2026-08-17 03:00:00,236.880,237.070,237.820,0.020,0.010,0.020,0.008,0.002,0.000,0.004,-0.009,-0.004,-0.001,-0.002,0.616,50.200
2510203103,2026-08-17 03:00:00,232.670,230.790,230.920,0.090,0.120,0.070,0.061,0.019,0.026,0.014,-0.016,-0.006,-0.005,-0.005,0.971,50.250
2510203104,2026-08-17 03:00:00,234.950,234.700,235.750,0.200,0.230,0.150,0.133,0.046,0.053,0.033,0.020,0.000,0.009,0.009,0.988,50.260
2510203105,2026-08-17 03:00:00,238.490,236.530,236.930,0.010,0.100,0.010,0.028,0.002,0.023,0.002,0.007,0.000,0.007,0.000,0.956,50.230
2510203106,2026-08-17 03:00:00,239.030,237.920,238.210,0.030,0.040,0.040,0.025,0.006,0.008,0.010,-0.006,-0.003,-0.001,-0.002,0.982,50.260
2510203107,2026-08-17 03:00:00,227.760,226.720,226.930,0.160,0.180,0.140,0.109,0.035,0.041,0.032,-0.012,-0.004,-0.002,-0.004,0.995,50.240
2510203108,2026-08-17 03:00:00,236.880,237.490,236.550,0.490,0.780,0.990,0.519,0.117,0.177,0.225,0.052,0.018,0.031,0.002,0.994,50.240
2510203109,2026-08-17 03:00:00,240.400,241.480,240.460,0.150,0.080,0.080,0.070,0.033,0.017,0.019,0.014,0.013,0.003,-0.001,0.982,50.230
2510203111,2026-08-17 03:00:00,236.980,237.260,238.090,0.020,0.020,0.000,0.008,0.004,0.003,0.000,-0.001,-0.001,0.000,0.000,1.000,50.260
2510203113,2026-08-17 03:00:00,237.780,238.570,237.700,0.190,0.270,0.280,0.167,0.042,0.062,0.063,-0.052,-0.014,-0.018,-0.020,0.953,50.200
2510203114,2026-08-17 03:00:00,234.570,234.530,235.500,0.190,0.150,0.140,0.111,0.043,0.035,0.032,-0.016,-0.005,-0.006,-0.004,0.990,50.220
2510203115,2026-08-17 03:00:00,237.610,238.180,238.980,0.000,0.000,0.000,0.000,0.000,0.000,0.000,0.000,0.000,0.000,0.000,1.000,50.240
2510203117,2026-08-17 03:00:00,233.780,233.290,232.960,0.210,0.220,0.110,0.120,0.046,0.049,0.025,-0.035,-0.014,-0.015,-0.006,0.958,50.240
2510203118,2026-08-17 03:00:00,127.280,127.140,127.760,0.210,0.210,0.220,0.004,0.002,0.001,0.001,-0.080,-0.026,-0.026,-0.027,0.055,50.240
2510203119,2026-08-17 03:00:00,233.980,233.420,233.010,0.000,0.000,0.000,0.000,0.000,0.000,0.000,0.000,0.000,0.000,0.000,1.000,50.260
2510203120,2026-08-17 03:00:00,240.900,240.000,239.990,0.790,0.560,0.540,0.425,0.177,0.124,0.122,0.147,0.062,0.046,0.039,0.944,50.240
2510203121,2026-08-17 03:00:00,233.330,233.020,233.780,0.130,0.060,0.130,0.066,0.028,0.009,0.028,-0.026,-0.006,-0.008,-0.010,0.926,50.230
2510203122,2026-08-17 03:00:00,237.110,237.940,236.840,0.090,0.030,0.010,0.022,0.015,0.005,0.001,0.015,0.014,0.002,-0.001,0.835,50.210
2510203123,2026-08-17 03:00:00,237.090,237.290,238.210,0.010,0.010,0.000,0.005,0.002,0.003,0.000,-0.003,-0.001,0.000,0.000,0.833,50.250
2510203124,2026-08-17 03:00:00,237.150,237.660,236.640,0.060,0.070,0.080,0.045,0.012,0.014,0.017,0.023,0.007,0.008,0.008,0.883,50.220
2510203125,2026-08-17 03:00:00,238.190,238.380,239.190,0.080,0.100,0.130,0.039,0.004,0.009,0.025,-0.055,-0.017,-0.021,-0.016,0.583,50.240
2510203126,2026-08-17 03:00:00,233.440,233.030,233.860,0.040,0.020,0.000,0.012,0.008,0.004,0.000,-0.001,0.000,0.000,0.000,0.977,50.200
2510203127,2026-08-17 03:00:00,236.870,237.710,236.730,0.040,0.010,0.040,0.020,0.009,0.002,0.008,-0.006,0.000,0.000,-0.005,0.977,50.200
2510203130,2026-08-17 03:00:00,249.120,249.200,250.920,0.000,0.010,0.010,0.003,0.000,0.001,0.001,0.000,0.000,0.000,0.000,1.000,50.220
2510203133,2026-08-17 03:00:00,236.680,237.420,236.510,0.030,0.020,0.000,0.012,0.007,0.004,0.000,-0.001,0.000,-0.002,0.000,0.977,50.210
2510203134,2026-08-17 03:00:00,241.750,240.700,240.500,0.020,0.010,0.010,0.007,0.004,0.002,0.001,-0.002,-0.001,-0.001,0.000,0.987,50.240
2510224049,2026-08-17 03:00:00,232.930,233.530,233.260,3.150,12.530,7.760,4.650,0.530,2.530,1.580,-1.970,-0.450,-0.900,-0.610,0.920,50.220
2510224167,2026-08-17 03:00:00,233.220,232.810,233.620,5.300,4.500,4.850,2.560,1.040,0.730,0.780,-1.980,-0.580,-0.680,-0.710,0.790,50.210
2510317505,2026-08-17 03:00:00,233.230,233.030,233.720,10.830,3.680,4.500,3.450,2.180,0.590,0.670,-1.600,-0.430,-0.560,-0.590,0.906,50.210
2510317516,2026-08-17 03:00:00,233.420,233.050,233.810,0.000,0.000,0.000,0.000,0.000,0.000,0.000,0.000,0.000,0.000,0.000,1.000,50.200
2510317537,2026-08-17 03:00:00,240.520,240.320,241.280,2.670,2.700,2.650,1.740,0.590,0.590,0.620,-0.320,-0.100,-0.100,-0.100,0.985,50.210
2510389559,2026-08-17 03:00:00,239.040,237.770,237.990,0.000,0.000,0.000,0.000,0.000,0.000,0.000,0.000,0.000,0.000,0.000,1.000,50.200
2510389643,2026-08-17 03:00:00,239.680,238.350,238.600,5.380,9.340,3.990,4.280,1.180,2.160,0.930,-0.790,-0.160,-0.450,-0.160,0.983,50.210
2510389931,2026-08-17 03:00:00,238.980,237.470,238.150,3.070,17.550,7.040,6.520,0.720,4.140,1.660,-0.730,-0.100,-0.410,-0.210,0.993,50.230
2510633381,2026-08-17 03:00:00,241.320,240.320,240.300,0.040,0.070,0.010,0.026,0.009,0.015,0.002,-0.014,-0.005,-0.007,-0.002,0.876,50.210
2510633383,2026-08-17 03:00:00,236.420,236.610,237.430,0.110,0.090,0.090,0.019,0.007,0.002,0.010,-0.064,-0.024,-0.020,-0.019,0.294,50.210
2510633385,2026-08-17 03:00:00,239.600,238.370,238.640,0.160,0.350,0.320,0.195,0.037,0.082,0.075,-0.004,-0.008,-0.005,0.008,1.000,50.230
2510633386,2026-08-17 03:00:00,230.530,230.300,231.370,1.260,1.270,1.250,0.019,0.009,0.005,0.003,-0.827,-0.274,-0.275,-0.277,0.023,50.250
2510633387,2026-08-17 03:00:00,236.680,237.460,236.470,0.010,0.000,0.000,0.002,0.002,0.000,0.000,0.000,0.000,0.000,0.000,1.000,50.220
2510633389,2026-08-17 03:00:00,238.450,239.330,238.170,0.140,0.150,0.130,0.050,0.014,0.021,0.013,-0.088,-0.031,-0.029,-0.027,0.498,50.210
2510633390,2026-08-17 03:00:00,240.080,241.320,240.080,1.460,1.650,1.560,0.927,0.291,0.338,0.304,0.317,0.093,0.091,0.133,0.943,50.180
2510633391,2026-08-17 03:00:00,124.590,124.040,124.150,0.000,0.000,0.000,0.000,0.000,0.000,0.000,0.000,0.000,0.000,0.000,1.000,50.170
2510633393,2026-08-17 03:00:00,236.630,236.970,237.730,0.920,0.980,0.970,0.653,0.207,0.224,0.221,0.163,0.060,0.044,0.059,0.969,50.210
2510633395,2026-08-17 03:00:00,236.400,237.150,236.640,0.000,0.000,0.000,0.000,0.000,0.000,0.000,0.000,0.000,0.000,0.000,1.000,50.220
2510633396,2026-08-17 03:00:00,237.470,236.410,236.970,0.110,0.160,0.110,0.074,0.021,0.032,0.020,0.049,0.016,0.016,0.015,0.835,50.220
2510633397,2026-08-17 03:00:00,247.540,246.370,246.390,0.010,0.030,0.020,0.015,0.002,0.008,0.004,-0.003,-0.002,-0.001,0.000,0.970,50.190
2510633399,2026-08-17 03:00:00,233.120,232.760,233.590,0.230,0.260,0.300,0.184,0.053,0.060,0.070,0.004,0.001,0.001,0.000,0.998,50.200
2510633400,2026-08-17 03:00:00,232.130,232.960,232.480,0.190,0.230,0.200,0.145,0.044,0.053,0.047,0.046,0.014,0.016,0.015,0.945,50.170
2510633402,2026-08-17 03:00:00,236.180,236.170,237.910,0.230,0.420,0.420,0.323,0.102,0.110,0.109,0.063,0.020,0.020,0.020,0.975,50.250
2510633406,2026-08-17 03:00:00,233.440,233.020,233.890,0.090,0.080,0.080,0.043,0.017,0.012,0.013,-0.034,-0.010,-0.011,-0.012,0.788,50.240
2510633410,2026-08-17 03:00:00,233.520,233.120,233.930,0.030,0.010,0.010,0.009,0.005,0.003,0.001,-0.005,-0.003,-0.001,-0.001,0.860,50.230
2510633411,2026-08-17 03:00:00,231.690,231.200,230.800,1.210,1.110,1.190,0.734,0.256,0.230,0.246,0.281,0.092,0.090,0.099,0.934,50.180
2510814977,2026-08-17 03:00:00,236.860,238.400,236.630,0.010,0.010,0.010,0.004,0.002,0.000,0.002,-0.004,-0.001,-0.001,-0.001,0.710,50.240
2610026950,2026-08-17 03:00:00,233.850,233.330,233.080,0.000,0.000,0.010,0.003,0.000,0.000,0.001,0.000,0.000,0.000,0.000,1.000,50.230
2610026952,2026-08-17 03:00:00,237.970,236.850,237.080,0.010,0.020,0.010,0.008,0.001,0.005,0.002,-0.003,-0.001,-0.001,-0.001,0.957,50.240
2610026953,2026-08-17 03:00:00,238.920,237.650,237.880,0.100,0.090,0.100,0.070,0.024,0.022,0.023,0.009,0.002,0.004,0.002,0.985,50.230
2610026963,2026-08-17 03:00:00,237.050,237.060,237.990,0.180,0.110,0.110,0.083,0.039,0.021,0.022,-0.046,-0.018,-0.013,-0.014,0.875,50.210
2610026966,2026-08-17 03:00:00,233.480,233.200,233.300,0.060,0.040,0.070,0.036,0.012,0.008,0.015,0.018,0.005,0.004,0.009,0.885,50.220
2610026976,2026-08-17 03:00:00,236.570,236.860,237.800,0.190,0.160,0.080,0.101,0.044,0.038,0.018,0.001,0.007,-0.001,-0.004,0.995,50.210
2610026977,2026-08-17 03:00:00,245.120,244.690,244.840,0.070,0.330,0.450,0.201,0.017,0.078,0.105,-0.046,-0.004,-0.018,-0.023,0.974,50.190
2610126270,2026-08-17 03:00:00,233.140,233.820,233.430,0.020,0.010,0.010,0.008,0.003,0.002,0.002,-0.004,-0.001,-0.001,-0.001,0.830,50.230
2610126451,2026-08-17 03:00:00,237.120,237.880,236.880,0.010,0.010,0.050,0.016,0.002,0.001,0.012,0.000,0.000,0.000,0.000,0.989,50.240
2610159557,2026-08-17 03:00:00,241.630,240.700,240.580,0.010,0.000,0.020,0.004,0.000,0.000,0.003,-0.004,-0.002,0.000,-0.001,0.737,50.240
2610170786,2026-08-17 03:00:00,240.980,240.890,242.030,0.050,0.050,0.040,0.033,0.012,0.011,0.010,-0.004,0.000,-0.001,-0.001,0.981,50.210
2610170836,2026-08-17 03:00:00,237.140,238.000,236.960,0.010,0.000,0.000,0.000,0.000,0.000,0.000,0.000,-0.001,0.000,0.000,0.760,50.240
2610170837,2026-08-17 03:00:00,238.370,236.550,236.780,0.000,0.000,0.030,0.006,0.000,0.000,0.005,0.000,0.000,0.000,0.000,0.952,50.240
2610170838,2026-08-17 03:00:00,241.510,240.370,240.450,0.020,0.020,0.010,0.014,0.005,0.005,0.003,0.001,0.000,0.000,0.000,0.964,50.210
2610170840,2026-08-17 03:00:00,239.050,237.600,238.250,0.080,0.440,0.180,0.164,0.018,0.104,0.041,-0.019,-0.002,-0.010,-0.005,0.995,50.230
2610322967,2026-08-17 03:00:00,241.740,240.620,240.380,0.000,0.000,0.010,0.002,0.000,0.000,0.002,0.000,0.000,0.000,0.000,0.899,50.240
2610322969,2026-08-17 03:00:00,233.910,233.400,233.070,0.020,0.000,0.010,0.006,0.003,0.000,0.001,-0.002,-0.001,0.000,0.000,0.939,50.240
2610322997,2026-08-17 03:00:00,236.740,238.330,236.610,0.090,0.140,0.100,0.058,0.015,0.026,0.016,0.052,0.016,0.019,0.017,0.743,50.230
2610323001,2026-08-17 03:00:00,238.190,236.440,236.530,0.410,0.260,0.330,0.223,0.086,0.060,0.076,0.040,0.016,0.013,0.010,0.985,50.240
2610323004,2026-08-17 03:00:00,65.670,65.100,65.620,0.090,0.070,0.090,0.015,0.005,0.004,0.005,-0.001,0.000,0.000,-0.001,0.972,50.240
2610323005,2026-08-17 03:00:00,233.320,234.000,233.460,0.000,0.000,0.000,0.001,0.000,0.001,0.000,0.000,0.000,0.000,0.000,0.941,50.230
2610323016,2026-08-17 03:00:00,237.980,236.240,236.430,0.250,0.260,0.210,0.160,0.057,0.057,0.046,0.059,0.018,0.022,0.018,0.937,50.230
2610323019,2026-08-17 03:00:00,233.040,234.070,233.490,0.020,0.020,0.030,0.016,0.004,0.005,0.006,-0.005,-0.001,-0.002,-0.001,0.944,50.230
2610323024,2026-08-17 03:00:00,236.680,237.300,238.450,0.090,0.280,0.200,0.133,0.020,0.066,0.045,0.015,0.004,0.001,0.009,0.990,50.230
2410121454,2026-08-17 03:01:00,236.220,237.210,236.110,0.070,0.200,0.160,0.098,0.015,0.046,0.037,0.020,0.006,0.005,0.008,0.977,50.150
2410932742,2026-08-17 03:01:00,235.640,233.860,233.930,3.010,2.930,3.090,1.927,0.646,0.622,0.655,0.614,0.209,0.194,0.210,0.952,50.180
2510203128,2026-08-17 03:01:00,239.710,240.390,238.930,1.700,1.710,1.820,1.219,0.397,0.399,0.423,0.087,0.009,0.026,0.050,0.997,50.180
2246006313,2026-08-17 03:30:00,58.400,58.300,58.300,0.653,0.670,0.638,0.116,0.038,0.039,0.037,0.004,0.002,0.001,0.000,0.999,50.160
2410121326,2026-08-17 03:30:00,237.580,236.510,236.790,0.070,0.070,0.100,0.055,0.017,0.016,0.021,0.014,0.003,0.002,0.009,0.972,50.170
2410121353,2026-08-17 03:30:00,237.670,236.670,236.910,0.000,0.010,0.060,0.016,0.000,0.002,0.013,-0.001,0.000,0.000,0.000,0.979,50.180
2410121424,2026-08-17 03:30:00,237.610,236.610,236.810,0.010,0.010,0.010,0.004,0.000,0.001,0.002,-0.003,-0.001,-0.001,0.000,0.795,50.160
2410121440,2026-08-17 03:30:00,237.710,236.700,236.870,0.010,0.000,0.010,0.004,0.002,0.000,0.001,-0.002,-0.001,0.000,0.000,0.919,50.170
2410121454,2026-08-17 03:30:00,236.820,237.700,236.600,0.070,0.180,0.160,0.096,0.016,0.042,0.037,0.007,0.002,0.001,0.004,1.000,50.150
2410121457,2026-08-17 03:30:00,237.080,235.950,236.280,0.340,0.400,0.360,0.182,0.055,0.065,0.061,0.185,0.060,0.067,0.058,0.699,50.220
2410121574,2026-08-17 03:30:00,237.850,236.620,236.770,0.160,0.140,0.130,0.091,0.036,0.026,0.028,-0.041,-0.011,-0.017,-0.012,0.911,50.170
2410131378,2026-08-17 03:30:00,237.160,237.940,237.050,0.010,0.010,0.030,0.010,0.001,0.001,0.006,-0.003,-0.001,-0.001,0.000,0.959,50.180
2410131383,2026-08-17 03:30:00,238.930,239.590,238.710,0.040,0.020,0.050,0.026,0.009,0.005,0.012,-0.005,0.000,-0.001,-0.002,0.981,50.210
2410131384,2026-08-17 03:30:00,240.180,241.280,240.350,0.040,0.070,0.100,0.052,0.010,0.019,0.025,-0.008,-0.001,-0.005,-0.002,0.983,50.160
2410131387,2026-08-17 03:30:00,235.470,236.040,236.750,0.030,0.030,0.030,0.020,0.007,0.006,0.006,-0.004,0.000,-0.001,-0.001,0.986,50.160
2410320615,2026-08-17 03:30:00,238.000,238.210,239.510,0.230,0.200,0.190,0.137,0.047,0.042,0.047,0.021,0.008,0.005,0.006,0.985,50.180
2410883988,2026-08-17 03:30:00,232.470,233.090,232.700,0.020,0.000,0.040,0.012,0.004,0.000,0.008,-0.001,0.000,0.000,0.000,0.988,50.120
2410883990,2026-08-17 03:30:00,232.950,232.430,232.310,0.020,0.000,0.070,0.019,0.003,0.000,0.016,0.004,0.002,0.000,0.002,0.989,50.150
2410883991,2026-08-17 03:30:00,239.920,239.910,241.090,0.160,0.060,0.050,0.064,0.037,0.014,0.013,0.003,0.003,0.000,0.000,0.995,50.140
2410883993,2026-08-17 03:30:00,240.730,239.830,239.810,0.690,0.880,0.720,0.545,0.162,0.204,0.169,-0.077,-0.019,-0.035,-0.023,0.989,50.180
2410883994,2026-08-17 03:30:00,241.090,240.030,240.140,0.010,0.040,0.020,0.014,0.001,0.009,0.004,0.000,0.000,0.000,0.000,0.995,50.180
2410932742,2026-08-17 03:30:00,235.060,233.340,233.370,3.200,3.120,3.260,2.050,0.689,0.664,0.697,0.663,0.223,0.212,0.225,0.951,50.170
2411087432,2026-08-17 03:30:00,236.550,237.440,236.340,0.180,0.150,0.220,0.128,0.041,0.035,0.051,-0.004,0.002,-0.004,-0.002,0.996,50.120
2411290205,2026-08-17 03:30:00,239.150,238.060,238.290,0.110,0.130,0.100,0.081,0.026,0.030,0.024,0.006,0.002,0.002,0.000,1.000,50.140
2510014481,2026-08-17 03:30:00,234.820,235.060,236.250,1.930,1.640,2.000,1.349,0.454,0.376,0.456,0.496,0.168,0.163,0.164,0.928,50.200
2510014482,2026-08-17 03:30:00,236.810,237.550,236.470,0.010,0.040,0.000,0.012,0.002,0.009,0.000,-0.001,-0.002,0.000,0.000,1.000,50.150
2510014483,2026-08-17 03:30:00,240.030,239.900,240.970,0.040,0.030,0.050,0.019,0.007,0.004,0.006,-0.020,-0.006,-0.005,-0.008,0.683,50.150
2510014484,2026-08-17 03:30:00,239.220,238.090,238.550,0.100,0.370,0.090,0.130,0.023,0.086,0.020,-0.007,0.000,-0.004,-0.001,0.998,50.160
2510178139,2026-08-17 03:30:00,236.380,237.160,235.890,0.660,0.660,0.670,0.424,0.143,0.139,0.141,0.142,0.049,0.049,0.044,0.942,50.200
2510178141,2026-08-17 03:30:00,236.450,236.670,237.400,0.020,0.010,0.020,0.006,0.002,0.000,0.002,-0.009,-0.004,-0.001,-0.002,0.552,50.160
2510203103,2026-08-17 03:30:00,232.090,230.390,230.530,0.060,0.110,0.060,0.051,0.013,0.025,0.012,-0.016,-0.005,-0.005,-0.004,0.950,50.170
2510203104,2026-08-17 03:30:00,234.220,234.030,235.080,0.270,0.300,0.200,0.178,0.062,0.068,0.046,0.019,0.001,0.009,0.008,0.991,50.140
2510203105,2026-08-17 03:30:00,238.270,236.510,236.750,0.010,0.100,0.010,0.028,0.003,0.022,0.002,0.005,0.000,0.005,0.000,0.973,50.200
2510203106,2026-08-17 03:30:00,238.770,237.690,238.020,0.030,0.040,0.050,0.025,0.006,0.008,0.010,-0.006,-0.003,-0.001,-0.002,0.983,50.150
2510203107,2026-08-17 03:30:00,227.210,226.250,226.530,0.130,0.140,0.120,0.075,0.025,0.028,0.022,-0.045,-0.015,-0.014,-0.015,0.855,50.160
2510203108,2026-08-17 03:30:00,236.630,237.260,236.270,0.500,0.790,0.900,0.500,0.115,0.181,0.202,0.042,0.016,0.021,0.004,0.995,50.180
2510203109,2026-08-17 03:30:00,240.140,241.220,240.190,0.150,0.080,0.090,0.074,0.033,0.019,0.021,0.016,0.013,0.004,-0.001,0.975,50.200
2510203111,2026-08-17 03:30:00,236.580,236.930,237.670,0.020,0.020,0.000,0.008,0.004,0.003,0.000,-0.001,-0.001,0.000,0.000,1.000,50.160
2510203113,2026-08-17 03:30:00,238.200,238.950,238.070,0.170,0.240,0.240,0.143,0.037,0.052,0.053,-0.050,-0.013,-0.021,-0.015,0.942,50.130
2510203114,2026-08-17 03:30:00,234.260,234.140,235.160,0.190,0.150,0.140,0.111,0.044,0.035,0.032,-0.015,-0.004,-0.006,-0.004,0.991,50.190
2510203115,2026-08-17 03:30:00,236.810,237.430,237.920,0.000,0.000,0.000,0.000,0.000,0.000,0.000,0.000,0.000,0.000,0.000,1.000,50.180
2510203117,2026-08-17 03:30:00,233.190,232.670,232.470,0.210,0.220,0.110,0.120,0.046,0.049,0.024,-0.034,-0.013,-0.015,-0.005,0.963,50.180
2510203118,2026-08-17 03:30:00,127.100,126.960,127.560,0.210,0.210,0.220,0.004,0.002,0.001,0.001,-0.080,-0.026,-0.026,-0.027,0.056,50.190
2510203119,2026-08-17 03:30:00,233.300,232.740,232.480,0.000,0.000,0.000,0.000,0.000,0.000,0.000,0.000,0.000,0.000,0.000,1.000,50.170
2510203120,2026-08-17 03:30:00,240.570,239.580,239.660,0.780,0.570,0.570,0.435,0.175,0.128,0.131,0.137,0.055,0.045,0.036,0.952,50.170
2510203121,2026-08-17 03:30:00,232.710,232.520,233.200,0.130,0.060,0.120,0.066,0.030,0.009,0.026,-0.025,-0.005,-0.008,-0.010,0.933,50.200
2510203122,2026-08-17 03:30:00,236.490,237.390,236.280,0.080,0.020,0.010,0.015,0.010,0.003,0.001,0.012,0.014,-0.001,-0.001,0.767,50.120
2510203123,2026-08-17 03:30:00,236.460,236.730,237.560,0.010,0.010,0.000,0.005,0.002,0.003,0.000,-0.003,-0.001,0.000,0.000,0.830,50.140
2510203124,2026-08-17 03:30:00,236.920,237.360,236.310,0.060,0.060,0.080,0.042,0.012,0.013,0.017,0.023,0.007,0.007,0.008,0.879,50.190
2510203125,2026-08-17 03:30:00,238.320,238.570,239.300,0.080,0.100,0.130,0.039,0.004,0.009,0.025,-0.055,-0.017,-0.021,-0.016,0.584,50.190
2510203126,2026-08-17 03:30:00,233.240,232.920,233.690,0.040,0.020,0.000,0.012,0.008,0.004,0.000,-0.001,0.000,0.000,0.000,0.975,50.180
2510203127,2026-08-17 03:30:00,236.730,237.560,236.550,0.040,0.010,0.040,0.020,0.009,0.002,0.008,-0.006,0.000,0.000,-0.005,0.971,50.170
2510203128,2026-08-17 03:30:00,239.830,240.490,239.030,1.560,1.610,1.770,1.151,0.362,0.376,0.411,0.065,0.003,0.021,0.041,0.998,50.170
2510203130,2026-08-17 03:30:00,248.790,248.730,250.400,0.000,0.010,0.040,0.011,0.000,0.001,0.010,0.002,0.000,0.000,0.002,0.982,50.190
2510203133,2026-08-17 03:30:00,236.320,237.150,236.150,0.040,0.020,0.000,0.014,0.009,0.004,0.000,-0.001,0.000,-0.002,0.000,1.000,50.170
2510203134,2026-08-17 03:30:00,241.190,240.090,239.970,0.020,0.010,0.010,0.007,0.004,0.002,0.001,-0.002,-0.001,-0.001,0.000,0.989,50.170
2510224049,2026-08-17 03:30:00,232.110,232.630,232.370,2.970,12.560,7.770,4.600,0.490,2.520,1.580,-1.930,-0.430,-0.890,-0.600,0.922,50.150
2510224167,2026-08-17 03:30:00,232.480,232.180,232.960,5.310,4.510,4.850,2.560,1.040,0.730,0.780,-1.970,-0.580,-0.670,-0.710,0.792,50.150
2510317505,2026-08-17 03:30:00,232.350,232.200,232.850,10.830,3.680,4.500,3.440,2.170,0.590,0.670,-1.590,-0.430,-0.560,-0.590,0.907,50.160
2510317516,2026-08-17 03:30:00,232.690,232.400,233.100,0.000,0.000,0.000,0.000,0.000,0.000,0.000,0.000,0.000,0.000,0.000,1.000,50.150
2510317537,2026-08-17 03:30:00,239.980,239.810,240.790,2.510,2.460,2.450,1.910,0.630,0.640,0.620,-0.330,-0.100,-0.110,-0.110,0.985,50.150
2510389559,2026-08-17 03:30:00,239.290,238.090,238.600,0.000,0.000,0.000,0.000,0.000,0.000,0.000,0.000,0.000,0.000,0.000,1.000,50.130
2510389643,2026-08-17 03:30:00,239.470,238.260,238.720,5.380,9.350,3.990,4.280,1.180,2.160,0.930,-0.790,-0.160,-0.450,-0.160,0.983,50.150
2510389931,2026-08-17 03:30:00,238.560,237.280,238.050,3.080,17.560,7.050,6.530,0.720,4.140,1.660,-0.720,-0.100,-0.400,-0.210,0.993,50.150
2510633381,2026-08-17 03:30:00,240.860,239.870,239.810,0.040,0.070,0.010,0.026,0.008,0.016,0.002,-0.013,-0.005,-0.006,-0.001,0.902,50.170
2510633383,2026-08-17 03:30:00,236.190,236.430,237.320,0.110,0.080,0.090,0.018,0.007,0.002,0.009,-0.064,-0.024,-0.019,-0.019,0.276,50.170
2510633385,2026-08-17 03:30:00,239.480,238.320,238.700,0.160,0.350,0.190,0.162,0.036,0.082,0.044,-0.019,-0.005,-0.005,-0.008,0.993,50.230
2510633386,2026-08-17 03:30:00,230.360,230.140,231.250,1.280,1.290,1.250,0.018,0.008,0.006,0.003,-0.826,-0.273,-0.275,-0.276,0.022,50.200
2510633387,2026-08-17 03:30:00,236.670,237.560,236.570,0.010,0.000,0.000,0.002,0.002,0.000,0.000,0.000,0.000,0.000,0.000,1.000,50.220
2510633389,2026-08-17 03:30:00,238.530,239.290,238.190,0.150,0.150,0.130,0.061,0.021,0.022,0.017,-0.079,-0.027,-0.027,-0.024,0.606,50.230
2510633390,2026-08-17 03:30:00,240.560,241.810,240.610,1.350,1.460,1.360,0.881,0.293,0.296,0.292,0.319,0.103,0.094,0.121,0.939,50.240
2510633391,2026-08-17 03:30:00,124.720,124.170,124.320,0.000,0.000,0.000,0.000,0.000,0.000,0.000,0.000,0.000,0.000,0.000,1.000,50.210
2510633393,2026-08-17 03:30:00,237.130,237.480,238.170,1.060,1.100,1.090,0.751,0.241,0.256,0.252,0.188,0.067,0.052,0.068,0.969,50.170
2510633395,2026-08-17 03:30:00,236.850,237.430,236.440,0.000,0.000,0.000,0.000,0.000,0.000,0.000,0.000,0.000,0.000,0.000,1.000,50.190
2510633396,2026-08-17 03:30:00,237.260,236.210,236.810,0.110,0.150,0.110,0.073,0.021,0.032,0.020,0.048,0.016,0.016,0.015,0.828,50.170
2510633397,2026-08-17 03:30:00,248.030,246.880,246.850,0.010,0.030,0.020,0.015,0.002,0.008,0.004,-0.003,-0.002,-0.001,0.000,0.968,50.240
2510633399,2026-08-17 03:30:00,232.430,232.110,232.970,0.230,0.270,0.300,0.185,0.052,0.062,0.069,0.006,0.001,0.003,0.001,0.997,50.170
2510633400,2026-08-17 03:30:00,232.310,233.080,232.600,0.210,0.260,0.220,0.149,0.042,0.053,0.046,0.046,0.014,0.016,0.015,0.948,50.220
2510633402,2026-08-17 03:30:00,236.050,236.160,237.720,0.270,0.300,0.320,0.320,0.100,0.108,0.098,0.065,0.021,0.020,0.023,0.944,50.180
2510633406,2026-08-17 03:30:00,232.780,232.480,233.270,0.090,0.080,0.080,0.043,0.017,0.012,0.013,-0.033,-0.010,-0.011,-0.012,0.787,50.200
2510633411,2026-08-17 03:30:00,231.180,230.630,230.370,1.610,1.500,1.590,0.973,0.342,0.316,0.334,0.356,0.116,0.113,0.126,0.941,50.200
2510814977,2026-08-17 03:30:00,236.350,237.690,236.180,0.020,0.010,0.010,0.006,0.003,0.000,0.002,-0.002,0.000,-0.001,-0.001,0.928,50.170
2610026952,2026-08-17 03:30:00,237.670,236.470,236.780,0.010,0.030,0.010,0.009,0.001,0.006,0.002,-0.002,-0.001,0.000,-0.001,0.961,50.170
2610026953,2026-08-17 03:30:00,239.240,238.070,238.380,0.100,0.090,0.100,0.069,0.024,0.021,0.023,0.008,0.002,0.004,0.002,0.985,50.200
2610026963,2026-08-17 03:30:00,236.660,236.690,237.630,0.190,0.110,0.100,0.083,0.040,0.023,0.020,-0.043,-0.017,-0.012,-0.013,0.889,50.180
2610026966,2026-08-17 03:30:00,232.530,232.270,232.440,0.040,0.050,0.080,0.035,0.009,0.010,0.015,0.016,0.003,0.004,0.008,0.899,50.190
2610026976,2026-08-17 03:30:00,236.280,236.550,237.520,0.190,0.170,0.080,0.102,0.045,0.038,0.018,0.001,0.007,-0.001,-0.004,0.997,50.170
2610026977,2026-08-17 03:30:00,244.080,243.670,243.840,0.070,0.330,0.450,0.201,0.017,0.078,0.106,-0.046,-0.004,-0.018,-0.023,0.975,50.170
2610126270,2026-08-17 03:30:00,232.230,232.840,232.500,0.020,0.010,0.010,0.008,0.003,0.002,0.002,-0.004,-0.001,0.000,-0.001,0.854,50.150
2610126451,2026-08-17 03:30:00,237.020,237.680,236.680,0.010,0.010,0.070,0.020,0.002,0.001,0.015,0.000,0.000,0.000,0.001,1.000,50.190
2610159557,2026-08-17 03:30:00,241.400,240.440,240.280,0.010,0.000,0.020,0.004,0.000,0.000,0.003,-0.004,-0.002,0.000,-0.001,0.717,50.200
2610170786,2026-08-17 03:30:00,240.400,240.330,241.470,0.050,0.050,0.040,0.032,0.010,0.011,0.010,-0.004,0.000,-0.001,-0.001,0.983,50.150
2610170836,2026-08-17 03:30:00,236.480,237.320,236.220,0.010,0.000,0.000,0.000,0.000,0.000,0.000,0.000,-0.001,0.000,0.000,0.743,50.160
2610170837,2026-08-17 03:30:00,237.630,235.980,236.190,0.000,0.000,0.010,0.003,0.000,0.000,0.002,0.000,0.000,0.000,0.000,0.991,50.160
2610170838,2026-08-17 03:30:00,241.010,239.870,239.930,0.020,0.010,0.020,0.011,0.005,0.002,0.003,0.000,0.000,0.000,0.000,0.968,50.150
2610170840,2026-08-17 03:30:00,238.650,237.450,238.150,0.940,1.280,1.060,0.726,0.208,0.286,0.231,0.277,0.100,0.086,0.089,0.931,50.150
2610322967,2026-08-17 03:30:00,241.530,240.420,240.160,0.000,0.000,0.010,0.002,0.000,0.000,0.002,0.000,0.000,0.000,0.000,0.898,50.190
2610322969,2026-08-17 03:30:00,233.290,232.720,232.520,0.020,0.000,0.010,0.008,0.004,0.000,0.002,-0.001,-0.001,0.000,0.000,0.997,50.180
2610322997,2026-08-17 03:30:00,236.140,237.580,236.010,0.090,0.130,0.100,0.057,0.015,0.025,0.017,0.050,0.015,0.017,0.017,0.748,50.150
2610323001,2026-08-17 03:30:00,237.460,235.870,236.020,0.370,0.290,0.270,0.214,0.086,0.065,0.062,0.040,0.015,0.014,0.011,0.983,50.160
2610323004,2026-08-17 03:30:00,65.490,64.970,65.440,0.090,0.070,0.090,0.015,0.005,0.004,0.005,-0.001,0.000,0.000,-0.001,0.983,50.150
2610323005,2026-08-17 03:30:00,232.400,233.050,232.540,0.000,0.000,0.000,0.001,0.000,0.001,0.000,0.000,0.000,0.000,0.000,0.945,50.170
2610323016,2026-08-17 03:30:00,237.420,235.820,236.030,0.250,0.260,0.210,0.159,0.055,0.057,0.046,0.058,0.017,0.021,0.018,0.941,50.150
2610323019,2026-08-17 03:30:00,232.180,233.030,232.600,0.020,0.020,0.030,0.015,0.004,0.005,0.005,-0.005,-0.001,-0.001,-0.002,0.929,50.150
2610323024,2026-08-17 03:30:00,236.200,236.760,237.730,0.090,0.300,0.260,0.153,0.021,0.070,0.061,0.016,0.005,0.003,0.008,0.997,50.150
2411087433,2026-08-17 03:31:00,240.690,240.640,241.660,0.270,0.280,0.290,0.207,0.068,0.068,0.070,-0.045,-0.011,-0.017,-0.015,0.974,50.160
2510633410,2026-08-17 03:31:00,233.050,232.740,233.470,0.040,0.010,0.010,0.012,0.008,0.003,0.001,-0.003,-0.001,-0.001,-0.001,0.980,50.160
2410121371,2026-08-17 03:32:00,237.490,236.200,236.400,0.030,0.010,0.040,0.017,0.007,0.000,0.008,-0.002,0.000,-0.001,0.000,1.000,50.110
2610026950,2026-08-17 03:32:00,233.490,232.870,232.710,0.010,0.000,0.010,0.004,0.002,0.000,0.001,-0.001,0.000,0.000,0.000,1.000,50.180
2246006313,2026-08-17 04:00:00,57.900,57.900,57.800,0.677,0.701,0.666,0.118,0.039,0.040,0.039,0.004,0.002,0.001,0.000,0.999,50.210
2410121326,2026-08-17 04:00:00,237.370,236.310,236.600,0.050,0.050,0.070,0.037,0.010,0.011,0.015,0.000,0.000,-0.001,0.002,0.994,50.220
2410121371,2026-08-17 04:00:00,237.110,235.970,236.230,0.040,0.010,0.040,0.017,0.008,0.000,0.008,0.000,0.000,-0.001,0.000,0.976,50.220
2410121424,2026-08-17 04:00:00,236.910,235.910,236.090,0.010,0.010,0.010,0.004,0.000,0.001,0.002,-0.003,-0.001,-0.001,0.000,0.791,50.210
2410121454,2026-08-17 04:00:00,236.090,236.970,235.810,0.080,0.190,0.150,0.096,0.018,0.044,0.034,0.027,0.008,0.008,0.010,0.959,50.200
2410121457,2026-08-17 04:00:00,236.530,235.460,235.690,0.320,0.350,0.350,0.161,0.046,0.054,0.060,0.175,0.058,0.060,0.056,0.676,50.170
2410121574,2026-08-17 04:00:00,236.760,235.520,235.700,0.200,0.180,0.160,0.119,0.044,0.038,0.035,-0.039,-0.011,-0.016,-0.012,0.951,50.140
2410131378,2026-08-17 04:00:00,236.420,237.180,236.290,0.010,0.010,0.030,0.010,0.001,0.001,0.006,-0.003,-0.001,-0.001,0.000,0.944,50.210
2410131383,2026-08-17 04:00:00,238.080,238.790,237.910,0.040,0.020,0.050,0.026,0.008,0.005,0.012,-0.005,-0.001,-0.001,-0.002,0.967,50.200
2410131384,2026-08-17 04:00:00,240.060,241.170,240.300,0.040,0.080,0.110,0.054,0.010,0.018,0.025,-0.006,0.000,-0.003,-0.002,0.988,50.200
2410131387,2026-08-17 04:00:00,234.260,234.670,235.390,0.030,0.030,0.030,0.022,0.007,0.007,0.007,-0.003,0.000,-0.001,-0.001,0.970,50.140
2410320615,2026-08-17 04:00:00,237.330,237.530,238.880,0.220,0.220,0.190,0.140,0.053,0.047,0.039,0.019,0.005,0.006,0.007,0.981,50.210
2410883988,2026-08-17 04:00:00,231.070,231.600,231.160,0.020,0.000,0.040,0.012,0.004,0.000,0.008,-0.001,0.000,0.000,0.000,0.984,50.220
2410883990,2026-08-17 04:00:00,231.130,230.650,230.560,0.020,0.000,0.070,0.019,0.003,0.000,0.016,0.004,0.002,0.000,0.002,0.987,50.170
2410883991,2026-08-17 04:00:00,239.610,239.540,240.650,0.170,0.140,0.050,0.084,0.039,0.033,0.012,0.004,0.004,0.000,0.000,1.000,50.190
2410883993,2026-08-17 04:00:00,240.410,239.560,239.590,0.680,0.860,0.700,0.516,0.161,0.189,0.163,-0.083,-0.019,-0.038,-0.026,0.987,50.190
2410883994,2026-08-17 04:00:00,240.770,239.720,239.800,0.010,0.040,0.020,0.014,0.001,0.009,0.004,0.000,0.000,0.000,0.000,0.989,50.200
2410932742,2026-08-17 04:00:00,234.750,233.000,232.980,3.240,3.170,3.310,2.080,0.699,0.675,0.706,0.664,0.223,0.213,0.227,0.952,50.220
2411087432,2026-08-17 04:00:00,236.460,237.320,236.150,0.160,0.120,0.220,0.117,0.037,0.028,0.050,0.000,0.002,-0.004,0.003,1.000,50.210
2411087433,2026-08-17 04:00:00,240.040,239.980,240.980,0.270,0.220,0.230,0.144,0.050,0.048,0.046,-0.059,-0.018,-0.020,-0.020,0.975,50.200
2411290205,2026-08-17 04:00:00,238.430,237.320,237.520,0.120,0.100,0.120,0.084,0.031,0.024,0.027,0.009,0.004,0.002,0.002,0.990,50.190
2510014481,2026-08-17 04:00:00,234.440,234.770,236.290,2.160,1.870,2.060,1.009,0.355,0.293,0.360,0.350,0.118,0.123,0.108,0.949,50.200
2510014482,2026-08-17 04:00:00,236.510,237.280,236.190,0.010,0.040,0.000,0.012,0.002,0.009,0.000,-0.001,-0.002,0.000,0.000,1.000,50.210
2510014483,2026-08-17 04:00:00,239.840,239.720,240.790,0.040,0.030,0.050,0.020,0.007,0.004,0.007,-0.020,-0.006,-0.005,-0.008,0.712,50.180
2510014484,2026-08-17 04:00:00,238.630,237.490,237.920,0.100,0.360,0.090,0.128,0.023,0.084,0.021,-0.008,-0.001,-0.004,-0.002,1.000,50.190
2510178139,2026-08-17 04:00:00,236.180,236.940,235.780,0.420,0.420,0.420,0.292,0.098,0.096,0.097,0.136,0.045,0.046,0.043,0.891,50.230
2510178141,2026-08-17 04:00:00,236.210,236.390,237.130,0.020,0.010,0.020,0.007,0.002,0.000,0.004,-0.009,-0.004,-0.001,-0.002,0.658,50.180
2510203103,2026-08-17 04:00:00,231.780,230.060,230.010,0.070,0.120,0.080,0.059,0.015,0.026,0.017,-0.016,-0.006,-0.005,-0.004,0.962,50.200
2510203104,2026-08-17 04:00:00,234.130,233.910,234.960,0.260,0.310,0.200,0.224,0.076,0.087,0.061,0.013,0.000,0.007,0.006,0.998,50.210
2510203105,2026-08-17 04:00:00,237.900,236.080,236.320,0.010,0.110,0.010,0.029,0.003,0.024,0.002,0.005,0.000,0.006,0.000,0.990,50.210
2510203106,2026-08-17 04:00:00,238.740,237.630,238.030,0.030,0.040,0.050,0.025,0.006,0.008,0.010,-0.006,-0.003,-0.001,-0.002,0.982,50.200
2510203107,2026-08-17 04:00:00,227.290,226.430,226.630,0.130,0.130,0.120,0.049,0.014,0.020,0.014,-0.068,-0.024,-0.021,-0.022,0.583,50.180
2510203108,2026-08-17 04:00:00,236.270,236.860,235.970,0.420,0.720,0.810,0.441,0.097,0.165,0.178,0.048,0.017,0.028,0.002,0.994,50.220
2510203109,2026-08-17 04:00:00,239.670,240.770,239.820,0.150,0.080,0.080,0.072,0.033,0.019,0.019,0.015,0.013,0.003,-0.001,0.972,50.220
2510203111,2026-08-17 04:00:00,236.300,236.660,237.510,0.010,0.020,0.000,0.006,0.002,0.003,0.000,-0.001,-0.001,0.000,0.000,0.977,50.200
2510203113,2026-08-17 04:00:00,237.970,238.820,237.920,0.180,0.240,0.240,0.152,0.044,0.052,0.054,-0.048,-0.010,-0.021,-0.017,0.950,50.210
2510203114,2026-08-17 04:00:00,234.060,234.010,234.980,0.130,0.100,0.080,0.069,0.028,0.023,0.017,-0.015,-0.004,-0.006,-0.004,0.981,50.230
2510203115,2026-08-17 04:00:00,237.490,238.070,238.830,0.000,0.000,0.000,0.000,0.000,0.000,0.000,0.000,0.000,0.000,0.000,1.000,50.190
2510203117,2026-08-17 04:00:00,231.300,230.640,230.500,0.220,0.220,0.040,0.104,0.047,0.049,0.007,-0.035,-0.013,-0.014,-0.006,0.945,50.240
2510203118,2026-08-17 04:00:00,126.880,126.740,127.350,0.210,0.210,0.220,0.004,0.002,0.001,0.001,-0.080,-0.026,-0.025,-0.027,0.056,50.200
2510203119,2026-08-17 04:00:00,231.350,230.820,230.590,0.000,0.000,0.000,0.000,0.000,0.000,0.000,0.000,0.000,0.000,0.000,1.000,50.200
2510203120,2026-08-17 04:00:00,240.280,239.300,239.330,0.660,0.490,0.460,0.357,0.146,0.105,0.104,0.144,0.055,0.048,0.041,0.924,50.220
2510203121,2026-08-17 04:00:00,230.560,230.450,231.040,0.060,0.060,0.130,0.050,0.011,0.010,0.029,-0.025,-0.005,-0.008,-0.010,0.899,50.210
2510203122,2026-08-17 04:00:00,236.440,237.320,236.170,0.040,0.020,0.010,0.012,0.008,0.003,0.001,0.002,0.005,-0.001,-0.001,0.962,50.210
2510203123,2026-08-17 04:00:00,236.290,236.580,237.410,0.010,0.010,0.000,0.005,0.002,0.003,0.000,-0.003,-0.001,0.000,0.000,0.830,50.200
2510203124,2026-08-17 04:00:00,236.710,237.240,236.210,0.060,0.060,0.080,0.042,0.012,0.013,0.017,0.023,0.007,0.007,0.008,0.870,50.240
2510203125,2026-08-17 04:00:00,238.050,238.240,238.990,0.080,0.100,0.130,0.039,0.004,0.009,0.025,-0.055,-0.017,-0.021,-0.016,0.582,50.200
2510203126,2026-08-17 04:00:00,230.910,230.660,231.370,0.040,0.020,0.000,0.012,0.008,0.004,0.000,-0.001,0.000,0.000,0.000,0.973,50.230
2510203127,2026-08-17 04:00:00,235.940,236.730,235.720,0.040,0.010,0.040,0.019,0.008,0.002,0.008,-0.006,0.000,0.000,-0.005,0.960,50.240
2510203128,2026-08-17 04:00:00,239.670,240.380,238.940,1.470,1.450,1.630,1.060,0.343,0.336,0.381,0.036,-0.002,0.008,0.030,0.999,50.200
2510203130,2026-08-17 04:00:00,248.710,248.580,250.400,0.000,0.010,0.010,0.003,0.000,0.001,0.001,0.000,0.000,0.000,0.000,0.871,50.240
2510203134,2026-08-17 04:00:00,240.790,239.730,239.640,0.020,0.010,0.010,0.007,0.004,0.002,0.001,-0.002,-0.001,-0.001,0.000,0.987,50.210
2510224049,2026-08-17 04:00:00,230.380,230.810,230.530,3.140,12.970,8.170,4.950,0.580,2.680,1.680,-1.940,-0.430,-0.900,-0.600,0.929,50.180
2510224167,2026-08-17 04:00:00,230.560,230.310,231.070,5.410,4.530,5.060,2.690,1.080,0.730,0.890,-1.970,-0.590,-0.670,-0.700,0.802,50.200
2510317505,2026-08-17 04:00:00,230.640,230.480,231.140,2.450,3.690,4.510,1.680,0.410,0.590,0.670,-1.490,-0.350,-0.560,-0.570,0.747,50.180
2510317516,2026-08-17 04:00:00,230.770,230.530,231.200,0.000,0.000,0.000,0.000,0.000,0.000,0.000,0.000,0.000,0.000,0.000,1.000,50.200
2510317537,2026-08-17 04:00:00,239.710,239.470,240.450,2.010,2.040,1.910,1.480,0.510,0.480,0.490,-0.250,-0.070,-0.090,-0.090,0.979,50.200
2510389559,2026-08-17 04:00:00,239.280,238.000,238.240,0.000,0.000,0.000,0.000,0.000,0.000,0.000,0.000,0.000,0.000,0.000,1.000,50.220
2510389643,2026-08-17 04:00:00,238.980,237.710,237.920,5.380,9.370,4.000,4.280,1.180,2.170,0.930,-0.790,-0.160,-0.450,-0.160,0.983,50.180
2510389931,2026-08-17 04:00:00,238.320,236.820,237.580,3.080,17.620,7.070,6.530,0.720,4.140,1.660,-0.730,-0.100,-0.400,-0.210,0.993,50.180
2510633381,2026-08-17 04:00:00,240.680,239.710,239.700,0.040,0.070,0.010,0.027,0.008,0.016,0.002,-0.012,-0.005,-0.005,-0.001,0.922,50.240
2510633383,2026-08-17 04:00:00,235.610,235.810,236.580,0.110,0.090,0.090,0.020,0.009,0.002,0.009,-0.064,-0.025,-0.019,-0.019,0.310,50.230
2510633385,2026-08-17 04:00:00,239.150,237.960,238.160,0.120,0.350,0.320,0.186,0.027,0.083,0.075,0.000,-0.004,-0.005,0.008,1.000,50.180
2510633386,2026-08-17 04:00:00,229.790,229.590,230.710,1.260,1.270,1.240,0.019,0.009,0.006,0.004,-0.823,-0.272,-0.274,-0.275,0.024,50.180
2510633387,2026-08-17 04:00:00,236.220,237.070,235.950,0.010,0.000,0.000,0.002,0.002,0.000,0.000,0.000,0.000,0.000,0.000,1.000,50.180
2510633389,2026-08-17 04:00:00,238.040,238.830,237.680,0.150,0.160,0.130,0.055,0.019,0.021,0.014,-0.087,-0.030,-0.030,-0.026,0.539,50.170
2510633390,2026-08-17 04:00:00,239.450,240.540,239.450,1.300,1.490,1.480,1.001,0.320,0.366,0.315,0.230,0.057,0.062,0.113,0.974,50.170
2510633391,2026-08-17 04:00:00,124.320,123.760,123.860,0.000,0.000,0.000,0.000,0.000,0.000,0.000,0.000,0.000,0.000,0.000,1.000,50.190
2510633393,2026-08-17 04:00:00,237.030,237.340,238.100,1.070,1.100,1.090,0.742,0.239,0.252,0.250,0.178,0.065,0.049,0.063,0.972,50.210
2510633395,2026-08-17 04:00:00,236.420,237.220,236.220,0.000,0.000,0.000,0.000,0.000,0.000,0.000,0.000,0.000,0.000,0.000,1.000,50.240
2510633396,2026-08-17 04:00:00,237.200,236.150,236.720,0.110,0.150,0.110,0.074,0.021,0.032,0.020,0.047,0.016,0.016,0.015,0.832,50.240
2510633397,2026-08-17 04:00:00,247.100,246.010,246.060,0.010,0.030,0.020,0.015,0.002,0.008,0.004,-0.003,-0.002,-0.001,0.000,0.954,50.180
2510633399,2026-08-17 04:00:00,230.520,230.270,231.040,0.240,0.270,0.300,0.184,0.054,0.061,0.068,0.003,0.001,0.002,0.000,0.998,50.230
2510633400,2026-08-17 04:00:00,229.500,230.240,229.710,0.200,0.240,0.220,0.144,0.043,0.053,0.046,0.044,0.013,0.015,0.014,0.953,50.170
2510633402,2026-08-17 04:00:00,235.670,235.630,237.410,0.310,0.370,0.370,0.256,0.076,0.092,0.087,0.066,0.022,0.020,0.023,0.967,50.190
2510633406,2026-08-17 04:00:00,230.700,230.550,231.220,0.100,0.080,0.090,0.052,0.019,0.017,0.017,-0.034,-0.010,-0.012,-0.012,0.830,50.210
2510633410,2026-08-17 04:00:00,230.840,230.640,231.290,0.030,0.010,0.010,0.011,0.006,0.003,0.001,-0.005,-0.003,-0.001,-0.001,0.848,50.200
2510633411,2026-08-17 04:00:00,228.980,228.500,228.210,1.580,1.450,1.550,0.999,0.347,0.323,0.343,0.338,0.113,0.106,0.119,0.944,50.200
2510814977,2026-08-17 04:00:00,236.090,237.630,236.050,0.010,0.010,0.010,0.006,0.003,0.000,0.002,-0.002,0.000,-0.001,-0.001,0.888,50.190
2610026950,2026-08-17 04:00:00,231.230,230.590,230.520,0.000,0.000,0.010,0.004,0.000,0.000,0.002,-0.001,0.000,0.000,0.000,1.000,50.190
2610026952,2026-08-17 04:00:00,237.340,236.170,236.460,0.010,0.030,0.010,0.009,0.001,0.006,0.002,-0.002,-0.001,0.000,-0.001,0.961,50.190
2610026953,2026-08-17 04:00:00,238.980,237.740,237.990,0.100,0.090,0.100,0.070,0.024,0.022,0.023,0.009,0.002,0.004,0.002,0.987,50.200
2610026963,2026-08-17 04:00:00,236.540,236.560,237.510,0.190,0.130,0.110,0.092,0.041,0.028,0.022,-0.045,-0.018,-0.012,-0.014,0.899,50.250
2610026966,2026-08-17 04:00:00,232.900,232.630,232.800,0.060,0.040,0.070,0.033,0.011,0.007,0.013,0.016,0.004,0.003,0.008,0.890,50.230
2610026977,2026-08-17 04:00:00,244.010,243.500,243.720,0.100,0.400,0.550,0.250,0.022,0.095,0.132,-0.048,-0.005,-0.019,-0.023,0.982,50.220
2610126270,2026-08-17 04:00:00,230.430,230.980,230.600,0.020,0.010,0.010,0.008,0.003,0.002,0.002,-0.004,-0.001,-0.001,-0.001,0.847,50.180
2610126451,2026-08-17 04:00:00,236.630,237.360,236.330,0.010,0.010,0.040,0.014,0.002,0.001,0.010,0.001,0.000,0.000,0.001,1.000,50.210
2610159557,2026-08-17 04:00:00,240.860,239.950,239.800,0.010,0.000,0.020,0.004,0.000,0.000,0.003,-0.004,-0.002,0.000,-0.001,0.717,50.200
2610170836,2026-08-17 04:00:00,236.280,237.170,236.060,0.010,0.000,0.000,0.000,0.000,0.000,0.000,0.000,-0.001,0.000,0.000,0.727,50.180
2610170837,2026-08-17 04:00:00,237.350,235.630,235.840,0.000,0.000,0.010,0.002,0.000,0.000,0.002,0.000,0.000,0.000,0.000,0.892,50.190
2610170838,2026-08-17 04:00:00,240.600,239.500,239.540,0.020,0.010,0.010,0.011,0.005,0.002,0.003,0.000,0.000,0.000,0.000,0.960,50.200
2610170840,2026-08-17 04:00:00,238.360,236.940,237.610,0.080,0.440,0.180,0.164,0.018,0.104,0.041,-0.019,-0.002,-0.010,-0.005,0.990,50.170
2610322967,2026-08-17 04:00:00,241.190,240.070,239.790,0.000,0.000,0.010,0.002,0.000,0.000,0.002,0.000,0.000,0.000,0.000,0.897,50.200
2610322969,2026-08-17 04:00:00,231.210,230.630,230.430,0.020,0.010,0.180,0.047,0.004,0.001,0.041,0.002,-0.001,0.000,0.004,0.995,50.190
2610322997,2026-08-17 04:00:00,235.770,237.340,235.740,0.090,0.130,0.110,0.057,0.014,0.025,0.017,0.051,0.015,0.018,0.017,0.747,50.180
2610323001,2026-08-17 04:00:00,237.240,235.640,235.690,0.460,0.330,0.260,0.235,0.108,0.075,0.060,0.040,0.015,0.014,0.010,0.987,50.190
2610323004,2026-08-17 04:00:00,65.480,64.920,65.400,0.070,0.050,0.070,0.011,0.004,0.003,0.004,-0.002,0.000,0.000,-0.001,0.988,50.200
2610323005,2026-08-17 04:00:00,230.590,231.150,230.680,0.000,0.000,0.000,0.001,0.000,0.001,0.000,0.000,0.000,0.000,0.000,0.934,50.190
2610323016,2026-08-17 04:00:00,237.170,235.520,235.620,0.250,0.260,0.210,0.159,0.056,0.057,0.046,0.057,0.017,0.021,0.018,0.941,50.180
2610323019,2026-08-17 04:00:00,230.450,231.240,230.680,0.060,0.020,0.020,0.023,0.012,0.005,0.005,-0.008,-0.003,-0.001,-0.002,0.963,50.180
2610323024,2026-08-17 04:00:00,235.840,236.260,237.460,0.090,0.390,0.190,0.157,0.020,0.092,0.044,0.016,0.005,0.002,0.008,0.996,50.180
2410121440,2026-08-17 04:01:00,236.180,235.250,235.400,0.010,0.000,0.010,0.004,0.002,0.000,0.001,-0.002,-0.001,0.000,0.000,0.894,50.160
2610170786,2026-08-17 04:01:00,239.860,239.730,240.870,0.050,0.050,0.040,0.032,0.011,0.011,0.010,-0.004,0.000,-0.001,-0.001,0.995,50.150
2410121353,2026-08-17 04:02:00,236.980,235.980,236.240,0.000,0.010,0.040,0.012,0.000,0.002,0.009,-0.001,0.000,0.000,0.000,0.981,50.160
2510203133,2026-08-17 04:02:00,236.480,237.210,236.220,0.030,0.020,0.000,0.012,0.007,0.004,0.000,-0.001,0.000,-0.002,0.000,0.987,50.200
2610026976,2026-08-17 04:02:00,235.630,236.000,236.880,0.250,0.160,0.080,0.116,0.059,0.038,0.018,0.002,0.009,-0.001,-0.004,1.000,50.200
2246006313,2026-08-17 04:30:00,57.800,57.800,57.700,0.682,0.702,0.666,0.114,0.038,0.039,0.037,0.003,0.002,0.001,0.000,0.999,50.170
2410121326,2026-08-17 04:30:00,237.630,236.610,236.850,0.050,0.050,0.080,0.041,0.011,0.012,0.017,0.001,0.000,-0.002,0.004,1.000,50.200
2410121353,2026-08-17 04:30:00,237.700,236.660,236.910,0.000,0.010,0.040,0.012,0.000,0.002,0.009,-0.001,0.000,0.000,0.000,0.965,50.220
2410121371,2026-08-17 04:30:00,237.610,236.450,236.680,0.030,0.010,0.040,0.016,0.007,0.000,0.008,-0.001,0.000,-0.001,0.000,0.998,50.170
2410121424,2026-08-17 04:30:00,236.750,235.670,235.940,0.010,0.010,0.010,0.004,0.000,0.001,0.002,-0.003,-0.001,-0.001,0.000,0.792,50.180
2410121440,2026-08-17 04:30:00,237.320,236.270,236.450,0.010,0.000,0.010,0.004,0.002,0.000,0.001,-0.002,-0.001,0.000,0.000,0.911,50.180
2410121454,2026-08-17 04:30:00,236.010,236.900,235.770,0.070,0.180,0.140,0.089,0.015,0.042,0.030,0.019,0.006,0.005,0.007,0.981,50.180
2410121457,2026-08-17 04:30:00,236.960,235.710,236.040,0.310,0.410,0.350,0.179,0.045,0.073,0.060,0.178,0.058,0.063,0.056,0.709,50.230
2410121574,2026-08-17 04:30:00,236.960,235.710,235.900,0.160,0.140,0.130,0.089,0.035,0.026,0.027,-0.042,-0.012,-0.017,-0.012,0.906,50.230
2410131378,2026-08-17 04:30:00,236.950,237.760,236.840,0.010,0.010,0.030,0.010,0.001,0.001,0.006,-0.003,-0.001,-0.001,0.000,0.945,50.190
2410131383,2026-08-17 04:30:00,234.830,235.350,234.500,0.030,0.020,0.050,0.023,0.007,0.005,0.011,-0.005,0.000,-0.001,-0.002,0.994,50.210
2410131384,2026-08-17 04:30:00,240.030,241.130,240.290,0.040,0.070,0.100,0.049,0.010,0.015,0.023,-0.007,0.000,-0.005,-0.001,0.994,50.210
2410131387,2026-08-17 04:30:00,235.460,235.720,236.520,0.040,0.040,0.040,0.027,0.008,0.009,0.008,-0.004,0.000,-0.001,-0.001,0.978,50.200
2410320615,2026-08-17 04:30:00,233.950,234.200,235.420,0.190,0.180,0.150,0.134,0.049,0.046,0.039,0.023,0.007,0.008,0.005,0.993,50.210
2410883988,2026-08-17 04:30:00,230.430,231.090,230.690,0.020,0.000,0.040,0.012,0.004,0.000,0.008,-0.001,0.000,0.000,0.000,0.985,50.160
2410883990,2026-08-17 04:30:00,231.150,230.780,230.450,0.020,0.000,0.070,0.019,0.003,0.000,0.016,0.004,0.002,0.000,0.002,0.978,50.230
2410883991,2026-08-17 04:30:00,239.670,239.590,240.700,0.170,0.060,0.080,0.074,0.040,0.015,0.019,0.003,0.002,0.000,0.000,1.000,50.160
2410883993,2026-08-17 04:30:00,240.660,239.760,239.760,0.670,0.870,0.700,0.534,0.160,0.201,0.164,-0.079,-0.018,-0.034,-0.026,0.989,50.220
2410883994,2026-08-17 04:30:00,240.600,239.600,239.690,0.010,0.040,0.020,0.015,0.001,0.009,0.004,0.000,0.000,0.000,0.000,0.997,50.150
2410932742,2026-08-17 04:30:00,235.080,233.400,233.440,3.240,3.170,3.310,2.085,0.700,0.677,0.707,0.666,0.223,0.214,0.228,0.952,50.180
2411087432,2026-08-17 04:30:00,235.910,236.900,235.770,0.180,0.140,0.210,0.122,0.041,0.032,0.048,-0.002,0.004,-0.004,-0.003,0.998,50.150
2411087433,2026-08-17 04:30:00,240.280,240.210,241.210,0.260,0.270,0.270,0.194,0.065,0.066,0.064,-0.042,-0.013,-0.014,-0.014,0.973,50.210
2411290205,2026-08-17 04:30:00,234.640,233.660,233.870,0.110,0.120,0.130,0.084,0.026,0.028,0.029,0.005,0.001,0.001,0.001,0.994,50.170
2510014481,2026-08-17 04:30:00,234.970,235.180,236.470,1.900,1.590,1.750,1.089,0.386,0.314,0.388,0.371,0.131,0.125,0.113,0.944,50.200
2510014482,2026-08-17 04:30:00,236.020,236.770,235.700,0.010,0.040,0.000,0.012,0.002,0.010,0.000,-0.001,-0.002,0.000,0.000,0.990,50.160
2510014483,2026-08-17 04:30:00,240.090,239.980,241.020,0.040,0.030,0.040,0.017,0.006,0.004,0.006,-0.020,-0.006,-0.005,-0.008,0.640,50.230
2510014484,2026-08-17 04:30:00,235.250,234.160,234.610,0.110,0.370,0.100,0.137,0.026,0.087,0.023,-0.011,-0.002,-0.006,-0.002,0.995,50.190
2510178141,2026-08-17 04:30:00,236.630,236.820,237.640,0.020,0.010,0.020,0.006,0.002,0.000,0.002,-0.009,-0.004,-0.001,-0.002,0.548,50.200
2510203104,2026-08-17 04:30:00,234.020,233.780,234.800,0.320,0.340,0.230,0.188,0.069,0.072,0.047,0.018,0.001,0.008,0.008,0.992,50.180
2510203105,2026-08-17 04:30:00,238.230,236.530,236.830,0.010,0.110,0.010,0.029,0.003,0.023,0.002,0.005,0.000,0.006,0.000,0.990,50.200
2510203106,2026-08-17 04:30:00,234.760,233.700,234.050,0.030,0.040,0.050,0.025,0.006,0.008,0.010,-0.006,-0.003,-0.001,-0.002,0.977,50.200
2510203108,2026-08-17 04:30:00,236.460,237.110,236.090,0.350,0.690,0.900,0.443,0.083,0.158,0.202,0.044,0.012,0.027,0.004,0.994,50.210
2510203109,2026-08-17 04:30:00,239.710,240.760,239.800,0.150,0.080,0.080,0.071,0.033,0.018,0.020,0.015,0.013,0.003,0.000,0.978,50.190
2510203111,2026-08-17 04:30:00,236.500,236.770,237.640,0.020,0.020,0.000,0.007,0.004,0.003,0.000,-0.001,-0.001,0.000,0.000,0.993,50.200
2510203113,2026-08-17 04:30:00,233.940,234.640,233.820,0.190,0.240,0.220,0.143,0.043,0.052,0.047,-0.051,-0.010,-0.020,-0.020,0.939,50.150
2510203114,2026-08-17 04:30:00,233.930,233.960,234.880,0.130,0.090,0.080,0.065,0.029,0.018,0.017,-0.015,-0.003,-0.007,-0.004,0.977,50.180
2510203115,2026-08-17 04:30:00,233.390,233.990,234.600,0.000,0.000,0.000,0.000,0.000,0.000,0.000,0.000,0.000,0.000,0.000,1.000,50.210
2510203117,2026-08-17 04:30:00,230.810,230.320,230.020,0.290,0.290,0.110,0.155,0.065,0.065,0.023,-0.037,-0.013,-0.015,-0.008,0.968,50.190
2510203118,2026-08-17 04:30:00,126.950,126.790,127.370,0.210,0.210,0.220,0.004,0.002,0.001,0.001,-0.080,-0.026,-0.025,-0.027,0.056,50.210
2510203119,2026-08-17 04:30:00,230.990,230.480,230.260,0.000,0.000,0.000,0.000,0.000,0.000,0.000,0.000,0.000,0.000,0.000,1.000,50.210
2510203120,2026-08-17 04:30:00,240.310,239.350,239.300,0.520,0.360,0.370,0.278,0.117,0.077,0.083,0.111,0.043,0.036,0.032,0.927,50.200
2510203121,2026-08-17 04:30:00,230.680,230.410,231.040,0.090,0.120,0.180,0.083,0.018,0.025,0.039,-0.026,-0.006,-0.009,-0.010,0.958,50.190
2510203122,2026-08-17 04:30:00,236.350,237.250,236.140,0.090,0.020,0.010,0.021,0.015,0.005,0.001,0.015,0.014,0.002,-0.001,0.815,50.160
2510203123,2026-08-17 04:30:00,236.390,236.600,237.510,0.010,0.010,0.000,0.005,0.002,0.003,0.000,-0.003,-0.001,-0.001,0.000,0.829,50.190
2510203124,2026-08-17 04:30:00,236.710,237.190,236.170,0.060,0.070,0.080,0.043,0.012,0.013,0.017,0.023,0.007,0.007,0.008,0.878,50.180
2510203126,2026-08-17 04:30:00,230.800,230.500,231.250,0.040,0.020,0.000,0.013,0.009,0.004,0.000,-0.001,0.000,0.000,0.000,1.000,50.180
2510203127,2026-08-17 04:30:00,236.670,237.540,236.490,0.040,0.010,0.040,0.019,0.008,0.002,0.008,-0.006,0.000,0.000,-0.005,0.952,50.180
2510203128,2026-08-17 04:30:00,239.660,240.420,239.010,1.410,1.430,1.530,1.015,0.329,0.331,0.354,0.025,-0.005,0.005,0.026,0.999,50.220
2510203130,2026-08-17 04:30:00,249.080,249.060,250.670,0.000,0.010,0.010,0.003,0.000,0.001,0.001,0.000,0.000,0.000,0.000,0.887,50.180
2510203133,2026-08-17 04:30:00,236.200,236.980,235.960,0.040,0.020,0.000,0.014,0.009,0.004,0.000,-0.001,0.000,-0.002,0.000,1.000,50.170
2510203134,2026-08-17 04:30:00,240.960,239.910,239.770,0.020,0.010,0.010,0.007,0.004,0.002,0.001,-0.001,-0.001,-0.001,0.000,0.984,50.170
2510224049,2026-08-17 04:30:00,230.410,230.880,230.730,7.940,18.780,13.200,8.740,1.730,4.090,2.910,-2.130,-0.520,-0.960,-0.650,0.971,50.220
2510224167,2026-08-17 04:30:00,230.420,230.190,230.950,10.410,11.740,11.960,7.430,2.270,2.550,2.600,-2.290,-0.680,-0.790,-0.810,0.955,50.190
2510317505,2026-08-17 04:30:00,230.750,230.430,231.160,5.730,9.830,7.670,4.980,1.240,2.160,1.570,-1.650,-0.400,-0.620,-0.620,0.948,50.220
2510317516,2026-08-17 04:30:00,230.660,230.320,231.030,0.000,0.000,0.000,0.000,0.000,0.000,0.000,0.000,0.000,0.000,0.000,1.000,50.190
2510317537,2026-08-17 04:30:00,239.800,239.670,240.560,2.200,2.170,2.080,1.560,0.520,0.590,0.560,-0.260,-0.080,-0.080,-0.080,0.987,50.180
2510389559,2026-08-17 04:30:00,235.130,234.000,234.310,0.000,0.000,0.000,0.000,0.000,0.000,0.000,0.000,0.000,0.000,0.000,1.000,50.150
2510389643,2026-08-17 04:30:00,235.910,234.710,234.930,5.130,9.500,4.050,4.200,1.100,2.170,0.930,-0.770,-0.160,-0.440,-0.160,0.983,50.220
2510389931,2026-08-17 04:30:00,235.010,233.580,234.240,3.120,17.930,7.160,6.550,0.720,4.160,1.660,-0.700,-0.100,-0.390,-0.200,0.994,50.230
2510633381,2026-08-17 04:30:00,240.750,239.770,239.720,0.040,0.070,0.010,0.027,0.008,0.016,0.002,-0.012,-0.005,-0.005,-0.001,0.905,50.170
2510633383,2026-08-17 04:30:00,236.410,236.600,237.450,0.110,0.090,0.090,0.020,0.007,0.002,0.010,-0.064,-0.025,-0.019,-0.019,0.303,50.170
2510633385,2026-08-17 04:30:00,235.530,234.380,234.660,0.150,0.360,0.330,0.198,0.039,0.083,0.075,-0.005,-0.005,-0.006,0.006,0.998,50.230
2510633386,2026-08-17 04:30:00,230.380,230.180,231.220,1.300,1.310,1.270,0.018,0.008,0.005,0.004,-0.827,-0.274,-0.276,-0.276,0.022,50.240
2510633387,2026-08-17 04:30:00,236.510,237.460,236.400,0.010,0.020,0.000,0.004,0.002,0.002,0.000,0.002,0.000,0.002,0.000,0.830,50.230
2510633389,2026-08-17 04:30:00,234.630,235.280,234.190,0.140,0.150,0.130,0.045,0.012,0.020,0.012,-0.087,-0.030,-0.029,-0.026,0.457,50.240
2510633390,2026-08-17 04:30:00,240.010,241.120,239.940,1.350,1.620,1.510,0.830,0.261,0.304,0.263,0.356,0.101,0.110,0.144,0.939,50.220
2510633391,2026-08-17 04:30:00,124.580,123.990,124.110,0.000,0.000,0.000,0.000,0.000,0.000,0.000,0.000,0.000,0.000,0.000,1.000,50.220
2510633393,2026-08-17 04:30:00,232.900,233.320,233.950,1.050,1.080,1.080,0.695,0.225,0.236,0.233,0.151,0.056,0.043,0.057,0.977,50.190
2510633395,2026-08-17 04:30:00,236.430,237.270,236.210,0.000,0.000,0.000,0.000,0.000,0.000,0.000,0.000,0.000,0.000,0.000,1.000,50.180
2510633396,2026-08-17 04:30:00,237.230,236.150,236.750,0.120,0.160,0.110,0.076,0.022,0.032,0.021,0.049,0.016,0.016,0.016,0.845,50.170
2510633397,2026-08-17 04:30:00,247.340,246.250,246.230,0.010,0.030,0.020,0.015,0.002,0.008,0.004,-0.003,-0.002,-0.001,0.000,0.966,50.220
2510633399,2026-08-17 04:30:00,230.520,230.220,230.920,0.220,0.250,0.280,0.171,0.049,0.056,0.064,0.005,0.002,0.001,0.001,1.000,50.180
2510633400,2026-08-17 04:30:00,229.840,230.540,230.060,0.220,0.260,0.230,0.145,0.044,0.054,0.046,0.044,0.014,0.015,0.014,0.959,50.210
2510633402,2026-08-17 04:30:00,236.410,236.380,237.980,0.320,0.350,0.360,0.278,0.087,0.094,0.096,0.092,0.030,0.029,0.034,0.925,50.220
2510633406,2026-08-17 04:30:00,230.660,230.290,231.060,0.170,0.200,0.200,0.124,0.038,0.043,0.043,-0.039,-0.011,-0.014,-0.013,0.954,50.200
2510633410,2026-08-17 04:30:00,230.770,230.380,231.120,0.030,0.010,0.010,0.009,0.005,0.003,0.001,-0.005,-0.003,-0.001,-0.001,0.856,50.200
2510633411,2026-08-17 04:30:00,229.020,228.550,228.210,1.510,1.390,1.480,0.919,0.321,0.288,0.309,0.326,0.107,0.102,0.114,0.943,50.210
2510814977,2026-08-17 04:30:00,236.660,238.020,236.550,0.010,0.010,0.010,0.004,0.001,0.000,0.002,-0.004,-0.001,-0.001,-0.001,0.703,50.230
2610026950,2026-08-17 04:30:00,231.150,230.560,230.380,0.000,0.000,0.010,0.004,0.000,0.000,0.002,-0.001,0.000,0.000,0.000,1.000,50.220
2610026952,2026-08-17 04:30:00,237.730,236.550,236.780,0.010,0.020,0.010,0.008,0.001,0.005,0.002,-0.003,-0.001,-0.001,-0.001,0.950,50.230
2610026953,2026-08-17 04:30:00,234.620,233.430,233.810,0.120,0.100,0.100,0.072,0.026,0.021,0.023,0.008,0.002,0.004,0.002,0.994,50.200
2610026963,2026-08-17 04:30:00,236.590,236.650,237.630,0.170,0.110,0.110,0.078,0.036,0.021,0.020,-0.045,-0.017,-0.013,-0.014,0.861,50.170
2610026976,2026-08-17 04:30:00,236.200,236.520,237.520,0.190,0.160,0.080,0.101,0.044,0.038,0.018,0.001,0.007,-0.001,-0.004,1.000,50.170
2610026977,2026-08-17 04:30:00,243.730,243.320,243.350,0.100,0.400,0.570,0.253,0.022,0.095,0.136,-0.048,-0.005,-0.019,-0.023,0.984,50.200
2610126270,2026-08-17 04:30:00,230.390,231.040,230.750,0.020,0.010,0.010,0.008,0.003,0.002,0.002,-0.004,-0.001,-0.001,-0.001,0.834,50.230
2610126451,2026-08-17 04:30:00,236.680,237.400,236.390,0.010,0.010,0.030,0.011,0.002,0.001,0.007,0.000,0.000,0.000,0.000,0.973,50.200
2610159557,2026-08-17 04:30:00,240.850,239.950,239.760,0.010,0.000,0.020,0.004,0.000,0.000,0.003,-0.004,-0.002,0.000,-0.001,0.726,50.210
2610170786,2026-08-17 04:30:00,240.460,240.400,241.520,0.050,0.050,0.040,0.033,0.011,0.011,0.010,-0.004,0.000,-0.001,-0.001,1.000,50.200
2610170836,2026-08-17 04:30:00,236.560,237.460,236.430,0.010,0.000,0.000,0.000,0.000,0.000,0.000,0.000,-0.001,0.000,0.000,0.721,50.230
2610170837,2026-08-17 04:30:00,237.940,236.330,236.470,0.020,0.000,0.020,0.010,0.004,0.000,0.005,0.001,0.000,0.000,0.000,0.998,50.220
2610170838,2026-08-17 04:30:00,240.770,239.680,239.780,0.020,0.020,0.010,0.014,0.005,0.005,0.003,0.000,0.000,0.000,0.000,1.000,50.170
2610170840,2026-08-17 04:30:00,235.130,233.800,234.470,0.080,0.450,0.180,0.164,0.018,0.104,0.041,-0.018,-0.002,-0.010,-0.005,0.993,50.220
2610322967,2026-08-17 04:30:00,241.170,240.090,239.720,0.000,0.000,0.010,0.001,0.000,0.000,0.001,0.000,0.000,0.000,0.000,1.000,50.210
2610322969,2026-08-17 04:30:00,231.100,230.560,230.240,0.050,0.010,0.200,0.057,0.011,0.001,0.045,0.001,0.000,0.000,0.003,0.993,50.210
2610322997,2026-08-17 04:30:00,236.450,237.870,236.380,0.090,0.140,0.110,0.059,0.014,0.026,0.017,0.052,0.015,0.019,0.017,0.747,50.230
2610323001,2026-08-17 04:30:00,237.740,236.270,236.310,0.440,0.280,0.270,0.215,0.091,0.061,0.063,0.040,0.016,0.012,0.014,0.985,50.230
2610323005,2026-08-17 04:30:00,230.610,231.240,230.870,0.000,0.000,0.000,0.001,0.000,0.001,0.000,0.000,0.000,0.000,0.000,0.923,50.220
2610323016,2026-08-17 04:30:00,237.840,236.320,236.400,0.250,0.270,0.220,0.165,0.057,0.059,0.048,0.057,0.017,0.021,0.018,0.944,50.210
2610323019,2026-08-17 04:30:00,230.380,231.210,230.860,0.060,0.020,0.030,0.023,0.012,0.005,0.005,-0.008,-0.004,-0.001,-0.002,0.935,50.230
2610323024,2026-08-17 04:30:00,236.580,237.000,238.040,0.090,0.320,0.190,0.144,0.020,0.079,0.044,0.016,0.004,0.003,0.008,0.990,50.230
2510178139,2026-08-17 04:31:00,235.520,236.380,235.190,0.560,0.550,0.520,0.336,0.113,0.111,0.111,0.142,0.047,0.051,0.047,0.926,50.190
2510203107,2026-08-17 04:31:00,223.810,222.870,223.140,0.170,0.190,0.140,0.109,0.036,0.041,0.031,-0.013,-0.005,-0.003,-0.004,0.989,50.190
2510203125,2026-08-17 04:31:00,234.350,234.560,235.170,0.080,0.100,0.130,0.039,0.004,0.009,0.025,-0.053,-0.017,-0.020,-0.016,0.588,50.220
2510203103,2026-08-17 04:32:00,232.490,230.810,230.880,0.070,0.120,0.080,0.058,0.014,0.026,0.017,-0.016,-0.006,-0.005,-0.004,0.961,50.200
2610026966,2026-08-17 04:32:00,232.210,231.970,232.080,0.040,0.050,0.070,0.035,0.009,0.011,0.014,0.017,0.004,0.004,0.008,0.894,50.170
2610323004,2026-08-17 04:32:00,65.610,65.070,65.520,0.070,0.050,0.070,0.012,0.004,0.003,0.004,-0.002,0.000,0.000,-0.001,1.000,50.150
2246006313,2026-08-17 05:00:00,58.100,58.000,58.000,0.560,0.581,0.551,0.096,0.032,0.033,0.031,0.000,0.000,0.000,0.000,0.997,50.210
2410121326,2026-08-17 05:00:00,237.780,236.750,236.920,0.070,0.070,0.110,0.054,0.015,0.016,0.022,0.019,0.003,0.003,0.012,0.939,50.230
2410121353,2026-08-17 05:00:00,237.930,236.880,237.210,0.000,0.010,0.040,0.012,0.000,0.002,0.009,-0.001,0.000,0.000,0.000,0.972,50.220
2410121371,2026-08-17 05:00:00,238.110,237.000,237.180,0.030,0.010,0.040,0.017,0.008,0.000,0.008,-0.001,0.000,-0.001,0.000,0.978,50.240
2410121424,2026-08-17 05:00:00,237.750,236.720,236.400,0.010,0.010,0.010,0.004,0.000,0.001,0.002,-0.003,-0.001,-0.001,0.000,0.785,50.220
2410121440,2026-08-17 05:00:00,237.960,236.920,237.110,0.010,0.000,0.010,0.004,0.002,0.000,0.001,-0.002,-0.001,0.000,0.000,0.894,50.260
2410121454,2026-08-17 05:00:00,236.490,237.350,236.220,0.070,0.180,0.160,0.093,0.015,0.041,0.036,0.018,0.005,0.004,0.007,0.979,50.220
2410121457,2026-08-17 05:00:00,237.350,236.090,236.480,0.310,0.430,0.340,0.179,0.044,0.075,0.059,0.179,0.057,0.066,0.055,0.707,50.220
2410121574,2026-08-17 05:00:00,238.080,236.880,237.060,0.160,0.140,0.130,0.090,0.035,0.026,0.028,-0.042,-0.012,-0.017,-0.012,0.904,50.220
2410131378,2026-08-17 05:00:00,237.330,238.080,237.190,0.010,0.010,0.030,0.010,0.001,0.001,0.006,-0.003,-0.001,-0.001,0.000,0.953,50.230
2410131383,2026-08-17 05:00:00,234.680,235.290,234.460,0.030,0.020,0.060,0.024,0.006,0.003,0.014,-0.004,0.000,-0.001,-0.002,0.971,50.220
2410131384,2026-08-17 05:00:00,240.470,241.590,240.730,0.050,0.070,0.090,0.047,0.011,0.015,0.021,-0.006,0.000,-0.005,0.000,0.998,50.210
2410320615,2026-08-17 05:00:00,233.970,234.120,235.400,0.200,0.220,0.190,0.140,0.046,0.050,0.043,0.029,0.009,0.010,0.009,0.988,50.220
2410883988,2026-08-17 05:00:00,231.550,232.080,231.840,0.020,0.000,0.040,0.013,0.004,0.000,0.009,-0.001,0.000,0.000,0.000,0.968,50.250
2410883990,2026-08-17 05:00:00,231.670,231.350,231.100,0.020,0.000,0.070,0.019,0.003,0.000,0.016,0.004,0.001,0.000,0.002,0.968,50.190
2410883991,2026-08-17 05:00:00,240.610,240.450,241.620,0.170,0.170,0.080,0.100,0.040,0.039,0.019,0.011,0.003,0.007,0.000,0.990,50.210
2410883993,2026-08-17 05:00:00,240.960,240.040,240.050,0.470,0.750,0.450,0.400,0.113,0.178,0.108,-0.034,-0.006,-0.019,-0.008,0.997,50.180
2410883994,2026-08-17 05:00:00,241.390,240.440,240.480,0.010,0.040,0.020,0.016,0.001,0.010,0.004,-0.001,0.000,0.000,0.000,0.988,50.220
2410932742,2026-08-17 05:00:00,235.740,234.120,234.060,3.220,3.160,3.280,2.078,0.699,0.676,0.703,0.660,0.220,0.212,0.226,0.952,50.220
2411087432,2026-08-17 05:00:00,236.990,237.980,236.940,0.160,0.130,0.210,0.116,0.037,0.029,0.050,0.000,0.002,-0.004,0.002,0.999,50.260
2411087433,2026-08-17 05:00:00,240.760,240.640,241.690,0.260,0.250,0.250,0.182,0.062,0.058,0.057,-0.043,-0.012,-0.015,-0.015,0.968,50.190
2411290205,2026-08-17 05:00:00,235.430,234.410,234.540,0.110,0.130,0.140,0.090,0.026,0.031,0.032,0.007,0.002,0.002,0.002,0.991,50.220
2510014481,2026-08-17 05:00:00,235.120,235.120,236.400,1.990,1.800,2.140,1.108,0.371,0.331,0.424,0.443,0.151,0.146,0.145,0.941,50.190
2510014482,2026-08-17 05:00:00,237.180,238.000,236.970,0.010,0.040,0.000,0.012,0.002,0.009,0.000,-0.001,-0.002,0.000,0.000,1.000,50.270
2510014483,2026-08-17 05:00:00,240.410,240.250,241.250,0.040,0.030,0.050,0.017,0.006,0.004,0.006,-0.019,-0.005,-0.005,-0.008,0.675,50.190
2510014484,2026-08-17 05:00:00,235.150,234.100,234.480,0.100,0.350,0.070,0.120,0.023,0.081,0.015,-0.008,-0.001,-0.005,-0.001,0.995,50.250
2510178139,2026-08-17 05:00:00,236.830,237.640,236.580,0.380,0.370,0.360,0.227,0.079,0.072,0.075,0.119,0.039,0.042,0.037,0.888,50.220
2510178141,2026-08-17 05:00:00,236.850,237.000,237.760,0.020,0.010,0.020,0.007,0.002,0.000,0.004,-0.009,-0.004,-0.001,-0.002,0.650,50.240
2510203103,2026-08-17 05:00:00,232.400,230.790,230.840,0.060,0.100,0.060,0.047,0.012,0.021,0.013,-0.018,-0.006,-0.006,-0.005,0.928,50.210
2510203104,2026-08-17 05:00:00,234.760,234.460,235.480,0.200,0.230,0.200,0.182,0.059,0.064,0.058,0.018,0.000,0.008,0.008,0.990,50.210
2510203105,2026-08-17 05:00:00,238.670,237.040,237.210,0.010,0.100,0.010,0.029,0.003,0.023,0.002,0.006,0.000,0.006,0.000,0.991,50.210
2510203106,2026-08-17 05:00:00,235.030,233.980,234.250,0.030,0.040,0.050,0.025,0.006,0.008,0.010,-0.006,-0.003,-0.001,-0.002,0.977,50.210
2510203107,2026-08-17 05:00:00,223.640,222.730,222.940,0.120,0.130,0.110,0.046,0.015,0.019,0.012,-0.066,-0.023,-0.021,-0.021,0.576,50.190
2510203108,2026-08-17 05:00:00,236.640,237.370,236.500,0.560,0.810,0.870,0.511,0.130,0.187,0.194,0.052,0.020,0.027,0.003,0.995,50.230
2510203109,2026-08-17 05:00:00,240.440,241.490,240.620,0.150,0.080,0.080,0.072,0.033,0.019,0.019,0.014,0.013,0.002,-0.001,0.986,50.220
2510203111,2026-08-17 05:00:00,236.820,237.040,237.940,0.020,0.020,0.000,0.008,0.004,0.003,0.000,-0.001,-0.001,0.000,0.000,1.000,50.200
2510203113,2026-08-17 05:00:00,234.700,235.450,234.610,0.170,0.250,0.260,0.147,0.036,0.053,0.056,-0.052,-0.014,-0.020,-0.017,0.940,50.250
2510203114,2026-08-17 05:00:00,234.810,234.690,235.590,0.190,0.150,0.140,0.111,0.044,0.034,0.032,-0.016,-0.004,-0.007,-0.004,0.989,50.230
2510203115,2026-08-17 05:00:00,233.660,234.270,234.960,0.000,0.000,0.000,0.000,0.000,0.000,0.000,0.000,0.000,0.000,0.000,1.000,50.200
2510203117,2026-08-17 05:00:00,231.950,231.570,231.260,0.320,0.280,0.040,0.144,0.072,0.063,0.009,-0.024,-0.012,-0.007,-0.003,0.985,50.250
2510203118,2026-08-17 05:00:00,127.240,127.050,127.660,0.210,0.210,0.220,0.004,0.002,0.001,0.001,-0.080,-0.026,-0.026,-0.027,0.055,50.190
2510203119,2026-08-17 05:00:00,231.660,231.240,231.010,0.000,0.000,0.000,0.000,0.000,0.000,0.000,0.000,0.000,0.000,0.000,1.000,50.220
2510203120,2026-08-17 05:00:00,240.920,240.040,239.980,0.730,0.540,0.520,0.403,0.165,0.119,0.118,0.141,0.056,0.046,0.039,0.942,50.230
2510203121,2026-08-17 05:00:00,231.450,231.220,231.750,0.090,0.110,0.200,0.087,0.019,0.024,0.043,-0.025,-0.005,-0.008,-0.011,0.962,50.220
2510203122,2026-08-17 05:00:00,237.060,238.030,236.930,0.150,0.020,0.010,0.026,0.021,0.003,0.001,0.026,0.029,-0.001,-0.001,0.710,50.240
2510203123,2026-08-17 05:00:00,237.030,237.140,238.050,0.010,0.010,0.000,0.005,0.002,0.003,0.000,-0.003,-0.001,-0.001,0.000,0.832,50.210
2510203124,2026-08-17 05:00:00,237.350,237.790,236.810,0.060,0.070,0.080,0.042,0.012,0.013,0.017,0.023,0.007,0.007,0.008,0.869,50.240
2510203125,2026-08-17 05:00:00,234.330,234.520,235.220,0.080,0.100,0.130,0.039,0.004,0.009,0.024,-0.054,-0.017,-0.020,-0.016,0.586,50.200
2510203126,2026-08-17 05:00:00,231.600,231.240,231.920,0.040,0.020,0.000,0.013,0.009,0.004,0.000,-0.001,-0.001,0.000,0.000,1.000,50.240
2510203127,2026-08-17 05:00:00,236.810,237.770,236.750,0.040,0.010,0.040,0.020,0.009,0.002,0.008,-0.006,0.000,0.000,-0.005,0.968,50.230
2510203128,2026-08-17 05:00:00,239.980,240.720,239.370,1.380,1.400,1.490,0.991,0.320,0.323,0.347,0.030,-0.004,0.005,0.028,0.999,50.210
2510203130,2026-08-17 05:00:00,249.800,249.600,251.280,0.000,0.010,0.010,0.003,0.000,0.001,0.001,0.000,0.000,0.000,0.000,0.888,50.230
2510203133,2026-08-17 05:00:00,237.110,238.050,237.010,0.030,0.020,0.000,0.012,0.007,0.004,0.000,-0.001,0.000,-0.002,0.000,0.982,50.240
2510203134,2026-08-17 05:00:00,241.710,240.690,240.510,0.020,0.010,0.010,0.007,0.004,0.002,0.001,-0.002,0.000,-0.001,0.000,0.989,50.210
2510224049,2026-08-17 05:00:00,230.990,231.400,231.390,2.250,15.380,3.590,4.400,0.490,3.250,0.650,-1.020,-0.150,-0.690,-0.160,0.974,50.200
2510224167,2026-08-17 05:00:00,231.480,231.040,231.730,10.380,11.700,11.550,7.280,2.270,2.550,2.450,-2.270,-0.690,-0.800,-0.780,0.954,50.250
2510317505,2026-08-17 05:00:00,231.550,231.240,231.740,5.720,9.790,7.660,4.980,1.240,2.160,1.570,-1.660,-0.410,-0.620,-0.620,0.948,50.230
2510317516,2026-08-17 05:00:00,231.690,231.310,231.910,0.000,0.000,0.000,0.000,0.000,0.000,0.000,0.000,0.000,0.000,0.000,1.000,50.250
2510317537,2026-08-17 05:00:00,240.370,240.180,241.130,2.400,2.280,2.240,1.580,0.540,0.530,0.500,-0.260,-0.080,-0.080,-0.090,0.985,50.250
2510389559,2026-08-17 05:00:00,235.890,234.710,234.910,0.000,0.000,0.000,0.000,0.000,0.000,0.000,0.000,0.000,0.000,0.000,1.000,50.260
2510389643,2026-08-17 05:00:00,235.270,234.060,234.260,5.140,9.520,4.060,4.210,1.100,2.170,0.930,-0.770,-0.160,-0.440,-0.160,0.983,50.230
2510389931,2026-08-17 05:00:00,234.400,232.970,233.670,3.130,17.990,7.180,6.550,0.720,4.160,1.660,-0.700,-0.100,-0.390,-0.200,0.994,50.190
2510633381,2026-08-17 05:00:00,241.300,240.380,240.310,0.050,0.070,0.010,0.028,0.010,0.015,0.002,-0.014,-0.005,-0.006,-0.001,0.902,50.230
2510633383,2026-08-17 05:00:00,236.800,236.950,237.810,0.110,0.090,0.090,0.019,0.007,0.002,0.009,-0.064,-0.025,-0.020,-0.019,0.284,50.230
2510633385,2026-08-17 05:00:00,235.620,234.460,234.670,0.100,0.350,0.330,0.182,0.023,0.082,0.076,-0.004,-0.005,-0.006,0.006,1.000,50.220
2510633386,2026-08-17 05:00:00,230.640,230.380,231.490,1.270,1.280,1.250,0.020,0.010,0.005,0.004,-0.828,-0.274,-0.276,-0.277,0.024,50.230
2510633387,2026-08-17 05:00:00,236.770,237.750,236.740,0.010,0.000,0.000,0.002,0.002,0.000,0.000,0.000,0.000,0.000,0.000,0.816,50.220
2510633389,2026-08-17 05:00:00,234.600,235.310,234.230,0.140,0.150,0.130,0.047,0.012,0.020,0.014,-0.086,-0.030,-0.029,-0.026,0.477,50.210
2510633391,2026-08-17 05:00:00,124.820,124.270,124.340,0.000,0.000,0.000,0.000,0.000,0.000,0.000,0.000,0.000,0.000,0.000,1.000,50.230
2510633393,2026-08-17 05:00:00,233.500,233.860,234.550,1.060,1.080,1.070,0.684,0.223,0.232,0.227,0.165,0.059,0.047,0.061,0.972,50.250
2510633395,2026-08-17 05:00:00,237.110,237.850,236.890,0.000,0.000,0.000,0.000,0.000,0.000,0.000,0.000,0.000,0.000,0.000,1.000,50.240
2510633396,2026-08-17 05:00:00,237.710,236.680,237.190,0.120,0.150,0.110,0.073,0.021,0.031,0.020,0.049,0.016,0.017,0.015,0.829,50.240
2510633397,2026-08-17 05:00:00,247.690,246.640,246.590,0.010,0.030,0.020,0.015,0.002,0.008,0.004,-0.003,-0.002,-0.001,0.000,0.957,50.210
2510633399,2026-08-17 05:00:00,231.400,231.080,231.760,0.240,0.280,0.290,0.187,0.056,0.064,0.066,0.005,0.003,0.001,0.000,1.000,50.230
2510633400,2026-08-17 05:00:00,230.710,231.350,231.020,0.210,0.250,0.220,0.158,0.048,0.057,0.051,0.044,0.013,0.015,0.014,0.964,50.230
2510633402,2026-08-17 05:00:00,236.950,236.870,238.370,0.370,0.400,0.420,0.146,0.042,0.049,0.070,0.063,0.020,0.019,0.022,0.974,50.240
2510633406,2026-08-17 05:00:00,231.480,231.130,231.770,0.160,0.190,0.170,0.111,0.034,0.038,0.037,-0.036,-0.010,-0.012,-0.012,0.952,50.200
2510633410,2026-08-17 05:00:00,231.580,231.240,231.840,0.030,0.010,0.010,0.011,0.007,0.003,0.001,-0.004,-0.001,-0.001,-0.001,0.918,50.200
2510633411,2026-08-17 05:00:00,230.390,230.070,229.700,1.080,0.970,1.070,0.674,0.235,0.208,0.230,0.198,0.066,0.061,0.070,0.959,50.230
2510814977,2026-08-17 05:00:00,236.740,238.150,236.740,0.010,0.020,0.010,0.008,0.001,0.004,0.002,-0.004,-0.001,-0.001,-0.001,0.870,50.190
2610026950,2026-08-17 05:00:00,231.750,231.330,231.060,0.000,0.000,0.010,0.004,0.000,0.000,0.002,-0.001,0.000,0.000,0.000,1.000,50.190
2610026953,2026-08-17 05:00:00,235.400,234.290,234.520,0.110,0.090,0.100,0.070,0.026,0.021,0.022,0.008,0.002,0.004,0.002,0.993,50.210
2610026963,2026-08-17 05:00:00,237.210,237.240,238.160,0.170,0.100,0.090,0.072,0.036,0.019,0.016,-0.045,-0.017,-0.013,-0.014,0.839,50.230
2610026966,2026-08-17 05:00:00,232.140,231.880,231.960,0.050,0.030,0.070,0.032,0.009,0.007,0.015,0.017,0.005,0.003,0.008,0.884,50.230
2610026976,2026-08-17 05:00:00,236.810,237.000,238.000,0.250,0.210,0.080,0.126,0.057,0.050,0.018,0.003,0.009,0.000,-0.004,0.997,50.250
2610026977,2026-08-17 05:00:00,243.150,242.850,242.730,0.100,0.000,0.280,0.089,0.022,0.000,0.066,-0.015,-0.004,0.000,-0.010,0.985,50.230
2610126270,2026-08-17 05:00:00,231.080,231.580,231.420,0.020,0.010,0.010,0.008,0.003,0.002,0.002,-0.004,-0.001,-0.001,-0.001,0.841,50.200
2610126451,2026-08-17 05:00:00,237.130,237.910,237.090,0.010,0.010,0.030,0.012,0.002,0.001,0.008,-0.001,0.000,0.000,0.000,0.990,50.200
2610159557,2026-08-17 05:00:00,241.480,240.630,240.420,0.010,0.000,0.020,0.004,0.000,0.000,0.003,-0.004,-0.002,0.000,-0.001,0.734,50.190
2610170837,2026-08-17 05:00:00,237.930,236.360,236.430,0.020,0.000,0.010,0.007,0.004,0.000,0.002,0.000,0.000,0.000,0.000,1.000,50.200
2610170838,2026-08-17 05:00:00,241.290,240.270,240.270,0.050,0.020,0.000,0.018,0.012,0.005,0.000,0.000,0.000,0.000,0.000,1.000,50.260
2610170840,2026-08-17 05:00:00,234.450,233.100,233.780,0.090,0.450,0.180,0.166,0.020,0.104,0.041,-0.018,-0.002,-0.010,-0.005,0.991,50.200
2610322967,2026-08-17 05:00:00,241.620,240.570,240.210,0.000,0.000,0.010,0.001,0.000,0.000,0.001,0.000,0.000,0.000,0.000,1.000,50.190
2610322969,2026-08-17 05:00:00,231.720,231.360,231.040,0.020,0.000,0.120,0.032,0.004,0.000,0.027,0.001,-0.001,0.000,0.003,0.987,50.200
2610322997,2026-08-17 05:00:00,236.490,238.040,236.520,0.090,0.130,0.100,0.055,0.014,0.024,0.015,0.049,0.015,0.017,0.017,0.746,50.190
2610323001,2026-08-17 05:00:00,237.920,236.350,236.370,0.350,0.350,0.290,0.224,0.074,0.082,0.067,0.037,0.013,0.012,0.011,0.985,50.180
2610323004,2026-08-17 05:00:00,65.650,65.100,65.560,0.090,0.070,0.080,0.015,0.005,0.004,0.005,-0.001,0.000,0.000,-0.001,1.000,50.180
2610323005,2026-08-17 05:00:00,231.280,231.770,231.440,0.000,0.000,0.000,0.001,0.000,0.001,0.000,0.000,0.000,0.000,0.000,0.931,50.170
2610323016,2026-08-17 05:00:00,238.200,236.750,236.800,0.250,0.260,0.210,0.159,0.055,0.057,0.046,0.058,0.017,0.022,0.018,0.939,50.230
2610323019,2026-08-17 05:00:00,231.050,231.750,231.490,0.060,0.020,0.030,0.022,0.012,0.004,0.005,-0.008,-0.004,-0.002,-0.002,0.966,50.190
2610323024,2026-08-17 05:00:00,236.600,237.010,238.110,0.090,0.290,0.170,0.128,0.020,0.068,0.039,0.014,0.004,0.001,0.008,0.994,50.180
2510633390,2026-08-17 05:01:00,240.560,241.730,240.580,1.450,1.460,1.390,0.967,0.283,0.366,0.317,0.297,0.081,0.088,0.127,0.943,50.220
2610026952,2026-08-17 05:01:00,237.220,236.100,236.350,0.010,0.020,0.010,0.007,0.001,0.003,0.002,-0.003,0.000,-0.001,-0.001,0.892,50.230
2610170786,2026-08-17 05:01:00,241.000,240.870,242.000,0.060,0.050,0.040,0.035,0.013,0.010,0.010,-0.004,-0.001,-0.001,-0.001,0.977,50.230
2610170836,2026-08-17 05:01:00,237.090,237.920,236.910,0.010,0.000,0.000,0.000,0.000,0.000,0.000,0.000,-0.001,0.000,0.000,0.754,50.220
2410131387,2026-08-17 05:02:00,235.660,235.870,236.560,0.030,0.030,0.030,0.021,0.006,0.007,0.006,-0.004,0.000,-0.001,-0.001,0.978,50.190
2246006313,2026-08-17 05:30:00,57.900,57.800,57.700,0.520,0.546,0.519,0.090,0.030,0.031,0.029,0.000,0.000,0.000,0.000,0.995,50.140
2410121326,2026-08-17 05:30:00,236.600,235.560,235.820,0.040,0.050,0.070,0.038,0.010,0.011,0.016,0.001,0.000,-0.002,0.004,1.000,50.140
2410121353,2026-08-17 05:30:00,236.980,235.920,236.110,0.000,0.010,0.040,0.012,0.000,0.002,0.010,-0.001,0.000,0.000,0.000,0.972,50.180
2410121371,2026-08-17 05:30:00,236.840,235.670,235.940,0.040,0.010,0.040,0.019,0.009,0.000,0.010,0.000,0.001,-0.001,0.000,0.986,50.120
2410121424,2026-08-17 05:30:00,236.750,235.750,235.910,0.010,0.010,0.010,0.004,0.000,0.001,0.002,-0.003,-0.001,-0.001,0.000,0.768,50.160
2410121440,2026-08-17 05:30:00,236.660,235.580,235.800,0.010,0.000,0.010,0.004,0.002,0.000,0.001,-0.002,-0.001,0.000,0.000,0.891,50.120
2410121454,2026-08-17 05:30:00,235.910,236.820,235.730,0.070,0.110,0.150,0.075,0.015,0.024,0.034,0.021,0.006,0.007,0.007,0.966,50.150
2410121457,2026-08-17 05:30:00,236.540,235.420,235.740,0.310,0.370,0.350,0.165,0.045,0.061,0.059,0.176,0.058,0.061,0.056,0.683,50.210
2410121574,2026-08-17 05:30:00,236.960,235.690,235.960,0.160,0.150,0.130,0.095,0.035,0.031,0.027,-0.040,-0.011,-0.015,-0.012,0.919,50.170
2410131378,2026-08-17 05:30:00,236.240,237.030,236.110,0.010,0.010,0.030,0.010,0.001,0.001,0.006,-0.003,-0.001,-0.001,0.000,0.941,50.140
2410131383,2026-08-17 05:30:00,233.940,234.460,233.630,0.030,0.020,0.040,0.019,0.006,0.003,0.010,-0.005,-0.001,-0.001,-0.002,0.947,50.140
2410131384,2026-08-17 05:30:00,239.070,240.090,239.110,0.760,1.100,1.270,0.952,0.241,0.337,0.373,0.094,0.032,0.024,0.037,0.993,50.150
2410131387,2026-08-17 05:30:00,234.850,235.250,235.900,0.020,0.010,0.020,0.011,0.004,0.003,0.003,-0.001,0.000,0.000,-0.001,1.000,50.150
2410320615,2026-08-17 05:30:00,233.490,233.630,234.860,0.140,0.190,0.150,0.109,0.032,0.043,0.034,0.009,0.002,0.003,0.003,0.990,50.160
2410883988,2026-08-17 05:30:00,230.560,231.200,230.710,0.000,0.000,0.020,0.003,0.000,0.000,0.003,0.000,0.000,0.000,0.000,0.944,50.140
2410883990,2026-08-17 05:30:00,230.800,230.320,230.200,0.020,0.000,0.120,0.029,0.003,0.000,0.026,0.001,0.001,0.000,0.000,0.986,50.140
2410883991,2026-08-17 05:30:00,239.160,239.260,240.360,0.290,0.050,0.070,0.096,0.069,0.010,0.016,0.001,0.002,-0.002,0.001,0.997,50.180
2410883994,2026-08-17 05:30:00,240.230,239.130,239.230,0.010,0.050,0.010,0.015,0.002,0.011,0.002,-0.001,0.000,0.000,0.000,0.991,50.170
2410932742,2026-08-17 05:30:00,234.580,232.900,232.930,3.240,3.180,3.320,2.090,0.700,0.679,0.711,0.647,0.218,0.206,0.222,0.955,50.150
2411087432,2026-08-17 05:30:00,235.870,236.790,235.680,0.160,0.120,0.200,0.114,0.037,0.028,0.047,-0.005,0.002,-0.004,-0.003,1.000,50.130
2411087433,2026-08-17 05:30:00,239.350,239.290,240.370,0.200,0.170,0.200,0.144,0.051,0.047,0.050,0.036,0.012,0.012,0.011,0.969,50.170
2411290205,2026-08-17 05:30:00,234.040,233.160,233.280,0.080,0.030,0.090,0.046,0.019,0.007,0.019,0.005,0.002,0.000,0.002,0.992,50.150
2510014481,2026-08-17 05:30:00,234.120,234.170,235.490,1.310,1.420,1.640,1.060,0.357,0.332,0.370,0.366,0.122,0.119,0.124,0.933,50.170
2510014482,2026-08-17 05:30:00,235.970,236.720,235.610,0.010,0.040,0.000,0.011,0.002,0.009,0.000,-0.001,-0.002,0.000,0.000,0.992,50.130
2510014483,2026-08-17 05:30:00,239.140,239.110,240.140,0.030,0.030,0.050,0.017,0.006,0.004,0.006,-0.018,-0.004,-0.005,-0.008,0.668,50.150
2510014484,2026-08-17 05:30:00,234.250,233.250,233.650,0.090,0.350,0.050,0.114,0.021,0.080,0.012,-0.004,-0.001,-0.003,0.000,0.998,50.140
2510178139,2026-08-17 05:30:00,235.560,236.420,235.250,0.330,0.320,0.310,0.206,0.071,0.065,0.068,0.081,0.027,0.028,0.025,0.933,50.190
2510178141,2026-08-17 05:30:00,235.500,235.710,236.450,0.020,0.010,0.020,0.005,0.002,0.000,0.002,-0.009,-0.004,-0.001,-0.002,0.545,50.130
2510203103,2026-08-17 05:30:00,231.430,229.760,229.810,0.070,0.080,0.100,0.055,0.015,0.017,0.021,-0.017,-0.005,-0.007,-0.004,0.950,50.150
2510203104,2026-08-17 05:30:00,233.490,233.270,234.350,0.150,0.200,0.100,0.103,0.035,0.045,0.022,0.013,-0.001,0.008,0.007,0.991,50.130
2510203105,2026-08-17 05:30:00,237.290,235.520,235.840,0.010,0.100,0.010,0.029,0.003,0.023,0.002,0.007,0.000,0.007,0.000,0.968,50.180
2510203106,2026-08-17 05:30:00,233.980,233.020,233.330,0.010,0.010,0.000,0.006,0.002,0.002,0.000,-0.002,-0.001,0.000,0.000,0.887,50.140
2510203107,2026-08-17 05:30:00,223.000,222.150,222.360,0.130,0.130,0.110,0.067,0.023,0.025,0.018,-0.043,-0.015,-0.013,-0.014,0.836,50.150
2510203108,2026-08-17 05:30:00,236.060,236.620,235.700,0.370,0.880,0.900,0.476,0.085,0.190,0.200,0.047,0.014,0.029,0.003,0.995,50.160
2510203109,2026-08-17 05:30:00,239.140,240.180,239.220,0.150,0.060,0.030,0.056,0.033,0.014,0.007,0.018,0.014,0.003,0.001,0.950,50.190
2510203111,2026-08-17 05:30:00,235.870,236.200,237.010,0.010,0.010,0.000,0.006,0.002,0.003,0.000,-0.001,-0.001,0.000,0.000,1.000,50.140
2510203113,2026-08-17 05:30:00,233.600,234.270,233.530,0.140,0.200,0.180,0.105,0.028,0.038,0.037,-0.053,-0.013,-0.019,-0.020,0.894,50.130
2510203114,2026-08-17 05:30:00,233.400,233.390,234.350,0.160,0.150,0.140,0.116,0.037,0.047,0.032,-0.015,-0.004,-0.006,-0.004,0.992,50.200
2510203115,2026-08-17 05:30:00,233.160,233.700,234.280,0.000,0.000,0.000,0.000,0.000,0.000,0.000,0.000,0.000,0.000,0.000,1.000,50.170
2510203117,2026-08-17 05:30:00,231.150,230.630,230.400,0.070,0.120,0.010,0.043,0.015,0.026,0.001,-0.015,-0.006,-0.006,-0.001,0.945,50.150
2510203118,2026-08-17 05:30:00,126.510,126.380,127.000,0.210,0.210,0.210,0.004,0.002,0.001,0.001,-0.079,-0.026,-0.025,-0.027,0.055,50.170
2510203119,2026-08-17 05:30:00,231.060,230.530,230.320,0.000,0.000,0.000,0.000,0.000,0.000,0.000,0.000,0.000,0.000,0.000,1.000,50.140
2510203120,2026-08-17 05:30:00,240.010,238.960,239.020,0.660,0.480,0.440,0.358,0.148,0.107,0.102,0.113,0.045,0.038,0.029,0.953,50.150
2510203121,2026-08-17 05:30:00,230.630,230.530,231.160,0.330,0.310,0.410,0.247,0.076,0.072,0.095,0.029,0.012,0.009,0.007,0.992,50.180
2510203122,2026-08-17 05:30:00,235.970,236.880,235.760,0.080,0.030,0.010,0.019,0.010,0.007,0.001,0.015,0.014,0.001,-0.001,0.798,50.140
2510203123,2026-08-17 05:30:00,235.730,235.980,236.930,0.020,0.010,0.000,0.007,0.004,0.003,0.000,0.000,0.001,0.000,0.000,0.950,50.130
2510203124,2026-08-17 05:30:00,236.110,236.610,235.560,0.060,0.060,0.080,0.042,0.012,0.013,0.016,0.023,0.007,0.007,0.008,0.879,50.200
2510203125,2026-08-17 05:30:00,233.650,233.970,234.600,0.080,0.080,0.090,0.023,0.004,0.004,0.013,-0.050,-0.017,-0.018,-0.014,0.413,50.170
2510203126,2026-08-17 05:30:00,230.880,230.660,231.390,0.020,0.000,0.000,0.003,0.003,0.000,0.000,0.000,0.000,0.000,0.000,0.917,50.160
2510203127,2026-08-17 05:30:00,235.800,236.660,235.650,0.040,0.010,0.040,0.020,0.009,0.002,0.008,-0.006,0.000,0.000,-0.005,0.956,50.150
2510203128,2026-08-17 05:30:00,239.000,239.760,238.230,1.460,1.510,1.560,1.049,0.339,0.350,0.360,0.054,0.001,0.014,0.038,0.998,50.160
2510203130,2026-08-17 05:30:00,248.050,248.070,249.660,0.010,0.010,0.010,0.006,0.003,0.001,0.001,0.000,0.000,0.000,0.000,0.944,50.200
2510203133,2026-08-17 05:30:00,235.720,236.510,235.570,0.040,0.020,0.000,0.013,0.008,0.003,0.000,-0.001,0.000,-0.002,0.000,0.984,50.140
2510203134,2026-08-17 05:30:00,240.550,239.400,239.280,0.020,0.010,0.010,0.007,0.004,0.002,0.001,-0.001,0.000,-0.001,0.000,0.986,50.150
2510224049,2026-08-17 05:30:00,230.190,230.800,230.370,0.050,1.230,0.020,0.170,0.000,0.160,0.000,-0.140,0.000,-0.130,0.000,0.743,50.140
2510224167,2026-08-17 05:30:00,230.320,229.940,230.700,0.750,0.120,0.360,0.170,0.090,0.010,0.050,-0.160,-0.080,-0.020,-0.050,0.728,50.130
2510317505,2026-08-17 05:30:00,230.290,230.160,230.660,0.070,0.020,2.240,0.270,0.010,0.000,0.260,-0.250,0.000,0.000,-0.240,0.743,50.140
2510317516,2026-08-17 05:30:00,230.550,230.280,230.950,0.000,0.000,0.000,0.000,0.000,0.000,0.000,0.000,0.000,0.000,0.000,1.000,50.120
2510317537,2026-08-17 05:30:00,238.970,238.890,239.950,2.040,2.090,1.880,1.310,0.420,0.450,0.420,-0.260,-0.070,-0.090,-0.090,0.981,50.140
2510389643,2026-08-17 05:30:00,234.570,233.560,233.730,0.330,0.000,0.000,0.070,0.070,0.000,0.000,-0.010,-0.010,0.000,0.000,0.989,50.130
2510389931,2026-08-17 05:30:00,234.080,232.890,233.420,0.050,0.000,0.000,0.000,0.000,0.000,0.000,-0.010,-0.010,0.000,0.000,0.185,50.140
2510633381,2026-08-17 05:30:00,240.150,239.090,239.160,0.030,0.060,0.010,0.023,0.006,0.014,0.001,-0.011,-0.004,-0.005,-0.001,0.890,50.180
2510633383,2026-08-17 05:30:00,235.520,235.660,236.560,0.110,0.090,0.340,0.086,0.005,0.002,0.078,-0.064,-0.025,-0.019,-0.019,0.801,50.170
2510633386,2026-08-17 05:30:00,229.540,229.370,230.520,1.240,1.250,1.230,0.018,0.008,0.005,0.003,-0.820,-0.271,-0.273,-0.274,0.022,50.220
2510633387,2026-08-17 05:30:00,236.110,236.940,235.980,0.010,0.000,0.000,0.002,0.002,0.000,0.000,0.000,0.000,0.000,0.000,1.000,50.220
2510633389,2026-08-17 05:30:00,234.510,235.040,234.080,0.160,0.160,0.130,0.071,0.025,0.025,0.020,-0.081,-0.028,-0.028,-0.024,0.643,50.210
2510633390,2026-08-17 05:30:00,239.270,240.380,239.280,1.310,1.470,1.340,0.965,0.310,0.392,0.326,0.231,0.049,0.057,0.124,0.974,50.190
2510633391,2026-08-17 05:30:00,124.190,123.620,123.740,0.000,0.000,0.000,0.000,0.000,0.000,0.000,0.000,0.000,0.000,0.000,1.000,50.140
2510633395,2026-08-17 05:30:00,235.840,236.580,235.600,0.000,0.000,0.000,0.000,0.000,0.000,0.000,0.000,0.000,0.000,0.000,1.000,50.200
2510633396,2026-08-17 05:30:00,236.570,235.510,236.090,0.120,0.150,0.110,0.073,0.021,0.032,0.020,0.048,0.016,0.016,0.015,0.840,50.190
2510633397,2026-08-17 05:30:00,246.890,245.790,245.800,0.010,0.020,0.010,0.009,0.002,0.004,0.002,-0.002,-0.002,-0.001,0.000,0.932,50.180
2510633399,2026-08-17 05:30:00,230.620,230.380,231.160,0.220,0.290,0.290,0.182,0.049,0.066,0.066,0.006,0.002,0.002,0.001,0.997,50.170
2510633400,2026-08-17 05:30:00,230.140,230.900,230.320,0.200,0.240,0.220,0.149,0.046,0.054,0.049,0.045,0.014,0.016,0.015,0.953,50.140
2510633402,2026-08-17 05:30:00,235.230,235.150,236.760,0.440,0.450,0.470,0.361,0.117,0.119,0.120,0.053,0.017,0.017,0.017,0.986,50.190
2510633406,2026-08-17 05:30:00,230.680,230.420,231.130,0.010,0.010,0.010,0.003,0.001,0.000,0.000,-0.003,-0.001,0.000,-0.001,0.693,50.180
2510633410,2026-08-17 05:30:00,230.620,230.430,231.080,0.030,0.010,0.010,0.010,0.006,0.003,0.001,-0.005,-0.003,-0.001,-0.001,0.851,50.180
2510633411,2026-08-17 05:30:00,229.830,229.220,228.970,1.080,1.000,1.070,0.670,0.232,0.211,0.227,0.212,0.069,0.067,0.075,0.955,50.140
2510814977,2026-08-17 05:30:00,235.320,236.710,235.320,0.010,0.010,0.010,0.005,0.002,0.000,0.002,-0.002,0.000,-0.001,-0.001,0.973,50.160
2610026950,2026-08-17 05:30:00,231.210,230.610,230.500,0.000,0.000,0.010,0.004,0.000,0.000,0.002,-0.001,0.000,0.000,0.000,1.000,50.180
2610026952,2026-08-17 05:30:00,236.790,235.580,235.840,0.010,0.020,0.010,0.007,0.001,0.004,0.002,-0.003,0.000,-0.001,-0.001,0.916,50.160
2610026953,2026-08-17 05:30:00,234.450,233.350,233.640,0.110,0.090,0.090,0.068,0.025,0.021,0.021,0.008,0.002,0.003,0.002,0.988,50.190
2610026963,2026-08-17 05:30:00,235.950,235.980,236.930,0.130,0.070,0.080,0.050,0.025,0.012,0.012,-0.038,-0.015,-0.010,-0.012,0.789,50.190
2610026966,2026-08-17 05:30:00,231.430,231.360,231.230,0.080,0.040,0.080,0.043,0.018,0.008,0.016,0.018,0.005,0.004,0.009,0.913,50.200
2610026976,2026-08-17 05:30:00,235.530,235.820,236.830,0.250,0.220,0.080,0.128,0.057,0.052,0.019,0.002,0.008,0.000,-0.004,0.998,50.180
2610026977,2026-08-17 05:30:00,242.270,241.960,242.090,0.000,0.230,0.000,0.054,0.000,0.054,0.000,-0.001,0.000,0.000,0.000,0.995,50.140
2610126270,2026-08-17 05:30:00,230.250,230.780,230.440,0.020,0.010,0.010,0.007,0.003,0.002,0.002,-0.004,-0.001,-0.001,-0.001,0.854,50.140
2610126451,2026-08-17 05:30:00,236.000,236.700,235.680,0.000,0.000,0.050,0.013,0.000,0.000,0.012,0.001,0.000,0.000,0.001,0.966,50.180
2610159557,2026-08-17 05:30:00,240.180,239.210,239.100,0.010,0.000,0.000,0.001,0.000,0.000,0.000,-0.004,-0.002,0.000,0.000,0.367,50.180
2610170786,2026-08-17 05:30:00,239.470,239.400,240.580,0.050,0.050,0.040,0.032,0.011,0.010,0.010,-0.004,0.000,-0.001,-0.001,0.986,50.130
2610170836,2026-08-17 05:30:00,235.660,236.560,235.420,0.010,0.000,0.000,0.000,0.000,0.000,0.000,0.000,-0.001,0.000,0.000,0.748,50.150
2610170837,2026-08-17 05:30:00,236.930,235.290,235.400,0.020,0.000,0.020,0.009,0.004,0.000,0.004,0.001,0.000,0.000,0.000,0.969,50.150
2610170838,2026-08-17 05:30:00,240.090,238.950,238.990,0.020,0.010,0.000,0.007,0.004,0.002,0.000,0.000,0.000,0.000,0.000,0.994,50.130
2610170840,2026-08-17 05:30:00,234.170,232.980,233.540,0.000,0.000,0.000,0.000,0.000,0.000,0.000,0.000,0.000,0.000,0.000,0.493,50.140
2610322967,2026-08-17 05:30:00,240.530,239.430,239.190,0.000,0.000,0.010,0.001,0.000,0.000,0.001,0.000,0.000,0.000,0.000,1.000,50.180
2610322969,2026-08-17 05:30:00,231.120,230.540,230.350,0.020,0.010,0.120,0.032,0.004,0.001,0.027,0.001,-0.001,0.000,0.003,0.990,50.180
2610322997,2026-08-17 05:30:00,235.220,236.740,235.220,0.090,0.130,0.110,0.059,0.015,0.024,0.019,0.052,0.015,0.018,0.018,0.746,50.140
2610323001,2026-08-17 05:30:00,236.570,235.020,235.030,0.370,0.270,0.210,0.184,0.073,0.062,0.047,0.037,0.013,0.013,0.010,0.980,50.150
2610323004,2026-08-17 05:30:00,65.230,64.700,65.150,0.080,0.060,0.080,0.014,0.005,0.004,0.004,-0.002,0.000,0.000,-0.001,1.000,50.160
2610323005,2026-08-17 05:30:00,230.530,231.090,230.650,0.000,0.000,0.000,0.001,0.000,0.001,0.000,0.000,0.000,0.000,0.000,0.919,50.150
2610323016,2026-08-17 05:30:00,236.740,235.170,235.240,0.260,0.270,0.220,0.166,0.058,0.059,0.047,0.059,0.017,0.022,0.018,0.939,50.140
2610323019,2026-08-17 05:30:00,230.390,231.120,230.620,0.060,0.020,0.030,0.024,0.012,0.005,0.006,-0.006,-0.003,-0.001,-0.001,0.979,50.150
2610323024,2026-08-17 05:30:00,235.570,236.030,237.050,0.070,0.250,0.130,0.104,0.016,0.058,0.029,0.003,0.001,-0.003,0.005,1.000,50.150
2410883993,2026-08-17 05:31:00,239.870,238.940,239.070,0.430,0.630,0.350,0.333,0.102,0.147,0.083,-0.029,-0.003,-0.017,-0.009,0.997,50.150
2510389559,2026-08-17 05:31:00,234.990,234.220,234.460,0.000,0.000,0.000,0.000,0.000,0.000,0.000,0.000,0.000,0.000,0.000,1.000,50.150
2510633385,2026-08-17 05:31:00,234.670,233.760,233.940,0.170,0.170,0.270,0.137,0.036,0.038,0.062,0.023,0.011,0.002,0.009,0.985,50.190
2510633393,2026-08-17 05:31:00,231.590,231.960,232.520,1.540,1.550,1.560,0.980,0.323,0.330,0.327,0.269,0.093,0.078,0.098,0.963,50.140
2246006313,2026-08-17 06:00:00,57.800,57.700,57.600,0.510,0.534,0.508,0.089,0.029,0.030,0.029,0.000,0.000,0.000,0.000,0.995,50.120
2410121326,2026-08-17 06:00:00,235.190,234.070,234.320,0.040,0.050,0.070,0.037,0.009,0.012,0.015,0.001,-0.001,-0.001,0.004,0.994,50.190
2410121353,2026-08-17 06:00:00,235.190,234.090,234.320,0.000,0.010,0.040,0.013,0.000,0.003,0.009,-0.001,0.000,0.000,0.000,1.000,50.180
2410121371,2026-08-17 06:00:00,235.270,234.040,234.290,0.010,0.010,0.070,0.017,0.001,0.000,0.015,-0.003,0.000,-0.001,-0.001,1.000,50.150
2410121424,2026-08-17 06:00:00,235.100,234.150,234.370,0.010,0.010,0.010,0.004,0.000,0.001,0.002,-0.003,-0.001,-0.001,0.000,0.753,50.170
2410121440,2026-08-17 06:00:00,234.880,233.840,234.050,0.010,0.000,0.010,0.004,0.002,0.000,0.001,-0.002,-0.001,0.000,0.000,0.828,50.150
2410121454,2026-08-17 06:00:00,234.200,235.070,233.910,0.090,0.150,0.200,0.095,0.018,0.033,0.043,0.026,0.008,0.008,0.009,0.960,50.170
2410121457,2026-08-17 06:00:00,234.560,233.490,233.780,0.340,0.380,0.350,0.175,0.053,0.062,0.059,0.176,0.058,0.061,0.055,0.704,50.180
2410121574,2026-08-17 06:00:00,234.250,233.240,233.260,1.700,1.360,1.410,0.960,0.369,0.289,0.301,0.081,0.036,0.015,0.031,0.996,50.190
2410131378,2026-08-17 06:00:00,234.430,235.200,234.300,0.010,0.010,0.050,0.015,0.001,0.001,0.012,-0.004,-0.001,-0.001,-0.001,0.953,50.180
2410131383,2026-08-17 06:00:00,233.670,234.240,233.520,0.020,0.020,0.050,0.021,0.005,0.004,0.012,-0.003,0.000,0.000,-0.002,0.976,50.200
2410131384,2026-08-17 06:00:00,233.710,234.770,233.920,0.920,0.970,0.870,0.649,0.208,0.274,0.247,0.092,0.032,0.028,0.031,0.990,50.170
2410131387,2026-08-17 06:00:00,235.280,235.470,236.040,0.020,0.020,0.020,0.011,0.004,0.003,0.003,-0.001,0.000,0.000,-0.001,0.976,50.130
2410320615,2026-08-17 06:00:00,233.410,233.450,234.720,0.280,0.310,0.270,0.182,0.058,0.064,0.059,0.029,0.009,0.009,0.010,0.984,50.170
2410883988,2026-08-17 06:00:00,230.090,230.710,230.250,0.000,0.000,0.020,0.003,0.000,0.000,0.003,0.000,0.000,0.000,0.000,0.947,50.160
2410883990,2026-08-17 06:00:00,230.310,229.870,229.690,0.020,0.000,0.080,0.021,0.003,0.000,0.017,0.004,0.001,0.000,0.003,0.959,50.160
2410883991,2026-08-17 06:00:00,233.920,233.920,234.960,0.150,0.040,0.090,0.063,0.036,0.008,0.019,0.026,0.005,0.000,0.003,0.952,50.170
2410883993,2026-08-17 06:00:00,234.560,233.610,233.690,0.220,0.430,0.370,0.229,0.051,0.122,0.055,0.012,0.003,0.000,0.007,0.996,50.150
2410883994,2026-08-17 06:00:00,235.260,234.300,234.350,0.000,0.000,0.000,0.000,0.000,0.000,0.000,0.000,0.000,0.000,0.000,0.784,50.180
2410932742,2026-08-17 06:00:00,228.960,227.330,227.200,3.240,3.170,3.310,2.047,0.687,0.665,0.694,0.615,0.205,0.197,0.211,0.957,50.130
2411087432,2026-08-17 06:00:00,234.240,235.180,234.060,0.170,0.130,0.210,0.119,0.038,0.029,0.050,0.000,0.004,-0.004,0.000,0.998,50.170
2411087433,2026-08-17 06:00:00,234.320,234.270,235.220,0.290,0.280,0.310,0.193,0.065,0.059,0.068,-0.035,-0.007,-0.014,-0.013,0.985,50.160
2411290205,2026-08-17 06:00:00,233.790,232.980,233.010,0.100,0.110,0.100,0.071,0.022,0.025,0.023,0.008,0.002,0.002,0.003,0.991,50.180
2510014481,2026-08-17 06:00:00,228.820,228.810,230.080,1.640,1.490,1.760,1.234,0.429,0.378,0.427,0.314,0.106,0.104,0.102,0.953,50.160
2510014482,2026-08-17 06:00:00,234.470,235.310,234.200,0.010,0.040,0.000,0.011,0.002,0.008,0.000,-0.001,-0.002,0.000,0.000,1.000,50.180
2510014483,2026-08-17 06:00:00,233.920,233.830,234.840,0.030,0.030,0.050,0.016,0.006,0.003,0.006,-0.018,-0.004,-0.005,-0.008,0.674,50.160
2510014484,2026-08-17 06:00:00,232.750,231.890,232.160,1.260,1.550,1.240,0.845,0.256,0.335,0.255,0.408,0.143,0.132,0.132,0.901,50.180
2510178139,2026-08-17 06:00:00,234.040,234.870,233.740,0.280,0.300,0.270,0.198,0.068,0.065,0.064,0.081,0.028,0.027,0.025,0.911,50.170
2510178141,2026-08-17 06:00:00,234.090,234.260,235.090,0.020,0.010,0.020,0.007,0.002,0.000,0.004,-0.009,-0.004,-0.001,-0.002,0.654,50.170
2510203103,2026-08-17 06:00:00,226.350,224.800,224.680,0.310,0.320,0.310,0.158,0.052,0.055,0.050,-0.142,-0.046,-0.047,-0.048,0.743,50.170
2510203104,2026-08-17 06:00:00,228.220,228.060,229.080,0.230,0.300,0.180,0.143,0.046,0.056,0.028,0.018,0.001,0.007,0.008,0.995,50.160
2510203105,2026-08-17 06:00:00,231.630,230.000,230.090,0.020,0.100,0.010,0.028,0.003,0.022,0.002,0.004,0.000,0.004,0.000,0.987,50.150
2510203106,2026-08-17 06:00:00,233.800,232.910,233.080,0.010,0.010,0.000,0.005,0.001,0.003,0.000,-0.002,-0.001,0.000,0.000,0.915,50.170
2510203107,2026-08-17 06:00:00,222.580,221.790,221.900,0.120,0.130,0.100,0.062,0.021,0.024,0.016,-0.048,-0.017,-0.015,-0.015,0.798,50.160
2510203108,2026-08-17 06:00:00,234.420,235.230,234.180,0.440,0.510,0.880,0.420,0.102,0.119,0.198,0.039,0.013,0.020,0.005,0.994,50.170
2510203109,2026-08-17 06:00:00,233.730,234.750,233.860,0.150,0.070,0.030,0.054,0.032,0.014,0.007,0.018,0.013,0.003,0.001,0.944,50.160
2510203111,2026-08-17 06:00:00,234.210,234.430,235.360,0.010,0.010,0.000,0.005,0.003,0.002,0.000,-0.001,-0.001,0.000,0.000,0.920,50.180
2510203113,2026-08-17 06:00:00,233.320,233.980,233.320,0.140,0.190,0.180,0.107,0.029,0.038,0.039,-0.047,-0.011,-0.019,-0.015,0.916,50.170
2510203114,2026-08-17 06:00:00,228.160,228.180,229.100,0.160,0.170,0.140,0.062,0.021,0.023,0.016,-0.016,-0.003,-0.008,-0.004,0.984,50.170
2510203115,2026-08-17 06:00:00,232.890,233.290,233.930,0.000,0.000,0.000,0.000,0.000,0.000,0.000,0.000,0.000,0.000,0.000,1.000,50.150
2510203117,2026-08-17 06:00:00,230.740,230.120,229.920,0.120,0.320,0.090,0.119,0.026,0.072,0.020,-0.011,-0.007,-0.003,0.000,0.993,50.150
2510203118,2026-08-17 06:00:00,123.650,123.520,124.130,0.190,0.190,0.200,0.006,0.002,0.002,0.001,-0.071,-0.023,-0.023,-0.024,0.091,50.150
2510203119,2026-08-17 06:00:00,230.540,229.950,229.640,0.000,0.000,0.000,0.000,0.000,0.000,0.000,0.000,0.000,0.000,0.000,1.000,50.170
2510203120,2026-08-17 06:00:00,234.600,233.620,233.630,0.660,0.470,0.460,0.342,0.143,0.099,0.099,0.131,0.050,0.043,0.037,0.933,50.160
2510203121,2026-08-17 06:00:00,229.850,229.690,230.310,0.030,0.020,0.120,0.037,0.007,0.003,0.026,-0.010,-0.002,-0.002,-0.005,0.966,50.160
2510203122,2026-08-17 06:00:00,234.260,235.250,234.170,0.090,0.020,0.010,0.017,0.012,0.003,0.001,0.014,0.017,-0.001,-0.001,0.755,50.170
2510203123,2026-08-17 06:00:00,234.120,234.240,235.200,0.010,0.010,0.000,0.004,0.002,0.001,0.000,-0.003,-0.001,0.000,0.000,0.892,50.160
2510203124,2026-08-17 06:00:00,234.430,234.950,234.030,0.060,0.060,0.080,0.041,0.012,0.013,0.016,0.022,0.007,0.007,0.007,0.872,50.170
2510203125,2026-08-17 06:00:00,233.440,233.480,234.150,0.080,0.080,0.080,0.021,0.004,0.004,0.012,-0.050,-0.017,-0.018,-0.014,0.399,50.160
2510203126,2026-08-17 06:00:00,230.060,229.800,230.520,0.020,0.000,0.000,0.003,0.003,0.000,0.000,0.000,0.000,0.000,0.000,0.914,50.190
2510203127,2026-08-17 06:00:00,234.340,235.250,234.160,0.040,0.010,0.040,0.018,0.008,0.002,0.007,-0.006,0.000,0.000,-0.005,0.922,50.190
2510203128,2026-08-17 06:00:00,233.710,234.470,233.090,1.490,1.500,1.500,1.016,0.337,0.340,0.338,0.044,0.000,0.010,0.034,0.998,50.180
2510203130,2026-08-17 06:00:00,242.190,241.900,243.780,0.000,0.000,0.010,0.001,0.000,0.000,0.001,0.000,0.000,0.000,0.000,0.860,50.170
2510203133,2026-08-17 06:00:00,233.760,234.520,233.580,0.030,0.020,0.000,0.012,0.007,0.003,0.000,-0.001,0.000,-0.001,0.000,1.000,50.180
2510203134,2026-08-17 06:00:00,235.090,234.010,233.910,0.020,0.010,0.010,0.007,0.004,0.002,0.001,-0.002,-0.001,-0.001,0.000,0.967,50.130
2510224049,2026-08-17 06:00:00,229.600,230.190,229.790,0.050,1.390,0.020,0.200,0.000,0.190,0.000,-0.150,0.000,-0.130,0.000,0.818,50.160
2510224167,2026-08-17 06:00:00,229.910,229.580,230.350,0.750,0.120,0.360,0.170,0.090,0.010,0.050,-0.160,-0.080,-0.020,-0.050,0.730,50.180
2510317505,2026-08-17 06:00:00,229.980,229.710,230.360,0.070,0.030,2.160,0.270,0.010,0.000,0.250,-0.240,0.000,0.000,-0.240,0.744,50.180
2510317516,2026-08-17 06:00:00,230.040,229.770,230.470,0.000,0.000,0.000,0.000,0.000,0.000,0.000,0.000,0.000,0.000,0.000,1.000,50.180
2510317537,2026-08-17 06:00:00,233.790,233.620,234.670,2.440,2.380,2.360,1.550,0.500,0.520,0.520,-0.260,-0.070,-0.080,-0.080,0.984,50.180
2510389559,2026-08-17 06:00:00,234.360,233.390,233.770,0.000,0.000,0.000,0.000,0.000,0.000,0.000,0.000,0.000,0.000,0.000,1.000,50.160
2510389643,2026-08-17 06:00:00,234.400,233.380,233.710,0.250,0.000,0.000,0.050,0.050,0.000,0.000,-0.010,-0.010,0.000,0.000,0.967,50.170
2510389931,2026-08-17 06:00:00,233.620,232.570,232.960,0.050,0.000,0.000,0.000,0.000,0.000,0.000,-0.010,-0.010,0.000,0.000,0.186,50.160
2510633381,2026-08-17 06:00:00,234.990,233.950,233.980,0.040,0.040,0.010,0.020,0.008,0.008,0.003,-0.010,-0.004,-0.004,0.000,0.910,50.180
2510633383,2026-08-17 06:00:00,234.050,234.320,235.170,0.110,0.080,0.120,0.030,0.006,0.002,0.021,-0.063,-0.024,-0.019,-0.019,0.437,50.190
2510633385,2026-08-17 06:00:00,234.510,233.480,233.830,0.030,0.130,0.010,0.037,0.006,0.028,0.002,0.001,-0.001,0.005,-0.001,1.000,50.190
2510633386,2026-08-17 06:00:00,223.720,223.610,224.670,1.150,1.170,1.160,0.089,0.033,0.028,0.028,-0.741,-0.243,-0.248,-0.249,0.116,50.160
2510633387,2026-08-17 06:00:00,234.290,235.170,234.110,0.010,0.000,0.000,0.002,0.002,0.000,0.000,0.000,0.000,0.000,0.000,1.000,50.180
2510633389,2026-08-17 06:00:00,233.670,234.230,233.270,0.140,0.150,0.130,0.052,0.014,0.021,0.016,-0.084,-0.029,-0.028,-0.026,0.523,50.190
2510633390,2026-08-17 06:00:00,234.170,235.330,234.140,1.240,1.470,1.390,0.877,0.282,0.317,0.277,0.285,0.083,0.095,0.106,0.948,50.210
2510633391,2026-08-17 06:00:00,123.410,122.830,122.940,0.000,0.000,0.000,0.000,0.000,0.000,0.000,0.000,0.000,0.000,0.000,1.000,50.190
2510633393,2026-08-17 06:00:00,231.770,232.000,232.640,1.430,1.400,1.440,0.938,0.311,0.307,0.313,0.249,0.087,0.074,0.087,0.965,50.140
2510633395,2026-08-17 06:00:00,234.100,234.910,233.830,0.000,0.000,0.000,0.000,0.000,0.000,0.000,0.000,0.000,0.000,0.000,1.000,50.170
2510633396,2026-08-17 06:00:00,234.950,233.860,234.460,0.110,0.150,0.110,0.074,0.021,0.032,0.020,0.047,0.016,0.016,0.015,0.841,50.180
2510633397,2026-08-17 06:00:00,241.360,240.250,240.280,0.010,0.020,0.000,0.007,0.002,0.004,0.001,-0.002,-0.002,0.000,0.000,0.968,50.210
2510633399,2026-08-17 06:00:00,229.850,229.540,230.310,0.180,0.290,0.260,0.166,0.041,0.065,0.059,0.007,0.003,0.002,0.001,1.000,50.190
2510633400,2026-08-17 06:00:00,229.270,229.960,229.470,0.200,0.220,0.200,0.133,0.041,0.047,0.044,0.045,0.014,0.016,0.014,0.943,50.200
2510633402,2026-08-17 06:00:00,229.410,229.170,230.840,0.390,0.400,0.430,0.296,0.095,0.095,0.103,0.052,0.017,0.017,0.018,0.982,50.150
2510633406,2026-08-17 06:00:00,229.960,229.600,230.350,0.010,0.010,0.010,0.003,0.001,0.000,0.000,-0.003,-0.001,0.000,-0.001,0.696,50.150
2510633410,2026-08-17 06:00:00,230.090,229.720,230.420,0.030,0.010,0.010,0.011,0.006,0.003,0.001,-0.005,-0.003,-0.001,-0.001,0.916,50.160
2510633411,2026-08-17 06:00:00,229.150,228.720,228.310,1.100,1.020,1.080,0.676,0.235,0.211,0.230,0.196,0.065,0.059,0.071,0.960,50.200
2510814977,2026-08-17 06:00:00,230.070,231.530,230.130,0.010,0.010,0.010,0.005,0.002,0.000,0.002,-0.002,0.000,-0.001,-0.001,0.897,50.160
2610026950,2026-08-17 06:00:00,230.420,229.950,229.770,0.000,0.000,0.010,0.004,0.000,0.000,0.002,-0.001,0.000,0.000,0.000,1.000,50.160
2610026952,2026-08-17 06:00:00,235.170,234.050,234.290,0.010,0.020,0.010,0.007,0.001,0.003,0.002,-0.003,0.000,-0.001,-0.001,0.890,50.160
2610026953,2026-08-17 06:00:00,234.070,233.120,233.110,0.110,0.090,0.100,0.068,0.024,0.021,0.022,0.008,0.002,0.003,0.002,0.992,50.150
2610026963,2026-08-17 06:00:00,234.420,234.380,235.410,0.080,0.050,0.060,0.010,0.011,0.000,-0.001,-0.038,-0.014,-0.011,-0.012,0.250,50.170
2610026966,2026-08-17 06:00:00,232.000,232.100,231.890,0.240,0.140,0.160,0.119,0.054,0.030,0.034,0.032,0.009,0.009,0.012,0.961,50.180
2610026976,2026-08-17 06:00:00,233.950,234.230,235.210,0.320,0.300,0.190,0.187,0.072,0.069,0.045,0.011,0.012,0.000,0.000,0.998,50.180
2610026977,2026-08-17 06:00:00,243.330,243.270,243.150,0.000,0.000,0.000,0.000,0.000,0.000,0.000,-0.001,0.000,0.000,0.000,0.011,50.190
2610126270,2026-08-17 06:00:00,229.630,230.220,229.870,0.020,0.010,0.010,0.008,0.003,0.002,0.002,-0.004,-0.001,0.000,-0.001,0.909,50.160
2610126451,2026-08-17 06:00:00,234.510,235.210,234.190,0.000,0.000,0.030,0.009,0.000,0.000,0.008,0.002,0.000,0.000,0.002,1.000,50.150
2610159557,2026-08-17 06:00:00,234.940,234.010,233.910,0.010,0.000,0.010,0.001,0.000,0.000,0.001,-0.003,-0.002,0.000,0.000,0.431,50.160
2610170786,2026-08-17 06:00:00,234.300,234.240,235.360,0.050,0.050,0.050,0.032,0.011,0.010,0.010,-0.004,0.000,-0.001,-0.001,0.986,50.170
2610170836,2026-08-17 06:00:00,234.160,235.000,233.930,0.010,0.000,0.000,0.000,0.000,0.000,0.000,0.000,-0.001,0.000,0.000,0.712,50.150
2610170837,2026-08-17 06:00:00,231.320,229.780,229.740,0.020,0.000,0.010,0.005,0.004,0.000,0.001,0.000,0.000,0.000,0.000,0.987,50.150
2610170838,2026-08-17 06:00:00,234.760,233.750,233.830,0.060,0.010,0.000,0.027,0.024,0.002,0.000,0.003,0.003,0.000,0.000,0.992,50.170
2610170840,2026-08-17 06:00:00,233.710,232.680,233.040,0.000,0.000,0.000,0.000,0.000,0.000,0.000,0.000,0.000,0.000,0.000,0.503,50.160
2610322967,2026-08-17 06:00:00,235.210,234.140,233.850,0.000,0.000,0.000,0.000,0.000,0.000,0.000,0.000,0.000,0.000,0.000,0.776,50.150
2610322969,2026-08-17 06:00:00,230.460,229.980,229.640,0.010,0.010,0.120,0.030,0.001,0.001,0.027,0.001,0.000,0.000,0.003,1.000,50.150
2610322997,2026-08-17 06:00:00,229.690,231.260,229.790,0.090,0.130,0.110,0.056,0.013,0.023,0.017,0.048,0.014,0.017,0.016,0.750,50.160
2610323001,2026-08-17 06:00:00,231.210,229.660,229.610,0.320,0.300,0.220,0.189,0.071,0.068,0.049,0.035,0.013,0.012,0.009,0.981,50.160
2610323004,2026-08-17 06:00:00,63.780,63.220,63.660,0.060,0.050,0.070,0.010,0.003,0.002,0.003,-0.004,-0.001,-0.001,-0.002,0.945,50.160
2610323005,2026-08-17 06:00:00,229.550,230.200,229.780,0.000,0.000,0.000,0.001,0.000,0.001,0.000,0.000,0.000,0.000,0.000,0.928,50.160
2610323016,2026-08-17 06:00:00,231.050,229.570,229.480,0.250,0.260,0.210,0.157,0.055,0.056,0.045,0.053,0.015,0.020,0.017,0.949,50.160
2610323019,2026-08-17 06:00:00,229.480,230.410,229.940,0.060,0.020,0.020,0.022,0.012,0.004,0.004,-0.007,-0.003,-0.001,-0.002,0.946,50.160
2610323024,2026-08-17 06:00:00,229.800,230.110,231.260,0.170,0.400,0.240,0.180,0.037,0.092,0.051,0.039,0.014,0.007,0.017,0.977,50.160
2246006313,2026-08-17 06:30:00,58.400,58.300,58.200,0.545,0.569,0.544,0.095,0.031,0.032,0.031,0.000,0.000,0.000,0.000,0.998,50.220
2410121326,2026-08-17 06:30:00,237.100,236.000,236.230,0.070,0.070,0.100,0.052,0.015,0.015,0.020,0.014,0.002,0.002,0.009,0.970,50.230
2410121353,2026-08-17 06:30:00,237.000,235.980,236.270,0.000,0.020,0.040,0.013,0.000,0.003,0.009,-0.001,0.000,0.000,0.000,0.974,50.220
2410121371,2026-08-17 06:30:00,237.260,236.110,236.330,0.010,0.010,0.060,0.016,0.000,0.000,0.014,-0.003,-0.001,-0.001,-0.001,0.945,50.230
2410121424,2026-08-17 06:30:00,237.120,236.090,236.350,0.010,0.010,0.010,0.004,0.000,0.001,0.002,-0.003,-0.001,-0.001,0.000,0.772,50.180
2410121440,2026-08-17 06:30:00,237.170,236.180,236.370,0.010,0.000,0.010,0.004,0.002,0.000,0.001,-0.002,-0.001,0.000,0.000,0.861,50.240
2410121454,2026-08-17 06:30:00,236.380,237.300,236.100,0.070,0.130,0.170,0.085,0.015,0.029,0.040,0.018,0.006,0.005,0.006,0.973,50.180
2410121457,2026-08-17 06:30:00,236.400,235.070,235.510,0.300,0.420,0.340,0.177,0.043,0.075,0.058,0.175,0.056,0.065,0.054,0.712,50.180
2410121574,2026-08-17 06:30:00,236.080,235.090,235.060,1.760,1.340,1.440,1.031,0.393,0.302,0.334,0.126,0.048,0.027,0.051,0.993,50.200
2410131378,2026-08-17 06:30:00,236.340,237.190,236.260,0.010,0.010,0.030,0.009,0.001,0.001,0.006,-0.003,-0.001,-0.001,0.000,0.970,50.220
2410131387,2026-08-17 06:30:00,233.890,234.250,234.790,0.020,0.020,0.020,0.012,0.005,0.003,0.003,-0.002,0.000,0.000,-0.001,0.980,50.220
2410320615,2026-08-17 06:30:00,231.200,231.340,232.610,0.950,1.010,0.940,0.653,0.218,0.223,0.211,0.187,0.060,0.064,0.061,0.960,50.150
2410883988,2026-08-17 06:30:00,232.470,233.150,232.660,0.000,0.000,0.020,0.003,0.000,0.000,0.003,0.000,0.000,0.000,0.000,0.951,50.240
2410883990,2026-08-17 06:30:00,232.560,231.930,231.810,0.080,0.000,0.200,0.063,0.019,0.000,0.043,0.010,0.001,0.000,0.008,0.990,50.160
2410883991,2026-08-17 06:30:00,233.010,233.070,234.260,0.190,0.200,0.100,0.116,0.042,0.047,0.025,0.026,0.017,0.009,0.000,0.959,50.220
2410883993,2026-08-17 06:30:00,233.680,232.660,232.620,0.400,0.400,0.380,0.278,0.092,0.097,0.087,0.017,0.000,0.000,0.016,0.996,50.190
2410883994,2026-08-17 06:30:00,233.730,232.680,232.800,0.000,0.000,0.000,0.000,0.000,0.000,0.000,0.000,0.000,0.000,0.000,0.759,50.150
2410932742,2026-08-17 06:30:00,231.260,229.560,229.560,3.250,3.170,3.320,2.072,0.696,0.671,0.704,0.631,0.213,0.201,0.216,0.956,50.230
2411087432,2026-08-17 06:30:00,236.550,237.390,236.160,0.170,0.130,0.210,0.119,0.039,0.030,0.049,-0.003,0.004,-0.004,-0.003,1.000,50.250
2411087433,2026-08-17 06:30:00,233.360,233.360,234.320,0.250,0.230,0.250,0.166,0.058,0.052,0.061,-0.042,-0.011,-0.015,-0.015,0.964,50.190
2411290205,2026-08-17 06:30:00,233.520,232.590,232.760,0.110,0.090,0.090,0.069,0.025,0.021,0.021,0.007,0.003,0.002,0.002,0.998,50.220
2510014481,2026-08-17 06:30:00,230.370,230.670,232.080,2.290,2.020,2.260,1.011,0.364,0.310,0.337,0.415,0.146,0.138,0.126,0.951,50.210
2510014482,2026-08-17 06:30:00,235.710,236.430,235.410,0.010,0.040,0.000,0.011,0.002,0.008,0.000,-0.001,-0.002,0.000,0.000,0.952,50.220
2510014483,2026-08-17 06:30:00,232.810,232.770,233.720,0.030,0.030,0.040,0.015,0.005,0.003,0.006,-0.018,-0.005,-0.005,-0.007,0.659,50.180
2510014484,2026-08-17 06:30:00,231.400,230.420,230.740,1.220,1.640,1.370,0.884,0.264,0.352,0.257,0.371,0.133,0.118,0.119,0.920,50.190
2510178139,2026-08-17 06:30:00,236.300,237.110,235.980,0.310,0.290,0.260,0.188,0.064,0.068,0.055,0.090,0.031,0.032,0.027,0.890,50.220
2510178141,2026-08-17 06:30:00,235.900,236.180,236.990,0.020,0.010,0.020,0.006,0.002,0.000,0.002,-0.009,-0.004,-0.001,-0.002,0.557,50.170
2510203103,2026-08-17 06:30:00,227.650,225.940,226.080,0.430,0.420,0.300,0.244,0.091,0.091,0.048,0.056,0.020,0.018,0.017,0.976,50.150
2510203104,2026-08-17 06:30:00,227.180,227.060,228.030,0.220,0.290,0.170,0.153,0.049,0.065,0.037,0.016,0.001,0.006,0.008,0.997,50.220
2510203105,2026-08-17 06:30:00,234.200,232.330,232.720,0.010,0.100,0.010,0.023,0.001,0.021,0.001,0.006,0.000,0.006,0.000,0.960,50.220
2510203106,2026-08-17 06:30:00,233.360,232.430,232.690,0.010,0.010,0.000,0.006,0.002,0.002,0.000,-0.002,-0.001,0.000,0.000,0.872,50.190
2510203107,2026-08-17 06:30:00,221.870,221.020,221.180,0.120,0.110,0.100,0.038,0.014,0.014,0.009,-0.064,-0.023,-0.020,-0.021,0.512,50.170
2510203108,2026-08-17 06:30:00,232.180,232.850,231.870,0.630,0.780,0.750,0.466,0.133,0.169,0.163,0.170,0.053,0.061,0.052,0.943,50.160
2510203109,2026-08-17 06:30:00,232.960,234.030,232.990,0.160,0.040,0.030,0.050,0.034,0.008,0.007,0.010,0.011,-0.002,0.001,0.973,50.220
2510203111,2026-08-17 06:30:00,232.700,233.010,233.810,0.020,0.010,0.000,0.006,0.004,0.002,0.000,-0.001,-0.001,0.000,0.000,0.974,50.170
2510203113,2026-08-17 06:30:00,232.630,233.230,232.490,0.130,0.180,0.200,0.105,0.025,0.037,0.042,-0.049,-0.012,-0.019,-0.016,0.918,50.240
2510203114,2026-08-17 06:30:00,227.140,227.240,228.130,0.090,0.110,0.070,0.061,0.021,0.023,0.016,-0.016,-0.003,-0.008,-0.004,0.970,50.220
2510203115,2026-08-17 06:30:00,232.340,232.830,233.430,0.000,0.000,0.000,0.000,0.000,0.000,0.000,0.000,0.000,0.000,0.000,1.000,50.200
2510203117,2026-08-17 06:30:00,232.700,232.110,231.930,0.230,0.270,0.050,0.127,0.053,0.063,0.010,0.004,0.007,-0.003,0.000,1.000,50.200
2510203118,2026-08-17 06:30:00,123.010,122.950,123.480,0.160,0.140,0.150,0.042,0.015,0.013,0.013,-0.033,-0.011,-0.009,-0.012,0.789,50.210
2510203119,2026-08-17 06:30:00,232.600,231.960,231.820,0.000,0.000,0.000,0.000,0.000,0.000,0.000,0.000,0.000,0.000,0.000,1.000,50.150
2510203120,2026-08-17 06:30:00,233.250,232.260,232.330,0.580,0.380,0.390,0.300,0.129,0.083,0.087,0.089,0.036,0.029,0.023,0.957,50.170
2510203121,2026-08-17 06:30:00,232.470,232.280,233.030,0.030,0.020,0.120,0.040,0.006,0.003,0.029,-0.011,-0.002,-0.002,-0.006,0.957,50.220
2510203122,2026-08-17 06:30:00,236.640,237.500,236.350,0.080,0.020,0.000,0.015,0.011,0.003,0.000,0.012,0.014,-0.001,0.000,0.761,50.250
2510203123,2026-08-17 06:30:00,236.440,236.810,237.670,0.010,0.010,0.000,0.004,0.002,0.001,0.000,-0.003,-0.001,0.000,0.000,0.878,50.210
2510203124,2026-08-17 06:30:00,236.590,236.990,236.010,0.070,0.070,0.080,0.046,0.013,0.014,0.018,0.023,0.007,0.008,0.008,0.894,50.230
2510203125,2026-08-17 06:30:00,232.840,233.000,233.640,0.080,0.080,0.080,0.022,0.004,0.004,0.013,-0.050,-0.016,-0.018,-0.014,0.399,50.200
2510203126,2026-08-17 06:30:00,232.510,232.340,233.210,0.020,0.000,0.000,0.003,0.003,0.000,0.000,0.000,0.000,0.000,0.000,0.927,50.250
2510203127,2026-08-17 06:30:00,236.260,237.090,236.070,0.040,0.010,0.040,0.018,0.008,0.002,0.007,-0.006,0.000,0.000,-0.005,0.934,50.240
2510203128,2026-08-17 06:30:00,232.660,233.450,232.050,1.330,1.320,1.300,0.890,0.300,0.297,0.292,0.025,-0.004,0.004,0.025,0.999,50.150
2510203130,2026-08-17 06:30:00,244.410,244.400,246.160,0.000,0.060,0.040,0.017,0.000,0.007,0.009,0.013,0.000,0.011,0.002,0.797,50.220
2510203133,2026-08-17 06:30:00,233.090,233.850,232.780,0.040,0.020,0.000,0.013,0.008,0.003,0.000,-0.001,0.000,-0.001,0.010,1.000,50.260
2510203134,2026-08-17 06:30:00,234.250,233.140,233.090,0.020,0.010,0.010,0.007,0.004,0.002,0.001,-0.002,-0.001,-0.001,0.000,0.956,50.230
2510224049,2026-08-17 06:30:00,231.660,232.270,231.650,0.060,1.380,0.020,0.220,0.000,0.210,0.000,-0.150,0.000,-0.140,0.000,0.802,50.160
2510224167,2026-08-17 06:30:00,232.040,231.710,232.600,0.750,0.120,0.360,0.170,0.090,0.010,0.050,-0.160,-0.080,-0.020,-0.050,0.727,50.190
2510317505,2026-08-17 06:30:00,232.030,231.830,232.600,0.070,0.030,2.150,0.270,0.010,0.000,0.250,-0.250,0.000,0.000,-0.240,0.737,50.170
2510317516,2026-08-17 06:30:00,232.230,231.950,232.740,0.000,0.000,0.000,0.000,0.000,0.000,0.000,0.000,0.000,0.000,0.000,1.000,50.190
2510317537,2026-08-17 06:30:00,232.370,232.090,233.210,2.340,2.470,2.590,1.880,0.600,0.640,0.630,-0.300,-0.090,-0.100,-0.100,0.987,50.200
2510389559,2026-08-17 06:30:00,233.710,232.760,232.950,0.000,0.000,0.000,0.000,0.000,0.000,0.000,0.000,0.000,0.000,0.000,1.000,50.240
2510389643,2026-08-17 06:30:00,232.890,231.910,232.180,0.480,0.000,0.000,0.110,0.110,0.000,0.000,0.000,0.000,0.000,0.000,0.998,50.170
2510389931,2026-08-17 06:30:00,232.440,231.310,231.950,0.050,0.000,0.000,0.000,0.000,0.000,0.000,-0.010,-0.010,0.000,0.000,0.214,50.160
2510633381,2026-08-17 06:30:00,233.720,232.710,232.780,0.030,0.040,0.010,0.016,0.006,0.007,0.002,-0.010,-0.004,-0.004,-0.001,0.865,50.230
2510633383,2026-08-17 06:30:00,235.900,236.190,236.970,0.110,0.080,0.090,0.017,0.005,0.002,0.008,-0.064,-0.025,-0.020,-0.019,0.252,50.240
2510633386,2026-08-17 06:30:00,222.480,222.430,223.470,1.120,1.150,1.140,0.117,0.040,0.036,0.039,-0.717,-0.234,-0.242,-0.241,0.151,50.170
2510633387,2026-08-17 06:30:00,235.910,236.780,235.680,0.010,0.000,0.000,0.002,0.002,0.000,0.000,0.000,0.000,0.000,0.000,1.000,50.170
2510633389,2026-08-17 06:30:00,232.510,233.180,232.180,0.140,0.130,0.150,0.050,0.013,0.015,0.021,-0.082,-0.029,-0.027,-0.026,0.517,50.170
2510633390,2026-08-17 06:30:00,232.450,233.610,232.450,1.330,1.550,1.460,0.861,0.282,0.307,0.260,0.260,0.075,0.083,0.101,0.961,50.200
2510633391,2026-08-17 06:30:00,124.320,123.760,123.920,0.000,0.000,0.000,0.000,0.000,0.000,0.000,0.000,0.000,0.000,0.000,1.000,50.220
2510633395,2026-08-17 06:30:00,236.290,237.000,235.980,0.000,0.000,0.000,0.000,0.000,0.000,0.000,0.000,0.000,0.000,0.000,1.000,50.220
2510633396,2026-08-17 06:30:00,236.920,235.840,236.490,0.120,0.160,0.120,0.079,0.023,0.033,0.022,0.049,0.016,0.016,0.015,0.850,50.230
2510633397,2026-08-17 06:30:00,240.010,238.810,238.920,0.010,0.020,0.000,0.007,0.002,0.004,0.001,-0.002,-0.002,0.000,0.000,0.946,50.210
2510633399,2026-08-17 06:30:00,232.170,231.940,232.810,0.180,0.260,0.250,0.161,0.042,0.059,0.058,0.009,0.004,0.002,0.002,0.997,50.240
2510633400,2026-08-17 06:30:00,231.660,232.470,231.820,0.190,0.230,0.210,0.145,0.039,0.049,0.043,0.048,0.014,0.017,0.015,0.950,50.220
2510633402,2026-08-17 06:30:00,231.740,231.680,233.420,0.500,0.510,0.540,0.321,0.102,0.105,0.096,0.076,0.025,0.024,0.026,0.976,50.180
2510633406,2026-08-17 06:30:00,232.280,232.010,232.880,0.010,0.010,0.010,0.003,0.001,0.001,0.000,-0.003,-0.001,0.000,-0.001,0.694,50.200
2510633410,2026-08-17 06:30:00,232.350,232.060,232.850,0.030,0.010,0.010,0.010,0.005,0.003,0.001,-0.005,-0.003,-0.001,-0.001,0.838,50.200
2510633411,2026-08-17 06:30:00,231.580,230.860,230.560,1.030,0.910,1.000,0.641,0.227,0.196,0.217,0.187,0.063,0.057,0.067,0.959,50.230
2510814977,2026-08-17 06:30:00,232.220,233.720,232.080,0.010,0.010,0.010,0.005,0.002,0.000,0.002,-0.002,0.000,-0.001,-0.001,0.858,50.180
2610026950,2026-08-17 06:30:00,232.910,232.160,232.000,0.000,0.000,0.010,0.004,0.000,0.000,0.002,-0.001,0.000,0.000,0.000,1.000,50.190
2610026952,2026-08-17 06:30:00,236.800,235.630,236.180,0.010,0.020,0.010,0.008,0.001,0.004,0.002,-0.002,-0.001,0.000,-0.001,0.927,50.200
2610026953,2026-08-17 06:30:00,233.510,232.450,232.650,0.110,0.100,0.110,0.074,0.026,0.022,0.025,0.009,0.002,0.003,0.003,0.991,50.220
2610026963,2026-08-17 06:30:00,236.350,236.420,237.310,0.080,0.060,0.060,0.001,0.006,-0.004,0.000,-0.043,-0.017,-0.012,-0.013,0.039,50.230
2610026976,2026-08-17 06:30:00,235.440,235.910,236.830,0.740,0.550,0.340,0.370,0.169,0.125,0.074,0.092,0.040,0.024,0.027,0.969,50.230
2610026977,2026-08-17 06:30:00,244.490,244.500,244.120,0.000,0.000,0.000,0.000,0.000,0.000,0.000,-0.001,0.000,0.000,0.000,0.015,50.240
2610126270,2026-08-17 06:30:00,231.870,232.540,232.020,0.020,0.010,0.010,0.008,0.003,0.002,0.002,-0.004,-0.001,-0.001,-0.001,0.819,50.160
2610126451,2026-08-17 06:30:00,236.670,237.380,236.380,0.000,0.000,0.050,0.012,0.000,0.000,0.012,0.002,0.000,0.000,0.002,0.976,50.210
2610159557,2026-08-17 06:30:00,234.020,232.990,233.010,0.010,0.000,0.000,0.001,0.000,0.000,0.000,-0.003,-0.002,0.000,0.000,0.344,50.190
2610170786,2026-08-17 06:30:00,232.710,232.690,233.820,0.050,0.050,0.050,0.031,0.010,0.010,0.010,-0.004,-0.001,-0.001,-0.001,0.982,50.170
2610170836,2026-08-17 06:30:00,235.720,236.660,235.620,0.010,0.000,0.000,0.000,0.000,0.000,0.000,0.000,-0.001,0.000,0.000,0.747,50.180
2610170837,2026-08-17 06:30:00,233.290,231.560,231.820,0.040,0.030,0.070,0.019,0.005,0.000,0.013,0.006,0.002,0.002,0.001,0.774,50.160
2610170838,2026-08-17 06:30:00,233.290,232.230,232.330,0.050,0.000,0.000,0.007,0.007,0.000,0.000,0.007,0.007,0.000,0.000,0.734,50.180
2610170840,2026-08-17 06:30:00,232.410,231.370,231.840,0.010,0.000,0.000,0.003,0.003,0.000,0.000,0.000,0.000,0.000,0.000,1.000,50.160
2610322969,2026-08-17 06:30:00,232.880,232.190,231.900,0.010,0.010,0.130,0.022,0.001,0.001,0.019,0.022,0.000,0.000,0.023,0.703,50.190
2610322997,2026-08-17 06:30:00,231.780,233.370,231.690,0.120,0.130,0.140,0.077,0.024,0.025,0.028,0.045,0.014,0.015,0.015,0.865,50.160
2610323001,2026-08-17 06:30:00,233.370,231.580,231.890,0.310,0.450,0.170,0.214,0.071,0.103,0.039,0.035,0.013,0.014,0.007,0.985,50.170
2610323004,2026-08-17 06:30:00,64.390,63.820,64.320,0.060,0.050,0.070,0.011,0.004,0.002,0.004,-0.002,0.000,-0.001,-0.002,0.935,50.170
2610323005,2026-08-17 06:30:00,232.200,232.840,232.310,0.000,0.000,0.000,0.001,0.000,0.001,0.000,0.000,0.000,0.000,0.000,0.945,50.170
2610323016,2026-08-17 06:30:00,233.070,231.400,231.580,0.270,0.280,0.230,0.170,0.057,0.060,0.047,0.056,0.017,0.021,0.017,0.949,50.160
2610323019,2026-08-17 06:30:00,231.840,232.760,232.100,0.060,0.020,0.030,0.023,0.012,0.004,0.005,-0.006,-0.003,-0.001,-0.001,0.965,50.160
2610323024,2026-08-17 06:30:00,231.390,231.900,233.000,0.400,0.670,0.520,0.348,0.087,0.150,0.109,0.087,0.032,0.023,0.031,0.969,50.170
2410131384,2026-08-17 06:31:00,232.890,233.830,232.950,1.110,1.270,1.190,0.692,0.200,0.237,0.254,0.109,0.033,0.037,0.036,0.989,50.200
2510633393,2026-08-17 06:31:00,230.520,230.810,231.410,1.770,1.810,1.800,1.191,0.388,0.402,0.393,0.287,0.099,0.084,0.103,0.971,50.210
2410131383,2026-08-17 06:32:00,232.330,232.920,232.080,0.060,0.060,0.070,0.043,0.014,0.013,0.016,-0.001,0.000,-0.001,0.000,0.993,50.170
2510633385,2026-08-17 06:32:00,233.800,232.750,233.010,0.040,0.020,0.010,0.015,0.009,0.003,0.002,-0.007,-0.004,-0.001,-0.001,0.908,50.280
2610322967,2026-08-17 06:32:00,234.190,233.000,232.830,0.000,0.000,0.010,0.002,0.000,0.000,0.002,0.000,0.000,0.000,0.000,0.931,50.220
2610026966,2026-08-17 06:33:00,233.450,233.540,232.980,0.380,0.150,0.300,0.192,0.088,0.033,0.069,0.029,0.011,0.007,0.011,0.987,50.180
2246006313,2026-08-17 07:00:00,57.700,57.600,57.500,0.529,0.557,0.530,0.093,0.030,0.033,0.031,0.000,0.000,0.000,0.000,0.995,50.130
2410121326,2026-08-17 07:00:00,236.830,235.770,236.090,0.050,0.050,0.090,0.042,0.010,0.011,0.019,0.002,0.000,-0.002,0.004,0.987,50.140
2410121353,2026-08-17 07:00:00,236.720,235.720,236.010,0.000,0.020,0.040,0.013,0.000,0.003,0.009,-0.001,0.000,0.000,0.000,0.973,50.140
2410121371,2026-08-17 07:00:00,236.800,235.660,235.970,0.010,0.010,0.040,0.010,0.000,0.000,0.009,-0.002,-0.001,-0.001,0.000,0.939,50.110
2410121424,2026-08-17 07:00:00,236.360,235.380,235.650,0.010,0.010,0.010,0.004,0.000,0.001,0.002,-0.003,-0.001,-0.001,0.000,0.770,50.120
2410121440,2026-08-17 07:00:00,236.610,235.560,235.800,0.010,0.000,0.010,0.004,0.002,0.000,0.001,-0.002,-0.001,0.000,0.000,0.841,50.120
2410121454,2026-08-17 07:00:00,235.070,235.840,234.550,0.650,0.790,0.850,0.516,0.145,0.179,0.191,0.048,0.011,0.008,0.028,0.995,50.150
2410121457,2026-08-17 07:00:00,236.470,235.280,235.720,0.330,0.430,0.360,0.185,0.047,0.076,0.062,0.181,0.059,0.064,0.057,0.715,50.160
2410121574,2026-08-17 07:00:00,235.830,234.740,234.890,1.600,1.320,1.340,0.972,0.366,0.300,0.306,0.144,0.056,0.038,0.049,0.988,50.140
2410131378,2026-08-17 07:00:00,236.060,236.850,235.840,0.090,0.110,0.100,0.068,0.021,0.025,0.022,-0.006,0.003,-0.006,-0.002,0.991,50.100
2410131383,2026-08-17 07:00:00,236.250,236.700,236.080,0.060,0.050,0.060,0.039,0.013,0.011,0.014,-0.001,0.000,-0.001,0.000,1.000,50.130
2410131384,2026-08-17 07:00:00,234.800,235.650,234.710,1.090,1.560,1.400,0.703,0.212,0.258,0.227,0.122,0.034,0.045,0.043,0.989,50.170
2410131387,2026-08-17 07:00:00,233.380,233.620,234.190,0.020,0.020,0.020,0.011,0.004,0.003,0.003,-0.002,0.000,0.000,-0.001,0.968,50.100
2410320615,2026-08-17 07:00:00,234.590,234.790,235.930,3.070,2.860,2.960,1.986,0.691,0.632,0.662,0.496,0.157,0.171,0.167,0.973,50.170
2410883988,2026-08-17 07:00:00,229.650,230.370,229.830,0.000,0.000,0.020,0.003,0.000,0.000,0.003,0.000,0.000,0.000,0.000,0.948,50.190
2410883990,2026-08-17 07:00:00,229.890,229.230,229.000,0.090,0.120,0.860,0.098,0.019,0.022,0.056,0.020,0.000,0.015,0.006,1.000,50.120
2410883991,2026-08-17 07:00:00,234.790,234.880,235.970,0.190,0.200,0.240,0.143,0.049,0.041,0.052,0.045,0.007,0.019,0.017,0.915,50.120
2410883993,2026-08-17 07:00:00,235.340,233.890,234.070,0.430,0.620,0.870,0.496,0.107,0.144,0.207,0.092,0.017,0.047,0.028,0.991,50.100
2410883994,2026-08-17 07:00:00,236.330,235.140,235.400,0.000,0.000,0.000,0.000,0.000,0.000,0.000,0.000,0.000,0.000,0.000,0.723,50.180
2410932742,2026-08-17 07:00:00,229.020,227.210,227.410,3.300,3.220,3.410,2.102,0.701,0.679,0.721,0.605,0.207,0.187,0.210,0.960,50.140
2411290205,2026-08-17 07:00:00,237.130,236.340,236.430,0.260,0.250,0.250,0.178,0.060,0.060,0.057,0.013,0.004,0.005,0.002,0.995,50.120
2510014482,2026-08-17 07:00:00,236.360,237.070,236.030,0.010,0.040,0.000,0.012,0.002,0.010,0.000,0.000,-0.001,0.001,0.000,0.986,50.200
2510014483,2026-08-17 07:00:00,234.610,234.590,235.660,0.030,0.030,0.070,0.025,0.006,0.004,0.015,-0.018,-0.005,-0.005,-0.008,0.808,50.100
2510014484,2026-08-17 07:00:00,235.750,235.000,235.110,1.460,1.800,1.370,0.954,0.306,0.395,0.288,0.393,0.139,0.126,0.127,0.930,50.170
2510178141,2026-08-17 07:00:00,235.260,235.880,236.510,0.500,0.270,0.330,0.254,0.116,0.061,0.077,-0.002,0.020,-0.012,-0.010,1.000,50.160
2510203103,2026-08-17 07:00:00,225.890,224.030,224.440,0.310,0.340,0.340,0.218,0.066,0.079,0.072,0.053,0.019,0.017,0.016,0.974,50.170
2510203104,2026-08-17 07:00:00,229.260,229.110,230.160,0.280,0.270,0.270,0.185,0.063,0.060,0.061,0.012,0.000,0.006,0.007,0.995,50.170
2510203105,2026-08-17 07:00:00,231.950,230.010,230.530,0.010,0.090,0.010,0.023,0.001,0.020,0.001,0.004,0.000,0.004,0.000,0.960,50.150
2510203106,2026-08-17 07:00:00,236.770,235.990,236.170,0.010,0.010,0.000,0.006,0.002,0.003,0.000,-0.002,-0.001,0.000,0.000,0.880,50.170
2510203107,2026-08-17 07:00:00,224.880,224.260,224.330,0.290,0.300,0.300,0.197,0.064,0.066,0.066,0.027,0.009,0.009,0.008,0.989,50.110
2510203108,2026-08-17 07:00:00,236.250,236.660,235.610,0.670,1.050,1.160,0.644,0.138,0.234,0.271,0.165,0.041,0.057,0.054,0.962,50.160
2510203109,2026-08-17 07:00:00,235.030,236.150,234.990,0.150,0.040,0.040,0.051,0.033,0.009,0.009,0.014,0.013,-0.001,0.002,0.964,50.160
2510203111,2026-08-17 07:00:00,236.210,236.500,237.380,0.030,0.010,0.340,0.086,0.005,0.002,0.077,-0.014,0.000,0.000,-0.014,0.984,50.170
2510203113,2026-08-17 07:00:00,236.430,237.040,236.650,0.150,0.220,0.270,0.140,0.031,0.048,0.059,-0.055,-0.012,-0.021,-0.021,0.927,50.190
2510203114,2026-08-17 07:00:00,229.260,229.410,230.360,0.160,0.090,0.150,0.088,0.035,0.018,0.034,-0.016,-0.004,-0.007,-0.004,0.985,50.170
2510203115,2026-08-17 07:00:00,234.650,235.520,235.900,0.000,0.000,0.000,0.000,0.000,0.000,0.000,0.000,0.000,0.000,0.000,1.000,50.110
2510203117,2026-08-17 07:00:00,230.130,229.510,229.240,0.170,0.330,0.150,0.121,0.027,0.072,0.021,0.077,0.024,0.025,0.027,0.844,50.140
2510203118,2026-08-17 07:00:00,123.900,123.880,124.450,0.160,0.140,0.150,0.046,0.017,0.014,0.014,-0.029,-0.010,-0.007,-0.011,0.838,50.120
2510203119,2026-08-17 07:00:00,230.350,229.590,229.450,0.000,0.000,0.000,0.000,0.000,0.000,0.000,0.000,0.000,0.000,0.000,1.000,50.170
2510203120,2026-08-17 07:00:00,235.630,234.470,234.650,0.810,0.580,0.620,0.442,0.181,0.126,0.134,0.154,0.056,0.051,0.046,0.943,50.150
2510203121,2026-08-17 07:00:00,229.620,229.370,230.250,0.040,0.170,0.170,0.086,0.008,0.038,0.039,-0.008,-0.002,0.001,-0.007,0.998,50.150
2510203122,2026-08-17 07:00:00,236.190,236.970,235.950,0.090,0.030,0.000,0.021,0.015,0.005,0.000,0.015,0.014,0.002,0.000,0.815,50.190
2510203123,2026-08-17 07:00:00,236.210,236.400,237.300,0.060,0.170,0.010,0.055,0.013,0.040,0.001,0.003,-0.001,0.005,-0.001,1.000,50.170
2510203124,2026-08-17 07:00:00,236.740,237.100,236.120,0.350,0.360,0.370,0.250,0.081,0.083,0.085,0.044,0.013,0.014,0.015,0.984,50.180
2510203125,2026-08-17 07:00:00,236.420,236.510,237.060,0.080,0.080,0.090,0.022,0.005,0.004,0.013,-0.051,-0.017,-0.019,-0.015,0.409,50.110
2510203126,2026-08-17 07:00:00,229.560,229.250,230.070,0.020,0.000,0.000,0.003,0.003,0.000,0.000,0.000,0.000,0.000,0.000,0.907,50.170
2510203127,2026-08-17 07:00:00,236.120,236.930,235.980,0.040,0.010,0.040,0.019,0.009,0.002,0.007,-0.006,0.000,0.000,-0.005,0.944,50.170
2510203128,2026-08-17 07:00:00,235.300,236.300,234.770,0.870,0.800,0.990,0.604,0.198,0.178,0.227,-0.026,-0.012,-0.017,0.003,0.999,50.170
2510203130,2026-08-17 07:00:00,242.000,242.460,244.130,0.150,0.050,0.060,0.032,0.012,0.004,0.015,0.047,0.032,0.011,0.002,0.561,50.180
2510203133,2026-08-17 07:00:00,236.830,237.540,236.540,0.030,0.020,0.000,0.012,0.007,0.003,0.000,-0.001,0.000,-0.001,0.000,1.000,50.170
2510203134,2026-08-17 07:00:00,236.190,234.990,234.990,0.020,0.010,0.010,0.007,0.004,0.002,0.001,-0.002,-0.001,-0.001,0.000,0.963,50.150
2510224049,2026-08-17 07:00:00,228.670,229.520,229.000,0.050,3.880,0.030,0.860,0.000,0.850,0.000,-0.080,0.000,-0.060,0.000,0.995,50.130
2510224167,2026-08-17 07:00:00,229.600,229.290,230.090,0.740,0.120,0.360,0.170,0.090,0.010,0.050,-0.160,-0.080,-0.020,-0.050,0.732,50.180
2510317505,2026-08-17 07:00:00,229.100,228.870,229.670,0.070,0.020,2.170,0.270,0.010,0.000,0.250,-0.240,0.000,0.000,-0.240,0.747,50.130
2510317516,2026-08-17 07:00:00,229.710,229.450,230.270,0.000,0.000,0.000,0.000,0.000,0.000,0.000,0.000,0.000,0.000,0.000,1.000,50.190
2510317537,2026-08-17 07:00:00,234.380,234.330,235.670,2.170,2.390,2.250,1.660,0.550,0.560,0.540,-0.310,-0.090,-0.090,-0.090,0.984,50.170
2510389559,2026-08-17 07:00:00,237.580,236.830,236.930,0.000,0.000,0.000,0.000,0.000,0.000,0.000,0.000,0.000,0.000,0.000,1.000,50.190
2510389643,2026-08-17 07:00:00,237.290,236.500,236.600,2.150,0.000,0.000,0.390,0.390,0.000,0.000,-0.060,-0.060,0.000,0.000,0.987,50.160
2510389931,2026-08-17 07:00:00,235.120,234.220,234.570,0.050,0.000,0.000,0.000,0.000,0.000,0.000,-0.010,-0.010,0.000,0.000,0.189,50.110
2510633383,2026-08-17 07:00:00,235.460,236.010,236.850,2.170,1.960,2.200,1.421,0.485,0.440,0.494,0.095,0.051,0.028,0.015,0.997,50.190
2510633385,2026-08-17 07:00:00,237.690,237.140,237.180,0.110,0.020,0.180,0.071,0.025,0.003,0.042,-0.007,-0.004,-0.001,-0.001,0.987,50.160
2510633386,2026-08-17 07:00:00,224.280,224.320,225.400,1.140,1.170,1.150,0.135,0.046,0.043,0.042,-0.725,-0.236,-0.244,-0.244,0.175,50.150
2510633387,2026-08-17 07:00:00,236.230,236.990,235.990,0.010,0.020,0.000,0.004,0.002,0.002,0.000,0.002,0.000,0.002,0.000,0.824,50.160
2510633389,2026-08-17 07:00:00,236.640,237.170,236.660,0.140,0.160,0.150,0.076,0.021,0.029,0.025,-0.072,-0.028,-0.021,-0.022,0.713,50.160
2510633390,2026-08-17 07:00:00,234.600,235.840,234.530,1.520,1.780,1.610,1.020,0.318,0.380,0.320,0.282,0.066,0.082,0.134,0.965,50.140
2510633391,2026-08-17 07:00:00,123.800,123.740,123.390,0.490,0.540,0.830,0.242,0.058,0.069,0.114,0.005,0.028,-0.030,0.008,0.997,50.130
2510633393,2026-08-17 07:00:00,234.560,234.740,235.300,1.530,1.550,1.540,1.035,0.340,0.350,0.344,0.304,0.105,0.091,0.108,0.960,50.130
2510633395,2026-08-17 07:00:00,236.390,237.110,235.760,0.000,0.000,0.000,0.000,0.000,0.000,0.000,0.000,0.000,0.000,0.000,1.000,50.170
2510633396,2026-08-17 07:00:00,236.770,235.850,236.410,0.710,0.750,0.700,0.476,0.156,0.166,0.152,0.089,0.029,0.031,0.029,0.981,50.190
2510633397,2026-08-17 07:00:00,241.960,240.650,240.820,0.010,0.020,0.010,0.007,0.002,0.004,0.001,-0.002,-0.002,0.000,0.000,0.968,50.130
2510633399,2026-08-17 07:00:00,229.390,229.100,229.930,0.190,0.270,0.270,0.167,0.043,0.061,0.062,0.004,0.002,0.001,0.000,0.997,50.180
2510633400,2026-08-17 07:00:00,228.420,229.210,228.610,0.250,0.290,0.270,0.176,0.054,0.063,0.058,0.048,0.014,0.017,0.015,0.961,50.130
2510633402,2026-08-17 07:00:00,229.100,229.200,230.830,0.450,0.460,0.440,0.206,0.064,0.067,0.074,0.054,0.018,0.018,0.017,0.980,50.150
2510633406,2026-08-17 07:00:00,229.460,229.170,230.050,0.010,0.010,0.010,0.003,0.001,0.000,0.000,-0.003,-0.001,0.000,-0.001,0.686,50.120
2510633410,2026-08-17 07:00:00,229.500,229.170,230.270,0.040,0.270,0.080,0.087,0.007,0.061,0.018,-0.001,-0.003,0.006,-0.004,0.999,50.120
2510633411,2026-08-17 07:00:00,228.410,227.830,227.500,1.150,1.040,1.130,0.692,0.243,0.217,0.232,0.191,0.062,0.058,0.070,0.965,50.140
2610026950,2026-08-17 07:00:00,230.090,229.360,229.300,0.000,0.000,0.010,0.002,0.000,0.000,0.001,0.000,0.000,0.000,0.000,0.971,50.110
2610026952,2026-08-17 07:00:00,236.980,235.840,236.160,0.010,0.020,0.010,0.008,0.001,0.004,0.002,-0.002,0.000,0.000,-0.001,0.906,50.110
2610026953,2026-08-17 07:00:00,237.190,236.390,236.580,0.180,0.180,0.190,0.127,0.042,0.041,0.043,0.012,0.003,0.004,0.004,0.997,50.140
2610026963,2026-08-17 07:00:00,236.620,236.620,237.430,0.080,0.060,0.060,0.007,0.011,-0.002,-0.001,-0.042,-0.015,-0.012,-0.013,0.160,50.190
2610026966,2026-08-17 07:00:00,234.770,234.650,234.240,0.330,0.320,0.480,0.255,0.075,0.075,0.104,0.030,0.010,0.009,0.011,0.992,50.180
2610026976,2026-08-17 07:00:00,235.650,235.880,236.850,0.660,0.820,0.620,0.479,0.148,0.185,0.144,0.103,0.041,0.038,0.024,0.976,50.190
2610026977,2026-08-17 07:00:00,245.820,245.740,245.340,0.150,0.150,0.150,0.075,0.025,0.025,0.025,0.076,0.025,0.025,0.025,0.700,50.150
2610126451,2026-08-17 07:00:00,236.670,237.320,236.340,0.000,0.000,0.040,0.010,0.000,0.000,0.010,0.002,0.000,0.000,0.002,0.936,50.120
2610159557,2026-08-17 07:00:00,235.810,234.690,234.870,0.010,0.000,0.000,0.001,0.000,0.000,0.000,-0.003,-0.002,0.000,0.000,0.351,50.110
2610170786,2026-08-17 07:00:00,234.730,234.880,235.910,0.930,0.720,0.720,0.591,0.229,0.180,0.182,0.009,0.009,0.001,-0.001,1.000,50.160
2610170836,2026-08-17 07:00:00,235.930,236.810,235.770,0.000,0.000,0.000,0.001,0.000,0.000,0.001,0.000,0.000,0.000,0.000,0.987,50.090
2610170837,2026-08-17 07:00:00,231.150,229.280,229.730,0.020,0.000,0.060,0.014,0.004,0.000,0.010,-0.001,0.000,0.000,-0.001,0.969,50.100
2610170838,2026-08-17 07:00:00,235.960,234.720,234.890,0.020,0.000,0.020,0.005,0.004,0.000,0.000,0.000,0.000,0.000,0.000,1.000,50.180
2610170840,2026-08-17 07:00:00,236.490,235.570,236.000,0.010,0.000,0.000,0.694,0.233,0.229,0.172,0.329,0.111,0.108,0.109,1.000,50.120
2610322967,2026-08-17 07:00:00,236.270,235.040,234.910,0.000,0.000,0.020,0.003,0.000,0.000,0.003,0.000,0.000,0.000,0.000,0.961,50.120
2610322969,2026-08-17 07:00:00,230.110,229.450,229.220,0.040,0.010,0.070,0.023,0.008,0.001,0.012,0.010,0.000,0.000,0.010,0.926,50.110
2610322997,2026-08-17 07:00:00,229.860,231.330,229.390,0.400,0.520,0.470,0.318,0.091,0.120,0.106,-0.018,-0.010,-0.010,0.001,0.999,50.100
2610323001,2026-08-17 07:00:00,230.960,229.200,229.470,0.520,0.400,0.380,0.287,0.114,0.093,0.079,0.036,0.014,0.011,0.010,0.992,50.100
2610323004,2026-08-17 07:00:00,63.690,63.140,63.670,0.100,0.080,0.110,0.017,0.006,0.004,0.006,-0.004,0.000,-0.001,-0.002,0.950,50.100
2610323005,2026-08-17 07:00:00,229.280,230.010,229.480,0.000,0.000,0.000,0.001,0.000,0.001,0.000,0.000,0.000,0.000,0.000,0.933,50.090
2610323016,2026-08-17 07:00:00,230.880,229.090,229.500,0.300,0.270,0.220,0.173,0.066,0.059,0.048,0.053,0.016,0.021,0.016,0.955,50.120
2610323024,2026-08-17 07:00:00,229.290,230.060,231.060,0.260,0.450,0.400,0.251,0.056,0.102,0.091,0.044,0.016,0.010,0.016,0.986,50.110
2411087432,2026-08-17 07:01:00,235.370,236.170,235.140,0.170,0.130,0.210,0.116,0.038,0.029,0.048,-0.006,0.002,-0.003,-0.004,0.999,50.120
2411087433,2026-08-17 07:01:00,234.730,234.680,235.720,0.250,0.240,0.260,0.170,0.052,0.049,0.054,-0.038,-0.011,-0.014,-0.012,0.976,50.130
2510178139,2026-08-17 07:01:00,235.280,236.040,234.950,0.310,0.280,0.250,0.204,0.073,0.069,0.062,0.082,0.029,0.030,0.022,0.907,50.120
2510814977,2026-08-17 07:01:00,229.480,230.790,229.200,0.060,0.060,0.060,0.039,0.013,0.012,0.013,-0.002,0.000,-0.001,-0.001,1.000,50.100
2610126270,2026-08-17 07:01:00,228.970,229.560,229.160,0.050,0.050,0.020,0.026,0.012,0.011,0.002,-0.005,-0.002,-0.001,-0.001,0.982,50.140
2610323019,2026-08-17 07:01:00,228.530,229.540,228.970,0.060,0.020,0.020,0.023,0.012,0.004,0.004,-0.008,-0.003,-0.001,-0.002,0.921,50.100
2510014481,2026-08-17 07:02:00,227.840,228.100,229.470,1.630,1.510,1.580,1.153,0.393,0.359,0.430,0.333,0.120,0.110,0.102,0.950,50.110
2510633381,2026-08-17 07:02:00,235.150,234.070,234.130,0.040,0.060,0.010,0.024,0.007,0.013,0.002,-0.011,-0.004,-0.004,-0.002,0.902,50.080
2246006313,2026-08-17 07:30:00,57.400,57.300,57.200,0.793,0.811,0.771,0.138,0.046,0.047,0.045,0.000,0.000,0.000,0.000,0.999,50.110
2410121326,2026-08-17 07:30:00,236.130,235.170,235.430,0.050,0.060,0.110,0.048,0.011,0.012,0.024,0.001,0.000,-0.002,0.003,0.997,50.150
2410121353,2026-08-17 07:30:00,235.410,234.440,234.780,0.000,0.030,0.040,0.017,0.000,0.007,0.009,-0.001,0.000,0.000,0.000,1.000,50.110
2410121371,2026-08-17 07:30:00,235.740,234.660,234.920,0.010,0.010,0.040,0.010,0.000,0.000,0.008,-0.002,-0.001,-0.001,0.000,0.938,50.100
2410121424,2026-08-17 07:30:00,235.090,234.140,234.370,0.010,0.010,0.010,0.004,0.000,0.001,0.002,-0.003,-0.001,-0.001,0.000,0.908,50.110
2410121440,2026-08-17 07:30:00,235.480,234.500,234.740,0.010,0.000,0.010,0.004,0.002,0.000,0.001,-0.002,-0.001,0.000,0.000,0.859,50.100
2410121454,2026-08-17 07:30:00,234.070,234.820,233.570,0.570,0.710,0.780,0.461,0.127,0.159,0.175,0.058,0.015,0.013,0.028,0.991,50.100
2410121457,2026-08-17 07:30:00,235.280,234.210,234.570,0.310,0.380,0.350,0.168,0.045,0.063,0.059,0.175,0.057,0.061,0.055,0.692,50.120
2410121574,2026-08-17 07:30:00,234.520,233.390,233.550,1.670,1.500,1.460,1.036,0.373,0.336,0.325,0.121,0.048,0.032,0.041,0.993,50.120
2410131378,2026-08-17 07:30:00,234.600,235.300,234.340,0.500,0.630,0.660,0.398,0.114,0.141,0.141,0.067,0.016,0.020,0.031,0.986,50.110
2410131383,2026-08-17 07:30:00,235.600,236.150,235.550,0.280,0.310,0.370,0.222,0.065,0.072,0.085,0.025,0.005,0.008,0.011,0.995,50.130
2410131384,2026-08-17 07:30:00,232.060,232.900,232.090,1.360,1.480,1.380,0.877,0.253,0.309,0.317,0.195,0.064,0.068,0.062,0.977,50.130
2410131387,2026-08-17 07:30:00,233.060,233.110,233.830,0.160,0.110,0.140,0.094,0.037,0.026,0.030,-0.015,-0.004,-0.001,-0.009,0.983,50.150
2410320615,2026-08-17 07:30:00,232.440,232.420,233.710,4.070,3.950,4.190,2.669,0.891,0.848,0.929,0.898,0.296,0.302,0.301,0.947,50.130
2410883988,2026-08-17 07:30:00,228.390,229.150,228.690,0.000,0.000,0.020,0.003,0.000,0.000,0.003,0.000,0.000,0.000,0.000,0.929,50.130
2410883990,2026-08-17 07:30:00,228.760,228.200,227.950,0.090,0.120,0.080,0.050,0.020,0.012,0.017,0.028,0.001,0.023,0.003,0.878,50.150
2410883991,2026-08-17 07:30:00,232.560,232.680,233.590,0.190,0.320,0.380,0.185,0.036,0.076,0.085,0.042,0.013,0.009,0.019,0.974,50.160
2410883993,2026-08-17 07:30:00,232.750,231.700,231.660,0.640,0.790,0.940,0.530,0.145,0.187,0.197,0.077,0.030,0.007,0.037,0.989,50.130
2410883994,2026-08-17 07:30:00,233.370,232.220,232.480,0.000,0.000,0.010,0.002,0.000,0.000,0.002,0.000,0.000,0.000,0.000,0.870,50.100
2410932742,2026-08-17 07:30:00,229.370,227.730,227.740,3.170,3.130,3.300,2.034,0.675,0.661,0.695,0.582,0.194,0.181,0.206,0.961,50.110
2411087432,2026-08-17 07:30:00,235.610,236.340,235.350,0.190,0.150,0.230,0.132,0.043,0.035,0.053,0.003,0.006,0.000,-0.003,0.997,50.130
2411087433,2026-08-17 07:30:00,232.620,232.780,233.760,0.310,0.270,0.320,0.212,0.071,0.060,0.080,-0.031,-0.006,-0.013,-0.012,0.986,50.110
2411290205,2026-08-17 07:30:00,236.740,236.150,235.980,0.650,0.510,0.550,0.402,0.155,0.119,0.127,0.021,0.010,0.006,0.004,0.999,50.150
2510014481,2026-08-17 07:30:00,228.170,228.480,229.580,2.120,1.800,2.090,1.204,0.405,0.365,0.433,0.399,0.135,0.130,0.134,0.951,50.110
2510014482,2026-08-17 07:30:00,235.360,236.120,235.130,0.010,0.040,0.000,0.012,0.002,0.010,0.000,0.000,-0.001,0.001,0.000,0.975,50.150
2510014483,2026-08-17 07:30:00,232.280,232.400,233.380,0.040,0.030,0.050,0.019,0.006,0.004,0.008,-0.018,-0.005,-0.005,-0.008,0.733,50.140
2510014484,2026-08-17 07:30:00,235.390,234.660,234.840,2.020,2.360,1.880,1.396,0.443,0.536,0.415,0.432,0.154,0.138,0.141,0.954,50.160
2510178139,2026-08-17 07:30:00,235.000,235.690,234.640,0.330,0.340,0.310,0.208,0.070,0.073,0.065,0.091,0.031,0.033,0.026,0.920,50.110
2510178141,2026-08-17 07:30:00,234.530,235.130,235.730,0.510,0.270,0.320,0.255,0.118,0.063,0.074,0.005,0.018,-0.006,-0.007,1.000,50.160
2510203103,2026-08-17 07:30:00,225.470,223.900,224.080,0.420,0.420,0.460,0.302,0.088,0.104,0.109,0.087,0.031,0.028,0.026,0.953,50.120
2510203104,2026-08-17 07:30:00,226.450,226.450,227.380,0.850,0.860,0.780,0.551,0.185,0.191,0.174,0.061,0.014,0.023,0.023,0.994,50.120
2510203105,2026-08-17 07:30:00,231.100,229.350,229.900,0.320,0.370,0.310,0.145,0.043,0.056,0.046,0.174,0.058,0.062,0.053,0.641,50.110
2510203106,2026-08-17 07:30:00,236.440,235.730,235.720,0.010,0.010,0.000,0.006,0.002,0.003,0.000,-0.002,-0.001,0.000,0.000,0.878,50.120
2510203107,2026-08-17 07:30:00,224.560,223.920,223.900,0.360,0.390,0.360,0.243,0.079,0.084,0.079,0.055,0.019,0.019,0.017,0.972,50.140
2510203108,2026-08-17 07:30:00,235.350,235.860,234.780,0.510,0.880,1.260,0.613,0.119,0.204,0.289,0.080,0.026,0.028,0.025,0.990,50.130
2510203109,2026-08-17 07:30:00,232.250,233.300,232.090,0.260,0.160,0.280,0.160,0.059,0.036,0.064,0.010,0.012,-0.001,0.000,1.000,50.100
2510203111,2026-08-17 07:30:00,234.760,235.340,235.990,1.260,1.030,1.350,0.782,0.267,0.216,0.298,0.255,0.103,0.078,0.074,0.950,50.120
2510203113,2026-08-17 07:30:00,235.900,236.610,236.090,0.800,0.850,0.980,0.600,0.181,0.192,0.226,0.007,0.001,0.002,0.003,0.999,50.140
2510203114,2026-08-17 07:30:00,226.260,226.460,227.330,0.720,0.670,0.660,0.450,0.156,0.147,0.146,0.028,0.009,0.008,0.011,0.998,50.100
2510203115,2026-08-17 07:30:00,234.400,234.630,235.240,0.000,0.000,0.000,0.000,0.000,0.000,0.000,0.000,0.000,0.000,0.000,1.000,50.120
2510203117,2026-08-17 07:30:00,228.830,228.250,228.080,0.180,0.360,0.150,0.123,0.027,0.078,0.017,0.082,0.027,0.025,0.029,0.834,50.130
2510203118,2026-08-17 07:30:00,122.500,122.500,123.060,0.170,0.150,0.150,0.050,0.018,0.016,0.015,-0.023,-0.008,-0.005,-0.009,0.925,50.110
2510203119,2026-08-17 07:30:00,228.720,228.070,227.820,0.000,0.000,0.000,0.000,0.000,0.000,0.000,0.000,0.000,0.000,0.000,1.000,50.130
2510203120,2026-08-17 07:30:00,232.930,231.780,232.020,1.000,0.810,0.830,0.571,0.219,0.173,0.180,0.195,0.072,0.063,0.059,0.946,50.130
2510203121,2026-08-17 07:30:00,228.290,227.980,228.690,0.080,0.070,0.170,0.072,0.017,0.016,0.040,-0.014,-0.002,-0.004,-0.007,0.983,50.110
2510203122,2026-08-17 07:30:00,235.550,236.290,235.280,0.070,0.020,0.000,0.015,0.012,0.003,0.000,0.006,0.009,-0.001,0.000,0.929,50.130
2510203123,2026-08-17 07:30:00,234.510,234.890,235.660,0.120,0.410,0.190,0.164,0.026,0.095,0.043,-0.002,-0.003,-0.008,0.009,0.999,50.110
2510203124,2026-08-17 07:30:00,234.940,235.220,234.340,0.700,0.700,0.710,0.439,0.146,0.146,0.147,0.137,0.043,0.046,0.046,0.954,50.110
2510203125,2026-08-17 07:30:00,235.800,235.690,236.460,0.080,0.080,0.090,0.023,0.005,0.004,0.013,-0.051,-0.017,-0.018,-0.015,0.410,50.120
2510203126,2026-08-17 07:30:00,228.630,228.150,228.990,0.020,0.000,0.000,0.003,0.003,0.000,0.000,0.000,0.000,0.000,0.000,0.905,50.150
2510203127,2026-08-17 07:30:00,235.320,236.070,235.130,0.040,0.010,0.040,0.019,0.009,0.002,0.007,-0.006,0.000,0.000,-0.005,0.931,50.150
2510203128,2026-08-17 07:30:00,232.420,233.340,231.860,0.940,0.920,1.000,0.648,0.213,0.207,0.227,-0.018,-0.009,-0.013,0.005,1.000,50.120
2510203130,2026-08-17 07:30:00,241.910,242.260,243.470,0.090,0.000,0.160,0.037,0.005,0.000,0.031,0.043,0.020,0.000,0.023,0.678,50.110
2510203133,2026-08-17 07:30:00,236.070,236.740,235.860,0.190,0.020,0.000,0.049,0.045,0.003,0.000,-0.001,0.000,-0.001,0.000,0.989,50.100
2510203134,2026-08-17 07:30:00,233.960,232.730,232.850,0.020,0.010,0.010,0.007,0.004,0.002,0.001,-0.002,-0.001,-0.001,0.000,0.956,50.110
2510224167,2026-08-17 07:30:00,228.580,228.050,228.950,0.760,0.120,0.360,0.170,0.090,0.010,0.050,-0.150,-0.080,-0.020,-0.050,0.739,50.160
2510317505,2026-08-17 07:30:00,228.350,227.990,228.800,0.070,0.030,2.190,0.270,0.010,0.000,0.250,-0.240,0.000,0.000,-0.230,0.753,50.160
2510317516,2026-08-17 07:30:00,228.800,228.340,229.170,0.000,0.000,0.000,0.000,0.000,0.000,0.000,0.000,0.000,0.000,0.000,1.000,50.160
2510317537,2026-08-17 07:30:00,231.560,231.880,232.870,2.650,2.600,2.680,1.600,0.570,0.580,0.600,-0.230,-0.070,-0.070,-0.080,0.986,50.160
2510389559,2026-08-17 07:30:00,237.010,236.650,236.520,0.000,0.000,0.000,0.000,0.000,0.000,0.000,0.000,0.000,0.000,0.000,1.000,50.130
2510389643,2026-08-17 07:30:00,237.020,236.590,236.420,1.060,0.000,0.000,0.210,0.210,0.000,0.000,-0.010,-0.010,0.000,0.000,0.998,50.160
2510389931,2026-08-17 07:30:00,235.170,234.340,234.530,0.050,0.000,0.000,0.000,0.000,0.000,0.000,-0.010,-0.010,0.000,0.000,0.194,50.150
2510633381,2026-08-17 07:30:00,233.500,232.360,232.520,0.080,0.120,0.040,0.052,0.016,0.026,0.009,-0.016,-0.006,-0.006,-0.002,0.960,50.130
2510633383,2026-08-17 07:30:00,234.490,235.020,235.740,1.940,1.760,1.970,1.248,0.431,0.374,0.442,0.071,0.039,0.018,0.013,0.998,50.140
2510633385,2026-08-17 07:30:00,236.560,236.180,236.150,0.390,0.020,0.020,0.099,0.091,0.003,0.003,0.007,0.009,-0.001,0.000,0.993,50.130
2510633386,2026-08-17 07:30:00,221.440,221.580,222.590,1.090,1.120,1.100,0.136,0.046,0.045,0.044,-0.696,-0.227,-0.235,-0.233,0.205,50.120
2510633387,2026-08-17 07:30:00,234.990,235.750,234.830,0.010,0.000,0.000,0.002,0.002,0.000,0.000,0.000,0.000,0.000,0.000,1.000,50.120
2510633389,2026-08-17 07:30:00,235.090,235.830,235.080,0.750,0.680,0.620,0.459,0.166,0.151,0.141,0.086,0.022,0.031,0.031,0.983,50.120
2510633390,2026-08-17 07:30:00,232.130,233.130,231.930,1.560,1.620,1.540,0.943,0.303,0.330,0.309,0.323,0.098,0.105,0.109,0.938,50.120
2510633391,2026-08-17 07:30:00,123.490,123.360,123.200,0.350,0.340,0.580,0.159,0.045,0.039,0.071,0.004,0.021,-0.017,0.001,1.000,50.140
2510633393,2026-08-17 07:30:00,234.170,234.160,234.850,1.740,1.790,1.740,1.179,0.388,0.402,0.388,0.314,0.109,0.092,0.111,0.964,50.110
2510633395,2026-08-17 07:30:00,234.880,235.500,234.270,0.000,0.000,0.000,0.000,0.000,0.000,0.000,0.000,0.000,0.000,0.000,1.000,50.110
2510633396,2026-08-17 07:30:00,235.160,234.240,234.790,0.680,0.730,0.670,0.447,0.147,0.158,0.142,0.091,0.028,0.033,0.029,0.979,50.120
2510633397,2026-08-17 07:30:00,239.130,237.860,238.100,0.030,0.030,0.040,0.023,0.006,0.007,0.008,0.000,-0.001,0.000,0.002,0.983,50.130
2510633399,2026-08-17 07:30:00,228.420,227.880,228.740,0.180,0.280,0.260,0.164,0.041,0.063,0.059,0.005,0.002,0.001,0.001,0.997,50.140
2510633400,2026-08-17 07:30:00,227.110,227.900,227.410,0.640,0.680,0.670,0.441,0.141,0.150,0.149,0.070,0.021,0.024,0.024,0.988,50.140
2510633402,2026-08-17 07:30:00,229.170,229.290,230.800,0.560,0.600,0.600,0.369,0.117,0.126,0.125,0.095,0.031,0.030,0.033,0.970,50.120
2510633406,2026-08-17 07:30:00,228.300,227.800,228.730,0.010,0.010,0.010,0.003,0.001,0.000,0.000,-0.003,-0.001,0.000,-0.001,0.682,50.110
2510633410,2026-08-17 07:30:00,231.880,231.480,232.350,0.110,0.100,0.070,0.063,0.024,0.023,0.015,-0.011,-0.004,-0.003,-0.004,0.983,50.120
2510633411,2026-08-17 07:30:00,227.430,226.960,226.500,1.280,1.150,1.230,0.789,0.276,0.249,0.263,0.182,0.059,0.056,0.066,0.974,50.150
2510814977,2026-08-17 07:30:00,229.890,231.100,229.650,0.060,0.050,0.060,0.040,0.014,0.012,0.013,-0.002,0.000,-0.001,-0.001,1.000,50.130
2610026950,2026-08-17 07:30:00,228.870,228.380,227.960,0.020,0.010,0.010,0.009,0.004,0.003,0.001,0.000,0.000,0.000,0.000,1.000,50.120
2610026952,2026-08-17 07:30:00,236.000,234.910,235.230,0.010,0.020,0.010,0.007,0.001,0.003,0.002,-0.003,-0.001,-0.001,-0.001,0.898,50.120
2610026953,2026-08-17 07:30:00,236.060,235.100,235.200,0.510,0.490,0.480,0.326,0.110,0.106,0.109,0.051,0.017,0.021,0.012,0.986,50.110
2610026963,2026-08-17 07:30:00,235.360,235.450,236.290,0.080,0.050,0.060,0.009,0.012,-0.001,-0.001,-0.039,-0.015,-0.011,-0.012,0.227,50.120
2610026966,2026-08-17 07:30:00,234.790,234.530,234.720,1.020,1.010,0.820,0.650,0.230,0.232,0.206,0.089,0.035,0.029,0.024,0.991,50.100
2610026976,2026-08-17 07:30:00,234.290,234.900,235.960,1.300,1.120,0.670,0.691,0.287,0.254,0.149,0.036,0.032,0.009,-0.005,0.998,50.120
2610026977,2026-08-17 07:30:00,246.900,246.570,246.430,0.150,0.140,0.150,0.075,0.024,0.024,0.025,0.075,0.025,0.024,0.025,0.702,50.150
2610126270,2026-08-17 07:30:00,227.960,228.700,228.350,0.030,0.050,0.020,0.021,0.006,0.011,0.002,-0.006,-0.002,-0.001,-0.001,0.943,50.140
2610159557,2026-08-17 07:30:00,233.390,232.240,232.390,0.010,0.000,0.000,0.001,0.000,0.000,0.000,-0.003,-0.002,0.000,0.000,0.359,50.120
2610170786,2026-08-17 07:30:00,232.140,232.360,233.380,0.940,0.810,0.730,0.640,0.241,0.205,0.182,0.103,0.037,0.038,0.027,0.989,50.160
2610170836,2026-08-17 07:30:00,234.870,235.520,234.410,0.010,0.010,0.010,0.012,0.056,0.050,0.012,-0.001,-0.001,0.000,0.000,0.852,50.140
2610170837,2026-08-17 07:30:00,231.150,229.500,229.820,0.020,0.000,0.130,0.028,0.004,0.000,0.024,0.001,0.000,0.000,0.000,1.000,50.140
2610170838,2026-08-17 07:30:00,233.460,232.190,232.580,0.020,0.020,0.010,0.012,0.004,0.005,0.002,0.001,0.000,0.000,0.000,0.979,50.160
2610170840,2026-08-17 07:30:00,235.260,234.470,234.610,0.910,0.880,0.890,0.560,0.188,0.183,0.187,0.288,0.098,0.095,0.093,0.889,50.150
2610322967,2026-08-17 07:30:00,233.700,232.400,232.330,0.000,0.000,0.030,0.008,0.000,0.000,0.007,0.008,0.002,0.002,0.003,1.000,50.120
2610322969,2026-08-17 07:30:00,228.880,228.400,227.930,0.100,0.070,0.200,0.082,0.022,0.014,0.044,0.006,0.000,-0.001,0.007,1.000,50.120
2610322997,2026-08-17 07:30:00,229.300,229.670,228.490,1.000,1.200,0.870,0.692,0.239,0.265,0.187,0.258,0.035,0.125,0.098,0.932,50.140
2610323001,2026-08-17 07:30:00,230.890,229.370,229.660,0.650,0.510,0.430,0.367,0.148,0.119,0.099,0.041,0.017,0.012,0.011,0.994,50.140
2610323004,2026-08-17 07:30:00,63.730,63.210,63.670,0.110,0.090,0.120,0.020,0.007,0.005,0.007,-0.004,0.000,-0.001,-0.002,0.987,50.130
2610323016,2026-08-17 07:30:00,230.980,229.330,229.740,0.270,0.280,0.230,0.170,0.060,0.060,0.049,0.054,0.016,0.020,0.016,0.952,50.140
2610323019,2026-08-17 07:30:00,227.890,228.820,228.380,0.020,0.150,0.110,0.064,0.004,0.035,0.024,-0.005,-0.001,-0.002,-0.001,0.994,50.150
2610323024,2026-08-17 07:30:00,229.580,230.320,231.180,0.200,0.620,0.350,0.258,0.046,0.139,0.073,0.008,0.004,-0.001,0.006,1.000,50.150
2510224049,2026-08-17 07:31:00,231.070,231.640,231.350,0.050,6.940,0.020,1.570,0.000,1.560,0.000,0.260,0.000,0.270,0.000,0.986,50.120
2610126451,2026-08-17 07:31:00,234.640,235.320,234.390,0.000,0.000,0.020,0.014,0.000,0.007,0.007,0.001,0.000,0.000,0.002,0.998,50.100
2610323005,2026-08-17 07:31:00,231.410,232.050,231.630,0.000,0.000,0.000,0.001,0.000,0.001,0.000,0.000,0.000,0.000,0.000,0.940,50.150
2246006313,2026-08-17 08:00:00,58.000,57.900,57.700,0.737,0.733,0.701,0.129,0.043,0.044,0.041,0.000,0.000,0.000,0.000,0.999,50.210
2410121326,2026-08-17 08:00:00,233.990,232.970,233.190,0.880,0.890,0.950,0.602,0.193,0.198,0.211,0.162,0.051,0.054,0.056,0.965,50.200
2410121353,2026-08-17 08:00:00,233.840,232.960,233.160,0.490,0.460,0.350,0.299,0.113,0.106,0.079,0.037,0.010,0.008,0.018,0.992,50.200
2410121371,2026-08-17 08:00:00,234.330,233.290,233.570,0.100,0.060,0.090,0.049,0.021,0.010,0.018,0.027,0.009,0.008,0.009,0.876,50.210
2410121424,2026-08-17 08:00:00,233.660,232.790,233.080,0.010,0.010,0.010,0.004,0.000,0.001,0.002,-0.003,-0.001,-0.001,0.000,0.756,50.170
2410121440,2026-08-17 08:00:00,234.150,233.240,233.440,0.010,0.000,0.010,0.004,0.002,0.000,0.001,-0.002,-0.001,0.000,0.000,0.837,50.210
2410121454,2026-08-17 08:00:00,232.880,233.540,232.360,0.660,0.770,0.880,0.515,0.145,0.172,0.197,0.069,0.018,0.018,0.031,0.990,50.180
2410121457,2026-08-17 08:00:00,233.050,231.990,232.530,1.690,1.650,1.620,1.102,0.376,0.363,0.363,0.246,0.089,0.089,0.068,0.975,50.230
2410121574,2026-08-17 08:00:00,232.970,231.860,232.000,1.840,1.650,1.620,1.146,0.412,0.372,0.360,0.118,0.047,0.030,0.040,0.994,50.200
2410131378,2026-08-17 08:00:00,233.230,233.850,232.900,1.030,1.090,1.110,0.652,0.198,0.227,0.225,0.121,0.029,0.040,0.051,0.986,50.210
2410131383,2026-08-17 08:00:00,234.410,234.810,234.330,0.270,0.320,0.350,0.218,0.063,0.073,0.081,0.032,0.005,0.010,0.016,0.989,50.220
2410131384,2026-08-17 08:00:00,233.450,234.320,233.300,1.220,1.520,1.480,0.774,0.233,0.277,0.263,0.120,0.038,0.039,0.040,0.991,50.200
2410131387,2026-08-17 08:00:00,231.490,231.420,232.010,0.250,0.230,0.220,0.163,0.058,0.053,0.052,0.003,0.001,0.005,-0.003,1.000,50.200
2410883988,2026-08-17 08:00:00,230.110,230.820,230.410,0.000,0.000,0.020,0.003,0.000,0.000,0.003,0.000,0.000,0.000,0.000,0.945,50.190
2410883990,2026-08-17 08:00:00,230.520,229.940,229.730,0.090,0.130,0.350,0.127,0.020,0.013,0.093,0.014,0.001,0.025,-0.013,0.969,50.220
2410883991,2026-08-17 08:00:00,233.300,233.590,234.560,0.350,0.260,0.470,0.233,0.087,0.057,0.088,0.051,0.017,0.016,0.018,0.982,50.210
2410883993,2026-08-17 08:00:00,234.130,233.030,233.220,0.450,0.660,0.750,0.478,0.100,0.216,0.160,0.050,0.034,0.005,0.010,0.992,50.230
2410883994,2026-08-17 08:00:00,234.670,233.460,233.790,0.000,0.000,0.010,0.002,0.000,0.000,0.002,0.000,0.000,0.000,0.000,0.907,50.200
2410932742,2026-08-17 08:00:00,228.080,226.250,226.510,3.420,3.400,3.620,2.231,0.734,0.726,0.769,0.615,0.205,0.183,0.226,0.963,50.210
2411087433,2026-08-17 08:00:00,233.780,233.940,234.900,0.500,0.370,0.450,0.312,0.119,0.090,0.115,-0.009,0.000,-0.009,-0.001,1.000,50.230
2411290205,2026-08-17 08:00:00,233.130,232.610,232.490,1.960,1.940,1.900,1.375,0.470,0.414,0.408,0.447,0.150,0.149,0.147,0.946,50.220
2510014481,2026-08-17 08:00:00,227.650,228.390,229.160,1.400,1.280,1.870,1.065,0.317,0.300,0.446,0.314,0.100,0.104,0.109,0.951,50.230
2510014482,2026-08-17 08:00:00,233.070,233.800,232.830,0.500,0.210,0.090,0.185,0.115,0.049,0.020,-0.012,-0.005,0.000,-0.006,0.997,50.190
2510014483,2026-08-17 08:00:00,233.470,233.680,234.570,0.040,0.030,0.050,0.020,0.006,0.005,0.008,-0.019,-0.005,-0.005,-0.008,0.711,50.220
2510014484,2026-08-17 08:00:00,233.360,232.790,232.970,1.740,2.100,1.600,1.206,0.386,0.470,0.348,0.378,0.134,0.122,0.121,0.954,50.190
2510178139,2026-08-17 08:00:00,234.000,234.680,233.650,0.650,0.550,0.650,0.354,0.126,0.100,0.127,0.123,0.045,0.043,0.035,0.945,50.210
2510178141,2026-08-17 08:00:00,233.200,234.030,234.460,0.520,0.290,0.350,0.270,0.119,0.067,0.082,0.015,0.021,-0.003,-0.001,0.996,50.210
2510203103,2026-08-17 08:00:00,224.850,223.110,223.590,0.910,0.940,0.970,0.618,0.204,0.201,0.212,-0.101,-0.030,-0.036,-0.034,0.985,50.200
2510203104,2026-08-17 08:00:00,227.340,227.350,228.330,1.150,1.150,1.080,0.749,0.256,0.254,0.238,0.173,0.044,0.068,0.062,0.973,50.200
2510203105,2026-08-17 08:00:00,230.470,228.750,229.360,1.510,1.260,1.330,0.931,0.345,0.284,0.312,0.166,0.055,0.057,0.052,0.993,50.220
2510203106,2026-08-17 08:00:00,234.660,234.110,234.050,0.010,0.010,0.000,0.006,0.002,0.003,0.000,-0.002,-0.001,0.000,0.000,0.865,50.190
2510203108,2026-08-17 08:00:00,233.880,234.200,233.350,0.630,1.360,1.380,0.778,0.140,0.319,0.318,0.100,0.036,0.027,0.037,0.991,50.200
2510203109,2026-08-17 08:00:00,233.020,234.070,232.830,0.790,0.830,0.690,0.526,0.176,0.194,0.155,0.113,0.044,0.029,0.037,0.976,50.210
2510203111,2026-08-17 08:00:00,233.170,233.660,234.290,1.790,1.580,1.950,1.166,0.387,0.343,0.436,0.289,0.118,0.083,0.087,0.971,50.190
2510203113,2026-08-17 08:00:00,233.230,233.650,233.170,2.640,2.580,2.990,1.868,0.599,0.585,0.683,0.180,0.036,0.069,0.073,0.995,50.180
2510203114,2026-08-17 08:00:00,227.060,227.260,228.150,1.050,1.020,0.930,0.649,0.228,0.221,0.199,0.131,0.036,0.050,0.044,0.981,50.200
2510203115,2026-08-17 08:00:00,234.020,234.220,234.760,0.000,0.000,0.000,0.000,0.000,0.000,0.000,0.000,0.000,0.000,0.000,1.000,50.230
2510203117,2026-08-17 08:00:00,230.520,230.010,229.650,0.350,0.270,0.120,0.137,0.074,0.057,0.006,0.081,0.028,0.024,0.027,0.859,50.210
2510203118,2026-08-17 08:00:00,123.170,123.190,123.760,0.170,0.150,0.160,0.054,0.019,0.017,0.017,-0.024,-0.008,-0.006,-0.009,0.906,50.220
2510203119,2026-08-17 08:00:00,230.320,229.770,229.470,0.000,0.000,0.000,0.000,0.000,0.000,0.000,0.000,0.000,0.000,0.000,1.000,50.200
2510203121,2026-08-17 08:00:00,229.750,229.490,230.360,0.080,0.080,0.150,0.069,0.018,0.017,0.032,-0.014,-0.002,-0.003,-0.007,0.980,50.220
2510203122,2026-08-17 08:00:00,233.120,234.050,232.900,0.520,0.410,0.430,0.242,0.095,0.074,0.072,0.203,0.074,0.059,0.068,0.764,50.200
2510203123,2026-08-17 08:00:00,233.010,233.530,234.100,0.830,1.020,0.780,0.433,0.120,0.194,0.127,0.304,0.115,0.085,0.103,0.854,50.190
2510203124,2026-08-17 08:00:00,233.590,233.810,233.030,1.130,1.130,1.150,0.710,0.237,0.233,0.240,0.199,0.065,0.069,0.064,0.963,50.200
2510203125,2026-08-17 08:00:00,234.570,234.450,235.000,0.080,0.090,0.090,0.023,0.005,0.004,0.013,-0.051,-0.017,-0.019,-0.014,0.409,50.230
2510203126,2026-08-17 08:00:00,230.030,229.700,230.570,0.020,0.000,0.000,0.003,0.003,0.000,0.000,0.000,0.000,0.000,0.000,0.905,50.200
2510203127,2026-08-17 08:00:00,233.120,233.930,232.890,1.320,1.350,1.280,0.866,0.291,0.296,0.279,0.216,0.063,0.074,0.078,0.970,50.200
2510203128,2026-08-17 08:00:00,233.540,234.320,232.610,1.430,1.400,1.460,0.968,0.325,0.316,0.327,0.042,0.000,0.007,0.035,0.998,50.200
2510203130,2026-08-17 08:00:00,240.970,241.340,242.840,0.060,0.050,0.050,0.026,0.007,0.007,0.011,0.026,0.012,0.010,0.003,0.718,50.210
2510203133,2026-08-17 08:00:00,233.400,234.290,233.280,0.520,0.350,0.700,0.343,0.112,0.071,0.158,0.116,0.042,0.040,0.033,0.948,50.210
2510203134,2026-08-17 08:00:00,235.160,233.910,234.020,0.020,0.010,0.010,0.007,0.004,0.002,0.001,-0.002,-0.001,-0.001,0.000,0.965,50.220
2510224049,2026-08-17 08:00:00,229.370,229.980,229.710,0.240,6.890,0.020,1.600,0.040,1.550,0.000,0.210,-0.020,0.240,0.000,0.990,50.220
2510224167,2026-08-17 08:00:00,229.790,229.380,230.280,0.740,0.120,0.360,0.170,0.090,0.010,0.050,-0.160,-0.080,-0.020,-0.050,0.736,50.200
2510317505,2026-08-17 08:00:00,229.870,229.570,230.380,0.070,0.030,2.170,0.270,0.010,0.000,0.250,-0.240,0.000,0.000,-0.240,0.750,50.210
2510317516,2026-08-17 08:00:00,230.090,229.720,230.540,0.000,0.000,0.000,0.000,0.000,0.000,0.000,0.000,0.000,0.000,0.000,1.000,50.200
2510317537,2026-08-17 08:00:00,233.050,233.130,234.050,2.250,2.490,2.570,1.810,0.560,0.620,0.620,-0.210,-0.030,-0.060,-0.100,0.994,50.210
2510389559,2026-08-17 08:00:00,235.000,234.680,234.430,0.000,0.000,0.000,0.000,0.000,0.000,0.000,0.000,0.000,0.000,0.000,1.000,50.190
2510389643,2026-08-17 08:00:00,235.160,234.760,234.540,0.640,0.000,0.000,0.140,0.140,0.000,0.000,0.000,0.000,0.000,0.000,0.996,50.210
2510389931,2026-08-17 08:00:00,234.750,233.950,234.120,0.050,0.000,0.000,0.000,0.000,0.000,0.000,-0.010,-0.010,0.000,0.000,0.168,50.230
2510633381,2026-08-17 08:00:00,234.530,233.310,233.640,0.120,0.180,0.080,0.091,0.028,0.043,0.019,-0.002,-0.001,-0.002,0.001,0.996,50.190
2510633383,2026-08-17 08:00:00,233.050,233.800,234.340,2.290,1.740,2.010,1.355,0.512,0.390,0.453,0.075,0.045,0.013,0.015,0.998,50.200
2510633385,2026-08-17 08:00:00,235.140,234.690,234.560,0.230,0.020,0.150,0.092,0.053,0.004,0.034,0.002,0.000,-0.002,0.004,1.000,50.230
2510633386,2026-08-17 08:00:00,222.820,222.970,224.030,1.130,1.150,1.140,0.144,0.052,0.043,0.049,-0.708,-0.230,-0.239,-0.237,0.188,50.230
2510633389,2026-08-17 08:00:00,233.680,234.280,233.520,0.840,0.710,0.690,0.503,0.195,0.162,0.154,0.112,0.031,0.037,0.043,0.977,50.230
2510633390,2026-08-17 08:00:00,233.520,234.520,233.210,1.740,1.960,1.890,1.223,0.388,0.431,0.464,0.327,0.099,0.108,0.119,0.966,50.220
2510633391,2026-08-17 08:00:00,122.790,122.570,122.580,0.230,0.200,0.410,0.102,0.027,0.023,0.050,-0.003,0.012,-0.015,-0.001,0.995,50.210
2510633393,2026-08-17 08:00:00,232.380,232.240,232.770,1.750,1.760,1.750,1.167,0.386,0.393,0.387,0.315,0.108,0.095,0.111,0.966,50.200
2510633395,2026-08-17 08:00:00,233.920,234.450,233.160,0.000,0.000,0.000,0.000,0.000,0.000,0.000,0.000,0.000,0.000,0.000,1.000,50.200
2510633396,2026-08-17 08:00:00,233.570,232.760,233.270,0.920,0.970,0.910,0.608,0.200,0.211,0.197,0.158,0.053,0.054,0.050,0.967,50.190
2510633397,2026-08-17 08:00:00,240.680,239.270,239.610,0.080,0.210,0.190,0.116,0.019,0.051,0.045,0.010,0.004,0.002,0.004,0.996,50.220
2510633399,2026-08-17 08:00:00,229.710,229.340,230.250,0.210,0.260,0.280,0.170,0.048,0.058,0.063,0.002,0.001,0.000,0.000,1.000,50.200
2510633400,2026-08-17 08:00:00,228.510,229.490,228.880,0.570,0.600,0.560,0.338,0.107,0.124,0.106,0.115,0.043,0.034,0.036,0.958,50.210
2510633402,2026-08-17 08:00:00,228.670,229.010,230.400,0.300,0.370,0.400,0.328,0.095,0.113,0.118,0.081,0.025,0.026,0.029,0.941,50.230
2510633406,2026-08-17 08:00:00,229.830,229.420,230.400,0.010,0.010,0.010,0.003,0.001,0.000,0.000,-0.003,-0.001,0.000,-0.001,0.693,50.230
2510633410,2026-08-17 08:00:00,229.930,229.590,230.540,0.110,0.110,0.050,0.063,0.025,0.026,0.011,-0.011,-0.004,-0.003,-0.003,0.975,50.230
2510814977,2026-08-17 08:00:00,229.020,230.150,228.510,0.060,0.060,0.070,0.044,0.014,0.014,0.015,-0.002,0.000,-0.001,-0.001,0.996,50.230
2610026950,2026-08-17 08:00:00,230.690,230.080,229.800,0.020,0.000,0.020,0.010,0.005,0.001,0.004,0.000,0.000,0.000,0.000,0.968,50.230
2610026952,2026-08-17 08:00:00,232.120,230.920,231.260,2.020,1.990,1.980,1.195,0.404,0.395,0.400,0.696,0.235,0.237,0.222,0.865,50.230
2610026953,2026-08-17 08:00:00,234.080,233.360,233.480,0.650,0.610,0.550,0.393,0.134,0.132,0.126,0.068,0.024,0.028,0.016,0.986,50.220
2610026963,2026-08-17 08:00:00,234.340,234.480,235.210,0.210,0.040,0.050,0.048,0.045,-0.001,0.004,-0.035,-0.016,-0.009,-0.010,0.804,50.200
2610026966,2026-08-17 08:00:00,234.780,234.190,234.360,0.860,0.980,0.840,0.589,0.180,0.218,0.191,0.127,0.048,0.042,0.035,0.978,50.200
2610026976,2026-08-17 08:00:00,233.540,233.930,234.790,1.070,1.050,0.850,0.686,0.249,0.238,0.199,0.009,0.007,0.007,-0.005,0.999,50.190
2610026977,2026-08-17 08:00:00,246.340,245.780,245.600,0.150,0.140,0.150,0.075,0.025,0.024,0.025,0.074,0.025,0.024,0.024,0.707,50.200
2610126270,2026-08-17 08:00:00,229.690,230.410,230.040,0.050,0.040,0.020,0.023,0.012,0.007,0.003,-0.006,-0.002,-0.002,-0.001,0.962,50.230
2610126451,2026-08-17 08:00:00,234.270,234.810,233.870,0.000,0.040,0.040,0.016,0.000,0.006,0.010,0.006,0.000,0.003,0.002,0.947,50.230
2610159557,2026-08-17 08:00:00,234.680,233.470,233.640,0.010,0.000,0.000,0.001,0.000,0.000,0.000,-0.003,-0.002,0.000,0.000,0.379,50.230
2610170786,2026-08-17 08:00:00,233.360,233.570,234.550,0.740,0.790,0.800,0.538,0.195,0.166,0.177,0.065,0.019,0.026,0.020,0.992,50.210
2610170836,2026-08-17 08:00:00,233.360,233.910,232.850,0.010,0.010,0.020,0.008,0.002,0.002,0.001,-0.002,-0.001,0.000,0.000,0.958,50.230
2610170837,2026-08-17 08:00:00,230.150,228.350,228.910,0.000,0.000,0.110,0.025,0.000,0.000,0.025,0.000,0.000,0.000,0.000,1.000,50.220
2610170838,2026-08-17 08:00:00,234.400,233.180,233.520,0.050,0.030,0.010,0.017,0.007,0.006,0.003,0.007,0.007,0.000,0.000,0.925,50.190
2610170840,2026-08-17 08:00:00,234.790,233.990,234.160,0.000,0.000,0.000,0.000,0.000,0.000,0.000,0.000,0.000,0.000,0.000,0.432,50.220
2610322967,2026-08-17 08:00:00,234.990,233.700,233.670,0.000,0.000,0.060,0.004,0.000,0.000,0.004,0.000,0.000,0.000,0.000,0.987,50.230
2610322969,2026-08-17 08:00:00,230.630,230.100,229.430,0.100,0.070,0.320,0.091,0.024,0.015,0.051,0.050,0.000,-0.001,0.052,0.868,50.230
2610322997,2026-08-17 08:00:00,228.360,228.620,227.550,0.980,1.130,0.780,0.577,0.212,0.215,0.146,0.257,0.043,0.129,0.084,0.916,50.220
2610323001,2026-08-17 08:00:00,225.890,225.040,225.070,3.390,2.880,3.030,1.830,0.674,0.564,0.590,0.990,0.338,0.317,0.335,0.879,50.230
2610323004,2026-08-17 08:00:00,63.470,62.950,63.450,0.380,0.370,0.390,0.068,0.022,0.021,0.023,0.018,0.006,0.005,0.005,0.961,50.220
2610323005,2026-08-17 08:00:00,229.750,230.550,230.130,0.080,0.000,0.000,0.019,0.017,0.000,0.000,0.000,0.000,0.000,0.000,1.000,50.230
2610323016,2026-08-17 08:00:00,228.140,226.720,227.170,1.620,1.500,1.560,0.951,0.328,0.304,0.318,0.477,0.166,0.153,0.156,0.893,50.220
2610323019,2026-08-17 08:00:00,229.600,230.580,230.100,0.020,0.160,0.030,0.046,0.004,0.035,0.006,-0.006,-0.001,-0.002,-0.002,0.997,50.220
2610323024,2026-08-17 08:00:00,224.390,225.670,225.900,4.140,4.440,4.650,2.810,0.854,0.958,0.994,0.983,0.368,0.289,0.325,0.943,50.220
2410320615,2026-08-17 08:01:00,230.230,230.170,231.310,4.540,4.320,4.620,2.911,0.979,0.925,1.000,0.993,0.321,0.337,0.335,0.946,50.210
2510203107,2026-08-17 08:01:00,221.480,220.780,220.990,1.470,1.480,1.380,0.880,0.300,0.296,0.284,0.295,0.097,0.111,0.085,0.948,50.200
2510203120,2026-08-17 08:01:00,233.300,232.180,232.520,1.970,1.690,1.670,1.191,0.442,0.377,0.371,0.224,0.088,0.070,0.066,0.983,50.210
2510633387,2026-08-17 08:01:00,232.430,233.250,232.360,0.010,0.000,0.000,0.002,0.002,0.000,0.000,0.000,0.000,0.000,0.000,1.000,50.210
2510633411,2026-08-17 08:01:00,228.440,227.900,227.520,1.310,1.180,1.240,0.768,0.272,0.242,0.254,0.174,0.056,0.055,0.061,0.973,50.210
2411087432,2026-08-17 08:02:00,232.320,233.100,232.150,1.910,2.060,2.170,1.376,0.429,0.457,0.489,0.130,0.040,0.046,0.043,0.995,50.190
2246006313,2026-08-17 08:30:00,58.000,57.800,57.700,0.798,0.808,0.760,0.137,0.045,0.047,0.044,0.008,0.004,0.002,0.002,0.997,50.250
2410121326,2026-08-17 08:30:00,237.060,236.230,236.580,0.980,0.930,1.020,0.660,0.216,0.211,0.232,0.173,0.060,0.059,0.053,0.966,50.270
2410121353,2026-08-17 08:30:00,237.690,236.990,237.000,0.370,0.400,0.240,0.236,0.087,0.093,0.056,0.022,0.002,0.002,0.017,0.996,50.250
2410121371,2026-08-17 08:30:00,238.240,237.350,237.620,0.040,0.010,0.040,0.018,0.008,0.000,0.014,-0.001,0.000,-0.001,0.000,0.967,50.270
2410121424,2026-08-17 08:30:00,238.050,237.300,237.600,0.010,0.010,0.010,0.004,0.000,0.001,0.002,-0.003,-0.001,-0.001,0.000,0.777,50.240
2410121440,2026-08-17 08:30:00,237.880,237.130,237.330,0.040,0.010,0.110,0.035,0.006,0.002,0.026,0.000,-0.001,-0.001,0.002,1.000,50.270
2410121454,2026-08-17 08:30:00,237.290,237.810,236.700,0.620,0.720,0.940,0.516,0.135,0.165,0.215,0.058,0.014,0.013,0.030,0.994,50.260
2410121457,2026-08-17 08:30:00,236.260,235.390,235.980,1.820,1.830,1.680,1.210,0.412,0.413,0.384,0.238,0.086,0.090,0.060,0.980,50.260
2410121574,2026-08-17 08:30:00,236.430,236.060,235.830,2.080,1.470,1.670,1.247,0.501,0.357,0.388,0.161,0.069,0.030,0.058,0.990,50.260
2410131378,2026-08-17 08:30:00,237.040,237.280,236.390,1.050,1.130,1.100,0.735,0.236,0.249,0.249,0.165,0.041,0.056,0.067,0.976,50.280
2410131383,2026-08-17 08:30:00,236.530,236.720,236.370,0.260,0.280,0.340,0.204,0.061,0.065,0.078,0.030,0.005,0.011,0.013,0.986,50.280
2410131384,2026-08-17 08:30:00,235.460,236.120,235.340,1.400,1.480,1.440,0.902,0.279,0.311,0.310,0.161,0.058,0.060,0.048,0.987,50.230
2410131387,2026-08-17 08:30:00,236.450,236.620,237.080,0.430,0.400,0.400,0.275,0.095,0.087,0.092,0.083,0.030,0.031,0.021,0.956,50.240
2410320615,2026-08-17 08:30:00,232.420,232.330,233.590,4.160,3.920,4.170,2.671,0.918,0.833,0.878,0.882,0.282,0.314,0.285,0.949,50.240
2410883988,2026-08-17 08:30:00,230.070,230.940,230.470,0.000,0.000,0.020,0.003,0.000,0.000,0.003,0.000,0.000,0.000,0.000,0.942,50.250
2410883990,2026-08-17 08:30:00,230.880,230.330,229.960,0.090,0.120,0.290,0.115,0.021,0.022,0.071,0.010,0.001,0.015,-0.011,0.950,50.270
2410883991,2026-08-17 08:30:00,235.430,235.790,236.480,0.310,0.330,0.500,0.274,0.061,0.096,0.116,0.033,0.017,0.001,0.016,0.987,50.250
2410883993,2026-08-17 08:30:00,235.870,235.130,235.110,0.560,0.620,0.850,0.359,0.102,0.119,0.137,0.038,0.025,-0.006,0.019,0.986,50.270
2410883994,2026-08-17 08:30:00,236.700,235.690,236.050,0.000,0.000,0.000,0.000,0.000,0.000,0.000,0.000,0.000,0.000,0.000,0.819,50.260
2410932742,2026-08-17 08:30:00,228.350,226.660,226.810,3.250,3.230,3.430,2.236,0.738,0.728,0.769,0.619,0.205,0.189,0.223,0.963,50.260
2411087433,2026-08-17 08:30:00,235.810,235.970,236.690,0.520,0.460,0.550,0.368,0.121,0.109,0.137,0.012,0.004,0.000,0.008,0.999,50.260
2411290205,2026-08-17 08:30:00,234.940,234.520,234.380,1.720,1.680,1.680,1.085,0.371,0.358,0.355,0.475,0.163,0.154,0.157,0.930,50.250
2510014481,2026-08-17 08:30:00,227.380,227.770,228.740,1.850,1.790,2.060,1.157,0.391,0.354,0.402,0.346,0.112,0.117,0.116,0.954,50.270
2510014482,2026-08-17 08:30:00,236.450,236.910,236.040,0.920,0.520,0.280,0.372,0.190,0.119,0.061,0.071,0.023,0.025,0.022,0.981,50.250
2510014483,2026-08-17 08:30:00,235.590,235.800,236.510,0.120,0.110,0.120,0.080,0.028,0.024,0.027,-0.019,-0.005,-0.005,-0.008,0.975,50.270
2510014484,2026-08-17 08:30:00,235.220,234.660,234.990,1.830,2.310,1.800,1.322,0.404,0.522,0.388,0.429,0.149,0.141,0.138,0.951,50.260
2510178139,2026-08-17 08:30:00,236.940,237.490,236.780,0.560,0.410,0.550,0.309,0.111,0.081,0.118,0.108,0.040,0.039,0.028,0.952,50.270
2510178141,2026-08-17 08:30:00,236.810,237.480,237.810,0.820,0.620,0.700,0.402,0.165,0.107,0.129,0.003,0.021,-0.010,-0.007,1.000,50.260
2510203103,2026-08-17 08:30:00,224.500,222.930,223.350,1.100,1.150,0.980,0.705,0.243,0.241,0.219,-0.071,-0.020,-0.025,-0.026,0.995,50.240
2510203104,2026-08-17 08:30:00,229.540,229.470,230.310,1.270,1.340,1.200,0.858,0.293,0.303,0.260,0.196,0.048,0.076,0.069,0.973,50.260
2510203105,2026-08-17 08:30:00,230.000,228.260,228.890,1.290,1.290,1.280,0.901,0.327,0.287,0.285,0.075,0.022,0.030,0.021,0.993,50.270
2510203106,2026-08-17 08:30:00,236.560,236.020,236.120,0.010,0.010,0.000,0.006,0.002,0.003,0.000,-0.002,-0.001,0.000,0.000,0.880,50.250
2510203107,2026-08-17 08:30:00,223.560,222.870,223.220,1.470,1.510,1.400,0.894,0.300,0.304,0.289,0.317,0.105,0.118,0.092,0.942,50.270
2510203108,2026-08-17 08:30:00,236.960,237.190,236.480,0.540,1.320,1.290,0.718,0.122,0.298,0.348,0.111,0.031,0.040,0.043,0.985,50.250
2510203109,2026-08-17 08:30:00,235.380,236.120,235.210,0.600,0.570,0.540,0.389,0.133,0.132,0.123,0.101,0.042,0.029,0.029,0.966,50.260
2510203111,2026-08-17 08:30:00,235.670,236.400,236.270,1.750,1.530,1.920,1.165,0.388,0.341,0.434,0.254,0.107,0.070,0.076,0.976,50.240
2510203113,2026-08-17 08:30:00,235.070,235.230,234.840,2.860,2.920,3.200,2.050,0.651,0.665,0.733,0.236,0.056,0.093,0.086,0.993,50.240
2510203114,2026-08-17 08:30:00,229.150,229.100,229.920,1.390,1.410,1.230,0.891,0.307,0.318,0.265,0.172,0.043,0.069,0.059,0.980,50.270
2510203115,2026-08-17 08:30:00,235.670,236.020,236.410,0.000,0.000,0.000,0.000,0.000,0.000,0.000,0.000,0.000,0.000,0.000,1.000,50.260
2510203117,2026-08-17 08:30:00,230.430,230.100,229.530,0.300,0.190,0.170,0.113,0.053,0.033,0.026,0.094,0.041,0.025,0.027,0.768,50.260
2510203118,2026-08-17 08:30:00,124.310,124.350,124.770,0.160,0.140,0.140,0.050,0.018,0.016,0.015,-0.022,-0.007,-0.005,-0.008,0.922,50.270
2510203119,2026-08-17 08:30:00,230.460,230.120,229.580,0.000,0.000,0.000,0.000,0.000,0.000,0.000,0.000,0.000,0.000,0.000,1.000,50.240
2510203120,2026-08-17 08:30:00,235.760,234.780,235.160,1.980,1.670,1.620,1.187,0.445,0.376,0.365,0.237,0.091,0.075,0.070,0.980,50.260
2510203121,2026-08-17 08:30:00,230.140,229.730,230.740,0.080,0.080,0.180,0.075,0.018,0.016,0.037,-0.013,-0.001,-0.004,-0.008,0.980,50.260
2510203122,2026-08-17 08:30:00,236.730,237.310,236.340,0.720,0.490,0.480,0.309,0.140,0.090,0.077,0.246,0.091,0.073,0.081,0.781,50.240
2510203123,2026-08-17 08:30:00,235.320,235.970,236.250,1.280,1.470,1.430,0.602,0.169,0.210,0.196,0.369,0.138,0.094,0.136,0.918,50.250
2510203125,2026-08-17 08:30:00,236.320,236.390,236.770,0.080,0.090,0.080,0.019,0.005,0.003,0.010,-0.052,-0.017,-0.020,-0.015,0.345,50.260
2510203126,2026-08-17 08:30:00,230.610,230.020,231.100,0.020,0.000,0.000,0.003,0.003,0.000,0.000,0.000,0.000,0.000,0.000,0.910,50.260
2510203127,2026-08-17 08:30:00,236.250,236.820,236.110,1.480,1.710,1.550,1.109,0.348,0.408,0.353,0.237,0.087,0.076,0.078,0.976,50.270
2510203130,2026-08-17 08:30:00,240.810,241.150,242.470,0.060,0.060,0.100,0.040,0.006,0.009,0.020,0.027,0.013,0.009,0.004,0.788,50.270
2510203133,2026-08-17 08:30:00,236.120,236.720,235.950,0.300,0.210,0.480,0.221,0.066,0.042,0.112,0.064,0.025,0.027,0.011,0.960,50.250
2510203134,2026-08-17 08:30:00,237.020,235.940,236.170,0.020,0.010,0.010,0.007,0.004,0.002,0.001,-0.002,-0.001,-0.001,0.000,0.970,50.260
2510224049,2026-08-17 08:30:00,229.500,230.210,230.060,0.250,6.880,0.020,1.600,0.040,1.560,0.000,0.210,-0.030,0.240,0.000,0.991,50.260
2510224167,2026-08-17 08:30:00,230.250,229.590,230.660,0.760,0.120,0.360,0.170,0.090,0.010,0.050,-0.160,-0.080,-0.020,-0.050,0.730,50.250
2510317505,2026-08-17 08:30:00,230.430,229.960,230.940,0.070,0.030,2.180,0.270,0.010,0.000,0.250,-0.240,0.000,0.000,-0.240,0.748,50.260
2510317516,2026-08-17 08:30:00,230.610,229.990,230.960,0.000,0.000,0.000,0.000,0.000,0.000,0.000,0.000,0.000,0.000,0.000,1.000,50.260
2510317537,2026-08-17 08:30:00,235.620,235.410,236.210,2.360,2.570,2.610,1.600,0.490,0.540,0.560,-0.280,-0.070,-0.100,-0.100,0.986,50.250
2510389559,2026-08-17 08:30:00,236.480,236.250,236.430,0.000,0.000,0.000,0.000,0.000,0.000,0.000,0.000,0.000,0.000,0.000,1.000,50.240
2510389643,2026-08-17 08:30:00,236.710,236.500,236.660,0.640,0.000,0.000,0.150,0.150,0.000,0.000,0.000,0.000,0.000,0.000,0.995,50.260
2510389931,2026-08-17 08:30:00,236.430,235.690,236.060,0.050,0.000,0.000,0.000,0.000,0.000,0.000,-0.010,-0.010,0.000,0.000,0.190,50.270
2510633381,2026-08-17 08:30:00,236.470,235.380,235.750,0.170,0.220,0.130,0.120,0.040,0.050,0.029,0.007,0.000,0.001,0.004,0.995,50.260
2510633383,2026-08-17 08:30:00,236.290,236.950,237.460,2.360,1.830,2.060,1.416,0.533,0.400,0.466,0.061,0.044,0.007,0.009,0.999,50.270
2510633385,2026-08-17 08:30:00,236.660,236.140,236.320,0.320,0.200,0.150,0.155,0.075,0.046,0.034,0.019,0.004,0.008,0.005,0.991,50.260
2510633386,2026-08-17 08:30:00,224.880,225.100,225.880,1.140,1.170,1.150,0.156,0.055,0.048,0.052,-0.717,-0.234,-0.243,-0.240,0.211,50.250
2510633387,2026-08-17 08:30:00,236.230,236.900,236.040,0.040,0.000,0.170,0.049,0.009,0.000,0.039,-0.006,-0.001,0.000,-0.004,0.993,50.260
2510633389,2026-08-17 08:30:00,235.410,235.760,235.190,0.780,0.670,0.620,0.467,0.173,0.152,0.142,0.134,0.038,0.046,0.048,0.959,50.270
2510633390,2026-08-17 08:30:00,235.550,236.310,235.310,1.840,2.140,2.030,1.354,0.410,0.493,0.450,0.404,0.108,0.128,0.167,0.953,50.270
2510633391,2026-08-17 08:30:00,124.310,124.280,124.110,0.640,0.620,0.900,0.243,0.071,0.068,0.103,0.001,0.021,-0.019,0.000,1.000,50.290
2510633393,2026-08-17 08:30:00,234.550,234.680,235.040,1.810,1.780,1.780,1.238,0.409,0.416,0.412,0.313,0.110,0.092,0.111,0.968,50.260
2510633395,2026-08-17 08:30:00,236.820,237.200,236.150,0.000,0.000,0.000,0.000,0.000,0.000,0.000,0.000,0.000,0.000,0.000,1.000,50.260
2510633396,2026-08-17 08:30:00,236.270,235.790,236.140,0.940,0.980,0.920,0.630,0.205,0.216,0.202,0.148,0.050,0.052,0.046,0.973,50.250
2510633397,2026-08-17 08:30:00,241.650,240.500,240.840,0.650,0.630,0.630,0.329,0.107,0.110,0.110,0.319,0.112,0.101,0.104,0.718,50.270
2510633399,2026-08-17 08:30:00,230.310,229.720,230.800,0.210,0.280,0.280,0.177,0.050,0.062,0.064,0.001,0.001,0.000,0.000,0.999,50.260
2510633400,2026-08-17 08:30:00,228.820,229.900,229.400,0.550,0.550,0.510,0.346,0.113,0.126,0.098,0.122,0.042,0.040,0.039,0.942,50.280
2510633402,2026-08-17 08:30:00,228.070,228.330,229.620,0.740,0.810,0.840,0.557,0.172,0.189,0.164,0.122,0.038,0.040,0.043,0.980,50.250
2510633406,2026-08-17 08:30:00,230.460,229.830,230.920,0.010,0.010,0.010,0.003,0.001,0.000,0.000,-0.003,-0.001,0.000,-0.001,0.690,50.270
2510633410,2026-08-17 08:30:00,230.480,229.930,230.980,0.110,0.110,0.050,0.061,0.025,0.024,0.011,-0.009,-0.002,-0.003,-0.003,0.984,50.260
2510633411,2026-08-17 08:30:00,229.070,228.430,227.980,1.450,1.320,1.360,0.890,0.316,0.282,0.292,0.267,0.086,0.090,0.091,0.957,50.290
2510814977,2026-08-17 08:30:00,228.950,230.090,228.580,0.070,0.050,0.090,0.040,0.015,0.012,0.012,0.003,0.005,-0.001,0.000,0.989,50.270
2610026950,2026-08-17 08:30:00,230.860,230.210,229.840,0.040,0.010,0.020,0.015,0.009,0.001,0.004,-0.001,0.000,0.000,0.000,1.000,50.270
2610026952,2026-08-17 08:30:00,234.610,233.500,233.810,2.890,2.860,2.770,1.797,0.613,0.598,0.589,0.794,0.263,0.282,0.248,0.915,50.260
2610026963,2026-08-17 08:30:00,237.290,237.310,237.930,0.230,0.040,0.050,0.057,0.052,-0.004,0.008,-0.024,-0.009,-0.008,-0.006,0.929,50.260
2610026966,2026-08-17 08:30:00,234.680,234.020,233.870,0.990,0.880,1.200,0.700,0.227,0.194,0.278,0.132,0.051,0.043,0.037,0.983,50.260
2610026976,2026-08-17 08:30:00,236.580,236.710,237.500,0.960,0.890,0.930,0.659,0.224,0.216,0.218,0.014,0.012,0.014,-0.011,0.999,50.260
2610026977,2026-08-17 08:30:00,246.330,245.720,245.660,0.150,0.250,0.140,0.108,0.025,0.057,0.025,0.073,0.025,0.023,0.024,0.825,50.280
2610126270,2026-08-17 08:30:00,229.990,230.850,230.460,0.070,0.030,0.020,0.025,0.016,0.006,0.003,-0.007,-0.003,-0.001,-0.001,0.948,50.260
2610126451,2026-08-17 08:30:00,237.580,237.980,237.430,0.000,0.040,0.090,0.036,0.000,0.015,0.021,0.007,0.000,0.003,0.004,0.970,50.260
2610159557,2026-08-17 08:30:00,236.510,235.520,235.720,0.010,0.000,0.010,0.003,0.001,0.000,0.000,-0.003,-0.002,0.000,0.000,0.639,50.260
2610170786,2026-08-17 08:30:00,235.620,235.910,236.590,0.750,0.630,0.730,0.443,0.159,0.140,0.144,0.063,0.021,0.023,0.019,0.990,50.270
2610170836,2026-08-17 08:30:00,236.490,236.900,236.030,0.130,0.130,0.120,0.308,0.090,0.117,0.094,0.053,0.013,0.019,0.020,0.810,50.260
2610170837,2026-08-17 08:30:00,230.320,228.650,229.100,0.000,0.000,0.110,0.025,0.000,0.000,0.025,0.000,0.000,0.000,0.000,0.981,50.270
2610170838,2026-08-17 08:30:00,236.500,235.480,235.830,0.050,0.030,0.040,0.020,0.004,0.006,0.008,0.001,0.000,0.000,0.000,1.000,50.260
2610170840,2026-08-17 08:30:00,236.440,235.710,236.080,0.010,0.000,0.000,0.003,0.003,0.000,0.000,0.000,0.000,0.000,0.000,1.000,50.270
2610322967,2026-08-17 08:30:00,236.880,235.710,235.790,0.000,0.000,0.060,0.013,0.000,0.000,0.011,0.000,0.000,0.000,0.000,0.983,50.260
2610322969,2026-08-17 08:30:00,230.940,230.390,229.790,0.090,0.150,0.170,0.092,0.021,0.035,0.036,0.012,0.000,-0.002,0.015,0.992,50.260
2610322997,2026-08-17 08:30:00,228.240,228.510,227.560,1.060,1.160,0.810,0.579,0.221,0.210,0.147,0.260,0.046,0.132,0.080,0.921,50.270
2610323001,2026-08-17 08:30:00,225.390,224.620,224.540,3.750,3.250,3.520,2.113,0.754,0.640,0.713,1.034,0.352,0.330,0.350,0.897,50.270
2610323004,2026-08-17 08:30:00,63.490,62.980,63.460,0.420,0.410,0.450,0.076,0.024,0.024,0.026,0.024,0.008,0.007,0.008,0.956,50.270
2610323005,2026-08-17 08:30:00,230.070,230.980,230.510,0.080,0.000,0.000,0.019,0.017,0.001,0.000,0.000,0.000,0.000,0.000,1.000,50.270
2610323016,2026-08-17 08:30:00,227.320,226.180,226.460,2.390,2.230,2.260,1.403,0.492,0.454,0.459,0.701,0.238,0.228,0.233,0.900,50.270
2610323019,2026-08-17 08:30:00,229.780,230.960,230.490,0.020,0.300,0.040,0.081,0.003,0.068,0.008,-0.008,-0.001,-0.003,-0.003,0.988,50.270
2610323024,2026-08-17 08:30:00,224.310,225.390,225.720,4.280,4.720,4.750,2.833,0.844,0.995,0.993,1.090,0.408,0.328,0.358,0.933,50.280
2411087432,2026-08-17 08:31:00,236.610,237.260,236.360,1.730,1.790,1.780,1.166,0.378,0.396,0.391,0.232,0.041,0.081,0.108,0.980,50.260
2510203124,2026-08-17 08:31:00,236.680,236.670,236.170,1.170,1.150,1.160,0.728,0.243,0.239,0.246,0.201,0.066,0.069,0.065,0.965,50.260
2510203128,2026-08-17 08:31:00,235.540,236.000,234.550,1.590,1.640,1.640,1.113,0.364,0.375,0.373,0.070,0.005,0.020,0.045,0.997,50.280
2610026953,2026-08-17 08:31:00,235.820,235.130,235.340,0.560,0.570,0.570,0.425,0.146,0.132,0.147,0.106,0.039,0.040,0.026,0.966,50.250
2246006313,2026-08-17 09:00:00,58.000,57.800,57.800,1.238,1.267,1.209,0.207,0.069,0.070,0.067,0.037,0.014,0.011,0.011,0.984,50.280
2410121326,2026-08-17 09:00:00,238.370,237.710,237.750,1.060,0.960,1.210,0.728,0.239,0.215,0.272,0.225,0.076,0.066,0.082,0.955,50.280
2410121353,2026-08-17 09:00:00,234.830,234.110,234.280,0.490,0.490,0.380,0.295,0.108,0.109,0.077,0.112,0.035,0.031,0.045,0.934,50.260
2410121371,2026-08-17 09:00:00,235.660,234.790,235.090,0.040,0.010,0.060,0.023,0.008,0.000,0.014,-0.004,-0.001,-0.001,-0.001,0.993,50.290
2410121424,2026-08-17 09:00:00,235.420,234.720,234.950,0.010,0.010,0.010,0.004,0.000,0.000,0.002,-0.003,-0.001,-0.001,0.000,0.812,50.310
2410121440,2026-08-17 09:00:00,239.190,238.580,238.590,0.030,0.010,0.120,0.036,0.006,0.002,0.027,0.000,-0.001,-0.001,0.002,0.993,50.270
2410121454,2026-08-17 09:00:00,234.780,235.320,234.270,0.600,0.720,0.870,0.489,0.131,0.162,0.195,0.064,0.016,0.015,0.032,0.991,50.310
2410121457,2026-08-17 09:00:00,237.970,237.080,237.550,1.750,1.800,1.730,1.210,0.399,0.409,0.400,0.256,0.089,0.093,0.071,0.978,50.280
2410121574,2026-08-17 09:00:00,233.790,233.360,233.250,2.550,1.960,2.070,1.492,0.582,0.442,0.467,0.199,0.084,0.044,0.070,0.991,50.270
2410131378,2026-08-17 09:00:00,238.110,238.430,237.810,0.890,1.100,0.980,0.741,0.235,0.268,0.237,0.179,0.046,0.062,0.070,0.971,50.250
2410131383,2026-08-17 09:00:00,238.200,238.390,238.220,0.260,0.280,0.350,0.206,0.061,0.064,0.081,0.036,0.006,0.013,0.016,0.984,50.270
2410131384,2026-08-17 09:00:00,236.660,237.360,236.580,1.520,1.560,1.560,1.109,0.334,0.391,0.383,0.217,0.072,0.081,0.063,0.980,50.280
2410131387,2026-08-17 09:00:00,239.190,239.180,239.680,0.440,0.410,0.420,0.290,0.099,0.093,0.097,0.086,0.031,0.032,0.022,0.958,50.280
2410320615,2026-08-17 09:00:00,234.020,233.720,235.030,4.510,4.250,4.440,2.897,0.995,0.915,0.986,0.990,0.314,0.356,0.320,0.945,50.300
2410883988,2026-08-17 09:00:00,230.230,231.140,230.810,0.000,0.000,0.020,0.003,0.000,0.000,0.003,0.000,0.000,0.000,0.000,0.948,50.280
2410883990,2026-08-17 09:00:00,230.590,230.170,229.610,0.090,0.000,0.080,0.039,0.021,0.000,0.017,0.004,0.001,0.000,0.003,1.000,50.270
2410883991,2026-08-17 09:00:00,236.350,236.660,237.330,0.280,0.190,0.400,0.198,0.059,0.044,0.094,0.035,0.015,0.008,0.012,0.983,50.290
2410883993,2026-08-17 09:00:00,237.330,236.110,236.700,0.620,1.020,0.700,0.546,0.147,0.249,0.162,0.087,0.025,0.041,0.020,0.987,50.280
2410883994,2026-08-17 09:00:00,237.430,236.410,236.790,0.000,0.000,0.000,0.000,0.000,0.000,0.000,0.000,0.000,0.000,0.000,0.783,50.300
2410932742,2026-08-17 09:00:00,228.420,226.710,226.860,3.440,3.420,3.630,2.239,0.737,0.731,0.770,0.621,0.204,0.191,0.225,0.963,50.290
2411087433,2026-08-17 09:00:00,237.200,237.580,238.220,0.560,0.440,0.590,0.380,0.135,0.105,0.139,0.012,0.009,-0.001,0.004,0.998,50.280
2411290205,2026-08-17 09:00:00,236.010,235.790,235.600,1.650,1.650,1.700,1.054,0.355,0.355,0.343,0.454,0.153,0.147,0.149,0.933,50.290
2510014481,2026-08-17 09:00:00,227.900,228.160,229.140,1.980,1.970,2.210,1.414,0.456,0.459,0.498,0.475,0.149,0.163,0.161,0.935,50.270
2510014482,2026-08-17 09:00:00,237.950,238.820,238.040,1.170,0.590,0.390,0.481,0.253,0.136,0.091,0.083,0.030,0.032,0.020,0.984,50.280
2510014483,2026-08-17 09:00:00,236.740,236.980,237.680,0.090,0.080,0.090,0.059,0.020,0.017,0.020,-0.021,-0.006,-0.005,-0.009,0.934,50.260
2510014484,2026-08-17 09:00:00,236.670,236.370,236.520,1.940,2.300,1.790,1.323,0.408,0.520,0.394,0.439,0.150,0.145,0.143,0.951,50.280
2510178139,2026-08-17 09:00:00,238.840,239.300,238.450,0.370,0.330,0.470,0.273,0.084,0.082,0.116,0.088,0.030,0.034,0.023,0.950,50.270
2510178141,2026-08-17 09:00:00,238.090,238.730,239.100,0.640,0.310,0.380,0.293,0.130,0.072,0.090,0.015,0.023,-0.004,-0.004,0.999,50.270
2510203103,2026-08-17 09:00:00,225.260,223.680,224.050,1.080,1.150,1.070,0.735,0.252,0.246,0.225,-0.058,-0.015,-0.020,-0.022,0.996,50.300
2510203104,2026-08-17 09:00:00,230.490,230.500,231.260,1.510,1.540,1.420,0.876,0.297,0.324,0.280,0.229,0.058,0.089,0.081,0.973,50.280
2510203105,2026-08-17 09:00:00,230.630,229.020,229.610,1.770,1.680,1.700,1.162,0.392,0.380,0.388,0.137,0.050,0.049,0.036,0.992,50.270
2510203106,2026-08-17 09:00:00,237.720,237.460,237.380,0.010,0.010,0.000,0.006,0.002,0.003,0.000,-0.002,-0.001,0.000,0.000,0.887,50.270
2510203107,2026-08-17 09:00:00,224.820,224.410,224.650,1.570,1.620,1.480,0.953,0.321,0.327,0.305,0.373,0.123,0.138,0.111,0.931,50.270
2510203108,2026-08-17 09:00:00,238.660,238.910,238.230,0.840,1.380,1.240,0.752,0.179,0.313,0.262,0.160,0.052,0.058,0.049,0.971,50.300
2510203109,2026-08-17 09:00:00,236.780,237.420,236.410,0.560,0.550,0.710,0.402,0.124,0.126,0.151,0.112,0.047,0.031,0.033,0.963,50.280
2510203111,2026-08-17 09:00:00,237.310,238.000,238.400,1.730,1.480,1.870,1.133,0.381,0.328,0.423,0.283,0.120,0.077,0.086,0.969,50.280
2510203113,2026-08-17 09:00:00,236.640,236.780,236.530,2.970,2.990,3.390,2.146,0.684,0.685,0.770,0.276,0.066,0.100,0.109,0.991,50.280
2510203114,2026-08-17 09:00:00,230.240,230.360,231.050,1.490,1.490,1.340,0.964,0.335,0.338,0.291,0.200,0.051,0.079,0.069,0.980,50.270
2510203117,2026-08-17 09:00:00,230.450,230.170,229.610,0.250,0.140,0.150,0.068,0.039,0.019,0.008,0.095,0.041,0.025,0.028,0.637,50.280
2510203118,2026-08-17 09:00:00,125.020,125.090,125.510,0.180,0.160,0.160,0.057,0.020,0.018,0.017,-0.018,-0.006,-0.004,-0.007,0.945,50.270
2510203119,2026-08-17 09:00:00,230.510,230.220,229.570,0.000,0.000,0.000,0.000,0.000,0.000,0.000,0.000,0.000,0.000,0.000,1.000,50.300
2510203120,2026-08-17 09:00:00,236.700,235.770,236.150,2.260,2.010,1.920,1.409,0.516,0.456,0.436,0.287,0.109,0.092,0.085,0.979,50.300
2510203121,2026-08-17 09:00:00,230.530,229.930,231.100,0.080,0.130,0.170,0.084,0.018,0.028,0.040,-0.010,-0.002,0.000,-0.008,0.993,50.270
2510203122,2026-08-17 09:00:00,237.800,238.820,238.050,0.970,0.580,0.550,0.373,0.190,0.098,0.084,0.324,0.130,0.094,0.099,0.754,50.290
2510203123,2026-08-17 09:00:00,237.870,238.310,238.670,1.080,1.680,1.190,0.767,0.129,0.184,0.165,0.363,0.134,0.096,0.133,0.931,50.290
2510203124,2026-08-17 09:00:00,238.200,238.190,237.640,1.110,1.110,1.130,0.713,0.237,0.235,0.245,0.212,0.069,0.072,0.070,0.959,50.270
2510203125,2026-08-17 09:00:00,238.340,238.130,238.500,0.080,0.080,0.090,0.023,0.005,0.004,0.014,-0.052,-0.017,-0.019,-0.015,0.414,50.280
2510203127,2026-08-17 09:00:00,237.610,238.420,237.750,1.500,1.700,1.370,1.017,0.326,0.388,0.302,0.271,0.105,0.077,0.087,0.967,50.270
2510203130,2026-08-17 09:00:00,241.480,241.900,243.190,0.060,0.000,0.090,0.027,0.006,0.000,0.020,0.016,0.012,0.000,0.004,0.846,50.270
2510203133,2026-08-17 09:00:00,238.240,239.000,238.390,0.300,0.220,0.470,0.236,0.071,0.047,0.117,0.074,0.029,0.029,0.015,0.955,50.290
2510203134,2026-08-17 09:00:00,237.970,236.870,237.060,0.020,0.010,0.010,0.007,0.004,0.002,0.001,-0.002,-0.001,-0.001,0.000,0.973,50.290
2510224049,2026-08-17 09:00:00,229.290,229.970,229.930,0.050,6.910,0.020,1.570,0.000,1.560,0.000,0.230,0.000,0.240,0.000,0.988,50.270
2510224167,2026-08-17 09:00:00,230.210,229.500,230.560,0.750,0.120,0.360,0.170,0.090,0.010,0.050,-0.160,-0.080,-0.020,-0.050,0.737,50.280
2510317505,2026-08-17 09:00:00,230.420,229.800,230.780,0.070,0.030,2.180,0.270,0.010,0.000,0.250,-0.240,0.000,0.000,-0.240,0.746,50.280
2510317516,2026-08-17 09:00:00,230.720,230.050,230.960,0.000,0.000,0.000,0.000,0.000,0.000,0.000,0.000,0.000,0.000,0.000,1.000,50.290
2510317537,2026-08-17 09:00:00,236.270,236.730,237.310,2.720,2.860,2.870,1.920,0.630,0.710,0.730,-0.330,-0.110,-0.100,-0.110,0.985,50.280
2510389559,2026-08-17 09:00:00,238.470,238.190,238.170,0.000,0.000,0.000,0.000,0.000,0.000,0.000,0.000,0.000,0.000,0.000,1.000,50.290
2510389643,2026-08-17 09:00:00,238.490,238.130,238.120,0.670,0.000,0.000,0.150,0.150,0.000,0.000,-0.010,-0.010,0.000,0.000,0.995,50.270
2510389931,2026-08-17 09:00:00,236.490,236.400,236.430,0.050,0.000,0.000,0.000,0.000,0.000,0.000,-0.010,-0.010,0.000,0.000,0.191,50.270
2510633381,2026-08-17 09:00:00,237.850,236.890,237.180,0.120,0.170,0.080,0.089,0.027,0.041,0.020,-0.003,-0.002,-0.003,0.001,0.996,50.270
2510633383,2026-08-17 09:00:00,237.780,238.460,238.930,2.180,1.840,2.040,1.377,0.493,0.397,0.467,0.083,0.056,0.011,0.015,0.997,50.270
2510633385,2026-08-17 09:00:00,238.360,238.280,238.230,0.370,0.210,0.140,0.169,0.088,0.048,0.032,0.025,0.009,0.009,0.006,0.989,50.280
2510633386,2026-08-17 09:00:00,226.500,226.770,227.490,1.140,1.170,1.150,0.169,0.061,0.051,0.056,-0.723,-0.235,-0.245,-0.242,0.215,50.280
2510633387,2026-08-17 09:00:00,237.410,238.280,237.610,0.040,0.000,0.170,0.049,0.009,0.000,0.039,-0.005,0.000,0.000,-0.004,0.994,50.280
2510633389,2026-08-17 09:00:00,236.610,236.880,236.560,1.170,1.090,1.070,0.702,0.256,0.227,0.218,0.340,0.105,0.114,0.119,0.903,50.280
2510633390,2026-08-17 09:00:00,237.100,237.850,236.880,1.770,1.960,1.840,1.336,0.409,0.485,0.442,0.374,0.100,0.122,0.135,0.959,50.270
2510633391,2026-08-17 09:00:00,125.300,125.140,124.830,0.500,0.800,0.880,0.261,0.052,0.088,0.096,0.003,0.006,-0.024,0.022,1.000,50.270
2510633393,2026-08-17 09:00:00,236.310,236.060,236.360,1.780,1.790,1.760,1.261,0.418,0.425,0.417,0.320,0.112,0.095,0.112,0.964,50.270
2510633395,2026-08-17 09:00:00,238.480,238.900,237.830,0.000,0.000,0.000,0.000,0.000,0.000,0.000,0.000,0.000,0.000,0.000,1.000,50.270
2510633396,2026-08-17 09:00:00,237.970,237.380,237.770,0.950,1.000,0.930,0.617,0.203,0.215,0.199,0.176,0.058,0.062,0.055,0.964,50.270
2510633397,2026-08-17 09:00:00,242.990,241.980,242.300,0.830,0.780,0.780,0.457,0.157,0.150,0.150,0.340,0.121,0.110,0.109,0.802,50.270
2510633399,2026-08-17 09:00:00,229.890,229.320,230.350,0.370,0.410,0.450,0.283,0.085,0.094,0.103,0.020,0.006,0.006,0.006,0.997,50.260
2510633400,2026-08-17 09:00:00,228.540,229.560,229.080,0.940,0.980,0.880,0.415,0.135,0.155,0.126,0.143,0.046,0.049,0.047,0.960,50.270
2510633402,2026-08-17 09:00:00,229.020,229.230,230.530,0.650,0.720,0.740,0.461,0.139,0.158,0.163,0.136,0.042,0.045,0.049,0.958,50.280
2510633410,2026-08-17 09:00:00,230.720,229.970,231.080,0.110,0.200,0.090,0.090,0.024,0.045,0.020,-0.005,-0.004,0.003,-0.004,1.000,50.280
2510633411,2026-08-17 09:00:00,227.630,226.980,226.310,2.460,2.320,2.390,1.499,0.521,0.484,0.493,0.529,0.166,0.176,0.187,0.943,50.280
2510814977,2026-08-17 09:00:00,229.820,230.910,229.480,0.070,0.050,0.060,0.043,0.017,0.012,0.012,-0.002,0.000,-0.001,-0.001,1.000,50.280
2610026950,2026-08-17 09:00:00,230.810,230.320,229.730,0.060,0.040,0.050,0.032,0.013,0.009,0.009,0.012,0.004,0.004,0.004,0.939,50.270
2610026952,2026-08-17 09:00:00,232.480,231.510,231.880,5.420,5.280,5.360,3.265,1.097,1.067,1.100,1.793,0.620,0.596,0.576,0.876,50.280
2610026953,2026-08-17 09:00:00,237.560,237.160,237.140,0.660,0.670,0.660,0.441,0.144,0.147,0.146,0.117,0.043,0.042,0.032,0.966,50.270
2610026963,2026-08-17 09:00:00,238.760,238.870,239.500,0.300,0.070,0.010,0.087,0.069,0.017,0.000,-0.014,-0.008,-0.004,-0.001,0.989,50.270
2610026966,2026-08-17 09:00:00,233.860,233.210,233.200,0.880,0.880,1.110,0.655,0.232,0.195,0.227,0.127,0.048,0.040,0.037,0.981,50.270
2610026976,2026-08-17 09:00:00,238.140,238.530,239.260,1.180,0.950,0.760,0.656,0.276,0.205,0.174,-0.002,0.004,0.000,-0.005,0.999,50.270
2610026977,2026-08-17 09:00:00,245.870,245.290,245.410,0.000,0.140,0.000,0.033,0.000,0.033,0.000,-0.002,0.000,-0.001,0.000,1.000,50.280
2610126270,2026-08-17 09:00:00,229.570,230.530,230.220,0.060,0.030,0.020,0.025,0.013,0.007,0.003,-0.006,-0.002,-0.002,-0.002,0.965,50.260
2610126451,2026-08-17 09:00:00,239.210,239.460,238.790,0.000,0.050,0.070,0.043,0.000,0.025,0.016,0.000,0.000,-0.002,0.002,0.988,50.280
2610159557,2026-08-17 09:00:00,237.980,237.030,237.240,0.010,0.000,0.000,0.002,0.001,0.000,0.000,-0.003,-0.002,0.000,0.000,0.609,50.280
2610170786,2026-08-17 09:00:00,236.850,237.110,237.750,0.690,0.710,0.720,0.462,0.160,0.162,0.145,0.072,0.021,0.025,0.026,0.980,50.280
2610170836,2026-08-17 09:00:00,238.070,238.540,237.640,0.200,0.210,0.200,0.127,0.043,0.044,0.039,0.059,0.017,0.021,0.021,0.903,50.270
2610170837,2026-08-17 09:00:00,230.920,229.220,229.640,0.000,0.030,0.040,0.009,0.000,0.000,0.009,0.000,0.000,0.000,0.000,1.000,50.290
2610170838,2026-08-17 09:00:00,237.900,236.760,237.200,0.030,0.030,0.030,0.020,0.006,0.007,0.007,0.001,0.000,0.000,0.000,1.000,50.280
2610170840,2026-08-17 09:00:00,236.420,236.280,236.310,1.690,1.560,0.930,0.548,0.212,0.167,0.168,0.316,0.132,0.126,0.121,0.838,50.270
2610322967,2026-08-17 09:00:00,238.380,237.240,237.270,0.000,0.000,0.020,0.004,0.000,0.000,0.004,0.000,0.000,0.000,0.000,1.000,50.270
2610322969,2026-08-17 09:00:00,230.910,230.450,229.850,0.170,0.180,0.200,0.126,0.038,0.041,0.046,-0.004,0.000,-0.002,-0.002,0.995,50.270
2610322997,2026-08-17 09:00:00,228.860,229.300,228.330,1.220,1.250,0.980,0.675,0.253,0.230,0.192,0.263,0.052,0.129,0.081,0.927,50.260
2610323001,2026-08-17 09:00:00,225.820,225.260,225.080,4.050,3.370,3.700,2.243,0.821,0.669,0.753,1.089,0.372,0.350,0.367,0.898,50.270
2610323004,2026-08-17 09:00:00,63.720,63.200,63.660,0.400,0.370,0.420,0.071,0.023,0.022,0.024,0.019,0.007,0.005,0.005,0.962,50.270
2610323005,2026-08-17 09:00:00,229.820,230.790,230.340,0.100,0.060,0.070,0.046,0.020,0.011,0.013,0.023,0.007,0.008,0.007,0.886,50.270
2610323016,2026-08-17 09:00:00,227.390,226.390,226.540,2.790,2.600,2.620,1.593,0.562,0.514,0.516,0.754,0.256,0.244,0.253,0.903,50.270
2610323019,2026-08-17 09:00:00,229.540,230.710,230.350,0.180,0.370,0.230,0.168,0.036,0.083,0.048,0.058,0.020,0.018,0.018,0.945,50.270
2610323024,2026-08-17 09:00:00,224.870,225.910,226.310,4.040,4.460,4.480,2.841,0.856,0.988,0.997,1.183,0.446,0.362,0.373,0.916,50.260
2510203115,2026-08-17 09:01:00,236.640,236.860,236.850,0.000,0.000,0.000,0.000,0.000,0.000,0.000,0.000,0.000,0.000,0.000,1.000,50.250
2510203126,2026-08-17 09:01:00,230.870,230.210,231.200,0.020,0.000,0.000,0.003,0.003,0.000,0.000,0.000,0.000,0.000,0.000,0.912,50.280
2510203128,2026-08-17 09:01:00,237.160,237.600,236.150,1.570,1.590,1.600,1.095,0.365,0.364,0.365,0.066,0.005,0.017,0.043,0.997,50.270
2510633406,2026-08-17 09:02:00,230.580,229.890,230.910,0.010,0.010,0.010,0.003,0.001,0.000,0.000,-0.003,-0.001,0.000,-0.001,0.681,50.300
2411087432,2026-08-17 09:04:00,233.000,233.780,233.110,2.080,2.190,1.890,1.347,0.459,0.478,0.408,0.347,0.106,0.132,0.108,0.967,50.300
2246006313,2026-08-17 09:30:00,58.500,58.300,58.200,1.151,1.155,1.096,0.195,0.065,0.066,0.062,0.041,0.015,0.012,0.013,0.977,50.150
2410121326,2026-08-17 09:30:00,232.670,232.040,232.120,1.010,1.050,1.270,0.813,0.275,0.239,0.298,0.207,0.071,0.062,0.074,0.966,50.200
2410121353,2026-08-17 09:30:00,233.310,232.720,232.930,0.510,0.510,0.420,0.315,0.114,0.115,0.085,0.109,0.034,0.031,0.044,0.944,50.190
2410121371,2026-08-17 09:30:00,234.020,233.190,233.460,0.040,0.010,0.060,0.023,0.008,0.000,0.014,-0.005,-0.001,-0.001,-0.002,0.993,50.180
2410121424,2026-08-17 09:30:00,234.140,233.600,233.760,0.010,0.010,0.010,0.004,0.000,0.001,0.002,-0.003,-0.001,-0.001,0.000,0.751,50.210
2410121440,2026-08-17 09:30:00,233.650,232.980,233.090,0.220,0.190,0.330,0.154,0.045,0.036,0.071,0.071,0.021,0.022,0.027,0.908,50.200
2410121454,2026-08-17 09:30:00,233.470,233.850,233.010,0.570,0.720,0.860,0.486,0.133,0.160,0.193,0.057,0.013,0.014,0.028,0.992,50.210
2410121457,2026-08-17 09:30:00,232.100,231.200,231.590,2.120,2.100,2.110,1.426,0.477,0.468,0.480,0.260,0.092,0.095,0.069,0.983,50.160
2410121574,2026-08-17 09:30:00,232.630,232.290,232.220,2.400,1.750,2.020,1.373,0.541,0.386,0.445,0.181,0.074,0.036,0.070,0.991,50.200
2410131383,2026-08-17 09:30:00,236.930,237.260,236.960,0.200,0.220,0.250,0.157,0.046,0.051,0.059,0.021,0.005,0.006,0.009,0.989,50.170
2410131387,2026-08-17 09:30:00,233.510,233.570,234.100,0.480,0.460,0.460,0.309,0.105,0.099,0.104,0.100,0.036,0.036,0.027,0.951,50.140
2410320615,2026-08-17 09:30:00,233.060,232.780,234.080,4.160,4.000,4.250,2.779,0.947,0.880,0.935,0.971,0.312,0.343,0.315,0.942,50.150
2410883988,2026-08-17 09:30:00,232.370,233.610,233.220,0.000,0.000,0.020,0.004,0.000,0.000,0.004,0.000,0.000,0.000,0.000,1.000,50.170
2410883990,2026-08-17 09:30:00,233.250,232.730,232.060,0.090,0.120,0.080,0.060,0.020,0.020,0.019,0.025,0.001,0.020,0.003,0.918,50.180
2410883993,2026-08-17 09:30:00,235.780,234.610,235.240,0.830,1.240,0.790,0.695,0.206,0.291,0.196,0.116,0.041,0.043,0.033,0.984,50.180
2410883994,2026-08-17 09:30:00,236.520,235.450,235.830,0.000,0.000,0.010,0.003,0.000,0.000,0.003,0.000,0.000,0.000,0.000,0.908,50.200
2410932742,2026-08-17 09:30:00,226.990,225.230,225.490,3.670,3.650,3.860,2.372,0.783,0.774,0.814,0.657,0.217,0.203,0.236,0.963,50.160
2411087432,2026-08-17 09:30:00,231.900,232.740,231.890,2.060,2.010,1.990,1.313,0.452,0.425,0.435,0.402,0.113,0.168,0.120,0.956,50.170
2411087433,2026-08-17 09:30:00,235.690,236.130,236.760,0.580,0.490,0.610,0.397,0.138,0.117,0.141,0.021,0.011,0.001,0.008,0.999,50.180
2411290205,2026-08-17 09:30:00,235.310,235.110,234.780,2.440,2.420,2.450,1.624,0.543,0.539,0.542,0.499,0.175,0.161,0.167,0.958,50.160
2510014481,2026-08-17 09:30:00,226.320,226.750,227.720,2.390,2.170,2.360,1.551,0.478,0.434,0.518,0.403,0.121,0.149,0.132,0.960,50.180
2510014482,2026-08-17 09:30:00,232.230,232.870,232.090,2.450,1.320,1.380,0.793,0.639,0.368,0.253,0.096,0.034,0.034,0.027,0.989,50.180
2510014483,2026-08-17 09:30:00,235.250,235.490,236.200,0.060,0.050,0.070,0.035,0.013,0.009,0.012,-0.020,-0.005,-0.005,-0.008,0.872,50.170
2510014484,2026-08-17 09:30:00,235.730,235.360,235.470,2.020,2.330,1.790,1.376,0.442,0.525,0.408,0.436,0.150,0.143,0.141,0.953,50.180
2510178139,2026-08-17 09:30:00,233.220,233.630,232.920,0.490,0.470,0.540,0.335,0.110,0.099,0.125,0.094,0.032,0.038,0.022,0.962,50.180
2510178141,2026-08-17 09:30:00,231.980,232.670,232.960,0.830,0.630,0.700,0.395,0.163,0.107,0.125,0.009,0.020,-0.004,-0.003,1.000,50.170
2510203103,2026-08-17 09:30:00,223.900,222.330,222.720,1.290,1.250,1.260,0.835,0.276,0.279,0.279,-0.064,-0.018,-0.024,-0.022,0.996,50.140
2510203104,2026-08-17 09:30:00,229.010,229.070,229.800,1.450,1.430,1.440,0.915,0.318,0.304,0.304,0.281,0.074,0.104,0.102,0.954,50.160
2510203105,2026-08-17 09:30:00,228.980,227.280,228.020,0.890,0.890,0.860,0.522,0.173,0.173,0.174,0.295,0.105,0.100,0.089,0.869,50.190
2510203106,2026-08-17 09:30:00,237.170,236.710,236.680,0.010,0.010,0.000,0.006,0.002,0.003,0.000,-0.002,-0.001,0.000,0.000,0.879,50.160
2510203107,2026-08-17 09:30:00,224.070,223.510,223.780,1.560,1.600,1.460,0.945,0.319,0.326,0.300,0.345,0.114,0.130,0.101,0.938,50.180
2510203108,2026-08-17 09:30:00,232.940,233.120,232.430,0.740,1.370,1.140,0.733,0.157,0.312,0.263,0.124,0.042,0.037,0.044,0.988,50.150
2510203109,2026-08-17 09:30:00,235.370,236.170,235.120,0.640,0.630,0.750,0.442,0.141,0.139,0.160,0.103,0.044,0.029,0.029,0.974,50.180
2510203111,2026-08-17 09:30:00,232.240,233.030,233.110,1.790,1.580,1.990,1.182,0.392,0.346,0.444,0.273,0.116,0.071,0.084,0.974,50.150
2510203113,2026-08-17 09:30:00,235.800,236.050,235.580,2.880,2.870,3.320,2.067,0.656,0.653,0.758,0.267,0.057,0.096,0.109,0.991,50.160
2510203114,2026-08-17 09:30:00,228.790,228.940,229.610,1.500,1.460,1.400,0.894,0.315,0.296,0.295,0.259,0.070,0.093,0.095,0.965,50.170
2510203117,2026-08-17 09:30:00,232.900,232.430,231.610,0.230,0.300,0.150,0.118,0.040,0.061,0.015,0.095,0.033,0.031,0.031,0.776,50.150
2510203118,2026-08-17 09:30:00,124.280,124.380,124.800,0.190,0.170,0.160,0.063,0.023,0.020,0.019,-0.013,-0.005,-0.002,-0.005,0.980,50.180
2510203119,2026-08-17 09:30:00,233.000,232.530,231.670,0.000,0.000,0.000,0.000,0.000,0.000,0.000,0.000,0.000,0.000,0.000,1.000,50.140
2510203120,2026-08-17 09:30:00,235.580,234.640,235.010,2.070,1.810,1.840,1.291,0.466,0.405,0.413,0.251,0.097,0.080,0.073,0.981,50.150
2510203121,2026-08-17 09:30:00,232.900,232.300,233.490,0.080,0.080,0.260,0.095,0.019,0.016,0.060,-0.010,-0.002,-0.004,-0.003,0.994,50.180
2510203122,2026-08-17 09:30:00,232.000,232.810,232.040,0.790,0.500,0.450,0.381,0.169,0.122,0.079,0.275,0.105,0.084,0.085,0.824,50.160
2510203123,2026-08-17 09:30:00,231.900,232.720,232.990,1.640,1.930,0.930,0.896,0.244,0.435,0.201,0.255,0.101,0.066,0.087,0.968,50.160
2510203124,2026-08-17 09:30:00,232.910,232.870,232.370,1.090,1.070,1.090,0.697,0.231,0.230,0.235,0.200,0.065,0.069,0.064,0.961,50.170
2510203125,2026-08-17 09:30:00,237.370,237.190,237.680,0.080,0.070,0.100,0.049,0.014,0.012,0.023,-0.032,-0.011,-0.012,-0.008,0.845,50.180
2510203126,2026-08-17 09:30:00,233.430,232.550,233.850,0.020,0.000,0.000,0.004,0.003,0.000,0.000,0.000,0.000,0.000,0.000,1.000,50.200
2510203127,2026-08-17 09:30:00,232.120,232.970,232.200,1.240,1.470,1.180,0.857,0.267,0.332,0.258,0.231,0.094,0.060,0.076,0.964,50.190
2510203128,2026-08-17 09:30:00,235.660,236.090,234.610,1.600,1.610,1.630,1.111,0.370,0.370,0.370,0.066,0.005,0.019,0.040,0.998,50.150
2510203130,2026-08-17 09:30:00,240.120,240.470,241.670,0.000,0.000,0.090,0.019,0.000,0.000,0.018,0.011,0.000,0.000,0.011,0.889,50.170
2510203133,2026-08-17 09:30:00,232.040,232.680,232.000,0.410,0.210,0.610,0.285,0.095,0.044,0.142,0.070,0.027,0.026,0.016,0.971,50.160
2510203134,2026-08-17 09:30:00,236.780,235.680,235.920,0.020,0.010,0.010,0.007,0.004,0.002,0.001,-0.002,-0.001,-0.001,0.000,0.970,50.150
2510224049,2026-08-17 09:30:00,231.420,232.670,232.230,0.240,6.910,0.030,1.620,0.040,1.570,0.000,0.240,-0.030,0.270,0.000,0.988,50.180
2510224167,2026-08-17 09:30:00,232.800,231.760,233.210,0.900,0.120,0.360,0.220,0.140,0.010,0.050,-0.170,-0.090,-0.020,-0.050,0.792,50.170
2510317505,2026-08-17 09:30:00,232.880,232.030,233.290,0.070,0.030,2.190,0.270,0.010,0.000,0.250,-0.240,0.000,0.000,-0.240,0.742,50.180
2510317516,2026-08-17 09:30:00,233.340,232.340,233.680,0.000,0.000,0.000,0.000,0.000,0.000,0.000,0.000,0.000,0.000,0.000,1.000,50.180
2510317537,2026-08-17 09:30:00,234.710,235.260,235.910,2.600,2.700,2.880,2.080,0.660,0.680,0.720,-0.310,-0.100,-0.100,-0.110,0.986,50.180
2510389559,2026-08-17 09:30:00,237.480,237.070,237.230,0.000,0.000,0.000,0.000,0.000,0.000,0.000,0.000,0.000,0.000,0.000,1.000,50.170
2510389643,2026-08-17 09:30:00,237.220,236.780,236.910,0.780,0.000,0.000,0.180,0.180,0.000,0.000,0.000,0.000,0.000,0.000,1.000,50.170
2510389931,2026-08-17 09:30:00,235.790,235.350,235.430,0.050,0.000,0.000,0.000,0.000,0.000,0.000,-0.010,-0.010,0.000,0.000,0.190,50.180
2510633381,2026-08-17 09:30:00,236.600,235.580,235.840,0.160,0.200,0.120,0.112,0.038,0.047,0.027,0.004,0.000,0.000,0.003,0.999,50.190
2510633383,2026-08-17 09:30:00,232.420,233.120,233.500,2.270,1.890,2.190,1.411,0.503,0.417,0.489,0.070,0.047,0.010,0.012,0.998,50.190
2510633385,2026-08-17 09:30:00,237.510,237.100,237.170,0.460,0.440,0.140,0.247,0.109,0.104,0.033,0.023,0.008,0.009,0.006,0.993,50.160
2510633386,2026-08-17 09:30:00,225.280,225.480,226.290,1.150,1.180,1.150,0.151,0.051,0.050,0.049,-0.719,-0.234,-0.243,-0.241,0.201,50.180
2510633387,2026-08-17 09:30:00,231.930,232.740,231.950,0.040,0.020,0.170,0.052,0.009,0.003,0.039,-0.002,-0.001,0.002,-0.004,0.990,50.170
2510633389,2026-08-17 09:30:00,236.200,236.720,236.220,0.740,0.640,0.620,0.455,0.170,0.144,0.139,0.142,0.042,0.046,0.053,0.952,50.160
2510633391,2026-08-17 09:30:00,122.170,122.160,121.910,0.720,0.780,1.030,0.279,0.076,0.081,0.112,0.007,0.020,-0.021,0.008,1.000,50.180
2510633393,2026-08-17 09:30:00,235.530,235.440,235.890,1.850,1.850,1.860,1.263,0.416,0.421,0.424,0.326,0.113,0.097,0.115,0.967,50.210
2510633395,2026-08-17 09:30:00,233.090,233.390,232.390,0.000,0.000,0.000,0.000,0.000,0.000,0.000,0.000,0.000,0.000,0.000,1.000,50.170
2510633396,2026-08-17 09:30:00,232.770,232.220,232.640,0.900,0.960,0.900,0.613,0.201,0.213,0.198,0.165,0.055,0.057,0.052,0.963,50.180
2510633397,2026-08-17 09:30:00,241.960,240.820,241.150,0.570,0.650,0.580,0.383,0.119,0.139,0.124,0.201,0.070,0.065,0.065,0.885,50.160
2510633399,2026-08-17 09:30:00,232.790,231.810,233.200,0.380,0.440,0.460,0.296,0.088,0.100,0.107,0.025,0.007,0.009,0.008,0.995,50.190
2510633400,2026-08-17 09:30:00,231.040,232.230,231.720,0.810,0.930,0.820,0.463,0.149,0.165,0.148,0.184,0.058,0.061,0.063,0.936,50.180
2510633402,2026-08-17 09:30:00,227.740,228.010,229.270,0.620,0.700,0.710,0.432,0.128,0.147,0.148,0.161,0.051,0.052,0.057,0.945,50.210
2510633406,2026-08-17 09:30:00,233.030,232.070,233.400,0.010,0.010,0.010,0.004,0.002,0.000,0.000,-0.003,-0.001,0.000,-0.001,0.710,50.190
2510633410,2026-08-17 09:30:00,233.170,232.170,233.410,0.110,0.110,0.230,0.104,0.026,0.024,0.053,-0.005,-0.003,-0.003,0.002,1.000,50.180
2510633411,2026-08-17 09:30:00,230.460,229.770,228.900,2.250,2.140,2.200,1.397,0.488,0.448,0.460,0.513,0.163,0.172,0.177,0.939,50.190
2510814977,2026-08-17 09:30:00,228.310,229.350,227.810,0.090,0.050,0.050,0.043,0.020,0.010,0.011,-0.002,0.000,-0.001,-0.001,0.993,50.180
2610026950,2026-08-17 09:30:00,233.360,232.770,232.030,0.030,0.010,0.010,0.010,0.006,0.001,0.002,-0.001,0.000,0.000,0.000,0.959,50.190
2610026952,2026-08-17 09:30:00,226.540,225.430,226.140,5.680,5.530,5.500,3.243,1.104,1.057,1.084,1.913,0.650,0.654,0.607,0.861,50.180
2610026953,2026-08-17 09:30:00,236.790,236.220,236.190,0.640,0.630,0.690,0.412,0.135,0.137,0.139,0.118,0.042,0.043,0.032,0.966,50.180
2610026963,2026-08-17 09:30:00,233.410,233.550,234.080,0.330,0.090,0.010,0.097,0.075,0.020,0.002,-0.014,-0.008,-0.004,-0.002,0.986,50.180
2610026966,2026-08-17 09:30:00,233.750,233.270,233.450,1.190,1.080,0.960,0.740,0.276,0.246,0.239,0.134,0.049,0.044,0.041,0.983,50.180
2610026976,2026-08-17 09:30:00,232.960,233.300,233.690,1.030,1.000,1.150,0.717,0.239,0.229,0.248,-0.004,0.001,-0.003,-0.003,1.000,50.180
2610026977,2026-08-17 09:30:00,245.950,245.330,245.420,0.000,0.140,0.000,0.033,0.000,0.033,0.000,-0.001,0.000,-0.001,0.000,0.984,50.190
2610126270,2026-08-17 09:30:00,231.980,233.080,232.740,0.080,0.050,0.020,0.034,0.018,0.012,0.003,-0.007,-0.003,-0.001,-0.002,0.985,50.180
2610126451,2026-08-17 09:30:00,233.860,234.160,233.410,0.000,0.000,0.150,0.035,0.000,0.000,0.034,0.001,0.000,0.000,0.001,1.000,50.180
2610159557,2026-08-17 09:30:00,236.610,235.630,235.890,0.010,0.000,0.000,0.003,0.001,0.000,0.000,-0.003,-0.002,0.000,0.000,0.654,50.180
2610170786,2026-08-17 09:30:00,234.980,235.130,235.760,1.210,1.220,1.230,0.776,0.261,0.257,0.248,0.203,0.061,0.069,0.072,0.968,50.180
2610170836,2026-08-17 09:30:00,232.710,233.050,232.150,0.070,0.070,0.060,0.099,0.033,0.033,0.032,0.017,0.002,0.006,0.007,1.000,50.180
2610170837,2026-08-17 09:30:00,229.120,227.390,227.930,0.020,0.010,0.040,0.014,0.004,0.000,0.009,0.001,0.000,0.000,0.000,1.000,50.170
2610170838,2026-08-17 09:30:00,236.250,235.220,235.620,0.050,0.040,0.030,0.025,0.008,0.009,0.007,0.008,0.007,0.000,0.000,0.944,50.170
2610170840,2026-08-17 09:30:00,235.820,235.410,235.510,0.910,0.880,0.890,0.561,0.190,0.184,0.186,0.288,0.098,0.095,0.094,0.890,50.180
2610322967,2026-08-17 09:30:00,237.060,235.900,235.960,0.000,0.000,0.020,0.004,0.000,0.000,0.004,0.000,0.000,0.000,0.000,1.000,50.180
2610322969,2026-08-17 09:30:00,233.320,232.800,231.990,0.150,0.150,0.250,0.128,0.034,0.035,0.058,0.006,0.000,-0.001,0.006,0.999,50.180
2610322997,2026-08-17 09:30:00,227.270,227.470,226.360,1.250,1.280,0.990,0.717,0.264,0.253,0.198,0.280,0.043,0.142,0.099,0.928,50.180
2610323001,2026-08-17 09:30:00,224.200,223.650,223.500,4.170,3.470,3.860,2.310,0.840,0.689,0.780,1.061,0.366,0.336,0.359,0.909,50.180
2610323004,2026-08-17 09:30:00,63.310,62.790,63.280,0.420,0.400,0.420,0.074,0.024,0.023,0.026,0.009,0.004,0.002,0.002,0.995,50.180
2610323005,2026-08-17 09:30:00,231.960,233.160,232.710,0.040,0.000,0.000,0.010,0.009,0.001,0.000,0.000,0.000,0.000,0.000,0.986,50.170
2610323016,2026-08-17 09:30:00,225.380,224.340,224.500,3.450,3.300,3.360,2.055,0.711,0.670,0.673,0.866,0.290,0.279,0.296,0.922,50.180
2610323019,2026-08-17 09:30:00,231.740,233.190,232.850,0.020,0.200,0.040,0.058,0.004,0.045,0.008,-0.008,-0.001,-0.004,-0.002,0.989,50.170
2610323024,2026-08-17 09:30:00,222.280,223.800,224.040,5.370,5.540,5.780,3.611,1.126,1.222,1.280,1.269,0.497,0.373,0.398,0.943,50.180
2410131378,2026-08-17 09:31:00,233.870,234.160,233.420,0.940,0.890,1.020,0.636,0.213,0.198,0.223,0.114,0.026,0.038,0.049,0.984,50.200
2410131384,2026-08-17 09:31:00,235.770,236.310,235.580,1.130,1.400,1.350,0.777,0.234,0.293,0.250,0.186,0.058,0.067,0.057,0.979,50.190
2510203115,2026-08-17 09:31:00,236.300,236.480,236.960,0.000,0.000,0.000,0.000,0.000,0.000,0.000,0.000,0.000,0.000,0.000,1.000,50.160
2510633390,2026-08-17 09:31:00,235.820,236.630,235.550,1.740,2.100,1.980,1.201,0.368,0.436,0.390,0.360,0.096,0.123,0.141,0.962,50.200
2410883991,2026-08-17 09:33:00,235.460,235.820,236.370,0.490,0.120,0.520,0.276,0.110,0.028,0.137,0.012,0.001,0.003,0.007,0.997,50.150
2246006313,2026-08-17 10:00:00,58.100,57.900,57.800,1.196,1.206,1.154,0.203,0.067,0.068,0.065,0.039,0.014,0.012,0.012,0.981,50.170
2410121326,2026-08-17 10:00:00,230.880,230.090,230.120,1.110,1.080,1.400,0.716,0.211,0.224,0.279,0.194,0.061,0.060,0.071,0.964,50.230
2410121353,2026-08-17 10:00:00,231.660,230.950,231.000,0.510,0.520,0.380,0.314,0.113,0.117,0.083,0.089,0.026,0.022,0.039,0.962,50.230
2410121371,2026-08-17 10:00:00,232.470,231.570,231.740,0.100,0.060,0.110,0.048,0.020,0.010,0.017,0.024,0.007,0.008,0.008,0.925,50.220
2410121440,2026-08-17 10:00:00,231.690,230.960,230.960,0.210,0.180,0.320,0.146,0.044,0.033,0.068,0.069,0.021,0.022,0.025,0.903,50.210
2410121454,2026-08-17 10:00:00,231.290,231.860,230.730,0.620,0.750,0.950,0.512,0.133,0.165,0.212,0.053,0.012,0.010,0.030,0.995,50.220
2410121457,2026-08-17 10:00:00,229.930,229.000,229.240,2.160,2.080,2.150,1.410,0.478,0.455,0.475,0.271,0.093,0.099,0.077,0.982,50.220
2410121574,2026-08-17 10:00:00,230.930,230.430,230.280,1.960,1.380,1.550,1.100,0.440,0.309,0.350,0.133,0.058,0.028,0.047,0.993,50.230
2410131378,2026-08-17 10:00:00,231.380,231.690,230.870,0.870,1.010,1.010,0.731,0.223,0.258,0.249,0.144,0.034,0.049,0.061,0.980,50.230
2410131383,2026-08-17 10:00:00,235.870,236.350,236.030,0.250,0.290,0.320,0.202,0.059,0.067,0.074,0.034,0.005,0.014,0.014,0.986,50.220
2410131387,2026-08-17 10:00:00,232.720,232.630,233.360,0.270,0.240,0.240,0.172,0.061,0.055,0.055,0.009,0.003,0.007,-0.001,0.997,50.220
2410320615,2026-08-17 10:00:00,232.290,231.910,233.420,4.230,3.900,4.170,2.553,0.858,0.800,0.894,0.865,0.277,0.304,0.284,0.950,50.190
2410883988,2026-08-17 10:00:00,230.780,231.860,231.490,0.000,0.000,0.020,0.004,0.000,0.000,0.003,0.000,0.000,0.000,0.000,1.000,50.190
2410883991,2026-08-17 10:00:00,233.270,233.740,234.340,0.360,0.110,0.590,0.244,0.081,0.024,0.138,0.026,0.014,0.002,0.008,0.994,50.160
2410883993,2026-08-17 10:00:00,234.000,232.930,233.410,0.690,1.270,0.970,0.688,0.160,0.300,0.228,0.085,0.035,0.023,0.021,0.992,50.190
2410883994,2026-08-17 10:00:00,234.480,233.440,233.870,0.000,0.000,0.020,0.003,0.000,0.000,0.003,0.000,0.000,0.000,0.000,0.992,50.170
2410932742,2026-08-17 10:00:00,225.730,224.030,224.270,3.650,3.640,3.840,2.350,0.775,0.769,0.806,0.647,0.215,0.197,0.234,0.964,50.170
2411087432,2026-08-17 10:00:00,229.830,230.640,229.870,2.050,2.110,2.080,1.331,0.447,0.445,0.438,0.404,0.099,0.156,0.151,0.956,50.210
2411087433,2026-08-17 10:00:00,233.990,234.370,234.960,0.540,0.450,0.550,0.359,0.124,0.104,0.131,0.014,0.006,-0.001,0.009,0.999,50.180
2411290205,2026-08-17 10:00:00,234.330,233.900,233.580,1.750,1.730,1.720,1.201,0.410,0.416,0.414,0.481,0.160,0.160,0.161,0.920,50.160
2510014481,2026-08-17 10:00:00,225.070,225.480,226.100,3.270,3.130,3.480,2.053,0.673,0.482,0.585,0.445,0.137,0.151,0.156,0.974,50.190
2510014482,2026-08-17 10:00:00,229.510,230.250,229.480,1.900,0.700,1.020,0.696,0.298,0.197,0.200,0.080,0.029,0.030,0.020,0.994,50.210
2510014483,2026-08-17 10:00:00,233.670,233.920,234.610,0.110,0.100,0.120,0.074,0.025,0.022,0.025,-0.020,-0.005,-0.005,-0.009,0.965,50.200
2510014484,2026-08-17 10:00:00,235.060,234.540,234.490,2.040,2.270,1.770,1.370,0.454,0.510,0.406,0.430,0.149,0.142,0.137,0.953,50.220
2510178139,2026-08-17 10:00:00,230.530,231.040,230.310,0.570,0.520,0.610,0.369,0.120,0.112,0.136,0.134,0.046,0.049,0.039,0.938,50.200
2510178141,2026-08-17 10:00:00,229.830,230.430,230.830,0.820,0.620,0.690,0.396,0.163,0.107,0.125,0.014,0.019,-0.003,-0.002,0.999,50.220
2510203103,2026-08-17 10:00:00,222.510,221.080,221.620,1.270,1.290,1.280,0.822,0.266,0.282,0.274,0.007,0.007,0.000,0.000,0.999,50.190
2510203104,2026-08-17 10:00:00,227.350,227.470,228.160,1.330,1.370,1.240,0.837,0.293,0.277,0.272,0.270,0.075,0.095,0.099,0.952,50.180
2510203105,2026-08-17 10:00:00,228.540,227.140,227.920,1.240,1.300,1.230,0.857,0.283,0.294,0.279,0.048,0.016,0.020,0.011,0.998,50.190
2510203106,2026-08-17 10:00:00,236.090,235.560,235.360,0.010,0.010,0.000,0.006,0.002,0.003,0.000,-0.002,-0.001,0.000,0.000,0.867,50.200
2510203107,2026-08-17 10:00:00,222.960,222.270,222.410,1.620,1.680,1.510,0.983,0.331,0.339,0.311,0.354,0.117,0.134,0.102,0.940,50.200
2510203108,2026-08-17 10:00:00,230.660,230.990,230.170,0.730,1.210,1.530,0.743,0.155,0.253,0.334,0.142,0.052,0.055,0.051,0.981,50.190
2510203109,2026-08-17 10:00:00,233.690,234.370,233.320,0.720,0.740,0.900,0.523,0.162,0.165,0.195,0.105,0.041,0.033,0.030,0.980,50.200
2510203111,2026-08-17 10:00:00,229.030,229.690,230.010,1.520,1.260,1.690,0.961,0.318,0.270,0.368,0.242,0.105,0.061,0.075,0.969,50.190
2510203113,2026-08-17 10:00:00,234.770,235.300,234.750,2.840,2.790,3.240,2.014,0.640,0.634,0.739,0.220,0.044,0.080,0.096,0.993,50.200
2510203114,2026-08-17 10:00:00,227.240,227.510,228.050,1.470,1.360,1.330,0.974,0.348,0.318,0.307,0.258,0.073,0.089,0.095,0.965,50.210
2510203117,2026-08-17 10:00:00,231.060,230.390,229.840,0.190,0.210,0.190,0.088,0.017,0.039,0.030,0.100,0.040,0.029,0.030,0.660,50.190
2510203118,2026-08-17 10:00:00,123.270,123.380,123.760,0.160,0.130,0.140,0.047,0.017,0.015,0.014,-0.022,-0.008,-0.005,-0.008,0.892,50.190
2510203119,2026-08-17 10:00:00,231.220,230.570,230.000,0.000,0.000,0.000,0.000,0.000,0.000,0.000,0.000,0.000,0.000,0.000,1.000,50.190
2510203120,2026-08-17 10:00:00,233.810,232.840,233.260,2.170,1.820,1.870,1.288,0.478,0.398,0.410,0.246,0.093,0.079,0.073,0.983,50.190
2510203121,2026-08-17 10:00:00,231.270,230.470,231.630,0.090,0.070,0.260,0.094,0.019,0.015,0.059,-0.009,-0.001,-0.004,-0.003,0.999,50.200
2510203122,2026-08-17 10:00:00,229.810,230.720,229.950,0.890,0.570,0.540,0.386,0.180,0.108,0.097,0.236,0.088,0.073,0.073,0.853,50.190
2510203123,2026-08-17 10:00:00,229.540,230.120,230.530,0.890,0.840,0.760,0.352,0.101,0.135,0.115,0.100,0.056,0.008,0.035,0.908,50.190
2510203124,2026-08-17 10:00:00,230.820,230.840,230.260,1.010,1.020,1.030,0.662,0.217,0.221,0.223,0.168,0.052,0.057,0.058,0.969,50.220
2510203125,2026-08-17 10:00:00,235.930,235.640,236.320,0.080,0.070,0.100,0.049,0.014,0.012,0.022,-0.032,-0.011,-0.012,-0.008,0.838,50.190
2510203126,2026-08-17 10:00:00,231.820,230.990,232.230,0.020,0.000,0.000,0.004,0.003,0.000,0.000,0.000,0.000,0.000,0.000,1.000,50.230
2510203127,2026-08-17 10:00:00,230.140,231.110,230.390,1.250,1.480,1.190,0.862,0.269,0.334,0.259,0.220,0.091,0.055,0.074,0.968,50.230
2510203130,2026-08-17 10:00:00,239.370,239.890,241.050,0.060,0.090,0.060,0.037,0.005,0.017,0.014,0.027,0.013,0.011,0.003,0.801,50.210
2510203133,2026-08-17 10:00:00,229.020,229.910,229.130,0.310,0.210,0.530,0.234,0.069,0.044,0.121,0.052,0.019,0.020,0.012,0.977,50.140
2510203134,2026-08-17 10:00:00,235.030,234.000,234.190,0.020,0.010,0.010,0.007,0.004,0.002,0.001,-0.002,-0.001,-0.001,0.000,0.962,50.170
2510224049,2026-08-17 10:00:00,229.990,231.050,230.830,0.250,4.050,0.020,0.930,0.040,0.890,0.000,0.160,-0.020,0.200,0.000,0.982,50.220
2510224167,2026-08-17 10:00:00,231.060,230.080,231.470,0.910,0.120,0.360,0.220,0.140,0.010,0.050,-0.170,-0.090,-0.020,-0.050,0.792,50.230
2510317505,2026-08-17 10:00:00,231.310,230.400,231.650,0.070,0.030,2.170,0.270,0.010,0.000,0.250,-0.240,0.000,0.000,-0.240,0.746,50.220
2510317516,2026-08-17 10:00:00,231.570,230.600,231.890,0.000,0.000,0.000,0.000,0.000,0.000,0.000,0.000,0.000,0.000,0.000,1.000,50.230
2510317537,2026-08-17 10:00:00,233.150,233.570,234.230,3.130,3.230,3.320,2.300,0.760,0.760,0.790,-0.350,-0.120,-0.110,-0.110,0.988,50.220
2510389559,2026-08-17 10:00:00,236.670,236.230,236.150,0.000,0.000,0.000,0.000,0.000,0.000,0.000,0.000,0.000,0.000,0.000,1.000,50.200
2510389643,2026-08-17 10:00:00,236.620,236.090,236.040,0.740,0.000,0.000,0.170,0.170,0.000,0.000,0.000,0.000,0.000,0.000,0.998,50.220
2510389931,2026-08-17 10:00:00,235.980,235.370,235.320,0.050,0.000,0.000,0.000,0.000,0.000,0.000,-0.010,-0.010,0.000,0.000,0.188,50.220
2510633381,2026-08-17 10:00:00,235.010,234.010,234.340,0.170,0.230,0.140,0.122,0.037,0.053,0.031,0.008,0.001,0.002,0.004,0.996,50.230
2510633383,2026-08-17 10:00:00,230.650,231.240,231.790,2.310,1.880,2.190,1.416,0.509,0.418,0.488,0.073,0.053,0.012,0.007,0.998,50.240
2510633385,2026-08-17 10:00:00,236.380,236.050,235.960,0.620,0.410,0.140,0.274,0.144,0.096,0.033,0.027,0.012,0.008,0.005,0.995,50.210
2510633386,2026-08-17 10:00:00,222.540,222.820,223.560,1.110,1.150,1.130,0.161,0.054,0.050,0.057,-0.700,-0.228,-0.237,-0.234,0.231,50.220
2510633387,2026-08-17 10:00:00,229.680,230.680,229.890,0.040,0.010,0.180,0.051,0.009,0.001,0.040,-0.006,-0.001,0.000,-0.004,0.989,50.220
2510633390,2026-08-17 10:00:00,234.010,234.730,233.590,1.360,1.650,1.670,1.002,0.289,0.363,0.349,0.320,0.087,0.096,0.136,0.952,50.200
2510633391,2026-08-17 10:00:00,121.200,121.170,120.870,0.710,0.730,0.960,0.276,0.080,0.085,0.115,0.003,0.018,-0.019,0.004,0.999,50.230
2510633393,2026-08-17 10:00:00,234.440,234.290,234.910,1.830,1.800,1.800,1.226,0.411,0.410,0.404,0.312,0.110,0.089,0.112,0.968,50.220
2510633395,2026-08-17 10:00:00,230.590,231.020,230.070,0.000,0.000,0.000,0.000,0.000,0.000,0.000,0.000,0.000,0.000,0.000,1.000,50.200
2510633396,2026-08-17 10:00:00,230.760,230.200,230.550,0.930,0.990,0.920,0.633,0.207,0.223,0.207,0.163,0.053,0.057,0.052,0.969,50.230
2510633397,2026-08-17 10:00:00,240.260,239.100,239.530,0.580,0.640,0.610,0.388,0.121,0.137,0.128,0.194,0.068,0.063,0.062,0.895,50.200
2510633399,2026-08-17 10:00:00,231.190,230.350,231.610,0.370,0.420,0.450,0.280,0.083,0.095,0.102,0.030,0.010,0.010,0.009,0.994,50.230
2510633400,2026-08-17 10:00:00,229.110,230.250,229.700,0.880,0.990,1.020,0.610,0.196,0.214,0.198,0.199,0.062,0.067,0.069,0.958,50.220
2510633402,2026-08-17 10:00:00,227.120,227.440,228.640,0.610,0.720,0.690,0.475,0.143,0.167,0.164,0.188,0.061,0.061,0.066,0.920,50.220
2510633406,2026-08-17 10:00:00,231.040,230.090,231.470,0.010,0.010,0.010,0.004,0.002,0.000,0.000,-0.003,-0.001,0.000,-0.001,0.703,50.190
2510633410,2026-08-17 10:00:00,231.160,230.260,231.500,0.120,0.100,0.230,0.101,0.027,0.021,0.052,-0.003,-0.001,-0.003,0.002,1.000,50.190
2510633411,2026-08-17 10:00:00,228.950,228.230,227.320,2.250,2.140,2.220,1.407,0.486,0.453,0.466,0.470,0.146,0.156,0.165,0.948,50.220
2510814977,2026-08-17 10:00:00,227.470,228.370,226.960,0.010,0.010,0.010,0.007,0.003,0.001,0.002,0.000,0.000,0.000,-0.001,0.974,50.190
2610026950,2026-08-17 10:00:00,231.450,230.840,230.170,0.020,0.010,0.010,0.009,0.005,0.001,0.002,0.000,0.000,0.000,0.000,1.000,50.190
2610026952,2026-08-17 10:00:00,225.690,224.880,225.050,4.690,4.620,4.680,2.849,0.950,0.942,0.957,1.316,0.457,0.429,0.429,0.907,50.190
2610026953,2026-08-17 10:00:00,235.530,234.850,234.770,0.610,0.630,0.580,0.447,0.146,0.146,0.147,0.122,0.046,0.044,0.030,0.959,50.190
2610026963,2026-08-17 10:00:00,231.300,231.340,232.020,0.330,0.070,0.020,0.086,0.075,0.014,-0.002,-0.016,-0.007,-0.005,-0.003,0.987,50.220
2610026966,2026-08-17 10:00:00,234.590,233.940,233.780,1.110,0.860,1.220,0.709,0.250,0.189,0.245,0.145,0.055,0.048,0.041,0.979,50.200
2610026976,2026-08-17 10:00:00,230.760,231.110,231.850,1.070,1.030,0.820,0.693,0.246,0.257,0.189,0.015,0.019,-0.003,-0.003,0.999,50.220
2610026977,2026-08-17 10:00:00,246.640,245.840,245.760,0.000,0.060,0.000,0.015,0.000,0.015,0.000,-0.001,0.000,-0.001,0.000,1.000,50.230
2610126270,2026-08-17 10:00:00,230.360,231.500,231.220,0.080,0.060,0.020,0.035,0.017,0.014,0.004,-0.007,-0.003,-0.001,-0.002,0.974,50.210
2610159557,2026-08-17 10:00:00,234.790,233.760,234.050,0.010,0.010,0.010,0.007,0.002,0.002,0.003,-0.004,-0.002,-0.001,-0.001,0.865,50.190
2610170786,2026-08-17 10:00:00,233.660,233.910,234.610,0.880,0.830,0.870,0.514,0.168,0.173,0.172,0.121,0.033,0.044,0.043,0.981,50.220
2610170836,2026-08-17 10:00:00,229.660,230.150,229.160,0.470,0.250,0.250,0.113,0.062,0.024,0.026,0.038,0.012,0.013,0.012,0.963,50.200
2610170837,2026-08-17 10:00:00,228.370,226.740,227.320,0.000,0.000,0.060,0.011,0.000,0.000,0.011,0.006,0.000,0.000,0.006,0.854,50.200
2610170838,2026-08-17 10:00:00,233.960,232.810,234.390,0.020,0.030,0.030,0.020,0.005,0.007,0.007,0.000,0.000,0.000,0.000,1.000,50.220
2610170840,2026-08-17 10:00:00,236.010,235.350,235.330,0.010,0.000,0.000,0.003,0.003,0.000,0.000,0.000,0.000,0.000,0.000,1.000,50.210
2610322967,2026-08-17 10:00:00,235.100,233.910,234.040,0.000,0.000,0.070,0.008,0.000,0.000,0.008,0.000,0.000,0.000,0.000,1.000,50.180
2610322969,2026-08-17 10:00:00,231.430,230.950,230.020,0.190,0.150,0.370,0.160,0.043,0.035,0.082,0.023,0.001,-0.001,0.023,0.991,50.180
2610322997,2026-08-17 10:00:00,226.770,226.550,225.660,1.260,1.400,1.050,0.693,0.260,0.248,0.184,0.273,0.041,0.144,0.087,0.938,50.200
2610323001,2026-08-17 10:00:00,223.610,223.050,223.050,3.860,3.260,3.530,2.112,0.778,0.641,0.692,1.013,0.343,0.324,0.344,0.903,50.200
2610323004,2026-08-17 10:00:00,63.020,62.550,63.020,0.450,0.430,0.470,0.079,0.026,0.025,0.028,0.032,0.012,0.009,0.010,0.921,50.200
2610323005,2026-08-17 10:00:00,230.210,231.360,230.970,0.040,0.000,0.000,0.010,0.009,0.001,0.000,0.000,0.000,0.000,0.000,0.956,50.200
2610323016,2026-08-17 10:00:00,225.520,224.420,224.740,2.500,2.300,2.380,1.463,0.512,0.466,0.484,0.665,0.222,0.215,0.226,0.910,50.210
2610323019,2026-08-17 10:00:00,230.110,231.540,231.140,0.020,0.160,0.040,0.050,0.004,0.036,0.009,-0.006,-0.001,-0.002,-0.002,0.999,50.220
2610323024,2026-08-17 10:00:00,222.630,223.890,224.130,4.110,4.510,4.460,2.709,0.817,0.948,0.944,1.021,0.389,0.307,0.323,0.936,50.200
2410121424,2026-08-17 10:01:00,231.150,230.380,230.620,0.010,0.010,0.010,0.004,0.000,0.001,0.002,-0.003,-0.001,-0.001,0.000,0.898,50.200
2510203115,2026-08-17 10:01:00,236.000,235.990,236.660,0.000,0.000,0.000,0.000,0.000,0.000,0.000,0.000,0.000,0.000,0.000,1.000,50.220
2510203128,2026-08-17 10:01:00,234.530,234.960,233.560,1.580,1.550,1.500,1.057,0.363,0.354,0.340,0.052,0.002,0.015,0.035,0.998,50.220
2510633389,2026-08-17 10:01:00,234.960,235.580,235.000,0.780,0.720,0.660,0.475,0.174,0.158,0.142,0.162,0.048,0.055,0.058,0.946,50.200
2610126451,2026-08-17 10:01:00,231.870,232.310,231.690,0.000,0.000,0.100,0.022,0.000,0.000,0.022,0.001,0.000,0.000,0.001,1.000,50.220
2410131384,2026-08-17 10:02:00,234.060,234.480,233.770,1.290,1.620,1.430,0.956,0.303,0.332,0.320,0.162,0.054,0.067,0.040,0.987,50.210
2410883990,2026-08-17 10:02:00,231.720,231.190,230.520,0.090,0.000,0.210,0.068,0.020,0.000,0.047,0.001,0.001,0.000,0.000,1.000,50.210
2246006313,2026-08-17 10:30:00,57.400,57.000,57.100,1.217,1.239,1.177,0.203,0.067,0.068,0.065,0.040,0.015,0.013,0.012,0.980,50.190
2410121326,2026-08-17 10:30:00,234.110,233.350,233.490,0.910,1.030,1.200,0.761,0.237,0.238,0.285,0.188,0.062,0.060,0.066,0.966,50.220
2410121353,2026-08-17 10:30:00,234.310,233.500,233.810,0.540,0.680,0.420,0.364,0.125,0.147,0.077,0.094,0.028,0.026,0.039,0.969,50.190
2410121424,2026-08-17 10:30:00,234.830,233.970,234.300,0.010,0.010,0.010,0.004,0.000,0.001,0.002,-0.003,-0.001,-0.001,0.000,0.915,50.230
2410121440,2026-08-17 10:30:00,234.400,233.560,233.730,0.210,0.170,0.220,0.123,0.043,0.032,0.046,0.069,0.022,0.023,0.024,0.871,50.210
2410121454,2026-08-17 10:30:00,234.170,234.750,233.570,0.540,0.680,0.840,0.490,0.133,0.156,0.193,0.058,0.014,0.013,0.030,0.994,50.230
2410121457,2026-08-17 10:30:00,233.060,232.140,232.540,2.250,2.200,2.200,1.494,0.505,0.490,0.498,0.329,0.118,0.117,0.094,0.976,50.230
2410121574,2026-08-17 10:30:00,233.600,232.940,233.040,2.100,1.590,1.780,1.225,0.471,0.353,0.392,0.128,0.053,0.024,0.051,0.994,50.200
2410131378,2026-08-17 10:30:00,233.970,234.400,233.570,0.830,0.950,0.970,0.610,0.180,0.212,0.217,0.083,0.013,0.027,0.042,0.989,50.210
2410131383,2026-08-17 10:30:00,236.670,237.250,236.950,0.350,0.390,0.440,0.267,0.080,0.088,0.098,0.038,0.006,0.013,0.018,0.990,50.240
2410131384,2026-08-17 10:30:00,236.530,237.110,236.410,1.560,1.620,1.610,1.103,0.361,0.385,0.356,0.169,0.056,0.073,0.039,0.988,50.210
2410131387,2026-08-17 10:30:00,233.280,233.110,233.830,0.330,0.300,0.290,0.210,0.075,0.067,0.067,0.030,0.010,0.014,0.005,0.990,50.210
2410320615,2026-08-17 10:30:00,232.690,232.200,233.790,4.090,3.840,4.150,2.688,0.926,0.842,0.918,0.943,0.305,0.334,0.303,0.943,50.220
2410883988,2026-08-17 10:30:00,227.360,228.410,228.150,0.000,0.000,0.020,0.004,0.000,0.000,0.003,0.000,0.000,0.000,0.000,1.000,50.210
2410883990,2026-08-17 10:30:00,228.050,227.720,226.850,0.090,0.000,0.080,0.037,0.019,0.000,0.017,0.004,0.001,0.000,0.002,1.000,50.180
2410883991,2026-08-17 10:30:00,236.020,236.510,237.090,0.430,0.200,0.610,0.299,0.100,0.045,0.129,0.042,0.017,0.009,0.015,0.990,50.200
2410883993,2026-08-17 10:30:00,237.430,235.900,236.670,0.820,0.860,0.760,0.607,0.187,0.204,0.189,0.151,0.022,0.083,0.045,0.988,50.200
2410883994,2026-08-17 10:30:00,237.370,236.270,236.750,0.000,0.000,0.020,0.003,0.000,0.000,0.003,0.000,0.000,0.000,0.000,0.971,50.170
2410932742,2026-08-17 10:30:00,228.560,226.670,226.930,3.460,3.430,3.640,2.241,0.740,0.730,0.771,0.624,0.208,0.188,0.227,0.963,50.190
2411087432,2026-08-17 10:30:00,233.450,234.420,233.460,1.830,1.870,1.940,1.210,0.397,0.393,0.417,0.374,0.104,0.138,0.131,0.955,50.200
2411087433,2026-08-17 10:30:00,237.020,237.440,238.020,0.590,0.470,0.610,0.365,0.133,0.108,0.139,0.014,0.006,-0.001,0.010,0.999,50.210
2411290205,2026-08-17 10:30:00,234.410,234.160,233.730,2.500,2.510,2.480,1.843,0.577,0.581,0.575,0.537,0.183,0.177,0.176,0.955,50.200
2510014481,2026-08-17 10:30:00,227.680,228.250,228.940,2.590,2.330,2.800,1.619,0.536,0.484,0.598,0.430,0.133,0.137,0.147,0.971,50.230
2510014482,2026-08-17 10:30:00,233.550,234.330,233.460,2.240,1.800,1.340,1.136,0.545,0.169,0.167,0.088,0.035,0.030,0.022,0.991,50.180
2510014483,2026-08-17 10:30:00,236.470,236.790,237.450,0.100,0.080,0.130,0.075,0.021,0.018,0.035,-0.023,-0.006,-0.006,-0.010,0.948,50.180
2510014484,2026-08-17 10:30:00,235.210,234.830,234.730,2.040,2.420,1.880,1.370,0.431,0.540,0.398,0.432,0.150,0.144,0.137,0.953,50.180
2510178139,2026-08-17 10:30:00,233.990,234.490,233.890,0.940,0.890,0.990,0.652,0.212,0.208,0.223,0.196,0.067,0.073,0.055,0.956,50.200
2510178141,2026-08-17 10:30:00,234.010,234.600,235.020,0.860,0.640,0.710,0.407,0.169,0.109,0.128,0.006,0.019,-0.006,-0.007,0.998,50.170
2510203103,2026-08-17 10:30:00,225.000,223.290,223.840,1.370,1.430,1.360,1.020,0.340,0.347,0.308,0.033,0.017,0.007,0.008,0.999,50.210
2510203104,2026-08-17 10:30:00,230.150,230.270,230.950,1.240,1.250,1.250,0.822,0.279,0.271,0.271,0.244,0.066,0.089,0.091,0.960,50.210
2510203105,2026-08-17 10:30:00,230.950,229.020,229.750,1.150,1.130,1.090,0.787,0.290,0.251,0.245,0.017,0.004,0.010,0.002,0.994,50.210
2510203106,2026-08-17 10:30:00,236.170,235.750,235.400,0.010,0.010,0.000,0.006,0.002,0.003,0.000,-0.002,-0.001,0.000,0.000,0.878,50.220
2510203107,2026-08-17 10:30:00,223.900,223.230,223.250,1.590,1.660,1.500,0.973,0.326,0.337,0.309,0.343,0.111,0.131,0.100,0.943,50.180
2510203108,2026-08-17 10:30:00,234.520,234.930,233.970,0.760,1.100,1.380,0.743,0.170,0.253,0.325,0.080,0.030,0.021,0.028,0.994,50.210
2510203109,2026-08-17 10:30:00,236.590,237.260,236.290,0.700,0.700,0.770,0.478,0.158,0.155,0.164,0.116,0.047,0.037,0.031,0.971,50.210
2510203111,2026-08-17 10:30:00,233.790,234.540,234.930,1.780,1.530,1.950,1.164,0.388,0.338,0.437,0.271,0.114,0.072,0.083,0.973,50.210
2510203113,2026-08-17 10:30:00,234.670,235.300,234.820,2.960,2.980,3.320,2.123,0.688,0.679,0.756,0.298,0.070,0.104,0.119,0.990,50.190
2510203114,2026-08-17 10:30:00,229.900,230.180,230.710,1.450,1.370,1.360,0.853,0.302,0.276,0.303,0.225,0.061,0.081,0.082,0.972,50.210
2510203117,2026-08-17 10:30:00,227.830,227.660,226.730,0.230,0.150,0.120,0.065,0.042,0.019,0.003,0.087,0.031,0.028,0.027,0.595,50.210
2510203118,2026-08-17 10:30:00,124.910,125.030,125.380,0.200,0.170,0.170,0.064,0.023,0.021,0.020,-0.009,-0.003,-0.001,-0.004,0.982,50.200
2510203119,2026-08-17 10:30:00,227.890,227.540,226.710,0.000,0.000,0.000,0.000,0.000,0.000,0.000,0.000,0.000,0.000,0.000,1.000,50.210
2510203120,2026-08-17 10:30:00,236.540,235.550,236.020,2.220,1.890,1.890,1.368,0.510,0.426,0.430,0.251,0.096,0.081,0.073,0.983,50.210
2510203121,2026-08-17 10:30:00,227.840,227.010,228.080,0.080,0.070,0.170,0.072,0.018,0.014,0.039,-0.014,-0.002,-0.003,-0.007,0.978,50.210
2510203122,2026-08-17 10:30:00,233.360,234.400,233.400,0.820,0.490,0.470,0.345,0.157,0.107,0.080,0.223,0.080,0.067,0.075,0.833,50.200
2510203123,2026-08-17 10:30:00,233.840,234.400,234.680,0.960,1.240,1.260,0.494,0.152,0.179,0.162,0.113,0.061,0.012,0.039,0.991,50.210
2510203124,2026-08-17 10:30:00,233.880,233.900,233.440,1.060,1.070,1.080,0.696,0.230,0.231,0.235,0.169,0.054,0.059,0.055,0.972,50.200
2510203125,2026-08-17 10:30:00,237.120,236.660,237.420,0.080,0.080,0.090,0.025,0.005,0.004,0.015,-0.051,-0.017,-0.019,-0.014,0.434,50.210
2510203126,2026-08-17 10:30:00,228.310,227.380,228.570,0.020,0.000,0.000,0.003,0.003,0.000,0.000,0.000,0.000,0.000,0.000,0.991,50.210
2510203127,2026-08-17 10:30:00,233.250,234.170,233.380,1.290,1.490,1.190,0.880,0.276,0.342,0.261,0.257,0.107,0.070,0.080,0.961,50.210
2510203130,2026-08-17 10:30:00,241.420,241.870,243.210,0.000,0.030,0.050,0.018,0.000,0.006,0.011,0.001,0.000,0.000,0.001,1.000,50.210
2510203133,2026-08-17 10:30:00,233.460,234.390,233.550,0.410,0.230,0.570,0.283,0.096,0.050,0.135,0.073,0.029,0.026,0.017,0.969,50.190
2510203134,2026-08-17 10:30:00,237.910,236.720,237.010,0.020,0.010,0.010,0.007,0.004,0.002,0.001,-0.002,-0.001,-0.001,0.000,0.974,50.190
2510224049,2026-08-17 10:30:00,226.510,227.490,227.120,0.080,4.030,0.020,0.870,0.010,0.850,0.000,0.160,0.000,0.170,0.000,0.983,50.170
2510224167,2026-08-17 10:30:00,227.450,226.480,227.770,0.760,0.120,0.360,0.170,0.090,0.010,0.050,-0.150,-0.080,-0.010,-0.050,0.748,50.180
2510317505,2026-08-17 10:30:00,227.450,226.640,227.760,0.070,0.030,2.180,0.270,0.010,0.000,0.250,-0.230,0.000,0.000,-0.230,0.757,50.180
2510317516,2026-08-17 10:30:00,228.200,227.260,228.390,0.000,0.000,0.000,0.000,0.000,0.000,0.000,0.000,0.000,0.000,0.000,1.000,50.170
2510317537,2026-08-17 10:30:00,235.910,236.380,237.300,2.390,2.490,2.650,1.960,0.600,0.620,0.650,-0.330,-0.100,-0.110,-0.110,0.987,50.180
2510389559,2026-08-17 10:30:00,236.670,236.440,236.090,0.000,0.000,0.000,0.000,0.000,0.000,0.000,0.000,0.000,0.000,0.000,1.000,50.180
2510389643,2026-08-17 10:30:00,237.070,236.720,236.440,0.720,0.000,0.000,0.160,0.160,0.000,0.000,-0.010,-0.010,0.000,0.000,0.996,50.170
2510389931,2026-08-17 10:30:00,236.870,236.290,236.080,0.050,0.000,0.000,0.000,0.000,0.000,0.000,-0.010,-0.010,0.000,0.000,0.202,50.180
2510633383,2026-08-17 10:30:00,233.710,234.290,234.720,2.320,1.960,2.160,1.441,0.517,0.435,0.486,0.079,0.049,0.012,0.017,0.998,50.210
2510633385,2026-08-17 10:30:00,236.880,236.580,236.280,0.470,0.210,0.140,0.190,0.109,0.048,0.032,0.028,0.014,0.008,0.005,0.988,50.230
2510633387,2026-08-17 10:30:00,233.110,233.900,232.980,0.040,0.010,0.180,0.051,0.009,0.001,0.040,-0.006,0.000,0.000,-0.004,0.984,50.230
2510633389,2026-08-17 10:30:00,235.470,236.180,235.720,0.760,0.710,0.630,0.468,0.170,0.160,0.135,0.165,0.048,0.057,0.059,0.942,50.230
2510633390,2026-08-17 10:30:00,236.960,237.700,236.620,1.320,1.560,1.470,0.954,0.288,0.350,0.315,0.317,0.085,0.099,0.129,0.948,50.240
2510633391,2026-08-17 10:30:00,122.840,122.820,122.760,0.710,0.540,0.850,0.242,0.077,0.064,0.099,0.002,0.021,-0.011,-0.006,0.999,50.220
2510633393,2026-08-17 10:30:00,234.930,234.670,235.330,1.750,1.740,1.770,1.248,0.415,0.416,0.417,0.388,0.136,0.116,0.134,0.963,50.220
2510633395,2026-08-17 10:30:00,234.170,234.620,233.510,0.000,0.000,0.000,0.000,0.000,0.000,0.000,0.000,0.000,0.000,0.000,1.000,50.210
2510633396,2026-08-17 10:30:00,233.740,233.340,233.590,0.820,0.870,0.810,0.549,0.180,0.191,0.177,0.105,0.034,0.037,0.033,0.981,50.210
2510633397,2026-08-17 10:30:00,243.250,242.090,242.520,0.590,0.650,0.630,0.398,0.122,0.140,0.135,0.208,0.073,0.068,0.066,0.885,50.250
2510633399,2026-08-17 10:30:00,227.710,226.750,227.980,0.400,0.470,0.510,0.312,0.089,0.108,0.114,0.025,0.008,0.007,0.008,0.995,50.200
2510633400,2026-08-17 10:30:00,226.330,227.410,227.060,0.630,0.700,0.640,0.405,0.126,0.153,0.119,0.156,0.050,0.053,0.052,0.930,50.230
2510633402,2026-08-17 10:30:00,229.020,229.420,230.610,0.650,0.740,0.760,0.407,0.120,0.141,0.170,0.167,0.052,0.053,0.060,0.940,50.220
2510633406,2026-08-17 10:30:00,228.050,227.090,228.320,0.010,0.010,0.010,0.003,0.001,0.000,0.000,-0.003,-0.001,0.000,-0.001,0.686,50.200
2510633411,2026-08-17 10:30:00,225.000,224.380,223.410,2.470,2.320,2.410,1.520,0.528,0.487,0.503,0.530,0.167,0.177,0.185,0.941,50.230
2610026950,2026-08-17 10:30:00,228.190,227.770,226.950,0.060,0.040,0.050,0.031,0.012,0.008,0.009,0.012,0.004,0.003,0.003,0.919,50.200
2610026952,2026-08-17 10:30:00,229.780,228.530,229.110,4.160,4.040,3.980,2.438,0.829,0.800,0.808,1.288,0.441,0.443,0.402,0.883,50.220
2610026953,2026-08-17 10:30:00,236.520,235.960,235.770,0.720,0.710,0.700,0.494,0.168,0.157,0.161,0.124,0.047,0.045,0.030,0.966,50.200
2610026963,2026-08-17 10:30:00,234.490,234.580,235.180,0.320,0.090,0.010,0.088,0.070,0.019,-0.001,-0.017,-0.008,-0.005,-0.002,0.978,50.210
2610026976,2026-08-17 10:30:00,233.920,234.250,235.030,1.130,1.250,0.630,0.641,0.262,0.231,0.146,0.007,0.009,0.000,-0.001,1.000,50.210
2610026977,2026-08-17 10:30:00,246.250,246.170,246.120,0.370,0.150,0.000,0.109,0.072,0.035,0.000,0.053,0.054,-0.001,0.000,0.900,50.210
2610126270,2026-08-17 10:30:00,226.910,227.820,227.670,0.080,0.060,0.020,0.034,0.017,0.012,0.003,-0.007,-0.003,-0.001,-0.002,0.981,50.170
2610126451,2026-08-17 10:30:00,235.000,235.410,234.810,0.000,0.000,0.080,0.019,0.000,0.000,0.019,0.000,0.000,0.000,0.000,1.000,50.200
2610159557,2026-08-17 10:30:00,237.810,236.820,237.140,0.010,0.010,0.010,0.006,0.002,0.001,0.002,-0.004,-0.002,-0.001,-0.001,0.852,50.200
2610170786,2026-08-17 10:30:00,236.370,236.610,237.310,1.070,0.990,0.980,0.601,0.200,0.237,0.216,0.128,0.038,0.045,0.045,0.982,50.180
2610170836,2026-08-17 10:30:00,233.730,234.310,233.460,0.290,0.250,0.090,0.096,0.068,0.004,0.005,0.040,0.012,0.014,0.013,0.959,50.180
2610170837,2026-08-17 10:30:00,230.840,228.960,229.520,0.000,0.000,0.040,0.010,0.000,0.000,0.010,0.000,0.000,0.000,0.000,1.000,50.180
2610170840,2026-08-17 10:30:00,236.810,236.230,236.030,0.010,0.000,0.000,0.003,0.003,0.000,0.000,0.000,0.000,0.000,0.000,1.000,50.180
2610322967,2026-08-17 10:30:00,238.190,237.090,237.200,0.000,0.000,0.020,0.004,0.000,0.000,0.004,0.000,0.000,0.000,0.000,0.950,50.200
2610322969,2026-08-17 10:30:00,228.290,227.950,227.130,0.170,0.160,0.220,0.125,0.039,0.035,0.050,-0.003,0.000,-0.002,-0.001,0.997,50.200
2610322997,2026-08-17 10:30:00,228.870,229.020,227.710,1.140,1.280,1.160,0.786,0.270,0.288,0.227,0.277,0.037,0.134,0.104,0.941,50.180
2610323001,2026-08-17 10:30:00,225.540,225.140,224.790,4.310,3.360,3.910,2.342,0.881,0.675,0.785,1.083,0.377,0.339,0.366,0.908,50.180
2610323004,2026-08-17 10:30:00,63.730,63.160,63.700,0.330,0.310,0.350,0.066,0.021,0.020,0.023,0.016,0.007,0.005,0.005,0.977,50.200
2610323005,2026-08-17 10:30:00,226.860,227.860,227.570,0.100,0.070,0.060,0.046,0.021,0.012,0.012,0.022,0.007,0.007,0.007,0.900,50.190
2610323016,2026-08-17 10:30:00,227.770,226.370,226.660,2.680,2.490,2.560,1.595,0.558,0.510,0.526,0.744,0.250,0.242,0.250,0.906,50.180
2610323019,2026-08-17 10:30:00,226.680,227.890,227.550,0.180,0.340,0.230,0.161,0.036,0.075,0.048,0.057,0.019,0.020,0.017,0.939,50.180
2610323024,2026-08-17 10:30:00,224.210,225.640,226.060,4.510,4.810,4.930,2.997,0.918,1.030,1.049,1.206,0.465,0.360,0.381,0.927,50.180
2510203115,2026-08-17 10:31:00,236.400,236.320,236.880,0.000,0.000,0.000,0.000,0.000,0.000,0.000,0.000,0.000,0.000,0.000,1.000,50.200
2510633410,2026-08-17 10:31:00,228.030,227.080,228.320,0.120,0.090,0.090,0.067,0.025,0.021,0.020,-0.012,-0.004,-0.003,-0.004,0.978,50.200
2610026966,2026-08-17 10:31:00,234.370,233.520,233.540,1.200,1.120,1.320,0.802,0.272,0.251,0.279,0.142,0.052,0.047,0.043,0.986,50.200
2610170838,2026-08-17 10:31:00,237.530,236.350,236.830,0.030,0.030,0.030,0.021,0.006,0.007,0.007,0.000,0.000,0.000,0.000,0.992,50.210
2510203128,2026-08-17 10:32:00,236.630,237.170,235.570,1.670,1.580,1.520,1.097,0.387,0.363,0.346,0.064,0.008,0.019,0.037,0.998,50.230
2510633381,2026-08-17 10:32:00,237.470,236.400,236.880,0.190,0.180,0.090,0.101,0.037,0.042,0.022,0.000,-0.001,-0.001,0.002,0.997,50.250
2510633386,2026-08-17 10:32:00,225.870,226.160,226.940,1.130,1.170,1.150,0.163,0.052,0.054,0.054,-0.715,-0.233,-0.242,-0.239,0.219,50.230
2510814977,2026-08-17 10:32:00,230.030,231.200,229.360,0.090,0.060,0.090,0.052,0.021,0.014,0.020,-0.002,0.000,-0.001,-0.001,1.000,50.220
2410121371,2026-08-17 10:33:00,234.810,233.880,234.200,0.170,0.120,0.150,0.086,0.034,0.021,0.030,0.057,0.019,0.019,0.018,0.830,50.220
2246006313,2026-08-17 11:00:00,57.700,57.400,57.400,1.333,1.300,1.239,0.208,0.070,0.070,0.067,0.040,0.015,0.012,0.012,0.981,50.230
2410121326,2026-08-17 11:00:00,236.430,235.670,235.750,1.080,1.080,1.360,0.787,0.253,0.241,0.292,0.174,0.061,0.051,0.062,0.976,50.270
2410121353,2026-08-17 11:00:00,236.890,236.010,236.290,0.560,0.670,0.400,0.358,0.137,0.153,0.093,0.114,0.035,0.035,0.043,0.963,50.220
2410121371,2026-08-17 11:00:00,236.730,235.750,236.030,0.100,0.060,0.090,0.052,0.022,0.010,0.019,0.029,0.010,0.009,0.010,0.873,50.210
2410121424,2026-08-17 11:00:00,237.380,236.590,236.840,0.010,0.010,0.010,0.004,0.000,0.001,0.002,-0.003,-0.001,-0.001,0.000,0.775,50.200
2410121440,2026-08-17 11:00:00,237.290,236.420,236.560,0.070,0.060,0.180,0.067,0.015,0.011,0.040,0.025,0.006,0.007,0.011,0.930,50.220
2410121454,2026-08-17 11:00:00,236.760,237.340,236.150,0.640,0.770,0.910,0.526,0.144,0.174,0.207,0.059,0.013,0.014,0.031,0.993,50.200
2410121457,2026-08-17 11:00:00,235.270,234.340,234.840,2.200,2.210,2.150,1.486,0.497,0.497,0.490,0.323,0.114,0.117,0.090,0.977,50.260
2410121574,2026-08-17 11:00:00,236.490,235.730,235.760,2.020,1.510,1.690,1.201,0.468,0.349,0.389,0.106,0.048,0.021,0.036,0.996,50.230
2410131378,2026-08-17 11:00:00,236.570,236.950,236.050,0.810,0.930,0.950,0.590,0.178,0.215,0.219,0.126,0.029,0.044,0.052,0.977,50.210
2410131383,2026-08-17 11:00:00,238.090,238.680,238.240,0.300,0.340,0.380,0.238,0.071,0.079,0.088,0.037,0.006,0.014,0.017,0.988,50.270
2410131384,2026-08-17 11:00:00,237.860,238.340,237.700,1.430,1.520,1.520,1.057,0.287,0.326,0.300,0.147,0.045,0.062,0.039,0.990,50.280
2410131387,2026-08-17 11:00:00,235.050,234.800,235.700,0.300,0.300,0.270,0.202,0.069,0.069,0.063,0.015,0.002,0.008,0.004,0.996,50.240
2410320615,2026-08-17 11:00:00,234.590,234.250,235.720,4.040,3.650,4.090,2.629,0.915,0.804,0.909,0.895,0.282,0.316,0.296,0.947,50.260
2410883988,2026-08-17 11:00:00,229.090,230.210,229.940,0.000,0.000,0.020,0.004,0.000,0.000,0.003,0.000,0.000,0.000,0.000,1.000,50.250
2410883990,2026-08-17 11:00:00,230.020,229.590,228.730,0.090,0.000,0.080,0.038,0.020,0.000,0.018,0.004,0.001,0.000,0.002,0.999,50.270
2410883991,2026-08-17 11:00:00,237.100,237.490,238.100,0.380,0.290,0.460,0.265,0.088,0.067,0.109,0.004,0.001,0.002,0.000,0.999,50.240
2410883993,2026-08-17 11:00:00,238.250,237.070,237.580,0.680,0.900,0.770,0.550,0.153,0.213,0.185,0.013,-0.001,0.006,0.008,1.000,50.270
2410883994,2026-08-17 11:00:00,238.380,237.330,237.820,0.000,0.000,0.010,0.003,0.000,0.000,0.003,0.000,0.000,0.000,0.000,0.941,50.250
2410932742,2026-08-17 11:00:00,229.640,227.720,228.050,3.670,3.620,3.840,2.387,0.792,0.774,0.820,0.669,0.226,0.205,0.236,0.963,50.240
2411087432,2026-08-17 11:00:00,235.310,236.310,235.230,1.790,1.750,1.790,1.188,0.405,0.376,0.403,0.168,0.036,0.084,0.048,0.990,50.240
2411087433,2026-08-17 11:00:00,237.880,238.220,238.780,0.640,0.570,0.660,0.435,0.146,0.125,0.151,0.022,0.010,0.000,0.011,0.997,50.260
2411290205,2026-08-17 11:00:00,236.040,235.700,235.380,2.000,1.950,1.950,1.212,0.410,0.398,0.403,0.631,0.219,0.209,0.203,0.903,50.250
2510014481,2026-08-17 11:00:00,229.070,229.540,230.690,1.990,2.050,2.110,1.533,0.533,0.549,0.629,0.545,0.177,0.188,0.179,0.939,50.250
2510014482,2026-08-17 11:00:00,235.550,236.420,235.420,2.610,1.760,1.390,1.174,0.548,0.306,0.319,0.057,0.029,0.023,0.011,0.999,50.240
2510014483,2026-08-17 11:00:00,237.520,237.870,238.470,0.110,0.110,0.160,0.086,0.023,0.026,0.036,-0.023,-0.006,-0.005,-0.010,0.965,50.260
2510014484,2026-08-17 11:00:00,237.030,236.500,236.450,1.970,2.280,1.800,1.457,0.473,0.549,0.434,0.439,0.153,0.145,0.141,0.956,50.250
2510178139,2026-08-17 11:00:00,236.130,236.840,235.920,0.580,0.560,0.600,0.390,0.122,0.127,0.140,0.133,0.040,0.053,0.039,0.911,50.230
2510178141,2026-08-17 11:00:00,235.750,236.630,237.000,0.630,0.290,0.360,0.277,0.126,0.066,0.084,0.008,0.020,-0.005,-0.006,0.999,50.250
2510203103,2026-08-17 11:00:00,226.400,224.670,225.310,1.270,1.290,1.230,0.880,0.287,0.305,0.287,0.038,0.017,0.014,0.006,0.999,50.260
2510203104,2026-08-17 11:00:00,231.040,231.240,231.790,1.430,1.340,1.380,0.930,0.323,0.304,0.302,0.242,0.065,0.084,0.092,0.966,50.260
2510203105,2026-08-17 11:00:00,232.440,230.480,231.330,1.180,1.190,1.070,0.779,0.263,0.262,0.253,0.194,0.067,0.052,0.041,0.983,50.240
2510203106,2026-08-17 11:00:00,238.210,237.720,237.440,0.010,0.010,0.000,0.006,0.002,0.003,0.000,-0.002,-0.001,0.000,0.000,0.889,50.290
2510203107,2026-08-17 11:00:00,225.360,224.660,224.700,1.520,1.590,1.440,0.933,0.312,0.321,0.299,0.346,0.113,0.131,0.100,0.937,50.270
2510203108,2026-08-17 11:00:00,236.170,236.530,235.490,0.880,1.350,2.090,1.006,0.200,0.319,0.486,0.094,0.035,0.025,0.033,0.995,50.260
2510203109,2026-08-17 11:00:00,237.520,238.120,237.190,0.670,0.680,0.790,0.478,0.154,0.152,0.171,0.118,0.054,0.035,0.029,0.973,50.250
2510203111,2026-08-17 11:00:00,235.360,236.140,236.580,1.790,1.560,1.960,1.186,0.395,0.346,0.444,0.276,0.117,0.073,0.083,0.974,50.290
2510203113,2026-08-17 11:00:00,236.580,237.210,236.610,2.720,2.650,3.080,1.949,0.625,0.609,0.714,0.189,0.036,0.068,0.083,0.995,50.230
2510203114,2026-08-17 11:00:00,231.020,231.360,231.880,1.160,1.100,1.010,0.722,0.254,0.234,0.232,0.170,0.050,0.058,0.062,0.971,50.240
2510203117,2026-08-17 11:00:00,229.500,229.210,228.300,0.230,0.160,0.140,0.074,0.035,0.023,0.016,0.096,0.038,0.028,0.028,0.614,50.230
2510203118,2026-08-17 11:00:00,125.330,125.440,125.770,0.200,0.180,0.180,0.056,0.020,0.018,0.017,-0.013,-0.004,-0.002,-0.006,0.978,50.250
2510203120,2026-08-17 11:00:00,237.240,236.380,236.830,2.540,2.180,2.170,1.573,0.580,0.498,0.495,0.274,0.108,0.086,0.080,0.984,50.240
2510203121,2026-08-17 11:00:00,229.410,228.530,229.720,0.090,0.070,0.180,0.076,0.020,0.015,0.040,-0.013,-0.001,-0.004,-0.007,0.989,50.240
2510203122,2026-08-17 11:00:00,235.190,236.300,235.230,1.040,0.690,0.640,0.425,0.204,0.118,0.101,0.351,0.131,0.109,0.110,0.773,50.250
2510203123,2026-08-17 11:00:00,235.400,236.050,236.570,0.860,1.010,0.930,0.983,0.278,0.344,0.359,0.247,0.096,0.063,0.086,0.920,50.260
2510203124,2026-08-17 11:00:00,236.360,236.320,235.530,0.790,0.820,0.800,0.517,0.170,0.175,0.170,0.153,0.046,0.054,0.052,0.959,50.230
2510203125,2026-08-17 11:00:00,238.340,237.930,238.730,0.080,0.080,0.090,0.023,0.005,0.004,0.014,-0.052,-0.017,-0.019,-0.015,0.417,50.260
2510203126,2026-08-17 11:00:00,230.150,229.310,230.500,0.020,0.000,0.000,0.004,0.003,0.000,0.000,0.000,0.000,0.000,0.000,0.995,50.260
2510203127,2026-08-17 11:00:00,235.680,236.590,235.750,1.440,1.550,1.340,0.963,0.314,0.352,0.303,0.254,0.102,0.071,0.079,0.966,50.270
2510203128,2026-08-17 11:00:00,237.880,238.480,237.100,1.640,1.520,1.480,1.071,0.379,0.349,0.341,0.049,0.006,0.012,0.030,0.998,50.270
2510203130,2026-08-17 11:00:00,243.260,243.730,244.910,0.010,0.000,0.090,0.025,0.002,0.000,0.021,0.004,0.000,0.000,0.004,0.971,50.240
2510203133,2026-08-17 11:00:00,234.540,235.400,234.590,0.430,0.230,0.570,0.276,0.096,0.047,0.133,0.069,0.028,0.025,0.015,0.968,50.240
2510203134,2026-08-17 11:00:00,238.890,237.800,238.040,0.020,0.010,0.010,0.007,0.004,0.002,0.001,-0.002,-0.001,-0.001,0.000,0.978,50.240
2510224049,2026-08-17 11:00:00,228.400,229.410,229.280,0.250,4.010,0.020,0.930,0.040,0.870,0.000,0.150,-0.020,0.180,0.000,0.986,50.260
2510224167,2026-08-17 11:00:00,229.440,228.460,229.780,0.920,0.120,0.360,0.220,0.140,0.010,0.050,-0.170,-0.090,-0.020,-0.050,0.796,50.250
2510317505,2026-08-17 11:00:00,229.690,228.760,229.940,0.070,0.020,2.180,0.270,0.010,0.000,0.260,-0.240,0.000,0.000,-0.240,0.752,50.250
2510317516,2026-08-17 11:00:00,229.960,228.960,230.170,0.000,0.000,0.000,0.000,0.000,0.000,0.000,0.000,0.000,0.000,0.000,1.000,50.240
2510317537,2026-08-17 11:00:00,237.270,237.540,238.400,2.790,2.770,2.820,1.820,0.590,0.600,0.610,-0.320,-0.100,-0.100,-0.110,0.984,50.240
2510389559,2026-08-17 11:00:00,238.030,237.900,237.800,0.000,0.000,0.000,0.000,0.000,0.000,0.000,0.000,0.000,0.000,0.000,1.000,50.240
2510389643,2026-08-17 11:00:00,238.430,238.250,238.150,0.540,0.000,0.000,0.120,0.120,0.000,0.000,0.000,0.000,0.000,0.000,0.998,50.240
2510389931,2026-08-17 11:00:00,237.100,236.590,236.510,0.050,0.000,0.000,0.000,0.000,0.000,0.000,-0.010,-0.010,0.000,0.000,0.205,50.260
2510633381,2026-08-17 11:00:00,238.810,237.760,238.180,0.160,0.170,0.080,0.097,0.037,0.040,0.019,-0.019,-0.008,-0.007,-0.003,0.980,50.230
2510633383,2026-08-17 11:00:00,235.600,236.330,236.870,2.340,1.950,2.180,1.457,0.527,0.444,0.491,0.082,0.051,0.014,0.016,0.998,50.250
2510633385,2026-08-17 11:00:00,238.410,238.200,238.040,0.720,0.410,0.140,0.300,0.168,0.098,0.033,0.038,0.022,0.009,0.006,0.993,50.270
2510633386,2026-08-17 11:00:00,227.080,227.420,228.040,1.130,1.160,1.140,0.189,0.068,0.056,0.064,-0.710,-0.230,-0.242,-0.238,0.251,50.260
2510633389,2026-08-17 11:00:00,236.800,237.580,236.990,0.880,0.850,0.770,0.551,0.198,0.187,0.165,0.226,0.067,0.078,0.080,0.925,50.260
2510633390,2026-08-17 11:00:00,237.900,238.590,237.520,1.610,1.730,1.620,1.052,0.325,0.380,0.346,0.339,0.095,0.119,0.127,0.952,50.270
2510633393,2026-08-17 11:00:00,236.210,236.050,236.760,1.920,1.900,1.920,1.306,0.436,0.435,0.434,0.332,0.118,0.095,0.118,0.969,50.220
2510633395,2026-08-17 11:00:00,236.270,236.770,235.430,0.000,0.000,0.000,0.000,0.000,0.000,0.000,0.000,0.000,0.000,0.000,1.000,50.240
2510633396,2026-08-17 11:00:00,236.400,235.610,236.260,0.650,0.700,0.640,0.445,0.144,0.156,0.143,0.099,0.033,0.034,0.031,0.976,50.240
2510633397,2026-08-17 11:00:00,244.230,243.080,243.550,0.600,0.640,0.620,0.400,0.124,0.141,0.134,0.206,0.072,0.066,0.066,0.889,50.270
2510633399,2026-08-17 11:00:00,229.380,228.490,229.740,0.400,0.490,0.500,0.317,0.091,0.110,0.115,0.026,0.009,0.009,0.007,0.995,50.270
2510633400,2026-08-17 11:00:00,227.990,229.190,228.880,0.580,0.580,0.560,0.383,0.117,0.145,0.121,0.150,0.049,0.051,0.049,0.923,50.280
2510633402,2026-08-17 11:00:00,230.420,230.880,232.210,0.600,0.580,0.610,0.435,0.129,0.150,0.154,0.148,0.047,0.047,0.052,0.941,50.240
2510633406,2026-08-17 11:00:00,229.200,228.170,229.500,0.010,0.010,0.010,0.004,0.002,0.000,0.000,-0.003,-0.001,0.000,-0.001,0.707,50.260
2510633410,2026-08-17 11:00:00,229.320,228.310,229.550,0.120,0.100,0.090,0.072,0.028,0.022,0.021,-0.010,-0.002,-0.003,-0.004,0.987,50.260
2510633411,2026-08-17 11:00:00,226.940,226.400,225.470,2.440,2.310,2.380,1.565,0.542,0.503,0.515,0.544,0.172,0.182,0.189,0.942,50.280
2510814977,2026-08-17 11:00:00,231.360,232.490,230.780,0.060,0.090,0.060,0.041,0.013,0.015,0.012,0.000,0.000,0.000,-0.001,1.000,50.260
2610026950,2026-08-17 11:00:00,229.630,229.190,228.360,0.020,0.010,0.020,0.010,0.005,0.001,0.004,-0.001,0.000,0.000,0.000,0.971,50.250
2610026952,2026-08-17 11:00:00,227.310,226.180,226.870,7.600,7.390,7.460,4.440,1.500,1.447,1.495,2.442,0.841,0.819,0.780,0.875,50.260
2610026963,2026-08-17 11:00:00,236.550,236.970,237.570,0.370,0.170,0.040,0.120,0.084,0.036,0.000,-0.040,-0.015,-0.015,-0.009,0.948,50.230
2610026966,2026-08-17 11:00:00,234.690,233.810,233.890,1.060,1.260,1.280,0.783,0.229,0.280,0.273,0.249,0.090,0.083,0.075,0.953,50.230
2610026976,2026-08-17 11:00:00,235.960,236.660,237.300,1.130,0.800,0.640,0.600,0.265,0.184,0.149,0.013,0.014,0.000,-0.002,0.999,50.230
2610026977,2026-08-17 11:00:00,246.730,246.720,246.560,0.370,0.140,0.000,0.108,0.073,0.034,0.000,0.052,0.053,-0.001,0.000,0.895,50.280
2610126270,2026-08-17 11:00:00,228.700,229.820,229.650,0.080,0.060,0.020,0.036,0.018,0.014,0.003,-0.006,-0.003,-0.001,-0.001,0.984,50.250
2610126451,2026-08-17 11:00:00,236.850,237.350,236.090,0.000,0.000,0.110,0.025,0.000,0.000,0.025,0.001,0.000,0.000,0.001,0.987,50.260
2610159557,2026-08-17 11:00:00,238.610,237.680,237.980,0.010,0.010,0.010,0.005,0.001,0.001,0.002,-0.004,-0.002,-0.001,0.000,0.747,50.260
2610170786,2026-08-17 11:00:00,237.400,237.630,238.240,1.300,1.260,1.240,0.796,0.269,0.264,0.263,0.151,0.043,0.054,0.055,0.982,50.250
2610170836,2026-08-17 11:00:00,235.640,236.190,235.080,0.070,0.060,0.060,0.148,0.066,0.033,0.058,0.038,0.011,0.013,0.012,0.506,50.260
2610170837,2026-08-17 11:00:00,232.500,230.560,231.200,0.000,0.000,0.040,0.010,0.000,0.000,0.010,0.000,0.000,0.000,0.000,1.000,50.260
2610170840,2026-08-17 11:00:00,237.080,236.630,236.540,0.920,0.890,0.890,0.566,0.193,0.185,0.187,0.291,0.099,0.097,0.094,0.889,50.260
2610322967,2026-08-17 11:00:00,238.920,237.810,237.950,0.000,0.000,0.020,0.004,0.000,0.000,0.004,0.000,0.000,0.000,0.000,0.925,50.250
2610322969,2026-08-17 11:00:00,229.550,229.160,228.330,0.180,0.220,0.310,0.160,0.040,0.050,0.069,0.000,0.000,-0.002,0.001,1.000,50.260
2610323001,2026-08-17 11:00:00,227.700,226.700,226.740,3.730,3.190,3.480,2.107,0.766,0.639,0.701,1.049,0.357,0.337,0.354,0.894,50.260
2610323004,2026-08-17 11:00:00,64.140,63.600,64.150,0.440,0.410,0.460,0.076,0.025,0.024,0.027,0.029,0.011,0.008,0.008,0.933,50.270
2610323005,2026-08-17 11:00:00,228.510,229.750,229.430,0.040,0.000,0.000,0.010,0.009,0.001,0.000,0.000,0.000,0.000,0.000,1.000,50.270
2610323016,2026-08-17 11:00:00,229.500,228.130,228.520,2.410,2.190,2.280,1.410,0.498,0.444,0.467,0.694,0.234,0.227,0.231,0.895,50.260
2610323019,2026-08-17 11:00:00,228.440,229.920,229.680,0.060,0.160,0.050,0.060,0.013,0.036,0.010,-0.009,-0.003,-0.002,-0.002,0.984,50.260
2610323024,2026-08-17 11:00:00,226.140,227.460,227.900,4.230,4.610,4.600,2.802,0.849,0.976,0.977,1.159,0.429,0.354,0.378,0.924,50.260
2510203115,2026-08-17 11:01:00,237.090,236.980,237.530,0.000,0.000,0.000,0.000,0.000,0.000,0.000,0.000,0.000,0.000,0.000,1.000,50.210
2510203119,2026-08-17 11:01:00,229.620,229.160,228.370,0.000,0.000,0.000,0.000,0.000,0.000,0.000,0.000,0.000,0.000,0.000,1.000,50.220
2510633387,2026-08-17 11:01:00,235.380,236.040,235.350,0.040,0.000,0.180,0.051,0.009,0.000,0.041,-0.005,0.000,0.000,-0.004,0.988,50.210
2510633391,2026-08-17 11:01:00,124.240,124.030,123.990,0.550,0.520,0.730,0.223,0.066,0.066,0.090,0.002,0.014,-0.012,0.000,1.000,50.230
2610026953,2026-08-17 11:01:00,238.030,237.450,237.050,0.660,0.650,0.670,0.458,0.151,0.148,0.148,0.119,0.043,0.044,0.032,0.965,50.210
2610170838,2026-08-17 11:01:00,238.490,237.350,237.880,0.050,0.050,0.030,0.030,0.011,0.011,0.007,0.000,0.000,0.000,0.000,0.992,50.240
2610322997,2026-08-17 11:01:00,231.250,232.140,230.450,0.610,0.670,0.570,0.445,0.151,0.154,0.138,0.154,0.028,0.067,0.052,0.938,50.220
2246006313,2026-08-17 11:30:00,58.900,58.600,58.600,1.142,1.154,1.075,0.207,0.069,0.070,0.066,0.031,0.012,0.009,0.009,0.989,50.260
2410121326,2026-08-17 11:30:00,235.630,234.750,235.050,0.950,1.030,1.150,0.688,0.212,0.252,0.301,0.198,0.066,0.061,0.070,0.962,50.250
2410121353,2026-08-17 11:30:00,236.120,235.240,235.650,0.780,0.860,0.600,0.501,0.176,0.192,0.116,0.107,0.031,0.032,0.044,0.979,50.240
2410121371,2026-08-17 11:30:00,236.220,235.340,235.730,0.130,0.060,0.090,0.060,0.030,0.010,0.019,0.028,0.009,0.009,0.009,0.907,50.240
2410121424,2026-08-17 11:30:00,237.430,236.590,237.010,0.010,0.010,0.010,0.004,0.000,0.001,0.002,-0.003,-0.001,-0.001,0.000,0.773,50.230
2410121440,2026-08-17 11:30:00,236.520,235.760,236.040,0.150,0.120,0.240,0.106,0.030,0.021,0.053,0.050,0.014,0.016,0.019,0.900,50.250
2410121454,2026-08-17 11:30:00,236.830,237.290,236.100,0.650,0.750,0.910,0.511,0.139,0.168,0.204,0.054,0.011,0.013,0.029,0.993,50.220
2410121457,2026-08-17 11:30:00,235.590,234.660,235.130,2.220,2.210,2.210,1.497,0.500,0.494,0.503,0.323,0.116,0.114,0.092,0.977,50.240
2410121574,2026-08-17 11:30:00,236.090,235.500,235.530,2.390,1.880,1.990,1.429,0.548,0.426,0.453,0.127,0.057,0.023,0.047,0.996,50.240
2410131378,2026-08-17 11:30:00,236.190,236.480,235.640,1.020,1.080,1.060,0.649,0.201,0.222,0.225,0.133,0.032,0.043,0.056,0.980,50.240
2410131383,2026-08-17 11:30:00,239.470,240.440,239.920,0.300,0.270,0.320,0.209,0.071,0.063,0.074,0.025,0.005,0.007,0.011,0.993,50.230
2410131384,2026-08-17 11:30:00,240.040,240.570,239.770,1.350,1.490,1.350,0.955,0.313,0.323,0.319,0.174,0.061,0.065,0.046,0.986,50.250
2410131387,2026-08-17 11:30:00,237.090,236.890,237.980,0.090,0.070,0.060,0.050,0.020,0.014,0.014,0.002,-0.002,0.005,0.000,0.994,50.230
2410320615,2026-08-17 11:30:00,235.390,234.990,236.520,4.170,3.970,4.380,2.766,0.941,0.865,0.959,0.946,0.301,0.320,0.322,0.946,50.240
2410883988,2026-08-17 11:30:00,233.380,234.430,234.120,0.000,0.000,0.020,0.004,0.000,0.000,0.004,0.000,0.000,0.000,0.000,1.000,50.250
2410883990,2026-08-17 11:30:00,234.060,233.600,232.890,0.090,0.000,0.080,0.039,0.021,0.000,0.018,0.005,0.002,0.000,0.003,0.995,50.250
2410883991,2026-08-17 11:30:00,239.440,239.840,240.540,0.300,0.360,0.370,0.247,0.071,0.086,0.089,0.002,0.001,0.000,0.000,1.000,50.260
2410883993,2026-08-17 11:30:00,240.860,239.530,240.240,0.460,0.960,0.640,0.492,0.110,0.231,0.152,0.001,-0.001,0.003,0.000,1.000,50.270
2410883994,2026-08-17 11:30:00,240.530,239.400,240.050,0.000,0.000,0.010,0.003,0.000,0.000,0.003,0.000,0.000,0.000,0.000,0.890,50.240
2410932742,2026-08-17 11:30:00,232.810,231.000,231.470,3.460,3.390,3.650,2.267,0.749,0.732,0.786,0.647,0.220,0.195,0.231,0.961,50.270
2411087433,2026-08-17 11:30:00,240.380,240.800,241.340,0.570,0.510,0.620,0.415,0.140,0.121,0.148,0.025,0.009,0.001,0.014,0.999,50.270
2411290205,2026-08-17 11:30:00,237.470,237.110,236.520,2.250,2.370,2.390,1.504,0.510,0.493,0.499,0.526,0.184,0.174,0.175,0.946,50.250
2510014481,2026-08-17 11:30:00,232.190,232.790,233.550,2.490,2.460,2.720,1.753,0.556,0.544,0.652,0.509,0.181,0.164,0.163,0.958,50.260
2510014482,2026-08-17 11:30:00,235.270,235.880,234.990,1.920,0.890,0.890,0.845,0.370,0.293,0.182,0.074,0.033,0.026,0.013,0.993,50.270
2510014483,2026-08-17 11:30:00,240.030,240.420,241.070,0.140,0.130,0.140,0.097,0.033,0.030,0.032,-0.021,-0.005,-0.005,-0.009,0.978,50.260
2510014484,2026-08-17 11:30:00,238.540,237.920,237.760,1.680,2.170,1.600,1.193,0.378,0.461,0.353,0.398,0.140,0.132,0.125,0.948,50.250
2510178139,2026-08-17 11:30:00,236.090,236.400,235.820,0.500,0.470,0.530,0.348,0.109,0.110,0.129,0.097,0.032,0.037,0.028,0.964,50.260
2510178141,2026-08-17 11:30:00,235.160,236.010,236.260,0.660,0.290,0.370,0.285,0.130,0.068,0.085,0.007,0.019,-0.004,-0.007,1.000,50.250
2510203103,2026-08-17 11:30:00,229.040,227.290,227.980,1.270,1.250,1.290,0.847,0.283,0.283,0.280,0.041,0.020,0.012,0.008,0.999,50.250
2510203104,2026-08-17 11:30:00,233.350,233.590,234.140,1.340,1.290,1.390,0.891,0.299,0.280,0.305,0.249,0.066,0.088,0.095,0.961,50.240
2510203105,2026-08-17 11:30:00,236.100,234.100,235.140,0.430,0.480,0.410,0.309,0.100,0.111,0.096,-0.022,-0.007,-0.002,-0.011,0.996,50.270
2510203106,2026-08-17 11:30:00,239.840,239.170,238.800,0.010,0.010,0.000,0.006,0.002,0.003,0.000,-0.002,-0.001,0.000,0.000,0.885,50.240
2510203107,2026-08-17 11:30:00,227.020,226.230,226.240,1.380,1.470,1.310,0.850,0.282,0.297,0.269,0.329,0.108,0.124,0.096,0.932,50.260
2510203108,2026-08-17 11:30:00,235.890,236.100,235.140,0.980,1.570,1.920,1.066,0.254,0.362,0.450,0.108,0.042,0.034,0.029,0.994,50.250
2510203111,2026-08-17 11:30:00,235.060,235.870,236.160,1.770,1.530,1.920,1.159,0.385,0.340,0.433,0.265,0.112,0.069,0.082,0.973,50.260
2510203113,2026-08-17 11:30:00,237.890,238.510,238.170,2.950,3.080,3.300,2.166,0.685,0.707,0.773,0.303,0.070,0.113,0.118,0.990,50.260
2510203114,2026-08-17 11:30:00,233.430,233.690,234.200,1.160,1.070,1.040,0.724,0.269,0.225,0.229,0.213,0.064,0.072,0.076,0.961,50.260
2510203117,2026-08-17 11:30:00,233.500,233.170,232.340,0.260,0.160,0.140,0.075,0.046,0.019,0.009,0.099,0.038,0.030,0.030,0.603,50.260
2510203118,2026-08-17 11:30:00,126.630,126.780,127.100,0.180,0.160,0.160,0.064,0.023,0.020,0.019,-0.011,-0.004,-0.001,-0.005,0.992,50.270
2510203119,2026-08-17 11:30:00,233.820,233.430,232.530,0.000,0.000,0.000,0.000,0.000,0.000,0.000,0.000,0.000,0.000,0.000,1.000,50.250
2510203120,2026-08-17 11:30:00,239.880,238.890,239.380,1.940,1.590,1.610,1.181,0.450,0.365,0.366,0.222,0.086,0.072,0.063,0.982,50.250
2510203121,2026-08-17 11:30:00,233.680,232.850,234.100,0.090,0.080,0.180,0.079,0.020,0.018,0.040,-0.014,-0.001,-0.004,-0.008,0.980,50.260
2510203123,2026-08-17 11:30:00,234.770,235.520,235.850,0.660,0.890,0.610,0.465,0.131,0.201,0.133,0.220,0.091,0.054,0.073,0.900,50.250
2510203124,2026-08-17 11:30:00,236.100,236.020,235.320,0.850,0.890,0.870,0.568,0.188,0.192,0.186,0.159,0.048,0.055,0.055,0.962,50.270
2510203125,2026-08-17 11:30:00,239.860,239.510,240.410,0.080,0.080,0.090,0.024,0.005,0.004,0.014,-0.053,-0.017,-0.019,-0.015,0.413,50.270
2510203126,2026-08-17 11:30:00,234.240,233.380,234.690,0.020,0.000,0.000,0.004,0.003,0.000,0.000,0.000,0.000,0.000,0.000,1.000,50.260
2510203127,2026-08-17 11:30:00,234.440,235.200,234.630,1.270,1.410,1.270,0.876,0.275,0.320,0.281,0.252,0.102,0.068,0.081,0.961,50.260
2510203130,2026-08-17 11:30:00,246.440,247.160,248.330,0.000,0.000,0.090,0.022,0.000,0.000,0.021,0.004,0.000,0.000,0.004,0.961,50.260
2510203133,2026-08-17 11:30:00,234.350,235.040,234.130,0.330,0.230,0.580,0.255,0.072,0.048,0.134,0.065,0.025,0.025,0.014,0.967,50.270
2510224049,2026-08-17 11:30:00,232.350,233.290,233.120,0.250,4.070,0.020,0.940,0.040,0.900,0.000,0.180,-0.030,0.220,0.000,0.980,50.260
2510224167,2026-08-17 11:30:00,233.330,232.420,233.850,0.750,0.120,0.360,0.170,0.090,0.010,0.050,-0.160,-0.080,-0.020,-0.050,0.729,50.250
2510317516,2026-08-17 11:30:00,234.410,233.490,234.670,0.000,0.000,0.000,0.000,0.000,0.000,0.000,0.000,0.000,0.000,0.000,1.000,50.250
2510317537,2026-08-17 11:30:00,239.630,240.090,240.840,2.680,2.730,2.760,1.940,0.640,0.630,0.660,-0.330,-0.100,-0.110,-0.110,0.984,50.250
2510389559,2026-08-17 11:30:00,239.760,239.680,239.230,0.000,0.000,0.000,0.000,0.000,0.000,0.000,0.000,0.000,0.000,0.000,1.000,50.260
2510389643,2026-08-17 11:30:00,239.530,239.460,238.980,0.460,0.000,0.000,0.100,0.100,0.000,0.000,0.000,0.000,0.000,0.000,0.999,50.260
2510389931,2026-08-17 11:30:00,239.860,239.060,238.950,0.050,0.000,0.000,0.000,0.000,0.000,0.000,-0.010,-0.010,0.000,0.000,0.196,50.260
2510633381,2026-08-17 11:30:00,241.310,240.240,240.680,0.140,0.170,0.080,0.091,0.032,0.039,0.019,-0.018,-0.007,-0.007,-0.003,0.979,50.270
2510633383,2026-08-17 11:30:00,234.640,235.460,235.770,2.420,2.030,2.270,1.528,0.544,0.473,0.511,0.072,0.045,0.010,0.017,0.998,50.270
2510633385,2026-08-17 11:30:00,240.300,240.010,239.570,0.810,0.420,0.350,0.373,0.192,0.100,0.080,0.055,0.020,0.010,0.024,0.988,50.230
2510633386,2026-08-17 11:30:00,229.570,229.920,230.610,1.120,1.160,1.150,0.162,0.054,0.050,0.057,-0.730,-0.237,-0.248,-0.244,0.215,50.240
2510633387,2026-08-17 11:30:00,234.860,235.450,234.560,0.040,0.000,0.180,0.052,0.009,0.000,0.042,-0.005,0.000,0.000,-0.004,0.986,50.230
2510633389,2026-08-17 11:30:00,239.250,240.160,239.510,0.540,0.490,0.440,0.343,0.126,0.114,0.101,0.065,0.015,0.024,0.024,0.982,50.230
2510633390,2026-08-17 11:30:00,240.380,241.070,240.020,1.540,1.850,1.770,1.111,0.340,0.396,0.375,0.391,0.115,0.127,0.148,0.948,50.230
2510633391,2026-08-17 11:30:00,123.760,123.530,123.620,0.550,0.530,0.730,0.210,0.061,0.064,0.083,0.000,0.011,-0.012,0.002,1.000,50.230
2510633393,2026-08-17 11:30:00,238.310,238.130,238.900,2.010,1.990,2.050,1.364,0.451,0.451,0.461,0.332,0.120,0.092,0.118,0.971,50.260
2510633395,2026-08-17 11:30:00,236.220,236.460,235.350,0.000,0.000,0.000,0.000,0.000,0.000,0.000,0.000,0.000,0.000,0.000,1.000,50.260
2510633396,2026-08-17 11:30:00,235.560,234.970,235.620,0.650,0.700,0.640,0.437,0.142,0.154,0.141,0.095,0.032,0.033,0.029,0.976,50.270
2510633397,2026-08-17 11:30:00,246.690,245.520,246.060,0.730,0.740,0.700,0.471,0.156,0.161,0.153,0.226,0.078,0.077,0.070,0.902,50.230
2510633399,2026-08-17 11:30:00,233.610,232.720,234.030,0.390,0.450,0.460,0.302,0.090,0.104,0.107,0.012,0.005,0.004,0.003,0.999,50.270
2510633400,2026-08-17 11:30:00,231.980,233.240,232.800,0.580,0.630,0.580,0.385,0.130,0.134,0.117,0.171,0.055,0.059,0.055,0.907,50.230
2510633402,2026-08-17 11:30:00,233.890,234.440,235.590,0.620,0.720,0.770,0.503,0.148,0.172,0.182,0.160,0.051,0.050,0.057,0.945,50.260
2510633406,2026-08-17 11:30:00,233.510,232.610,233.970,0.010,0.010,0.010,0.003,0.001,0.000,0.000,-0.003,-0.001,0.000,-0.001,0.696,50.260
2510633410,2026-08-17 11:30:00,233.680,232.780,234.090,0.120,0.120,0.090,0.077,0.027,0.027,0.021,-0.011,-0.002,-0.004,-0.004,0.989,50.260
2510633411,2026-08-17 11:30:00,231.570,230.850,230.120,2.220,2.130,2.150,1.405,0.488,0.455,0.455,0.468,0.146,0.157,0.164,0.949,50.240
2510814977,2026-08-17 11:30:00,234.590,235.530,233.780,0.010,0.020,0.010,0.006,0.001,0.003,0.002,-0.003,-0.001,-0.001,-0.001,0.873,50.260
2610026950,2026-08-17 11:30:00,233.930,233.360,232.570,0.050,0.010,0.030,0.019,0.011,0.001,0.005,-0.001,0.000,0.000,-0.001,1.000,50.270
2610026952,2026-08-17 11:30:00,229.500,228.280,229.230,5.840,5.700,5.590,3.438,1.177,1.127,1.132,1.837,0.622,0.633,0.580,0.883,50.260
2610026953,2026-08-17 11:30:00,239.450,238.660,238.520,0.710,0.680,0.690,0.462,0.161,0.149,0.153,0.134,0.050,0.049,0.034,0.962,50.270
2610026963,2026-08-17 11:30:00,236.330,236.640,237.290,0.380,0.180,0.040,0.130,0.089,0.039,0.002,-0.036,-0.012,-0.015,-0.008,0.965,50.260
2610026966,2026-08-17 11:30:00,235.510,234.900,234.930,0.740,0.840,0.620,0.496,0.168,0.190,0.137,0.139,0.049,0.045,0.044,0.962,50.260
2610026976,2026-08-17 11:30:00,235.800,236.480,236.920,1.320,0.810,0.560,0.642,0.308,0.199,0.132,0.009,0.010,0.002,-0.003,0.999,50.260
2610026977,2026-08-17 11:30:00,247.110,247.050,246.950,0.370,0.140,0.000,0.107,0.072,0.034,0.000,0.053,0.054,0.000,0.000,0.893,50.250
2610126270,2026-08-17 11:30:00,232.890,233.960,233.690,0.080,0.060,0.020,0.036,0.018,0.014,0.003,-0.006,-0.003,-0.001,-0.001,0.986,50.260
2610126451,2026-08-17 11:30:00,236.620,236.930,236.190,0.000,0.000,0.140,0.031,0.000,0.000,0.030,0.001,0.000,0.000,0.001,1.000,50.260
2610159557,2026-08-17 11:30:00,241.190,240.160,240.530,0.010,0.010,0.010,0.004,0.001,0.001,0.001,-0.004,-0.002,-0.001,-0.001,0.757,50.270
2610170786,2026-08-17 11:30:00,239.710,240.000,240.630,1.080,1.060,1.040,0.740,0.250,0.249,0.218,0.155,0.047,0.052,0.055,0.972,50.250
2610170836,2026-08-17 11:30:00,235.210,235.390,234.470,0.280,0.490,0.380,0.184,0.061,0.062,0.061,0.105,0.032,0.036,0.036,0.927,50.260
2610170837,2026-08-17 11:30:00,235.330,233.400,234.390,0.000,0.000,0.040,0.010,0.000,0.000,0.010,0.000,0.000,0.000,0.000,1.000,50.260
2610170840,2026-08-17 11:30:00,239.610,238.790,238.880,0.010,0.000,0.000,0.003,0.003,0.000,0.000,0.000,0.000,0.000,0.000,1.000,50.260
2610322967,2026-08-17 11:30:00,241.580,240.400,240.570,0.000,0.000,0.020,0.004,0.000,0.000,0.004,0.000,0.000,0.000,0.000,1.000,50.260
2610322969,2026-08-17 11:30:00,233.990,233.440,232.680,0.170,0.190,0.220,0.135,0.040,0.043,0.052,-0.001,0.001,-0.001,0.000,1.000,50.270
2610322997,2026-08-17 11:30:00,233.900,234.710,233.060,0.660,0.700,0.590,0.422,0.148,0.147,0.126,0.156,0.033,0.068,0.054,0.936,50.260
2610323001,2026-08-17 11:30:00,230.500,229.290,229.850,3.540,3.290,3.330,1.988,0.706,0.637,0.652,1.158,0.393,0.376,0.388,0.868,50.260
2610323004,2026-08-17 11:30:00,64.920,64.430,64.990,0.170,0.150,0.170,0.031,0.010,0.009,0.011,0.002,0.001,0.000,0.000,1.000,50.250
2610323005,2026-08-17 11:30:00,233.330,234.460,234.190,0.060,0.000,0.000,0.014,0.012,0.001,0.000,0.000,0.000,0.000,0.000,1.000,50.220
2610323016,2026-08-17 11:30:00,232.060,230.740,231.310,2.530,2.320,2.470,1.789,0.622,0.570,0.596,0.715,0.239,0.234,0.242,0.903,50.260
2610323019,2026-08-17 11:30:00,232.630,234.010,233.700,0.090,0.380,0.040,0.117,0.021,0.088,0.008,-0.011,-0.006,-0.002,-0.003,0.993,50.260
2610323024,2026-08-17 11:30:00,228.710,230.210,230.410,4.590,5.000,4.950,2.993,0.904,1.049,1.039,1.196,0.444,0.361,0.390,0.929,50.260
2411087432,2026-08-17 11:31:00,235.070,235.920,234.950,1.680,1.920,1.870,1.195,0.373,0.420,0.406,0.338,0.084,0.119,0.134,0.962,50.250
2510203115,2026-08-17 11:31:00,239.970,239.810,240.750,0.000,0.000,0.000,0.000,0.000,0.000,0.000,0.000,0.000,0.000,0.000,1.000,50.240
2510203122,2026-08-17 11:31:00,235.670,236.580,235.510,0.780,0.490,0.450,0.348,0.162,0.098,0.086,0.202,0.082,0.060,0.059,0.860,50.240
2610170838,2026-08-17 11:31:00,241.450,240.260,240.760,0.050,0.050,0.030,0.030,0.011,0.011,0.007,0.001,0.000,0.000,0.000,0.988,50.270
2510203109,2026-08-17 11:32:00,236.520,237.100,236.260,0.560,0.670,0.700,0.421,0.124,0.152,0.144,0.099,0.041,0.029,0.027,0.974,50.200
2510203128,2026-08-17 11:32:00,240.990,241.500,239.990,1.630,1.490,1.490,1.081,0.385,0.349,0.347,0.053,0.007,0.012,0.034,0.998,50.250
2510203134,2026-08-17 11:32:00,241.930,240.860,241.110,0.020,0.010,0.010,0.007,0.004,0.002,0.001,-0.002,-0.001,-0.001,0.000,0.996,50.240
2510317505,2026-08-17 11:32:00,230.890,230.060,231.170,0.070,0.030,2.180,0.270,0.010,0.000,0.260,-0.240,0.000,0.000,-0.240,0.748,50.270
2246006313,2026-08-17 12:00:00,58.100,57.800,57.800,1.094,1.119,1.066,0.182,0.061,0.063,0.060,0.027,0.010,0.008,0.007,0.989,50.180
2410121353,2026-08-17 12:00:00,238.540,237.610,238.000,0.690,0.710,0.450,0.412,0.153,0.157,0.102,0.092,0.030,0.028,0.034,0.975,50.200
2410121371,2026-08-17 12:00:00,238.930,238.090,238.490,0.140,0.060,0.090,0.060,0.030,0.010,0.019,0.031,0.011,0.009,0.010,0.882,50.160
2410121424,2026-08-17 12:00:00,239.940,239.050,239.440,0.010,0.010,0.010,0.004,0.000,0.001,0.002,-0.003,-0.001,-0.001,0.000,0.787,50.190
2410121440,2026-08-17 12:00:00,238.550,237.580,237.920,0.150,0.170,0.150,0.098,0.031,0.036,0.030,0.052,0.015,0.018,0.019,0.885,50.170
2410121454,2026-08-17 12:00:00,239.250,239.760,238.540,0.620,0.770,0.910,0.529,0.142,0.177,0.209,0.067,0.013,0.020,0.033,0.991,50.190
2410121457,2026-08-17 12:00:00,237.760,236.710,237.330,2.220,2.120,2.110,1.467,0.504,0.481,0.481,0.360,0.130,0.130,0.099,0.970,50.220
2410121574,2026-08-17 12:00:00,238.650,237.470,237.710,1.390,1.350,1.400,0.963,0.323,0.313,0.327,0.083,0.031,0.019,0.032,0.996,50.200
2410131378,2026-08-17 12:00:00,238.600,239.120,238.200,0.940,0.900,0.890,0.571,0.193,0.186,0.191,0.112,0.029,0.035,0.047,0.983,50.170
2410131383,2026-08-17 12:00:00,238.360,239.340,238.780,0.270,0.280,0.310,0.202,0.063,0.065,0.072,0.030,0.006,0.009,0.013,0.989,50.180
2410131384,2026-08-17 12:00:00,236.720,237.350,236.620,1.280,1.400,1.210,0.915,0.322,0.308,0.282,0.171,0.056,0.069,0.045,0.986,50.210
2410131387,2026-08-17 12:00:00,236.030,235.610,236.890,0.080,0.060,0.050,0.042,0.018,0.013,0.010,-0.007,-0.006,0.002,-0.003,0.980,50.170
2410320615,2026-08-17 12:00:00,234.760,234.160,235.920,4.140,3.890,4.190,2.622,0.877,0.819,0.922,0.898,0.287,0.302,0.308,0.946,50.190
2410883988,2026-08-17 12:00:00,230.800,231.820,231.610,0.000,0.000,0.020,0.004,0.000,0.000,0.003,0.000,0.000,0.000,0.000,1.000,50.210
2410883990,2026-08-17 12:00:00,231.460,231.170,230.470,0.090,0.000,0.080,0.039,0.020,0.000,0.018,0.005,0.002,0.000,0.003,0.978,50.160
2410883991,2026-08-17 12:00:00,236.360,236.750,237.580,0.290,0.260,0.390,0.224,0.069,0.062,0.093,0.000,0.000,0.000,0.000,0.998,50.160
2410883993,2026-08-17 12:00:00,237.590,236.330,236.850,0.470,0.910,0.560,0.458,0.111,0.214,0.131,0.004,-0.001,0.004,0.002,0.999,50.170
2410883994,2026-08-17 12:00:00,237.480,236.330,236.820,0.000,0.000,0.030,0.007,0.000,0.000,0.007,0.002,0.000,0.000,0.002,0.931,50.180
2410932742,2026-08-17 12:00:00,228.580,226.880,227.270,3.850,3.740,4.000,2.477,0.826,0.801,0.849,0.690,0.234,0.208,0.246,0.963,50.190
2411087432,2026-08-17 12:00:00,237.570,238.460,237.380,1.750,2.120,1.750,1.251,0.388,0.473,0.387,0.181,0.043,0.071,0.065,0.989,50.210
2411087433,2026-08-17 12:00:00,237.070,237.360,238.040,0.610,0.530,0.630,0.378,0.130,0.113,0.134,0.019,0.008,0.002,0.009,0.997,50.170
2411290205,2026-08-17 12:00:00,237.440,237.030,236.290,2.080,1.980,2.030,1.333,0.455,0.431,0.446,0.514,0.179,0.164,0.170,0.936,50.150
2510014481,2026-08-17 12:00:00,228.720,229.460,230.320,2.100,2.030,2.300,1.396,0.428,0.403,0.467,0.393,0.125,0.137,0.130,0.967,50.170
2510014482,2026-08-17 12:00:00,237.810,238.510,237.480,1.220,0.660,0.410,0.502,0.253,0.153,0.095,0.085,0.032,0.031,0.021,0.986,50.200
2510014484,2026-08-17 12:00:00,237.410,236.660,236.430,1.580,1.850,1.530,1.070,0.324,0.411,0.334,0.393,0.139,0.132,0.122,0.939,50.170
2510178139,2026-08-17 12:00:00,238.830,239.240,238.360,0.510,0.480,0.570,0.397,0.135,0.124,0.151,0.070,0.023,0.029,0.017,0.983,50.180
2510178141,2026-08-17 12:00:00,237.510,238.360,238.690,1.000,0.730,0.810,0.518,0.210,0.145,0.161,0.014,0.023,-0.004,-0.005,0.999,50.170
2510203103,2026-08-17 12:00:00,225.950,224.170,224.840,1.020,1.060,1.050,0.663,0.209,0.231,0.222,-0.063,-0.017,-0.021,-0.024,0.995,50.200
2510203104,2026-08-17 12:00:00,230.400,230.630,231.150,1.000,0.950,1.160,0.690,0.217,0.213,0.259,0.141,0.034,0.043,0.062,0.979,50.210
2510203105,2026-08-17 12:00:00,232.420,230.500,231.430,0.520,0.510,0.440,0.336,0.119,0.116,0.101,-0.021,-0.005,-0.004,-0.011,0.999,50.170
2510203106,2026-08-17 12:00:00,238.870,238.200,237.720,0.010,0.010,0.000,0.006,0.002,0.003,0.000,-0.002,-0.001,0.000,0.000,0.888,50.220
2510203107,2026-08-17 12:00:00,225.920,225.040,224.970,1.440,1.490,1.340,0.872,0.294,0.301,0.276,0.329,0.108,0.125,0.095,0.935,50.170
2510203108,2026-08-17 12:00:00,237.820,238.230,237.150,0.940,1.440,1.910,1.002,0.214,0.338,0.449,0.110,0.038,0.036,0.034,0.994,50.170
2510203109,2026-08-17 12:00:00,237.220,238.000,236.910,0.310,0.260,0.360,0.221,0.074,0.061,0.085,-0.007,0.007,-0.009,-0.005,0.997,50.170
2510203111,2026-08-17 12:00:00,237.040,237.780,238.270,1.780,1.550,1.920,1.175,0.393,0.345,0.437,0.287,0.119,0.080,0.087,0.972,50.220
2510203114,2026-08-17 12:00:00,230.670,231.100,231.470,0.740,0.520,0.690,0.458,0.184,0.121,0.157,0.097,0.033,0.022,0.041,0.978,50.180
2510203117,2026-08-17 12:00:00,230.850,230.750,229.700,0.200,0.160,0.150,0.062,0.023,0.021,0.016,0.099,0.040,0.029,0.030,0.529,50.170
2510203118,2026-08-17 12:00:00,124.890,124.980,125.360,0.200,0.180,0.180,0.069,0.025,0.022,0.021,-0.003,-0.001,0.000,-0.002,1.000,50.160
2510203119,2026-08-17 12:00:00,231.030,230.450,230.040,0.000,0.000,0.000,0.000,0.000,0.000,0.000,0.000,0.000,0.000,0.000,1.000,50.200
2510203120,2026-08-17 12:00:00,236.490,235.530,235.940,2.110,1.810,1.840,1.300,0.481,0.398,0.420,0.245,0.097,0.080,0.068,0.983,50.170
2510203121,2026-08-17 12:00:00,231.340,230.520,231.590,0.080,0.080,0.170,0.079,0.019,0.018,0.041,-0.014,-0.002,-0.004,-0.007,0.985,50.170
2510203122,2026-08-17 12:00:00,237.540,238.430,237.320,0.520,0.240,0.310,0.227,0.111,0.052,0.063,0.112,0.054,0.022,0.035,0.899,50.210
2510203124,2026-08-17 12:00:00,238.300,238.360,237.740,1.020,1.020,1.040,0.682,0.230,0.228,0.231,0.172,0.054,0.059,0.058,0.970,50.190
2510203125,2026-08-17 12:00:00,238.750,238.200,239.280,0.080,0.080,0.110,0.055,0.016,0.013,0.025,-0.031,-0.011,-0.012,-0.007,0.868,50.170
2510203126,2026-08-17 12:00:00,231.360,230.530,231.720,0.020,0.000,0.000,0.004,0.003,0.000,0.000,0.000,0.000,0.000,0.000,1.000,50.170
2510203127,2026-08-17 12:00:00,238.020,238.940,238.030,1.150,1.440,1.240,0.861,0.255,0.331,0.274,0.234,0.076,0.067,0.097,0.965,50.180
2510203128,2026-08-17 12:00:00,236.800,237.400,235.980,1.570,1.460,1.430,1.028,0.364,0.335,0.328,0.041,0.000,0.011,0.029,0.999,50.200
2510203130,2026-08-17 12:00:00,242.680,243.340,244.480,0.000,0.000,0.090,0.021,0.000,0.000,0.020,0.004,0.000,0.000,0.004,0.982,50.180
2510203133,2026-08-17 12:00:00,237.400,238.220,237.280,0.340,0.080,0.420,0.198,0.081,0.018,0.099,-0.006,0.004,-0.001,-0.008,1.000,50.160
2510203134,2026-08-17 12:00:00,237.730,236.570,236.810,0.020,0.010,0.010,0.007,0.004,0.002,0.001,-0.002,-0.001,-0.001,0.000,0.976,50.200
2510224049,2026-08-17 12:00:00,229.980,230.980,231.000,0.070,4.060,0.030,0.890,0.010,0.870,0.000,0.190,-0.010,0.200,0.000,0.977,50.160
2510224167,2026-08-17 12:00:00,231.190,230.210,231.380,0.740,0.120,0.360,0.170,0.090,0.010,0.050,-0.160,-0.080,-0.020,-0.050,0.731,50.180
2510317505,2026-08-17 12:00:00,231.320,230.470,231.560,0.070,0.020,2.180,0.270,0.010,0.000,0.260,-0.240,0.000,0.000,-0.240,0.749,50.170
2510317537,2026-08-17 12:00:00,236.390,236.810,237.550,3.240,3.080,3.090,2.200,0.740,0.690,0.760,-0.350,-0.120,-0.110,-0.110,0.986,50.180
2510389559,2026-08-17 12:00:00,238.330,238.100,237.440,0.000,0.000,0.000,0.000,0.000,0.000,0.000,0.000,0.000,0.000,0.000,1.000,50.200
2510389643,2026-08-17 12:00:00,238.450,238.180,237.520,0.460,0.000,0.000,0.100,0.100,0.000,0.000,0.000,0.000,0.000,0.000,0.995,50.170
2510389931,2026-08-17 12:00:00,238.750,237.860,237.600,0.050,0.000,0.000,0.000,0.000,0.000,0.000,-0.010,-0.010,0.000,0.000,0.188,50.160
2510633381,2026-08-17 12:00:00,238.110,237.070,237.450,0.120,0.190,0.080,0.092,0.028,0.044,0.019,-0.013,-0.005,-0.005,-0.002,0.991,50.190
2510633383,2026-08-17 12:00:00,237.730,238.520,238.960,2.430,2.120,2.340,1.567,0.551,0.482,0.533,0.088,0.052,0.011,0.024,0.998,50.180
2510633385,2026-08-17 12:00:00,239.170,238.970,238.350,0.970,0.430,0.560,0.472,0.243,0.100,0.129,0.075,0.029,0.018,0.026,0.988,50.220
2510633386,2026-08-17 12:00:00,226.770,227.050,227.790,1.120,1.160,1.140,0.173,0.055,0.060,0.057,-0.711,-0.231,-0.241,-0.238,0.238,50.230
2510633387,2026-08-17 12:00:00,238.300,239.170,238.220,0.040,0.000,0.180,0.052,0.009,0.000,0.042,-0.005,0.000,0.000,-0.004,0.993,50.230
2510633389,2026-08-17 12:00:00,238.100,239.170,238.450,0.530,0.500,0.510,0.350,0.121,0.113,0.115,0.082,0.023,0.029,0.029,0.974,50.220
2510633390,2026-08-17 12:00:00,237.240,238.050,236.900,1.340,1.450,1.510,1.080,0.333,0.372,0.375,0.331,0.093,0.106,0.130,0.950,50.190
2510633391,2026-08-17 12:00:00,125.360,125.240,125.060,0.450,0.540,0.770,0.194,0.046,0.060,0.085,-0.004,0.014,-0.026,0.007,0.997,50.180
2510633393,2026-08-17 12:00:00,236.750,236.420,237.380,1.830,1.780,1.800,1.240,0.416,0.413,0.410,0.302,0.110,0.082,0.109,0.971,50.190
2510633395,2026-08-17 12:00:00,238.470,238.790,237.600,0.000,0.000,0.000,0.000,0.000,0.000,0.000,0.000,0.000,0.000,0.000,1.000,50.180
2510633396,2026-08-17 12:00:00,238.270,237.540,238.020,0.650,0.710,0.640,0.447,0.146,0.157,0.145,0.100,0.033,0.036,0.031,0.975,50.190
2510633397,2026-08-17 12:00:00,244.340,243.090,243.580,0.330,0.340,0.290,0.213,0.077,0.065,0.070,0.034,0.011,0.014,0.007,0.991,50.200
2510633399,2026-08-17 12:00:00,230.900,229.970,231.160,0.360,0.410,0.400,0.269,0.083,0.093,0.092,0.014,0.005,0.004,0.004,0.997,50.170
2510633400,2026-08-17 12:00:00,229.580,230.770,230.490,0.610,0.660,0.570,0.414,0.131,0.162,0.128,0.149,0.049,0.051,0.049,0.941,50.180
2510633402,2026-08-17 12:00:00,230.260,230.780,232.010,0.570,0.640,0.640,0.442,0.138,0.153,0.139,0.155,0.048,0.050,0.055,0.931,50.230
2510633406,2026-08-17 12:00:00,231.230,230.300,231.470,0.010,0.010,0.010,0.003,0.001,0.000,0.000,-0.003,-0.001,0.000,-0.001,0.686,50.170
2510633410,2026-08-17 12:00:00,231.480,230.530,231.580,0.120,0.120,0.080,0.073,0.026,0.027,0.019,-0.012,-0.004,-0.004,-0.004,0.985,50.170
2510633411,2026-08-17 12:00:00,229.050,228.650,227.750,2.030,1.880,1.940,1.275,0.446,0.404,0.417,0.429,0.139,0.142,0.147,0.947,50.180
2510814977,2026-08-17 12:00:00,230.850,231.950,230.150,0.020,0.010,0.020,0.011,0.003,0.002,0.004,-0.002,0.000,-0.001,-0.001,0.953,50.170
2610026950,2026-08-17 12:00:00,231.400,231.120,230.280,0.050,0.000,0.030,0.018,0.010,0.001,0.007,-0.001,0.000,0.000,-0.001,1.000,50.170
2610026953,2026-08-17 12:00:00,238.540,237.680,237.380,0.510,0.540,0.540,0.369,0.122,0.119,0.128,0.119,0.043,0.043,0.033,0.953,50.170
2610026963,2026-08-17 12:00:00,238.850,239.050,239.670,0.280,0.150,0.000,0.101,0.066,0.034,0.000,-0.010,-0.004,-0.006,0.000,0.994,50.200
2610026966,2026-08-17 12:00:00,235.920,235.290,235.310,0.840,0.790,0.910,0.585,0.188,0.181,0.216,0.139,0.049,0.044,0.045,0.971,50.180
2610026976,2026-08-17 12:00:00,238.130,238.710,239.460,1.370,0.880,0.630,0.678,0.323,0.206,0.148,0.016,0.015,0.002,0.000,0.998,50.190
2610026977,2026-08-17 12:00:00,247.380,247.440,247.470,0.370,0.140,0.000,0.108,0.072,0.034,0.000,0.054,0.055,0.000,0.000,0.888,50.180
2610126270,2026-08-17 12:00:00,230.440,231.460,231.330,0.110,0.060,0.020,0.040,0.024,0.012,0.003,-0.006,-0.002,-0.001,-0.001,0.986,50.160
2610126451,2026-08-17 12:00:00,238.830,239.260,238.390,0.000,0.000,0.170,0.039,0.000,0.000,0.039,0.002,0.000,0.000,0.002,1.000,50.170
2610159557,2026-08-17 12:00:00,237.840,236.870,237.160,0.010,0.000,0.010,0.001,0.000,0.000,0.000,-0.004,-0.002,0.000,0.000,0.358,50.170
2610170786,2026-08-17 12:00:00,236.410,236.700,237.430,0.930,0.870,0.910,0.659,0.232,0.214,0.212,0.114,0.033,0.041,0.040,0.985,50.170
2610170836,2026-08-17 12:00:00,237.990,238.560,237.460,0.320,0.150,0.070,0.259,0.118,0.078,0.062,0.029,0.008,0.007,0.014,0.997,50.170
2610170837,2026-08-17 12:00:00,231.800,229.840,230.580,0.020,0.000,0.040,0.015,0.004,0.000,0.010,0.000,0.000,0.000,0.000,1.000,50.160
2610170840,2026-08-17 12:00:00,238.710,237.840,237.580,0.010,0.000,0.000,0.003,0.003,0.000,0.000,0.000,0.000,0.000,0.000,1.000,50.160
2610322967,2026-08-17 12:00:00,238.210,237.070,237.210,0.000,0.000,0.010,0.002,0.000,0.000,0.002,0.000,0.000,0.000,0.000,0.877,50.170
2610322969,2026-08-17 12:00:00,231.470,231.170,230.340,0.130,0.150,0.210,0.113,0.029,0.035,0.048,0.000,0.001,-0.001,0.000,1.000,50.170
2610322997,2026-08-17 12:00:00,229.960,230.250,229.030,1.090,1.160,0.840,0.638,0.234,0.220,0.171,0.257,0.047,0.127,0.082,0.927,50.160
2610323001,2026-08-17 12:00:00,226.950,226.000,226.450,3.740,3.180,3.200,2.031,0.762,0.634,0.634,1.042,0.361,0.335,0.346,0.888,50.160
2610323004,2026-08-17 12:00:00,63.910,63.390,63.980,0.130,0.110,0.140,0.023,0.007,0.006,0.008,-0.004,0.000,-0.001,-0.002,0.971,50.170
2610323005,2026-08-17 12:00:00,230.480,231.510,231.350,0.090,0.000,0.000,0.020,0.019,0.001,0.000,0.000,-0.001,0.000,0.000,0.997,50.170
2610323016,2026-08-17 12:00:00,229.580,228.170,228.730,2.110,1.930,1.960,1.227,0.437,0.391,0.398,0.588,0.201,0.191,0.196,0.901,50.200
2610323019,2026-08-17 12:00:00,230.280,231.550,231.360,0.100,0.340,0.040,0.107,0.020,0.078,0.007,-0.010,-0.006,-0.001,-0.002,0.992,50.160
2610323024,2026-08-17 12:00:00,226.500,227.670,228.130,3.020,3.490,3.380,2.011,0.587,0.730,0.701,0.950,0.337,0.293,0.319,0.905,50.160
2410121326,2026-08-17 12:01:00,238.950,237.940,238.240,0.890,0.830,0.900,0.599,0.205,0.189,0.205,0.138,0.039,0.044,0.053,0.973,50.190
2510014483,2026-08-17 12:01:00,236.900,237.190,237.890,0.120,0.110,0.120,0.079,0.028,0.024,0.027,-0.021,-0.006,-0.005,-0.009,0.970,50.160
2510203113,2026-08-17 12:01:00,237.360,238.110,237.500,2.680,2.930,2.950,1.965,0.615,0.669,0.681,0.270,0.061,0.105,0.103,0.990,50.200
2510203115,2026-08-17 12:01:00,238.470,238.280,239.260,0.000,0.000,0.000,0.000,0.000,0.000,0.000,0.000,0.000,0.000,0.000,1.000,50.170
2510203123,2026-08-17 12:01:00,237.240,237.640,238.160,0.850,1.170,0.960,0.900,0.228,0.345,0.319,0.237,0.090,0.063,0.083,0.982,50.170
2510317516,2026-08-17 12:01:00,231.830,230.860,231.980,0.000,0.000,0.000,0.000,0.000,0.000,0.000,0.000,0.000,0.000,0.000,1.000,50.210
2610026952,2026-08-17 12:01:00,232.630,231.640,232.180,5.480,5.340,5.360,3.316,1.118,1.091,1.106,1.721,0.598,0.569,0.553,0.887,50.170
2610170838,2026-08-17 12:01:00,237.970,236.810,237.240,0.050,0.040,0.030,0.029,0.011,0.010,0.008,0.000,0.000,0.000,0.000,0.993,50.220
2246006313,2026-08-17 12:30:00,57.800,57.500,57.500,1.043,1.072,1.019,0.178,0.059,0.060,0.056,0.029,0.011,0.009,0.008,0.985,49.950
2410121326,2026-08-17 12:30:00,230.320,229.250,229.500,0.690,0.750,0.880,0.515,0.153,0.164,0.196,0.112,0.030,0.037,0.044,0.977,49.910
2410121353,2026-08-17 12:30:00,229.790,228.940,229.310,0.350,0.380,0.240,0.206,0.075,0.082,0.050,0.078,0.026,0.024,0.027,0.935,49.890
2410121371,2026-08-17 12:30:00,230.940,230.010,230.300,0.050,0.010,0.060,0.027,0.012,0.000,0.014,-0.002,0.000,-0.001,-0.001,0.978,49.890
2410121424,2026-08-17 12:30:00,230.390,229.510,229.510,0.010,0.010,0.010,0.003,0.000,0.000,0.002,-0.003,-0.001,-0.001,0.000,0.780,49.920
2410121440,2026-08-17 12:30:00,230.540,229.740,229.870,0.150,0.120,0.230,0.104,0.031,0.023,0.049,0.047,0.013,0.015,0.019,0.906,49.890
2410121454,2026-08-17 12:30:00,229.450,230.050,228.900,0.620,0.800,0.890,0.510,0.136,0.178,0.198,0.066,0.014,0.017,0.035,0.993,49.920
2410121457,2026-08-17 12:30:00,229.160,228.110,228.600,1.850,1.800,1.780,1.187,0.405,0.390,0.391,0.280,0.099,0.099,0.080,0.973,49.880
2410121574,2026-08-17 12:30:00,229.640,228.770,228.680,1.490,1.160,1.410,0.905,0.334,0.256,0.314,0.055,0.018,0.012,0.024,0.998,49.890
2410131378,2026-08-17 12:30:00,229.750,230.330,229.530,0.800,0.780,0.760,0.596,0.224,0.178,0.193,0.107,0.032,0.034,0.039,0.980,49.900
2410131383,2026-08-17 12:30:00,235.360,235.990,235.640,0.290,0.340,0.360,0.228,0.068,0.077,0.082,0.038,0.004,0.016,0.016,0.986,49.880
2410131384,2026-08-17 12:30:00,235.160,235.900,235.120,1.330,1.460,1.400,1.024,0.347,0.362,0.361,0.281,0.100,0.102,0.078,0.963,50.000
2410131387,2026-08-17 12:30:00,232.800,232.370,233.430,0.110,0.080,0.070,0.056,0.024,0.017,0.014,-0.010,-0.007,0.001,-0.004,0.975,49.990
2410320615,2026-08-17 12:30:00,232.920,232.450,234.120,3.120,2.980,3.180,1.991,0.687,0.621,0.683,0.651,0.213,0.222,0.211,0.951,50.000
2410883988,2026-08-17 12:30:00,229.200,230.090,229.930,0.000,0.000,0.020,0.004,0.000,0.000,0.003,0.000,0.000,0.000,0.000,1.000,50.020
2410883990,2026-08-17 12:30:00,229.820,229.520,228.820,0.090,0.000,0.080,0.039,0.020,0.000,0.018,0.005,0.002,0.000,0.003,0.979,49.990
2410883991,2026-08-17 12:30:00,235.040,235.360,236.160,0.310,0.270,0.340,0.214,0.072,0.062,0.079,0.001,0.000,0.000,0.000,0.999,49.900
2410883993,2026-08-17 12:30:00,235.970,234.750,235.310,0.600,0.890,0.530,0.474,0.141,0.207,0.124,0.018,0.006,0.006,0.005,0.998,49.960
2410883994,2026-08-17 12:30:00,236.050,234.910,235.290,0.000,0.000,0.010,0.003,0.000,0.000,0.003,0.000,0.000,0.000,0.000,1.000,49.870
2410932742,2026-08-17 12:30:00,228.650,226.710,227.100,3.740,3.690,3.920,2.421,0.802,0.786,0.832,0.633,0.214,0.191,0.227,0.967,49.960
2411087432,2026-08-17 12:30:00,229.730,230.830,229.590,1.610,1.430,1.680,1.023,0.347,0.309,0.367,0.109,0.043,0.023,0.042,0.994,50.020
2411087433,2026-08-17 12:30:00,235.530,235.890,236.640,0.620,0.530,0.640,0.404,0.138,0.123,0.149,0.028,0.015,0.001,0.011,0.997,49.980
2411290205,2026-08-17 12:30:00,234.390,234.130,233.160,1.990,1.990,2.010,1.327,0.466,0.463,0.470,0.510,0.175,0.166,0.168,0.929,49.900
2510014481,2026-08-17 12:30:00,227.220,227.980,229.060,2.980,2.590,2.730,1.521,0.553,0.467,0.500,0.471,0.147,0.167,0.155,0.960,49.980
2510014482,2026-08-17 12:30:00,229.780,230.670,229.510,1.120,0.680,0.330,0.470,0.244,0.153,0.072,0.079,0.035,0.026,0.018,0.986,50.010
2510014483,2026-08-17 12:30:00,235.390,235.620,236.410,0.130,0.120,0.130,0.087,0.030,0.027,0.029,-0.019,-0.005,-0.005,-0.008,0.978,49.980
2510014484,2026-08-17 12:30:00,234.720,234.220,234.070,1.650,1.990,1.520,1.159,0.385,0.443,0.330,0.383,0.134,0.127,0.121,0.949,50.000
2510178139,2026-08-17 12:30:00,229.930,230.470,229.340,0.540,0.520,0.650,0.387,0.121,0.116,0.149,0.086,0.028,0.030,0.027,0.976,49.970
2510178141,2026-08-17 12:30:00,229.500,230.230,230.680,0.770,0.470,0.620,0.393,0.161,0.107,0.124,0.010,0.019,-0.006,-0.002,1.000,49.990
2510203103,2026-08-17 12:30:00,225.500,223.560,224.160,0.870,0.960,1.000,0.646,0.207,0.220,0.223,-0.058,-0.016,-0.021,-0.021,0.997,50.000
2510203104,2026-08-17 12:30:00,229.370,229.550,230.200,0.980,0.810,0.990,0.619,0.213,0.180,0.217,0.143,0.037,0.045,0.060,0.973,50.030
2510203105,2026-08-17 12:30:00,231.620,229.620,230.330,0.290,0.190,0.220,0.161,0.064,0.054,0.045,-0.051,-0.015,-0.015,-0.020,0.954,49.980
2510203106,2026-08-17 12:30:00,236.050,235.500,235.160,0.010,0.010,0.000,0.006,0.002,0.003,0.000,-0.002,-0.001,0.000,0.000,0.872,50.010
2510203107,2026-08-17 12:30:00,223.620,222.930,222.830,1.330,1.420,1.260,0.820,0.272,0.288,0.260,0.279,0.088,0.108,0.082,0.946,49.990
2510203108,2026-08-17 12:30:00,230.350,230.740,229.730,0.880,1.260,1.880,0.903,0.193,0.282,0.427,0.106,0.035,0.037,0.034,0.993,50.000
2510203111,2026-08-17 12:30:00,229.730,230.040,230.760,1.340,1.150,1.450,0.826,0.280,0.234,0.310,0.255,0.096,0.083,0.075,0.955,50.010
2510203113,2026-08-17 12:30:00,234.120,234.820,234.330,2.850,2.900,3.030,1.984,0.646,0.652,0.690,0.325,0.083,0.114,0.126,0.986,50.020
2510203114,2026-08-17 12:30:00,228.950,229.340,229.870,0.630,0.480,0.550,0.374,0.143,0.109,0.121,0.095,0.030,0.026,0.038,0.967,49.960
2510203117,2026-08-17 12:30:00,229.200,229.190,228.360,0.310,0.150,0.140,0.087,0.057,0.022,0.008,0.098,0.042,0.026,0.029,0.663,49.990
2510203118,2026-08-17 12:30:00,124.090,124.180,124.650,0.160,0.140,0.140,0.050,0.018,0.016,0.015,-0.017,-0.006,-0.003,-0.007,0.953,49.980
2510203119,2026-08-17 12:30:00,229.480,229.320,228.500,0.000,0.000,0.000,0.000,0.000,0.000,0.000,0.000,0.000,0.000,0.000,1.000,50.000
2510203120,2026-08-17 12:30:00,235.220,234.260,234.670,1.910,1.700,1.580,1.192,0.437,0.390,0.364,0.286,0.112,0.090,0.083,0.973,50.000
2510203121,2026-08-17 12:30:00,229.310,228.550,229.520,0.090,0.080,0.190,0.080,0.020,0.018,0.041,-0.012,-0.001,-0.004,-0.006,0.986,49.960
2510203122,2026-08-17 12:30:00,229.810,230.890,229.630,0.480,0.210,0.230,0.200,0.104,0.047,0.049,0.052,0.035,0.000,0.016,0.965,50.030
2510203123,2026-08-17 12:30:00,229.850,230.040,230.890,0.860,1.730,1.410,0.620,0.225,0.288,0.255,0.214,0.062,0.076,0.074,0.940,50.020
2510203124,2026-08-17 12:30:00,229.910,230.060,229.150,1.080,1.060,1.090,0.680,0.225,0.224,0.230,0.168,0.054,0.058,0.055,0.971,49.950
2510203125,2026-08-17 12:30:00,236.110,235.700,236.520,0.080,0.080,0.090,0.024,0.005,0.004,0.015,-0.050,-0.017,-0.018,-0.014,0.444,49.980
2510203126,2026-08-17 12:30:00,229.330,228.470,229.630,0.020,0.000,0.000,0.003,0.003,0.000,0.000,0.000,0.000,0.000,0.000,0.992,49.920
2510203127,2026-08-17 12:30:00,229.190,230.100,229.010,0.920,1.010,1.040,0.636,0.194,0.220,0.221,0.233,0.076,0.073,0.084,0.939,49.920
2510203128,2026-08-17 12:30:00,235.530,236.200,234.590,1.570,1.470,1.500,1.040,0.363,0.336,0.339,0.047,0.000,0.011,0.035,0.998,49.980
2510203130,2026-08-17 12:30:00,241.480,242.010,243.390,0.000,0.000,0.090,0.021,0.000,0.000,0.020,0.004,0.000,0.000,0.004,0.977,49.940
2510203133,2026-08-17 12:30:00,230.660,231.460,230.450,0.410,0.030,0.230,0.150,0.091,0.006,0.052,0.014,0.007,0.001,0.005,0.994,49.870
2510203134,2026-08-17 12:30:00,236.970,235.820,236.010,0.020,0.010,0.010,0.007,0.004,0.002,0.001,-0.002,-0.001,-0.001,0.000,0.972,49.950
2510224049,2026-08-17 12:30:00,228.390,229.120,229.160,0.080,4.070,0.020,0.900,0.010,0.890,0.000,0.180,-0.010,0.190,0.000,0.980,49.980
2510317516,2026-08-17 12:30:00,229.920,229.030,230.080,0.000,0.000,0.000,0.000,0.000,0.000,0.000,0.000,0.000,0.000,0.000,1.000,50.000
2510317537,2026-08-17 12:30:00,234.960,235.290,236.030,2.520,2.680,2.560,1.770,0.590,0.600,0.580,-0.310,-0.090,-0.100,-0.100,0.986,50.000
2510389559,2026-08-17 12:30:00,235.930,235.820,235.490,0.000,0.000,0.000,0.000,0.000,0.000,0.000,0.000,0.000,0.000,0.000,1.000,50.020
2510389643,2026-08-17 12:30:00,235.790,235.710,235.370,0.470,0.000,0.000,0.100,0.100,0.000,0.000,0.000,0.000,0.000,0.000,1.000,49.990
2510389931,2026-08-17 12:30:00,235.900,235.320,235.180,0.050,0.000,0.000,0.000,0.000,0.000,0.000,-0.010,-0.010,0.000,0.000,0.192,49.990
2510633381,2026-08-17 12:30:00,236.230,235.090,235.460,0.100,0.160,0.050,0.070,0.021,0.036,0.012,-0.015,-0.006,-0.006,-0.002,0.982,49.920
2510633383,2026-08-17 12:30:00,229.460,230.320,230.830,2.360,1.950,2.360,1.465,0.515,0.428,0.521,0.089,0.061,0.011,0.016,0.998,49.920
2510633385,2026-08-17 12:30:00,235.690,235.550,235.270,0.970,0.420,0.360,0.404,0.224,0.096,0.083,0.054,0.023,0.017,0.013,0.989,49.880
2510633386,2026-08-17 12:30:00,224.360,224.560,225.520,1.070,1.110,1.100,0.146,0.047,0.046,0.051,-0.690,-0.224,-0.234,-0.232,0.208,49.870
2510633387,2026-08-17 12:30:00,229.280,230.190,229.140,0.040,0.020,0.190,0.054,0.008,0.002,0.042,-0.002,-0.001,0.002,-0.003,0.990,49.870
2510633389,2026-08-17 12:30:00,234.870,235.740,235.120,0.510,0.430,0.440,0.317,0.117,0.098,0.100,0.054,0.013,0.019,0.021,0.985,49.880
2510633390,2026-08-17 12:30:00,235.070,236.000,234.810,1.520,1.670,1.590,1.074,0.318,0.390,0.364,0.357,0.097,0.105,0.145,0.940,49.880
2510633391,2026-08-17 12:30:00,121.020,120.810,120.610,0.250,0.440,0.570,0.133,0.024,0.046,0.062,-0.003,0.008,-0.023,0.011,0.999,49.900
2510633393,2026-08-17 12:30:00,234.030,233.760,234.500,1.810,1.790,1.830,1.233,0.403,0.404,0.409,0.293,0.106,0.081,0.104,0.972,49.870
2510633395,2026-08-17 12:30:00,230.130,230.570,229.150,0.000,0.000,0.000,0.000,0.000,0.000,0.000,0.000,0.000,0.000,0.000,1.000,49.950
2510633396,2026-08-17 12:30:00,230.220,229.320,229.870,0.720,0.780,0.710,0.509,0.166,0.179,0.159,0.106,0.035,0.037,0.033,0.978,49.930
2510633397,2026-08-17 12:30:00,242.190,240.960,241.300,0.230,0.170,0.150,0.128,0.055,0.038,0.034,0.030,0.010,0.010,0.009,0.970,49.880
2510633399,2026-08-17 12:30:00,228.760,227.860,229.020,0.350,0.440,0.450,0.283,0.080,0.100,0.102,0.013,0.005,0.004,0.003,0.998,49.920
2510633400,2026-08-17 12:30:00,227.480,228.550,228.240,0.680,0.740,0.660,0.327,0.103,0.121,0.103,0.134,0.044,0.045,0.044,0.909,49.890
2510633402,2026-08-17 12:30:00,228.640,229.130,230.530,0.360,0.380,0.430,0.234,0.073,0.076,0.085,0.127,0.037,0.041,0.047,0.920,49.870
2510633406,2026-08-17 12:30:00,229.380,228.510,229.650,0.010,0.010,0.010,0.003,0.001,0.000,0.000,-0.003,-0.001,0.000,-0.001,0.684,49.970
2510633411,2026-08-17 12:30:00,226.470,226.020,225.090,2.190,2.040,2.140,1.342,0.466,0.419,0.438,0.489,0.156,0.161,0.171,0.941,49.900
2510814977,2026-08-17 12:30:00,229.910,231.120,229.130,0.020,0.010,0.020,0.011,0.003,0.002,0.004,-0.002,0.000,-0.001,-0.001,1.000,49.990
2610026950,2026-08-17 12:30:00,229.650,229.240,228.490,0.030,0.000,0.030,0.014,0.006,0.001,0.007,-0.001,0.000,0.000,-0.001,1.000,49.980
2610026952,2026-08-17 12:30:00,225.410,224.170,224.860,4.900,4.810,4.760,2.863,0.970,0.943,0.949,1.451,0.494,0.493,0.464,0.891,49.980
2610026953,2026-08-17 12:30:00,235.850,235.130,234.830,0.390,0.420,0.400,0.295,0.092,0.109,0.093,0.101,0.032,0.036,0.032,0.945,49.960
2610026963,2026-08-17 12:30:00,230.580,230.870,231.570,0.090,0.050,0.040,0.027,0.019,0.011,-0.002,-0.029,-0.011,-0.009,-0.008,0.506,49.940
2610026966,2026-08-17 12:30:00,235.320,234.770,234.710,0.740,0.930,0.940,0.578,0.160,0.209,0.191,0.142,0.052,0.045,0.045,0.971,49.950
2610026976,2026-08-17 12:30:00,229.870,230.580,231.390,1.210,0.900,0.640,0.629,0.277,0.204,0.147,0.009,0.011,0.000,-0.001,0.999,49.930
2610026977,2026-08-17 12:30:00,247.590,247.060,246.920,0.000,0.140,0.000,0.033,0.000,0.034,0.000,-0.001,0.000,0.000,0.000,0.994,49.910
2610126270,2026-08-17 12:30:00,228.780,229.720,229.580,0.100,0.060,0.020,0.037,0.022,0.012,0.002,-0.006,-0.002,-0.001,-0.001,0.998,49.990
2610126451,2026-08-17 12:30:00,230.920,231.350,230.430,0.000,0.000,0.180,0.040,0.000,0.000,0.040,0.002,0.000,0.000,0.002,0.994,49.970
2610159557,2026-08-17 12:30:00,236.500,235.370,235.640,0.010,0.010,0.010,0.005,0.001,0.001,0.002,-0.004,-0.002,-0.001,-0.001,0.743,49.980
2610170786,2026-08-17 12:30:00,235.260,235.520,236.320,0.800,0.630,0.680,0.637,0.217,0.212,0.207,0.097,0.029,0.032,0.035,0.988,49.990
2610170836,2026-08-17 12:30:00,229.860,230.440,229.480,0.030,0.010,0.020,0.037,0.012,0.009,0.013,0.001,0.000,0.000,0.000,0.966,49.990
2610170837,2026-08-17 12:30:00,231.140,229.120,229.800,0.000,0.000,0.040,0.010,0.000,0.000,0.010,0.000,0.000,0.000,0.000,1.000,49.980
2610170840,2026-08-17 12:30:00,235.980,235.270,235.140,0.010,0.000,0.000,0.003,0.002,0.000,0.000,0.000,0.000,0.000,0.000,1.000,49.990
2610322967,2026-08-17 12:30:00,236.860,235.600,235.710,0.000,0.000,0.010,0.002,0.000,0.000,0.002,0.000,0.000,0.000,0.000,0.868,49.980
2610322969,2026-08-17 12:30:00,229.650,229.300,228.550,0.130,0.200,0.200,0.119,0.028,0.044,0.046,0.000,0.001,0.000,0.000,1.000,49.970
2610322997,2026-08-17 12:30:00,229.170,229.400,228.050,1.260,1.360,1.040,0.697,0.261,0.243,0.192,0.286,0.039,0.145,0.101,0.935,49.990
2610323001,2026-08-17 12:30:00,225.790,225.170,225.280,4.090,3.310,3.520,2.194,0.827,0.656,0.712,1.054,0.372,0.331,0.350,0.901,49.980
2610323004,2026-08-17 12:30:00,63.700,63.130,63.720,0.120,0.110,0.140,0.023,0.007,0.006,0.008,-0.003,0.000,-0.001,-0.001,0.996,49.990
2610323005,2026-08-17 12:30:00,228.770,229.790,229.520,0.080,0.000,0.000,0.020,0.019,0.001,0.000,0.000,-0.001,0.000,0.000,0.981,49.980
2610323016,2026-08-17 12:30:00,228.510,227.040,227.530,1.990,1.780,1.830,1.114,0.400,0.350,0.363,0.603,0.209,0.194,0.199,0.879,49.980
2610323019,2026-08-17 12:30:00,228.530,229.720,229.590,0.100,0.190,0.030,0.071,0.020,0.043,0.007,-0.007,-0.006,0.000,-0.001,0.997,49.980
2610323024,2026-08-17 12:30:00,226.630,227.630,228.270,2.380,2.870,2.740,1.754,0.511,0.636,0.606,0.745,0.257,0.236,0.252,0.912,49.980
2510203109,2026-08-17 12:31:00,234.920,235.810,234.660,0.350,0.260,0.360,0.225,0.079,0.061,0.085,0.026,0.017,0.002,0.005,0.994,49.930
2510203115,2026-08-17 12:31:00,235.370,235.250,236.040,0.000,0.000,0.000,0.000,0.000,0.000,0.000,0.000,0.000,0.000,0.000,1.000,49.890
2510224167,2026-08-17 12:31:00,228.650,227.690,228.870,0.750,0.120,0.360,0.170,0.090,0.010,0.050,-0.150,-0.080,-0.020,-0.050,0.741,49.890
2610170838,2026-08-17 12:31:00,235.910,234.730,235.120,0.050,0.040,0.030,0.029,0.011,0.010,0.008,0.000,0.000,0.000,0.000,1.000,49.870
2510317505,2026-08-17 12:32:00,228.890,228.000,229.100,0.070,0.020,2.180,0.270,0.010,0.000,0.250,-0.240,0.000,0.000,-0.230,0.752,50.020
2510633410,2026-08-17 12:32:00,228.980,228.130,229.190,0.120,0.120,0.070,0.071,0.028,0.027,0.016,-0.009,-0.002,-0.003,-0.003,0.985,50.030
2246006313,2026-08-17 13:00:00,57.000,56.700,56.700,1.281,1.282,1.231,0.209,0.070,0.072,0.068,0.044,0.016,0.013,0.014,0.977,50.150
2410121326,2026-08-17 13:00:00,233.490,232.430,232.590,0.920,0.870,1.020,0.637,0.208,0.196,0.233,0.170,0.054,0.057,0.060,0.964,50.140
2410121353,2026-08-17 13:00:00,233.010,232.150,232.380,0.440,0.410,0.320,0.252,0.096,0.078,0.049,0.024,0.007,0.001,0.015,0.948,50.220
2410121371,2026-08-17 13:00:00,234.000,232.810,233.290,0.120,0.060,0.110,0.062,0.025,0.011,0.025,0.026,0.010,0.008,0.007,0.918,50.150
2410121424,2026-08-17 13:00:00,233.060,231.920,232.310,0.010,0.010,0.010,0.004,0.000,0.001,0.002,-0.003,-0.001,-0.001,0.000,0.741,50.180
2410121440,2026-08-17 13:00:00,233.380,232.100,232.680,0.150,0.170,0.230,0.116,0.031,0.036,0.049,0.050,0.014,0.016,0.019,0.918,50.140
2410121457,2026-08-17 13:00:00,232.570,231.330,231.900,2.000,1.920,1.950,1.307,0.445,0.423,0.438,0.306,0.109,0.110,0.087,0.973,50.200
2410121574,2026-08-17 13:00:00,232.540,231.660,231.700,1.990,1.490,1.700,1.236,0.474,0.355,0.406,0.168,0.065,0.042,0.056,0.997,50.220
2410131378,2026-08-17 13:00:00,232.920,233.340,232.320,0.980,1.090,1.060,0.706,0.221,0.224,0.226,0.153,0.038,0.052,0.063,0.979,50.180
2410131383,2026-08-17 13:00:00,232.770,233.030,232.720,0.300,0.320,0.370,0.228,0.069,0.073,0.085,0.032,0.003,0.014,0.014,0.989,50.170
2410131384,2026-08-17 13:00:00,231.950,232.790,231.980,1.410,1.460,1.380,0.932,0.318,0.306,0.274,0.272,0.099,0.099,0.073,0.959,50.140
2410131387,2026-08-17 13:00:00,233.760,233.370,234.300,0.240,0.240,0.210,0.158,0.055,0.053,0.049,0.022,0.004,0.011,0.006,0.990,50.220
2410320615,2026-08-17 13:00:00,229.620,229.540,230.540,3.650,3.450,3.860,2.357,0.779,0.740,0.837,0.824,0.268,0.278,0.277,0.944,50.160
2410883988,2026-08-17 13:00:00,225.440,226.570,226.290,0.000,0.000,0.020,0.004,0.000,0.000,0.003,0.000,0.000,0.000,0.000,1.000,50.150
2410883990,2026-08-17 13:00:00,225.990,225.600,224.800,0.090,0.000,0.090,0.039,0.019,0.000,0.019,0.004,0.001,0.000,0.002,0.981,50.140
2410883991,2026-08-17 13:00:00,232.640,232.930,233.810,0.290,0.230,0.340,0.199,0.066,0.053,0.079,0.000,0.000,0.000,0.000,0.997,50.110
2410883993,2026-08-17 13:00:00,232.680,231.460,231.970,0.630,0.920,0.530,0.474,0.144,0.210,0.119,0.013,0.005,0.005,0.002,0.999,50.170
2410883994,2026-08-17 13:00:00,233.600,232.400,232.750,0.000,0.000,0.010,0.003,0.000,0.000,0.003,0.000,0.000,0.000,0.000,1.000,50.130
2410932742,2026-08-17 13:00:00,225.370,223.270,223.680,3.780,3.710,3.940,2.408,0.800,0.779,0.827,0.614,0.208,0.187,0.218,0.968,50.160
2411087432,2026-08-17 13:00:00,229.190,230.110,229.030,1.730,1.970,1.750,1.126,0.374,0.370,0.380,0.135,0.041,0.054,0.039,0.992,50.140
2411087433,2026-08-17 13:00:00,232.230,232.520,233.350,0.580,0.500,0.610,0.390,0.134,0.117,0.130,0.016,0.006,0.002,0.007,0.998,50.160
2411290205,2026-08-17 13:00:00,232.100,231.840,231.540,2.190,2.060,2.110,1.473,0.480,0.461,0.474,0.508,0.177,0.162,0.168,0.940,50.110
2510014482,2026-08-17 13:00:00,229.280,230.080,228.950,1.000,0.640,0.240,0.422,0.215,0.143,0.064,0.075,0.035,0.021,0.018,0.981,50.140
2510014483,2026-08-17 13:00:00,232.050,232.270,233.110,0.120,0.110,0.110,0.075,0.026,0.024,0.025,-0.019,-0.005,-0.005,-0.008,0.971,50.150
2510014484,2026-08-17 13:00:00,232.120,231.630,231.790,1.540,1.840,1.430,1.032,0.320,0.397,0.314,0.367,0.127,0.122,0.118,0.942,50.140
2510178139,2026-08-17 13:00:00,231.880,234.070,232.900,0.540,0.520,0.590,0.359,0.120,0.105,0.131,0.094,0.031,0.036,0.026,0.969,50.180
2510178141,2026-08-17 13:00:00,229.130,229.990,230.370,0.510,0.290,0.350,0.261,0.114,0.066,0.080,0.007,0.018,-0.008,-0.002,1.000,50.130
2510203103,2026-08-17 13:00:00,221.960,220.030,220.710,1.050,1.110,1.040,0.716,0.237,0.241,0.237,-0.020,-0.002,-0.009,-0.008,1.000,50.140
2510203104,2026-08-17 13:00:00,226.170,226.390,227.090,1.010,0.800,0.900,0.571,0.211,0.171,0.189,0.118,0.033,0.036,0.048,0.978,50.160
2510203105,2026-08-17 13:00:00,227.730,225.560,226.480,0.320,0.280,0.240,0.180,0.069,0.061,0.048,-0.058,-0.016,-0.016,-0.024,0.953,50.180
2510203107,2026-08-17 13:00:00,220.360,219.700,219.950,1.450,1.560,1.390,0.876,0.290,0.307,0.278,0.348,0.113,0.131,0.103,0.929,50.150
2510203108,2026-08-17 13:00:00,230.280,230.860,229.800,0.940,1.190,1.770,0.879,0.204,0.271,0.403,0.105,0.039,0.035,0.030,0.993,50.130
2510203111,2026-08-17 13:00:00,229.260,230.190,230.500,1.800,1.560,1.980,1.154,0.383,0.334,0.436,0.280,0.119,0.074,0.086,0.971,50.160
2510203113,2026-08-17 13:00:00,231.550,231.870,231.500,2.720,2.690,3.000,1.907,0.613,0.613,0.680,0.226,0.054,0.085,0.086,0.992,50.140
2510203114,2026-08-17 13:00:00,225.600,225.960,226.600,0.790,0.690,0.700,0.497,0.184,0.162,0.148,0.081,0.025,0.023,0.032,0.986,50.170
2510203117,2026-08-17 13:00:00,226.190,225.920,224.980,0.270,0.130,0.130,0.068,0.046,0.016,0.006,0.092,0.039,0.025,0.027,0.605,50.150
2510203118,2026-08-17 13:00:00,122.350,122.420,122.930,0.170,0.140,0.150,0.052,0.019,0.016,0.016,-0.021,-0.007,-0.004,-0.008,0.933,50.170
2510203119,2026-08-17 13:00:00,226.200,225.840,225.140,0.000,0.000,0.000,0.000,0.000,0.000,0.000,0.000,0.000,0.000,0.000,1.000,50.140
2510203120,2026-08-17 13:00:00,232.120,231.060,231.420,2.200,1.820,1.900,1.337,0.493,0.405,0.440,0.248,0.096,0.085,0.066,0.982,50.130
2510203121,2026-08-17 13:00:00,225.350,224.520,225.780,0.090,0.080,0.170,0.075,0.019,0.017,0.038,-0.013,-0.002,-0.004,-0.006,0.978,50.170
2510203122,2026-08-17 13:00:00,229.390,230.360,229.210,0.780,0.360,0.430,0.275,0.144,0.061,0.068,0.223,0.100,0.053,0.070,0.774,50.150
2510203123,2026-08-17 13:00:00,229.340,230.180,230.550,1.460,1.750,1.440,0.978,0.287,0.358,0.163,0.209,0.088,0.050,0.070,0.954,50.150
2510203124,2026-08-17 13:00:00,232.770,232.970,232.080,0.980,0.970,1.010,0.634,0.210,0.208,0.214,0.167,0.054,0.058,0.054,0.966,50.170
2510203125,2026-08-17 13:00:00,233.220,233.080,233.550,0.080,0.080,0.090,0.024,0.005,0.004,0.015,-0.049,-0.016,-0.018,-0.014,0.441,50.170
2510203126,2026-08-17 13:00:00,225.230,224.280,225.700,0.020,0.000,0.000,0.003,0.003,0.000,0.000,0.000,0.000,0.000,0.000,0.974,50.150
2510203127,2026-08-17 13:00:00,232.640,233.750,232.600,1.380,1.660,1.490,0.988,0.298,0.365,0.324,0.295,0.085,0.100,0.109,0.957,50.140
2510203128,2026-08-17 13:00:00,232.420,233.110,231.530,1.650,1.550,1.540,1.067,0.375,0.349,0.343,0.052,0.001,0.014,0.036,0.998,50.140
2510203130,2026-08-17 13:00:00,237.160,237.690,239.180,0.000,0.000,0.050,0.012,0.000,0.000,0.011,0.001,0.000,0.000,0.001,1.000,50.170
2510203133,2026-08-17 13:00:00,230.940,231.970,230.730,0.530,0.370,0.480,0.289,0.114,0.074,0.100,0.131,0.041,0.042,0.047,0.911,50.120
2510203134,2026-08-17 13:00:00,233.900,232.780,232.920,0.020,0.010,0.010,0.007,0.004,0.002,0.001,-0.002,-0.001,-0.001,0.000,0.961,50.160
2510224049,2026-08-17 13:00:00,224.200,225.220,225.040,0.250,4.130,0.020,0.930,0.040,0.880,0.000,0.120,-0.020,0.160,0.000,0.989,50.140
2510224167,2026-08-17 13:00:00,225.700,224.710,226.140,0.760,0.120,0.360,0.170,0.090,0.010,0.050,-0.150,-0.070,-0.010,-0.050,0.749,50.140
2510317505,2026-08-17 13:00:00,225.570,224.670,225.940,0.070,0.030,2.190,0.270,0.010,0.000,0.250,-0.230,0.000,0.000,-0.230,0.760,50.140
2510317516,2026-08-17 13:00:00,226.350,225.360,226.650,0.000,0.000,0.000,0.000,0.000,0.000,0.000,0.000,0.000,0.000,0.000,1.000,50.140
2510389559,2026-08-17 13:00:00,232.800,232.970,232.790,0.000,0.000,0.000,0.000,0.000,0.000,0.000,0.000,0.000,0.000,0.000,1.000,50.140
2510389643,2026-08-17 13:00:00,232.970,233.100,232.900,2.040,0.000,0.000,0.340,0.340,0.000,0.000,-0.050,-0.050,0.000,0.000,0.988,50.140
2510389931,2026-08-17 13:00:00,231.750,231.280,231.440,0.050,0.000,0.000,0.000,0.000,0.000,0.000,-0.010,-0.010,0.000,0.000,0.208,50.140
2510633381,2026-08-17 13:00:00,232.760,231.600,231.880,0.090,0.180,0.070,0.090,0.025,0.045,0.018,-0.013,-0.005,-0.004,-0.001,0.986,50.150
2510633383,2026-08-17 13:00:00,232.090,232.790,233.500,2.470,2.000,2.350,1.513,0.543,0.442,0.527,0.141,0.072,0.020,0.030,0.995,50.150
2510633385,2026-08-17 13:00:00,232.510,232.710,232.500,1.140,0.220,0.350,0.394,0.263,0.050,0.079,0.034,0.016,0.008,0.009,0.996,50.200
2510633386,2026-08-17 13:00:00,221.010,221.220,222.140,1.100,1.130,1.110,0.155,0.054,0.049,0.052,-0.679,-0.220,-0.230,-0.227,0.224,50.190
2510633387,2026-08-17 13:00:00,232.380,233.380,232.180,0.040,0.000,0.190,0.053,0.009,0.000,0.043,-0.005,-0.001,0.000,-0.003,0.998,50.190
2510633389,2026-08-17 13:00:00,231.770,232.240,231.730,0.920,0.830,0.800,0.573,0.207,0.187,0.177,0.152,0.046,0.051,0.054,0.965,50.200
2510633390,2026-08-17 13:00:00,231.780,232.760,231.530,1.520,1.850,1.750,1.108,0.331,0.411,0.365,0.324,0.073,0.102,0.149,0.959,50.190
2510633391,2026-08-17 13:00:00,122.770,122.470,122.330,0.350,0.440,0.600,0.171,0.044,0.047,0.078,-0.005,0.016,-0.020,-0.001,0.996,50.170
2510633393,2026-08-17 13:00:00,230.310,230.310,230.760,1.990,1.990,1.980,1.324,0.442,0.445,0.437,0.278,0.099,0.079,0.099,0.979,50.150
2510633395,2026-08-17 13:00:00,233.070,233.610,232.130,0.000,0.000,0.000,0.000,0.000,0.000,0.000,0.000,0.000,0.000,0.000,1.000,50.170
2510633396,2026-08-17 13:00:00,232.600,231.750,232.430,0.660,0.730,0.660,0.452,0.146,0.158,0.142,0.103,0.033,0.036,0.032,0.974,50.160
2510633397,2026-08-17 13:00:00,238.880,237.520,237.890,0.300,0.380,0.300,0.216,0.073,0.100,0.075,0.049,0.018,0.015,0.015,0.991,50.190
2510633399,2026-08-17 13:00:00,224.650,223.670,225.170,0.390,0.420,0.490,0.290,0.085,0.093,0.110,0.008,0.003,0.002,0.001,1.000,50.150
2510633400,2026-08-17 13:00:00,223.120,224.470,224.000,0.520,0.590,0.520,0.338,0.108,0.125,0.104,0.138,0.044,0.047,0.049,0.924,50.170
2510633402,2026-08-17 13:00:00,223.980,224.570,225.920,0.380,0.450,0.480,0.295,0.085,0.101,0.107,0.107,0.034,0.034,0.038,0.935,50.180
2510633406,2026-08-17 13:00:00,225.330,224.410,225.800,0.010,0.010,0.010,0.003,0.001,0.000,0.000,-0.003,-0.001,0.000,-0.001,0.677,50.170
2510633410,2026-08-17 13:00:00,225.560,224.550,225.840,0.120,0.120,0.080,0.070,0.026,0.026,0.016,-0.011,-0.004,-0.003,-0.003,0.986,50.170
2510633411,2026-08-17 13:00:00,221.850,221.060,220.120,2.680,2.550,2.590,1.598,0.557,0.503,0.513,0.578,0.181,0.195,0.201,0.939,50.160
2510814977,2026-08-17 13:00:00,226.070,227.310,225.350,0.020,0.010,0.020,0.011,0.003,0.002,0.004,-0.002,0.000,-0.001,-0.001,1.000,50.150
2610026950,2026-08-17 13:00:00,225.880,225.310,224.460,0.030,0.000,0.030,0.015,0.007,0.000,0.007,-0.001,0.000,0.000,-0.001,1.000,50.170
2610026952,2026-08-17 13:00:00,220.480,219.170,220.100,7.380,7.190,7.180,4.206,1.426,1.376,1.405,2.244,0.771,0.757,0.715,0.882,50.160
2610026953,2026-08-17 13:00:00,232.870,232.230,232.170,0.420,0.460,0.440,0.324,0.097,0.111,0.111,0.099,0.032,0.034,0.032,0.956,50.170
2610026963,2026-08-17 13:00:00,232.670,232.880,233.650,0.190,0.040,0.030,0.048,0.042,0.005,0.000,-0.025,-0.010,-0.006,-0.007,0.890,50.160
2610026966,2026-08-17 13:00:00,235.360,234.890,234.700,0.900,0.890,1.120,0.704,0.231,0.198,0.288,0.146,0.054,0.047,0.044,0.974,50.170
2610026976,2026-08-17 13:00:00,231.940,232.660,233.410,1.200,0.790,0.680,0.614,0.277,0.178,0.158,0.011,0.013,0.001,-0.003,0.999,50.160
2610026977,2026-08-17 13:00:00,247.230,246.750,246.570,0.150,0.260,0.150,0.109,0.025,0.059,0.025,0.077,0.026,0.024,0.025,0.816,50.140
2610126270,2026-08-17 13:00:00,224.710,225.870,225.540,0.100,0.050,0.020,0.037,0.023,0.011,0.002,-0.006,-0.002,-0.001,-0.001,0.985,50.140
2610126451,2026-08-17 13:00:00,229.740,230.190,229.100,0.000,0.000,0.180,0.041,0.000,0.000,0.041,0.001,0.000,0.000,0.001,1.000,50.170
2610159557,2026-08-17 13:00:00,233.170,232.010,232.260,0.020,0.010,0.020,0.010,0.002,0.003,0.003,-0.004,-0.002,0.000,0.000,0.905,50.170
2610170786,2026-08-17 13:00:00,231.860,232.100,232.920,1.230,0.930,0.960,0.518,0.182,0.164,0.172,0.102,0.031,0.032,0.038,0.985,50.140
2610170836,2026-08-17 13:00:00,229.670,230.120,228.910,0.010,0.000,0.010,0.009,0.003,0.000,0.005,0.000,0.000,0.000,0.000,1.000,50.140
2610170837,2026-08-17 13:00:00,227.230,225.120,225.870,0.000,0.000,0.040,0.010,0.000,0.000,0.010,0.000,0.000,0.000,0.000,1.000,50.140
2610170840,2026-08-17 13:00:00,231.740,231.270,231.510,0.920,0.900,0.910,0.563,0.190,0.184,0.187,0.285,0.097,0.094,0.093,0.891,50.140
2610322967,2026-08-17 13:00:00,233.520,232.190,232.280,0.000,0.000,0.010,0.002,0.000,0.000,0.002,0.000,0.000,0.000,0.000,0.874,50.170
2610322969,2026-08-17 13:00:00,225.910,225.310,224.490,0.180,0.200,0.200,0.130,0.040,0.044,0.045,-0.001,0.000,-0.001,-0.001,1.000,50.170
2610322997,2026-08-17 13:00:00,224.770,225.090,223.670,1.100,1.260,0.920,0.738,0.260,0.260,0.192,0.265,0.039,0.130,0.095,0.935,50.140
2610323001,2026-08-17 13:00:00,222.020,221.410,221.450,4.270,3.390,3.760,2.305,0.878,0.680,0.754,0.991,0.352,0.308,0.330,0.919,50.150
2610323004,2026-08-17 13:00:00,62.640,62.070,62.690,0.120,0.110,0.140,0.023,0.007,0.006,0.008,-0.001,0.000,-0.001,-0.001,1.000,50.140
2610323005,2026-08-17 13:00:00,224.770,225.970,225.620,0.080,0.000,0.000,0.020,0.018,0.000,0.000,-0.001,-0.001,0.000,0.000,1.000,50.150
2610323016,2026-08-17 13:00:00,224.780,223.230,223.760,1.990,1.790,1.900,1.137,0.402,0.355,0.380,0.497,0.172,0.161,0.163,0.912,50.140
2610323019,2026-08-17 13:00:00,224.420,225.860,225.510,0.100,0.240,0.030,0.080,0.020,0.053,0.006,-0.011,-0.006,-0.003,-0.002,0.991,50.150
2610323024,2026-08-17 13:00:00,221.640,222.830,223.430,3.350,3.740,3.660,2.104,0.627,0.751,0.724,0.946,0.339,0.296,0.315,0.917,50.140
2410121454,2026-08-17 13:01:00,231.420,232.090,230.740,0.560,0.730,0.860,0.478,0.127,0.160,0.191,0.075,0.017,0.019,0.038,0.988,50.170
2510014481,2026-08-17 13:01:00,222.380,222.940,223.940,1.700,1.810,2.020,1.249,0.380,0.397,0.472,0.348,0.105,0.123,0.118,0.960,50.170
2510203106,2026-08-17 13:01:00,232.170,231.750,231.680,0.010,0.010,0.000,0.005,0.002,0.003,0.000,-0.002,-0.001,0.000,0.000,0.860,50.180
2510203115,2026-08-17 13:01:00,231.480,231.640,231.960,0.000,0.000,0.000,0.000,0.000,0.000,0.000,0.000,0.000,0.000,0.000,1.000,50.190
2510317537,2026-08-17 13:01:00,230.570,231.020,231.780,2.710,2.450,2.550,1.720,0.550,0.570,0.590,-0.180,-0.020,-0.060,-0.100,0.993,50.200
2610170838,2026-08-17 13:01:00,232.210,230.920,231.370,0.050,0.040,0.020,0.025,0.011,0.009,0.004,0.000,0.000,0.000,0.000,0.981,50.160
2510203109,2026-08-17 13:02:00,230.360,231.270,230.050,0.510,0.460,0.510,0.320,0.108,0.100,0.111,0.120,0.048,0.035,0.037,0.942,50.180
2246006313,2026-08-17 13:30:00,58.300,57.900,57.900,1.394,1.399,1.327,0.235,0.081,0.082,0.077,0.050,0.019,0.015,0.016,0.977,50.200
2410121326,2026-08-17 13:30:00,231.740,231.050,231.170,1.040,1.090,1.230,0.769,0.274,0.259,0.298,0.188,0.068,0.055,0.064,0.975,50.150
2410121353,2026-08-17 13:30:00,232.310,231.580,231.520,0.470,0.450,0.410,0.305,0.108,0.105,0.090,0.120,0.124,0.120,0.134,0.940,50.130
2410121371,2026-08-17 13:30:00,233.480,232.520,232.730,0.120,0.060,0.110,0.062,0.025,0.010,0.025,0.025,0.009,0.008,0.007,0.928,50.140
2410121424,2026-08-17 13:30:00,233.090,232.270,232.510,0.010,0.010,0.010,0.004,0.000,0.001,0.002,-0.003,-0.001,-0.001,0.000,0.899,50.170
2410121440,2026-08-17 13:30:00,233.170,232.300,232.420,0.080,0.060,0.170,0.065,0.016,0.010,0.038,0.024,0.006,0.007,0.010,0.940,50.140
2410121454,2026-08-17 13:30:00,232.360,232.940,231.810,0.670,0.790,0.940,0.534,0.148,0.177,0.208,0.066,0.013,0.017,0.035,0.992,50.170
2410121457,2026-08-17 13:30:00,230.990,230.200,230.710,2.130,2.020,2.050,1.369,0.473,0.441,0.453,0.317,0.114,0.110,0.092,0.974,50.130
2410121574,2026-08-17 13:30:00,232.340,231.330,231.150,1.940,1.710,1.990,1.272,0.441,0.382,0.448,0.062,0.023,0.015,0.023,0.998,50.140
2410131378,2026-08-17 13:30:00,231.960,232.380,231.450,0.840,0.960,0.990,0.726,0.220,0.257,0.248,0.115,0.023,0.041,0.050,0.985,50.130
2410131383,2026-08-17 13:30:00,238.320,238.410,238.210,0.280,0.300,0.360,0.225,0.067,0.072,0.086,0.023,0.000,0.012,0.009,0.995,50.140
2410131384,2026-08-17 13:30:00,235.600,236.140,235.400,1.380,1.580,1.660,1.005,0.314,0.359,0.332,0.277,0.100,0.102,0.075,0.965,50.180
2410131387,2026-08-17 13:30:00,235.620,235.360,236.070,0.240,0.240,0.220,0.163,0.056,0.056,0.051,0.021,0.004,0.011,0.005,0.991,50.180
2410320615,2026-08-17 13:30:00,233.910,233.860,234.960,4.760,4.470,4.710,2.939,0.995,0.926,1.017,0.983,0.318,0.338,0.325,0.950,50.190
2410883988,2026-08-17 13:30:00,230.860,232.130,231.810,0.000,0.000,0.020,0.004,0.000,0.000,0.003,0.000,0.000,0.000,0.000,1.000,50.160
2410883990,2026-08-17 13:30:00,231.630,231.210,230.220,0.090,0.000,0.080,0.039,0.020,0.000,0.019,0.005,0.002,0.000,0.003,0.984,50.180
2410883991,2026-08-17 13:30:00,235.570,235.820,236.700,0.370,0.290,0.430,0.254,0.086,0.067,0.100,0.002,0.000,0.002,0.000,1.000,50.180
2410883993,2026-08-17 13:30:00,235.900,234.980,235.350,1.050,0.990,0.750,0.631,0.234,0.223,0.173,0.038,0.009,0.017,0.011,0.998,50.150
2410883994,2026-08-17 13:30:00,236.840,235.750,236.030,0.000,0.000,0.010,0.003,0.000,0.000,0.003,0.000,0.000,0.000,0.000,0.937,50.190
2410932742,2026-08-17 13:30:00,223.160,221.170,221.480,4.160,4.110,4.330,2.640,0.878,0.859,0.902,0.719,0.241,0.224,0.251,0.964,50.200
2411087432,2026-08-17 13:30:00,231.400,232.410,231.550,1.540,1.680,1.700,1.069,0.344,0.353,0.371,0.168,0.012,0.092,0.063,0.988,50.170
2411087433,2026-08-17 13:30:00,235.820,236.020,236.810,0.670,0.570,0.690,0.412,0.141,0.121,0.150,0.033,0.014,0.003,0.012,0.995,50.150
2411290205,2026-08-17 13:30:00,236.610,236.500,236.290,2.150,2.120,2.160,1.299,0.433,0.427,0.429,0.466,0.162,0.148,0.155,0.942,50.180
2510014481,2026-08-17 13:30:00,222.600,223.070,224.220,2.350,2.170,2.570,1.511,0.492,0.460,0.558,0.441,0.152,0.144,0.147,0.959,50.150
2510014482,2026-08-17 13:30:00,231.540,232.320,231.460,2.450,1.460,1.460,1.167,0.442,0.310,0.190,0.086,0.031,0.030,0.024,0.992,50.190
2510014483,2026-08-17 13:30:00,235.280,235.470,236.270,0.140,0.130,0.140,0.092,0.032,0.029,0.031,-0.018,-0.004,-0.005,-0.007,0.977,50.160
2510014484,2026-08-17 13:30:00,237.150,236.820,237.080,1.690,1.820,1.460,1.076,0.348,0.416,0.310,0.398,0.138,0.129,0.129,0.940,50.190
2510178139,2026-08-17 13:30:00,232.590,233.190,232.310,0.550,0.540,0.670,0.392,0.125,0.114,0.152,0.110,0.041,0.040,0.028,0.950,50.150
2510178141,2026-08-17 13:30:00,231.780,232.430,232.890,0.860,0.660,0.720,0.407,0.166,0.112,0.127,0.010,0.019,-0.004,-0.003,0.999,50.190
2510203103,2026-08-17 13:30:00,219.990,218.080,218.570,1.300,1.300,1.350,0.867,0.290,0.290,0.285,0.026,0.013,0.008,0.004,0.998,50.200
2510203104,2026-08-17 13:30:00,229.310,229.340,230.160,1.480,1.390,1.330,0.856,0.299,0.288,0.272,0.200,0.053,0.073,0.073,0.974,50.160
2510203105,2026-08-17 13:30:00,226.010,223.940,224.930,0.830,0.790,0.730,0.503,0.178,0.166,0.157,0.139,0.050,0.049,0.038,0.963,50.150
2510203107,2026-08-17 13:30:00,224.570,224.100,224.370,1.500,1.570,1.460,0.906,0.299,0.313,0.294,0.399,0.132,0.144,0.122,0.915,50.160
2510203108,2026-08-17 13:30:00,232.650,233.080,232.140,0.830,1.110,1.690,0.823,0.181,0.255,0.386,0.109,0.039,0.030,0.038,0.990,50.200
2510203109,2026-08-17 13:30:00,235.240,236.100,235.050,0.560,0.520,0.610,0.371,0.121,0.117,0.132,0.121,0.049,0.034,0.037,0.949,50.150
2510203111,2026-08-17 13:30:00,231.360,231.920,232.350,1.480,1.220,1.620,0.918,0.308,0.257,0.353,0.257,0.110,0.067,0.078,0.963,50.180
2510203113,2026-08-17 13:30:00,237.220,237.370,237.200,2.490,2.470,2.700,1.772,0.573,0.568,0.629,0.221,0.055,0.082,0.083,0.992,50.150
2510203114,2026-08-17 13:30:00,229.170,229.290,230.090,1.060,1.130,0.980,0.656,0.224,0.212,0.199,0.158,0.048,0.057,0.052,0.973,50.150
2510203117,2026-08-17 13:30:00,231.210,230.850,229.830,0.280,0.150,0.130,0.075,0.049,0.020,0.005,0.098,0.040,0.027,0.029,0.608,50.210
2510203118,2026-08-17 13:30:00,124.210,124.240,124.700,0.190,0.170,0.170,0.063,0.022,0.020,0.020,-0.011,-0.004,-0.001,-0.005,0.978,50.160
2510203119,2026-08-17 13:30:00,231.750,231.350,230.310,0.000,0.000,0.000,0.000,0.000,0.000,0.000,0.000,0.000,0.000,0.000,1.000,50.190
2510203120,2026-08-17 13:30:00,235.670,234.690,234.990,2.170,1.840,1.910,1.344,0.495,0.418,0.431,0.253,0.098,0.083,0.072,0.982,50.190
2510203121,2026-08-17 13:30:00,230.940,230.040,231.450,0.080,0.080,0.170,0.074,0.018,0.017,0.038,-0.014,-0.002,-0.004,-0.007,0.985,50.150
2510203122,2026-08-17 13:30:00,231.260,232.140,231.270,0.910,0.650,0.590,0.372,0.173,0.104,0.093,0.322,0.116,0.106,0.100,0.756,50.160
2510203123,2026-08-17 13:30:00,231.500,232.020,232.540,0.830,1.050,0.900,1.233,0.394,0.482,0.356,0.156,0.070,0.032,0.054,0.974,50.160
2510203124,2026-08-17 13:30:00,231.650,231.740,231.090,1.020,1.030,1.040,0.658,0.218,0.219,0.222,0.167,0.051,0.057,0.057,0.970,50.160
2510203125,2026-08-17 13:30:00,238.070,238.040,238.320,0.080,0.080,0.110,0.051,0.014,0.012,0.023,-0.032,-0.011,-0.012,-0.008,0.850,50.150
2510203126,2026-08-17 13:30:00,231.420,230.320,231.820,0.020,0.000,0.000,0.003,0.003,0.000,0.000,0.000,0.000,0.000,0.000,1.000,50.160
2510203127,2026-08-17 13:30:00,231.380,232.100,231.400,1.670,1.720,1.570,1.094,0.363,0.385,0.345,0.307,0.116,0.086,0.105,0.961,50.150
2510203128,2026-08-17 13:30:00,235.810,236.420,234.940,1.700,1.640,1.620,1.133,0.390,0.371,0.367,0.060,0.003,0.018,0.038,0.998,50.190
2510203130,2026-08-17 13:30:00,236.160,236.750,238.240,0.060,0.000,0.090,0.026,0.005,0.000,0.021,0.015,0.012,0.000,0.003,0.862,50.160
2510203133,2026-08-17 13:30:00,232.470,233.170,232.330,0.340,0.240,0.620,0.261,0.073,0.047,0.140,0.072,0.027,0.027,0.017,0.963,50.200
2510203134,2026-08-17 13:30:00,237.260,236.160,236.250,0.020,0.010,0.010,0.007,0.004,0.002,0.001,-0.002,-0.001,-0.001,0.000,0.972,50.210
2510224049,2026-08-17 13:30:00,229.740,230.940,230.760,0.250,4.130,0.020,0.930,0.040,0.880,0.000,0.170,-0.030,0.200,0.000,0.984,50.180
2510224167,2026-08-17 13:30:00,231.120,230.000,231.570,0.760,0.120,0.360,0.170,0.090,0.010,0.050,-0.160,-0.080,-0.020,-0.050,0.733,50.190
2510317505,2026-08-17 13:30:00,231.370,230.300,231.780,0.070,0.030,2.180,0.270,0.010,0.000,0.260,-0.240,0.000,0.000,-0.240,0.745,50.190
2510317516,2026-08-17 13:30:00,231.730,230.570,232.100,0.000,0.000,0.000,0.000,0.000,0.000,0.000,0.000,0.000,0.000,0.000,1.000,50.190
2510317537,2026-08-17 13:30:00,235.420,235.730,236.410,2.660,2.680,2.890,1.810,0.570,0.600,0.650,-0.310,-0.090,-0.100,-0.100,0.984,50.190
2510389559,2026-08-17 13:30:00,238.300,238.490,238.540,0.000,0.000,0.000,0.000,0.000,0.000,0.000,0.000,0.000,0.000,0.000,1.000,50.170
2510389643,2026-08-17 13:30:00,238.260,238.390,238.480,2.140,0.000,0.000,0.360,0.360,0.000,0.000,-0.050,-0.050,0.000,0.000,0.988,50.190
2510389931,2026-08-17 13:30:00,237.950,237.400,237.640,0.050,0.000,0.000,0.000,0.000,0.000,0.000,-0.010,-0.010,0.000,0.000,0.198,50.170
2510633381,2026-08-17 13:30:00,236.640,235.620,236.000,0.120,0.180,0.060,0.081,0.027,0.041,0.012,-0.017,-0.007,-0.006,-0.003,0.972,50.160
2510633383,2026-08-17 13:30:00,231.540,232.210,232.680,2.500,2.070,2.370,1.536,0.553,0.468,0.530,0.109,0.066,0.017,0.025,0.997,50.160
2510633385,2026-08-17 13:30:00,238.690,238.810,238.890,0.820,0.220,0.150,0.278,0.192,0.050,0.035,0.036,0.019,0.010,0.006,0.992,50.130
2510633386,2026-08-17 13:30:00,225.040,225.120,226.010,1.140,1.180,1.160,0.166,0.058,0.050,0.058,-0.703,-0.229,-0.238,-0.235,0.226,50.110
2510633387,2026-08-17 13:30:00,231.250,232.000,231.230,0.040,0.000,0.190,0.052,0.009,0.000,0.042,-0.005,-0.001,0.000,-0.003,0.993,50.120
2510633389,2026-08-17 13:30:00,238.200,238.440,238.100,0.690,0.660,0.610,0.445,0.159,0.149,0.136,0.135,0.039,0.048,0.046,0.957,50.130
2510633390,2026-08-17 13:30:00,235.570,236.470,235.410,2.000,2.280,2.140,1.428,0.449,0.513,0.475,0.390,0.096,0.134,0.159,0.964,50.140
2510633391,2026-08-17 13:30:00,121.830,121.710,121.580,0.660,0.670,0.870,0.238,0.069,0.070,0.097,0.005,0.019,-0.014,0.001,1.000,50.140
2510633393,2026-08-17 13:30:00,237.150,237.180,237.410,2.040,2.040,2.030,1.425,0.474,0.478,0.472,0.336,0.117,0.096,0.115,0.973,50.130
2510633395,2026-08-17 13:30:00,232.080,232.530,231.340,0.000,0.000,0.000,0.000,0.000,0.000,0.000,0.000,0.000,0.000,0.000,1.000,50.150
2510633396,2026-08-17 13:30:00,231.810,231.170,231.560,0.710,0.760,0.690,0.480,0.155,0.169,0.154,0.114,0.037,0.040,0.036,0.977,50.160
2510633397,2026-08-17 13:30:00,241.460,240.150,240.530,1.490,1.470,1.360,0.969,0.337,0.329,0.302,0.301,0.096,0.108,0.095,0.955,50.120
2510633399,2026-08-17 13:30:00,230.730,229.710,231.200,0.380,0.430,0.470,0.292,0.086,0.092,0.113,0.019,0.007,0.006,0.005,0.998,50.160
2510633400,2026-08-17 13:30:00,228.540,229.960,229.440,0.650,0.710,0.650,0.410,0.132,0.144,0.127,0.179,0.056,0.062,0.059,0.911,50.140
2510633402,2026-08-17 13:30:00,223.760,224.160,225.820,0.830,0.930,0.900,0.488,0.150,0.174,0.169,0.172,0.054,0.055,0.062,0.939,50.110
2510633406,2026-08-17 13:30:00,231.000,229.880,231.450,0.010,0.010,0.010,0.003,0.001,0.000,0.000,-0.003,-0.001,0.000,-0.001,0.684,50.150
2510633410,2026-08-17 13:30:00,231.150,230.050,231.570,0.110,0.110,0.080,0.068,0.025,0.025,0.016,-0.011,-0.003,-0.003,-0.003,0.991,50.150
2510633411,2026-08-17 13:30:00,227.920,227.240,226.190,2.410,2.250,2.330,1.480,0.519,0.474,0.487,0.580,0.184,0.195,0.200,0.928,50.150
2510814977,2026-08-17 13:30:00,224.800,226.040,224.190,0.070,0.070,0.120,0.055,0.014,0.016,0.024,-0.002,0.000,0.000,0.000,1.000,50.160
2610026950,2026-08-17 13:30:00,231.510,230.890,229.920,0.040,0.000,0.030,0.015,0.008,0.001,0.005,-0.001,0.000,0.000,0.000,1.000,50.150
2610026952,2026-08-17 13:30:00,223.940,222.840,223.500,6.960,6.780,6.720,4.021,1.371,1.317,1.332,2.155,0.736,0.734,0.685,0.881,50.150
2610026953,2026-08-17 13:30:00,237.390,236.870,237.130,0.700,0.700,0.680,0.435,0.139,0.143,0.140,0.124,0.045,0.044,0.034,0.964,50.150
2610026963,2026-08-17 13:30:00,232.180,232.220,232.960,0.220,0.070,0.040,0.064,0.049,0.014,0.001,-0.028,-0.011,-0.008,-0.009,0.912,50.160
2610026977,2026-08-17 13:30:00,246.600,246.010,245.920,0.150,0.260,0.150,0.108,0.024,0.058,0.025,0.074,0.026,0.023,0.025,0.822,50.140
2610126270,2026-08-17 13:30:00,230.120,231.510,231.240,0.100,0.050,0.030,0.042,0.022,0.011,0.007,-0.006,-0.002,-0.001,-0.002,0.977,50.170
2610126451,2026-08-17 13:30:00,232.900,233.450,232.670,0.000,0.050,0.160,0.049,0.000,0.012,0.036,0.006,0.000,0.003,0.002,0.993,50.150
2610159557,2026-08-17 13:30:00,236.570,235.550,235.710,0.010,0.010,0.010,0.006,0.001,0.002,0.002,-0.004,-0.002,-0.001,0.000,0.844,50.150
2610170786,2026-08-17 13:30:00,235.550,235.820,236.490,0.900,0.750,0.860,0.700,0.242,0.222,0.234,0.164,0.053,0.052,0.058,0.974,50.200
2610170836,2026-08-17 13:30:00,230.580,231.230,230.200,0.280,0.020,0.030,0.007,0.003,0.001,0.003,-0.003,-0.001,0.000,-0.001,0.996,50.170
2610170837,2026-08-17 13:30:00,226.220,224.160,224.790,0.020,0.000,0.040,0.014,0.004,0.000,0.009,0.000,0.000,0.000,0.000,0.980,50.160
2610170840,2026-08-17 13:30:00,237.940,237.390,237.660,0.010,0.000,0.000,0.003,0.003,0.000,0.000,0.000,0.000,0.000,0.000,1.000,50.170
2610322967,2026-08-17 13:30:00,237.010,235.830,235.800,0.000,0.000,0.010,0.002,0.000,0.000,0.002,0.000,0.000,0.000,0.000,0.899,50.150
2610322969,2026-08-17 13:30:00,231.490,230.980,229.930,0.180,0.210,0.310,0.159,0.040,0.047,0.071,0.002,0.001,0.000,0.002,0.999,50.150
2610322997,2026-08-17 13:30:00,224.190,224.960,223.460,0.740,0.890,0.620,0.559,0.192,0.212,0.153,0.236,0.046,0.112,0.077,0.890,50.170
2610323001,2026-08-17 13:30:00,220.860,220.220,220.130,4.330,3.560,3.770,2.341,0.876,0.707,0.752,1.024,0.364,0.321,0.338,0.916,50.160
2610323004,2026-08-17 13:30:00,62.350,61.720,62.320,3.220,3.210,3.420,0.592,0.194,0.194,0.203,0.139,0.050,0.041,0.048,0.973,50.160
2610323005,2026-08-17 13:30:00,229.900,231.370,230.940,0.090,0.000,0.000,0.020,0.019,0.001,0.000,0.000,-0.001,0.000,0.000,0.998,50.160
2610323016,2026-08-17 13:30:00,222.500,221.030,221.380,3.240,3.040,3.120,1.918,0.666,0.614,0.637,0.790,0.264,0.260,0.267,0.925,50.180
2610323019,2026-08-17 13:30:00,229.830,231.510,231.170,0.050,0.270,0.030,0.079,0.010,0.061,0.007,-0.009,-0.003,-0.003,-0.001,0.995,50.170
2610323024,2026-08-17 13:30:00,219.860,221.070,221.860,4.280,4.770,4.440,2.761,0.844,0.999,0.918,1.035,0.387,0.311,0.336,0.936,50.170
2510203106,2026-08-17 13:31:00,238.570,238.270,238.290,0.010,0.010,0.000,0.006,0.002,0.003,0.000,-0.002,-0.001,0.000,0.000,0.881,50.120
2510203115,2026-08-17 13:31:00,238.280,238.550,238.570,0.000,0.000,0.000,0.000,0.000,0.000,0.000,0.000,0.000,0.000,0.000,1.000,50.120
2610026966,2026-08-17 13:31:00,234.870,234.510,234.300,1.080,0.920,1.120,0.695,0.240,0.201,0.250,0.152,0.054,0.052,0.044,0.975,50.140
2610026976,2026-08-17 13:31:00,231.840,232.480,233.090,1.480,1.110,0.930,0.816,0.342,0.256,0.217,0.010,0.008,0.000,0.002,0.999,50.150
2610170838,2026-08-17 13:34:00,236.000,234.870,235.230,0.050,0.040,0.030,0.029,0.011,0.010,0.008,0.000,0.000,0.000,0.000,0.988,50.190
2246006313,2026-08-17 14:00:00,57.700,57.300,57.200,1.271,1.278,1.205,0.211,0.071,0.072,0.068,0.046,0.018,0.014,0.014,0.975,50.100
2410121326,2026-08-17 14:00:00,230.900,230.110,230.240,1.110,1.180,1.340,0.787,0.246,0.256,0.285,0.239,0.085,0.078,0.082,0.962,49.980
2410121353,2026-08-17 14:00:00,235.530,234.680,234.700,0.620,0.600,0.520,0.352,0.126,0.121,0.105,0.103,0.031,0.027,0.044,0.966,49.920
2410121371,2026-08-17 14:00:00,235.860,234.850,235.180,0.130,0.070,0.130,0.070,0.027,0.012,0.030,0.027,0.010,0.009,0.007,0.936,49.870
2410121424,2026-08-17 14:00:00,236.060,235.180,235.520,0.010,0.010,0.010,0.004,0.000,0.001,0.002,-0.003,-0.001,-0.001,0.000,0.766,50.010
2410121440,2026-08-17 14:00:00,235.650,234.710,234.920,0.080,0.060,0.170,0.076,0.024,0.012,0.039,0.026,0.007,0.007,0.011,0.937,49.880
2410121454,2026-08-17 14:00:00,235.260,235.810,234.650,0.740,0.860,0.960,0.599,0.173,0.203,0.223,0.078,0.016,0.021,0.040,0.991,50.010
2410121457,2026-08-17 14:00:00,233.770,232.970,233.430,2.380,2.220,2.170,1.521,0.534,0.494,0.493,0.374,0.138,0.132,0.103,0.971,49.940
2410121574,2026-08-17 14:00:00,235.140,234.150,233.960,1.970,1.650,1.980,1.272,0.452,0.368,0.454,0.093,0.035,0.017,0.041,0.997,49.950
2410131378,2026-08-17 14:00:00,234.950,235.100,234.160,0.860,0.940,0.940,0.663,0.207,0.229,0.226,0.123,0.026,0.042,0.054,0.983,49.880
2410131383,2026-08-17 14:00:00,238.280,238.260,238.220,0.280,0.300,0.360,0.222,0.067,0.069,0.085,0.025,0.001,0.012,0.011,0.995,49.970
2410131384,2026-08-17 14:00:00,234.140,234.770,234.260,1.510,1.830,1.610,1.032,0.341,0.345,0.346,0.220,0.080,0.084,0.060,0.979,50.110
2410131387,2026-08-17 14:00:00,235.330,235.030,235.630,0.210,0.200,0.160,0.133,0.048,0.046,0.038,0.002,-0.002,0.004,0.000,0.997,50.110
2410320615,2026-08-17 14:00:00,234.080,234.000,234.840,4.460,4.200,4.600,3.011,1.033,0.943,1.034,0.952,0.310,0.325,0.316,0.952,50.100
2410883988,2026-08-17 14:00:00,227.620,229.350,228.770,0.000,0.000,0.020,0.004,0.000,0.000,0.003,0.000,0.000,0.000,0.000,1.000,50.000
2410883990,2026-08-17 14:00:00,229.190,228.430,227.260,0.100,0.000,0.100,0.044,0.022,0.000,0.021,0.004,0.001,0.000,0.003,0.990,50.060
2410883991,2026-08-17 14:00:00,234.050,234.340,235.210,0.390,0.310,0.420,0.259,0.090,0.070,0.098,0.005,0.003,0.001,0.000,1.000,50.050
2410883993,2026-08-17 14:00:00,234.490,233.630,233.820,1.150,1.120,0.960,0.736,0.255,0.260,0.221,0.105,0.050,0.019,0.010,0.985,50.020
2410883994,2026-08-17 14:00:00,235.330,234.270,234.580,0.000,0.000,0.010,0.003,0.000,0.000,0.003,0.000,0.000,0.000,0.000,0.940,50.060
2410932742,2026-08-17 14:00:00,222.480,220.500,220.750,4.180,4.120,4.330,2.628,0.875,0.855,0.897,0.712,0.238,0.224,0.250,0.965,50.100
2411087432,2026-08-17 14:00:00,230.610,231.690,230.600,1.800,1.900,2.400,1.328,0.389,0.405,0.533,0.221,0.039,0.091,0.091,0.986,50.100
2411087433,2026-08-17 14:00:00,234.620,234.870,235.620,0.670,0.580,0.720,0.447,0.151,0.129,0.159,0.024,0.009,0.002,0.012,0.998,50.020
2411290205,2026-08-17 14:00:00,234.550,234.630,234.320,3.730,3.700,3.720,2.639,0.884,0.875,0.879,0.976,0.329,0.322,0.329,0.932,50.100
2510014482,2026-08-17 14:00:00,230.880,231.880,230.760,1.860,1.180,0.940,0.869,0.301,0.292,0.275,0.081,0.029,0.029,0.021,0.994,50.090
2510014483,2026-08-17 14:00:00,234.200,234.400,235.150,0.120,0.110,0.120,0.079,0.027,0.025,0.027,-0.019,-0.005,-0.005,-0.008,0.970,49.930
2510014484,2026-08-17 14:00:00,236.980,236.740,237.030,1.680,1.870,1.460,1.102,0.366,0.423,0.312,0.398,0.138,0.130,0.129,0.941,50.080
2510178139,2026-08-17 14:00:00,232.200,232.790,231.930,0.530,0.490,0.640,0.376,0.124,0.106,0.145,0.103,0.039,0.035,0.029,0.962,50.020
2510178141,2026-08-17 14:00:00,231.470,231.990,232.620,0.620,0.470,0.660,0.366,0.124,0.108,0.133,0.012,0.020,-0.003,-0.003,1.000,50.080
2510203103,2026-08-17 14:00:00,219.360,217.620,217.990,1.300,1.300,1.350,0.833,0.272,0.275,0.281,0.050,0.021,0.016,0.012,0.997,50.110
2510203104,2026-08-17 14:00:00,228.050,228.060,228.890,1.320,1.320,1.190,0.777,0.261,0.271,0.244,0.194,0.052,0.073,0.068,0.973,50.110
2510203105,2026-08-17 14:00:00,229.830,227.820,228.580,0.570,0.540,0.470,0.335,0.121,0.114,0.099,0.113,0.042,0.040,0.029,0.950,50.020
2510203107,2026-08-17 14:00:00,224.720,224.140,224.650,2.160,2.220,2.040,1.327,0.447,0.455,0.424,0.436,0.138,0.166,0.131,0.950,50.040
2510203108,2026-08-17 14:00:00,231.480,232.080,231.070,0.910,1.020,1.400,0.765,0.212,0.233,0.320,0.119,0.049,0.031,0.038,0.988,50.110
2510203109,2026-08-17 14:00:00,234.490,235.290,234.220,0.540,0.550,0.740,0.402,0.117,0.125,0.159,0.104,0.043,0.029,0.030,0.968,50.020
2510203111,2026-08-17 14:00:00,231.100,231.820,232.310,1.810,1.540,1.970,1.164,0.388,0.338,0.437,0.270,0.115,0.071,0.083,0.973,50.110
2510203113,2026-08-17 14:00:00,236.910,237.020,236.860,2.660,2.580,2.820,1.843,0.609,0.586,0.647,0.256,0.069,0.090,0.095,0.990,50.090
2510203114,2026-08-17 14:00:00,227.850,228.050,228.760,1.170,1.090,0.990,0.677,0.234,0.230,0.212,0.182,0.054,0.068,0.062,0.965,49.900
2510203117,2026-08-17 14:00:00,228.810,228.160,226.960,0.200,0.320,0.160,0.110,0.025,0.065,0.019,0.099,0.037,0.030,0.031,0.742,50.100
2510203118,2026-08-17 14:00:00,123.640,123.700,124.150,0.160,0.130,0.140,0.047,0.017,0.015,0.014,-0.023,-0.008,-0.005,-0.009,0.894,50.020
2510203119,2026-08-17 14:00:00,228.950,228.160,226.970,0.000,0.000,0.000,0.000,0.000,0.000,0.000,0.000,0.000,0.000,0.000,1.000,50.110
2510203120,2026-08-17 14:00:00,234.320,233.380,233.720,2.200,1.910,1.920,1.355,0.496,0.427,0.430,0.251,0.098,0.082,0.070,0.982,50.110
2510203121,2026-08-17 14:00:00,228.710,227.470,229.320,0.100,0.070,0.170,0.078,0.023,0.016,0.038,-0.012,-0.001,-0.004,-0.007,0.988,50.020
2510203122,2026-08-17 14:00:00,230.640,231.630,230.600,0.960,0.670,0.630,0.409,0.184,0.119,0.105,0.322,0.123,0.099,0.099,0.779,50.100
2510203123,2026-08-17 14:00:00,230.980,231.470,231.900,1.220,1.510,1.550,0.589,0.173,0.217,0.198,0.239,0.103,0.054,0.081,0.983,50.100
2510203124,2026-08-17 14:00:00,230.940,231.050,230.530,1.030,1.040,1.080,0.697,0.232,0.229,0.235,0.167,0.054,0.057,0.055,0.972,50.010
2510203125,2026-08-17 14:00:00,238.040,238.090,238.190,0.080,0.080,0.120,0.055,0.014,0.012,0.027,-0.032,-0.011,-0.012,-0.008,0.864,50.020
2510203126,2026-08-17 14:00:00,228.610,227.360,229.320,0.020,0.000,0.000,0.003,0.003,0.000,0.000,0.000,0.000,0.000,0.000,0.992,50.000
2510203127,2026-08-17 14:00:00,231.160,232.070,231.310,1.660,1.620,1.590,1.059,0.355,0.355,0.348,0.306,0.115,0.089,0.102,0.959,49.990
2510203128,2026-08-17 14:00:00,234.400,234.930,233.430,1.730,1.640,1.640,1.144,0.397,0.373,0.372,0.065,0.004,0.019,0.041,0.998,50.110
2510203130,2026-08-17 14:00:00,240.170,240.610,242.220,0.090,0.050,0.050,0.028,0.006,0.010,0.011,0.033,0.021,0.010,0.001,0.659,50.010
2510203133,2026-08-17 14:00:00,231.210,232.050,231.150,0.350,0.220,0.700,0.285,0.077,0.046,0.161,0.063,0.022,0.024,0.016,0.977,50.070
2510203134,2026-08-17 14:00:00,235.970,234.890,235.000,0.020,0.010,0.010,0.007,0.004,0.002,0.001,-0.002,-0.001,-0.001,0.000,0.971,50.100
2510224049,2026-08-17 14:00:00,226.790,228.540,227.990,0.250,4.060,0.020,0.910,0.040,0.870,0.000,0.150,-0.020,0.190,0.000,0.986,50.070
2510224167,2026-08-17 14:00:00,228.280,226.950,228.940,0.760,0.120,0.360,0.170,0.090,0.010,0.050,-0.150,-0.080,-0.020,-0.050,0.744,50.080
2510317505,2026-08-17 14:00:00,228.540,227.290,229.150,0.070,0.020,2.180,0.270,0.010,0.000,0.260,-0.240,0.000,0.000,-0.230,0.754,50.070
2510317516,2026-08-17 14:00:00,228.910,227.600,229.470,0.000,0.000,0.000,0.000,0.000,0.000,0.000,0.000,0.000,0.000,0.000,1.000,50.090
2510317537,2026-08-17 14:00:00,234.220,234.240,234.880,2.890,2.800,2.680,1.850,0.640,0.700,0.700,-0.330,-0.120,-0.100,-0.100,0.986,50.080
2510389559,2026-08-17 14:00:00,237.720,238.270,238.190,0.000,0.000,0.000,0.000,0.000,0.000,0.000,0.000,0.000,0.000,0.000,1.000,50.090
2510389643,2026-08-17 14:00:00,237.860,238.360,238.270,0.730,0.000,0.000,0.170,0.170,0.000,0.000,0.000,0.000,0.000,0.000,1.000,50.080
2510633381,2026-08-17 14:00:00,235.730,234.670,234.950,0.130,0.180,0.090,0.093,0.029,0.043,0.020,0.000,0.000,-0.001,0.001,1.000,50.010
2510633383,2026-08-17 14:00:00,231.330,231.910,232.400,2.590,2.210,2.470,1.614,0.572,0.491,0.551,0.112,0.065,0.017,0.028,0.997,50.000
2510633385,2026-08-17 14:00:00,237.470,237.980,237.930,1.170,0.230,0.350,0.407,0.272,0.053,0.081,0.051,0.026,0.011,0.014,0.991,49.930
2510633386,2026-08-17 14:00:00,223.770,223.960,224.810,1.120,1.150,1.130,0.174,0.062,0.052,0.058,-0.688,-0.223,-0.234,-0.230,0.242,49.920
2510633387,2026-08-17 14:00:00,234.070,234.830,233.990,0.040,0.060,0.180,0.066,0.009,0.015,0.042,-0.005,0.000,0.000,-0.003,0.999,49.930
2510633389,2026-08-17 14:00:00,237.260,237.340,237.120,0.800,0.750,0.660,0.501,0.181,0.169,0.151,0.155,0.046,0.056,0.053,0.954,49.940
2510633390,2026-08-17 14:00:00,234.400,235.220,234.270,1.730,1.980,1.880,1.229,0.372,0.454,0.401,0.374,0.091,0.127,0.168,0.952,49.960
2510633391,2026-08-17 14:00:00,123.530,123.490,123.330,0.680,0.670,0.900,0.249,0.074,0.070,0.104,0.005,0.021,-0.015,0.002,0.999,49.970
2510633393,2026-08-17 14:00:00,236.170,236.330,236.430,1.930,1.910,1.910,1.302,0.435,0.435,0.431,0.324,0.115,0.095,0.113,0.970,49.890
2510633395,2026-08-17 14:00:00,231.550,231.980,230.960,0.000,0.000,0.000,0.000,0.000,0.000,0.000,0.000,0.000,0.000,0.000,1.000,50.020
2510633396,2026-08-17 14:00:00,231.650,231.090,231.360,0.680,0.750,0.680,0.459,0.148,0.164,0.146,0.100,0.032,0.035,0.032,0.978,50.000
2510633397,2026-08-17 14:00:00,240.560,239.370,239.630,0.870,0.880,0.840,0.507,0.170,0.169,0.164,0.336,0.113,0.114,0.108,0.832,49.960
2510633399,2026-08-17 14:00:00,227.900,226.640,228.630,0.400,0.430,0.480,0.296,0.089,0.097,0.108,0.028,0.009,0.009,0.009,0.994,50.000
2510633402,2026-08-17 14:00:00,227.470,227.790,229.300,0.600,0.730,0.760,0.525,0.160,0.179,0.186,0.164,0.052,0.054,0.057,0.941,49.910
2510633406,2026-08-17 14:00:00,228.460,227.080,229.130,0.010,0.010,0.010,0.003,0.001,0.000,0.000,-0.003,-0.001,0.000,-0.001,0.692,50.020
2510633410,2026-08-17 14:00:00,228.210,226.870,228.770,0.140,0.110,0.080,0.073,0.032,0.023,0.017,-0.008,-0.001,-0.003,-0.003,0.995,49.950
2510633411,2026-08-17 14:00:00,225.110,224.130,223.000,2.650,2.490,2.530,1.590,0.556,0.511,0.518,0.590,0.187,0.202,0.200,0.936,49.980
2510814977,2026-08-17 14:00:00,228.240,229.570,227.810,0.080,0.070,0.100,0.059,0.015,0.017,0.026,-0.002,0.000,-0.001,0.000,1.000,50.030
2610026950,2026-08-17 14:00:00,229.010,228.140,226.950,0.070,0.050,0.050,0.034,0.015,0.009,0.010,0.012,0.004,0.004,0.003,0.944,50.020
2610026953,2026-08-17 14:00:00,237.290,236.890,237.100,0.670,0.660,0.670,0.424,0.142,0.130,0.151,0.128,0.047,0.043,0.037,0.958,50.020
2610026963,2026-08-17 14:00:00,231.770,231.870,232.620,0.180,0.050,0.040,0.045,0.039,0.006,0.000,-0.028,-0.010,-0.009,-0.008,0.843,50.000
2610026966,2026-08-17 14:00:00,234.160,233.840,233.890,1.100,0.920,0.950,0.657,0.242,0.203,0.211,0.139,0.051,0.047,0.044,0.979,50.010
2610026976,2026-08-17 14:00:00,231.060,231.540,232.260,1.590,1.090,0.910,0.816,0.356,0.250,0.208,0.002,0.007,-0.001,-0.003,0.999,50.010
2610026977,2026-08-17 14:00:00,245.820,245.260,245.290,0.150,0.260,0.140,0.108,0.024,0.058,0.025,0.074,0.025,0.023,0.024,0.824,49.990
2610126270,2026-08-17 14:00:00,227.150,228.990,228.440,0.110,0.060,0.030,0.043,0.025,0.012,0.005,-0.006,-0.002,-0.001,-0.002,0.983,50.050
2610126451,2026-08-17 14:00:00,232.210,232.770,232.010,0.000,0.000,0.160,0.037,0.000,0.000,0.036,0.002,0.000,0.000,0.002,1.000,50.020
2610159557,2026-08-17 14:00:00,235.430,234.370,234.580,0.020,0.020,0.020,0.012,0.003,0.004,0.004,-0.005,-0.002,-0.001,-0.001,0.915,50.020
2610170786,2026-08-17 14:00:00,234.400,234.740,235.450,0.930,0.840,0.910,0.531,0.176,0.179,0.176,0.100,0.029,0.034,0.048,0.984,50.080
2610170836,2026-08-17 14:00:00,231.270,232.090,230.910,0.360,0.090,0.280,0.074,0.064,0.000,0.009,-0.001,0.000,0.000,0.000,0.999,50.050
2610170837,2026-08-17 14:00:00,229.670,227.720,228.220,0.000,0.000,0.040,0.010,0.000,0.000,0.010,0.000,0.000,0.000,0.000,1.000,50.060
2610170840,2026-08-17 14:00:00,238.140,237.700,237.990,0.000,0.000,0.000,0.000,0.000,0.000,0.000,0.000,0.000,0.000,0.000,0.418,50.070
2610322967,2026-08-17 14:00:00,235.840,234.650,234.680,0.000,0.000,0.010,0.003,0.000,0.000,0.003,0.000,0.000,0.000,0.000,1.000,50.010
2610322997,2026-08-17 14:00:00,227.550,228.130,227.000,0.940,1.040,0.790,0.575,0.211,0.207,0.156,0.253,0.052,0.130,0.074,0.916,50.040
2610323001,2026-08-17 14:00:00,224.390,223.890,223.680,4.210,3.470,3.800,2.280,0.837,0.697,0.771,1.093,0.382,0.344,0.365,0.903,49.930
2610323004,2026-08-17 14:00:00,63.350,62.720,63.280,3.030,3.010,3.150,0.583,0.192,0.191,0.202,0.136,0.049,0.040,0.046,0.975,50.030
2610323005,2026-08-17 14:00:00,227.040,228.880,228.190,0.110,0.070,0.070,0.051,0.023,0.014,0.013,0.023,0.007,0.008,0.008,0.915,50.050
2610323016,2026-08-17 14:00:00,225.710,224.370,224.600,3.340,3.150,3.200,1.971,0.687,0.636,0.648,0.872,0.281,0.279,0.288,0.914,50.060
2610323019,2026-08-17 14:00:00,226.950,229.000,228.340,0.200,0.410,0.240,0.181,0.039,0.091,0.049,0.060,0.020,0.021,0.019,0.946,50.060
2610323024,2026-08-17 14:00:00,223.480,224.640,225.470,4.080,4.480,4.150,2.657,0.816,0.966,0.887,1.057,0.400,0.319,0.338,0.928,50.060
2510014481,2026-08-17 14:01:00,226.150,226.580,227.610,2.220,2.040,2.650,1.478,0.451,0.449,0.557,0.542,0.173,0.182,0.186,0.937,49.890
2510203106,2026-08-17 14:01:00,237.840,237.580,237.700,0.010,0.010,0.000,0.006,0.002,0.003,0.000,-0.002,-0.001,0.000,0.000,0.889,49.900
2510203115,2026-08-17 14:01:00,237.820,238.130,238.150,0.000,0.000,0.000,0.000,0.000,0.000,0.000,0.000,0.000,0.000,0.000,1.000,49.900
2510389931,2026-08-17 14:01:00,237.850,237.360,237.650,0.050,0.000,0.000,0.000,0.000,0.000,0.000,-0.010,-0.010,0.000,0.000,0.191,50.030
2610026952,2026-08-17 14:01:00,230.520,229.490,229.940,4.560,4.470,4.470,2.745,0.927,0.905,0.912,1.435,0.491,0.480,0.464,0.885,50.080
2610170838,2026-08-17 14:01:00,235.200,234.100,234.450,0.020,0.040,0.030,0.024,0.005,0.010,0.008,0.000,0.000,0.000,0.000,1.000,49.900
2610322969,2026-08-17 14:01:00,228.640,227.920,226.690,0.180,0.170,0.220,0.129,0.040,0.038,0.051,-0.001,0.001,-0.001,-0.001,1.000,50.090
2510633400,2026-08-17 14:02:00,225.500,227.490,226.560,0.670,0.760,0.700,0.451,0.130,0.148,0.130,0.166,0.052,0.056,0.058,0.937,49.960
2246006313,2026-08-17 14:30:00,57.600,57.200,57.100,1.346,1.333,1.272,0.222,0.075,0.075,0.071,0.050,0.018,0.015,0.016,0.974,49.850
2410121326,2026-08-17 14:30:00,231.530,230.480,230.890,1.120,1.180,1.240,0.759,0.243,0.271,0.319,0.183,0.065,0.058,0.059,0.978,49.820
2410121353,2026-08-17 14:30:00,232.070,231.170,231.270,0.420,0.410,0.340,0.285,0.103,0.101,0.080,0.037,0.008,0.005,0.022,0.990,49.800
2410121371,2026-08-17 14:30:00,232.010,230.880,231.240,0.130,0.070,0.130,0.071,0.028,0.012,0.029,0.026,0.010,0.009,0.007,0.931,49.810
2410121424,2026-08-17 14:30:00,232.320,231.320,231.570,0.010,0.010,0.010,0.004,0.000,0.001,0.002,-0.002,-0.001,-0.001,0.000,0.902,49.810
2410121440,2026-08-17 14:30:00,231.980,231.000,231.250,0.080,0.060,0.170,0.068,0.018,0.012,0.037,0.023,0.006,0.007,0.010,0.945,49.810
2410121454,2026-08-17 14:30:00,231.350,232.100,230.670,0.660,0.800,0.910,0.526,0.149,0.179,0.201,0.073,0.017,0.018,0.037,0.989,49.820
2410121457,2026-08-17 14:30:00,229.970,228.990,228.970,2.490,2.380,2.290,1.573,0.547,0.519,0.506,0.419,0.152,0.150,0.117,0.966,49.830
2410121574,2026-08-17 14:30:00,231.430,230.340,230.120,2.090,1.800,2.130,1.392,0.481,0.421,0.486,0.091,0.032,0.018,0.040,0.997,49.810
2410131383,2026-08-17 14:30:00,236.670,236.800,236.710,0.280,0.270,0.340,0.208,0.064,0.063,0.080,0.010,0.001,0.002,0.006,0.996,49.820
2410131384,2026-08-17 14:30:00,231.780,232.500,231.590,1.250,1.360,1.210,0.812,0.292,0.361,0.333,0.200,0.065,0.075,0.059,0.975,49.860
2410131387,2026-08-17 14:30:00,234.490,234.160,234.670,0.180,0.180,0.150,0.116,0.040,0.041,0.034,-0.006,-0.006,0.001,-0.002,0.998,49.830
2410320615,2026-08-17 14:30:00,232.730,232.590,233.580,4.740,4.400,4.760,3.071,1.038,0.967,1.065,0.974,0.314,0.339,0.319,0.952,49.850
2410883988,2026-08-17 14:30:00,227.220,229.110,228.620,0.000,0.000,0.020,0.004,0.000,0.000,0.003,0.000,0.000,0.000,0.000,1.000,49.850
2410883990,2026-08-17 14:30:00,228.780,228.100,226.720,0.100,0.130,0.210,0.087,0.022,0.017,0.047,0.034,0.001,0.023,0.008,0.930,49.830
2410883991,2026-08-17 14:30:00,231.580,231.830,232.640,0.260,0.270,0.430,0.222,0.062,0.058,0.100,0.003,0.003,0.000,0.000,0.999,49.890
2410883993,2026-08-17 14:30:00,231.630,230.640,231.000,0.670,0.780,0.850,0.449,0.127,0.153,0.187,0.134,0.056,0.055,0.022,0.953,49.820
2410883994,2026-08-17 14:30:00,232.500,231.480,231.830,0.000,0.000,0.020,0.004,0.000,0.000,0.003,0.000,0.000,0.000,0.000,1.000,49.850
2410932742,2026-08-17 14:30:00,224.570,222.670,222.950,4.140,4.070,4.300,2.620,0.871,0.851,0.897,0.726,0.244,0.227,0.255,0.963,49.840
2411087432,2026-08-17 14:30:00,231.390,232.180,231.240,1.930,1.850,1.770,1.214,0.431,0.399,0.383,0.177,0.004,0.099,0.072,0.989,49.850
2411087433,2026-08-17 14:30:00,231.800,232.010,232.730,0.640,0.550,0.680,0.427,0.146,0.129,0.159,0.026,0.009,0.002,0.014,0.997,49.820
2411290205,2026-08-17 14:30:00,233.110,233.220,232.920,3.190,3.160,3.190,2.017,0.669,0.671,0.676,0.892,0.306,0.290,0.295,0.904,49.880
2510014481,2026-08-17 14:30:00,223.710,224.270,225.320,2.420,2.040,2.320,1.518,0.516,0.454,0.547,0.541,0.179,0.174,0.187,0.939,49.820
2510014483,2026-08-17 14:30:00,231.460,231.680,232.420,0.100,0.080,0.100,0.061,0.022,0.017,0.022,-0.019,-0.005,-0.005,-0.008,0.955,49.830
2510178139,2026-08-17 14:30:00,232.800,233.340,232.300,0.470,0.480,0.580,0.345,0.110,0.104,0.129,0.123,0.043,0.041,0.035,0.931,49.810
2510178141,2026-08-17 14:30:00,231.380,232.080,232.620,0.860,0.830,0.900,0.509,0.170,0.161,0.177,0.013,0.021,-0.005,-0.002,0.999,49.830
2510203103,2026-08-17 14:30:00,221.680,219.940,220.460,1.290,1.270,1.230,0.833,0.295,0.269,0.272,0.050,0.023,0.014,0.012,0.997,49.850
2510203104,2026-08-17 14:30:00,225.290,225.290,226.190,1.460,1.570,1.320,0.919,0.318,0.323,0.286,0.208,0.056,0.077,0.074,0.975,49.850
2510203105,2026-08-17 14:30:00,227.210,225.390,226.120,1.390,1.200,1.200,0.869,0.345,0.259,0.264,0.156,0.060,0.055,0.039,0.981,49.820
2510203107,2026-08-17 14:30:00,223.010,222.520,222.880,2.230,2.280,2.100,1.358,0.461,0.463,0.433,0.457,0.146,0.174,0.137,0.947,49.830
2510203108,2026-08-17 14:30:00,232.760,233.190,232.230,0.950,1.400,1.380,0.852,0.204,0.340,0.305,0.132,0.045,0.039,0.047,0.983,49.840
2510203109,2026-08-17 14:30:00,231.200,231.990,230.950,0.590,0.610,0.790,0.425,0.126,0.132,0.166,0.111,0.046,0.031,0.033,0.967,49.810
2510203111,2026-08-17 14:30:00,231.760,232.500,232.930,1.700,1.460,1.880,1.115,0.370,0.323,0.422,0.247,0.109,0.062,0.076,0.975,49.870
2510203113,2026-08-17 14:30:00,235.040,235.170,235.070,2.830,2.780,3.040,1.965,0.640,0.636,0.688,0.263,0.068,0.094,0.101,0.991,49.840
2510203114,2026-08-17 14:30:00,225.180,225.280,226.110,1.060,1.160,1.020,0.708,0.237,0.252,0.218,0.176,0.053,0.065,0.059,0.968,49.810
2510203117,2026-08-17 14:30:00,228.370,227.710,226.340,0.200,0.360,0.210,0.133,0.022,0.075,0.036,0.100,0.039,0.031,0.029,0.802,49.830
2510203118,2026-08-17 14:30:00,122.080,122.120,122.560,0.250,0.220,0.220,0.058,0.021,0.019,0.018,-0.015,-0.005,-0.003,-0.006,0.983,49.810
2510203119,2026-08-17 14:30:00,228.780,228.130,226.710,0.000,0.000,0.000,0.000,0.000,0.000,0.000,0.000,0.000,0.000,0.000,1.000,49.860
2510203120,2026-08-17 14:30:00,231.250,230.420,230.820,2.360,2.040,1.950,1.416,0.528,0.453,0.433,0.260,0.101,0.085,0.072,0.983,49.830
2510203121,2026-08-17 14:30:00,228.360,227.040,228.800,0.110,0.080,0.190,0.083,0.024,0.016,0.042,-0.014,-0.002,-0.003,-0.008,0.980,49.820
2510203122,2026-08-17 14:30:00,231.410,232.200,231.030,0.970,0.660,0.570,0.401,0.184,0.117,0.099,0.300,0.121,0.091,0.086,0.800,49.850
2510203123,2026-08-17 14:30:00,231.540,232.290,232.700,0.660,0.870,0.750,0.881,0.238,0.312,0.331,0.125,0.059,0.019,0.046,0.965,49.860
2510203124,2026-08-17 14:30:00,232.330,232.490,231.670,1.050,1.060,1.070,0.682,0.226,0.226,0.233,0.170,0.053,0.059,0.057,0.970,49.810
2510203125,2026-08-17 14:30:00,236.720,236.560,236.790,0.080,0.080,0.120,0.055,0.014,0.012,0.026,-0.031,-0.011,-0.012,-0.008,0.877,49.820
2510203126,2026-08-17 14:30:00,228.710,227.150,229.310,0.020,0.000,0.000,0.003,0.003,0.000,0.000,0.000,0.000,0.000,0.000,0.986,49.820
2510203127,2026-08-17 14:30:00,230.460,231.380,230.380,2.240,2.520,2.310,1.485,0.459,0.535,0.480,0.297,0.107,0.085,0.104,0.981,49.820
2510203128,2026-08-17 14:30:00,231.850,232.460,230.980,1.810,1.720,1.700,1.181,0.411,0.389,0.381,0.075,0.007,0.023,0.044,0.997,49.860
2510203130,2026-08-17 14:30:00,237.440,238.010,239.450,0.090,0.000,0.110,0.032,0.008,0.000,0.023,0.022,0.018,0.000,0.004,0.838,49.810
2510203133,2026-08-17 14:30:00,231.500,232.070,231.210,0.330,0.200,0.670,0.268,0.073,0.039,0.154,0.060,0.020,0.023,0.015,0.977,49.860
2510203134,2026-08-17 14:30:00,233.100,231.990,232.120,0.020,0.010,0.010,0.007,0.004,0.002,0.001,-0.002,-0.001,-0.001,0.000,0.959,49.860
2510224049,2026-08-17 14:30:00,226.260,228.100,227.640,0.250,3.960,0.020,0.920,0.040,0.880,0.000,0.160,-0.020,0.200,0.000,0.983,49.830
2510224167,2026-08-17 14:30:00,228.230,226.670,228.830,0.750,0.120,0.360,0.170,0.090,0.010,0.050,-0.150,-0.080,-0.020,-0.050,0.749,49.830
2510317505,2026-08-17 14:30:00,228.250,226.890,228.870,0.070,0.020,2.180,0.270,0.010,0.000,0.260,-0.230,0.000,0.000,-0.230,0.759,49.830
2510317516,2026-08-17 14:30:00,228.770,227.300,229.390,0.000,0.000,0.000,0.000,0.000,0.000,0.000,0.000,0.000,0.000,0.000,1.000,49.840
2510317537,2026-08-17 14:30:00,230.920,231.140,231.790,2.900,2.860,3.120,2.200,0.720,0.710,0.760,-0.240,-0.060,-0.060,-0.110,0.993,49.830
2510389559,2026-08-17 14:30:00,236.400,236.610,236.130,0.000,0.000,0.000,0.000,0.000,0.000,0.000,0.000,0.000,0.000,0.000,1.000,49.830
2510389643,2026-08-17 14:30:00,236.510,236.680,236.110,0.640,0.000,0.000,0.150,0.150,0.000,0.000,0.000,0.000,0.000,0.000,0.999,49.830
2510389931,2026-08-17 14:30:00,236.390,236.020,236.130,0.050,0.000,0.000,0.000,0.000,0.000,0.000,-0.010,-0.010,0.000,0.000,0.200,49.830
2510633381,2026-08-17 14:30:00,232.610,231.530,231.800,0.120,0.180,0.080,0.087,0.027,0.041,0.017,-0.017,-0.007,-0.006,-0.003,0.974,49.810
2510633383,2026-08-17 14:30:00,230.320,231.170,231.790,2.540,2.130,2.420,1.555,0.558,0.459,0.537,0.109,0.068,0.017,0.024,0.997,49.820
2510633385,2026-08-17 14:30:00,236.420,236.660,236.180,0.840,0.230,0.550,0.376,0.196,0.053,0.125,0.050,0.012,0.010,0.026,0.989,49.820
2510633386,2026-08-17 14:30:00,220.980,221.160,221.940,1.100,1.140,1.120,0.170,0.058,0.053,0.058,-0.672,-0.219,-0.228,-0.225,0.244,49.820
2510633387,2026-08-17 14:30:00,230.300,231.190,230.210,0.040,0.000,0.180,0.052,0.009,0.000,0.042,-0.005,0.000,0.000,-0.003,1.000,49.830
2510633389,2026-08-17 14:30:00,235.670,235.890,235.690,0.850,0.810,0.740,0.522,0.186,0.176,0.159,0.193,0.057,0.067,0.067,0.939,49.840
2510633390,2026-08-17 14:30:00,231.420,232.250,231.250,1.710,2.100,1.960,1.227,0.364,0.448,0.414,0.350,0.087,0.111,0.161,0.959,49.820
2510633391,2026-08-17 14:30:00,121.750,121.510,121.420,0.640,0.670,0.860,0.244,0.070,0.072,0.101,0.005,0.017,-0.017,0.004,1.000,49.810
2510633393,2026-08-17 14:30:00,234.820,234.690,234.930,1.930,1.990,1.950,1.322,0.433,0.450,0.438,0.300,0.106,0.088,0.104,0.975,49.820
2510633395,2026-08-17 14:30:00,232.570,232.950,231.610,0.000,0.000,0.000,0.000,0.000,0.000,0.000,0.000,0.000,0.000,0.000,1.000,49.820
2510633396,2026-08-17 14:30:00,232.130,231.300,231.900,0.680,0.750,0.670,0.460,0.149,0.164,0.146,0.100,0.032,0.036,0.031,0.975,49.810
2510633397,2026-08-17 14:30:00,237.320,236.150,236.460,0.760,0.770,0.810,0.436,0.137,0.142,0.155,0.339,0.115,0.112,0.112,0.788,49.830
2510633399,2026-08-17 14:30:00,227.810,226.280,228.430,0.410,0.410,0.480,0.293,0.092,0.092,0.108,0.032,0.011,0.010,0.009,0.995,49.810
2510633400,2026-08-17 14:30:00,225.850,227.850,227.190,0.560,0.610,0.550,0.347,0.110,0.129,0.108,0.165,0.053,0.055,0.055,0.917,49.820
2510633402,2026-08-17 14:30:00,225.160,225.430,226.940,0.560,0.640,0.650,0.392,0.118,0.136,0.138,0.121,0.039,0.040,0.042,0.955,49.820
2510633406,2026-08-17 14:30:00,228.230,226.720,228.840,0.010,0.010,0.010,0.003,0.001,0.000,0.000,-0.003,-0.001,0.000,-0.001,0.682,49.810
2510633410,2026-08-17 14:30:00,228.300,226.820,228.890,0.170,0.110,0.100,0.084,0.038,0.025,0.021,-0.013,-0.004,-0.003,-0.005,0.990,49.820
2510633411,2026-08-17 14:30:00,225.240,224.350,222.950,2.640,2.460,2.540,1.561,0.551,0.500,0.509,0.585,0.185,0.200,0.198,0.939,49.820
2510814977,2026-08-17 14:30:00,225.870,227.180,225.430,0.070,0.080,0.070,0.055,0.016,0.017,0.014,-0.001,0.000,-0.001,-0.001,0.991,49.820
2610026950,2026-08-17 14:30:00,228.720,227.930,226.550,0.070,0.040,0.050,0.034,0.015,0.009,0.010,0.012,0.004,0.004,0.003,0.937,49.820
2610026952,2026-08-17 14:30:00,225.540,224.460,224.940,6.110,5.930,6.000,3.520,1.189,1.149,1.181,1.950,0.671,0.639,0.618,0.876,49.820
2610026953,2026-08-17 14:30:00,235.850,235.500,235.550,0.650,0.680,0.650,0.458,0.151,0.155,0.150,0.126,0.046,0.045,0.035,0.961,49.820
2610026963,2026-08-17 14:30:00,232.650,232.920,233.600,0.240,0.060,0.040,0.060,0.054,0.007,0.000,-0.033,-0.012,-0.011,-0.009,0.875,49.820
2610026966,2026-08-17 14:30:00,233.950,233.640,233.830,1.210,0.910,0.980,0.692,0.272,0.202,0.217,0.142,0.055,0.047,0.039,0.979,49.810
2610026976,2026-08-17 14:30:00,231.540,232.490,233.250,1.790,1.550,1.180,0.963,0.397,0.311,0.254,0.028,0.034,0.000,-0.004,0.999,49.810
2610026977,2026-08-17 14:30:00,246.020,245.460,245.610,0.150,0.260,0.150,0.107,0.024,0.058,0.025,0.075,0.026,0.024,0.025,0.816,49.820
2610126270,2026-08-17 14:30:00,226.890,228.980,228.540,0.100,0.050,0.020,0.039,0.023,0.011,0.004,-0.006,-0.002,-0.001,-0.002,0.997,49.820
2610126451,2026-08-17 14:30:00,232.790,233.340,232.550,0.000,0.000,0.120,0.027,0.000,0.000,0.027,0.001,0.000,0.000,0.001,0.991,49.810
2610159557,2026-08-17 14:30:00,232.580,231.550,231.740,0.020,0.020,0.020,0.014,0.004,0.005,0.005,-0.004,-0.002,-0.001,-0.001,0.965,49.820
2610170786,2026-08-17 14:30:00,231.000,231.220,231.940,1.190,1.190,1.220,0.719,0.237,0.239,0.242,0.157,0.046,0.052,0.059,0.981,49.830
2610170836,2026-08-17 14:30:00,231.660,232.170,231.080,0.190,0.190,0.190,0.045,0.033,0.004,0.007,0.043,0.014,0.014,0.013,0.883,49.830
2610170837,2026-08-17 14:30:00,227.330,225.390,225.880,0.020,0.020,0.060,0.015,0.002,0.001,0.012,0.004,0.001,0.001,0.001,0.880,49.830
2610170840,2026-08-17 14:30:00,236.460,236.080,236.210,0.000,0.000,0.000,0.000,0.000,0.000,0.000,0.000,0.000,0.000,0.000,0.438,49.820
2610322967,2026-08-17 14:30:00,232.890,231.740,231.770,0.000,0.000,0.010,0.002,0.000,0.000,0.002,0.000,0.000,0.000,0.000,1.000,49.810
2610322969,2026-08-17 14:30:00,228.750,228.100,226.740,0.210,0.170,0.230,0.137,0.046,0.038,0.050,0.000,0.001,-0.001,0.000,0.999,49.830
2610322997,2026-08-17 14:30:00,225.420,226.010,224.800,0.970,1.110,0.830,0.568,0.200,0.216,0.167,0.235,0.045,0.113,0.076,0.925,49.830
2610323001,2026-08-17 14:30:00,221.990,221.510,221.400,4.210,3.420,3.660,2.255,0.848,0.674,0.732,1.047,0.367,0.330,0.349,0.906,49.830
2610323004,2026-08-17 14:30:00,62.690,62.080,62.630,1.230,1.220,1.310,0.229,0.074,0.074,0.080,0.035,0.014,0.008,0.012,0.989,49.830
2610323016,2026-08-17 14:30:00,224.220,222.890,223.120,2.410,2.180,2.330,1.366,0.487,0.433,0.450,0.649,0.223,0.210,0.215,0.905,49.820
2610323019,2026-08-17 14:30:00,226.740,228.910,228.390,0.200,0.420,0.230,0.181,0.039,0.092,0.049,0.062,0.020,0.021,0.019,0.947,49.830
2610323024,2026-08-17 14:30:00,221.180,222.460,223.100,4.000,4.460,4.210,2.830,0.865,1.010,0.954,1.088,0.409,0.319,0.359,0.929,49.820
2410131378,2026-08-17 14:31:00,231.880,232.450,231.380,0.860,0.960,0.970,0.607,0.185,0.211,0.211,0.118,0.026,0.039,0.052,0.981,49.860
2510014482,2026-08-17 14:31:00,230.750,231.690,230.700,2.090,1.460,0.940,0.557,0.242,0.319,0.282,0.095,0.032,0.034,0.028,0.995,49.810
2510014484,2026-08-17 14:31:00,235.410,235.140,235.240,1.390,1.840,1.410,1.017,0.311,0.406,0.299,0.390,0.136,0.128,0.125,0.932,49.820
2510203106,2026-08-17 14:31:00,236.260,236.040,235.980,0.010,0.010,0.000,0.006,0.002,0.003,0.000,-0.002,-0.001,0.000,0.000,0.880,49.830
2510203115,2026-08-17 14:31:00,236.280,236.430,236.660,0.000,0.000,0.000,0.000,0.000,0.000,0.000,0.000,0.000,0.000,0.000,1.000,49.820
2610323005,2026-08-17 14:31:00,226.270,228.250,227.650,0.110,0.070,0.070,0.050,0.022,0.013,0.013,0.023,0.007,0.008,0.008,0.913,49.800
2610170838,2026-08-17 14:33:00,232.160,231.070,231.440,0.060,0.050,0.040,0.032,0.012,0.011,0.008,0.006,0.006,0.000,0.000,0.974,49.870
2246006313,2026-08-17 15:00:00,58.000,57.600,57.500,1.402,1.386,1.323,0.212,0.072,0.071,0.067,0.048,0.017,0.013,0.015,0.976,50.120
2410121326,2026-08-17 15:00:00,234.950,234.070,234.210,1.210,1.220,1.330,0.880,0.257,0.309,0.313,0.144,0.041,0.048,0.054,0.985,50.120
2410121353,2026-08-17 15:00:00,235.810,235.070,235.250,0.530,0.450,0.330,0.253,0.104,0.090,0.072,0.052,0.016,0.013,0.022,0.986,50.110
2410121371,2026-08-17 15:00:00,236.470,235.460,235.760,0.060,0.010,0.050,0.029,0.014,0.002,0.012,-0.002,0.000,0.000,-0.001,0.998,50.130
2410121424,2026-08-17 15:00:00,236.160,235.320,235.550,0.010,0.010,0.010,0.004,0.000,0.000,0.002,-0.003,-0.001,-0.001,0.000,0.817,50.110
2410121440,2026-08-17 15:00:00,236.220,235.220,235.490,0.080,0.060,0.170,0.069,0.018,0.012,0.038,0.024,0.006,0.007,0.011,0.940,50.130
2410121454,2026-08-17 15:00:00,235.450,236.060,234.840,0.670,0.800,1.000,0.555,0.149,0.180,0.225,0.059,0.010,0.013,0.034,0.994,50.110
2410121457,2026-08-17 15:00:00,234.010,232.830,233.360,2.310,2.290,2.220,1.527,0.516,0.509,0.501,0.367,0.131,0.133,0.103,0.972,50.130
2410121574,2026-08-17 15:00:00,235.330,234.470,234.220,1.800,1.460,1.780,1.158,0.415,0.334,0.408,0.094,0.033,0.018,0.043,0.996,50.120
2410131378,2026-08-17 15:00:00,235.480,235.940,235.030,0.990,0.990,0.960,0.617,0.186,0.214,0.215,0.106,0.026,0.039,0.051,0.985,50.120
2410131383,2026-08-17 15:00:00,239.390,239.340,239.250,0.270,0.290,0.340,0.217,0.064,0.068,0.083,0.020,0.001,0.008,0.010,0.996,50.140
2410131384,2026-08-17 15:00:00,233.280,233.960,233.390,1.730,1.890,1.780,1.095,0.338,0.391,0.365,0.238,0.078,0.098,0.062,0.979,50.100
2410131387,2026-08-17 15:00:00,237.170,236.930,237.420,0.340,0.340,0.300,0.216,0.076,0.073,0.066,0.081,0.024,0.031,0.025,0.935,50.150
2410320615,2026-08-17 15:00:00,234.470,234.420,235.360,4.630,4.360,4.680,3.070,1.046,0.964,1.057,0.977,0.315,0.337,0.324,0.953,50.110
2410883988,2026-08-17 15:00:00,229.230,231.160,230.600,0.000,0.000,0.020,0.004,0.000,0.000,0.003,0.000,0.000,0.000,0.000,1.000,50.110
2410883990,2026-08-17 15:00:00,230.830,230.190,228.800,0.100,0.000,0.100,0.125,0.023,0.080,0.021,-0.005,0.001,-0.010,0.003,1.000,50.120
2410883991,2026-08-17 15:00:00,233.550,233.880,234.570,0.300,0.220,0.470,0.238,0.066,0.062,0.109,0.018,0.014,-0.002,0.006,0.996,50.100
2410883993,2026-08-17 15:00:00,233.600,232.850,233.140,0.850,0.590,0.770,0.496,0.187,0.131,0.176,0.137,0.066,0.043,0.027,0.965,50.120
2410883994,2026-08-17 15:00:00,234.300,233.230,233.570,0.000,0.000,0.020,0.004,0.000,0.000,0.003,0.000,0.000,0.000,0.000,1.000,50.110
2410932742,2026-08-17 15:00:00,226.340,224.370,224.570,4.270,4.170,4.400,2.713,0.908,0.879,0.926,0.754,0.255,0.239,0.260,0.963,50.130
2411087432,2026-08-17 15:00:00,234.270,235.120,233.960,1.860,1.730,2.290,1.315,0.422,0.373,0.520,0.186,0.007,0.089,0.091,0.990,50.110
2411087433,2026-08-17 15:00:00,233.900,234.130,234.900,0.600,0.490,0.620,0.412,0.143,0.115,0.140,0.020,0.007,0.001,0.010,0.999,50.120
2411290205,2026-08-17 15:00:00,235.770,235.900,235.610,3.260,3.270,3.290,1.993,0.658,0.657,0.663,0.881,0.303,0.283,0.294,0.923,50.100
2510014481,2026-08-17 15:00:00,226.030,226.430,227.690,2.280,2.060,2.350,1.444,0.517,0.474,0.551,0.578,0.191,0.196,0.191,0.929,50.120
2510014482,2026-08-17 15:00:00,234.400,234.970,234.000,1.400,1.530,0.890,0.953,0.432,0.277,0.243,0.104,0.037,0.036,0.030,0.990,50.110
2510014483,2026-08-17 15:00:00,233.490,233.660,234.480,0.140,0.110,0.120,0.086,0.032,0.026,0.027,-0.019,-0.005,-0.005,-0.008,0.972,50.130
2510014484,2026-08-17 15:00:00,237.450,237.200,237.470,1.860,2.260,1.810,1.197,0.367,0.470,0.359,0.406,0.141,0.133,0.131,0.948,50.120
2510178139,2026-08-17 15:00:00,235.120,235.710,234.750,0.520,0.540,0.590,0.368,0.114,0.116,0.137,0.097,0.034,0.036,0.023,0.967,50.110
2510178141,2026-08-17 15:00:00,234.280,235.190,235.560,0.630,0.300,0.340,0.274,0.125,0.069,0.079,0.007,0.021,-0.007,-0.007,1.000,50.120
2510203103,2026-08-17 15:00:00,223.110,221.420,221.770,1.380,1.330,1.370,0.872,0.296,0.292,0.284,0.040,0.019,0.013,0.007,0.998,50.110
2510203104,2026-08-17 15:00:00,227.430,227.450,228.260,1.250,1.340,1.160,0.850,0.293,0.294,0.262,0.177,0.047,0.064,0.064,0.979,50.100
2510203105,2026-08-17 15:00:00,229.900,227.870,228.420,0.730,0.710,0.630,0.461,0.162,0.156,0.141,0.047,0.016,0.023,0.007,0.994,50.110
2510203107,2026-08-17 15:00:00,225.520,225.130,225.510,1.740,1.750,1.630,1.053,0.358,0.357,0.338,0.375,0.123,0.140,0.111,0.942,50.130
2510203108,2026-08-17 15:00:00,234.310,234.840,233.660,0.770,1.180,1.550,0.824,0.173,0.283,0.367,0.194,0.063,0.048,0.073,0.977,50.120
2510203109,2026-08-17 15:00:00,233.500,234.340,233.250,0.540,0.600,0.720,0.403,0.120,0.132,0.151,0.101,0.043,0.028,0.029,0.968,50.110
2510203111,2026-08-17 15:00:00,233.770,234.580,235.040,1.730,1.490,1.900,1.136,0.378,0.330,0.428,0.268,0.114,0.070,0.083,0.973,50.100
2510203113,2026-08-17 15:00:00,237.870,237.900,237.820,2.670,2.620,2.910,1.907,0.624,0.607,0.676,0.196,0.049,0.071,0.075,0.994,50.110
2510203114,2026-08-17 15:00:00,227.400,227.520,228.380,1.000,1.100,0.950,0.647,0.208,0.236,0.203,0.132,0.037,0.051,0.044,0.981,50.110
2510203117,2026-08-17 15:00:00,230.040,229.460,228.100,0.280,0.310,0.200,0.149,0.047,0.064,0.038,0.102,0.044,0.031,0.026,0.823,50.130
2510203118,2026-08-17 15:00:00,123.230,123.270,123.720,0.190,0.170,0.170,0.063,0.022,0.020,0.019,-0.009,-0.003,-0.001,-0.004,0.995,50.120
2510203119,2026-08-17 15:00:00,230.130,229.530,228.160,0.000,0.000,0.000,0.000,0.000,0.000,0.000,0.000,0.000,0.000,0.000,1.000,50.100
2510203120,2026-08-17 15:00:00,233.280,232.360,232.750,2.210,1.890,1.820,1.337,0.501,0.424,0.411,0.241,0.095,0.077,0.069,0.984,50.120
2510203121,2026-08-17 15:00:00,230.490,229.020,231.010,0.080,0.110,0.200,0.088,0.017,0.025,0.045,-0.005,-0.001,0.003,-0.008,1.000,50.110
2510203122,2026-08-17 15:00:00,234.390,235.220,234.100,0.800,0.510,0.490,0.339,0.155,0.096,0.087,0.239,0.097,0.067,0.074,0.818,50.110
2510203123,2026-08-17 15:00:00,233.880,234.630,235.220,0.750,1.000,0.860,0.557,0.156,0.217,0.193,0.152,0.070,0.027,0.053,0.964,50.100
2510203124,2026-08-17 15:00:00,235.010,235.270,234.540,0.930,0.930,0.950,0.603,0.199,0.199,0.204,0.156,0.050,0.054,0.052,0.969,50.120
2510203125,2026-08-17 15:00:00,238.940,238.920,239.050,0.080,0.080,0.090,0.023,0.004,0.004,0.014,-0.052,-0.017,-0.019,-0.015,0.411,50.120
2510203126,2026-08-17 15:00:00,230.840,229.460,231.500,0.020,0.000,0.000,0.004,0.003,0.000,0.000,0.000,0.000,0.000,0.000,0.995,50.130
2510203127,2026-08-17 15:00:00,234.270,235.350,234.280,2.300,2.640,2.400,1.586,0.492,0.577,0.514,0.299,0.107,0.087,0.105,0.982,50.120
2510203128,2026-08-17 15:00:00,233.440,234.070,232.570,1.790,1.670,1.630,1.156,0.409,0.378,0.368,0.068,0.007,0.018,0.042,0.998,50.110
2510203130,2026-08-17 15:00:00,240.240,240.340,242.240,0.000,0.050,0.100,0.029,0.000,0.006,0.026,0.016,0.000,0.011,0.004,0.878,50.110
2510203133,2026-08-17 15:00:00,233.740,234.460,233.400,0.420,0.200,0.560,0.263,0.095,0.039,0.128,0.060,0.022,0.023,0.015,0.976,50.120
2510203134,2026-08-17 15:00:00,235.040,233.990,234.060,0.020,0.010,0.010,0.007,0.004,0.002,0.001,-0.002,-0.001,-0.001,0.000,0.966,50.120
2510224049,2026-08-17 15:00:00,228.200,230.090,229.690,11.470,10.820,2.100,4.420,1.870,2.310,0.230,-0.130,-0.230,0.120,-0.020,0.999,50.120
2510224167,2026-08-17 15:00:00,229.890,228.320,230.480,0.760,0.120,0.360,0.170,0.090,0.010,0.050,-0.160,-0.080,-0.020,-0.050,0.742,50.120
2510317505,2026-08-17 15:00:00,230.060,228.770,230.780,0.070,0.030,2.190,0.270,0.010,0.000,0.260,-0.240,0.000,0.000,-0.240,0.751,50.130
2510317516,2026-08-17 15:00:00,230.530,228.960,231.030,0.000,0.000,0.000,0.000,0.000,0.000,0.000,0.000,0.000,0.000,0.000,1.000,50.120
2510317537,2026-08-17 15:00:00,233.170,233.390,233.820,3.090,3.230,3.370,2.470,0.820,0.800,0.830,-0.220,-0.070,-0.070,-0.070,0.995,50.120
2510389559,2026-08-17 15:00:00,239.010,239.150,238.970,0.000,0.000,0.000,0.000,0.000,0.000,0.000,0.000,0.000,0.000,0.000,1.000,50.110
2510389643,2026-08-17 15:00:00,238.970,239.130,238.980,0.690,0.000,0.000,0.160,0.160,0.000,0.000,0.000,0.000,0.000,0.000,0.997,50.130
2510633381,2026-08-17 15:00:00,235.050,234.000,234.250,0.150,0.200,0.100,0.101,0.030,0.047,0.022,-0.015,-0.006,-0.005,-0.003,0.986,50.110
2510633383,2026-08-17 15:00:00,234.330,235.130,235.690,2.630,2.170,2.560,1.654,0.588,0.502,0.581,0.140,0.078,0.030,0.031,0.996,50.120
2510633385,2026-08-17 15:00:00,238.980,239.060,238.960,0.570,0.230,0.340,0.265,0.133,0.053,0.078,0.048,0.017,0.010,0.021,0.985,50.130
2510633386,2026-08-17 15:00:00,223.460,223.610,224.490,1.120,1.160,1.140,0.180,0.063,0.056,0.060,-0.691,-0.225,-0.234,-0.231,0.248,50.130
2510633389,2026-08-17 15:00:00,238.210,238.280,238.070,0.900,0.810,0.730,0.537,0.198,0.180,0.158,0.192,0.059,0.066,0.066,0.941,50.130
2510633390,2026-08-17 15:00:00,234.240,235.000,234.030,1.600,1.800,1.740,1.161,0.357,0.413,0.390,0.340,0.085,0.116,0.137,0.956,50.130
2510633391,2026-08-17 15:00:00,123.420,123.280,123.110,0.710,0.750,1.000,0.271,0.074,0.084,0.111,0.004,0.018,-0.021,0.007,1.000,50.130
2510633395,2026-08-17 15:00:00,235.110,235.590,234.210,0.000,0.000,0.000,0.000,0.000,0.000,0.000,0.000,0.000,0.000,0.000,1.000,50.110
2510633396,2026-08-17 15:00:00,235.120,234.450,234.900,0.610,0.670,0.610,0.422,0.136,0.150,0.135,0.098,0.032,0.034,0.031,0.974,50.120
2510633397,2026-08-17 15:00:00,240.120,238.880,239.200,0.900,0.940,0.970,0.537,0.167,0.178,0.191,0.373,0.126,0.126,0.119,0.822,50.140
2510633399,2026-08-17 15:00:00,230.120,228.730,230.780,0.430,0.450,0.550,0.327,0.097,0.102,0.126,0.027,0.009,0.009,0.008,0.997,50.120
2510633400,2026-08-17 15:00:00,228.190,230.270,229.420,0.710,0.810,0.700,0.455,0.143,0.165,0.145,0.173,0.054,0.057,0.062,0.932,50.130
2510633402,2026-08-17 15:00:00,228.110,228.360,229.920,0.610,0.660,0.700,0.432,0.130,0.145,0.156,0.150,0.049,0.048,0.053,0.947,50.140
2510633406,2026-08-17 15:00:00,230.460,228.970,231.080,0.010,0.010,0.010,0.003,0.001,0.000,0.000,-0.003,-0.001,0.000,-0.001,0.694,50.110
2510633410,2026-08-17 15:00:00,230.600,229.090,231.200,0.120,0.180,0.100,0.089,0.027,0.039,0.022,0.002,-0.001,0.009,-0.005,1.000,50.110
2510633411,2026-08-17 15:00:00,228.120,227.120,225.760,2.390,2.240,2.300,1.466,0.516,0.469,0.480,0.540,0.169,0.186,0.184,0.938,50.140
2510814977,2026-08-17 15:00:00,228.040,229.550,227.720,0.070,0.060,0.090,0.055,0.015,0.014,0.025,0.000,0.002,-0.001,0.000,0.991,50.120
2610026950,2026-08-17 15:00:00,230.950,230.160,228.840,0.080,0.050,0.050,0.036,0.016,0.009,0.010,0.012,0.004,0.004,0.003,0.956,50.110
2610026952,2026-08-17 15:00:00,228.190,226.890,227.740,5.830,5.610,5.560,3.307,1.140,1.072,1.095,1.950,0.665,0.670,0.615,0.861,50.120
2610026953,2026-08-17 15:00:00,238.040,237.710,237.840,0.660,0.660,0.700,0.453,0.150,0.152,0.149,0.134,0.050,0.049,0.034,0.957,50.100
2610026963,2026-08-17 15:00:00,235.560,235.630,236.380,0.200,0.050,0.040,0.044,0.044,0.003,-0.003,-0.033,-0.012,-0.010,-0.009,0.799,50.120
2610026966,2026-08-17 15:00:00,234.080,234.020,233.930,1.240,0.910,1.080,0.726,0.288,0.203,0.240,0.132,0.053,0.043,0.036,0.983,50.110
2610026976,2026-08-17 15:00:00,234.990,235.130,236.040,0.950,1.210,0.690,0.664,0.219,0.282,0.162,0.033,0.011,0.012,0.009,0.998,50.120
2610026977,2026-08-17 15:00:00,246.270,245.880,245.940,0.000,0.140,0.000,0.035,0.000,0.034,0.000,-0.001,0.000,-0.001,0.000,1.000,50.120
2610126270,2026-08-17 15:00:00,228.820,230.800,230.250,0.100,0.060,0.030,0.041,0.022,0.012,0.006,-0.006,-0.002,-0.001,-0.002,0.977,50.130
2610126451,2026-08-17 15:00:00,235.540,236.040,235.160,0.000,0.000,0.170,0.044,0.000,0.003,0.040,0.004,0.000,0.000,0.003,0.995,50.110
2610159557,2026-08-17 15:00:00,234.740,233.700,233.890,0.020,0.020,0.020,0.013,0.003,0.005,0.004,-0.005,-0.002,-0.001,-0.001,0.928,50.110
2610170786,2026-08-17 15:00:00,233.310,233.480,234.170,1.220,1.250,1.260,0.832,0.284,0.272,0.275,0.116,0.036,0.038,0.041,0.981,50.130
2610170836,2026-08-17 15:00:00,234.490,234.950,233.950,0.020,0.130,0.010,0.006,0.003,0.000,0.002,-0.001,-0.001,0.000,0.000,0.988,50.130
2610170837,2026-08-17 15:00:00,229.670,227.680,227.930,0.020,0.070,0.070,0.033,0.003,0.015,0.014,0.008,0.001,0.000,0.006,0.978,50.130
2610170840,2026-08-17 15:00:00,237.480,237.320,237.510,0.900,0.890,0.890,0.560,0.187,0.185,0.186,0.295,0.099,0.098,0.098,0.884,50.130
2610322967,2026-08-17 15:00:00,235.190,233.980,233.950,0.000,0.000,0.010,0.002,0.000,0.000,0.002,0.000,0.000,0.000,0.000,0.883,50.110
2610322969,2026-08-17 15:00:00,230.980,230.230,228.850,0.210,0.260,0.340,0.174,0.047,0.058,0.063,0.015,0.001,-0.001,0.014,0.992,50.120
2610322997,2026-08-17 15:00:00,227.800,229.150,227.330,0.610,0.680,0.560,0.401,0.136,0.147,0.118,0.113,0.020,0.050,0.042,0.960,50.130
2610323001,2026-08-17 15:00:00,224.480,223.510,223.450,3.900,3.410,3.560,2.160,0.796,0.673,0.713,1.059,0.366,0.341,0.350,0.898,50.130
2610323004,2026-08-17 15:00:00,63.330,62.670,63.250,1.180,1.170,1.250,0.218,0.071,0.071,0.076,0.055,0.020,0.015,0.019,0.970,50.120
2610323005,2026-08-17 15:00:00,228.830,230.810,230.160,0.110,0.070,0.070,0.051,0.022,0.014,0.014,0.023,0.007,0.008,0.008,0.913,50.120
2610323016,2026-08-17 15:00:00,226.280,224.910,225.010,3.010,2.790,2.850,1.791,0.629,0.574,0.587,0.715,0.240,0.235,0.239,0.928,50.130
2610323019,2026-08-17 15:00:00,228.440,230.710,230.080,0.190,0.460,0.230,0.192,0.038,0.104,0.049,0.061,0.020,0.019,0.020,0.952,50.120
2610323024,2026-08-17 15:00:00,223.820,224.630,225.700,3.590,4.170,3.830,2.411,0.719,0.885,0.806,1.029,0.384,0.313,0.331,0.918,50.130
2510203106,2026-08-17 15:01:00,238.790,238.590,238.700,0.010,0.010,0.000,0.006,0.002,0.003,0.000,-0.002,-0.001,0.000,0.000,0.911,50.130
2510203115,2026-08-17 15:01:00,237.690,237.960,237.840,0.000,0.000,0.000,0.000,0.000,0.000,0.000,0.000,0.000,0.000,0.000,1.000,50.110
2510633387,2026-08-17 15:01:00,234.850,236.030,235.020,0.040,0.020,0.180,0.055,0.009,0.003,0.042,-0.001,0.000,0.002,-0.003,1.000,50.160
2610170838,2026-08-17 15:01:00,235.010,233.850,234.180,0.020,0.050,0.030,0.024,0.005,0.011,0.008,0.000,0.000,0.000,0.000,0.994,50.140
2510203125,2026-08-17 15:02:00,0.000,0.000,0.000,0.000,0.000,0.000,0.000,0.000,0.000,0.000,0.000,0.000,0.000,0.000,0.000,
2510389931,2026-08-17 15:02:00,239.300,238.730,239.020,0.050,0.000,0.000,0.000,0.000,0.000,0.000,-0.010,-0.010,0.000,0.000,0.205,50.160
2510633393,2026-08-17 15:02:00,237.030,237.150,237.230,1.900,1.890,1.920,1.292,0.429,0.429,0.433,0.306,0.107,0.090,0.108,0.973,50.160
2246006313,2026-08-17 15:30:00,58.400,58.000,57.900,1.339,1.335,1.266,0.219,0.074,0.074,0.069,0.048,0.018,0.014,0.015,0.976,50.150
2410121326,2026-08-17 15:30:00,234.170,233.350,233.640,1.050,1.130,1.140,0.772,0.242,0.285,0.293,0.190,0.067,0.063,0.060,0.975,50.130
2410121353,2026-08-17 15:30:00,234.730,234.130,234.160,0.740,0.660,0.580,0.389,0.150,0.131,0.107,0.208,0.070,0.064,0.076,0.885,50.140
2410121371,2026-08-17 15:30:00,235.470,234.680,234.900,0.130,0.070,0.110,0.064,0.028,0.012,0.023,0.027,0.009,0.009,0.008,0.919,50.140
2410121424,2026-08-17 15:30:00,235.860,235.010,235.380,0.010,0.010,0.010,0.004,0.000,0.000,0.002,-0.003,-0.001,-0.001,0.000,0.817,50.170
2410121440,2026-08-17 15:30:00,235.090,234.300,234.590,0.080,0.060,0.090,0.050,0.018,0.012,0.018,0.021,0.006,0.007,0.008,0.911,50.150
2410121454,2026-08-17 15:30:00,235.260,235.870,234.640,0.670,0.800,0.970,0.545,0.146,0.181,0.217,0.061,0.011,0.014,0.035,0.994,50.170
2410121457,2026-08-17 15:30:00,233.190,232.440,232.970,2.460,2.450,2.340,1.633,0.553,0.550,0.530,0.402,0.147,0.141,0.113,0.971,50.180
2410121574,2026-08-17 15:30:00,234.690,233.750,233.630,2.290,1.990,2.210,1.461,0.521,0.447,0.492,0.148,0.050,0.038,0.060,0.995,50.160
2410131378,2026-08-17 15:30:00,234.720,235.190,234.380,1.060,1.050,1.190,0.674,0.228,0.220,0.216,0.132,0.030,0.046,0.055,0.983,50.150
2410131383,2026-08-17 15:30:00,236.180,236.080,236.010,0.280,0.300,0.360,0.221,0.067,0.070,0.083,0.018,0.001,0.006,0.011,0.995,50.140
2410131384,2026-08-17 15:30:00,234.030,234.710,234.140,1.680,1.870,1.730,1.150,0.342,0.352,0.358,0.257,0.089,0.095,0.072,0.976,50.160
2410320615,2026-08-17 15:30:00,231.650,231.640,232.530,4.850,4.590,4.950,3.129,1.058,0.986,1.105,0.942,0.301,0.327,0.314,0.958,50.180
2410883988,2026-08-17 15:30:00,230.510,232.390,231.720,0.000,0.000,0.020,0.004,0.000,0.000,0.003,0.000,0.000,0.000,0.000,1.000,50.160
2410883990,2026-08-17 15:30:00,231.660,230.880,229.590,0.100,0.050,0.100,0.122,0.023,0.077,0.021,-0.007,0.000,-0.010,0.003,0.960,50.160
2410883991,2026-08-17 15:30:00,234.420,234.790,235.340,0.410,0.190,0.730,0.301,0.091,0.041,0.168,0.026,0.010,-0.002,0.018,0.995,50.200
2410883993,2026-08-17 15:30:00,234.670,233.580,233.990,0.640,0.790,0.830,0.496,0.138,0.170,0.186,0.168,0.057,0.069,0.041,0.947,50.170
2410883994,2026-08-17 15:30:00,235.380,234.310,234.650,0.000,0.000,0.020,0.004,0.000,0.000,0.003,0.000,0.000,0.000,0.000,1.000,50.190
2410932742,2026-08-17 15:30:00,227.980,226.070,226.230,3.880,3.840,4.040,2.501,0.830,0.814,0.856,0.647,0.218,0.198,0.231,0.968,50.160
2411087432,2026-08-17 15:30:00,233.690,234.470,233.640,1.830,2.140,1.760,1.278,0.416,0.473,0.389,0.182,0.009,0.100,0.073,0.991,50.170
2411087433,2026-08-17 15:30:00,234.880,235.130,235.790,0.650,0.530,0.670,0.437,0.153,0.125,0.158,0.023,0.011,0.000,0.011,0.998,50.160
2411290205,2026-08-17 15:30:00,234.460,234.430,234.260,2.250,2.210,2.240,1.438,0.481,0.475,0.481,0.319,0.110,0.105,0.103,0.972,50.200
2510014481,2026-08-17 15:30:00,227.050,227.290,228.650,2.160,2.140,2.330,1.558,0.532,0.529,0.572,0.567,0.175,0.194,0.198,0.937,50.160
2510014482,2026-08-17 15:30:00,233.980,234.650,233.830,1.870,1.700,1.220,0.963,0.485,0.199,0.278,0.093,0.037,0.028,0.027,0.997,50.160
2510014483,2026-08-17 15:30:00,234.640,234.870,235.640,0.120,0.100,0.120,0.077,0.028,0.023,0.025,-0.019,-0.005,-0.005,-0.008,0.965,50.160
2510014484,2026-08-17 15:30:00,234.630,234.380,234.550,1.940,2.220,1.780,1.124,0.371,0.450,0.327,0.391,0.135,0.127,0.127,0.950,50.160
2510178139,2026-08-17 15:30:00,234.480,234.900,234.100,0.580,0.540,0.630,0.406,0.134,0.122,0.151,0.107,0.039,0.045,0.022,0.955,50.160
2510178141,2026-08-17 15:30:00,234.170,234.920,235.160,0.820,0.610,0.670,0.382,0.162,0.104,0.116,0.003,0.020,-0.008,-0.008,0.999,50.160
2510203103,2026-08-17 15:30:00,224.100,222.370,222.830,1.340,1.280,1.270,0.833,0.281,0.282,0.269,0.046,0.021,0.014,0.010,0.999,50.170
2510203104,2026-08-17 15:30:00,228.370,228.420,229.260,1.180,1.290,1.070,0.756,0.263,0.254,0.238,0.156,0.043,0.058,0.053,0.980,50.160
2510203105,2026-08-17 15:30:00,230.390,228.420,229.210,0.660,0.630,0.560,0.383,0.136,0.125,0.120,0.117,0.042,0.043,0.031,0.926,50.160
2510203107,2026-08-17 15:30:00,222.840,222.450,222.820,1.910,1.910,1.780,1.156,0.397,0.389,0.370,0.358,0.117,0.135,0.105,0.955,50.160
2510203108,2026-08-17 15:30:00,234.750,235.390,234.250,0.970,0.860,1.580,0.745,0.220,0.199,0.326,0.114,0.046,0.026,0.039,0.989,50.180
2510203109,2026-08-17 15:30:00,234.390,235.210,234.200,0.580,0.540,0.720,0.401,0.126,0.123,0.151,0.106,0.046,0.029,0.030,0.967,50.160
2510203111,2026-08-17 15:30:00,233.900,234.620,235.070,1.750,1.480,1.870,1.134,0.380,0.329,0.425,0.265,0.113,0.070,0.081,0.973,50.160
2510203113,2026-08-17 15:30:00,234.990,235.050,234.940,2.750,2.710,3.030,1.938,0.628,0.613,0.701,0.211,0.050,0.078,0.082,0.993,50.160
2510203114,2026-08-17 15:30:00,228.300,228.430,229.240,0.850,0.910,0.830,0.577,0.188,0.202,0.198,0.114,0.032,0.045,0.037,0.980,50.150
2510203117,2026-08-17 15:30:00,231.770,231.190,229.770,0.290,0.180,0.150,0.102,0.046,0.028,0.017,0.107,0.047,0.030,0.029,0.647,50.180
2510203118,2026-08-17 15:30:00,123.710,123.770,124.190,0.200,0.180,0.170,0.066,0.024,0.021,0.021,-0.006,-0.002,0.000,-0.003,0.988,50.160
2510203119,2026-08-17 15:30:00,231.450,230.700,229.490,0.000,0.000,0.000,0.000,0.000,0.000,0.000,0.000,0.000,0.000,0.000,1.000,50.170
2510203120,2026-08-17 15:30:00,234.740,233.790,234.190,1.900,1.510,1.450,1.104,0.433,0.340,0.330,0.172,0.070,0.058,0.044,0.988,50.180
2510203121,2026-08-17 15:30:00,231.040,229.620,231.640,0.340,0.350,0.540,0.300,0.094,0.078,0.126,0.029,0.013,0.013,0.001,0.995,50.160
2510203123,2026-08-17 15:30:00,233.800,234.500,234.900,1.090,1.230,1.180,0.636,0.185,0.235,0.216,0.356,0.136,0.091,0.128,0.915,50.160
2510203126,2026-08-17 15:30:00,231.280,229.850,231.900,0.020,0.000,0.000,0.003,0.003,0.000,0.000,0.000,0.000,0.000,0.000,1.000,50.120
2510203127,2026-08-17 15:30:00,234.210,234.760,233.990,1.500,1.800,1.560,1.060,0.321,0.399,0.340,0.319,0.116,0.094,0.107,0.957,50.130
2510203128,2026-08-17 15:30:00,234.600,235.180,233.710,1.710,1.650,1.600,1.130,0.392,0.376,0.361,0.064,0.006,0.018,0.039,0.998,50.180
2510203130,2026-08-17 15:30:00,240.750,240.970,242.580,0.000,0.060,0.120,0.033,0.000,0.005,0.027,0.017,0.000,0.011,0.006,0.870,50.150
2510203133,2026-08-17 15:30:00,233.050,233.650,232.830,0.490,0.400,0.710,0.348,0.106,0.080,0.161,0.127,0.042,0.046,0.037,0.941,50.130
2510203134,2026-08-17 15:30:00,236.110,235.080,235.120,0.020,0.010,0.010,0.007,0.004,0.002,0.001,-0.002,-0.001,-0.001,0.000,0.970,50.150
2510224049,2026-08-17 15:30:00,229.280,231.090,230.680,0.070,6.850,0.020,1.570,0.010,1.560,0.000,0.250,0.000,0.270,0.000,0.986,50.170
2510224167,2026-08-17 15:30:00,230.920,229.410,231.560,0.760,0.120,0.360,0.170,0.090,0.010,0.050,-0.160,-0.080,-0.020,-0.050,0.736,50.160
2510317516,2026-08-17 15:30:00,231.510,230.020,232.060,0.000,0.000,0.000,0.000,0.000,0.000,0.000,0.000,0.000,0.000,0.000,1.000,50.160
2510317537,2026-08-17 15:30:00,234.000,234.240,235.100,3.150,3.090,3.000,2.050,0.680,0.700,0.670,-0.190,-0.050,-0.060,-0.060,0.995,50.160
2510389559,2026-08-17 15:30:00,236.390,236.340,236.140,0.000,0.000,0.000,0.000,0.000,0.000,0.000,0.000,0.000,0.000,0.000,1.000,50.160
2510389643,2026-08-17 15:30:00,236.190,236.130,235.950,0.650,0.000,0.000,0.150,0.150,0.000,0.000,0.000,0.000,0.000,0.000,1.000,50.160
2510389931,2026-08-17 15:30:00,235.890,235.490,235.690,0.050,0.000,0.000,0.000,0.000,0.000,0.000,-0.010,-0.010,0.000,0.000,0.196,50.160
2510633381,2026-08-17 15:30:00,235.440,234.400,234.660,0.110,0.180,0.080,0.083,0.023,0.041,0.018,-0.019,-0.007,-0.007,-0.004,0.970,50.130
2510633383,2026-08-17 15:30:00,234.050,234.870,235.260,2.530,2.080,2.470,1.607,0.567,0.482,0.557,0.096,0.061,0.013,0.020,0.998,50.130
2510633385,2026-08-17 15:30:00,236.350,236.300,236.140,0.470,0.230,0.330,0.239,0.109,0.053,0.076,0.032,0.005,0.008,0.018,0.989,50.190
2510633386,2026-08-17 15:30:00,224.000,224.230,225.070,1.100,1.140,1.120,0.169,0.059,0.052,0.057,-0.694,-0.225,-0.235,-0.232,0.238,50.170
2510633387,2026-08-17 15:30:00,234.000,234.670,233.880,0.040,0.020,0.190,0.057,0.009,0.003,0.044,-0.001,0.000,0.002,-0.003,1.000,50.190
2510633389,2026-08-17 15:30:00,235.060,235.160,234.950,0.950,0.890,0.830,0.569,0.214,0.185,0.169,0.274,0.084,0.094,0.095,0.898,50.180
2510633390,2026-08-17 15:30:00,234.760,235.540,234.540,1.670,1.990,1.780,1.170,0.367,0.423,0.380,0.363,0.089,0.129,0.145,0.955,50.160
2510633391,2026-08-17 15:30:00,123.120,123.020,122.890,0.530,0.520,0.730,0.215,0.064,0.068,0.083,0.000,0.009,-0.010,0.002,0.998,50.130
2510633393,2026-08-17 15:30:00,234.120,234.170,234.260,1.870,1.880,1.880,1.269,0.420,0.426,0.423,0.283,0.098,0.082,0.098,0.975,50.160
2510633395,2026-08-17 15:30:00,234.650,234.930,233.680,0.000,0.000,0.000,0.000,0.000,0.000,0.000,0.000,0.000,0.000,0.000,1.000,50.150
2510633396,2026-08-17 15:30:00,234.630,233.980,234.520,0.630,0.690,0.620,0.432,0.139,0.153,0.138,0.098,0.032,0.034,0.031,0.976,50.130
2510633397,2026-08-17 15:30:00,240.680,239.450,239.720,0.730,0.790,0.810,0.423,0.124,0.145,0.153,0.351,0.120,0.115,0.114,0.764,50.160
2510633399,2026-08-17 15:30:00,230.560,229.180,231.260,0.400,0.430,0.500,0.303,0.091,0.097,0.114,0.024,0.009,0.007,0.007,0.996,50.120
2510633400,2026-08-17 15:30:00,228.640,230.560,229.900,0.590,0.700,0.560,0.352,0.114,0.128,0.110,0.167,0.052,0.057,0.057,0.900,50.130
2510633402,2026-08-17 15:30:00,228.310,228.510,230.070,0.460,0.530,0.570,0.355,0.103,0.121,0.130,0.103,0.033,0.033,0.037,0.929,50.170
2510633406,2026-08-17 15:30:00,231.210,229.660,231.740,0.010,0.010,0.010,0.003,0.001,0.000,0.000,-0.003,-0.001,0.000,-0.001,0.687,50.160
2510633410,2026-08-17 15:30:00,231.220,229.690,231.730,0.120,0.180,0.240,0.121,0.026,0.040,0.054,0.007,-0.003,0.009,0.002,0.996,50.160
2510633411,2026-08-17 15:30:00,228.040,227.080,225.740,2.710,2.520,2.590,1.694,0.597,0.543,0.554,0.594,0.186,0.201,0.206,0.944,50.130
2510814977,2026-08-17 15:30:00,228.980,230.380,228.640,0.050,0.050,0.060,0.038,0.011,0.012,0.014,-0.002,0.000,-0.001,-0.001,1.000,50.170
2610026950,2026-08-17 15:30:00,231.680,231.030,229.580,0.020,0.000,0.020,0.011,0.006,0.000,0.004,-0.001,0.000,0.000,0.000,0.976,50.160
2610026952,2026-08-17 15:30:00,227.130,226.220,226.640,6.480,6.290,6.370,3.726,1.257,1.216,1.251,2.053,0.705,0.686,0.661,0.874,50.170
2610026953,2026-08-17 15:30:00,235.210,234.850,235.040,0.710,0.730,0.740,0.505,0.170,0.166,0.169,0.134,0.052,0.046,0.035,0.963,50.170
2610026963,2026-08-17 15:30:00,235.220,235.430,235.980,0.220,0.060,0.040,0.061,0.051,0.009,0.000,-0.029,-0.011,-0.010,-0.008,0.897,50.140
2610026966,2026-08-17 15:30:00,234.020,233.350,233.230,0.960,0.860,1.390,0.768,0.256,0.193,0.319,0.135,0.053,0.045,0.036,0.982,50.140
2610026976,2026-08-17 15:30:00,234.740,235.130,235.670,1.180,1.160,1.040,0.856,0.272,0.266,0.319,-0.016,-0.003,0.000,-0.012,0.999,50.130
2610026977,2026-08-17 15:30:00,246.250,245.800,245.700,0.000,0.000,0.000,0.000,0.000,0.000,0.000,-0.001,0.000,0.000,0.000,0.030,50.130
2610126270,2026-08-17 15:30:00,229.680,231.640,231.080,0.100,0.060,0.030,0.042,0.023,0.013,0.005,-0.006,-0.002,-0.001,-0.002,0.987,50.160
2610126451,2026-08-17 15:30:00,235.040,235.470,234.200,0.010,0.010,0.130,0.032,0.000,0.000,0.031,0.008,0.002,0.002,0.004,0.964,50.160
2610159557,2026-08-17 15:30:00,235.560,234.570,234.770,0.030,0.030,0.030,0.019,0.005,0.006,0.007,-0.005,-0.003,-0.001,-0.001,0.938,50.160
2610170786,2026-08-17 15:30:00,234.340,234.620,235.350,0.910,0.800,0.870,0.533,0.189,0.166,0.176,0.149,0.046,0.049,0.053,0.968,50.170
2610170836,2026-08-17 15:30:00,234.460,234.840,233.990,0.020,0.150,0.020,0.058,0.006,0.044,0.006,-0.001,-0.001,0.000,0.000,0.993,50.160
2610170837,2026-08-17 15:30:00,230.420,228.430,228.980,0.020,0.070,0.100,0.041,0.004,0.015,0.021,0.008,0.000,0.000,0.007,0.971,50.160
2610170838,2026-08-17 15:30:00,235.500,234.320,234.690,0.020,0.050,0.100,0.034,0.005,0.010,0.018,-0.001,0.000,0.000,-0.001,0.987,50.160
2610170840,2026-08-17 15:30:00,235.870,235.470,235.710,0.010,0.000,0.000,0.001,0.001,0.000,0.000,0.000,0.000,0.000,0.000,0.776,50.170
2610322967,2026-08-17 15:30:00,235.840,234.710,234.730,0.000,0.000,0.010,0.002,0.000,0.000,0.002,0.000,0.000,0.000,0.000,0.887,50.160
2610322969,2026-08-17 15:30:00,231.560,230.900,229.490,0.210,0.180,0.400,0.191,0.049,0.040,0.120,0.018,0.001,0.000,0.017,0.988,50.160
2610322997,2026-08-17 15:30:00,228.630,229.040,227.750,1.080,1.120,0.810,0.633,0.244,0.224,0.164,0.247,0.034,0.130,0.082,0.938,50.160
2610323001,2026-08-17 15:30:00,225.200,224.670,224.410,4.180,3.370,3.730,2.280,0.853,0.674,0.761,1.068,0.372,0.336,0.359,0.905,50.160
2610323004,2026-08-17 15:30:00,63.540,62.930,63.490,0.950,0.930,0.980,0.177,0.058,0.057,0.061,0.035,0.013,0.010,0.010,0.983,50.170
2610323005,2026-08-17 15:30:00,229.680,231.700,231.130,0.040,0.000,0.000,0.011,0.009,0.001,0.000,0.000,0.000,0.000,0.000,1.000,50.160
2610323016,2026-08-17 15:30:00,227.180,225.830,226.080,2.620,2.380,2.440,1.510,0.537,0.479,0.493,0.724,0.246,0.237,0.241,0.902,50.160
2610323019,2026-08-17 15:30:00,229.640,231.910,231.220,0.060,0.170,0.030,0.058,0.014,0.037,0.005,-0.009,-0.004,-0.002,-0.002,0.996,50.170
2610323024,2026-08-17 15:30:00,224.280,225.350,226.210,3.900,4.420,4.120,2.599,0.778,0.933,0.878,1.060,0.400,0.324,0.335,0.925,50.160
2410131387,2026-08-17 15:31:00,234.830,234.640,235.100,0.200,0.190,0.160,0.126,0.047,0.042,0.036,0.003,-0.002,0.006,0.000,0.998,50.130
2510203106,2026-08-17 15:31:00,235.700,235.430,235.520,0.010,0.010,0.000,0.006,0.002,0.003,0.000,-0.002,-0.001,0.000,0.000,0.872,50.180
2510203115,2026-08-17 15:31:00,235.760,235.990,236.070,0.000,0.000,0.000,0.000,0.000,0.000,0.000,0.000,0.000,0.000,0.000,1.000,50.140
2510203122,2026-08-17 15:31:00,233.990,234.830,233.960,0.820,0.560,0.530,0.335,0.155,0.097,0.082,0.288,0.109,0.088,0.090,0.760,50.140
2510203124,2026-08-17 15:31:00,235.100,235.280,234.540,0.950,0.950,0.970,0.638,0.211,0.211,0.216,0.160,0.051,0.056,0.052,0.970,50.180
2510317505,2026-08-17 15:31:00,231.020,229.710,231.760,0.070,0.020,2.260,0.280,0.010,0.000,0.260,-0.240,0.000,0.000,-0.240,0.748,50.170
2246006313,2026-08-17 16:00:00,58.100,57.700,57.600,1.377,1.454,1.385,0.245,0.083,0.083,0.078,0.050,0.019,0.015,0.016,0.979,50.250
2410121326,2026-08-17 16:00:00,234.140,233.180,233.530,1.090,1.130,1.350,0.780,0.235,0.245,0.299,0.242,0.082,0.079,0.081,0.957,50.250
2410121353,2026-08-17 16:00:00,233.870,233.080,233.340,0.640,0.550,0.470,0.375,0.145,0.122,0.096,0.124,0.039,0.036,0.048,0.938,50.230
2410121371,2026-08-17 16:00:00,235.320,234.280,234.610,0.130,0.060,0.120,0.068,0.029,0.011,0.026,0.026,0.009,0.008,0.008,0.932,50.250
2410121424,2026-08-17 16:00:00,235.030,234.120,234.420,0.010,0.010,0.010,0.004,0.000,0.000,0.002,-0.003,-0.001,-0.001,0.000,0.830,50.220
2410121440,2026-08-17 16:00:00,235.070,234.030,234.420,0.010,0.000,0.010,0.004,0.002,0.000,0.001,-0.002,-0.001,0.000,0.000,0.841,50.250
2410121454,2026-08-17 16:00:00,234.510,235.080,233.820,0.620,0.750,0.920,0.515,0.139,0.170,0.205,0.065,0.013,0.016,0.035,0.991,50.220
2410121457,2026-08-17 16:00:00,232.990,231.940,232.300,2.180,2.230,2.170,1.471,0.487,0.496,0.488,0.307,0.109,0.108,0.089,0.979,50.220
2410121574,2026-08-17 16:00:00,233.820,232.950,232.950,1.900,1.620,1.750,1.216,0.439,0.370,0.406,0.061,0.026,0.006,0.028,0.998,50.210
2410131378,2026-08-17 16:00:00,234.010,234.300,233.360,0.900,1.070,1.050,0.726,0.236,0.232,0.253,0.128,0.031,0.045,0.051,0.983,50.240
2410131383,2026-08-17 16:00:00,234.780,234.800,234.520,0.280,0.290,0.340,0.213,0.065,0.068,0.078,0.013,0.000,0.005,0.007,0.996,50.240
2410131384,2026-08-17 16:00:00,232.040,232.800,232.060,1.400,1.610,1.500,1.074,0.342,0.381,0.349,0.241,0.087,0.093,0.069,0.978,50.260
2410131387,2026-08-17 16:00:00,232.130,232.140,232.550,0.190,0.170,0.140,0.114,0.042,0.038,0.032,0.008,0.000,0.007,0.001,0.994,50.230
2410320615,2026-08-17 16:00:00,230.380,230.490,231.380,4.920,4.630,4.980,3.218,1.090,1.016,1.111,0.948,0.300,0.331,0.312,0.958,50.250
2410883988,2026-08-17 16:00:00,229.500,231.270,230.600,0.000,0.000,0.020,0.004,0.000,0.000,0.003,0.000,0.000,0.000,0.000,1.000,50.250
2410883990,2026-08-17 16:00:00,230.790,229.920,228.950,0.100,0.130,0.090,0.066,0.023,0.021,0.021,0.022,0.000,0.020,-0.011,0.941,50.230
2410883991,2026-08-17 16:00:00,231.850,232.230,233.020,0.630,0.360,0.640,0.360,0.140,0.080,0.141,0.021,0.011,0.002,0.008,0.997,50.260
2410883993,2026-08-17 16:00:00,232.450,231.520,231.810,0.980,0.830,0.790,0.545,0.188,0.182,0.174,0.160,0.058,0.057,0.044,0.963,50.240
2410932742,2026-08-17 16:00:00,230.890,228.860,229.210,3.850,3.830,4.010,2.522,0.834,0.826,0.862,0.652,0.222,0.199,0.230,0.968,50.260
2411087432,2026-08-17 16:00:00,232.800,233.740,232.630,2.490,2.020,2.510,1.569,0.568,0.444,0.564,0.312,0.068,0.135,0.108,0.982,50.250
2411087433,2026-08-17 16:00:00,232.520,232.780,233.490,0.680,0.590,0.710,0.467,0.160,0.141,0.165,0.026,0.009,0.002,0.014,0.998,50.240
2411290205,2026-08-17 16:00:00,231.840,231.780,231.530,3.030,2.970,3.030,2.026,0.665,0.666,0.676,0.809,0.275,0.260,0.273,0.930,50.250
2510014481,2026-08-17 16:00:00,230.130,230.490,231.870,1.940,1.940,2.040,1.306,0.425,0.410,0.427,0.489,0.165,0.172,0.151,0.931,50.230
2510014482,2026-08-17 16:00:00,233.210,233.890,232.880,1.430,0.620,0.620,0.593,0.316,0.142,0.134,0.096,0.039,0.030,0.025,0.986,50.250
2510014483,2026-08-17 16:00:00,232.060,232.230,233.080,0.130,0.110,0.130,0.083,0.029,0.025,0.027,-0.018,-0.005,-0.005,-0.008,0.972,50.230
2510014484,2026-08-17 16:00:00,233.410,233.000,233.390,1.900,2.190,1.810,1.300,0.412,0.510,0.399,0.419,0.146,0.136,0.136,0.952,50.260
2510178139,2026-08-17 16:00:00,234.680,235.100,234.250,0.460,0.440,0.550,0.359,0.116,0.102,0.139,0.092,0.034,0.036,0.021,0.963,50.240
2510178141,2026-08-17 16:00:00,233.330,234.220,234.560,0.870,0.670,0.720,0.407,0.169,0.114,0.123,0.000,0.018,-0.009,-0.008,0.999,50.250
2510203104,2026-08-17 16:00:00,226.100,225.980,226.940,1.390,1.590,1.350,0.932,0.305,0.337,0.287,0.171,0.043,0.066,0.061,0.983,50.270
2510203105,2026-08-17 16:00:00,233.830,231.810,232.530,0.750,0.750,0.660,0.487,0.171,0.167,0.148,0.084,0.031,0.032,0.019,0.985,50.240
2510203107,2026-08-17 16:00:00,221.070,220.520,221.130,2.200,2.180,2.070,1.320,0.451,0.441,0.428,0.434,0.146,0.161,0.126,0.949,50.230
2510203108,2026-08-17 16:00:00,233.570,234.080,233.210,0.990,1.330,1.360,0.799,0.206,0.285,0.308,0.173,0.069,0.048,0.054,0.972,50.240
2510203109,2026-08-17 16:00:00,232.180,233.060,231.960,0.560,0.680,0.810,0.436,0.122,0.145,0.168,0.100,0.044,0.027,0.028,0.973,50.240
2510203111,2026-08-17 16:00:00,232.920,233.630,233.960,1.780,1.550,1.940,1.164,0.390,0.342,0.431,0.262,0.107,0.072,0.081,0.975,50.250
2510203113,2026-08-17 16:00:00,233.530,233.500,233.250,2.790,2.760,3.090,1.954,0.630,0.624,0.698,0.199,0.047,0.077,0.075,0.994,50.250
2510203114,2026-08-17 16:00:00,225.820,225.900,226.750,1.380,1.470,1.270,0.857,0.276,0.309,0.263,0.145,0.036,0.057,0.051,0.986,50.250
2510203117,2026-08-17 16:00:00,230.290,229.670,228.540,0.330,0.350,0.220,0.177,0.061,0.075,0.040,0.104,0.046,0.029,0.028,0.863,50.250
2510203118,2026-08-17 16:00:00,122.510,122.560,123.010,0.190,0.160,0.160,0.060,0.022,0.019,0.018,-0.013,-0.005,-0.002,-0.005,0.976,50.230
2510203119,2026-08-17 16:00:00,230.740,230.030,228.880,0.000,0.000,0.000,0.000,0.000,0.000,0.000,0.000,0.000,0.000,0.000,1.000,50.250
2510203120,2026-08-17 16:00:00,232.610,231.540,231.940,1.740,1.530,1.420,1.058,0.394,0.345,0.318,0.128,0.054,0.043,0.030,0.992,50.230
2510203121,2026-08-17 16:00:00,230.300,229.170,231.040,0.370,0.350,0.550,0.289,0.083,0.081,0.125,0.031,0.012,0.014,0.004,0.994,50.230
2510203122,2026-08-17 16:00:00,232.890,233.890,232.740,1.020,0.740,0.610,0.415,0.190,0.126,0.097,0.350,0.138,0.108,0.102,0.765,50.250
2510203123,2026-08-17 16:00:00,233.060,233.700,234.130,0.990,1.420,1.460,0.561,0.157,0.211,0.192,0.255,0.092,0.057,0.105,0.957,50.250
2510203124,2026-08-17 16:00:00,234.120,234.140,233.490,0.910,0.930,0.940,0.617,0.204,0.204,0.208,0.153,0.048,0.053,0.051,0.970,50.250
2510203126,2026-08-17 16:00:00,230.950,229.780,231.710,0.020,0.000,0.000,0.003,0.003,0.000,0.000,0.000,0.000,0.000,0.000,1.000,50.270
2510203127,2026-08-17 16:00:00,233.350,234.190,233.230,1.330,1.630,1.410,0.958,0.284,0.368,0.306,0.325,0.118,0.095,0.111,0.946,50.260
2510203128,2026-08-17 16:00:00,232.500,233.090,231.540,1.710,1.680,1.640,1.132,0.386,0.377,0.367,0.071,0.006,0.022,0.042,0.998,50.250
2510203130,2026-08-17 16:00:00,244.190,244.600,245.990,0.000,0.000,0.090,0.023,0.000,0.000,0.022,0.004,0.000,0.000,0.004,1.000,50.250
2510203133,2026-08-17 16:00:00,231.770,232.670,231.740,0.460,0.370,0.800,0.353,0.097,0.073,0.181,0.121,0.040,0.044,0.036,0.946,50.250
2510203134,2026-08-17 16:00:00,233.860,232.690,232.820,0.020,0.010,0.010,0.007,0.004,0.002,0.001,-0.002,-0.001,-0.001,0.000,0.964,50.260
2510224049,2026-08-17 16:00:00,228.770,230.310,229.870,0.270,6.850,0.020,1.600,0.050,1.540,0.000,0.220,-0.010,0.250,0.000,0.989,50.230
2510224167,2026-08-17 16:00:00,230.410,229.120,231.070,0.760,0.120,0.360,0.170,0.090,0.010,0.050,-0.160,-0.080,-0.020,-0.050,0.741,50.250
2510317505,2026-08-17 16:00:00,230.350,229.130,231.000,0.070,0.020,2.260,0.280,0.010,0.000,0.260,-0.240,0.000,0.000,-0.240,0.750,50.260
2510317516,2026-08-17 16:00:00,231.110,229.830,231.630,0.000,0.000,0.000,0.000,0.000,0.000,0.000,0.000,0.000,0.000,0.000,1.000,50.260
2510317537,2026-08-17 16:00:00,232.010,232.200,232.960,3.920,3.730,3.620,2.810,0.970,0.930,0.920,-0.290,-0.080,-0.080,-0.120,0.993,50.260
2510389559,2026-08-17 16:00:00,234.780,234.690,234.700,0.000,0.000,0.000,0.000,0.000,0.000,0.000,0.000,0.000,0.000,0.000,1.000,50.250
2510389643,2026-08-17 16:00:00,234.880,234.740,234.780,0.640,0.000,0.000,0.150,0.150,0.000,0.000,0.000,0.000,0.000,0.000,0.997,50.250
2510389931,2026-08-17 16:00:00,234.610,234.010,234.430,0.050,0.000,0.000,0.000,0.000,0.000,0.000,-0.010,-0.010,0.000,0.000,0.192,50.240
2510633381,2026-08-17 16:00:00,233.400,232.270,232.580,0.100,0.190,0.080,0.082,0.021,0.042,0.017,-0.017,-0.006,-0.007,-0.003,0.978,50.260
2510633383,2026-08-17 16:00:00,233.530,234.480,234.900,2.590,2.210,2.540,1.647,0.579,0.492,0.574,0.129,0.072,0.024,0.032,0.997,50.270
2510633385,2026-08-17 16:00:00,234.870,234.620,234.610,0.400,0.210,0.330,0.216,0.092,0.048,0.074,0.038,0.009,0.008,0.020,0.986,50.220
2510633386,2026-08-17 16:00:00,221.820,222.010,222.870,1.120,1.150,1.130,0.173,0.060,0.054,0.059,-0.683,-0.222,-0.231,-0.228,0.244,50.210
2510633387,2026-08-17 16:00:00,232.930,234.000,232.900,0.040,0.010,0.190,0.053,0.009,0.001,0.043,-0.005,0.000,0.000,-0.003,0.997,50.230
2510633389,2026-08-17 16:00:00,233.760,233.720,233.370,0.940,0.900,0.790,0.548,0.203,0.187,0.158,0.265,0.081,0.093,0.090,0.899,50.230
2510633390,2026-08-17 16:00:00,232.050,233.010,231.840,2.120,2.470,2.330,1.336,0.407,0.489,0.399,0.379,0.092,0.127,0.159,0.970,50.240
2510633391,2026-08-17 16:00:00,123.110,122.880,122.800,0.540,0.640,0.790,0.229,0.064,0.071,0.095,0.000,0.014,-0.019,0.003,0.999,50.250
2510633393,2026-08-17 16:00:00,233.170,233.490,233.540,1.860,1.880,1.870,1.265,0.420,0.424,0.419,0.308,0.108,0.090,0.108,0.970,50.230
2510633396,2026-08-17 16:00:00,234.290,233.520,234.100,0.620,0.670,0.600,0.416,0.134,0.148,0.132,0.094,0.031,0.033,0.029,0.975,50.260
2510633397,2026-08-17 16:00:00,238.240,236.990,237.240,0.710,0.770,0.800,0.420,0.122,0.143,0.154,0.336,0.115,0.111,0.109,0.781,50.240
2510633399,2026-08-17 16:00:00,230.380,229.050,231.130,0.420,0.430,0.480,0.304,0.095,0.097,0.111,0.016,0.005,0.006,0.004,0.998,50.250
2510633400,2026-08-17 16:00:00,228.080,229.870,228.940,0.830,0.950,0.880,0.495,0.156,0.178,0.159,0.180,0.054,0.059,0.066,0.947,50.240
2510633402,2026-08-17 16:00:00,231.320,231.650,233.140,0.600,0.700,0.720,0.483,0.155,0.176,0.183,0.162,0.051,0.054,0.056,0.944,50.220
2510633406,2026-08-17 16:00:00,230.470,229.200,231.180,0.010,0.010,0.010,0.003,0.001,0.000,0.000,-0.003,-0.001,0.000,-0.001,0.694,50.240
2510633410,2026-08-17 16:00:00,230.440,229.230,231.150,0.150,0.180,0.230,0.126,0.034,0.039,0.052,0.007,-0.003,0.009,0.001,0.997,50.220
2510633411,2026-08-17 16:00:00,227.630,226.520,225.330,2.670,2.500,2.590,1.703,0.586,0.536,0.554,0.578,0.183,0.195,0.200,0.946,50.250
2510814977,2026-08-17 16:00:00,231.830,233.150,231.370,0.050,0.060,0.110,0.040,0.012,0.012,0.014,-0.002,0.000,-0.001,-0.001,1.000,50.220
2610026950,2026-08-17 16:00:00,231.110,230.210,229.110,0.020,0.000,0.020,0.010,0.005,0.000,0.004,-0.001,0.000,0.000,0.000,0.954,50.230
2610026952,2026-08-17 16:00:00,228.640,227.490,228.120,4.850,4.720,4.700,2.863,0.974,0.936,0.952,1.621,0.551,0.552,0.519,0.873,50.230
2610026953,2026-08-17 16:00:00,234.100,233.610,233.950,0.710,0.710,0.730,0.505,0.161,0.167,0.164,0.134,0.051,0.049,0.033,0.966,50.230
2610026963,2026-08-17 16:00:00,234.720,234.930,235.560,0.220,0.070,0.040,0.066,0.051,0.012,0.002,-0.034,-0.013,-0.010,-0.009,0.889,50.260
2610026966,2026-08-17 16:00:00,234.660,234.270,234.620,1.040,1.020,0.800,0.646,0.236,0.230,0.179,0.129,0.048,0.044,0.035,0.980,50.250
2610026976,2026-08-17 16:00:00,234.180,234.570,235.310,1.110,1.110,0.710,0.652,0.251,0.235,0.165,0.001,0.002,0.000,-0.001,1.000,50.250
2610026977,2026-08-17 16:00:00,246.910,246.430,246.410,0.000,0.000,0.000,0.000,0.000,0.000,0.000,-0.001,0.000,0.000,0.000,,50.250
2610126451,2026-08-17 16:00:00,234.770,235.160,234.380,0.000,0.000,0.120,0.028,0.000,0.000,0.028,0.001,0.000,0.000,0.001,0.990,50.230
2610159557,2026-08-17 16:00:00,233.260,232.260,232.500,0.020,0.030,0.040,0.021,0.004,0.005,0.011,-0.006,-0.002,-0.001,-0.002,0.943,50.230
2610170786,2026-08-17 16:00:00,232.240,232.440,233.350,0.830,0.800,0.840,0.501,0.151,0.139,0.147,0.088,0.028,0.028,0.031,0.984,50.250
2610170836,2026-08-17 16:00:00,233.310,233.650,232.750,0.070,0.110,0.100,0.106,0.023,0.047,0.058,0.054,0.013,0.021,0.018,0.706,50.230
2610170838,2026-08-17 16:00:00,233.220,232.010,232.360,0.020,0.050,0.030,0.023,0.005,0.010,0.007,0.000,0.000,0.000,0.000,0.988,50.260
2610322967,2026-08-17 16:00:00,233.680,232.470,232.520,0.000,0.000,0.010,0.002,0.000,0.000,0.002,0.000,0.000,0.000,0.000,0.910,50.240
2610322969,2026-08-17 16:00:00,230.780,230.370,229.180,0.210,0.230,0.290,0.165,0.048,0.051,0.066,0.008,0.001,-0.001,0.008,1.000,50.230
2610322997,2026-08-17 16:00:00,231.010,231.610,230.260,1.260,1.310,1.010,0.789,0.292,0.276,0.212,0.302,0.054,0.145,0.102,0.937,50.230
2610323001,2026-08-17 16:00:00,227.860,227.320,227.250,4.240,3.440,3.650,2.259,0.852,0.685,0.721,1.093,0.385,0.346,0.361,0.903,50.230
2610323004,2026-08-17 16:00:00,64.320,63.720,64.280,0.480,0.460,0.500,0.084,0.027,0.027,0.029,0.038,0.014,0.011,0.012,0.926,50.220
2610323005,2026-08-17 16:00:00,229.180,231.000,230.250,0.040,0.000,0.000,0.010,0.009,0.001,0.000,0.000,0.000,0.000,0.000,0.983,50.230
2610323016,2026-08-17 16:00:00,229.840,228.510,228.770,2.760,2.530,2.610,1.613,0.573,0.510,0.529,0.751,0.253,0.246,0.252,0.907,50.240
2610323019,2026-08-17 16:00:00,228.790,230.920,230.180,0.060,0.160,0.030,0.057,0.013,0.037,0.006,-0.007,-0.003,-0.002,-0.001,0.994,50.240
2610323024,2026-08-17 16:00:00,226.930,228.090,228.670,4.010,4.480,4.450,2.738,0.814,0.966,0.959,1.099,0.415,0.326,0.357,0.927,50.240
2410883994,2026-08-17 16:01:00,233.280,232.150,232.500,0.000,0.040,0.020,0.012,0.000,0.008,0.003,0.000,0.000,0.000,0.000,1.000,50.240
2510203103,2026-08-17 16:01:00,227.080,225.270,225.770,1.350,1.430,1.360,0.880,0.288,0.300,0.291,0.063,0.027,0.021,0.014,0.994,50.240
2510203106,2026-08-17 16:01:00,234.640,234.100,234.380,0.010,0.010,0.000,0.005,0.002,0.003,0.000,-0.002,-0.001,0.000,0.000,0.937,50.220
2510203115,2026-08-17 16:01:00,234.100,234.610,234.740,0.000,0.000,0.000,0.000,0.000,0.000,0.000,0.000,0.000,0.000,0.000,1.000,50.230
2510633395,2026-08-17 16:01:00,233.970,234.430,233.020,0.000,0.000,0.000,0.000,0.000,0.000,0.000,0.000,0.000,0.000,0.000,1.000,50.210
2610126270,2026-08-17 16:01:00,229.100,230.840,230.290,0.100,0.050,0.030,0.040,0.022,0.011,0.006,-0.007,-0.003,-0.001,-0.002,0.977,50.230
2610170837,2026-08-17 16:01:00,233.390,231.360,231.880,0.000,0.000,0.050,0.010,0.000,0.000,0.010,0.000,0.000,0.000,0.000,1.000,50.210
2610170840,2026-08-17 16:02:00,234.440,233.830,234.300,0.000,0.000,0.000,0.000,0.000,0.000,0.000,0.000,0.000,0.000,0.000,0.414,50.190
2246006313,2026-08-17 16:30:00,57.900,57.600,57.500,1.259,1.273,1.195,0.210,0.070,0.071,0.067,0.037,0.014,0.011,0.011,0.984,50.140
2410121326,2026-08-17 16:30:00,231.910,230.940,231.120,1.030,1.050,1.220,0.740,0.232,0.234,0.274,0.198,0.070,0.064,0.064,0.965,50.150
2410121353,2026-08-17 16:30:00,231.460,230.720,230.720,0.680,0.620,0.530,0.400,0.153,0.135,0.110,0.204,0.066,0.062,0.074,0.884,50.140
2410121371,2026-08-17 16:30:00,233.040,232.000,232.180,0.150,0.060,0.120,0.068,0.030,0.011,0.026,0.026,0.010,0.008,0.007,0.927,50.180
2410121424,2026-08-17 16:30:00,232.410,231.420,231.740,0.010,0.010,0.010,0.004,0.000,0.000,0.002,-0.003,-0.001,-0.001,0.000,0.821,50.160
2410121440,2026-08-17 16:30:00,232.890,231.900,232.070,0.010,0.000,0.010,0.004,0.002,0.000,0.001,-0.002,-0.001,0.000,0.000,0.816,50.180
2410121454,2026-08-17 16:30:00,231.620,232.270,230.900,0.740,0.890,1.080,0.604,0.163,0.199,0.240,0.057,0.010,0.014,0.033,0.995,50.160
2410121457,2026-08-17 16:30:00,230.260,229.370,229.930,2.570,2.530,2.440,1.672,0.570,0.557,0.544,0.386,0.139,0.137,0.110,0.974,50.140
2410121574,2026-08-17 16:30:00,231.540,230.380,230.580,1.790,1.540,1.610,1.107,0.405,0.342,0.357,0.059,0.026,0.008,0.023,0.998,50.120
2410131378,2026-08-17 16:30:00,231.240,231.810,230.980,0.990,1.100,1.080,0.673,0.206,0.241,0.226,0.104,0.024,0.034,0.045,0.989,50.170
2410131383,2026-08-17 16:30:00,236.200,236.080,236.010,0.120,0.100,0.160,0.088,0.028,0.023,0.035,-0.001,0.000,0.000,0.000,0.996,50.140
2410131384,2026-08-17 16:30:00,235.600,236.440,235.570,1.300,1.560,1.500,0.964,0.292,0.327,0.292,0.222,0.071,0.082,0.068,0.972,50.100
2410131387,2026-08-17 16:30:00,233.170,233.150,233.450,0.070,0.060,0.050,0.039,0.015,0.013,0.010,-0.008,-0.006,0.001,-0.003,0.986,50.150
2410320615,2026-08-17 16:30:00,231.270,231.390,232.200,4.670,4.410,4.730,3.004,1.032,0.937,1.035,0.954,0.308,0.329,0.316,0.953,50.120
2410883988,2026-08-17 16:30:00,229.050,230.750,229.980,0.000,0.000,0.020,0.004,0.000,0.000,0.003,0.000,0.000,0.000,0.000,1.000,50.130
2410883990,2026-08-17 16:30:00,230.270,229.480,228.420,0.100,0.000,0.440,0.045,0.023,0.000,0.020,0.004,0.001,0.000,0.003,0.998,50.120
2410883991,2026-08-17 16:30:00,235.330,235.790,236.580,0.570,0.390,0.550,0.338,0.127,0.082,0.128,0.041,0.028,-0.002,0.014,0.994,50.150
2410883993,2026-08-17 16:30:00,236.410,235.250,235.350,0.910,1.140,1.060,0.752,0.214,0.295,0.238,0.034,0.010,0.007,0.016,0.999,50.100
2410883994,2026-08-17 16:30:00,236.350,235.230,235.530,0.000,0.040,0.020,0.012,0.000,0.008,0.003,0.000,0.000,0.000,0.000,1.000,50.140
2410932742,2026-08-17 16:30:00,230.310,228.240,228.680,3.850,3.820,3.990,2.512,0.832,0.822,0.857,0.646,0.218,0.198,0.229,0.968,50.150
2411087432,2026-08-17 16:30:00,230.730,231.660,230.640,2.270,1.860,1.840,1.293,0.510,0.385,0.397,0.303,0.065,0.134,0.104,0.972,50.130
2411087433,2026-08-17 16:30:00,236.140,236.280,237.160,0.670,0.560,0.750,0.433,0.146,0.125,0.161,0.020,0.009,0.000,0.012,0.999,50.100
2411290205,2026-08-17 16:30:00,233.020,233.090,232.920,2.970,2.900,2.950,1.886,0.629,0.621,0.637,0.889,0.305,0.283,0.299,0.927,50.150
2510014481,2026-08-17 16:30:00,228.940,229.490,230.590,3.030,2.770,3.040,1.801,0.611,0.534,0.655,0.615,0.198,0.190,0.193,0.942,50.110
2510014482,2026-08-17 16:30:00,230.730,231.550,230.530,1.180,0.650,0.380,0.484,0.253,0.146,0.084,0.066,0.021,0.022,0.021,0.991,50.130
2510014483,2026-08-17 16:30:00,235.790,235.930,236.790,0.130,0.110,0.170,0.094,0.030,0.025,0.038,-0.019,-0.005,-0.005,-0.008,0.979,50.120
2510014484,2026-08-17 16:30:00,234.110,233.820,234.180,2.070,2.440,2.030,1.454,0.452,0.551,0.450,0.432,0.148,0.141,0.143,0.957,50.130
2510178139,2026-08-17 16:30:00,231.960,232.520,231.680,0.390,0.380,0.510,0.300,0.092,0.084,0.120,0.076,0.028,0.032,0.016,0.965,50.110
2510178141,2026-08-17 16:30:00,230.990,231.690,232.170,0.810,0.620,0.670,0.373,0.157,0.102,0.113,-0.008,0.014,-0.011,-0.012,1.000,50.130
2510203103,2026-08-17 16:30:00,226.850,225.070,225.650,1.250,1.200,1.250,0.868,0.293,0.278,0.295,0.058,0.026,0.016,0.015,0.997,50.120
2510203104,2026-08-17 16:30:00,229.620,229.400,230.400,1.310,1.410,1.330,0.944,0.311,0.338,0.295,0.201,0.053,0.077,0.071,0.975,50.130
2510203105,2026-08-17 16:30:00,232.950,230.890,231.790,0.650,0.590,0.510,0.404,0.147,0.136,0.120,0.126,0.046,0.048,0.031,0.947,50.100
2510203108,2026-08-17 16:30:00,231.230,231.830,230.860,0.720,1.100,1.190,0.676,0.152,0.246,0.278,0.143,0.052,0.044,0.047,0.977,50.120
2510203109,2026-08-17 16:30:00,235.510,236.490,235.340,0.570,0.700,0.810,0.444,0.126,0.148,0.169,0.105,0.043,0.030,0.031,0.972,50.110
2510203111,2026-08-17 16:30:00,230.530,231.120,231.660,1.460,1.360,1.620,0.956,0.310,0.291,0.354,0.250,0.105,0.072,0.071,0.968,50.130
2510203113,2026-08-17 16:30:00,234.680,234.670,234.470,2.200,2.150,2.480,1.554,0.502,0.483,0.568,0.169,0.041,0.061,0.066,0.993,50.130
2510203114,2026-08-17 16:30:00,229.420,229.500,230.360,1.410,1.370,1.270,0.879,0.299,0.300,0.283,0.159,0.041,0.061,0.055,0.984,50.110
2510203118,2026-08-17 16:30:00,124.410,124.400,124.970,0.160,0.130,0.140,0.051,0.019,0.016,0.015,-0.021,-0.007,-0.004,-0.008,0.913,50.100
2510203119,2026-08-17 16:30:00,230.210,229.460,228.420,0.000,0.000,0.000,0.000,0.000,0.000,0.000,0.000,0.000,0.000,0.000,1.000,50.120
2510203120,2026-08-17 16:30:00,235.920,234.840,235.210,1.550,1.350,1.220,0.943,0.356,0.308,0.278,0.127,0.053,0.045,0.029,0.990,50.120
2510203121,2026-08-17 16:30:00,229.250,228.230,230.060,0.330,0.350,0.540,0.278,0.073,0.079,0.124,0.030,0.012,0.013,0.004,0.993,50.100
2510203122,2026-08-17 16:30:00,230.780,231.690,230.630,0.890,0.600,0.530,0.453,0.198,0.143,0.111,0.266,0.102,0.079,0.084,0.817,50.140
2510203123,2026-08-17 16:30:00,230.740,231.310,232.060,1.200,1.750,1.260,0.662,0.137,0.267,0.257,0.294,0.117,0.075,0.067,0.949,50.140
2510203124,2026-08-17 16:30:00,231.610,231.830,231.230,0.980,0.990,1.000,0.661,0.219,0.220,0.222,0.153,0.048,0.054,0.051,0.973,50.110
2510203126,2026-08-17 16:30:00,229.920,228.790,230.730,0.020,0.000,0.000,0.003,0.003,0.000,0.000,0.000,0.000,0.000,0.000,1.000,50.130
2510203127,2026-08-17 16:30:00,231.030,232.030,231.060,1.690,1.850,1.570,1.121,0.366,0.412,0.342,0.304,0.114,0.088,0.102,0.965,50.130
2510203128,2026-08-17 16:30:00,235.690,236.410,234.880,1.690,1.600,1.610,1.123,0.390,0.367,0.366,0.058,0.003,0.016,0.038,0.998,50.120
2510203130,2026-08-17 16:30:00,243.670,244.220,245.500,0.000,0.000,0.180,0.031,0.000,0.000,0.033,0.022,0.000,0.000,0.022,0.837,50.100
2510203133,2026-08-17 16:30:00,230.590,231.440,230.400,0.460,0.370,0.690,0.326,0.097,0.073,0.155,0.116,0.039,0.043,0.033,0.940,50.130
2510203134,2026-08-17 16:30:00,237.100,235.890,235.970,0.020,0.010,0.010,0.007,0.004,0.002,0.001,-0.002,-0.001,-0.001,0.000,0.975,50.150
2510224167,2026-08-17 16:30:00,229.500,228.480,230.400,0.760,0.120,0.360,0.170,0.100,0.010,0.050,-0.150,-0.080,-0.020,-0.050,0.742,50.130
2510317505,2026-08-17 16:30:00,229.590,228.460,230.320,0.070,0.030,2.260,0.280,0.010,0.000,0.260,-0.240,0.000,0.000,-0.240,0.754,50.130
2510317516,2026-08-17 16:30:00,230.090,229.020,230.830,0.000,0.000,0.000,0.000,0.000,0.000,0.000,0.000,0.000,0.000,0.000,1.000,50.130
2510317537,2026-08-17 16:30:00,235.240,235.160,236.320,2.780,2.710,2.960,2.010,0.680,0.650,0.690,-0.230,-0.050,-0.060,-0.110,0.993,50.130
2510389559,2026-08-17 16:30:00,235.620,235.660,235.590,0.000,0.000,0.000,0.000,0.000,0.000,0.000,0.000,0.000,0.000,0.000,1.000,50.120
2510389643,2026-08-17 16:30:00,235.660,235.690,235.570,0.450,0.000,0.000,0.100,0.100,0.000,0.000,-0.010,-0.010,0.000,0.000,0.997,50.130
2510389931,2026-08-17 16:30:00,235.470,235.030,235.390,0.050,0.000,0.000,0.000,0.000,0.000,0.000,-0.010,-0.010,0.000,0.000,0.185,50.120
2510633381,2026-08-17 16:30:00,236.900,235.800,235.960,0.110,0.190,0.080,0.086,0.023,0.044,0.019,-0.018,-0.007,-0.007,-0.004,0.977,50.110
2510633383,2026-08-17 16:30:00,231.040,231.640,232.280,2.550,2.200,2.490,1.607,0.563,0.486,0.556,0.082,0.054,0.009,0.018,0.998,50.120
2510633385,2026-08-17 16:30:00,235.810,235.750,235.720,0.460,0.210,0.340,0.232,0.106,0.048,0.076,0.040,0.010,0.009,0.021,0.987,50.140
2510633386,2026-08-17 16:30:00,225.000,225.100,226.110,1.110,1.140,1.120,0.166,0.058,0.052,0.055,-0.705,-0.229,-0.239,-0.236,0.227,50.160
2510633389,2026-08-17 16:30:00,234.580,234.610,234.290,0.920,0.820,0.790,0.530,0.199,0.171,0.160,0.264,0.082,0.088,0.093,0.895,50.140
2510633390,2026-08-17 16:30:00,235.580,236.650,235.570,1.600,1.780,1.710,1.146,0.362,0.409,0.377,0.343,0.099,0.117,0.126,0.955,50.130
2510633391,2026-08-17 16:30:00,121.980,121.640,121.490,0.460,0.630,0.730,0.212,0.055,0.070,0.086,-0.001,0.008,-0.019,0.007,1.000,50.150
2510633393,2026-08-17 16:30:00,234.290,234.370,234.360,2.050,2.080,2.050,1.383,0.459,0.467,0.456,0.328,0.114,0.098,0.114,0.972,50.190
2510633395,2026-08-17 16:30:00,231.730,232.190,231.040,0.000,0.000,0.000,0.000,0.000,0.000,0.000,0.000,0.000,0.000,0.000,1.000,50.110
2510633396,2026-08-17 16:30:00,231.610,231.060,231.350,0.660,0.720,0.650,0.446,0.144,0.158,0.143,0.093,0.031,0.032,0.028,0.978,50.120
2510633397,2026-08-17 16:30:00,241.820,240.500,240.760,0.870,0.920,0.920,0.526,0.163,0.177,0.184,0.368,0.125,0.124,0.118,0.817,50.130
2510633399,2026-08-17 16:30:00,229.370,228.220,230.140,0.450,0.470,0.560,0.338,0.103,0.106,0.128,0.009,0.002,0.004,0.003,0.998,50.130
2510633400,2026-08-17 16:30:00,227.580,229.280,228.520,0.570,0.690,0.560,0.524,0.160,0.190,0.172,0.168,0.051,0.057,0.061,0.940,50.140
2510633402,2026-08-17 16:30:00,230.590,231.040,232.470,0.540,0.620,0.640,0.392,0.116,0.129,0.132,0.165,0.052,0.054,0.058,0.913,50.140
2510633406,2026-08-17 16:30:00,229.530,228.340,230.320,0.010,0.010,0.010,0.003,0.001,0.000,0.000,-0.003,-0.001,0.000,-0.001,0.693,50.100
2510633410,2026-08-17 16:30:00,229.500,228.310,230.250,0.100,0.250,0.230,0.114,0.023,0.039,0.052,0.008,-0.003,0.009,0.002,0.995,50.100
2510633411,2026-08-17 16:30:00,227.300,226.230,225.050,2.410,2.240,2.290,1.478,0.519,0.473,0.482,0.505,0.161,0.170,0.174,0.946,50.150
2510814977,2026-08-17 16:30:00,231.840,233.080,231.130,0.040,0.070,0.060,0.037,0.009,0.014,0.012,-0.003,-0.001,-0.001,-0.001,1.000,50.110
2610026950,2026-08-17 16:30:00,230.270,229.370,228.360,0.020,0.000,0.020,0.008,0.003,0.000,0.004,-0.001,0.000,0.000,0.000,0.959,50.110
2610026952,2026-08-17 16:30:00,223.540,222.450,222.960,6.810,6.610,6.700,3.852,1.300,1.255,1.296,2.092,0.720,0.701,0.670,0.876,50.110
2610026953,2026-08-17 16:30:00,234.890,234.460,234.800,0.730,0.730,0.700,0.464,0.157,0.153,0.153,0.135,0.051,0.049,0.035,0.962,50.100
2610026963,2026-08-17 16:30:00,232.190,232.160,232.950,0.220,0.070,0.040,0.063,0.049,0.009,0.003,-0.033,-0.013,-0.011,-0.008,0.880,50.110
2610026966,2026-08-17 16:30:00,235.340,235.240,235.250,1.030,0.860,0.620,0.606,0.238,0.196,0.169,0.105,0.039,0.037,0.027,0.983,50.110
2610026976,2026-08-17 16:30:00,231.960,232.570,233.190,1.110,0.910,1.260,0.645,0.244,0.209,0.191,0.018,0.022,0.000,-0.010,1.000,50.180
2610026977,2026-08-17 16:30:00,246.790,247.270,246.990,0.370,0.000,0.000,0.073,0.072,0.000,0.000,0.055,0.055,0.000,0.000,0.795,50.150
2610126270,2026-08-17 16:30:00,228.510,230.240,229.500,0.100,0.050,0.020,0.037,0.022,0.011,0.003,-0.006,-0.002,-0.001,-0.002,0.975,50.120
2610126451,2026-08-17 16:30:00,231.980,232.460,231.610,0.010,0.010,0.160,0.037,0.000,0.000,0.036,0.010,0.002,0.002,0.005,0.968,50.090
2610159557,2026-08-17 16:30:00,237.030,235.910,235.990,0.030,0.020,0.020,0.015,0.005,0.005,0.004,-0.005,-0.002,-0.001,-0.001,0.963,50.100
2610170786,2026-08-17 16:30:00,235.730,235.850,236.740,0.930,0.840,0.890,0.492,0.171,0.155,0.172,0.096,0.032,0.029,0.034,0.985,50.130
2610170836,2026-08-17 16:30:00,231.040,231.390,230.290,0.040,0.040,0.040,0.016,0.004,0.005,0.006,0.000,-0.001,0.000,0.000,0.995,50.120
2610170837,2026-08-17 16:30:00,233.160,231.150,231.730,0.020,0.000,0.070,0.018,0.003,0.000,0.014,0.007,0.001,0.000,0.006,0.928,50.120
2610170838,2026-08-17 16:30:00,236.740,235.520,235.800,0.060,0.050,0.060,0.029,0.005,0.011,0.012,0.000,0.000,0.000,0.000,1.000,50.130
2610170840,2026-08-17 16:30:00,235.530,235.090,235.470,0.000,0.000,0.000,0.000,0.000,0.000,0.000,0.000,0.000,0.000,0.000,0.431,50.120
2610322967,2026-08-17 16:30:00,237.340,236.050,235.940,0.000,0.000,0.020,0.006,0.000,0.000,0.006,0.000,0.000,0.000,0.000,0.956,50.100
2610322969,2026-08-17 16:30:00,230.270,229.420,228.400,0.210,0.170,0.230,0.187,0.047,0.039,0.100,-0.006,0.001,-0.001,-0.006,1.000,50.100
2610322997,2026-08-17 16:30:00,231.100,231.380,230.060,1.280,1.390,1.040,0.721,0.266,0.258,0.196,0.304,0.054,0.142,0.103,0.927,50.110
2610323001,2026-08-17 16:30:00,227.820,227.050,227.070,4.130,3.460,3.780,2.310,0.861,0.684,0.753,1.115,0.387,0.355,0.372,0.900,50.110
2610323004,2026-08-17 16:30:00,64.280,63.690,64.270,0.280,0.280,0.300,0.054,0.017,0.017,0.019,0.007,0.003,0.001,0.002,0.984,50.110
2610323005,2026-08-17 16:30:00,228.350,230.200,229.430,0.040,0.000,0.000,0.010,0.009,0.001,0.000,0.000,0.000,0.000,0.000,0.983,50.110
2610323016,2026-08-17 16:30:00,229.200,227.870,228.160,3.330,3.090,3.180,2.012,0.706,0.644,0.661,0.864,0.288,0.281,0.294,0.917,50.120
2610323019,2026-08-17 16:30:00,228.220,230.260,229.490,0.060,0.100,0.030,0.042,0.013,0.023,0.005,-0.009,-0.003,-0.003,-0.002,0.980,50.120
2610323024,2026-08-17 16:30:00,227.650,228.800,229.450,3.240,3.730,3.590,2.249,0.662,0.809,0.773,0.965,0.355,0.295,0.313,0.914,50.120
2510203106,2026-08-17 16:31:00,235.770,235.540,235.730,0.010,0.010,0.000,0.005,0.002,0.003,0.000,-0.002,-0.001,0.000,0.000,0.955,50.150
2510203107,2026-08-17 16:31:00,222.940,222.610,222.870,1.050,1.120,1.050,0.658,0.213,0.229,0.216,0.243,0.079,0.087,0.076,0.938,50.170
2510203115,2026-08-17 16:31:00,235.030,235.430,235.410,0.000,0.000,0.000,0.000,0.000,0.000,0.000,0.000,0.000,0.000,0.000,1.000,50.160
2510224049,2026-08-17 16:31:00,227.860,229.470,229.000,0.270,6.830,0.020,1.600,0.050,1.540,0.000,0.220,-0.010,0.250,0.000,0.989,50.130
2510203117,2026-08-17 16:32:00,229.910,229.460,228.250,0.380,0.430,0.290,0.225,0.071,0.095,0.058,0.108,0.050,0.029,0.028,0.901,50.160
2510633387,2026-08-17 16:32:00,230.800,231.660,230.730,0.040,0.000,0.190,0.052,0.009,0.000,0.042,-0.005,0.000,0.000,-0.003,0.997,50.140
2510203129,2026-08-17 16:48:00,0.000,0.000,0.000,0.000,0.000,0.000,0.000,0.000,0.000,0.000,0.000,0.000,0.000,0.000,0.000,
2510203129,2026-08-17 16:50:00,235.820,235.320,235.690,0.000,0.000,0.000,0.000,0.000,0.000,0.000,0.000,0.000,0.000,0.000,1.000,50.100
2246006313,2026-08-17 17:00:00,58.900,58.500,58.400,1.081,1.095,1.017,0.183,0.062,0.062,0.057,0.027,0.011,0.007,0.008,0.989,50.230
2410121326,2026-08-17 17:00:00,234.920,233.790,234.160,0.890,1.000,1.060,0.654,0.196,0.223,0.235,0.153,0.046,0.049,0.056,0.973,50.230
2410121353,2026-08-17 17:00:00,235.450,234.410,234.730,0.480,0.520,0.400,0.272,0.095,0.107,0.068,0.173,0.058,0.052,0.061,0.841,50.240
2410121371,2026-08-17 17:00:00,236.290,235.060,235.330,0.130,0.060,0.120,0.064,0.027,0.011,0.025,0.027,0.010,0.008,0.008,0.912,50.240
2410121424,2026-08-17 17:00:00,236.410,235.290,235.620,0.010,0.010,0.010,0.004,0.000,0.000,0.002,-0.003,-0.001,-0.001,0.000,0.832,50.250
2410121440,2026-08-17 17:00:00,235.890,234.740,235.100,0.010,0.000,0.010,0.004,0.002,0.000,0.001,-0.002,-0.001,0.000,0.000,0.843,50.230
2410121454,2026-08-17 17:00:00,235.510,236.310,234.800,0.630,0.780,0.970,0.542,0.142,0.178,0.221,0.062,0.012,0.015,0.035,0.993,50.260
2410121457,2026-08-17 17:00:00,234.050,232.860,233.350,2.260,2.200,2.140,1.485,0.507,0.493,0.483,0.306,0.114,0.107,0.084,0.979,50.260
2410121574,2026-08-17 17:00:00,235.120,233.950,234.100,1.600,1.260,1.320,0.926,0.339,0.286,0.300,0.037,0.018,0.001,0.017,0.999,50.240
2410131378,2026-08-17 17:00:00,235.220,235.860,234.590,0.740,0.870,0.870,0.616,0.193,0.227,0.216,0.119,0.027,0.041,0.049,0.977,50.250
2410131383,2026-08-17 17:00:00,237.060,237.070,236.870,0.060,0.060,0.090,0.050,0.014,0.014,0.021,0.000,0.000,0.000,0.000,0.994,50.250
2410131384,2026-08-17 17:00:00,235.950,236.890,235.820,1.190,1.180,1.260,0.874,0.279,0.331,0.319,0.209,0.065,0.081,0.063,0.975,50.230
2410131387,2026-08-17 17:00:00,235.330,235.370,235.690,0.070,0.060,0.050,0.039,0.015,0.013,0.010,-0.007,-0.006,0.002,-0.003,0.986,50.240
2410320615,2026-08-17 17:00:00,231.450,231.580,232.460,4.880,4.600,4.960,3.192,1.079,1.015,1.097,0.963,0.307,0.337,0.317,0.956,50.230
2410883990,2026-08-17 17:00:00,234.330,233.500,232.610,0.100,0.140,0.370,0.087,0.023,0.019,0.094,0.018,0.001,0.025,-0.009,0.985,50.240
2410883991,2026-08-17 17:00:00,235.330,235.760,236.660,0.520,0.300,0.490,0.318,0.119,0.073,0.125,0.028,0.021,0.000,0.001,0.996,50.260
2410883993,2026-08-17 17:00:00,236.110,234.850,235.190,0.920,1.090,1.200,0.733,0.209,0.246,0.278,0.156,0.055,0.059,0.041,0.982,50.220
2410883994,2026-08-17 17:00:00,236.680,235.440,235.800,0.000,0.040,0.020,0.012,0.000,0.008,0.003,0.000,0.000,0.000,0.000,1.000,50.220
2410932742,2026-08-17 17:00:00,232.370,230.200,230.560,3.890,3.840,4.010,2.539,0.845,0.829,0.865,0.720,0.245,0.225,0.249,0.962,50.230
2411087432,2026-08-17 17:00:00,233.900,234.660,233.290,1.630,1.610,2.210,1.220,0.373,0.349,0.498,0.141,0.000,0.057,0.083,0.993,50.240
2411087433,2026-08-17 17:00:00,236.140,236.420,237.380,0.610,0.480,0.620,0.412,0.149,0.120,0.151,0.005,0.008,-0.007,0.004,0.999,50.210
2411290205,2026-08-17 17:00:00,233.120,233.040,232.920,2.720,2.800,2.930,1.775,0.594,0.573,0.607,0.824,0.272,0.250,0.264,0.941,50.250
2510014481,2026-08-17 17:00:00,231.820,232.230,233.530,2.180,1.970,2.200,1.305,0.429,0.413,0.462,0.478,0.163,0.155,0.160,0.944,50.220
2510014482,2026-08-17 17:00:00,234.010,234.760,233.360,0.940,0.230,0.110,0.275,0.195,0.054,0.025,-0.004,0.000,0.001,-0.005,0.999,50.250
2510014483,2026-08-17 17:00:00,235.870,236.060,236.960,0.070,0.060,0.090,0.045,0.015,0.012,0.017,-0.021,-0.005,-0.006,-0.009,0.897,50.240
2510014484,2026-08-17 17:00:00,234.610,234.230,234.650,1.990,2.210,1.770,1.131,0.377,0.431,0.345,0.391,0.136,0.126,0.128,0.950,50.250
2510178139,2026-08-17 17:00:00,235.090,235.800,234.660,0.270,0.260,0.400,0.210,0.060,0.054,0.095,0.043,0.019,0.017,0.006,0.979,50.220
2510178141,2026-08-17 17:00:00,234.020,234.940,235.460,0.620,0.290,0.330,0.266,0.123,0.067,0.075,0.003,0.019,-0.006,-0.009,1.000,50.230
2510203103,2026-08-17 17:00:00,229.050,227.060,227.610,1.070,1.090,1.080,0.710,0.238,0.238,0.232,0.008,0.008,0.003,-0.002,0.999,50.230
2510203104,2026-08-17 17:00:00,229.600,229.600,230.530,1.250,1.270,1.220,0.832,0.283,0.291,0.258,0.222,0.062,0.082,0.078,0.964,50.220
2510203105,2026-08-17 17:00:00,235.720,233.620,234.330,0.330,0.460,0.320,0.256,0.075,0.106,0.075,0.022,0.010,0.009,0.002,0.995,50.210
2510203107,2026-08-17 17:00:00,222.280,221.700,222.280,1.840,1.850,1.730,1.098,0.374,0.370,0.353,0.396,0.131,0.148,0.116,0.940,50.220
2510203108,2026-08-17 17:00:00,234.200,234.790,233.620,0.800,1.080,1.340,0.757,0.186,0.259,0.312,0.116,0.041,0.035,0.039,0.987,50.230
2510203109,2026-08-17 17:00:00,235.940,236.910,235.700,0.560,0.710,0.770,0.434,0.123,0.156,0.158,0.112,0.045,0.032,0.035,0.967,50.220
2510203111,2026-08-17 17:00:00,233.250,234.070,234.550,1.720,1.510,1.910,1.138,0.375,0.336,0.426,0.260,0.106,0.069,0.085,0.974,50.220
2510203113,2026-08-17 17:00:00,235.240,235.270,235.050,1.850,1.900,2.110,1.355,0.429,0.437,0.488,0.109,0.024,0.045,0.039,0.996,50.240
2510203114,2026-08-17 17:00:00,229.730,230.010,230.830,1.130,0.960,0.990,0.644,0.229,0.206,0.208,0.167,0.049,0.061,0.056,0.969,50.220
2510203117,2026-08-17 17:00:00,233.750,233.100,232.150,0.410,0.540,0.190,0.236,0.081,0.121,0.033,0.112,0.050,0.030,0.030,0.903,50.240
2510203118,2026-08-17 17:00:00,124.450,124.450,125.000,0.170,0.150,0.150,0.060,0.021,0.019,0.018,-0.008,-0.003,0.000,-0.004,0.978,50.200
2510203119,2026-08-17 17:00:00,233.940,233.140,232.300,0.000,0.000,0.000,0.000,0.000,0.000,0.000,0.000,0.000,0.000,0.000,1.000,50.240
2510203120,2026-08-17 17:00:00,236.410,235.290,235.670,1.410,1.130,1.160,0.858,0.327,0.261,0.267,0.115,0.052,0.041,0.021,0.990,50.240
2510203121,2026-08-17 17:00:00,233.660,232.670,234.360,0.340,0.360,0.540,0.280,0.074,0.080,0.125,0.031,0.012,0.013,0.006,0.993,50.220
2510203122,2026-08-17 17:00:00,233.860,234.750,233.420,0.880,0.630,0.550,0.369,0.172,0.107,0.089,0.297,0.110,0.094,0.092,0.778,50.220
2510203123,2026-08-17 17:00:00,233.260,234.040,234.580,1.050,1.180,1.060,0.921,0.263,0.425,0.233,0.238,0.095,0.061,0.081,0.959,50.210
2510203124,2026-08-17 17:00:00,234.750,235.040,234.080,0.720,0.740,0.740,0.478,0.160,0.159,0.160,0.133,0.040,0.046,0.046,0.962,50.230
2510203126,2026-08-17 17:00:00,234.150,233.130,234.950,0.020,0.000,0.000,0.004,0.003,0.000,0.000,0.000,0.000,0.000,0.000,1.000,50.230
2510203127,2026-08-17 17:00:00,233.940,235.070,233.720,1.660,1.840,1.550,1.117,0.362,0.416,0.339,0.306,0.117,0.085,0.103,0.964,50.230
2510203128,2026-08-17 17:00:00,236.000,236.720,235.080,1.620,1.580,1.590,1.099,0.375,0.362,0.360,0.057,0.002,0.017,0.037,0.998,50.240
2510203129,2026-08-17 17:00:00,236.320,235.900,236.160,0.000,0.000,0.000,0.000,0.000,0.000,0.000,0.000,0.000,0.000,0.000,1.000,50.230
2510203130,2026-08-17 17:00:00,246.200,246.690,248.210,0.050,0.000,0.100,0.028,0.004,0.000,0.023,0.017,0.010,0.000,0.007,0.887,50.220
2510203133,2026-08-17 17:00:00,232.630,233.430,232.200,0.310,0.200,0.520,0.227,0.068,0.040,0.118,0.055,0.019,0.023,0.012,0.973,50.230
2510203134,2026-08-17 17:00:00,237.300,236.020,236.140,0.020,0.010,0.010,0.007,0.004,0.002,0.001,-0.002,-0.001,-0.001,0.000,0.977,50.240
2510224049,2026-08-17 17:00:00,232.360,233.680,233.300,0.260,6.940,0.020,1.620,0.050,1.560,0.000,0.250,-0.020,0.280,0.000,0.987,50.250
2510224167,2026-08-17 17:00:00,233.410,232.300,234.160,0.750,0.120,0.360,0.170,0.090,0.010,0.060,-0.160,-0.080,-0.020,-0.050,0.729,50.260
2510317505,2026-08-17 17:00:00,233.420,232.500,234.220,0.070,0.030,2.250,0.280,0.010,0.000,0.260,-0.250,0.000,0.000,-0.250,0.742,50.260
2510317516,2026-08-17 17:00:00,234.290,233.200,234.930,0.000,0.000,0.000,0.000,0.000,0.000,0.000,0.000,0.000,0.000,0.000,1.000,50.260
2510317537,2026-08-17 17:00:00,235.540,235.920,236.780,3.690,3.260,3.010,2.360,0.810,0.780,0.750,-0.380,-0.120,-0.110,-0.110,0.986,50.260
2510389559,2026-08-17 17:00:00,235.890,236.010,235.980,0.000,0.000,0.000,0.000,0.000,0.000,0.000,0.000,0.000,0.000,0.000,1.000,50.240
2510389643,2026-08-17 17:00:00,235.980,236.040,236.010,0.080,0.000,0.000,0.010,0.010,0.000,0.000,-0.010,-0.010,0.000,0.000,0.533,50.250
2510389931,2026-08-17 17:00:00,234.350,234.140,234.510,0.050,0.000,0.000,0.000,0.000,0.000,0.000,-0.010,-0.010,0.000,0.000,0.186,50.240
2510633381,2026-08-17 17:00:00,237.460,236.280,236.530,0.160,0.210,0.090,0.116,0.041,0.054,0.020,-0.020,-0.008,-0.009,-0.003,0.984,50.230
2510633383,2026-08-17 17:00:00,233.780,234.770,235.430,2.370,1.900,2.310,1.474,0.528,0.424,0.522,0.056,0.045,0.001,0.008,0.999,50.230
2510633385,2026-08-17 17:00:00,236.860,236.780,236.810,0.660,0.210,0.330,0.276,0.152,0.049,0.075,0.048,0.017,0.009,0.021,0.985,50.270
2510633386,2026-08-17 17:00:00,225.960,226.040,227.090,1.120,1.160,1.140,0.163,0.054,0.052,0.056,-0.709,-0.231,-0.240,-0.238,0.235,50.250
2510633387,2026-08-17 17:00:00,234.190,235.350,234.080,0.040,0.010,0.180,0.053,0.009,0.002,0.041,-0.005,0.000,0.000,-0.004,0.993,50.260
2510633389,2026-08-17 17:00:00,235.870,236.010,235.520,0.920,0.840,0.820,0.538,0.197,0.173,0.166,0.269,0.083,0.089,0.096,0.896,50.250
2510633390,2026-08-17 17:00:00,236.640,237.520,236.380,1.600,1.850,1.830,1.184,0.355,0.420,0.408,0.339,0.082,0.125,0.133,0.959,50.260
2510633391,2026-08-17 17:00:00,123.360,123.020,122.850,0.330,0.490,0.630,0.186,0.045,0.057,0.083,-0.007,0.012,-0.025,0.005,0.999,50.250
2510633393,2026-08-17 17:00:00,234.870,235.220,235.310,2.260,2.260,2.250,1.532,0.501,0.506,0.501,0.333,0.116,0.098,0.118,0.977,50.230
2510633395,2026-08-17 17:00:00,234.780,235.320,233.830,0.000,0.000,0.000,0.000,0.000,0.000,0.000,0.000,0.000,0.000,0.000,1.000,50.230
2510633396,2026-08-17 17:00:00,234.930,233.910,234.530,0.650,0.700,0.650,0.448,0.145,0.158,0.144,0.095,0.032,0.032,0.028,0.979,50.230
2510633397,2026-08-17 17:00:00,242.760,241.450,241.680,0.700,0.740,0.790,0.402,0.117,0.133,0.150,0.353,0.121,0.116,0.116,0.751,50.260
2510633399,2026-08-17 17:00:00,233.790,232.670,234.570,0.460,0.480,0.500,0.334,0.106,0.111,0.116,0.011,0.003,0.005,0.002,1.000,50.230
2510633400,2026-08-17 17:00:00,232.390,234.290,233.480,0.380,0.480,0.400,0.301,0.092,0.117,0.091,0.084,0.023,0.030,0.029,0.958,50.250
2510633402,2026-08-17 17:00:00,233.430,233.820,235.400,0.510,0.570,0.640,0.339,0.114,0.128,0.143,0.129,0.041,0.041,0.046,0.944,50.230
2510633406,2026-08-17 17:00:00,233.710,232.590,234.450,0.010,0.010,0.010,0.003,0.001,0.000,0.000,-0.003,-0.001,0.000,-0.001,0.695,50.210
2510633410,2026-08-17 17:00:00,233.590,232.570,234.400,0.110,0.170,0.230,0.116,0.024,0.039,0.053,0.010,-0.002,0.010,0.003,0.996,50.200
2510633411,2026-08-17 17:00:00,231.830,230.940,229.960,2.180,1.990,2.050,1.303,0.463,0.413,0.426,0.507,0.165,0.172,0.169,0.932,50.240
2510814977,2026-08-17 17:00:00,233.710,235.100,233.200,0.010,0.020,0.020,0.010,0.002,0.003,0.005,-0.002,0.000,-0.001,-0.001,0.992,50.220
2610026950,2026-08-17 17:00:00,234.340,233.360,232.420,0.020,0.000,0.020,0.010,0.004,0.000,0.004,-0.001,0.000,0.000,0.000,1.000,50.210
2610026952,2026-08-17 17:00:00,227.820,226.410,227.170,5.660,5.480,5.500,3.258,1.107,1.057,1.085,1.846,0.633,0.624,0.588,0.871,50.220
2610026953,2026-08-17 17:00:00,235.080,234.500,234.780,0.680,0.690,0.700,0.462,0.150,0.155,0.158,0.140,0.053,0.048,0.039,0.958,50.210
2610026963,2026-08-17 17:00:00,234.790,234.990,235.940,0.410,0.270,0.260,0.215,0.095,0.060,0.059,-0.036,-0.013,-0.011,-0.011,0.985,50.230
2610026966,2026-08-17 17:00:00,236.370,236.250,236.210,0.660,0.650,0.370,0.389,0.153,0.147,0.089,0.038,0.014,0.017,0.006,0.994,50.220
2610026976,2026-08-17 17:00:00,234.550,234.950,235.570,0.820,0.860,1.080,0.637,0.190,0.198,0.249,-0.007,0.007,-0.001,-0.014,1.000,50.230
2610026977,2026-08-17 17:00:00,247.450,247.910,247.650,0.370,0.140,0.000,0.107,0.073,0.034,0.000,0.054,0.054,0.000,0.000,0.895,50.240
2610126270,2026-08-17 17:00:00,232.680,234.270,233.710,0.100,0.070,0.020,0.038,0.022,0.011,0.003,-0.006,-0.003,-0.001,-0.002,0.983,50.230
2610126451,2026-08-17 17:00:00,234.850,235.480,234.360,0.000,0.010,0.180,0.044,0.000,0.002,0.042,0.003,0.000,0.000,0.003,0.987,50.210
2610159557,2026-08-17 17:00:00,237.030,235.840,236.020,0.030,0.020,0.030,0.017,0.006,0.004,0.007,-0.006,-0.003,-0.001,-0.001,0.941,50.210
2610170786,2026-08-17 17:00:00,235.960,236.120,236.990,1.020,0.950,1.000,0.638,0.222,0.203,0.212,0.111,0.035,0.036,0.039,0.981,50.260
2610170836,2026-08-17 17:00:00,234.010,234.490,233.250,0.020,0.030,0.040,0.018,0.006,0.005,0.006,0.000,-0.001,0.000,0.000,0.985,50.230
2610170837,2026-08-17 17:00:00,235.340,233.170,233.720,0.000,0.020,0.070,0.017,0.000,0.004,0.013,0.008,0.000,0.001,0.006,0.895,50.230
2610170840,2026-08-17 17:00:00,234.340,234.180,234.520,1.070,0.900,0.910,0.603,0.227,0.187,0.189,0.293,0.102,0.094,0.096,0.899,50.240
2610322967,2026-08-17 17:00:00,237.370,236.080,236.040,0.000,0.000,0.040,0.008,0.000,0.000,0.009,0.001,0.000,0.000,0.001,0.990,50.210
2610322997,2026-08-17 17:00:00,232.930,233.760,232.120,1.100,1.170,0.930,0.679,0.248,0.241,0.189,0.273,0.050,0.124,0.098,0.931,50.230
2610323001,2026-08-17 17:00:00,230.130,228.930,228.980,3.640,3.160,3.400,2.036,0.742,0.624,0.670,1.102,0.378,0.356,0.368,0.880,50.230
2610323004,2026-08-17 17:00:00,64.800,64.200,64.790,0.210,0.180,0.210,0.036,0.012,0.010,0.013,0.010,0.004,0.003,0.002,0.964,50.220
2610323005,2026-08-17 17:00:00,232.510,234.250,233.510,0.040,0.000,0.000,0.010,0.009,0.001,0.000,0.000,0.000,0.000,0.000,0.989,50.220
2610323016,2026-08-17 17:00:00,231.860,230.270,230.640,2.980,2.830,2.850,1.819,0.632,0.590,0.599,0.771,0.257,0.256,0.257,0.920,50.240
2610323019,2026-08-17 17:00:00,232.330,234.290,233.680,0.060,0.150,0.030,0.054,0.013,0.033,0.006,-0.011,-0.003,-0.005,-0.002,0.973,50.230
2610323024,2026-08-17 17:00:00,231.670,232.560,233.470,1.690,1.910,1.830,1.125,0.337,0.399,0.387,0.486,0.176,0.149,0.163,0.920,50.230
2410883988,2026-08-17 17:01:00,230.350,231.890,231.270,0.000,0.000,0.020,0.004,0.000,0.000,0.003,0.000,0.000,0.000,0.000,1.000,50.240
2510203106,2026-08-17 17:01:00,236.860,236.450,236.670,0.010,0.010,0.000,0.005,0.002,0.003,0.000,-0.002,-0.001,0.000,0.000,0.952,50.250
2510203115,2026-08-17 17:01:00,236.850,237.240,237.000,0.000,0.000,0.000,0.000,0.000,0.000,0.000,0.000,0.000,0.000,0.000,1.000,50.250
2610322969,2026-08-17 17:01:00,231.370,230.630,229.640,0.200,0.210,0.300,0.161,0.046,0.047,0.067,0.003,0.001,-0.001,0.003,0.999,50.250
2610170838,2026-08-17 17:02:00,237.880,236.580,236.880,0.040,0.040,0.030,0.023,0.004,0.010,0.007,0.001,0.000,0.000,0.000,0.989,50.230
2510203125,2026-08-17 17:06:00,0.000,0.000,0.000,0.000,0.000,0.000,0.000,0.000,0.000,0.000,0.000,0.000,0.000,0.000,0.000,
2510203125,2026-08-17 17:09:00,236.830,237.080,237.200,0.080,0.090,0.090,0.029,0.007,0.005,0.016,-0.052,-0.017,-0.019,-0.015,0.496,50.200
2246006313,2026-08-17 17:30:00,58.700,58.400,58.300,1.203,1.179,1.121,0.195,0.066,0.066,0.062,0.036,0.014,0.010,0.011,0.983,50.150
2410121326,2026-08-17 17:30:00,237.530,236.330,236.600,0.720,0.650,0.800,0.481,0.161,0.142,0.178,0.146,0.040,0.048,0.056,0.957,50.150
2410121353,2026-08-17 17:30:00,238.090,236.990,237.320,0.270,0.260,0.300,0.177,0.058,0.056,0.061,0.083,0.025,0.023,0.034,0.907,50.150
2410121371,2026-08-17 17:30:00,238.740,237.500,237.890,0.040,0.010,0.060,0.023,0.009,0.000,0.013,-0.003,0.000,-0.001,-0.001,0.988,50.150
2410121424,2026-08-17 17:30:00,238.460,237.330,237.730,0.010,0.010,0.010,0.004,0.000,0.001,0.002,-0.003,-0.001,-0.001,0.000,0.762,50.160
2410121440,2026-08-17 17:30:00,238.250,237.120,237.690,0.010,0.000,0.010,0.004,0.002,0.000,0.001,-0.002,-0.001,0.000,0.000,0.839,50.150
2410121454,2026-08-17 17:30:00,237.840,238.600,237.300,0.090,0.200,0.300,0.143,0.020,0.049,0.073,0.032,0.011,0.006,0.014,0.977,50.150
2410121457,2026-08-17 17:30:00,236.090,234.780,235.550,2.130,2.170,2.030,1.423,0.479,0.483,0.461,0.344,0.125,0.128,0.091,0.972,50.140
2410121574,2026-08-17 17:30:00,237.950,236.710,236.780,1.590,1.350,1.460,1.010,0.367,0.307,0.334,0.053,0.023,0.008,0.022,0.998,50.160
2410131378,2026-08-17 17:30:00,237.420,238.090,237.010,0.730,0.860,0.840,0.490,0.144,0.174,0.171,0.074,0.019,0.024,0.029,0.988,50.150
2410131383,2026-08-17 17:30:00,237.750,237.860,237.510,0.060,0.030,0.080,0.038,0.013,0.007,0.017,-0.001,0.000,0.000,0.000,1.000,50.130
2410131384,2026-08-17 17:30:00,237.870,238.780,237.910,1.350,1.480,1.280,0.912,0.304,0.316,0.291,0.243,0.087,0.088,0.065,0.968,50.120
2410131387,2026-08-17 17:30:00,235.810,236.000,236.350,0.070,0.070,0.050,0.042,0.014,0.015,0.012,-0.008,-0.006,0.002,-0.004,0.974,50.120
2410320615,2026-08-17 17:30:00,233.460,233.630,234.570,4.640,4.350,4.670,2.976,0.998,0.950,1.026,0.973,0.309,0.339,0.324,0.951,50.110
2410883988,2026-08-17 17:30:00,232.850,234.650,233.590,0.000,0.000,0.020,0.004,0.000,0.000,0.004,0.000,0.000,0.000,0.000,1.000,50.200
2410883990,2026-08-17 17:30:00,233.860,232.740,231.900,0.100,0.280,0.310,0.141,0.022,0.072,0.046,-0.004,0.001,-0.015,0.009,0.998,50.150
2410883991,2026-08-17 17:30:00,237.360,237.860,238.650,0.500,0.070,0.290,0.191,0.109,0.018,0.063,0.047,0.020,0.002,0.023,0.971,50.100
2410883993,2026-08-17 17:30:00,238.620,237.890,237.920,0.730,0.660,0.620,0.471,0.171,0.154,0.146,0.035,0.034,-0.011,0.013,0.996,50.170
2410883994,2026-08-17 17:30:00,239.110,237.890,238.210,0.000,0.040,0.010,0.012,0.000,0.008,0.003,0.000,0.000,0.000,0.000,1.000,50.130
2410932742,2026-08-17 17:30:00,231.040,228.960,229.100,3.790,3.710,3.920,2.458,0.822,0.794,0.841,0.688,0.233,0.215,0.239,0.963,50.160
2411087432,2026-08-17 17:30:00,236.750,237.820,236.670,1.670,1.520,1.550,1.069,0.381,0.335,0.352,0.075,0.030,0.014,0.029,0.997,50.200
2411087433,2026-08-17 17:30:00,238.560,238.730,239.690,0.540,0.470,0.550,0.335,0.115,0.101,0.127,0.003,0.003,-0.003,0.004,1.000,50.170
2411290205,2026-08-17 17:30:00,237.500,237.140,237.300,0.890,0.770,0.860,0.582,0.209,0.174,0.198,0.106,0.043,0.033,0.028,0.984,50.100
2510014481,2026-08-17 17:30:00,230.790,231.280,232.550,2.290,2.040,2.410,1.213,0.383,0.376,0.395,0.451,0.147,0.150,0.153,0.949,50.180
2510014482,2026-08-17 17:30:00,236.870,237.790,236.530,0.010,0.040,0.000,0.013,0.002,0.010,0.000,-0.001,-0.002,0.000,0.000,1.000,50.170
2510014483,2026-08-17 17:30:00,238.180,238.310,239.300,0.070,0.050,0.080,0.044,0.016,0.011,0.016,-0.021,-0.005,-0.005,-0.009,0.896,50.160
2510014484,2026-08-17 17:30:00,236.190,235.610,236.100,1.700,2.050,1.730,1.230,0.392,0.463,0.354,0.446,0.154,0.145,0.147,0.937,50.150
2510178139,2026-08-17 17:30:00,238.020,238.590,237.570,0.340,0.350,0.440,0.252,0.074,0.071,0.106,0.069,0.028,0.029,0.011,0.964,50.190
2510178141,2026-08-17 17:30:00,237.050,237.520,238.180,0.020,0.010,0.030,0.008,0.002,0.000,0.005,-0.009,-0.004,-0.001,-0.003,0.684,50.140
2510203103,2026-08-17 17:30:00,228.330,226.360,226.730,0.780,0.780,0.830,0.483,0.148,0.160,0.174,-0.012,0.000,-0.002,-0.009,0.999,50.150
2510203104,2026-08-17 17:30:00,231.960,231.980,232.880,1.170,1.120,1.140,0.693,0.235,0.228,0.235,0.207,0.057,0.074,0.075,0.962,50.190
2510203105,2026-08-17 17:30:00,234.210,232.100,232.590,0.780,0.870,0.840,0.542,0.165,0.186,0.190,0.220,0.071,0.071,0.078,0.924,50.180
2510203107,2026-08-17 17:30:00,224.840,224.250,224.840,2.120,2.070,2.010,1.289,0.442,0.424,0.422,0.384,0.128,0.144,0.111,0.958,50.150
2510203108,2026-08-17 17:30:00,236.760,237.260,236.110,0.840,1.520,1.340,0.783,0.179,0.291,0.311,0.260,0.091,0.080,0.084,0.954,50.110
2510203109,2026-08-17 17:30:00,237.950,238.960,237.750,0.640,0.660,0.760,0.442,0.142,0.143,0.156,0.100,0.042,0.027,0.031,0.974,50.180
2510203113,2026-08-17 17:30:00,237.510,237.610,237.280,1.550,1.710,1.820,1.171,0.360,0.387,0.424,0.111,0.021,0.044,0.044,0.995,50.190
2510203114,2026-08-17 17:30:00,231.560,231.880,232.600,1.140,0.940,1.010,0.613,0.224,0.185,0.203,0.167,0.051,0.056,0.061,0.966,50.190
2510203115,2026-08-17 17:30:00,237.150,237.650,237.790,0.000,0.000,0.000,0.000,0.000,0.000,0.000,0.000,0.000,0.000,0.000,1.000,50.130
2510203117,2026-08-17 17:30:00,233.550,232.680,231.840,0.360,0.360,0.010,0.169,0.083,0.083,0.002,0.009,0.013,-0.002,-0.001,0.995,50.130
2510203118,2026-08-17 17:30:00,125.690,125.680,126.240,0.160,0.130,0.140,0.050,0.018,0.016,0.015,-0.019,-0.007,-0.004,-0.008,0.931,50.180
2510203119,2026-08-17 17:30:00,233.520,232.490,231.700,0.000,0.000,0.000,0.000,0.000,0.000,0.000,0.000,0.000,0.000,0.000,1.000,50.100
2510203120,2026-08-17 17:30:00,238.440,237.240,237.540,0.720,0.600,0.650,0.439,0.161,0.132,0.145,0.134,0.050,0.046,0.037,0.959,50.120
2510203121,2026-08-17 17:30:00,232.730,231.920,233.840,0.370,0.350,0.550,0.290,0.083,0.080,0.127,0.032,0.017,0.012,0.003,0.992,50.180
2510203122,2026-08-17 17:30:00,236.890,237.980,236.730,0.860,0.520,0.450,0.339,0.169,0.095,0.073,0.264,0.110,0.076,0.077,0.788,50.190
2510203123,2026-08-17 17:30:00,236.710,237.430,237.870,1.030,1.330,1.280,0.508,0.143,0.174,0.180,0.227,0.092,0.056,0.078,0.965,50.180
2510203124,2026-08-17 17:30:00,238.060,238.430,237.350,0.270,0.270,0.280,0.187,0.060,0.062,0.066,0.040,0.012,0.013,0.014,0.977,50.190
2510203125,2026-08-17 17:30:00,238.470,238.640,238.860,0.090,0.100,0.100,0.044,0.011,0.013,0.019,-0.054,-0.018,-0.020,-0.015,0.629,50.170
2510203126,2026-08-17 17:30:00,233.050,232.180,234.180,0.020,0.000,0.000,0.004,0.003,0.000,0.000,0.000,0.000,0.000,0.000,1.000,50.170
2510203127,2026-08-17 17:30:00,236.790,237.850,236.660,1.410,1.490,1.270,0.904,0.303,0.334,0.266,0.322,0.117,0.093,0.112,0.941,50.180
2510203128,2026-08-17 17:30:00,237.990,238.740,237.110,1.510,1.480,1.520,1.043,0.350,0.341,0.352,0.046,0.000,0.009,0.035,0.999,50.100
2510203130,2026-08-17 17:30:00,244.600,245.030,246.540,0.090,0.000,0.190,0.046,0.006,0.000,0.036,0.048,0.021,0.000,0.027,0.695,50.190
2510203133,2026-08-17 17:30:00,236.750,237.720,236.530,0.030,0.020,0.010,0.012,0.007,0.003,0.001,0.000,0.000,-0.002,0.000,1.000,50.160
2510203134,2026-08-17 17:30:00,239.340,238.140,238.190,0.020,0.010,0.010,0.007,0.004,0.002,0.001,-0.002,-0.001,-0.001,0.000,0.987,50.160
2510224049,2026-08-17 17:30:00,231.870,233.430,232.690,0.270,7.320,0.020,1.720,0.050,1.660,0.000,0.270,-0.020,0.300,0.000,0.987,50.150
2510224167,2026-08-17 17:30:00,232.680,231.700,233.690,0.750,0.120,0.360,0.170,0.090,0.010,0.050,-0.160,-0.080,-0.020,-0.050,0.726,50.150
2510317505,2026-08-17 17:30:00,232.570,231.730,233.640,0.070,0.030,2.240,0.280,0.010,0.000,0.260,-0.250,0.000,0.000,-0.250,0.741,50.140
2510317516,2026-08-17 17:30:00,233.300,232.350,234.230,0.000,0.000,0.000,0.000,0.000,0.000,0.000,0.000,0.000,0.000,0.000,1.000,50.160
2510317537,2026-08-17 17:30:00,237.770,237.580,238.330,3.030,3.030,2.740,2.100,0.700,0.740,0.650,-0.350,-0.110,-0.110,-0.110,0.987,50.150
2510389559,2026-08-17 17:30:00,238.540,238.260,238.510,0.000,0.000,0.000,0.000,0.000,0.000,0.000,0.000,0.000,0.000,0.000,1.000,50.190
2510389643,2026-08-17 17:30:00,237.930,237.590,237.880,0.920,0.000,0.000,0.120,0.120,0.000,0.000,-0.040,-0.040,0.000,0.000,0.948,50.140
2510389931,2026-08-17 17:30:00,237.930,237.270,237.920,0.050,0.000,0.000,0.000,0.000,0.000,0.000,-0.010,-0.010,0.000,0.000,0.206,50.150
2510633381,2026-08-17 17:30:00,239.330,238.190,238.420,0.150,0.130,0.060,0.079,0.035,0.030,0.013,-0.018,-0.008,-0.006,-0.003,0.968,50.190
2510633383,2026-08-17 17:30:00,237.260,237.760,238.470,0.410,0.090,0.350,0.170,0.093,0.002,0.074,-0.082,-0.026,-0.020,-0.035,0.900,50.190
2510633385,2026-08-17 17:30:00,237.900,237.640,237.860,0.450,0.220,0.130,0.188,0.107,0.051,0.029,0.010,0.005,-0.001,0.006,1.000,50.150
2510633386,2026-08-17 17:30:00,227.250,227.320,228.370,1.100,1.140,1.120,0.158,0.054,0.049,0.053,-0.713,-0.232,-0.241,-0.239,0.217,50.140
2510633387,2026-08-17 17:30:00,236.390,237.460,236.210,0.010,0.000,0.000,0.002,0.002,0.000,0.000,0.000,0.000,0.000,0.000,0.849,50.140
2510633389,2026-08-17 17:30:00,236.960,237.160,236.630,0.610,0.600,0.560,0.362,0.127,0.123,0.112,0.159,0.049,0.054,0.056,0.917,50.140
2510633390,2026-08-17 17:30:00,237.910,238.990,237.720,1.580,1.850,1.770,1.146,0.339,0.423,0.390,0.342,0.088,0.112,0.142,0.959,50.140
2510633393,2026-08-17 17:30:00,235.650,235.990,236.150,1.980,2.000,1.970,1.356,0.449,0.460,0.444,0.320,0.112,0.093,0.113,0.972,50.160
2510633395,2026-08-17 17:30:00,237.770,238.450,237.280,0.000,0.000,0.000,0.000,0.000,0.000,0.000,0.000,0.000,0.000,0.000,1.000,50.200
2510633396,2026-08-17 17:30:00,238.350,237.240,237.980,0.470,0.520,0.470,0.342,0.110,0.121,0.110,0.079,0.026,0.027,0.024,0.974,50.190
2510633397,2026-08-17 17:30:00,244.680,243.310,243.620,0.520,0.630,0.650,0.397,0.110,0.138,0.148,0.196,0.067,0.067,0.060,0.887,50.130
2510633399,2026-08-17 17:30:00,232.540,231.620,233.620,0.490,0.460,0.610,0.362,0.113,0.106,0.142,0.031,0.010,0.010,0.011,0.996,50.180
2510633400,2026-08-17 17:30:00,231.770,233.670,232.540,0.320,0.370,0.340,0.225,0.070,0.082,0.073,0.072,0.020,0.025,0.026,0.952,50.150
2510633402,2026-08-17 17:30:00,231.790,232.030,233.860,0.470,0.540,0.600,0.289,0.084,0.100,0.104,0.125,0.040,0.040,0.044,0.947,50.160
2510633406,2026-08-17 17:30:00,233.070,232.160,234.190,0.010,0.010,0.010,0.003,0.001,0.000,0.000,-0.003,-0.001,0.000,-0.001,0.700,50.170
2510633410,2026-08-17 17:30:00,233.050,232.120,234.110,0.150,0.180,0.230,0.130,0.037,0.040,0.052,0.014,0.000,0.010,0.003,0.992,50.170
2510633411,2026-08-17 17:30:00,230.350,229.020,228.240,2.510,2.380,2.440,1.574,0.548,0.506,0.519,0.587,0.187,0.199,0.200,0.934,50.140
2510814977,2026-08-17 17:30:00,232.820,234.360,232.280,0.010,0.020,0.020,0.010,0.002,0.003,0.004,-0.002,0.000,-0.001,-0.001,0.971,50.160
2610026950,2026-08-17 17:30:00,233.870,232.630,232.000,0.010,0.000,0.010,0.004,0.002,0.000,0.001,-0.001,0.000,0.000,0.000,1.000,50.170
2610026952,2026-08-17 17:30:00,230.650,229.360,230.020,5.750,5.550,5.590,3.317,1.128,1.077,1.111,1.990,0.684,0.669,0.636,0.858,50.170
2610026953,2026-08-17 17:30:00,237.770,237.140,237.510,0.680,0.700,0.680,0.477,0.156,0.163,0.159,0.138,0.053,0.049,0.035,0.959,50.180
2610026963,2026-08-17 17:30:00,237.920,238.210,239.070,0.150,0.060,0.060,0.039,0.033,0.002,0.003,-0.042,-0.014,-0.013,-0.014,0.683,50.200
2610026966,2026-08-17 17:30:00,232.600,232.570,232.700,0.680,0.620,0.350,0.348,0.133,0.134,0.079,0.036,0.018,0.012,0.005,0.994,50.190
2610026976,2026-08-17 17:30:00,237.370,238.000,238.610,0.790,0.610,1.190,0.638,0.183,0.146,0.225,0.013,0.022,0.003,-0.012,0.999,50.200
2610026977,2026-08-17 17:30:00,243.320,243.680,243.690,0.360,0.140,0.000,0.105,0.071,0.033,0.000,0.048,0.050,-0.001,0.000,0.906,50.150
2610126270,2026-08-17 17:30:00,231.990,233.840,232.860,0.020,0.010,0.010,0.010,0.004,0.002,0.002,-0.005,-0.002,-0.001,-0.001,0.922,50.150
2610126451,2026-08-17 17:30:00,237.900,238.550,237.470,0.010,0.010,0.130,0.033,0.000,0.000,0.031,0.007,0.002,0.002,0.003,0.977,50.170
2610159557,2026-08-17 17:30:00,239.350,238.230,238.330,0.020,0.010,0.010,0.007,0.004,0.001,0.001,-0.004,-0.002,0.000,0.000,0.853,50.170
2610170786,2026-08-17 17:30:00,237.420,237.410,238.300,1.270,1.290,1.330,0.861,0.288,0.283,0.290,0.201,0.064,0.064,0.072,0.970,50.140
2610170836,2026-08-17 17:30:00,236.830,237.430,236.240,0.210,0.210,0.280,0.088,0.025,0.040,0.023,0.050,0.014,0.020,0.019,0.962,50.150
2610170837,2026-08-17 17:30:00,234.160,232.200,232.470,0.000,0.000,0.070,0.013,0.000,0.000,0.013,0.009,0.000,0.000,0.013,0.841,50.150
2610170838,2026-08-17 17:30:00,238.720,237.530,237.810,0.070,0.060,0.050,0.036,0.016,0.013,0.007,0.007,0.006,0.000,0.000,0.969,50.150
2610170840,2026-08-17 17:30:00,237.960,237.310,237.800,0.010,0.000,0.000,0.002,0.001,0.000,0.000,0.000,0.000,0.000,0.000,1.000,50.140
2610322967,2026-08-17 17:30:00,239.800,238.520,238.420,0.000,0.000,0.020,0.004,0.000,0.000,0.004,0.002,0.000,0.000,0.002,0.899,50.170
2610322969,2026-08-17 17:30:00,233.950,232.800,231.990,0.150,0.200,0.360,0.148,0.035,0.045,0.067,0.006,0.001,-0.001,0.005,1.000,50.170
2610322997,2026-08-17 17:30:00,231.820,232.600,231.150,1.110,1.170,0.930,0.710,0.258,0.249,0.209,0.299,0.050,0.139,0.108,0.908,50.160
2610323001,2026-08-17 17:30:00,229.510,228.380,228.390,3.590,3.110,3.230,1.996,0.729,0.617,0.649,1.038,0.359,0.336,0.343,0.887,50.150
2610323005,2026-08-17 17:30:00,232.260,234.160,233.050,0.000,0.000,0.000,0.001,0.000,0.001,0.000,0.000,0.000,0.000,0.000,0.942,50.160
2610323016,2026-08-17 17:30:00,231.480,229.830,230.120,1.930,1.760,1.800,1.090,0.389,0.343,0.357,0.624,0.212,0.208,0.203,0.867,50.150
2610323019,2026-08-17 17:30:00,231.740,233.930,232.840,0.020,0.070,0.030,0.024,0.004,0.014,0.006,-0.006,-0.001,-0.004,-0.001,0.979,50.150
2610323024,2026-08-17 17:30:00,230.410,231.250,232.380,1.970,2.160,2.140,1.345,0.412,0.470,0.462,0.487,0.180,0.154,0.151,0.940,50.150
2510203106,2026-08-17 17:31:00,237.720,237.240,237.510,0.010,0.010,0.000,0.009,0.005,0.003,0.000,-0.002,-0.002,0.000,0.000,0.909,50.150
2510633391,2026-08-17 17:31:00,125.140,124.560,124.720,0.000,0.000,0.000,0.000,0.000,0.000,0.000,0.000,0.000,0.000,0.000,1.000,50.150
2610323004,2026-08-17 17:31:00,64.580,63.930,64.540,0.250,0.230,0.260,0.044,0.015,0.013,0.015,0.013,0.005,0.004,0.003,0.960,50.150
2510203111,2026-08-17 17:33:00,236.690,237.270,237.850,1.340,1.090,1.460,0.832,0.276,0.233,0.322,0.248,0.104,0.071,0.072,0.958,50.100
2246006313,2026-08-17 18:00:00,59.000,58.700,58.500,1.160,1.158,1.104,0.197,0.067,0.066,0.061,0.032,0.012,0.009,0.010,0.986,50.180
2410121326,2026-08-17 18:00:00,238.790,237.490,238.020,0.720,0.690,0.690,0.464,0.157,0.153,0.153,0.157,0.056,0.052,0.048,0.950,50.210
2410121353,2026-08-17 18:00:00,239.200,238.040,238.360,0.120,0.130,0.120,0.084,0.027,0.029,0.027,0.000,-0.002,-0.003,0.004,0.997,50.180
2410121371,2026-08-17 18:00:00,239.620,238.340,238.670,0.040,0.010,0.040,0.019,0.009,0.000,0.008,0.000,0.001,-0.001,0.000,1.000,50.180
2410121424,2026-08-17 18:00:00,239.370,238.300,238.650,0.010,0.010,0.010,0.004,0.000,0.001,0.002,-0.003,-0.001,-0.001,0.000,0.758,50.170
2410121440,2026-08-17 18:00:00,239.550,238.280,238.630,0.010,0.000,0.010,0.004,0.002,0.000,0.001,-0.002,-0.001,0.000,0.000,0.844,50.160
2410121454,2026-08-17 18:00:00,238.690,239.490,238.250,0.080,0.150,0.260,0.112,0.019,0.034,0.058,0.031,0.008,0.008,0.013,0.966,50.160
2410121457,2026-08-17 18:00:00,237.590,236.170,236.710,2.190,2.180,2.160,1.477,0.494,0.488,0.493,0.377,0.134,0.135,0.107,0.968,50.200
2410121574,2026-08-17 18:00:00,239.370,237.930,238.290,0.380,0.260,0.290,0.218,0.089,0.060,0.068,-0.044,-0.013,-0.017,-0.013,0.979,50.180
2410131383,2026-08-17 18:00:00,239.860,239.920,239.680,0.060,0.030,0.050,0.030,0.013,0.005,0.011,-0.003,0.000,0.000,-0.001,0.996,50.210
2410131384,2026-08-17 18:00:00,238.220,239.300,238.390,1.440,1.570,1.510,0.930,0.298,0.338,0.293,0.241,0.076,0.089,0.070,0.968,50.170
2410131387,2026-08-17 18:00:00,237.340,237.440,237.770,0.080,0.060,0.050,0.042,0.018,0.013,0.010,-0.008,-0.006,0.001,-0.003,0.981,50.190
2410320615,2026-08-17 18:00:00,235.050,235.160,236.080,4.320,4.150,4.520,2.816,0.953,0.899,0.971,0.902,0.291,0.309,0.300,0.954,50.150
2410883988,2026-08-17 18:00:00,233.580,235.450,234.530,0.000,0.000,0.020,0.004,0.000,0.000,0.004,0.000,0.000,0.000,0.000,1.000,50.180
2410883990,2026-08-17 18:00:00,234.960,234.010,233.020,0.100,0.000,0.610,0.147,0.022,0.000,0.124,-0.014,0.001,0.000,-0.015,1.000,50.200
2410883991,2026-08-17 18:00:00,238.050,238.360,239.430,0.520,0.270,0.200,0.244,0.123,0.069,0.050,-0.001,-0.001,-0.002,0.013,1.000,50.160
2410883993,2026-08-17 18:00:00,239.210,238.130,238.140,1.050,1.070,1.330,0.817,0.251,0.254,0.326,0.010,0.008,-0.009,0.011,0.999,50.180
2410883994,2026-08-17 18:00:00,239.560,238.310,238.640,0.000,0.040,0.010,0.012,0.000,0.008,0.003,0.000,0.000,0.000,0.000,1.000,50.180
2410932742,2026-08-17 18:00:00,231.960,229.880,230.020,3.670,3.600,3.810,2.391,0.796,0.775,0.818,0.680,0.227,0.212,0.240,0.961,50.190
2411087432,2026-08-17 18:00:00,237.580,238.490,237.320,1.660,1.780,1.700,1.160,0.395,0.382,0.382,0.210,0.020,0.121,0.068,0.983,50.190
2411087433,2026-08-17 18:00:00,238.980,239.230,240.240,0.530,0.430,0.520,0.341,0.119,0.103,0.116,-0.001,-0.001,-0.003,0.003,0.999,50.190
2411290205,2026-08-17 18:00:00,239.130,238.790,238.880,0.500,0.420,0.560,0.345,0.117,0.096,0.131,-0.038,-0.008,-0.013,-0.017,0.994,50.170
2510014481,2026-08-17 18:00:00,231.850,232.070,233.440,2.020,1.810,2.220,1.445,0.510,0.421,0.513,0.443,0.155,0.152,0.145,0.952,50.190
2510014482,2026-08-17 18:00:00,237.860,238.560,237.390,0.010,0.040,0.000,0.011,0.002,0.009,0.000,-0.002,-0.002,0.000,0.000,0.991,50.190
2510014483,2026-08-17 18:00:00,238.630,238.790,239.860,0.060,0.050,0.090,0.043,0.012,0.011,0.019,-0.021,-0.006,-0.005,-0.009,0.904,50.200
2510014484,2026-08-17 18:00:00,238.140,237.580,238.050,1.340,1.670,1.300,0.915,0.263,0.373,0.278,0.403,0.141,0.132,0.129,0.914,50.200
2510178139,2026-08-17 18:00:00,238.820,239.580,238.440,0.290,0.290,0.300,0.206,0.071,0.066,0.068,0.042,0.011,0.024,0.006,0.980,50.180
2510178141,2026-08-17 18:00:00,238.120,238.640,239.420,0.020,0.010,0.030,0.009,0.002,0.001,0.005,-0.010,-0.004,-0.002,-0.003,0.706,50.200
2510203103,2026-08-17 18:00:00,229.390,227.470,227.770,0.570,0.640,0.700,0.351,0.103,0.120,0.122,-0.097,-0.031,-0.030,-0.036,0.973,50.160
2510203104,2026-08-17 18:00:00,232.750,232.840,233.730,0.540,0.450,0.420,0.301,0.114,0.097,0.089,0.074,0.016,0.023,0.034,0.974,50.190
2510203105,2026-08-17 18:00:00,234.960,232.860,233.520,0.500,0.580,0.460,0.351,0.112,0.126,0.103,0.204,0.074,0.069,0.060,0.859,50.180
2510203107,2026-08-17 18:00:00,226.020,225.340,225.920,1.940,1.890,1.840,1.187,0.411,0.393,0.383,0.334,0.107,0.127,0.098,0.961,50.200
2510203108,2026-08-17 18:00:00,237.980,238.570,237.390,0.710,1.350,1.630,0.925,0.158,0.357,0.406,0.075,0.026,0.027,0.020,0.996,50.160
2510203109,2026-08-17 18:00:00,238.410,239.470,238.220,0.630,0.630,0.760,0.426,0.139,0.132,0.154,0.114,0.046,0.032,0.035,0.965,50.180
2510203111,2026-08-17 18:00:00,237.230,237.910,238.600,1.730,1.480,1.920,1.143,0.376,0.331,0.435,0.273,0.119,0.071,0.082,0.972,50.180
2510203113,2026-08-17 18:00:00,238.650,238.720,238.370,1.250,1.320,1.370,0.916,0.289,0.305,0.319,0.053,0.009,0.022,0.021,0.998,50.190
2510203114,2026-08-17 18:00:00,232.480,232.890,233.680,0.430,0.160,0.220,0.184,0.098,0.037,0.049,0.032,0.010,0.006,0.015,0.987,50.180
2510203115,2026-08-17 18:00:00,238.690,239.180,239.300,0.000,0.000,0.000,0.000,0.000,0.000,0.000,0.000,0.000,0.000,0.000,1.000,50.190
2510203118,2026-08-17 18:00:00,125.830,125.870,126.440,0.190,0.170,0.170,0.065,0.023,0.021,0.020,-0.009,-0.003,-0.001,-0.004,0.987,50.180
2510203120,2026-08-17 18:00:00,239.290,238.050,238.310,0.680,0.530,0.550,0.403,0.154,0.120,0.129,0.128,0.049,0.044,0.034,0.951,50.160
2510203121,2026-08-17 18:00:00,233.730,232.880,234.740,0.320,0.350,0.530,0.275,0.073,0.079,0.122,0.029,0.012,0.012,0.004,0.995,50.170
2510203122,2026-08-17 18:00:00,237.710,238.530,237.450,0.640,0.480,0.320,0.240,0.122,0.081,0.036,0.229,0.086,0.078,0.064,0.722,50.180
2510203123,2026-08-17 18:00:00,237.260,237.860,238.560,0.660,0.910,0.770,0.892,0.251,0.285,0.316,0.341,0.114,0.095,0.131,0.830,50.190
2510203124,2026-08-17 18:00:00,238.640,239.140,238.000,0.410,0.390,0.430,0.288,0.095,0.090,0.102,0.050,0.018,0.017,0.015,0.988,50.180
2510203125,2026-08-17 18:00:00,239.110,239.300,239.500,0.090,0.080,0.100,0.034,0.011,0.004,0.018,-0.053,-0.018,-0.019,-0.015,0.553,50.180
2510203126,2026-08-17 18:00:00,234.660,233.590,235.600,0.020,0.000,0.000,0.004,0.003,0.000,0.000,0.000,0.000,0.000,0.000,1.000,50.200
2510203127,2026-08-17 18:00:00,238.080,238.980,237.790,1.230,1.320,1.120,0.790,0.261,0.297,0.230,0.337,0.123,0.096,0.117,0.919,50.190
2510203128,2026-08-17 18:00:00,238.600,239.340,237.670,1.560,1.520,1.700,1.111,0.362,0.352,0.397,0.044,-0.002,0.012,0.034,0.999,50.160
2510203130,2026-08-17 18:00:00,245.570,245.900,247.370,0.000,0.000,0.160,0.032,0.000,0.000,0.032,0.021,0.000,0.000,0.022,0.823,50.180
2510203133,2026-08-17 18:00:00,237.530,238.210,237.300,0.040,0.020,0.100,0.038,0.010,0.004,0.024,0.001,0.000,-0.002,0.003,1.000,50.160
2510203134,2026-08-17 18:00:00,240.110,238.740,238.830,0.020,0.010,0.010,0.007,0.004,0.002,0.001,-0.002,-0.001,-0.001,0.000,0.988,50.190
2510224049,2026-08-17 18:00:00,232.880,234.560,233.910,0.270,1.380,0.020,0.250,0.050,0.200,0.000,-0.160,-0.020,-0.140,0.000,0.840,50.200
2510224167,2026-08-17 18:00:00,234.020,232.850,234.930,0.750,0.120,0.360,0.170,0.090,0.010,0.050,-0.160,-0.080,-0.020,-0.050,0.726,50.190
2510317505,2026-08-17 18:00:00,234.090,232.990,234.940,0.070,0.030,2.240,0.280,0.010,0.000,0.260,-0.250,0.000,0.000,-0.250,0.737,50.210
2510317537,2026-08-17 18:00:00,238.670,238.450,239.570,2.690,2.640,2.430,1.710,0.600,0.590,0.550,-0.290,-0.100,-0.100,-0.080,0.983,50.200
2510389559,2026-08-17 18:00:00,239.410,239.010,239.630,0.000,0.000,0.000,0.000,0.000,0.000,0.000,0.000,0.000,0.000,0.000,1.000,50.180
2510389643,2026-08-17 18:00:00,239.700,239.220,239.660,2.270,0.000,0.000,0.350,0.350,0.000,0.000,-0.080,-0.080,0.000,0.000,0.973,50.200
2510389931,2026-08-17 18:00:00,239.240,238.580,239.050,0.050,0.000,0.000,0.000,0.000,0.000,0.000,-0.010,-0.010,0.000,0.000,0.199,50.200
2510633381,2026-08-17 18:00:00,239.990,238.780,238.980,0.120,0.170,0.060,0.075,0.028,0.033,0.013,-0.018,-0.007,-0.006,-0.003,0.969,50.190
2510633383,2026-08-17 18:00:00,238.170,238.630,239.570,0.260,0.090,0.140,0.087,0.057,0.011,0.023,-0.062,-0.018,-0.019,-0.024,0.799,50.190
2510633385,2026-08-17 18:00:00,240.000,239.610,240.020,0.360,0.200,0.020,0.135,0.085,0.046,0.004,0.005,0.000,0.006,-0.001,0.996,50.190
2510633386,2026-08-17 18:00:00,227.940,228.040,229.160,1.110,1.150,1.130,0.159,0.052,0.055,0.051,-0.715,-0.233,-0.242,-0.240,0.206,50.180
2510633389,2026-08-17 18:00:00,239.010,239.200,238.640,0.340,0.340,0.290,0.206,0.082,0.070,0.057,0.071,0.019,0.024,0.027,0.944,50.190
2510633391,2026-08-17 18:00:00,125.660,125.000,125.160,0.000,0.000,0.000,0.000,0.000,0.000,0.000,0.000,0.000,0.000,0.000,1.000,50.220
2510633393,2026-08-17 18:00:00,237.420,237.790,237.940,1.710,1.690,1.720,1.165,0.387,0.386,0.391,0.325,0.115,0.095,0.114,0.962,50.150
2510633395,2026-08-17 18:00:00,238.480,239.290,237.930,0.000,0.000,0.000,0.000,0.000,0.000,0.000,0.000,0.000,0.000,0.000,1.000,50.180
2510633399,2026-08-17 18:00:00,233.710,232.700,234.700,0.540,0.530,0.560,0.378,0.124,0.122,0.130,0.020,0.006,0.006,0.006,0.998,50.190
2510633400,2026-08-17 18:00:00,232.410,234.340,233.300,0.310,0.360,0.330,0.217,0.064,0.076,0.067,0.082,0.023,0.029,0.029,0.935,50.210
2510633402,2026-08-17 18:00:00,232.430,232.690,234.420,0.560,0.640,0.610,0.449,0.143,0.157,0.149,0.176,0.056,0.056,0.063,0.925,50.170
2510633406,2026-08-17 18:00:00,234.120,233.070,235.070,0.010,0.010,0.010,0.003,0.001,0.000,0.000,-0.003,-0.001,0.000,-0.001,0.695,50.190
2510633410,2026-08-17 18:00:00,234.090,233.020,235.000,0.100,0.180,0.220,0.115,0.023,0.041,0.051,0.010,-0.003,0.010,0.003,0.992,50.190
2510633411,2026-08-17 18:00:00,231.570,230.300,229.310,2.530,2.400,2.450,1.573,0.549,0.507,0.516,0.585,0.184,0.199,0.200,0.935,50.210
2510814977,2026-08-17 18:00:00,233.490,234.930,233.110,0.050,0.050,0.060,0.037,0.011,0.012,0.013,-0.002,0.000,-0.001,-0.001,0.996,50.190
2610026950,2026-08-17 18:00:00,234.960,233.870,232.970,0.000,0.000,0.010,0.002,0.000,0.000,0.001,0.000,0.000,0.000,0.000,0.955,50.190
2610026953,2026-08-17 18:00:00,238.450,237.880,238.260,0.700,0.730,0.730,0.466,0.147,0.146,0.142,0.135,0.051,0.048,0.035,0.960,50.180
2610026963,2026-08-17 18:00:00,238.680,238.880,239.860,0.140,0.090,0.090,0.064,0.031,0.016,0.017,-0.040,-0.014,-0.012,-0.013,0.839,50.190
2610026966,2026-08-17 18:00:00,230.100,230.180,230.180,0.650,0.460,0.550,0.394,0.163,0.103,0.126,0.034,0.016,0.012,0.006,0.996,50.180
2610026976,2026-08-17 18:00:00,238.480,238.650,239.750,0.390,0.650,0.310,0.316,0.093,0.149,0.074,-0.012,-0.008,0.000,-0.004,0.997,50.180
2610026977,2026-08-17 18:00:00,241.650,241.560,241.520,0.000,0.000,0.000,0.000,0.000,0.000,0.000,0.000,0.000,0.000,0.000,0.513,50.200
2610126270,2026-08-17 18:00:00,233.080,234.910,234.040,0.020,0.020,0.010,0.011,0.004,0.004,0.002,-0.005,-0.002,-0.001,-0.001,0.893,50.200
2610126451,2026-08-17 18:00:00,238.920,239.680,238.490,0.000,0.020,0.180,0.046,0.000,0.004,0.041,0.003,0.000,0.000,0.003,0.989,50.170
2610159557,2026-08-17 18:00:00,239.930,238.700,238.880,0.010,0.000,0.010,0.004,0.001,0.000,0.001,-0.004,-0.002,0.000,0.000,0.678,50.190
2610170786,2026-08-17 18:00:00,238.480,238.700,239.720,0.840,0.790,0.850,0.530,0.171,0.170,0.177,0.134,0.046,0.040,0.046,0.961,50.200
2610170836,2026-08-17 18:00:00,237.960,238.700,237.380,0.070,0.160,0.190,0.220,0.087,0.074,0.058,0.005,-0.001,0.002,0.004,1.000,50.200
2610170837,2026-08-17 18:00:00,235.220,233.120,233.600,0.000,0.000,0.040,0.005,0.000,0.000,0.005,0.000,0.000,0.000,0.000,0.994,50.220
2610170838,2026-08-17 18:00:00,239.710,238.430,238.780,0.050,0.040,0.040,0.039,0.008,0.010,0.019,0.007,0.008,0.000,0.000,0.994,50.200
2610170840,2026-08-17 18:00:00,239.290,238.620,239.100,0.010,0.000,0.000,0.002,0.001,0.000,0.000,0.000,0.000,0.000,0.000,1.000,50.200
2610322967,2026-08-17 18:00:00,240.270,238.850,238.880,0.000,0.000,0.010,0.002,0.000,0.000,0.002,0.001,0.000,0.000,0.001,0.943,50.190
2610322997,2026-08-17 18:00:00,232.920,233.850,232.170,0.890,0.940,0.710,0.523,0.193,0.186,0.143,0.191,0.028,0.091,0.071,0.939,50.200
2610323004,2026-08-17 18:00:00,64.780,64.160,64.730,0.160,0.130,0.150,0.027,0.009,0.007,0.009,0.005,0.003,0.002,0.001,0.970,50.200
2610323005,2026-08-17 18:00:00,233.260,235.150,234.100,0.000,0.000,0.000,0.001,0.000,0.001,0.000,0.000,0.000,0.000,0.000,0.956,50.190
2610323016,2026-08-17 18:00:00,232.030,230.450,230.680,2.300,2.130,2.170,1.346,0.476,0.428,0.442,0.681,0.229,0.228,0.225,0.891,50.200
2610323019,2026-08-17 18:00:00,232.940,234.980,234.010,0.020,0.020,0.020,0.013,0.003,0.004,0.004,-0.005,-0.001,-0.001,-0.002,0.902,50.200
2610323024,2026-08-17 18:00:00,231.850,232.670,233.860,1.200,1.370,1.300,0.813,0.233,0.300,0.280,0.359,0.136,0.109,0.113,0.913,50.200
2410131378,2026-08-17 18:01:00,238.270,238.790,237.790,0.740,0.920,0.840,0.532,0.150,0.205,0.176,0.073,0.015,0.026,0.032,0.991,50.160
2510203106,2026-08-17 18:01:00,239.000,238.510,238.800,0.010,0.010,0.000,0.006,0.002,0.003,0.000,-0.002,-0.001,0.000,0.000,0.892,50.170
2510317516,2026-08-17 18:01:00,234.650,233.550,235.500,0.000,0.000,0.000,0.000,0.000,0.000,0.000,0.000,0.000,0.000,0.000,1.000,50.170
2510633387,2026-08-17 18:01:00,237.590,238.320,237.410,0.010,0.020,0.000,0.004,0.002,0.002,0.000,0.003,0.000,0.003,0.000,0.825,50.200
2510633390,2026-08-17 18:01:00,238.570,239.670,238.320,1.720,2.040,1.920,1.266,0.354,0.435,0.391,0.349,0.090,0.114,0.144,0.963,50.180
2510633396,2026-08-17 18:01:00,239.100,237.960,238.590,0.380,0.430,0.380,0.269,0.086,0.097,0.085,0.082,0.027,0.029,0.025,0.955,50.170
2510633397,2026-08-17 18:01:00,244.810,243.210,243.560,1.330,1.430,1.390,0.640,0.194,0.221,0.225,0.395,0.131,0.138,0.124,0.897,50.210
2610322969,2026-08-17 18:01:00,235.030,234.030,232.970,0.130,0.110,0.200,0.103,0.031,0.025,0.046,-0.002,0.000,-0.001,-0.001,0.995,50.210
2610323001,2026-08-17 18:01:00,229.760,228.880,228.690,3.860,3.260,3.630,2.160,0.783,0.654,0.713,1.088,0.379,0.350,0.358,0.893,50.180
2510203117,2026-08-17 18:02:00,234.750,233.950,232.890,0.310,0.230,0.010,0.129,0.072,0.054,0.002,0.002,0.007,-0.004,-0.001,0.997,50.190
2510203119,2026-08-17 18:02:00,234.870,234.060,232.900,0.000,0.000,0.000,0.000,0.000,0.000,0.000,0.000,0.000,0.000,0.000,1.000,50.180
2610026952,2026-08-17 18:02:00,231.600,230.360,231.080,5.740,5.520,5.530,3.317,1.135,1.085,1.111,1.987,0.684,0.669,0.633,0.857,50.170
2246006313,2026-08-17 18:30:00,58.700,58.400,58.200,1.205,1.198,1.138,0.203,0.069,0.069,0.065,0.034,0.013,0.009,0.011,0.986,50.130
2410121326,2026-08-17 18:30:00,237.580,236.380,236.820,0.870,0.750,0.850,0.549,0.193,0.164,0.191,0.187,0.064,0.064,0.058,0.947,50.090
2410121353,2026-08-17 18:30:00,238.020,236.900,236.770,0.120,0.130,0.090,0.077,0.027,0.029,0.019,0.000,-0.002,-0.003,0.005,1.000,50.110
2410121371,2026-08-17 18:30:00,238.690,237.370,237.790,0.040,0.010,0.060,0.024,0.009,0.000,0.014,-0.002,0.000,-0.001,-0.001,0.973,50.100
2410121424,2026-08-17 18:30:00,238.680,237.440,237.860,0.010,0.010,0.010,0.004,0.000,0.001,0.002,-0.003,-0.001,-0.001,0.000,0.774,50.100
2410121440,2026-08-17 18:30:00,238.190,236.960,237.350,0.010,0.000,0.010,0.004,0.002,0.000,0.001,-0.002,-0.001,0.000,0.000,0.875,50.090
2410121454,2026-08-17 18:30:00,237.890,238.860,237.550,0.080,0.210,0.200,0.112,0.017,0.048,0.046,0.016,0.004,0.003,0.007,0.990,50.100
2410121457,2026-08-17 18:30:00,235.820,234.450,235.040,2.020,2.030,1.970,1.355,0.454,0.452,0.450,0.287,0.104,0.105,0.078,0.978,50.100
2410121574,2026-08-17 18:30:00,237.890,236.440,236.770,0.390,0.250,0.280,0.218,0.092,0.057,0.069,-0.042,-0.012,-0.016,-0.013,0.978,50.110
2410131378,2026-08-17 18:30:00,237.600,238.180,237.050,0.790,0.940,0.860,0.579,0.175,0.211,0.193,0.128,0.030,0.048,0.050,0.976,50.110
2410131383,2026-08-17 18:30:00,238.240,238.390,238.010,0.040,0.020,0.050,0.025,0.009,0.004,0.012,-0.003,0.000,-0.001,-0.002,0.994,50.110
2410131384,2026-08-17 18:30:00,237.170,238.180,237.200,1.230,1.330,1.220,0.827,0.249,0.328,0.306,0.212,0.072,0.078,0.060,0.967,50.120
2410131387,2026-08-17 18:30:00,235.820,236.010,236.280,0.100,0.080,0.060,0.056,0.021,0.019,0.014,-0.010,-0.007,0.001,-0.004,0.983,50.110
2410320615,2026-08-17 18:30:00,233.510,233.690,234.680,4.440,4.210,4.550,3.006,0.999,0.959,1.047,0.894,0.284,0.314,0.294,0.957,50.140
2410883990,2026-08-17 18:30:00,233.480,232.380,231.520,0.090,0.000,0.300,0.072,0.021,0.000,0.050,0.003,0.001,0.000,0.001,0.999,50.110
2410883991,2026-08-17 18:30:00,237.490,237.720,238.980,0.230,0.190,0.220,0.150,0.053,0.044,0.052,0.007,0.010,0.000,-0.002,1.000,50.150
2410883993,2026-08-17 18:30:00,238.070,236.880,237.230,0.780,1.090,0.700,0.591,0.180,0.253,0.156,-0.017,0.001,-0.011,-0.007,0.995,50.110
2410883994,2026-08-17 18:30:00,238.690,237.410,237.730,0.010,0.040,0.020,0.018,0.002,0.010,0.005,-0.001,0.000,0.000,0.000,1.000,50.120
2410932742,2026-08-17 18:30:00,231.270,229.030,229.340,3.580,3.510,3.720,2.320,0.774,0.750,0.795,0.668,0.227,0.207,0.231,0.960,50.130
2411087432,2026-08-17 18:30:00,236.300,237.210,236.020,2.120,2.260,2.070,1.453,0.484,0.503,0.464,0.288,0.065,0.120,0.101,0.981,50.100
2411087433,2026-08-17 18:30:00,237.670,237.890,238.900,0.610,0.560,0.630,0.418,0.140,0.133,0.139,0.009,0.006,-0.003,0.006,0.998,50.110
2411290205,2026-08-17 18:30:00,238.070,237.510,237.760,0.500,0.580,0.490,0.365,0.114,0.136,0.113,-0.040,-0.010,-0.006,-0.022,0.993,50.140
2510014481,2026-08-17 18:30:00,230.010,230.340,231.890,1.630,1.470,1.720,1.011,0.317,0.299,0.390,0.570,0.186,0.190,0.193,0.858,50.110
2510014482,2026-08-17 18:30:00,236.320,237.110,235.950,0.020,0.040,0.000,0.012,0.002,0.009,0.000,-0.002,-0.002,0.000,0.000,1.000,50.110
2510014483,2026-08-17 18:30:00,237.480,237.630,238.670,0.040,0.030,0.070,0.027,0.006,0.005,0.015,-0.020,-0.005,-0.005,-0.009,0.791,50.120
2510014484,2026-08-17 18:30:00,236.470,235.840,236.330,1.780,2.150,1.710,1.259,0.394,0.486,0.378,0.436,0.152,0.142,0.142,0.944,50.110
2510178139,2026-08-17 18:30:00,237.860,238.720,237.520,0.310,0.260,0.320,0.209,0.073,0.063,0.072,0.045,0.015,0.021,0.008,0.977,50.090
2510178141,2026-08-17 18:30:00,237.260,237.520,238.310,0.020,0.010,0.030,0.008,0.002,0.000,0.005,-0.009,-0.004,-0.001,-0.003,0.659,50.110
2510203103,2026-08-17 18:30:00,228.580,226.120,226.580,0.480,0.500,0.560,0.358,0.112,0.117,0.128,-0.107,-0.033,-0.033,-0.039,0.960,50.140
2510203104,2026-08-17 18:30:00,231.330,231.430,232.430,0.560,0.420,0.340,0.295,0.120,0.098,0.076,0.067,0.017,0.020,0.029,0.975,50.090
2510203105,2026-08-17 18:30:00,233.830,231.570,232.250,0.470,0.630,0.430,0.331,0.099,0.138,0.092,0.125,0.046,0.042,0.036,0.934,50.110
2510203107,2026-08-17 18:30:00,224.930,224.330,224.690,1.280,1.260,1.200,0.805,0.276,0.267,0.258,0.286,0.093,0.105,0.087,0.946,50.110
2510203108,2026-08-17 18:30:00,237.730,238.150,236.830,0.600,1.470,2.050,0.948,0.136,0.345,0.464,0.097,0.027,0.036,0.034,0.994,50.150
2510203109,2026-08-17 18:30:00,237.190,238.310,237.020,0.600,0.550,0.810,0.425,0.129,0.126,0.169,0.111,0.048,0.031,0.032,0.967,50.100
2510203111,2026-08-17 18:30:00,236.440,237.150,237.790,1.720,1.490,1.900,1.137,0.375,0.331,0.428,0.268,0.114,0.072,0.082,0.972,50.110
2510203113,2026-08-17 18:30:00,237.420,237.630,237.300,0.920,0.940,0.940,0.645,0.212,0.214,0.217,0.051,0.012,0.017,0.022,0.997,50.100
2510203114,2026-08-17 18:30:00,231.280,231.610,232.570,0.440,0.320,0.250,0.238,0.109,0.063,0.060,0.027,0.011,0.001,0.014,0.992,50.090
2510203115,2026-08-17 18:30:00,237.070,237.560,237.730,0.000,0.000,0.000,0.000,0.000,0.000,0.000,0.000,0.000,0.000,0.000,1.000,50.110
2510203117,2026-08-17 18:30:00,233.720,232.770,231.760,0.230,0.270,0.020,0.119,0.053,0.062,0.004,-0.008,0.000,-0.006,-0.002,0.999,50.140
2510203118,2026-08-17 18:30:00,125.240,125.280,125.880,0.160,0.130,0.140,0.047,0.017,0.015,0.014,-0.023,-0.008,-0.005,-0.009,0.894,50.110
2510203119,2026-08-17 18:30:00,233.720,232.650,231.680,0.000,0.000,0.000,0.000,0.000,0.000,0.000,0.000,0.000,0.000,0.000,1.000,50.140
2510203120,2026-08-17 18:30:00,238.400,237.160,237.480,0.730,0.550,0.550,0.411,0.162,0.123,0.135,0.131,0.050,0.043,0.036,0.956,50.150
2510203121,2026-08-17 18:30:00,232.580,231.480,233.490,0.350,0.380,0.460,0.275,0.078,0.086,0.109,0.021,0.014,0.008,-0.001,0.995,50.100
2510203122,2026-08-17 18:30:00,236.610,237.530,236.330,0.620,0.470,0.320,0.231,0.115,0.078,0.037,0.229,0.086,0.078,0.063,0.711,50.100
2510203123,2026-08-17 18:30:00,235.430,236.180,236.800,0.700,1.030,0.850,0.398,0.091,0.181,0.126,0.300,0.096,0.088,0.115,0.853,50.100
2510203124,2026-08-17 18:30:00,237.500,237.980,236.850,0.430,0.410,0.460,0.285,0.094,0.089,0.101,0.041,0.015,0.014,0.012,0.989,50.080
2510203125,2026-08-17 18:30:00,237.590,237.780,237.930,0.100,0.080,0.140,0.048,0.016,0.004,0.027,-0.052,-0.017,-0.018,-0.016,0.677,50.110
2510203126,2026-08-17 18:30:00,232.800,231.660,233.710,0.020,0.000,0.000,0.004,0.003,0.000,0.000,0.000,0.000,0.000,0.000,1.000,50.070
2510203127,2026-08-17 18:30:00,236.750,237.640,236.520,1.500,1.600,1.350,0.939,0.315,0.349,0.273,0.329,0.118,0.097,0.114,0.944,50.080
2510203128,2026-08-17 18:30:00,237.540,238.300,236.420,1.740,1.690,1.800,1.203,0.402,0.388,0.412,0.068,0.002,0.019,0.047,0.998,50.110
2510203130,2026-08-17 18:30:00,244.070,244.330,246.220,0.000,0.000,0.040,0.010,0.000,0.000,0.010,0.002,0.000,0.000,0.002,0.966,50.080
2510203133,2026-08-17 18:30:00,236.990,237.730,236.730,0.030,0.020,0.010,0.013,0.008,0.003,0.001,0.000,0.000,-0.002,0.000,1.000,50.170
2510203134,2026-08-17 18:30:00,239.320,237.970,238.090,0.020,0.010,0.010,0.007,0.004,0.002,0.001,-0.001,0.000,-0.001,0.000,0.985,50.120
2510224049,2026-08-17 18:30:00,231.400,233.170,232.270,0.490,1.410,3.870,1.140,0.090,0.170,0.870,-0.410,-0.060,-0.160,-0.180,0.940,50.110
2510224167,2026-08-17 18:30:00,232.520,231.480,233.530,2.250,0.340,0.800,0.580,0.460,0.040,0.070,-0.340,-0.170,-0.060,-0.100,0.863,50.110
2510317505,2026-08-17 18:30:00,232.530,231.540,233.500,0.070,0.030,2.240,0.270,0.010,0.000,0.260,-0.250,0.000,0.000,-0.240,0.742,50.110
2510317516,2026-08-17 18:30:00,233.060,232.010,233.930,0.000,0.000,0.000,0.000,0.000,0.000,0.000,0.000,0.000,0.000,0.000,1.000,50.120
2510317537,2026-08-17 18:30:00,237.280,237.530,238.410,2.620,2.730,2.700,1.890,0.630,0.640,0.610,-0.310,-0.100,-0.100,-0.100,0.986,50.110
2510389643,2026-08-17 18:30:00,238.200,237.770,237.940,13.800,0.000,0.000,2.750,2.750,0.000,0.000,-0.090,-0.090,0.000,0.000,0.999,50.110
2510389931,2026-08-17 18:30:00,237.580,236.850,237.310,0.050,0.000,0.000,0.000,0.000,0.000,0.000,-0.010,-0.010,0.000,0.000,0.215,50.110
2510633381,2026-08-17 18:30:00,238.500,237.260,237.460,0.170,0.150,0.060,0.082,0.033,0.035,0.013,-0.017,-0.007,-0.007,-0.003,0.985,50.070
2510633383,2026-08-17 18:30:00,236.780,237.180,238.020,0.110,0.080,0.090,0.017,0.005,0.002,0.010,-0.064,-0.025,-0.020,-0.019,0.265,50.070
2510633385,2026-08-17 18:30:00,238.290,237.840,238.000,0.330,0.040,0.210,0.136,0.079,0.008,0.048,-0.012,-0.007,-0.002,-0.002,0.996,50.140
2510633386,2026-08-17 18:30:00,226.870,227.000,228.190,1.130,1.160,1.140,0.141,0.047,0.048,0.044,-0.725,-0.236,-0.244,-0.244,0.188,50.130
2510633387,2026-08-17 18:30:00,236.510,237.380,236.200,0.010,0.020,0.000,0.005,0.002,0.002,0.000,0.002,0.000,0.002,0.000,0.839,50.140
2510633389,2026-08-17 18:30:00,237.430,237.670,237.060,0.180,0.200,0.170,0.118,0.040,0.042,0.035,0.055,0.015,0.019,0.021,0.907,50.140
2510633390,2026-08-17 18:30:00,237.470,238.690,237.220,2.040,2.300,2.130,1.367,0.427,0.496,0.443,0.422,0.111,0.150,0.161,0.966,50.120
2510633391,2026-08-17 18:30:00,125.160,124.520,124.720,0.000,0.000,0.000,0.000,0.000,0.000,0.000,0.000,0.000,0.000,0.000,1.000,50.100
2510633393,2026-08-17 18:30:00,235.200,235.600,235.730,1.720,1.700,1.720,1.154,0.384,0.385,0.384,0.323,0.112,0.095,0.116,0.962,50.090
2510633395,2026-08-17 18:30:00,237.630,238.390,237.210,0.000,0.000,0.000,0.000,0.000,0.000,0.000,0.000,0.000,0.000,0.000,1.000,50.090
2510633396,2026-08-17 18:30:00,237.990,236.910,237.510,0.440,0.490,0.430,0.302,0.097,0.109,0.096,0.083,0.027,0.029,0.026,0.966,50.070
2510633397,2026-08-17 18:30:00,243.940,242.430,242.730,0.680,0.770,0.810,0.413,0.112,0.143,0.160,0.356,0.121,0.119,0.115,0.756,50.120
2510633399,2026-08-17 18:30:00,232.230,231.060,233.120,0.500,0.610,0.630,0.401,0.114,0.139,0.146,0.016,0.005,0.005,0.006,1.000,50.080
2510633400,2026-08-17 18:30:00,231.150,233.130,232.130,0.260,0.310,0.290,0.191,0.058,0.071,0.064,0.064,0.018,0.022,0.023,0.947,50.110
2510633402,2026-08-17 18:30:00,231.250,231.490,233.320,0.550,0.600,0.560,0.466,0.149,0.163,0.152,0.165,0.053,0.053,0.053,0.943,50.120
2510633410,2026-08-17 18:30:00,232.540,231.500,233.530,0.130,0.130,0.110,0.118,0.030,0.064,0.023,0.004,-0.001,0.003,-0.005,0.991,50.110
2510633411,2026-08-17 18:30:00,230.260,229.050,228.070,2.380,2.230,2.290,1.489,0.521,0.489,0.500,0.548,0.173,0.187,0.187,0.940,50.100
2510814977,2026-08-17 18:30:00,232.080,233.820,231.700,0.060,0.070,0.070,0.044,0.013,0.015,0.016,-0.004,-0.001,-0.001,-0.001,0.990,50.120
2610026950,2026-08-17 18:30:00,233.440,232.340,231.310,0.000,0.000,0.010,0.003,0.000,0.000,0.001,0.000,0.000,0.000,0.000,1.000,50.110
2610026952,2026-08-17 18:30:00,230.510,229.180,229.560,5.680,5.490,5.490,3.240,1.106,1.053,1.080,1.892,0.653,0.637,0.603,0.863,50.110
2610026953,2026-08-17 18:30:00,237.020,236.380,236.770,0.560,0.560,0.550,0.393,0.130,0.133,0.130,0.125,0.046,0.044,0.033,0.948,50.110
2610026963,2026-08-17 18:30:00,237.520,237.690,238.590,0.190,0.140,0.140,0.099,0.041,0.029,0.028,-0.045,-0.016,-0.014,-0.014,0.906,50.070
2610026966,2026-08-17 18:30:00,229.190,229.750,229.580,0.680,0.270,0.270,0.276,0.153,0.060,0.062,0.031,0.015,0.009,0.006,0.992,50.090
2610026976,2026-08-17 18:30:00,237.250,237.530,238.510,0.350,0.460,0.160,0.231,0.083,0.109,0.037,-0.004,-0.003,0.000,0.000,1.000,50.070
2610026977,2026-08-17 18:30:00,240.660,240.800,240.810,0.140,0.140,0.150,0.074,0.024,0.024,0.025,0.071,0.023,0.022,0.024,0.720,50.090
2610126270,2026-08-17 18:30:00,231.580,233.410,232.540,0.020,0.020,0.010,0.010,0.005,0.002,0.002,-0.005,-0.002,-0.001,-0.001,0.939,50.120
2610126451,2026-08-17 18:30:00,237.200,237.870,236.710,0.010,0.030,0.140,0.050,0.002,0.020,0.033,0.007,0.002,0.000,0.004,0.978,50.110
2610159557,2026-08-17 18:30:00,238.700,237.450,237.610,0.020,0.000,0.010,0.005,0.003,0.000,0.002,-0.004,-0.002,0.000,-0.001,0.851,50.110
2610170786,2026-08-17 18:30:00,237.460,237.600,238.600,0.890,0.860,0.960,0.573,0.193,0.177,0.211,0.109,0.034,0.036,0.037,0.984,50.110
2610170836,2026-08-17 18:30:00,236.780,237.510,236.270,0.020,0.090,0.110,0.044,0.005,0.017,0.021,0.003,-0.001,0.002,0.002,1.000,50.120
2610170837,2026-08-17 18:30:00,233.770,231.580,231.970,0.000,0.000,0.020,0.007,0.000,0.001,0.005,0.000,0.000,0.000,0.000,1.000,50.120
2610170838,2026-08-17 18:30:00,238.610,237.300,237.630,0.050,0.050,0.000,0.021,0.009,0.011,0.000,0.008,0.008,0.000,0.000,0.914,50.110
2610170840,2026-08-17 18:30:00,237.610,236.890,237.360,0.010,0.000,0.000,0.002,0.001,0.000,0.000,0.000,0.000,0.000,0.000,1.000,50.110
2610322967,2026-08-17 18:30:00,239.030,237.610,237.620,0.000,0.000,0.010,0.002,0.000,0.000,0.002,0.000,0.000,0.000,0.000,1.000,50.110
2610322969,2026-08-17 18:30:00,233.570,232.530,231.470,0.100,0.050,0.190,0.079,0.023,0.012,0.044,-0.003,0.000,-0.001,-0.001,0.994,50.110
2610322997,2026-08-17 18:30:00,231.630,232.510,230.790,0.960,1.090,0.790,0.571,0.201,0.214,0.155,0.204,0.026,0.100,0.082,0.946,50.110
2610323001,2026-08-17 18:30:00,228.930,228.000,227.880,3.720,3.010,3.260,2.030,0.770,0.597,0.662,1.010,0.357,0.320,0.331,0.894,50.120
2610323004,2026-08-17 18:30:00,64.440,63.770,64.400,0.240,0.210,0.240,0.042,0.014,0.012,0.015,0.013,0.005,0.003,0.003,0.960,50.110
2610323005,2026-08-17 18:30:00,231.740,233.630,232.620,0.000,0.000,0.000,0.001,0.000,0.001,0.000,0.000,0.000,0.000,0.000,0.925,50.110
2610323016,2026-08-17 18:30:00,230.610,228.940,229.160,2.420,2.230,2.290,1.427,0.504,0.452,0.468,0.682,0.232,0.226,0.224,0.901,50.110
2610323019,2026-08-17 18:30:00,231.430,233.560,232.610,0.020,0.020,0.030,0.015,0.004,0.004,0.005,-0.004,-0.001,-0.001,-0.001,0.933,50.110
2610323024,2026-08-17 18:30:00,230.470,231.320,232.580,1.130,1.320,1.330,0.783,0.219,0.282,0.282,0.356,0.136,0.106,0.113,0.911,50.110
2510203106,2026-08-17 18:31:00,237.520,236.920,237.280,0.020,0.010,0.000,0.007,0.004,0.003,0.000,-0.002,-0.002,0.000,0.000,0.965,50.130
2510389559,2026-08-17 18:31:00,238.030,237.620,237.800,0.000,0.000,0.000,0.000,0.000,0.000,0.000,0.000,0.000,0.000,0.000,1.000,50.100
2410883988,2026-08-17 18:32:00,232.000,233.760,232.940,0.000,0.000,0.020,0.004,0.000,0.000,0.004,0.000,0.000,0.000,0.000,1.000,50.110
2510633406,2026-08-17 18:32:00,232.490,231.340,233.420,0.040,0.010,0.010,0.010,0.007,0.001,0.001,-0.006,-0.003,-0.001,-0.001,0.856,50.130
2246006313,2026-08-17 19:00:00,59.100,58.800,58.600,1.183,1.174,1.121,0.203,0.068,0.068,0.064,0.030,0.011,0.008,0.009,0.988,50.200
2410121326,2026-08-17 19:00:00,239.520,238.380,238.900,0.640,0.530,0.640,0.409,0.141,0.119,0.148,0.123,0.047,0.043,0.032,0.958,50.220
2410121353,2026-08-17 19:00:00,239.860,238.650,239.030,0.120,0.130,0.080,0.075,0.027,0.029,0.018,-0.001,-0.002,-0.003,0.004,0.996,50.200
2410121371,2026-08-17 19:00:00,240.220,238.840,239.310,0.040,0.010,0.060,0.024,0.009,0.000,0.014,-0.003,0.000,-0.001,-0.001,0.986,50.210
2410121424,2026-08-17 19:00:00,240.150,238.950,239.370,0.010,0.010,0.010,0.004,0.000,0.001,0.002,-0.003,-0.001,-0.001,0.000,0.793,50.220
2410121440,2026-08-17 19:00:00,240.160,238.950,239.420,0.010,0.000,0.010,0.004,0.002,0.000,0.001,-0.002,-0.001,0.000,0.000,0.892,50.210
2410121454,2026-08-17 19:00:00,239.350,240.210,238.950,0.080,0.250,0.190,0.119,0.016,0.058,0.045,0.027,0.007,0.010,0.009,0.972,50.220
2410121457,2026-08-17 19:00:00,237.880,236.490,237.190,2.260,2.300,2.260,1.557,0.518,0.522,0.516,0.414,0.144,0.151,0.117,0.966,50.220
2410121574,2026-08-17 19:00:00,240.160,238.760,239.100,0.160,0.130,0.140,0.095,0.037,0.026,0.032,-0.044,-0.012,-0.017,-0.013,0.907,50.200
2410131378,2026-08-17 19:00:00,238.910,239.500,238.460,0.810,0.900,0.900,0.557,0.175,0.210,0.192,0.130,0.033,0.047,0.050,0.975,50.210
2410131383,2026-08-17 19:00:00,238.910,238.900,238.520,0.040,0.020,0.060,0.030,0.010,0.005,0.015,-0.005,-0.001,-0.001,-0.002,0.991,50.210
2410131384,2026-08-17 19:00:00,238.620,239.640,238.540,1.180,1.350,1.170,0.716,0.223,0.271,0.222,0.228,0.074,0.075,0.074,0.963,50.210
2410320615,2026-08-17 19:00:00,235.600,235.830,236.660,3.160,3.170,3.400,2.174,0.719,0.694,0.761,0.615,0.190,0.214,0.215,0.962,50.210
2410883988,2026-08-17 19:00:00,233.910,235.820,234.680,0.000,0.000,0.020,0.004,0.000,0.000,0.004,0.000,0.000,0.000,0.000,1.000,50.180
2410883990,2026-08-17 19:00:00,231.610,230.300,229.650,0.090,0.000,0.090,0.041,0.021,0.000,0.019,0.004,0.001,0.000,0.002,1.000,50.240
2410883991,2026-08-17 19:00:00,238.370,238.630,239.880,0.260,0.320,0.200,0.187,0.061,0.079,0.047,-0.004,0.000,-0.002,-0.002,1.000,50.160
2410883993,2026-08-17 19:00:00,239.430,238.220,238.520,1.040,1.250,1.070,0.795,0.247,0.293,0.252,-0.051,-0.006,-0.024,-0.019,0.997,50.210
2410883994,2026-08-17 19:00:00,240.180,238.730,239.130,0.010,0.050,0.020,0.019,0.002,0.011,0.005,-0.001,0.000,0.000,0.000,1.000,50.180
2410932742,2026-08-17 19:00:00,232.670,230.340,230.740,3.430,3.300,3.530,2.191,0.737,0.700,0.753,0.655,0.230,0.205,0.219,0.958,50.200
2411087432,2026-08-17 19:00:00,238.500,239.230,237.370,2.380,2.270,2.600,1.688,0.607,0.488,0.594,0.425,0.081,0.189,0.154,0.967,50.190
2411087433,2026-08-17 19:00:00,238.990,239.260,240.270,0.550,0.520,0.560,0.400,0.135,0.127,0.136,0.000,0.003,-0.006,0.003,0.998,50.210
2411290205,2026-08-17 19:00:00,238.240,237.670,237.990,0.500,0.510,0.500,0.348,0.111,0.120,0.116,-0.054,-0.015,-0.015,-0.025,0.988,50.160
2510014481,2026-08-17 19:00:00,231.120,231.470,233.030,1.920,1.740,2.160,1.332,0.441,0.373,0.460,0.665,0.218,0.222,0.224,0.847,50.200
2510014482,2026-08-17 19:00:00,238.170,238.770,237.590,0.020,0.040,0.000,0.012,0.002,0.009,0.000,-0.002,-0.002,0.000,0.000,0.961,50.210
2510014484,2026-08-17 19:00:00,237.450,236.900,237.490,1.440,1.670,1.370,1.002,0.334,0.372,0.295,0.398,0.140,0.129,0.128,0.929,50.230
2510178139,2026-08-17 19:00:00,239.560,240.400,239.160,0.280,0.260,0.270,0.192,0.065,0.061,0.067,0.037,0.014,0.017,0.005,0.979,50.200
2510178141,2026-08-17 19:00:00,239.210,239.610,240.330,0.020,0.010,0.020,0.008,0.002,0.000,0.005,-0.009,-0.004,-0.001,-0.003,0.657,50.230
2510203103,2026-08-17 19:00:00,230.040,227.610,228.220,0.630,0.550,0.520,0.365,0.130,0.122,0.111,-0.113,-0.036,-0.032,-0.044,0.955,50.220
2510203104,2026-08-17 19:00:00,232.790,232.960,234.040,0.800,0.550,0.510,0.412,0.171,0.123,0.111,0.057,0.013,0.018,0.025,0.989,50.210
2510203105,2026-08-17 19:00:00,235.770,233.330,233.960,0.240,0.480,0.260,0.224,0.055,0.110,0.058,-0.053,-0.015,-0.018,-0.019,0.974,50.200
2510203107,2026-08-17 19:00:00,226.310,225.720,226.060,0.500,0.540,0.510,0.328,0.105,0.114,0.107,0.120,0.039,0.040,0.039,0.937,50.230
2510203108,2026-08-17 19:00:00,239.170,239.690,238.350,0.750,1.280,1.860,0.896,0.168,0.306,0.423,0.097,0.031,0.038,0.027,0.994,50.200
2510203111,2026-08-17 19:00:00,238.190,238.910,239.500,1.300,1.510,1.780,1.160,0.373,0.361,0.425,0.285,0.122,0.080,0.083,0.968,50.220
2510203113,2026-08-17 19:00:00,237.730,237.920,237.490,0.920,0.970,0.960,0.660,0.211,0.224,0.223,0.045,0.013,0.016,0.015,0.997,50.190
2510203114,2026-08-17 19:00:00,232.690,233.080,234.010,0.470,0.360,0.310,0.287,0.136,0.078,0.085,0.027,0.013,0.001,0.012,0.995,50.200
2510203115,2026-08-17 19:00:00,236.580,237.080,237.050,0.000,0.000,0.000,0.000,0.000,0.000,0.000,0.000,0.000,0.000,0.000,1.000,50.210
2510203117,2026-08-17 19:00:00,235.480,234.210,233.430,0.480,0.560,0.240,0.302,0.117,0.130,0.054,-0.039,-0.013,-0.013,-0.012,0.992,50.200
2510203118,2026-08-17 19:00:00,126.030,126.040,126.680,0.150,0.120,0.130,0.037,0.014,0.012,0.010,-0.031,-0.011,-0.008,-0.012,0.764,50.210
2510203119,2026-08-17 19:00:00,235.480,234.180,233.490,0.000,0.000,0.000,0.000,0.000,0.000,0.000,0.000,0.000,0.000,0.000,1.000,50.210
2510203120,2026-08-17 19:00:00,239.740,238.380,238.740,0.710,0.530,0.530,0.398,0.157,0.121,0.125,0.131,0.053,0.044,0.033,0.948,50.210
2510203121,2026-08-17 19:00:00,230.100,229.430,231.340,0.620,0.410,0.620,0.357,0.132,0.093,0.131,0.000,0.009,-0.003,-0.006,0.999,50.210
2510203122,2026-08-17 19:00:00,238.610,239.310,238.040,0.180,0.200,0.020,0.083,0.039,0.039,0.003,0.011,0.011,0.001,-0.001,0.988,50.190
2510203123,2026-08-17 19:00:00,238.230,238.860,239.510,0.410,0.570,0.550,0.392,0.169,0.218,0.201,0.164,0.050,0.042,0.071,0.862,50.210
2510203124,2026-08-17 19:00:00,239.530,239.900,238.810,0.380,0.360,0.410,0.273,0.093,0.083,0.095,0.043,0.016,0.014,0.012,0.987,50.210
2510203125,2026-08-17 19:00:00,238.090,238.470,238.600,0.080,0.080,0.150,0.040,0.005,0.004,0.030,-0.053,-0.017,-0.018,-0.016,0.606,50.200
2510203126,2026-08-17 19:00:00,230.790,229.910,232.080,0.020,0.000,0.000,0.004,0.003,0.000,0.000,0.000,0.000,0.000,0.000,1.000,50.220
2510203127,2026-08-17 19:00:00,238.910,239.590,238.460,0.710,0.850,0.640,0.456,0.143,0.186,0.125,0.217,0.072,0.065,0.079,0.902,50.210
2510203130,2026-08-17 19:00:00,245.730,245.990,248.130,0.050,0.030,0.050,0.028,0.010,0.006,0.010,0.008,0.006,0.000,0.002,0.968,50.200
2510203133,2026-08-17 19:00:00,238.610,239.300,238.150,0.040,0.020,0.010,0.015,0.009,0.004,0.001,0.000,0.000,-0.002,0.000,0.967,50.200
2510203134,2026-08-17 19:00:00,240.340,238.880,238.960,0.020,0.010,0.010,0.007,0.004,0.002,0.001,-0.001,0.000,-0.001,0.000,0.988,50.210
2510224049,2026-08-17 19:00:00,229.560,231.500,230.360,19.080,19.840,13.220,11.100,3.840,4.350,2.910,-2.530,-0.740,-1.150,-0.640,0.974,50.220
2510317505,2026-08-17 19:00:00,234.060,233.540,235.450,23.360,9.510,7.310,8.890,5.280,2.120,1.480,-1.900,-0.630,-0.590,-0.670,0.977,50.230
2510317516,2026-08-17 19:00:00,234.680,233.730,235.780,0.000,0.000,0.000,0.000,0.000,0.000,0.000,0.000,0.000,0.000,0.000,1.000,50.220
2510317537,2026-08-17 19:00:00,238.580,238.750,239.740,2.550,2.440,2.360,1.690,0.590,0.580,0.580,-0.300,-0.100,-0.100,-0.090,0.984,50.210
2510389559,2026-08-17 19:00:00,238.630,238.080,238.580,0.000,0.000,0.000,0.000,0.000,0.000,0.000,0.000,0.000,0.000,0.000,1.000,50.200
2510389643,2026-08-17 19:00:00,239.120,238.560,239.090,18.000,18.060,6.830,9.670,3.770,4.270,1.620,-0.940,-0.290,-0.470,-0.180,0.995,50.230
2510389931,2026-08-17 19:00:00,237.180,236.650,236.950,18.260,9.980,24.700,12.440,4.290,2.330,5.810,-1.410,-0.450,-0.300,-0.650,0.993,50.230
2510633381,2026-08-17 19:00:00,240.240,238.900,239.140,0.130,0.150,0.060,0.077,0.030,0.033,0.013,-0.021,-0.009,-0.008,-0.003,0.966,50.210
2510633383,2026-08-17 19:00:00,238.970,239.240,240.030,0.110,0.090,0.090,0.018,0.007,0.002,0.009,-0.066,-0.025,-0.020,-0.020,0.273,50.220
2510633385,2026-08-17 19:00:00,238.960,238.410,238.890,0.420,0.390,0.240,0.251,0.100,0.092,0.058,-0.031,-0.008,-0.014,-0.009,0.993,50.210
2510633386,2026-08-17 19:00:00,228.370,228.480,229.650,1.150,1.170,1.160,0.124,0.044,0.038,0.041,-0.739,-0.241,-0.249,-0.249,0.163,50.210
2510633389,2026-08-17 19:00:00,238.320,238.500,237.860,0.180,0.250,0.190,0.135,0.040,0.055,0.040,0.052,0.015,0.017,0.019,0.934,50.220
2510633390,2026-08-17 19:00:00,238.990,240.230,238.680,1.790,1.990,1.970,1.250,0.351,0.445,0.393,0.325,0.079,0.103,0.142,0.964,50.220
2510633391,2026-08-17 19:00:00,126.070,125.450,125.670,0.000,0.000,0.000,0.000,0.000,0.000,0.000,0.000,0.000,0.000,0.000,1.000,50.220
2510633393,2026-08-17 19:00:00,236.480,237.000,237.050,1.770,1.710,1.720,1.175,0.397,0.389,0.388,0.339,0.118,0.099,0.120,0.960,50.210
2510633395,2026-08-17 19:00:00,239.330,239.990,238.910,0.000,0.000,0.000,0.000,0.000,0.000,0.000,0.000,0.000,0.000,0.000,1.000,50.210
2510633396,2026-08-17 19:00:00,240.100,238.970,239.630,0.380,0.430,0.370,0.275,0.087,0.099,0.087,0.100,0.033,0.034,0.031,0.955,50.210
2510633397,2026-08-17 19:00:00,245.430,243.950,244.250,0.730,0.820,0.840,0.446,0.126,0.153,0.165,0.363,0.123,0.123,0.116,0.778,50.220
2510633399,2026-08-17 19:00:00,230.150,229.280,231.370,0.580,0.610,0.680,0.444,0.137,0.144,0.161,0.000,0.001,0.000,-0.001,1.000,50.210
2510633400,2026-08-17 19:00:00,229.250,231.300,230.090,0.270,0.320,0.300,0.205,0.062,0.072,0.066,0.051,0.015,0.017,0.018,0.968,50.210
2510633402,2026-08-17 19:00:00,232.860,233.210,235.160,0.560,0.610,0.580,0.503,0.160,0.176,0.166,0.182,0.060,0.056,0.063,0.912,50.210
2510633406,2026-08-17 19:00:00,230.350,229.500,231.690,0.170,0.200,0.200,0.123,0.036,0.043,0.043,-0.039,-0.011,-0.013,-0.013,0.951,50.220
2510633411,2026-08-17 19:00:00,228.270,226.740,226.100,2.520,2.380,2.450,1.547,0.542,0.501,0.513,0.551,0.174,0.188,0.188,0.942,50.210
2510814977,2026-08-17 19:00:00,233.430,235.290,233.010,0.060,0.060,0.070,0.046,0.014,0.015,0.017,-0.003,0.000,-0.001,-0.001,1.000,50.210
2610026950,2026-08-17 19:00:00,231.540,230.180,229.490,0.000,0.000,0.010,0.003,0.000,0.000,0.001,0.000,0.000,0.000,0.000,0.997,50.210
2610026952,2026-08-17 19:00:00,233.360,231.950,232.670,4.940,4.760,4.770,2.877,0.984,0.932,0.961,1.701,0.585,0.575,0.540,0.860,50.220
2610026953,2026-08-17 19:00:00,237.710,237.050,237.550,0.540,0.580,0.520,0.341,0.112,0.117,0.111,0.129,0.048,0.045,0.036,0.938,50.210
2610026963,2026-08-17 19:00:00,239.430,239.660,240.500,0.180,0.110,0.100,0.078,0.039,0.020,0.018,-0.049,-0.019,-0.015,-0.015,0.844,50.210
2610026966,2026-08-17 19:00:00,229.280,229.440,229.230,0.090,0.110,0.140,0.067,0.014,0.021,0.031,0.014,0.004,0.002,0.007,0.977,50.200
2610026976,2026-08-17 19:00:00,239.110,239.510,240.480,0.360,0.490,0.140,0.236,0.086,0.115,0.034,-0.008,-0.003,0.000,-0.003,1.000,50.210
2610026977,2026-08-17 19:00:00,240.440,240.280,240.010,0.250,0.710,0.900,0.442,0.056,0.171,0.214,0.020,0.018,0.001,0.000,0.999,50.210
2610126270,2026-08-17 19:00:00,229.710,231.600,230.500,0.020,0.010,0.010,0.008,0.005,0.001,0.001,-0.004,-0.002,-0.001,-0.001,0.836,50.220
2610126451,2026-08-17 19:00:00,239.440,240.120,238.960,0.020,0.020,0.160,0.048,0.003,0.005,0.038,-0.001,0.000,0.000,0.000,0.996,50.200
2610159557,2026-08-17 19:00:00,240.030,238.760,238.890,0.020,0.000,0.010,0.006,0.003,0.000,0.002,-0.004,-0.002,0.000,-0.001,0.760,50.200
2610170786,2026-08-17 19:00:00,238.740,238.930,239.940,1.000,0.990,1.120,0.572,0.187,0.176,0.208,0.100,0.033,0.033,0.034,0.983,50.230
2610170836,2026-08-17 19:00:00,238.820,239.290,238.080,0.020,0.080,0.090,0.050,0.003,0.021,0.025,0.003,-0.001,0.002,0.002,0.998,50.230
2610170837,2026-08-17 19:00:00,235.540,233.110,233.600,0.000,0.000,0.020,0.006,0.000,0.001,0.005,0.000,0.000,0.000,0.000,0.994,50.230
2610170838,2026-08-17 19:00:00,240.140,238.710,239.070,0.030,0.030,0.020,0.016,0.006,0.006,0.003,0.000,0.000,0.000,0.000,0.993,50.220
2610170840,2026-08-17 19:00:00,237.270,236.740,237.170,1.350,1.100,1.450,0.887,0.307,0.244,0.334,0.256,0.087,0.088,0.081,0.960,50.240
2610322969,2026-08-17 19:00:00,231.600,230.280,229.530,0.070,0.050,0.150,0.063,0.015,0.012,0.035,-0.004,-0.001,-0.001,-0.001,1.000,50.210
2610322997,2026-08-17 19:00:00,233.050,234.680,232.380,0.700,0.790,0.660,0.462,0.155,0.167,0.140,0.162,0.033,0.066,0.062,0.943,50.220
2610323001,2026-08-17 19:00:00,230.310,229.070,228.920,3.770,3.060,3.450,2.088,0.772,0.611,0.704,1.059,0.372,0.337,0.348,0.891,50.220
2610323004,2026-08-17 19:00:00,64.820,64.110,64.800,0.180,0.150,0.180,0.030,0.010,0.008,0.011,0.010,0.004,0.003,0.002,0.963,50.210
2610323005,2026-08-17 19:00:00,229.650,231.570,230.400,0.000,0.000,0.000,0.001,0.000,0.001,0.000,0.000,0.000,0.000,0.000,0.917,50.220
2610323016,2026-08-17 19:00:00,232.400,230.390,230.830,2.500,2.340,2.370,1.435,0.489,0.443,0.455,0.652,0.220,0.221,0.210,0.901,50.230
2610323019,2026-08-17 19:00:00,229.380,231.690,230.430,0.020,0.020,0.030,0.014,0.004,0.004,0.005,-0.005,-0.001,-0.001,-0.002,0.958,50.220
2610323024,2026-08-17 19:00:00,233.340,233.980,235.530,0.220,0.540,0.400,0.263,0.050,0.119,0.092,0.006,0.001,0.001,0.002,0.999,50.220
2410131387,2026-08-17 19:01:00,236.320,236.560,237.160,0.110,0.070,0.080,0.060,0.025,0.016,0.018,-0.008,-0.002,0.001,-0.007,0.983,50.190
2510014483,2026-08-17 19:01:00,238.330,238.470,239.580,0.050,0.030,0.070,0.028,0.008,0.005,0.014,-0.021,-0.006,-0.005,-0.009,0.794,50.160
2510203106,2026-08-17 19:01:00,238.470,237.850,238.230,0.040,0.010,0.000,0.011,0.007,0.003,0.000,-0.004,-0.003,0.000,0.000,0.969,50.210
2510203109,2026-08-17 19:01:00,238.720,239.980,238.650,0.330,0.220,0.330,0.207,0.077,0.052,0.077,-0.005,0.012,-0.007,-0.009,0.998,50.200
2510203128,2026-08-17 19:01:00,238.590,239.410,237.560,1.670,1.620,1.780,1.169,0.383,0.374,0.412,0.057,0.001,0.016,0.040,0.998,50.210
2510633387,2026-08-17 19:01:00,238.630,239.310,238.220,0.010,0.000,0.000,0.002,0.002,0.000,0.000,0.000,0.000,0.000,0.000,0.821,50.200
2610322967,2026-08-17 19:01:00,240.390,238.910,238.880,0.000,0.000,0.020,0.005,0.000,0.000,0.005,0.001,0.000,0.000,0.001,1.000,50.200
2510224167,2026-08-17 19:02:00,229.580,228.650,230.800,10.140,11.780,11.900,7.360,2.210,2.550,2.590,-2.250,-0.650,-0.780,-0.800,0.956,50.180
2510633410,2026-08-17 19:02:00,229.980,229.180,231.290,0.150,0.140,0.120,0.093,0.034,0.030,0.027,-0.010,0.000,-0.004,-0.005,0.993,50.250
2246006313,2026-08-17 19:30:00,58.400,58.200,57.900,1.198,1.194,1.115,0.196,0.066,0.066,0.062,0.027,0.010,0.007,0.009,0.990,50.220
2410121326,2026-08-17 19:30:00,237.240,235.970,236.470,0.360,0.310,0.430,0.251,0.081,0.072,0.097,0.032,0.013,0.011,0.007,0.994,50.250
2410121353,2026-08-17 19:30:00,237.490,236.250,236.660,0.120,0.120,0.080,0.073,0.027,0.027,0.019,-0.001,-0.002,-0.003,0.004,0.999,50.250
2410121371,2026-08-17 19:30:00,237.620,236.320,236.760,0.040,0.010,0.060,0.024,0.009,0.000,0.014,-0.002,0.000,-0.001,-0.001,0.997,50.260
2410121424,2026-08-17 19:30:00,237.690,236.400,236.860,0.010,0.010,0.010,0.004,0.000,0.001,0.002,-0.003,-0.001,-0.001,0.000,0.783,50.270
2410121440,2026-08-17 19:30:00,237.490,236.240,236.650,0.010,0.000,0.010,0.004,0.002,0.000,0.001,-0.002,-0.001,0.000,0.000,0.882,50.260
2410121454,2026-08-17 19:30:00,236.940,237.790,236.400,0.080,0.210,0.200,0.112,0.017,0.051,0.045,0.023,0.007,0.006,0.009,0.977,50.270
2410121457,2026-08-17 19:30:00,235.510,234.040,234.820,2.070,2.080,2.010,1.388,0.465,0.465,0.455,0.310,0.111,0.114,0.084,0.975,50.230
2410121574,2026-08-17 19:30:00,237.810,236.360,236.770,0.290,0.240,0.250,0.179,0.066,0.054,0.057,-0.038,-0.010,-0.015,-0.012,0.975,50.280
2410131378,2026-08-17 19:30:00,236.530,237.240,235.970,0.760,0.840,0.820,0.575,0.187,0.189,0.198,0.096,0.023,0.032,0.040,0.986,50.250
2410131384,2026-08-17 19:30:00,238.600,239.580,238.650,1.420,1.600,1.540,0.951,0.292,0.340,0.318,0.258,0.092,0.093,0.071,0.966,50.230
2410131387,2026-08-17 19:30:00,236.910,237.350,237.720,0.080,0.070,0.040,0.042,0.017,0.015,0.009,-0.008,-0.006,0.001,-0.003,0.977,50.250
2410320615,2026-08-17 19:30:00,238.380,238.580,239.250,1.760,1.760,2.000,1.347,0.424,0.421,0.488,0.145,0.032,0.055,0.057,0.994,50.260
2410883988,2026-08-17 19:30:00,231.590,233.320,232.180,0.020,0.000,0.040,0.013,0.004,0.000,0.009,0.000,0.000,0.000,0.000,0.961,50.270
2410883990,2026-08-17 19:30:00,232.730,231.460,230.970,0.090,0.000,0.080,0.040,0.021,0.000,0.019,0.004,0.001,0.000,0.002,0.992,50.220
2410883991,2026-08-17 19:30:00,239.200,239.340,240.520,0.230,0.320,0.200,0.169,0.044,0.076,0.048,-0.006,0.001,-0.005,-0.002,0.999,50.230
2410883993,2026-08-17 19:30:00,239.860,238.780,238.960,1.230,1.530,1.350,0.980,0.296,0.362,0.321,-0.072,-0.012,-0.033,-0.026,0.997,50.240
2410883994,2026-08-17 19:30:00,240.440,239.120,239.490,0.010,0.050,0.020,0.018,0.002,0.011,0.005,-0.001,0.000,0.000,0.000,1.000,50.250
2410932742,2026-08-17 19:30:00,233.450,231.150,231.510,3.510,3.390,3.600,2.258,0.760,0.723,0.774,0.673,0.235,0.212,0.225,0.958,50.230
2411087432,2026-08-17 19:30:00,236.760,237.580,236.280,1.630,1.780,1.560,1.122,0.372,0.399,0.350,0.117,0.008,0.047,0.063,0.994,50.270
2411087433,2026-08-17 19:30:00,239.630,239.720,240.770,0.460,0.450,0.430,0.310,0.105,0.103,0.101,-0.011,-0.001,-0.008,0.000,0.999,50.240
2510014481,2026-08-17 19:30:00,233.050,233.420,235.070,1.750,1.540,1.810,1.125,0.383,0.354,0.408,0.304,0.094,0.102,0.107,0.966,50.240
2510014482,2026-08-17 19:30:00,236.770,237.400,236.140,0.020,0.040,0.000,0.012,0.002,0.009,0.000,-0.002,-0.002,0.000,0.000,0.945,50.270
2510014483,2026-08-17 19:30:00,239.200,239.290,240.330,0.050,0.040,0.050,0.027,0.010,0.007,0.009,-0.021,-0.006,-0.005,-0.008,0.786,50.220
2510014484,2026-08-17 19:30:00,237.570,236.900,237.470,1.690,2.080,1.650,1.202,0.367,0.470,0.364,0.442,0.153,0.144,0.145,0.938,50.250
2510178141,2026-08-17 19:30:00,236.290,236.710,237.450,0.020,0.010,0.030,0.008,0.002,0.000,0.005,-0.009,-0.004,-0.001,-0.003,0.638,50.240
2510203103,2026-08-17 19:30:00,230.900,228.470,228.950,0.570,0.480,0.450,0.381,0.132,0.115,0.128,-0.121,-0.038,-0.037,-0.045,0.946,50.260
2510203104,2026-08-17 19:30:00,233.160,233.300,234.360,0.810,0.500,0.460,0.383,0.169,0.112,0.100,0.068,0.016,0.024,0.027,0.988,50.240
2510203105,2026-08-17 19:30:00,236.880,234.480,235.130,0.140,0.370,0.150,0.147,0.029,0.086,0.031,0.045,0.016,0.014,0.015,0.956,50.250
2510203107,2026-08-17 19:30:00,227.100,226.560,226.860,0.440,0.480,0.430,0.294,0.095,0.105,0.093,0.088,0.028,0.030,0.029,0.957,50.230
2510203108,2026-08-17 19:30:00,236.600,237.150,235.890,0.770,1.220,1.880,0.886,0.175,0.285,0.424,0.088,0.026,0.036,0.025,0.994,50.270
2510203109,2026-08-17 19:30:00,239.290,240.500,239.240,0.300,0.220,0.310,0.198,0.070,0.055,0.072,-0.002,0.012,-0.007,-0.007,0.999,50.250
2510203111,2026-08-17 19:30:00,235.300,235.950,236.600,1.310,1.230,1.430,1.157,0.368,0.359,0.430,0.271,0.115,0.080,0.077,0.960,50.220
2510203113,2026-08-17 19:30:00,238.920,239.100,238.700,0.950,0.960,0.980,0.668,0.221,0.218,0.229,0.054,0.013,0.017,0.023,0.996,50.270
2510203114,2026-08-17 19:30:00,233.290,233.530,234.450,0.300,0.160,0.170,0.205,0.108,0.049,0.047,0.029,0.010,0.006,0.011,0.986,50.260
2510203115,2026-08-17 19:30:00,238.370,238.910,239.010,0.000,0.000,0.000,0.000,0.000,0.000,0.000,0.000,0.000,0.000,0.000,1.000,50.250
2510203117,2026-08-17 19:30:00,232.830,231.590,230.910,0.410,0.400,0.130,0.215,0.094,0.091,0.028,-0.035,-0.012,-0.013,-0.010,0.987,50.250
2510203118,2026-08-17 19:30:00,126.280,126.290,126.850,0.160,0.130,0.140,0.049,0.018,0.015,0.014,-0.020,-0.007,-0.004,-0.008,0.938,50.240
2510203119,2026-08-17 19:30:00,232.800,231.550,230.820,0.000,0.000,0.000,0.000,0.000,0.000,0.000,0.000,0.000,0.000,0.000,1.000,50.250
2510203120,2026-08-17 19:30:00,240.270,239.020,239.240,0.710,0.540,0.530,0.399,0.159,0.119,0.120,0.127,0.050,0.044,0.031,0.953,50.270
2510203121,2026-08-17 19:30:00,231.860,231.200,233.020,0.620,0.410,0.620,0.361,0.133,0.093,0.134,0.000,0.009,-0.003,-0.006,0.998,50.250
2510203122,2026-08-17 19:30:00,237.070,237.930,236.550,0.110,0.030,0.000,0.032,0.023,0.007,0.000,0.012,0.011,0.001,0.000,0.929,50.250
2510203123,2026-08-17 19:30:00,235.610,236.330,236.960,0.430,0.600,0.520,0.269,0.067,0.173,0.154,0.045,0.012,0.001,0.030,0.982,50.240
2510203124,2026-08-17 19:30:00,237.190,237.630,236.500,0.190,0.200,0.220,0.143,0.045,0.047,0.050,0.035,0.010,0.012,0.012,0.968,50.260
2510203125,2026-08-17 19:30:00,239.100,239.400,239.580,0.080,0.100,0.140,0.041,0.004,0.009,0.027,-0.055,-0.017,-0.020,-0.016,0.602,50.240
2510203126,2026-08-17 19:30:00,232.070,231.300,233.220,0.040,0.020,0.000,0.013,0.009,0.004,0.000,-0.001,0.000,0.000,0.000,1.000,50.250
2510203127,2026-08-17 19:30:00,236.490,237.300,236.070,0.040,0.010,0.030,0.018,0.009,0.002,0.006,-0.006,0.000,0.000,-0.005,0.954,50.250
2510203128,2026-08-17 19:30:00,239.160,239.790,237.940,1.930,1.900,2.030,1.362,0.451,0.440,0.470,0.088,0.006,0.028,0.054,0.998,50.250
2510203130,2026-08-17 19:30:00,246.900,247.270,249.280,0.000,0.010,0.040,0.012,0.000,0.001,0.010,0.002,0.000,0.000,0.002,0.948,50.250
2510203133,2026-08-17 19:30:00,236.050,236.790,235.540,0.170,0.170,0.220,0.084,0.009,0.004,0.023,0.001,0.000,-0.002,0.002,0.850,50.240
2510203134,2026-08-17 19:30:00,240.820,239.500,239.560,0.020,0.010,0.010,0.007,0.004,0.002,0.001,-0.001,0.000,-0.001,0.000,0.989,50.220
2510224049,2026-08-17 19:30:00,230.700,232.390,231.320,8.130,14.560,11.870,7.710,1.780,3.260,2.660,-1.960,-0.530,-0.800,-0.620,0.969,50.230
2510224167,2026-08-17 19:30:00,231.560,230.740,232.720,10.070,11.690,11.820,7.350,2.210,2.550,2.590,-2.280,-0.660,-0.790,-0.810,0.954,50.250
2510317505,2026-08-17 19:30:00,231.470,230.950,232.700,23.320,9.620,7.350,8.850,5.230,2.120,1.480,-1.870,-0.610,-0.580,-0.670,0.978,50.230
2510317516,2026-08-17 19:30:00,232.130,231.340,233.170,0.000,0.000,0.000,0.000,0.000,0.000,0.000,0.000,0.000,0.000,0.000,1.000,50.260
2510317537,2026-08-17 19:30:00,238.970,239.030,239.950,2.560,2.410,2.430,1.920,0.660,0.620,0.610,-0.330,-0.100,-0.110,-0.110,0.984,50.250
2510389559,2026-08-17 19:30:00,239.740,239.230,239.400,0.000,0.000,0.000,0.000,0.000,0.000,0.000,0.000,0.000,0.000,0.000,1.000,50.270
2510389643,2026-08-17 19:30:00,239.200,238.670,238.860,18.110,17.960,6.800,9.680,3.810,4.250,1.610,-0.940,-0.290,-0.470,-0.180,0.995,50.240
2510389931,2026-08-17 19:30:00,238.500,237.830,238.190,18.060,9.880,24.370,12.350,4.270,2.320,5.750,-1.430,-0.460,-0.300,-0.660,0.993,50.230
2510633381,2026-08-17 19:30:00,240.420,239.210,239.350,0.140,0.150,0.060,0.081,0.032,0.034,0.014,-0.016,-0.006,-0.006,-0.002,0.979,50.260
2510633383,2026-08-17 19:30:00,236.110,236.520,237.410,0.110,0.090,0.090,0.018,0.006,0.002,0.010,-0.064,-0.025,-0.019,-0.019,0.280,50.250
2510633385,2026-08-17 19:30:00,239.410,238.960,239.130,0.430,0.390,0.450,0.300,0.100,0.091,0.107,-0.019,-0.009,-0.013,0.004,0.996,50.230
2510633386,2026-08-17 19:30:00,228.590,228.690,229.770,1.170,1.190,1.160,0.150,0.057,0.045,0.047,-0.738,-0.241,-0.248,-0.247,0.196,50.240
2510633389,2026-08-17 19:30:00,238.760,238.940,238.290,0.190,0.230,0.200,0.138,0.043,0.051,0.043,0.042,0.012,0.014,0.016,0.952,50.240
2510633390,2026-08-17 19:30:00,239.200,240.530,238.990,1.490,1.740,1.730,1.083,0.331,0.385,0.339,0.312,0.078,0.102,0.132,0.961,50.240
2510633391,2026-08-17 19:30:00,124.620,123.950,124.170,0.000,0.000,0.000,0.000,0.000,0.000,0.000,0.000,0.000,0.000,0.000,1.000,50.240
2510633393,2026-08-17 19:30:00,237.610,238.070,238.160,1.560,1.530,1.570,1.044,0.348,0.346,0.348,0.309,0.107,0.090,0.111,0.958,50.270
2510633395,2026-08-17 19:30:00,236.870,237.690,236.480,0.000,0.000,0.000,0.000,0.000,0.000,0.000,0.000,0.000,0.000,0.000,1.000,50.260
2510633396,2026-08-17 19:30:00,237.370,236.130,236.880,0.370,0.420,0.370,0.260,0.083,0.094,0.082,0.072,0.025,0.025,0.023,0.962,50.260
2510633397,2026-08-17 19:30:00,245.660,244.300,244.450,0.650,0.720,0.770,0.379,0.102,0.131,0.146,0.360,0.124,0.118,0.117,0.729,50.240
2510633399,2026-08-17 19:30:00,231.450,230.750,232.650,0.600,0.630,0.750,0.455,0.138,0.144,0.172,0.001,0.002,0.000,-0.001,1.000,50.250
2510633400,2026-08-17 19:30:00,230.830,232.650,231.450,0.200,0.260,0.230,0.159,0.047,0.059,0.052,0.051,0.014,0.018,0.017,0.947,50.240
2510633402,2026-08-17 19:30:00,234.000,234.410,236.370,0.500,0.560,0.540,0.346,0.107,0.122,0.116,0.109,0.035,0.033,0.040,0.950,50.250
2510633406,2026-08-17 19:30:00,231.750,230.920,232.990,0.170,0.200,0.200,0.123,0.036,0.043,0.043,-0.039,-0.011,-0.014,-0.014,0.950,50.240
2510633410,2026-08-17 19:30:00,231.710,231.050,232.930,0.150,0.120,0.140,0.095,0.034,0.028,0.032,-0.010,0.000,-0.004,-0.005,0.993,50.240
2510633411,2026-08-17 19:30:00,229.720,228.310,227.680,2.520,2.350,2.430,1.531,0.536,0.488,0.516,0.541,0.173,0.184,0.184,0.944,50.250
2510814977,2026-08-17 19:30:00,234.520,236.330,234.100,0.010,0.020,0.020,0.011,0.002,0.004,0.005,-0.004,-0.001,-0.001,-0.001,0.965,50.230
2610026950,2026-08-17 19:30:00,232.850,231.630,230.910,0.000,0.000,0.010,0.003,0.000,0.000,0.001,0.000,0.000,0.000,0.000,1.000,50.240
2610026952,2026-08-17 19:30:00,230.750,229.330,230.070,5.250,5.060,5.090,3.052,1.040,0.991,1.020,1.753,0.603,0.590,0.559,0.867,50.240
2610026953,2026-08-17 19:30:00,238.910,238.200,238.640,0.500,0.560,0.450,0.337,0.107,0.119,0.110,0.119,0.039,0.041,0.038,0.939,50.240
2610026963,2026-08-17 19:30:00,236.850,237.060,237.920,0.200,0.120,0.110,0.091,0.042,0.025,0.022,-0.045,-0.018,-0.013,-0.014,0.892,50.250
2610026966,2026-08-17 19:30:00,228.990,229.250,229.110,0.050,0.090,0.080,0.047,0.010,0.019,0.017,0.018,0.004,0.004,0.009,0.926,50.260
2610026976,2026-08-17 19:30:00,236.460,236.860,237.840,0.300,0.340,0.150,0.187,0.071,0.081,0.034,-0.005,-0.001,0.000,-0.003,0.997,50.250
2610026977,2026-08-17 19:30:00,239.670,239.680,239.440,0.250,0.710,0.890,0.439,0.055,0.169,0.213,0.019,0.018,0.001,0.000,0.998,50.250
2610126270,2026-08-17 19:30:00,231.020,232.760,231.700,0.020,0.010,0.010,0.008,0.005,0.001,0.001,-0.004,-0.002,-0.001,-0.001,0.827,50.230
2610126451,2026-08-17 19:30:00,237.110,237.770,236.600,0.020,0.010,0.070,0.022,0.003,0.002,0.016,-0.001,0.000,0.000,0.000,0.992,50.240
2610159557,2026-08-17 19:30:00,240.460,239.290,239.330,0.020,0.010,0.010,0.006,0.003,0.000,0.002,-0.004,-0.002,0.000,0.000,0.786,50.240
2610170786,2026-08-17 19:30:00,238.770,238.880,239.850,0.980,0.950,1.030,0.897,0.295,0.294,0.310,0.228,0.071,0.078,0.077,0.964,50.240
2610170836,2026-08-17 19:30:00,236.340,237.020,235.660,0.020,0.080,0.100,0.043,0.004,0.017,0.021,0.003,-0.001,0.001,0.001,1.000,50.230
2610170837,2026-08-17 19:30:00,236.340,233.980,234.390,0.000,0.000,0.040,0.010,0.000,0.001,0.009,0.000,0.000,0.000,0.000,0.980,50.230
2610170838,2026-08-17 19:30:00,240.220,238.890,239.160,0.020,0.030,0.020,0.015,0.005,0.006,0.003,0.000,0.000,0.000,0.000,0.982,50.250
2610322967,2026-08-17 19:30:00,240.830,239.490,239.410,0.000,0.000,0.010,0.003,0.000,0.000,0.003,0.000,0.000,0.000,0.000,1.000,50.230
2610322969,2026-08-17 19:30:00,232.960,231.730,231.040,0.070,0.080,0.020,0.032,0.015,0.013,0.003,-0.004,-0.001,-0.001,-0.001,0.983,50.240
2610322997,2026-08-17 19:30:00,234.010,235.610,233.340,0.790,0.850,0.690,0.493,0.169,0.175,0.149,0.153,0.027,0.066,0.061,0.954,50.230
2610323001,2026-08-17 19:30:00,231.380,230.080,229.960,3.710,3.040,3.360,2.059,0.773,0.607,0.678,1.048,0.368,0.335,0.343,0.891,50.230
2610323004,2026-08-17 19:30:00,65.080,64.370,65.060,0.170,0.150,0.170,0.029,0.010,0.008,0.010,0.010,0.004,0.003,0.002,0.946,50.210
2610323005,2026-08-17 19:30:00,230.970,232.740,231.510,0.000,0.000,0.000,0.001,0.000,0.001,0.000,0.000,0.000,0.000,0.000,0.941,50.230
2610323016,2026-08-17 19:30:00,231.920,230.070,230.420,3.470,3.360,3.310,2.114,0.725,0.694,0.683,0.932,0.308,0.309,0.313,0.915,50.230
2610323019,2026-08-17 19:30:00,230.940,232.940,231.790,0.020,0.020,0.030,0.015,0.004,0.005,0.005,-0.004,-0.001,-0.001,-0.001,0.969,50.230
2411290205,2026-08-17 19:31:00,239.170,238.610,238.930,0.490,0.530,0.500,0.361,0.117,0.126,0.117,-0.045,-0.011,-0.012,-0.022,0.992,50.260
2510203106,2026-08-17 19:31:00,239.230,238.610,239.040,0.040,0.010,0.000,0.011,0.007,0.003,0.000,-0.004,-0.003,0.000,0.000,0.973,50.230
2510633387,2026-08-17 19:31:00,236.670,237.390,236.170,0.010,0.000,0.000,0.002,0.002,0.000,0.000,0.000,0.000,0.000,0.000,1.000,50.250
2610170840,2026-08-17 19:31:00,239.270,238.610,239.080,0.460,0.250,0.610,0.311,0.108,0.058,0.144,-0.036,-0.011,-0.007,-0.017,0.992,50.250
2410131383,2026-08-17 19:32:00,239.470,239.560,239.070,0.040,0.020,0.070,0.031,0.010,0.005,0.015,-0.005,-0.001,-0.001,-0.002,0.972,50.240
2610323024,2026-08-17 19:32:00,234.390,235.090,236.500,0.100,0.480,0.380,0.225,0.023,0.112,0.089,0.015,0.001,0.004,0.009,0.996,50.240
2510178139,2026-08-17 19:33:00,237.050,237.870,236.480,0.210,0.200,0.220,0.140,0.046,0.044,0.051,0.039,0.015,0.015,0.008,0.960,50.240
2246006313,2026-08-17 20:00:00,57.900,57.700,57.400,0.836,0.865,0.774,0.141,0.047,0.049,0.044,0.001,0.003,0.000,0.000,0.999,50.230
2410121326,2026-08-17 20:00:00,234.160,232.930,233.270,0.490,0.490,0.500,0.340,0.114,0.111,0.114,0.048,0.017,0.016,0.014,0.989,50.210
2410121353,2026-08-17 20:00:00,233.820,232.600,232.940,0.120,0.130,0.070,0.074,0.027,0.030,0.015,-0.006,-0.003,-0.003,0.000,0.992,50.170
2410121371,2026-08-17 20:00:00,234.500,233.120,233.430,0.040,0.010,0.040,0.018,0.008,0.000,0.008,-0.002,0.000,-0.001,0.000,0.971,50.180
2410121424,2026-08-17 20:00:00,234.020,232.850,233.190,0.010,0.010,0.010,0.004,0.000,0.001,0.002,-0.003,-0.001,-0.001,0.000,0.773,50.180
2410121440,2026-08-17 20:00:00,233.880,232.670,232.980,0.010,0.000,0.010,0.004,0.002,0.000,0.001,-0.002,-0.001,0.000,0.000,0.864,50.180
2410121454,2026-08-17 20:00:00,233.200,234.150,232.810,0.090,0.220,0.220,0.125,0.020,0.053,0.052,0.032,0.010,0.009,0.012,0.974,50.180
2410121457,2026-08-17 20:00:00,232.560,231.020,231.670,2.130,2.140,2.030,1.398,0.473,0.470,0.454,0.331,0.118,0.122,0.090,0.973,50.200
2410121574,2026-08-17 20:00:00,234.240,232.770,233.020,0.290,0.230,0.260,0.175,0.066,0.050,0.058,-0.039,-0.010,-0.015,-0.012,0.976,50.180
2410131378,2026-08-17 20:00:00,233.030,233.920,232.750,0.560,0.660,0.530,0.313,0.107,0.106,0.099,0.085,0.024,0.027,0.033,0.978,50.200
2410131383,2026-08-17 20:00:00,235.970,236.120,235.670,0.050,0.020,0.060,0.030,0.010,0.005,0.013,-0.005,-0.001,-0.001,-0.003,0.982,50.210
2410131384,2026-08-17 20:00:00,235.720,236.820,235.790,1.160,1.250,1.110,0.897,0.280,0.339,0.292,0.249,0.088,0.089,0.071,0.953,50.230
2410131387,2026-08-17 20:00:00,232.360,232.550,233.160,0.070,0.070,0.040,0.039,0.014,0.015,0.009,-0.007,-0.006,0.001,-0.003,0.984,50.170
2410320615,2026-08-17 20:00:00,234.810,234.940,235.710,1.810,1.820,2.120,1.339,0.429,0.424,0.485,0.155,0.040,0.061,0.058,0.993,50.240
2410883988,2026-08-17 20:00:00,229.160,230.970,229.950,0.020,0.000,0.040,0.012,0.004,0.000,0.008,0.000,0.000,0.000,0.000,0.992,50.240
2410883990,2026-08-17 20:00:00,230.330,229.140,228.380,0.080,0.000,0.090,0.039,0.019,0.000,0.020,0.004,0.001,0.000,0.002,0.985,50.220
2410883991,2026-08-17 20:00:00,236.390,236.550,237.680,0.190,0.150,0.290,0.148,0.044,0.034,0.069,-0.003,0.000,-0.002,-0.001,0.999,50.250
2410883993,2026-08-17 20:00:00,236.710,235.510,235.810,1.250,1.480,1.300,0.933,0.294,0.337,0.311,-0.078,-0.012,-0.032,-0.032,0.996,50.200
2410883994,2026-08-17 20:00:00,237.550,236.280,236.520,0.010,0.050,0.020,0.018,0.002,0.011,0.005,-0.001,0.000,0.000,0.000,0.995,50.240
2410932742,2026-08-17 20:00:00,230.580,228.220,228.530,3.540,3.430,3.640,2.258,0.758,0.725,0.774,0.672,0.234,0.210,0.227,0.958,50.240
2411087432,2026-08-17 20:00:00,232.510,233.500,232.160,2.270,2.350,2.300,1.567,0.516,0.528,0.522,0.235,0.059,0.090,0.087,0.988,50.240
2411087433,2026-08-17 20:00:00,236.280,236.490,237.550,0.500,0.520,0.530,0.370,0.120,0.123,0.127,0.000,0.004,-0.007,0.002,0.999,50.190
2411290205,2026-08-17 20:00:00,236.110,235.570,235.770,0.540,0.610,0.530,0.386,0.122,0.142,0.122,-0.038,-0.008,-0.010,-0.019,0.995,50.240
2510014481,2026-08-17 20:00:00,229.850,230.360,232.030,2.380,1.690,1.910,1.464,0.548,0.431,0.484,0.298,0.090,0.091,0.097,0.976,50.190
2510014482,2026-08-17 20:00:00,232.650,233.470,232.190,0.010,0.040,0.000,0.012,0.002,0.009,0.000,-0.002,-0.002,0.000,0.000,1.000,50.230
2510014483,2026-08-17 20:00:00,236.120,236.240,237.280,0.070,0.060,0.080,0.045,0.016,0.013,0.016,-0.021,-0.006,-0.006,-0.009,0.907,50.220
2510014484,2026-08-17 20:00:00,234.720,234.110,234.570,1.370,1.700,1.260,0.953,0.316,0.347,0.289,0.381,0.134,0.124,0.121,0.925,50.220
2510178139,2026-08-17 20:00:00,233.270,234.350,232.980,0.600,0.560,0.600,0.398,0.135,0.128,0.135,0.090,0.032,0.033,0.023,0.975,50.190
2510178141,2026-08-17 20:00:00,232.740,232.990,233.940,0.020,0.010,0.020,0.007,0.002,0.000,0.004,-0.009,-0.004,-0.001,-0.002,0.657,50.230
2510203103,2026-08-17 20:00:00,228.210,225.860,226.330,0.490,0.480,0.540,0.329,0.117,0.130,0.109,-0.127,-0.039,-0.041,-0.045,0.927,50.190
2510203104,2026-08-17 20:00:00,230.330,230.440,231.540,0.790,0.520,0.470,0.368,0.155,0.117,0.095,0.060,0.012,0.018,0.026,0.988,50.230
2510203105,2026-08-17 20:00:00,233.490,230.990,231.570,0.140,0.380,0.130,0.140,0.029,0.086,0.024,0.046,0.015,0.014,0.015,0.949,50.190
2510203107,2026-08-17 20:00:00,224.500,223.950,224.200,0.170,0.180,0.140,0.103,0.035,0.039,0.028,-0.037,-0.014,-0.010,-0.012,0.939,50.220
2510203108,2026-08-17 20:00:00,233.150,233.870,232.490,0.840,1.210,1.940,0.898,0.186,0.276,0.434,0.084,0.028,0.033,0.022,0.995,50.230
2510203109,2026-08-17 20:00:00,236.110,237.340,236.050,0.290,0.220,0.300,0.189,0.067,0.050,0.071,-0.004,0.011,-0.007,-0.008,0.997,50.190
2510203113,2026-08-17 20:00:00,235.520,235.780,235.410,0.780,0.820,0.810,0.547,0.176,0.185,0.186,0.051,0.015,0.017,0.019,0.995,50.230
2510203114,2026-08-17 20:00:00,230.090,230.380,231.360,0.400,0.320,0.280,0.247,0.113,0.088,0.064,0.023,0.007,0.002,0.013,0.996,50.190
2510203117,2026-08-17 20:00:00,230.580,229.510,228.760,0.460,0.430,0.260,0.259,0.104,0.097,0.058,-0.037,-0.011,-0.013,-0.013,0.988,50.220
2510203118,2026-08-17 20:00:00,124.530,124.540,125.170,0.160,0.140,0.140,0.049,0.018,0.016,0.014,-0.020,-0.007,-0.004,-0.008,0.917,50.200
2510203119,2026-08-17 20:00:00,230.500,229.380,228.610,0.000,0.000,0.000,0.000,0.000,0.000,0.000,0.000,0.000,0.000,0.000,1.000,50.230
2510203120,2026-08-17 20:00:00,237.040,235.720,236.020,0.670,0.530,0.540,0.383,0.146,0.114,0.122,0.137,0.052,0.048,0.037,0.943,50.220
2510203121,2026-08-17 20:00:00,228.760,228.070,229.880,0.530,0.420,0.540,0.337,0.119,0.094,0.124,0.000,0.007,-0.002,-0.004,1.000,50.190
2510203122,2026-08-17 20:00:00,232.750,233.760,232.450,0.180,0.110,0.000,0.065,0.040,0.023,0.000,0.003,0.010,-0.005,0.000,0.991,50.240
2510203123,2026-08-17 20:00:00,232.570,232.920,233.920,0.290,0.950,0.880,0.440,0.127,0.154,0.158,0.076,0.031,0.014,0.034,0.989,50.220
2510203124,2026-08-17 20:00:00,233.790,234.130,232.930,0.120,0.130,0.140,0.085,0.026,0.027,0.031,0.030,0.009,0.010,0.010,0.941,50.190
2510203125,2026-08-17 20:00:00,235.390,235.620,235.870,0.080,0.100,0.130,0.040,0.004,0.009,0.026,-0.054,-0.017,-0.020,-0.016,0.598,50.190
2510203126,2026-08-17 20:00:00,229.440,228.580,230.500,0.040,0.020,0.000,0.012,0.008,0.004,0.000,0.000,0.000,0.000,0.000,0.978,50.210
2510203127,2026-08-17 20:00:00,233.390,234.370,233.110,0.040,0.010,0.030,0.017,0.009,0.002,0.006,-0.006,0.000,0.000,-0.005,0.945,50.210
2510203128,2026-08-17 20:00:00,236.090,236.800,234.970,1.890,1.890,1.910,1.301,0.430,0.434,0.435,0.080,0.002,0.026,0.050,0.997,50.230
2510203130,2026-08-17 20:00:00,243.760,244.050,246.090,0.000,0.030,0.100,0.031,0.000,0.006,0.025,0.001,0.000,0.000,0.002,0.988,50.190
2510203133,2026-08-17 20:00:00,233.340,234.180,232.970,0.160,0.170,0.140,0.087,0.030,0.034,0.022,0.064,0.021,0.019,0.022,0.806,50.220
2510203134,2026-08-17 20:00:00,237.990,236.590,236.680,0.020,0.010,0.010,0.007,0.004,0.002,0.001,-0.002,0.000,-0.001,0.000,0.977,50.230
2510224049,2026-08-17 20:00:00,228.210,230.060,229.000,21.120,18.590,13.290,11.100,4.150,4.030,2.910,-2.310,-0.760,-0.920,-0.630,0.978,50.220
2510224167,2026-08-17 20:00:00,229.320,228.400,230.370,10.170,11.800,11.920,7.350,2.210,2.550,2.590,-2.240,-0.650,-0.780,-0.800,0.956,50.220
2510317505,2026-08-17 20:00:00,229.000,228.410,230.190,23.370,9.720,7.410,8.820,5.200,2.130,1.490,-1.830,-0.590,-0.570,-0.650,0.979,50.230
2510389559,2026-08-17 20:00:00,236.500,235.920,236.040,0.000,0.000,0.000,0.000,0.000,0.000,0.000,0.000,0.000,0.000,0.000,1.000,50.240
2510389643,2026-08-17 20:00:00,236.290,235.660,235.780,18.230,18.180,6.970,9.670,3.780,4.250,1.630,-0.920,-0.280,-0.450,-0.170,0.995,50.220
2510389931,2026-08-17 20:00:00,235.460,234.750,235.050,18.260,9.980,24.750,12.360,4.260,2.320,5.770,-1.390,-0.450,-0.290,-0.640,0.993,50.220
2510633381,2026-08-17 20:00:00,237.570,236.290,236.500,0.180,0.150,0.070,0.093,0.041,0.035,0.016,-0.016,-0.008,-0.006,-0.001,0.980,50.200
2510633383,2026-08-17 20:00:00,233.300,233.580,234.520,0.110,0.080,0.090,0.019,0.007,0.001,0.010,-0.063,-0.024,-0.019,-0.019,0.296,50.200
2510633385,2026-08-17 20:00:00,236.140,235.600,235.670,0.400,0.400,0.400,0.282,0.094,0.092,0.094,-0.017,-0.010,-0.013,0.006,0.997,50.200
2510633387,2026-08-17 20:00:00,233.190,234.170,232.920,0.010,0.000,0.000,0.002,0.002,0.000,0.000,0.000,0.000,0.000,0.000,1.000,50.190
2510633389,2026-08-17 20:00:00,235.680,235.960,235.330,0.130,0.170,0.180,0.084,0.016,0.031,0.035,-0.081,-0.027,-0.028,-0.025,0.698,50.200
2510633390,2026-08-17 20:00:00,236.180,237.530,235.980,1.290,1.380,1.440,0.826,0.258,0.282,0.285,0.260,0.074,0.084,0.101,0.957,50.210
2510633391,2026-08-17 20:00:00,123.010,122.330,122.490,0.000,0.000,0.000,0.000,0.000,0.000,0.000,0.000,0.000,0.000,0.000,1.000,50.220
2510633393,2026-08-17 20:00:00,233.520,233.860,234.050,1.740,1.740,1.750,1.169,0.388,0.391,0.389,0.305,0.107,0.088,0.110,0.967,50.180
2510633395,2026-08-17 20:00:00,233.450,234.190,233.000,0.000,0.000,0.000,0.000,0.000,0.000,0.000,0.000,0.000,0.000,0.000,1.000,50.190
2510633396,2026-08-17 20:00:00,234.390,233.190,233.880,0.220,0.270,0.230,0.158,0.048,0.060,0.049,0.063,0.021,0.020,0.020,0.926,50.200
2510633397,2026-08-17 20:00:00,243.700,242.160,242.420,0.100,0.240,0.300,0.137,0.017,0.052,0.068,-0.010,-0.002,-0.003,-0.003,1.000,50.210
2510633399,2026-08-17 20:00:00,228.960,228.130,230.020,0.500,0.650,0.720,0.430,0.115,0.148,0.166,-0.001,0.002,-0.002,-0.001,0.999,50.200
2510633400,2026-08-17 20:00:00,227.670,229.640,228.450,0.190,0.230,0.220,0.147,0.044,0.054,0.048,0.047,0.013,0.016,0.016,0.950,50.210
2510633402,2026-08-17 20:00:00,230.820,231.050,233.070,0.360,0.380,0.390,0.253,0.081,0.085,0.086,0.067,0.021,0.020,0.024,0.938,50.190
2510633406,2026-08-17 20:00:00,229.130,228.290,230.210,0.170,0.200,0.200,0.123,0.036,0.043,0.043,-0.038,-0.011,-0.013,-0.013,0.951,50.190
2510633410,2026-08-17 20:00:00,228.970,228.220,230.060,0.060,0.130,0.050,0.053,0.013,0.029,0.010,-0.009,-0.001,-0.004,-0.003,0.992,50.190
2510814977,2026-08-17 20:00:00,231.450,233.360,231.100,0.020,0.020,0.020,0.012,0.003,0.004,0.004,-0.002,0.000,-0.001,-0.001,0.994,50.200
2610026950,2026-08-17 20:00:00,230.120,228.890,228.280,0.000,0.000,0.010,0.003,0.000,0.000,0.001,0.000,0.000,0.000,0.000,1.000,50.190
2610026952,2026-08-17 20:00:00,227.160,226.020,226.700,5.360,5.160,5.180,3.126,1.066,1.016,1.043,1.660,0.575,0.558,0.525,0.883,50.200
2610026953,2026-08-17 20:00:00,235.300,234.560,234.880,0.460,0.510,0.440,0.301,0.104,0.104,0.084,0.108,0.036,0.037,0.034,0.942,50.180
2610026963,2026-08-17 20:00:00,233.150,233.310,234.380,0.200,0.120,0.110,0.088,0.043,0.024,0.021,-0.045,-0.017,-0.013,-0.013,0.887,50.200
2610026966,2026-08-17 20:00:00,228.120,228.480,228.070,0.060,0.070,0.070,0.043,0.012,0.016,0.014,0.014,0.004,0.002,0.007,0.954,50.190
2610026976,2026-08-17 20:00:00,233.650,233.740,234.880,0.170,0.400,0.150,0.172,0.038,0.100,0.033,-0.002,-0.005,0.005,-0.002,1.000,50.190
2610026977,2026-08-17 20:00:00,239.060,239.040,238.530,0.250,0.710,0.890,0.438,0.055,0.169,0.212,0.019,0.018,0.001,0.000,0.998,50.220
2610126270,2026-08-17 20:00:00,228.380,230.140,229.120,0.020,0.010,0.010,0.008,0.004,0.001,0.001,-0.004,-0.002,-0.001,-0.001,0.894,50.220
2610126451,2026-08-17 20:00:00,233.610,234.440,233.220,0.010,0.010,0.080,0.023,0.002,0.002,0.019,0.000,0.000,0.000,0.000,0.985,50.190
2610159557,2026-08-17 20:00:00,237.350,236.030,236.150,0.020,0.010,0.010,0.006,0.003,0.000,0.002,-0.004,-0.002,0.000,0.000,0.787,50.190
2610170786,2026-08-17 20:00:00,235.970,236.020,237.150,1.050,1.020,1.080,0.645,0.221,0.204,0.219,0.145,0.046,0.046,0.053,0.976,50.230
2610170836,2026-08-17 20:00:00,232.430,233.310,232.020,0.020,0.070,0.090,0.044,0.004,0.018,0.026,0.002,-0.001,0.002,0.001,0.998,50.210
2610170837,2026-08-17 20:00:00,233.330,230.830,231.260,0.000,0.000,0.040,0.010,0.000,0.001,0.009,0.000,0.000,0.000,0.000,0.964,50.210
2610170838,2026-08-17 20:00:00,237.370,235.990,236.260,0.020,0.030,0.000,0.012,0.005,0.006,0.000,0.000,0.000,0.000,0.000,1.000,50.220
2610170840,2026-08-17 20:00:00,235.540,234.820,235.170,0.460,0.250,0.620,0.310,0.107,0.058,0.145,-0.035,-0.011,-0.007,-0.016,0.992,50.220
2610322967,2026-08-17 20:00:00,237.670,236.230,236.180,0.000,0.000,0.010,0.003,0.000,0.000,0.003,0.000,0.000,0.000,0.000,1.000,50.190
2610322969,2026-08-17 20:00:00,230.170,229.090,228.220,0.060,0.010,0.010,0.016,0.012,0.002,0.002,-0.002,0.000,-0.001,0.000,0.994,50.200
2610322997,2026-08-17 20:00:00,231.060,232.290,230.290,0.910,1.030,0.750,0.643,0.233,0.260,0.192,0.200,0.017,0.100,0.082,0.953,50.210
2610323001,2026-08-17 20:00:00,230.180,228.480,228.530,2.510,1.990,2.250,1.347,0.511,0.387,0.449,0.710,0.248,0.231,0.230,0.884,50.210
2610323004,2026-08-17 20:00:00,64.270,63.550,64.230,0.170,0.140,0.160,0.028,0.009,0.008,0.010,0.009,0.004,0.002,0.002,0.945,50.210
2610323005,2026-08-17 20:00:00,228.490,230.270,229.220,0.000,0.000,0.000,0.001,0.000,0.001,0.000,0.000,0.000,0.000,0.000,0.938,50.210
2610323016,2026-08-17 20:00:00,229.370,227.440,227.780,3.120,2.980,2.970,1.860,0.647,0.605,0.607,0.870,0.291,0.292,0.286,0.906,50.210
2610323019,2026-08-17 20:00:00,228.310,230.340,229.180,0.020,0.020,0.030,0.014,0.004,0.004,0.005,-0.006,-0.001,-0.001,-0.002,0.924,50.220
2610323024,2026-08-17 20:00:00,231.110,231.840,233.370,0.100,0.440,0.380,0.207,0.024,0.096,0.087,0.010,0.001,0.000,0.008,0.999,50.220
2510203106,2026-08-17 20:01:00,235.720,235.130,235.440,0.040,0.010,0.000,0.011,0.007,0.003,0.000,-0.004,-0.003,0.000,0.000,0.947,50.200
2510203111,2026-08-17 20:01:00,232.320,232.790,233.700,1.770,1.670,1.940,1.175,0.376,0.365,0.432,0.269,0.110,0.082,0.077,0.975,50.180
2510203115,2026-08-17 20:01:00,233.940,234.300,234.380,0.000,0.000,0.000,0.000,0.000,0.000,0.000,0.000,0.000,0.000,0.000,1.000,50.170
2510317516,2026-08-17 20:01:00,229.090,228.180,230.100,0.000,0.000,0.000,0.000,0.000,0.000,0.000,0.000,0.000,0.000,0.000,1.000,50.180
2510633386,2026-08-17 20:01:00,225.000,225.080,226.210,1.130,1.160,1.140,0.125,0.042,0.040,0.042,-0.715,-0.234,-0.241,-0.240,0.168,50.170
2510633411,2026-08-17 20:01:00,226.820,225.530,224.730,1.850,1.690,1.730,1.089,0.392,0.349,0.360,0.394,0.127,0.136,0.130,0.940,50.170
2510317537,2026-08-17 20:02:00,235.330,235.480,236.370,3.240,3.430,3.230,2.050,0.680,0.690,0.670,-0.350,-0.100,-0.110,-0.100,0.988,50.170
2246006313,2026-08-17 20:30:00,58.400,58.200,57.900,1.022,1.024,0.968,0.170,0.058,0.058,0.055,0.023,0.009,0.006,0.007,0.991,50.130
2410121326,2026-08-17 20:30:00,235.730,234.360,234.810,0.350,0.360,0.380,0.250,0.082,0.082,0.085,0.014,0.001,0.005,0.008,0.998,50.120
2410121353,2026-08-17 20:30:00,236.130,234.830,235.280,0.000,0.010,0.040,0.012,0.000,0.002,0.009,-0.001,0.000,0.000,0.000,0.979,50.120
2410121371,2026-08-17 20:30:00,236.120,234.740,235.150,0.060,0.010,0.050,0.028,0.014,0.000,0.013,-0.002,0.000,-0.001,-0.001,0.982,50.130
2410121424,2026-08-17 20:30:00,236.130,234.870,235.330,0.010,0.010,0.010,0.004,0.000,0.001,0.002,-0.003,-0.001,-0.001,0.000,0.778,50.120
2410121440,2026-08-17 20:30:00,235.720,234.440,234.840,0.010,0.000,0.010,0.004,0.002,0.000,0.001,-0.002,-0.001,0.000,0.000,0.875,50.130
2410121454,2026-08-17 20:30:00,235.360,236.280,234.910,0.070,0.200,0.190,0.106,0.015,0.046,0.044,0.018,0.006,0.005,0.007,0.984,50.120
2410121457,2026-08-17 20:30:00,234.160,232.640,233.400,1.730,1.770,1.700,1.165,0.387,0.393,0.384,0.256,0.090,0.098,0.067,0.976,50.110
2410121574,2026-08-17 20:30:00,235.930,234.420,234.810,0.170,0.130,0.150,0.094,0.037,0.025,0.031,-0.044,-0.012,-0.018,-0.013,0.909,50.130
2410131378,2026-08-17 20:30:00,234.860,235.640,234.430,0.350,0.400,0.370,0.344,0.108,0.125,0.100,0.101,0.030,0.034,0.037,0.960,50.120
2410131383,2026-08-17 20:30:00,236.380,236.810,236.340,0.050,0.020,0.070,0.031,0.010,0.005,0.015,-0.005,-0.001,-0.001,-0.002,0.979,50.120
2410131384,2026-08-17 20:30:00,232.820,233.790,232.870,1.250,1.370,1.420,0.894,0.271,0.304,0.262,0.232,0.084,0.079,0.068,0.969,50.160
2410131387,2026-08-17 20:30:00,233.400,233.620,234.350,0.120,0.120,0.100,0.078,0.028,0.027,0.022,-0.005,-0.005,0.002,-0.002,1.000,50.160
2410320615,2026-08-17 20:30:00,235.550,235.440,236.570,1.970,1.910,2.040,1.398,0.474,0.432,0.491,0.184,0.049,0.070,0.063,0.993,50.180
2410883988,2026-08-17 20:30:00,230.930,232.770,231.650,0.020,0.000,0.040,0.013,0.004,0.000,0.009,0.000,0.000,0.000,0.000,0.964,50.070
2410883990,2026-08-17 20:30:00,232.270,231.150,230.310,0.080,0.000,0.080,0.038,0.019,0.000,0.018,0.004,0.002,0.000,0.002,1.000,50.090
2410883991,2026-08-17 20:30:00,232.980,233.230,234.300,0.180,0.150,0.250,0.133,0.041,0.034,0.057,-0.007,0.000,-0.002,-0.004,1.000,50.160
2410883993,2026-08-17 20:30:00,233.260,232.250,232.460,1.250,1.390,1.260,0.906,0.293,0.322,0.291,-0.074,-0.013,-0.030,-0.030,0.997,50.090
2410883994,2026-08-17 20:30:00,234.140,232.860,233.260,0.010,0.050,0.020,0.018,0.002,0.011,0.005,-0.001,0.000,0.000,0.000,0.992,50.140
2410932742,2026-08-17 20:30:00,227.280,225.050,225.350,3.580,3.480,3.700,2.261,0.758,0.727,0.776,0.659,0.227,0.207,0.224,0.960,50.140
2411087432,2026-08-17 20:30:00,235.120,236.070,234.670,1.630,1.640,1.720,1.132,0.370,0.368,0.392,0.003,0.002,-0.010,0.011,1.000,50.070
2411087433,2026-08-17 20:30:00,233.000,233.140,234.160,0.500,0.520,0.520,0.367,0.118,0.124,0.124,0.001,0.003,-0.006,0.003,0.999,50.100
2411290205,2026-08-17 20:30:00,236.990,236.400,236.420,0.480,0.510,0.500,0.331,0.112,0.112,0.106,-0.143,-0.046,-0.046,-0.054,0.929,50.150
2510014481,2026-08-17 20:30:00,225.630,226.060,227.780,1.960,1.800,1.920,1.150,0.403,0.357,0.389,0.604,0.203,0.201,0.198,0.889,50.110
2510014482,2026-08-17 20:30:00,234.770,235.640,234.270,0.010,0.110,0.000,0.028,0.002,0.026,0.000,-0.002,-0.002,0.000,0.000,0.984,50.070
2510014483,2026-08-17 20:30:00,232.670,232.810,233.810,0.050,0.030,0.050,0.024,0.009,0.005,0.009,-0.020,-0.006,-0.005,-0.008,0.758,50.090
2510014484,2026-08-17 20:30:00,235.270,234.720,234.980,1.810,1.970,1.600,1.188,0.401,0.457,0.373,0.435,0.151,0.143,0.140,0.938,50.070
2510178139,2026-08-17 20:30:00,235.080,235.980,234.600,0.260,0.240,0.250,0.156,0.052,0.049,0.054,0.074,0.028,0.025,0.019,0.905,50.120
2510178141,2026-08-17 20:30:00,234.490,234.920,235.730,0.020,0.010,0.020,0.007,0.002,0.000,0.004,-0.009,-0.004,-0.001,-0.002,0.667,50.080
2510203103,2026-08-17 20:30:00,224.900,222.660,223.100,0.450,0.490,0.550,0.319,0.110,0.098,0.110,-0.117,-0.036,-0.038,-0.042,0.938,50.180
2510203104,2026-08-17 20:30:00,226.930,227.070,228.000,0.710,0.510,0.400,0.345,0.156,0.099,0.089,0.044,0.010,0.012,0.020,0.992,50.110
2510203105,2026-08-17 20:30:00,230.330,227.910,228.550,0.020,0.110,0.010,0.032,0.003,0.025,0.003,0.003,0.000,0.004,0.000,1.000,50.110
2510203107,2026-08-17 20:30:00,225.190,224.670,224.690,0.140,0.140,0.120,0.081,0.027,0.028,0.024,-0.041,-0.015,-0.013,-0.013,0.890,50.090
2510203108,2026-08-17 20:30:00,235.010,235.490,234.250,0.910,1.500,1.990,1.000,0.206,0.345,0.448,0.104,0.031,0.048,0.024,0.994,50.170
2510203109,2026-08-17 20:30:00,232.900,234.010,232.820,0.290,0.220,0.300,0.187,0.067,0.051,0.068,-0.003,0.010,-0.006,-0.007,0.998,50.120
2510203111,2026-08-17 20:30:00,233.950,234.540,235.300,1.800,1.520,1.800,1.000,0.321,0.308,0.371,0.259,0.107,0.077,0.074,0.971,50.140
2510203113,2026-08-17 20:30:00,236.010,236.520,236.140,0.550,0.630,0.600,0.406,0.129,0.142,0.135,0.020,0.009,0.004,0.006,0.997,50.070
2510203114,2026-08-17 20:30:00,226.870,227.180,228.060,0.340,0.240,0.220,0.210,0.094,0.067,0.048,0.018,0.005,0.002,0.010,0.996,50.120
2510203117,2026-08-17 20:30:00,232.750,231.610,230.780,0.450,0.420,0.260,0.257,0.103,0.096,0.057,-0.037,-0.011,-0.013,-0.012,0.988,50.160
2510203118,2026-08-17 20:30:00,122.760,122.750,123.350,0.170,0.150,0.150,0.054,0.020,0.017,0.016,-0.017,-0.006,-0.003,-0.007,0.949,50.100
2510203119,2026-08-17 20:30:00,232.810,231.650,230.820,0.000,0.000,0.000,0.000,0.000,0.000,0.000,0.000,0.000,0.000,0.000,1.000,50.180
2510203120,2026-08-17 20:30:00,234.000,232.810,233.090,0.590,0.440,0.440,0.323,0.130,0.094,0.098,0.110,0.043,0.037,0.028,0.947,50.160
2510203121,2026-08-17 20:30:00,231.070,230.340,232.200,0.520,0.410,0.490,0.327,0.119,0.093,0.115,0.000,0.008,-0.003,-0.004,0.999,50.120
2510203122,2026-08-17 20:30:00,234.750,235.760,234.370,0.080,0.020,0.000,0.018,0.013,0.004,0.000,0.011,0.013,-0.002,0.000,0.861,50.070
2510203123,2026-08-17 20:30:00,233.730,234.170,235.040,0.460,0.710,0.660,0.426,0.086,0.182,0.157,0.163,0.048,0.045,0.069,0.936,50.090
2510203124,2026-08-17 20:30:00,235.280,235.750,234.470,0.120,0.130,0.140,0.088,0.027,0.027,0.031,0.031,0.009,0.010,0.010,0.941,50.120
2510203125,2026-08-17 20:30:00,236.190,236.200,236.730,0.080,0.100,0.130,0.039,0.004,0.009,0.025,-0.054,-0.017,-0.020,-0.016,0.597,50.110
2510203126,2026-08-17 20:30:00,231.360,230.480,232.520,0.040,0.020,0.000,0.012,0.008,0.004,0.000,0.000,0.000,0.000,0.000,0.980,50.120
2510203127,2026-08-17 20:30:00,234.530,235.480,234.150,0.040,0.010,0.030,0.018,0.009,0.002,0.006,-0.006,0.000,0.000,-0.005,0.948,50.110
2510203128,2026-08-17 20:30:00,232.940,233.470,231.790,1.980,2.020,2.050,1.365,0.449,0.457,0.458,0.094,0.006,0.033,0.055,0.997,50.190
2510203130,2026-08-17 20:30:00,239.990,240.360,242.300,0.000,0.010,0.040,0.011,0.000,0.001,0.009,0.001,0.000,0.000,0.002,0.966,50.120
2510203133,2026-08-17 20:30:00,234.550,235.430,234.130,0.160,0.170,0.140,0.086,0.031,0.034,0.021,0.066,0.022,0.020,0.023,0.796,50.130
2510203134,2026-08-17 20:30:00,234.450,233.220,233.300,0.020,0.010,0.010,0.007,0.004,0.002,0.001,-0.001,0.000,-0.001,0.000,0.965,50.140
2510224049,2026-08-17 20:30:00,230.150,232.050,231.050,20.820,18.430,13.200,11.040,4.100,4.020,2.910,-2.320,-0.750,-0.920,-0.640,0.978,50.090
2510224167,2026-08-17 20:30:00,230.880,229.960,232.010,10.320,11.740,11.850,7.410,2.260,2.550,2.590,-2.270,-0.670,-0.790,-0.810,0.955,50.070
2510317505,2026-08-17 20:30:00,230.940,230.210,232.080,22.780,9.660,7.370,8.740,5.120,2.130,1.490,-1.830,-0.580,-0.580,-0.660,0.978,50.080
2510317516,2026-08-17 20:30:00,231.400,230.490,232.450,0.000,0.000,0.000,0.000,0.000,0.000,0.000,0.000,0.000,0.000,0.000,1.000,50.070
2510317537,2026-08-17 20:30:00,232.520,232.590,233.440,2.950,2.770,2.680,2.040,0.690,0.670,0.670,-0.320,-0.100,-0.100,-0.100,0.986,50.070
2510389559,2026-08-17 20:30:00,237.100,236.520,236.480,0.000,0.000,0.000,0.000,0.000,0.000,0.000,0.000,0.000,0.000,0.000,1.000,50.060
2510389643,2026-08-17 20:30:00,237.050,236.460,236.440,17.730,18.180,6.950,9.460,3.560,4.270,1.630,-0.890,-0.250,-0.460,-0.170,0.995,50.080
2510389931,2026-08-17 20:30:00,235.080,234.730,234.690,18.330,10.000,24.860,12.390,4.270,2.320,5.790,-1.380,-0.440,-0.290,-0.630,0.993,50.090
2510633381,2026-08-17 20:30:00,233.830,232.650,232.870,0.050,0.100,0.010,0.034,0.010,0.021,0.003,-0.009,-0.004,-0.004,0.000,0.970,50.100
2510633383,2026-08-17 20:30:00,234.440,234.890,235.690,0.110,0.080,0.090,0.018,0.006,0.002,0.010,-0.063,-0.024,-0.019,-0.019,0.281,50.110
2510633385,2026-08-17 20:30:00,236.820,236.220,236.100,0.400,0.440,0.390,0.276,0.091,0.093,0.092,-0.015,-0.008,-0.013,0.006,0.998,50.120
2510633386,2026-08-17 20:30:00,222.380,222.450,223.490,1.120,1.160,1.130,0.148,0.050,0.047,0.047,-0.694,-0.227,-0.234,-0.232,0.219,50.120
2510633387,2026-08-17 20:30:00,234.590,235.550,234.240,0.010,0.000,0.000,0.002,0.002,0.000,0.000,0.000,0.000,0.000,0.000,1.000,50.110
2510633389,2026-08-17 20:30:00,236.160,236.690,235.960,0.160,0.190,0.170,0.089,0.025,0.033,0.031,-0.083,-0.028,-0.029,-0.025,0.737,50.120
2510633390,2026-08-17 20:30:00,232.840,234.050,232.600,1.460,1.580,1.590,0.963,0.293,0.340,0.329,0.252,0.064,0.070,0.118,0.968,50.120
2510633391,2026-08-17 20:30:00,123.730,123.050,123.270,0.000,0.000,0.000,0.000,0.000,0.000,0.000,0.000,0.000,0.000,0.000,1.000,50.120
2510633393,2026-08-17 20:30:00,234.430,234.610,234.990,1.710,1.700,1.710,1.104,0.365,0.370,0.369,0.299,0.106,0.085,0.108,0.965,50.120
2510633395,2026-08-17 20:30:00,235.030,235.800,234.460,0.000,0.000,0.000,0.000,0.000,0.000,0.000,0.000,0.000,0.000,0.000,1.000,50.120
2510633396,2026-08-17 20:30:00,235.610,234.330,235.130,0.220,0.270,0.220,0.150,0.046,0.057,0.046,0.062,0.021,0.020,0.020,0.924,50.120
2510633397,2026-08-17 20:30:00,240.130,238.770,239.030,0.040,0.060,0.080,0.043,0.009,0.015,0.018,0.001,-0.001,0.000,0.002,0.989,50.120
2510633399,2026-08-17 20:30:00,230.920,229.990,232.050,0.510,0.660,0.660,0.421,0.116,0.152,0.152,0.000,0.001,0.000,0.000,0.999,50.100
2510633400,2026-08-17 20:30:00,230.050,232.050,230.830,0.210,0.230,0.210,0.144,0.042,0.053,0.047,0.049,0.014,0.017,0.017,0.936,50.120
2510633402,2026-08-17 20:30:00,227.770,228.130,229.980,0.320,0.340,0.390,0.201,0.063,0.068,0.069,0.080,0.024,0.024,0.030,0.952,50.130
2510633406,2026-08-17 20:30:00,231.180,230.190,232.270,0.170,0.200,0.200,0.124,0.037,0.043,0.043,-0.039,-0.011,-0.013,-0.013,0.950,50.100
2510633410,2026-08-17 20:30:00,231.070,230.190,232.180,0.060,0.120,0.030,0.047,0.013,0.028,0.005,-0.008,-0.001,-0.004,-0.002,0.975,50.100
2510633411,2026-08-17 20:30:00,229.600,228.150,227.390,2.110,2.040,2.070,1.314,0.456,0.425,0.432,0.493,0.157,0.169,0.167,0.935,50.120
2510814977,2026-08-17 20:30:00,228.040,229.760,227.670,0.020,0.020,0.020,0.012,0.004,0.003,0.004,-0.003,0.000,-0.001,-0.001,0.992,50.090
2610026950,2026-08-17 20:30:00,232.260,231.040,230.190,0.000,0.000,0.010,0.003,0.000,0.000,0.001,0.000,0.000,0.000,0.000,1.000,50.090
2610026952,2026-08-17 20:30:00,234.890,233.400,233.870,0.790,0.830,0.780,0.476,0.158,0.163,0.154,0.274,0.089,0.093,0.090,0.866,50.090
2610026953,2026-08-17 20:30:00,236.060,235.250,235.470,0.440,0.470,0.440,0.331,0.111,0.122,0.116,0.115,0.038,0.041,0.034,0.937,50.100
2610026963,2026-08-17 20:30:00,234.800,235.090,236.030,0.170,0.110,0.110,0.077,0.035,0.021,0.020,-0.049,-0.019,-0.014,-0.014,0.847,50.120
2610026966,2026-08-17 20:30:00,231.240,231.470,231.190,0.060,0.070,0.070,0.041,0.011,0.015,0.013,0.016,0.004,0.003,0.008,0.920,50.120
2610026976,2026-08-17 20:30:00,234.530,234.940,235.920,0.220,0.240,0.140,0.141,0.050,0.056,0.033,-0.004,-0.001,0.000,-0.002,0.996,50.110
2610026977,2026-08-17 20:30:00,242.150,242.010,241.720,0.240,0.700,0.880,0.436,0.055,0.168,0.212,0.021,0.018,0.002,0.000,0.998,50.120
2610126270,2026-08-17 20:30:00,230.290,232.080,231.100,0.040,0.010,0.010,0.011,0.008,0.001,0.001,-0.004,-0.002,-0.001,-0.001,0.896,50.090
2610126451,2026-08-17 20:30:00,235.120,235.870,234.540,0.010,0.010,0.100,0.027,0.002,0.001,0.023,0.000,0.000,0.000,0.000,1.000,50.100
2610159557,2026-08-17 20:30:00,233.940,232.740,232.840,0.020,0.010,0.010,0.005,0.003,0.000,0.001,-0.004,-0.002,0.000,0.000,0.738,50.100
2610170786,2026-08-17 20:30:00,232.560,232.640,233.600,1.070,1.120,1.170,0.742,0.251,0.240,0.250,0.139,0.043,0.047,0.050,0.981,50.080
2610170836,2026-08-17 20:30:00,234.250,235.080,233.760,0.010,0.100,0.130,0.056,0.001,0.024,0.021,0.002,-0.001,0.002,0.002,0.997,50.090
2610170837,2026-08-17 20:30:00,229.860,227.560,227.940,0.000,0.000,0.020,0.006,0.000,0.001,0.005,0.000,0.000,0.000,0.000,0.987,50.090
2610170838,2026-08-17 20:30:00,233.860,232.540,232.860,0.040,0.050,0.000,0.021,0.010,0.011,0.000,0.000,0.000,0.000,0.000,0.985,50.070
2610170840,2026-08-17 20:30:00,235.120,234.700,234.770,1.470,1.110,1.460,0.911,0.335,0.243,0.332,0.252,0.085,0.087,0.079,0.963,50.080
2610322967,2026-08-17 20:30:00,234.200,232.880,232.820,0.000,0.000,0.010,0.002,0.000,0.000,0.002,0.000,0.000,0.000,0.000,0.840,50.100
2610322969,2026-08-17 20:30:00,232.220,231.100,230.190,0.050,0.010,0.010,0.015,0.012,0.001,0.002,-0.001,0.000,0.000,0.000,0.994,50.090
2610322997,2026-08-17 20:30:00,227.530,228.510,226.640,0.980,1.120,0.770,0.594,0.212,0.217,0.143,0.208,0.028,0.102,0.077,0.941,50.120
2610323001,2026-08-17 20:30:00,228.860,226.790,227.150,1.110,0.890,0.940,0.632,0.237,0.190,0.203,0.163,0.057,0.057,0.048,0.968,50.090
2610323004,2026-08-17 20:30:00,63.310,62.620,63.270,0.160,0.140,0.160,0.028,0.009,0.008,0.010,0.008,0.003,0.002,0.002,0.966,50.100
2610323005,2026-08-17 20:30:00,230.260,232.100,231.030,0.000,0.000,0.000,0.001,0.000,0.001,0.000,0.000,0.000,0.000,0.000,0.932,50.090
2610323016,2026-08-17 20:30:00,226.160,224.380,224.690,3.120,2.940,2.920,1.831,0.644,0.595,0.591,0.783,0.261,0.261,0.260,0.919,50.090
2610323019,2026-08-17 20:30:00,229.970,232.180,231.120,0.020,0.020,0.030,0.014,0.004,0.004,0.005,-0.005,-0.001,-0.001,-0.002,0.926,50.090
2610323024,2026-08-17 20:30:00,227.760,228.470,229.890,0.140,0.470,0.350,0.215,0.030,0.106,0.078,0.025,0.008,0.005,0.011,0.993,50.090
2510203106,2026-08-17 20:31:00,236.390,235.740,235.800,0.040,0.010,0.000,0.011,0.007,0.003,0.000,-0.004,-0.003,0.000,0.000,0.934,50.120
2510203115,2026-08-17 20:31:00,234.920,235.100,235.330,0.000,0.000,0.000,0.000,0.000,0.000,0.000,0.000,0.000,0.000,0.000,1.000,50.130
2246006313,2026-08-17 21:00:00,58.500,58.300,58.100,1.025,1.023,0.987,0.172,0.058,0.058,0.055,0.025,0.009,0.007,0.008,0.989,50.170
2410121353,2026-08-17 21:00:00,237.060,235.840,236.240,0.000,0.010,0.040,0.012,0.000,0.002,0.009,-0.001,0.000,0.000,0.000,0.977,50.170
2410121371,2026-08-17 21:00:00,237.350,236.090,236.400,0.040,0.010,0.060,0.024,0.009,0.000,0.014,-0.002,0.000,-0.001,-0.001,0.985,50.210
2410121424,2026-08-17 21:00:00,237.160,235.910,236.420,0.010,0.010,0.010,0.004,0.000,0.001,0.002,-0.003,-0.001,-0.001,0.000,0.784,50.210
2410121440,2026-08-17 21:00:00,236.410,235.210,235.520,0.010,0.000,0.010,0.004,0.002,0.000,0.001,-0.002,-0.001,0.000,0.000,0.877,50.220
2410121454,2026-08-17 21:00:00,236.410,237.290,236.040,0.070,0.200,0.170,0.103,0.016,0.047,0.039,0.020,0.006,0.006,0.007,0.983,50.210
2410121574,2026-08-17 21:00:00,237.310,235.870,236.160,0.170,0.140,0.150,0.097,0.038,0.026,0.032,-0.044,-0.012,-0.018,-0.013,0.906,50.180
2410131383,2026-08-17 21:00:00,235.690,236.190,235.540,0.050,0.030,0.060,0.033,0.012,0.007,0.013,-0.003,0.000,-0.001,-0.001,0.986,50.170
2410131384,2026-08-17 21:00:00,237.630,238.620,237.780,1.440,1.550,1.300,0.913,0.282,0.330,0.300,0.259,0.085,0.095,0.077,0.963,50.140
2410131387,2026-08-17 21:00:00,231.620,231.940,232.640,0.070,0.070,0.050,0.039,0.014,0.015,0.010,-0.008,-0.006,0.001,-0.003,0.969,50.160
2410320615,2026-08-17 21:00:00,234.560,234.490,235.740,2.100,2.060,2.140,1.295,0.433,0.397,0.464,0.183,0.052,0.066,0.064,0.989,50.150
2410883988,2026-08-17 21:00:00,231.450,233.070,232.280,0.020,0.000,0.040,0.014,0.004,0.000,0.009,0.000,0.000,0.000,0.000,1.000,50.170
2410883990,2026-08-17 21:00:00,232.680,231.690,230.900,0.080,0.000,0.090,0.039,0.019,0.000,0.020,0.004,0.002,0.000,0.002,0.985,50.150
2410883991,2026-08-17 21:00:00,238.270,238.350,239.480,0.210,0.140,0.180,0.126,0.051,0.032,0.043,-0.008,-0.002,-0.002,-0.004,0.998,50.160
2410883993,2026-08-17 21:00:00,238.770,237.720,237.870,1.240,1.280,1.290,0.895,0.292,0.298,0.304,-0.062,-0.011,-0.029,-0.021,0.997,50.150
2410883994,2026-08-17 21:00:00,239.520,238.350,238.560,0.010,0.050,0.020,0.018,0.002,0.011,0.005,-0.001,0.000,0.000,0.000,0.994,50.170
2410932742,2026-08-17 21:00:00,228.300,226.070,226.360,3.570,3.470,3.680,2.262,0.758,0.729,0.774,0.669,0.231,0.210,0.227,0.958,50.190
2411087432,2026-08-17 21:00:00,235.410,236.280,235.120,0.470,0.350,0.450,0.282,0.104,0.080,0.097,0.001,0.012,-0.005,-0.004,0.998,50.190
2411087433,2026-08-17 21:00:00,238.530,238.700,239.710,0.470,0.490,0.490,0.369,0.119,0.124,0.124,-0.010,0.001,-0.010,0.000,0.999,50.160
2411290205,2026-08-17 21:00:00,236.080,235.280,235.330,0.220,0.190,0.170,0.135,0.051,0.044,0.039,0.011,0.005,0.003,0.001,0.995,50.160
2510014481,2026-08-17 21:00:00,227.030,227.400,228.930,1.700,1.490,1.780,1.317,0.405,0.391,0.431,0.613,0.206,0.201,0.205,0.882,50.160
2510014482,2026-08-17 21:00:00,235.540,236.300,235.110,0.010,0.040,0.000,0.012,0.002,0.009,0.000,-0.002,-0.002,0.000,0.000,1.000,50.190
2510014483,2026-08-17 21:00:00,238.240,238.300,239.340,0.050,0.040,0.060,0.029,0.011,0.008,0.010,-0.020,-0.006,-0.005,-0.008,0.813,50.150
2510014484,2026-08-17 21:00:00,234.920,234.000,234.340,1.460,1.740,1.280,0.935,0.275,0.365,0.294,0.384,0.136,0.126,0.121,0.927,50.170
2510178139,2026-08-17 21:00:00,236.010,236.770,235.520,0.650,0.620,0.620,0.444,0.148,0.145,0.150,0.111,0.038,0.037,0.028,0.976,50.180
2510178141,2026-08-17 21:00:00,235.410,235.720,236.540,0.020,0.010,0.020,0.008,0.002,0.000,0.004,-0.009,-0.004,-0.001,-0.003,0.669,50.160
2510203103,2026-08-17 21:00:00,225.440,223.320,223.650,0.570,0.500,0.550,0.299,0.115,0.094,0.095,-0.125,-0.038,-0.041,-0.044,0.943,50.150
2510203104,2026-08-17 21:00:00,232.450,232.340,233.390,0.680,0.470,0.390,0.376,0.172,0.103,0.100,0.062,0.015,0.019,0.027,0.987,50.160
2510203105,2026-08-17 21:00:00,231.500,229.110,229.710,0.010,0.110,0.010,0.031,0.003,0.025,0.003,0.003,0.000,0.004,0.000,0.991,50.170
2510203107,2026-08-17 21:00:00,224.890,224.150,224.250,0.140,0.140,0.120,0.080,0.028,0.028,0.024,-0.041,-0.014,-0.013,-0.013,0.891,50.150
2510203108,2026-08-17 21:00:00,235.680,236.100,234.910,0.980,1.530,1.890,1.004,0.221,0.358,0.425,0.099,0.034,0.040,0.024,0.994,50.160
2510203109,2026-08-17 21:00:00,238.290,239.440,238.270,0.260,0.080,0.170,0.119,0.061,0.019,0.038,0.002,0.013,-0.002,-0.007,1.000,50.190
2510203111,2026-08-17 21:00:00,235.140,235.630,236.440,1.390,1.300,1.510,0.908,0.294,0.280,0.333,0.258,0.101,0.086,0.069,0.962,50.140
2510203113,2026-08-17 21:00:00,235.870,236.510,235.920,0.270,0.340,0.330,0.222,0.063,0.080,0.077,-0.011,-0.001,-0.007,-0.002,0.999,50.180
2510203114,2026-08-17 21:00:00,232.310,232.600,233.380,0.450,0.290,0.310,0.242,0.102,0.068,0.071,0.023,0.007,0.003,0.012,0.996,50.190
2510203117,2026-08-17 21:00:00,232.950,232.110,231.220,0.450,0.420,0.260,0.258,0.103,0.096,0.058,-0.038,-0.011,-0.013,-0.013,0.989,50.180
2510203118,2026-08-17 21:00:00,125.650,125.720,126.290,0.160,0.140,0.140,0.052,0.019,0.016,0.016,-0.021,-0.007,-0.005,-0.008,0.924,50.150
2510203119,2026-08-17 21:00:00,232.740,231.840,231.000,0.000,0.000,0.000,0.000,0.000,0.000,0.000,0.000,0.000,0.000,0.000,1.000,50.150
2510203120,2026-08-17 21:00:00,239.000,237.870,238.050,0.640,0.470,0.480,0.355,0.142,0.101,0.111,0.139,0.053,0.045,0.040,0.931,50.170
2510203121,2026-08-17 21:00:00,231.940,231.180,232.890,0.510,0.400,0.520,0.331,0.118,0.093,0.119,0.001,0.008,-0.002,-0.004,1.000,50.180
2510203122,2026-08-17 21:00:00,236.100,236.990,235.760,0.080,0.030,0.000,0.019,0.013,0.006,0.000,0.014,0.014,0.001,0.000,0.797,50.180
2510203123,2026-08-17 21:00:00,235.470,235.840,236.690,0.260,0.520,0.380,0.261,0.058,0.122,0.080,0.072,0.017,0.017,0.037,0.963,50.150
2510203124,2026-08-17 21:00:00,236.540,236.990,235.760,0.120,0.130,0.140,0.086,0.026,0.026,0.030,0.031,0.009,0.010,0.010,0.933,50.190
2510203125,2026-08-17 21:00:00,235.920,236.000,236.690,0.080,0.100,0.130,0.039,0.004,0.009,0.025,-0.054,-0.017,-0.020,-0.016,0.592,50.160
2510203126,2026-08-17 21:00:00,232.350,231.410,233.290,0.040,0.020,0.000,0.013,0.009,0.004,0.000,0.000,0.000,0.000,0.000,0.991,50.210
2510203127,2026-08-17 21:00:00,236.160,237.080,235.910,0.040,0.060,0.030,0.029,0.008,0.015,0.005,-0.006,0.000,0.000,-0.005,0.981,50.210
2510203128,2026-08-17 21:00:00,237.920,238.570,236.870,2.050,2.050,2.060,1.423,0.475,0.473,0.471,0.108,0.010,0.036,0.061,0.996,50.140
2510203130,2026-08-17 21:00:00,241.560,241.820,243.750,0.000,0.010,0.040,0.011,0.000,0.001,0.009,0.001,0.000,0.000,0.002,0.972,50.190
2510203133,2026-08-17 21:00:00,235.900,236.760,235.620,0.030,0.020,0.060,0.039,0.007,0.004,0.027,0.002,0.000,-0.001,0.003,0.994,50.170
2510203134,2026-08-17 21:00:00,239.890,238.670,238.740,0.020,0.010,0.010,0.007,0.004,0.002,0.001,-0.002,0.000,-0.001,0.000,0.984,50.180
2510224049,2026-08-17 21:00:00,230.660,232.440,231.600,21.000,18.380,13.170,11.100,4.150,4.040,2.910,-2.360,-0.770,-0.930,-0.640,0.978,50.150
2510224167,2026-08-17 21:00:00,231.780,230.700,232.610,10.290,11.700,11.830,7.410,2.260,2.550,2.590,-2.280,-0.670,-0.790,-0.810,0.955,50.170
2510317505,2026-08-17 21:00:00,231.630,230.910,232.580,22.550,9.640,7.370,8.710,5.080,2.130,1.490,-1.840,-0.580,-0.580,-0.660,0.978,50.160
2510317516,2026-08-17 21:00:00,232.290,231.280,233.040,0.000,0.000,0.000,0.000,0.000,0.000,0.000,0.000,0.000,0.000,0.000,1.000,50.180
2510389559,2026-08-17 21:00:00,236.930,236.190,236.400,0.000,0.000,0.000,0.000,0.000,0.000,0.000,0.000,0.000,0.000,0.000,1.000,50.180
2510389931,2026-08-17 21:00:00,235.720,234.780,234.910,18.290,10.000,24.840,12.390,4.270,2.320,5.790,-1.390,-0.450,-0.300,-0.640,0.993,50.150
2510633381,2026-08-17 21:00:00,239.620,238.440,238.580,0.050,0.090,0.010,0.032,0.009,0.020,0.003,-0.011,-0.005,-0.005,-0.001,0.944,50.220
2510633383,2026-08-17 21:00:00,235.910,236.190,237.060,0.110,0.080,0.090,0.018,0.007,0.002,0.009,-0.064,-0.024,-0.019,-0.019,0.278,50.210
2510633385,2026-08-17 21:00:00,236.870,236.140,236.360,0.360,0.400,0.400,0.270,0.083,0.092,0.093,-0.030,-0.008,-0.013,-0.008,0.995,50.180
2510633386,2026-08-17 21:00:00,227.820,227.900,228.980,1.130,1.170,1.140,0.132,0.044,0.043,0.046,-0.729,-0.238,-0.246,-0.245,0.175,50.180
2510633387,2026-08-17 21:00:00,235.930,236.860,235.680,0.010,0.020,0.000,0.004,0.002,0.002,0.000,0.002,0.000,0.002,0.000,0.824,50.170
2510633389,2026-08-17 21:00:00,236.020,236.610,235.790,0.140,0.170,0.150,0.068,0.015,0.028,0.024,-0.082,-0.028,-0.028,-0.026,0.633,50.170
2510633390,2026-08-17 21:00:00,238.270,239.540,238.100,1.500,1.720,1.710,1.106,0.336,0.391,0.378,0.279,0.066,0.081,0.130,0.968,50.170
2510633391,2026-08-17 21:00:00,124.230,123.540,123.740,0.000,0.000,0.000,0.000,0.000,0.000,0.000,0.000,0.000,0.000,0.000,1.000,50.180
2510633393,2026-08-17 21:00:00,234.430,234.700,235.120,1.700,1.750,1.710,1.160,0.378,0.397,0.383,0.295,0.104,0.083,0.106,0.968,50.210
2510633395,2026-08-17 21:00:00,236.200,236.920,235.870,0.000,0.000,0.000,0.000,0.000,0.000,0.000,0.000,0.000,0.000,0.000,1.000,50.190
2510633396,2026-08-17 21:00:00,237.000,235.760,236.450,0.210,0.260,0.210,0.148,0.045,0.056,0.046,0.064,0.022,0.021,0.021,0.920,50.210
2510633397,2026-08-17 21:00:00,245.760,244.430,244.560,0.030,0.030,0.020,0.019,0.005,0.008,0.005,-0.004,-0.002,-0.001,0.000,0.966,50.170
2510633399,2026-08-17 21:00:00,231.940,230.900,232.810,0.470,0.580,0.530,0.361,0.106,0.133,0.121,0.004,0.002,0.000,0.001,1.000,50.220
2510633400,2026-08-17 21:00:00,230.600,232.410,231.400,0.190,0.240,0.210,0.137,0.040,0.051,0.044,0.049,0.014,0.017,0.017,0.943,50.170
2510633402,2026-08-17 21:00:00,228.850,229.140,231.080,0.340,0.350,0.340,0.254,0.075,0.076,0.075,0.063,0.020,0.020,0.022,0.966,50.200
2510633406,2026-08-17 21:00:00,231.950,231.020,232.860,0.170,0.200,0.200,0.124,0.037,0.043,0.043,-0.039,-0.011,-0.014,-0.014,0.950,50.160
2510633410,2026-08-17 21:00:00,231.980,231.170,232.890,0.060,0.110,0.040,0.048,0.012,0.026,0.009,-0.008,-0.001,-0.003,-0.003,0.981,50.160
2510633411,2026-08-17 21:00:00,229.880,228.690,227.840,2.190,2.080,2.110,1.334,0.464,0.433,0.436,0.522,0.165,0.179,0.179,0.930,50.190
2510814977,2026-08-17 21:00:00,229.300,230.960,228.930,0.020,0.020,0.020,0.012,0.004,0.003,0.004,-0.003,0.000,-0.001,-0.001,0.973,50.150
2610026950,2026-08-17 21:00:00,232.790,231.710,230.870,0.010,0.000,0.010,0.004,0.002,0.000,0.001,-0.001,0.000,0.000,0.000,1.000,50.150
2610026952,2026-08-17 21:00:00,236.120,234.740,235.150,0.070,0.120,0.090,0.066,0.017,0.027,0.021,0.008,0.002,0.002,0.002,0.994,50.150
2610026953,2026-08-17 21:00:00,235.880,234.940,235.110,0.530,0.510,0.500,0.309,0.099,0.108,0.100,0.117,0.038,0.041,0.036,0.947,50.170
2610026963,2026-08-17 21:00:00,236.170,236.340,237.290,0.180,0.120,0.100,0.079,0.037,0.023,0.019,-0.047,-0.018,-0.014,-0.014,0.860,50.210
2610026966,2026-08-17 21:00:00,231.240,231.300,231.170,0.040,0.080,0.080,0.040,0.008,0.017,0.015,0.016,0.003,0.003,0.008,0.931,50.200
2610026976,2026-08-17 21:00:00,235.860,236.210,237.130,0.210,0.240,0.150,0.141,0.050,0.056,0.034,-0.004,0.000,0.000,-0.003,0.997,50.210
2610026977,2026-08-17 21:00:00,242.330,242.160,241.900,0.240,0.570,0.880,0.405,0.055,0.138,0.211,0.021,0.018,0.002,0.000,0.998,50.190
2610126270,2026-08-17 21:00:00,230.880,232.540,231.750,0.020,0.010,0.010,0.008,0.004,0.001,0.001,-0.004,-0.002,0.000,-0.001,0.919,50.150
2610126451,2026-08-17 21:00:00,235.700,236.370,235.180,0.010,0.010,0.130,0.033,0.002,0.001,0.030,0.000,0.000,0.000,0.001,1.000,50.170
2610159557,2026-08-17 21:00:00,239.420,238.270,238.340,0.020,0.010,0.010,0.005,0.003,0.000,0.001,-0.004,-0.002,0.000,0.000,0.742,50.160
2610170836,2026-08-17 21:00:00,235.470,236.380,235.130,0.010,0.050,0.060,0.026,0.002,0.011,0.012,0.004,-0.001,0.002,0.003,0.981,50.150
2610170837,2026-08-17 21:00:00,230.850,228.620,229.030,0.000,0.000,0.020,0.006,0.000,0.001,0.005,0.000,0.000,0.000,0.000,0.944,50.150
2610170838,2026-08-17 21:00:00,239.290,238.010,238.270,0.040,0.050,0.010,0.025,0.010,0.011,0.003,0.000,0.000,0.000,0.000,1.000,50.170
2610170840,2026-08-17 21:00:00,235.810,234.870,235.080,0.470,0.250,0.620,0.314,0.110,0.058,0.145,-0.035,-0.010,-0.007,-0.016,0.992,50.150
2610322997,2026-08-17 21:00:00,228.720,229.640,227.910,0.970,1.140,0.810,0.550,0.201,0.206,0.141,0.205,0.027,0.099,0.076,0.944,50.150
2610323001,2026-08-17 21:00:00,229.640,227.740,227.990,1.400,1.150,1.290,0.836,0.307,0.247,0.281,0.241,0.085,0.081,0.074,0.960,50.140
2610323004,2026-08-17 21:00:00,63.640,62.980,63.590,0.130,0.110,0.130,0.022,0.007,0.006,0.007,0.002,0.001,0.000,0.000,1.000,50.150
2610323005,2026-08-17 21:00:00,231.160,232.830,231.940,0.000,0.000,0.000,0.001,0.000,0.001,0.000,0.000,0.000,0.000,0.000,0.929,50.150
2610323016,2026-08-17 21:00:00,226.840,225.140,225.450,3.120,2.960,2.930,1.827,0.642,0.595,0.589,0.861,0.286,0.287,0.287,0.904,50.150
2610323019,2026-08-17 21:00:00,230.870,232.750,231.860,0.020,0.060,0.030,0.023,0.004,0.013,0.005,-0.008,-0.001,-0.003,-0.002,0.957,50.150
2610323024,2026-08-17 21:00:00,228.800,229.510,230.870,0.140,0.480,0.370,0.222,0.030,0.108,0.083,0.028,0.008,0.008,0.011,0.993,50.150
2410121326,2026-08-17 21:01:00,237.200,235.980,236.340,0.090,0.080,0.120,0.073,0.022,0.022,0.028,0.016,0.004,0.002,0.010,0.970,50.210
2510203106,2026-08-17 21:01:00,236.410,235.640,235.790,0.030,0.010,0.000,0.010,0.006,0.003,0.000,-0.004,-0.003,0.000,0.000,0.961,50.180
2510203115,2026-08-17 21:01:00,235.520,235.860,236.360,0.000,0.000,0.000,0.000,0.000,0.000,0.000,0.000,0.000,0.000,0.000,1.000,50.180
2510317537,2026-08-17 21:01:00,238.280,238.310,239.240,2.860,2.870,2.820,2.080,0.700,0.700,0.670,-0.340,-0.110,-0.110,-0.110,0.985,50.210
2510389643,2026-08-17 21:01:00,236.860,236.040,236.240,16.860,18.230,6.970,9.380,3.470,4.270,1.630,-0.870,-0.230,-0.460,-0.170,0.995,50.220
2610170786,2026-08-17 21:01:00,238.300,238.350,239.350,0.830,0.820,0.890,0.527,0.166,0.165,0.195,0.152,0.051,0.050,0.050,0.967,50.180
2610322967,2026-08-17 21:01:00,239.950,238.600,238.520,0.000,0.000,0.010,0.002,0.000,0.000,0.002,0.000,0.000,0.000,0.000,0.952,50.190
2610322969,2026-08-17 21:01:00,232.980,232.070,231.200,0.050,0.010,0.010,0.015,0.011,0.001,0.002,-0.002,0.000,-0.001,0.000,0.997,50.150
2410121457,2026-08-17 21:02:00,236.230,234.660,235.280,0.860,1.050,0.970,0.575,0.167,0.212,0.196,0.319,0.102,0.114,0.102,0.873,50.190
2410131378,2026-08-17 21:02:00,236.590,237.380,236.190,0.230,0.310,0.300,0.194,0.052,0.072,0.068,0.045,0.014,0.012,0.017,0.972,50.220
2246006313,2026-08-17 21:30:00,58.200,57.900,57.700,0.951,0.951,0.904,0.161,0.053,0.053,0.051,0.022,0.008,0.006,0.007,0.990,50.160
2410121326,2026-08-17 21:30:00,235.170,233.900,234.290,0.120,0.130,0.160,0.095,0.028,0.030,0.036,0.003,-0.001,0.000,0.005,0.998,50.160
2410121353,2026-08-17 21:30:00,235.060,233.860,234.280,0.000,0.010,0.040,0.012,0.000,0.002,0.009,-0.001,0.000,0.000,0.000,0.974,50.160
2410121371,2026-08-17 21:30:00,235.290,233.980,234.390,0.040,0.010,0.060,0.024,0.009,0.000,0.014,-0.002,0.000,-0.001,-0.001,1.000,50.150
2410121424,2026-08-17 21:30:00,235.240,234.000,234.390,0.010,0.010,0.010,0.004,0.000,0.001,0.002,-0.003,-0.001,-0.001,0.000,0.776,50.180
2410121440,2026-08-17 21:30:00,235.070,233.770,234.200,0.010,0.000,0.010,0.004,0.002,0.000,0.001,-0.002,-0.001,0.000,0.000,0.869,50.140
2410121454,2026-08-17 21:30:00,234.370,235.290,234.000,0.090,0.210,0.170,0.108,0.019,0.049,0.038,0.025,0.008,0.008,0.008,0.976,50.190
2410121457,2026-08-17 21:30:00,234.880,233.610,234.180,0.120,0.200,0.090,0.093,0.026,0.046,0.019,0.017,0.006,0.008,0.002,0.986,50.160
2410121574,2026-08-17 21:30:00,235.410,233.940,234.280,0.170,0.130,0.150,0.094,0.037,0.025,0.031,-0.044,-0.012,-0.018,-0.013,0.907,50.170
2410131378,2026-08-17 21:30:00,234.240,235.150,233.960,0.290,0.380,0.360,0.238,0.067,0.089,0.081,0.048,0.011,0.013,0.022,0.979,50.150
2410131383,2026-08-17 21:30:00,233.660,234.290,233.620,0.050,0.020,0.060,0.029,0.010,0.005,0.014,-0.005,-0.001,-0.001,-0.002,1.000,50.160
2410131387,2026-08-17 21:30:00,233.150,233.310,234.350,0.070,0.070,0.050,0.039,0.014,0.015,0.010,-0.008,-0.006,0.001,-0.003,0.973,50.140
2410320615,2026-08-17 21:30:00,232.590,232.600,233.880,1.930,1.850,2.080,1.280,0.418,0.404,0.457,0.174,0.049,0.062,0.062,0.991,50.150
2410883988,2026-08-17 21:30:00,230.290,231.890,230.850,0.020,0.000,0.070,0.020,0.004,0.000,0.015,0.000,0.000,0.000,0.000,1.000,50.180
2410883990,2026-08-17 21:30:00,231.230,230.210,229.500,0.080,0.000,0.090,0.038,0.019,0.000,0.019,0.004,0.001,0.000,0.002,0.987,50.150
2410883991,2026-08-17 21:30:00,236.910,237.100,238.180,0.170,0.130,0.230,0.124,0.041,0.029,0.053,-0.002,0.001,0.000,-0.004,0.999,50.150
2410883993,2026-08-17 21:30:00,237.200,236.150,236.380,1.240,1.330,1.120,0.868,0.293,0.312,0.263,-0.062,-0.012,-0.028,-0.020,0.997,50.150
2410932742,2026-08-17 21:30:00,226.790,224.510,224.770,3.620,3.510,3.710,2.272,0.765,0.731,0.775,0.670,0.231,0.212,0.225,0.959,50.150
2411087432,2026-08-17 21:30:00,234.680,235.540,234.270,0.620,0.530,0.620,0.413,0.143,0.124,0.144,0.014,0.013,-0.002,0.002,0.998,50.180
2411087433,2026-08-17 21:30:00,237.020,237.160,238.170,0.420,0.450,0.430,0.295,0.096,0.101,0.101,-0.016,0.000,-0.010,-0.005,0.999,50.150
2411290205,2026-08-17 21:30:00,234.200,233.380,233.390,0.190,0.140,0.150,0.111,0.044,0.032,0.034,0.004,0.001,0.001,0.000,0.998,50.150
2510014481,2026-08-17 21:30:00,225.400,225.620,227.230,2.060,1.870,2.050,1.296,0.424,0.388,0.483,0.700,0.199,0.210,0.212,0.863,50.150
2510014482,2026-08-17 21:30:00,234.850,235.610,234.360,0.010,0.040,0.000,0.012,0.002,0.009,0.000,-0.002,-0.002,0.000,0.000,1.000,50.170
2510014483,2026-08-17 21:30:00,236.700,236.820,237.800,0.050,0.030,0.050,0.021,0.008,0.005,0.007,-0.019,-0.005,-0.005,-0.008,0.729,50.150
2510014484,2026-08-17 21:30:00,232.580,231.590,231.900,1.870,2.210,1.780,1.294,0.405,0.487,0.402,0.415,0.145,0.136,0.133,0.952,50.150
2510178139,2026-08-17 21:30:00,234.580,235.490,234.230,0.250,0.230,0.250,0.157,0.052,0.048,0.057,0.066,0.025,0.023,0.016,0.919,50.160
2510178141,2026-08-17 21:30:00,234.170,234.520,235.370,0.020,0.010,0.020,0.008,0.002,0.000,0.004,-0.009,-0.004,-0.001,-0.002,0.673,50.160
2510203103,2026-08-17 21:30:00,224.270,222.140,222.510,0.500,0.450,0.430,0.341,0.124,0.114,0.102,-0.127,-0.040,-0.042,-0.045,0.905,50.160
2510203104,2026-08-17 21:30:00,230.800,230.880,231.800,0.610,0.440,0.430,0.398,0.176,0.119,0.102,0.057,0.013,0.018,0.024,0.989,50.170
2510203105,2026-08-17 21:30:00,229.670,227.230,227.830,0.020,0.110,0.010,0.031,0.003,0.024,0.003,0.003,0.000,0.003,0.000,0.979,50.160
2510203107,2026-08-17 21:30:00,222.920,222.130,222.270,0.140,0.130,0.120,0.062,0.022,0.022,0.017,-0.061,-0.021,-0.019,-0.020,0.715,50.150
2510203108,2026-08-17 21:30:00,234.550,235.140,233.880,0.960,1.530,1.810,0.981,0.217,0.358,0.406,0.094,0.035,0.035,0.023,0.995,50.160
2510203109,2026-08-17 21:30:00,236.780,237.910,236.740,0.160,0.070,0.160,0.087,0.033,0.015,0.038,0.008,0.015,-0.002,-0.004,0.990,50.170
2510203111,2026-08-17 21:30:00,234.190,234.670,235.490,1.770,1.660,1.970,1.186,0.380,0.367,0.438,0.271,0.114,0.079,0.077,0.974,50.180
2510203113,2026-08-17 21:30:00,233.200,233.950,233.280,0.260,0.340,0.320,0.221,0.059,0.086,0.075,-0.013,-0.003,-0.007,-0.002,1.000,50.180
2510203114,2026-08-17 21:30:00,230.840,231.080,231.920,0.450,0.260,0.250,0.207,0.091,0.056,0.058,0.025,0.007,0.005,0.011,0.992,50.170
2510203118,2026-08-17 21:30:00,124.890,124.870,125.510,0.160,0.130,0.140,0.049,0.018,0.016,0.014,-0.018,-0.006,-0.004,-0.007,0.939,50.160
2510203119,2026-08-17 21:30:00,231.610,230.590,229.840,0.000,0.000,0.000,0.000,0.000,0.000,0.000,0.000,0.000,0.000,0.000,1.000,50.160
2510203120,2026-08-17 21:30:00,237.700,236.470,236.730,0.510,0.400,0.410,0.327,0.122,0.094,0.099,0.129,0.048,0.045,0.035,0.935,50.160
2510203121,2026-08-17 21:30:00,230.290,229.450,231.270,0.520,0.330,0.490,0.309,0.118,0.076,0.113,0.004,0.009,-0.001,-0.003,1.000,50.150
2510203122,2026-08-17 21:30:00,234.580,235.550,234.340,0.080,0.020,0.000,0.018,0.014,0.004,0.000,0.011,0.013,-0.001,0.000,0.847,50.170
2510203123,2026-08-17 21:30:00,234.250,234.740,235.600,0.010,0.010,0.000,0.005,0.002,0.001,0.000,-0.002,-0.001,0.000,0.000,0.886,50.190
2510203124,2026-08-17 21:30:00,234.900,235.460,234.250,0.130,0.130,0.140,0.085,0.026,0.027,0.031,0.031,0.009,0.010,0.010,0.938,50.180
2510203125,2026-08-17 21:30:00,233.800,233.810,234.540,0.070,0.100,0.130,0.039,0.004,0.009,0.025,-0.053,-0.016,-0.020,-0.016,0.598,50.150
2510203126,2026-08-17 21:30:00,230.630,229.770,231.550,0.070,0.020,0.000,0.019,0.015,0.004,0.000,0.000,0.000,0.000,0.000,0.996,50.170
2510203127,2026-08-17 21:30:00,234.490,235.420,234.180,0.040,0.010,0.030,0.016,0.008,0.002,0.005,-0.006,0.000,0.000,-0.005,0.928,50.160
2510203128,2026-08-17 21:30:00,236.520,237.110,235.390,2.110,2.100,2.120,1.451,0.486,0.480,0.484,0.125,0.016,0.044,0.064,0.996,50.160
2510203130,2026-08-17 21:30:00,239.580,239.770,241.790,0.000,0.010,0.040,0.011,0.000,0.001,0.009,0.001,0.000,0.000,0.002,1.000,50.170
2510203133,2026-08-17 21:30:00,234.720,235.260,234.050,0.040,0.020,0.010,0.014,0.009,0.004,0.001,0.000,0.000,-0.001,0.000,0.975,50.170
2510203134,2026-08-17 21:30:00,238.270,237.000,237.040,0.020,0.010,0.010,0.007,0.004,0.002,0.001,-0.001,0.000,-0.001,0.000,0.977,50.170
2510224049,2026-08-17 21:30:00,229.390,231.200,230.350,20.890,18.230,12.800,10.880,4.100,3.970,2.800,-2.330,-0.770,-0.920,-0.630,0.977,50.150
2510317505,2026-08-17 21:30:00,230.050,229.390,231.080,22.430,9.690,7.390,8.650,5.030,2.130,1.490,-1.820,-0.570,-0.580,-0.660,0.978,50.150
2510317516,2026-08-17 21:30:00,230.680,229.790,231.590,0.000,0.000,0.000,0.000,0.000,0.000,0.000,0.000,0.000,0.000,0.000,1.000,50.160
2510317537,2026-08-17 21:30:00,236.500,236.500,237.350,3.940,4.180,4.100,2.060,0.670,0.740,0.720,-0.340,-0.110,-0.110,-0.110,0.987,50.170
2510389559,2026-08-17 21:30:00,234.400,233.570,233.710,0.000,0.000,0.000,0.000,0.000,0.000,0.000,0.000,0.000,0.000,0.000,1.000,50.180
2510389643,2026-08-17 21:30:00,234.230,233.350,233.570,16.800,18.470,7.060,9.370,3.450,4.280,1.630,-0.850,-0.220,-0.450,-0.170,0.995,50.150
2510389931,2026-08-17 21:30:00,233.710,232.770,232.860,18.430,10.120,25.110,12.420,4.280,2.330,5.800,-1.360,-0.440,-0.290,-0.630,0.994,50.150
2510633381,2026-08-17 21:30:00,237.760,236.590,236.760,0.050,0.090,0.010,0.034,0.011,0.019,0.002,-0.011,-0.004,-0.005,-0.001,0.949,50.170
2510633383,2026-08-17 21:30:00,233.880,234.180,235.070,0.110,0.080,0.090,0.017,0.006,0.002,0.009,-0.063,-0.024,-0.019,-0.019,0.262,50.170
2510633385,2026-08-17 21:30:00,234.510,233.710,233.800,0.340,0.410,0.260,0.232,0.079,0.093,0.059,-0.030,-0.008,-0.014,-0.008,0.991,50.150
2510633386,2026-08-17 21:30:00,225.890,226.020,227.050,1.130,1.180,1.150,0.144,0.049,0.045,0.049,-0.718,-0.234,-0.243,-0.241,0.195,50.150
2510633387,2026-08-17 21:30:00,234.080,235.010,233.770,0.010,0.000,0.000,0.002,0.002,0.000,0.000,0.000,0.000,0.000,0.000,1.000,50.150
2510633389,2026-08-17 21:30:00,233.520,234.240,233.370,0.140,0.170,0.150,0.066,0.014,0.028,0.023,-0.082,-0.028,-0.028,-0.025,0.641,50.150
2510633390,2026-08-17 21:30:00,236.510,237.810,236.350,1.500,1.630,1.530,1.091,0.338,0.372,0.323,0.296,0.074,0.085,0.135,0.960,50.150
2510633391,2026-08-17 21:30:00,123.370,122.700,122.900,0.000,0.000,0.000,0.000,0.000,0.000,0.000,0.000,0.000,0.000,0.000,1.000,50.160
2510633393,2026-08-17 21:30:00,231.890,232.060,232.660,1.690,1.740,1.730,1.164,0.372,0.388,0.383,0.268,0.097,0.073,0.097,0.973,50.150
2510633395,2026-08-17 21:30:00,234.660,235.470,234.290,0.000,0.000,0.000,0.000,0.000,0.000,0.000,0.000,0.000,0.000,0.000,1.000,50.160
2510633396,2026-08-17 21:30:00,235.200,234.000,234.620,0.220,0.260,0.210,0.148,0.047,0.058,0.047,0.064,0.022,0.021,0.020,0.920,50.170
2510633397,2026-08-17 21:30:00,243.890,242.580,242.790,0.030,0.030,0.020,0.019,0.005,0.008,0.005,-0.003,-0.002,-0.001,0.000,1.000,50.150
2510633399,2026-08-17 21:30:00,230.010,229.170,231.050,0.370,0.460,0.490,0.302,0.085,0.104,0.111,0.003,0.003,0.000,0.000,0.998,50.170
2510633400,2026-08-17 21:30:00,229.020,230.790,229.730,0.200,0.250,0.210,0.142,0.042,0.054,0.046,0.047,0.014,0.016,0.016,0.947,50.160
2510633402,2026-08-17 21:30:00,226.770,227.000,229.020,0.460,0.470,0.480,0.315,0.102,0.105,0.094,0.075,0.024,0.023,0.026,0.978,50.160
2510633406,2026-08-17 21:30:00,230.570,229.640,231.490,0.160,0.190,0.180,0.112,0.033,0.040,0.038,-0.038,-0.011,-0.013,-0.013,0.944,50.160
2510633410,2026-08-17 21:30:00,230.330,229.580,231.290,0.060,0.010,0.010,0.017,0.013,0.002,0.001,-0.004,-0.001,-0.002,-0.001,0.978,50.150
2510633411,2026-08-17 21:30:00,228.160,226.960,226.160,2.120,2.060,2.090,1.317,0.457,0.428,0.431,0.524,0.167,0.178,0.179,0.930,50.160
2510814977,2026-08-17 21:30:00,227.500,229.370,227.230,0.020,0.010,0.020,0.012,0.004,0.002,0.004,-0.003,0.000,-0.001,-0.001,1.000,50.150
2610026950,2026-08-17 21:30:00,231.130,230.000,229.280,0.010,0.000,0.010,0.004,0.002,0.000,0.001,0.000,0.000,0.000,0.000,0.981,50.150
2610026952,2026-08-17 21:30:00,234.620,233.350,233.700,0.060,0.090,0.060,0.046,0.012,0.020,0.013,0.010,0.003,0.003,0.003,0.967,50.150
2610026953,2026-08-17 21:30:00,233.870,232.840,232.970,0.500,0.520,0.530,0.330,0.104,0.117,0.107,0.122,0.040,0.043,0.037,0.942,50.150
2610026963,2026-08-17 21:30:00,234.540,234.660,235.650,0.230,0.120,0.100,0.095,0.050,0.024,0.020,-0.043,-0.017,-0.013,-0.012,0.910,50.170
2610026966,2026-08-17 21:30:00,230.370,230.430,230.400,0.060,0.070,0.080,0.041,0.011,0.014,0.014,0.017,0.004,0.003,0.008,0.928,50.170
2610026976,2026-08-17 21:30:00,234.320,234.530,235.520,0.160,0.240,0.150,0.126,0.036,0.055,0.034,-0.009,-0.005,0.000,-0.003,0.998,50.180
2610026977,2026-08-17 21:30:00,241.380,241.220,241.020,0.240,0.570,0.870,0.403,0.055,0.138,0.209,0.021,0.018,0.002,0.000,0.998,50.160
2610126270,2026-08-17 21:30:00,229.440,231.140,230.310,0.020,0.010,0.010,0.008,0.004,0.001,0.001,-0.004,-0.002,-0.001,-0.001,0.896,50.150
2610126451,2026-08-17 21:30:00,234.030,234.770,233.650,0.010,0.010,0.110,0.028,0.002,0.001,0.024,0.000,0.000,0.000,0.000,1.000,50.160
2610159557,2026-08-17 21:30:00,237.880,236.720,236.810,0.020,0.010,0.010,0.005,0.003,0.000,0.001,-0.004,-0.002,0.000,0.000,0.745,50.160
2610170786,2026-08-17 21:30:00,236.440,236.530,237.530,0.800,0.810,0.940,0.541,0.182,0.168,0.190,0.136,0.042,0.043,0.047,0.968,50.160
2610170836,2026-08-17 21:30:00,234.160,234.990,233.630,0.020,0.100,0.120,0.060,0.002,0.026,0.031,0.002,-0.001,0.001,0.002,1.000,50.150
2610170837,2026-08-17 21:30:00,229.300,227.000,227.380,0.000,0.000,0.040,0.010,0.000,0.001,0.008,0.000,0.000,0.000,0.000,1.000,50.150
2610170838,2026-08-17 21:30:00,237.810,236.530,236.650,0.030,0.050,0.000,0.017,0.006,0.011,0.000,0.000,0.000,0.000,0.000,0.986,50.150
2610170840,2026-08-17 21:30:00,233.760,232.870,233.030,0.480,0.250,0.630,0.315,0.110,0.058,0.146,-0.034,-0.010,-0.007,-0.016,0.993,50.150
2610322967,2026-08-17 21:30:00,238.310,237.000,236.920,0.000,0.000,0.010,0.002,0.000,0.000,0.002,0.000,0.000,0.000,0.000,0.920,50.150
2610322969,2026-08-17 21:30:00,231.240,230.200,229.560,0.050,0.010,0.010,0.015,0.011,0.002,0.002,-0.002,0.000,-0.001,0.000,1.000,50.150
2610322997,2026-08-17 21:30:00,227.010,228.310,226.400,0.860,0.950,0.710,0.528,0.193,0.194,0.140,0.178,0.024,0.090,0.069,0.947,50.140
2610323001,2026-08-17 21:30:00,228.060,225.950,226.200,1.400,1.240,1.330,0.894,0.319,0.275,0.299,0.245,0.084,0.085,0.074,0.960,50.150
2610323004,2026-08-17 21:30:00,63.160,62.440,63.100,0.130,0.120,0.140,0.023,0.007,0.007,0.008,0.002,0.001,0.000,0.000,0.982,50.150
2610323005,2026-08-17 21:30:00,229.580,231.230,230.390,0.000,0.020,0.000,0.005,0.000,0.004,0.000,0.002,0.000,0.002,0.000,0.906,50.150
2610323016,2026-08-17 21:30:00,225.890,224.120,224.330,2.920,2.770,2.750,1.731,0.606,0.563,0.561,0.723,0.240,0.241,0.240,0.922,50.150
2610323019,2026-08-17 21:30:00,229.320,231.230,230.310,0.020,0.060,0.030,0.023,0.004,0.013,0.005,-0.008,-0.001,-0.004,-0.002,0.923,50.150
2610323024,2026-08-17 21:30:00,227.200,227.860,229.310,0.120,0.410,0.290,0.184,0.026,0.093,0.065,0.003,0.000,-0.001,0.004,0.997,50.150
2410131384,2026-08-17 21:31:00,235.890,236.890,236.080,1.380,1.570,1.360,0.931,0.274,0.347,0.309,0.256,0.085,0.095,0.075,0.969,50.140
2410883994,2026-08-17 21:31:00,237.990,236.800,237.030,0.010,0.050,0.020,0.018,0.002,0.011,0.005,-0.001,0.000,0.000,0.000,0.987,50.180
2510203106,2026-08-17 21:31:00,233.940,233.120,233.190,0.030,0.010,0.000,0.010,0.007,0.003,0.000,-0.004,-0.003,0.000,0.000,0.895,50.150
2510203115,2026-08-17 21:31:00,233.190,233.430,234.130,0.000,0.000,0.000,0.000,0.000,0.000,0.000,0.000,0.000,0.000,0.000,1.000,50.170
2510203117,2026-08-17 21:31:00,231.010,230.130,229.310,0.360,0.340,0.180,0.200,0.082,0.077,0.040,-0.033,-0.009,-0.013,-0.010,0.984,50.150
2510224167,2026-08-17 21:32:00,230.110,229.100,231.010,5.260,4.480,4.810,2.500,1.010,0.710,0.770,-1.910,-0.560,-0.650,-0.690,0.794,50.150
2246006313,2026-08-17 22:00:00,57.900,57.600,57.400,0.978,0.973,0.932,0.165,0.056,0.055,0.053,0.025,0.008,0.006,0.007,0.988,50.130
2410121326,2026-08-17 22:00:00,234.900,233.590,233.890,0.120,0.140,0.160,0.097,0.028,0.033,0.035,0.001,-0.002,-0.001,0.005,0.997,50.090
2410121353,2026-08-17 22:00:00,235.120,233.870,234.260,0.000,0.010,0.040,0.012,0.000,0.002,0.010,-0.001,0.000,0.000,0.000,0.976,50.150
2410121371,2026-08-17 22:00:00,234.950,233.530,233.810,0.040,0.010,0.060,0.023,0.008,0.000,0.014,-0.003,0.000,-0.001,-0.001,0.976,50.110
2410121424,2026-08-17 22:00:00,234.630,233.390,233.770,0.010,0.010,0.010,0.004,0.000,0.001,0.002,-0.003,-0.001,-0.001,0.000,0.779,50.150
2410121440,2026-08-17 22:00:00,234.590,233.330,233.620,0.010,0.000,0.010,0.004,0.002,0.000,0.001,-0.002,-0.001,0.000,0.000,0.871,50.140
2410121454,2026-08-17 22:00:00,233.770,234.680,233.410,0.080,0.170,0.140,0.087,0.014,0.040,0.032,0.005,0.001,0.001,0.002,1.000,50.150
2410121457,2026-08-17 22:00:00,235.140,233.780,234.390,0.110,0.230,0.080,0.096,0.026,0.052,0.018,0.022,0.006,0.012,0.003,0.977,50.190
2410121574,2026-08-17 22:00:00,235.030,233.530,233.920,0.290,0.280,0.260,0.187,0.066,0.063,0.057,-0.037,-0.009,-0.013,-0.014,0.983,50.150
2410131378,2026-08-17 22:00:00,233.930,234.780,233.570,0.320,0.390,0.370,0.245,0.072,0.089,0.083,0.049,0.013,0.013,0.022,0.981,50.110
2410131383,2026-08-17 22:00:00,235.210,235.930,235.100,0.040,0.020,0.070,0.030,0.009,0.005,0.015,-0.004,0.000,-0.001,-0.002,0.977,50.150
2410131384,2026-08-17 22:00:00,235.450,236.380,235.460,1.230,1.410,1.280,0.932,0.288,0.350,0.293,0.243,0.079,0.091,0.071,0.967,50.160
2410131387,2026-08-17 22:00:00,231.490,231.580,232.660,0.090,0.090,0.060,0.054,0.019,0.019,0.014,-0.006,-0.005,0.002,-0.003,1.000,50.110
2410320615,2026-08-17 22:00:00,234.530,234.600,235.880,1.830,1.780,1.980,1.292,0.436,0.405,0.451,0.194,0.057,0.067,0.068,0.988,50.160
2410883988,2026-08-17 22:00:00,229.570,231.240,230.510,0.020,0.000,0.040,0.013,0.004,0.000,0.009,0.000,0.000,0.000,0.000,0.990,50.100
2410883990,2026-08-17 22:00:00,230.880,229.940,229.210,0.080,0.000,0.080,0.037,0.018,0.000,0.018,0.004,0.001,0.000,0.002,0.986,50.150
2410883991,2026-08-17 22:00:00,235.590,235.830,236.900,0.320,0.120,0.190,0.147,0.075,0.028,0.043,-0.001,0.001,-0.001,-0.002,0.997,50.110
2410883993,2026-08-17 22:00:00,236.340,235.350,235.580,1.210,1.260,1.030,0.816,0.283,0.292,0.239,-0.060,-0.012,-0.027,-0.020,0.997,50.150
2410883994,2026-08-17 22:00:00,236.990,235.760,236.020,0.010,0.050,0.020,0.018,0.002,0.011,0.005,-0.001,0.000,0.000,0.000,0.980,50.160
2410932742,2026-08-17 22:00:00,225.630,223.290,223.550,3.530,3.410,3.610,2.200,0.741,0.706,0.752,0.654,0.226,0.207,0.221,0.958,50.140
2411087432,2026-08-17 22:00:00,233.950,234.930,233.630,0.610,0.520,0.590,0.400,0.141,0.121,0.137,0.001,0.011,-0.005,-0.004,0.999,50.110
2411087433,2026-08-17 22:00:00,236.000,236.130,237.150,0.390,0.430,0.400,0.313,0.098,0.109,0.113,0.000,0.003,-0.006,0.002,0.998,50.160
2411290205,2026-08-17 22:00:00,232.250,231.240,231.340,0.190,0.190,0.160,0.126,0.045,0.044,0.037,0.006,0.001,0.002,0.002,0.999,50.120
2510014481,2026-08-17 22:00:00,224.250,224.530,226.400,2.160,1.970,2.130,1.458,0.511,0.479,0.516,0.611,0.203,0.200,0.207,0.898,50.150
2510014482,2026-08-17 22:00:00,234.160,235.030,233.790,0.010,0.040,0.000,0.012,0.002,0.009,0.000,-0.002,-0.002,0.000,0.000,1.000,50.110
2510014483,2026-08-17 22:00:00,235.790,235.930,236.940,0.040,0.030,0.050,0.021,0.008,0.005,0.007,-0.019,-0.005,-0.005,-0.008,0.750,50.160
2510014484,2026-08-17 22:00:00,235.260,234.320,234.670,1.420,1.650,1.260,0.930,0.301,0.361,0.267,0.386,0.139,0.126,0.121,0.923,50.130
2510178139,2026-08-17 22:00:00,233.860,234.830,233.560,0.290,0.260,0.270,0.169,0.057,0.052,0.059,0.086,0.032,0.030,0.023,0.895,50.140
2510178141,2026-08-17 22:00:00,233.970,234.290,235.090,0.020,0.010,0.020,0.006,0.002,0.000,0.002,-0.009,-0.004,-0.001,-0.003,0.551,50.140
2510203103,2026-08-17 22:00:00,223.250,220.870,221.190,0.550,0.650,0.640,0.357,0.113,0.115,0.123,-0.117,-0.038,-0.036,-0.043,0.952,50.160
2510203104,2026-08-17 22:00:00,229.810,229.910,230.820,0.780,0.790,0.700,0.491,0.189,0.154,0.146,0.054,0.014,0.014,0.026,0.993,50.120
2510203105,2026-08-17 22:00:00,228.860,226.350,226.920,0.020,0.100,0.010,0.029,0.003,0.023,0.002,0.003,0.000,0.003,0.000,0.986,50.150
2510203107,2026-08-17 22:00:00,225.060,224.090,224.240,0.170,0.190,0.150,0.111,0.037,0.041,0.032,-0.023,-0.008,-0.006,-0.008,0.980,50.160
2510203108,2026-08-17 22:00:00,233.920,234.570,233.350,0.970,1.380,1.680,0.911,0.218,0.320,0.372,0.083,0.028,0.032,0.022,0.995,50.170
2510203109,2026-08-17 22:00:00,235.650,236.730,235.530,0.150,0.060,0.090,0.067,0.032,0.014,0.020,0.009,0.014,-0.003,-0.002,0.996,50.140
2510203111,2026-08-17 22:00:00,233.380,233.870,234.750,1.780,1.650,1.950,1.177,0.380,0.361,0.435,0.271,0.116,0.079,0.076,0.973,50.150
2510203113,2026-08-17 22:00:00,235.290,236.120,235.350,0.270,0.350,0.320,0.220,0.062,0.082,0.076,-0.014,-0.001,-0.006,-0.005,0.996,50.110
2510203114,2026-08-17 22:00:00,229.540,229.840,230.650,0.480,0.330,0.390,0.223,0.086,0.062,0.074,0.029,0.010,0.004,0.015,0.992,50.120
2510203117,2026-08-17 22:00:00,230.640,230.060,229.030,0.330,0.330,0.180,0.190,0.076,0.074,0.039,-0.033,-0.010,-0.012,-0.010,0.985,50.150
2510203118,2026-08-17 22:00:00,124.320,124.330,124.920,0.150,0.130,0.130,0.036,0.013,0.012,0.010,-0.032,-0.011,-0.008,-0.011,0.735,50.160
2510203119,2026-08-17 22:00:00,230.820,229.870,228.890,0.000,0.000,0.000,0.000,0.000,0.000,0.000,0.000,0.000,0.000,0.000,1.000,50.160
2510203120,2026-08-17 22:00:00,236.690,235.510,235.760,0.600,0.480,0.510,0.353,0.133,0.105,0.114,0.125,0.046,0.042,0.036,0.940,50.160
2510203121,2026-08-17 22:00:00,229.870,229.070,230.750,0.530,0.280,0.480,0.294,0.120,0.063,0.110,0.007,0.010,0.000,-0.003,0.999,50.140
2510203122,2026-08-17 22:00:00,233.970,235.020,233.720,0.080,0.020,0.000,0.017,0.013,0.004,0.000,0.010,0.013,-0.001,0.000,0.834,50.100
2510203123,2026-08-17 22:00:00,233.440,233.880,234.800,0.010,0.010,0.000,0.005,0.002,0.001,0.000,-0.002,-0.001,0.000,0.000,0.880,50.120
2510203124,2026-08-17 22:00:00,234.030,234.580,233.380,0.120,0.120,0.130,0.080,0.024,0.026,0.029,0.030,0.009,0.010,0.010,0.933,50.120
2510203125,2026-08-17 22:00:00,235.440,235.490,236.340,0.080,0.090,0.130,0.039,0.004,0.009,0.025,-0.053,-0.017,-0.020,-0.016,0.585,50.150
2510203126,2026-08-17 22:00:00,230.280,229.370,231.120,0.040,0.020,0.000,0.013,0.009,0.004,0.000,0.000,0.000,0.000,0.000,0.976,50.090
2510203127,2026-08-17 22:00:00,233.850,234.800,233.650,0.040,0.010,0.030,0.018,0.009,0.002,0.006,-0.006,0.000,0.000,-0.005,0.948,50.100
2510203128,2026-08-17 22:00:00,235.390,235.940,234.280,2.100,2.100,2.120,1.451,0.486,0.481,0.483,0.125,0.017,0.044,0.063,0.996,50.160
2510203130,2026-08-17 22:00:00,238.220,238.340,240.660,0.000,0.010,0.010,0.003,0.000,0.001,0.001,0.000,0.000,0.000,0.000,1.000,50.120
2510203133,2026-08-17 22:00:00,234.270,235.020,233.870,0.030,0.020,0.100,0.035,0.007,0.004,0.023,0.001,0.000,-0.001,0.002,1.000,50.180
2510203134,2026-08-17 22:00:00,237.230,235.950,236.060,0.020,0.010,0.010,0.007,0.004,0.002,0.001,-0.002,0.000,-0.001,0.000,0.975,50.140
2510224049,2026-08-17 22:00:00,229.010,230.810,229.950,16.680,12.140,7.840,6.890,2.900,2.390,1.580,-2.140,-0.680,-0.870,-0.590,0.954,50.150
2510224167,2026-08-17 22:00:00,230.060,229.050,230.840,4.100,4.490,4.840,2.180,0.680,0.720,0.780,-1.910,-0.560,-0.660,-0.690,0.753,50.130
2510317505,2026-08-17 22:00:00,230.000,229.250,230.880,19.510,3.770,5.330,5.690,4.300,0.600,0.780,-1.940,-0.650,-0.560,-0.710,0.946,50.140
2510317516,2026-08-17 22:00:00,230.420,229.410,231.120,0.000,0.000,0.000,0.000,0.000,0.000,0.000,0.000,0.000,0.000,0.000,1.000,50.120
2510317537,2026-08-17 22:00:00,235.480,235.470,236.350,3.940,4.070,3.540,2.450,0.820,0.830,0.790,-0.390,-0.140,-0.120,-0.110,0.987,50.130
2510389559,2026-08-17 22:00:00,236.610,235.740,235.930,0.000,0.000,0.000,0.000,0.000,0.000,0.000,0.000,0.000,0.000,0.000,1.000,50.110
2510389643,2026-08-17 22:00:00,236.860,235.900,236.130,16.780,18.250,6.960,9.400,3.500,4.270,1.630,-0.860,-0.220,-0.460,-0.170,0.995,50.140
2510389931,2026-08-17 22:00:00,236.070,234.960,235.120,18.270,10.020,24.810,12.400,4.280,2.330,5.790,-1.390,-0.450,-0.290,-0.640,0.993,50.150
2510633381,2026-08-17 22:00:00,236.680,235.440,235.660,0.050,0.090,0.020,0.034,0.010,0.020,0.003,-0.012,-0.005,-0.005,-0.001,0.951,50.100
2510633383,2026-08-17 22:00:00,233.590,233.830,234.760,0.110,0.080,0.120,0.030,0.007,0.002,0.020,-0.063,-0.024,-0.019,-0.019,0.429,50.090
2510633385,2026-08-17 22:00:00,237.000,236.180,236.330,0.350,0.390,0.240,0.229,0.082,0.090,0.055,-0.030,-0.007,-0.014,-0.008,0.989,50.200
2510633386,2026-08-17 22:00:00,225.520,225.480,226.560,1.110,1.150,1.130,0.140,0.047,0.045,0.047,-0.713,-0.233,-0.241,-0.238,0.202,50.200
2510633387,2026-08-17 22:00:00,234.300,235.300,234.050,0.010,0.000,0.000,0.002,0.002,0.000,0.000,0.000,0.000,0.000,0.000,1.000,50.200
2510633389,2026-08-17 22:00:00,235.890,236.690,235.750,0.140,0.170,0.140,0.064,0.015,0.027,0.020,-0.083,-0.028,-0.028,-0.026,0.612,50.170
2510633390,2026-08-17 22:00:00,235.770,237.060,235.570,1.640,1.820,1.720,1.192,0.357,0.421,0.364,0.308,0.072,0.081,0.154,0.966,50.140
2510633391,2026-08-17 22:00:00,123.220,122.570,122.720,0.000,0.000,0.000,0.000,0.000,0.000,0.000,0.000,0.000,0.000,0.000,1.000,50.110
2510633393,2026-08-17 22:00:00,233.430,233.700,234.450,1.680,1.720,1.710,1.156,0.378,0.393,0.384,0.279,0.100,0.076,0.102,0.971,50.170
2510633395,2026-08-17 22:00:00,234.030,234.820,233.650,0.000,0.000,0.000,0.000,0.000,0.000,0.000,0.000,0.000,0.000,0.000,1.000,50.130
2510633396,2026-08-17 22:00:00,234.490,233.220,233.920,0.210,0.250,0.210,0.149,0.046,0.056,0.046,0.064,0.022,0.021,0.020,0.917,50.100
2510633397,2026-08-17 22:00:00,243.170,241.840,242.150,0.030,0.030,0.020,0.018,0.005,0.008,0.004,-0.003,-0.002,-0.001,0.000,1.000,50.140
2510633399,2026-08-17 22:00:00,229.820,228.910,230.670,0.420,0.480,0.530,0.325,0.095,0.108,0.122,0.001,0.002,0.000,0.000,0.998,50.100
2510633400,2026-08-17 22:00:00,228.430,230.320,229.400,0.190,0.230,0.210,0.130,0.038,0.048,0.042,0.047,0.014,0.016,0.016,0.941,50.120
2510633402,2026-08-17 22:00:00,226.080,226.230,228.510,0.320,0.330,0.340,0.221,0.071,0.074,0.076,0.075,0.024,0.024,0.026,0.928,50.200
2510633406,2026-08-17 22:00:00,230.010,228.990,230.880,0.060,0.080,0.080,0.037,0.011,0.012,0.012,-0.032,-0.009,-0.011,-0.011,0.740,50.160
2510633411,2026-08-17 22:00:00,227.850,226.750,225.840,1.940,1.820,1.850,1.162,0.409,0.372,0.377,0.478,0.152,0.161,0.164,0.924,50.100
2510814977,2026-08-17 22:00:00,226.740,228.740,226.480,0.020,0.010,0.020,0.011,0.003,0.002,0.004,-0.002,0.000,-0.001,-0.001,0.965,50.160
2610026950,2026-08-17 22:00:00,231.060,229.940,228.990,0.010,0.000,0.010,0.004,0.002,0.000,0.001,-0.001,0.000,0.000,0.000,0.879,50.160
2610026952,2026-08-17 22:00:00,235.120,233.770,234.070,0.060,0.080,0.060,0.045,0.012,0.019,0.013,0.010,0.003,0.003,0.003,0.967,50.160
2610026953,2026-08-17 22:00:00,235.580,234.400,234.630,0.480,0.530,0.450,0.294,0.100,0.100,0.093,0.121,0.040,0.043,0.038,0.932,50.150
2610026963,2026-08-17 22:00:00,233.760,233.900,234.900,0.200,0.140,0.110,0.088,0.041,0.027,0.019,-0.044,-0.017,-0.012,-0.013,0.902,50.110
2610026966,2026-08-17 22:00:00,229.560,229.760,229.680,0.050,0.080,0.070,0.046,0.010,0.019,0.015,0.015,0.004,0.003,0.007,0.940,50.120
2610026977,2026-08-17 22:00:00,240.890,240.740,240.670,0.120,0.600,0.760,0.353,0.027,0.143,0.182,-0.049,-0.004,-0.021,-0.023,0.990,50.090
2610126270,2026-08-17 22:00:00,229.220,230.900,230.220,0.020,0.010,0.010,0.008,0.004,0.001,0.001,-0.004,-0.002,-0.001,-0.001,0.902,50.150
2610126451,2026-08-17 22:00:00,234.130,234.960,233.740,0.010,0.010,0.110,0.028,0.002,0.001,0.025,0.000,0.000,0.000,0.000,0.991,50.150
2610159557,2026-08-17 22:00:00,236.860,235.630,235.770,0.020,0.000,0.010,0.005,0.003,0.000,0.001,-0.004,-0.002,0.000,0.000,0.738,50.160
2610170786,2026-08-17 22:00:00,235.580,235.640,236.580,1.270,1.250,1.310,0.782,0.257,0.258,0.274,0.147,0.045,0.049,0.054,0.984,50.130
2610170836,2026-08-17 22:00:00,233.920,234.810,233.510,0.020,0.080,0.140,0.050,0.004,0.021,0.024,0.002,-0.001,0.002,0.001,0.991,50.160
2610170837,2026-08-17 22:00:00,228.800,226.320,226.690,0.000,0.000,0.040,0.010,0.000,0.001,0.008,0.000,0.000,0.000,0.000,1.000,50.160
2610170838,2026-08-17 22:00:00,236.930,235.620,235.940,0.020,0.020,0.000,0.011,0.005,0.005,0.000,0.000,0.000,0.000,0.000,0.971,50.130
2610170840,2026-08-17 22:00:00,236.220,235.110,235.370,0.460,0.250,0.620,0.313,0.108,0.058,0.145,-0.035,-0.011,-0.007,-0.016,0.993,50.150
2610322967,2026-08-17 22:00:00,237.170,235.820,235.770,0.000,0.000,0.010,0.002,0.000,0.000,0.002,0.000,0.000,0.000,0.000,0.908,50.160
2610322969,2026-08-17 22:00:00,230.970,230.100,229.140,0.050,0.010,0.010,0.015,0.011,0.002,0.002,-0.002,0.000,-0.001,0.000,0.990,50.160
2610322997,2026-08-17 22:00:00,226.410,227.460,225.570,0.960,1.070,0.840,0.624,0.225,0.237,0.161,0.190,0.011,0.103,0.072,0.957,50.160
2610323001,2026-08-17 22:00:00,227.720,225.430,225.690,1.100,0.980,1.090,0.666,0.237,0.201,0.228,0.224,0.077,0.078,0.068,0.947,50.150
2610323004,2026-08-17 22:00:00,63.030,62.280,62.970,0.130,0.110,0.130,0.022,0.007,0.006,0.008,0.001,0.001,0.000,0.000,0.982,50.160
2610323005,2026-08-17 22:00:00,229.450,231.080,230.270,0.000,0.010,0.000,0.002,0.000,0.001,0.000,0.000,0.000,0.000,0.000,1.000,50.160
2610323016,2026-08-17 22:00:00,225.340,223.420,223.640,2.870,2.700,2.690,1.689,0.593,0.547,0.547,0.709,0.237,0.237,0.235,0.921,50.150
2610323019,2026-08-17 22:00:00,229.220,231.040,230.280,0.020,0.060,0.030,0.023,0.004,0.013,0.006,-0.007,-0.001,-0.004,-0.001,0.962,50.150
2610323024,2026-08-17 22:00:00,226.510,227.170,228.810,0.120,0.430,0.260,0.177,0.026,0.092,0.058,0.011,0.003,0.001,0.006,0.997,50.150
2510203106,2026-08-17 22:01:00,236.490,235.580,235.730,0.030,0.010,0.000,0.010,0.006,0.003,0.000,-0.004,-0.003,0.000,0.000,0.953,50.220
2510203115,2026-08-17 22:01:00,235.510,235.820,236.540,0.000,0.000,0.000,0.000,0.000,0.000,0.000,0.000,0.000,0.000,0.000,1.000,50.150
2510633410,2026-08-17 22:01:00,229.720,228.740,230.620,0.060,0.010,0.010,0.017,0.013,0.002,0.001,-0.001,0.001,-0.001,-0.001,0.977,50.120
2610026976,2026-08-17 22:01:00,233.230,233.370,234.440,0.160,0.240,0.090,0.112,0.036,0.055,0.020,-0.008,-0.005,0.000,-0.002,0.997,50.100
2510633393,2026-08-17 22:29:00,232.960,233.290,234.010,1.650,1.700,1.670,1.125,0.366,0.385,0.374,0.270,0.096,0.073,0.100,0.972,50.190
2246006313,2026-08-17 22:30:00,57.500,57.200,57.000,0.974,0.971,0.909,0.159,0.054,0.054,0.050,0.021,0.008,0.005,0.006,0.991,50.140
2410121326,2026-08-17 22:30:00,233.840,232.450,232.780,0.150,0.150,0.180,0.108,0.034,0.033,0.040,0.015,0.002,0.002,0.009,0.988,50.170
2410121371,2026-08-17 22:30:00,234.190,232.790,233.260,0.040,0.010,0.060,0.023,0.008,0.000,0.014,-0.003,0.000,-0.001,-0.001,0.974,50.190
2410121424,2026-08-17 22:30:00,234.150,232.910,233.350,0.010,0.010,0.010,0.004,0.000,0.001,0.002,-0.003,-0.001,-0.001,0.000,0.775,50.210
2410121440,2026-08-17 22:30:00,233.670,232.410,232.770,0.010,0.000,0.010,0.004,0.002,0.000,0.001,-0.002,-0.001,0.000,0.000,0.870,50.180
2410121454,2026-08-17 22:30:00,233.350,234.270,232.920,0.080,0.180,0.160,0.095,0.016,0.041,0.036,0.018,0.007,0.005,0.005,0.979,50.210
2410121457,2026-08-17 22:30:00,234.020,232.680,233.260,0.030,0.100,0.040,0.035,0.005,0.022,0.007,-0.014,-0.004,-0.002,-0.007,0.929,50.170
2410121574,2026-08-17 22:30:00,234.010,232.510,232.870,0.280,0.240,0.250,0.175,0.063,0.054,0.057,-0.039,-0.010,-0.015,-0.013,0.974,50.180
2410131378,2026-08-17 22:30:00,233.060,233.840,232.660,0.250,0.330,0.320,0.199,0.054,0.075,0.069,0.046,0.012,0.012,0.021,0.972,50.210
2410131383,2026-08-17 22:30:00,235.000,235.750,234.730,0.050,0.030,0.100,0.042,0.012,0.007,0.022,-0.004,-0.001,-0.001,-0.002,1.000,50.160
2410131387,2026-08-17 22:30:00,230.750,231.060,231.950,0.060,0.060,0.030,0.032,0.012,0.013,0.006,-0.007,-0.006,0.001,-0.003,0.987,50.170
2410320615,2026-08-17 22:30:00,233.630,233.760,235.280,1.970,1.900,2.030,1.249,0.414,0.403,0.430,0.189,0.056,0.068,0.064,0.989,50.150
2410883988,2026-08-17 22:30:00,227.490,229.530,228.520,0.020,0.000,0.040,0.013,0.004,0.000,0.009,0.000,0.000,0.000,0.000,0.980,50.170
2410883990,2026-08-17 22:30:00,229.230,228.200,227.150,0.080,0.000,0.090,0.038,0.018,0.000,0.019,0.004,0.001,0.000,0.002,1.000,50.160
2410883991,2026-08-17 22:30:00,234.150,234.220,235.400,0.200,0.130,0.220,0.128,0.047,0.028,0.052,0.000,-0.001,0.000,0.000,1.000,50.150
2410883993,2026-08-17 22:30:00,235.060,233.930,234.190,1.130,1.200,0.990,0.764,0.262,0.273,0.228,-0.056,-0.011,-0.021,-0.022,0.997,50.170
2410883994,2026-08-17 22:30:00,235.490,234.260,234.480,0.010,0.050,0.010,0.014,0.001,0.010,0.002,-0.001,0.000,0.000,0.000,0.985,50.170
2410932742,2026-08-17 22:30:00,225.160,222.810,222.880,3.580,3.430,3.630,2.211,0.750,0.708,0.753,0.656,0.227,0.212,0.216,0.958,50.150
2411087432,2026-08-17 22:30:00,232.310,233.310,232.130,0.610,0.520,0.610,0.401,0.141,0.120,0.139,0.009,0.013,-0.002,0.000,0.999,50.160
2411087433,2026-08-17 22:30:00,234.760,234.830,235.950,0.440,0.470,0.450,0.307,0.097,0.107,0.101,-0.010,0.000,-0.008,-0.001,0.999,50.170
2411290205,2026-08-17 22:30:00,235.120,233.940,234.160,0.250,0.240,0.140,0.147,0.058,0.056,0.031,0.013,0.007,0.004,0.002,0.995,50.140
2510014482,2026-08-17 22:30:00,232.500,233.440,232.170,0.010,0.040,0.000,0.009,0.002,0.007,0.000,-0.006,-0.002,-0.003,0.000,0.832,50.150
2510014483,2026-08-17 22:30:00,234.580,234.610,235.730,0.050,0.040,0.050,0.026,0.009,0.007,0.009,-0.020,-0.006,-0.005,-0.008,0.790,50.160
2510014484,2026-08-17 22:30:00,233.860,232.700,233.210,1.830,2.000,1.620,1.218,0.422,0.443,0.352,0.425,0.152,0.137,0.135,0.946,50.160
2510178139,2026-08-17 22:30:00,232.780,233.740,232.420,0.340,0.340,0.300,0.207,0.070,0.071,0.065,0.098,0.032,0.037,0.028,0.902,50.180
2510178141,2026-08-17 22:30:00,232.410,232.670,233.560,0.020,0.010,0.020,0.007,0.002,0.000,0.004,-0.009,-0.004,-0.001,-0.002,0.660,50.150
2510203103,2026-08-17 22:30:00,223.010,220.660,220.940,0.510,0.500,0.570,0.289,0.105,0.087,0.094,-0.118,-0.037,-0.037,-0.043,0.934,50.160
2510203104,2026-08-17 22:30:00,228.510,228.460,229.550,0.800,0.770,0.720,0.487,0.181,0.156,0.149,0.055,0.012,0.018,0.025,0.993,50.170
2510203105,2026-08-17 22:30:00,228.690,226.310,226.680,0.020,0.100,0.010,0.029,0.003,0.023,0.002,0.003,0.000,0.003,0.000,0.984,50.190
2510203107,2026-08-17 22:30:00,224.120,223.060,223.200,0.130,0.120,0.110,0.053,0.019,0.019,0.015,-0.063,-0.022,-0.020,-0.020,0.645,50.150
2510203108,2026-08-17 22:30:00,232.630,233.330,231.970,0.850,1.380,1.960,0.934,0.188,0.319,0.428,0.077,0.028,0.029,0.019,0.996,50.140
2510203109,2026-08-17 22:30:00,234.750,235.960,234.720,0.150,0.070,0.090,0.070,0.032,0.017,0.021,0.010,0.014,-0.002,-0.001,0.983,50.190
2510203111,2026-08-17 22:30:00,232.060,232.550,233.500,1.540,1.280,1.710,0.957,0.319,0.268,0.366,0.247,0.106,0.072,0.068,0.969,50.180
2510203113,2026-08-17 22:30:00,234.030,235.000,234.000,0.270,0.390,0.320,0.243,0.067,0.097,0.080,0.005,0.004,0.000,0.000,0.995,50.150
2510203114,2026-08-17 22:30:00,228.820,229.030,229.960,0.440,0.280,0.240,0.194,0.080,0.055,0.058,0.033,0.011,0.007,0.013,0.983,50.190
2510203117,2026-08-17 22:30:00,229.110,228.210,227.010,0.370,0.330,0.180,0.197,0.082,0.074,0.039,-0.031,-0.008,-0.012,-0.010,0.989,50.120
2510203118,2026-08-17 22:30:00,123.770,123.800,124.430,0.160,0.150,0.150,0.027,0.010,0.009,0.008,-0.048,-0.016,-0.015,-0.016,0.497,50.180
2510203119,2026-08-17 22:30:00,229.400,228.340,227.190,0.000,0.000,0.000,0.000,0.000,0.000,0.000,0.000,0.000,0.000,0.000,1.000,50.160
2510203120,2026-08-17 22:30:00,235.170,233.910,234.140,0.800,0.650,0.660,0.500,0.191,0.151,0.158,0.171,0.060,0.053,0.044,0.958,50.130
2510203121,2026-08-17 22:30:00,228.610,227.430,229.520,0.150,0.050,0.180,0.081,0.033,0.008,0.039,-0.026,-0.006,-0.008,-0.011,0.955,50.190
2510203122,2026-08-17 22:30:00,232.300,233.380,232.060,0.080,0.030,0.000,0.020,0.013,0.006,0.000,0.014,0.013,0.001,0.000,0.801,50.160
2510203123,2026-08-17 22:30:00,232.010,232.390,233.310,0.010,0.010,0.000,0.005,0.002,0.001,0.000,-0.002,-0.001,0.000,0.000,0.868,50.180
2510203124,2026-08-17 22:30:00,233.200,233.740,232.540,0.120,0.120,0.140,0.080,0.024,0.025,0.029,0.030,0.009,0.010,0.010,0.933,50.190
2510203125,2026-08-17 22:30:00,234.480,234.800,235.710,0.070,0.100,0.130,0.039,0.004,0.009,0.025,-0.053,-0.016,-0.020,-0.016,0.585,50.180
2510203126,2026-08-17 22:30:00,228.770,227.540,229.680,0.040,0.020,0.000,0.013,0.009,0.004,0.000,0.000,0.000,0.000,0.000,0.971,50.170
2510203127,2026-08-17 22:30:00,232.720,233.670,232.440,0.050,0.010,0.030,0.020,0.011,0.002,0.005,-0.006,0.000,0.000,-0.005,0.959,50.170
2510203128,2026-08-17 22:30:00,234.180,234.920,233.220,2.180,2.150,2.180,1.487,0.501,0.490,0.495,0.133,0.018,0.047,0.066,0.995,50.160
2510203130,2026-08-17 22:30:00,238.380,238.480,240.660,0.000,0.010,0.010,0.003,0.000,0.001,0.001,0.000,0.000,0.000,0.000,1.000,50.200
2510203133,2026-08-17 22:30:00,231.250,232.290,231.050,0.160,0.170,0.140,0.087,0.030,0.034,0.021,0.062,0.021,0.019,0.022,0.815,50.130
2510203134,2026-08-17 22:30:00,235.910,234.630,234.590,0.020,0.010,0.010,0.007,0.004,0.002,0.001,-0.002,-0.001,-0.001,0.000,0.966,50.150
2510224049,2026-08-17 22:30:00,226.910,228.980,228.000,16.810,12.150,7.890,6.900,2.900,2.390,1.580,-2.120,-0.680,-0.850,-0.580,0.955,50.160
2510224167,2026-08-17 22:30:00,228.040,226.780,228.990,4.130,4.520,4.860,2.180,0.680,0.720,0.780,-1.890,-0.550,-0.650,-0.680,0.756,50.160
2510317505,2026-08-17 22:30:00,228.350,227.250,229.260,11.610,3.770,5.280,3.690,2.290,0.600,0.790,-1.800,-0.540,-0.560,-0.690,0.898,50.150
2510389559,2026-08-17 22:30:00,235.460,234.300,234.580,0.000,0.000,0.000,0.000,0.000,0.000,0.000,0.000,0.000,0.000,0.000,1.000,50.160
2510389643,2026-08-17 22:30:00,235.700,234.620,234.990,16.770,18.330,7.000,9.360,3.460,4.260,1.630,-0.860,-0.220,-0.450,-0.170,0.995,50.150
2510389931,2026-08-17 22:30:00,234.960,233.650,233.890,18.310,10.060,24.920,12.380,4.270,2.320,5.780,-1.380,-0.440,-0.290,-0.630,0.993,50.150
2510633381,2026-08-17 22:30:00,235.730,234.480,234.640,0.040,0.090,0.010,0.031,0.009,0.019,0.002,-0.011,-0.004,-0.005,-0.001,0.948,50.170
2510633383,2026-08-17 22:30:00,232.430,232.710,233.710,0.110,0.080,0.090,0.018,0.006,0.001,0.010,-0.062,-0.024,-0.019,-0.019,0.279,50.170
2510633385,2026-08-17 22:30:00,235.690,234.680,234.980,0.410,0.400,0.250,0.245,0.094,0.092,0.058,-0.030,-0.008,-0.013,-0.008,0.993,50.190
2510633386,2026-08-17 22:30:00,224.280,224.310,225.500,1.110,1.140,1.120,0.139,0.048,0.044,0.049,-0.709,-0.231,-0.239,-0.238,0.188,50.170
2510633387,2026-08-17 22:30:00,232.980,233.950,232.710,0.010,0.000,0.000,0.002,0.002,0.000,0.000,0.000,0.000,0.000,0.000,1.000,50.170
2510633389,2026-08-17 22:30:00,234.890,235.760,234.520,0.140,0.170,0.140,0.066,0.016,0.028,0.021,-0.083,-0.029,-0.028,-0.026,0.628,50.170
2510633390,2026-08-17 22:30:00,234.650,236.030,234.550,1.430,1.630,1.520,1.035,0.313,0.388,0.333,0.275,0.066,0.081,0.128,0.962,50.160
2510633391,2026-08-17 22:30:00,122.700,122.070,122.260,0.000,0.000,0.000,0.000,0.000,0.000,0.000,0.000,0.000,0.000,0.000,1.000,50.150
2510633395,2026-08-17 22:30:00,232.940,233.810,232.610,0.000,0.000,0.000,0.000,0.000,0.000,0.000,0.000,0.000,0.000,0.000,1.000,50.190
2510633396,2026-08-17 22:30:00,233.540,232.250,232.970,0.210,0.260,0.220,0.148,0.045,0.056,0.046,0.063,0.021,0.021,0.020,0.920,50.180
2510633397,2026-08-17 22:30:00,242.020,240.760,240.940,0.030,0.030,0.020,0.018,0.005,0.008,0.004,-0.004,-0.002,-0.001,0.000,0.994,50.160
2510633399,2026-08-17 22:30:00,228.330,227.130,229.260,0.380,0.440,0.510,0.305,0.086,0.101,0.117,0.000,0.002,-0.002,-0.001,0.998,50.170
2510633400,2026-08-17 22:30:00,226.950,229.030,228.090,0.190,0.240,0.220,0.136,0.039,0.050,0.044,0.046,0.013,0.016,0.016,0.946,50.160
2510633406,2026-08-17 22:30:00,228.280,227.070,229.300,0.060,0.080,0.080,0.037,0.011,0.012,0.012,-0.032,-0.009,-0.011,-0.011,0.756,50.170
2510633410,2026-08-17 22:30:00,228.460,227.310,229.440,0.050,0.010,0.010,0.016,0.011,0.002,0.001,-0.003,-0.001,-0.001,-0.001,1.000,50.170
2510633411,2026-08-17 22:30:00,226.260,225.020,223.950,2.240,2.130,2.150,1.371,0.478,0.444,0.446,0.527,0.166,0.181,0.178,0.933,50.160
2510814977,2026-08-17 22:30:00,225.970,227.990,225.860,0.020,0.010,0.020,0.011,0.003,0.002,0.004,-0.002,0.000,-0.001,-0.001,0.959,50.160
2610026950,2026-08-17 22:30:00,229.200,228.060,226.940,0.010,0.000,0.010,0.004,0.002,0.000,0.001,-0.001,0.000,0.000,0.000,1.000,50.170
2610026952,2026-08-17 22:30:00,233.480,232.120,232.430,0.060,0.080,0.060,0.045,0.012,0.019,0.013,0.010,0.003,0.003,0.003,0.984,50.160
2610026953,2026-08-17 22:30:00,234.990,233.610,233.920,0.440,0.490,0.450,0.329,0.108,0.114,0.107,0.125,0.042,0.045,0.037,0.937,50.180
2610026963,2026-08-17 22:30:00,232.950,233.050,234.070,0.190,0.110,0.110,0.081,0.038,0.022,0.020,-0.048,-0.019,-0.013,-0.014,0.860,50.190
2610026966,2026-08-17 22:30:00,230.370,230.380,230.380,0.050,0.060,0.070,0.039,0.011,0.014,0.013,0.015,0.004,0.002,0.007,0.928,50.190
2610026976,2026-08-17 22:30:00,232.550,232.810,233.850,0.100,0.240,0.090,0.098,0.021,0.056,0.020,-0.008,-0.005,0.000,-0.002,0.994,50.180
2610026977,2026-08-17 22:30:00,241.480,241.160,241.230,0.100,0.590,0.700,0.330,0.022,0.140,0.167,-0.049,-0.004,-0.020,-0.023,0.988,50.160
2610126270,2026-08-17 22:30:00,227.090,229.090,228.200,0.020,0.010,0.010,0.006,0.003,0.001,0.001,-0.004,-0.001,-0.001,-0.001,0.868,50.150
2610126451,2026-08-17 22:30:00,232.850,233.720,232.460,0.010,0.010,0.070,0.018,0.002,0.001,0.015,0.000,0.000,0.000,0.001,0.993,50.180
2610159557,2026-08-17 22:30:00,235.700,234.520,234.690,0.020,0.010,0.010,0.004,0.002,0.000,0.001,-0.004,-0.002,0.000,0.000,0.778,50.170
2610170786,2026-08-17 22:30:00,234.230,234.420,235.490,0.880,0.790,0.920,0.586,0.180,0.170,0.197,0.136,0.045,0.043,0.048,0.974,50.160
2610170836,2026-08-17 22:30:00,232.290,233.240,231.970,0.010,0.090,0.120,0.045,0.002,0.024,0.029,0.001,-0.001,0.001,0.001,1.000,50.160
2610170837,2026-08-17 22:30:00,228.010,225.660,225.890,0.000,0.000,0.020,0.006,0.000,0.001,0.005,0.000,0.000,0.000,0.000,0.937,50.150
2610170838,2026-08-17 22:30:00,235.450,234.120,234.310,0.020,0.010,0.000,0.008,0.005,0.002,0.000,0.000,0.000,0.000,0.000,1.000,50.160
2610170840,2026-08-17 22:30:00,235.070,233.750,234.050,0.490,0.250,0.630,0.318,0.114,0.058,0.145,-0.036,-0.012,-0.007,-0.016,0.992,50.150
2610322967,2026-08-17 22:30:00,236.150,234.810,234.670,0.000,0.000,0.010,0.002,0.000,0.000,0.002,0.000,0.000,0.000,0.000,0.864,50.180
2610322969,2026-08-17 22:30:00,229.260,228.170,227.050,0.050,0.010,0.010,0.015,0.011,0.001,0.002,-0.002,0.000,0.000,0.000,1.000,50.170
2610322997,2026-08-17 22:30:00,225.640,226.630,224.760,1.090,1.290,0.930,0.529,0.191,0.206,0.136,0.193,0.020,0.101,0.071,0.948,50.160
2610323001,2026-08-17 22:30:00,226.400,224.190,224.240,1.610,1.490,1.610,0.987,0.347,0.305,0.339,0.373,0.125,0.129,0.119,0.936,50.150
2610323004,2026-08-17 22:30:00,62.830,62.050,62.720,0.130,0.110,0.140,0.023,0.007,0.007,0.008,0.001,0.001,0.000,0.000,1.000,50.160
2610323005,2026-08-17 22:30:00,227.250,229.310,228.260,0.000,0.000,0.000,0.001,0.000,0.001,0.000,0.000,0.000,0.000,0.000,0.927,50.150
2610323016,2026-08-17 22:30:00,225.130,223.190,223.370,2.240,2.060,2.030,1.256,0.452,0.401,0.403,0.619,0.208,0.211,0.199,0.898,50.160
2610323019,2026-08-17 22:30:00,226.980,229.230,228.230,0.020,0.060,0.030,0.023,0.004,0.013,0.005,-0.008,-0.001,-0.004,-0.002,0.952,50.150
2610323024,2026-08-17 22:30:00,225.880,226.370,228.040,0.110,0.420,0.260,0.178,0.024,0.095,0.058,0.010,0.003,0.002,0.005,0.996,50.160
2410131384,2026-08-17 22:31:00,234.510,235.660,234.710,1.240,1.240,1.180,0.819,0.230,0.309,0.279,0.188,0.063,0.062,0.061,0.972,50.200
2510014481,2026-08-17 22:31:00,224.620,224.770,226.690,1.650,2.000,2.100,1.336,0.428,0.436,0.470,0.500,0.166,0.159,0.174,0.927,50.210
2510203106,2026-08-17 22:31:00,235.530,234.340,234.650,0.030,0.010,0.000,0.010,0.006,0.003,0.000,-0.004,-0.003,0.000,0.000,0.943,50.180
2510203115,2026-08-17 22:31:00,233.860,234.290,235.130,0.000,0.000,0.000,0.000,0.000,0.000,0.000,0.000,0.000,0.000,0.000,1.000,50.190
2510317516,2026-08-17 22:31:00,229.010,227.730,229.870,0.000,0.000,0.000,0.000,0.000,0.000,0.000,0.000,0.000,0.000,0.000,1.000,50.200
2410121353,2026-08-17 22:32:00,233.890,232.630,232.990,0.000,0.010,0.050,0.016,0.000,0.002,0.013,-0.001,0.000,0.000,0.000,1.000,50.140
2510317537,2026-08-17 22:32:00,234.560,234.520,235.460,2.900,3.150,3.010,2.240,0.710,0.700,0.670,-0.340,-0.110,-0.110,-0.110,0.987,50.170
2510633402,2026-08-17 22:32:00,225.630,225.780,227.950,0.400,0.410,0.370,0.255,0.083,0.084,0.086,0.062,0.020,0.019,0.021,0.970,50.140
2510633393,2026-08-17 22:59:00,234.490,234.960,235.540,1.560,1.620,1.590,1.154,0.374,0.395,0.384,0.288,0.101,0.080,0.106,0.965,50.090
2246006313,2026-08-17 23:00:00,58.100,57.800,57.600,0.932,0.922,0.871,0.155,0.053,0.052,0.048,0.022,0.009,0.006,0.007,0.989,50.060
2410121326,2026-08-17 23:00:00,235.830,234.520,234.730,0.120,0.140,0.150,0.097,0.028,0.033,0.035,0.000,-0.002,-0.001,0.004,0.995,50.110
2410121353,2026-08-17 23:00:00,235.750,234.560,234.810,0.000,0.010,0.040,0.012,0.000,0.002,0.009,-0.001,0.000,0.000,0.000,1.000,50.080
2410121371,2026-08-17 23:00:00,235.930,234.590,234.840,0.040,0.010,0.040,0.017,0.008,0.000,0.008,-0.001,0.000,-0.001,0.000,0.990,50.060
2410121424,2026-08-17 23:00:00,235.850,234.650,234.900,0.010,0.010,0.010,0.004,0.000,0.001,0.002,-0.003,-0.001,-0.001,0.000,0.781,50.060
2410121440,2026-08-17 23:00:00,235.320,234.090,234.300,0.010,0.000,0.010,0.004,0.002,0.000,0.001,-0.002,-0.001,0.000,0.000,0.873,50.080
2410121454,2026-08-17 23:00:00,234.890,235.950,234.640,0.080,0.180,0.160,0.094,0.016,0.040,0.037,0.020,0.007,0.006,0.006,0.974,50.070
2410121457,2026-08-17 23:00:00,235.640,234.310,234.700,0.030,0.100,0.040,0.034,0.005,0.022,0.007,-0.014,-0.005,-0.002,-0.007,0.914,50.100
2410121574,2026-08-17 23:00:00,235.850,234.440,234.630,0.280,0.240,0.240,0.171,0.063,0.052,0.054,-0.039,-0.010,-0.015,-0.013,0.972,50.070
2410131378,2026-08-17 23:00:00,234.500,235.490,234.320,0.240,0.290,0.280,0.184,0.053,0.067,0.063,0.044,0.014,0.011,0.019,0.968,50.070
2410131383,2026-08-17 23:00:00,236.470,237.060,236.080,0.040,0.020,0.060,0.028,0.010,0.004,0.013,-0.006,-0.001,-0.001,-0.003,0.960,50.100
2410131384,2026-08-17 23:00:00,235.750,236.830,235.770,1.100,1.310,1.310,0.789,0.242,0.299,0.247,0.200,0.067,0.072,0.059,0.978,50.050
2410131387,2026-08-17 23:00:00,232.570,233.100,233.930,0.090,0.060,0.070,0.048,0.021,0.013,0.013,-0.007,-0.001,0.001,-0.007,0.989,50.090
2410320615,2026-08-17 23:00:00,234.890,235.190,236.390,1.810,1.740,1.890,1.293,0.431,0.427,0.467,0.199,0.056,0.072,0.070,0.988,50.050
2410883988,2026-08-17 23:00:00,229.850,231.770,230.910,0.020,0.000,0.040,0.013,0.004,0.000,0.009,0.000,0.000,0.000,0.000,0.984,50.120
2410883990,2026-08-17 23:00:00,231.330,230.410,229.420,0.080,0.000,0.080,0.037,0.018,0.000,0.018,0.004,0.001,0.000,0.002,0.984,50.100
2410883991,2026-08-17 23:00:00,236.370,236.500,237.650,0.160,0.140,0.180,0.114,0.038,0.034,0.042,-0.001,0.001,0.000,-0.001,1.000,50.100
2410883993,2026-08-17 23:00:00,236.850,235.830,236.000,1.020,1.080,0.850,0.697,0.241,0.255,0.200,-0.067,-0.012,-0.029,-0.024,0.995,50.080
2410883994,2026-08-17 23:00:00,237.330,236.140,236.350,0.010,0.040,0.010,0.014,0.001,0.010,0.002,0.000,0.000,0.000,0.000,1.000,50.100
2410932742,2026-08-17 23:00:00,227.300,225.030,225.090,3.360,3.220,3.410,2.083,0.707,0.666,0.709,0.623,0.216,0.200,0.205,0.958,50.060
2411087432,2026-08-17 23:00:00,235.060,236.130,234.840,0.620,0.520,0.600,0.403,0.143,0.121,0.139,0.003,0.014,-0.005,-0.004,0.999,50.130
2411087433,2026-08-17 23:00:00,236.570,236.670,237.710,0.380,0.430,0.420,0.288,0.092,0.098,0.097,-0.021,0.000,-0.012,-0.008,0.996,50.080
2411290205,2026-08-17 23:00:00,237.110,236.090,236.270,0.240,0.160,0.160,0.130,0.055,0.036,0.038,0.010,0.005,0.002,0.002,0.999,50.090
2510014481,2026-08-17 23:00:00,225.910,226.050,227.960,2.140,1.760,2.000,1.192,0.442,0.349,0.400,0.548,0.183,0.182,0.189,0.918,50.090
2510014482,2026-08-17 23:00:00,234.950,235.900,234.680,0.010,0.040,0.000,0.012,0.002,0.009,0.000,-0.002,-0.002,0.000,0.000,1.000,50.150
2510014483,2026-08-17 23:00:00,236.190,236.110,237.290,0.040,0.030,0.050,0.021,0.008,0.005,0.007,-0.020,-0.006,-0.005,-0.008,0.692,50.090
2510014484,2026-08-17 23:00:00,235.630,234.520,235.070,1.380,1.660,1.280,0.926,0.287,0.365,0.273,0.385,0.139,0.125,0.120,0.923,50.140
2510178139,2026-08-17 23:00:00,234.950,236.030,234.760,0.290,0.270,0.270,0.180,0.060,0.059,0.060,0.058,0.025,0.020,0.012,0.950,50.100
2510203103,2026-08-17 23:00:00,224.530,222.240,222.340,0.460,0.400,0.360,0.256,0.093,0.086,0.075,-0.119,-0.038,-0.037,-0.043,0.896,50.050
2510203104,2026-08-17 23:00:00,230.620,230.560,231.600,0.290,0.270,0.260,0.200,0.084,0.057,0.054,0.054,0.009,0.016,0.027,0.968,50.100
2510203107,2026-08-17 23:00:00,225.250,224.180,224.500,0.140,0.140,0.120,0.079,0.027,0.027,0.024,-0.041,-0.014,-0.013,-0.013,0.888,50.090
2510203109,2026-08-17 23:00:00,236.610,237.810,236.580,0.160,0.040,0.090,0.063,0.033,0.010,0.019,0.010,0.015,-0.002,-0.002,0.977,50.100
2510203111,2026-08-17 23:00:00,234.230,234.570,235.590,1.370,1.230,1.470,0.876,0.290,0.263,0.322,0.242,0.097,0.082,0.063,0.963,50.070
2510203113,2026-08-17 23:00:00,236.280,237.070,236.160,0.270,0.380,0.310,0.216,0.062,0.081,0.072,-0.011,-0.001,-0.006,-0.003,0.997,50.130
2510203114,2026-08-17 23:00:00,230.650,230.810,231.760,0.420,0.250,0.260,0.199,0.081,0.059,0.060,0.026,0.008,0.004,0.013,0.993,50.100
2510203117,2026-08-17 23:00:00,231.350,230.470,229.310,0.380,0.320,0.180,0.198,0.086,0.072,0.039,-0.032,-0.009,-0.012,-0.011,0.988,50.070
2510203118,2026-08-17 23:00:00,124.700,124.680,125.270,0.160,0.140,0.150,0.028,0.010,0.009,0.008,-0.046,-0.016,-0.014,-0.016,0.520,50.090
2510203119,2026-08-17 23:00:00,231.260,230.300,229.200,0.000,0.000,0.000,0.000,0.000,0.000,0.000,0.000,0.000,0.000,0.000,1.000,50.040
2510203120,2026-08-17 23:00:00,236.830,235.640,235.820,0.650,0.510,0.490,0.360,0.142,0.112,0.110,0.115,0.045,0.039,0.030,0.954,50.060
2510203121,2026-08-17 23:00:00,230.820,229.800,231.720,0.150,0.050,0.180,0.082,0.034,0.008,0.039,-0.026,-0.006,-0.008,-0.012,0.955,50.090
2510203122,2026-08-17 23:00:00,235.100,236.220,234.930,0.050,0.020,0.000,0.014,0.010,0.003,0.000,0.004,0.007,-0.001,0.000,0.960,50.120
2510203123,2026-08-17 23:00:00,234.170,234.410,235.520,0.010,0.010,0.000,0.005,0.002,0.001,0.000,-0.002,-0.001,0.000,0.000,0.888,50.090
2510203124,2026-08-17 23:00:00,235.040,235.710,234.540,0.110,0.120,0.130,0.080,0.025,0.025,0.029,0.031,0.010,0.010,0.010,0.927,50.100
2510203125,2026-08-17 23:00:00,236.130,236.560,237.270,0.070,0.100,0.130,0.039,0.004,0.009,0.025,-0.054,-0.017,-0.020,-0.016,0.587,50.090
2510203126,2026-08-17 23:00:00,231.000,229.840,231.830,0.040,0.020,0.000,0.013,0.009,0.004,0.000,0.000,0.000,0.000,0.000,0.973,50.110
2510203127,2026-08-17 23:00:00,234.910,235.980,234.730,0.040,0.010,0.030,0.018,0.009,0.002,0.006,-0.006,0.000,0.000,-0.005,0.971,50.120
2510203128,2026-08-17 23:00:00,235.670,236.360,234.690,2.060,2.050,2.070,1.424,0.476,0.473,0.474,0.122,0.014,0.045,0.062,0.996,50.040
2510203130,2026-08-17 23:00:00,240.400,240.280,242.740,0.000,0.010,0.010,0.003,0.000,0.001,0.001,0.000,0.000,0.000,0.000,1.000,50.100
2510203133,2026-08-17 23:00:00,234.630,235.720,234.560,0.030,0.020,0.100,0.034,0.007,0.004,0.023,0.001,0.000,-0.001,0.002,1.000,50.130
2510203134,2026-08-17 23:00:00,237.720,236.410,236.340,0.020,0.010,0.010,0.007,0.004,0.002,0.001,-0.002,-0.001,-0.001,0.000,0.976,50.070
2510224049,2026-08-17 23:00:00,229.030,231.010,230.270,16.640,12.070,7.830,6.880,2.900,2.400,1.570,-2.160,-0.690,-0.870,-0.590,0.953,50.110
2510224167,2026-08-17 23:00:00,230.330,229.160,231.260,4.130,4.500,4.850,2.190,0.680,0.720,0.780,-1.920,-0.560,-0.660,-0.690,0.752,50.130
2510317505,2026-08-17 23:00:00,230.340,229.230,231.260,9.960,3.770,5.270,3.720,2.320,0.600,0.790,-1.830,-0.550,-0.560,-0.700,0.876,50.130
2510317516,2026-08-17 23:00:00,230.700,229.520,231.550,0.000,0.000,0.000,0.000,0.000,0.000,0.000,0.000,0.000,0.000,0.000,1.000,50.140
2510317537,2026-08-17 23:00:00,236.060,236.140,237.050,2.860,2.800,2.800,2.110,0.700,0.680,0.680,-0.340,-0.110,-0.110,-0.110,0.985,50.140
2510389559,2026-08-17 23:00:00,237.560,236.440,236.830,0.000,0.000,0.000,0.000,0.000,0.000,0.000,0.000,0.000,0.000,0.000,1.000,50.130
2510389643,2026-08-17 23:00:00,237.350,236.140,236.530,5.620,11.780,4.750,5.070,1.230,2.730,1.100,-0.810,-0.170,-0.460,-0.160,0.987,50.120
2510389931,2026-08-17 23:00:00,236.450,235.130,235.520,8.960,4.960,15.540,6.800,2.060,1.130,3.600,-1.260,-0.440,-0.260,-0.550,0.983,50.110
2510633381,2026-08-17 23:00:00,237.600,236.410,236.450,0.040,0.080,0.010,0.029,0.008,0.018,0.002,-0.013,-0.005,-0.006,-0.001,0.913,50.100
2510633383,2026-08-17 23:00:00,234.700,234.810,235.860,0.110,0.080,0.090,0.017,0.007,0.002,0.008,-0.063,-0.024,-0.019,-0.019,0.262,50.120
2510633385,2026-08-17 23:00:00,237.430,236.310,236.730,0.230,0.290,0.220,0.170,0.053,0.066,0.050,-0.031,-0.010,-0.013,-0.007,0.982,50.090
2510633386,2026-08-17 23:00:00,225.920,225.970,227.090,1.130,1.160,1.140,0.132,0.045,0.042,0.047,-0.717,-0.233,-0.242,-0.240,0.178,50.090
2510633387,2026-08-17 23:00:00,234.580,235.700,234.450,0.010,0.000,0.000,0.002,0.002,0.000,0.000,0.000,0.000,0.000,0.000,1.000,50.090
2510633389,2026-08-17 23:00:00,236.390,237.090,235.920,0.140,0.170,0.160,0.067,0.013,0.027,0.026,-0.083,-0.028,-0.027,-0.026,0.629,50.100
2510633390,2026-08-17 23:00:00,236.170,237.460,235.960,1.330,1.520,1.410,0.863,0.267,0.323,0.272,0.206,0.044,0.060,0.101,0.975,50.090
2510633391,2026-08-17 23:00:00,123.660,123.020,123.130,0.000,0.000,0.000,0.000,0.000,0.000,0.000,0.000,0.000,0.000,0.000,1.000,50.120
2510633395,2026-08-17 23:00:00,235.020,235.850,234.700,0.000,0.000,0.000,0.000,0.000,0.000,0.000,0.000,0.000,0.000,0.000,1.000,50.100
2510633396,2026-08-17 23:00:00,235.670,234.490,235.090,0.220,0.260,0.220,0.149,0.046,0.056,0.046,0.065,0.022,0.022,0.020,0.914,50.110
2510633397,2026-08-17 23:00:00,243.610,242.250,242.420,0.010,0.030,0.020,0.015,0.002,0.008,0.004,-0.003,-0.002,-0.001,0.000,0.965,50.100
2510633399,2026-08-17 23:00:00,230.550,229.430,231.380,0.360,0.430,0.470,0.294,0.083,0.100,0.110,0.007,0.004,0.001,0.001,0.999,50.120
2510633400,2026-08-17 23:00:00,228.910,230.910,229.970,0.250,0.300,0.270,0.176,0.053,0.064,0.058,0.048,0.014,0.016,0.017,0.961,50.120
2510633402,2026-08-17 23:00:00,227.780,227.690,230.030,0.340,0.360,0.360,0.243,0.075,0.083,0.084,0.073,0.024,0.023,0.025,0.964,50.090
2510633406,2026-08-17 23:00:00,230.560,229.330,231.450,0.070,0.080,0.080,0.037,0.011,0.012,0.013,-0.033,-0.009,-0.011,-0.011,0.744,50.090
2510633410,2026-08-17 23:00:00,230.580,229.380,231.530,0.050,0.010,0.010,0.016,0.012,0.002,0.001,-0.003,-0.001,-0.001,-0.001,0.958,50.080
2510633411,2026-08-17 23:00:00,228.410,227.210,226.180,2.140,2.080,2.110,1.353,0.471,0.437,0.444,0.512,0.162,0.176,0.174,0.933,50.110
2510814977,2026-08-17 23:00:00,227.740,229.860,227.680,0.020,0.010,0.020,0.011,0.003,0.002,0.004,-0.002,0.000,-0.001,-0.001,0.972,50.080
2610026950,2026-08-17 23:00:00,231.380,230.330,229.200,0.010,0.000,0.010,0.004,0.002,0.000,0.001,-0.001,0.000,0.000,0.000,1.000,50.080
2610026952,2026-08-17 23:00:00,235.630,234.270,234.500,0.060,0.080,0.060,0.045,0.012,0.019,0.013,0.009,0.003,0.003,0.003,0.985,50.080
2610026953,2026-08-17 23:00:00,236.440,235.250,235.690,0.460,0.430,0.420,0.280,0.092,0.098,0.088,0.118,0.039,0.041,0.037,0.924,50.090
2610026963,2026-08-17 23:00:00,234.960,234.970,236.100,0.190,0.110,0.090,0.076,0.039,0.020,0.016,-0.048,-0.019,-0.014,-0.014,0.840,50.110
2610026966,2026-08-17 23:00:00,230.640,230.670,230.850,0.060,0.070,0.080,0.043,0.012,0.015,0.015,0.017,0.005,0.003,0.008,0.927,50.100
2610026977,2026-08-17 23:00:00,241.730,241.430,241.750,0.100,0.590,0.620,0.311,0.022,0.141,0.147,-0.049,-0.004,-0.020,-0.023,0.986,50.110
2610126270,2026-08-17 23:00:00,229.400,231.250,230.490,0.020,0.010,0.010,0.007,0.003,0.001,0.001,-0.004,-0.001,-0.001,-0.001,0.884,50.100
2610126451,2026-08-17 23:00:00,234.890,235.770,234.620,0.010,0.010,0.080,0.022,0.002,0.001,0.018,0.000,0.000,0.000,0.000,1.000,50.090
2610170786,2026-08-17 23:00:00,236.070,236.120,237.170,0.720,0.700,0.800,0.553,0.176,0.171,0.205,0.181,0.061,0.053,0.061,0.955,50.130
2610170836,2026-08-17 23:00:00,234.320,235.350,234.070,0.020,0.080,0.090,0.046,0.004,0.019,0.023,0.003,-0.001,0.002,0.002,0.986,50.090
2610170837,2026-08-17 23:00:00,229.880,227.520,227.660,0.000,0.000,0.040,0.010,0.000,0.001,0.008,0.000,0.000,0.000,0.000,1.000,50.100
2610170838,2026-08-17 23:00:00,237.370,236.040,236.240,0.020,0.020,0.000,0.010,0.005,0.004,0.000,0.000,0.000,0.000,0.000,0.976,50.140
2610322967,2026-08-17 23:00:00,237.710,236.390,236.250,0.000,0.000,0.010,0.002,0.000,0.000,0.002,0.000,0.000,0.000,0.000,0.873,50.080
2610322969,2026-08-17 23:00:00,231.390,230.430,229.310,0.050,0.010,0.010,0.015,0.012,0.001,0.002,-0.002,0.000,0.000,0.000,0.980,50.080
2610322997,2026-08-17 23:00:00,227.350,228.780,226.860,0.920,1.050,0.740,0.597,0.212,0.223,0.154,0.192,0.018,0.100,0.073,0.952,50.080
2610323001,2026-08-17 23:00:00,228.610,226.370,226.300,1.450,1.330,1.470,0.902,0.316,0.274,0.310,0.349,0.119,0.120,0.108,0.933,50.110
2610323004,2026-08-17 23:00:00,63.330,62.540,63.220,0.130,0.120,0.130,0.023,0.008,0.007,0.007,0.002,0.001,0.000,0.000,0.976,50.090
2610323005,2026-08-17 23:00:00,229.480,231.360,230.470,0.000,0.000,0.000,0.001,0.000,0.001,0.000,0.000,0.000,0.000,0.000,0.934,50.080
2610323016,2026-08-17 23:00:00,225.440,223.630,223.620,3.740,3.620,3.560,2.252,0.783,0.741,0.727,0.898,0.293,0.303,0.301,0.928,50.100
2610323019,2026-08-17 23:00:00,229.260,231.500,230.570,0.020,0.060,0.030,0.023,0.004,0.012,0.006,-0.007,-0.001,-0.004,-0.001,0.966,50.090
2610323024,2026-08-17 23:00:00,227.720,228.110,229.920,0.100,0.380,0.260,0.166,0.022,0.085,0.058,0.010,0.003,0.001,0.005,0.999,50.100
2510178141,2026-08-17 23:01:00,234.590,234.760,235.750,0.020,0.010,0.020,0.006,0.002,0.000,0.002,-0.009,-0.004,-0.001,-0.003,0.544,50.060
2510203106,2026-08-17 23:01:00,236.960,235.850,236.210,0.030,0.010,0.000,0.009,0.006,0.003,0.000,-0.004,-0.003,0.000,0.000,0.897,50.090
2510203108,2026-08-17 23:01:00,234.230,234.990,233.780,0.780,1.350,1.630,0.858,0.172,0.310,0.374,0.084,0.029,0.033,0.021,0.994,50.080
2510203115,2026-08-17 23:01:00,235.790,236.360,237.050,0.000,0.000,0.000,0.000,0.000,0.000,0.000,0.000,0.000,0.000,0.000,1.000,50.080
2610026976,2026-08-17 23:01:00,234.530,234.750,235.920,0.150,0.240,0.020,0.097,0.034,0.056,0.005,-0.002,0.000,0.000,-0.001,1.000,50.060
2610170840,2026-08-17 23:01:00,236.830,235.550,236.100,0.260,0.120,0.390,0.178,0.059,0.028,0.090,-0.033,-0.012,-0.006,-0.014,0.984,50.070
2510203105,2026-08-17 23:02:00,230.650,228.310,228.530,0.020,0.100,0.010,0.029,0.003,0.023,0.002,0.003,0.000,0.003,0.000,0.987,50.130
2610159557,2026-08-17 23:02:00,237.800,236.630,236.620,0.020,0.010,0.010,0.004,0.002,0.000,0.001,-0.004,-0.002,0.000,0.000,0.729,50.160
2510633393,2026-08-17 23:29:00,236.720,237.280,237.730,1.640,1.720,1.670,1.142,0.368,0.393,0.379,0.304,0.106,0.085,0.112,0.966,50.210
2246006313,2026-08-17 23:30:00,59.100,58.800,58.600,0.869,0.862,0.821,0.147,0.050,0.049,0.047,0.018,0.007,0.005,0.006,0.991,50.230
2410121326,2026-08-17 23:30:00,238.340,237.100,237.300,0.130,0.140,0.150,0.099,0.031,0.032,0.035,0.000,-0.001,-0.001,0.003,1.000,50.250
2410121353,2026-08-17 23:30:00,237.730,236.530,236.770,0.000,0.010,0.040,0.012,0.000,0.002,0.009,-0.001,0.000,0.000,0.000,0.993,50.190
2410121371,2026-08-17 23:30:00,238.470,237.140,237.120,0.040,0.010,0.060,0.023,0.008,0.000,0.014,-0.003,0.000,-0.001,-0.001,0.986,50.240
2410121424,2026-08-17 23:30:00,237.790,236.600,236.860,0.010,0.010,0.010,0.004,0.000,0.001,0.002,-0.003,-0.001,-0.001,0.000,0.789,50.200
2410121440,2026-08-17 23:30:00,238.250,237.030,237.160,0.010,0.000,0.010,0.004,0.002,0.000,0.001,-0.002,-0.001,0.000,0.000,0.883,50.240
2410121454,2026-08-17 23:30:00,236.840,237.900,236.580,0.080,0.180,0.160,0.095,0.016,0.041,0.037,0.021,0.008,0.006,0.006,0.975,50.200
2410121457,2026-08-17 23:30:00,238.140,236.850,237.250,0.030,0.100,0.040,0.036,0.005,0.022,0.007,-0.013,-0.005,-0.001,-0.006,0.928,50.220
2410121574,2026-08-17 23:30:00,238.050,236.570,236.750,0.200,0.190,0.170,0.126,0.046,0.042,0.037,-0.042,-0.011,-0.016,-0.013,0.948,50.190
2410131378,2026-08-17 23:30:00,236.980,237.920,236.750,0.200,0.280,0.280,0.173,0.045,0.064,0.062,0.043,0.012,0.011,0.019,0.970,50.230
2410131383,2026-08-17 23:30:00,238.750,239.290,238.180,0.040,0.020,0.040,0.024,0.008,0.005,0.010,-0.004,0.000,-0.001,-0.001,0.973,50.220
2410131384,2026-08-17 23:30:00,238.730,239.860,238.990,1.500,1.530,1.310,0.760,0.238,0.273,0.248,0.204,0.074,0.077,0.060,0.972,50.250
2410131387,2026-08-17 23:30:00,232.500,233.060,233.850,0.060,0.060,0.030,0.031,0.012,0.013,0.005,-0.006,-0.005,0.001,-0.002,0.987,50.170
2410320615,2026-08-17 23:30:00,237.420,237.660,238.870,1.860,1.840,2.080,1.301,0.421,0.429,0.451,0.206,0.056,0.075,0.070,0.988,50.250
2410883988,2026-08-17 23:30:00,233.390,235.170,234.380,0.020,0.000,0.040,0.013,0.004,0.000,0.009,0.000,0.000,0.000,0.000,0.995,50.240
2410883990,2026-08-17 23:30:00,234.410,233.540,232.610,0.080,0.000,0.080,0.035,0.017,0.000,0.018,0.002,0.000,0.000,0.002,0.990,50.240
2410883993,2026-08-17 23:30:00,239.250,238.370,238.450,0.920,0.820,0.730,0.580,0.217,0.191,0.170,-0.075,-0.014,-0.034,-0.027,0.991,50.220
2410883994,2026-08-17 23:30:00,240.420,239.250,239.410,0.010,0.040,0.020,0.016,0.001,0.010,0.004,-0.001,0.000,0.000,0.000,1.000,50.250
2410932742,2026-08-17 23:30:00,230.540,228.310,228.440,3.500,3.380,3.560,2.215,0.747,0.713,0.754,0.680,0.232,0.219,0.228,0.955,50.230
2411087432,2026-08-17 23:30:00,237.420,238.540,237.190,0.570,0.510,0.610,0.398,0.133,0.121,0.142,-0.004,0.002,-0.005,-0.001,1.000,50.230
2411087433,2026-08-17 23:30:00,238.920,238.960,240.010,0.410,0.440,0.410,0.303,0.098,0.112,0.106,-0.004,0.000,-0.006,0.001,0.999,50.220
2411290205,2026-08-17 23:30:00,239.090,237.970,238.350,0.180,0.170,0.140,0.116,0.043,0.039,0.033,0.009,0.004,0.003,0.001,0.996,50.230
2510014481,2026-08-17 23:30:00,228.870,229.060,230.980,1.570,1.500,1.590,0.993,0.331,0.308,0.299,0.527,0.174,0.179,0.173,0.869,50.220
2510014482,2026-08-17 23:30:00,237.410,238.410,237.100,0.010,0.040,0.000,0.012,0.002,0.009,0.000,-0.002,-0.002,0.000,0.000,0.956,50.240
2510014484,2026-08-17 23:30:00,237.860,236.870,237.440,1.530,1.750,1.360,0.967,0.319,0.353,0.294,0.402,0.145,0.128,0.127,0.923,50.250
2510178139,2026-08-17 23:30:00,237.180,238.140,236.910,0.320,0.330,0.280,0.207,0.072,0.071,0.064,0.059,0.016,0.027,0.015,0.964,50.220
2510178141,2026-08-17 23:30:00,237.080,236.640,237.670,0.020,0.010,0.020,0.008,0.002,0.000,0.004,-0.009,-0.004,-0.001,-0.003,0.625,50.250
2510203103,2026-08-17 23:30:00,227.970,225.790,226.050,0.410,0.390,0.360,0.260,0.090,0.106,0.094,-0.128,-0.040,-0.041,-0.045,0.886,50.240
2510203104,2026-08-17 23:30:00,233.090,232.960,234.020,0.350,0.390,0.340,0.315,0.115,0.111,0.089,0.051,0.009,0.015,0.026,0.979,50.240
2510203105,2026-08-17 23:30:00,233.030,230.640,231.070,0.020,0.110,0.010,0.030,0.003,0.024,0.002,0.005,0.000,0.005,0.000,0.990,50.220
2510203107,2026-08-17 23:30:00,227.220,226.230,226.650,0.180,0.190,0.160,0.120,0.041,0.042,0.036,-0.012,-0.005,-0.002,-0.004,0.992,50.240
2510203108,2026-08-17 23:30:00,237.890,238.860,237.470,0.760,1.140,1.500,0.774,0.170,0.267,0.336,0.081,0.031,0.026,0.023,0.994,50.250
2510203109,2026-08-17 23:30:00,238.560,239.690,238.540,0.140,0.040,0.080,0.059,0.030,0.009,0.018,0.008,0.012,-0.002,-0.001,0.993,50.220
2510203111,2026-08-17 23:30:00,237.240,237.650,238.640,1.300,1.060,1.400,0.814,0.274,0.224,0.313,0.237,0.100,0.072,0.064,0.959,50.250
2510203113,2026-08-17 23:30:00,238.280,238.980,238.070,0.280,0.350,0.320,0.230,0.065,0.089,0.075,-0.012,0.000,-0.006,-0.006,0.999,50.230
2510203114,2026-08-17 23:30:00,232.580,232.720,233.630,0.680,0.470,0.460,0.352,0.132,0.111,0.108,0.035,0.012,0.007,0.015,0.996,50.210
2510203117,2026-08-17 23:30:00,235.560,234.660,233.670,0.270,0.320,0.220,0.173,0.060,0.072,0.039,-0.038,-0.014,-0.013,-0.011,0.976,50.240
2510203118,2026-08-17 23:30:00,125.920,125.880,126.480,0.160,0.150,0.150,0.034,0.012,0.011,0.010,-0.045,-0.015,-0.013,-0.015,0.629,50.220
2510203119,2026-08-17 23:30:00,235.570,234.610,233.660,0.000,0.000,0.000,0.000,0.000,0.000,0.000,0.000,0.000,0.000,0.000,1.000,50.240
2510203120,2026-08-17 23:30:00,240.200,238.990,239.250,0.660,0.540,0.570,0.391,0.146,0.119,0.130,0.127,0.045,0.044,0.037,0.953,50.250
2510203121,2026-08-17 23:30:00,233.590,232.520,234.360,0.130,0.050,0.190,0.083,0.030,0.008,0.043,-0.026,-0.005,-0.008,-0.012,0.952,50.220
2510203122,2026-08-17 23:30:00,237.400,238.550,237.240,0.090,0.020,0.000,0.020,0.015,0.004,0.000,0.011,0.014,-0.002,0.000,0.882,50.230
2510203123,2026-08-17 23:30:00,236.980,237.220,238.340,0.060,0.010,0.000,0.017,0.014,0.001,0.000,-0.002,-0.001,0.000,0.000,0.984,50.250
2510203124,2026-08-17 23:30:00,237.280,237.990,236.770,0.120,0.120,0.140,0.080,0.024,0.025,0.030,0.032,0.010,0.010,0.011,0.924,50.210
2510203125,2026-08-17 23:30:00,238.090,238.480,239.090,0.080,0.100,0.130,0.039,0.004,0.009,0.025,-0.055,-0.017,-0.020,-0.017,0.577,50.220
2510203126,2026-08-17 23:30:00,233.760,232.670,234.630,0.040,0.020,0.000,0.013,0.009,0.004,0.000,0.000,0.000,0.000,0.000,0.980,50.250
2510203127,2026-08-17 23:30:00,237.040,237.700,236.510,0.040,0.060,0.030,0.031,0.009,0.015,0.006,-0.006,0.000,0.000,-0.005,0.970,50.230
2510203128,2026-08-17 23:30:00,238.880,239.570,237.780,2.060,2.040,2.120,1.429,0.473,0.469,0.483,0.120,0.015,0.040,0.064,0.996,50.250
2510203130,2026-08-17 23:30:00,242.840,242.890,245.070,0.000,0.010,0.010,0.003,0.000,0.001,0.001,0.000,0.000,0.000,0.000,1.000,50.210
2510203133,2026-08-17 23:30:00,238.040,239.040,237.820,0.040,0.020,0.010,0.014,0.009,0.004,0.001,0.000,0.000,-0.002,0.000,0.989,50.240
2510203134,2026-08-17 23:30:00,240.790,239.560,239.540,0.020,0.010,0.010,0.007,0.004,0.002,0.001,-0.002,-0.001,-0.001,0.000,0.990,50.230
2510224049,2026-08-17 23:30:00,232.290,234.200,233.350,16.420,12.010,7.760,6.880,2.890,2.400,1.580,-2.190,-0.700,-0.880,-0.600,0.952,50.230
2510224167,2026-08-17 23:30:00,233.430,232.310,234.300,4.110,4.500,4.860,2.200,0.690,0.720,0.780,-1.980,-0.580,-0.670,-0.720,0.742,50.250
2510317505,2026-08-17 23:30:00,233.700,232.680,234.340,9.830,3.770,5.260,3.340,1.930,0.600,0.800,-1.880,-0.570,-0.580,-0.720,0.871,50.250
2510317516,2026-08-17 23:30:00,233.860,232.750,234.620,0.000,0.000,0.000,0.000,0.000,0.000,0.000,0.000,0.000,0.000,0.000,1.000,50.240
2510317537,2026-08-17 23:30:00,238.810,238.670,239.500,3.090,3.110,2.860,2.100,0.710,0.710,0.620,-0.340,-0.110,-0.110,-0.110,0.987,50.240
2510389559,2026-08-17 23:30:00,239.430,238.340,238.830,0.000,0.000,0.000,0.000,0.000,0.000,0.000,0.000,0.000,0.000,0.000,1.000,50.230
2510389643,2026-08-17 23:30:00,239.570,238.470,238.930,5.580,11.690,4.720,5.080,1.230,2.730,1.110,-0.830,-0.170,-0.470,-0.170,0.986,50.250
2510633381,2026-08-17 23:30:00,239.870,238.660,238.790,0.040,0.080,0.010,0.029,0.008,0.018,0.002,-0.013,-0.005,-0.006,-0.001,0.892,50.230
2510633383,2026-08-17 23:30:00,236.580,236.780,237.790,0.110,0.090,0.090,0.018,0.007,0.001,0.009,-0.064,-0.025,-0.019,-0.019,0.280,50.240
2510633385,2026-08-17 23:30:00,239.550,238.410,238.920,0.230,0.290,0.210,0.168,0.053,0.066,0.048,-0.030,-0.008,-0.013,-0.008,0.981,50.210
2510633386,2026-08-17 23:30:00,227.910,227.900,229.010,1.120,1.170,1.140,0.148,0.050,0.046,0.052,-0.728,-0.237,-0.246,-0.244,0.197,50.200
2510633387,2026-08-17 23:30:00,237.060,238.150,236.920,0.010,0.020,0.000,0.004,0.002,0.002,0.000,0.002,0.000,0.002,0.000,0.829,50.210
2510633390,2026-08-17 23:30:00,238.500,239.860,238.420,1.430,1.620,1.620,0.859,0.257,0.315,0.286,0.315,0.089,0.086,0.119,0.948,50.230
2510633391,2026-08-17 23:30:00,125.040,124.390,124.520,0.000,0.000,0.000,0.000,0.000,0.000,0.000,0.000,0.000,0.000,0.000,1.000,50.230
2510633395,2026-08-17 23:30:00,237.160,238.170,236.890,0.000,0.000,0.000,0.000,0.000,0.000,0.000,0.000,0.000,0.000,0.000,1.000,50.220
2510633396,2026-08-17 23:30:00,237.570,236.340,236.950,0.220,0.270,0.220,0.152,0.047,0.058,0.047,0.067,0.023,0.022,0.021,0.912,50.230
2510633397,2026-08-17 23:30:00,245.700,244.390,244.510,0.030,0.030,0.020,0.018,0.005,0.008,0.004,-0.004,-0.002,-0.001,0.000,0.992,50.190
2510633399,2026-08-17 23:30:00,233.390,232.270,234.230,0.320,0.400,0.400,0.260,0.073,0.092,0.094,0.008,0.004,0.002,0.001,0.998,50.230
2510633400,2026-08-17 23:30:00,232.120,233.930,233.070,0.190,0.240,0.220,0.154,0.046,0.057,0.044,0.050,0.015,0.017,0.017,0.938,50.230
2510633402,2026-08-17 23:30:00,230.160,230.220,232.290,0.400,0.440,0.450,0.283,0.062,0.071,0.074,0.100,0.033,0.031,0.035,0.933,50.210
2510633406,2026-08-17 23:30:00,233.520,232.320,234.350,0.070,0.080,0.080,0.037,0.011,0.012,0.013,-0.033,-0.009,-0.011,-0.012,0.747,50.220
2510633410,2026-08-17 23:30:00,233.630,232.480,234.440,0.060,0.010,0.010,0.017,0.013,0.002,0.001,-0.001,0.000,-0.001,-0.001,0.973,50.230
2510633411,2026-08-17 23:30:00,231.610,230.510,229.560,2.010,1.900,1.940,1.234,0.435,0.401,0.409,0.480,0.152,0.162,0.165,0.932,50.230
2510814977,2026-08-17 23:30:00,230.730,232.600,230.540,0.020,0.010,0.020,0.011,0.004,0.002,0.004,-0.002,0.000,-0.001,-0.001,0.983,50.230
2610026950,2026-08-17 23:30:00,234.310,233.310,232.440,0.000,0.000,0.010,0.003,0.000,0.000,0.001,0.000,0.000,0.000,0.000,1.000,50.230
2610026952,2026-08-17 23:30:00,237.760,236.430,236.680,0.050,0.080,0.060,0.045,0.012,0.019,0.013,0.009,0.003,0.003,0.003,0.983,50.230
2610026953,2026-08-17 23:30:00,238.470,237.160,237.630,0.460,0.510,0.470,0.308,0.105,0.106,0.096,0.119,0.039,0.042,0.037,0.930,50.220
2610026963,2026-08-17 23:30:00,237.250,237.270,238.130,0.200,0.120,0.110,0.090,0.043,0.025,0.021,-0.046,-0.018,-0.013,-0.014,0.893,50.230
2610026966,2026-08-17 23:30:00,229.560,229.440,229.720,0.040,0.080,0.070,0.039,0.008,0.016,0.014,0.015,0.003,0.003,0.008,0.925,50.210
2610026976,2026-08-17 23:30:00,236.670,236.910,237.990,0.210,0.170,0.020,0.096,0.049,0.041,0.005,-0.003,0.000,0.000,-0.001,0.999,50.220
2610026977,2026-08-17 23:30:00,240.220,240.630,240.900,0.430,0.470,0.620,0.351,0.092,0.110,0.147,0.000,0.041,-0.019,-0.022,0.998,50.240
2610126270,2026-08-17 23:30:00,232.520,234.270,233.550,0.020,0.010,0.010,0.007,0.003,0.001,0.001,-0.004,-0.001,0.000,-0.001,0.899,50.240
2610126451,2026-08-17 23:30:00,237.470,238.430,237.180,0.010,0.010,0.080,0.021,0.002,0.001,0.017,0.000,0.000,0.000,0.001,1.000,50.220
2610159557,2026-08-17 23:30:00,239.760,238.640,238.620,0.010,0.010,0.010,0.004,0.002,0.000,0.001,-0.004,-0.002,0.000,0.000,0.731,50.220
2610170786,2026-08-17 23:30:00,238.830,238.770,239.760,0.710,0.670,0.820,0.612,0.198,0.190,0.224,0.128,0.040,0.044,0.034,0.983,50.250
2610170836,2026-08-17 23:30:00,236.680,238.000,236.570,0.010,0.110,0.130,0.051,0.003,0.022,0.027,0.002,-0.001,0.002,0.001,0.987,50.230
2610170837,2026-08-17 23:30:00,232.600,230.340,230.580,0.000,0.000,0.020,0.006,0.000,0.001,0.005,0.000,0.000,0.000,0.000,0.942,50.240
2610170840,2026-08-17 23:30:00,238.730,237.440,238.000,0.250,0.120,0.390,0.178,0.059,0.028,0.090,-0.033,-0.012,-0.006,-0.014,0.980,50.230
2610322967,2026-08-17 23:30:00,240.070,238.780,238.620,0.000,0.000,0.010,0.002,0.000,0.000,0.002,0.000,0.000,0.000,0.000,0.866,50.220
2610322969,2026-08-17 23:30:00,234.340,233.420,232.420,0.050,0.010,0.010,0.015,0.011,0.001,0.002,-0.002,0.000,-0.001,-0.001,0.986,50.230
2610322997,2026-08-17 23:30:00,230.210,231.350,229.640,0.930,1.060,0.760,0.563,0.197,0.211,0.149,0.195,0.026,0.098,0.070,0.940,50.230
2610323001,2026-08-17 23:30:00,231.170,229.050,229.170,1.350,1.250,1.390,0.831,0.279,0.257,0.294,0.347,0.118,0.118,0.110,0.920,50.230
2610323004,2026-08-17 23:30:00,64.090,63.360,64.000,0.110,0.090,0.100,0.018,0.006,0.005,0.006,0.000,0.000,0.000,0.000,0.989,50.230
2610323005,2026-08-17 23:30:00,232.530,234.360,233.530,0.000,0.000,0.000,0.001,0.000,0.001,0.000,0.000,0.000,0.000,0.000,0.929,50.230
2610323016,2026-08-17 23:30:00,229.560,227.720,227.920,2.440,2.300,2.270,1.425,0.506,0.461,0.456,0.706,0.234,0.239,0.231,0.895,50.240
2610323019,2026-08-17 23:30:00,232.400,234.420,233.550,0.020,0.020,0.020,0.015,0.005,0.004,0.005,-0.006,-0.001,-0.001,-0.002,0.928,50.240
2610323024,2026-08-17 23:30:00,230.560,231.050,232.600,0.090,0.410,0.270,0.177,0.020,0.094,0.062,0.007,0.000,0.002,0.005,1.000,50.240
2510203106,2026-08-17 23:31:00,238.760,237.660,238.120,0.030,0.010,0.000,0.010,0.006,0.003,0.000,-0.004,-0.003,0.000,0.000,0.947,50.200
2510203115,2026-08-17 23:31:00,236.560,237.240,237.850,0.000,0.000,0.000,0.000,0.000,0.000,0.000,0.000,0.000,0.000,0.000,1.000,50.200
2510389931,2026-08-17 23:31:00,237.760,236.470,237.050,8.940,4.950,15.460,6.810,2.070,1.130,3.610,-1.270,-0.450,-0.260,-0.560,0.982,50.200
2510633389,2026-08-17 23:31:00,236.330,237.010,235.780,0.140,0.160,0.150,0.065,0.017,0.024,0.023,-0.084,-0.028,-0.029,-0.025,0.614,50.220
2610170838,2026-08-17 23:31:00,239.340,238.140,238.290,0.020,0.020,0.000,0.010,0.005,0.004,0.000,0.000,0.000,0.000,0.000,0.966,50.210
2510014483,2026-08-17 23:32:00,238.140,238.130,239.220,0.070,0.060,0.070,0.041,0.014,0.012,0.014,-0.022,-0.007,-0.006,-0.009,0.874,50.210
2410883991,2026-08-17 23:33:00,238.000,238.160,239.290,0.200,0.100,0.180,0.114,0.048,0.024,0.042,0.000,0.002,0.000,-0.001,0.998,50.180
