METER_NO,DATE_TIME,U_A,U_B,U_C,I_A,I_B,I_C,P,P_A,P_B,P_C,Q,Q_A,Q_B,Q_C,PF,F
2246006313,2026-09-18 00:00:00,58.200,58.200,58.000,0.731,0.756,0.714,0.126,0.041,0.043,0.041,0.012,0.005,0.004,0.002,0.995,50.200
2410121326,2026-09-18 00:00:00,236.730,235.750,235.900,0.220,0.170,0.210,0.133,0.049,0.038,0.045,0.041,0.013,0.010,0.017,0.954,50.230
2410121353,2026-09-18 00:00:00,237.020,235.910,236.180,0.000,0.010,0.040,0.011,0.000,0.002,0.009,-0.002,0.000,0.000,0.000,0.985,50.220
2410121371,2026-09-18 00:00:00,237.010,235.780,236.000,0.230,0.200,0.220,0.135,0.045,0.042,0.048,0.001,0.000,0.001,-0.001,1.000,50.220
2410121424,2026-09-18 00:00:00,237.250,236.190,236.390,0.010,0.010,0.010,0.004,0.000,0.001,0.002,-0.003,-0.001,-0.001,0.000,0.802,50.220
2410121440,2026-09-18 00:00:00,236.770,235.800,235.880,0.010,0.000,0.010,0.004,0.002,0.000,0.001,-0.002,-0.001,0.000,0.000,0.788,50.210
2410121454,2026-09-18 00:00:00,236.370,237.350,236.240,0.080,0.160,0.150,0.088,0.016,0.038,0.034,0.017,0.008,0.006,0.003,0.978,50.220
2410121457,2026-09-18 00:00:00,234.310,233.290,233.350,2.230,2.460,2.260,1.579,0.507,0.559,0.512,0.290,0.079,0.106,0.104,0.983,50.200
2410121574,2026-09-18 00:00:00,237.300,236.020,236.210,0.090,0.090,0.070,0.031,0.016,0.009,0.005,-0.048,-0.014,-0.019,-0.015,0.544,50.210
2410131378,2026-09-18 00:00:00,236.300,237.140,236.230,0.010,0.010,0.040,0.013,0.001,0.001,0.009,-0.005,-0.002,-0.001,-0.001,0.911,50.220
2410131383,2026-09-18 00:00:00,238.690,238.060,237.680,0.040,0.030,0.050,0.028,0.009,0.006,0.011,-0.004,0.000,-0.001,-0.002,1.000,50.220
2410131387,2026-09-18 00:00:00,236.630,237.380,237.220,0.100,0.070,0.070,0.055,0.023,0.016,0.015,0.001,0.001,0.004,-0.004,1.000,50.220
2410320615,2026-09-18 00:00:00,237.260,238.070,238.130,1.310,1.350,1.470,0.958,0.310,0.310,0.334,0.107,0.019,0.043,0.044,0.992,50.200
2410883988,2026-09-18 00:00:00,231.730,232.400,231.610,0.020,0.000,0.040,0.014,0.004,0.000,0.009,-0.001,0.000,0.000,-0.001,1.000,50.200
2410883990,2026-09-18 00:00:00,232.480,231.520,231.710,0.020,0.000,0.010,0.005,0.003,0.000,0.002,0.001,0.002,0.000,0.000,0.933,50.220
2410883991,2026-09-18 00:00:00,234.330,234.450,235.250,0.060,0.070,0.050,0.041,0.014,0.016,0.010,-0.004,-0.002,0.000,-0.001,0.998,50.190
2410883993,2026-09-18 00:00:00,235.280,234.200,234.450,0.710,0.860,0.820,0.550,0.160,0.200,0.192,-0.069,-0.034,-0.020,-0.014,0.991,50.220
2410883994,2026-09-18 00:00:00,235.280,234.300,234.600,0.020,0.010,0.020,0.010,0.003,0.002,0.003,-0.004,-0.002,-0.001,0.000,0.918,50.200
2410932742,2026-09-18 00:00:00,231.160,229.580,229.510,3.330,3.300,3.340,2.136,0.721,0.703,0.712,0.528,0.167,0.177,0.186,0.971,50.220
2411087432,2026-09-18 00:00:00,235.630,236.540,235.530,0.450,0.450,0.480,0.323,0.105,0.105,0.111,-0.002,0.002,0.000,-0.004,0.998,50.200
2411087433,2026-09-18 00:00:00,234.860,234.970,235.730,0.400,0.380,0.380,0.290,0.099,0.096,0.094,-0.036,-0.011,-0.011,-0.012,0.989,50.220
2411290205,2026-09-18 00:00:00,237.990,237.350,238.430,0.140,0.200,0.130,0.111,0.033,0.046,0.031,0.013,0.002,0.009,0.001,0.991,50.200
2510014481,2026-09-18 00:00:00,230.990,230.820,232.420,1.590,1.490,1.540,1.007,0.330,0.313,0.339,0.271,0.101,0.096,0.072,0.967,50.220
2510014482,2026-09-18 00:00:00,235.830,236.610,235.630,0.010,0.040,0.000,0.011,0.002,0.009,0.000,-0.002,-0.002,0.000,0.000,0.973,50.190
2510014483,2026-09-18 00:00:00,234.390,234.440,235.160,0.050,0.040,0.060,0.025,0.008,0.006,0.010,-0.022,-0.006,-0.006,-0.009,0.751,50.220
2510178139,2026-09-18 00:00:00,235.680,236.500,235.400,0.550,0.550,0.510,0.339,0.115,0.112,0.111,0.142,0.048,0.046,0.043,0.922,50.220
2510178141,2026-09-18 00:00:00,236.250,236.270,237.140,0.020,0.010,0.010,0.004,0.002,0.000,0.001,-0.009,-0.004,-0.001,-0.002,0.431,50.210
2510203103,2026-09-18 00:00:00,227.790,226.370,226.350,0.080,0.090,0.070,0.057,0.022,0.019,0.015,-0.014,-0.003,-0.005,-0.004,0.963,50.210
2510203104,2026-09-18 00:00:00,228.590,228.550,229.230,0.340,0.330,0.360,0.180,0.063,0.056,0.060,0.058,0.008,0.021,0.029,0.968,50.220
2510203105,2026-09-18 00:00:00,233.690,232.180,232.280,0.030,0.110,0.020,0.037,0.006,0.025,0.005,0.008,0.000,0.006,0.001,0.984,50.220
2510203106,2026-09-18 00:00:00,237.970,237.440,238.480,0.030,0.010,0.000,0.009,0.005,0.003,0.000,-0.004,-0.003,0.000,0.000,0.957,50.230
2510203108,2026-09-18 00:00:00,235.690,236.300,235.350,0.410,0.890,0.800,0.491,0.103,0.210,0.177,0.026,0.002,0.018,0.004,0.997,50.190
2510203109,2026-09-18 00:00:00,234.470,235.170,234.310,0.040,0.060,0.070,0.037,0.006,0.014,0.016,0.006,0.004,0.000,0.001,0.987,50.200
2510203111,2026-09-18 00:00:00,235.850,236.110,237.000,0.020,0.020,0.000,0.007,0.003,0.004,0.000,-0.002,-0.002,0.000,0.000,0.976,50.230
2510203112,2026-09-18 00:00:00,226.670,226.010,227.010,0.280,0.320,0.280,0.169,0.053,0.062,0.052,0.105,0.034,0.036,0.034,0.848,50.210
2510203113,2026-09-18 00:00:00,238.200,237.630,237.220,0.460,0.480,0.540,0.345,0.103,0.113,0.128,0.017,0.002,0.001,0.012,0.998,50.190
2510203114,2026-09-18 00:00:00,228.520,228.800,229.360,0.430,0.280,0.300,0.283,0.117,0.077,0.088,0.025,0.007,0.004,0.013,0.996,50.220
2510203117,2026-09-18 00:00:00,232.160,231.170,231.330,0.180,0.330,0.170,0.151,0.039,0.073,0.038,-0.042,-0.015,-0.016,-0.010,0.965,50.200
2510203118,2026-09-18 00:00:00,123.690,123.690,124.120,0.170,0.150,0.150,0.054,0.019,0.017,0.016,-0.019,-0.007,-0.004,-0.007,0.949,50.220
2510203119,2026-09-18 00:00:00,232.440,231.420,231.570,0.000,0.000,0.000,0.000,0.000,0.000,0.000,0.000,0.000,0.000,0.000,1.000,50.200
2510203120,2026-09-18 00:00:00,234.710,233.820,234.050,0.860,0.650,0.720,0.465,0.181,0.132,0.151,0.185,0.069,0.058,0.056,0.928,50.190
2510203121,2026-09-18 00:00:00,231.540,231.690,232.430,0.040,0.050,0.150,0.049,0.008,0.008,0.032,-0.024,-0.005,-0.007,-0.011,0.901,50.220
2510203122,2026-09-18 00:00:00,235.610,236.560,235.530,0.110,0.030,0.020,0.037,0.017,0.015,0.004,0.025,0.019,0.001,0.000,0.813,50.200
2510203123,2026-09-18 00:00:00,235.800,235.940,236.830,0.010,0.010,0.000,0.005,0.002,0.002,0.000,-0.003,-0.001,-0.001,0.000,0.808,50.220
2510203124,2026-09-18 00:00:00,236.380,236.850,235.870,0.100,0.100,0.120,0.067,0.021,0.020,0.026,0.034,0.011,0.011,0.011,0.895,50.230
2510203127,2026-09-18 00:00:00,235.890,236.740,235.870,0.440,0.600,0.410,0.282,0.082,0.122,0.077,0.192,0.062,0.071,0.058,0.825,50.240
2510203128,2026-09-18 00:00:00,233.780,234.050,232.540,2.280,2.290,2.360,1.563,0.519,0.514,0.528,0.216,0.048,0.074,0.094,0.990,50.200
2510203129,2026-09-18 00:00:00,238.120,237.570,238.710,0.010,0.030,0.000,0.009,0.002,0.007,0.000,-0.003,-0.002,-0.001,0.000,0.960,50.230
2510203130,2026-09-18 00:00:00,244.570,244.420,246.000,0.000,0.000,0.010,0.003,0.000,0.001,0.001,-0.001,0.000,0.000,0.000,1.000,50.230
2510203134,2026-09-18 00:00:00,235.580,234.560,234.650,0.020,0.010,0.010,0.007,0.004,0.001,0.001,-0.002,0.000,-0.001,0.000,0.961,50.210
2510224049,2026-09-18 00:00:00,231.660,232.550,231.640,16.250,12.300,7.490,6.840,2.820,2.480,1.520,-2.120,-0.680,-0.870,-0.550,0.954,50.230
2510224167,2026-09-18 00:00:00,231.410,231.440,232.330,5.780,4.510,4.870,2.690,1.170,0.730,0.780,-1.940,-0.570,-0.670,-0.700,0.810,50.200
2510317505,2026-09-18 00:00:00,231.670,231.730,232.520,3.290,3.700,5.280,1.940,0.540,0.590,0.810,-1.750,-0.480,-0.560,-0.700,0.741,50.210
2510317516,2026-09-18 00:00:00,231.640,231.690,232.500,0.000,0.000,0.000,0.000,0.000,0.000,0.000,0.000,0.000,0.000,0.000,1.000,50.210
2510317537,2026-09-18 00:00:00,234.300,234.410,235.310,2.740,2.430,2.360,1.690,0.590,0.550,0.540,-0.300,-0.090,-0.090,-0.090,0.983,50.210
2510389559,2026-09-18 00:00:00,238.200,237.680,238.790,0.000,0.000,0.000,0.000,0.000,0.000,0.000,0.000,0.000,0.000,0.000,1.000,50.200
2510389643,2026-09-18 00:00:00,238.680,238.050,239.130,5.100,15.860,15.470,8.290,1.090,3.620,3.570,-1.320,-0.160,-0.620,-0.530,0.987,50.220
2510389931,2026-09-18 00:00:00,237.900,237.180,238.390,8.340,4.950,15.340,6.670,1.930,1.130,3.600,-1.280,-0.420,-0.270,-0.580,0.981,50.220
2510633381,2026-09-18 00:00:00,235.470,234.560,234.780,0.060,0.060,0.020,0.031,0.012,0.014,0.004,-0.010,-0.004,-0.004,-0.001,0.946,50.230
2510633383,2026-09-18 00:00:00,235.800,235.850,236.780,0.110,0.080,0.090,0.017,0.006,0.002,0.008,-0.063,-0.024,-0.019,-0.019,0.272,50.200
2510633385,2026-09-18 00:00:00,238.720,238.250,239.310,0.210,0.350,0.370,0.216,0.048,0.081,0.086,-0.033,-0.005,-0.014,-0.013,0.989,50.220
2510633386,2026-09-18 00:00:00,223.830,223.910,224.750,1.100,1.100,1.090,0.127,0.044,0.041,0.041,-0.698,-0.232,-0.233,-0.233,0.176,50.200
2510633387,2026-09-18 00:00:00,235.860,236.770,235.770,0.010,0.000,0.000,0.002,0.002,0.000,0.000,0.000,0.000,0.000,0.000,0.832,50.220
2510633389,2026-09-18 00:00:00,238.530,237.990,237.430,0.600,0.650,0.650,0.481,0.153,0.163,0.164,-0.024,-0.008,-0.008,-0.007,0.998,50.200
2510633390,2026-09-18 00:00:00,234.350,235.400,234.290,1.370,1.550,1.470,0.904,0.282,0.323,0.298,0.199,0.058,0.061,0.076,0.978,50.190
2510633391,2026-09-18 00:00:00,124.180,123.640,123.730,0.000,0.000,0.000,0.000,0.000,0.000,0.000,0.000,0.000,0.000,0.000,1.000,50.220
2510633395,2026-09-18 00:00:00,235.980,236.820,235.870,0.000,0.000,0.000,0.000,0.000,0.000,0.000,0.000,0.000,0.000,0.000,1.000,50.220
2510633396,2026-09-18 00:00:00,236.820,235.820,236.340,0.200,0.240,0.200,0.134,0.040,0.053,0.041,0.071,0.024,0.023,0.023,0.884,50.220
2510633397,2026-09-18 00:00:00,241.310,240.200,240.520,0.030,0.050,0.030,0.025,0.007,0.010,0.006,-0.005,-0.003,-0.001,-0.001,0.973,50.200
2510633399,2026-09-18 00:00:00,231.640,231.690,232.540,0.300,0.320,0.310,0.216,0.070,0.074,0.072,-0.002,0.000,0.000,-0.001,0.999,50.230
2510633402,2026-09-18 00:00:00,231.990,231.810,233.340,0.390,0.420,0.460,0.325,0.101,0.116,0.126,0.031,0.009,0.009,0.011,0.992,50.210
2510633406,2026-09-18 00:00:00,231.780,231.800,232.700,0.090,0.080,0.080,0.045,0.019,0.012,0.013,-0.033,-0.009,-0.011,-0.012,0.799,50.230
2510633411,2026-09-18 00:00:00,229.770,228.800,228.900,1.470,1.360,1.430,0.860,0.301,0.272,0.288,0.423,0.142,0.137,0.143,0.897,50.200
2510814977,2026-09-18 00:00:00,231.880,233.230,231.950,0.010,0.010,0.010,0.004,0.002,0.000,0.001,-0.002,0.000,-0.001,-0.001,0.985,50.200
2610026950,2026-09-18 00:00:00,232.620,231.580,231.740,0.010,0.010,0.010,0.004,0.001,0.001,0.002,-0.001,0.000,0.000,0.000,0.968,50.230
2610026952,2026-09-18 00:00:00,234.980,233.850,234.160,1.530,1.470,1.450,0.872,0.300,0.284,0.286,0.546,0.188,0.184,0.173,0.846,50.220
2610026953,2026-09-18 00:00:00,237.460,236.840,237.930,0.620,0.610,0.580,0.340,0.101,0.121,0.118,0.144,0.049,0.046,0.048,0.936,50.200
2610026963,2026-09-18 00:00:00,236.220,236.070,237.090,0.190,0.120,0.100,0.075,0.037,0.022,0.015,-0.057,-0.023,-0.016,-0.017,0.793,50.230
2610026966,2026-09-18 00:00:00,231.760,232.290,231.690,0.050,0.040,0.050,0.029,0.010,0.008,0.010,0.013,0.004,0.004,0.005,0.906,50.210
2610026976,2026-09-18 00:00:00,235.900,235.940,237.090,0.300,0.710,0.140,0.256,0.070,0.151,0.033,0.015,0.001,0.005,0.008,0.997,50.230
2610026977,2026-09-18 00:00:00,243.150,243.540,242.890,0.060,0.390,0.550,0.237,0.014,0.092,0.131,-0.046,-0.004,-0.018,-0.022,0.982,50.220
2610126270,2026-09-18 00:00:00,231.830,232.490,231.700,0.020,0.010,0.010,0.007,0.003,0.002,0.001,-0.004,-0.001,-0.001,-0.001,0.873,50.230
2610126451,2026-09-18 00:00:00,236.420,237.150,236.160,0.000,0.000,0.040,0.012,0.001,0.001,0.009,0.000,0.000,0.000,0.001,1.000,50.240
2610159557,2026-09-18 00:00:00,235.410,234.460,234.690,0.020,0.010,0.020,0.007,0.003,0.001,0.003,-0.006,-0.003,-0.001,-0.001,0.787,50.220
2610170785,2026-09-18 00:00:00,235.360,234.440,234.720,0.000,0.000,0.000,0.000,0.000,0.000,0.000,0.000,0.000,0.000,0.000,0.924,50.230
2610170786,2026-09-18 00:00:00,234.680,234.790,235.490,0.620,0.620,0.700,0.488,0.147,0.169,0.171,0.105,0.034,0.031,0.033,0.979,50.220
2610170836,2026-09-18 00:00:00,235.960,236.300,237.130,0.000,0.010,0.000,0.001,0.000,0.001,0.000,0.000,0.000,0.000,0.000,1.000,50.220
2610170837,2026-09-18 00:00:00,233.420,232.010,231.920,0.000,0.000,0.000,0.002,0.000,0.000,0.001,0.000,0.000,0.000,0.000,1.000,50.230
2610170838,2026-09-18 00:00:00,235.350,234.280,234.620,0.000,0.010,0.030,0.008,0.000,0.001,0.005,0.001,0.000,0.000,0.001,1.000,50.210
2610170839,2026-09-18 00:00:00,234.210,234.410,235.170,0.000,0.020,0.010,0.006,0.000,0.004,0.002,0.000,0.000,0.000,0.000,0.948,50.200
2610170840,2026-09-18 00:00:00,238.100,237.330,238.560,0.210,0.120,0.390,0.167,0.048,0.028,0.090,-0.032,-0.010,-0.007,-0.014,0.981,50.230
2610322967,2026-09-18 00:00:00,235.790,234.710,234.700,0.000,0.000,0.010,0.001,0.000,0.000,0.001,0.000,0.000,0.000,0.000,1.000,50.220
2610322969,2026-09-18 00:00:00,232.560,231.560,231.700,0.060,0.010,0.010,0.017,0.012,0.002,0.002,-0.001,0.000,0.000,0.000,1.000,50.220
2610322982,2026-09-18 00:00:00,234.610,234.740,235.480,0.010,0.020,0.030,0.010,0.002,0.002,0.004,-0.007,-0.001,-0.002,-0.003,0.779,50.220
2610322995,2026-09-18 00:00:00,234.570,234.760,235.510,0.000,0.030,0.030,0.011,0.000,0.005,0.006,-0.009,0.000,-0.004,-0.004,0.762,50.230
2610323001,2026-09-18 00:00:00,231.890,230.580,230.290,1.390,1.230,1.530,0.840,0.285,0.241,0.312,0.422,0.140,0.144,0.137,0.892,50.230
2610323004,2026-09-18 00:00:00,64.370,63.820,64.240,0.100,0.090,0.110,0.019,0.006,0.005,0.007,0.002,0.001,0.000,0.000,0.969,50.220
2610323005,2026-09-18 00:00:00,231.610,232.280,231.420,0.000,0.010,0.010,0.003,0.000,0.001,0.001,-0.001,0.000,0.000,-0.001,1.000,50.190
2610323010,2026-09-18 00:00:00,238.740,238.140,237.610,0.050,0.000,0.000,0.008,0.008,0.000,0.000,-0.006,-0.006,0.000,0.000,0.782,50.230
2610323016,2026-09-18 00:00:00,231.590,230.600,230.410,1.560,1.470,1.430,0.878,0.314,0.286,0.278,0.480,0.158,0.161,0.160,0.876,50.220
2610323017,2026-09-18 00:00:00,234.620,235.590,234.500,0.040,0.020,0.020,0.015,0.008,0.003,0.003,-0.011,-0.005,-0.003,-0.002,0.823,50.210
2610323027,2026-09-18 00:00:00,235.720,234.670,234.990,0.030,0.030,0.020,0.014,0.004,0.006,0.003,-0.011,-0.003,-0.004,-0.003,0.784,50.220
2510203126,2026-09-18 00:01:00,231.600,231.690,232.480,0.040,0.020,0.000,0.013,0.009,0.004,0.000,-0.002,-0.001,0.000,0.000,0.994,50.210
2510203133,2026-09-18 00:01:00,235.700,236.560,235.600,0.020,0.020,0.000,0.010,0.005,0.004,0.000,-0.002,0.000,-0.002,0.000,1.000,50.210
2510633393,2026-09-18 00:01:00,236.720,237.720,237.130,1.390,1.420,1.400,0.954,0.315,0.325,0.314,0.248,0.081,0.075,0.091,0.967,50.230
2510633400,2026-09-18 00:01:00,231.050,231.770,230.780,0.420,0.450,0.450,0.373,0.120,0.127,0.123,0.087,0.025,0.030,0.031,0.971,50.230
2610322997,2026-09-18 00:01:00,231.210,231.680,230.880,1.220,1.330,1.010,0.692,0.256,0.244,0.191,0.298,0.053,0.146,0.098,0.933,50.220
2410131384,2026-09-18 00:02:00,234.340,234.960,234.350,1.010,1.100,0.960,0.758,0.262,0.264,0.221,0.109,0.038,0.042,0.029,0.985,50.220
2510014484,2026-09-18 00:02:00,237.380,236.840,238.010,1.300,1.610,1.310,0.972,0.297,0.372,0.302,0.353,0.125,0.108,0.119,0.939,50.210
2610323019,2026-09-18 00:02:00,231.540,232.470,231.550,0.020,0.020,0.030,0.015,0.004,0.005,0.005,-0.005,-0.001,-0.001,-0.002,0.939,50.220
2246006313,2026-09-18 00:30:00,57.400,57.400,57.200,0.772,0.791,0.762,0.134,0.044,0.045,0.043,0.016,0.006,0.005,0.004,0.992,50.190
2410121326,2026-09-18 00:30:00,236.300,235.260,235.510,0.230,0.180,0.190,0.136,0.051,0.041,0.042,0.037,0.012,0.011,0.014,0.964,50.190
2410121353,2026-09-18 00:30:00,236.550,235.460,235.740,0.000,0.010,0.040,0.012,0.000,0.002,0.009,-0.002,0.000,0.000,0.000,1.000,50.130
2410121371,2026-09-18 00:30:00,236.380,235.200,235.410,0.270,0.290,0.290,0.181,0.056,0.062,0.063,-0.001,-0.001,0.000,0.000,0.999,50.120
2410121424,2026-09-18 00:30:00,236.470,235.450,235.660,0.010,0.010,0.010,0.004,0.000,0.001,0.002,-0.003,-0.001,-0.001,0.000,0.800,50.120
2410121440,2026-09-18 00:30:00,236.420,235.430,235.600,0.010,0.000,0.010,0.004,0.002,0.000,0.001,-0.002,-0.002,0.000,0.000,0.794,50.130
2410121454,2026-09-18 00:30:00,235.640,236.560,235.500,0.080,0.170,0.150,0.092,0.017,0.039,0.035,0.008,0.005,0.002,0.000,0.998,50.130
2410121457,2026-09-18 00:30:00,234.730,233.470,233.960,1.840,2.010,1.760,1.271,0.419,0.453,0.398,0.228,0.063,0.096,0.069,0.984,50.120
2410121574,2026-09-18 00:30:00,236.820,235.480,235.760,0.100,0.100,0.080,0.046,0.018,0.017,0.009,-0.046,-0.014,-0.016,-0.015,0.711,50.130
2410131378,2026-09-18 00:30:00,235.890,236.700,235.760,0.010,0.010,0.030,0.009,0.001,0.001,0.006,-0.004,-0.002,-0.001,0.000,0.906,50.120
2410131383,2026-09-18 00:30:00,239.520,238.990,238.610,0.040,0.030,0.050,0.029,0.009,0.007,0.012,-0.003,0.000,-0.001,-0.001,1.000,50.180
2410131384,2026-09-18 00:30:00,234.920,235.470,234.910,0.880,1.040,0.840,0.693,0.239,0.239,0.214,0.108,0.029,0.044,0.031,0.985,50.200
2410131387,2026-09-18 00:30:00,236.900,237.450,237.330,0.090,0.090,0.050,0.053,0.020,0.020,0.012,0.003,-0.002,0.005,0.000,0.992,50.120
2410320615,2026-09-18 00:30:00,237.920,238.550,238.800,1.520,1.510,1.540,0.986,0.323,0.292,0.330,0.118,0.024,0.047,0.047,0.992,50.190
2410883990,2026-09-18 00:30:00,229.500,228.480,228.750,0.020,0.000,0.010,0.005,0.003,0.000,0.002,-0.001,0.000,0.000,0.000,1.000,50.260
2410883991,2026-09-18 00:30:00,235.050,235.210,236.050,0.080,0.070,0.040,0.044,0.018,0.015,0.009,0.000,0.001,0.000,-0.001,1.000,50.210
2410883993,2026-09-18 00:30:00,235.730,234.650,234.840,0.680,0.850,0.820,0.544,0.154,0.198,0.191,-0.072,-0.033,-0.020,-0.018,0.990,50.240
2410883994,2026-09-18 00:30:00,235.880,234.950,235.220,0.020,0.010,0.030,0.011,0.003,0.002,0.005,-0.004,-0.002,-0.001,-0.001,0.916,50.200
2410932742,2026-09-18 00:30:00,233.090,231.610,231.390,1.730,1.690,1.780,1.069,0.361,0.345,0.362,0.326,0.104,0.107,0.115,0.956,50.200
2411087432,2026-09-18 00:30:00,235.510,236.370,235.310,0.450,0.440,0.490,0.323,0.105,0.103,0.114,-0.002,0.002,-0.004,0.000,1.000,50.200
2411087433,2026-09-18 00:30:00,235.160,235.280,236.040,0.450,0.430,0.450,0.318,0.108,0.103,0.105,-0.027,-0.007,-0.011,-0.008,0.994,50.250
2411290205,2026-09-18 00:30:00,238.780,238.300,239.100,0.150,0.110,0.140,0.093,0.034,0.025,0.033,0.008,0.003,0.001,0.002,0.998,50.210
2510014481,2026-09-18 00:30:00,231.250,230.960,232.350,2.060,2.040,2.110,1.335,0.435,0.433,0.466,0.376,0.134,0.128,0.112,0.961,50.240
2510014483,2026-09-18 00:30:00,235.150,235.260,235.940,0.050,0.040,0.050,0.023,0.007,0.006,0.008,-0.022,-0.007,-0.006,-0.009,0.718,50.270
2510014484,2026-09-18 00:30:00,237.570,237.100,238.190,1.540,1.730,1.430,1.065,0.349,0.397,0.318,0.398,0.140,0.124,0.134,0.935,50.210
2510178139,2026-09-18 00:30:00,235.210,236.080,234.950,0.630,0.600,0.620,0.400,0.133,0.130,0.136,0.157,0.054,0.060,0.050,0.932,50.200
2510178141,2026-09-18 00:30:00,235.710,235.810,236.620,0.020,0.010,0.010,0.003,0.002,0.000,0.000,-0.009,-0.004,-0.001,-0.002,0.357,50.220
2510203103,2026-09-18 00:30:00,228.560,227.230,227.070,0.100,0.120,0.100,0.074,0.022,0.024,0.021,-0.014,-0.004,-0.005,-0.005,0.984,50.200
2510203104,2026-09-18 00:30:00,229.270,229.190,229.890,0.360,0.350,0.350,0.226,0.078,0.074,0.074,0.053,0.007,0.019,0.026,0.972,50.210
2510203105,2026-09-18 00:30:00,234.350,232.910,232.910,0.030,0.110,0.020,0.035,0.006,0.024,0.005,0.008,0.000,0.006,0.001,0.963,50.210
2510203106,2026-09-18 00:30:00,238.860,238.330,239.300,0.030,0.010,0.000,0.009,0.005,0.003,0.000,-0.004,-0.003,0.000,0.000,0.896,50.210
2510203108,2026-09-18 00:30:00,235.610,236.300,235.340,0.530,0.850,0.790,0.485,0.123,0.196,0.165,0.019,0.005,0.009,0.004,0.999,50.180
2510203109,2026-09-18 00:30:00,235.020,235.710,234.810,0.030,0.060,0.070,0.036,0.005,0.013,0.017,0.007,0.004,0.000,0.002,0.972,50.210
2510203111,2026-09-18 00:30:00,235.490,235.750,236.590,0.020,0.020,0.000,0.007,0.003,0.004,0.000,-0.002,-0.002,0.000,0.000,0.970,50.200
2510203112,2026-09-18 00:30:00,227.560,226.900,227.850,0.130,0.150,0.130,0.086,0.027,0.031,0.028,0.030,0.009,0.010,0.010,0.940,50.210
2510203113,2026-09-18 00:30:00,239.100,238.610,238.190,0.460,0.540,0.640,0.390,0.109,0.128,0.145,0.039,0.008,0.009,0.021,0.994,50.200
2510203114,2026-09-18 00:30:00,228.950,229.150,229.680,0.280,0.160,0.180,0.135,0.062,0.035,0.037,0.025,0.006,0.003,0.014,0.984,50.200
2510203118,2026-09-18 00:30:00,123.920,123.860,124.330,0.160,0.140,0.140,0.050,0.018,0.016,0.015,-0.020,-0.007,-0.005,-0.008,0.920,50.240
2510203119,2026-09-18 00:30:00,229.670,228.630,228.810,0.000,0.000,0.000,0.000,0.000,0.000,0.000,0.000,0.000,0.000,0.000,1.000,50.200
2510203120,2026-09-18 00:30:00,235.380,234.550,234.740,0.790,0.550,0.610,0.423,0.172,0.119,0.132,0.158,0.062,0.048,0.046,0.935,50.180
2510203121,2026-09-18 00:30:00,228.410,228.610,229.370,0.040,0.050,0.140,0.046,0.008,0.007,0.029,-0.024,-0.005,-0.007,-0.011,0.878,50.210
2510203122,2026-09-18 00:30:00,235.550,236.450,235.340,0.040,0.020,0.020,0.013,0.006,0.002,0.004,0.002,0.005,-0.002,0.000,0.955,50.200
2510203123,2026-09-18 00:30:00,235.720,235.900,236.750,0.010,0.010,0.000,0.005,0.002,0.002,0.000,-0.003,-0.001,-0.001,0.000,0.806,50.200
2510203124,2026-09-18 00:30:00,235.850,236.280,235.280,0.100,0.100,0.120,0.066,0.020,0.020,0.025,0.034,0.011,0.011,0.011,0.883,50.210
2510203126,2026-09-18 00:30:00,228.600,228.720,229.550,0.040,0.020,0.000,0.013,0.009,0.004,0.000,-0.002,-0.001,0.000,0.000,0.991,50.200
2510203127,2026-09-18 00:30:00,235.600,236.430,235.470,0.440,0.600,0.410,0.282,0.082,0.121,0.077,0.191,0.062,0.071,0.057,0.827,50.200
2510203128,2026-09-18 00:30:00,234.330,234.600,233.080,2.240,2.220,2.340,1.535,0.508,0.502,0.524,0.207,0.044,0.069,0.093,0.991,50.190
2510203129,2026-09-18 00:30:00,238.930,238.280,239.350,0.010,0.030,0.000,0.009,0.002,0.006,0.000,-0.003,-0.002,-0.001,0.000,0.942,50.190
2510203130,2026-09-18 00:30:00,245.430,245.060,246.690,0.000,0.000,0.010,0.003,0.000,0.001,0.001,-0.001,0.000,0.000,0.000,1.000,50.200
2510203133,2026-09-18 00:30:00,235.370,236.210,235.230,0.030,0.020,0.000,0.011,0.005,0.004,0.000,-0.002,0.000,-0.002,0.000,1.000,50.200
2510203134,2026-09-18 00:30:00,236.090,235.120,235.180,0.020,0.010,0.010,0.007,0.004,0.001,0.001,-0.002,0.000,-0.001,0.000,0.960,50.200
2510224049,2026-09-18 00:30:00,228.430,229.360,228.370,16.380,12.270,7.580,6.770,2.790,2.450,1.520,-2.050,-0.660,-0.840,-0.540,0.957,50.260
2510224167,2026-09-18 00:30:00,228.210,228.340,229.210,5.880,4.530,4.880,2.700,1.170,0.730,0.780,-1.900,-0.550,-0.650,-0.680,0.817,50.210
2510317505,2026-09-18 00:30:00,228.380,228.550,229.360,3.300,3.710,5.310,1.940,0.530,0.590,0.810,-1.720,-0.470,-0.550,-0.690,0.747,50.230
2510317516,2026-09-18 00:30:00,228.500,228.620,229.420,0.000,0.000,0.000,0.000,0.000,0.000,0.000,0.000,0.000,0.000,0.000,1.000,50.210
2510317537,2026-09-18 00:30:00,234.830,234.850,235.760,2.610,2.460,2.450,1.580,0.540,0.510,0.510,-0.290,-0.090,-0.100,-0.090,0.985,50.210
2510389559,2026-09-18 00:30:00,239.240,238.720,239.690,0.000,0.000,0.000,0.000,0.000,0.000,0.000,0.000,0.000,0.000,0.000,1.000,50.200
2510389643,2026-09-18 00:30:00,239.400,238.780,239.730,5.100,13.760,13.450,7.290,1.090,3.110,3.080,-1.280,-0.160,-0.590,-0.520,0.984,50.230
2510389931,2026-09-18 00:30:00,239.020,238.250,239.340,5.290,3.160,12.020,4.690,1.180,0.690,2.810,-1.210,-0.410,-0.250,-0.540,0.968,50.260
2510633381,2026-09-18 00:30:00,235.980,235.110,235.250,0.060,0.060,0.020,0.030,0.012,0.013,0.004,-0.010,-0.004,-0.004,-0.001,0.949,50.210
2510633385,2026-09-18 00:30:00,239.200,238.670,239.630,0.150,0.310,0.340,0.188,0.035,0.072,0.079,-0.033,-0.006,-0.014,-0.013,0.984,50.120
2510633386,2026-09-18 00:30:00,224.380,224.370,225.210,1.110,1.110,1.100,0.105,0.038,0.033,0.034,-0.713,-0.237,-0.237,-0.238,0.147,50.130
2510633387,2026-09-18 00:30:00,235.370,236.160,235.270,0.010,0.000,0.000,0.002,0.002,0.000,0.000,0.000,0.000,0.000,0.000,1.000,50.110
2510633389,2026-09-18 00:30:00,238.990,238.520,238.020,0.320,0.390,0.340,0.256,0.078,0.095,0.082,0.001,0.000,0.001,0.000,1.000,50.130
2510633390,2026-09-18 00:30:00,234.960,235.930,234.780,1.280,1.420,1.410,0.870,0.264,0.308,0.297,0.193,0.061,0.047,0.084,0.979,50.150
2510633391,2026-09-18 00:30:00,124.060,123.520,123.610,0.000,0.000,0.000,0.000,0.000,0.000,0.000,0.000,0.000,0.000,0.000,1.000,50.180
2510633393,2026-09-18 00:30:00,237.230,238.240,237.720,1.330,1.350,1.330,0.915,0.303,0.312,0.299,0.199,0.069,0.057,0.073,0.976,50.130
2510633395,2026-09-18 00:30:00,235.540,236.350,235.370,0.000,0.000,0.000,0.000,0.000,0.000,0.000,0.000,0.000,0.000,0.000,1.000,50.200
2510633396,2026-09-18 00:30:00,236.550,235.570,236.040,0.200,0.230,0.200,0.130,0.040,0.049,0.040,0.070,0.024,0.023,0.022,0.880,50.210
2510633397,2026-09-18 00:30:00,241.930,240.870,241.140,0.030,0.050,0.030,0.025,0.007,0.010,0.006,-0.005,-0.003,-0.001,-0.001,0.962,50.150
2510633399,2026-09-18 00:30:00,228.190,228.320,229.170,0.230,0.320,0.280,0.189,0.051,0.074,0.064,0.000,0.000,0.000,0.000,0.999,50.200
2510633400,2026-09-18 00:30:00,227.790,228.590,227.450,0.610,0.640,0.640,0.422,0.136,0.146,0.130,0.083,0.023,0.028,0.030,0.980,50.170
2510633402,2026-09-18 00:30:00,233.090,232.830,234.280,0.240,0.270,0.300,0.173,0.051,0.069,0.077,0.016,0.004,0.004,0.007,0.997,50.140
2510633406,2026-09-18 00:30:00,228.370,228.450,229.350,0.100,0.080,0.080,0.045,0.019,0.012,0.013,-0.032,-0.009,-0.011,-0.011,0.815,50.240
2510633411,2026-09-18 00:30:00,226.330,225.280,225.400,1.750,1.640,1.710,1.037,0.357,0.332,0.348,0.472,0.158,0.153,0.160,0.909,50.180
2510814977,2026-09-18 00:30:00,232.800,234.090,232.920,0.010,0.010,0.010,0.004,0.002,0.000,0.001,-0.002,0.000,-0.001,-0.001,0.973,50.260
2610026950,2026-09-18 00:30:00,229.470,228.320,228.480,0.010,0.010,0.010,0.005,0.001,0.001,0.003,-0.001,0.000,0.000,0.000,0.996,50.240
2610026952,2026-09-18 00:30:00,233.370,232.290,232.540,2.460,2.370,2.420,1.425,0.479,0.463,0.482,0.888,0.312,0.290,0.286,0.848,50.250
2610026963,2026-09-18 00:30:00,236.050,236.000,236.990,0.200,0.130,0.100,0.085,0.042,0.025,0.016,-0.052,-0.021,-0.014,-0.016,0.847,50.210
2610026966,2026-09-18 00:30:00,232.240,232.880,232.270,0.040,0.050,0.050,0.028,0.008,0.009,0.010,0.015,0.003,0.004,0.006,0.892,50.210
2610026977,2026-09-18 00:30:00,243.550,243.980,243.330,0.180,0.480,0.570,0.294,0.039,0.116,0.138,0.028,0.019,0.005,0.002,0.996,50.190
2610126270,2026-09-18 00:30:00,228.640,229.370,228.490,0.030,0.010,0.010,0.010,0.005,0.002,0.001,-0.004,-0.001,-0.001,-0.001,0.945,50.270
2610159557,2026-09-18 00:30:00,235.770,234.890,234.980,0.020,0.010,0.020,0.007,0.003,0.001,0.003,-0.006,-0.003,-0.001,-0.001,0.785,50.240
2610170785,2026-09-18 00:30:00,235.800,234.890,235.030,0.010,0.000,0.000,0.002,0.001,0.000,0.000,0.000,0.000,0.000,0.000,1.000,50.260
2610170786,2026-09-18 00:30:00,234.880,234.850,235.520,0.960,1.050,1.080,0.698,0.222,0.228,0.247,0.129,0.037,0.044,0.047,0.982,50.220
2610170836,2026-09-18 00:30:00,235.760,236.090,236.910,0.000,0.010,0.000,0.001,0.000,0.001,0.000,0.000,0.000,0.000,0.000,0.711,50.270
2610170837,2026-09-18 00:30:00,234.310,232.960,232.820,0.000,0.000,0.000,0.002,0.000,0.000,0.001,0.000,0.000,0.000,0.000,1.000,50.270
2610170838,2026-09-18 00:30:00,235.780,234.750,234.970,0.000,0.010,0.040,0.011,0.000,0.002,0.009,0.001,0.000,0.000,0.001,0.964,50.210
2610170839,2026-09-18 00:30:00,234.990,235.160,235.920,0.000,0.020,0.010,0.006,0.000,0.004,0.002,0.000,0.000,0.000,0.000,1.000,50.270
2610170840,2026-09-18 00:30:00,239.060,238.320,239.470,0.130,0.080,0.300,0.118,0.029,0.017,0.070,-0.030,-0.010,-0.006,-0.013,0.968,50.270
2610322967,2026-09-18 00:30:00,236.220,235.230,235.110,0.000,0.000,0.000,0.001,0.000,0.000,0.001,0.000,0.000,0.000,0.000,1.000,50.250
2610322969,2026-09-18 00:30:00,229.400,228.330,228.500,0.030,0.050,0.010,0.020,0.005,0.011,0.003,-0.001,-0.001,0.000,0.000,0.974,50.240
2610322982,2026-09-18 00:30:00,235.000,235.050,235.840,0.010,0.020,0.030,0.010,0.002,0.002,0.004,-0.007,-0.001,-0.002,-0.003,0.778,50.240
2610322995,2026-09-18 00:30:00,235.060,235.190,235.990,0.000,0.030,0.030,0.011,0.000,0.005,0.006,-0.009,0.000,-0.004,-0.004,0.764,50.260
2610322997,2026-09-18 00:30:00,232.220,232.930,232.050,0.990,1.050,0.790,0.625,0.237,0.225,0.162,0.256,0.033,0.128,0.099,0.923,50.270
2610323001,2026-09-18 00:30:00,232.500,231.190,231.030,1.340,1.280,1.240,0.737,0.265,0.233,0.237,0.497,0.163,0.172,0.161,0.827,50.270
2610323004,2026-09-18 00:30:00,64.620,64.080,64.450,0.170,0.150,0.170,0.030,0.010,0.009,0.010,0.005,0.002,0.001,0.001,0.974,50.270
2610323005,2026-09-18 00:30:00,228.710,229.510,228.550,0.000,0.010,0.010,0.003,0.000,0.001,0.001,-0.001,0.000,0.000,-0.001,1.000,50.270
2610323010,2026-09-18 00:30:00,239.380,238.850,238.390,0.050,0.000,0.000,0.008,0.008,0.000,0.000,-0.006,-0.006,0.000,0.000,0.791,50.260
2610323016,2026-09-18 00:30:00,232.680,231.700,231.470,1.320,1.240,1.190,0.781,0.281,0.256,0.244,0.405,0.133,0.137,0.133,0.890,50.250
2610323017,2026-09-18 00:30:00,235.040,235.980,234.980,0.040,0.020,0.020,0.015,0.008,0.003,0.003,-0.011,-0.005,-0.003,-0.002,0.804,50.220
2610323019,2026-09-18 00:30:00,228.800,229.720,228.760,0.060,0.020,0.030,0.023,0.013,0.005,0.005,-0.008,-0.003,-0.001,-0.002,0.934,50.250
2610323027,2026-09-18 00:30:00,236.030,235.020,235.230,0.030,0.030,0.020,0.014,0.004,0.006,0.003,-0.011,-0.003,-0.004,-0.003,0.785,50.230
2510633383,2026-09-18 00:31:00,235.620,235.720,236.610,0.110,0.080,0.090,0.017,0.005,0.002,0.009,-0.063,-0.024,-0.019,-0.019,0.273,50.110
2610026953,2026-09-18 00:31:00,238.300,237.660,238.660,0.500,0.540,0.520,0.356,0.111,0.124,0.120,0.153,0.054,0.050,0.048,0.922,50.120
2610026976,2026-09-18 00:31:00,235.710,235.700,236.750,0.350,0.690,0.140,0.260,0.081,0.147,0.031,0.014,0.001,0.004,0.008,1.000,50.110
2610126451,2026-09-18 00:31:00,235.910,236.580,235.380,0.000,0.010,0.040,0.011,0.001,0.001,0.009,0.000,0.000,0.000,0.001,0.994,50.140
2410883988,2026-09-18 00:45:00,228.190,228.850,227.950,0.020,0.000,0.040,0.014,0.004,0.000,0.009,-0.001,0.000,0.000,-0.001,1.000,49.980
2510014482,2026-09-18 00:45:00,235.240,235.990,235.170,0.010,0.040,0.000,0.010,0.002,0.008,0.000,-0.006,-0.002,-0.003,0.000,0.822,49.970
2510203117,2026-09-18 00:45:00,228.810,227.870,227.970,0.180,0.230,0.180,0.128,0.039,0.050,0.038,-0.041,-0.013,-0.017,-0.010,0.950,50.050
2246006313,2026-09-18 01:00:00,57.100,57.200,57.000,1.016,1.046,1.013,0.172,0.057,0.058,0.056,0.027,0.009,0.009,0.009,0.987,50.120
2410121326,2026-09-18 01:00:00,236.150,235.260,235.510,0.220,0.170,0.200,0.132,0.049,0.038,0.044,0.041,0.013,0.010,0.017,0.952,50.090
2410121353,2026-09-18 01:00:00,236.600,235.510,235.840,0.000,0.010,0.040,0.012,0.000,0.002,0.009,-0.002,0.000,0.000,0.000,1.000,50.130
2410121371,2026-09-18 01:00:00,236.730,235.580,235.900,0.280,0.300,0.300,0.204,0.064,0.069,0.070,-0.004,-0.001,0.000,-0.001,0.998,50.170
2410121424,2026-09-18 01:00:00,236.530,235.550,235.880,0.010,0.010,0.010,0.004,0.000,0.001,0.002,-0.003,-0.001,-0.001,0.000,0.804,50.130
2410121440,2026-09-18 01:00:00,236.480,235.480,235.770,0.010,0.000,0.010,0.004,0.002,0.000,0.001,-0.002,-0.002,0.000,0.000,0.793,50.160
2410121454,2026-09-18 01:00:00,235.850,236.680,235.620,0.080,0.180,0.160,0.096,0.017,0.041,0.036,0.023,0.008,0.007,0.007,0.971,50.130
2410121457,2026-09-18 01:00:00,234.000,233.170,233.290,2.340,2.520,2.330,1.637,0.534,0.573,0.529,0.284,0.078,0.104,0.101,0.985,50.140
2410121574,2026-09-18 01:00:00,236.760,235.480,235.760,0.090,0.090,0.070,0.032,0.014,0.011,0.005,-0.047,-0.014,-0.018,-0.015,0.560,50.130
2410131378,2026-09-18 01:00:00,236.090,236.820,235.900,0.010,0.010,0.030,0.010,0.001,0.001,0.006,-0.004,-0.002,-0.001,0.000,0.959,50.160
2410131383,2026-09-18 01:00:00,239.260,238.950,238.510,0.040,0.020,0.050,0.026,0.010,0.005,0.011,-0.003,0.000,-0.001,-0.002,0.990,50.100
2410131384,2026-09-18 01:00:00,234.380,234.950,234.350,0.920,0.990,0.830,0.649,0.209,0.236,0.203,0.119,0.032,0.052,0.034,0.983,50.150
2410131387,2026-09-18 01:00:00,236.710,237.160,237.240,0.070,0.070,0.030,0.039,0.015,0.015,0.007,0.001,-0.003,0.004,0.000,1.000,50.140
2410320615,2026-09-18 01:00:00,237.910,238.470,238.790,1.570,1.500,1.640,1.060,0.339,0.311,0.343,0.113,0.019,0.048,0.045,0.992,50.190
2410883988,2026-09-18 01:00:00,228.080,228.680,227.780,0.020,0.000,0.040,0.014,0.004,0.000,0.009,-0.001,0.000,0.000,-0.001,1.000,50.110
2410883990,2026-09-18 01:00:00,228.250,227.300,227.590,0.020,0.000,0.010,0.005,0.003,0.000,0.001,0.001,0.002,0.000,0.000,0.895,50.080
2410883991,2026-09-18 01:00:00,234.650,234.820,235.490,0.070,0.070,0.070,0.048,0.015,0.015,0.016,-0.005,0.000,-0.003,-0.001,0.984,50.130
2410883993,2026-09-18 01:00:00,234.850,233.810,234.020,0.760,1.020,1.020,0.651,0.178,0.237,0.235,0.048,0.008,0.017,0.022,0.997,50.060
2410883994,2026-09-18 01:00:00,235.450,234.560,234.860,0.020,0.010,0.030,0.011,0.003,0.002,0.005,-0.004,-0.002,-0.001,-0.001,0.914,50.140
2410932742,2026-09-18 01:00:00,231.720,230.180,230.130,2.740,2.720,2.790,1.751,0.588,0.574,0.588,0.442,0.141,0.144,0.156,0.969,50.120
2411087432,2026-09-18 01:00:00,235.440,236.260,235.230,0.450,0.440,0.480,0.322,0.106,0.104,0.111,0.000,0.005,0.000,-0.004,0.999,50.100
2411087433,2026-09-18 01:00:00,234.630,234.740,235.490,0.560,0.530,0.530,0.333,0.113,0.107,0.106,-0.005,0.000,-0.004,0.000,1.000,50.060
2411290205,2026-09-18 01:00:00,238.860,238.180,238.890,0.120,0.090,0.110,0.078,0.029,0.021,0.027,0.006,0.003,0.001,0.001,0.992,50.130
2510014481,2026-09-18 01:00:00,230.940,230.710,232.260,1.690,1.680,1.500,1.105,0.375,0.368,0.361,0.263,0.108,0.101,0.066,0.970,50.070
2510014482,2026-09-18 01:00:00,235.420,236.110,235.140,0.010,0.040,0.000,0.012,0.002,0.010,0.000,-0.002,-0.002,0.000,0.000,0.990,50.090
2510014483,2026-09-18 01:00:00,234.520,234.690,235.310,0.050,0.040,0.060,0.029,0.010,0.008,0.011,-0.022,-0.006,-0.006,-0.009,0.785,50.070
2510014484,2026-09-18 01:00:00,237.230,236.630,237.660,1.610,1.940,1.630,0.986,0.312,0.372,0.294,0.363,0.129,0.113,0.121,0.945,50.080
2510178139,2026-09-18 01:00:00,235.470,236.280,235.160,0.470,0.450,0.450,0.279,0.093,0.090,0.096,0.117,0.041,0.041,0.034,0.921,50.070
2510178141,2026-09-18 01:00:00,235.600,235.720,236.510,0.020,0.010,0.010,0.004,0.002,0.000,0.001,-0.009,-0.004,-0.001,-0.002,0.465,50.080
2510203103,2026-09-18 01:00:00,227.840,226.340,226.300,0.080,0.100,0.050,0.049,0.015,0.020,0.013,-0.014,-0.003,-0.005,-0.004,0.967,50.180
2510203104,2026-09-18 01:00:00,228.640,228.650,229.230,0.350,0.270,0.300,0.184,0.064,0.064,0.069,0.060,0.009,0.021,0.029,0.954,50.130
2510203105,2026-09-18 01:00:00,233.640,232.150,232.330,0.030,0.110,0.020,0.035,0.006,0.024,0.005,0.008,0.000,0.006,0.001,0.966,50.130
2510203106,2026-09-18 01:00:00,238.340,237.680,238.570,0.030,0.010,0.000,0.009,0.005,0.003,0.000,-0.004,-0.003,0.000,0.000,0.876,50.130
2510203108,2026-09-18 01:00:00,235.970,236.530,235.550,0.420,0.860,0.800,0.441,0.088,0.189,0.163,0.022,0.003,0.012,0.006,0.998,50.180
2510203109,2026-09-18 01:00:00,234.690,235.320,234.480,0.040,0.060,0.070,0.037,0.006,0.014,0.016,0.006,0.004,0.000,0.001,0.986,50.070
2510203111,2026-09-18 01:00:00,235.680,235.970,236.750,0.020,0.020,0.000,0.008,0.004,0.004,0.000,-0.002,-0.001,0.000,0.000,0.991,50.150
2510203112,2026-09-18 01:00:00,227.180,226.490,227.280,0.210,0.250,0.220,0.136,0.042,0.050,0.043,0.071,0.023,0.024,0.023,0.884,50.080
2510203113,2026-09-18 01:00:00,238.750,238.460,237.970,0.400,0.490,0.550,0.343,0.098,0.115,0.128,0.037,0.007,0.009,0.019,0.993,50.100
2510203114,2026-09-18 01:00:00,228.480,228.690,229.170,0.650,0.460,0.500,0.369,0.140,0.110,0.118,0.037,0.012,0.006,0.016,0.995,50.080
2510203118,2026-09-18 01:00:00,123.630,123.590,124.010,0.160,0.140,0.140,0.053,0.019,0.017,0.016,-0.015,-0.005,-0.003,-0.006,0.955,50.070
2510203119,2026-09-18 01:00:00,228.430,227.460,227.620,0.000,0.000,0.000,0.000,0.000,0.000,0.000,0.000,0.000,0.000,0.000,1.000,50.070
2510203121,2026-09-18 01:00:00,227.310,227.550,228.250,0.040,0.050,0.120,0.040,0.008,0.008,0.024,-0.024,-0.005,-0.007,-0.011,0.863,50.070
2510203122,2026-09-18 01:00:00,235.540,236.380,235.340,0.090,0.020,0.020,0.022,0.014,0.003,0.004,0.011,0.014,-0.002,0.000,0.901,50.110
2510203123,2026-09-18 01:00:00,235.560,235.800,236.610,0.010,0.010,0.000,0.005,0.002,0.002,0.000,-0.003,-0.001,-0.001,0.000,0.809,50.130
2510203124,2026-09-18 01:00:00,235.890,236.300,235.330,0.100,0.100,0.120,0.064,0.020,0.019,0.024,0.034,0.010,0.011,0.011,0.883,50.080
2510203126,2026-09-18 01:00:00,227.640,227.780,228.600,0.040,0.020,0.000,0.013,0.009,0.004,0.000,-0.002,-0.001,0.000,0.000,0.990,50.080
2510203127,2026-09-18 01:00:00,235.400,236.180,235.320,0.440,0.640,0.410,0.292,0.081,0.133,0.077,0.192,0.062,0.071,0.058,0.835,50.080
2510203128,2026-09-18 01:00:00,234.030,234.250,232.830,2.210,2.200,2.310,1.529,0.507,0.501,0.520,0.200,0.043,0.069,0.089,0.991,50.190
2510203129,2026-09-18 01:00:00,238.660,237.980,238.910,0.010,0.030,0.000,0.009,0.002,0.006,0.000,-0.003,-0.002,-0.001,0.000,0.936,50.080
2510203130,2026-09-18 01:00:00,244.550,244.400,245.900,0.000,0.000,0.010,0.003,0.000,0.001,0.001,-0.001,0.000,0.000,0.000,1.000,50.080
2510203134,2026-09-18 01:00:00,235.580,234.630,234.750,0.020,0.010,0.010,0.007,0.004,0.001,0.001,-0.001,0.000,-0.001,0.000,0.961,50.120
2510224049,2026-09-18 01:00:00,227.220,228.070,227.170,16.440,12.300,7.600,6.770,2.790,2.450,1.520,-2.030,-0.660,-0.830,-0.530,0.957,50.080
2510224167,2026-09-18 01:00:00,227.190,227.300,228.160,5.900,4.540,4.880,2.700,1.180,0.730,0.780,-1.880,-0.550,-0.650,-0.680,0.819,50.080
2510317505,2026-09-18 01:00:00,227.350,227.550,228.260,3.290,3.710,5.310,1.930,0.530,0.590,0.800,-1.700,-0.470,-0.550,-0.680,0.750,50.080
2510317516,2026-09-18 01:00:00,227.490,227.610,228.340,0.000,0.000,0.000,0.000,0.000,0.000,0.000,0.000,0.000,0.000,0.000,1.000,50.090
2510317537,2026-09-18 01:00:00,233.930,233.960,234.860,2.600,2.540,2.480,1.680,0.580,0.560,0.530,-0.270,-0.090,-0.090,-0.080,0.985,50.080
2510389559,2026-09-18 01:00:00,239.120,238.480,239.370,0.000,0.000,0.000,0.000,0.000,0.000,0.000,0.000,0.000,0.000,0.000,1.000,50.100
2510389643,2026-09-18 01:00:00,239.190,238.490,239.330,5.300,13.800,13.490,7.340,1.150,3.110,3.080,-1.270,-0.160,-0.590,-0.520,0.985,50.080
2510389931,2026-09-18 01:00:00,238.500,237.640,238.580,5.310,3.170,12.070,4.700,1.180,0.690,2.810,-1.200,-0.410,-0.250,-0.530,0.968,50.070
2510633381,2026-09-18 01:00:00,235.410,234.550,234.730,0.050,0.070,0.020,0.028,0.011,0.013,0.003,-0.012,-0.005,-0.005,-0.001,0.938,50.080
2510633383,2026-09-18 01:00:00,235.350,235.450,236.260,0.110,0.080,0.090,0.017,0.006,0.002,0.008,-0.063,-0.024,-0.019,-0.019,0.271,50.080
2510633385,2026-09-18 01:00:00,239.260,238.620,239.500,0.160,0.310,0.330,0.187,0.036,0.072,0.077,-0.034,-0.007,-0.013,-0.013,0.982,50.130
2510633386,2026-09-18 01:00:00,224.010,224.040,224.830,1.100,1.110,1.100,0.116,0.041,0.037,0.037,-0.705,-0.234,-0.235,-0.235,0.164,50.140
2510633387,2026-09-18 01:00:00,235.470,236.170,235.250,0.010,0.020,0.000,0.004,0.002,0.002,0.000,0.002,0.000,0.002,0.000,0.825,50.130
2510633390,2026-09-18 01:00:00,234.590,235.530,234.410,1.840,2.120,2.010,1.448,0.454,0.499,0.476,0.408,0.124,0.131,0.150,0.959,50.130
2510633391,2026-09-18 01:00:00,124.060,123.540,123.680,0.000,0.000,0.000,0.000,0.000,0.000,0.000,0.000,0.000,0.000,0.000,1.000,50.110
2510633393,2026-09-18 01:00:00,237.060,237.950,237.660,1.300,1.340,1.310,0.898,0.299,0.307,0.291,0.202,0.068,0.059,0.074,0.973,50.170
2510633395,2026-09-18 01:00:00,235.900,236.590,235.720,0.000,0.000,0.000,0.000,0.000,0.000,0.000,0.000,0.000,0.000,0.000,1.000,50.170
2510633396,2026-09-18 01:00:00,236.250,235.290,235.860,0.200,0.230,0.190,0.127,0.039,0.049,0.038,0.070,0.024,0.023,0.022,0.872,50.080
2510633397,2026-09-18 01:00:00,241.710,240.720,241.000,0.030,0.050,0.030,0.024,0.007,0.010,0.006,-0.005,-0.003,-0.001,-0.001,0.991,50.120
2510633399,2026-09-18 01:00:00,227.160,227.220,228.120,0.280,0.380,0.320,0.224,0.064,0.087,0.072,0.004,0.000,0.002,0.001,0.998,50.080
2510633400,2026-09-18 01:00:00,227.000,227.800,226.780,0.340,0.360,0.360,0.214,0.069,0.072,0.073,0.062,0.019,0.023,0.022,0.966,50.110
2510633406,2026-09-18 01:00:00,227.270,227.390,228.260,0.100,0.080,0.080,0.045,0.019,0.012,0.013,-0.032,-0.009,-0.011,-0.011,0.814,50.070
2510633411,2026-09-18 01:00:00,225.110,224.010,223.990,2.140,2.090,2.140,1.323,0.450,0.432,0.438,0.561,0.181,0.181,0.198,0.919,50.100
2510814977,2026-09-18 01:00:00,232.040,233.370,232.170,0.010,0.010,0.010,0.004,0.002,0.000,0.001,-0.002,0.000,-0.001,-0.001,0.983,50.060
2610026950,2026-09-18 01:00:00,228.240,227.160,227.370,0.010,0.010,0.010,0.005,0.002,0.001,0.002,-0.001,0.000,0.000,0.000,0.967,50.060
2610026952,2026-09-18 01:00:00,233.720,232.680,232.960,2.020,1.950,1.970,1.171,0.396,0.382,0.393,0.730,0.254,0.240,0.235,0.848,50.060
2610026963,2026-09-18 01:00:00,235.870,235.840,236.720,0.210,0.110,0.100,0.083,0.043,0.022,0.018,-0.054,-0.022,-0.014,-0.016,0.838,50.080
2610026966,2026-09-18 01:00:00,232.280,233.000,232.360,0.040,0.040,0.050,0.027,0.008,0.008,0.009,0.014,0.003,0.004,0.006,0.869,50.080
2610026976,2026-09-18 01:00:00,235.400,235.480,236.470,0.280,0.690,0.110,0.236,0.064,0.146,0.025,0.013,0.001,0.004,0.008,0.999,50.080
2610026977,2026-09-18 01:00:00,243.340,243.900,243.260,0.180,0.480,0.560,0.292,0.038,0.116,0.136,0.027,0.019,0.005,0.002,0.994,50.100
2610126270,2026-09-18 01:00:00,227.450,228.100,227.260,0.030,0.010,0.010,0.010,0.005,0.002,0.001,-0.004,-0.001,-0.001,-0.001,0.911,50.080
2610126451,2026-09-18 01:00:00,235.860,236.500,235.530,0.000,0.000,0.060,0.016,0.001,0.001,0.014,0.002,0.000,0.000,0.002,0.967,50.060
2610159557,2026-09-18 01:00:00,235.300,234.450,234.570,0.020,0.010,0.020,0.007,0.003,0.001,0.003,-0.006,-0.003,-0.001,-0.001,0.814,50.060
2610170785,2026-09-18 01:00:00,235.270,234.390,234.620,0.010,0.000,0.000,0.002,0.001,0.000,0.000,0.000,0.000,0.000,0.000,1.000,50.060
2610170786,2026-09-18 01:00:00,234.420,234.440,235.030,0.860,0.940,0.970,0.497,0.159,0.165,0.172,0.099,0.030,0.034,0.039,0.983,50.080
2610170836,2026-09-18 01:00:00,235.400,235.770,236.570,0.000,0.010,0.000,0.001,0.000,0.001,0.000,0.000,0.000,0.000,0.000,0.712,50.070
2610170837,2026-09-18 01:00:00,233.180,231.800,231.760,0.000,0.000,0.020,0.005,0.000,0.000,0.004,0.000,0.000,0.000,0.000,0.941,50.070
2610170838,2026-09-18 01:00:00,235.250,234.290,234.550,0.000,0.010,0.040,0.011,0.000,0.002,0.009,0.002,0.000,0.000,0.001,0.994,50.090
2610170839,2026-09-18 01:00:00,234.360,234.520,235.230,0.000,0.020,0.010,0.006,0.000,0.003,0.002,0.000,0.000,0.000,0.000,1.000,50.070
2610170840,2026-09-18 01:00:00,238.540,237.720,238.720,0.130,0.080,0.300,0.118,0.029,0.017,0.070,-0.030,-0.010,-0.006,-0.013,0.969,50.060
2610322967,2026-09-18 01:00:00,235.690,234.700,234.640,0.000,0.000,0.010,0.001,0.000,0.000,0.001,0.000,0.000,0.000,0.000,1.000,50.060
2610322969,2026-09-18 01:00:00,228.300,227.260,227.430,0.030,0.050,0.010,0.019,0.005,0.011,0.002,-0.002,-0.001,0.000,0.000,0.966,50.060
2610322982,2026-09-18 01:00:00,234.520,234.600,235.290,0.010,0.020,0.030,0.010,0.002,0.002,0.004,-0.007,-0.001,-0.002,-0.003,0.782,50.070
2610322995,2026-09-18 01:00:00,234.550,234.700,235.440,0.000,0.030,0.030,0.011,0.000,0.005,0.006,-0.009,0.000,-0.004,-0.004,0.762,50.070
2610322997,2026-09-18 01:00:00,231.160,231.550,230.790,1.110,1.270,0.960,0.614,0.222,0.222,0.169,0.257,0.040,0.125,0.092,0.927,50.080
2610323001,2026-09-18 01:00:00,231.350,230.100,229.960,1.440,1.270,1.380,0.843,0.301,0.252,0.290,0.495,0.164,0.169,0.162,0.858,50.070
2610323004,2026-09-18 01:00:00,64.380,63.850,64.230,0.100,0.090,0.110,0.018,0.006,0.005,0.006,0.003,0.001,0.000,0.000,0.976,50.070
2610323005,2026-09-18 01:00:00,227.690,228.300,227.380,0.000,0.010,0.010,0.003,0.000,0.001,0.001,-0.001,0.000,0.000,-0.001,1.000,50.070
2610323010,2026-09-18 01:00:00,238.910,238.610,238.010,0.040,0.000,0.000,0.007,0.007,0.000,0.000,-0.006,-0.006,0.000,0.000,0.787,50.070
2610323016,2026-09-18 01:00:00,231.450,230.390,230.250,1.610,1.480,1.500,0.953,0.338,0.304,0.311,0.413,0.138,0.136,0.138,0.917,50.080
2610323017,2026-09-18 01:00:00,234.180,235.050,234.160,0.040,0.020,0.020,0.015,0.008,0.003,0.003,-0.011,-0.005,-0.003,-0.002,0.822,50.080
2610323019,2026-09-18 01:00:00,227.380,228.360,227.370,0.020,0.060,0.030,0.023,0.004,0.013,0.005,-0.008,-0.001,-0.004,-0.002,0.939,50.070
2610323027,2026-09-18 01:00:00,235.490,234.510,234.770,0.030,0.030,0.020,0.014,0.004,0.006,0.003,-0.011,-0.003,-0.004,-0.003,0.784,50.080
2510203133,2026-09-18 01:01:00,235.580,236.300,235.420,0.020,0.020,0.000,0.009,0.005,0.004,0.000,-0.002,0.000,-0.002,0.000,0.995,50.150
2510203117,2026-09-18 01:02:00,228.570,227.590,227.770,0.190,0.230,0.210,0.129,0.040,0.050,0.038,-0.041,-0.013,-0.017,-0.010,0.958,50.160
2510203120,2026-09-18 01:02:00,234.880,234.100,234.280,0.840,0.630,0.700,0.469,0.184,0.133,0.151,0.180,0.066,0.055,0.057,0.934,50.160
2510633389,2026-09-18 01:02:00,239.450,239.220,238.590,0.200,0.250,0.220,0.158,0.047,0.058,0.052,-0.028,-0.011,-0.009,-0.007,0.984,50.150
2510633402,2026-09-18 01:02:00,231.590,231.400,232.880,0.430,0.470,0.500,0.345,0.106,0.115,0.109,0.085,0.027,0.027,0.030,0.963,50.120
2610026953,2026-09-18 01:02:00,238.060,237.330,238.170,0.520,0.550,0.540,0.336,0.104,0.113,0.101,0.155,0.054,0.050,0.049,0.912,50.150
2246006313,2026-09-18 01:30:00,57.200,57.200,57.000,0.918,0.931,0.909,0.155,0.051,0.052,0.051,0.026,0.008,0.008,0.008,0.985,50.100
2410121326,2026-09-18 01:30:00,235.590,234.630,234.900,0.220,0.170,0.190,0.130,0.048,0.038,0.042,0.040,0.013,0.011,0.015,0.953,49.910
2410121353,2026-09-18 01:30:00,235.960,235.060,235.330,0.000,0.010,0.040,0.011,0.000,0.002,0.009,-0.002,0.000,0.000,0.000,0.983,50.120
2410121371,2026-09-18 01:30:00,236.120,235.070,235.190,0.270,0.270,0.270,0.209,0.071,0.068,0.069,-0.007,-0.002,-0.001,-0.001,0.999,50.070
2410121424,2026-09-18 01:30:00,236.180,235.330,235.520,0.010,0.010,0.010,0.004,0.000,0.001,0.002,-0.003,-0.001,-0.001,0.000,0.804,50.090
2410121440,2026-09-18 01:30:00,235.790,234.910,235.070,0.010,0.000,0.010,0.004,0.002,0.000,0.001,-0.002,-0.002,0.000,0.000,0.784,50.050
2410121454,2026-09-18 01:30:00,235.360,236.110,235.140,0.080,0.170,0.150,0.092,0.016,0.040,0.035,0.021,0.007,0.007,0.007,0.974,50.090
2410121457,2026-09-18 01:30:00,233.520,232.380,232.900,1.800,1.920,1.720,1.227,0.408,0.431,0.387,0.222,0.064,0.091,0.066,0.984,49.930
2410121574,2026-09-18 01:30:00,236.500,235.340,235.560,0.120,0.120,0.100,0.066,0.026,0.023,0.016,-0.044,-0.012,-0.016,-0.015,0.828,50.130
2410131378,2026-09-18 01:30:00,235.440,236.110,235.190,0.010,0.010,0.040,0.013,0.001,0.001,0.009,-0.005,-0.002,-0.001,-0.001,0.960,50.090
2410131383,2026-09-18 01:30:00,239.170,238.840,238.270,0.030,0.030,0.050,0.027,0.007,0.008,0.011,-0.003,0.000,-0.001,-0.001,0.988,49.920
2410131384,2026-09-18 01:30:00,234.310,234.940,234.240,0.800,0.920,0.880,0.705,0.230,0.256,0.219,0.106,0.036,0.036,0.027,0.985,50.020
2410131387,2026-09-18 01:30:00,236.530,237.150,237.250,0.100,0.070,0.070,0.054,0.023,0.016,0.015,0.001,0.001,0.004,-0.003,0.994,50.130
2410320615,2026-09-18 01:30:00,237.640,238.240,238.600,1.560,1.530,1.580,1.068,0.356,0.337,0.374,0.131,0.022,0.049,0.050,0.992,50.080
2410883988,2026-09-18 01:30:00,227.470,228.080,227.090,0.020,0.000,0.040,0.014,0.004,0.000,0.009,-0.001,0.000,0.000,-0.001,1.000,49.940
2410883990,2026-09-18 01:30:00,227.670,226.610,226.920,0.020,0.000,0.010,0.005,0.003,0.000,0.001,0.001,0.002,0.000,0.000,1.000,49.920
2410883991,2026-09-18 01:30:00,234.700,234.890,235.630,0.070,0.070,0.040,0.042,0.015,0.016,0.009,-0.002,-0.001,0.000,-0.001,1.000,50.040
2410883993,2026-09-18 01:30:00,234.710,233.760,233.920,0.850,0.990,1.020,0.662,0.197,0.228,0.237,0.053,0.009,0.021,0.021,0.996,49.880
2410883994,2026-09-18 01:30:00,235.580,234.700,235.020,0.020,0.010,0.020,0.009,0.003,0.002,0.003,-0.004,-0.002,-0.001,0.000,0.899,50.060
2410932742,2026-09-18 01:30:00,231.940,230.470,230.330,1.740,1.710,1.800,1.074,0.360,0.346,0.366,0.315,0.102,0.100,0.112,0.959,50.000
2411087432,2026-09-18 01:30:00,235.090,235.920,234.910,0.450,0.440,0.480,0.321,0.106,0.102,0.112,0.000,0.005,-0.004,0.000,1.000,49.940
2411087433,2026-09-18 01:30:00,234.580,234.710,235.430,0.490,0.450,0.460,0.332,0.115,0.103,0.103,-0.015,-0.004,-0.005,-0.004,0.998,49.890
2411290205,2026-09-18 01:30:00,238.940,238.240,239.070,0.110,0.090,0.120,0.082,0.024,0.028,0.029,0.007,0.002,0.002,0.001,1.000,50.040
2510014481,2026-09-18 01:30:00,230.340,230.160,231.770,1.530,1.460,1.410,0.945,0.318,0.309,0.344,0.327,0.127,0.116,0.084,0.946,49.880
2510014482,2026-09-18 01:30:00,235.240,235.920,234.930,0.010,0.040,0.000,0.012,0.002,0.010,0.000,-0.002,-0.002,0.000,0.000,0.989,49.940
2510014483,2026-09-18 01:30:00,234.480,234.630,235.280,0.060,0.050,0.060,0.031,0.011,0.008,0.011,-0.023,-0.006,-0.006,-0.009,0.800,49.910
2510014484,2026-09-18 01:30:00,237.620,236.960,237.930,1.480,1.780,1.580,1.072,0.324,0.399,0.330,0.403,0.142,0.126,0.135,0.934,49.930
2510178139,2026-09-18 01:30:00,234.110,234.900,233.760,0.950,0.940,0.920,0.628,0.213,0.204,0.210,0.201,0.071,0.069,0.060,0.950,49.860
2510178141,2026-09-18 01:30:00,235.070,235.200,235.980,0.020,0.010,0.010,0.003,0.002,0.000,0.000,-0.009,-0.004,-0.001,-0.002,0.354,49.920
2510203103,2026-09-18 01:30:00,227.500,225.990,225.990,0.070,0.100,0.080,0.053,0.016,0.021,0.015,-0.013,-0.003,-0.004,-0.004,0.970,50.060
2510203104,2026-09-18 01:30:00,228.670,228.680,229.250,0.310,0.210,0.240,0.145,0.052,0.044,0.048,0.049,0.004,0.018,0.026,0.946,49.970
2510203105,2026-09-18 01:30:00,233.070,231.520,231.620,0.030,0.110,0.020,0.035,0.005,0.024,0.005,0.010,0.000,0.008,0.001,0.962,49.850
2510203106,2026-09-18 01:30:00,238.600,237.880,238.800,0.030,0.010,0.000,0.009,0.005,0.003,0.000,-0.004,-0.003,0.000,0.000,0.961,49.980
2510203108,2026-09-18 01:30:00,235.600,236.060,235.230,0.410,0.810,0.750,0.455,0.102,0.190,0.162,0.028,0.002,0.019,0.005,0.996,50.100
2510203109,2026-09-18 01:30:00,234.310,234.920,234.130,0.030,0.060,0.070,0.035,0.005,0.014,0.016,0.006,0.004,0.000,0.001,0.995,49.850
2510203111,2026-09-18 01:30:00,235.050,235.320,236.050,0.020,0.020,0.000,0.007,0.003,0.004,0.000,-0.002,-0.002,0.000,0.000,0.971,50.000
2510203112,2026-09-18 01:30:00,227.400,226.640,227.500,0.240,0.270,0.240,0.148,0.047,0.053,0.047,0.078,0.025,0.027,0.024,0.885,49.930
2510203113,2026-09-18 01:30:00,238.920,238.660,238.110,0.450,0.510,0.600,0.378,0.119,0.122,0.136,0.041,0.009,0.010,0.022,0.993,49.940
2510203114,2026-09-18 01:30:00,228.360,228.540,229.030,0.270,0.160,0.170,0.133,0.063,0.031,0.038,0.023,0.005,0.004,0.015,0.986,49.860
2510203117,2026-09-18 01:30:00,228.280,227.260,227.390,0.190,0.230,0.180,0.129,0.040,0.050,0.038,-0.042,-0.014,-0.017,-0.010,0.950,50.110
2510203118,2026-09-18 01:30:00,123.600,123.570,124.000,0.170,0.150,0.150,0.055,0.020,0.017,0.016,-0.018,-0.006,-0.003,-0.007,0.952,49.870
2510203119,2026-09-18 01:30:00,228.180,227.130,227.260,0.000,0.000,0.000,0.000,0.000,0.000,0.000,0.000,0.000,0.000,0.000,1.000,50.070
2510203120,2026-09-18 01:30:00,234.990,234.200,234.390,0.770,0.540,0.590,0.404,0.165,0.113,0.125,0.173,0.066,0.053,0.053,0.918,50.100
2510203121,2026-09-18 01:30:00,226.760,227.000,227.750,0.040,0.050,0.130,0.043,0.008,0.007,0.027,-0.023,-0.005,-0.007,-0.011,0.874,49.870
2510203122,2026-09-18 01:30:00,235.110,235.910,234.930,0.040,0.020,0.020,0.014,0.006,0.012,0.004,0.008,0.005,0.003,0.000,1.000,49.940
2510203123,2026-09-18 01:30:00,235.020,235.260,236.010,0.010,0.010,0.000,0.005,0.002,0.002,0.000,-0.003,-0.001,-0.001,0.000,0.802,49.970
2510203124,2026-09-18 01:30:00,235.110,235.530,234.570,0.100,0.100,0.120,0.066,0.020,0.020,0.024,0.034,0.011,0.011,0.011,0.882,49.850
2510203126,2026-09-18 01:30:00,227.010,227.170,228.010,0.040,0.020,0.000,0.013,0.009,0.004,0.000,-0.001,-0.001,0.000,0.000,0.989,49.890
2510203127,2026-09-18 01:30:00,234.820,235.550,234.700,0.440,0.620,0.410,0.277,0.080,0.120,0.077,0.192,0.062,0.071,0.058,0.816,49.880
2510203128,2026-09-18 01:30:00,233.970,234.210,232.780,2.150,2.170,2.270,1.494,0.490,0.490,0.512,0.197,0.041,0.066,0.089,0.991,50.070
2510203129,2026-09-18 01:30:00,239.080,238.410,239.350,0.010,0.030,0.000,0.009,0.002,0.007,0.000,-0.003,-0.002,-0.001,0.000,0.893,49.900
2510203130,2026-09-18 01:30:00,243.960,243.760,245.380,0.000,0.000,0.010,0.003,0.000,0.001,0.001,-0.001,0.000,0.000,0.000,1.000,49.860
2510203133,2026-09-18 01:30:00,235.430,236.090,235.320,0.030,0.020,0.000,0.010,0.005,0.004,0.000,-0.002,0.000,-0.002,0.000,0.986,50.090
2510203134,2026-09-18 01:30:00,235.950,235.020,235.090,0.020,0.010,0.010,0.007,0.004,0.001,0.001,-0.002,0.000,-0.001,0.000,0.961,50.100
2510224049,2026-09-18 01:30:00,226.590,227.510,226.470,16.520,12.360,7.630,6.770,2.800,2.440,1.530,-2.020,-0.650,-0.820,-0.530,0.958,49.910
2510224167,2026-09-18 01:30:00,226.490,226.670,227.520,5.910,4.550,4.880,2.700,1.180,0.730,0.780,-1.870,-0.540,-0.640,-0.670,0.821,49.930
2510317505,2026-09-18 01:30:00,226.610,226.860,227.670,3.300,3.710,5.310,1.930,0.530,0.590,0.810,-1.690,-0.460,-0.540,-0.670,0.753,49.920
2510317516,2026-09-18 01:30:00,226.900,227.080,227.820,0.000,0.000,0.000,0.000,0.000,0.000,0.000,0.000,0.000,0.000,0.000,1.000,49.930
2510317537,2026-09-18 01:30:00,234.010,234.010,234.870,2.660,2.490,2.350,1.740,0.600,0.570,0.560,-0.300,-0.090,-0.100,-0.090,0.985,49.940
2510389559,2026-09-18 01:30:00,239.340,238.690,239.570,0.000,0.000,0.000,0.000,0.000,0.000,0.000,0.000,0.000,0.000,0.000,1.000,49.940
2510389643,2026-09-18 01:30:00,239.310,238.570,239.460,5.260,13.800,13.480,7.340,1.140,3.110,3.080,-1.270,-0.160,-0.590,-0.520,0.985,49.930
2510389931,2026-09-18 01:30:00,238.590,237.500,238.830,3.100,16.560,6.350,6.140,0.730,3.910,1.490,-0.700,-0.100,-0.390,-0.200,0.993,49.910
2510633381,2026-09-18 01:30:00,235.150,234.300,234.460,0.050,0.060,0.010,0.024,0.010,0.011,0.002,-0.013,-0.005,-0.005,-0.001,0.872,49.870
2510633383,2026-09-18 01:30:00,234.720,234.790,235.640,0.110,0.080,0.100,0.020,0.005,0.002,0.011,-0.062,-0.024,-0.019,-0.019,0.305,49.880
2510633385,2026-09-18 01:30:00,239.150,238.490,239.420,0.160,0.320,0.330,0.188,0.036,0.074,0.077,-0.032,-0.004,-0.014,-0.012,0.986,49.950
2510633386,2026-09-18 01:30:00,223.790,223.830,224.630,1.090,1.090,1.090,0.114,0.041,0.036,0.036,-0.701,-0.232,-0.234,-0.235,0.159,49.980
2510633387,2026-09-18 01:30:00,234.210,234.880,234.080,0.010,0.000,0.000,0.002,0.002,0.000,0.000,0.000,0.000,0.000,0.000,1.000,49.950
2510633389,2026-09-18 01:30:00,238.930,238.680,237.970,0.210,0.250,0.210,0.153,0.048,0.058,0.047,-0.036,-0.014,-0.011,-0.010,0.971,49.940
2510633390,2026-09-18 01:30:00,234.210,235.100,234.070,1.730,1.880,1.820,1.123,0.357,0.386,0.379,0.296,0.097,0.091,0.110,0.969,49.930
2510633391,2026-09-18 01:30:00,123.670,123.210,123.300,0.000,0.000,0.000,0.000,0.000,0.000,0.000,0.000,0.000,0.000,0.000,1.000,49.920
2510633393,2026-09-18 01:30:00,237.290,238.200,237.890,1.260,1.290,1.240,0.866,0.285,0.296,0.284,0.175,0.061,0.050,0.065,0.979,50.060
2510633395,2026-09-18 01:30:00,234.700,235.520,234.580,0.000,0.000,0.000,0.000,0.000,0.000,0.000,0.000,0.000,0.000,0.000,1.000,49.850
2510633396,2026-09-18 01:30:00,235.550,234.620,235.180,0.200,0.240,0.200,0.130,0.040,0.050,0.040,0.071,0.024,0.023,0.023,0.879,49.880
2510633397,2026-09-18 01:30:00,241.180,240.220,240.490,0.030,0.050,0.030,0.025,0.007,0.010,0.006,-0.005,-0.002,-0.001,-0.001,0.966,49.930
2510633399,2026-09-18 01:30:00,226.560,226.690,227.610,0.260,0.290,0.310,0.193,0.057,0.065,0.070,-0.003,0.000,-0.001,-0.001,0.998,49.900
2510633400,2026-09-18 01:30:00,226.460,227.310,226.200,0.310,0.330,0.320,0.200,0.064,0.067,0.070,0.057,0.017,0.020,0.020,0.962,49.920
2510633402,2026-09-18 01:30:00,231.400,231.130,232.660,0.660,0.700,0.730,0.422,0.132,0.141,0.148,0.119,0.037,0.038,0.042,0.975,50.030
2510633406,2026-09-18 01:30:00,226.730,226.860,227.780,0.100,0.080,0.080,0.045,0.019,0.012,0.013,-0.032,-0.009,-0.011,-0.011,0.814,49.880
2510633411,2026-09-18 01:30:00,224.420,223.230,223.320,2.120,2.060,2.130,1.274,0.425,0.407,0.418,0.554,0.179,0.180,0.194,0.917,49.920
2510814977,2026-09-18 01:30:00,231.470,232.880,231.640,0.010,0.010,0.010,0.004,0.002,0.000,0.001,-0.002,0.000,-0.001,-0.001,0.988,49.890
2610026950,2026-09-18 01:30:00,227.770,226.640,226.890,0.010,0.010,0.010,0.005,0.002,0.001,0.002,-0.001,0.000,0.000,0.000,0.956,49.890
2610026952,2026-09-18 01:30:00,234.070,232.980,233.220,1.470,1.430,1.410,0.869,0.297,0.286,0.285,0.486,0.166,0.163,0.155,0.872,49.890
2610026953,2026-09-18 01:30:00,238.180,237.350,238.210,0.490,0.550,0.500,0.348,0.109,0.117,0.121,0.156,0.056,0.050,0.049,0.923,49.870
2610026963,2026-09-18 01:30:00,235.130,235.080,236.030,0.200,0.110,0.110,0.079,0.041,0.020,0.017,-0.056,-0.023,-0.016,-0.017,0.811,49.870
2610026966,2026-09-18 01:30:00,231.800,232.520,231.810,0.050,0.040,0.060,0.029,0.010,0.007,0.011,0.016,0.004,0.004,0.007,0.877,49.850
2610026976,2026-09-18 01:30:00,234.650,234.700,235.740,0.250,0.630,0.110,0.212,0.057,0.129,0.025,0.013,0.001,0.004,0.007,0.997,49.870
2610026977,2026-09-18 01:30:00,243.170,243.720,243.020,0.180,0.420,0.530,0.270,0.038,0.102,0.129,0.028,0.019,0.005,0.003,0.994,49.910
2610126270,2026-09-18 01:30:00,226.850,227.520,226.630,0.020,0.010,0.010,0.009,0.004,0.002,0.001,-0.004,-0.001,-0.001,-0.001,0.939,49.920
2610126451,2026-09-18 01:30:00,235.210,235.920,234.940,0.000,0.000,0.040,0.011,0.001,0.000,0.009,0.000,0.000,0.000,0.001,1.000,49.870
2610159557,2026-09-18 01:30:00,235.250,234.390,234.520,0.020,0.010,0.020,0.007,0.003,0.000,0.003,-0.006,-0.003,-0.001,-0.001,0.760,49.880
2610170785,2026-09-18 01:30:00,235.180,234.340,234.540,0.010,0.000,0.000,0.002,0.001,0.000,0.000,0.000,0.000,0.000,0.000,1.000,49.900
2610170786,2026-09-18 01:30:00,234.600,234.650,235.260,0.510,0.610,0.640,0.400,0.121,0.127,0.151,0.075,0.025,0.023,0.024,0.987,49.920
2610170836,2026-09-18 01:30:00,234.970,235.350,236.160,0.000,0.010,0.000,0.001,0.000,0.001,0.000,0.000,0.000,0.000,0.000,1.000,49.910
2610170837,2026-09-18 01:30:00,232.850,231.450,231.350,0.000,0.000,0.000,0.002,0.000,0.000,0.001,0.000,0.000,0.000,0.000,1.000,49.910
2610170838,2026-09-18 01:30:00,235.350,234.340,234.620,0.000,0.010,0.040,0.011,0.000,0.002,0.009,0.002,0.000,0.000,0.001,0.995,49.940
2610170839,2026-09-18 01:30:00,234.330,234.520,235.230,0.000,0.020,0.010,0.006,0.000,0.003,0.002,0.000,0.000,0.000,0.000,1.000,49.900
2610170840,2026-09-18 01:30:00,238.700,237.680,238.940,0.080,0.420,0.160,0.154,0.018,0.098,0.037,-0.018,-0.002,-0.010,-0.005,0.990,49.920
2610322967,2026-09-18 01:30:00,235.630,234.650,234.580,0.000,0.000,0.000,0.001,0.000,0.000,0.001,0.000,0.000,0.000,0.000,1.000,49.890
2610322969,2026-09-18 01:30:00,227.780,226.680,226.890,0.030,0.010,0.010,0.011,0.006,0.002,0.002,-0.002,-0.001,0.000,0.000,1.000,49.890
2610322982,2026-09-18 01:30:00,234.420,234.510,235.240,0.010,0.020,0.030,0.010,0.002,0.002,0.004,-0.007,-0.001,-0.002,-0.003,0.779,49.870
2610322995,2026-09-18 01:30:00,234.500,234.620,235.340,0.000,0.030,0.030,0.011,0.000,0.005,0.006,-0.009,0.000,-0.004,-0.004,0.763,49.900
2610322997,2026-09-18 01:30:00,230.790,231.620,230.630,0.890,0.960,0.760,0.580,0.208,0.208,0.164,0.232,0.038,0.109,0.084,0.924,49.910
2610323001,2026-09-18 01:30:00,230.190,229.100,228.910,2.130,1.920,2.020,1.229,0.434,0.384,0.409,0.626,0.211,0.210,0.201,0.893,49.900
2610323004,2026-09-18 01:30:00,64.240,63.700,64.090,0.380,0.360,0.370,0.064,0.022,0.020,0.021,0.025,0.009,0.008,0.007,0.934,49.900
2610323005,2026-09-18 01:30:00,227.090,227.790,226.770,0.000,0.010,0.010,0.003,0.000,0.001,0.001,-0.001,0.000,0.000,-0.001,1.000,49.900
2610323010,2026-09-18 01:30:00,238.980,238.720,238.090,0.050,0.000,0.000,0.009,0.009,0.000,0.000,-0.006,-0.006,0.000,0.000,0.860,49.890
2610323016,2026-09-18 01:30:00,230.180,229.140,228.930,2.530,2.430,2.410,1.542,0.535,0.505,0.499,0.615,0.201,0.208,0.205,0.928,49.920
2610323017,2026-09-18 01:30:00,234.170,234.990,234.090,0.040,0.020,0.020,0.015,0.008,0.003,0.003,-0.011,-0.005,-0.003,-0.002,0.821,49.930
2610323019,2026-09-18 01:30:00,226.740,227.700,226.640,0.020,0.060,0.030,0.023,0.004,0.012,0.005,-0.008,-0.001,-0.004,-0.002,0.934,49.910
2610323027,2026-09-18 01:30:00,235.440,234.510,234.730,0.030,0.030,0.020,0.014,0.004,0.006,0.003,-0.011,-0.003,-0.004,-0.003,0.783,49.930
2246006313,2026-09-18 02:00:00,57.100,57.100,56.900,0.896,0.907,0.888,0.154,0.050,0.051,0.050,0.026,0.009,0.008,0.008,0.985,49.850
2410121326,2026-09-18 02:00:00,236.270,235.290,235.510,0.210,0.170,0.190,0.129,0.048,0.038,0.042,0.039,0.013,0.010,0.015,0.955,50.030
2410121353,2026-09-18 02:00:00,236.250,235.240,235.440,0.000,0.010,0.040,0.012,0.000,0.002,0.009,-0.002,0.000,0.000,0.000,0.947,50.100
2410121371,2026-09-18 02:00:00,236.700,235.550,235.780,0.170,0.180,0.220,0.157,0.053,0.048,0.056,-0.007,-0.001,0.000,-0.006,0.997,50.120
2410121424,2026-09-18 02:00:00,236.350,235.420,235.580,0.010,0.010,0.010,0.004,0.000,0.001,0.002,-0.003,-0.001,-0.001,0.000,0.799,50.060
2410121440,2026-09-18 02:00:00,236.320,235.410,235.510,0.010,0.000,0.010,0.004,0.002,0.000,0.001,-0.002,-0.001,0.000,0.000,0.780,50.090
2410121457,2026-09-18 02:00:00,234.750,233.600,234.100,1.760,1.920,1.660,1.206,0.398,0.431,0.376,0.207,0.060,0.087,0.060,0.985,50.030
2410121574,2026-09-18 02:00:00,236.530,235.310,235.440,0.100,0.110,0.080,0.049,0.020,0.017,0.010,-0.046,-0.013,-0.017,-0.015,0.722,50.080
2410131378,2026-09-18 02:00:00,235.970,236.740,235.900,0.010,0.010,0.030,0.010,0.001,0.001,0.006,-0.004,-0.002,-0.001,0.000,0.938,50.130
2410131383,2026-09-18 02:00:00,239.560,239.060,238.750,0.040,0.030,0.060,0.030,0.009,0.006,0.013,-0.004,0.000,-0.001,-0.002,1.000,50.030
2410131384,2026-09-18 02:00:00,234.560,235.020,234.450,0.940,1.230,1.040,0.678,0.206,0.223,0.185,0.107,0.034,0.038,0.034,0.989,50.040
2410131387,2026-09-18 02:00:00,236.850,237.650,237.470,0.040,0.040,0.030,0.024,0.008,0.008,0.007,0.001,0.001,0.000,0.000,0.988,50.020
2410320615,2026-09-18 02:00:00,238.130,238.940,239.070,1.340,1.300,1.470,1.025,0.332,0.324,0.368,0.140,0.028,0.056,0.051,0.992,50.000
2410883988,2026-09-18 02:00:00,228.530,229.130,228.240,0.020,0.000,0.040,0.014,0.004,0.000,0.009,-0.001,0.000,0.000,-0.001,1.000,50.130
2410883990,2026-09-18 02:00:00,228.730,227.730,228.020,0.020,0.000,0.010,0.005,0.003,0.000,0.001,0.001,0.002,0.000,0.000,1.000,50.080
2410883991,2026-09-18 02:00:00,234.610,234.820,235.510,0.070,0.070,0.040,0.040,0.015,0.015,0.009,-0.004,-0.001,0.000,-0.001,0.995,49.860
2410883993,2026-09-18 02:00:00,235.560,234.550,234.810,0.640,0.860,0.830,0.538,0.147,0.200,0.192,-0.068,-0.031,-0.019,-0.017,0.992,50.070
2410883994,2026-09-18 02:00:00,235.340,234.500,234.780,0.020,0.010,0.030,0.012,0.003,0.002,0.005,-0.004,-0.002,-0.001,-0.001,0.931,49.900
2410932742,2026-09-18 02:00:00,231.310,229.850,229.800,2.740,2.700,2.790,1.749,0.586,0.572,0.589,0.448,0.144,0.145,0.157,0.969,49.840
2411087432,2026-09-18 02:00:00,235.290,236.180,235.130,0.450,0.430,0.470,0.319,0.106,0.102,0.111,-0.003,0.004,-0.004,-0.003,1.000,50.120
2411290205,2026-09-18 02:00:00,238.870,238.260,239.150,0.130,0.120,0.120,0.087,0.031,0.027,0.027,0.008,0.004,0.002,0.002,0.989,49.850
2510014481,2026-09-18 02:00:00,230.700,230.760,232.300,2.040,1.950,1.920,1.072,0.365,0.354,0.352,0.322,0.118,0.115,0.088,0.969,50.070
2510014482,2026-09-18 02:00:00,235.450,236.200,235.230,0.010,0.040,0.000,0.010,0.002,0.008,0.000,-0.006,-0.002,-0.003,0.000,0.832,50.110
2510014483,2026-09-18 02:00:00,234.970,235.080,235.730,0.050,0.040,0.060,0.028,0.010,0.007,0.010,-0.022,-0.006,-0.006,-0.009,0.783,50.070
2510014484,2026-09-18 02:00:00,237.210,236.680,237.820,1.690,1.860,1.610,1.153,0.358,0.404,0.342,0.397,0.139,0.122,0.135,0.941,50.100
2510178139,2026-09-18 02:00:00,235.290,236.050,234.990,0.660,0.650,0.630,0.463,0.153,0.156,0.153,0.153,0.053,0.050,0.049,0.941,50.060
2510178141,2026-09-18 02:00:00,234.770,234.880,235.980,0.020,0.010,0.010,0.004,0.002,0.000,0.001,-0.009,-0.004,-0.001,-0.002,0.469,50.100
2510203103,2026-09-18 02:00:00,227.820,226.380,226.350,0.070,0.080,0.080,0.062,0.017,0.018,0.026,-0.008,-0.002,-0.002,-0.003,0.978,50.010
2510203104,2026-09-18 02:00:00,228.930,228.950,229.540,0.750,0.620,0.650,0.403,0.148,0.124,0.130,0.061,0.009,0.023,0.028,0.988,50.100
2510203105,2026-09-18 02:00:00,233.880,232.380,232.490,0.030,0.110,0.030,0.038,0.006,0.026,0.005,0.010,0.000,0.007,0.002,0.972,50.060
2510203106,2026-09-18 02:00:00,238.620,238.060,239.120,0.030,0.010,0.000,0.009,0.005,0.003,0.000,-0.004,-0.003,0.000,0.000,0.961,50.080
2510203108,2026-09-18 02:00:00,235.680,236.270,235.370,0.520,0.770,0.810,0.473,0.122,0.177,0.174,0.017,0.003,0.007,0.006,1.000,49.960
2510203109,2026-09-18 02:00:00,235.160,235.730,234.930,0.040,0.050,0.070,0.034,0.006,0.011,0.016,0.008,0.004,0.002,0.001,0.956,50.060
2510203111,2026-09-18 02:00:00,235.110,235.320,236.240,0.020,0.020,0.000,0.007,0.003,0.004,0.000,-0.002,-0.002,0.000,0.000,0.966,50.050
2510203112,2026-09-18 02:00:00,227.240,226.520,227.460,0.170,0.190,0.180,0.108,0.034,0.038,0.035,0.055,0.017,0.018,0.018,0.891,50.100
2510203113,2026-09-18 02:00:00,238.860,238.410,237.900,0.440,0.490,0.600,0.361,0.106,0.118,0.136,0.039,0.009,0.010,0.020,0.993,50.120
2510203114,2026-09-18 02:00:00,228.890,229.070,229.570,0.360,0.300,0.270,0.193,0.080,0.050,0.058,0.033,0.009,0.006,0.017,0.987,50.060
2510203117,2026-09-18 02:00:00,228.470,227.520,227.660,0.180,0.230,0.200,0.133,0.038,0.050,0.045,-0.042,-0.014,-0.017,-0.010,0.951,49.890
2510203118,2026-09-18 02:00:00,123.940,123.930,124.310,0.180,0.150,0.150,0.056,0.020,0.018,0.017,-0.018,-0.006,-0.004,-0.007,0.946,50.070
2510203119,2026-09-18 02:00:00,228.710,227.680,227.830,0.000,0.000,0.000,0.000,0.000,0.000,0.000,0.000,0.000,0.000,0.000,1.000,50.000
2510203120,2026-09-18 02:00:00,235.110,234.300,234.520,0.830,0.590,0.690,0.452,0.179,0.125,0.146,0.171,0.066,0.051,0.053,0.934,49.950
2510203121,2026-09-18 02:00:00,227.850,228.080,228.800,0.040,0.050,0.120,0.041,0.008,0.007,0.024,-0.024,-0.005,-0.007,-0.011,0.855,50.070
2510203122,2026-09-18 02:00:00,235.420,236.350,235.320,0.040,0.020,0.020,0.016,0.006,0.005,0.004,0.012,0.005,0.007,0.000,0.959,50.120
2510203123,2026-09-18 02:00:00,235.410,235.540,236.460,0.010,0.010,0.000,0.005,0.002,0.002,0.000,-0.003,-0.001,-0.001,0.000,0.798,50.110
2510203124,2026-09-18 02:00:00,235.950,236.440,235.460,0.100,0.100,0.120,0.064,0.020,0.019,0.024,0.034,0.010,0.011,0.011,0.889,50.060
2510203126,2026-09-18 02:00:00,227.890,228.020,228.810,0.040,0.020,0.000,0.013,0.009,0.004,0.000,-0.001,-0.001,0.000,0.000,0.990,50.040
2510203127,2026-09-18 02:00:00,235.510,236.290,235.400,0.440,0.600,0.410,0.283,0.082,0.124,0.077,0.201,0.062,0.080,0.058,0.825,50.050
2510203128,2026-09-18 02:00:00,234.270,234.540,233.090,2.020,2.010,2.150,1.408,0.463,0.458,0.485,0.174,0.036,0.057,0.079,0.992,50.000
2510203129,2026-09-18 02:00:00,238.990,238.340,239.440,0.010,0.030,0.000,0.009,0.002,0.007,0.000,-0.003,-0.002,-0.001,0.000,0.955,50.030
2510203130,2026-09-18 02:00:00,244.720,244.560,246.090,0.000,0.000,0.010,0.003,0.000,0.001,0.001,-0.001,0.000,0.000,0.000,1.000,50.060
2510203133,2026-09-18 02:00:00,235.550,236.240,235.400,0.030,0.020,0.000,0.010,0.005,0.004,0.000,-0.002,0.000,-0.002,0.000,0.991,49.980
2510203134,2026-09-18 02:00:00,235.520,234.620,234.760,0.020,0.010,0.010,0.007,0.004,0.001,0.001,-0.001,0.000,-0.001,0.000,0.963,49.860
2510224049,2026-09-18 02:00:00,227.640,228.550,227.580,16.490,12.330,7.600,6.770,2.800,2.450,1.520,-2.030,-0.660,-0.830,-0.530,0.957,50.070
2510224167,2026-09-18 02:00:00,227.510,227.660,228.480,5.890,4.540,4.880,2.700,1.180,0.730,0.780,-1.890,-0.550,-0.650,-0.680,0.819,50.100
2510317505,2026-09-18 02:00:00,227.610,227.830,228.550,3.300,3.710,5.400,1.950,0.530,0.590,0.820,-1.700,-0.470,-0.550,-0.680,0.753,50.090
2510317516,2026-09-18 02:00:00,227.860,228.020,228.740,0.000,0.000,0.000,0.000,0.000,0.000,0.000,0.000,0.000,0.000,0.000,1.000,50.100
2510317537,2026-09-18 02:00:00,234.520,234.600,235.420,2.680,2.500,2.470,1.750,0.590,0.580,0.570,-0.280,-0.090,-0.100,-0.090,0.984,50.100
2510389559,2026-09-18 02:00:00,239.050,238.440,239.510,0.000,0.000,0.000,0.000,0.000,0.000,0.000,0.000,0.000,0.000,0.000,1.000,50.120
2510389643,2026-09-18 02:00:00,239.150,238.470,239.530,5.290,13.810,13.490,7.350,1.140,3.110,3.080,-1.270,-0.160,-0.580,-0.520,0.985,50.100
2510389931,2026-09-18 02:00:00,238.520,237.620,239.010,3.100,16.500,6.330,6.110,0.720,3.890,1.490,-0.700,-0.100,-0.390,-0.200,0.993,50.070
2510633381,2026-09-18 02:00:00,235.740,234.920,235.120,0.050,0.060,0.010,0.026,0.011,0.012,0.002,-0.011,-0.005,-0.004,-0.001,0.914,50.060
2510633383,2026-09-18 02:00:00,235.550,235.600,236.460,0.110,0.080,0.090,0.019,0.006,0.002,0.010,-0.063,-0.024,-0.019,-0.019,0.301,50.050
2510633385,2026-09-18 02:00:00,239.300,238.720,239.690,0.150,0.310,0.330,0.187,0.036,0.073,0.077,-0.033,-0.006,-0.013,-0.012,0.985,50.050
2510633386,2026-09-18 02:00:00,224.270,224.340,225.080,1.100,1.100,1.100,0.114,0.040,0.037,0.036,-0.706,-0.234,-0.235,-0.236,0.162,50.050
2510633387,2026-09-18 02:00:00,235.380,236.220,235.330,0.010,0.000,0.000,0.002,0.002,0.000,0.000,0.000,0.000,0.000,0.000,0.826,50.040
2510633389,2026-09-18 02:00:00,239.230,238.770,238.160,0.200,0.230,0.220,0.151,0.045,0.055,0.049,-0.042,-0.014,-0.013,-0.013,0.962,50.030
2510633390,2026-09-18 02:00:00,234.830,235.750,234.700,1.770,1.870,1.900,1.225,0.384,0.411,0.400,0.325,0.101,0.099,0.123,0.964,50.040
2510633391,2026-09-18 02:00:00,124.080,123.550,123.650,0.000,0.000,0.000,0.000,0.000,0.000,0.000,0.000,0.000,0.000,0.000,1.000,50.030
2510633393,2026-09-18 02:00:00,237.200,238.150,237.660,1.250,1.270,1.230,0.887,0.294,0.303,0.294,0.188,0.063,0.056,0.069,0.977,50.100
2510633395,2026-09-18 02:00:00,235.570,236.370,235.460,0.000,0.000,0.000,0.000,0.000,0.000,0.000,0.000,0.000,0.000,0.000,1.000,50.060
2510633396,2026-09-18 02:00:00,236.490,235.540,236.040,0.200,0.230,0.190,0.128,0.039,0.049,0.038,0.070,0.024,0.023,0.022,0.877,50.050
2510633397,2026-09-18 02:00:00,241.920,240.910,241.220,0.030,0.050,0.030,0.025,0.007,0.010,0.006,-0.005,-0.002,-0.001,-0.001,0.963,50.030
2510633399,2026-09-18 02:00:00,227.390,227.510,228.430,0.240,0.300,0.290,0.186,0.053,0.067,0.064,-0.001,0.000,-0.001,0.000,0.999,50.040
2510633400,2026-09-18 02:00:00,227.080,227.870,226.860,0.470,0.550,0.480,0.318,0.103,0.107,0.106,0.067,0.019,0.023,0.024,0.979,50.040
2510633402,2026-09-18 02:00:00,231.910,231.770,233.210,0.300,0.420,0.430,0.356,0.110,0.121,0.124,0.061,0.019,0.019,0.022,0.974,50.060
2510633406,2026-09-18 02:00:00,227.740,227.870,228.740,0.100,0.080,0.080,0.045,0.019,0.012,0.013,-0.032,-0.009,-0.011,-0.011,0.815,50.070
2510633411,2026-09-18 02:00:00,225.470,224.320,224.360,2.010,1.960,2.020,1.209,0.422,0.405,0.415,0.512,0.165,0.166,0.180,0.925,50.030
2510814977,2026-09-18 02:00:00,232.060,233.410,232.160,0.010,0.010,0.010,0.004,0.002,0.000,0.001,-0.002,0.000,-0.001,-0.001,0.970,50.070
2610026950,2026-09-18 02:00:00,228.620,227.680,227.900,0.010,0.010,0.020,0.005,0.001,0.001,0.002,-0.001,0.000,0.000,0.000,0.979,50.070
2610026953,2026-09-18 02:00:00,238.450,237.770,238.790,0.480,0.490,0.460,0.348,0.105,0.127,0.115,0.157,0.056,0.052,0.047,0.900,50.070
2610026963,2026-09-18 02:00:00,236.050,235.980,236.930,0.200,0.120,0.110,0.085,0.041,0.023,0.019,-0.055,-0.021,-0.016,-0.017,0.840,50.050
2610026966,2026-09-18 02:00:00,231.900,232.630,231.840,0.040,0.040,0.060,0.028,0.008,0.008,0.010,0.014,0.003,0.004,0.006,0.874,50.050
2610026976,2026-09-18 02:00:00,235.610,235.610,236.690,0.230,0.620,0.110,0.207,0.054,0.127,0.025,0.012,0.001,0.003,0.007,0.998,50.120
2610026977,2026-09-18 02:00:00,242.940,243.530,242.750,0.180,0.420,0.540,0.271,0.038,0.103,0.129,0.027,0.019,0.005,0.002,0.993,50.030
2610126270,2026-09-18 02:00:00,227.850,228.600,227.730,0.020,0.010,0.010,0.008,0.004,0.002,0.001,-0.004,-0.001,-0.001,-0.001,0.858,50.070
2610126451,2026-09-18 02:00:00,236.130,236.820,235.890,0.000,0.000,0.030,0.008,0.001,0.000,0.006,0.001,0.000,0.000,0.001,1.000,50.070
2610159557,2026-09-18 02:00:00,235.810,235.020,235.220,0.020,0.010,0.020,0.007,0.003,0.000,0.003,-0.006,-0.003,-0.001,-0.001,0.754,50.060
2610170785,2026-09-18 02:00:00,235.540,234.770,235.020,0.000,0.000,0.000,0.000,0.000,0.000,0.000,0.000,0.000,0.000,0.000,0.951,50.070
2610170786,2026-09-18 02:00:00,234.750,234.820,235.330,0.760,0.840,0.890,0.548,0.169,0.178,0.188,0.103,0.031,0.033,0.038,0.982,50.100
2610170836,2026-09-18 02:00:00,235.610,235.900,236.740,0.000,0.010,0.000,0.001,0.000,0.001,0.000,0.000,0.000,0.000,0.000,1.000,50.070
2610170837,2026-09-18 02:00:00,233.420,232.010,231.970,0.000,0.000,0.000,0.002,0.000,0.000,0.001,0.000,0.000,0.000,0.000,1.000,50.070
2610170838,2026-09-18 02:00:00,235.530,234.550,234.820,0.000,0.010,0.040,0.011,0.000,0.002,0.009,0.001,0.000,0.000,0.001,0.965,50.100
2610170839,2026-09-18 02:00:00,234.770,234.970,235.650,0.000,0.020,0.010,0.006,0.000,0.004,0.002,0.000,0.000,0.000,0.000,0.924,50.070
2610322967,2026-09-18 02:00:00,236.110,235.160,235.140,0.000,0.000,0.000,0.001,0.000,0.000,0.001,0.000,0.000,0.000,0.000,1.000,50.070
2610322969,2026-09-18 02:00:00,228.650,227.610,227.830,0.030,0.010,0.010,0.011,0.006,0.002,0.002,-0.002,-0.001,0.000,0.000,1.000,50.070
2610322982,2026-09-18 02:00:00,235.090,235.230,235.870,0.010,0.020,0.030,0.010,0.002,0.002,0.004,-0.007,-0.001,-0.002,-0.003,0.779,50.070
2610322995,2026-09-18 02:00:00,234.890,235.050,235.720,0.000,0.030,0.030,0.011,0.000,0.005,0.006,-0.009,0.000,-0.004,-0.004,0.759,50.060
2610322997,2026-09-18 02:00:00,231.650,232.520,231.420,0.670,0.760,0.610,0.445,0.153,0.161,0.130,0.162,0.022,0.078,0.061,0.937,50.070
2610323001,2026-09-18 02:00:00,230.960,229.850,229.640,2.080,1.770,1.940,1.228,0.444,0.365,0.419,0.602,0.204,0.202,0.196,0.894,50.070
2610323004,2026-09-18 02:00:00,64.360,63.840,64.230,0.630,0.600,0.600,0.091,0.031,0.029,0.030,0.029,0.010,0.010,0.009,0.952,50.070
2610323005,2026-09-18 02:00:00,227.910,228.670,227.600,0.000,0.010,0.010,0.003,0.000,0.001,0.001,-0.001,0.000,0.000,-0.001,1.000,50.060
2610323010,2026-09-18 02:00:00,239.200,238.720,238.140,0.040,0.000,0.000,0.007,0.007,0.000,0.000,-0.006,-0.006,0.000,0.000,0.799,50.060
2610323016,2026-09-18 02:00:00,230.630,229.650,229.490,2.430,2.320,2.310,1.492,0.518,0.486,0.484,0.579,0.190,0.194,0.193,0.932,50.090
2610323017,2026-09-18 02:00:00,234.890,235.700,234.780,0.040,0.020,0.020,0.015,0.008,0.003,0.003,-0.011,-0.005,-0.003,-0.002,0.803,50.100
2610323019,2026-09-18 02:00:00,227.670,228.680,227.680,0.060,0.020,0.030,0.023,0.012,0.005,0.005,-0.007,-0.003,-0.001,-0.002,0.954,50.080
2610323027,2026-09-18 02:00:00,235.790,234.840,235.140,0.030,0.030,0.020,0.014,0.004,0.006,0.003,-0.011,-0.003,-0.004,-0.003,0.784,50.090
2410121454,2026-09-18 02:01:00,236.030,236.850,235.910,0.100,0.190,0.160,0.102,0.021,0.044,0.037,0.030,0.011,0.009,0.008,0.958,50.050
2411087433,2026-09-18 02:01:00,235.030,235.180,235.830,0.470,0.450,0.460,0.281,0.095,0.089,0.095,-0.019,-0.002,-0.009,-0.007,0.998,50.050
2610026952,2026-09-18 02:01:00,234.300,233.320,233.630,1.630,1.550,1.550,0.934,0.320,0.302,0.310,0.581,0.203,0.195,0.182,0.849,50.100
2610170840,2026-09-18 02:01:00,238.470,237.550,238.890,0.080,0.420,0.160,0.153,0.018,0.097,0.037,-0.018,-0.002,-0.010,-0.005,0.992,50.110
2246006313,2026-09-18 02:30:00,57.300,57.300,57.100,0.907,0.923,0.910,0.148,0.049,0.050,0.048,0.026,0.009,0.008,0.008,0.983,50.180
2410121326,2026-09-18 02:30:00,236.470,235.650,235.750,0.220,0.170,0.210,0.134,0.049,0.038,0.046,0.042,0.012,0.010,0.018,0.953,50.150
2410121353,2026-09-18 02:30:00,236.780,235.830,236.070,0.000,0.010,0.040,0.011,0.000,0.002,0.009,-0.002,0.000,0.000,0.000,0.976,50.180
2410121371,2026-09-18 02:30:00,236.850,235.760,235.970,0.240,0.260,0.260,0.193,0.061,0.066,0.066,-0.008,-0.003,-0.001,-0.002,1.000,50.180
2410121424,2026-09-18 02:30:00,236.800,235.930,236.170,0.010,0.010,0.010,0.004,0.000,0.001,0.002,-0.003,-0.001,-0.001,0.000,0.804,50.170
2410121440,2026-09-18 02:30:00,236.570,235.700,235.880,0.010,0.000,0.010,0.004,0.002,0.000,0.001,-0.002,-0.002,0.000,0.000,0.788,50.200
2410121454,2026-09-18 02:30:00,236.130,236.920,235.900,0.090,0.190,0.170,0.100,0.019,0.042,0.037,0.029,0.009,0.009,0.010,0.954,50.180
2410121457,2026-09-18 02:30:00,235.000,234.030,234.370,1.860,1.960,1.760,1.272,0.426,0.445,0.401,0.221,0.060,0.091,0.068,0.985,50.170
2410121574,2026-09-18 02:30:00,237.120,235.920,236.110,0.090,0.090,0.070,0.032,0.014,0.010,0.007,-0.048,-0.014,-0.019,-0.014,0.557,50.190
2410131378,2026-09-18 02:30:00,236.110,236.820,236.050,0.010,0.010,0.030,0.010,0.001,0.001,0.007,-0.003,-0.002,-0.001,0.000,0.907,50.180
2410131383,2026-09-18 02:30:00,239.270,238.700,238.350,0.040,0.030,0.050,0.029,0.009,0.007,0.012,-0.003,0.000,0.000,-0.002,1.000,50.140
2410131384,2026-09-18 02:30:00,235.080,235.760,235.240,1.140,1.360,1.150,0.722,0.244,0.267,0.211,0.119,0.042,0.044,0.033,0.983,50.200
2410131387,2026-09-18 02:30:00,237.160,237.810,237.630,0.070,0.070,0.030,0.039,0.015,0.016,0.007,0.001,-0.003,0.004,0.000,0.996,50.190
2410320615,2026-09-18 02:30:00,237.830,238.580,238.650,1.140,1.150,1.250,0.996,0.321,0.317,0.356,0.120,0.019,0.051,0.049,0.993,50.190
2410883988,2026-09-18 02:30:00,228.710,229.330,228.440,0.020,0.000,0.040,0.014,0.004,0.000,0.009,-0.001,0.000,0.000,-0.001,1.000,50.200
2410883990,2026-09-18 02:30:00,229.140,228.120,228.400,0.020,0.000,0.010,0.005,0.003,0.000,0.001,0.001,0.002,0.000,0.000,0.998,50.180
2410883991,2026-09-18 02:30:00,235.030,235.210,235.880,0.070,0.070,0.040,0.041,0.015,0.015,0.009,-0.005,-0.001,-0.002,-0.001,0.979,50.180
2410883993,2026-09-18 02:30:00,235.740,234.810,235.000,0.700,0.850,0.870,0.563,0.163,0.198,0.203,-0.070,-0.031,-0.019,-0.019,0.992,50.150
2410883994,2026-09-18 02:30:00,235.870,235.050,235.330,0.020,0.010,0.020,0.009,0.003,0.002,0.003,-0.004,-0.002,-0.001,-0.001,0.898,50.210
2410932742,2026-09-18 02:30:00,231.350,229.850,229.810,3.240,3.200,3.280,2.071,0.697,0.678,0.696,0.520,0.168,0.170,0.180,0.969,50.190
2411087432,2026-09-18 02:30:00,235.660,236.430,235.610,0.490,0.460,0.480,0.335,0.114,0.107,0.113,0.006,0.012,-0.005,0.000,1.000,50.200
2411087433,2026-09-18 02:30:00,235.320,235.530,236.130,0.450,0.420,0.440,0.306,0.104,0.099,0.101,-0.028,-0.006,-0.012,-0.009,0.996,50.150
2411290205,2026-09-18 02:30:00,238.800,238.210,239.140,0.110,0.110,0.140,0.084,0.025,0.026,0.032,0.006,0.002,0.001,0.002,0.991,50.170
2510014481,2026-09-18 02:30:00,231.030,230.890,232.300,1.860,1.850,1.950,1.076,0.355,0.350,0.369,0.266,0.087,0.094,0.080,0.969,50.150
2510014482,2026-09-18 02:30:00,235.850,236.460,235.670,0.010,0.040,0.000,0.011,0.002,0.009,0.000,-0.002,-0.002,0.000,0.000,0.972,50.200
2510014483,2026-09-18 02:30:00,235.240,235.350,235.970,0.050,0.040,0.060,0.026,0.009,0.007,0.009,-0.021,-0.006,-0.006,-0.009,0.763,50.170
2510014484,2026-09-18 02:30:00,237.570,237.070,238.090,1.350,1.550,1.320,0.925,0.293,0.346,0.270,0.355,0.126,0.108,0.120,0.934,50.190
2510178139,2026-09-18 02:30:00,235.690,236.400,235.410,0.620,0.640,0.610,0.441,0.144,0.153,0.140,0.132,0.045,0.045,0.040,0.954,50.160
2510178141,2026-09-18 02:30:00,236.040,236.170,236.820,0.020,0.010,0.010,0.003,0.002,0.000,0.000,-0.009,-0.004,-0.001,-0.002,0.358,50.200
2510203103,2026-09-18 02:30:00,228.000,226.610,226.630,0.110,0.110,0.080,0.048,0.016,0.018,0.013,-0.012,-0.003,-0.003,-0.005,0.986,50.200
2510203104,2026-09-18 02:30:00,229.480,229.450,230.030,0.300,0.280,0.300,0.216,0.078,0.071,0.066,0.050,0.003,0.021,0.027,0.969,50.190
2510203105,2026-09-18 02:30:00,233.890,232.310,232.560,0.030,0.110,0.020,0.036,0.006,0.025,0.005,0.008,0.000,0.006,0.001,0.971,50.160
2510203106,2026-09-18 02:30:00,238.770,238.190,239.190,0.030,0.010,0.000,0.009,0.005,0.003,0.000,-0.004,-0.003,0.000,0.000,0.903,50.210
2510203108,2026-09-18 02:30:00,235.970,236.630,235.690,0.520,0.600,0.790,0.427,0.122,0.136,0.168,0.015,0.005,0.000,0.009,0.999,50.200
2510203109,2026-09-18 02:30:00,235.400,236.000,235.170,0.030,0.040,0.070,0.030,0.005,0.009,0.016,0.007,0.004,0.001,0.001,0.985,50.160
2510203111,2026-09-18 02:30:00,236.040,236.280,237.010,0.020,0.020,0.000,0.008,0.004,0.004,0.000,-0.002,-0.002,0.000,0.000,0.991,50.210
2510203112,2026-09-18 02:30:00,227.190,226.560,227.510,0.220,0.250,0.230,0.141,0.043,0.051,0.045,0.071,0.023,0.024,0.023,0.890,50.190
2510203113,2026-09-18 02:30:00,238.950,238.420,238.010,0.420,0.520,0.570,0.361,0.104,0.123,0.133,0.038,0.009,0.010,0.019,0.994,50.200
2510203114,2026-09-18 02:30:00,229.520,229.690,230.180,0.200,0.130,0.200,0.128,0.060,0.030,0.037,0.021,0.003,0.004,0.013,0.987,50.170
2510203117,2026-09-18 02:30:00,229.060,228.060,228.210,0.190,0.230,0.170,0.129,0.040,0.050,0.038,-0.042,-0.013,-0.018,-0.010,0.948,50.200
2510203118,2026-09-18 02:30:00,124.000,123.990,124.370,0.170,0.150,0.150,0.055,0.020,0.018,0.017,-0.018,-0.006,-0.004,-0.007,0.947,50.150
2510203119,2026-09-18 02:30:00,229.040,228.040,228.160,0.000,0.000,0.000,0.000,0.000,0.000,0.000,0.000,0.000,0.000,0.000,1.000,50.190
2510203120,2026-09-18 02:30:00,235.550,234.860,235.030,0.720,0.490,0.550,0.392,0.160,0.107,0.123,0.143,0.056,0.043,0.043,0.938,50.190
2510203121,2026-09-18 02:30:00,227.980,228.210,228.970,0.040,0.050,0.120,0.042,0.008,0.007,0.026,-0.023,-0.005,-0.007,-0.011,0.865,50.150
2510203122,2026-09-18 02:30:00,235.760,236.560,235.700,0.090,0.030,0.020,0.024,0.014,0.005,0.004,0.015,0.014,0.001,0.000,0.850,50.200
2510203123,2026-09-18 02:30:00,236.060,236.240,236.960,0.020,0.010,0.000,0.007,0.004,0.002,0.000,0.000,0.001,-0.001,0.000,0.946,50.210
2510203124,2026-09-18 02:30:00,236.500,236.840,235.960,0.100,0.100,0.120,0.066,0.020,0.020,0.025,0.034,0.011,0.011,0.011,0.890,50.180
2510203127,2026-09-18 02:30:00,235.800,236.600,235.810,0.440,0.600,0.410,0.281,0.082,0.121,0.077,0.192,0.062,0.071,0.058,0.825,50.170
2510203128,2026-09-18 02:30:00,234.710,234.940,233.570,2.030,2.020,2.130,1.403,0.463,0.460,0.480,0.175,0.037,0.058,0.079,0.992,50.190
2510203129,2026-09-18 02:30:00,238.620,238.020,239.080,0.010,0.030,0.000,0.009,0.002,0.006,0.000,-0.003,-0.002,-0.001,0.000,0.942,50.170
2510203130,2026-09-18 02:30:00,244.960,244.850,246.380,0.000,0.000,0.010,0.003,0.000,0.001,0.001,-0.001,0.000,0.000,0.000,1.000,50.180
2510203133,2026-09-18 02:30:00,235.490,236.300,235.450,0.020,0.020,0.000,0.009,0.005,0.004,0.000,-0.002,0.000,-0.002,0.000,0.992,50.170
2510203134,2026-09-18 02:30:00,236.190,235.330,235.400,0.020,0.010,0.010,0.007,0.004,0.001,0.001,-0.002,0.000,-0.001,0.000,0.962,50.190
2510224049,2026-09-18 02:30:00,228.080,228.970,227.980,16.370,12.280,7.580,6.780,2.800,2.450,1.520,-2.050,-0.660,-0.830,-0.540,0.956,50.180
2510224167,2026-09-18 02:30:00,227.870,228.030,228.880,5.880,4.530,4.880,2.700,1.170,0.730,0.780,-1.900,-0.550,-0.650,-0.680,0.817,50.190
2510317505,2026-09-18 02:30:00,228.000,228.200,228.990,3.290,3.710,5.390,1.950,0.530,0.590,0.820,-1.710,-0.470,-0.550,-0.680,0.751,50.200
2510317516,2026-09-18 02:30:00,228.210,228.350,229.120,0.000,0.000,0.000,0.000,0.000,0.000,0.000,0.000,0.000,0.000,0.000,1.000,50.200
2510317537,2026-09-18 02:30:00,235.110,235.140,235.940,2.260,2.210,2.100,1.470,0.510,0.480,0.470,-0.240,-0.060,-0.080,-0.080,0.986,50.200
2510389559,2026-09-18 02:30:00,239.070,238.560,239.570,0.000,0.000,0.000,0.000,0.000,0.000,0.000,0.000,0.000,0.000,0.000,1.000,50.190
2510389643,2026-09-18 02:30:00,239.260,238.630,239.650,5.250,13.790,13.480,7.340,1.140,3.110,3.080,-1.270,-0.160,-0.590,-0.520,0.985,50.200
2510389931,2026-09-18 02:30:00,238.570,237.640,239.000,3.090,16.460,6.310,6.100,0.720,3.880,1.490,-0.700,-0.100,-0.390,-0.200,0.993,50.190
2510633381,2026-09-18 02:30:00,236.270,235.470,235.650,0.050,0.060,0.010,0.025,0.010,0.012,0.002,-0.011,-0.005,-0.005,-0.001,0.921,50.180
2510633383,2026-09-18 02:30:00,235.920,235.970,236.750,0.110,0.080,0.090,0.018,0.005,0.002,0.010,-0.063,-0.024,-0.019,-0.019,0.276,50.180
2510633385,2026-09-18 02:30:00,239.470,238.930,239.910,0.170,0.310,0.340,0.193,0.040,0.073,0.079,-0.030,-0.003,-0.013,-0.012,0.990,50.180
2510633386,2026-09-18 02:30:00,224.660,224.680,225.450,1.110,1.110,1.100,0.111,0.040,0.035,0.036,-0.711,-0.236,-0.236,-0.237,0.155,50.190
2510633387,2026-09-18 02:30:00,235.820,236.620,235.790,0.010,0.000,0.000,0.002,0.002,0.000,0.000,0.000,0.000,0.000,0.000,0.818,50.180
2510633389,2026-09-18 02:30:00,239.320,238.830,238.280,0.160,0.190,0.150,0.101,0.030,0.040,0.030,-0.062,-0.021,-0.021,-0.019,0.857,50.180
2510633390,2026-09-18 02:30:00,235.280,236.160,235.120,1.640,1.720,1.760,0.979,0.276,0.326,0.298,0.263,0.069,0.080,0.113,0.968,50.150
2510633391,2026-09-18 02:30:00,124.180,123.700,123.790,0.000,0.000,0.000,0.000,0.000,0.000,0.000,0.000,0.000,0.000,0.000,1.000,50.140
2510633393,2026-09-18 02:30:00,237.100,238.090,237.630,1.190,1.210,1.180,0.853,0.284,0.291,0.277,0.191,0.065,0.056,0.070,0.976,50.200
2510633395,2026-09-18 02:30:00,236.060,236.710,235.940,0.000,0.000,0.000,0.000,0.000,0.000,0.000,0.000,0.000,0.000,0.000,1.000,50.170
2510633396,2026-09-18 02:30:00,236.790,235.890,236.350,0.200,0.240,0.200,0.131,0.040,0.050,0.040,0.071,0.024,0.023,0.023,0.878,50.180
2510633397,2026-09-18 02:30:00,242.180,241.250,241.530,0.030,0.050,0.030,0.025,0.007,0.010,0.006,-0.005,-0.002,-0.001,-0.001,0.964,50.140
2510633399,2026-09-18 02:30:00,227.770,227.910,228.720,0.200,0.270,0.240,0.160,0.044,0.060,0.055,-0.003,-0.001,-0.001,-0.001,0.997,50.160
2510633400,2026-09-18 02:30:00,227.600,228.310,227.270,0.310,0.330,0.330,0.214,0.069,0.073,0.071,0.052,0.015,0.018,0.018,0.977,50.140
2510633402,2026-09-18 02:30:00,232.090,231.970,233.400,0.460,0.510,0.530,0.301,0.091,0.102,0.108,0.085,0.027,0.026,0.030,0.979,50.190
2510633406,2026-09-18 02:30:00,227.870,228.000,228.890,0.100,0.080,0.080,0.045,0.019,0.012,0.013,-0.032,-0.009,-0.011,-0.011,0.814,50.150
2510633411,2026-09-18 02:30:00,225.730,224.650,224.640,2.030,1.960,2.030,1.229,0.419,0.400,0.410,0.551,0.180,0.178,0.191,0.911,50.150
2510814977,2026-09-18 02:30:00,232.190,233.500,232.190,0.010,0.010,0.010,0.005,0.002,0.000,0.002,-0.002,0.000,-0.001,-0.001,0.837,50.160
2610026950,2026-09-18 02:30:00,228.860,227.790,228.020,0.010,0.010,0.010,0.004,0.001,0.001,0.002,0.000,0.000,0.000,0.000,0.974,50.150
2610026952,2026-09-18 02:30:00,233.690,232.800,232.980,2.440,2.330,2.380,1.388,0.470,0.449,0.469,0.904,0.317,0.297,0.289,0.837,50.160
2610026963,2026-09-18 02:30:00,236.440,236.320,237.250,0.200,0.110,0.100,0.081,0.043,0.022,0.016,-0.052,-0.020,-0.014,-0.016,0.842,50.180
2610026966,2026-09-18 02:30:00,232.820,233.430,232.690,0.050,0.040,0.050,0.027,0.009,0.007,0.009,0.014,0.003,0.003,0.006,0.869,50.180
2610026976,2026-09-18 02:30:00,236.170,236.070,237.090,0.170,0.460,0.030,0.153,0.038,0.108,0.006,-0.017,-0.009,-0.003,-0.004,0.990,50.170
2610026977,2026-09-18 02:30:00,244.000,244.470,243.760,0.060,0.330,0.440,0.197,0.014,0.078,0.105,-0.045,-0.004,-0.018,-0.022,0.974,50.150
2610126451,2026-09-18 02:30:00,236.420,237.030,236.200,0.000,0.000,0.020,0.006,0.001,0.000,0.004,0.000,0.000,0.000,0.000,0.954,50.150
2610159557,2026-09-18 02:30:00,235.890,235.080,235.260,0.020,0.010,0.020,0.007,0.003,0.001,0.003,-0.006,-0.003,-0.001,-0.001,0.781,50.150
2610170785,2026-09-18 02:30:00,235.830,234.980,235.270,0.000,0.000,0.000,0.000,0.000,0.000,0.000,0.000,0.000,0.000,0.000,0.961,50.160
2610170786,2026-09-18 02:30:00,235.020,235.060,235.610,0.990,1.110,1.140,0.703,0.214,0.238,0.250,0.171,0.052,0.053,0.065,0.968,50.200
2610170836,2026-09-18 02:30:00,236.190,236.480,237.230,0.000,0.010,0.000,0.001,0.000,0.001,0.000,0.000,0.000,0.000,0.000,0.708,50.170
2610170837,2026-09-18 02:30:00,233.610,232.140,232.200,0.000,0.000,0.020,0.005,0.000,0.000,0.004,0.000,0.000,0.000,0.000,0.916,50.180
2610170838,2026-09-18 02:30:00,235.940,234.970,235.230,0.000,0.010,0.060,0.015,0.000,0.001,0.013,0.001,0.000,0.000,0.002,0.972,50.190
2610170839,2026-09-18 02:30:00,235.130,235.330,236.020,0.000,0.020,0.010,0.006,0.000,0.003,0.002,0.000,0.000,0.000,0.000,1.000,50.180
2610170840,2026-09-18 02:30:00,238.620,237.780,239.090,0.080,0.410,0.160,0.153,0.018,0.097,0.037,-0.018,-0.002,-0.010,-0.005,0.991,50.190
2610322967,2026-09-18 02:30:00,236.340,235.360,235.350,0.000,0.000,0.000,0.001,0.000,0.000,0.001,0.000,0.000,0.000,0.000,1.000,50.150
2610322969,2026-09-18 02:30:00,228.930,227.840,228.000,0.030,0.050,0.010,0.020,0.005,0.011,0.003,-0.001,-0.001,0.000,0.000,0.976,50.150
2610322995,2026-09-18 02:30:00,235.190,235.340,235.990,0.000,0.030,0.030,0.011,0.000,0.005,0.006,-0.009,0.000,-0.004,-0.004,0.763,50.160
2610322997,2026-09-18 02:30:00,231.900,232.860,231.660,0.700,0.750,0.610,0.481,0.170,0.171,0.139,0.165,0.023,0.081,0.060,0.943,50.180
2610323001,2026-09-18 02:30:00,230.940,229.830,229.600,2.170,1.870,2.110,1.242,0.441,0.360,0.429,0.649,0.220,0.217,0.211,0.886,50.180
2610323004,2026-09-18 02:30:00,64.410,63.890,64.280,0.730,0.700,0.670,0.115,0.040,0.037,0.037,0.027,0.009,0.010,0.007,0.974,50.160
2610323005,2026-09-18 02:30:00,228.340,229.140,228.110,0.000,0.010,0.010,0.003,0.000,0.001,0.001,-0.001,0.000,0.000,-0.001,1.000,50.170
2610323010,2026-09-18 02:30:00,238.880,238.400,237.880,0.040,0.000,0.000,0.007,0.007,0.000,0.000,-0.006,-0.006,0.000,0.000,0.790,50.160
2610323016,2026-09-18 02:30:00,230.740,229.730,229.610,2.660,2.560,2.560,1.654,0.571,0.549,0.549,0.639,0.209,0.214,0.215,0.933,50.200
2610323017,2026-09-18 02:30:00,235.380,236.110,235.230,0.040,0.020,0.020,0.015,0.008,0.003,0.003,-0.011,-0.005,-0.003,-0.002,0.818,50.200
2610323019,2026-09-18 02:30:00,228.070,229.140,228.090,0.020,0.030,0.030,0.016,0.004,0.005,0.006,-0.004,-0.001,-0.002,-0.001,0.952,50.190
2610323027,2026-09-18 02:30:00,236.220,235.270,235.560,0.030,0.030,0.020,0.014,0.004,0.006,0.003,-0.011,-0.003,-0.004,-0.003,0.775,50.200
2610026953,2026-09-18 02:31:00,238.030,237.350,238.300,0.520,0.550,0.540,0.327,0.099,0.119,0.104,0.157,0.056,0.051,0.049,0.908,50.170
2610322982,2026-09-18 02:31:00,235.210,235.320,236.010,0.010,0.020,0.030,0.010,0.002,0.002,0.004,-0.007,-0.001,-0.002,-0.003,0.780,50.180
2510203126,2026-09-18 02:32:00,228.270,228.430,229.300,0.040,0.020,0.000,0.013,0.009,0.004,0.000,-0.002,-0.001,0.000,0.000,0.989,50.200
2610126270,2026-09-18 02:32:00,228.170,228.900,227.990,0.020,0.010,0.010,0.007,0.003,0.002,0.001,-0.004,-0.001,-0.001,-0.001,0.886,50.190
2246006313,2026-09-18 03:00:00,57.200,57.200,57.000,0.893,0.897,0.879,0.146,0.049,0.049,0.048,0.026,0.009,0.009,0.008,0.984,50.170
2410121326,2026-09-18 03:00:00,235.820,234.900,235.120,0.210,0.170,0.200,0.130,0.048,0.038,0.044,0.038,0.011,0.010,0.016,0.958,50.170
2410121353,2026-09-18 03:00:00,236.210,235.300,235.560,0.000,0.010,0.040,0.012,0.000,0.003,0.009,-0.002,0.000,-0.001,0.000,0.960,50.170
2410121371,2026-09-18 03:00:00,236.280,235.210,235.480,0.240,0.240,0.240,0.182,0.061,0.060,0.060,-0.005,-0.002,-0.001,-0.002,1.000,50.200
2410121424,2026-09-18 03:00:00,236.000,235.060,235.310,0.010,0.010,0.010,0.004,0.000,0.001,0.002,-0.003,-0.001,-0.001,0.000,0.798,50.150
2410121440,2026-09-18 03:00:00,236.170,235.230,235.470,0.010,0.000,0.010,0.004,0.002,0.000,0.001,-0.002,-0.001,0.000,0.000,0.779,50.190
2410121454,2026-09-18 03:00:00,235.260,236.060,235.020,0.100,0.180,0.230,0.115,0.020,0.042,0.052,0.029,0.011,0.007,0.008,0.967,50.150
2410121457,2026-09-18 03:00:00,234.480,233.380,233.900,1.830,1.890,1.710,1.220,0.410,0.423,0.385,0.208,0.061,0.085,0.061,0.985,50.150
2410121574,2026-09-18 03:00:00,236.210,234.990,235.200,0.100,0.110,0.080,0.051,0.019,0.020,0.011,-0.046,-0.013,-0.017,-0.014,0.746,50.130
2410131383,2026-09-18 03:00:00,239.320,238.770,238.390,0.040,0.030,0.040,0.026,0.008,0.006,0.010,-0.003,0.000,-0.001,-0.001,1.000,50.160
2410131384,2026-09-18 03:00:00,234.330,234.940,234.450,1.120,1.230,1.120,0.686,0.206,0.268,0.211,0.105,0.030,0.042,0.033,0.988,50.170
2410131387,2026-09-18 03:00:00,236.300,237.200,237.030,0.070,0.040,0.070,0.039,0.015,0.008,0.015,0.001,0.005,0.000,-0.003,0.995,50.140
2410320615,2026-09-18 03:00:00,237.860,238.510,238.650,1.240,1.290,1.410,0.806,0.259,0.279,0.311,0.106,0.020,0.042,0.044,0.992,50.150
2410883988,2026-09-18 03:00:00,228.340,228.940,228.060,0.020,0.000,0.040,0.014,0.004,0.000,0.009,-0.001,0.000,0.000,-0.001,1.000,50.180
2410883990,2026-09-18 03:00:00,228.920,227.870,228.280,0.020,0.000,0.010,0.004,0.003,0.000,0.001,0.001,0.002,0.000,0.000,0.990,50.160
2410883991,2026-09-18 03:00:00,234.200,234.390,235.100,0.070,0.070,0.040,0.041,0.015,0.016,0.009,-0.004,0.000,-0.001,-0.001,0.998,50.180
2410883993,2026-09-18 03:00:00,235.320,234.310,234.480,0.640,0.850,0.880,0.566,0.160,0.199,0.206,-0.068,-0.033,-0.019,-0.014,0.993,50.170
2410883994,2026-09-18 03:00:00,235.270,234.410,234.750,0.020,0.010,0.030,0.012,0.003,0.002,0.006,-0.004,-0.002,-0.001,-0.001,0.949,50.220
2410932742,2026-09-18 03:00:00,230.690,229.040,228.940,1.760,1.700,1.800,1.078,0.366,0.344,0.366,0.312,0.102,0.101,0.107,0.960,50.180
2411087432,2026-09-18 03:00:00,234.930,235.720,234.870,0.490,0.450,0.470,0.329,0.113,0.105,0.109,0.002,0.012,-0.005,-0.004,1.000,50.170
2411087433,2026-09-18 03:00:00,234.820,235.000,235.690,0.480,0.430,0.440,0.315,0.112,0.099,0.103,-0.023,-0.002,-0.009,-0.011,0.996,50.170
2411290205,2026-09-18 03:00:00,238.430,237.820,238.690,0.090,0.120,0.120,0.074,0.021,0.025,0.027,0.005,0.001,0.001,0.002,1.000,50.170
2510014481,2026-09-18 03:00:00,229.550,229.280,230.910,1.820,1.900,1.880,1.280,0.426,0.420,0.417,0.338,0.123,0.118,0.096,0.963,50.170
2510014482,2026-09-18 03:00:00,235.090,235.750,234.890,0.010,0.030,0.000,0.009,0.002,0.007,0.000,-0.006,-0.002,-0.003,0.000,0.798,50.150
2510014483,2026-09-18 03:00:00,234.740,234.850,235.510,0.050,0.040,0.060,0.028,0.010,0.007,0.010,-0.022,-0.006,-0.006,-0.009,0.795,50.160
2510014484,2026-09-18 03:00:00,237.480,236.890,237.930,1.230,1.480,1.270,0.829,0.237,0.324,0.267,0.359,0.127,0.110,0.121,0.920,50.150
2510178139,2026-09-18 03:00:00,234.930,235.600,234.570,0.600,0.590,0.570,0.400,0.130,0.137,0.132,0.135,0.045,0.045,0.044,0.940,50.180
2510178141,2026-09-18 03:00:00,234.970,235.100,235.780,0.020,0.010,0.010,0.004,0.002,0.000,0.001,-0.009,-0.004,-0.001,-0.002,0.470,50.150
2510203103,2026-09-18 03:00:00,226.480,224.930,224.920,0.090,0.080,0.100,0.058,0.019,0.017,0.013,-0.012,-0.003,-0.003,-0.005,0.987,50.170
2510203104,2026-09-18 03:00:00,228.720,228.750,229.340,0.470,0.320,0.350,0.250,0.101,0.071,0.076,0.055,0.007,0.021,0.026,0.980,50.200
2510203105,2026-09-18 03:00:00,232.680,231.040,231.140,0.030,0.110,0.020,0.036,0.006,0.025,0.005,0.008,0.000,0.006,0.001,0.984,50.180
2510203106,2026-09-18 03:00:00,238.760,238.140,239.160,0.030,0.010,0.000,0.009,0.005,0.003,0.000,-0.004,-0.003,0.000,0.000,0.959,50.190
2510203108,2026-09-18 03:00:00,234.960,235.610,234.920,0.410,0.610,0.710,0.385,0.097,0.140,0.149,0.005,0.000,0.003,0.001,1.000,50.130
2510203109,2026-09-18 03:00:00,234.800,235.450,234.610,0.040,0.040,0.070,0.032,0.007,0.009,0.016,0.007,0.004,0.001,0.001,0.962,50.190
2510203111,2026-09-18 03:00:00,235.040,235.190,235.970,0.020,0.020,0.000,0.008,0.004,0.004,0.000,-0.002,-0.002,0.000,0.000,0.987,50.190
2510203112,2026-09-18 03:00:00,227.160,226.480,227.400,0.130,0.170,0.140,0.086,0.025,0.033,0.027,0.029,0.008,0.010,0.010,0.951,50.150
2510203113,2026-09-18 03:00:00,238.800,238.310,237.870,0.340,0.460,0.510,0.324,0.095,0.108,0.120,0.011,-0.001,0.001,0.010,0.998,50.180
2510203114,2026-09-18 03:00:00,228.720,228.910,229.410,0.280,0.180,0.220,0.182,0.077,0.056,0.048,0.027,0.006,0.006,0.014,0.985,50.190
2510203117,2026-09-18 03:00:00,228.320,227.230,227.410,0.180,0.330,0.180,0.152,0.040,0.073,0.038,-0.041,-0.014,-0.016,-0.010,0.962,50.140
2510203118,2026-09-18 03:00:00,123.730,123.710,124.100,0.200,0.180,0.170,0.065,0.023,0.021,0.020,-0.010,-0.004,-0.001,-0.004,0.990,50.170
2510203119,2026-09-18 03:00:00,228.600,227.490,227.760,0.000,0.000,0.000,0.000,0.000,0.000,0.000,0.000,0.000,0.000,0.000,1.000,50.150
2510203120,2026-09-18 03:00:00,234.550,233.760,233.970,0.850,0.620,0.670,0.464,0.186,0.132,0.145,0.173,0.066,0.053,0.053,0.936,50.130
2510203121,2026-09-18 03:00:00,227.840,228.070,228.830,0.040,0.050,0.140,0.045,0.008,0.007,0.029,-0.024,-0.005,-0.007,-0.011,0.880,50.170
2510203122,2026-09-18 03:00:00,234.690,235.490,234.790,0.030,0.020,0.020,0.014,0.006,0.013,0.004,0.008,0.005,0.003,0.000,0.939,50.190
2510203123,2026-09-18 03:00:00,235.030,235.180,235.910,0.010,0.010,0.000,0.005,0.002,0.002,0.000,-0.003,-0.001,-0.001,0.000,0.802,50.200
2510203124,2026-09-18 03:00:00,235.510,235.880,234.930,0.100,0.100,0.120,0.067,0.020,0.020,0.026,0.034,0.011,0.011,0.011,0.889,50.200
2510203126,2026-09-18 03:00:00,228.040,228.230,229.080,0.040,0.020,0.000,0.013,0.009,0.004,0.000,-0.001,-0.001,0.000,0.000,0.991,50.180
2510203127,2026-09-18 03:00:00,235.100,235.850,234.990,0.440,0.600,0.410,0.279,0.080,0.121,0.077,0.190,0.061,0.070,0.057,0.828,50.190
2510203128,2026-09-18 03:00:00,234.010,234.240,232.930,2.030,2.050,2.120,1.403,0.461,0.463,0.478,0.169,0.034,0.057,0.076,0.992,50.150
2510203129,2026-09-18 03:00:00,238.700,238.080,239.150,0.010,0.030,0.000,0.009,0.002,0.006,0.000,-0.003,-0.002,-0.001,0.000,0.927,50.180
2510203130,2026-09-18 03:00:00,243.340,243.140,244.890,0.000,0.000,0.010,0.003,0.000,0.001,0.001,-0.001,0.000,0.000,0.000,1.000,50.200
2510203133,2026-09-18 03:00:00,234.640,235.390,234.570,0.030,0.020,0.000,0.010,0.005,0.004,0.000,-0.002,0.000,-0.002,0.000,0.982,50.140
2510203134,2026-09-18 03:00:00,235.310,234.420,234.480,0.020,0.010,0.010,0.007,0.004,0.001,0.001,-0.002,0.000,-0.001,0.000,0.961,50.180
2510224049,2026-09-18 03:00:00,227.830,228.750,227.760,16.380,12.300,7.580,6.760,2.800,2.430,1.520,-2.050,-0.660,-0.840,-0.540,0.956,50.160
2510317505,2026-09-18 03:00:00,227.790,227.970,228.830,3.290,3.710,5.390,1.950,0.530,0.590,0.820,-1.710,-0.470,-0.550,-0.680,0.751,50.160
2510317516,2026-09-18 03:00:00,227.810,227.970,228.820,0.000,0.000,0.000,0.000,0.000,0.000,0.000,0.000,0.000,0.000,0.000,1.000,50.150
2510317537,2026-09-18 03:00:00,234.160,234.190,235.120,2.150,2.290,2.210,1.820,0.590,0.560,0.530,-0.300,-0.090,-0.100,-0.100,0.989,50.150
2510389559,2026-09-18 03:00:00,238.910,238.320,239.330,0.000,0.000,0.000,0.000,0.000,0.000,0.000,0.000,0.000,0.000,0.000,1.000,50.170
2510389643,2026-09-18 03:00:00,239.140,238.460,239.440,5.460,13.800,13.490,7.390,1.190,3.110,3.080,-1.300,-0.190,-0.590,-0.520,0.984,50.160
2510389931,2026-09-18 03:00:00,238.690,237.700,239.100,3.080,16.430,6.310,6.090,0.720,3.880,1.490,-0.700,-0.100,-0.390,-0.200,0.993,50.160
2510633381,2026-09-18 03:00:00,235.370,234.570,234.740,0.050,0.060,0.020,0.028,0.011,0.013,0.003,-0.009,-0.004,-0.003,0.000,0.946,50.150
2510633383,2026-09-18 03:00:00,235.090,235.250,236.000,0.110,0.080,0.090,0.017,0.006,0.002,0.008,-0.063,-0.024,-0.019,-0.019,0.269,50.190
2510633385,2026-09-18 03:00:00,239.340,238.740,239.730,0.150,0.310,0.330,0.186,0.035,0.072,0.077,-0.035,-0.008,-0.013,-0.013,0.980,50.150
2510633386,2026-09-18 03:00:00,223.560,223.590,224.360,1.110,1.110,1.110,0.115,0.040,0.037,0.037,-0.708,-0.235,-0.236,-0.237,0.164,50.150
2510633387,2026-09-18 03:00:00,235.170,235.940,235.070,0.010,0.000,0.000,0.002,0.002,0.000,0.000,0.000,0.000,0.000,0.000,1.000,50.150
2510633389,2026-09-18 03:00:00,239.410,238.990,238.320,0.160,0.200,0.150,0.100,0.029,0.041,0.030,-0.064,-0.023,-0.021,-0.019,0.843,50.160
2510633390,2026-09-18 03:00:00,234.590,235.470,234.370,1.350,1.480,1.490,0.956,0.291,0.344,0.325,0.226,0.059,0.061,0.105,0.970,50.150
2510633391,2026-09-18 03:00:00,123.830,123.320,123.440,0.000,0.000,0.000,0.000,0.000,0.000,0.000,0.000,0.000,0.000,0.000,1.000,50.160
2510633395,2026-09-18 03:00:00,235.210,235.880,235.020,0.000,0.000,0.000,0.000,0.000,0.000,0.000,0.000,0.000,0.000,0.000,1.000,50.190
2510633396,2026-09-18 03:00:00,235.910,235.000,235.530,0.200,0.240,0.200,0.132,0.040,0.051,0.040,0.070,0.024,0.023,0.022,0.884,50.190
2510633397,2026-09-18 03:00:00,241.340,240.360,240.670,0.030,0.050,0.030,0.025,0.007,0.010,0.006,-0.005,-0.003,-0.001,-0.001,0.964,50.140
2510633399,2026-09-18 03:00:00,227.660,227.790,228.710,0.210,0.280,0.270,0.169,0.046,0.061,0.060,-0.001,0.000,-0.001,0.000,0.998,50.180
2510633400,2026-09-18 03:00:00,227.200,227.990,226.880,0.430,0.480,0.410,0.259,0.090,0.084,0.084,0.056,0.017,0.020,0.020,0.978,50.150
2510633402,2026-09-18 03:00:00,230.500,230.280,231.930,0.630,0.670,0.690,0.336,0.103,0.113,0.119,0.096,0.030,0.031,0.034,0.970,50.180
2510633406,2026-09-18 03:00:00,227.800,227.860,228.770,0.100,0.080,0.080,0.045,0.019,0.012,0.013,-0.032,-0.009,-0.011,-0.011,0.814,50.180
2510633411,2026-09-18 03:00:00,225.540,224.380,224.450,1.860,1.790,1.850,1.105,0.376,0.359,0.368,0.532,0.175,0.172,0.185,0.899,50.160
2510814977,2026-09-18 03:00:00,230.720,232.280,230.880,0.010,0.010,0.010,0.004,0.002,0.000,0.001,-0.002,0.000,-0.001,-0.001,0.990,50.160
2610026950,2026-09-18 03:00:00,228.880,227.790,228.040,0.010,0.010,0.010,0.004,0.001,0.001,0.002,-0.001,0.000,0.000,0.000,0.941,50.170
2610026952,2026-09-18 03:00:00,234.220,233.130,233.510,1.520,1.480,1.450,0.849,0.292,0.280,0.277,0.504,0.172,0.171,0.160,0.860,50.170
2610026953,2026-09-18 03:00:00,238.260,237.550,238.590,0.570,0.640,0.580,0.368,0.118,0.126,0.123,0.153,0.055,0.050,0.048,0.922,50.180
2610026963,2026-09-18 03:00:00,235.500,235.480,236.350,0.200,0.120,0.110,0.085,0.042,0.022,0.020,-0.052,-0.021,-0.015,-0.016,0.854,50.190
2610026966,2026-09-18 03:00:00,232.480,233.000,232.420,0.040,0.050,0.050,0.028,0.009,0.009,0.010,0.015,0.003,0.004,0.006,0.894,50.200
2610026976,2026-09-18 03:00:00,235.230,235.230,236.250,0.160,0.470,0.030,0.152,0.037,0.109,0.006,-0.017,-0.009,-0.003,-0.004,0.990,50.190
2610026977,2026-09-18 03:00:00,243.480,243.870,243.250,0.180,0.430,0.530,0.272,0.039,0.103,0.129,0.028,0.019,0.006,0.002,0.992,50.160
2610126270,2026-09-18 03:00:00,228.130,228.840,227.960,0.020,0.010,0.010,0.008,0.003,0.002,0.001,-0.004,-0.001,-0.001,-0.001,0.912,50.160
2610126451,2026-09-18 03:00:00,235.340,236.050,235.170,0.000,0.000,0.020,0.007,0.001,0.000,0.005,0.000,0.000,0.000,0.001,1.000,50.140
2610159557,2026-09-18 03:00:00,235.460,234.610,234.740,0.020,0.010,0.020,0.007,0.003,0.000,0.003,-0.006,-0.003,-0.001,-0.001,0.762,50.170
2610170785,2026-09-18 03:00:00,235.290,234.450,234.670,0.000,0.000,0.000,0.000,0.000,0.000,0.000,0.000,0.000,0.000,0.000,0.957,50.170
2610170786,2026-09-18 03:00:00,234.550,234.640,235.240,0.520,0.540,0.670,0.351,0.100,0.113,0.137,0.069,0.022,0.021,0.025,0.986,50.150
2610170836,2026-09-18 03:00:00,235.150,235.460,236.230,0.000,0.010,0.000,0.001,0.000,0.001,0.000,0.000,0.000,0.000,0.000,1.000,50.170
2610170837,2026-09-18 03:00:00,232.270,230.770,230.680,0.000,0.000,0.020,0.005,0.000,0.000,0.004,0.000,0.000,0.000,0.000,0.934,50.160
2610170838,2026-09-18 03:00:00,235.160,234.180,234.470,0.000,0.010,0.040,0.011,0.000,0.001,0.009,0.001,0.000,0.000,0.001,1.000,50.150
2610170839,2026-09-18 03:00:00,234.250,234.430,235.110,0.000,0.020,0.010,0.006,0.000,0.003,0.002,0.000,0.000,0.000,0.000,1.000,50.150
2610170840,2026-09-18 03:00:00,238.790,237.870,239.220,0.080,0.410,0.160,0.153,0.018,0.097,0.037,-0.018,-0.002,-0.010,-0.005,0.989,50.160
2610322967,2026-09-18 03:00:00,235.850,234.880,234.830,0.000,0.000,0.000,0.001,0.000,0.000,0.001,0.000,0.000,0.000,0.000,1.000,50.170
2610322969,2026-09-18 03:00:00,228.860,227.770,228.050,0.030,0.050,0.010,0.019,0.005,0.011,0.002,-0.003,-0.001,0.000,0.000,1.000,50.160
2610322982,2026-09-18 03:00:00,234.630,234.760,235.450,0.010,0.020,0.030,0.010,0.002,0.002,0.004,-0.007,-0.001,-0.002,-0.003,0.779,50.180
2610322995,2026-09-18 03:00:00,234.600,234.750,235.470,0.000,0.030,0.030,0.011,0.000,0.005,0.006,-0.009,0.000,-0.004,-0.004,0.763,50.160
2610322997,2026-09-18 03:00:00,230.270,231.370,230.160,0.830,0.860,0.710,0.467,0.167,0.158,0.140,0.142,0.024,0.070,0.047,0.958,50.160
2610323001,2026-09-18 03:00:00,229.650,228.370,228.190,1.950,1.970,2.050,1.251,0.441,0.387,0.423,0.622,0.209,0.211,0.202,0.894,50.160
2610323004,2026-09-18 03:00:00,64.040,63.490,63.920,0.840,0.850,0.780,0.132,0.046,0.043,0.041,0.043,0.013,0.017,0.013,0.953,50.180
2610323005,2026-09-18 03:00:00,228.180,228.860,227.810,0.000,0.010,0.010,0.003,0.000,0.001,0.001,-0.001,0.000,0.000,-0.001,1.000,50.160
2610323010,2026-09-18 03:00:00,239.210,238.730,238.220,0.050,0.000,0.000,0.009,0.009,0.000,0.000,-0.006,-0.006,0.000,0.000,0.864,50.160
2610323016,2026-09-18 03:00:00,230.060,228.860,228.750,1.760,1.640,1.660,1.061,0.377,0.342,0.341,0.488,0.162,0.166,0.158,0.908,50.150
2610323017,2026-09-18 03:00:00,234.450,235.350,234.400,0.040,0.020,0.020,0.015,0.008,0.003,0.003,-0.011,-0.005,-0.003,-0.002,0.823,50.150
2610323019,2026-09-18 03:00:00,227.990,229.010,227.970,0.020,0.020,0.030,0.016,0.004,0.005,0.006,-0.005,-0.001,-0.001,-0.001,0.944,50.150
2610323027,2026-09-18 03:00:00,235.440,234.490,234.730,0.030,0.030,0.020,0.014,0.004,0.006,0.003,-0.011,-0.003,-0.004,-0.003,0.785,50.150
2510224167,2026-09-18 03:01:00,227.480,227.590,228.500,5.890,4.530,4.870,2.700,1.170,0.730,0.780,-1.890,-0.550,-0.650,-0.680,0.818,50.170
2510633393,2026-09-18 03:01:00,236.910,237.930,237.420,1.230,1.260,1.220,0.849,0.281,0.290,0.277,0.187,0.063,0.054,0.069,0.977,50.100
2410131378,2026-09-18 03:02:00,235.010,235.730,234.950,0.010,0.010,0.030,0.010,0.001,0.001,0.006,-0.004,-0.002,-0.001,0.000,0.923,50.110
2246006313,2026-09-18 03:30:00,57.200,57.200,56.900,0.952,0.958,0.940,0.162,0.054,0.054,0.053,0.028,0.009,0.009,0.009,0.984,50.150
2410121326,2026-09-18 03:30:00,235.900,235.020,235.210,0.210,0.170,0.210,0.133,0.049,0.039,0.045,0.042,0.013,0.011,0.017,0.954,50.190
2410121353,2026-09-18 03:30:00,235.940,235.000,235.230,0.000,0.010,0.040,0.012,0.000,0.003,0.009,-0.002,0.000,-0.001,0.000,0.964,50.140
2410121371,2026-09-18 03:30:00,236.080,235.060,235.280,0.180,0.220,0.220,0.164,0.052,0.055,0.056,-0.007,-0.003,-0.001,-0.002,1.000,50.200
2410121424,2026-09-18 03:30:00,235.660,234.820,235.050,0.010,0.010,0.010,0.004,0.000,0.001,0.002,-0.003,-0.001,-0.001,0.000,0.804,50.150
2410121440,2026-09-18 03:30:00,235.960,235.100,235.300,0.010,0.000,0.010,0.004,0.002,0.000,0.001,-0.002,-0.001,0.000,0.000,0.930,50.190
2410121454,2026-09-18 03:30:00,235.010,235.740,234.810,0.090,0.180,0.160,0.093,0.017,0.038,0.034,0.017,0.005,0.005,0.005,0.965,50.140
2410121457,2026-09-18 03:30:00,234.120,233.020,233.580,1.690,1.740,1.560,1.087,0.366,0.377,0.343,0.351,0.120,0.130,0.100,0.951,50.180
2410121574,2026-09-18 03:30:00,236.180,235.080,235.230,0.090,0.090,0.070,0.032,0.015,0.009,0.007,-0.047,-0.014,-0.018,-0.014,0.571,50.120
2410131378,2026-09-18 03:30:00,235.540,236.240,235.470,0.010,0.010,0.030,0.010,0.001,0.001,0.006,-0.004,-0.002,-0.001,0.000,0.930,50.190
2410131383,2026-09-18 03:30:00,239.430,238.950,238.490,0.030,0.030,0.050,0.025,0.007,0.006,0.011,-0.003,0.000,-0.001,-0.002,0.997,50.190
2410131384,2026-09-18 03:30:00,234.390,235.070,234.480,0.990,1.000,0.870,0.678,0.219,0.246,0.212,0.125,0.040,0.046,0.038,0.982,50.180
2410131387,2026-09-18 03:30:00,236.480,237.180,237.150,0.070,0.070,0.030,0.039,0.015,0.016,0.007,0.001,-0.003,0.004,0.000,0.989,50.220
2410320615,2026-09-18 03:30:00,237.980,238.670,238.790,1.270,1.270,1.430,0.940,0.294,0.287,0.318,0.099,0.016,0.039,0.043,0.993,50.190
2410883988,2026-09-18 03:30:00,227.880,228.610,227.590,0.020,0.000,0.040,0.014,0.004,0.000,0.009,-0.001,0.000,0.000,-0.001,1.000,50.180
2410883990,2026-09-18 03:30:00,228.540,227.370,227.690,0.020,0.000,0.010,0.004,0.003,0.000,0.001,0.001,0.002,0.000,0.000,0.992,50.200
2410883991,2026-09-18 03:30:00,234.650,234.760,235.560,0.070,0.070,0.040,0.042,0.016,0.016,0.009,-0.003,0.000,0.000,-0.001,1.000,50.160
2410883993,2026-09-18 03:30:00,235.030,234.020,234.250,0.810,1.080,1.030,0.680,0.190,0.251,0.238,0.046,0.006,0.017,0.021,0.997,50.190
2410883994,2026-09-18 03:30:00,235.310,234.430,234.720,0.020,0.010,0.020,0.009,0.003,0.002,0.003,-0.004,-0.002,-0.001,-0.001,0.877,50.150
2410932742,2026-09-18 03:30:00,230.110,228.380,228.440,2.790,2.720,2.820,1.759,0.595,0.571,0.592,0.438,0.144,0.143,0.150,0.970,50.150
2411087432,2026-09-18 03:30:00,234.610,235.360,234.450,0.450,0.440,0.480,0.320,0.105,0.103,0.112,0.003,0.004,0.000,0.000,0.999,50.180
2411290205,2026-09-18 03:30:00,238.990,238.290,239.270,0.120,0.210,0.170,0.117,0.027,0.049,0.041,0.014,0.002,0.009,0.002,0.989,50.160
2510014481,2026-09-18 03:30:00,229.280,229.020,230.830,1.480,1.490,1.440,0.929,0.309,0.309,0.318,0.273,0.091,0.091,0.090,0.961,50.170
2510014482,2026-09-18 03:30:00,234.640,235.660,234.750,0.020,0.040,0.000,0.012,0.002,0.010,0.000,-0.002,-0.002,0.000,0.000,0.988,50.190
2510014483,2026-09-18 03:30:00,234.790,234.890,235.550,0.060,0.050,0.060,0.029,0.010,0.008,0.010,-0.022,-0.006,-0.006,-0.009,0.789,50.200
2510014484,2026-09-18 03:30:00,237.620,237.100,238.220,1.610,1.830,1.570,1.126,0.354,0.427,0.360,0.402,0.141,0.125,0.135,0.942,50.200
2510178139,2026-09-18 03:30:00,234.740,235.480,234.440,0.480,0.480,0.480,0.325,0.105,0.112,0.108,0.118,0.039,0.040,0.037,0.938,50.140
2510178141,2026-09-18 03:30:00,235.390,235.510,236.160,0.020,0.010,0.010,0.003,0.002,0.000,0.000,-0.009,-0.004,-0.001,-0.002,0.355,50.200
2510203103,2026-09-18 03:30:00,226.330,224.630,224.610,0.070,0.070,0.060,0.045,0.015,0.016,0.013,-0.012,-0.004,-0.003,-0.004,0.967,50.190
2510203104,2026-09-18 03:30:00,228.920,228.880,229.580,0.350,0.310,0.250,0.195,0.075,0.066,0.052,0.048,0.005,0.017,0.024,0.971,50.190
2510203105,2026-09-18 03:30:00,232.130,230.310,230.470,0.020,0.100,0.020,0.033,0.005,0.023,0.004,0.008,0.000,0.005,0.001,0.963,50.160
2510203106,2026-09-18 03:30:00,238.530,237.970,238.930,0.030,0.010,0.000,0.009,0.005,0.003,0.000,-0.004,-0.003,0.000,0.000,0.955,50.180
2510203108,2026-09-18 03:30:00,235.420,236.060,235.110,0.380,0.600,0.690,0.369,0.089,0.136,0.143,0.007,0.002,0.002,0.002,0.999,50.190
2510203109,2026-09-18 03:30:00,234.640,235.320,234.430,0.020,0.060,0.070,0.033,0.003,0.013,0.016,0.004,0.002,0.000,0.001,0.982,50.150
2510203111,2026-09-18 03:30:00,235.080,235.310,236.030,0.020,0.020,0.000,0.007,0.003,0.004,0.000,-0.002,-0.002,0.000,0.000,0.962,50.190
2510203112,2026-09-18 03:30:00,227.420,226.740,227.640,0.240,0.280,0.250,0.149,0.045,0.054,0.049,0.091,0.030,0.030,0.030,0.852,50.180
2510203113,2026-09-18 03:30:00,238.950,238.480,238.050,0.440,0.520,0.630,0.367,0.102,0.118,0.136,0.036,0.006,0.010,0.020,0.995,50.180
2510203114,2026-09-18 03:30:00,228.580,228.690,229.280,0.230,0.140,0.180,0.134,0.055,0.041,0.036,0.021,0.004,0.003,0.013,0.985,50.130
2510203117,2026-09-18 03:30:00,228.350,227.170,227.390,0.190,0.330,0.180,0.152,0.040,0.073,0.038,-0.040,-0.013,-0.016,-0.010,0.966,50.170
2510203118,2026-09-18 03:30:00,123.770,123.730,124.150,0.170,0.150,0.150,0.053,0.019,0.017,0.016,-0.016,-0.005,-0.003,-0.006,0.954,50.170
2510203119,2026-09-18 03:30:00,228.460,227.270,227.500,0.000,0.000,0.000,0.000,0.000,0.000,0.000,0.000,0.000,0.000,0.000,1.000,50.190
2510203120,2026-09-18 03:30:00,235.030,234.140,234.350,0.860,0.680,0.700,0.479,0.186,0.142,0.151,0.187,0.069,0.060,0.057,0.931,50.190
2510203121,2026-09-18 03:30:00,227.100,227.370,228.200,0.040,0.050,0.120,0.042,0.008,0.007,0.025,-0.024,-0.005,-0.007,-0.011,0.875,50.160
2510203122,2026-09-18 03:30:00,235.290,236.110,235.140,0.110,0.020,0.020,0.024,0.017,0.003,0.004,0.015,0.019,-0.002,0.000,0.839,50.180
2510203123,2026-09-18 03:30:00,235.310,235.480,236.260,0.010,0.010,0.000,0.005,0.002,0.003,0.000,-0.003,-0.001,-0.001,0.000,0.830,50.180
2510203124,2026-09-18 03:30:00,235.360,235.700,234.840,0.100,0.100,0.120,0.065,0.020,0.020,0.025,0.033,0.010,0.011,0.011,0.885,50.130
2510203126,2026-09-18 03:30:00,227.560,227.760,228.660,0.040,0.020,0.000,0.013,0.009,0.004,0.000,-0.002,-0.001,0.000,0.000,0.992,50.180
2510203128,2026-09-18 03:30:00,234.220,234.560,233.250,1.900,1.920,1.990,1.317,0.432,0.435,0.449,0.158,0.036,0.050,0.069,0.992,50.190
2510203129,2026-09-18 03:30:00,238.990,238.400,239.410,0.010,0.030,0.000,0.009,0.002,0.006,0.000,-0.003,-0.002,-0.001,0.000,0.934,50.190
2510203130,2026-09-18 03:30:00,242.600,242.490,244.260,0.000,0.000,0.010,0.003,0.000,0.001,0.001,-0.001,0.000,0.000,0.000,1.000,50.130
2510203133,2026-09-18 03:30:00,234.950,235.710,234.860,0.030,0.020,0.000,0.012,0.007,0.004,0.000,-0.002,0.000,-0.002,0.000,0.970,50.190
2510203134,2026-09-18 03:30:00,235.720,234.850,234.930,0.020,0.010,0.010,0.007,0.004,0.001,0.001,-0.002,0.000,-0.001,0.000,0.962,50.160
2510224049,2026-09-18 03:30:00,227.340,228.360,227.230,16.410,12.340,7.610,6.770,2.800,2.440,1.530,-2.040,-0.660,-0.840,-0.540,0.957,50.200
2510224167,2026-09-18 03:30:00,227.110,227.310,228.260,5.890,4.540,4.880,2.700,1.170,0.730,0.780,-1.890,-0.550,-0.650,-0.680,0.819,50.190
2510317505,2026-09-18 03:30:00,227.210,227.460,228.360,3.270,3.710,5.400,1.950,0.530,0.590,0.820,-1.710,-0.470,-0.550,-0.680,0.752,50.200
2510317516,2026-09-18 03:30:00,227.440,227.630,228.490,0.000,0.000,0.000,0.000,0.000,0.000,0.000,0.000,0.000,0.000,0.000,1.000,50.190
2510317537,2026-09-18 03:30:00,234.170,234.180,235.180,2.680,2.600,2.540,1.570,0.520,0.520,0.510,-0.240,-0.070,-0.080,-0.080,0.984,50.190
2510389559,2026-09-18 03:30:00,239.160,238.650,239.610,0.000,0.000,0.000,0.000,0.000,0.000,0.000,0.000,0.000,0.000,0.000,1.000,50.180
2510389643,2026-09-18 03:30:00,239.510,238.870,239.850,5.470,13.780,13.470,7.390,1.190,3.110,3.080,-1.310,-0.190,-0.590,-0.520,0.984,50.200
2510389931,2026-09-18 03:30:00,238.790,237.800,239.170,3.080,16.420,6.310,6.090,0.720,3.880,1.490,-0.700,-0.100,-0.390,-0.200,0.993,50.210
2510633381,2026-09-18 03:30:00,235.510,234.690,234.880,0.050,0.060,0.020,0.026,0.010,0.012,0.003,-0.014,-0.005,-0.005,-0.002,0.874,50.150
2510633383,2026-09-18 03:30:00,235.030,235.220,235.950,0.110,0.080,0.120,0.029,0.005,0.002,0.021,-0.063,-0.024,-0.019,-0.019,0.425,50.160
2510633385,2026-09-18 03:30:00,238.950,238.390,239.370,0.180,0.310,0.340,0.192,0.039,0.072,0.079,-0.032,-0.005,-0.013,-0.013,0.987,50.170
2510633386,2026-09-18 03:30:00,224.060,224.070,224.860,1.120,1.130,1.120,0.127,0.045,0.041,0.041,-0.701,-0.233,-0.234,-0.234,0.183,50.170
2510633387,2026-09-18 03:30:00,234.930,235.680,234.830,0.010,0.000,0.000,0.002,0.002,0.000,0.000,0.000,0.000,0.000,0.000,1.000,50.170
2510633389,2026-09-18 03:30:00,239.030,238.570,237.970,0.160,0.200,0.170,0.114,0.033,0.044,0.036,-0.053,-0.018,-0.018,-0.016,0.905,50.180
2510633390,2026-09-18 03:30:00,234.590,235.490,234.360,1.340,1.520,1.560,0.874,0.270,0.297,0.315,0.282,0.093,0.078,0.110,0.958,50.180
2510633391,2026-09-18 03:30:00,123.820,123.330,123.450,0.000,0.000,0.000,0.000,0.000,0.000,0.000,0.000,0.000,0.000,0.000,1.000,50.190
2510633393,2026-09-18 03:30:00,237.250,238.210,237.800,1.230,1.280,1.220,0.860,0.283,0.298,0.278,0.178,0.060,0.051,0.065,0.978,50.190
2510633395,2026-09-18 03:30:00,235.050,235.720,234.900,0.000,0.000,0.000,0.000,0.000,0.000,0.000,0.000,0.000,0.000,0.000,1.000,50.130
2510633396,2026-09-18 03:30:00,235.730,234.860,235.380,0.200,0.240,0.190,0.130,0.039,0.051,0.039,0.070,0.024,0.023,0.022,0.878,50.150
2510633397,2026-09-18 03:30:00,241.600,240.650,240.880,0.030,0.050,0.030,0.025,0.007,0.010,0.006,-0.005,-0.003,-0.001,-0.001,0.961,50.190
2510633399,2026-09-18 03:30:00,227.080,227.240,228.220,0.230,0.310,0.300,0.190,0.051,0.069,0.068,0.002,0.001,0.000,0.000,1.000,50.170
2510633400,2026-09-18 03:30:00,226.540,227.390,226.190,0.530,0.560,0.550,0.356,0.116,0.122,0.118,0.074,0.021,0.026,0.025,0.983,50.190
2510633402,2026-09-18 03:30:00,230.100,230.060,231.670,0.540,0.580,0.670,0.400,0.125,0.133,0.140,0.084,0.029,0.024,0.031,0.981,50.190
2510633406,2026-09-18 03:30:00,227.090,227.240,228.220,0.100,0.080,0.080,0.045,0.019,0.012,0.013,-0.032,-0.009,-0.011,-0.011,0.814,50.170
2510633411,2026-09-18 03:30:00,224.970,223.720,223.760,2.150,2.100,2.140,1.304,0.444,0.427,0.432,0.543,0.177,0.176,0.190,0.924,50.200
2510814977,2026-09-18 03:30:00,230.260,231.880,230.310,0.010,0.010,0.010,0.004,0.002,0.000,0.001,-0.002,0.000,-0.001,-0.001,0.954,50.190
2610026950,2026-09-18 03:30:00,228.210,227.010,227.280,0.010,0.010,0.010,0.004,0.001,0.001,0.002,-0.001,0.000,0.000,0.000,0.996,50.180
2610026952,2026-09-18 03:30:00,234.480,233.360,233.650,1.300,1.320,1.280,0.773,0.259,0.260,0.253,0.446,0.147,0.152,0.147,0.865,50.190
2610026953,2026-09-18 03:30:00,237.940,237.260,238.230,0.520,0.540,0.530,0.326,0.101,0.112,0.116,0.154,0.056,0.050,0.047,0.914,50.170
2610026963,2026-09-18 03:30:00,235.400,235.380,236.190,0.190,0.110,0.100,0.075,0.039,0.019,0.017,-0.056,-0.023,-0.016,-0.017,0.801,50.140
2610026966,2026-09-18 03:30:00,232.170,232.720,232.170,0.040,0.040,0.050,0.026,0.008,0.008,0.009,0.012,0.003,0.004,0.004,0.910,50.130
2610026976,2026-09-18 03:30:00,235.080,235.090,236.110,0.170,0.460,0.030,0.151,0.037,0.107,0.006,-0.016,-0.009,-0.002,-0.004,0.992,50.140
2610026977,2026-09-18 03:30:00,243.640,244.000,243.370,0.180,0.480,0.610,0.302,0.038,0.116,0.147,0.026,0.019,0.005,0.002,0.996,50.190
2610126270,2026-09-18 03:30:00,227.560,228.370,227.350,0.020,0.010,0.010,0.008,0.003,0.003,0.001,-0.003,-0.001,0.000,-0.001,0.937,50.200
2610126451,2026-09-18 03:30:00,235.420,236.060,235.180,0.000,0.000,0.030,0.009,0.001,0.000,0.007,0.000,0.000,0.000,0.000,0.966,50.170
2610159557,2026-09-18 03:30:00,235.500,234.650,234.780,0.020,0.010,0.020,0.007,0.003,0.000,0.003,-0.006,-0.003,-0.001,-0.001,0.784,50.170
2610170785,2026-09-18 03:30:00,235.360,234.540,234.800,0.000,0.000,0.000,0.000,0.000,0.000,0.000,0.000,0.000,0.000,0.000,0.938,50.200
2610170786,2026-09-18 03:30:00,234.550,234.630,235.230,0.900,0.940,0.990,0.713,0.227,0.239,0.246,0.171,0.053,0.056,0.062,0.966,50.200
2610170836,2026-09-18 03:30:00,235.230,235.570,236.330,0.000,0.010,0.000,0.001,0.000,0.001,0.000,0.000,0.000,0.000,0.000,1.000,50.200
2610170837,2026-09-18 03:30:00,231.890,230.170,230.240,0.000,0.000,0.020,0.005,0.000,0.000,0.004,0.000,0.000,0.000,0.000,0.930,50.200
2610170838,2026-09-18 03:30:00,235.520,234.540,234.780,0.000,0.010,0.040,0.011,0.000,0.002,0.009,0.002,0.000,0.000,0.001,0.969,50.180
2610170839,2026-09-18 03:30:00,234.710,234.850,235.570,0.000,0.020,0.010,0.006,0.000,0.004,0.002,0.000,0.000,0.000,0.000,1.000,50.210
2610170840,2026-09-18 03:30:00,238.870,237.930,239.240,0.080,0.410,0.160,0.153,0.018,0.097,0.037,-0.018,-0.002,-0.010,-0.005,0.996,50.200
2610322967,2026-09-18 03:30:00,235.860,234.900,234.860,0.000,0.000,0.000,0.001,0.000,0.000,0.001,0.000,0.000,0.000,0.000,1.000,50.180
2610322969,2026-09-18 03:30:00,228.320,227.120,227.350,0.020,0.050,0.010,0.018,0.005,0.011,0.002,-0.002,-0.001,0.000,0.000,0.978,50.180
2610322982,2026-09-18 03:30:00,234.640,234.740,235.460,0.010,0.020,0.030,0.010,0.002,0.002,0.004,-0.007,-0.001,-0.002,-0.003,0.778,50.170
2610322995,2026-09-18 03:30:00,234.710,234.850,235.580,0.000,0.030,0.030,0.011,0.000,0.005,0.006,-0.009,0.000,-0.004,-0.004,0.758,50.190
2610322997,2026-09-18 03:30:00,229.870,231.160,229.640,0.710,0.750,0.670,0.533,0.180,0.178,0.155,0.151,0.023,0.069,0.058,0.960,50.200
2610323001,2026-09-18 03:30:00,229.560,228.170,228.030,1.890,1.600,1.740,1.026,0.382,0.299,0.344,0.551,0.186,0.186,0.178,0.879,50.200
2610323004,2026-09-18 03:30:00,63.920,63.320,63.790,1.000,0.980,0.910,0.181,0.063,0.060,0.057,0.028,0.007,0.012,0.008,0.990,50.200
2610323005,2026-09-18 03:30:00,227.480,228.360,227.250,0.000,0.010,0.010,0.003,0.000,0.001,0.001,-0.001,0.000,0.000,-0.001,1.000,50.190
2610323010,2026-09-18 03:30:00,239.220,238.760,238.230,0.050,0.000,0.000,0.008,0.008,0.000,0.000,-0.006,-0.006,0.000,0.000,0.793,50.190
2610323016,2026-09-18 03:30:00,228.590,227.310,227.250,3.110,3.020,3.010,1.930,0.664,0.635,0.629,0.697,0.226,0.235,0.235,0.940,50.200
2610323017,2026-09-18 03:30:00,234.460,235.360,234.380,0.040,0.020,0.020,0.015,0.008,0.003,0.003,-0.011,-0.005,-0.003,-0.002,0.821,50.200
2610323019,2026-09-18 03:30:00,227.460,228.600,227.470,0.020,0.020,0.030,0.016,0.004,0.005,0.006,-0.004,-0.001,-0.001,-0.001,0.945,50.210
2610323027,2026-09-18 03:30:00,235.780,234.800,235.030,0.030,0.030,0.020,0.014,0.004,0.006,0.003,-0.011,-0.003,-0.004,-0.003,0.784,50.200
2411087433,2026-09-18 03:31:00,234.910,235.020,235.770,0.530,0.490,0.490,0.340,0.119,0.110,0.110,-0.011,-0.003,-0.003,-0.004,1.000,50.190
2510203127,2026-09-18 03:31:00,235.020,235.790,234.950,0.430,0.630,0.410,0.282,0.080,0.124,0.077,0.198,0.062,0.079,0.057,0.818,50.120
2246006313,2026-09-18 04:00:00,57.100,57.100,56.900,0.993,0.995,0.981,0.168,0.057,0.057,0.057,0.029,0.009,0.009,0.009,0.985,50.100
2410121326,2026-09-18 04:00:00,235.220,234.210,234.430,0.210,0.170,0.200,0.130,0.047,0.038,0.044,0.039,0.012,0.010,0.017,0.958,49.860
2410121353,2026-09-18 04:00:00,235.810,234.860,235.120,0.000,0.010,0.040,0.012,0.000,0.003,0.009,-0.002,0.000,-0.001,0.000,0.985,50.050
2410121371,2026-09-18 04:00:00,235.700,234.590,234.810,0.110,0.110,0.140,0.128,0.037,0.044,0.050,-0.004,-0.001,0.000,-0.002,1.000,50.000
2410121424,2026-09-18 04:00:00,235.980,235.100,235.290,0.010,0.010,0.010,0.004,0.000,0.001,0.002,-0.003,-0.001,-0.001,0.000,0.805,50.160
2410121440,2026-09-18 04:00:00,235.580,234.630,234.830,0.010,0.000,0.010,0.004,0.002,0.000,0.001,-0.002,-0.001,0.000,0.000,0.935,49.990
2410121454,2026-09-18 04:00:00,235.560,236.370,235.390,0.070,0.170,0.150,0.085,0.014,0.036,0.033,0.002,0.001,0.000,0.000,0.995,50.160
2410121457,2026-09-18 04:00:00,234.140,233.090,233.480,1.610,1.650,1.570,1.045,0.348,0.354,0.342,0.355,0.123,0.125,0.106,0.947,50.060
2410121574,2026-09-18 04:00:00,236.200,235.000,235.270,0.130,0.150,0.090,0.073,0.027,0.030,0.015,-0.043,-0.012,-0.014,-0.015,0.864,50.090
2410131378,2026-09-18 04:00:00,235.080,235.770,234.920,0.010,0.010,0.040,0.013,0.001,0.001,0.009,-0.005,-0.002,-0.001,-0.001,0.955,50.010
2410131383,2026-09-18 04:00:00,239.220,238.610,238.290,0.040,0.030,0.060,0.028,0.008,0.006,0.012,-0.004,-0.001,-0.001,-0.002,0.972,49.880
2410131384,2026-09-18 04:00:00,234.330,234.840,234.290,0.920,1.160,0.900,0.764,0.257,0.279,0.255,0.106,0.033,0.042,0.030,0.987,50.020
2410320615,2026-09-18 04:00:00,237.290,238.040,238.110,1.300,1.290,1.390,0.879,0.291,0.291,0.296,0.172,0.041,0.065,0.065,0.982,50.040
2410883990,2026-09-18 04:00:00,227.720,226.730,226.930,0.020,0.000,0.010,0.004,0.003,0.000,0.001,0.001,0.002,0.000,0.000,0.979,49.890
2410883991,2026-09-18 04:00:00,234.280,234.410,235.160,0.070,0.070,0.040,0.041,0.015,0.015,0.009,-0.005,-0.002,0.000,-0.001,0.986,50.070
2410883993,2026-09-18 04:00:00,234.400,233.380,233.560,0.830,1.080,1.030,0.680,0.190,0.250,0.239,0.050,0.006,0.020,0.024,0.997,49.960
2410883994,2026-09-18 04:00:00,235.280,234.380,234.740,0.020,0.010,0.060,0.020,0.003,0.002,0.014,-0.004,-0.002,-0.001,-0.001,0.982,50.090
2411087432,2026-09-18 04:00:00,234.800,235.600,234.660,0.450,0.430,0.470,0.315,0.105,0.100,0.110,-0.003,0.004,-0.004,-0.004,1.000,50.010
2411087433,2026-09-18 04:00:00,234.220,234.290,234.970,0.470,0.450,0.450,0.327,0.112,0.108,0.106,0.000,0.000,-0.002,0.000,1.000,49.960
2411290205,2026-09-18 04:00:00,238.210,237.660,238.560,0.140,0.100,0.120,0.083,0.032,0.022,0.029,0.005,0.003,0.000,0.001,0.998,50.070
2510014481,2026-09-18 04:00:00,229.340,229.210,230.870,1.280,1.300,1.300,0.920,0.280,0.283,0.281,0.185,0.058,0.071,0.055,0.974,49.960
2510014482,2026-09-18 04:00:00,234.880,235.520,234.540,0.010,0.040,0.000,0.010,0.002,0.008,0.000,-0.006,-0.002,-0.003,0.000,0.833,50.020
2510014483,2026-09-18 04:00:00,234.200,234.300,234.960,0.050,0.040,0.050,0.023,0.008,0.006,0.008,-0.022,-0.007,-0.006,-0.009,0.721,49.980
2510014484,2026-09-18 04:00:00,237.310,236.720,237.830,1.560,1.790,1.520,1.082,0.342,0.405,0.335,0.399,0.140,0.123,0.135,0.937,50.030
2510178139,2026-09-18 04:00:00,234.480,235.240,234.130,0.380,0.420,0.410,0.259,0.080,0.089,0.084,0.099,0.032,0.033,0.033,0.934,49.920
2510178141,2026-09-18 04:00:00,234.920,235.090,235.790,0.020,0.010,0.010,0.004,0.002,0.000,0.001,-0.009,-0.004,-0.001,-0.002,0.467,50.030
2510203103,2026-09-18 04:00:00,226.350,224.810,224.710,0.090,0.080,0.060,0.052,0.020,0.017,0.013,-0.009,-0.002,-0.003,-0.004,0.982,50.040
2510203104,2026-09-18 04:00:00,228.640,228.610,229.200,0.330,0.280,0.320,0.220,0.090,0.062,0.067,0.061,0.009,0.022,0.029,0.967,50.000
2510203105,2026-09-18 04:00:00,232.010,230.350,230.550,0.020,0.110,0.020,0.034,0.005,0.024,0.004,0.009,0.000,0.007,0.001,0.958,49.940
2510203108,2026-09-18 04:00:00,234.900,235.610,234.560,0.550,0.570,0.850,0.426,0.120,0.127,0.176,0.013,0.005,0.002,0.005,1.000,50.030
2510203109,2026-09-18 04:00:00,234.190,234.800,233.970,0.020,0.060,0.090,0.039,0.005,0.014,0.020,0.004,0.002,0.000,0.001,1.000,49.930
2510203111,2026-09-18 04:00:00,234.830,235.120,235.830,0.020,0.020,0.000,0.008,0.004,0.004,0.000,-0.002,-0.002,0.000,0.000,0.985,50.020
2510203112,2026-09-18 04:00:00,227.300,226.640,227.600,0.160,0.200,0.170,0.114,0.034,0.043,0.036,0.042,0.013,0.015,0.014,0.937,50.030
2510203113,2026-09-18 04:00:00,239.020,238.480,238.070,0.380,0.470,0.530,0.325,0.088,0.112,0.124,0.012,-0.001,0.001,0.012,0.999,50.010
2510203114,2026-09-18 04:00:00,228.130,228.290,228.800,0.240,0.200,0.250,0.169,0.064,0.048,0.056,0.029,0.007,0.006,0.016,0.985,49.920
2510203117,2026-09-18 04:00:00,228.010,226.960,227.000,0.190,0.330,0.190,0.155,0.042,0.073,0.038,-0.039,-0.012,-0.016,-0.010,0.972,50.080
2510203118,2026-09-18 04:00:00,123.430,123.370,123.790,0.180,0.150,0.160,0.057,0.020,0.018,0.017,-0.015,-0.005,-0.003,-0.006,0.969,49.950
2510203119,2026-09-18 04:00:00,228.160,227.110,227.230,0.000,0.000,0.000,0.000,0.000,0.000,0.000,0.000,0.000,0.000,0.000,1.000,50.040
2510203120,2026-09-18 04:00:00,234.550,233.750,233.980,0.780,0.560,0.630,0.430,0.171,0.122,0.136,0.152,0.058,0.047,0.046,0.941,50.050
2510203121,2026-09-18 04:00:00,226.700,226.830,227.540,0.040,0.050,0.130,0.044,0.008,0.007,0.028,-0.023,-0.005,-0.007,-0.011,0.887,49.940
2510203122,2026-09-18 04:00:00,234.830,235.640,234.650,0.090,0.020,0.020,0.022,0.015,0.003,0.004,0.011,0.014,0.001,0.000,0.877,50.020
2510203123,2026-09-18 04:00:00,234.800,235.050,235.810,0.010,0.010,0.000,0.005,0.002,0.003,0.000,-0.003,-0.001,-0.001,0.000,0.834,50.010
2510203124,2026-09-18 04:00:00,234.950,235.310,234.410,0.100,0.100,0.120,0.067,0.020,0.020,0.025,0.034,0.011,0.011,0.011,0.886,49.900
2510203127,2026-09-18 04:00:00,234.420,235.200,234.290,0.440,0.590,0.410,0.277,0.081,0.119,0.076,0.191,0.062,0.071,0.058,0.822,49.870
2510203128,2026-09-18 04:00:00,234.020,234.310,233.100,1.700,1.730,1.920,1.216,0.385,0.391,0.438,0.128,0.028,0.044,0.055,0.994,50.040
2510203129,2026-09-18 04:00:00,238.200,237.610,238.700,0.010,0.030,0.000,0.009,0.002,0.006,0.000,-0.003,-0.002,-0.001,0.000,0.933,49.870
2510203130,2026-09-18 04:00:00,242.650,242.460,244.210,0.000,0.000,0.010,0.003,0.000,0.001,0.001,-0.001,0.000,0.000,0.000,1.000,49.920
2510203133,2026-09-18 04:00:00,234.850,235.550,234.640,0.030,0.020,0.000,0.011,0.006,0.004,0.000,-0.002,0.000,-0.002,0.000,0.976,50.110
2510203134,2026-09-18 04:00:00,235.460,234.540,234.610,0.020,0.010,0.010,0.007,0.004,0.001,0.001,-0.002,0.000,-0.001,0.000,0.961,50.100
2510224049,2026-09-18 04:00:00,226.450,227.370,226.420,16.470,12.350,7.610,6.770,2.800,2.430,1.520,-2.020,-0.660,-0.820,-0.530,0.958,50.000
2510224167,2026-09-18 04:00:00,226.670,226.720,227.640,5.900,4.540,4.880,2.700,1.180,0.730,0.780,-1.870,-0.550,-0.640,-0.670,0.820,50.030
2510317505,2026-09-18 04:00:00,225.500,226.070,225.940,3.260,3.710,5.400,1.940,0.530,0.590,0.820,-1.690,-0.460,-0.540,-0.670,0.756,50.020
2510317516,2026-09-18 04:00:00,226.910,226.970,227.800,0.000,0.000,0.000,0.000,0.000,0.000,0.000,0.000,0.000,0.000,0.000,1.000,50.030
2510317537,2026-09-18 04:00:00,233.740,233.740,234.660,2.130,2.300,2.180,1.540,0.490,0.530,0.500,-0.230,-0.060,-0.080,-0.080,0.988,50.030
2510389559,2026-09-18 04:00:00,239.100,238.560,239.590,0.000,0.000,0.000,0.000,0.000,0.000,0.000,0.000,0.000,0.000,0.000,1.000,50.020
2510389643,2026-09-18 04:00:00,239.120,238.450,239.500,5.290,13.800,13.480,7.340,1.140,3.110,3.080,-1.300,-0.180,-0.590,-0.520,0.984,50.020
2510389931,2026-09-18 04:00:00,238.120,237.160,238.610,3.090,16.470,6.320,6.090,0.720,3.880,1.480,-0.700,-0.100,-0.390,-0.200,0.993,50.000
2510633381,2026-09-18 04:00:00,234.840,233.980,234.150,0.050,0.060,0.020,0.027,0.011,0.013,0.003,-0.012,-0.005,-0.005,-0.001,0.930,49.880
2510633383,2026-09-18 04:00:00,234.450,234.530,235.290,0.110,0.080,0.090,0.017,0.006,0.002,0.008,-0.062,-0.024,-0.019,-0.018,0.272,49.870
2510633385,2026-09-18 04:00:00,238.790,238.330,239.260,0.160,0.310,0.340,0.190,0.037,0.072,0.079,-0.033,-0.006,-0.014,-0.013,0.983,49.940
2510633386,2026-09-18 04:00:00,223.560,223.540,224.320,1.090,1.090,1.090,0.140,0.048,0.044,0.046,-0.693,-0.229,-0.231,-0.231,0.193,49.960
2510633387,2026-09-18 04:00:00,234.600,235.390,234.490,0.010,0.020,0.000,0.004,0.002,0.002,0.000,0.002,0.000,0.002,0.000,0.813,49.960
2510633389,2026-09-18 04:00:00,239.040,238.520,238.020,0.160,0.210,0.160,0.112,0.031,0.047,0.033,-0.054,-0.018,-0.018,-0.016,0.902,49.940
2510633390,2026-09-18 04:00:00,234.180,235.090,233.940,1.300,1.420,1.490,0.923,0.289,0.311,0.321,0.302,0.101,0.088,0.112,0.949,49.920
2510633391,2026-09-18 04:00:00,123.580,123.040,123.160,0.000,0.000,0.000,0.000,0.000,0.000,0.000,0.000,0.000,0.000,0.000,1.000,49.890
2510633393,2026-09-18 04:00:00,237.120,238.110,237.600,1.180,1.230,1.170,0.817,0.269,0.285,0.266,0.175,0.059,0.050,0.064,0.977,50.120
2510633395,2026-09-18 04:00:00,234.630,235.350,234.440,0.000,0.000,0.000,0.000,0.000,0.000,0.000,0.000,0.000,0.000,0.000,1.000,49.920
2510633396,2026-09-18 04:00:00,235.240,234.310,234.850,0.200,0.240,0.200,0.131,0.040,0.050,0.040,0.071,0.024,0.023,0.023,0.880,49.880
2510633397,2026-09-18 04:00:00,241.140,240.130,240.390,0.030,0.050,0.030,0.024,0.007,0.010,0.006,-0.005,-0.003,-0.001,-0.001,0.961,49.920
2510633400,2026-09-18 04:00:00,226.330,227.170,226.150,0.280,0.280,0.300,0.232,0.076,0.088,0.070,0.049,0.015,0.017,0.016,0.968,49.900
2510633402,2026-09-18 04:00:00,229.980,229.850,231.480,0.440,0.470,0.510,0.302,0.092,0.100,0.121,0.042,0.016,0.011,0.015,0.991,49.980
2510633406,2026-09-18 04:00:00,226.610,226.630,227.570,0.100,0.080,0.080,0.045,0.019,0.012,0.013,-0.032,-0.009,-0.011,-0.011,0.815,49.960
2510633411,2026-09-18 04:00:00,224.410,223.300,223.290,2.080,2.030,2.100,1.275,0.433,0.416,0.425,0.548,0.177,0.177,0.191,0.918,49.890
2510814977,2026-09-18 04:00:00,230.160,231.640,230.180,0.010,0.010,0.010,0.004,0.002,0.000,0.001,-0.002,0.000,-0.001,-0.001,0.977,49.960
2610026950,2026-09-18 04:00:00,227.630,226.500,226.730,0.010,0.010,0.020,0.007,0.002,0.001,0.003,-0.001,0.000,0.000,0.000,1.000,49.960
2610026952,2026-09-18 04:00:00,232.500,231.460,231.690,2.280,2.210,2.250,1.304,0.437,0.426,0.439,0.845,0.293,0.277,0.274,0.838,49.970
2610026953,2026-09-18 04:00:00,237.700,237.080,238.090,0.530,0.550,0.520,0.385,0.122,0.127,0.134,0.157,0.055,0.050,0.051,0.915,49.950
2610026963,2026-09-18 04:00:00,234.940,234.900,235.740,0.220,0.120,0.110,0.082,0.044,0.020,0.017,-0.055,-0.022,-0.016,-0.017,0.837,49.880
2610026966,2026-09-18 04:00:00,231.440,231.940,231.450,0.050,0.040,0.050,0.028,0.010,0.007,0.009,0.014,0.004,0.004,0.005,0.894,49.910
2610026976,2026-09-18 04:00:00,234.620,234.620,235.640,0.160,0.460,0.030,0.150,0.037,0.107,0.006,-0.016,-0.009,-0.002,-0.004,0.994,49.880
2610026977,2026-09-18 04:00:00,242.850,243.150,242.610,0.080,0.400,0.550,0.245,0.018,0.094,0.131,-0.046,-0.004,-0.019,-0.023,0.984,49.880
2610126270,2026-09-18 04:00:00,226.660,227.410,226.580,0.020,0.010,0.010,0.008,0.003,0.002,0.001,-0.004,-0.001,-0.001,-0.001,0.896,50.000
2610126451,2026-09-18 04:00:00,234.950,235.580,234.650,0.000,0.000,0.040,0.012,0.001,0.000,0.010,0.001,0.000,0.000,0.001,1.000,49.950
2610159557,2026-09-18 04:00:00,234.870,234.080,234.150,0.020,0.010,0.020,0.007,0.003,0.000,0.003,-0.006,-0.003,-0.001,-0.001,0.756,49.960
2610170785,2026-09-18 04:00:00,234.780,233.970,234.170,0.000,0.000,0.000,0.000,0.000,0.000,0.000,0.000,0.000,0.000,0.000,0.958,49.970
2610170786,2026-09-18 04:00:00,234.420,234.490,235.130,0.500,0.510,0.630,0.310,0.093,0.094,0.122,0.057,0.020,0.016,0.020,0.984,50.030
2610170836,2026-09-18 04:00:00,234.610,234.950,235.720,0.000,0.010,0.000,0.001,0.000,0.001,0.000,0.000,0.000,0.000,0.000,1.000,49.990
2610170837,2026-09-18 04:00:00,231.690,230.120,230.170,0.000,0.000,0.000,0.002,0.000,0.000,0.001,0.000,0.000,0.000,0.000,1.000,49.990
2610170838,2026-09-18 04:00:00,235.070,234.100,234.420,0.000,0.010,0.040,0.011,0.000,0.002,0.008,0.002,0.000,0.000,0.002,0.931,50.030
2610170839,2026-09-18 04:00:00,234.070,234.240,234.970,0.000,0.020,0.010,0.006,0.000,0.004,0.002,0.000,0.000,0.000,0.000,1.000,50.000
2610170840,2026-09-18 04:00:00,238.120,237.250,238.630,0.080,0.410,0.160,0.153,0.018,0.097,0.037,-0.018,-0.002,-0.010,-0.005,0.996,50.000
2610322967,2026-09-18 04:00:00,235.280,234.310,234.220,0.000,0.000,0.000,0.001,0.000,0.000,0.001,0.000,0.000,0.000,0.000,1.000,49.970
2610322969,2026-09-18 04:00:00,227.560,226.520,226.630,0.020,0.050,0.040,0.025,0.005,0.011,0.008,-0.002,-0.001,0.000,0.000,1.000,49.970
2610322982,2026-09-18 04:00:00,234.120,234.160,234.900,0.010,0.020,0.030,0.010,0.002,0.002,0.004,-0.007,-0.001,-0.002,-0.003,0.779,49.950
2610322995,2026-09-18 04:00:00,234.160,234.260,234.990,0.000,0.030,0.030,0.011,0.000,0.005,0.006,-0.009,0.000,-0.004,-0.004,0.761,49.970
2610322997,2026-09-18 04:00:00,229.790,231.190,229.770,0.450,0.460,0.450,0.268,0.091,0.087,0.088,0.121,0.032,0.048,0.039,0.892,50.000
2610323001,2026-09-18 04:00:00,229.270,228.110,227.870,2.010,1.610,1.900,1.116,0.412,0.315,0.393,0.563,0.191,0.190,0.181,0.891,49.990
2610323004,2026-09-18 04:00:00,63.860,63.300,63.740,0.930,0.920,0.840,0.168,0.059,0.056,0.052,0.024,0.005,0.011,0.007,0.988,49.970
2610323005,2026-09-18 04:00:00,226.600,227.510,226.540,0.000,0.010,0.010,0.003,0.000,0.001,0.001,-0.001,0.000,0.000,-0.001,1.000,49.980
2610323010,2026-09-18 04:00:00,238.670,238.140,237.640,0.040,0.000,0.000,0.008,0.007,0.000,0.000,-0.006,-0.006,0.000,0.000,0.804,49.970
2610323016,2026-09-18 04:00:00,229.100,227.980,227.880,2.460,2.300,2.310,1.511,0.531,0.488,0.490,0.558,0.186,0.186,0.185,0.940,50.020
2610323017,2026-09-18 04:00:00,234.000,234.910,233.950,0.040,0.020,0.020,0.015,0.008,0.003,0.003,-0.011,-0.005,-0.003,-0.002,0.806,50.020
2610323019,2026-09-18 04:00:00,225.750,225.500,225.150,0.060,0.060,0.030,0.031,0.012,0.012,0.006,-0.009,-0.003,-0.004,-0.001,0.948,50.020
2610323027,2026-09-18 04:00:00,235.340,234.420,234.620,0.030,0.030,0.020,0.014,0.004,0.006,0.003,-0.011,-0.003,-0.004,-0.003,0.785,50.020
2410131387,2026-09-18 04:01:00,236.680,237.460,237.310,0.040,0.040,0.040,0.026,0.008,0.009,0.008,0.001,0.000,0.000,0.000,0.992,50.030
2410883988,2026-09-18 04:01:00,227.270,227.950,227.090,0.020,0.000,0.040,0.014,0.004,0.000,0.009,-0.001,0.000,0.000,-0.001,1.000,49.970
2410932742,2026-09-18 04:01:00,230.050,228.370,228.380,2.860,2.790,2.890,1.800,0.609,0.583,0.607,0.454,0.150,0.149,0.154,0.969,49.960
2510203106,2026-09-18 04:01:00,238.360,237.840,238.830,0.030,0.010,0.000,0.009,0.005,0.003,0.000,-0.004,-0.003,0.000,0.000,0.960,50.070
2510203126,2026-09-18 04:01:00,227.150,227.260,228.110,0.040,0.020,0.000,0.014,0.009,0.004,0.000,-0.002,-0.001,0.000,0.000,1.000,50.140
2510633399,2026-09-18 04:02:00,226.720,226.820,227.740,0.250,0.320,0.320,0.200,0.055,0.072,0.072,-0.003,-0.001,0.000,-0.001,1.000,50.070
2246006313,2026-09-18 04:30:00,57.000,57.000,56.800,0.844,0.848,0.832,0.138,0.046,0.046,0.045,0.021,0.007,0.007,0.007,0.987,50.100
2410121353,2026-09-18 04:30:00,235.730,234.750,235.000,0.000,0.010,0.040,0.015,0.000,0.006,0.009,-0.002,0.000,-0.001,0.000,1.000,50.070
2410121371,2026-09-18 04:30:00,235.950,234.840,235.050,0.090,0.110,0.110,0.072,0.020,0.025,0.026,0.000,-0.001,0.001,0.000,1.000,50.080
2410121424,2026-09-18 04:30:00,235.450,234.510,234.690,0.010,0.010,0.010,0.004,0.000,0.001,0.002,-0.003,-0.001,-0.001,0.000,0.799,50.090
2410121440,2026-09-18 04:30:00,235.670,234.720,234.900,0.010,0.000,0.010,0.004,0.002,0.000,0.001,-0.002,-0.001,0.000,0.000,0.779,50.060
2410121454,2026-09-18 04:30:00,234.880,235.710,234.710,0.070,0.170,0.150,0.087,0.014,0.038,0.034,0.016,0.005,0.005,0.005,0.984,50.080
2410121574,2026-09-18 04:30:00,235.950,234.740,234.950,0.080,0.090,0.070,0.031,0.013,0.010,0.007,-0.048,-0.014,-0.018,-0.014,0.547,50.080
2410131378,2026-09-18 04:30:00,234.440,235.160,234.220,0.010,0.010,0.030,0.010,0.001,0.001,0.006,-0.004,-0.002,-0.001,0.000,0.954,50.080
2410131383,2026-09-18 04:30:00,238.400,237.600,237.390,0.030,0.030,0.050,0.026,0.008,0.006,0.011,-0.002,0.000,-0.001,-0.001,0.990,50.000
2410131384,2026-09-18 04:30:00,233.840,234.420,233.870,1.110,1.200,0.850,0.611,0.197,0.240,0.173,0.093,0.028,0.038,0.029,0.986,50.080
2410131387,2026-09-18 04:30:00,235.700,236.400,236.260,0.160,0.130,0.130,0.096,0.036,0.030,0.029,0.004,0.002,0.005,-0.003,1.000,50.080
2410320615,2026-09-18 04:30:00,236.830,237.570,237.500,1.300,1.310,1.380,0.992,0.325,0.318,0.323,0.162,0.036,0.066,0.059,0.984,50.100
2410883988,2026-09-18 04:30:00,227.100,227.740,226.880,0.020,0.000,0.040,0.014,0.004,0.000,0.009,-0.001,0.000,0.000,-0.001,1.000,50.040
2410883990,2026-09-18 04:30:00,227.560,226.600,226.800,0.020,0.000,0.010,0.004,0.003,0.000,0.001,0.001,0.002,0.000,0.000,0.977,50.050
2410883991,2026-09-18 04:30:00,234.210,234.340,235.180,0.080,0.070,0.040,0.044,0.018,0.016,0.010,0.000,0.000,0.000,-0.001,1.000,50.130
2410883993,2026-09-18 04:30:00,234.540,233.570,233.720,0.770,0.840,0.830,0.564,0.175,0.196,0.193,-0.068,-0.032,-0.019,-0.016,0.993,50.020
2410883994,2026-09-18 04:30:00,235.160,234.250,234.510,0.020,0.010,0.020,0.011,0.004,0.003,0.004,-0.004,-0.002,-0.001,-0.001,0.948,50.110
2410932742,2026-09-18 04:30:00,230.980,229.350,229.240,1.760,1.690,1.790,1.071,0.364,0.341,0.365,0.312,0.103,0.102,0.106,0.959,50.100
2411087432,2026-09-18 04:30:00,234.470,235.250,234.300,0.450,0.440,0.480,0.321,0.105,0.103,0.112,0.003,0.005,0.000,0.000,0.999,50.050
2411087433,2026-09-18 04:30:00,234.090,234.170,234.930,0.490,0.460,0.470,0.337,0.115,0.110,0.110,-0.010,-0.001,-0.005,-0.002,0.998,50.010
2411290205,2026-09-18 04:30:00,237.850,237.440,238.360,0.110,0.070,0.140,0.075,0.025,0.016,0.033,0.005,0.002,0.000,0.002,0.990,50.130
2510014481,2026-09-18 04:30:00,229.310,229.100,230.790,1.480,1.520,1.440,0.982,0.328,0.331,0.329,0.258,0.085,0.092,0.080,0.968,50.010
2510014482,2026-09-18 04:30:00,235.040,235.710,235.040,0.010,0.040,0.000,0.012,0.002,0.010,0.000,-0.002,-0.002,0.000,0.000,0.989,50.050
2510014483,2026-09-18 04:30:00,233.870,233.940,234.710,0.040,0.040,0.050,0.021,0.009,0.007,0.009,-0.023,-0.007,-0.006,-0.009,0.696,50.040
2510014484,2026-09-18 04:30:00,236.500,236.140,237.270,1.540,1.790,1.510,1.087,0.356,0.428,0.348,0.392,0.136,0.121,0.134,0.941,50.060
2510178139,2026-09-18 04:30:00,234.790,235.520,234.420,0.340,0.390,0.380,0.237,0.074,0.082,0.080,0.092,0.030,0.031,0.029,0.933,49.990
2510178141,2026-09-18 04:30:00,235.210,235.370,236.080,0.020,0.010,0.010,0.003,0.002,0.000,0.000,-0.009,-0.004,-0.001,-0.002,0.355,50.060
2510203103,2026-09-18 04:30:00,226.450,224.870,224.830,0.060,0.090,0.070,0.048,0.012,0.024,0.021,-0.012,-0.003,-0.003,-0.005,0.976,50.090
2510203104,2026-09-18 04:30:00,228.210,228.130,228.800,0.270,0.240,0.250,0.183,0.076,0.057,0.049,0.058,0.007,0.020,0.027,0.944,50.050
2510203105,2026-09-18 04:30:00,232.070,230.360,230.550,0.030,0.110,0.020,0.034,0.005,0.023,0.005,0.008,0.000,0.006,0.002,0.962,49.990
2510203106,2026-09-18 04:30:00,237.430,237.030,238.110,0.070,0.010,0.000,0.021,0.017,0.003,0.000,-0.004,-0.003,0.000,0.000,0.958,50.060
2510203108,2026-09-18 04:30:00,235.380,236.080,235.130,0.480,0.540,0.710,0.387,0.112,0.128,0.146,0.012,0.005,0.003,0.003,1.000,50.110
2510203109,2026-09-18 04:30:00,233.990,234.670,233.720,0.020,0.070,0.070,0.036,0.003,0.015,0.017,0.005,0.002,0.001,0.002,0.974,49.990
2510203111,2026-09-18 04:30:00,235.060,235.290,236.060,0.020,0.020,0.000,0.008,0.004,0.004,0.000,-0.002,-0.001,0.000,0.000,0.992,50.070
2510203112,2026-09-18 04:30:00,226.340,225.860,226.850,0.190,0.220,0.200,0.126,0.039,0.045,0.040,0.062,0.020,0.020,0.020,0.896,50.060
2510203113,2026-09-18 04:30:00,238.280,237.530,237.290,0.340,0.490,0.540,0.335,0.094,0.115,0.126,0.034,0.006,0.009,0.018,0.992,50.050
2510203114,2026-09-18 04:30:00,227.930,228.080,228.660,0.220,0.150,0.170,0.119,0.049,0.033,0.036,0.022,0.005,0.003,0.013,0.984,49.990
2510203117,2026-09-18 04:30:00,227.580,226.640,226.490,0.260,0.400,0.250,0.200,0.058,0.088,0.054,-0.043,-0.014,-0.017,-0.011,0.977,50.110
2510203118,2026-09-18 04:30:00,123.390,123.330,123.780,0.170,0.140,0.150,0.056,0.020,0.018,0.016,-0.020,-0.007,-0.004,-0.007,0.928,50.010
2510203119,2026-09-18 04:30:00,227.580,226.510,226.680,0.000,0.000,0.000,0.000,0.000,0.000,0.000,0.000,0.000,0.000,0.000,1.000,50.100
2510203120,2026-09-18 04:30:00,234.440,233.580,233.740,0.810,0.610,0.670,0.454,0.178,0.129,0.146,0.167,0.062,0.054,0.050,0.939,50.110
2510203121,2026-09-18 04:30:00,226.220,226.420,227.200,0.100,0.110,0.180,0.082,0.020,0.023,0.038,-0.026,-0.005,-0.008,-0.011,0.950,50.000
2510203122,2026-09-18 04:30:00,234.590,235.340,234.460,0.040,0.020,0.020,0.015,0.006,0.004,0.004,0.005,0.005,0.001,0.000,0.962,50.050
2510203123,2026-09-18 04:30:00,235.100,235.300,236.040,0.010,0.010,0.000,0.005,0.002,0.003,0.000,-0.003,-0.001,-0.001,0.000,0.834,50.050
2510203124,2026-09-18 04:30:00,235.390,235.740,234.850,0.100,0.100,0.120,0.065,0.020,0.019,0.025,0.034,0.010,0.011,0.011,0.884,50.000
2510203126,2026-09-18 04:30:00,226.730,226.830,227.670,0.040,0.020,0.000,0.013,0.009,0.004,0.000,-0.002,-0.001,0.000,0.000,0.998,50.000
2510203127,2026-09-18 04:30:00,234.850,235.580,234.710,0.440,0.600,0.410,0.277,0.080,0.120,0.077,0.191,0.062,0.071,0.057,0.824,50.000
2510203128,2026-09-18 04:30:00,233.670,234.080,232.810,1.620,1.640,1.790,1.143,0.367,0.370,0.405,0.119,0.027,0.038,0.054,0.994,50.100
2510203129,2026-09-18 04:30:00,237.670,237.200,238.340,0.010,0.030,0.000,0.009,0.002,0.006,0.000,-0.003,-0.002,-0.001,0.000,0.905,50.000
2510203130,2026-09-18 04:30:00,242.670,242.580,244.280,0.000,0.010,0.010,0.003,0.000,0.001,0.001,-0.001,0.000,0.000,0.000,1.000,49.990
2510203133,2026-09-18 04:30:00,235.160,235.820,234.970,0.030,0.020,0.000,0.011,0.006,0.004,0.000,-0.002,0.000,-0.002,0.000,0.952,50.110
2510203134,2026-09-18 04:30:00,235.340,234.430,234.450,0.020,0.010,0.010,0.007,0.004,0.001,0.001,-0.002,0.000,-0.001,0.000,0.961,50.100
2510224049,2026-09-18 04:30:00,226.490,227.390,226.450,20.910,17.910,12.470,10.610,4.050,3.850,2.700,-2.220,-0.750,-0.870,-0.580,0.978,50.050
2510224167,2026-09-18 04:30:00,226.650,226.680,227.500,10.420,11.890,12.100,7.420,2.250,2.550,2.600,-2.180,-0.620,-0.770,-0.780,0.959,50.060
2510317505,2026-09-18 04:30:00,226.620,226.730,227.420,8.170,9.890,10.020,5.970,1.750,2.140,2.070,-1.890,-0.540,-0.600,-0.740,0.953,50.050
2510317516,2026-09-18 04:30:00,226.860,226.930,227.760,0.000,0.000,0.000,0.000,0.000,0.000,0.000,0.000,0.000,0.000,0.000,1.000,50.060
2510317537,2026-09-18 04:30:00,233.890,233.880,234.810,2.080,2.190,2.100,1.580,0.520,0.550,0.470,-0.240,-0.060,-0.080,-0.080,0.986,50.060
2510389559,2026-09-18 04:30:00,238.230,237.810,238.870,0.000,0.000,0.000,0.000,0.000,0.000,0.000,0.000,0.000,0.000,0.000,1.000,50.050
2510389643,2026-09-18 04:30:00,238.210,237.740,238.810,5.400,13.840,13.510,7.370,1.170,3.110,3.080,-1.250,-0.140,-0.580,-0.520,0.985,50.060
2510389931,2026-09-18 04:30:00,237.360,236.590,238.080,3.100,16.520,6.330,6.100,0.720,3.880,1.490,-0.690,-0.100,-0.390,-0.200,0.993,50.040
2510633381,2026-09-18 04:30:00,234.810,233.910,234.060,0.060,0.060,0.010,0.027,0.012,0.012,0.002,-0.011,-0.005,-0.004,0.000,0.915,50.000
2510633383,2026-09-18 04:30:00,234.820,234.970,235.720,0.110,0.080,0.090,0.018,0.006,0.002,0.009,-0.063,-0.024,-0.019,-0.019,0.287,50.010
2510633385,2026-09-18 04:30:00,237.960,237.530,238.550,0.160,0.310,0.340,0.188,0.036,0.072,0.079,-0.033,-0.005,-0.014,-0.012,0.982,50.010
2510633386,2026-09-18 04:30:00,223.400,223.470,224.330,1.100,1.100,1.090,0.114,0.041,0.036,0.036,-0.700,-0.232,-0.233,-0.234,0.162,50.020
2510633387,2026-09-18 04:30:00,234.460,235.240,234.390,0.010,0.000,0.000,0.002,0.002,0.000,0.000,0.000,0.000,0.000,0.000,1.000,50.010
2510633389,2026-09-18 04:30:00,238.310,237.590,237.200,0.190,0.230,0.200,0.136,0.042,0.050,0.043,-0.056,-0.019,-0.019,-0.018,0.925,50.000
2510633390,2026-09-18 04:30:00,233.870,234.880,233.710,1.830,1.890,1.930,1.191,0.369,0.409,0.412,0.340,0.103,0.095,0.140,0.962,50.000
2510633391,2026-09-18 04:30:00,123.510,123.000,123.090,0.000,0.000,0.000,0.000,0.000,0.000,0.000,0.000,0.000,0.000,0.000,1.000,50.000
2510633395,2026-09-18 04:30:00,234.900,235.590,234.710,0.000,0.000,0.000,0.000,0.000,0.000,0.000,0.000,0.000,0.000,0.000,1.000,49.990
2510633396,2026-09-18 04:30:00,235.780,234.760,235.310,0.200,0.240,0.190,0.128,0.039,0.050,0.038,0.070,0.024,0.023,0.022,0.879,50.000
2510633397,2026-09-18 04:30:00,240.910,239.900,240.120,0.030,0.050,0.030,0.025,0.007,0.010,0.006,-0.005,-0.003,-0.001,-0.001,0.965,50.000
2510633399,2026-09-18 04:30:00,226.320,226.380,227.300,0.220,0.290,0.280,0.179,0.050,0.064,0.063,-0.001,0.000,-0.001,0.000,1.000,50.000
2510633400,2026-09-18 04:30:00,225.970,226.800,225.730,0.280,0.280,0.290,0.205,0.071,0.079,0.066,0.048,0.014,0.017,0.016,0.969,50.000
2510633402,2026-09-18 04:30:00,230.460,230.290,231.930,0.460,0.550,0.590,0.372,0.115,0.123,0.133,0.026,0.010,0.006,0.010,0.998,50.050
2510633406,2026-09-18 04:30:00,226.250,226.340,227.270,0.170,0.200,0.200,0.124,0.037,0.043,0.043,-0.037,-0.010,-0.013,-0.013,0.959,50.010
2510633411,2026-09-18 04:30:00,224.290,223.160,223.170,1.940,1.870,1.920,1.167,0.402,0.380,0.386,0.511,0.165,0.166,0.179,0.914,50.000
2510814977,2026-09-18 04:30:00,230.350,231.890,230.490,0.010,0.010,0.010,0.004,0.002,0.000,0.001,-0.002,0.000,-0.001,-0.001,0.975,50.030
2610026950,2026-09-18 04:30:00,227.350,226.200,226.350,0.010,0.010,0.010,0.005,0.002,0.001,0.002,-0.001,0.000,0.000,0.000,0.988,50.010
2610026952,2026-09-18 04:30:00,233.430,232.330,232.600,1.960,1.920,1.920,1.155,0.390,0.380,0.384,0.682,0.232,0.228,0.220,0.860,50.020
2610026953,2026-09-18 04:30:00,236.840,236.310,237.400,0.480,0.550,0.510,0.396,0.124,0.135,0.136,0.149,0.054,0.049,0.045,0.921,50.010
2610026963,2026-09-18 04:30:00,235.390,235.350,236.200,0.200,0.110,0.100,0.081,0.042,0.022,0.016,-0.052,-0.020,-0.014,-0.016,0.844,50.000
2610026966,2026-09-18 04:30:00,231.050,231.630,231.070,0.040,0.050,0.040,0.026,0.008,0.009,0.008,0.013,0.003,0.004,0.004,0.897,49.990
2610026977,2026-09-18 04:30:00,241.690,242.820,242.200,0.420,0.400,0.570,0.319,0.089,0.094,0.135,0.004,0.044,-0.019,-0.021,0.999,50.000
2610126270,2026-09-18 04:30:00,226.700,227.430,226.590,0.020,0.010,0.010,0.007,0.003,0.002,0.001,-0.004,-0.001,-0.001,-0.001,0.846,50.040
2610126451,2026-09-18 04:30:00,235.280,235.920,235.030,0.000,0.000,0.040,0.012,0.001,0.000,0.010,0.000,0.000,0.000,0.001,0.984,50.000
2610159557,2026-09-18 04:30:00,234.800,233.860,233.940,0.020,0.010,0.020,0.007,0.003,0.001,0.003,-0.006,-0.003,-0.001,-0.001,0.763,50.010
2610170785,2026-09-18 04:30:00,234.560,233.690,233.890,0.000,0.000,0.000,0.000,0.000,0.000,0.000,0.000,0.000,0.000,0.000,0.945,50.030
2610170786,2026-09-18 04:30:00,233.930,233.930,234.610,0.930,0.940,0.990,0.448,0.136,0.145,0.166,0.067,0.022,0.020,0.023,0.981,50.060
2610170836,2026-09-18 04:30:00,234.500,234.750,235.550,0.000,0.010,0.000,0.001,0.000,0.001,0.000,0.000,0.000,0.000,0.000,1.000,50.030
2610170837,2026-09-18 04:30:00,231.870,230.290,230.270,0.000,0.000,0.000,0.002,0.000,0.000,0.001,0.000,0.000,0.000,0.000,1.000,50.040
2610170838,2026-09-18 04:30:00,234.860,233.850,234.090,0.000,0.010,0.030,0.007,0.000,0.001,0.005,0.001,0.000,0.000,0.001,0.945,50.060
2610170839,2026-09-18 04:30:00,233.810,233.980,234.710,0.000,0.020,0.010,0.006,0.000,0.003,0.002,0.000,0.000,0.000,0.000,1.000,50.050
2610322967,2026-09-18 04:30:00,235.070,234.110,234.010,0.000,0.000,0.000,0.001,0.000,0.000,0.001,0.000,0.000,0.000,0.000,1.000,50.020
2610322969,2026-09-18 04:30:00,227.240,226.130,226.410,0.020,0.050,0.010,0.018,0.005,0.011,0.002,-0.002,-0.001,0.000,0.000,0.998,50.020
2610322982,2026-09-18 04:30:00,233.890,233.930,234.720,0.010,0.020,0.030,0.010,0.002,0.002,0.004,-0.007,-0.001,-0.002,-0.003,0.781,50.010
2610322995,2026-09-18 04:30:00,233.830,233.960,234.740,0.000,0.030,0.030,0.011,0.000,0.005,0.006,-0.009,0.000,-0.004,-0.004,0.763,50.030
2610322997,2026-09-18 04:30:00,229.810,231.250,229.870,0.520,0.540,0.500,0.324,0.111,0.115,0.108,0.129,0.031,0.054,0.042,0.931,50.030
2610323001,2026-09-18 04:30:00,229.700,228.390,228.140,1.790,1.440,1.670,0.970,0.363,0.272,0.334,0.536,0.180,0.182,0.173,0.874,50.040
2610323004,2026-09-18 04:30:00,63.940,63.370,63.800,0.930,0.920,0.840,0.169,0.059,0.057,0.053,0.025,0.005,0.011,0.007,0.992,50.020
2610323005,2026-09-18 04:30:00,226.680,227.500,226.480,0.000,0.010,0.010,0.003,0.000,0.001,0.001,-0.001,0.000,0.000,-0.001,1.000,50.040
2610323010,2026-09-18 04:30:00,238.130,237.380,237.010,0.050,0.000,0.000,0.008,0.008,0.000,0.000,-0.006,-0.006,0.000,0.000,0.800,50.030
2610323016,2026-09-18 04:30:00,229.890,228.630,228.590,1.730,1.620,1.610,0.990,0.349,0.316,0.319,0.437,0.144,0.149,0.143,0.914,50.060
2610323017,2026-09-18 04:30:00,234.030,234.960,233.960,0.040,0.020,0.020,0.015,0.008,0.003,0.003,-0.011,-0.005,-0.003,-0.002,0.827,50.050
2610323019,2026-09-18 04:30:00,226.590,227.600,226.600,0.020,0.060,0.030,0.024,0.004,0.013,0.006,-0.007,-0.001,-0.003,-0.001,0.967,50.050
2610323027,2026-09-18 04:30:00,235.090,234.060,234.270,0.030,0.030,0.020,0.014,0.004,0.006,0.003,-0.011,-0.003,-0.004,-0.003,0.783,50.050
2410121326,2026-09-18 04:31:00,235.330,234.470,234.690,0.230,0.170,0.200,0.134,0.051,0.038,0.044,0.039,0.013,0.011,0.014,0.960,50.070
2410121457,2026-09-18 04:31:00,233.790,232.750,233.140,1.620,1.660,1.560,1.042,0.347,0.354,0.340,0.358,0.123,0.127,0.107,0.945,50.080
2510633393,2026-09-18 04:31:00,236.520,237.550,236.810,1.250,1.280,1.240,0.875,0.290,0.301,0.288,0.123,0.042,0.033,0.047,0.989,50.080
2610026976,2026-09-18 04:31:00,234.670,234.650,235.690,0.160,0.670,0.030,0.182,0.036,0.139,0.006,-0.017,-0.009,-0.003,-0.004,0.995,50.070
2610170840,2026-09-18 04:32:00,237.420,236.730,238.050,0.080,0.420,0.160,0.153,0.018,0.097,0.037,-0.018,-0.002,-0.010,-0.005,0.990,50.070
2246006313,2026-09-18 05:00:00,56.900,56.900,56.700,0.661,0.680,0.655,0.114,0.037,0.039,0.038,0.012,0.004,0.004,0.003,0.994,50.030
2410121326,2026-09-18 05:00:00,236.860,236.040,236.160,0.230,0.170,0.190,0.132,0.051,0.039,0.042,0.039,0.014,0.011,0.015,0.960,50.090
2410121353,2026-09-18 05:00:00,237.040,236.180,236.350,0.000,0.010,0.040,0.012,0.000,0.002,0.009,-0.002,0.000,0.000,0.000,0.950,50.070
2410121371,2026-09-18 05:00:00,236.480,235.500,235.690,0.090,0.110,0.110,0.072,0.021,0.025,0.026,0.002,0.000,0.001,0.000,0.996,50.080
2410121424,2026-09-18 05:00:00,236.680,235.830,236.050,0.010,0.010,0.010,0.004,0.000,0.001,0.002,-0.003,-0.001,-0.001,0.000,0.806,50.020
2410121440,2026-09-18 05:00:00,236.460,235.610,235.730,0.010,0.000,0.010,0.004,0.002,0.000,0.001,-0.002,-0.002,0.000,0.000,0.934,50.120
2410121454,2026-09-18 05:00:00,236.050,236.760,235.830,0.080,0.180,0.160,0.094,0.017,0.040,0.036,0.022,0.007,0.007,0.006,0.968,50.030
2410121457,2026-09-18 05:00:00,235.290,234.260,234.630,1.650,1.720,1.560,1.072,0.359,0.369,0.342,0.370,0.126,0.135,0.108,0.945,50.120
2410121574,2026-09-18 05:00:00,237.260,236.150,236.280,0.120,0.110,0.080,0.058,0.024,0.020,0.012,-0.045,-0.013,-0.017,-0.014,0.791,50.060
2410131378,2026-09-18 05:00:00,236.520,237.190,236.490,0.010,0.010,0.030,0.010,0.001,0.001,0.006,-0.004,-0.002,-0.001,0.000,0.925,50.070
2410131383,2026-09-18 05:00:00,238.420,237.880,237.500,0.030,0.030,0.060,0.028,0.007,0.006,0.013,-0.004,0.000,-0.001,-0.002,0.994,50.090
2410131384,2026-09-18 05:00:00,233.860,234.430,233.880,1.110,1.190,1.000,0.609,0.195,0.231,0.182,0.114,0.034,0.054,0.030,0.987,50.030
2410131387,2026-09-18 05:00:00,235.770,236.300,236.220,0.070,0.080,0.040,0.045,0.016,0.018,0.010,0.001,-0.003,0.004,0.000,1.000,50.050
2410320615,2026-09-18 05:00:00,236.770,237.480,237.620,1.280,1.280,1.380,0.856,0.266,0.287,0.302,0.165,0.042,0.074,0.069,0.981,50.030
2410883988,2026-09-18 05:00:00,227.300,227.770,227.150,0.020,0.000,0.040,0.014,0.004,0.000,0.009,-0.001,0.000,0.000,-0.001,1.000,50.090
2410883990,2026-09-18 05:00:00,227.270,226.550,226.670,0.020,0.000,0.010,0.004,0.003,0.000,0.001,0.001,0.001,0.000,0.000,0.950,50.100
2410883991,2026-09-18 05:00:00,233.910,234.090,234.880,0.130,0.070,0.080,0.062,0.029,0.015,0.017,-0.003,0.000,0.000,-0.001,1.000,50.020
2410883993,2026-09-18 05:00:00,234.920,233.920,234.120,0.510,0.580,0.560,0.377,0.115,0.134,0.127,-0.036,-0.023,-0.005,-0.007,0.994,50.100
2410883994,2026-09-18 05:00:00,234.890,234.010,234.270,0.020,0.020,0.020,0.011,0.004,0.003,0.004,-0.004,-0.002,-0.001,0.000,0.960,50.040
2410932742,2026-09-18 05:00:00,229.890,228.270,228.150,2.830,2.760,2.830,1.777,0.604,0.577,0.594,0.445,0.144,0.151,0.149,0.970,50.040
2411087432,2026-09-18 05:00:00,235.960,236.750,235.850,0.450,0.490,0.480,0.332,0.104,0.115,0.112,-0.001,0.003,-0.004,0.000,0.999,50.110
2411087433,2026-09-18 05:00:00,234.410,234.550,235.250,0.490,0.460,0.470,0.355,0.124,0.116,0.114,-0.012,-0.003,-0.004,-0.004,0.997,50.110
2411290205,2026-09-18 05:00:00,237.470,236.920,237.810,0.130,0.110,0.120,0.085,0.030,0.026,0.027,0.007,0.003,0.002,0.002,0.995,50.030
2510014482,2026-09-18 05:00:00,236.080,236.740,235.860,0.010,0.100,0.000,0.026,0.002,0.023,0.000,-0.006,-0.002,-0.003,0.000,0.964,50.110
2510014483,2026-09-18 05:00:00,234.230,234.310,235.010,0.040,0.030,0.050,0.018,0.005,0.005,0.007,-0.021,-0.006,-0.006,-0.008,0.647,50.100
2510014484,2026-09-18 05:00:00,236.620,236.030,237.140,1.110,1.380,1.090,0.770,0.236,0.305,0.224,0.349,0.124,0.107,0.117,0.908,50.100
2510178139,2026-09-18 05:00:00,235.990,236.720,235.610,0.470,0.500,0.500,0.326,0.106,0.108,0.111,0.125,0.041,0.039,0.043,0.935,50.120
2510178141,2026-09-18 05:00:00,236.010,236.100,236.810,0.020,0.010,0.010,0.004,0.002,0.000,0.001,-0.009,-0.004,-0.001,-0.002,0.469,50.100
2510203103,2026-09-18 05:00:00,225.970,224.360,224.290,0.120,0.150,0.100,0.071,0.023,0.030,0.017,-0.012,-0.003,-0.003,-0.005,0.993,50.030
2510203104,2026-09-18 05:00:00,228.480,228.480,229.090,0.430,0.380,0.490,0.291,0.100,0.087,0.103,0.055,0.008,0.020,0.027,0.978,50.060
2510203105,2026-09-18 05:00:00,232.360,230.710,230.750,0.030,0.110,0.020,0.035,0.005,0.024,0.005,0.008,0.000,0.006,0.001,0.961,50.110
2510203106,2026-09-18 05:00:00,237.720,237.140,238.150,0.020,0.010,0.000,0.008,0.004,0.003,0.000,-0.003,-0.003,0.000,0.000,0.931,50.040
2510203108,2026-09-18 05:00:00,236.210,236.860,235.970,0.360,0.540,0.780,0.364,0.081,0.121,0.161,0.016,0.003,0.006,0.004,0.998,50.030
2510203109,2026-09-18 05:00:00,234.500,235.140,234.280,0.020,0.060,0.070,0.035,0.004,0.014,0.016,0.004,0.002,0.000,0.001,0.996,50.120
2510203111,2026-09-18 05:00:00,235.960,236.100,236.930,0.020,0.020,0.000,0.007,0.003,0.004,0.000,-0.002,-0.002,0.000,0.000,0.968,50.030
2510203112,2026-09-18 05:00:00,226.330,225.680,226.600,0.210,0.230,0.210,0.127,0.040,0.045,0.041,0.073,0.023,0.024,0.024,0.868,50.100
2510203113,2026-09-18 05:00:00,238.380,237.880,237.470,0.440,0.490,0.550,0.347,0.104,0.114,0.128,0.014,0.001,0.001,0.011,0.997,50.100
2510203114,2026-09-18 05:00:00,228.360,228.530,229.020,0.370,0.210,0.260,0.155,0.061,0.043,0.050,0.023,0.006,0.004,0.013,0.991,50.120
2510203117,2026-09-18 05:00:00,227.310,226.610,226.640,0.260,0.300,0.250,0.176,0.057,0.064,0.054,-0.044,-0.014,-0.018,-0.011,0.970,50.030
2510203118,2026-09-18 05:00:00,123.590,123.550,123.970,0.170,0.150,0.150,0.057,0.021,0.018,0.017,-0.017,-0.006,-0.003,-0.007,0.946,50.110
2510203119,2026-09-18 05:00:00,227.290,226.500,226.550,0.000,0.000,0.000,0.000,0.000,0.000,0.000,0.000,0.000,0.000,0.000,1.000,50.030
2510203120,2026-09-18 05:00:00,234.380,233.530,233.720,0.810,0.620,0.660,0.479,0.187,0.140,0.151,0.166,0.062,0.052,0.052,0.950,50.030
2510203121,2026-09-18 05:00:00,226.750,226.850,227.400,0.070,0.060,0.170,0.064,0.015,0.012,0.036,-0.020,-0.004,-0.005,-0.010,0.957,50.110
2510203122,2026-09-18 05:00:00,236.060,236.890,235.970,0.040,0.020,0.020,0.014,0.006,0.003,0.004,0.002,0.005,-0.002,0.000,1.000,50.100
2510203123,2026-09-18 05:00:00,235.990,236.200,237.010,0.010,0.010,0.000,0.005,0.002,0.003,0.000,-0.003,-0.001,-0.001,0.000,0.843,50.060
2510203124,2026-09-18 05:00:00,236.560,236.930,236.090,0.100,0.100,0.120,0.068,0.021,0.020,0.026,0.034,0.011,0.011,0.011,0.887,50.110
2510203126,2026-09-18 05:00:00,227.010,227.000,227.680,0.040,0.020,0.000,0.014,0.009,0.004,0.000,-0.002,-0.001,0.000,0.000,1.000,50.090
2510203127,2026-09-18 05:00:00,236.130,236.880,236.090,0.430,0.630,0.410,0.282,0.080,0.124,0.077,0.202,0.063,0.080,0.058,0.811,50.100
2510203128,2026-09-18 05:00:00,233.700,234.070,232.770,1.680,1.730,1.820,1.186,0.381,0.393,0.410,0.131,0.027,0.042,0.060,0.993,50.030
2510203129,2026-09-18 05:00:00,237.680,237.060,238.100,0.010,0.030,0.000,0.010,0.002,0.007,0.000,-0.004,-0.002,-0.001,0.000,0.911,50.100
2510203130,2026-09-18 05:00:00,242.930,242.670,244.480,0.000,0.000,0.010,0.003,0.000,0.001,0.002,-0.001,0.000,0.000,0.000,0.843,50.110
2510203133,2026-09-18 05:00:00,235.730,236.530,235.680,0.020,0.020,0.000,0.009,0.005,0.004,0.000,-0.002,0.000,-0.002,0.000,0.994,50.010
2510203134,2026-09-18 05:00:00,235.090,234.150,234.160,0.020,0.010,0.010,0.007,0.004,0.001,0.001,-0.001,0.000,-0.001,0.000,0.957,50.040
2510224049,2026-09-18 05:00:00,226.380,227.130,226.450,20.950,17.950,12.470,10.610,4.050,3.850,2.700,-2.230,-0.760,-0.880,-0.580,0.978,50.100
2510224167,2026-09-18 05:00:00,226.360,226.310,227.050,10.440,11.900,12.130,7.420,2.250,2.550,2.600,-2.170,-0.620,-0.760,-0.780,0.959,50.100
2510317505,2026-09-18 05:00:00,226.420,226.420,227.020,5.630,4.770,8.180,3.890,1.200,1.010,1.660,-1.340,-0.370,-0.340,-0.620,0.945,50.100
2510317516,2026-09-18 05:00:00,226.640,226.640,227.300,0.000,0.000,0.000,0.000,0.000,0.000,0.000,0.000,0.000,0.000,0.000,1.000,50.100
2510317537,2026-09-18 05:00:00,234.010,234.040,234.910,2.120,2.350,2.170,1.510,0.490,0.530,0.460,-0.230,-0.060,-0.080,-0.080,0.987,50.100
2510389559,2026-09-18 05:00:00,238.370,237.820,238.860,0.000,0.000,0.000,0.000,0.000,0.000,0.000,0.000,0.000,0.000,0.000,1.000,50.100
2510389643,2026-09-18 05:00:00,238.080,237.430,238.440,5.750,13.870,13.550,7.460,1.260,3.110,3.090,-1.270,-0.160,-0.580,-0.520,0.985,50.100
2510389931,2026-09-18 05:00:00,237.390,236.440,237.860,3.110,16.590,6.360,6.120,0.720,3.890,1.490,-0.690,-0.100,-0.390,-0.200,0.993,50.100
2510633381,2026-09-18 05:00:00,235.130,234.280,234.410,0.050,0.040,0.010,0.018,0.009,0.007,0.002,-0.012,-0.005,-0.004,-0.001,0.856,50.110
2510633383,2026-09-18 05:00:00,236.290,236.340,237.100,0.110,0.080,0.090,0.017,0.005,0.002,0.009,-0.063,-0.024,-0.019,-0.019,0.273,50.110
2510633386,2026-09-18 05:00:00,223.820,223.810,224.660,1.100,1.110,1.100,0.124,0.043,0.039,0.040,-0.701,-0.232,-0.233,-0.234,0.174,50.150
2510633387,2026-09-18 05:00:00,236.140,236.890,236.070,0.010,0.000,0.000,0.002,0.002,0.000,0.000,0.000,0.000,0.000,0.000,0.829,50.130
2510633389,2026-09-18 05:00:00,238.420,238.030,237.410,0.200,0.200,0.170,0.102,0.032,0.038,0.031,-0.060,-0.021,-0.020,-0.018,0.882,50.120
2510633390,2026-09-18 05:00:00,234.340,235.310,234.230,1.570,1.680,1.710,0.957,0.302,0.332,0.323,0.354,0.108,0.113,0.131,0.964,50.110
2510633391,2026-09-18 05:00:00,124.450,124.000,124.060,0.000,0.000,0.000,0.000,0.000,0.000,0.000,0.000,0.000,0.000,0.000,1.000,50.100
2510633393,2026-09-18 05:00:00,235.990,236.900,236.440,1.270,1.310,1.260,0.877,0.289,0.298,0.289,0.186,0.063,0.053,0.069,0.977,50.110
2510633396,2026-09-18 05:00:00,237.000,236.170,236.600,0.200,0.240,0.200,0.134,0.040,0.051,0.041,0.072,0.024,0.024,0.023,0.878,50.110
2510633397,2026-09-18 05:00:00,241.490,240.480,240.690,0.030,0.050,0.030,0.025,0.007,0.010,0.006,-0.005,-0.002,-0.001,-0.001,0.976,50.110
2510633399,2026-09-18 05:00:00,226.600,226.620,227.330,0.180,0.260,0.230,0.153,0.040,0.059,0.052,-0.001,0.000,0.000,-0.001,1.000,50.100
2510633400,2026-09-18 05:00:00,226.180,226.870,226.040,0.440,0.460,0.460,0.289,0.094,0.098,0.095,0.063,0.019,0.022,0.022,0.976,50.100
2510633402,2026-09-18 05:00:00,230.330,229.990,231.730,0.470,0.500,0.540,0.325,0.100,0.108,0.116,0.077,0.024,0.024,0.027,0.970,50.140
2510633406,2026-09-18 05:00:00,226.530,226.550,227.310,0.170,0.200,0.200,0.124,0.037,0.043,0.043,-0.037,-0.010,-0.013,-0.013,0.959,50.110
2510633411,2026-09-18 05:00:00,225.080,224.250,224.240,1.500,1.400,1.420,0.860,0.301,0.275,0.284,0.400,0.131,0.130,0.137,0.905,50.100
2610026950,2026-09-18 05:00:00,227.450,226.510,226.680,0.010,0.010,0.010,0.005,0.002,0.001,0.002,-0.001,0.000,0.000,0.000,1.000,50.110
2610026952,2026-09-18 05:00:00,235.460,234.400,234.580,1.330,1.340,1.290,0.797,0.269,0.268,0.258,0.460,0.152,0.156,0.151,0.864,50.110
2610026953,2026-09-18 05:00:00,237.420,236.710,237.690,0.500,0.530,0.490,0.320,0.098,0.111,0.110,0.148,0.053,0.047,0.047,0.915,50.110
2610026963,2026-09-18 05:00:00,236.720,236.580,237.480,0.200,0.120,0.100,0.079,0.040,0.022,0.016,-0.054,-0.022,-0.014,-0.016,0.823,50.110
2610026976,2026-09-18 05:00:00,236.270,236.260,237.200,0.220,0.480,0.120,0.190,0.051,0.112,0.026,0.020,0.003,0.006,0.010,0.994,50.110
2610026977,2026-09-18 05:00:00,241.950,243.020,242.320,0.370,0.000,0.250,0.134,0.075,0.000,0.059,0.038,0.046,0.000,-0.007,0.962,50.090
2610126270,2026-09-18 05:00:00,226.580,227.140,226.540,0.010,0.010,0.010,0.007,0.002,0.002,0.001,-0.004,-0.001,-0.001,-0.001,0.925,50.100
2610126451,2026-09-18 05:00:00,236.630,237.290,236.500,0.000,0.000,0.050,0.011,0.000,0.000,0.010,0.002,0.000,0.000,0.002,1.000,50.110
2610159557,2026-09-18 05:00:00,235.100,234.290,234.400,0.020,0.010,0.010,0.007,0.003,0.000,0.003,-0.006,-0.003,-0.001,-0.001,0.742,50.110
2610170785,2026-09-18 05:00:00,234.930,234.100,234.280,0.000,0.000,0.000,0.000,0.000,0.000,0.000,0.000,0.000,0.000,0.000,0.951,50.110
2610170786,2026-09-18 05:00:00,234.090,234.110,234.720,0.840,0.840,0.960,0.635,0.196,0.209,0.229,0.120,0.034,0.039,0.044,0.979,50.100
2610170836,2026-09-18 05:00:00,236.110,236.340,237.130,0.000,0.010,0.000,0.001,0.000,0.001,0.000,0.000,0.000,0.000,0.000,0.705,50.100
2610170837,2026-09-18 05:00:00,231.550,230.000,229.890,0.000,0.000,0.000,0.002,0.000,0.000,0.001,0.000,0.000,0.000,0.000,1.000,50.100
2610170838,2026-09-18 05:00:00,235.010,234.050,234.260,0.000,0.010,0.040,0.011,0.000,0.001,0.009,0.001,0.000,0.000,0.001,0.962,50.110
2610170839,2026-09-18 05:00:00,234.010,234.160,234.890,0.000,0.040,0.010,0.010,0.000,0.008,0.002,0.000,0.000,0.000,0.000,0.971,50.090
2610170840,2026-09-18 05:00:00,237.510,236.550,237.910,0.080,0.420,0.160,0.154,0.018,0.097,0.037,-0.018,-0.002,-0.010,-0.005,0.994,50.100
2610322967,2026-09-18 05:00:00,235.450,234.510,234.420,0.000,0.000,0.000,0.001,0.000,0.000,0.001,0.000,0.000,0.000,0.000,1.000,50.110
2610322969,2026-09-18 05:00:00,227.380,226.500,226.650,0.020,0.010,0.020,0.010,0.004,0.002,0.003,-0.001,-0.001,0.000,0.000,1.000,50.110
2610322982,2026-09-18 05:00:00,234.400,234.470,235.210,0.010,0.020,0.030,0.010,0.002,0.002,0.005,-0.007,-0.001,-0.002,-0.003,0.790,50.120
2610322995,2026-09-18 05:00:00,234.250,234.400,235.140,0.000,0.030,0.030,0.011,0.000,0.005,0.006,-0.009,0.000,-0.004,-0.004,0.765,50.100
2610322997,2026-09-18 05:00:00,229.640,231.180,229.770,0.400,0.420,0.470,0.305,0.102,0.102,0.100,0.100,0.025,0.043,0.035,0.952,50.100
2610323001,2026-09-18 05:00:00,229.390,228.040,227.860,1.760,1.570,1.640,0.984,0.354,0.304,0.326,0.536,0.180,0.183,0.172,0.879,50.100
2610323004,2026-09-18 05:00:00,63.930,63.350,63.780,0.990,0.980,0.900,0.180,0.063,0.060,0.056,0.028,0.006,0.013,0.008,0.987,50.100
2610323005,2026-09-18 05:00:00,226.650,227.330,226.550,0.000,0.010,0.010,0.003,0.000,0.001,0.001,-0.001,0.000,0.000,-0.001,1.000,50.100
2610323010,2026-09-18 05:00:00,238.090,237.630,237.100,0.050,0.000,0.000,0.008,0.008,0.000,0.000,-0.006,-0.006,0.000,0.000,0.782,50.100
2610323016,2026-09-18 05:00:00,228.790,227.670,227.440,2.550,2.420,2.400,1.549,0.544,0.504,0.500,0.579,0.190,0.196,0.193,0.936,50.100
2610323017,2026-09-18 05:00:00,234.180,235.040,234.070,0.040,0.020,0.020,0.015,0.008,0.003,0.003,-0.011,-0.005,-0.003,-0.002,0.826,50.100
2610323019,2026-09-18 05:00:00,226.540,227.340,226.630,0.020,0.060,0.030,0.024,0.004,0.012,0.006,-0.007,-0.001,-0.004,-0.001,0.959,50.090
2610323027,2026-09-18 05:00:00,235.160,234.160,234.400,0.020,0.030,0.020,0.014,0.004,0.006,0.003,-0.011,-0.003,-0.004,-0.003,0.785,50.100
2510814977,2026-09-18 05:01:00,230.380,231.890,230.490,0.010,0.010,0.010,0.004,0.002,0.000,0.001,-0.002,0.000,-0.001,-0.001,0.954,50.020
2610026966,2026-09-18 05:01:00,231.240,231.740,231.160,0.040,0.040,0.050,0.024,0.007,0.007,0.009,0.014,0.004,0.003,0.006,0.870,50.040
2510014481,2026-09-18 05:02:00,230.030,229.770,231.300,1.110,1.120,1.140,0.798,0.287,0.280,0.291,0.066,0.019,0.029,0.017,0.997,50.000
2510633385,2026-09-18 05:02:00,238.540,238.050,239.030,0.170,0.310,0.340,0.193,0.040,0.072,0.079,-0.034,-0.006,-0.014,-0.012,0.985,49.990
2510633395,2026-09-18 05:02:00,236.610,237.300,236.450,0.000,0.000,0.000,0.000,0.000,0.000,0.000,0.000,0.000,0.000,0.000,1.000,50.100
2246006313,2026-09-18 05:30:00,56.500,56.500,56.300,0.927,0.933,0.905,0.153,0.051,0.051,0.050,0.025,0.008,0.008,0.007,0.986,50.080
2410121326,2026-09-18 05:30:00,237.060,236.080,236.270,0.220,0.170,0.210,0.136,0.050,0.039,0.047,0.043,0.014,0.011,0.017,0.953,50.100
2410121353,2026-09-18 05:30:00,237.000,235.830,235.970,0.000,0.010,0.040,0.011,0.000,0.002,0.009,-0.002,0.000,0.000,0.000,0.995,50.070
2410121424,2026-09-18 05:30:00,237.160,236.070,236.230,0.010,0.010,0.010,0.004,0.000,0.001,0.002,-0.003,-0.001,-0.001,0.000,0.792,50.050
2410121440,2026-09-18 05:30:00,236.950,235.930,235.990,0.010,0.000,0.010,0.004,0.002,0.000,0.001,-0.002,-0.001,0.000,0.000,0.908,50.100
2410121454,2026-09-18 05:30:00,236.070,237.210,236.000,0.090,0.180,0.170,0.096,0.018,0.040,0.037,0.023,0.007,0.007,0.007,0.951,50.060
2410121457,2026-09-18 05:30:00,235.320,234.200,234.600,1.680,1.660,1.520,1.055,0.367,0.357,0.331,0.353,0.124,0.130,0.098,0.947,50.110
2410121574,2026-09-18 05:30:00,237.380,236.030,235.930,0.090,0.090,0.070,0.029,0.014,0.009,0.005,-0.048,-0.014,-0.019,-0.015,0.520,50.070
2410131378,2026-09-18 05:30:00,236.210,237.260,236.250,0.010,0.010,0.040,0.013,0.001,0.001,0.009,-0.004,-0.002,-0.001,0.000,0.959,50.080
2410131383,2026-09-18 05:30:00,237.600,237.140,236.830,0.020,0.020,0.040,0.018,0.004,0.004,0.009,-0.003,0.000,-0.001,-0.002,0.995,50.100
2410131384,2026-09-18 05:30:00,233.830,234.550,233.940,0.940,1.030,0.830,0.606,0.185,0.232,0.181,0.106,0.028,0.040,0.037,0.983,50.100
2410131387,2026-09-18 05:30:00,234.790,235.130,235.270,0.060,0.060,0.030,0.034,0.014,0.013,0.006,0.003,-0.002,0.005,0.000,0.994,50.070
2410320615,2026-09-18 05:30:00,236.000,236.490,236.750,1.150,1.290,1.380,1.106,0.358,0.352,0.395,0.176,0.038,0.074,0.064,0.985,50.090
2410883988,2026-09-18 05:30:00,225.600,226.250,225.450,0.020,0.000,0.040,0.014,0.004,0.000,0.009,-0.001,0.000,0.000,-0.001,1.000,50.090
2410883990,2026-09-18 05:30:00,225.630,224.750,224.960,0.020,0.000,0.000,0.004,0.003,0.000,0.001,0.001,0.001,0.000,0.000,1.000,50.100
2410883991,2026-09-18 05:30:00,233.960,234.070,234.910,0.100,0.060,0.040,0.047,0.022,0.015,0.009,-0.003,0.000,0.000,-0.002,1.000,50.090
2410883993,2026-09-18 05:30:00,234.630,233.620,233.780,0.640,0.720,0.760,0.485,0.147,0.163,0.174,0.083,0.016,0.033,0.033,0.984,50.150
2410932742,2026-09-18 05:30:00,229.830,228.010,228.080,2.780,2.690,2.810,1.747,0.593,0.563,0.590,0.428,0.142,0.143,0.143,0.971,50.090
2411087432,2026-09-18 05:30:00,235.890,236.850,235.810,0.450,0.440,0.480,0.322,0.104,0.104,0.113,0.002,0.002,0.000,0.000,1.000,50.090
2411087433,2026-09-18 05:30:00,234.510,234.600,235.350,0.470,0.420,0.450,0.317,0.111,0.099,0.105,-0.021,-0.005,-0.007,-0.009,0.998,50.150
2411290205,2026-09-18 05:30:00,236.600,236.000,236.810,0.150,0.140,0.120,0.095,0.035,0.032,0.028,0.010,0.002,0.007,0.001,0.990,50.090
2510014481,2026-09-18 05:30:00,229.520,229.340,231.040,1.200,1.220,1.240,0.807,0.265,0.267,0.274,0.132,0.043,0.051,0.037,0.985,50.150
2510014483,2026-09-18 05:30:00,234.280,234.360,235.090,0.040,0.040,0.050,0.022,0.006,0.006,0.008,-0.022,-0.006,-0.006,-0.009,0.711,50.110
2510014484,2026-09-18 05:30:00,235.550,235.100,236.010,1.250,1.440,1.150,0.843,0.263,0.318,0.260,0.346,0.124,0.105,0.116,0.924,50.070
2510178139,2026-09-18 05:30:00,236.110,237.070,235.880,0.510,0.490,0.490,0.298,0.097,0.100,0.101,0.116,0.039,0.037,0.039,0.941,50.170
2510203103,2026-09-18 05:30:00,226.060,224.350,224.350,0.090,0.080,0.100,0.051,0.017,0.017,0.015,-0.012,-0.003,-0.003,-0.005,0.982,50.090
2510203104,2026-09-18 05:30:00,228.200,228.130,228.850,0.600,0.540,0.520,0.385,0.134,0.130,0.119,0.056,0.008,0.021,0.026,0.989,50.090
2510203105,2026-09-18 05:30:00,232.160,230.350,230.500,0.020,0.110,0.020,0.034,0.005,0.024,0.004,0.008,0.000,0.006,0.001,0.982,50.170
2510203108,2026-09-18 05:30:00,236.250,236.980,235.980,0.340,0.750,0.810,0.429,0.079,0.173,0.176,0.018,0.003,0.009,0.005,0.999,50.080
2510203109,2026-09-18 05:30:00,234.480,235.150,234.290,0.020,0.060,0.070,0.033,0.003,0.014,0.015,0.004,0.002,0.000,0.001,1.000,50.170
2510203111,2026-09-18 05:30:00,236.210,236.370,237.330,0.020,0.020,0.000,0.008,0.004,0.003,0.000,-0.002,-0.002,0.000,0.000,0.945,50.100
2510203112,2026-09-18 05:30:00,225.530,224.910,225.670,0.150,0.170,0.150,0.101,0.031,0.037,0.032,0.026,0.007,0.009,0.008,0.970,50.080
2510203113,2026-09-18 05:30:00,237.010,236.630,236.270,0.370,0.460,0.540,0.332,0.089,0.106,0.127,0.032,0.004,0.008,0.018,0.995,50.090
2510203114,2026-09-18 05:30:00,228.310,228.440,229.050,0.310,0.300,0.290,0.195,0.067,0.065,0.060,0.036,0.010,0.008,0.017,0.981,50.160
2510203117,2026-09-18 05:30:00,225.720,224.820,224.860,0.050,0.130,0.040,0.047,0.009,0.028,0.009,-0.016,-0.004,-0.010,-0.002,0.944,50.080
2510203118,2026-09-18 05:30:00,123.570,123.510,124.000,0.150,0.130,0.130,0.043,0.016,0.014,0.012,-0.025,-0.009,-0.006,-0.009,0.864,50.160
2510203119,2026-09-18 05:30:00,225.900,224.960,225.030,0.000,0.000,0.000,0.000,0.000,0.000,0.000,0.000,0.000,0.000,0.000,1.000,50.080
2510203120,2026-09-18 05:30:00,234.320,233.530,233.620,0.850,0.650,0.710,0.477,0.186,0.138,0.153,0.187,0.069,0.059,0.058,0.930,50.080
2510203121,2026-09-18 05:30:00,224.820,225.060,225.700,0.700,0.710,0.830,0.412,0.123,0.127,0.161,0.060,0.026,0.014,0.019,0.989,50.160
2510203122,2026-09-18 05:30:00,236.010,237.020,235.980,0.130,0.020,0.020,0.035,0.027,0.003,0.004,0.011,0.014,-0.002,0.000,0.961,50.090
2510203123,2026-09-18 05:30:00,236.190,236.270,237.270,0.010,0.010,0.000,0.005,0.002,0.003,0.000,-0.003,-0.001,-0.001,0.000,0.811,50.090
2510203124,2026-09-18 05:30:00,236.670,237.240,236.260,0.100,0.100,0.120,0.066,0.020,0.020,0.026,0.034,0.010,0.011,0.011,0.894,50.160
2510203126,2026-09-18 05:30:00,225.170,225.260,225.970,0.020,0.000,0.000,0.004,0.003,0.000,0.000,0.000,0.000,0.000,0.000,0.916,50.100
2510203127,2026-09-18 05:30:00,236.000,236.950,236.040,0.440,0.630,0.410,0.283,0.081,0.124,0.077,0.203,0.063,0.080,0.059,0.813,50.100
2510203129,2026-09-18 05:30:00,236.610,236.160,237.080,0.010,0.030,0.000,0.009,0.002,0.006,0.000,-0.003,-0.002,-0.001,0.000,0.925,50.110
2510203130,2026-09-18 05:30:00,242.600,242.390,244.340,0.000,0.000,0.010,0.009,0.005,0.001,0.002,-0.001,0.000,0.000,0.000,0.889,50.150
2510203133,2026-09-18 05:30:00,235.600,236.480,235.570,0.020,0.020,0.000,0.009,0.005,0.004,0.000,-0.002,0.000,-0.002,0.000,0.987,50.070
2510203134,2026-09-18 05:30:00,235.150,234.160,234.190,0.020,0.010,0.010,0.007,0.004,0.002,0.001,-0.002,0.000,-0.001,0.000,0.963,50.080
2510224049,2026-09-18 05:30:00,224.900,225.640,224.790,0.060,1.390,0.020,0.180,0.000,0.170,0.000,-0.130,0.000,-0.120,0.000,0.816,50.110
2510224167,2026-09-18 05:30:00,224.670,224.650,225.530,4.710,7.830,8.060,4.400,1.000,1.670,1.720,-1.240,-0.280,-0.470,-0.490,0.962,50.080
2510317505,2026-09-18 05:30:00,224.630,224.870,225.540,0.090,0.030,2.800,0.350,0.010,0.000,0.330,-0.240,-0.010,0.000,-0.230,0.819,50.080
2510317516,2026-09-18 05:30:00,225.050,225.090,225.870,0.000,0.000,0.000,0.000,0.000,0.000,0.000,0.000,0.000,0.000,0.000,1.000,50.080
2510317537,2026-09-18 05:30:00,233.430,233.360,234.340,2.140,2.170,1.980,1.430,0.480,0.540,0.480,-0.230,-0.060,-0.080,-0.080,0.986,50.070
2510389559,2026-09-18 05:30:00,237.280,236.770,237.370,0.000,0.000,0.000,0.000,0.000,0.000,0.000,0.000,0.000,0.000,0.000,1.000,50.100
2510389643,2026-09-18 05:30:00,237.150,236.570,237.170,0.180,0.000,0.000,0.030,0.030,0.000,0.000,-0.020,-0.020,0.000,0.000,0.750,50.080
2510389931,2026-09-18 05:30:00,236.870,236.140,237.180,0.050,0.000,0.000,0.000,0.000,0.000,0.000,-0.010,-0.010,0.000,0.000,0.204,50.090
2510633383,2026-09-18 05:30:00,236.090,236.160,237.100,0.110,0.080,0.090,0.017,0.006,0.002,0.008,-0.063,-0.024,-0.019,-0.019,0.270,50.120
2510633385,2026-09-18 05:30:00,237.580,237.110,237.690,0.090,0.080,0.250,0.096,0.019,0.018,0.058,0.002,-0.006,-0.004,0.012,0.997,50.120
2510633386,2026-09-18 05:30:00,223.640,223.590,224.500,1.100,1.090,1.090,0.118,0.042,0.038,0.036,-0.700,-0.233,-0.232,-0.234,0.164,50.130
2510633387,2026-09-18 05:30:00,235.810,236.870,235.910,0.010,0.000,0.000,0.002,0.002,0.000,0.000,0.000,0.000,0.000,0.000,0.830,50.120
2510633389,2026-09-18 05:30:00,237.360,236.990,236.510,0.520,0.560,0.520,0.373,0.120,0.131,0.121,-0.066,-0.024,-0.021,-0.020,0.985,50.110
2510633390,2026-09-18 05:30:00,234.080,235.040,233.950,1.780,1.930,1.860,0.913,0.283,0.326,0.302,0.286,0.071,0.080,0.119,0.973,50.110
2510633391,2026-09-18 05:30:00,124.540,124.000,124.050,0.000,0.000,0.000,0.000,0.000,0.000,0.000,0.000,0.000,0.000,0.000,1.000,50.100
2510633393,2026-09-18 05:30:00,235.360,236.150,235.830,1.260,1.270,1.250,0.850,0.283,0.302,0.295,0.174,0.059,0.050,0.064,0.981,50.100
2510633395,2026-09-18 05:30:00,236.280,237.170,236.170,0.000,0.000,0.000,0.000,0.000,0.000,0.000,0.000,0.000,0.000,0.000,1.000,50.170
2510633396,2026-09-18 05:30:00,236.990,236.010,236.450,0.200,0.240,0.190,0.130,0.039,0.051,0.039,0.071,0.024,0.024,0.022,0.878,50.120
2510633397,2026-09-18 05:30:00,241.200,240.180,240.400,0.030,0.050,0.030,0.024,0.007,0.010,0.006,-0.005,-0.003,-0.001,-0.001,0.990,50.110
2510633399,2026-09-18 05:30:00,224.710,224.810,225.600,0.240,0.320,0.310,0.193,0.053,0.070,0.069,-0.002,0.000,0.000,-0.001,0.998,50.100
2510633402,2026-09-18 05:30:00,229.960,229.850,231.670,0.290,0.290,0.330,0.236,0.075,0.075,0.085,0.016,0.004,0.005,0.005,0.995,50.110
2510633406,2026-09-18 05:30:00,224.930,225.040,225.880,0.080,0.130,0.130,0.074,0.016,0.028,0.028,-0.022,-0.004,-0.008,-0.008,0.964,50.160
2510814977,2026-09-18 05:30:00,230.150,231.830,230.270,0.010,0.010,0.010,0.004,0.002,0.000,0.001,-0.002,0.000,-0.001,-0.001,0.971,50.140
2610026950,2026-09-18 05:30:00,225.990,224.910,225.130,0.010,0.010,0.010,0.004,0.001,0.001,0.002,-0.001,0.000,0.000,0.000,0.973,50.150
2610026952,2026-09-18 05:30:00,235.210,233.980,234.240,1.670,1.660,1.620,0.974,0.329,0.325,0.320,0.613,0.207,0.205,0.199,0.846,50.140
2610026953,2026-09-18 05:30:00,236.490,235.890,236.750,0.620,0.630,0.580,0.447,0.143,0.149,0.133,0.154,0.054,0.050,0.049,0.928,50.160
2610026966,2026-09-18 05:30:00,230.990,231.560,231.010,0.040,0.050,0.050,0.031,0.009,0.011,0.011,0.013,0.004,0.004,0.005,0.900,50.150
2610026977,2026-09-18 05:30:00,241.650,242.880,242.340,0.350,0.000,0.000,0.071,0.070,0.000,0.000,0.047,0.047,0.000,0.000,0.831,50.100
2610126270,2026-09-18 05:30:00,225.030,225.740,224.950,0.010,0.010,0.010,0.007,0.002,0.002,0.001,-0.004,-0.001,-0.001,-0.001,0.906,50.110
2610126451,2026-09-18 05:30:00,236.770,237.520,236.560,0.000,0.000,0.020,0.004,0.000,0.000,0.003,0.000,0.000,0.000,0.000,1.000,50.160
2610159557,2026-09-18 05:30:00,235.150,234.270,234.370,0.010,0.010,0.020,0.004,0.000,0.000,0.003,-0.005,-0.002,-0.001,-0.001,0.652,50.160
2610170785,2026-09-18 05:30:00,235.060,234.170,234.350,0.000,0.000,0.000,0.000,0.000,0.000,0.000,0.000,0.000,0.000,0.000,0.945,50.130
2610170786,2026-09-18 05:30:00,233.960,234.000,234.800,0.560,0.610,0.650,0.396,0.097,0.107,0.119,0.067,0.022,0.019,0.025,0.979,50.070
2610170836,2026-09-18 05:30:00,236.320,236.600,237.490,0.000,0.010,0.000,0.001,0.000,0.001,0.000,0.000,0.000,0.000,0.000,0.712,50.120
2610170838,2026-09-18 05:30:00,234.860,233.860,234.060,0.000,0.010,0.030,0.011,0.000,0.001,0.009,0.000,0.000,0.000,0.000,1.000,50.080
2610170839,2026-09-18 05:30:00,234.080,234.200,234.980,0.000,0.020,0.010,0.006,0.000,0.004,0.002,0.000,0.000,0.000,0.000,0.936,50.100
2610170840,2026-09-18 05:30:00,237.010,236.300,237.320,0.000,0.000,0.000,0.000,0.000,0.000,0.000,0.000,0.000,0.000,0.000,0.603,50.110
2610322967,2026-09-18 05:30:00,235.510,234.520,234.440,0.000,0.000,0.000,0.001,0.000,0.000,0.001,0.000,0.000,0.000,0.000,1.000,50.140
2610322969,2026-09-18 05:30:00,225.950,224.910,225.130,0.020,0.010,0.010,0.009,0.005,0.002,0.002,-0.002,-0.001,0.000,0.000,0.994,50.140
2610322982,2026-09-18 05:30:00,234.320,234.390,235.180,0.010,0.020,0.030,0.010,0.002,0.002,0.004,-0.007,-0.001,-0.002,-0.003,0.778,50.150
2610322995,2026-09-18 05:30:00,234.360,234.440,235.230,0.000,0.030,0.030,0.011,0.000,0.005,0.006,-0.009,0.000,-0.004,-0.004,0.762,50.130
2610322997,2026-09-18 05:30:00,229.820,231.420,229.740,0.360,0.430,0.410,0.248,0.076,0.090,0.082,0.083,0.018,0.030,0.033,0.957,50.110
2610323001,2026-09-18 05:30:00,229.360,227.820,227.780,1.770,1.640,1.700,0.985,0.347,0.306,0.332,0.598,0.202,0.203,0.192,0.854,50.110
2610323004,2026-09-18 05:30:00,63.910,63.290,63.770,0.900,0.890,0.810,0.164,0.057,0.055,0.051,0.018,0.003,0.009,0.005,0.995,50.120
2610323005,2026-09-18 05:30:00,225.170,225.900,224.930,0.000,0.000,0.010,0.002,0.000,0.000,0.001,-0.001,0.000,0.000,-0.001,0.962,50.130
2610323010,2026-09-18 05:30:00,237.460,237.200,236.700,0.150,0.000,0.000,0.035,0.035,0.000,0.000,-0.006,-0.006,0.000,0.000,0.987,50.120
2610323016,2026-09-18 05:30:00,229.740,228.290,228.230,1.570,1.460,1.450,0.925,0.330,0.296,0.298,0.397,0.130,0.137,0.129,0.919,50.080
2610323017,2026-09-18 05:30:00,233.580,234.530,233.540,0.040,0.020,0.020,0.015,0.008,0.003,0.003,-0.011,-0.005,-0.003,-0.002,0.806,50.080
2610323019,2026-09-18 05:30:00,224.920,226.000,224.990,0.020,0.030,0.030,0.015,0.004,0.005,0.005,-0.005,-0.001,-0.001,-0.002,0.911,50.080
2610323027,2026-09-18 05:30:00,235.030,234.010,234.220,0.030,0.030,0.020,0.014,0.004,0.006,0.003,-0.011,-0.003,-0.004,-0.003,0.784,50.070
2410883994,2026-09-18 05:31:00,235.060,234.140,234.360,0.020,0.020,0.020,0.013,0.004,0.003,0.004,-0.004,-0.002,-0.001,-0.001,0.928,50.150
2510014482,2026-09-18 05:31:00,235.880,236.860,235.770,0.010,0.040,0.000,0.011,0.002,0.008,0.000,-0.001,-0.002,0.000,0.000,1.000,50.080
2510178141,2026-09-18 05:31:00,236.020,236.000,237.070,0.020,0.010,0.010,0.003,0.002,0.000,0.000,-0.009,-0.004,-0.001,-0.002,0.353,50.050
2510203106,2026-09-18 05:31:00,236.810,236.270,237.120,0.010,0.010,0.000,0.006,0.002,0.003,0.000,-0.003,-0.002,0.000,0.000,0.868,50.080
2510203128,2026-09-18 05:31:00,233.800,234.280,232.890,1.680,1.720,1.800,1.180,0.382,0.390,0.407,0.130,0.028,0.040,0.062,0.993,50.120
2510633400,2026-09-18 05:31:00,224.330,225.130,224.120,0.280,0.300,0.290,0.199,0.069,0.065,0.063,0.051,0.015,0.018,0.017,0.967,50.070
2610026976,2026-09-18 05:31:00,235.980,235.900,237.240,0.310,0.500,0.110,0.216,0.071,0.120,0.024,0.017,0.000,0.009,0.008,0.997,50.080
2410121371,2026-09-18 05:32:00,236.860,235.570,235.720,0.100,0.110,0.110,0.075,0.023,0.026,0.025,0.000,0.000,0.003,-0.002,1.000,49.880
2510633411,2026-09-18 05:32:00,222.480,221.390,221.360,2.020,1.940,1.980,1.224,0.419,0.400,0.403,0.521,0.168,0.171,0.182,0.916,50.090
2610026963,2026-09-18 05:32:00,236.460,236.260,237.470,0.220,0.120,0.110,0.086,0.046,0.021,0.017,-0.057,-0.022,-0.016,-0.017,0.835,50.110
2610170837,2026-09-18 05:32:00,231.500,229.650,229.740,0.000,0.000,0.000,0.002,0.000,0.000,0.001,0.000,0.000,0.000,0.000,1.000,50.080
2510633381,2026-09-18 05:33:00,234.540,233.630,233.830,0.050,0.050,0.020,0.022,0.009,0.009,0.003,-0.009,-0.004,-0.003,-0.001,0.936,49.920
2246006313,2026-09-18 06:00:00,57.900,57.900,57.700,0.955,0.971,0.964,0.163,0.054,0.054,0.053,0.034,0.011,0.011,0.011,0.978,50.140
2410121326,2026-09-18 06:00:00,234.760,233.730,233.920,0.130,0.100,0.120,0.072,0.028,0.020,0.024,0.036,0.011,0.010,0.014,0.893,50.160
2410121353,2026-09-18 06:00:00,234.600,233.580,233.760,0.000,0.010,0.040,0.011,0.000,0.002,0.008,-0.002,0.000,0.000,0.000,0.948,50.130
2410121371,2026-09-18 06:00:00,234.950,233.780,234.000,0.090,0.120,0.110,0.075,0.022,0.026,0.026,0.001,0.000,0.001,0.000,0.994,50.170
2410121424,2026-09-18 06:00:00,234.640,233.780,233.890,0.010,0.010,0.010,0.005,0.001,0.001,0.002,-0.003,-0.001,-0.001,0.000,0.900,50.200
2410121440,2026-09-18 06:00:00,234.720,233.780,233.920,0.010,0.000,0.010,0.004,0.002,0.000,0.001,-0.002,-0.001,0.000,0.000,0.889,50.150
2410121454,2026-09-18 06:00:00,233.690,234.570,233.580,0.090,0.220,0.160,0.105,0.019,0.051,0.034,0.028,0.009,0.009,0.009,0.964,50.180
2410121457,2026-09-18 06:00:00,233.130,232.020,232.410,1.630,1.670,1.540,1.046,0.354,0.358,0.334,0.345,0.121,0.123,0.102,0.949,50.140
2410131378,2026-09-18 06:00:00,234.190,235.000,234.130,0.010,0.010,0.030,0.010,0.001,0.001,0.006,-0.003,-0.001,-0.001,0.000,0.921,50.170
2410131383,2026-09-18 06:00:00,235.640,235.050,234.700,0.030,0.020,0.050,0.022,0.006,0.003,0.011,-0.002,0.000,0.000,-0.001,1.000,50.140
2410131384,2026-09-18 06:00:00,232.480,233.240,232.570,0.970,0.940,0.780,0.509,0.155,0.203,0.151,0.101,0.026,0.038,0.036,0.982,50.140
2410883988,2026-09-18 06:00:00,231.050,231.760,230.760,0.000,0.000,0.020,0.004,0.000,0.000,0.003,0.000,0.000,0.000,0.000,0.953,50.180
2410883990,2026-09-18 06:00:00,231.100,230.180,230.390,0.020,0.000,0.010,0.004,0.003,0.000,0.001,0.001,0.001,0.000,0.000,0.954,50.140
2410883991,2026-09-18 06:00:00,232.470,232.560,233.490,0.150,0.070,0.020,0.055,0.034,0.016,0.004,0.000,0.000,0.001,-0.001,1.000,50.100
2410883993,2026-09-18 06:00:00,233.400,232.230,232.440,0.140,0.320,0.390,0.197,0.032,0.074,0.090,0.020,-0.001,0.013,0.008,0.995,50.130
2410883994,2026-09-18 06:00:00,233.630,232.680,232.870,0.020,0.010,0.010,0.007,0.003,0.001,0.002,-0.002,-0.001,0.000,0.000,0.957,50.120
2410932742,2026-09-18 06:00:00,233.130,231.190,231.040,1.730,1.630,1.730,1.028,0.356,0.323,0.348,0.373,0.123,0.127,0.122,0.939,50.150
2411087433,2026-09-18 06:00:00,232.830,232.880,233.730,0.420,0.400,0.410,0.284,0.096,0.091,0.096,-0.019,-0.004,-0.009,-0.006,0.997,50.130
2411290205,2026-09-18 06:00:00,234.740,234.280,235.180,0.080,0.080,0.100,0.060,0.017,0.019,0.022,0.008,0.003,0.002,0.003,0.988,50.100
2510014481,2026-09-18 06:00:00,231.700,231.400,233.340,1.210,1.230,1.240,0.876,0.293,0.301,0.312,0.107,0.040,0.036,0.030,0.993,50.140
2510014482,2026-09-18 06:00:00,233.940,234.720,233.680,0.010,0.040,0.000,0.010,0.002,0.007,0.000,-0.006,-0.002,-0.003,0.000,0.829,50.160
2510014483,2026-09-18 06:00:00,232.690,232.740,233.530,0.040,0.040,0.060,0.022,0.006,0.006,0.010,-0.021,-0.006,-0.006,-0.008,0.721,50.140
2510014484,2026-09-18 06:00:00,233.280,232.850,233.900,1.810,1.940,1.630,1.175,0.385,0.434,0.355,0.358,0.126,0.110,0.122,0.950,50.130
2510178139,2026-09-18 06:00:00,233.850,234.760,233.500,0.420,0.390,0.370,0.217,0.074,0.072,0.071,0.072,0.023,0.021,0.025,0.946,50.150
2510178141,2026-09-18 06:00:00,233.830,233.960,234.810,0.020,0.010,0.010,0.004,0.002,0.000,0.001,-0.009,-0.004,-0.001,-0.002,0.459,50.140
2510203103,2026-09-18 06:00:00,228.820,226.930,226.830,0.080,0.050,0.080,0.048,0.018,0.012,0.017,-0.002,0.000,-0.001,-0.001,1.000,50.130
2510203104,2026-09-18 06:00:00,226.980,226.970,227.680,0.300,0.260,0.350,0.213,0.072,0.061,0.074,0.053,0.007,0.019,0.026,0.965,50.170
2510203105,2026-09-18 06:00:00,233.790,231.920,231.910,0.460,0.500,0.450,0.268,0.087,0.096,0.084,0.185,0.062,0.062,0.059,0.823,50.150
2510203108,2026-09-18 06:00:00,233.960,234.790,233.760,0.380,0.630,0.680,0.391,0.092,0.149,0.164,0.023,0.007,0.010,0.005,0.996,50.130
2510203109,2026-09-18 06:00:00,232.790,233.560,232.590,0.020,0.040,0.030,0.019,0.004,0.009,0.004,0.007,0.002,0.000,0.004,0.917,50.150
2510203111,2026-09-18 06:00:00,233.650,233.860,234.720,0.020,0.010,0.000,0.008,0.004,0.003,0.000,-0.002,-0.002,0.000,0.000,1.000,50.140
2510203112,2026-09-18 06:00:00,223.070,222.540,223.430,0.460,0.480,0.470,0.277,0.089,0.094,0.093,0.153,0.052,0.050,0.050,0.874,50.140
2510203113,2026-09-18 06:00:00,235.390,234.870,234.420,0.480,0.450,0.520,0.330,0.097,0.105,0.120,0.010,-0.002,0.000,0.012,0.999,50.180
2510203114,2026-09-18 06:00:00,226.760,226.990,227.600,0.290,0.150,0.190,0.111,0.044,0.030,0.036,0.026,0.007,0.004,0.013,0.985,50.150
2510203117,2026-09-18 06:00:00,231.020,230.010,230.080,0.060,0.130,0.020,0.046,0.013,0.028,0.005,-0.016,-0.003,-0.010,-0.002,0.934,50.130
2510203118,2026-09-18 06:00:00,122.690,122.610,123.130,0.160,0.140,0.140,0.050,0.018,0.016,0.015,-0.020,-0.007,-0.004,-0.008,0.929,50.140
2510203119,2026-09-18 06:00:00,231.420,230.300,230.420,0.000,0.000,0.000,0.000,0.000,0.000,0.000,0.000,0.000,0.000,0.000,1.000,50.130
2510203120,2026-09-18 06:00:00,232.920,232.000,232.120,0.760,0.560,0.650,0.419,0.165,0.120,0.133,0.151,0.056,0.048,0.046,0.942,50.130
2510203121,2026-09-18 06:00:00,230.160,230.370,231.140,0.470,0.600,0.690,0.345,0.105,0.107,0.132,0.052,0.021,0.014,0.016,0.987,50.140
2510203122,2026-09-18 06:00:00,232.910,233.760,232.770,0.030,0.020,0.020,0.013,0.006,0.002,0.004,0.001,0.004,-0.002,0.000,1.000,50.180
2510203123,2026-09-18 06:00:00,233.690,233.850,234.740,0.010,0.010,0.000,0.004,0.002,0.002,0.000,-0.003,-0.001,0.000,0.000,0.787,50.170
2510203124,2026-09-18 06:00:00,234.300,234.810,233.840,0.120,0.120,0.140,0.081,0.025,0.025,0.030,0.033,0.010,0.011,0.011,0.923,50.160
2510203126,2026-09-18 06:00:00,230.510,230.580,231.460,0.020,0.000,0.000,0.004,0.003,0.000,0.000,0.000,0.000,0.000,0.000,0.920,50.160
2510203127,2026-09-18 06:00:00,233.940,234.780,233.830,0.440,0.600,0.410,0.279,0.081,0.120,0.076,0.187,0.060,0.069,0.056,0.830,50.160
2510203128,2026-09-18 06:00:00,232.270,232.750,231.370,1.650,1.720,1.750,1.147,0.371,0.384,0.390,0.137,0.028,0.045,0.063,0.992,50.140
2510203129,2026-09-18 06:00:00,234.990,234.450,235.500,0.010,0.010,0.000,0.005,0.002,0.002,0.000,-0.003,-0.002,0.000,0.000,0.857,50.160
2510203130,2026-09-18 06:00:00,244.810,244.550,246.610,0.000,0.000,0.040,0.009,0.000,0.000,0.009,0.002,0.000,0.000,0.002,0.947,50.160
2510203133,2026-09-18 06:00:00,233.930,234.790,233.850,0.030,0.020,0.000,0.010,0.006,0.003,0.000,-0.002,0.000,-0.002,0.000,0.988,50.120
2510203134,2026-09-18 06:00:00,233.810,232.810,232.820,0.020,0.010,0.010,0.007,0.004,0.001,0.001,-0.002,0.000,-0.001,0.000,0.951,50.150
2510224049,2026-09-18 06:00:00,230.310,231.120,230.200,0.050,1.250,0.020,0.160,0.000,0.150,0.000,-0.140,0.000,-0.120,0.000,0.774,50.140
2510224167,2026-09-18 06:00:00,230.210,230.240,231.100,0.750,0.120,0.360,0.170,0.090,0.010,0.050,-0.160,-0.080,-0.020,-0.050,0.736,50.140
2510317505,2026-09-18 06:00:00,229.970,230.170,230.910,0.090,0.030,2.300,0.280,0.010,0.000,0.260,-0.260,-0.010,0.000,-0.240,0.734,50.130
2510317516,2026-09-18 06:00:00,230.370,230.420,231.280,0.000,0.000,0.000,0.000,0.000,0.000,0.000,0.000,0.000,0.000,0.000,1.000,50.140
2510317537,2026-09-18 06:00:00,231.940,232.130,233.170,2.190,2.460,2.320,1.590,0.490,0.560,0.530,-0.250,-0.060,-0.100,-0.090,0.987,50.130
2510389559,2026-09-18 06:00:00,235.300,234.920,235.640,0.000,0.000,0.000,0.000,0.000,0.000,0.000,0.000,0.000,0.000,0.000,1.000,50.170
2510389643,2026-09-18 06:00:00,235.120,234.640,235.370,0.280,0.000,0.000,0.050,0.050,0.000,0.000,-0.020,-0.020,0.000,0.000,0.919,50.140
2510389931,2026-09-18 06:00:00,233.700,233.250,234.380,0.050,0.000,0.000,0.000,0.000,0.000,0.000,-0.010,-0.010,0.000,0.000,0.204,50.150
2510633381,2026-09-18 06:00:00,233.620,232.610,232.770,0.040,0.050,0.020,0.022,0.009,0.009,0.003,-0.008,-0.004,-0.003,0.000,0.947,50.160
2510633383,2026-09-18 06:00:00,233.880,233.960,234.800,0.110,0.080,0.090,0.017,0.005,0.002,0.009,-0.062,-0.024,-0.019,-0.018,0.268,50.160
2510633385,2026-09-18 06:00:00,235.710,235.270,236.040,0.130,0.020,0.150,0.066,0.029,0.004,0.032,0.010,-0.002,-0.001,0.014,0.993,50.150
2510633386,2026-09-18 06:00:00,222.110,222.040,223.070,1.100,1.100,1.090,0.115,0.041,0.037,0.036,-0.691,-0.229,-0.230,-0.231,0.162,50.150
2510633387,2026-09-18 06:00:00,233.750,234.600,233.630,0.010,0.000,0.000,0.002,0.002,0.000,0.000,0.000,0.000,0.000,0.000,1.000,50.150
2510633389,2026-09-18 06:00:00,235.660,235.140,234.610,0.180,0.220,0.210,0.133,0.037,0.049,0.046,-0.057,-0.020,-0.019,-0.018,0.916,50.140
2510633390,2026-09-18 06:00:00,232.420,233.520,232.300,1.290,1.510,1.520,0.852,0.263,0.303,0.285,0.195,0.055,0.059,0.084,0.977,50.130
2510633391,2026-09-18 06:00:00,123.140,122.600,122.680,0.000,0.000,0.000,0.000,0.000,0.000,0.000,0.000,0.000,0.000,0.000,1.000,50.140
2510633393,2026-09-18 06:00:00,233.460,234.440,233.870,1.400,1.430,1.430,0.976,0.325,0.330,0.321,0.198,0.064,0.057,0.071,0.980,50.160
2510633395,2026-09-18 06:00:00,233.870,234.690,233.680,0.000,0.000,0.000,0.000,0.000,0.000,0.000,0.000,0.000,0.000,0.000,1.000,50.160
2510633396,2026-09-18 06:00:00,234.810,233.800,234.310,0.240,0.280,0.230,0.160,0.050,0.060,0.049,0.070,0.024,0.023,0.022,0.918,50.160
2510633397,2026-09-18 06:00:00,239.520,238.390,238.610,0.020,0.020,0.010,0.009,0.003,0.005,0.001,-0.003,-0.002,0.000,0.000,0.943,50.120
2510633399,2026-09-18 06:00:00,230.030,230.030,231.000,0.200,0.330,0.260,0.183,0.047,0.077,0.059,0.000,0.000,0.000,0.000,0.999,50.160
2510633402,2026-09-18 06:00:00,232.020,231.800,233.750,0.510,0.510,0.580,0.318,0.093,0.094,0.106,0.099,0.032,0.032,0.034,0.975,50.140
2510814977,2026-09-18 06:00:00,232.150,234.030,232.350,0.010,0.010,0.010,0.005,0.002,0.000,0.001,-0.002,0.000,-0.001,-0.001,0.857,50.130
2610026950,2026-09-18 06:00:00,231.230,230.160,230.290,0.000,0.010,0.010,0.005,0.000,0.001,0.003,-0.001,0.000,0.000,0.000,1.000,50.140
2610026952,2026-09-18 06:00:00,231.870,230.750,230.980,2.250,2.180,2.230,1.284,0.429,0.421,0.433,0.840,0.291,0.274,0.275,0.835,50.130
2610026953,2026-09-18 06:00:00,234.360,233.740,234.700,0.500,0.530,0.500,0.315,0.100,0.105,0.100,0.144,0.049,0.047,0.047,0.925,50.140
2610026963,2026-09-18 06:00:00,234.350,234.310,235.310,0.210,0.120,0.110,0.082,0.042,0.021,0.019,-0.060,-0.024,-0.017,-0.018,0.806,50.160
2610026966,2026-09-18 06:00:00,230.610,231.210,230.400,0.130,0.130,0.140,0.089,0.029,0.029,0.031,0.029,0.008,0.008,0.012,0.954,50.160
2610026976,2026-09-18 06:00:00,233.920,233.990,234.990,0.200,0.450,0.160,0.186,0.045,0.103,0.037,0.014,0.001,0.005,0.007,0.995,50.160
2610026977,2026-09-18 06:00:00,241.700,242.200,241.400,0.000,0.000,0.000,0.000,0.000,0.000,0.000,0.000,0.000,0.000,0.000,0.559,50.150
2610126270,2026-09-18 06:00:00,230.440,231.240,230.360,0.010,0.020,0.010,0.008,0.002,0.004,0.001,-0.004,-0.001,-0.001,-0.001,0.878,50.140
2610126451,2026-09-18 06:00:00,234.200,234.930,233.930,0.000,0.000,0.040,0.010,0.000,0.000,0.009,0.002,0.000,0.000,0.002,1.000,50.130
2610159557,2026-09-18 06:00:00,233.530,232.560,232.630,0.010,0.010,0.020,0.004,0.000,0.000,0.003,-0.005,-0.002,-0.001,-0.001,0.645,50.130
2610170785,2026-09-18 06:00:00,233.360,232.410,232.630,0.010,0.010,0.000,0.005,0.001,0.002,0.000,0.000,0.000,0.000,0.000,1.000,50.140
2610170786,2026-09-18 06:00:00,232.210,232.290,233.000,0.810,0.880,0.930,0.478,0.149,0.151,0.177,0.180,0.055,0.059,0.066,0.966,50.140
2610170836,2026-09-18 06:00:00,233.650,233.990,234.850,0.000,0.010,0.000,0.001,0.000,0.001,0.000,0.000,0.000,0.000,0.000,1.000,50.130
2610170837,2026-09-18 06:00:00,234.300,232.470,232.380,0.000,0.000,0.000,0.000,0.000,0.000,0.000,0.000,0.000,0.000,0.000,1.000,50.140
2610170838,2026-09-18 06:00:00,233.300,232.170,232.380,0.000,0.010,0.060,0.014,0.000,0.001,0.012,0.004,0.000,0.000,0.003,0.980,50.160
2610170839,2026-09-18 06:00:00,232.610,232.760,233.570,0.000,0.000,0.000,0.001,0.000,0.000,0.000,0.000,0.000,0.000,0.000,1.000,50.140
2610170840,2026-09-18 06:00:00,233.530,233.050,234.210,0.900,0.900,0.930,0.569,0.187,0.189,0.192,0.288,0.097,0.092,0.098,0.892,50.130
2610322967,2026-09-18 06:00:00,233.930,232.860,232.690,0.000,0.000,0.000,0.000,0.000,0.000,0.000,0.000,0.000,0.000,0.000,0.920,50.130
2610322982,2026-09-18 06:00:00,232.690,232.710,233.630,0.010,0.020,0.030,0.012,0.002,0.003,0.006,-0.007,-0.001,-0.002,-0.003,0.894,50.140
2610322995,2026-09-18 06:00:00,232.580,232.740,233.600,0.000,0.030,0.040,0.014,0.000,0.006,0.007,-0.009,0.000,-0.004,-0.004,0.835,50.130
2610322997,2026-09-18 06:00:00,232.070,233.900,232.110,0.370,0.440,0.430,0.280,0.084,0.099,0.095,0.069,0.014,0.024,0.030,0.971,50.130
2610323001,2026-09-18 06:00:00,231.580,230.100,229.820,2.080,1.820,1.920,1.147,0.410,0.347,0.388,0.609,0.207,0.204,0.196,0.886,50.140
2610323004,2026-09-18 06:00:00,64.540,63.830,64.340,0.940,0.930,0.850,0.173,0.060,0.058,0.054,0.020,0.004,0.010,0.005,0.989,50.130
2610323005,2026-09-18 06:00:00,230.320,231.220,230.180,0.000,0.000,0.010,0.002,0.000,0.001,0.001,-0.001,0.000,0.000,-0.001,0.976,50.140
2610323010,2026-09-18 06:00:00,235.560,234.930,234.500,0.050,0.000,0.000,0.008,0.008,0.000,0.000,-0.006,-0.006,0.000,0.000,0.816,50.130
2610323017,2026-09-18 06:00:00,232.390,233.370,232.280,0.050,0.020,0.020,0.018,0.010,0.004,0.004,-0.010,-0.004,-0.003,-0.002,0.858,50.140
2610323019,2026-09-18 06:00:00,230.350,231.460,230.380,0.060,0.020,0.030,0.022,0.012,0.005,0.004,-0.007,-0.003,-0.001,-0.002,0.961,50.140
2610323027,2026-09-18 06:00:00,233.500,232.380,232.660,0.030,0.040,0.030,0.018,0.005,0.007,0.005,-0.010,-0.003,-0.004,-0.003,0.875,50.140
2410131387,2026-09-18 06:01:00,232.420,233.130,233.280,0.090,0.070,0.060,0.049,0.020,0.015,0.013,0.004,0.001,0.005,-0.003,0.993,50.110
2410320615,2026-09-18 06:01:00,233.570,234.230,234.400,1.500,1.560,1.500,0.951,0.302,0.322,0.327,0.175,0.041,0.069,0.065,0.985,50.120
2510633400,2026-09-18 06:01:00,229.630,230.510,229.510,0.260,0.290,0.280,0.179,0.056,0.063,0.059,0.041,0.012,0.015,0.013,0.977,50.130
2610323016,2026-09-18 06:01:00,231.270,229.810,229.650,2.470,2.360,2.340,1.504,0.527,0.490,0.487,0.614,0.201,0.209,0.201,0.926,50.160
2410121574,2026-09-18 06:02:00,233.860,232.720,232.780,1.070,0.770,0.800,0.597,0.245,0.173,0.177,-0.008,0.001,-0.006,-0.003,0.999,50.100
2411087432,2026-09-18 06:02:00,233.650,234.490,233.570,0.060,0.030,0.080,0.036,0.012,0.005,0.018,0.000,0.003,-0.003,0.000,1.000,50.210
2510203106,2026-09-18 06:02:00,234.860,234.390,235.380,0.010,0.010,0.000,0.005,0.001,0.003,0.000,-0.002,-0.001,0.000,0.000,0.891,50.150
2510633406,2026-09-18 06:02:00,230.100,230.070,231.050,0.010,0.010,0.010,0.003,0.001,0.001,0.000,-0.003,-0.001,0.000,-0.001,0.697,50.150
2510633411,2026-09-18 06:02:00,227.650,226.420,226.380,2.050,2.000,2.040,1.258,0.431,0.411,0.415,0.566,0.182,0.185,0.199,0.911,50.120
2610322969,2026-09-18 06:02:00,230.990,229.970,230.020,0.060,0.010,0.090,0.035,0.013,0.002,0.019,0.002,0.000,0.000,0.003,1.000,50.140
2246006313,2026-09-18 06:30:00,58.400,58.300,58.100,0.984,0.979,0.973,0.163,0.054,0.054,0.054,0.031,0.010,0.010,0.010,0.981,50.190
2410121326,2026-09-18 06:30:00,234.240,233.330,233.610,0.140,0.100,0.130,0.073,0.029,0.019,0.025,0.040,0.012,0.010,0.016,0.880,50.220
2410121353,2026-09-18 06:30:00,234.330,233.460,233.670,0.000,0.010,0.040,0.012,0.000,0.003,0.008,-0.001,0.000,0.000,0.000,0.963,50.180
2410121371,2026-09-18 06:30:00,234.440,233.340,233.630,0.090,0.120,0.110,0.072,0.019,0.027,0.025,0.001,0.000,0.001,0.000,0.993,50.210
2410121424,2026-09-18 06:30:00,234.240,233.400,233.540,0.010,0.010,0.010,0.005,0.001,0.001,0.002,-0.002,-0.001,-0.001,0.000,0.908,50.140
2410121440,2026-09-18 06:30:00,234.210,233.150,233.350,0.010,0.000,0.010,0.004,0.002,0.000,0.001,-0.002,-0.001,0.000,0.000,0.855,50.210
2410121454,2026-09-18 06:30:00,233.560,234.370,233.430,0.070,0.110,0.150,0.074,0.014,0.025,0.034,0.015,0.005,0.005,0.004,0.976,50.140
2410121574,2026-09-18 06:30:00,234.050,233.300,233.350,1.070,0.430,0.640,0.486,0.245,0.098,0.142,-0.024,0.004,-0.016,-0.011,0.999,50.160
2410131378,2026-09-18 06:30:00,233.800,234.490,233.710,0.010,0.010,0.030,0.009,0.001,0.001,0.006,-0.004,-0.001,-0.001,0.000,0.916,50.190
2410131383,2026-09-18 06:30:00,234.730,234.150,233.940,0.040,0.020,0.060,0.029,0.009,0.004,0.014,-0.001,0.000,0.000,-0.001,1.000,50.220
2410131384,2026-09-18 06:30:00,231.730,232.400,231.640,1.140,1.190,1.020,0.689,0.241,0.248,0.200,0.105,0.032,0.040,0.032,0.989,50.240
2410320615,2026-09-18 06:30:00,233.140,233.530,233.780,1.500,1.500,1.600,1.059,0.338,0.349,0.371,0.142,0.027,0.060,0.055,0.990,50.230
2410883988,2026-09-18 06:30:00,232.800,233.470,232.700,0.000,0.000,0.020,0.005,0.000,0.000,0.004,0.000,0.000,0.000,0.000,1.000,50.250
2410883990,2026-09-18 06:30:00,233.040,232.110,232.190,0.020,0.000,0.000,0.004,0.003,0.000,0.001,0.001,0.001,0.000,0.000,0.832,50.220
2410883991,2026-09-18 06:30:00,231.470,231.830,232.740,0.110,0.040,0.050,0.041,0.020,0.009,0.012,0.010,0.010,0.001,-0.001,0.959,50.200
2410883993,2026-09-18 06:30:00,232.660,231.250,231.000,0.060,0.550,1.360,0.482,0.035,0.132,0.314,0.100,0.005,0.030,0.065,0.983,50.220
2410883994,2026-09-18 06:30:00,232.770,231.730,232.080,0.020,0.010,0.020,0.009,0.003,0.001,0.004,-0.003,-0.001,0.000,0.000,0.954,50.200
2410932742,2026-09-18 06:30:00,230.860,228.890,228.940,1.740,1.630,1.760,1.033,0.354,0.322,0.356,0.362,0.124,0.119,0.118,0.943,50.200
2411087432,2026-09-18 06:30:00,233.420,234.220,233.240,0.050,0.030,0.070,0.035,0.011,0.006,0.017,0.001,0.004,-0.003,0.000,1.000,50.260
2411087433,2026-09-18 06:30:00,232.000,232.240,232.980,0.520,0.470,0.490,0.352,0.121,0.112,0.119,-0.008,0.000,-0.006,-0.002,0.998,50.230
2411290205,2026-09-18 06:30:00,233.650,233.260,234.040,0.070,0.100,0.070,0.055,0.015,0.023,0.017,0.003,0.001,0.000,0.001,1.000,50.200
2510014481,2026-09-18 06:30:00,229.690,229.490,231.440,1.620,1.710,1.600,1.180,0.387,0.404,0.377,0.202,0.067,0.077,0.057,0.985,50.230
2510014482,2026-09-18 06:30:00,233.550,234.150,233.270,0.010,0.040,0.000,0.011,0.002,0.009,0.000,-0.002,-0.002,0.000,0.000,0.973,50.220
2510014483,2026-09-18 06:30:00,231.730,231.930,232.700,0.040,0.030,0.050,0.018,0.006,0.005,0.007,-0.020,-0.006,-0.005,-0.008,0.674,50.210
2510014484,2026-09-18 06:30:00,232.410,232.080,232.950,1.520,1.870,1.590,1.106,0.340,0.420,0.345,0.375,0.131,0.116,0.128,0.946,50.240
2510178139,2026-09-18 06:30:00,233.480,234.300,233.120,0.390,0.370,0.340,0.228,0.083,0.079,0.060,0.083,0.028,0.029,0.025,0.946,50.250
2510178141,2026-09-18 06:30:00,233.380,233.530,234.290,0.020,0.010,0.010,0.003,0.002,0.000,0.000,-0.009,-0.004,-0.001,-0.002,0.345,50.250
2510203103,2026-09-18 06:30:00,226.680,224.710,224.800,0.080,0.080,0.080,-0.072,-0.028,-0.021,-0.021,-0.003,0.000,-0.001,-0.001,1.000,50.240
2510203104,2026-09-18 06:30:00,225.830,225.930,226.610,0.610,0.520,0.530,0.323,0.113,0.103,0.105,0.053,0.008,0.019,0.024,0.988,50.230
2510203105,2026-09-18 06:30:00,231.680,229.780,230.020,1.090,1.050,1.010,0.662,0.228,0.218,0.215,0.288,0.103,0.097,0.086,0.917,50.250
2510203106,2026-09-18 06:30:00,233.580,233.220,234.000,0.010,0.010,0.000,0.005,0.001,0.003,0.000,-0.002,-0.001,0.000,0.000,0.881,50.220
2510203108,2026-09-18 06:30:00,233.590,234.240,233.390,0.240,0.370,0.360,0.241,0.061,0.099,0.097,0.016,0.004,0.007,0.004,0.994,50.210
2510203109,2026-09-18 06:30:00,232.170,232.830,231.810,0.020,0.040,0.030,0.017,0.003,0.009,0.004,0.007,0.002,0.000,0.004,0.909,50.250
2510203111,2026-09-18 06:30:00,233.420,233.630,234.410,0.020,0.010,0.000,0.006,0.003,0.002,0.000,-0.002,-0.002,0.000,0.000,0.915,50.230
2510203112,2026-09-18 06:30:00,222.460,222.050,222.820,0.260,0.280,0.270,0.162,0.052,0.056,0.054,0.077,0.025,0.026,0.025,0.903,50.250
2510203113,2026-09-18 06:30:00,234.320,233.810,233.550,0.390,0.460,0.540,0.328,0.099,0.107,0.124,0.030,0.005,0.007,0.017,0.995,50.270
2510203114,2026-09-18 06:30:00,226.040,226.350,226.900,0.360,0.270,0.280,0.163,0.057,0.053,0.052,0.018,0.005,0.000,0.012,0.995,50.250
2510203117,2026-09-18 06:30:00,232.800,231.960,231.810,0.160,0.210,0.230,0.108,0.024,0.045,0.038,0.075,0.027,0.019,0.027,0.833,50.210
2510203118,2026-09-18 06:30:00,122.360,122.370,122.830,0.170,0.150,0.150,0.051,0.019,0.017,0.015,-0.021,-0.007,-0.004,-0.008,0.923,50.230
2510203119,2026-09-18 06:30:00,232.950,232.100,231.950,0.000,0.000,0.000,0.000,0.000,0.000,0.000,0.000,0.000,0.000,0.000,1.000,50.230
2510203120,2026-09-18 06:30:00,232.200,231.230,231.490,0.820,0.580,0.660,0.444,0.177,0.124,0.142,0.161,0.062,0.050,0.048,0.939,50.220
2510203121,2026-09-18 06:30:00,232.290,232.250,233.120,0.640,0.640,0.750,0.383,0.114,0.117,0.151,0.055,0.026,0.011,0.018,0.989,50.240
2510203122,2026-09-18 06:30:00,233.510,234.310,233.330,0.130,0.020,0.020,0.035,0.026,0.004,0.004,0.014,0.014,0.001,0.000,0.924,50.260
2510203123,2026-09-18 06:30:00,233.300,233.430,234.310,0.010,0.010,0.000,0.004,0.002,0.001,0.000,-0.003,-0.001,0.000,0.000,0.730,50.230
2510203124,2026-09-18 06:30:00,233.850,234.260,233.330,0.120,0.120,0.140,0.080,0.025,0.025,0.030,0.034,0.010,0.012,0.011,0.920,50.250
2510203126,2026-09-18 06:30:00,232.450,232.370,233.310,0.020,0.000,0.000,0.004,0.004,0.000,0.000,0.000,0.000,0.000,0.000,0.980,50.230
2510203127,2026-09-18 06:30:00,233.220,234.020,233.110,0.430,0.590,0.410,0.278,0.080,0.120,0.076,0.185,0.060,0.069,0.055,0.833,50.220
2510203128,2026-09-18 06:30:00,231.630,232.070,230.630,1.520,1.550,1.690,1.071,0.340,0.348,0.383,0.110,0.023,0.035,0.051,0.994,50.230
2510203129,2026-09-18 06:30:00,233.640,233.270,234.160,0.010,0.010,0.000,0.004,0.002,0.002,0.000,-0.003,-0.002,-0.001,0.000,0.812,50.220
2510203130,2026-09-18 06:30:00,242.940,242.850,244.870,0.000,0.000,0.010,0.001,0.000,0.000,0.001,0.000,0.000,0.000,0.000,0.942,50.250
2510203133,2026-09-18 06:30:00,232.950,233.740,232.810,0.020,0.020,0.000,0.009,0.004,0.003,0.000,-0.002,0.000,-0.001,0.000,0.932,50.180
2510203134,2026-09-18 06:30:00,232.920,231.850,232.010,0.020,0.010,0.010,0.007,0.004,0.001,0.001,-0.002,0.000,-0.001,0.000,0.950,50.190
2510224049,2026-09-18 06:30:00,231.840,232.770,231.910,0.250,1.230,0.020,0.200,0.040,0.150,0.000,-0.160,-0.020,-0.120,0.000,0.795,50.210
2510317505,2026-09-18 06:30:00,231.970,232.010,232.790,0.090,0.030,2.290,0.280,0.010,0.000,0.260,-0.260,-0.010,0.000,-0.240,0.729,50.230
2510317516,2026-09-18 06:30:00,232.370,232.270,233.160,0.000,0.000,0.000,0.000,0.000,0.000,0.000,0.000,0.000,0.000,0.000,1.000,50.250
2510389559,2026-09-18 06:30:00,234.330,234.060,234.830,0.000,0.000,0.000,0.000,0.000,0.000,0.000,0.000,0.000,0.000,0.000,1.000,50.260
2510389643,2026-09-18 06:30:00,234.010,233.710,234.510,7.190,0.000,0.000,1.650,1.650,0.000,0.000,-0.060,-0.060,0.000,0.000,0.999,50.240
2510389931,2026-09-18 06:30:00,232.280,231.950,232.930,0.050,0.000,0.000,0.000,0.000,0.000,0.000,-0.010,-0.010,0.000,0.000,0.187,50.220
2510633381,2026-09-18 06:30:00,232.710,231.740,231.970,0.050,0.030,0.020,0.020,0.009,0.007,0.004,-0.008,-0.004,-0.003,0.000,0.950,50.210
2510633383,2026-09-18 06:30:00,233.230,233.330,234.120,0.110,0.080,0.090,0.017,0.006,0.002,0.008,-0.062,-0.024,-0.019,-0.018,0.263,50.230
2510633385,2026-09-18 06:30:00,234.330,234.060,234.940,0.150,0.010,0.020,0.040,0.034,0.002,0.004,-0.007,-0.003,-0.002,-0.001,0.992,50.210
2510633386,2026-09-18 06:30:00,221.390,221.450,222.310,1.110,1.110,1.110,0.106,0.038,0.034,0.033,-0.695,-0.231,-0.231,-0.232,0.153,50.210
2510633387,2026-09-18 06:30:00,233.420,234.100,233.280,0.010,0.000,0.000,0.002,0.002,0.000,0.000,0.000,0.000,0.000,0.000,1.000,50.210
2510633389,2026-09-18 06:30:00,234.500,234.000,233.630,0.170,0.200,0.200,0.118,0.032,0.042,0.042,-0.061,-0.021,-0.019,-0.019,0.890,50.220
2510633391,2026-09-18 06:30:00,123.000,122.540,122.640,0.000,0.000,0.000,0.000,0.000,0.000,0.000,0.000,0.000,0.000,0.000,1.000,50.230
2510633393,2026-09-18 06:30:00,232.250,233.090,232.580,1.440,1.460,1.440,0.982,0.326,0.334,0.321,0.219,0.073,0.066,0.078,0.976,50.210
2510633395,2026-09-18 06:30:00,233.540,234.320,233.360,0.000,0.000,0.000,0.000,0.000,0.000,0.000,0.000,0.000,0.000,0.000,1.000,50.250
2510633396,2026-09-18 06:30:00,234.130,233.200,233.690,0.240,0.280,0.240,0.159,0.049,0.059,0.049,0.071,0.025,0.023,0.022,0.911,50.230
2510633399,2026-09-18 06:30:00,231.980,231.860,232.870,0.230,0.290,0.220,0.170,0.053,0.067,0.050,0.003,0.000,0.001,0.001,0.997,50.210
2510633400,2026-09-18 06:30:00,231.600,232.700,231.710,0.260,0.300,0.280,0.182,0.058,0.062,0.062,0.053,0.016,0.019,0.018,0.960,50.220
2510633402,2026-09-18 06:30:00,230.350,230.240,232.170,0.600,0.590,0.650,0.306,0.114,0.110,0.126,0.069,0.024,0.020,0.024,0.979,50.220
2510633406,2026-09-18 06:30:00,232.350,232.120,233.230,0.010,0.010,0.010,0.004,0.002,0.001,0.000,-0.004,-0.001,0.000,-0.001,0.699,50.230
2510633411,2026-09-18 06:30:00,230.040,228.850,228.720,2.120,2.090,2.100,1.316,0.447,0.432,0.432,0.551,0.175,0.182,0.193,0.921,50.230
2510814977,2026-09-18 06:30:00,230.550,232.350,230.570,0.010,0.010,0.010,0.004,0.002,0.000,0.001,-0.002,0.000,-0.001,-0.001,0.889,50.230
2610026950,2026-09-18 06:30:00,233.310,232.320,232.250,0.000,0.010,0.010,0.004,0.000,0.001,0.002,0.000,0.000,0.000,0.000,1.000,50.220
2610026952,2026-09-18 06:30:00,232.660,231.520,231.910,1.260,1.240,1.210,0.720,0.245,0.238,0.235,0.449,0.151,0.153,0.143,0.848,50.230
2610026953,2026-09-18 06:30:00,233.390,232.860,233.840,0.600,0.620,0.590,0.380,0.118,0.127,0.134,0.136,0.049,0.044,0.042,0.935,50.230
2610026963,2026-09-18 06:30:00,233.740,233.750,234.640,0.100,0.060,0.070,0.011,0.013,0.000,-0.002,-0.049,-0.020,-0.013,-0.015,0.217,50.220
2610026966,2026-09-18 06:30:00,231.160,231.320,230.580,0.400,0.230,0.340,0.220,0.091,0.051,0.077,0.023,0.008,0.007,0.007,0.992,50.250
2610026976,2026-09-18 06:30:00,233.170,233.030,234.280,0.300,0.720,0.270,0.278,0.068,0.147,0.063,0.062,0.017,0.037,0.007,0.975,50.230
2610026977,2026-09-18 06:30:00,242.420,242.470,241.760,0.140,0.140,0.150,0.074,0.024,0.024,0.025,0.071,0.023,0.023,0.024,0.727,50.220
2610126270,2026-09-18 06:30:00,232.230,233.080,232.320,0.020,0.020,0.010,0.009,0.003,0.004,0.001,-0.004,-0.001,-0.001,-0.001,0.893,50.220
2610126451,2026-09-18 06:30:00,233.840,234.540,233.550,0.000,0.000,0.060,0.014,0.000,0.000,0.013,0.003,0.000,0.000,0.003,0.944,50.230
2610159557,2026-09-18 06:30:00,232.860,231.890,232.090,0.010,0.010,0.020,0.006,0.000,0.000,0.004,-0.005,-0.002,-0.001,-0.001,0.774,50.230
2610170785,2026-09-18 06:30:00,232.640,231.610,231.970,0.000,0.010,0.000,0.002,0.001,0.001,0.000,0.000,0.000,0.000,0.000,1.000,50.220
2610170786,2026-09-18 06:30:00,231.580,231.640,232.340,1.010,0.960,0.990,0.709,0.226,0.243,0.238,0.128,0.033,0.031,0.040,0.979,50.240
2610170836,2026-09-18 06:30:00,233.190,233.520,234.330,0.000,0.010,0.000,0.001,0.000,0.001,0.000,0.000,0.000,0.000,0.000,1.000,50.210
2610170837,2026-09-18 06:30:00,232.180,230.240,230.330,0.000,0.000,0.000,0.000,0.000,0.000,0.000,0.000,0.000,0.000,0.000,1.000,50.210
2610170838,2026-09-18 06:30:00,232.680,231.520,231.890,0.000,0.050,0.020,0.017,0.000,0.010,0.006,0.002,0.000,0.002,0.000,0.978,50.260
2610170839,2026-09-18 06:30:00,231.640,231.880,232.690,0.000,0.000,0.000,0.000,0.000,0.000,0.000,0.000,0.000,0.000,0.000,1.000,50.210
2610170840,2026-09-18 06:30:00,232.290,232.010,233.030,0.930,0.910,0.930,0.579,0.195,0.190,0.193,0.279,0.092,0.091,0.096,0.901,50.220
2610322967,2026-09-18 06:30:00,233.130,232.010,232.060,0.000,0.000,0.000,0.000,0.000,0.000,0.000,0.000,0.000,0.000,0.000,0.611,50.220
2610322969,2026-09-18 06:30:00,233.200,232.210,232.130,0.200,0.170,0.120,0.100,0.032,0.037,0.026,0.026,0.004,0.011,0.010,0.970,50.220
2610322982,2026-09-18 06:30:00,231.950,232.140,232.970,0.010,0.020,0.030,0.012,0.002,0.003,0.006,-0.007,-0.001,-0.002,-0.003,0.898,50.240
2610322995,2026-09-18 06:30:00,231.640,231.940,232.780,0.000,0.030,0.040,0.014,0.000,0.006,0.007,-0.009,0.000,-0.004,-0.004,0.836,50.220
2610322997,2026-09-18 06:30:00,230.170,231.990,230.040,0.400,0.440,0.440,0.288,0.091,0.100,0.096,0.064,0.013,0.024,0.027,0.974,50.220
2610323001,2026-09-18 06:30:00,229.600,228.040,227.960,2.150,1.870,1.990,1.228,0.441,0.372,0.414,0.589,0.203,0.198,0.186,0.901,50.210
2610323004,2026-09-18 06:30:00,64.000,63.340,63.890,0.950,0.930,0.850,0.172,0.060,0.058,0.054,0.023,0.005,0.011,0.006,0.994,50.220
2610323005,2026-09-18 06:30:00,232.100,233.120,232.190,0.000,0.000,0.010,0.002,0.000,0.001,0.001,-0.001,0.000,0.000,-0.001,0.997,50.220
2610323010,2026-09-18 06:30:00,234.090,233.540,233.270,0.040,0.000,0.000,0.006,0.006,0.000,0.000,-0.006,-0.006,0.000,0.000,0.701,50.210
2610323016,2026-09-18 06:30:00,229.460,227.940,227.930,2.510,2.380,2.370,1.497,0.522,0.486,0.487,0.528,0.175,0.179,0.173,0.940,50.230
2610323017,2026-09-18 06:30:00,230.870,232.600,231.420,0.050,0.020,0.020,0.018,0.010,0.004,0.004,-0.010,-0.004,-0.003,-0.002,0.864,50.240
2610323019,2026-09-18 06:30:00,232.180,233.260,232.440,0.020,0.020,0.030,0.014,0.003,0.005,0.005,-0.005,-0.001,-0.001,-0.002,0.913,50.230
2610323027,2026-09-18 06:30:00,232.790,231.700,231.990,0.030,0.040,0.030,0.018,0.005,0.007,0.005,-0.010,-0.003,-0.004,-0.003,0.881,50.230
2410121457,2026-09-18 06:31:00,231.980,230.900,231.270,1.650,1.710,1.600,1.066,0.354,0.363,0.348,0.352,0.119,0.128,0.104,0.949,50.170
2410131387,2026-09-18 06:31:00,232.190,232.880,232.660,0.030,0.030,0.020,0.017,0.006,0.005,0.005,0.003,0.001,0.001,0.000,0.976,50.170
2510224167,2026-09-18 06:31:00,231.980,231.740,232.810,0.900,0.120,0.360,0.210,0.140,0.010,0.050,-0.180,-0.100,-0.020,-0.050,0.763,50.190
2510633390,2026-09-18 06:31:00,231.760,232.710,231.510,1.580,1.880,1.900,1.070,0.329,0.389,0.351,0.343,0.091,0.114,0.137,0.958,50.190
2510633397,2026-09-18 06:31:00,238.550,237.470,237.800,0.020,0.020,0.010,0.009,0.002,0.005,0.001,-0.003,-0.002,0.000,0.000,0.924,50.160
2510317537,2026-09-18 06:32:00,231.340,230.780,232.640,2.350,2.490,2.250,1.500,0.500,0.540,0.450,-0.210,-0.060,-0.050,-0.080,0.991,50.160
2246006313,2026-09-18 07:00:00,58.500,58.500,58.400,0.917,0.908,0.922,0.151,0.051,0.051,0.051,0.029,0.009,0.009,0.010,0.983,50.160
2410121326,2026-09-18 07:00:00,234.180,233.310,233.640,0.210,0.170,0.220,0.134,0.047,0.038,0.048,0.041,0.013,0.010,0.018,0.951,50.140
2410121353,2026-09-18 07:00:00,233.990,233.160,233.510,0.000,0.010,0.040,0.012,0.000,0.003,0.008,-0.001,0.000,0.000,0.000,1.000,50.130
2410121371,2026-09-18 07:00:00,233.610,232.680,233.040,0.100,0.110,0.110,0.073,0.021,0.025,0.025,0.001,0.000,0.002,0.000,0.999,50.120
2410121424,2026-09-18 07:00:00,233.840,233.020,233.330,0.010,0.010,0.010,0.005,0.001,0.001,0.002,-0.002,-0.001,-0.001,0.000,0.908,50.150
2410121440,2026-09-18 07:00:00,233.310,232.540,232.840,0.040,0.000,0.030,0.014,0.007,0.000,0.006,-0.005,-0.003,0.000,-0.001,0.963,50.130
2410121454,2026-09-18 07:00:00,233.370,234.030,233.140,0.070,0.110,0.190,0.079,0.014,0.023,0.041,0.013,0.004,0.005,0.003,0.982,50.160
2410121457,2026-09-18 07:00:00,232.410,231.400,232.020,1.630,1.690,1.600,1.062,0.350,0.362,0.349,0.340,0.117,0.124,0.098,0.952,50.190
2410121574,2026-09-18 07:00:00,233.780,233.130,233.270,0.900,0.310,0.460,0.403,0.211,0.081,0.119,-0.032,0.002,-0.019,-0.014,0.995,50.130
2410131378,2026-09-18 07:00:00,233.100,233.620,232.950,0.050,0.020,0.030,0.020,0.010,0.003,0.006,-0.002,0.000,-0.002,0.000,0.971,50.110
2410131383,2026-09-18 07:00:00,237.590,237.190,237.060,0.040,0.050,0.080,0.040,0.010,0.010,0.019,0.004,0.002,0.001,0.000,0.983,50.150
2410131384,2026-09-18 07:00:00,232.900,233.310,232.680,0.870,1.000,0.950,0.622,0.194,0.234,0.193,0.107,0.030,0.041,0.033,0.987,50.140
2410131387,2026-09-18 07:00:00,235.670,235.930,235.860,0.030,0.020,0.020,0.017,0.006,0.005,0.005,0.004,0.001,0.001,0.000,0.981,50.120
2410320615,2026-09-18 07:00:00,234.480,234.580,235.010,2.890,2.860,3.000,1.972,0.659,0.630,0.682,0.558,0.159,0.210,0.188,0.961,50.140
2410883988,2026-09-18 07:00:00,233.200,233.650,233.000,0.000,0.000,0.070,0.016,0.000,0.000,0.015,0.001,0.000,0.000,0.001,0.980,50.140
2410883990,2026-09-18 07:00:00,233.400,232.660,232.870,0.020,0.000,0.000,0.005,0.004,0.000,0.001,0.001,0.001,0.000,0.000,1.000,50.150
2410883991,2026-09-18 07:00:00,232.340,233.000,233.720,0.300,0.040,0.020,0.071,0.057,0.008,0.005,0.024,0.025,0.000,-0.001,0.959,50.150
2410883993,2026-09-18 07:00:00,233.320,232.060,232.030,0.430,0.860,1.540,0.674,0.112,0.179,0.382,0.059,0.001,0.019,0.039,0.995,50.140
2410883994,2026-09-18 07:00:00,233.640,232.630,233.060,0.020,0.010,0.010,0.007,0.003,0.001,0.002,-0.002,-0.001,0.000,0.000,0.923,50.160
2410932742,2026-09-18 07:00:00,231.770,230.090,230.160,2.900,2.840,2.990,1.861,0.623,0.601,0.635,0.529,0.176,0.173,0.179,0.961,50.170
2411087432,2026-09-18 07:00:00,233.480,234.090,233.290,0.440,0.430,0.470,0.312,0.103,0.099,0.109,-0.004,0.003,-0.003,-0.003,1.000,50.130
2411087433,2026-09-18 07:00:00,232.860,233.210,233.840,0.510,0.450,0.460,0.312,0.111,0.098,0.102,-0.009,0.000,-0.004,-0.004,0.998,50.150
2411290205,2026-09-18 07:00:00,236.210,235.930,236.360,0.190,0.200,0.220,0.145,0.045,0.046,0.052,0.015,0.003,0.005,0.005,0.996,50.140
2510014481,2026-09-18 07:00:00,231.160,231.060,232.310,1.830,1.820,2.140,1.289,0.400,0.388,0.458,0.268,0.088,0.099,0.080,0.976,50.140
2510014482,2026-09-18 07:00:00,233.630,234.130,233.380,0.020,0.040,0.000,0.011,0.003,0.007,0.000,-0.004,-0.001,-0.002,0.000,0.933,50.140
2510014483,2026-09-18 07:00:00,232.610,232.950,233.510,0.040,0.040,0.050,0.021,0.007,0.005,0.008,-0.020,-0.005,-0.005,-0.008,0.723,50.140
2510014484,2026-09-18 07:00:00,235.370,235.210,235.770,1.680,1.880,1.510,1.118,0.375,0.433,0.343,0.388,0.134,0.122,0.131,0.947,50.140
2510178139,2026-09-18 07:00:00,233.630,234.240,233.180,0.370,0.350,0.380,0.258,0.089,0.080,0.078,0.069,0.023,0.027,0.017,0.964,50.140
2510178141,2026-09-18 07:00:00,233.620,233.920,234.390,0.020,0.010,0.020,0.009,0.003,0.001,0.004,-0.009,-0.004,-0.002,-0.002,0.732,50.150
2510203103,2026-09-18 07:00:00,228.160,226.530,226.540,0.270,0.250,0.180,-0.150,-0.057,-0.048,-0.044,0.000,0.000,0.000,-0.001,1.000,50.150
2510203104,2026-09-18 07:00:00,226.990,227.130,227.700,0.340,0.310,0.300,0.201,0.071,0.068,0.061,0.058,0.007,0.020,0.030,0.955,50.130
2510203105,2026-09-18 07:00:00,233.040,231.450,231.790,1.200,1.100,1.060,0.709,0.254,0.229,0.222,0.312,0.110,0.105,0.096,0.914,50.140
2510203106,2026-09-18 07:00:00,236.690,236.440,237.010,0.010,0.010,0.000,0.005,0.002,0.003,0.000,-0.002,-0.001,0.000,0.000,0.839,50.140
2510203108,2026-09-18 07:00:00,233.550,234.060,232.990,0.790,1.090,1.210,0.705,0.180,0.252,0.271,0.107,0.030,0.022,0.053,0.988,50.140
2510203109,2026-09-18 07:00:00,232.960,233.600,232.650,0.100,0.070,0.020,0.039,0.019,0.014,0.005,0.017,0.010,0.004,0.002,0.909,50.140
2510203111,2026-09-18 07:00:00,233.770,234.070,234.610,0.030,0.010,0.000,0.009,0.006,0.002,0.000,-0.001,-0.001,0.000,0.000,1.000,50.140
2510203112,2026-09-18 07:00:00,224.390,223.580,224.420,1.980,2.000,1.830,1.123,0.383,0.385,0.352,0.301,0.083,0.120,0.097,0.965,50.150
2510203113,2026-09-18 07:00:00,236.960,236.600,236.510,0.460,0.540,0.750,0.414,0.116,0.126,0.170,0.027,0.005,0.007,0.015,0.997,50.130
2510203114,2026-09-18 07:00:00,226.750,227.150,227.590,0.290,0.150,0.190,0.135,0.064,0.034,0.036,0.021,0.005,0.002,0.012,0.988,50.140
2510203117,2026-09-18 07:00:00,233.260,232.760,232.630,0.310,0.160,0.120,0.098,0.059,0.031,0.007,0.087,0.040,0.019,0.027,0.748,50.160
2510203118,2026-09-18 07:00:00,122.750,122.820,123.200,0.170,0.150,0.150,0.054,0.020,0.018,0.016,-0.018,-0.007,-0.004,-0.007,0.943,50.150
2510203119,2026-09-18 07:00:00,233.250,232.670,232.660,0.000,0.000,0.000,0.000,0.000,0.000,0.000,0.000,0.000,0.000,0.000,1.000,50.140
2510203121,2026-09-18 07:00:00,232.620,232.770,233.290,0.010,0.010,0.090,0.027,0.003,0.002,0.021,-0.008,0.000,-0.002,-0.005,0.944,50.140
2510203123,2026-09-18 07:00:00,233.650,233.850,234.510,0.010,0.010,0.000,0.004,0.002,0.001,0.000,-0.002,-0.001,0.000,0.000,0.845,50.130
2510203124,2026-09-18 07:00:00,233.810,234.030,233.100,0.110,0.110,0.130,0.074,0.023,0.022,0.028,0.033,0.010,0.011,0.011,0.911,50.130
2510203126,2026-09-18 07:00:00,233.100,233.160,233.730,0.070,0.000,0.000,0.016,0.015,0.000,0.000,0.001,0.001,0.000,0.000,0.971,50.130
2510203127,2026-09-18 07:00:00,233.600,234.270,233.460,0.440,0.590,0.410,0.278,0.081,0.120,0.077,0.186,0.061,0.069,0.055,0.831,50.130
2510203128,2026-09-18 07:00:00,232.870,233.310,232.060,0.920,0.970,1.140,0.688,0.207,0.220,0.260,0.050,0.011,0.013,0.026,0.996,50.140
2510203129,2026-09-18 07:00:00,237.000,236.730,237.420,0.010,0.010,0.000,0.004,0.002,0.002,0.000,-0.003,-0.002,-0.001,0.000,0.795,50.130
2510203130,2026-09-18 07:00:00,244.550,244.480,246.210,0.000,0.000,0.070,0.016,0.000,0.000,0.016,0.000,0.000,0.000,0.000,0.975,50.130
2510203133,2026-09-18 07:00:00,233.860,234.460,233.700,0.080,0.020,0.000,0.023,0.018,0.003,0.000,-0.005,-0.003,-0.001,0.000,0.964,50.160
2510203134,2026-09-18 07:00:00,233.750,232.690,232.940,0.020,0.010,0.010,0.007,0.004,0.001,0.001,-0.002,0.000,-0.001,0.000,0.954,50.170
2510224049,2026-09-18 07:00:00,232.460,232.830,232.320,0.050,1.260,0.020,0.160,0.000,0.150,0.000,-0.140,0.000,-0.120,0.000,0.751,50.140
2510224167,2026-09-18 07:00:00,232.640,232.610,233.270,0.900,0.120,0.360,0.210,0.130,0.010,0.050,-0.180,-0.100,-0.020,-0.050,0.759,50.150
2510317505,2026-09-18 07:00:00,232.680,232.800,233.340,0.090,0.030,2.190,0.280,0.010,0.000,0.260,-0.260,-0.010,0.000,-0.240,0.729,50.140
2510317516,2026-09-18 07:00:00,232.860,232.870,233.530,0.000,0.000,0.000,0.000,0.000,0.000,0.000,0.000,0.000,0.000,0.000,1.000,50.150
2510317537,2026-09-18 07:00:00,232.150,231.830,233.370,2.420,2.530,2.380,1.620,0.510,0.520,0.500,-0.160,-0.020,-0.040,-0.080,0.994,50.150
2510389559,2026-09-18 07:00:00,237.190,237.060,237.490,0.000,0.000,0.000,0.000,0.000,0.000,0.000,0.000,0.000,0.000,0.000,1.000,50.130
2510389643,2026-09-18 07:00:00,237.270,236.960,237.390,2.130,0.000,0.000,0.340,0.340,0.000,0.000,-0.070,-0.070,0.000,0.000,0.976,50.150
2510389931,2026-09-18 07:00:00,235.110,234.870,235.560,0.050,0.000,0.000,0.000,0.000,0.000,0.000,-0.010,-0.010,0.000,0.000,0.192,50.140
2510633381,2026-09-18 07:00:00,233.550,232.570,232.940,0.040,0.030,0.010,0.015,0.007,0.005,0.002,-0.011,-0.005,-0.004,-0.001,0.797,50.130
2510633383,2026-09-18 07:00:00,233.390,233.670,234.210,0.110,0.080,0.090,0.017,0.006,0.002,0.009,-0.062,-0.024,-0.019,-0.019,0.266,50.120
2510633385,2026-09-18 07:00:00,237.470,237.320,237.930,0.060,0.010,0.020,0.021,0.012,0.002,0.006,-0.005,-0.002,-0.002,0.000,0.979,50.190
2510633386,2026-09-18 07:00:00,222.250,222.420,223.190,1.100,1.100,1.100,0.116,0.041,0.037,0.038,-0.697,-0.230,-0.233,-0.233,0.165,50.170
2510633387,2026-09-18 07:00:00,233.360,233.960,233.180,0.010,0.020,0.000,0.004,0.002,0.002,0.000,0.002,0.000,0.002,0.000,0.795,50.190
2510633389,2026-09-18 07:00:00,237.050,236.680,236.400,0.180,0.220,0.210,0.136,0.038,0.049,0.047,-0.048,-0.017,-0.015,-0.014,0.943,50.180
2510633390,2026-09-18 07:00:00,232.980,233.780,232.570,1.400,1.560,1.580,1.043,0.306,0.348,0.343,0.307,0.095,0.086,0.124,0.957,50.170
2510633391,2026-09-18 07:00:00,122.850,122.380,122.530,0.000,0.000,0.000,0.000,0.000,0.000,0.000,0.000,0.000,0.000,0.000,1.000,50.140
2510633393,2026-09-18 07:00:00,234.960,235.300,234.900,1.480,1.460,1.450,0.998,0.336,0.333,0.328,0.227,0.077,0.068,0.081,0.975,50.130
2510633395,2026-09-18 07:00:00,233.540,233.940,233.120,0.000,0.000,0.000,0.000,0.000,0.000,0.000,0.000,0.000,0.000,0.000,1.000,50.130
2510633396,2026-09-18 07:00:00,234.070,233.280,233.870,0.220,0.260,0.220,0.146,0.045,0.055,0.045,0.069,0.023,0.023,0.022,0.905,50.130
2510633397,2026-09-18 07:00:00,239.820,238.660,239.140,0.020,0.020,0.010,0.010,0.002,0.005,0.002,-0.003,-0.002,0.000,0.000,0.914,50.170
2510633399,2026-09-18 07:00:00,232.650,232.670,233.330,0.190,0.290,0.240,0.165,0.044,0.065,0.055,-0.001,0.000,0.000,-0.001,0.997,50.120
2510633400,2026-09-18 07:00:00,232.270,232.880,232.200,0.290,0.370,0.260,0.198,0.057,0.080,0.060,0.053,0.016,0.019,0.017,0.968,50.150
2510633402,2026-09-18 07:00:00,231.930,231.910,233.400,0.520,0.610,0.650,0.331,0.106,0.109,0.116,0.080,0.024,0.025,0.030,0.989,50.150
2510633406,2026-09-18 07:00:00,232.630,232.680,233.310,0.010,0.010,0.010,0.004,0.002,0.001,0.000,-0.004,-0.001,0.000,-0.001,0.687,50.150
2510633411,2026-09-18 07:00:00,230.330,229.450,229.390,2.010,1.950,2.000,1.273,0.435,0.415,0.421,0.534,0.171,0.173,0.189,0.920,50.140
2510814977,2026-09-18 07:00:00,232.230,233.600,232.230,0.010,0.010,0.010,0.004,0.002,0.000,0.001,-0.002,0.000,-0.001,-0.001,0.927,50.140
2610026950,2026-09-18 07:00:00,233.420,232.660,232.790,0.010,0.020,0.010,0.007,0.001,0.003,0.002,-0.001,0.000,0.000,0.000,0.967,50.150
2610026952,2026-09-18 07:00:00,232.670,231.540,232.060,1.300,1.310,1.260,0.767,0.260,0.257,0.248,0.436,0.143,0.150,0.142,0.869,50.140
2610026963,2026-09-18 07:00:00,233.820,233.850,234.560,0.100,0.060,0.070,0.011,0.012,0.000,-0.001,-0.050,-0.019,-0.014,-0.016,0.226,50.130
2610026966,2026-09-18 07:00:00,230.640,231.000,230.100,0.420,0.250,0.170,0.193,0.097,0.058,0.037,0.022,0.010,0.007,0.008,0.991,50.130
2610026976,2026-09-18 07:00:00,233.130,233.160,234.260,0.500,0.840,0.160,0.330,0.115,0.178,0.036,0.061,0.017,0.035,0.007,0.983,50.130
2610026977,2026-09-18 07:00:00,242.010,242.120,241.290,0.140,0.180,0.140,0.087,0.024,0.038,0.024,0.070,0.023,0.023,0.024,0.783,50.130
2610126270,2026-09-18 07:00:00,232.780,233.240,232.670,0.010,0.040,0.010,0.013,0.002,0.008,0.002,-0.003,-0.001,0.000,-0.001,0.982,50.140
2610126451,2026-09-18 07:00:00,233.970,234.370,233.580,0.000,0.030,0.060,0.017,0.000,0.003,0.013,0.009,0.000,0.006,0.003,0.877,50.150
2610159557,2026-09-18 07:00:00,233.710,232.730,233.050,0.020,0.010,0.020,0.009,0.003,0.002,0.003,-0.006,-0.003,-0.001,-0.001,0.849,50.140
2610170785,2026-09-18 07:00:00,233.360,232.390,232.810,0.010,0.010,0.000,0.003,0.001,0.001,0.000,0.000,0.000,0.000,0.000,0.911,50.140
2610170786,2026-09-18 07:00:00,232.540,232.920,233.530,0.780,0.800,0.890,0.396,0.118,0.132,0.145,0.116,0.039,0.033,0.044,0.960,50.140
2610170836,2026-09-18 07:00:00,233.510,233.950,234.530,0.000,0.010,0.000,0.001,0.000,0.001,0.000,0.000,0.000,0.000,0.000,1.000,50.140
2610170837,2026-09-18 07:00:00,233.610,231.960,232.160,0.000,0.000,0.000,0.000,0.000,0.000,0.000,0.000,0.000,0.000,0.000,1.000,50.140
2610170838,2026-09-18 07:00:00,233.570,232.460,232.930,0.000,0.030,0.030,0.013,0.000,0.006,0.006,0.004,0.000,0.002,0.001,0.976,50.140
2610170840,2026-09-18 07:00:00,235.210,234.990,235.700,0.920,0.900,0.910,0.577,0.195,0.189,0.191,0.281,0.092,0.092,0.096,0.898,50.140
2610322967,2026-09-18 07:00:00,234.020,232.900,233.030,0.000,0.000,0.000,0.000,0.000,0.000,0.000,0.000,0.000,0.000,0.000,1.000,50.140
2610322969,2026-09-18 07:00:00,233.140,232.300,232.670,0.480,0.360,0.050,0.209,0.119,0.080,0.009,0.050,0.013,0.031,0.006,0.969,50.140
2610322982,2026-09-18 07:00:00,232.650,232.940,233.640,0.010,0.020,0.030,0.012,0.002,0.003,0.006,-0.007,-0.001,-0.002,-0.003,0.840,50.130
2610322995,2026-09-18 07:00:00,232.410,232.910,233.600,0.000,0.030,0.040,0.014,0.000,0.006,0.007,-0.009,0.000,-0.004,-0.004,0.836,50.150
2610322997,2026-09-18 07:00:00,231.870,233.170,231.530,0.590,0.700,0.650,0.442,0.140,0.165,0.146,0.104,0.017,0.043,0.043,0.973,50.140
2610323001,2026-09-18 07:00:00,231.200,229.900,229.960,2.070,1.850,1.910,1.196,0.425,0.373,0.396,0.561,0.191,0.185,0.184,0.905,50.140
2610323004,2026-09-18 07:00:00,64.390,63.860,64.320,0.920,0.900,0.820,0.168,0.059,0.056,0.052,0.016,0.002,0.009,0.004,0.993,50.140
2610323005,2026-09-18 07:00:00,232.910,233.330,232.590,0.000,0.000,0.060,0.016,0.000,0.001,0.014,-0.001,0.000,0.000,-0.001,1.000,50.150
2610323010,2026-09-18 07:00:00,236.820,236.310,236.250,0.040,0.080,0.000,0.024,0.006,0.017,0.000,0.002,-0.006,0.007,0.000,0.990,50.140
2610323016,2026-09-18 07:00:00,231.480,230.120,230.260,1.800,1.690,1.680,1.066,0.376,0.343,0.347,0.486,0.161,0.166,0.158,0.909,50.140
2610323017,2026-09-18 07:00:00,232.120,233.520,232.280,0.050,0.020,0.020,0.019,0.010,0.004,0.004,-0.011,-0.005,-0.003,-0.002,0.866,50.150
2610323027,2026-09-18 07:00:00,233.750,232.610,233.050,0.030,0.040,0.030,0.018,0.005,0.007,0.005,-0.011,-0.003,-0.004,-0.003,0.842,50.140
2510203120,2026-09-18 07:01:00,232.980,232.030,232.410,1.120,0.830,0.900,0.621,0.245,0.179,0.196,0.192,0.075,0.058,0.058,0.955,50.140
2610026953,2026-09-18 07:01:00,235.880,235.500,236.210,0.690,0.720,0.630,0.487,0.159,0.161,0.166,0.166,0.066,0.056,0.047,0.941,50.130
2610170839,2026-09-18 07:01:00,232.860,233.210,233.840,0.000,0.010,0.010,0.004,0.000,0.001,0.002,0.000,0.000,0.000,0.000,1.000,50.130
2610323019,2026-09-18 07:01:00,232.880,233.600,232.890,0.020,0.050,0.030,0.021,0.004,0.011,0.005,-0.007,-0.001,-0.003,-0.002,0.936,50.120
2510203122,2026-09-18 07:02:00,232.960,233.680,232.780,0.190,0.020,0.020,0.044,0.035,0.004,0.004,0.025,0.024,0.001,0.000,0.865,50.150
2246006313,2026-09-18 07:30:00,58.000,58.000,57.800,0.890,0.897,0.886,0.156,0.051,0.052,0.051,0.028,0.009,0.009,0.009,0.985,50.080
2410121353,2026-09-18 07:30:00,236.150,235.320,235.600,0.000,0.010,0.040,0.012,0.000,0.003,0.009,-0.001,0.000,0.000,0.000,0.996,50.040
2410121371,2026-09-18 07:30:00,236.560,235.530,235.920,0.080,0.110,0.110,0.071,0.021,0.026,0.025,0.000,-0.001,0.001,0.000,0.993,50.010
2410121424,2026-09-18 07:30:00,236.000,235.190,235.470,0.010,0.010,0.010,0.005,0.001,0.001,0.002,-0.002,-0.001,-0.001,0.000,0.919,49.980
2410121440,2026-09-18 07:30:00,236.150,235.320,235.540,0.040,0.000,0.030,0.031,0.024,0.000,0.006,-0.005,-0.003,0.000,-0.001,0.976,49.960
2410121454,2026-09-18 07:30:00,235.400,236.030,234.900,0.420,0.530,0.650,0.372,0.097,0.125,0.149,0.029,0.005,0.003,0.020,0.996,49.980
2410121457,2026-09-18 07:30:00,234.230,233.210,233.690,1.630,1.780,1.610,1.080,0.349,0.382,0.350,0.372,0.127,0.135,0.110,0.945,49.900
2410121574,2026-09-18 07:30:00,235.640,235.030,235.140,1.100,0.500,0.630,0.508,0.253,0.114,0.140,-0.024,0.007,-0.019,-0.012,0.997,50.020
2410131378,2026-09-18 07:30:00,235.740,236.310,235.280,0.340,0.430,0.520,0.370,0.080,0.143,0.166,0.045,0.012,0.007,0.025,0.990,50.040
2410131383,2026-09-18 07:30:00,234.950,234.710,234.610,0.170,0.180,0.260,0.143,0.039,0.042,0.061,0.008,0.001,0.003,0.003,0.995,49.960
2410131384,2026-09-18 07:30:00,231.400,232.120,231.260,0.940,0.870,0.880,0.646,0.193,0.244,0.207,0.114,0.030,0.049,0.033,0.983,50.100
2410320615,2026-09-18 07:30:00,231.750,231.710,232.630,3.780,3.670,3.800,2.478,0.820,0.783,0.825,0.711,0.217,0.265,0.227,0.960,50.100
2410883988,2026-09-18 07:30:00,231.110,231.650,230.870,0.000,0.000,0.070,0.016,0.000,0.000,0.015,0.001,0.000,0.000,0.001,1.000,50.110
2410883990,2026-09-18 07:30:00,231.220,230.340,230.530,0.020,0.000,0.000,0.005,0.004,0.000,0.001,0.001,0.001,0.000,0.000,0.993,50.070
2410883991,2026-09-18 07:30:00,231.230,231.670,232.510,0.200,0.040,0.050,0.071,0.051,0.009,0.011,0.020,0.023,0.000,-0.001,0.971,50.060
2410883993,2026-09-18 07:30:00,231.820,230.500,230.090,0.390,0.730,1.980,0.702,0.094,0.167,0.463,0.044,-0.006,0.004,0.046,0.997,50.030
2410883994,2026-09-18 07:30:00,232.380,231.300,231.710,0.020,0.010,0.020,0.009,0.003,0.001,0.004,-0.003,-0.001,0.000,0.000,0.943,50.070
2410932742,2026-09-18 07:30:00,228.100,226.240,226.500,3.700,3.640,3.790,2.366,0.792,0.769,0.805,0.620,0.206,0.201,0.213,0.967,50.090
2411087432,2026-09-18 07:30:00,232.200,232.740,231.930,0.230,0.200,0.230,0.168,0.055,0.052,0.060,0.000,0.004,-0.004,0.000,0.997,50.120
2411087433,2026-09-18 07:30:00,231.150,231.420,232.170,0.560,0.500,0.500,0.343,0.121,0.106,0.103,-0.008,-0.004,-0.001,-0.002,1.000,50.020
2411290205,2026-09-18 07:30:00,233.210,233.220,233.330,3.630,3.470,3.550,2.473,0.842,0.808,0.822,0.181,0.067,0.060,0.067,0.997,50.050
2510014481,2026-09-18 07:30:00,227.520,227.840,229.040,2.080,2.020,2.270,1.214,0.413,0.382,0.418,0.281,0.099,0.090,0.088,0.976,50.020
2510014482,2026-09-18 07:30:00,232.350,232.710,231.980,0.020,0.040,0.000,0.013,0.003,0.009,0.000,0.000,-0.001,0.000,0.000,1.000,50.120
2510014483,2026-09-18 07:30:00,231.020,231.280,231.980,0.040,0.030,0.050,0.020,0.006,0.005,0.008,-0.019,-0.005,-0.005,-0.008,0.714,50.040
2510014484,2026-09-18 07:30:00,233.640,233.370,233.810,1.650,1.910,1.550,1.123,0.375,0.426,0.346,0.380,0.132,0.120,0.127,0.949,50.120
2510178139,2026-09-18 07:30:00,231.850,232.390,231.550,0.380,0.370,0.360,0.240,0.082,0.088,0.069,0.091,0.030,0.035,0.026,0.929,50.010
2510178141,2026-09-18 07:30:00,231.690,232.220,232.750,0.610,0.300,0.300,0.256,0.119,0.070,0.066,0.006,0.014,0.000,-0.008,1.000,50.110
2510203103,2026-09-18 07:30:00,224.730,222.980,223.490,0.290,0.150,0.280,0.195,0.090,0.039,0.065,-0.025,0.001,0.002,-0.028,0.986,50.090
2510203104,2026-09-18 07:30:00,225.380,225.530,226.240,0.830,0.780,0.760,0.490,0.167,0.163,0.159,0.058,0.009,0.021,0.027,0.993,50.080
2510203105,2026-09-18 07:30:00,230.560,228.730,229.250,0.350,0.460,0.300,0.261,0.084,0.107,0.069,-0.025,-0.011,-0.002,-0.011,0.993,50.020
2510203106,2026-09-18 07:30:00,234.750,234.470,234.850,0.010,0.010,0.000,0.006,0.002,0.003,0.000,-0.002,-0.001,0.000,0.000,0.959,50.090
2510203108,2026-09-18 07:30:00,232.800,233.130,232.370,0.590,1.200,1.080,0.708,0.150,0.295,0.262,0.100,0.034,0.039,0.026,0.992,50.090
2510203109,2026-09-18 07:30:00,231.330,232.040,230.950,0.110,0.150,0.270,0.116,0.022,0.034,0.058,0.004,0.008,-0.001,-0.002,0.996,50.020
2510203111,2026-09-18 07:30:00,231.870,232.440,232.990,1.480,1.170,1.540,0.873,0.302,0.239,0.332,0.263,0.108,0.082,0.072,0.958,50.100
2510203112,2026-09-18 07:30:00,223.320,222.940,223.260,0.460,0.500,0.480,0.279,0.089,0.096,0.093,0.151,0.050,0.051,0.050,0.875,50.120
2510203114,2026-09-18 07:30:00,225.090,225.440,226.000,0.500,0.350,0.410,0.282,0.114,0.077,0.090,0.036,0.012,0.007,0.017,0.990,50.000
2510203117,2026-09-18 07:30:00,231.350,230.520,230.550,0.120,0.150,0.120,0.045,0.014,0.029,0.001,0.069,0.024,0.018,0.026,0.542,50.090
2510203118,2026-09-18 07:30:00,121.820,121.890,122.330,0.180,0.150,0.150,0.051,0.019,0.016,0.015,-0.019,-0.007,-0.004,-0.007,0.945,50.030
2510203119,2026-09-18 07:30:00,231.100,230.250,230.360,0.000,0.000,0.000,0.000,0.000,0.000,0.000,0.000,0.000,0.000,0.000,1.000,50.100
2510203120,2026-09-18 07:30:00,231.710,230.710,231.020,1.050,0.790,0.850,0.574,0.226,0.166,0.181,0.226,0.084,0.070,0.071,0.929,50.090
2510203121,2026-09-18 07:30:00,230.470,230.560,231.300,0.010,0.010,0.100,0.028,0.003,0.002,0.023,-0.008,0.000,-0.002,-0.005,0.963,50.020
2510203123,2026-09-18 07:30:00,231.740,232.070,232.680,1.370,0.990,0.690,0.447,0.089,0.329,0.027,0.025,0.031,-0.007,0.001,0.999,50.080
2510203124,2026-09-18 07:30:00,232.170,232.270,231.510,0.480,0.480,0.500,0.325,0.106,0.107,0.112,0.095,0.030,0.031,0.033,0.960,50.000
2510203126,2026-09-18 07:30:00,230.510,230.590,231.350,0.070,0.000,0.000,0.016,0.015,0.000,0.000,0.001,0.001,0.000,0.000,1.000,50.020
2510203127,2026-09-18 07:30:00,235.710,236.270,235.530,0.440,0.600,0.410,0.281,0.082,0.120,0.077,0.194,0.063,0.072,0.058,0.822,49.980
2510203128,2026-09-18 07:30:00,231.400,232.030,230.660,0.980,1.010,1.190,0.720,0.221,0.227,0.271,0.069,0.020,0.018,0.030,0.996,50.100
2510203129,2026-09-18 07:30:00,234.810,234.560,234.970,0.010,0.010,0.000,0.004,0.002,0.002,0.000,-0.003,-0.002,0.000,0.000,0.786,49.970
2510203130,2026-09-18 07:30:00,240.820,240.930,242.510,0.000,0.000,0.080,0.018,0.000,0.000,0.018,0.003,0.000,0.000,0.003,0.963,50.000
2510203133,2026-09-18 07:30:00,232.050,232.560,231.800,0.020,0.020,0.000,0.009,0.004,0.003,0.000,-0.002,0.000,-0.001,0.000,0.929,50.030
2510203134,2026-09-18 07:30:00,232.730,231.620,231.860,0.020,0.010,0.010,0.007,0.004,0.001,0.001,-0.002,0.000,-0.001,0.000,0.949,50.090
2510224167,2026-09-18 07:30:00,230.310,230.220,231.120,0.900,0.120,0.360,0.210,0.130,0.010,0.050,-0.180,-0.100,-0.020,-0.050,0.764,50.120
2510317505,2026-09-18 07:30:00,230.450,230.550,231.250,0.090,0.030,2.180,0.270,0.010,0.000,0.250,-0.250,-0.010,0.000,-0.230,0.733,50.100
2510317516,2026-09-18 07:30:00,230.440,230.490,231.270,0.000,0.000,0.000,0.000,0.000,0.000,0.000,0.000,0.000,0.000,0.000,1.000,49.960
2510317537,2026-09-18 07:30:00,230.750,230.560,232.100,2.270,2.440,2.480,1.700,0.480,0.510,0.570,-0.170,-0.010,-0.060,-0.100,0.995,50.120
2510389643,2026-09-18 07:30:00,235.080,234.980,235.190,2.140,0.000,0.000,0.340,0.340,0.000,0.000,-0.070,-0.070,0.000,0.000,0.976,50.120
2510389931,2026-09-18 07:30:00,234.430,234.080,234.630,0.050,0.000,0.000,0.000,0.000,0.000,0.000,-0.010,-0.010,0.000,0.000,0.180,50.080
2510633381,2026-09-18 07:30:00,231.860,230.860,231.160,0.040,0.040,0.020,0.021,0.009,0.007,0.004,-0.007,-0.003,-0.003,0.000,0.946,49.990
2510633383,2026-09-18 07:30:00,231.310,231.840,232.390,1.550,1.180,1.540,0.949,0.345,0.259,0.344,0.026,0.029,0.004,-0.007,0.999,49.990
2510633385,2026-09-18 07:30:00,234.760,234.700,234.880,0.230,0.020,0.140,0.090,0.054,0.003,0.033,0.005,0.002,-0.002,0.005,1.000,49.890
2510633386,2026-09-18 07:30:00,220.170,220.370,221.170,1.070,1.070,1.060,0.132,0.048,0.042,0.041,-0.663,-0.219,-0.222,-0.221,0.197,49.880
2510633387,2026-09-18 07:30:00,235.120,235.690,234.900,0.010,0.000,0.000,0.002,0.002,0.000,0.000,0.000,0.000,0.000,0.000,0.827,49.880
2510633389,2026-09-18 07:30:00,233.770,233.590,233.310,1.330,1.270,1.240,0.906,0.317,0.298,0.290,0.174,0.054,0.056,0.062,0.981,49.900
2510633390,2026-09-18 07:30:00,230.810,231.720,230.440,1.890,2.110,2.110,1.280,0.400,0.440,0.438,0.346,0.104,0.113,0.128,0.967,49.920
2510633391,2026-09-18 07:30:00,123.760,123.620,123.300,0.270,0.540,0.680,0.160,0.028,0.053,0.076,-0.003,0.012,-0.028,0.013,1.000,49.960
2510633393,2026-09-18 07:30:00,232.770,233.120,232.980,1.540,1.560,1.570,1.053,0.347,0.354,0.351,0.231,0.079,0.069,0.082,0.976,49.990
2510633395,2026-09-18 07:30:00,232.080,232.540,231.480,0.000,0.000,0.000,0.000,0.000,0.000,0.000,0.000,0.000,0.000,0.000,1.000,50.000
2510633396,2026-09-18 07:30:00,232.010,231.320,231.830,0.640,0.700,0.640,0.427,0.138,0.151,0.135,0.102,0.032,0.036,0.032,0.976,49.980
2510633397,2026-09-18 07:30:00,237.760,236.590,237.000,0.030,0.020,0.020,0.018,0.007,0.005,0.005,-0.002,-0.001,0.000,0.000,0.997,49.930
2510633399,2026-09-18 07:30:00,230.030,229.980,230.900,0.260,0.390,0.320,0.222,0.060,0.089,0.072,0.009,0.002,0.003,0.003,0.997,49.980
2510633400,2026-09-18 07:30:00,229.750,230.630,229.610,0.290,0.280,0.320,0.178,0.056,0.063,0.059,0.053,0.015,0.018,0.018,0.962,49.950
2510633402,2026-09-18 07:30:00,228.000,228.160,229.620,0.410,0.520,0.630,0.392,0.117,0.126,0.149,0.082,0.026,0.025,0.030,0.976,49.890
2510633406,2026-09-18 07:30:00,230.370,230.320,231.200,0.010,0.010,0.010,0.004,0.002,0.000,0.000,-0.004,-0.001,0.000,-0.001,0.683,50.020
2510633411,2026-09-18 07:30:00,228.190,227.110,227.110,2.000,1.910,1.960,1.243,0.428,0.403,0.411,0.507,0.164,0.167,0.179,0.923,49.960
2510814977,2026-09-18 07:30:00,229.010,230.240,228.690,0.010,0.010,0.010,0.004,0.002,0.000,0.001,-0.002,0.000,-0.001,-0.001,0.914,50.030
2610026950,2026-09-18 07:30:00,231.270,230.280,230.360,0.010,0.010,0.040,0.012,0.001,0.001,0.009,-0.001,0.000,0.000,0.000,0.970,50.020
2610026952,2026-09-18 07:30:00,229.530,228.670,228.960,2.260,2.220,2.250,1.290,0.430,0.424,0.433,0.829,0.286,0.271,0.271,0.841,50.020
2610026953,2026-09-18 07:30:00,234.080,233.720,234.130,0.730,0.710,0.760,0.482,0.158,0.160,0.163,0.154,0.063,0.055,0.042,0.953,50.020
2610026963,2026-09-18 07:30:00,232.170,232.180,232.860,0.110,0.060,0.070,0.012,0.015,0.000,-0.002,-0.049,-0.019,-0.013,-0.016,0.250,49.980
2610026966,2026-09-18 07:30:00,231.870,231.670,230.910,0.620,0.670,0.930,0.486,0.132,0.143,0.209,0.038,0.013,0.013,0.011,0.996,50.000
2610026976,2026-09-18 07:30:00,231.420,231.540,232.260,0.500,1.080,0.930,0.528,0.118,0.211,0.215,0.088,0.044,0.030,0.013,0.983,49.990
2610026977,2026-09-18 07:30:00,242.830,242.990,242.000,0.140,0.150,0.140,0.075,0.024,0.025,0.024,0.071,0.023,0.023,0.024,0.723,49.960
2610126270,2026-09-18 07:30:00,230.380,231.050,230.310,0.050,0.040,0.030,0.027,0.011,0.009,0.006,0.000,0.000,0.000,0.000,1.000,50.060
2610126451,2026-09-18 07:30:00,232.280,232.680,231.940,0.000,0.000,0.060,0.018,0.000,0.003,0.014,0.003,0.000,0.000,0.002,1.000,50.020
2610159557,2026-09-18 07:30:00,232.060,230.990,231.340,0.020,0.010,0.020,0.009,0.003,0.002,0.003,-0.006,-0.003,-0.001,-0.001,0.828,50.020
2610170785,2026-09-18 07:30:00,231.610,230.570,230.970,0.160,0.160,0.150,0.072,0.023,0.024,0.024,0.078,0.027,0.025,0.025,0.681,50.040
2610170786,2026-09-18 07:30:00,231.240,231.400,232.060,0.540,0.610,0.670,0.592,0.193,0.185,0.213,0.101,0.030,0.031,0.039,0.985,50.120
2610170837,2026-09-18 07:30:00,230.200,228.490,228.850,0.000,0.000,0.000,0.000,0.000,0.000,0.000,0.000,0.000,0.000,0.000,1.000,50.050
2610170838,2026-09-18 07:30:00,232.300,231.080,231.520,0.000,0.000,0.090,0.027,0.006,0.000,0.020,0.000,0.000,0.000,0.000,1.000,50.130
2610170839,2026-09-18 07:30:00,230.880,231.180,231.960,0.000,0.010,0.020,0.005,0.000,0.001,0.003,-0.001,0.000,0.000,0.000,0.938,50.060
2610170840,2026-09-18 07:30:00,234.410,234.180,234.680,0.890,0.910,0.900,0.567,0.187,0.188,0.190,-0.263,-0.087,-0.089,-0.086,0.905,50.060
2610322967,2026-09-18 07:30:00,232.360,231.190,231.320,0.000,0.010,0.010,0.007,0.000,0.005,0.003,0.002,0.000,0.001,0.000,0.917,50.030
2610322969,2026-09-18 07:30:00,231.090,230.020,230.320,0.270,0.410,0.090,0.199,0.094,0.085,0.019,0.074,0.021,0.043,0.008,0.911,50.020
2610322982,2026-09-18 07:30:00,230.680,230.930,231.710,0.010,0.020,0.030,0.012,0.002,0.003,0.006,-0.006,-0.001,-0.002,-0.003,0.898,49.880
2610322997,2026-09-18 07:30:00,228.160,228.490,227.460,1.080,1.290,0.900,0.608,0.218,0.231,0.158,0.288,0.051,0.139,0.096,0.925,50.050
2610323001,2026-09-18 07:30:00,228.030,226.610,226.650,2.030,1.770,2.030,1.207,0.418,0.358,0.430,0.506,0.170,0.165,0.169,0.921,50.050
2610323004,2026-09-18 07:30:00,63.460,62.920,63.410,0.930,0.910,0.840,0.165,0.058,0.056,0.052,0.017,0.003,0.009,0.004,0.996,50.030
2610323005,2026-09-18 07:30:00,230.420,231.160,230.300,0.000,0.000,0.010,0.002,0.000,0.001,0.001,-0.001,0.000,0.000,-0.001,1.000,50.030
2610323010,2026-09-18 07:30:00,234.510,234.260,234.140,0.040,0.060,0.000,0.017,0.007,0.010,0.000,0.004,-0.005,0.011,0.000,0.976,50.040
2610323016,2026-09-18 07:30:00,228.380,227.070,227.270,1.810,1.610,1.650,1.042,0.377,0.327,0.339,0.445,0.151,0.147,0.146,0.919,50.080
2610323017,2026-09-18 07:30:00,230.680,232.170,230.860,0.050,0.020,0.020,0.018,0.010,0.004,0.004,-0.011,-0.004,-0.003,-0.002,0.852,50.110
2610323019,2026-09-18 07:30:00,230.420,231.330,230.500,0.060,0.050,0.020,0.030,0.013,0.011,0.005,-0.010,-0.003,-0.004,-0.002,0.933,50.090
2610323027,2026-09-18 07:30:00,232.360,231.160,231.600,0.030,0.040,0.030,0.018,0.005,0.007,0.005,-0.010,-0.003,-0.004,-0.003,0.843,50.100
2510203113,2026-09-18 07:31:00,234.030,233.980,233.780,0.950,0.980,1.170,0.702,0.214,0.222,0.266,0.058,0.014,0.015,0.028,0.996,49.990
2510203122,2026-09-18 07:31:00,235.770,236.410,235.340,0.060,0.040,0.030,0.023,0.012,0.005,0.008,0.008,0.007,0.001,0.000,0.988,50.040
2510224049,2026-09-18 07:31:00,229.910,230.560,229.840,0.250,1.250,0.020,0.210,0.040,0.160,0.000,-0.150,-0.020,-0.120,0.000,0.798,49.990
2510389559,2026-09-18 07:31:00,234.630,234.560,234.800,0.000,0.000,0.000,0.000,0.000,0.000,0.000,0.000,0.000,0.000,0.000,1.000,50.030
2610322995,2026-09-18 07:31:00,230.500,230.920,231.670,0.000,0.030,0.040,0.014,0.000,0.006,0.007,-0.008,0.000,-0.004,-0.004,0.839,50.000
2410121326,2026-09-18 07:32:00,235.950,235.120,235.350,0.130,0.100,0.120,0.075,0.029,0.021,0.024,0.039,0.011,0.011,0.015,0.880,50.060
2610170836,2026-09-18 07:32:00,235.040,235.510,235.920,0.120,0.020,0.280,0.030,0.014,0.004,0.000,0.000,0.000,0.000,0.000,0.995,50.080
2410131387,2026-09-18 07:33:00,232.980,233.080,233.390,0.160,0.140,0.180,0.109,0.036,0.032,0.040,-0.013,0.000,-0.004,-0.009,0.995,50.130
2246006313,2026-09-18 08:00:00,58.300,58.200,58.100,0.827,0.844,0.796,0.139,0.048,0.049,0.046,0.015,0.006,0.004,0.004,0.994,50.170
2410121326,2026-09-18 08:00:00,234.090,233.260,233.560,0.520,0.500,0.490,0.345,0.119,0.114,0.111,0.075,0.025,0.023,0.026,0.976,50.150
2410121353,2026-09-18 08:00:00,233.850,233.030,233.310,0.180,0.320,0.180,0.156,0.041,0.073,0.040,0.013,0.002,0.000,0.012,0.994,50.190
2410121371,2026-09-18 08:00:00,234.370,233.390,233.790,0.180,0.110,0.110,0.093,0.041,0.025,0.026,0.000,-0.001,0.001,0.000,1.000,50.180
2410121424,2026-09-18 08:00:00,233.960,233.300,233.520,0.010,0.010,0.010,0.005,0.001,0.001,0.002,-0.002,-0.001,-0.001,0.000,0.908,50.170
2410121440,2026-09-18 08:00:00,234.390,233.630,233.920,0.040,0.000,0.030,0.015,0.008,0.000,0.006,-0.005,-0.003,0.000,-0.001,0.927,50.160
2410121454,2026-09-18 08:00:00,233.210,233.700,232.790,0.470,0.640,0.720,0.421,0.108,0.141,0.170,0.042,0.008,0.009,0.024,0.995,50.160
2410121457,2026-09-18 08:00:00,232.750,231.670,232.150,1.890,1.940,1.810,1.207,0.405,0.412,0.390,0.442,0.152,0.157,0.133,0.939,50.180
2410121574,2026-09-18 08:00:00,233.900,233.420,233.380,1.460,0.840,1.090,0.769,0.333,0.190,0.240,0.042,0.034,0.000,0.008,0.998,50.170
2410131378,2026-09-18 08:00:00,233.560,233.960,233.070,0.860,0.870,0.920,0.609,0.190,0.209,0.209,0.111,0.025,0.038,0.051,0.983,50.190
2410131383,2026-09-18 08:00:00,238.250,237.670,237.710,0.200,0.270,0.270,0.172,0.046,0.062,0.063,0.009,0.001,0.004,0.003,0.996,50.170
2410131384,2026-09-18 08:00:00,233.580,234.170,233.520,1.450,1.400,1.410,0.840,0.294,0.269,0.276,0.262,0.094,0.096,0.071,0.962,50.160
2410131387,2026-09-18 08:00:00,232.320,232.360,232.490,0.300,0.310,0.280,0.206,0.069,0.071,0.064,0.039,0.008,0.017,0.013,0.981,50.180
2410320615,2026-09-18 08:00:00,234.370,234.480,235.050,3.840,3.590,3.900,2.543,0.867,0.817,0.890,0.813,0.250,0.299,0.263,0.951,50.160
2410883988,2026-09-18 08:00:00,232.000,232.470,231.890,0.000,0.000,0.070,0.016,0.000,0.000,0.015,0.001,0.000,0.000,0.001,0.973,50.130
2410883990,2026-09-18 08:00:00,232.130,231.460,231.570,0.080,0.000,0.000,0.018,0.017,0.000,0.000,0.001,0.001,0.000,0.000,0.983,50.090
2410883991,2026-09-18 08:00:00,233.810,234.390,235.170,0.220,0.100,0.060,0.082,0.045,0.021,0.015,0.029,0.024,0.003,0.000,0.947,50.180
2410883993,2026-09-18 08:00:00,234.650,233.510,233.320,0.270,0.380,1.550,0.449,0.070,0.086,0.292,0.065,0.004,0.012,0.048,0.988,50.110
2410883994,2026-09-18 08:00:00,234.800,233.660,234.250,0.020,0.010,0.010,0.007,0.003,0.001,0.002,-0.003,-0.001,0.000,0.000,0.962,50.180
2410932742,2026-09-18 08:00:00,227.490,225.780,225.990,2.850,2.790,3.000,1.821,0.605,0.586,0.630,0.464,0.155,0.144,0.164,0.968,50.180
2411087432,2026-09-18 08:00:00,233.340,234.050,233.210,0.950,1.030,0.610,0.574,0.216,0.227,0.132,0.105,0.047,0.022,0.035,0.984,50.120
2411087433,2026-09-18 08:00:00,234.090,234.460,235.100,0.550,0.510,0.540,0.372,0.125,0.116,0.129,-0.010,-0.002,-0.004,-0.002,1.000,50.120
2411290205,2026-09-18 08:00:00,232.390,232.620,232.700,4.950,4.910,4.950,3.089,1.036,1.040,1.042,1.529,0.507,0.499,0.521,0.898,50.180
2510014481,2026-09-18 08:00:00,226.560,226.620,227.950,2.030,2.030,2.180,1.333,0.417,0.424,0.492,0.288,0.090,0.107,0.091,0.975,50.120
2510014482,2026-09-18 08:00:00,233.760,234.360,233.500,0.260,0.210,0.070,0.124,0.059,0.049,0.015,-0.013,-0.009,0.000,-0.003,0.996,50.120
2510014483,2026-09-18 08:00:00,233.700,234.090,234.760,0.040,0.030,0.080,0.030,0.007,0.005,0.016,-0.021,-0.006,-0.005,-0.008,0.822,50.100
2510014484,2026-09-18 08:00:00,236.620,236.360,236.900,1.620,1.960,1.560,1.144,0.375,0.416,0.352,0.395,0.136,0.124,0.134,0.942,50.100
2510178139,2026-09-18 08:00:00,233.140,233.710,232.730,0.830,0.790,0.860,0.541,0.179,0.175,0.187,0.198,0.069,0.073,0.057,0.935,50.120
2510178141,2026-09-18 08:00:00,233.300,233.870,234.290,0.530,0.300,0.320,0.265,0.119,0.070,0.075,0.015,0.023,-0.004,-0.006,0.998,50.100
2510203103,2026-09-18 08:00:00,223.490,221.710,222.250,0.520,0.500,0.560,-0.358,-0.112,-0.114,-0.131,0.106,0.040,0.037,0.027,0.966,50.150
2510203104,2026-09-18 08:00:00,227.920,228.060,228.770,1.030,0.840,1.010,0.598,0.208,0.167,0.214,0.145,0.039,0.061,0.044,0.971,50.140
2510203105,2026-09-18 08:00:00,228.660,226.970,227.480,1.880,1.900,1.860,1.300,0.434,0.436,0.429,0.288,0.103,0.101,0.082,0.982,50.120
2510203106,2026-09-18 08:00:00,237.810,237.610,238.070,0.010,0.010,0.000,0.005,0.001,0.003,0.000,-0.002,-0.002,0.000,0.000,0.911,50.160
2510203108,2026-09-18 08:00:00,234.810,235.040,234.040,0.810,1.370,1.520,0.860,0.190,0.299,0.351,0.062,0.012,0.027,0.022,0.997,50.180
2510203109,2026-09-18 08:00:00,233.670,234.400,233.360,0.920,0.760,0.730,0.539,0.207,0.170,0.161,0.129,0.048,0.039,0.039,0.971,50.120
2510203111,2026-09-18 08:00:00,233.360,233.900,234.520,1.760,1.530,1.920,1.143,0.379,0.334,0.432,0.276,0.115,0.078,0.082,0.972,50.150
2510203112,2026-09-18 08:00:00,225.850,225.540,225.950,0.580,0.630,0.610,0.352,0.111,0.122,0.118,0.199,0.065,0.068,0.065,0.869,50.110
2510203113,2026-09-18 08:00:00,236.870,236.300,236.410,3.440,3.330,3.640,2.449,0.807,0.777,0.865,0.267,0.067,0.106,0.093,0.994,50.130
2510203114,2026-09-18 08:00:00,227.600,227.860,228.470,0.870,0.740,0.880,0.540,0.192,0.148,0.196,0.115,0.039,0.044,0.030,0.978,50.120
2510203117,2026-09-18 08:00:00,232.260,231.650,231.680,0.340,0.200,0.140,0.129,0.068,0.043,0.017,0.084,0.037,0.019,0.027,0.836,50.190
2510203118,2026-09-18 08:00:00,123.340,123.440,123.850,0.170,0.150,0.150,0.051,0.019,0.017,0.015,-0.022,-0.008,-0.005,-0.008,0.931,50.120
2510203119,2026-09-18 08:00:00,232.000,231.310,231.400,0.000,0.000,0.000,0.000,0.000,0.000,0.000,0.000,0.000,0.000,0.000,1.000,50.150
2510203120,2026-09-18 08:00:00,234.220,233.150,233.480,1.450,1.060,1.200,0.812,0.321,0.226,0.264,0.270,0.096,0.089,0.083,0.948,50.170
2510203121,2026-09-18 08:00:00,231.770,231.800,232.390,0.030,0.010,0.100,0.032,0.007,0.002,0.022,-0.007,0.000,-0.002,-0.005,0.971,50.120
2510203122,2026-09-18 08:00:00,233.210,233.890,233.050,0.160,0.140,0.040,0.070,0.037,0.023,0.009,-0.001,0.004,0.004,0.000,1.000,50.140
2510203123,2026-09-18 08:00:00,233.070,233.720,234.240,0.910,1.760,1.380,1.514,0.545,0.513,0.455,0.255,0.098,0.064,0.079,0.951,50.150
2510203124,2026-09-18 08:00:00,233.350,233.470,232.760,0.800,0.780,0.820,0.529,0.175,0.171,0.182,0.128,0.043,0.043,0.042,0.972,50.130
2510203126,2026-09-18 08:00:00,231.670,231.710,232.310,0.070,0.000,0.000,0.016,0.015,0.000,0.000,0.001,0.001,0.000,0.000,1.000,50.140
2510203127,2026-09-18 08:00:00,233.290,233.910,233.190,0.890,0.990,1.040,0.631,0.188,0.217,0.225,0.200,0.061,0.059,0.079,0.952,50.150
2510203128,2026-09-18 08:00:00,233.940,234.420,233.080,1.250,1.280,1.300,0.862,0.283,0.288,0.290,0.095,0.023,0.031,0.041,0.994,50.160
2510203129,2026-09-18 08:00:00,237.700,237.490,238.060,0.010,0.010,0.000,0.004,0.002,0.002,0.000,-0.003,-0.002,-0.001,0.000,0.811,50.150
2510203130,2026-09-18 08:00:00,240.010,240.180,241.700,0.000,0.000,0.050,0.011,0.000,0.000,0.011,0.001,0.000,0.000,0.001,0.951,50.120
2510203133,2026-09-18 08:00:00,234.250,234.930,234.150,0.270,0.180,0.400,0.190,0.059,0.038,0.092,0.048,0.018,0.018,0.010,0.969,50.180
2510203134,2026-09-18 08:00:00,235.310,234.130,234.530,0.020,0.010,0.010,0.007,0.004,0.002,0.001,-0.002,0.000,-0.001,0.000,0.962,50.170
2510224049,2026-09-18 08:00:00,231.130,231.550,231.160,0.250,1.410,0.020,0.250,0.040,0.210,0.000,-0.180,-0.020,-0.140,0.000,0.804,50.100
2510224167,2026-09-18 08:00:00,231.440,231.260,231.990,0.900,0.120,0.360,0.210,0.130,0.010,0.050,-0.180,-0.100,-0.020,-0.050,0.764,50.110
2510317505,2026-09-18 08:00:00,231.400,231.350,231.980,0.090,0.030,2.210,0.280,0.010,0.000,0.260,-0.250,-0.010,0.000,-0.240,0.736,50.100
2510317537,2026-09-18 08:00:00,233.480,233.120,234.670,2.800,2.680,2.790,1.930,0.620,0.630,0.670,-0.160,-0.030,-0.060,-0.060,0.994,50.100
2510389559,2026-09-18 08:00:00,238.150,238.130,238.640,0.000,0.000,0.000,0.000,0.000,0.000,0.000,0.000,0.000,0.000,0.000,1.000,50.120
2510389643,2026-09-18 08:00:00,238.020,237.950,238.420,2.140,0.000,0.000,0.340,0.340,0.000,0.000,-0.070,-0.070,0.000,0.000,0.974,50.100
2510389931,2026-09-18 08:00:00,237.500,237.230,237.920,0.050,0.000,0.000,0.000,0.000,0.000,0.000,-0.010,-0.010,0.000,0.000,0.193,50.100
2510633381,2026-09-18 08:00:00,234.920,233.830,234.230,0.080,0.050,0.030,0.036,0.018,0.011,0.007,-0.007,-0.004,-0.003,0.000,0.988,50.130
2510633383,2026-09-18 08:00:00,233.040,233.580,234.110,1.600,1.250,1.600,1.019,0.371,0.272,0.374,0.044,0.035,0.006,-0.001,0.999,50.130
2510633385,2026-09-18 08:00:00,237.720,237.830,238.380,0.370,0.110,0.030,0.119,0.085,0.026,0.006,0.009,0.010,0.000,-0.001,0.999,50.170
2510633386,2026-09-18 08:00:00,223.170,223.370,224.210,1.100,1.100,1.100,0.136,0.049,0.043,0.044,-0.685,-0.226,-0.229,-0.229,0.195,50.170
2510633387,2026-09-18 08:00:00,233.510,234.260,233.430,0.010,0.000,0.000,0.002,0.002,0.000,0.000,0.000,0.000,0.000,0.000,0.833,50.170
2510633389,2026-09-18 08:00:00,236.690,236.260,236.110,1.320,1.280,1.250,0.851,0.297,0.281,0.272,0.302,0.094,0.101,0.106,0.943,50.180
2510633390,2026-09-18 08:00:00,234.110,235.020,233.760,1.610,1.920,1.870,1.415,0.433,0.498,0.483,0.281,0.082,0.080,0.118,0.973,50.180
2510633391,2026-09-18 08:00:00,122.880,122.670,122.620,0.310,0.310,0.480,0.131,0.036,0.037,0.058,-0.006,0.007,-0.015,0.000,0.998,50.170
2510633393,2026-09-18 08:00:00,236.650,237.140,236.740,1.390,1.380,1.380,0.962,0.323,0.323,0.321,0.169,0.059,0.048,0.061,0.985,50.160
2510633395,2026-09-18 08:00:00,233.520,233.810,232.730,0.000,0.000,0.000,0.000,0.000,0.000,0.000,0.000,0.000,0.000,0.000,1.000,50.120
2510633396,2026-09-18 08:00:00,233.600,232.900,233.370,0.810,0.880,0.810,0.561,0.184,0.196,0.180,0.159,0.051,0.056,0.051,0.958,50.130
2510633397,2026-09-18 08:00:00,240.980,239.740,240.190,0.060,0.110,0.150,0.075,0.012,0.026,0.036,0.010,0.004,0.003,0.002,0.986,50.180
2510633399,2026-09-18 08:00:00,231.270,231.240,231.900,0.200,0.270,0.240,0.168,0.050,0.061,0.056,-0.003,-0.001,0.000,0.000,1.000,50.140
2510633400,2026-09-18 08:00:00,230.310,231.000,230.240,0.440,0.480,0.470,0.303,0.094,0.122,0.087,0.136,0.043,0.047,0.045,0.905,50.170
2510633402,2026-09-18 08:00:00,227.480,227.650,229.070,0.490,0.620,0.630,0.444,0.127,0.157,0.147,0.148,0.048,0.046,0.053,0.949,50.150
2510633406,2026-09-18 08:00:00,231.620,231.510,232.270,0.010,0.010,0.010,0.004,0.002,0.001,0.000,-0.004,-0.001,0.000,-0.001,0.684,50.120
2510633411,2026-09-18 08:00:00,229.990,229.310,229.320,1.590,1.440,1.490,0.974,0.347,0.309,0.316,0.314,0.105,0.101,0.107,0.952,50.170
2510814977,2026-09-18 08:00:00,227.960,229.260,227.710,0.010,0.010,0.010,0.004,0.002,0.000,0.001,-0.002,0.000,-0.001,-0.001,0.903,50.100
2610026950,2026-09-18 08:00:00,232.360,231.600,231.630,0.030,0.020,0.050,0.022,0.006,0.005,0.010,-0.001,0.000,0.000,0.000,0.979,50.110
2610026952,2026-09-18 08:00:00,231.730,230.780,231.110,1.980,1.950,2.000,1.162,0.384,0.381,0.398,0.739,0.254,0.243,0.241,0.842,50.110
2610026953,2026-09-18 08:00:00,237.190,236.880,237.450,0.670,0.710,0.660,0.433,0.141,0.141,0.150,0.155,0.058,0.050,0.047,0.944,50.120
2610026963,2026-09-18 08:00:00,233.850,233.900,234.580,0.200,0.060,0.060,0.045,0.039,0.005,0.000,-0.055,-0.025,-0.014,-0.016,0.670,50.130
2610026966,2026-09-18 08:00:00,229.560,229.520,229.090,0.930,0.800,0.900,0.556,0.176,0.180,0.199,0.038,0.017,0.011,0.009,0.998,50.120
2610026976,2026-09-18 08:00:00,233.000,233.380,233.810,0.630,1.090,1.210,0.708,0.145,0.308,0.215,0.036,0.035,-0.003,0.004,0.995,50.130
2610026977,2026-09-18 08:00:00,241.130,241.060,240.440,0.000,0.010,0.000,0.001,0.000,0.001,0.000,-0.001,0.000,0.000,0.000,0.710,50.150
2610126270,2026-09-18 08:00:00,231.500,232.050,231.500,0.030,0.030,0.020,0.018,0.007,0.005,0.004,-0.006,-0.002,-0.001,-0.002,0.960,50.090
2610126451,2026-09-18 08:00:00,233.920,234.410,233.580,0.000,0.000,0.070,0.016,0.000,0.000,0.015,0.002,0.000,0.000,0.002,1.000,50.120
2610159557,2026-09-18 08:00:00,234.910,233.950,234.300,0.020,0.020,0.020,0.013,0.005,0.003,0.004,-0.004,-0.001,-0.001,-0.001,0.930,50.120
2610170785,2026-09-18 08:00:00,234.320,233.260,233.710,0.150,0.150,0.140,0.045,0.015,0.016,0.014,0.093,0.030,0.031,0.030,0.448,50.110
2610170786,2026-09-18 08:00:00,233.640,233.970,234.580,0.770,0.780,0.790,0.520,0.191,0.190,0.195,0.110,0.033,0.035,0.041,0.980,50.110
2610170836,2026-09-18 08:00:00,233.430,233.890,234.420,0.070,0.020,0.010,0.139,0.054,0.043,0.044,0.022,0.011,0.004,0.006,0.983,50.100
2610170837,2026-09-18 08:00:00,229.270,227.580,227.910,0.040,0.000,0.000,0.007,0.007,0.000,0.000,0.001,0.001,0.000,0.000,0.989,50.100
2610170838,2026-09-18 08:00:00,234.920,233.630,234.060,0.000,0.000,0.110,0.027,0.000,0.000,0.026,0.005,0.000,0.000,0.005,0.989,50.110
2610170839,2026-09-18 08:00:00,233.570,234.010,234.710,0.050,0.030,0.040,0.023,0.012,0.008,0.009,-0.001,-0.001,0.000,0.000,1.000,50.100
2610170840,2026-09-18 08:00:00,237.600,237.360,238.030,0.860,0.870,0.860,0.570,0.189,0.190,0.190,0.225,0.075,0.073,0.076,0.935,50.100
2610322967,2026-09-18 08:00:00,235.280,234.200,234.350,0.000,0.000,0.020,0.004,0.000,0.000,0.004,0.000,0.000,0.000,0.000,0.960,50.120
2610322969,2026-09-18 08:00:00,232.110,231.360,231.580,0.380,0.410,0.120,0.227,0.107,0.091,0.028,0.040,0.012,0.028,0.000,0.985,50.110
2610322982,2026-09-18 08:00:00,234.020,234.300,235.060,0.010,0.020,0.030,0.013,0.002,0.003,0.006,-0.007,-0.001,-0.002,-0.003,0.881,50.120
2610322995,2026-09-18 08:00:00,233.500,234.030,234.790,0.000,0.030,0.040,0.014,0.000,0.006,0.007,-0.009,0.000,-0.004,-0.004,0.841,50.110
2610322997,2026-09-18 08:00:00,226.900,227.070,226.150,1.350,1.560,1.120,0.814,0.296,0.305,0.215,0.364,0.059,0.177,0.126,0.910,50.100
2610323001,2026-09-18 08:00:00,226.590,225.640,225.540,2.730,2.190,2.370,1.560,0.578,0.455,0.526,0.518,0.184,0.164,0.171,0.947,50.100
2610323004,2026-09-18 08:00:00,63.210,62.640,63.130,0.960,0.920,0.900,0.158,0.054,0.051,0.052,0.051,0.017,0.018,0.015,0.951,50.110
2610323005,2026-09-18 08:00:00,231.500,232.170,231.510,0.090,0.000,0.010,0.024,0.021,0.001,0.001,-0.001,0.000,0.000,-0.001,0.987,50.100
2610323010,2026-09-18 08:00:00,237.920,237.490,237.490,0.040,0.080,0.000,0.023,0.006,0.016,0.000,0.002,-0.005,0.008,0.000,1.000,50.110
2610323017,2026-09-18 08:00:00,233.320,234.740,233.560,0.050,0.020,0.020,0.019,0.010,0.004,0.004,-0.010,-0.004,-0.003,-0.002,0.863,50.110
2610323019,2026-09-18 08:00:00,231.250,232.120,231.500,0.020,0.190,0.170,0.085,0.004,0.043,0.037,-0.007,-0.001,-0.003,-0.002,0.998,50.100
2610323027,2026-09-18 08:00:00,234.880,233.690,234.170,0.030,0.040,0.030,0.018,0.005,0.007,0.005,-0.011,-0.003,-0.004,-0.003,0.842,50.100
2510317516,2026-09-18 08:01:00,231.340,231.270,232.020,0.000,0.000,0.000,0.000,0.000,0.000,0.000,0.000,0.000,0.000,0.000,1.000,50.190
2610323016,2026-09-18 08:01:00,226.630,225.380,225.620,2.060,1.890,1.950,1.222,0.428,0.388,0.405,0.517,0.178,0.169,0.170,0.920,50.180
2246006313,2026-09-18 08:30:00,58.100,58.000,57.900,1.490,1.499,1.454,0.243,0.081,0.082,0.079,0.057,0.020,0.018,0.018,0.974,50.270
2410121326,2026-09-18 08:30:00,237.620,236.990,237.250,0.820,0.740,0.820,0.546,0.188,0.170,0.187,0.127,0.049,0.038,0.038,0.971,50.320
2410121353,2026-09-18 08:30:00,237.900,237.250,237.230,0.430,0.480,0.490,0.271,0.080,0.097,0.092,0.190,0.061,0.056,0.071,0.819,50.300
2410121371,2026-09-18 08:30:00,238.750,237.880,238.100,0.110,0.140,0.180,0.101,0.026,0.032,0.042,-0.002,-0.002,0.001,-0.001,0.994,50.310
2410121424,2026-09-18 08:30:00,238.400,237.640,237.750,0.010,0.010,0.010,0.005,0.001,0.001,0.002,-0.002,-0.001,-0.001,0.000,0.925,50.290
2410121440,2026-09-18 08:30:00,238.660,237.950,238.160,0.060,0.000,0.030,0.016,0.017,0.000,0.007,-0.005,-0.003,0.000,0.000,0.968,50.330
2410121454,2026-09-18 08:30:00,237.760,238.450,237.250,0.500,0.610,0.710,0.417,0.116,0.139,0.160,0.048,0.013,0.009,0.025,0.994,50.290
2410121457,2026-09-18 08:30:00,235.860,234.970,235.570,1.840,1.850,1.650,1.172,0.405,0.403,0.363,0.396,0.139,0.145,0.113,0.945,50.300
2410121574,2026-09-18 08:30:00,237.840,237.270,237.220,1.570,1.000,1.090,0.850,0.364,0.234,0.251,0.118,0.053,0.028,0.037,0.990,50.310
2410131378,2026-09-18 08:30:00,237.700,238.040,237.380,0.860,0.900,0.940,0.556,0.162,0.192,0.201,0.110,0.028,0.034,0.047,0.985,50.290
2410131383,2026-09-18 08:30:00,240.000,239.230,239.400,0.200,0.230,0.280,0.166,0.046,0.053,0.066,0.025,0.007,0.010,0.007,0.988,50.330
2410131384,2026-09-18 08:30:00,237.340,237.910,237.150,1.110,1.290,1.120,0.853,0.296,0.291,0.265,0.177,0.062,0.070,0.044,0.977,50.280
2410131387,2026-09-18 08:30:00,233.610,233.830,233.510,0.260,0.290,0.240,0.185,0.062,0.066,0.057,0.019,0.001,0.011,0.006,0.996,50.250
2410320615,2026-09-18 08:30:00,235.300,235.560,235.910,4.020,3.810,4.000,2.687,0.925,0.845,0.916,0.862,0.261,0.321,0.280,0.951,50.280
2410883988,2026-09-18 08:30:00,231.410,232.050,231.420,0.000,0.000,0.070,0.016,0.000,0.000,0.015,0.001,0.000,0.000,0.001,0.978,50.290
2410883990,2026-09-18 08:30:00,231.730,230.990,230.920,0.090,0.000,0.010,0.023,0.020,0.000,0.002,0.001,0.001,0.000,0.000,1.000,50.250
2410883991,2026-09-18 08:30:00,236.770,237.350,237.900,0.450,0.210,0.230,0.202,0.096,0.057,0.048,0.040,0.014,0.000,0.025,0.978,50.270
2410883993,2026-09-18 08:30:00,238.290,236.950,236.740,0.310,0.620,1.650,0.565,0.074,0.131,0.359,0.092,0.008,0.045,0.055,0.988,50.280
2410883994,2026-09-18 08:30:00,238.240,237.170,237.650,0.020,0.010,0.030,0.014,0.005,0.002,0.006,-0.002,-0.001,0.000,0.000,1.000,50.280
2410932742,2026-09-18 08:30:00,230.390,228.600,228.830,3.430,3.410,3.580,2.237,0.739,0.730,0.767,0.585,0.193,0.185,0.207,0.967,50.280
2411087433,2026-09-18 08:30:00,237.850,238.170,238.840,0.510,0.440,0.530,0.392,0.127,0.120,0.144,-0.020,-0.005,-0.011,-0.003,0.998,50.290
2411290205,2026-09-18 08:30:00,233.390,233.570,233.770,4.430,4.440,4.460,2.952,0.981,0.987,0.984,1.273,0.421,0.412,0.429,0.908,50.270
2510014481,2026-09-18 08:30:00,228.720,228.970,230.140,2.690,2.660,2.770,1.601,0.537,0.490,0.507,0.794,0.273,0.264,0.256,0.892,50.300
2510014482,2026-09-18 08:30:00,237.150,237.590,237.040,0.280,0.280,0.120,0.161,0.067,0.065,0.028,-0.018,-0.009,0.000,-0.008,0.995,50.280
2510014483,2026-09-18 08:30:00,237.260,237.600,238.260,0.070,0.050,0.070,0.041,0.016,0.010,0.014,-0.023,-0.007,-0.006,-0.009,0.865,50.260
2510014484,2026-09-18 08:30:00,237.390,237.360,238.090,1.220,1.530,1.160,0.845,0.247,0.338,0.243,0.355,0.123,0.110,0.121,0.919,50.260
2510178139,2026-09-18 08:30:00,237.370,237.990,237.200,0.590,0.530,0.530,0.339,0.119,0.106,0.111,0.158,0.052,0.058,0.047,0.914,50.310
2510178141,2026-09-18 08:30:00,237.090,237.570,238.110,0.830,0.720,0.670,0.420,0.166,0.135,0.118,0.002,0.021,-0.008,-0.009,1.000,50.250
2510203103,2026-09-18 08:30:00,226.930,225.290,225.780,0.650,0.780,0.840,-0.350,-0.077,-0.093,-0.118,0.141,0.052,0.049,0.039,0.951,50.280
2510203104,2026-09-18 08:30:00,231.140,231.140,231.800,1.160,1.160,1.270,0.760,0.247,0.241,0.272,0.203,0.044,0.079,0.079,0.966,50.280
2510203105,2026-09-18 08:30:00,232.310,230.660,231.200,1.430,1.540,1.440,1.062,0.348,0.367,0.346,0.224,0.076,0.081,0.071,0.980,50.300
2510203106,2026-09-18 08:30:00,238.510,238.500,239.120,0.010,0.010,0.000,0.005,0.002,0.003,0.000,-0.002,-0.002,0.000,0.000,0.843,50.290
2510203109,2026-09-18 08:30:00,237.220,237.970,236.830,1.040,1.050,1.250,0.750,0.236,0.235,0.278,0.139,0.052,0.038,0.048,0.982,50.300
2510203111,2026-09-18 08:30:00,236.450,237.040,237.450,1.790,1.510,1.960,1.175,0.395,0.336,0.442,0.278,0.122,0.076,0.079,0.973,50.280
2510203112,2026-09-18 08:30:00,226.040,225.830,226.580,1.060,1.080,1.060,0.636,0.208,0.215,0.212,0.289,0.096,0.101,0.091,0.909,50.270
2510203113,2026-09-18 08:30:00,238.140,237.270,237.280,3.150,3.050,3.600,2.310,0.748,0.707,0.847,0.247,0.056,0.096,0.095,0.993,50.280
2510203114,2026-09-18 08:30:00,231.100,231.150,231.840,0.960,1.080,1.030,0.682,0.226,0.222,0.232,0.181,0.046,0.067,0.067,0.965,50.290
2510203117,2026-09-18 08:30:00,231.270,230.580,230.370,0.150,0.220,0.250,0.112,0.015,0.045,0.051,0.078,0.030,0.020,0.026,0.820,50.270
2510203118,2026-09-18 08:30:00,125.270,125.360,125.770,0.160,0.140,0.140,0.052,0.019,0.017,0.020,-0.018,-0.006,-0.004,-0.007,0.934,50.290
2510203119,2026-09-18 08:30:00,231.410,230.690,230.400,0.000,0.000,0.000,0.000,0.000,0.000,0.000,0.000,0.000,0.000,0.000,1.000,50.280
2510203120,2026-09-18 08:30:00,237.330,236.370,236.760,1.720,1.330,1.430,1.027,0.401,0.299,0.325,0.269,0.098,0.085,0.084,0.966,50.260
2510203121,2026-09-18 08:30:00,230.940,230.750,231.720,0.010,0.010,0.110,0.028,0.003,0.002,0.023,-0.008,0.000,-0.002,-0.005,0.961,50.300
2510203122,2026-09-18 08:30:00,236.850,237.440,236.860,0.540,0.530,0.500,0.290,0.100,0.100,0.097,0.226,0.074,0.070,0.081,0.787,50.300
2510203123,2026-09-18 08:30:00,236.390,236.960,237.410,1.450,1.500,1.610,0.674,0.200,0.251,0.222,0.266,0.109,0.062,0.093,0.957,50.290
2510203124,2026-09-18 08:30:00,237.270,237.500,236.760,0.820,0.820,0.850,0.538,0.177,0.176,0.183,0.130,0.043,0.043,0.044,0.972,50.290
2510203126,2026-09-18 08:30:00,231.300,231.050,231.950,0.070,0.000,0.000,0.016,0.015,0.000,0.000,0.001,0.001,0.000,0.000,0.968,50.290
2510203127,2026-09-18 08:30:00,236.890,237.410,236.790,1.360,1.230,1.450,1.010,0.345,0.321,0.343,0.236,0.094,0.057,0.076,0.968,50.280
2510203129,2026-09-18 08:30:00,239.010,238.940,239.630,0.010,0.010,0.000,0.004,0.002,0.002,0.000,-0.003,-0.002,-0.001,0.000,0.814,50.300
2510203130,2026-09-18 08:30:00,243.560,243.780,245.210,0.000,0.000,0.130,0.047,0.000,0.000,0.052,0.007,0.000,0.000,0.007,0.991,50.280
2510203133,2026-09-18 08:30:00,237.010,237.470,237.220,0.290,0.230,0.450,0.206,0.060,0.041,0.104,0.084,0.030,0.035,0.018,0.924,50.250
2510203134,2026-09-18 08:30:00,238.690,237.600,237.860,0.020,0.010,0.010,0.007,0.004,0.002,0.001,-0.002,0.000,-0.001,0.000,0.974,50.270
2510224049,2026-09-18 08:30:00,230.230,231.250,230.530,14.190,5.950,2.370,3.580,2.360,0.950,0.270,-0.550,-0.240,-0.270,-0.020,0.988,50.240
2510317505,2026-09-18 08:30:00,231.010,230.840,231.670,0.090,0.030,2.210,0.280,0.010,0.000,0.260,-0.250,-0.010,0.000,-0.230,0.736,50.240
2510317516,2026-09-18 08:30:00,231.260,231.060,231.890,0.000,0.000,0.000,0.000,0.000,0.000,0.000,0.000,0.000,0.000,0.000,1.000,50.260
2510317537,2026-09-18 08:30:00,236.850,236.390,238.150,2.470,2.460,2.340,1.770,0.620,0.570,0.550,-0.310,-0.100,-0.100,-0.100,0.985,50.260
2510389559,2026-09-18 08:30:00,238.930,238.930,239.780,0.000,0.000,0.000,0.000,0.000,0.000,0.000,0.000,0.000,0.000,0.000,1.000,50.290
2510389643,2026-09-18 08:30:00,238.810,238.570,239.490,1.570,0.000,0.000,0.270,0.270,0.000,0.000,-0.040,-0.040,0.000,0.000,0.989,50.250
2510389931,2026-09-18 08:30:00,238.180,238.120,238.970,0.050,0.000,0.000,0.000,0.000,0.000,0.000,-0.010,-0.010,0.000,0.000,0.192,50.250
2510633381,2026-09-18 08:30:00,238.290,237.250,237.580,0.080,0.070,0.030,0.039,0.017,0.016,0.005,-0.013,-0.006,-0.004,-0.002,0.940,50.260
2510633383,2026-09-18 08:30:00,236.680,237.160,237.770,1.640,1.270,1.630,1.028,0.372,0.282,0.374,0.022,0.029,0.000,-0.007,0.999,50.270
2510633385,2026-09-18 08:30:00,238.930,238.780,239.660,0.180,0.190,0.020,0.092,0.043,0.044,0.004,0.002,-0.005,0.009,-0.001,0.998,50.300
2510633386,2026-09-18 08:30:00,226.540,226.750,227.520,1.110,1.120,1.110,0.168,0.058,0.053,0.058,-0.702,-0.232,-0.235,-0.234,0.228,50.300
2510633387,2026-09-18 08:30:00,236.680,237.230,236.570,0.010,0.000,0.000,0.002,0.002,0.000,0.000,0.000,0.000,0.000,0.000,0.870,50.290
2510633389,2026-09-18 08:30:00,237.590,236.900,236.790,2.030,2.000,1.990,1.382,0.467,0.459,0.454,0.353,0.113,0.115,0.126,0.968,50.290
2510633390,2026-09-18 08:30:00,237.600,238.520,237.180,2.110,2.360,2.350,1.526,0.444,0.506,0.491,0.327,0.088,0.099,0.139,0.978,50.330
2510633391,2026-09-18 08:30:00,124.510,124.430,124.330,0.510,0.490,0.730,0.203,0.060,0.059,0.086,0.001,0.016,-0.013,-0.001,0.998,50.340
2510633393,2026-09-18 08:30:00,237.890,238.480,237.840,1.460,1.480,1.450,1.011,0.335,0.339,0.327,0.234,0.079,0.071,0.083,0.973,50.340
2510633395,2026-09-18 08:30:00,237.420,238.000,236.900,0.000,0.000,0.000,0.000,0.000,0.000,0.000,0.000,0.000,0.000,0.000,1.000,50.280
2510633396,2026-09-18 08:30:00,237.170,236.600,236.940,0.840,0.890,0.820,0.583,0.192,0.204,0.187,0.159,0.051,0.057,0.050,0.960,50.270
2510633397,2026-09-18 08:30:00,244.130,242.930,243.410,0.430,0.430,0.450,0.260,0.082,0.083,0.094,0.184,0.065,0.061,0.058,0.816,50.340
2510633399,2026-09-18 08:30:00,230.720,230.450,231.430,0.380,0.430,0.430,0.283,0.085,0.098,0.099,0.018,0.006,0.007,0.005,0.999,50.280
2510633400,2026-09-18 08:30:00,229.120,229.960,229.150,1.010,1.040,1.020,0.618,0.200,0.212,0.209,0.283,0.091,0.096,0.094,0.913,50.340
2510633402,2026-09-18 08:30:00,230.970,231.150,232.470,0.880,0.860,0.910,0.613,0.186,0.209,0.217,0.219,0.072,0.071,0.076,0.914,50.340
2510633406,2026-09-18 08:30:00,230.860,230.620,231.560,0.010,0.010,0.010,0.004,0.002,0.000,0.000,-0.003,-0.001,0.000,-0.001,0.682,50.300
2510633411,2026-09-18 08:30:00,228.440,227.620,227.300,2.550,2.340,2.400,1.536,0.534,0.496,0.506,0.542,0.173,0.174,0.191,0.943,50.330
2510814977,2026-09-18 08:30:00,231.720,232.960,231.450,0.010,0.010,0.020,0.006,0.002,0.000,0.003,-0.002,0.000,-0.001,-0.001,0.988,50.290
2610026950,2026-09-18 08:30:00,231.540,230.710,230.680,0.030,0.020,0.070,0.026,0.007,0.004,0.014,0.004,0.001,0.001,0.001,0.989,50.290
2610026953,2026-09-18 08:30:00,238.190,238.040,238.810,0.740,0.770,0.770,0.532,0.175,0.177,0.180,0.171,0.065,0.056,0.048,0.954,50.300
2610026963,2026-09-18 08:30:00,237.640,237.550,238.290,0.160,0.040,0.060,0.037,0.032,0.000,0.004,-0.042,-0.019,-0.008,-0.013,0.660,50.270
2610026966,2026-09-18 08:30:00,229.710,229.580,228.960,0.760,0.810,0.810,0.529,0.169,0.180,0.178,0.049,0.020,0.014,0.014,0.996,50.280
2610026976,2026-09-18 08:30:00,236.590,236.690,237.440,0.910,1.280,0.930,0.669,0.186,0.258,0.224,0.134,0.049,0.027,0.047,0.986,50.270
2610026977,2026-09-18 08:30:00,241.230,241.300,240.440,0.140,0.150,0.150,0.077,0.025,0.026,0.025,0.071,0.023,0.023,0.024,0.733,50.330
2610126270,2026-09-18 08:30:00,230.830,231.630,231.030,0.060,0.050,0.020,0.028,0.013,0.010,0.004,-0.005,-0.002,-0.001,-0.002,0.976,50.250
2610126451,2026-09-18 08:30:00,238.330,238.780,238.060,0.000,0.010,0.030,0.009,0.000,0.002,0.006,0.001,0.000,0.000,0.001,1.000,50.300
2610159557,2026-09-18 08:30:00,238.550,237.510,237.840,0.020,0.020,0.020,0.018,0.007,0.004,0.006,-0.004,0.000,0.000,-0.002,0.989,50.290
2610170785,2026-09-18 08:30:00,237.950,236.920,237.330,0.170,0.170,0.170,0.080,0.026,0.018,0.017,0.083,0.029,0.027,0.026,0.674,50.280
2610170786,2026-09-18 08:30:00,237.200,237.480,238.090,0.570,0.620,0.650,0.598,0.195,0.211,0.191,0.115,0.034,0.033,0.048,0.988,50.260
2610170836,2026-09-18 08:30:00,237.590,237.900,238.560,0.010,0.020,0.010,0.004,0.000,0.005,0.000,-0.001,0.000,0.000,0.000,0.932,50.260
2610170837,2026-09-18 08:30:00,232.760,231.100,231.450,0.000,0.000,0.000,0.000,0.000,0.000,0.000,0.000,0.000,0.000,0.000,1.000,50.250
2610170838,2026-09-18 08:30:00,238.270,237.040,237.500,0.000,0.010,0.060,0.025,0.000,0.002,0.024,0.002,0.000,0.000,0.001,0.979,50.270
2610170839,2026-09-18 08:30:00,237.130,237.430,238.180,0.110,0.070,0.080,0.062,0.026,0.017,0.019,0.000,0.000,0.000,0.000,0.999,50.260
2610170840,2026-09-18 08:30:00,238.220,238.200,239.130,0.200,0.000,0.000,0.048,0.048,0.000,0.000,0.006,0.006,0.000,0.000,0.983,50.260
2610322967,2026-09-18 08:30:00,238.920,237.730,237.920,0.000,0.000,0.020,0.008,0.000,0.003,0.003,0.001,0.000,0.000,0.001,0.913,50.290
2610322969,2026-09-18 08:30:00,231.280,230.380,230.430,0.450,0.420,0.230,0.219,0.101,0.073,0.045,0.065,0.020,0.035,0.009,0.964,50.280
2610322982,2026-09-18 08:30:00,237.540,237.840,238.580,0.020,0.030,0.050,0.021,0.004,0.006,0.010,-0.006,-0.001,-0.002,-0.003,0.946,50.290
2610322995,2026-09-18 08:30:00,237.280,237.660,238.450,0.000,0.040,0.040,0.016,0.000,0.008,0.008,-0.009,0.000,-0.004,-0.004,0.889,50.280
2610322997,2026-09-18 08:30:00,230.670,230.940,229.950,1.110,1.300,0.900,0.601,0.226,0.223,0.152,0.302,0.055,0.147,0.096,0.909,50.260
2610323001,2026-09-18 08:30:00,228.140,227.720,227.410,3.780,2.990,3.380,2.108,0.797,0.615,0.710,0.935,0.329,0.295,0.310,0.912,50.260
2610323004,2026-09-18 08:30:00,64.210,63.690,64.150,0.880,0.840,0.860,0.148,0.050,0.047,0.050,0.049,0.017,0.016,0.014,0.948,50.290
2610323005,2026-09-18 08:30:00,230.830,231.690,230.900,0.100,0.000,0.010,0.025,0.022,0.001,0.002,-0.002,-0.001,0.000,-0.001,0.997,50.260
2610323010,2026-09-18 08:30:00,239.470,238.800,238.830,0.040,0.000,0.000,0.008,0.007,0.000,0.000,-0.006,-0.005,0.000,0.000,0.826,50.260
2610323016,2026-09-18 08:30:00,230.050,229.030,229.200,2.010,1.700,1.790,1.125,0.414,0.337,0.359,0.584,0.202,0.188,0.193,0.884,50.240
2610323017,2026-09-18 08:30:00,236.550,238.110,236.810,0.070,0.040,0.030,0.030,0.015,0.008,0.006,-0.010,-0.004,-0.003,-0.002,0.949,50.250
2610323019,2026-09-18 08:30:00,230.620,231.640,230.930,0.020,0.160,0.040,0.048,0.004,0.036,0.008,-0.006,-0.001,-0.002,-0.002,0.981,50.240
2510203108,2026-09-18 08:31:00,237.800,237.950,237.360,0.800,1.280,1.400,0.786,0.162,0.288,0.336,0.122,0.023,0.050,0.048,0.989,50.290
2510203128,2026-09-18 08:31:00,237.040,237.550,236.190,1.770,1.830,1.790,1.245,0.410,0.423,0.410,0.163,0.046,0.051,0.065,0.991,50.320
2510224167,2026-09-18 08:31:00,232.160,231.770,232.690,0.910,0.120,0.360,0.210,0.130,0.010,0.050,-0.180,-0.100,-0.020,-0.050,0.762,50.320
2610026952,2026-09-18 08:31:00,237.090,236.090,236.380,1.370,1.400,1.380,0.870,0.286,0.293,0.291,0.443,0.146,0.149,0.146,0.889,50.260
2411087432,2026-09-18 08:32:00,237.240,237.800,237.070,1.580,1.860,1.690,1.182,0.374,0.413,0.394,0.233,0.039,0.131,0.062,0.980,50.260
2610323027,2026-09-18 08:32:00,238.550,237.370,237.820,0.030,0.050,0.030,0.022,0.005,0.010,0.005,-0.011,-0.003,-0.004,-0.003,0.905,50.250
2246006313,2026-09-18 09:00:00,58.000,57.900,57.700,1.354,1.369,1.324,0.229,0.076,0.078,0.074,0.055,0.020,0.017,0.017,0.971,50.160
2410121326,2026-09-18 09:00:00,234.830,234.110,234.600,0.770,0.730,0.750,0.485,0.166,0.157,0.161,0.158,0.063,0.050,0.045,0.952,50.210
2410121353,2026-09-18 09:00:00,235.960,235.250,235.390,0.370,0.510,0.480,0.301,0.080,0.115,0.106,0.106,0.032,0.029,0.044,0.947,50.190
2410121371,2026-09-18 09:00:00,236.420,235.530,235.840,0.120,0.130,0.160,0.093,0.026,0.029,0.036,-0.001,-0.002,0.001,0.000,0.995,50.180
2410121424,2026-09-18 09:00:00,235.140,234.630,234.880,0.010,0.010,0.010,0.004,0.000,0.000,0.002,-0.003,-0.001,-0.001,0.000,0.816,50.180
2410121440,2026-09-18 09:00:00,236.120,235.390,235.680,0.110,0.000,0.030,0.015,0.008,0.000,0.006,-0.005,-0.003,0.000,-0.001,0.985,50.170
2410121454,2026-09-18 09:00:00,234.670,235.000,234.170,0.450,0.560,0.700,0.400,0.109,0.132,0.159,0.043,0.010,0.008,0.024,0.995,50.180
2410121457,2026-09-18 09:00:00,233.960,233.190,233.890,1.870,1.880,1.650,1.178,0.407,0.409,0.360,0.393,0.138,0.142,0.114,0.948,50.210
2410121574,2026-09-18 09:00:00,234.810,234.400,234.310,2.020,1.460,1.550,1.127,0.457,0.342,0.347,0.167,0.070,0.041,0.055,0.989,50.180
2410131378,2026-09-18 09:00:00,235.490,235.810,235.060,0.740,0.840,0.830,0.613,0.195,0.210,0.207,0.121,0.031,0.037,0.053,0.978,50.180
2410131383,2026-09-18 09:00:00,238.520,237.760,237.900,0.220,0.240,0.300,0.178,0.051,0.055,0.070,0.025,0.007,0.010,0.007,0.988,50.220
2410131384,2026-09-18 09:00:00,234.760,235.180,234.440,1.180,1.340,1.210,0.864,0.303,0.290,0.270,0.257,0.090,0.099,0.069,0.957,50.140
2410131387,2026-09-18 09:00:00,233.290,233.590,233.280,0.280,0.250,0.220,0.173,0.064,0.056,0.053,0.038,0.012,0.017,0.009,0.978,50.220
2410320615,2026-09-18 09:00:00,233.980,234.180,234.470,4.050,3.820,4.110,2.679,0.921,0.828,0.930,0.865,0.261,0.320,0.283,0.952,50.150
2410883988,2026-09-18 09:00:00,230.470,231.230,230.390,0.000,0.000,0.070,0.016,0.000,0.000,0.015,0.001,0.000,0.000,0.001,0.972,50.130
2410883990,2026-09-18 09:00:00,230.960,230.100,230.010,0.100,0.000,0.100,0.065,0.021,0.000,0.033,-0.001,-0.001,0.000,0.000,0.989,50.180
2410883991,2026-09-18 09:00:00,234.910,235.440,236.080,0.000,0.000,0.000,0.000,0.000,0.000,0.000,0.000,0.000,0.000,0.000,1.000,50.230
2410883993,2026-09-18 09:00:00,235.480,234.260,234.180,0.920,1.370,1.430,0.872,0.200,0.360,0.311,0.067,0.002,0.002,0.072,0.997,50.160
2410883994,2026-09-18 09:00:00,235.510,234.370,235.060,0.030,0.010,0.020,0.012,0.005,0.002,0.004,-0.002,-0.001,0.000,0.000,0.978,50.200
2410932742,2026-09-18 09:00:00,228.600,226.840,227.120,3.010,2.980,3.190,1.961,0.648,0.635,0.677,0.509,0.164,0.152,0.178,0.967,50.170
2411087432,2026-09-18 09:00:00,234.120,234.560,233.880,1.170,1.540,0.900,0.798,0.269,0.327,0.201,0.222,0.030,0.132,0.068,0.964,50.130
2411087433,2026-09-18 09:00:00,235.110,235.540,236.120,0.530,0.490,0.540,0.412,0.138,0.128,0.145,-0.002,0.003,-0.004,0.001,0.999,50.170
2411290205,2026-09-18 09:00:00,233.740,234.020,234.280,4.090,4.140,4.080,2.698,0.887,0.909,0.901,1.010,0.338,0.328,0.358,0.932,50.230
2510014481,2026-09-18 09:00:00,226.600,226.660,227.860,2.190,2.290,2.410,1.476,0.476,0.487,0.513,0.762,0.248,0.270,0.244,0.878,50.160
2510014482,2026-09-18 09:00:00,234.270,234.600,233.950,0.360,0.380,0.210,0.222,0.084,0.088,0.049,-0.025,-0.014,-0.001,-0.009,0.991,50.140
2510014483,2026-09-18 09:00:00,234.910,235.320,235.870,0.080,0.050,0.070,0.041,0.016,0.011,0.014,-0.023,-0.007,-0.006,-0.009,0.876,50.180
2510014484,2026-09-18 09:00:00,236.610,236.560,237.390,1.520,1.900,1.460,1.083,0.331,0.431,0.320,0.351,0.121,0.109,0.121,0.951,50.160
2510178139,2026-09-18 09:00:00,234.980,235.400,234.540,0.750,0.730,0.750,0.501,0.166,0.165,0.168,0.175,0.063,0.064,0.052,0.944,50.160
2510178141,2026-09-18 09:00:00,234.190,234.900,235.350,0.630,0.410,0.340,0.302,0.126,0.096,0.079,0.019,0.026,-0.002,-0.003,0.997,50.160
2510203103,2026-09-18 09:00:00,224.440,222.610,223.250,0.270,0.540,0.730,-0.453,-0.139,-0.151,-0.162,0.164,0.059,0.058,0.045,0.925,50.150
2510203104,2026-09-18 09:00:00,228.620,228.820,229.380,0.980,1.030,1.040,0.649,0.209,0.219,0.224,0.221,0.051,0.086,0.082,0.949,50.140
2510203105,2026-09-18 09:00:00,228.910,227.320,228.070,2.260,2.310,2.250,1.311,0.432,0.443,0.435,0.563,0.197,0.190,0.175,0.930,50.150
2510203106,2026-09-18 09:00:00,237.270,237.260,237.920,0.010,0.010,0.000,0.005,0.002,0.003,0.000,-0.002,-0.002,0.000,0.000,0.843,50.130
2510203108,2026-09-18 09:00:00,235.050,235.140,234.420,0.720,1.190,1.410,0.779,0.168,0.273,0.337,0.090,0.018,0.037,0.035,0.992,50.160
2510203109,2026-09-18 09:00:00,234.850,235.520,234.360,0.880,0.830,0.940,0.573,0.192,0.183,0.195,0.137,0.054,0.037,0.046,0.972,50.160
2510203111,2026-09-18 09:00:00,233.870,234.480,234.910,1.720,1.480,1.940,1.137,0.373,0.324,0.439,0.273,0.124,0.070,0.077,0.972,50.140
2510203112,2026-09-18 09:00:00,225.520,225.320,226.030,0.760,0.880,0.750,0.468,0.149,0.169,0.148,0.241,0.079,0.085,0.076,0.893,50.150
2510203113,2026-09-18 09:00:00,237.000,236.120,236.060,2.960,2.830,3.560,2.160,0.674,0.655,0.830,0.248,0.052,0.094,0.101,0.993,50.130
2510203114,2026-09-18 09:00:00,228.730,229.010,229.520,0.800,0.850,0.850,0.561,0.189,0.193,0.182,0.196,0.054,0.072,0.069,0.937,50.160
2510203117,2026-09-18 09:00:00,230.550,229.510,229.750,0.260,0.290,0.140,0.133,0.051,0.063,0.017,0.078,0.031,0.021,0.025,0.858,50.160
2510203118,2026-09-18 09:00:00,123.880,124.020,124.380,0.180,0.160,0.160,0.059,0.021,0.019,0.018,-0.014,-0.005,-0.002,-0.006,0.969,50.160
2510203119,2026-09-18 09:00:00,230.640,229.750,229.690,0.000,0.000,0.000,0.000,0.000,0.000,0.000,0.000,0.000,0.000,0.000,1.000,50.150
2510203120,2026-09-18 09:00:00,234.750,233.810,234.360,1.740,1.340,1.420,1.020,0.393,0.298,0.319,0.259,0.097,0.082,0.079,0.970,50.170
2510203121,2026-09-18 09:00:00,230.110,230.010,230.940,0.010,0.010,0.110,0.028,0.003,0.001,0.023,-0.008,0.000,-0.002,-0.005,0.953,50.160
2510203122,2026-09-18 09:00:00,234.390,234.830,233.880,0.630,0.660,0.580,0.332,0.118,0.116,0.096,0.272,0.083,0.094,0.094,0.777,50.130
2510203123,2026-09-18 09:00:00,233.900,234.400,234.900,1.340,1.930,1.480,0.537,0.155,0.173,0.208,0.286,0.114,0.068,0.103,0.960,50.140
2510203126,2026-09-18 09:00:00,230.750,230.660,231.540,0.070,0.000,0.000,0.016,0.015,0.000,0.000,0.001,0.001,0.000,0.000,1.000,50.200
2510203127,2026-09-18 09:00:00,234.470,234.750,234.160,1.170,1.180,1.350,0.800,0.246,0.257,0.297,0.239,0.093,0.065,0.080,0.958,50.210
2510203128,2026-09-18 09:00:00,234.540,234.920,233.550,1.810,1.890,1.820,1.250,0.411,0.429,0.410,0.162,0.044,0.052,0.066,0.991,50.150
2510203129,2026-09-18 09:00:00,237.900,237.810,238.500,0.010,0.010,0.000,0.004,0.002,0.002,0.000,-0.003,-0.002,-0.001,0.000,0.807,50.210
2510203130,2026-09-18 09:00:00,241.240,241.580,242.970,0.000,0.000,0.050,0.011,0.000,0.000,0.011,0.001,0.000,0.000,0.001,0.998,50.170
2510203133,2026-09-18 09:00:00,234.640,234.900,234.360,0.310,0.260,0.480,0.214,0.061,0.045,0.107,0.087,0.032,0.035,0.019,0.927,50.190
2510224049,2026-09-18 09:00:00,229.520,230.390,229.630,0.250,1.380,0.030,0.250,0.040,0.200,0.000,-0.180,-0.030,-0.140,0.000,0.798,50.190
2510224167,2026-09-18 09:00:00,229.600,229.420,230.450,0.750,0.120,0.360,0.170,0.090,0.010,0.050,-0.150,-0.080,-0.020,-0.050,0.739,50.160
2510317505,2026-09-18 09:00:00,229.890,229.820,230.720,0.090,0.030,2.200,0.270,0.010,0.000,0.250,-0.250,-0.010,0.000,-0.230,0.739,50.170
2510317516,2026-09-18 09:00:00,230.120,230.000,230.890,0.000,0.000,0.000,0.000,0.000,0.000,0.000,0.000,0.000,0.000,0.000,1.000,50.160
2510317537,2026-09-18 09:00:00,234.430,234.190,235.540,2.900,2.980,2.740,2.140,0.720,0.730,0.680,-0.360,-0.130,-0.110,-0.110,0.986,50.160
2510389559,2026-09-18 09:00:00,237.560,237.600,238.600,0.000,0.000,0.000,0.000,0.000,0.000,0.000,0.000,0.000,0.000,0.000,1.000,50.130
2510389643,2026-09-18 09:00:00,237.960,237.910,238.920,0.830,0.000,0.000,0.160,0.160,0.000,0.000,-0.020,-0.020,0.000,0.000,0.988,50.160
2510389931,2026-09-18 09:00:00,236.260,236.390,237.180,0.050,0.000,0.000,0.000,0.000,0.000,0.000,-0.010,-0.010,0.000,0.000,0.198,50.190
2510633381,2026-09-18 09:00:00,236.400,235.340,235.800,0.080,0.070,0.020,0.037,0.018,0.015,0.004,-0.015,-0.006,-0.005,-0.002,0.919,50.190
2510633383,2026-09-18 09:00:00,234.290,234.980,235.430,1.640,1.310,1.620,1.025,0.367,0.278,0.368,0.026,0.034,0.000,-0.007,0.999,50.190
2510633385,2026-09-18 09:00:00,237.920,237.880,238.930,0.340,0.390,0.010,0.176,0.080,0.092,0.002,0.017,0.008,0.009,-0.001,0.994,50.210
2510633386,2026-09-18 09:00:00,224.960,225.300,225.940,1.120,1.140,1.130,0.154,0.053,0.049,0.052,-0.687,-0.226,-0.231,-0.229,0.307,50.200
2510633389,2026-09-18 09:00:00,236.930,236.230,236.130,1.200,1.180,1.200,0.759,0.257,0.248,0.253,0.376,0.120,0.124,0.131,0.896,50.210
2510633390,2026-09-18 09:00:00,235.640,236.470,235.280,1.830,1.900,1.980,1.251,0.405,0.395,0.393,0.314,0.091,0.110,0.113,0.971,50.220
2510633391,2026-09-18 09:00:00,123.450,123.280,123.240,0.510,0.500,0.730,0.202,0.062,0.057,0.087,0.000,0.017,-0.014,-0.002,1.000,50.230
2510633393,2026-09-18 09:00:00,236.440,237.070,236.440,1.600,1.630,1.600,1.118,0.370,0.376,0.372,0.223,0.075,0.067,0.080,0.980,50.170
2510633395,2026-09-18 09:00:00,235.240,235.580,234.490,0.000,0.000,0.000,0.000,0.000,0.000,0.000,0.000,0.000,0.000,0.000,1.000,50.160
2510633396,2026-09-18 09:00:00,234.990,234.360,234.900,0.810,0.860,0.790,0.532,0.176,0.186,0.169,0.157,0.050,0.056,0.050,0.960,50.180
2510633397,2026-09-18 09:00:00,241.900,240.770,241.320,0.500,0.480,0.530,0.312,0.101,0.098,0.111,0.184,0.065,0.060,0.058,0.860,50.210
2510633399,2026-09-18 09:00:00,230.000,229.860,230.850,0.470,0.450,0.470,0.320,0.109,0.102,0.108,0.019,0.005,0.007,0.006,0.997,50.210
2510633400,2026-09-18 09:00:00,228.520,229.260,228.330,1.030,1.100,1.030,0.664,0.215,0.226,0.210,0.284,0.088,0.099,0.096,0.923,50.220
2510633402,2026-09-18 09:00:00,229.440,229.570,230.770,0.630,0.750,0.800,0.674,0.203,0.230,0.240,0.079,0.024,0.025,0.029,0.989,50.190
2510633406,2026-09-18 09:00:00,229.900,229.740,230.810,0.010,0.010,0.010,0.003,0.001,0.000,0.000,-0.003,-0.001,0.000,-0.001,0.686,50.160
2610026950,2026-09-18 09:00:00,230.850,229.900,229.820,0.020,0.010,0.050,0.018,0.005,0.001,0.012,-0.001,0.000,0.000,0.000,0.996,50.160
2610026952,2026-09-18 09:00:00,232.720,231.800,232.220,2.370,2.320,2.400,1.408,0.467,0.460,0.481,0.834,0.288,0.273,0.272,0.860,50.170
2610026953,2026-09-18 09:00:00,236.570,236.480,237.180,0.750,0.700,0.760,0.495,0.169,0.154,0.171,0.170,0.065,0.056,0.049,0.940,50.160
2610026963,2026-09-18 09:00:00,235.410,235.520,236.040,0.190,0.030,0.090,0.059,0.040,0.000,0.018,-0.034,-0.016,-0.006,-0.011,0.862,50.190
2610026966,2026-09-18 09:00:00,230.470,230.970,229.810,1.190,0.740,0.870,0.634,0.275,0.165,0.193,0.061,0.027,0.016,0.016,0.995,50.170
2610026976,2026-09-18 09:00:00,234.450,234.870,235.500,0.790,1.200,0.870,0.614,0.171,0.257,0.185,0.041,0.032,0.005,0.019,0.989,50.190
2610026977,2026-09-18 09:00:00,241.890,242.070,241.110,0.140,0.150,0.140,0.076,0.025,0.026,0.024,0.071,0.023,0.023,0.023,0.732,50.210
2610126270,2026-09-18 09:00:00,229.890,230.740,229.980,0.060,0.050,0.020,0.026,0.013,0.010,0.003,-0.005,-0.001,-0.001,-0.002,0.966,50.190
2610126451,2026-09-18 09:00:00,235.550,235.870,235.080,0.000,0.000,0.100,0.023,0.000,0.000,0.022,0.003,0.000,0.000,0.003,0.970,50.150
2610159557,2026-09-18 09:00:00,235.990,234.880,235.290,0.020,0.020,0.020,0.011,0.003,0.004,0.004,-0.005,-0.003,-0.001,-0.001,0.895,50.160
2610170785,2026-09-18 09:00:00,235.450,234.400,234.900,0.160,0.160,0.160,0.057,0.019,0.019,0.018,0.089,0.030,0.030,0.029,0.682,50.170
2610170786,2026-09-18 09:00:00,234.770,235.210,235.710,0.750,0.830,0.830,0.557,0.180,0.192,0.184,0.097,0.030,0.028,0.040,0.980,50.160
2610170836,2026-09-18 09:00:00,234.610,235.030,235.560,0.000,0.020,0.000,0.005,0.000,0.004,0.000,0.000,0.000,0.000,0.000,0.889,50.180
2610170837,2026-09-18 09:00:00,230.350,228.610,229.130,0.000,0.000,0.000,0.001,0.000,0.000,0.000,0.000,0.000,0.000,0.000,1.000,50.180
2610170839,2026-09-18 09:00:00,234.800,235.270,235.860,0.130,0.070,0.080,0.061,0.028,0.016,0.017,-0.001,-0.001,0.000,0.000,1.000,50.180
2610170840,2026-09-18 09:00:00,236.250,236.410,237.200,1.070,0.900,0.910,0.613,0.232,0.190,0.190,0.293,0.100,0.093,0.099,0.901,50.180
2610322967,2026-09-18 09:00:00,236.310,235.080,235.380,0.010,0.020,0.020,0.011,0.001,0.000,0.011,0.003,0.001,0.001,0.000,0.962,50.160
2610322969,2026-09-18 09:00:00,230.730,229.640,229.830,0.380,0.560,0.210,0.250,0.085,0.120,0.044,0.055,0.012,0.037,0.004,0.976,50.160
2610322982,2026-09-18 09:00:00,234.870,235.240,235.900,0.020,0.030,0.050,0.022,0.004,0.006,0.011,-0.006,-0.001,-0.001,-0.002,0.949,50.160
2610322995,2026-09-18 09:00:00,234.880,235.290,235.950,0.000,0.050,0.060,0.024,0.000,0.010,0.013,-0.009,0.000,-0.004,-0.004,0.922,50.170
2610322997,2026-09-18 09:00:00,228.240,228.570,227.650,1.070,1.200,0.850,0.609,0.226,0.220,0.162,0.308,0.061,0.149,0.096,0.895,50.180
2610323001,2026-09-18 09:00:00,225.670,225.020,224.880,3.810,3.250,3.620,2.145,0.774,0.656,0.726,0.924,0.325,0.289,0.309,0.921,50.190
2610323004,2026-09-18 09:00:00,63.520,63.010,63.490,0.980,0.940,0.980,0.164,0.055,0.052,0.056,0.047,0.017,0.014,0.014,0.957,50.170
2610323005,2026-09-18 09:00:00,229.870,230.800,229.960,0.100,0.000,0.010,0.025,0.022,0.001,0.002,-0.002,-0.001,0.000,-0.001,0.994,50.180
2610323010,2026-09-18 09:00:00,238.280,237.610,237.700,0.090,0.000,0.000,0.021,0.021,0.000,0.000,-0.006,-0.005,0.000,0.000,0.951,50.170
2610323016,2026-09-18 09:00:00,227.420,226.450,226.620,2.370,2.140,2.170,1.367,0.485,0.430,0.451,0.614,0.212,0.196,0.206,0.909,50.180
2610323017,2026-09-18 09:00:00,234.410,235.660,234.460,0.070,0.040,0.030,0.032,0.016,0.008,0.007,-0.010,-0.005,-0.002,-0.002,0.956,50.160
2610323019,2026-09-18 09:00:00,229.640,230.830,229.910,0.060,0.160,0.030,0.055,0.012,0.036,0.007,-0.008,-0.003,-0.002,-0.002,0.980,50.180
2610323027,2026-09-18 09:00:00,236.140,234.940,235.510,0.050,0.060,0.040,0.033,0.010,0.013,0.009,-0.010,-0.003,-0.003,-0.003,0.949,50.170
2510203124,2026-09-18 09:01:00,235.130,234.980,234.660,0.790,0.780,0.820,0.526,0.174,0.171,0.181,0.130,0.043,0.043,0.043,0.970,50.220
2510203134,2026-09-18 09:01:00,236.780,235.650,236.030,0.020,0.010,0.010,0.007,0.004,0.001,0.001,-0.002,0.000,-0.001,0.000,0.967,50.210
2510633387,2026-09-18 09:01:00,234.710,235.020,234.380,0.030,0.000,0.170,0.046,0.008,0.000,0.038,-0.006,0.000,0.000,-0.004,0.996,50.230
2510633411,2026-09-18 09:01:00,227.730,226.750,226.550,2.530,2.390,2.460,1.546,0.533,0.497,0.515,0.577,0.187,0.187,0.203,0.936,50.200
2510814977,2026-09-18 09:01:00,229.970,230.980,229.470,0.010,0.010,0.010,0.005,0.002,0.000,0.002,-0.002,0.000,-0.001,-0.001,0.906,50.190
2610170838,2026-09-18 09:02:00,236.600,235.360,235.990,0.000,0.030,0.020,0.013,0.001,0.007,0.005,0.023,0.007,0.007,0.007,0.975,50.200
2246006313,2026-09-18 09:30:00,57.600,57.500,57.400,1.403,1.413,1.367,0.230,0.077,0.078,0.075,0.053,0.019,0.017,0.017,0.974,50.220
2410121326,2026-09-18 09:30:00,234.580,233.910,234.390,0.680,0.650,0.720,0.441,0.140,0.141,0.158,0.154,0.065,0.044,0.044,0.944,50.290
2410121353,2026-09-18 09:30:00,233.600,232.740,233.070,0.890,0.910,0.870,0.578,0.195,0.193,0.161,0.210,0.067,0.070,0.071,0.933,50.220
2410121371,2026-09-18 09:30:00,235.320,234.360,234.890,0.120,0.110,0.160,0.091,0.028,0.026,0.036,0.000,0.000,0.001,0.000,1.000,50.300
2410121424,2026-09-18 09:30:00,235.050,234.320,234.740,0.010,0.010,0.010,0.005,0.001,0.001,0.002,-0.003,-0.001,-0.001,0.000,0.918,50.220
2410121440,2026-09-18 09:30:00,235.400,234.680,235.110,0.040,0.000,0.030,0.015,0.008,0.000,0.006,-0.005,-0.003,0.000,-0.001,0.978,50.300
2410121454,2026-09-18 09:30:00,234.660,235.020,233.950,0.430,0.520,0.690,0.378,0.099,0.123,0.154,0.045,0.010,0.009,0.026,0.993,50.230
2410121457,2026-09-18 09:30:00,233.200,232.330,232.970,1.790,1.790,1.660,1.141,0.390,0.388,0.361,0.384,0.134,0.137,0.112,0.947,50.300
2410121574,2026-09-18 09:30:00,234.200,233.270,233.510,1.740,1.430,1.660,1.163,0.418,0.345,0.398,0.131,0.046,0.049,0.041,0.993,50.230
2410131378,2026-09-18 09:30:00,233.960,234.060,233.350,0.580,0.790,0.750,0.502,0.143,0.184,0.174,0.160,0.042,0.055,0.063,0.949,50.270
2410131383,2026-09-18 09:30:00,238.920,238.270,238.350,0.240,0.240,0.300,0.180,0.055,0.055,0.069,0.025,0.007,0.010,0.007,0.990,50.310
2410131384,2026-09-18 09:30:00,235.260,235.640,234.920,1.000,1.180,0.960,0.847,0.285,0.288,0.273,0.224,0.073,0.083,0.068,0.960,50.240
2410131387,2026-09-18 09:30:00,233.440,233.610,233.420,0.240,0.240,0.190,0.152,0.055,0.053,0.043,0.038,0.009,0.017,0.011,0.972,50.230
2410320615,2026-09-18 09:30:00,234.900,235.100,235.410,3.970,3.750,3.990,2.616,0.900,0.821,0.886,0.831,0.252,0.309,0.269,0.951,50.250
2410883988,2026-09-18 09:30:00,229.310,229.960,229.330,0.000,0.000,0.020,0.005,0.000,0.000,0.004,0.000,0.000,0.000,0.000,1.000,50.210
2410883990,2026-09-18 09:30:00,229.510,228.690,228.760,0.090,0.000,0.010,0.023,0.019,0.000,0.003,0.000,-0.001,0.000,0.000,1.000,50.270
2410883991,2026-09-18 09:30:00,234.780,234.970,236.020,0.170,0.260,0.060,0.092,0.040,0.039,0.013,0.045,0.009,0.037,-0.001,0.899,50.230
2410883994,2026-09-18 09:30:00,236.040,234.940,235.510,0.030,0.010,0.020,0.012,0.005,0.002,0.004,-0.002,-0.001,0.000,0.000,0.977,50.280
2410932742,2026-09-18 09:30:00,227.910,226.210,226.270,2.860,2.810,2.990,1.836,0.609,0.595,0.633,0.458,0.150,0.142,0.165,0.970,50.230
2411087432,2026-09-18 09:30:00,233.700,233.890,233.250,1.300,1.420,0.890,0.773,0.308,0.273,0.191,0.271,0.036,0.168,0.067,0.942,50.230
2411087433,2026-09-18 09:30:00,235.580,236.050,236.690,0.540,0.510,0.570,0.365,0.122,0.113,0.129,-0.015,-0.006,-0.006,-0.003,0.998,50.250
2411290205,2026-09-18 09:30:00,234.130,234.500,234.710,3.830,3.920,3.900,2.617,0.863,0.880,0.873,0.937,0.309,0.301,0.326,0.940,50.230
2510014481,2026-09-18 09:30:00,226.050,226.310,227.520,2.720,2.820,2.900,2.115,0.683,0.672,0.759,0.777,0.269,0.272,0.236,0.909,50.250
2510014482,2026-09-18 09:30:00,234.000,234.130,233.520,0.490,0.290,0.170,0.221,0.115,0.068,0.038,-0.021,-0.004,-0.006,-0.010,0.995,50.240
2510014483,2026-09-18 09:30:00,235.100,235.510,236.090,0.070,0.070,0.100,0.052,0.015,0.015,0.022,-0.022,-0.007,-0.006,-0.008,0.922,50.250
2510014484,2026-09-18 09:30:00,236.910,236.840,237.600,1.940,2.260,1.910,1.406,0.481,0.552,0.432,0.399,0.138,0.125,0.136,0.964,50.260
2510178139,2026-09-18 09:30:00,234.360,234.650,233.800,0.510,0.480,0.520,0.312,0.104,0.099,0.108,0.145,0.051,0.052,0.041,0.908,50.260
2510178141,2026-09-18 09:30:00,233.930,234.630,234.990,0.840,0.720,0.670,0.420,0.166,0.135,0.117,0.009,0.021,-0.004,-0.006,1.000,50.270
2510203103,2026-09-18 09:30:00,224.040,222.380,222.760,0.460,0.550,0.490,-0.327,-0.093,-0.115,-0.117,0.146,0.053,0.052,0.040,0.885,50.250
2510203105,2026-09-18 09:30:00,229.320,227.630,228.310,2.230,2.280,2.220,1.502,0.495,0.501,0.491,0.399,0.138,0.139,0.122,0.973,50.260
2510203106,2026-09-18 09:30:00,237.520,237.500,238.090,0.010,0.010,0.000,0.005,0.002,0.003,0.000,-0.002,-0.002,0.000,0.000,0.837,50.220
2510203108,2026-09-18 09:30:00,234.200,234.320,233.570,1.090,1.460,1.560,0.948,0.251,0.337,0.355,0.149,0.043,0.052,0.053,0.991,50.240
2510203109,2026-09-18 09:30:00,235.350,235.940,234.790,0.890,0.900,1.020,0.627,0.199,0.204,0.223,0.137,0.051,0.037,0.047,0.976,50.250
2510203111,2026-09-18 09:30:00,233.240,234.050,234.080,1.730,1.470,1.910,1.125,0.372,0.324,0.428,0.268,0.117,0.070,0.081,0.971,50.230
2510203112,2026-09-18 09:30:00,224.540,224.110,225.150,2.830,2.760,2.620,1.699,0.587,0.562,0.549,0.567,0.186,0.212,0.168,0.948,50.260
2510203113,2026-09-18 09:30:00,237.330,236.620,236.530,3.140,3.010,3.640,2.248,0.719,0.685,0.843,0.301,0.072,0.113,0.113,0.990,50.210
2510203114,2026-09-18 09:30:00,229.090,229.400,229.860,0.790,0.880,0.850,0.538,0.179,0.182,0.176,0.207,0.057,0.073,0.076,0.930,50.260
2510203117,2026-09-18 09:30:00,229.160,228.550,228.410,0.240,0.200,0.150,0.105,0.045,0.040,0.019,0.084,0.036,0.020,0.027,0.804,50.240
2510203118,2026-09-18 09:30:00,124.100,124.220,124.590,0.190,0.170,0.160,0.059,0.021,0.019,0.017,-0.018,-0.006,-0.003,-0.007,0.961,50.250
2510203119,2026-09-18 09:30:00,229.350,228.710,228.570,0.000,0.000,0.000,0.000,0.000,0.000,0.000,0.000,0.000,0.000,0.000,1.000,50.240
2510203120,2026-09-18 09:30:00,235.200,234.240,234.740,1.930,1.540,1.650,1.153,0.437,0.343,0.372,0.272,0.102,0.086,0.083,0.973,50.250
2510203121,2026-09-18 09:30:00,229.030,229.000,229.670,0.010,0.010,0.090,0.026,0.003,0.001,0.020,-0.008,0.000,-0.002,-0.005,0.959,50.260
2510203123,2026-09-18 09:30:00,233.340,234.060,234.230,0.890,1.020,0.990,1.507,0.386,0.575,0.545,0.286,0.103,0.077,0.105,0.937,50.220
2510203126,2026-09-18 09:30:00,229.430,229.310,230.110,0.020,0.000,0.000,0.004,0.004,0.000,0.000,0.000,0.000,0.000,0.000,0.976,50.270
2510203127,2026-09-18 09:30:00,234.150,234.360,233.750,0.970,0.990,1.110,0.659,0.199,0.219,0.243,0.225,0.093,0.054,0.076,0.946,50.270
2510203128,2026-09-18 09:30:00,235.210,235.630,234.240,1.760,1.830,1.780,1.225,0.403,0.418,0.402,0.163,0.046,0.052,0.065,0.991,50.250
2510203129,2026-09-18 09:30:00,238.390,238.280,238.940,0.010,0.050,0.000,0.015,0.002,0.012,0.000,-0.003,-0.002,0.000,0.000,0.998,50.270
2510203130,2026-09-18 09:30:00,240.920,241.160,242.630,0.000,0.000,0.050,0.012,0.000,0.000,0.011,0.001,0.000,0.000,0.001,1.000,50.250
2510203133,2026-09-18 09:30:00,233.580,234.070,233.490,0.310,0.250,0.470,0.229,0.069,0.049,0.111,0.093,0.033,0.039,0.020,0.929,50.240
2510203134,2026-09-18 09:30:00,236.360,235.270,235.560,0.020,0.010,0.010,0.007,0.004,0.002,0.001,-0.002,0.000,-0.001,0.000,0.965,50.230
2510224049,2026-09-18 09:30:00,228.180,228.860,228.390,0.250,1.390,0.020,0.250,0.040,0.200,0.000,-0.170,-0.020,-0.140,0.000,0.816,50.260
2510224167,2026-09-18 09:30:00,228.480,228.280,229.200,0.760,0.120,0.350,0.170,0.090,0.010,0.050,-0.150,-0.080,-0.020,-0.050,0.738,50.270
2510317505,2026-09-18 09:30:00,228.830,228.690,229.490,0.090,0.030,2.200,0.270,0.010,0.000,0.260,-0.250,-0.010,0.000,-0.230,0.741,50.280
2510317516,2026-09-18 09:30:00,229.010,228.850,229.690,0.000,0.000,0.000,0.000,0.000,0.000,0.000,0.000,0.000,0.000,0.000,1.000,50.270
2510317537,2026-09-18 09:30:00,235.320,234.120,236.120,2.840,2.840,2.760,1.840,0.610,0.620,0.600,-0.310,-0.100,-0.100,-0.100,0.985,50.260
2510389559,2026-09-18 09:30:00,238.200,238.400,239.070,0.000,0.000,0.000,0.000,0.000,0.000,0.000,0.000,0.000,0.000,0.000,1.000,50.210
2510389643,2026-09-18 09:30:00,238.580,238.710,239.230,0.470,0.000,0.000,0.100,0.100,0.000,0.000,-0.020,-0.020,0.000,0.000,0.976,50.280
2510389931,2026-09-18 09:30:00,236.620,236.430,237.160,0.050,0.000,0.000,0.000,0.000,0.000,0.000,-0.010,-0.010,0.000,0.000,0.203,50.260
2510633381,2026-09-18 09:30:00,236.430,235.310,235.790,0.080,0.080,0.020,0.039,0.017,0.016,0.004,-0.013,-0.006,-0.005,-0.001,0.952,50.300
2510633385,2026-09-18 09:30:00,238.040,238.250,238.770,0.370,0.100,0.130,0.140,0.086,0.022,0.030,0.020,0.012,0.001,0.006,0.989,50.280
2510633386,2026-09-18 09:30:00,224.260,224.610,225.310,1.080,1.090,1.080,0.158,0.054,0.051,0.055,-0.677,-0.223,-0.227,-0.226,0.227,50.260
2510633387,2026-09-18 09:30:00,234.100,234.380,233.820,0.030,0.020,0.160,0.047,0.008,0.002,0.036,-0.002,-0.001,0.003,-0.004,0.990,50.270
2510633389,2026-09-18 09:30:00,236.860,236.230,236.140,2.080,2.090,2.050,1.411,0.475,0.475,0.460,0.402,0.131,0.130,0.141,0.961,50.300
2510633390,2026-09-18 09:30:00,235.750,236.600,235.340,2.100,2.260,2.220,1.360,0.434,0.471,0.457,0.348,0.095,0.122,0.131,0.972,50.310
2510633391,2026-09-18 09:30:00,123.140,123.030,123.000,0.650,0.630,0.870,0.249,0.072,0.071,0.095,0.001,0.015,-0.016,0.003,0.998,50.310
2510633393,2026-09-18 09:30:00,237.170,237.790,237.180,1.740,1.740,1.700,1.161,0.390,0.386,0.384,0.257,0.086,0.078,0.092,0.975,50.300
2510633395,2026-09-18 09:30:00,234.470,234.760,233.720,0.000,0.000,0.000,0.000,0.000,0.000,0.000,0.000,0.000,0.000,0.000,1.000,50.250
2510633396,2026-09-18 09:30:00,234.500,233.830,234.480,0.840,0.890,0.810,0.556,0.183,0.195,0.179,0.156,0.050,0.055,0.049,0.960,50.260
2510633397,2026-09-18 09:30:00,242.210,240.920,241.410,0.430,0.380,0.470,0.254,0.083,0.072,0.098,0.175,0.063,0.054,0.057,0.822,50.310
2510633399,2026-09-18 09:30:00,228.730,228.550,229.460,0.420,0.460,0.480,0.312,0.096,0.106,0.109,0.017,0.004,0.007,0.005,0.999,50.280
2510633400,2026-09-18 09:30:00,227.490,228.200,227.350,0.940,1.010,0.970,0.619,0.204,0.218,0.195,0.283,0.090,0.099,0.093,0.907,50.310
2510633402,2026-09-18 09:30:00,228.470,228.840,230.130,0.610,0.720,0.760,0.477,0.139,0.166,0.171,0.104,0.033,0.032,0.038,0.983,50.290
2510633406,2026-09-18 09:30:00,228.820,228.650,229.490,0.010,0.010,0.010,0.003,0.001,0.000,0.000,-0.003,-0.001,0.000,-0.001,0.681,50.260
2510633411,2026-09-18 09:30:00,226.640,225.750,225.520,2.430,2.280,2.370,1.522,0.527,0.493,0.502,0.533,0.171,0.171,0.187,0.941,50.310
2510814977,2026-09-18 09:30:00,228.990,230.190,228.640,0.010,0.010,0.020,0.010,0.002,0.002,0.005,0.000,0.000,-0.001,0.000,1.000,50.240
2610026950,2026-09-18 09:30:00,229.500,228.680,228.610,0.040,0.020,0.060,0.026,0.008,0.003,0.013,0.004,0.001,0.001,0.001,0.978,50.250
2610026952,2026-09-18 09:30:00,232.430,231.550,232.010,2.040,2.040,2.080,1.238,0.408,0.410,0.421,0.697,0.237,0.230,0.229,0.871,50.250
2610026953,2026-09-18 09:30:00,237.250,237.060,237.750,0.760,0.740,0.710,0.489,0.161,0.156,0.157,0.164,0.062,0.054,0.047,0.947,50.260
2610026963,2026-09-18 09:30:00,234.820,235.050,235.530,0.140,0.020,0.070,0.040,0.029,-0.001,0.013,-0.028,-0.015,-0.003,-0.009,0.828,50.260
2610026966,2026-09-18 09:30:00,230.920,230.770,229.920,0.900,0.940,1.090,0.656,0.201,0.213,0.239,0.065,0.027,0.019,0.019,0.994,50.260
2610026976,2026-09-18 09:30:00,233.930,234.680,234.810,0.850,1.140,1.410,0.783,0.207,0.246,0.305,0.076,0.048,0.007,0.020,0.995,50.260
2610026977,2026-09-18 09:30:00,242.430,242.260,241.190,0.140,0.140,0.140,0.076,0.025,0.026,0.025,0.070,0.023,0.023,0.023,0.735,50.300
2610126270,2026-09-18 09:30:00,228.690,229.380,228.730,0.060,0.110,0.020,0.035,0.013,0.028,0.004,-0.006,-0.001,-0.002,-0.002,0.995,50.270
2610126451,2026-09-18 09:30:00,234.920,235.050,234.330,0.000,0.000,0.050,0.014,0.000,0.002,0.011,0.004,0.000,0.000,0.003,0.935,50.260
2610159557,2026-09-18 09:30:00,236.370,235.340,235.770,0.020,0.030,0.030,0.018,0.004,0.007,0.006,-0.006,-0.003,-0.001,-0.001,0.946,50.260
2610170785,2026-09-18 09:30:00,235.850,234.760,235.270,0.150,0.160,0.140,0.047,0.016,0.017,0.013,0.093,0.030,0.032,0.030,0.453,50.250
2610170786,2026-09-18 09:30:00,235.320,235.730,236.420,0.620,0.650,0.630,0.416,0.092,0.101,0.106,0.066,0.021,0.018,0.027,0.983,50.280
2610170837,2026-09-18 09:30:00,230.220,228.500,228.920,0.000,0.000,0.000,0.000,0.000,0.000,0.000,0.000,0.000,0.000,0.000,1.000,50.260
2610170838,2026-09-18 09:30:00,236.220,234.960,235.660,0.000,0.040,0.060,0.024,0.000,0.010,0.013,0.000,0.000,0.000,0.000,0.989,50.240
2610170839,2026-09-18 09:30:00,234.570,235.110,235.700,0.340,0.330,0.360,0.192,0.062,0.060,0.028,0.048,0.015,0.016,0.016,0.917,50.260
2610170840,2026-09-18 09:30:00,236.630,236.460,237.230,0.920,0.900,0.910,0.576,0.194,0.190,0.191,0.287,0.094,0.094,0.098,0.894,50.260
2610322967,2026-09-18 09:30:00,236.810,235.600,235.800,0.010,0.010,0.020,0.005,0.002,0.000,0.003,0.000,0.000,0.000,0.000,0.797,50.250
2610322969,2026-09-18 09:30:00,229.530,228.540,228.720,0.300,0.490,0.170,0.213,0.067,0.107,0.038,0.035,0.005,0.029,0.000,0.986,50.250
2610322982,2026-09-18 09:30:00,235.380,235.770,236.430,0.020,0.030,0.050,0.022,0.004,0.006,0.011,-0.006,-0.001,-0.002,-0.002,0.948,50.260
2610322995,2026-09-18 09:30:00,235.010,235.360,236.250,0.000,0.050,0.060,0.024,0.000,0.010,0.013,-0.009,0.000,-0.004,-0.004,0.931,50.250
2610322997,2026-09-18 09:30:00,227.820,228.040,227.170,1.320,1.440,1.100,0.804,0.292,0.286,0.220,0.321,0.056,0.162,0.102,0.926,50.260
2610323001,2026-09-18 09:30:00,224.830,224.560,224.170,4.330,3.520,3.920,2.321,0.864,0.686,0.761,0.987,0.349,0.307,0.331,0.923,50.270
2610323004,2026-09-18 09:30:00,63.460,62.910,63.400,1.110,1.100,1.100,0.191,0.065,0.062,0.063,0.058,0.020,0.019,0.017,0.958,50.240
2610323005,2026-09-18 09:30:00,228.670,229.420,228.620,0.100,0.000,0.010,0.025,0.021,0.001,0.002,-0.003,-0.001,0.000,-0.001,0.987,50.250
2610323010,2026-09-18 09:30:00,238.090,237.820,237.810,0.190,0.000,0.000,0.026,0.026,0.000,0.000,0.035,0.035,0.000,0.000,0.679,50.260
2610323016,2026-09-18 09:30:00,227.040,225.900,226.040,2.560,2.260,2.380,1.532,0.544,0.477,0.520,0.694,0.232,0.226,0.235,0.906,50.280
2610323019,2026-09-18 09:30:00,228.490,229.550,228.780,0.020,0.200,0.030,0.055,0.004,0.043,0.006,-0.008,-0.001,-0.004,-0.002,0.985,50.280
2610323027,2026-09-18 09:30:00,236.470,235.320,235.850,0.050,0.060,0.040,0.033,0.010,0.013,0.009,-0.010,-0.003,-0.004,-0.003,0.948,50.280
2410883993,2026-09-18 09:31:00,235.710,234.440,234.390,0.360,0.580,1.410,0.498,0.077,0.132,0.345,0.057,0.006,0.009,0.041,0.993,50.210
2510203104,2026-09-18 09:31:00,228.970,229.080,229.650,1.050,1.220,1.160,0.798,0.253,0.278,0.266,0.242,0.054,0.093,0.093,0.957,50.280
2510203124,2026-09-18 09:31:00,233.380,233.320,232.650,0.820,0.850,0.890,0.533,0.176,0.172,0.183,0.129,0.042,0.044,0.042,0.974,50.230
2610170836,2026-09-18 09:31:00,234.300,234.840,235.170,0.030,0.040,0.030,0.012,0.003,0.006,0.001,0.000,0.000,0.000,0.000,0.991,50.250
2610323017,2026-09-18 09:31:00,234.320,236.240,235.340,0.070,0.040,0.030,0.032,0.016,0.008,0.007,-0.010,-0.004,-0.003,-0.002,0.962,50.290
2510203122,2026-09-18 09:32:00,233.640,233.960,233.310,0.560,0.560,0.540,0.291,0.106,0.100,0.084,0.251,0.076,0.083,0.092,0.756,50.220
2510633383,2026-09-18 09:32:00,233.220,233.960,234.220,1.640,1.330,1.670,1.014,0.364,0.292,0.376,0.033,0.035,0.000,-0.003,0.999,50.220
2246006313,2026-09-18 10:00:00,58.000,57.900,57.800,1.304,1.297,1.162,0.209,0.070,0.070,0.068,0.043,0.015,0.013,0.013,0.979,50.050
2410121326,2026-09-18 10:00:00,237.080,236.140,236.480,0.700,0.790,0.830,0.529,0.159,0.181,0.189,0.122,0.037,0.036,0.048,0.975,49.990
2410121353,2026-09-18 10:00:00,236.960,235.730,235.910,0.540,0.600,0.650,0.488,0.155,0.159,0.172,0.194,0.059,0.059,0.076,0.918,50.010
2410121371,2026-09-18 10:00:00,237.800,236.810,237.130,0.110,0.110,0.160,0.092,0.028,0.027,0.037,0.001,0.000,0.001,0.000,1.000,49.980
2410121424,2026-09-18 10:00:00,237.650,236.790,237.130,0.010,0.010,0.010,0.005,0.001,0.001,0.002,-0.002,-0.001,-0.001,0.000,0.933,50.020
2410121440,2026-09-18 10:00:00,237.550,236.780,237.090,0.040,0.030,0.040,0.023,0.008,0.006,0.008,-0.006,-0.003,-0.001,-0.002,0.948,49.980
2410121454,2026-09-18 10:00:00,237.060,237.620,236.400,0.440,0.540,0.720,0.392,0.102,0.127,0.163,0.051,0.012,0.010,0.029,0.991,50.020
2410121457,2026-09-18 10:00:00,235.800,234.890,235.500,1.750,1.790,1.620,1.127,0.382,0.388,0.356,0.380,0.132,0.138,0.108,0.947,49.980
2410121574,2026-09-18 10:00:00,236.110,235.320,234.980,2.150,1.570,2.070,1.236,0.467,0.329,0.439,0.172,0.058,0.049,0.066,0.990,50.020
2410131378,2026-09-18 10:00:00,236.850,237.240,236.350,0.620,0.770,0.760,0.467,0.128,0.171,0.166,0.091,0.018,0.029,0.043,0.978,49.990
2410131383,2026-09-18 10:00:00,239.080,238.530,238.490,0.220,0.240,0.300,0.178,0.052,0.056,0.069,0.028,0.008,0.010,0.009,0.986,49.980
2410131384,2026-09-18 10:00:00,235.970,236.450,235.570,1.230,1.370,1.140,0.913,0.270,0.298,0.284,0.157,0.039,0.074,0.043,0.986,50.120
2410131387,2026-09-18 10:00:00,234.080,234.230,234.240,0.260,0.240,0.240,0.171,0.060,0.055,0.055,0.032,0.010,0.014,0.007,0.983,50.050
2410320615,2026-09-18 10:00:00,235.190,235.470,235.840,4.130,3.790,4.210,2.714,0.926,0.854,0.933,0.828,0.252,0.303,0.273,0.956,50.120
2410883988,2026-09-18 10:00:00,230.800,231.480,230.920,0.000,0.000,0.020,0.005,0.000,0.000,0.004,0.000,0.000,0.000,0.000,1.000,50.100
2410883990,2026-09-18 10:00:00,231.290,230.630,230.530,0.090,0.000,0.010,0.022,0.019,0.000,0.002,0.001,0.001,0.000,0.000,1.000,50.020
2410883991,2026-09-18 10:00:00,235.450,236.170,236.830,0.440,0.080,0.250,0.176,0.097,0.019,0.059,0.025,0.021,0.002,0.001,0.991,50.000
2410883993,2026-09-18 10:00:00,236.340,235.160,235.200,0.600,0.670,1.280,0.558,0.132,0.164,0.251,0.193,0.048,0.058,0.086,0.948,50.000
2410883994,2026-09-18 10:00:00,236.760,235.560,236.160,0.030,0.010,0.020,0.012,0.005,0.002,0.004,-0.002,-0.001,0.000,0.000,0.976,50.030
2410932742,2026-09-18 10:00:00,229.970,228.270,228.530,1.990,1.930,2.160,1.280,0.420,0.405,0.453,0.384,0.132,0.112,0.139,0.957,50.050
2411087432,2026-09-18 10:00:00,236.620,237.260,236.510,1.580,1.600,1.250,0.999,0.364,0.350,0.285,0.216,0.028,0.124,0.064,0.976,50.090
2411087433,2026-09-18 10:00:00,236.080,236.500,237.210,0.500,0.460,0.520,0.323,0.110,0.099,0.117,-0.009,0.000,-0.005,-0.003,0.997,49.990
2411290205,2026-09-18 10:00:00,234.450,234.530,234.710,3.940,4.000,4.010,2.478,0.814,0.832,0.829,0.968,0.321,0.310,0.336,0.936,50.000
2510014481,2026-09-18 10:00:00,226.790,227.390,228.370,2.870,2.750,2.830,1.769,0.604,0.558,0.606,0.960,0.312,0.334,0.313,0.889,49.990
2510014482,2026-09-18 10:00:00,236.580,236.970,236.270,0.610,0.290,0.230,0.256,0.134,0.067,0.053,-0.016,-0.003,-0.004,-0.009,0.996,50.080
2510014483,2026-09-18 10:00:00,235.770,236.230,236.820,0.070,0.050,0.070,0.039,0.015,0.010,0.014,-0.023,-0.007,-0.006,-0.009,0.857,50.010
2510178139,2026-09-18 10:00:00,236.930,237.460,236.380,0.690,0.620,0.690,0.436,0.148,0.136,0.151,0.174,0.059,0.061,0.053,0.930,49.980
2510178141,2026-09-18 10:00:00,236.920,237.560,238.020,0.600,0.380,0.310,0.340,0.140,0.107,0.092,-0.008,0.020,-0.014,-0.014,0.998,50.060
2510203103,2026-09-18 10:00:00,225.890,224.100,224.750,1.400,1.480,1.490,-0.492,-0.137,-0.165,-0.185,0.143,0.054,0.049,0.039,0.987,50.120
2510203104,2026-09-18 10:00:00,229.520,229.650,230.290,1.060,1.190,1.030,0.680,0.230,0.235,0.214,0.265,0.068,0.097,0.099,0.935,50.100
2510203105,2026-09-18 10:00:00,231.230,229.430,230.250,1.260,1.330,1.200,0.913,0.305,0.318,0.290,0.090,0.024,0.030,0.021,0.998,49.990
2510203106,2026-09-18 10:00:00,238.230,237.970,238.610,0.010,0.010,0.000,0.005,0.002,0.003,0.000,-0.002,-0.001,0.000,0.000,0.978,50.110
2510203108,2026-09-18 10:00:00,236.210,236.320,235.610,0.910,1.340,1.470,0.950,0.219,0.315,0.435,0.100,0.028,0.038,0.033,0.992,50.110
2510203109,2026-09-18 10:00:00,235.740,236.340,235.200,0.850,0.860,1.030,0.591,0.189,0.183,0.218,0.143,0.052,0.043,0.047,0.971,49.990
2510203111,2026-09-18 10:00:00,236.100,236.800,237.120,1.770,1.450,1.930,1.157,0.392,0.325,0.439,0.254,0.119,0.062,0.073,0.975,50.120
2510203112,2026-09-18 10:00:00,224.560,223.940,224.940,2.740,2.730,2.590,1.624,0.554,0.541,0.528,0.604,0.196,0.223,0.184,0.937,50.070
2510203113,2026-09-18 10:00:00,237.700,237.100,236.820,3.000,2.870,3.410,2.153,0.697,0.655,0.800,0.288,0.069,0.110,0.115,0.990,50.080
2510203114,2026-09-18 10:00:00,229.440,229.740,230.280,0.930,1.010,0.930,0.610,0.201,0.217,0.191,0.237,0.066,0.080,0.085,0.929,49.980
2510203117,2026-09-18 10:00:00,231.010,230.300,229.990,0.140,0.180,0.140,0.053,0.012,0.034,0.013,0.080,0.030,0.021,0.028,0.535,50.080
2510203118,2026-09-18 10:00:00,124.330,124.470,124.890,0.180,0.150,0.150,0.054,0.020,0.018,0.017,-0.015,-0.006,-0.002,-0.006,0.956,49.990
2510203119,2026-09-18 10:00:00,231.020,230.290,230.040,0.000,0.000,0.000,0.000,0.000,0.000,0.000,0.000,0.000,0.000,0.000,1.000,50.120
2510203120,2026-09-18 10:00:00,235.820,234.820,235.360,1.810,1.410,1.510,1.060,0.404,0.314,0.341,0.236,0.090,0.076,0.070,0.976,50.100
2510203121,2026-09-18 10:00:00,230.550,230.400,231.190,0.010,0.010,0.120,0.029,0.003,0.001,0.024,-0.008,0.000,-0.002,-0.005,0.961,49.980
2510203123,2026-09-18 10:00:00,236.320,236.840,237.180,0.730,0.840,0.790,0.672,0.199,0.243,0.230,0.246,0.104,0.052,0.079,0.849,50.110
2510203126,2026-09-18 10:00:00,231.040,230.850,231.640,0.020,0.000,0.000,0.004,0.004,0.000,0.000,0.000,0.000,0.000,0.000,0.986,49.980
2510203127,2026-09-18 10:00:00,236.610,237.320,236.420,1.280,1.360,1.720,0.928,0.256,0.292,0.378,0.256,0.096,0.071,0.088,0.966,49.980
2510203129,2026-09-18 10:00:00,238.780,238.540,239.200,0.010,0.020,0.000,0.005,0.002,0.003,0.000,-0.003,-0.002,0.000,0.000,0.819,49.980
2510203130,2026-09-18 10:00:00,242.040,242.520,243.670,0.000,0.000,0.090,0.024,0.000,0.000,0.023,0.004,0.000,0.000,0.006,0.964,49.980
2510203133,2026-09-18 10:00:00,234.470,235.060,234.370,0.380,0.240,0.440,0.228,0.081,0.045,0.100,0.084,0.032,0.033,0.019,0.936,49.870
2510203134,2026-09-18 10:00:00,237.370,236.120,236.480,0.020,0.010,0.010,0.007,0.004,0.002,0.001,-0.002,0.000,-0.001,0.000,0.970,50.070
2510224049,2026-09-18 10:00:00,230.050,230.750,230.190,0.240,1.350,0.020,0.250,0.040,0.200,0.000,-0.180,-0.020,-0.140,0.000,0.802,50.020
2510224167,2026-09-18 10:00:00,230.260,229.940,230.870,0.900,0.120,0.360,0.210,0.130,0.010,0.050,-0.170,-0.090,-0.020,-0.050,0.777,50.070
2510317505,2026-09-18 10:00:00,230.550,230.320,231.160,0.090,0.030,2.190,0.270,0.010,0.000,0.250,-0.250,-0.010,0.000,-0.230,0.737,50.050
2510317516,2026-09-18 10:00:00,230.690,230.420,231.250,0.000,0.000,0.000,0.000,0.000,0.000,0.000,0.000,0.000,0.000,0.000,1.000,50.070
2510317537,2026-09-18 10:00:00,235.210,235.090,236.330,3.100,3.140,3.110,2.150,0.690,0.730,0.720,-0.330,-0.100,-0.110,-0.110,0.988,50.060
2510389559,2026-09-18 10:00:00,238.590,238.510,239.190,0.000,0.000,0.000,0.000,0.000,0.000,0.000,0.000,0.000,0.000,0.000,1.000,49.980
2510389643,2026-09-18 10:00:00,238.680,238.540,239.190,0.480,0.000,0.000,0.110,0.110,0.000,0.000,-0.020,-0.020,0.000,0.000,0.974,50.060
2510389931,2026-09-18 10:00:00,238.150,237.870,238.580,0.050,0.000,0.000,0.000,0.000,0.000,0.000,-0.010,-0.010,0.000,0.000,0.193,50.030
2510633381,2026-09-18 10:00:00,237.150,236.040,236.520,0.080,0.080,0.020,0.039,0.016,0.017,0.004,-0.012,-0.006,-0.004,-0.001,0.950,49.980
2510633383,2026-09-18 10:00:00,236.360,237.150,237.570,1.610,1.280,1.550,1.002,0.358,0.262,0.348,0.025,0.036,-0.004,-0.006,0.999,49.990
2510633385,2026-09-18 10:00:00,238.760,238.640,239.310,0.360,0.200,0.140,0.163,0.084,0.047,0.031,0.028,0.010,0.010,0.007,0.982,49.970
2510633386,2026-09-18 10:00:00,225.270,225.570,226.340,1.090,1.090,1.090,0.149,0.052,0.048,0.048,-0.680,-0.224,-0.228,-0.227,0.220,49.980
2510633387,2026-09-18 10:00:00,236.250,236.930,236.030,0.030,0.020,0.160,0.047,0.008,0.002,0.036,-0.002,0.000,0.003,-0.004,0.996,49.980
2510633389,2026-09-18 10:00:00,237.290,236.730,236.510,2.040,2.050,1.990,1.374,0.463,0.464,0.445,0.437,0.139,0.145,0.152,0.952,49.970
2510633390,2026-09-18 10:00:00,236.330,237.200,235.930,1.780,1.960,2.040,1.221,0.383,0.414,0.423,0.394,0.108,0.127,0.157,0.952,49.980
2510633391,2026-09-18 10:00:00,124.450,124.320,124.300,0.550,0.520,0.750,0.225,0.070,0.061,0.093,0.002,0.020,-0.015,-0.002,0.997,49.980
2510633393,2026-09-18 10:00:00,236.730,237.310,237.070,1.870,1.870,1.860,1.221,0.405,0.407,0.399,0.304,0.101,0.093,0.109,0.970,49.980
2510633396,2026-09-18 10:00:00,236.980,236.290,236.880,0.920,0.970,0.890,0.552,0.182,0.193,0.176,0.164,0.053,0.059,0.051,0.960,49.990
2510633397,2026-09-18 10:00:00,242.670,241.440,241.990,0.510,0.480,0.540,0.310,0.101,0.094,0.114,0.191,0.068,0.062,0.060,0.852,49.980
2510633399,2026-09-18 10:00:00,230.420,230.190,231.050,0.410,0.470,0.480,0.313,0.094,0.107,0.110,0.006,0.001,0.003,0.001,0.999,49.980
2510633400,2026-09-18 10:00:00,229.400,230.240,229.410,0.640,0.730,0.700,0.430,0.136,0.151,0.143,0.175,0.054,0.060,0.060,0.929,49.980
2510633402,2026-09-18 10:00:00,229.370,229.750,230.850,0.740,0.860,1.010,0.508,0.148,0.175,0.184,0.135,0.042,0.043,0.049,0.954,49.980
2510633406,2026-09-18 10:00:00,230.460,230.240,231.160,0.010,0.010,0.010,0.004,0.002,0.000,0.000,-0.003,-0.001,0.000,-0.001,0.688,49.990
2510633411,2026-09-18 10:00:00,228.210,227.430,227.100,2.220,2.110,2.160,1.361,0.471,0.443,0.446,0.509,0.165,0.165,0.170,0.937,49.980
2510814977,2026-09-18 10:00:00,230.470,231.430,229.840,0.010,0.010,0.010,0.005,0.002,0.000,0.002,-0.002,0.000,-0.001,-0.001,0.850,50.000
2610026950,2026-09-18 10:00:00,231.190,230.370,230.290,0.040,0.020,0.060,0.025,0.008,0.003,0.013,0.004,0.001,0.001,0.001,0.993,49.990
2610026952,2026-09-18 10:00:00,236.750,235.700,236.130,1.260,1.260,1.250,0.770,0.256,0.255,0.257,0.411,0.136,0.141,0.133,0.882,49.990
2610026953,2026-09-18 10:00:00,237.710,237.400,238.010,0.760,0.710,0.770,0.501,0.179,0.176,0.177,0.167,0.064,0.056,0.046,0.951,49.990
2610026963,2026-09-18 10:00:00,237.410,237.570,238.200,0.080,0.030,0.040,0.022,0.015,0.005,0.000,-0.029,-0.013,-0.005,-0.010,0.568,49.980
2610026966,2026-09-18 10:00:00,233.520,232.770,232.420,0.660,0.820,1.170,0.590,0.154,0.186,0.249,0.097,0.039,0.031,0.026,0.987,49.980
2610026976,2026-09-18 10:00:00,236.510,236.960,237.350,1.090,1.570,0.970,0.765,0.227,0.342,0.195,0.076,0.022,0.006,0.048,0.993,49.990
2610026977,2026-09-18 10:00:00,245.230,244.740,244.110,0.000,0.010,0.000,0.001,0.000,0.001,0.000,-0.001,0.000,0.000,0.000,0.719,49.980
2610126270,2026-09-18 10:00:00,230.430,231.150,230.640,0.060,0.070,0.020,0.032,0.013,0.015,0.003,-0.006,-0.002,-0.001,-0.001,0.992,50.020
2610126451,2026-09-18 10:00:00,237.050,237.490,236.650,0.040,0.000,0.070,0.026,0.008,0.000,0.017,0.006,0.002,0.000,0.003,0.952,49.990
2610159557,2026-09-18 10:00:00,237.000,235.770,236.220,0.020,0.040,0.030,0.020,0.004,0.008,0.007,-0.006,-0.003,-0.001,-0.001,0.964,49.990
2610170785,2026-09-18 10:00:00,236.480,235.350,235.930,0.190,0.180,0.160,0.058,0.021,0.020,0.017,0.098,0.031,0.032,0.030,0.605,50.000
2610170786,2026-09-18 10:00:00,235.830,236.310,236.850,0.770,0.410,0.470,0.379,0.124,0.122,0.131,0.085,0.026,0.026,0.032,0.969,50.060
2610170836,2026-09-18 10:00:00,237.400,237.780,238.280,0.010,0.040,0.000,0.006,0.001,0.005,0.000,0.000,0.000,0.000,0.000,0.997,50.010
2610170837,2026-09-18 10:00:00,231.420,229.710,230.330,0.000,0.000,0.000,0.009,0.008,0.000,0.000,0.001,0.001,0.000,0.000,1.000,50.000
2610170838,2026-09-18 10:00:00,236.910,235.600,236.120,0.000,0.060,0.130,0.041,0.000,0.014,0.026,0.006,0.000,0.000,0.006,0.991,50.080
2610170839,2026-09-18 10:00:00,235.430,236.010,236.590,0.140,0.120,0.150,0.074,0.023,0.021,0.029,0.051,0.013,0.017,0.017,0.836,50.020
2610170840,2026-09-18 10:00:00,238.120,237.820,238.600,0.200,0.000,0.000,0.047,0.047,0.000,0.000,-0.002,-0.002,0.000,0.000,0.998,50.020
2610322967,2026-09-18 10:00:00,237.440,236.170,236.460,0.060,0.010,0.040,0.027,0.012,0.003,0.009,0.001,0.000,0.000,0.001,0.993,50.000
2610322969,2026-09-18 10:00:00,230.970,230.180,230.220,0.670,0.420,0.260,0.298,0.158,0.086,0.050,0.048,0.014,0.029,0.004,0.975,50.000
2610322982,2026-09-18 10:00:00,235.820,236.220,236.900,0.020,0.030,0.050,0.022,0.004,0.006,0.011,-0.006,-0.001,-0.002,-0.002,0.947,49.990
2610322995,2026-09-18 10:00:00,235.550,236.280,236.870,0.000,0.050,0.060,0.024,0.000,0.010,0.013,-0.009,0.000,-0.004,-0.004,0.934,50.000
2610322997,2026-09-18 10:00:00,229.340,229.260,228.520,1.230,1.360,0.970,0.787,0.285,0.282,0.238,0.371,0.062,0.182,0.125,0.889,50.010
2610323001,2026-09-18 10:00:00,226.190,225.640,225.540,4.030,3.310,3.710,2.216,0.811,0.651,0.753,1.099,0.378,0.347,0.371,0.895,50.010
2610323004,2026-09-18 10:00:00,63.760,63.290,63.780,1.070,1.040,1.060,0.189,0.063,0.061,0.063,0.064,0.022,0.021,0.020,0.944,49.990
2610323005,2026-09-18 10:00:00,230.350,231.140,230.480,0.090,0.000,0.010,0.024,0.021,0.001,0.002,-0.002,0.000,0.000,-0.001,1.000,50.010
2610323010,2026-09-18 10:00:00,238.740,238.330,238.170,0.040,0.000,0.000,0.008,0.008,0.000,0.000,-0.006,0.009,0.000,-0.023,0.841,49.990
2610323016,2026-09-18 10:00:00,227.820,226.770,227.120,2.990,2.770,2.850,1.780,0.623,0.569,0.590,0.742,0.251,0.241,0.250,0.923,50.050
2610323017,2026-09-18 10:00:00,235.260,236.470,235.300,0.070,0.040,0.030,0.032,0.016,0.008,0.007,-0.010,-0.004,-0.003,-0.002,0.965,50.050
2610323019,2026-09-18 10:00:00,230.140,231.170,230.500,0.020,0.150,0.030,0.045,0.004,0.035,0.006,-0.006,-0.001,-0.002,-0.002,0.992,50.040
2610323027,2026-09-18 10:00:00,237.060,235.830,236.430,0.050,0.060,0.040,0.033,0.010,0.013,0.009,-0.010,-0.003,-0.004,-0.003,0.950,50.050
2510014484,2026-09-18 10:01:00,237.300,237.020,237.790,1.670,2.070,1.690,1.229,0.369,0.494,0.365,0.404,0.141,0.127,0.136,0.949,49.990
2510203122,2026-09-18 10:01:00,236.090,236.980,236.020,0.820,0.700,0.620,0.351,0.145,0.112,0.093,0.237,0.081,0.077,0.078,0.846,50.020
2510203128,2026-09-18 10:01:00,236.020,236.430,234.880,1.720,1.680,1.740,1.174,0.394,0.384,0.395,0.141,0.033,0.045,0.062,0.992,49.980
2510633395,2026-09-18 10:01:00,236.900,237.270,236.120,0.000,0.000,0.000,0.000,0.000,0.000,0.000,0.000,0.000,0.000,0.000,1.000,50.000
2510203124,2026-09-18 10:02:00,236.600,236.840,236.000,0.800,0.780,0.820,0.529,0.173,0.172,0.182,0.133,0.043,0.043,0.045,0.969,50.040
2246006313,2026-09-18 10:30:00,57.500,57.500,57.300,1.433,1.422,1.389,0.236,0.079,0.080,0.077,0.048,0.017,0.015,0.015,0.979,49.980
2410121326,2026-09-18 10:30:00,237.300,236.420,236.880,0.740,0.730,0.730,0.498,0.155,0.175,0.166,0.196,0.074,0.064,0.057,0.929,49.890
2410121353,2026-09-18 10:30:00,238.570,237.520,237.750,0.420,0.560,0.550,0.342,0.101,0.134,0.125,0.122,0.033,0.037,0.051,0.955,49.930
2410121371,2026-09-18 10:30:00,239.420,238.260,238.740,0.110,0.150,0.150,0.098,0.027,0.034,0.036,0.000,-0.002,0.002,0.000,0.999,49.890
2410121424,2026-09-18 10:30:00,239.700,238.900,239.280,0.010,0.010,0.010,0.005,0.001,0.001,0.002,-0.002,-0.001,-0.001,0.000,0.946,49.940
2410121440,2026-09-18 10:30:00,238.950,238.060,238.490,0.050,0.010,0.030,0.019,0.014,0.001,0.007,-0.005,-0.003,0.000,0.000,0.991,49.860
2410121454,2026-09-18 10:30:00,238.820,239.450,238.150,0.430,0.500,0.720,0.386,0.099,0.120,0.166,0.046,0.011,0.007,0.027,0.991,49.970
2410121457,2026-09-18 10:30:00,236.560,235.510,236.270,1.800,1.870,1.630,1.172,0.396,0.412,0.364,0.379,0.133,0.138,0.107,0.951,49.830
2410121574,2026-09-18 10:30:00,238.070,237.380,237.490,2.070,1.690,1.660,1.318,0.498,0.414,0.405,0.113,0.058,0.021,0.033,0.996,49.950
2410131378,2026-09-18 10:30:00,238.630,238.910,238.060,0.750,0.960,0.900,0.503,0.150,0.180,0.171,0.079,0.013,0.025,0.039,0.990,49.900
2410131383,2026-09-18 10:30:00,239.940,239.440,239.440,0.230,0.250,0.310,0.189,0.055,0.060,0.073,0.020,0.005,0.007,0.007,0.992,49.870
2410131387,2026-09-18 10:30:00,235.140,235.140,235.140,0.350,0.350,0.300,0.225,0.080,0.078,0.067,0.066,0.018,0.028,0.020,0.959,50.030
2410320615,2026-09-18 10:30:00,235.970,236.100,236.540,4.120,3.840,4.190,2.711,0.926,0.842,0.942,0.837,0.253,0.308,0.275,0.955,50.040
2410883988,2026-09-18 10:30:00,229.510,230.220,229.610,0.000,0.000,0.020,0.004,0.000,0.000,0.003,0.000,0.000,0.000,0.000,0.945,50.110
2410883990,2026-09-18 10:30:00,229.860,229.110,228.990,0.090,0.000,0.320,0.087,0.019,0.000,0.067,-0.002,0.001,0.000,-0.004,1.000,49.890
2410883991,2026-09-18 10:30:00,234.160,234.920,235.700,0.810,0.190,0.210,0.279,0.186,0.044,0.048,0.024,0.019,0.004,0.000,0.995,50.000
2410883994,2026-09-18 10:30:00,235.310,234.220,234.760,0.030,0.010,0.020,0.012,0.005,0.002,0.004,-0.002,-0.001,0.000,0.000,0.977,49.990
2410932742,2026-09-18 10:30:00,229.640,227.920,228.200,1.810,1.750,1.960,1.147,0.376,0.362,0.408,0.352,0.120,0.102,0.129,0.956,49.990
2411087432,2026-09-18 10:30:00,235.950,236.400,235.490,1.050,1.290,1.000,0.694,0.238,0.250,0.206,0.312,0.043,0.157,0.111,0.912,50.040
2411087433,2026-09-18 10:30:00,235.210,235.730,236.320,0.620,0.500,0.590,0.413,0.149,0.123,0.143,-0.003,0.006,-0.008,-0.001,0.999,50.060
2411290205,2026-09-18 10:30:00,235.710,236.030,236.100,4.030,4.130,4.060,2.759,0.918,0.942,0.926,0.949,0.312,0.306,0.330,0.948,50.000
2510014481,2026-09-18 10:30:00,227.520,228.060,228.980,3.020,2.740,2.650,1.736,0.597,0.521,0.618,0.506,0.166,0.182,0.171,0.950,50.060
2510014482,2026-09-18 10:30:00,236.100,236.420,235.640,0.620,0.380,0.240,0.282,0.135,0.089,0.057,-0.018,-0.005,-0.002,-0.009,0.999,50.120
2510014483,2026-09-18 10:30:00,234.860,235.280,235.870,0.070,0.050,0.090,0.044,0.015,0.010,0.018,-0.023,-0.007,-0.006,-0.009,0.875,50.090
2510014484,2026-09-18 10:30:00,238.230,238.180,238.790,1.800,2.100,1.670,1.258,0.402,0.479,0.361,0.369,0.129,0.115,0.124,0.959,50.130
2510178139,2026-09-18 10:30:00,237.220,237.830,236.740,0.500,0.430,0.530,0.299,0.099,0.091,0.108,0.136,0.046,0.049,0.040,0.916,50.020
2510178141,2026-09-18 10:30:00,236.050,236.900,237.460,0.860,0.720,0.720,0.427,0.169,0.135,0.123,-0.002,0.022,-0.012,-0.012,1.000,50.120
2510203103,2026-09-18 10:30:00,225.360,223.470,224.120,0.990,0.990,1.090,-0.737,-0.233,-0.238,-0.265,0.162,0.058,0.059,0.044,0.966,50.050
2510203104,2026-09-18 10:30:00,228.250,228.460,229.110,1.090,1.130,1.120,0.701,0.238,0.223,0.239,0.238,0.067,0.088,0.080,0.948,50.100
2510203105,2026-09-18 10:30:00,230.720,229.100,229.760,1.210,1.070,1.000,0.749,0.279,0.238,0.225,0.287,0.097,0.098,0.091,0.941,50.040
2510203106,2026-09-18 10:30:00,239.530,239.270,239.780,0.010,0.010,0.000,0.005,0.001,0.003,0.000,-0.002,-0.002,0.000,0.000,0.841,50.050
2510203108,2026-09-18 10:30:00,236.060,236.630,235.500,0.610,0.940,1.360,0.688,0.155,0.221,0.312,0.113,0.040,0.032,0.040,0.990,50.020
2510203109,2026-09-18 10:30:00,235.750,236.430,235.290,0.990,0.920,1.110,0.665,0.222,0.205,0.237,0.134,0.057,0.032,0.044,0.979,50.030
2510203112,2026-09-18 10:30:00,226.540,226.300,226.950,1.600,1.600,1.550,0.973,0.325,0.325,0.322,0.391,0.131,0.141,0.118,0.927,50.120
2510203113,2026-09-18 10:30:00,238.750,238.190,238.130,3.000,2.830,3.430,2.137,0.693,0.650,0.793,0.245,0.055,0.094,0.096,0.993,50.120
2510203114,2026-09-18 10:30:00,229.620,229.920,230.430,1.010,1.000,1.060,0.657,0.214,0.211,0.231,0.196,0.063,0.069,0.063,0.957,50.010
2510203117,2026-09-18 10:30:00,229.250,228.570,228.430,0.140,0.190,0.170,0.076,0.010,0.037,0.027,0.079,0.030,0.021,0.027,0.689,50.000
2510203118,2026-09-18 10:30:00,123.910,124.060,124.410,0.200,0.180,0.170,0.067,0.024,0.021,0.021,-0.009,-0.003,-0.001,-0.004,0.987,50.060
2510203119,2026-09-18 10:30:00,229.620,228.870,228.740,0.000,0.000,0.000,0.000,0.000,0.000,0.000,0.000,0.000,0.000,0.000,1.000,50.050
2510203120,2026-09-18 10:30:00,234.210,233.200,233.710,2.560,2.170,2.280,1.591,0.583,0.490,0.518,0.311,0.118,0.096,0.095,0.981,50.020
2510203121,2026-09-18 10:30:00,229.150,229.020,229.800,0.100,0.010,0.110,0.048,0.021,0.002,0.025,-0.010,-0.001,-0.002,-0.006,0.975,50.040
2510203122,2026-09-18 10:30:00,235.580,236.100,235.260,0.720,0.700,0.730,0.381,0.129,0.149,0.124,0.326,0.101,0.111,0.113,0.753,50.110
2510203123,2026-09-18 10:30:00,235.360,236.010,236.580,1.770,1.880,1.620,0.673,0.197,0.249,0.226,0.345,0.132,0.089,0.116,0.934,50.090
2510203124,2026-09-18 10:30:00,236.880,237.070,236.220,0.760,0.760,0.800,0.522,0.171,0.170,0.180,0.112,0.036,0.037,0.038,0.977,49.990
2510203127,2026-09-18 10:30:00,236.860,237.310,236.460,1.120,1.210,1.240,0.777,0.234,0.269,0.273,0.246,0.094,0.066,0.084,0.953,49.920
2510203128,2026-09-18 10:30:00,234.470,234.900,233.370,1.690,1.640,1.680,1.140,0.385,0.373,0.381,0.129,0.030,0.040,0.058,0.993,50.050
2510203129,2026-09-18 10:30:00,239.480,239.320,239.860,0.010,0.020,0.000,0.005,0.002,0.003,0.000,-0.003,-0.002,0.000,0.000,0.816,49.920
2510203130,2026-09-18 10:30:00,242.320,242.880,244.110,0.070,0.000,0.190,0.022,0.008,0.000,0.013,0.017,0.015,0.000,0.001,0.964,49.990
2510203133,2026-09-18 10:30:00,235.400,235.890,234.980,0.380,0.240,0.450,0.230,0.084,0.042,0.102,0.084,0.032,0.034,0.017,0.939,50.120
2510203134,2026-09-18 10:30:00,235.890,234.670,235.020,0.020,0.010,0.010,0.007,0.004,0.002,0.001,-0.001,0.000,-0.001,0.000,0.964,49.990
2510224049,2026-09-18 10:30:00,228.510,229.240,228.670,0.300,1.400,0.020,0.250,0.060,0.190,0.000,-0.170,-0.030,-0.140,0.000,0.826,50.090
2510224167,2026-09-18 10:30:00,228.930,228.700,229.600,0.900,0.120,0.360,0.210,0.140,0.010,0.050,-0.170,-0.090,-0.010,-0.050,0.778,50.130
2510317505,2026-09-18 10:30:00,229.020,228.980,229.710,9.550,0.280,2.500,2.180,1.870,0.020,0.280,-0.480,-0.130,-0.050,-0.290,0.976,50.110
2510317516,2026-09-18 10:30:00,229.420,229.240,230.020,0.000,0.000,0.000,0.000,0.000,0.000,0.000,0.000,0.000,0.000,0.000,1.000,50.120
2510389559,2026-09-18 10:30:00,239.480,239.690,240.220,0.000,0.000,0.000,0.000,0.000,0.000,0.000,0.000,0.000,0.000,0.000,1.000,50.120
2510389643,2026-09-18 10:30:00,239.680,239.720,240.230,0.230,0.000,0.000,0.050,0.050,0.000,0.000,-0.010,-0.010,0.000,0.000,0.963,50.120
2510389931,2026-09-18 10:30:00,239.350,239.060,239.740,0.050,0.000,0.000,0.000,0.000,0.000,0.000,-0.010,-0.010,0.000,0.000,0.202,50.090
2510633381,2026-09-18 10:30:00,236.970,235.840,236.330,0.070,0.060,0.020,0.034,0.016,0.014,0.004,-0.011,-0.006,-0.003,-0.001,0.953,49.950
2510633383,2026-09-18 10:30:00,236.280,237.180,237.700,1.680,1.360,1.620,1.035,0.377,0.288,0.368,0.035,0.038,0.000,-0.004,0.999,49.950
2510633385,2026-09-18 10:30:00,239.850,239.880,240.470,0.520,0.400,0.140,0.249,0.121,0.095,0.032,0.039,0.019,0.011,0.008,0.985,49.830
2510633386,2026-09-18 10:30:00,225.630,225.910,226.570,1.070,1.080,1.070,0.169,0.056,0.054,0.057,-0.666,-0.219,-0.225,-0.224,0.234,49.830
2510633387,2026-09-18 10:30:00,237.380,237.670,236.910,0.030,0.000,0.160,0.045,0.008,0.000,0.037,-0.004,0.000,0.000,-0.003,0.993,49.820
2510633389,2026-09-18 10:30:00,238.410,238.030,237.860,1.380,1.350,1.320,0.856,0.294,0.287,0.273,0.423,0.135,0.140,0.147,0.898,49.830
2510633390,2026-09-18 10:30:00,236.230,236.890,235.560,1.920,2.080,2.100,1.370,0.412,0.463,0.457,0.374,0.098,0.122,0.153,0.966,49.840
2510633391,2026-09-18 10:30:00,124.570,124.250,124.170,0.450,0.610,0.730,0.210,0.053,0.069,0.087,0.000,0.011,-0.018,0.007,0.998,49.870
2510633393,2026-09-18 10:30:00,238.530,239.040,238.670,1.560,1.540,1.520,1.070,0.359,0.357,0.353,0.214,0.074,0.062,0.077,0.980,49.860
2510633395,2026-09-18 10:30:00,236.930,237.420,236.080,0.000,0.000,0.000,0.000,0.000,0.000,0.000,0.000,0.000,0.000,0.000,1.000,50.010
2510633396,2026-09-18 10:30:00,237.190,236.360,236.900,0.770,0.820,0.740,0.509,0.167,0.179,0.161,0.123,0.039,0.045,0.038,0.970,49.960
2510633397,2026-09-18 10:30:00,242.360,241.180,241.770,0.640,0.530,0.560,0.360,0.132,0.108,0.119,0.193,0.068,0.065,0.060,0.878,49.840
2510633399,2026-09-18 10:30:00,228.710,228.540,229.420,0.400,0.460,0.490,0.307,0.091,0.104,0.111,0.019,0.006,0.006,0.006,0.997,49.920
2510633402,2026-09-18 10:30:00,229.820,230.220,231.300,0.880,0.970,0.950,0.487,0.141,0.167,0.178,0.271,0.090,0.086,0.095,0.893,49.850
2510633406,2026-09-18 10:30:00,229.160,229.010,229.890,0.010,0.010,0.010,0.004,0.002,0.000,0.000,-0.003,-0.001,0.000,-0.001,0.690,50.070
2510633411,2026-09-18 10:30:00,226.160,225.150,224.830,2.580,2.480,2.500,1.607,0.554,0.525,0.527,0.598,0.192,0.194,0.215,0.937,49.880
2510814977,2026-09-18 10:30:00,230.190,231.170,229.670,0.010,0.010,0.010,0.005,0.002,0.000,0.001,-0.002,0.000,-0.001,-0.001,0.929,50.070
2610026950,2026-09-18 10:30:00,229.890,229.010,229.000,0.040,0.030,0.080,0.031,0.008,0.006,0.017,0.004,0.001,0.001,0.001,0.993,50.060
2610026952,2026-09-18 10:30:00,234.560,233.570,233.930,2.320,2.280,2.350,1.399,0.462,0.458,0.480,0.823,0.285,0.268,0.269,0.861,50.070
2610026953,2026-09-18 10:30:00,238.890,238.700,239.300,0.690,0.680,0.670,0.487,0.163,0.152,0.170,0.175,0.066,0.056,0.051,0.934,50.060
2610026963,2026-09-18 10:30:00,237.350,237.420,238.200,0.090,0.090,0.030,0.040,0.019,0.022,-0.001,-0.018,-0.009,-0.002,-0.005,0.903,49.950
2610026966,2026-09-18 10:30:00,232.910,232.900,231.710,0.720,0.650,0.950,0.512,0.166,0.143,0.202,0.074,0.028,0.023,0.022,0.989,49.990
2610026976,2026-09-18 10:30:00,236.790,236.910,237.710,0.780,1.470,0.770,0.790,0.183,0.428,0.178,0.026,0.006,-0.005,0.026,0.999,49.950
2610026977,2026-09-18 10:30:00,243.920,244.680,243.640,0.370,0.130,0.000,0.104,0.071,0.032,0.000,0.053,0.053,0.000,0.000,0.892,49.890
2610126270,2026-09-18 10:30:00,228.920,229.540,228.980,0.060,0.060,0.040,0.041,0.014,0.014,0.012,-0.006,-0.001,-0.001,-0.002,0.985,50.080
2610126451,2026-09-18 10:30:00,237.050,237.480,236.570,0.030,0.000,0.080,0.024,0.005,0.000,0.018,0.003,0.000,0.000,0.003,1.000,50.050
2610159557,2026-09-18 10:30:00,236.150,235.040,235.500,0.020,0.040,0.030,0.020,0.004,0.008,0.007,-0.006,-0.003,-0.001,-0.001,0.965,50.060
2610170785,2026-09-18 10:30:00,235.530,234.430,235.020,0.160,0.150,0.150,0.070,0.025,0.022,0.022,0.080,0.028,0.026,0.026,0.657,50.070
2610170786,2026-09-18 10:30:00,234.760,235.140,235.700,0.770,0.820,0.800,0.408,0.127,0.139,0.140,0.104,0.032,0.031,0.040,0.977,50.120
2610170836,2026-09-18 10:30:00,235.820,236.220,237.070,0.160,0.260,0.080,0.076,0.025,0.018,0.009,0.045,0.015,0.013,0.016,0.896,50.080
2610170837,2026-09-18 10:30:00,230.960,229.270,229.830,0.000,0.000,0.000,0.000,0.000,0.000,0.000,0.000,0.000,0.000,0.000,0.834,50.080
2610170838,2026-09-18 10:30:00,235.900,234.700,235.250,0.000,0.030,0.040,0.016,0.000,0.007,0.006,0.001,0.000,0.000,0.001,1.000,50.120
2610170839,2026-09-18 10:30:00,234.450,234.920,235.570,0.110,0.120,0.130,0.063,0.019,0.020,0.023,0.050,0.016,0.016,0.018,0.794,50.080
2610170840,2026-09-18 10:30:00,239.350,239.080,239.770,0.030,0.000,0.000,0.007,0.007,0.000,0.000,-0.002,-0.002,0.000,0.000,0.956,50.090
2610322967,2026-09-18 10:30:00,236.520,235.340,235.630,0.000,0.000,0.020,0.003,0.000,0.000,0.003,0.000,0.000,0.000,0.000,1.000,50.070
2610322969,2026-09-18 10:30:00,229.830,228.980,229.070,0.340,0.280,0.130,0.170,0.078,0.062,0.029,0.023,0.006,0.015,0.000,0.993,50.070
2610322982,2026-09-18 10:30:00,235.040,235.450,236.080,0.020,0.030,0.050,0.022,0.004,0.006,0.011,-0.006,-0.001,-0.002,-0.002,0.952,50.070
2610322995,2026-09-18 10:30:00,234.470,235.290,235.940,0.000,0.050,0.060,0.024,0.000,0.010,0.013,-0.009,0.000,-0.004,-0.004,0.937,50.080
2610322997,2026-09-18 10:30:00,229.060,229.160,228.240,1.230,1.370,1.010,0.734,0.275,0.264,0.194,0.324,0.062,0.163,0.098,0.920,50.080
2610323001,2026-09-18 10:30:00,225.380,224.980,224.800,4.380,3.710,4.100,2.486,0.883,0.750,0.844,1.121,0.389,0.352,0.379,0.911,50.080
2610323004,2026-09-18 10:30:00,63.680,63.210,63.690,0.440,0.410,0.470,0.076,0.024,0.024,0.027,0.029,0.011,0.008,0.009,0.934,50.070
2610323005,2026-09-18 10:30:00,228.780,229.590,228.810,0.090,0.000,0.010,0.024,0.021,0.001,0.001,-0.002,-0.001,0.000,-0.001,1.000,50.080
2610323010,2026-09-18 10:30:00,239.760,239.540,239.480,0.160,0.000,0.000,0.058,0.058,0.000,0.000,0.005,0.005,0.000,0.000,1.000,50.070
2610323016,2026-09-18 10:30:00,227.040,226.090,226.280,3.250,3.070,3.100,1.934,0.677,0.628,0.629,0.879,0.291,0.284,0.302,0.911,50.100
2610323017,2026-09-18 10:30:00,234.010,235.330,234.280,0.080,0.040,0.030,0.033,0.016,0.008,0.007,-0.011,-0.005,-0.003,-0.002,0.942,50.120
2610323019,2026-09-18 10:30:00,228.690,229.670,228.930,0.060,0.150,0.110,0.072,0.012,0.035,0.024,-0.008,-0.003,-0.002,-0.002,0.996,50.100
2610323027,2026-09-18 10:30:00,235.980,234.770,235.380,0.050,0.060,0.040,0.033,0.010,0.013,0.009,-0.010,-0.003,-0.003,-0.003,0.953,50.110
2410131384,2026-09-18 10:31:00,236.600,236.930,236.200,1.110,1.310,1.190,0.979,0.329,0.339,0.310,0.202,0.064,0.084,0.053,0.972,49.840
2510317537,2026-09-18 10:31:00,236.010,235.670,237.020,2.780,2.810,2.790,1.970,0.650,0.660,0.640,-0.330,-0.100,-0.110,-0.110,0.987,49.970
2510633400,2026-09-18 10:31:00,228.630,229.360,228.580,0.580,0.650,0.630,0.396,0.124,0.138,0.133,0.166,0.052,0.057,0.056,0.919,49.940
2410883993,2026-09-18 10:32:00,237.220,235.930,236.010,1.130,1.090,1.760,0.879,0.242,0.237,0.412,0.217,0.047,0.080,0.089,0.974,49.930
2510203111,2026-09-18 10:32:00,237.850,238.590,238.900,1.410,1.110,1.540,0.894,0.303,0.242,0.347,0.263,0.119,0.067,0.077,0.960,50.030
2510203126,2026-09-18 10:32:00,230.070,229.940,230.700,0.020,0.000,0.000,0.004,0.003,0.000,0.000,0.000,0.000,0.000,0.000,0.921,49.930
2246006313,2026-09-18 11:00:00,57.400,57.300,57.200,1.382,1.402,1.352,0.232,0.077,0.078,0.075,0.048,0.017,0.015,0.015,0.979,50.130
2410121326,2026-09-18 11:00:00,237.670,236.940,237.480,0.900,0.900,0.880,0.538,0.175,0.176,0.184,0.219,0.085,0.069,0.064,0.934,50.200
2410121353,2026-09-18 11:00:00,238.120,237.290,237.580,0.550,0.610,0.540,0.375,0.125,0.131,0.118,0.114,0.032,0.034,0.047,0.957,50.160
2410121371,2026-09-18 11:00:00,238.650,237.730,238.110,0.030,0.030,0.080,0.035,0.008,0.007,0.019,-0.002,-0.001,0.000,0.000,1.000,50.190
2410121424,2026-09-18 11:00:00,238.870,238.050,238.550,0.010,0.010,0.010,0.005,0.001,0.001,0.002,-0.002,-0.001,-0.001,0.000,0.946,50.190
2410121440,2026-09-18 11:00:00,238.450,237.750,237.930,0.040,0.020,0.100,0.037,0.008,0.004,0.024,-0.001,-0.003,-0.001,0.002,1.000,50.190
2410121454,2026-09-18 11:00:00,238.220,238.710,237.690,0.450,0.540,0.710,0.396,0.112,0.137,0.173,0.062,0.016,0.014,0.031,0.995,50.200
2410121457,2026-09-18 11:00:00,236.090,235.240,235.970,1.910,1.880,1.700,1.213,0.422,0.412,0.379,0.398,0.142,0.142,0.113,0.950,50.150
2410121574,2026-09-18 11:00:00,237.350,236.580,236.870,2.260,1.960,1.920,1.436,0.527,0.460,0.453,0.149,0.065,0.038,0.045,0.994,50.160
2410131383,2026-09-18 11:00:00,238.860,238.310,238.390,0.280,0.310,0.340,0.216,0.064,0.070,0.079,0.020,0.005,0.008,0.006,0.993,50.190
2410131384,2026-09-18 11:00:00,239.310,239.570,238.850,0.930,1.320,0.990,0.935,0.280,0.353,0.302,0.121,0.034,0.045,0.042,0.985,50.140
2410131387,2026-09-18 11:00:00,237.810,237.900,237.930,0.250,0.250,0.210,0.161,0.058,0.055,0.047,0.044,0.011,0.019,0.013,0.963,50.180
2410320615,2026-09-18 11:00:00,234.670,234.720,235.260,4.260,3.920,4.210,2.590,0.886,0.807,0.897,0.836,0.255,0.303,0.277,0.954,50.140
2410883988,2026-09-18 11:00:00,229.010,229.630,229.020,0.000,0.000,0.020,0.004,0.000,0.000,0.003,0.000,0.000,0.000,0.000,0.942,50.150
2410883990,2026-09-18 11:00:00,229.120,228.360,228.390,0.090,0.000,0.010,0.022,0.020,0.000,0.002,0.001,0.001,0.000,0.000,0.983,50.160
2410883991,2026-09-18 11:00:00,238.540,239.030,239.760,0.320,0.210,0.180,0.170,0.079,0.047,0.042,0.024,0.005,0.018,0.000,0.991,50.130
2410883993,2026-09-18 11:00:00,239.830,238.790,238.560,0.580,0.490,1.430,0.581,0.138,0.107,0.335,0.088,0.010,0.016,0.061,0.989,50.150
2410883994,2026-09-18 11:00:00,239.700,238.640,239.250,0.030,0.010,0.030,0.015,0.005,0.002,0.006,-0.002,-0.001,0.000,0.000,1.000,50.130
2410932742,2026-09-18 11:00:00,232.260,230.570,230.890,2.800,2.760,2.960,1.966,0.651,0.635,0.679,0.537,0.181,0.163,0.193,0.964,50.140
2411087432,2026-09-18 11:00:00,236.880,237.150,236.530,1.320,1.810,1.370,0.873,0.275,0.328,0.269,0.570,0.135,0.264,0.173,0.837,50.160
2411087433,2026-09-18 11:00:00,239.400,239.840,240.330,0.640,0.610,0.680,0.446,0.147,0.142,0.146,0.000,0.000,-0.004,0.003,1.000,50.190
2411290205,2026-09-18 11:00:00,234.210,234.240,234.440,4.300,4.430,4.200,2.712,0.890,0.920,0.901,0.935,0.307,0.298,0.313,0.947,50.130
2510014481,2026-09-18 11:00:00,231.450,231.640,232.460,2.350,2.440,2.790,1.779,0.570,0.539,0.720,0.521,0.160,0.186,0.174,0.950,50.150
2510014482,2026-09-18 11:00:00,237.140,237.290,236.650,0.630,0.380,0.260,0.287,0.139,0.089,0.058,-0.018,-0.003,-0.002,-0.011,0.998,50.170
2510014483,2026-09-18 11:00:00,239.050,239.480,240.020,0.080,0.060,0.070,0.044,0.018,0.011,0.014,-0.024,-0.007,-0.006,-0.009,0.884,50.160
2510014484,2026-09-18 11:00:00,237.030,236.980,237.550,1.730,1.970,1.520,1.170,0.360,0.453,0.356,0.347,0.122,0.106,0.117,0.959,50.170
2510178139,2026-09-18 11:00:00,237.660,238.050,237.130,0.510,0.470,0.530,0.332,0.108,0.101,0.116,0.154,0.051,0.055,0.047,0.902,50.150
2510178141,2026-09-18 11:00:00,237.070,237.810,238.160,0.850,0.710,0.690,0.421,0.168,0.133,0.119,0.000,0.022,-0.010,-0.011,0.999,50.170
2510203103,2026-09-18 11:00:00,228.690,226.740,227.570,1.900,1.870,1.800,-1.385,-0.467,-0.462,-0.455,0.176,0.062,0.063,0.050,0.990,50.140
2510203104,2026-09-18 11:00:00,232.640,232.730,233.300,1.070,1.200,1.110,0.744,0.253,0.254,0.236,0.275,0.066,0.105,0.103,0.935,50.140
2510203105,2026-09-18 11:00:00,233.510,231.910,232.670,2.160,2.030,1.950,1.331,0.456,0.437,0.437,0.482,0.179,0.171,0.162,0.937,50.150
2510203106,2026-09-18 11:00:00,238.030,237.950,238.420,0.010,0.010,0.000,0.006,0.002,0.003,0.000,-0.002,-0.002,0.000,0.000,0.866,50.130
2510203108,2026-09-18 11:00:00,237.190,237.090,236.400,1.160,2.380,2.170,1.315,0.277,0.578,0.531,0.116,0.032,0.038,0.045,0.996,50.130
2510203109,2026-09-18 11:00:00,238.870,239.500,238.350,0.920,0.880,1.070,0.641,0.209,0.201,0.230,0.134,0.054,0.033,0.046,0.977,50.150
2510203111,2026-09-18 11:00:00,236.770,237.550,237.690,1.750,1.460,2.090,1.193,0.389,0.326,0.477,0.269,0.120,0.071,0.077,0.975,50.140
2510203112,2026-09-18 11:00:00,224.470,223.960,224.960,2.900,2.880,2.730,1.758,0.600,0.587,0.571,0.587,0.192,0.221,0.174,0.948,50.170
2510203113,2026-09-18 11:00:00,237.550,236.980,236.780,2.930,2.830,3.500,2.136,0.668,0.650,0.817,0.254,0.053,0.094,0.100,0.993,50.160
2510203114,2026-09-18 11:00:00,232.420,232.700,233.170,0.940,1.020,0.990,0.645,0.212,0.226,0.207,0.241,0.064,0.089,0.086,0.938,50.160
2510203117,2026-09-18 11:00:00,228.470,227.820,227.750,0.230,0.140,0.120,0.069,0.044,0.022,0.002,0.074,0.025,0.021,0.027,0.679,50.140
2510203118,2026-09-18 11:00:00,126.140,126.240,126.610,0.190,0.160,0.160,0.062,0.023,0.020,0.019,-0.014,-0.005,-0.002,-0.006,0.978,50.190
2510203119,2026-09-18 11:00:00,228.690,227.960,227.920,0.000,0.000,0.000,0.000,0.000,0.000,0.000,0.000,0.000,0.000,0.000,1.000,50.140
2510203120,2026-09-18 11:00:00,238.740,237.850,238.390,2.090,1.670,1.700,1.249,0.479,0.379,0.389,0.276,0.107,0.087,0.081,0.976,50.130
2510203121,2026-09-18 11:00:00,228.340,228.320,229.040,0.010,0.010,0.110,0.029,0.003,0.001,0.024,-0.007,0.000,-0.002,-0.005,0.951,50.150
2510203122,2026-09-18 11:00:00,237.140,237.470,236.840,0.540,0.510,0.520,0.281,0.102,0.094,0.084,0.230,0.070,0.074,0.085,0.774,50.140
2510203123,2026-09-18 11:00:00,236.630,237.420,237.540,1.760,1.660,1.420,0.925,0.337,0.321,0.229,0.436,0.163,0.122,0.150,0.908,50.140
2510203124,2026-09-18 11:00:00,237.840,237.750,237.080,0.640,0.660,0.660,0.430,0.140,0.144,0.143,0.119,0.035,0.040,0.042,0.962,50.160
2510203126,2026-09-18 11:00:00,229.040,228.900,229.740,0.020,0.000,0.000,0.004,0.003,0.000,0.000,0.000,0.000,0.000,0.000,0.912,50.200
2510203128,2026-09-18 11:00:00,238.750,239.190,237.690,1.680,1.600,1.640,1.135,0.391,0.368,0.375,0.137,0.034,0.042,0.060,0.992,50.130
2510203129,2026-09-18 11:00:00,238.710,238.580,239.150,0.010,0.010,0.020,0.009,0.002,0.003,0.004,-0.003,-0.002,0.000,0.000,0.904,50.210
2510203130,2026-09-18 11:00:00,245.790,246.320,247.440,0.000,0.000,0.100,0.024,0.000,0.000,0.024,0.004,0.000,0.000,0.004,0.985,50.170
2510203133,2026-09-18 11:00:00,236.800,237.090,236.440,0.320,0.250,0.470,0.221,0.067,0.045,0.107,0.091,0.032,0.038,0.020,0.925,50.040
2510203134,2026-09-18 11:00:00,240.220,239.210,239.540,0.020,0.010,0.010,0.007,0.004,0.002,0.001,-0.001,0.000,-0.001,0.000,0.981,50.130
2510224049,2026-09-18 11:00:00,227.800,228.660,227.950,0.240,1.420,0.030,0.250,0.040,0.200,0.000,-0.170,-0.020,-0.140,0.000,0.809,50.160
2510224167,2026-09-18 11:00:00,228.370,228.220,229.060,0.900,0.120,0.360,0.210,0.130,0.010,0.050,-0.170,-0.090,-0.010,-0.050,0.780,50.170
2510317505,2026-09-18 11:00:00,228.400,228.350,229.090,0.090,0.030,2.200,0.270,0.010,0.000,0.250,-0.250,-0.010,0.000,-0.230,0.742,50.170
2510317516,2026-09-18 11:00:00,228.900,228.820,229.550,0.000,0.000,0.000,0.000,0.000,0.000,0.000,0.000,0.000,0.000,0.000,1.000,50.170
2510317537,2026-09-18 11:00:00,238.840,238.350,239.770,2.430,2.480,2.770,1.870,0.630,0.620,0.620,-0.330,-0.110,-0.110,-0.110,0.986,50.170
2510389559,2026-09-18 11:00:00,238.220,238.560,238.930,0.000,0.000,0.000,0.000,0.000,0.000,0.000,0.000,0.000,0.000,0.000,1.000,50.150
2510389643,2026-09-18 11:00:00,238.230,238.570,238.950,0.240,0.000,0.000,0.050,0.050,0.000,0.000,-0.010,-0.010,0.000,0.000,0.951,50.170
2510389931,2026-09-18 11:00:00,236.740,236.590,237.220,0.050,0.000,0.000,0.000,0.000,0.000,0.000,-0.010,-0.010,0.000,0.000,0.172,50.160
2510633381,2026-09-18 11:00:00,240.260,239.200,239.710,0.070,0.080,0.020,0.040,0.016,0.019,0.004,-0.014,-0.007,-0.004,-0.002,0.934,50.180
2510633383,2026-09-18 11:00:00,237.300,238.130,238.450,1.650,1.290,1.630,1.031,0.372,0.300,0.371,0.029,0.034,-0.001,-0.003,0.999,50.190
2510633385,2026-09-18 11:00:00,238.280,238.490,239.010,0.480,0.310,0.140,0.217,0.110,0.074,0.032,0.032,0.023,0.002,0.006,0.987,50.160
2510633386,2026-09-18 11:00:00,228.390,228.710,229.390,1.120,1.130,1.120,0.162,0.053,0.051,0.057,-0.702,-0.232,-0.235,-0.234,0.217,50.160
2510633387,2026-09-18 11:00:00,236.940,237.210,236.630,0.030,0.010,0.160,0.047,0.008,0.001,0.038,-0.005,0.000,0.000,-0.004,0.993,50.150
2510633390,2026-09-18 11:00:00,239.440,240.180,238.970,1.790,1.860,1.980,1.220,0.388,0.411,0.421,0.369,0.104,0.123,0.141,0.960,50.160
2510633391,2026-09-18 11:00:00,124.830,124.640,124.660,0.520,0.610,0.790,0.227,0.066,0.065,0.096,0.000,0.018,-0.015,-0.003,0.999,50.190
2510633393,2026-09-18 11:00:00,236.990,237.400,236.970,1.710,1.750,1.750,1.181,0.388,0.399,0.393,0.271,0.091,0.083,0.096,0.974,50.190
2510633395,2026-09-18 11:00:00,238.000,238.340,237.130,0.000,0.000,0.000,0.000,0.000,0.000,0.000,0.000,0.000,0.000,0.000,1.000,50.160
2510633396,2026-09-18 11:00:00,237.930,237.310,238.020,0.820,0.870,0.800,0.586,0.194,0.203,0.188,0.186,0.062,0.066,0.057,0.966,50.190
2510633397,2026-09-18 11:00:00,245.540,244.470,245.040,0.610,0.520,0.580,0.358,0.126,0.107,0.124,0.207,0.072,0.069,0.065,0.864,50.160
2510633399,2026-09-18 11:00:00,228.280,228.090,228.980,0.470,0.550,0.530,0.352,0.107,0.125,0.119,0.021,0.006,0.007,0.007,0.997,50.200
2510633400,2026-09-18 11:00:00,227.130,227.870,227.080,0.920,1.000,0.960,0.570,0.182,0.199,0.188,0.200,0.061,0.069,0.069,0.951,50.190
2510633402,2026-09-18 11:00:00,232.410,232.830,233.880,0.980,1.070,1.170,0.613,0.180,0.204,0.212,0.284,0.094,0.089,0.099,0.899,50.180
2510633406,2026-09-18 11:00:00,228.190,228.070,228.930,0.010,0.010,0.010,0.004,0.002,0.000,0.000,-0.003,-0.001,0.000,-0.001,0.681,50.150
2510633411,2026-09-18 11:00:00,225.660,224.720,224.390,2.580,2.470,2.550,1.609,0.552,0.521,0.534,0.585,0.189,0.189,0.206,0.940,50.180
2510814977,2026-09-18 11:00:00,233.780,234.720,233.290,0.010,0.010,0.010,0.005,0.002,0.000,0.002,-0.002,0.000,-0.001,-0.001,0.917,50.150
2610026950,2026-09-18 11:00:00,229.000,228.070,228.140,0.040,0.020,0.070,0.028,0.009,0.003,0.015,0.003,0.001,0.001,0.001,0.990,50.150
2610026952,2026-09-18 11:00:00,236.190,235.230,235.650,1.800,1.780,1.820,1.083,0.359,0.357,0.368,0.643,0.220,0.212,0.210,0.859,50.150
2610026953,2026-09-18 11:00:00,237.180,237.020,237.600,0.810,0.810,0.800,0.532,0.178,0.182,0.170,0.171,0.065,0.059,0.047,0.948,50.150
2610026963,2026-09-18 11:00:00,238.310,238.440,239.020,0.130,0.170,0.040,0.066,0.026,0.039,0.000,-0.033,-0.016,-0.006,-0.010,0.897,50.190
2610026966,2026-09-18 11:00:00,234.270,234.150,233.390,0.740,0.870,0.950,0.549,0.163,0.171,0.214,0.093,0.034,0.033,0.025,0.987,50.160
2610026976,2026-09-18 11:00:00,237.370,237.780,238.690,0.860,1.620,0.800,0.797,0.198,0.407,0.191,0.051,0.041,0.009,-0.003,0.997,50.190
2610026977,2026-09-18 11:00:00,245.310,246.100,245.100,0.360,0.140,0.000,0.106,0.072,0.033,0.000,0.052,0.052,0.000,0.000,0.898,50.200
2610126270,2026-09-18 11:00:00,228.250,228.970,228.400,0.080,0.070,0.080,0.056,0.016,0.015,0.014,-0.006,-0.001,-0.001,-0.003,0.983,50.170
2610126451,2026-09-18 11:00:00,238.250,238.550,237.700,0.000,0.010,0.120,0.031,0.000,0.002,0.028,0.003,0.000,0.000,0.003,0.994,50.150
2610159557,2026-09-18 11:00:00,240.170,239.210,239.520,0.030,0.040,0.040,0.029,0.007,0.008,0.009,-0.005,0.000,-0.001,-0.004,0.983,50.150
2610170785,2026-09-18 11:00:00,239.710,238.730,239.260,0.190,0.170,0.170,0.091,0.032,0.029,0.029,0.086,0.029,0.028,0.027,0.726,50.150
2610170786,2026-09-18 11:00:00,238.920,239.290,239.770,0.910,0.950,0.930,0.531,0.166,0.191,0.202,0.128,0.038,0.041,0.048,0.971,50.170
2610170836,2026-09-18 11:00:00,237.360,237.890,238.420,0.050,0.060,0.060,0.082,0.029,0.052,0.000,0.000,-0.001,0.000,0.000,0.389,50.150
2610170837,2026-09-18 11:00:00,234.550,232.750,233.450,0.000,0.000,0.020,0.005,0.000,0.000,0.004,0.000,0.000,0.000,0.000,0.986,50.160
2610170838,2026-09-18 11:00:00,240.110,238.910,239.520,0.000,0.040,0.100,0.035,0.000,0.010,0.024,0.000,0.000,0.000,0.000,1.000,50.170
2610170839,2026-09-18 11:00:00,238.630,239.120,239.700,0.130,0.120,0.140,0.076,0.024,0.024,0.028,0.054,0.017,0.018,0.018,0.810,50.170
2610170840,2026-09-18 11:00:00,236.750,236.640,237.250,0.920,0.900,0.910,0.574,0.194,0.189,0.189,0.290,0.095,0.095,0.098,0.892,50.160
2610322967,2026-09-18 11:00:00,240.660,239.510,239.710,0.000,0.000,0.010,0.002,0.000,0.000,0.002,0.000,0.000,0.000,0.000,0.861,50.150
2610322969,2026-09-18 11:00:00,228.940,228.100,228.190,0.280,0.310,0.130,0.160,0.061,0.068,0.029,0.026,0.010,0.014,0.000,0.988,50.150
2610322982,2026-09-18 11:00:00,239.200,239.510,240.100,0.020,0.030,0.050,0.022,0.004,0.006,0.011,-0.006,-0.001,-0.002,-0.002,0.954,50.150
2610322995,2026-09-18 11:00:00,239.070,239.480,240.160,0.000,0.050,0.060,0.024,0.000,0.010,0.013,-0.009,0.000,-0.004,-0.004,0.940,50.150
2610322997,2026-09-18 11:00:00,232.710,232.990,231.850,1.110,1.220,0.970,0.683,0.243,0.247,0.203,0.273,0.054,0.131,0.087,0.914,50.160
2610323001,2026-09-18 11:00:00,229.650,228.580,228.760,3.610,3.370,3.610,2.157,0.747,0.687,0.761,1.100,0.370,0.356,0.373,0.892,50.160
2610323004,2026-09-18 11:00:00,64.650,64.210,64.710,0.630,0.620,0.610,0.097,0.032,0.031,0.031,0.018,0.006,0.006,0.006,0.980,50.160
2610323005,2026-09-18 11:00:00,228.290,229.010,228.180,0.130,0.000,0.010,0.033,0.030,0.001,0.002,-0.002,-0.001,0.000,-0.001,1.000,50.150
2610323010,2026-09-18 11:00:00,238.260,237.950,237.940,0.150,0.000,0.000,0.035,0.035,0.000,0.000,-0.005,-0.005,0.000,0.000,0.976,50.150
2610323016,2026-09-18 11:00:00,231.310,230.330,230.720,2.530,2.210,2.270,1.437,0.526,0.435,0.462,0.702,0.241,0.226,0.234,0.891,50.160
2610323017,2026-09-18 11:00:00,238.550,239.860,238.920,0.070,0.040,0.030,0.033,0.017,0.008,0.007,-0.010,-0.004,-0.003,-0.002,0.944,50.170
2610323019,2026-09-18 11:00:00,228.040,229.090,228.270,0.020,0.190,0.030,0.055,0.005,0.044,0.006,-0.009,-0.001,-0.005,-0.002,0.986,50.160
2610323027,2026-09-18 11:00:00,240.120,238.970,239.550,0.050,0.060,0.040,0.033,0.010,0.013,0.009,-0.010,-0.003,-0.004,-0.003,0.954,50.170
2510203127,2026-09-18 11:01:00,237.040,237.410,236.950,1.150,1.240,1.610,0.888,0.245,0.276,0.365,0.244,0.096,0.066,0.083,0.964,50.190
2410131378,2026-09-18 11:02:00,238.090,238.500,237.580,0.750,0.920,0.870,0.615,0.192,0.217,0.227,0.128,0.033,0.041,0.054,0.972,50.190
2510633389,2026-09-18 11:02:00,237.660,237.180,237.050,1.380,1.380,1.360,0.877,0.296,0.294,0.286,0.412,0.133,0.135,0.143,0.905,50.200
2246006313,2026-09-18 11:30:00,58.500,58.500,58.300,1.390,1.423,1.357,0.238,0.079,0.081,0.078,0.052,0.019,0.016,0.016,0.977,50.330
2410121326,2026-09-18 11:30:00,238.430,237.730,238.180,1.040,0.980,1.100,0.669,0.224,0.213,0.231,0.176,0.067,0.046,0.061,0.971,50.230
2410121353,2026-09-18 11:30:00,239.000,238.110,238.480,0.820,0.830,0.790,0.513,0.159,0.159,0.150,0.198,0.059,0.064,0.074,0.910,50.180
2410121371,2026-09-18 11:30:00,240.080,238.980,239.560,0.070,0.050,0.110,0.054,0.015,0.012,0.026,-0.003,-0.001,0.000,-0.001,1.000,50.230
2410121424,2026-09-18 11:30:00,239.700,238.840,239.300,0.010,0.010,0.010,0.005,0.001,0.001,0.002,-0.002,-0.001,-0.001,0.000,0.948,50.160
2410121440,2026-09-18 11:30:00,239.760,238.770,239.350,0.070,0.120,0.070,0.056,0.015,0.026,0.013,0.026,0.007,0.009,0.009,0.905,50.250
2410121454,2026-09-18 11:30:00,239.220,239.670,238.450,0.420,0.520,0.700,0.384,0.098,0.124,0.161,0.044,0.007,0.009,0.027,0.994,50.170
2410121457,2026-09-18 11:30:00,237.340,236.210,237.190,1.910,2.020,1.770,1.254,0.417,0.442,0.392,0.429,0.148,0.159,0.121,0.946,50.170
2410121574,2026-09-18 11:30:00,238.360,237.230,237.770,2.020,1.730,1.710,1.329,0.466,0.408,0.394,0.156,0.062,0.054,0.039,0.989,50.180
2410131378,2026-09-18 11:30:00,239.080,239.270,238.340,0.720,0.970,0.900,0.562,0.171,0.187,0.214,0.152,0.037,0.052,0.062,0.967,50.220
2410131383,2026-09-18 11:30:00,236.680,236.250,236.260,0.240,0.210,0.250,0.163,0.057,0.049,0.057,0.021,0.006,0.007,0.007,0.992,50.250
2410131384,2026-09-18 11:30:00,235.400,235.690,234.890,0.890,1.010,0.910,0.648,0.221,0.250,0.205,0.114,0.028,0.052,0.033,0.984,50.280
2410131387,2026-09-18 11:30:00,234.100,234.330,234.520,0.120,0.080,0.090,0.067,0.027,0.017,0.022,0.013,0.004,0.009,0.000,0.983,50.150
2410320615,2026-09-18 11:30:00,232.100,232.370,232.840,4.720,4.460,4.770,3.146,1.074,0.982,1.088,1.062,0.327,0.381,0.355,0.945,50.310
2410883988,2026-09-18 11:30:00,233.390,233.920,233.220,0.000,0.000,0.020,0.004,0.000,0.000,0.003,0.000,0.000,0.000,0.000,0.954,50.290
2410883990,2026-09-18 11:30:00,233.230,232.500,232.640,0.090,0.000,0.000,0.022,0.021,0.000,0.001,0.001,0.001,0.000,0.000,1.000,50.250
2410883991,2026-09-18 11:30:00,234.500,235.090,235.690,0.320,0.220,0.160,0.163,0.074,0.052,0.036,0.001,0.001,0.001,-0.001,0.999,50.290
2410883993,2026-09-18 11:30:00,235.900,234.670,234.550,0.450,0.550,1.710,0.626,0.105,0.126,0.394,0.070,0.003,0.017,0.050,0.993,50.240
2410883994,2026-09-18 11:30:00,235.510,234.400,235.130,0.030,0.010,0.030,0.015,0.005,0.002,0.006,-0.002,-0.001,0.000,0.000,1.000,50.290
2411087432,2026-09-18 11:30:00,238.430,238.930,238.090,1.990,2.240,1.970,1.428,0.460,0.506,0.460,0.222,0.037,0.140,0.042,0.988,50.290
2411087433,2026-09-18 11:30:00,235.690,236.300,236.750,0.670,0.560,0.620,0.419,0.152,0.128,0.139,-0.006,0.002,-0.009,0.000,1.000,50.270
2411290205,2026-09-18 11:30:00,232.570,232.710,232.760,3.990,3.960,4.000,2.839,0.946,0.945,0.948,0.919,0.304,0.295,0.319,0.948,50.280
2510014481,2026-09-18 11:30:00,233.240,233.470,234.590,2.650,2.590,2.630,1.790,0.612,0.565,0.612,0.559,0.181,0.205,0.171,0.950,50.270
2510014482,2026-09-18 11:30:00,238.530,238.840,238.040,0.720,0.360,0.170,0.249,0.121,0.089,0.038,-0.016,-0.011,0.003,-0.008,0.997,50.270
2510014483,2026-09-18 11:30:00,235.440,235.980,236.440,0.100,0.070,0.090,0.056,0.022,0.015,0.018,-0.022,-0.006,-0.006,-0.008,0.931,50.270
2510014484,2026-09-18 11:30:00,235.290,235.070,235.780,1.930,2.380,1.790,1.409,0.462,0.545,0.402,0.383,0.133,0.118,0.131,0.963,50.260
2510178139,2026-09-18 11:30:00,239.400,239.680,238.680,0.370,0.370,0.440,0.269,0.088,0.084,0.104,0.088,0.028,0.032,0.026,0.950,50.280
2510178141,2026-09-18 11:30:00,238.540,239.540,239.880,0.870,0.720,0.710,0.430,0.173,0.136,0.120,0.003,0.024,-0.009,-0.011,0.998,50.250
2510203103,2026-09-18 11:30:00,230.630,228.980,229.650,0.250,0.250,0.220,-0.026,0.009,-0.018,-0.017,0.158,0.060,0.055,0.043,0.195,50.320
2510203104,2026-09-18 11:30:00,228.840,229.060,229.650,1.100,1.190,1.150,0.737,0.252,0.263,0.240,0.253,0.059,0.098,0.095,0.943,50.290
2510203105,2026-09-18 11:30:00,236.840,235.120,235.870,0.550,0.590,0.560,0.397,0.129,0.137,0.131,0.038,0.010,0.019,0.008,0.994,50.270
2510203106,2026-09-18 11:30:00,236.320,236.120,236.680,0.010,0.010,0.000,0.005,0.002,0.003,0.000,-0.002,-0.001,0.000,0.000,0.973,50.280
2510203108,2026-09-18 11:30:00,239.270,239.180,238.270,0.750,1.730,1.960,1.033,0.172,0.406,0.454,0.099,0.022,0.038,0.038,0.995,50.330
2510203109,2026-09-18 11:30:00,235.370,235.910,234.760,0.830,0.760,0.920,0.536,0.180,0.166,0.189,0.120,0.046,0.032,0.040,0.976,50.280
2510203111,2026-09-18 11:30:00,237.610,238.540,238.780,1.750,1.480,1.990,1.179,0.386,0.334,0.459,0.270,0.121,0.067,0.081,0.975,50.280
2510203112,2026-09-18 11:30:00,224.040,223.650,224.380,1.360,1.410,1.310,0.835,0.278,0.288,0.272,0.323,0.111,0.117,0.095,0.932,50.260
2510203113,2026-09-18 11:30:00,236.060,235.590,235.370,3.000,3.010,3.640,2.238,0.700,0.688,0.831,0.298,0.073,0.117,0.108,0.990,50.300
2510203114,2026-09-18 11:30:00,228.850,229.270,229.720,1.010,1.010,1.000,0.653,0.210,0.222,0.220,0.225,0.060,0.082,0.081,0.935,50.280
2510203117,2026-09-18 11:30:00,232.810,231.910,232.040,0.140,0.270,0.220,0.107,0.010,0.058,0.038,0.085,0.030,0.023,0.032,0.783,50.350
2510203118,2026-09-18 11:30:00,124.200,124.340,124.680,0.190,0.160,0.160,0.061,0.022,0.020,0.018,-0.016,-0.006,-0.003,-0.007,0.957,50.270
2510203119,2026-09-18 11:30:00,233.120,232.200,232.300,0.000,0.000,0.000,0.000,0.000,0.000,0.000,0.000,0.000,0.000,0.000,1.000,50.330
2510203120,2026-09-18 11:30:00,234.950,233.990,234.630,2.240,1.850,1.900,1.361,0.511,0.419,0.430,0.309,0.118,0.095,0.095,0.974,50.340
2510203121,2026-09-18 11:30:00,232.640,232.780,233.330,0.010,0.010,0.110,0.028,0.003,0.001,0.023,-0.008,0.000,-0.002,-0.005,0.957,50.270
2510203122,2026-09-18 11:30:00,238.520,239.100,238.250,0.940,0.650,0.610,0.394,0.178,0.115,0.100,0.326,0.126,0.097,0.101,0.768,50.300
2510203123,2026-09-18 11:30:00,237.620,238.490,238.710,1.190,1.440,1.240,1.090,0.381,0.398,0.310,0.483,0.173,0.145,0.160,0.886,50.290
2510203124,2026-09-18 11:30:00,239.410,239.320,238.510,0.520,0.550,0.550,0.383,0.125,0.129,0.128,0.099,0.028,0.034,0.036,0.965,50.280
2510203127,2026-09-18 11:30:00,238.120,238.590,237.910,2.160,2.010,2.330,1.341,0.416,0.418,0.506,0.218,0.086,0.056,0.075,0.988,50.250
2510203128,2026-09-18 11:30:00,235.290,235.610,233.970,1.550,1.460,1.740,1.084,0.354,0.332,0.398,0.111,0.025,0.032,0.053,0.994,50.320
2510203129,2026-09-18 11:30:00,236.060,235.840,236.400,0.010,0.020,0.000,0.005,0.001,0.003,0.000,-0.003,-0.002,0.000,0.000,0.806,50.240
2510203130,2026-09-18 11:30:00,247.760,248.140,249.350,0.000,0.000,0.050,0.012,0.000,0.000,0.012,0.001,0.000,0.000,0.001,1.000,50.270
2510203133,2026-09-18 11:30:00,237.370,237.950,237.110,0.370,0.270,0.470,0.232,0.078,0.048,0.105,0.084,0.030,0.034,0.018,0.934,50.270
2510203134,2026-09-18 11:30:00,236.310,235.170,235.610,0.020,0.010,0.010,0.007,0.004,0.001,0.001,-0.001,0.000,-0.001,0.000,0.967,50.330
2510224049,2026-09-18 11:30:00,232.250,232.900,232.170,0.250,1.420,0.020,0.240,0.040,0.190,0.000,-0.180,-0.030,-0.150,0.000,0.810,50.270
2510224167,2026-09-18 11:30:00,232.330,232.340,233.090,0.900,0.120,0.360,0.210,0.140,0.010,0.050,-0.170,-0.100,-0.020,-0.050,0.771,50.250
2510317505,2026-09-18 11:30:00,232.370,232.560,233.240,0.090,0.030,2.190,0.280,0.010,0.000,0.260,-0.260,-0.010,0.000,-0.240,0.732,50.260
2510317516,2026-09-18 11:30:00,232.830,232.900,233.540,0.000,0.000,0.000,0.000,0.000,0.000,0.000,0.000,0.000,0.000,0.000,1.000,50.260
2510317537,2026-09-18 11:30:00,235.050,234.570,236.120,2.570,2.470,2.630,1.710,0.570,0.560,0.620,-0.290,-0.090,-0.090,-0.100,0.985,50.250
2510389559,2026-09-18 11:30:00,236.930,237.190,237.360,0.000,0.000,0.000,0.000,0.000,0.000,0.000,0.000,0.000,0.000,0.000,1.000,50.290
2510389643,2026-09-18 11:30:00,236.670,236.900,237.100,0.240,0.000,0.000,0.050,0.050,0.000,0.000,-0.010,-0.010,0.000,0.000,0.963,50.250
2510389931,2026-09-18 11:30:00,236.990,236.630,237.350,0.050,0.000,0.000,0.000,0.000,0.000,0.000,-0.010,-0.010,0.000,0.000,0.178,50.260
2510633381,2026-09-18 11:30:00,236.280,235.150,235.790,0.090,0.110,0.040,0.054,0.019,0.025,0.009,-0.007,-0.004,-0.002,0.000,0.996,50.250
2510633383,2026-09-18 11:30:00,238.340,239.180,239.430,1.680,1.360,1.640,1.062,0.381,0.309,0.374,0.029,0.034,-0.004,-0.001,0.999,50.240
2510633385,2026-09-18 11:30:00,235.600,235.930,236.120,0.550,0.090,0.300,0.216,0.127,0.020,0.067,0.044,0.022,0.001,0.020,0.979,50.240
2510633386,2026-09-18 11:30:00,224.160,224.580,225.160,1.110,1.120,1.110,0.150,0.053,0.048,0.048,-0.690,-0.228,-0.231,-0.229,0.207,50.240
2510633387,2026-09-18 11:30:00,237.460,237.980,237.400,0.030,0.010,0.160,0.048,0.008,0.002,0.038,-0.005,0.000,0.000,-0.004,0.993,50.240
2510633389,2026-09-18 11:30:00,235.320,234.910,234.730,1.300,1.310,1.290,0.903,0.302,0.303,0.297,0.149,0.047,0.049,0.053,0.986,50.240
2510633390,2026-09-18 11:30:00,235.480,236.000,234.730,1.940,2.110,2.270,1.313,0.404,0.448,0.460,0.402,0.099,0.136,0.166,0.963,50.240
2510633391,2026-09-18 11:30:00,125.150,125.000,125.000,0.550,0.610,0.820,0.232,0.066,0.068,0.098,0.000,0.018,-0.017,0.000,1.000,50.250
2510633393,2026-09-18 11:30:00,234.200,234.670,234.360,1.690,1.710,1.730,1.163,0.382,0.391,0.389,0.240,0.082,0.072,0.084,0.979,50.240
2510633395,2026-09-18 11:30:00,239.300,239.480,238.220,0.000,0.000,0.000,0.000,0.000,0.000,0.000,0.000,0.000,0.000,0.000,1.000,50.280
2510633396,2026-09-18 11:30:00,239.190,238.460,239.200,0.680,0.720,0.650,0.454,0.150,0.158,0.145,0.102,0.033,0.038,0.030,0.975,50.250
2510633399,2026-09-18 11:30:00,232.110,232.060,232.930,0.510,0.580,0.590,0.389,0.117,0.135,0.137,0.006,0.001,0.003,0.001,1.000,50.230
2510633400,2026-09-18 11:30:00,230.950,231.520,230.710,0.960,1.010,0.960,0.580,0.187,0.201,0.190,0.291,0.091,0.100,0.096,0.900,50.240
2510633402,2026-09-18 11:30:00,234.200,234.540,235.610,1.040,1.120,1.250,0.658,0.195,0.216,0.232,0.237,0.079,0.075,0.083,0.946,50.250
2510633406,2026-09-18 11:30:00,232.580,232.560,233.370,0.010,0.010,0.010,0.004,0.002,0.001,0.000,-0.003,-0.001,0.000,-0.001,0.695,50.280
2510633411,2026-09-18 11:30:00,230.020,229.160,229.060,2.320,2.170,2.240,1.433,0.500,0.461,0.473,0.541,0.176,0.174,0.190,0.935,50.250
2510814977,2026-09-18 11:30:00,235.790,236.750,235.230,0.010,0.010,0.010,0.004,0.002,0.000,0.001,-0.002,0.000,-0.001,-0.001,0.824,50.270
2610026950,2026-09-18 11:30:00,233.410,232.460,232.590,0.030,0.010,0.040,0.017,0.006,0.001,0.010,-0.001,0.000,0.000,0.000,0.996,50.280
2610026952,2026-09-18 11:30:00,238.270,237.170,237.800,1.430,1.430,1.410,0.881,0.295,0.292,0.293,0.424,0.140,0.146,0.137,0.890,50.270
2610026953,2026-09-18 11:30:00,235.820,235.600,236.220,0.780,0.710,0.730,0.469,0.165,0.147,0.156,0.165,0.064,0.053,0.047,0.946,50.270
2610026963,2026-09-18 11:30:00,239.320,239.600,240.110,0.170,0.210,0.070,0.097,0.037,0.048,0.012,-0.034,-0.014,-0.010,-0.010,0.941,50.250
2610026966,2026-09-18 11:30:00,234.480,234.210,233.240,0.500,0.660,0.920,0.467,0.110,0.148,0.209,0.097,0.032,0.032,0.031,0.979,50.250
2610026976,2026-09-18 11:30:00,238.860,239.170,239.730,0.790,1.180,0.970,0.689,0.187,0.270,0.232,-0.013,-0.004,0.000,-0.009,0.999,50.260
2610126270,2026-09-18 11:30:00,232.730,233.400,232.720,0.060,0.070,0.050,0.042,0.014,0.017,0.010,-0.005,-0.001,-0.001,-0.002,0.986,50.260
2610126451,2026-09-18 11:30:00,239.750,239.980,239.040,0.000,0.020,0.140,0.038,0.000,0.004,0.032,0.003,0.000,0.000,0.003,1.000,50.280
2610159557,2026-09-18 11:30:00,236.530,235.470,236.060,0.040,0.030,0.050,0.028,0.009,0.007,0.011,-0.006,0.000,-0.001,-0.005,0.971,50.270
2610170785,2026-09-18 11:30:00,236.420,235.280,235.940,0.020,0.010,0.000,0.007,0.003,0.002,0.000,0.000,0.000,0.000,0.000,1.000,50.270
2610170786,2026-09-18 11:30:00,235.170,235.640,236.080,0.660,0.700,0.750,0.643,0.208,0.212,0.197,0.137,0.040,0.044,0.051,0.973,50.250
2610170836,2026-09-18 11:30:00,239.100,239.760,240.160,0.010,0.020,0.010,0.031,0.009,0.030,0.008,0.000,0.000,0.000,0.000,0.983,50.270
2610170837,2026-09-18 11:30:00,236.680,235.050,235.700,0.000,0.000,0.000,0.000,0.000,0.000,0.000,0.000,0.000,0.000,0.000,1.000,50.260
2610170838,2026-09-18 11:30:00,236.240,234.980,235.710,0.000,0.040,0.050,0.021,0.000,0.010,0.010,0.000,0.000,0.000,0.000,1.000,50.260
2610170839,2026-09-18 11:30:00,235.130,235.670,236.250,0.080,0.120,0.100,0.052,0.011,0.025,0.016,0.049,0.016,0.016,0.017,0.715,50.260
2610170840,2026-09-18 11:30:00,236.990,236.600,237.310,0.030,0.000,0.000,0.006,0.006,0.000,0.000,-0.001,-0.001,0.000,0.000,1.000,50.270
2610322967,2026-09-18 11:30:00,236.270,235.110,235.450,0.000,0.000,0.010,0.002,0.000,0.000,0.002,0.000,0.000,0.000,0.000,0.841,50.240
2610322969,2026-09-18 11:30:00,233.240,232.380,232.600,0.360,0.310,0.120,0.179,0.083,0.069,0.027,0.027,0.012,0.015,0.000,0.989,50.270
2610322982,2026-09-18 11:30:00,235.480,235.960,236.530,0.020,0.030,0.050,0.022,0.004,0.006,0.011,-0.006,-0.001,-0.001,-0.002,0.949,50.280
2610322995,2026-09-18 11:30:00,235.370,235.990,236.530,0.000,0.050,0.060,0.024,0.000,0.010,0.013,-0.009,0.000,-0.004,-0.004,0.934,50.270
2610322997,2026-09-18 11:30:00,235.120,235.840,234.540,0.740,0.810,0.680,0.470,0.162,0.166,0.140,0.188,0.043,0.081,0.063,0.929,50.270
2610323001,2026-09-18 11:30:00,232.150,230.900,231.170,3.230,3.110,3.200,1.937,0.671,0.615,0.650,1.107,0.367,0.375,0.360,0.868,50.270
2610323004,2026-09-18 11:30:00,65.250,64.800,65.270,0.240,0.230,0.260,0.046,0.015,0.014,0.016,0.008,0.004,0.001,0.002,0.989,50.280
2610323005,2026-09-18 11:30:00,232.630,233.370,232.540,0.050,0.000,0.010,0.014,0.011,0.001,0.001,-0.001,0.000,0.000,-0.001,0.979,50.270
2610323010,2026-09-18 11:30:00,237.320,236.950,236.820,0.040,0.000,0.000,0.007,0.007,0.000,0.000,-0.006,-0.006,0.000,0.000,0.791,50.270
2610323016,2026-09-18 11:30:00,232.700,231.830,232.110,3.060,2.870,2.880,1.849,0.650,0.580,0.591,0.849,0.283,0.274,0.291,0.904,50.250
2610323017,2026-09-18 11:30:00,234.780,236.200,235.020,0.070,0.040,0.030,0.033,0.016,0.008,0.007,-0.010,-0.004,-0.003,-0.002,0.946,50.260
2610323019,2026-09-18 11:30:00,232.360,233.320,232.590,0.020,0.150,0.030,0.047,0.004,0.035,0.007,-0.004,-0.001,-0.002,-0.001,0.997,50.260
2610323027,2026-09-18 11:30:00,236.370,235.140,235.740,0.050,0.060,0.040,0.033,0.010,0.013,0.009,-0.010,-0.003,-0.003,-0.003,0.953,50.250
2410932742,2026-09-18 11:31:00,234.250,232.780,233.140,2.870,2.820,3.030,1.880,0.621,0.607,0.651,0.511,0.171,0.154,0.185,0.965,50.240
2510633397,2026-09-18 11:31:00,241.070,239.910,240.620,0.600,0.520,0.570,0.353,0.125,0.106,0.122,0.191,0.068,0.063,0.060,0.877,50.140
2510203126,2026-09-18 11:32:00,233.050,233.040,233.720,0.020,0.000,0.000,0.004,0.003,0.000,0.000,0.000,0.000,0.000,0.000,0.920,50.100
2610026977,2026-09-18 11:32:00,245.940,246.640,245.670,0.370,0.130,0.000,0.105,0.072,0.032,0.000,0.055,0.054,0.000,0.000,0.883,50.000
2246006313,2026-09-18 12:00:00,58.400,58.300,58.200,1.106,1.142,1.092,0.190,0.063,0.065,0.062,0.033,0.012,0.010,0.009,0.985,50.100
2410121326,2026-09-18 12:00:00,233.950,233.100,233.580,0.570,0.590,0.710,0.411,0.129,0.132,0.150,0.087,0.024,0.026,0.034,0.970,50.100
2410121353,2026-09-18 12:00:00,233.630,232.900,233.310,0.790,0.790,0.730,0.489,0.172,0.168,0.149,0.182,0.058,0.055,0.064,0.939,50.100
2410121371,2026-09-18 12:00:00,233.820,232.930,233.450,0.060,0.010,0.070,0.030,0.014,0.000,0.015,-0.002,-0.001,-0.001,0.000,0.998,50.120
2410121424,2026-09-18 12:00:00,234.570,233.880,234.350,0.010,0.010,0.010,0.005,0.001,0.001,0.002,-0.002,-0.001,-0.001,0.000,0.913,50.130
2410121440,2026-09-18 12:00:00,234.100,233.330,233.780,0.010,0.010,0.010,0.007,0.002,0.001,0.002,-0.001,-0.002,0.000,0.000,1.000,50.130
2410121454,2026-09-18 12:00:00,234.250,234.540,233.530,0.460,0.560,0.770,0.411,0.107,0.129,0.174,0.038,0.008,0.006,0.023,0.994,50.120
2410121457,2026-09-18 12:00:00,232.080,231.230,232.040,2.180,2.120,1.960,1.366,0.477,0.457,0.431,0.428,0.151,0.152,0.123,0.953,50.100
2410121574,2026-09-18 12:00:00,233.830,233.150,233.360,1.210,1.020,1.010,0.740,0.278,0.226,0.235,0.050,0.026,0.002,0.020,0.997,50.100
2410131378,2026-09-18 12:00:00,232.800,233.420,232.690,1.000,1.010,0.880,0.603,0.210,0.186,0.207,0.129,0.035,0.038,0.056,0.972,50.110
2410131383,2026-09-18 12:00:00,236.560,236.310,236.120,0.180,0.180,0.220,0.133,0.041,0.041,0.050,0.022,0.006,0.007,0.008,0.986,50.100
2410131384,2026-09-18 12:00:00,236.920,237.270,236.510,0.840,1.020,0.800,0.656,0.226,0.243,0.186,0.129,0.038,0.054,0.036,0.976,50.090
2410131387,2026-09-18 12:00:00,234.710,234.980,235.180,0.100,0.090,0.060,0.055,0.022,0.018,0.014,0.013,0.000,0.009,0.003,0.969,50.090
2410320615,2026-09-18 12:00:00,232.360,232.530,233.190,4.260,4.100,4.330,2.705,0.917,0.867,0.920,0.923,0.290,0.322,0.308,0.948,50.120
2410883988,2026-09-18 12:00:00,233.080,233.620,232.970,0.000,0.000,0.020,0.004,0.000,0.000,0.003,0.000,0.000,0.000,0.000,0.954,50.070
2410883990,2026-09-18 12:00:00,233.030,232.310,232.420,0.080,0.000,0.070,0.035,0.018,0.000,0.016,0.002,0.002,0.000,0.000,1.000,50.120
2410883991,2026-09-18 12:00:00,236.710,237.250,237.910,0.280,0.170,0.150,0.142,0.066,0.039,0.035,0.009,0.007,0.003,-0.001,0.994,49.980
2410883993,2026-09-18 12:00:00,236.660,235.900,235.650,0.790,0.620,1.640,0.688,0.176,0.134,0.377,0.210,0.058,0.056,0.096,0.954,50.140
2410883994,2026-09-18 12:00:00,237.780,236.720,237.320,0.030,0.010,0.030,0.014,0.005,0.002,0.006,-0.002,-0.001,0.000,0.000,0.995,50.060
2411087432,2026-09-18 12:00:00,233.240,233.580,232.740,1.460,1.720,1.480,0.996,0.331,0.346,0.318,0.288,0.059,0.136,0.092,0.961,50.080
2411087433,2026-09-18 12:00:00,236.850,237.320,237.780,0.650,0.560,0.620,0.411,0.142,0.128,0.140,0.004,0.002,-0.003,0.004,1.000,50.140
2411290205,2026-09-18 12:00:00,232.640,232.670,232.700,3.960,3.940,3.980,2.633,0.876,0.874,0.882,0.931,0.317,0.303,0.329,0.949,50.000
2510014482,2026-09-18 12:00:00,233.570,233.760,232.980,0.860,0.630,0.350,0.403,0.181,0.140,0.080,0.067,0.023,0.025,0.018,0.985,50.080
2510014483,2026-09-18 12:00:00,236.490,236.910,237.420,0.120,0.090,0.100,0.066,0.025,0.018,0.022,-0.023,-0.007,-0.006,-0.009,0.941,50.130
2510014484,2026-09-18 12:00:00,235.040,234.820,235.400,2.160,2.430,1.960,1.472,0.460,0.553,0.459,0.389,0.136,0.123,0.129,0.966,50.100
2510178139,2026-09-18 12:00:00,233.820,234.050,233.220,0.410,0.430,0.510,0.256,0.078,0.078,0.099,0.104,0.035,0.039,0.029,0.932,50.160
2510178141,2026-09-18 12:00:00,233.130,234.020,234.230,0.690,0.490,0.420,0.346,0.135,0.113,0.098,0.010,0.020,-0.004,-0.006,0.999,50.100
2510203104,2026-09-18 12:00:00,230.430,230.660,231.130,1.160,1.170,1.160,0.785,0.263,0.263,0.258,0.157,0.037,0.053,0.066,0.980,50.070
2510203106,2026-09-18 12:00:00,236.110,235.810,236.250,0.010,0.010,0.000,0.005,0.002,0.003,0.000,-0.002,-0.001,0.000,0.000,0.861,50.070
2510203109,2026-09-18 12:00:00,236.750,237.330,236.300,0.600,0.520,0.660,0.397,0.136,0.120,0.140,0.013,0.013,-0.004,0.005,1.000,50.160
2510203111,2026-09-18 12:00:00,232.780,233.660,233.900,1.450,1.150,1.660,0.926,0.307,0.247,0.371,0.239,0.108,0.060,0.071,0.969,50.090
2510203112,2026-09-18 12:00:00,224.090,223.570,224.160,1.170,1.240,1.110,0.694,0.230,0.243,0.220,0.323,0.107,0.116,0.099,0.906,50.100
2510203113,2026-09-18 12:00:00,235.520,235.210,234.780,3.150,2.930,3.620,2.206,0.723,0.665,0.817,0.273,0.060,0.102,0.113,0.992,50.090
2510203114,2026-09-18 12:00:00,230.100,230.610,230.890,0.760,0.720,0.760,0.471,0.154,0.156,0.159,0.125,0.035,0.038,0.051,0.967,50.150
2510203117,2026-09-18 12:00:00,232.700,231.960,232.020,0.150,0.330,0.230,0.126,0.014,0.071,0.040,0.089,0.031,0.024,0.033,0.816,50.120
2510203118,2026-09-18 12:00:00,124.790,124.900,125.190,0.170,0.140,0.140,0.051,0.019,0.016,0.015,-0.019,-0.007,-0.004,-0.007,0.931,50.160
2510203119,2026-09-18 12:00:00,232.920,232.130,232.190,0.000,0.000,0.000,0.000,0.000,0.000,0.000,0.000,0.000,0.000,0.000,1.000,50.110
2510203120,2026-09-18 12:00:00,236.380,235.480,235.990,1.990,1.650,1.700,1.233,0.460,0.384,0.395,0.273,0.106,0.085,0.081,0.974,50.120
2510203121,2026-09-18 12:00:00,232.400,232.540,233.060,0.010,0.010,0.120,0.032,0.003,0.001,0.027,-0.008,0.000,-0.002,-0.006,0.964,50.120
2510203122,2026-09-18 12:00:00,233.420,233.790,233.010,0.310,0.170,0.200,0.154,0.071,0.039,0.043,0.025,0.014,-0.004,0.015,0.985,50.070
2510203123,2026-09-18 12:00:00,232.870,233.610,233.890,1.220,1.460,1.300,0.854,0.215,0.428,0.210,0.344,0.132,0.097,0.114,0.937,50.080
2510203124,2026-09-18 12:00:00,233.780,233.670,233.010,0.750,0.760,0.790,0.511,0.167,0.167,0.176,0.098,0.032,0.033,0.033,0.983,50.150
2510203126,2026-09-18 12:00:00,232.600,232.720,233.350,0.020,0.000,0.000,0.004,0.003,0.000,0.000,0.000,0.000,0.000,0.000,0.917,50.110
2510203127,2026-09-18 12:00:00,233.450,234.010,233.120,0.880,0.930,1.260,0.553,0.164,0.192,0.196,0.318,0.107,0.099,0.110,0.894,50.120
2510203128,2026-09-18 12:00:00,236.540,236.830,235.360,1.570,1.490,1.750,1.107,0.363,0.340,0.404,0.113,0.026,0.033,0.052,0.994,50.120
2510203129,2026-09-18 12:00:00,236.300,235.960,236.470,0.010,0.020,0.000,0.006,0.002,0.004,0.000,-0.003,-0.002,0.000,0.000,0.916,50.110
2510203133,2026-09-18 12:00:00,237.190,237.480,236.790,0.160,0.100,0.330,0.136,0.036,0.020,0.078,0.014,0.008,0.008,-0.003,0.994,49.890
2510203134,2026-09-18 12:00:00,238.480,237.420,237.800,0.020,0.010,0.010,0.007,0.004,0.002,0.001,-0.002,0.000,-0.001,0.000,0.977,50.100
2510224049,2026-09-18 12:00:00,231.920,232.560,231.820,0.250,1.360,0.020,0.250,0.040,0.190,0.000,-0.180,-0.030,-0.140,0.000,0.805,50.110
2510224167,2026-09-18 12:00:00,232.190,232.160,232.900,0.900,0.120,0.360,0.210,0.140,0.010,0.050,-0.180,-0.100,-0.020,-0.050,0.770,50.100
2510317505,2026-09-18 12:00:00,232.400,232.480,233.080,0.090,0.030,2.180,0.270,0.010,0.000,0.250,-0.260,-0.010,0.000,-0.240,0.729,50.110
2510317516,2026-09-18 12:00:00,232.650,232.650,233.280,0.000,0.000,0.000,0.000,0.000,0.000,0.000,0.000,0.000,0.000,0.000,1.000,50.100
2510317537,2026-09-18 12:00:00,236.100,235.580,236.870,2.930,2.760,2.710,1.950,0.670,0.630,0.640,-0.330,-0.110,-0.100,-0.110,0.985,50.110
2510389559,2026-09-18 12:00:00,236.730,236.660,236.810,0.000,0.000,0.000,0.000,0.000,0.000,0.000,0.000,0.000,0.000,0.000,1.000,50.080
2510389643,2026-09-18 12:00:00,236.690,236.570,236.700,0.260,0.000,0.000,0.050,0.050,0.000,0.000,-0.010,-0.010,0.000,0.000,0.957,50.110
2510389931,2026-09-18 12:00:00,236.030,235.530,236.160,0.050,0.000,0.000,0.000,0.000,0.000,0.000,-0.010,-0.010,0.000,0.000,0.190,50.110
2510633381,2026-09-18 12:00:00,237.380,236.430,236.880,0.080,0.070,0.030,0.039,0.017,0.015,0.006,-0.010,-0.005,-0.004,-0.001,0.967,50.120
2510633383,2026-09-18 12:00:00,232.820,233.710,233.980,1.810,1.470,1.830,1.139,0.402,0.331,0.405,0.032,0.036,0.000,-0.004,0.999,50.120
2510633385,2026-09-18 12:00:00,236.560,236.490,236.690,0.430,0.220,0.300,0.219,0.100,0.052,0.066,0.027,0.006,-0.001,0.021,0.993,50.100
2510633386,2026-09-18 12:00:00,225.640,226.010,226.580,1.070,1.070,1.070,0.179,0.059,0.058,0.061,-0.673,-0.223,-0.226,-0.224,0.252,50.120
2510633387,2026-09-18 12:00:00,233.320,233.810,232.960,0.030,0.020,0.160,0.048,0.007,0.003,0.037,-0.002,0.000,0.002,-0.004,0.995,50.110
2510633389,2026-09-18 12:00:00,235.810,235.550,235.270,0.730,0.770,0.720,0.478,0.157,0.164,0.154,0.202,0.065,0.070,0.066,0.923,50.100
2510633390,2026-09-18 12:00:00,236.810,237.410,236.180,1.690,2.020,2.210,1.191,0.340,0.412,0.437,0.349,0.095,0.107,0.143,0.966,50.100
2510633391,2026-09-18 12:00:00,122.800,122.600,122.560,0.220,0.330,0.460,0.125,0.025,0.038,0.059,-0.003,0.011,-0.022,0.007,1.000,50.090
2510633393,2026-09-18 12:00:00,234.760,235.170,234.930,1.720,1.680,1.700,1.152,0.384,0.381,0.385,0.261,0.089,0.078,0.093,0.975,50.120
2510633395,2026-09-18 12:00:00,233.790,234.000,232.890,0.000,0.000,0.000,0.000,0.000,0.000,0.000,0.000,0.000,0.000,0.000,1.000,50.140
2510633396,2026-09-18 12:00:00,233.550,232.890,233.590,0.760,0.800,0.730,0.498,0.164,0.174,0.159,0.098,0.031,0.036,0.030,0.982,50.120
2510633397,2026-09-18 12:00:00,243.520,242.350,243.020,0.280,0.250,0.280,0.193,0.066,0.060,0.066,0.033,0.009,0.013,0.009,0.984,50.110
2510633399,2026-09-18 12:00:00,232.070,232.100,232.830,0.410,0.490,0.450,0.312,0.093,0.113,0.104,0.011,0.003,0.004,0.003,1.000,50.110
2510633400,2026-09-18 12:00:00,231.650,232.220,231.430,0.450,0.520,0.490,0.332,0.114,0.108,0.108,0.143,0.045,0.050,0.048,0.906,50.130
2510633411,2026-09-18 12:00:00,229.980,229.260,229.170,2.090,1.940,2.050,1.300,0.451,0.413,0.436,0.498,0.165,0.159,0.174,0.934,50.100
2610026950,2026-09-18 12:00:00,233.130,232.220,232.410,0.040,0.020,0.060,0.028,0.010,0.003,0.014,0.004,0.001,0.001,0.001,0.980,50.150
2610026952,2026-09-18 12:00:00,231.030,230.250,230.730,2.540,2.440,2.530,1.466,0.490,0.476,0.499,0.897,0.315,0.291,0.290,0.850,50.150
2610026953,2026-09-18 12:00:00,235.690,235.210,235.740,0.650,0.630,0.570,0.407,0.138,0.131,0.127,0.151,0.057,0.051,0.042,0.930,50.150
2610026963,2026-09-18 12:00:00,233.740,233.980,234.410,0.080,0.090,0.030,0.040,0.020,0.022,-0.001,0.012,0.001,0.004,0.006,0.962,50.120
2610026966,2026-09-18 12:00:00,234.280,234.330,233.440,0.600,0.730,0.660,0.449,0.136,0.164,0.161,0.101,0.035,0.030,0.035,0.977,50.140
2610026976,2026-09-18 12:00:00,233.360,233.560,234.180,0.810,1.450,0.960,0.738,0.186,0.328,0.223,-0.013,-0.005,0.000,-0.008,1.000,50.120
2610026977,2026-09-18 12:00:00,245.290,246.030,245.090,0.370,0.130,0.000,0.105,0.072,0.032,0.000,0.052,0.052,0.000,0.000,0.892,50.100
2610126451,2026-09-18 12:00:00,233.600,233.790,232.980,0.020,0.010,0.190,0.052,0.005,0.003,0.043,0.003,0.000,0.000,0.003,1.000,50.160
2610159557,2026-09-18 12:00:00,237.650,236.680,237.110,0.030,0.030,0.030,0.019,0.005,0.007,0.006,-0.006,-0.003,-0.001,-0.001,0.929,50.150
2610170785,2026-09-18 12:00:00,237.260,236.280,236.800,0.020,0.010,0.000,0.007,0.003,0.002,0.000,0.000,0.000,0.000,0.000,1.000,50.130
2610170786,2026-09-18 12:00:00,236.570,236.980,237.490,0.410,0.470,0.480,0.492,0.161,0.166,0.164,0.128,0.039,0.041,0.041,0.966,50.110
2610170836,2026-09-18 12:00:00,233.440,234.040,234.400,0.010,0.020,0.000,0.006,0.001,0.004,0.000,0.000,0.000,0.000,0.000,0.927,50.130
2610170838,2026-09-18 12:00:00,237.470,236.390,236.920,0.000,0.050,0.060,0.024,0.000,0.010,0.013,0.000,0.000,0.000,0.000,0.992,50.090
2610170840,2026-09-18 12:00:00,236.040,235.540,236.160,0.020,0.000,0.000,0.004,0.004,0.000,0.000,0.000,0.000,0.000,0.000,0.966,50.120
2610322967,2026-09-18 12:00:00,237.930,236.830,237.070,0.000,0.000,0.010,0.002,0.000,0.000,0.002,0.000,0.000,0.000,0.000,0.841,50.140
2610322969,2026-09-18 12:00:00,233.020,232.210,232.480,0.300,0.340,0.160,0.184,0.070,0.075,0.038,0.026,0.008,0.016,0.001,0.990,50.150
2610322982,2026-09-18 12:00:00,236.670,237.050,237.500,0.020,0.030,0.050,0.022,0.004,0.006,0.011,-0.006,-0.001,-0.002,-0.002,0.952,50.150
2610322995,2026-09-18 12:00:00,236.360,236.870,237.480,0.000,0.050,0.060,0.024,0.000,0.010,0.013,-0.009,0.000,-0.004,-0.004,0.935,50.130
2610323005,2026-09-18 12:00:00,232.250,232.910,232.150,0.050,0.000,0.010,0.014,0.011,0.001,0.001,-0.002,0.000,0.000,-0.001,0.980,50.130
2610323010,2026-09-18 12:00:00,236.330,236.220,235.940,0.100,0.000,0.000,0.021,0.021,0.000,0.000,-0.009,-0.009,0.000,0.000,0.916,50.130
2610323017,2026-09-18 12:00:00,235.730,236.890,236.070,0.070,0.040,0.030,0.033,0.016,0.008,0.007,-0.010,-0.004,-0.003,-0.002,0.942,50.110
2610323019,2026-09-18 12:00:00,232.290,233.110,232.370,0.050,0.210,0.030,0.073,0.018,0.047,0.007,-0.008,-0.005,-0.001,-0.001,0.997,50.110
2610323027,2026-09-18 12:00:00,237.610,236.490,237.020,0.050,0.060,0.040,0.033,0.010,0.013,0.009,-0.010,-0.003,-0.003,-0.003,0.951,50.100
2510203108,2026-09-18 12:01:00,233.660,233.530,232.670,0.710,1.570,1.940,0.943,0.164,0.354,0.423,0.080,0.018,0.035,0.034,0.996,50.110
2510633406,2026-09-18 12:01:00,232.470,232.440,233.160,0.010,0.010,0.010,0.004,0.002,0.001,0.000,-0.004,-0.001,0.000,-0.001,0.695,50.120
2610126270,2026-09-18 12:01:00,232.630,233.140,232.450,0.090,0.080,0.030,0.046,0.021,0.021,0.006,-0.006,-0.001,-0.002,-0.002,0.987,50.120
2610170839,2026-09-18 12:02:00,236.240,236.750,237.230,0.020,0.010,0.030,0.014,0.005,0.001,0.007,0.000,0.000,0.000,0.000,1.000,50.090
2510014481,2026-09-18 12:19:00,231.650,231.830,232.790,0.610,0.590,0.550,0.416,0.124,0.104,0.127,0.196,0.063,0.073,0.058,0.909,50.040
2510203105,2026-09-18 12:19:00,233.640,232.200,232.630,0.110,0.150,0.110,0.067,0.021,0.027,0.018,0.051,0.013,0.019,0.017,0.798,50.040
2510203130,2026-09-18 12:19:00,244.600,244.730,245.960,0.000,0.000,0.020,0.004,0.000,0.000,0.004,0.000,0.000,0.000,0.000,0.953,50.050
2510814977,2026-09-18 12:19:00,232.380,233.400,232.160,0.010,0.010,0.010,0.006,0.002,0.001,0.002,-0.001,0.000,-0.001,-0.001,0.952,50.040
2610170837,2026-09-18 12:19:00,233.350,231.950,232.250,0.000,0.000,0.010,0.002,0.000,0.000,0.001,0.000,0.000,0.000,0.000,1.000,50.040
2610322997,2026-09-18 12:19:00,232.510,233.580,232.290,0.000,0.000,0.000,0.000,0.000,0.000,0.000,0.000,0.000,0.000,0.000,1.000,50.050
2610323001,2026-09-18 12:19:00,232.750,231.350,231.480,0.950,0.930,0.920,0.598,0.189,0.206,0.207,0.077,0.020,0.026,0.030,0.992,50.040
2410932742,2026-09-18 12:20:00,233.540,232.080,232.290,0.000,0.000,0.000,0.000,0.000,0.000,0.000,0.000,0.000,0.000,0.000,0.540,50.050
2610323004,2026-09-18 12:20:00,64.300,63.830,64.220,0.330,0.320,0.350,0.056,0.018,0.018,0.019,0.029,0.010,0.008,0.010,0.892,50.090
2610323016,2026-09-18 12:20:00,232.770,231.620,231.780,0.520,0.430,0.450,0.313,0.117,0.095,0.100,0.079,0.029,0.025,0.024,0.969,50.050
2510203103,2026-09-18 12:21:00,226.850,225.510,225.580,0.960,0.960,1.010,0.596,0.213,0.188,0.195,0.065,0.024,0.022,0.019,0.995,50.070
2246006313,2026-09-18 12:30:00,58.600,58.600,58.400,1.070,1.098,1.054,0.178,0.059,0.061,0.058,0.037,0.013,0.012,0.011,0.980,50.020
2410121326,2026-09-18 12:30:00,231.760,231.010,231.320,0.450,0.600,0.580,0.363,0.100,0.134,0.128,0.097,0.029,0.029,0.038,0.965,50.020
2410121353,2026-09-18 12:30:00,231.760,231.030,231.290,0.220,0.290,0.320,0.172,0.043,0.062,0.065,0.085,0.025,0.025,0.035,0.894,50.030
2410121371,2026-09-18 12:30:00,232.480,231.690,231.980,0.040,0.010,0.070,0.028,0.010,0.001,0.017,-0.002,0.000,-0.001,0.000,0.983,49.990
2410121424,2026-09-18 12:30:00,231.950,231.290,231.660,0.010,0.010,0.010,0.004,0.000,0.000,0.002,-0.003,-0.001,-0.001,0.000,0.809,50.030
2410121440,2026-09-18 12:30:00,231.920,231.270,231.570,0.070,0.070,0.070,0.045,0.016,0.015,0.013,0.021,0.005,0.006,0.008,0.905,49.990
2410121454,2026-09-18 12:30:00,231.550,231.880,230.920,0.410,0.570,0.750,0.391,0.093,0.130,0.166,0.054,0.014,0.012,0.028,0.992,50.030
2410121457,2026-09-18 12:30:00,229.890,229.170,229.810,1.930,2.020,1.740,1.214,0.410,0.430,0.373,0.410,0.142,0.148,0.118,0.947,49.970
2410121574,2026-09-18 12:30:00,231.410,230.960,230.990,1.610,1.140,1.240,1.004,0.374,0.265,0.322,0.054,0.024,0.001,0.027,0.997,50.040
2410131378,2026-09-18 12:30:00,231.590,231.850,231.230,0.760,0.770,0.710,0.590,0.217,0.211,0.182,0.106,0.028,0.034,0.042,0.982,50.000
2410131383,2026-09-18 12:30:00,235.300,235.120,234.950,0.190,0.200,0.250,0.146,0.044,0.045,0.056,0.023,0.007,0.007,0.008,0.988,50.000
2410131384,2026-09-18 12:30:00,236.590,236.980,236.270,1.130,1.180,1.140,0.747,0.267,0.276,0.241,0.191,0.062,0.078,0.050,0.962,49.990
2410131387,2026-09-18 12:30:00,233.060,233.250,233.570,0.110,0.110,0.100,0.074,0.026,0.024,0.022,0.008,0.000,0.007,0.001,0.999,50.000
2410320615,2026-09-18 12:30:00,232.640,232.770,233.260,2.970,3.020,3.230,2.078,0.683,0.673,0.742,0.659,0.200,0.230,0.227,0.952,50.000
2410883988,2026-09-18 12:30:00,233.320,233.680,233.110,0.000,0.000,0.020,0.004,0.000,0.000,0.003,0.000,0.000,0.000,0.000,0.947,49.980
2410883990,2026-09-18 12:30:00,233.050,232.400,232.590,0.080,0.000,0.070,0.035,0.018,0.000,0.016,0.002,0.002,0.000,0.000,0.989,49.970
2410883991,2026-09-18 12:30:00,236.580,237.200,237.700,0.260,0.140,0.150,0.130,0.060,0.032,0.036,0.015,0.007,0.005,0.003,0.991,50.060
2410883993,2026-09-18 12:30:00,236.610,236.140,235.840,0.860,0.360,1.390,0.597,0.197,0.083,0.317,0.122,0.045,0.014,0.061,0.980,50.000
2410883994,2026-09-18 12:30:00,237.520,236.530,237.170,0.030,0.010,0.030,0.015,0.005,0.002,0.007,-0.003,-0.001,0.000,-0.001,0.968,50.060
2410932742,2026-09-18 12:30:00,230.510,229.050,229.030,1.950,1.880,2.090,1.232,0.407,0.391,0.432,0.384,0.127,0.118,0.138,0.954,50.010
2411087432,2026-09-18 12:30:00,231.920,232.430,231.630,1.100,0.930,0.970,0.665,0.244,0.205,0.214,0.146,0.057,0.044,0.044,0.976,49.980
2411087433,2026-09-18 12:30:00,236.640,237.130,237.560,0.560,0.470,0.540,0.355,0.124,0.108,0.122,-0.005,0.000,-0.004,0.000,1.000,50.010
2411290205,2026-09-18 12:30:00,232.150,232.080,232.140,3.750,3.840,3.930,2.409,0.788,0.809,0.811,0.957,0.320,0.309,0.332,0.931,50.060
2510014481,2026-09-18 12:30:00,227.480,227.670,228.880,1.470,1.410,1.440,0.846,0.282,0.288,0.297,0.455,0.160,0.146,0.148,0.892,50.010
2510014482,2026-09-18 12:30:00,232.110,232.480,231.690,0.860,0.540,0.280,0.373,0.190,0.122,0.060,0.076,0.031,0.023,0.021,0.978,49.980
2510014483,2026-09-18 12:30:00,236.530,236.940,237.390,0.090,0.060,0.080,0.047,0.018,0.012,0.016,-0.023,-0.008,-0.006,-0.009,0.889,49.980
2510014484,2026-09-18 12:30:00,233.620,233.310,233.870,2.150,2.500,1.950,1.485,0.482,0.531,0.464,0.383,0.133,0.121,0.128,0.967,49.960
2510178139,2026-09-18 12:30:00,232.100,232.350,231.570,0.410,0.380,0.390,0.255,0.090,0.075,0.089,0.102,0.035,0.039,0.028,0.927,50.030
2510178141,2026-09-18 12:30:00,231.730,232.540,232.680,0.810,0.640,0.720,0.406,0.159,0.115,0.132,0.006,0.019,-0.005,-0.006,1.000,49.970
2510203103,2026-09-18 12:30:00,226.450,224.970,225.240,0.070,0.200,0.060,0.073,0.014,0.044,0.032,-0.013,-0.003,-0.002,-0.008,0.976,50.000
2510203104,2026-09-18 12:30:00,230.420,230.680,231.100,0.660,0.730,0.660,0.446,0.141,0.164,0.139,0.125,0.028,0.044,0.052,0.961,50.000
2510203105,2026-09-18 12:30:00,229.660,228.050,228.540,0.600,0.700,0.590,0.354,0.114,0.132,0.108,0.240,0.075,0.087,0.077,0.829,50.030
2510203106,2026-09-18 12:30:00,234.980,234.660,235.090,0.010,0.010,0.000,0.005,0.002,0.003,0.000,-0.002,-0.001,0.000,0.000,0.974,50.000
2510203108,2026-09-18 12:30:00,232.900,232.910,232.050,0.890,1.410,1.790,0.917,0.193,0.317,0.407,0.068,0.015,0.031,0.021,0.997,50.000
2510203109,2026-09-18 12:30:00,236.620,237.140,236.190,0.320,0.250,0.200,0.179,0.072,0.058,0.047,0.030,0.018,0.003,0.009,0.987,50.020
2510203112,2026-09-18 12:30:00,222.070,221.480,222.160,1.790,1.860,1.710,1.059,0.353,0.365,0.340,0.471,0.155,0.171,0.144,0.914,49.970
2510203113,2026-09-18 12:30:00,234.010,233.600,233.340,2.810,2.700,3.120,1.980,0.654,0.607,0.718,0.316,0.074,0.123,0.119,0.987,49.970
2510203114,2026-09-18 12:30:00,230.050,230.480,230.800,0.500,0.540,0.470,0.274,0.080,0.106,0.087,0.089,0.026,0.027,0.035,0.967,50.020
2510203117,2026-09-18 12:30:00,233.060,232.520,232.630,0.290,0.180,0.150,0.105,0.054,0.034,0.015,0.096,0.040,0.023,0.032,0.737,50.010
2510203118,2026-09-18 12:30:00,124.710,124.830,125.130,0.150,0.120,0.130,0.039,0.015,0.012,0.011,-0.028,-0.010,-0.007,-0.010,0.809,50.010
2510203119,2026-09-18 12:30:00,233.310,232.740,232.830,0.000,0.000,0.000,0.000,0.000,0.000,0.000,0.000,0.000,0.000,0.000,1.000,50.000
2510203120,2026-09-18 12:30:00,236.200,235.360,235.930,1.840,1.520,1.550,1.093,0.410,0.338,0.344,0.323,0.124,0.099,0.099,0.959,50.000
2510203121,2026-09-18 12:30:00,232.670,232.850,233.280,0.010,0.010,0.110,0.030,0.003,0.002,0.025,-0.008,0.000,-0.002,-0.005,0.955,50.020
2510203122,2026-09-18 12:30:00,231.930,232.510,231.680,0.570,0.300,0.300,0.244,0.118,0.065,0.060,0.107,0.053,0.022,0.031,0.915,49.990
2510203123,2026-09-18 12:30:00,231.410,232.000,232.400,1.540,2.160,1.620,0.939,0.306,0.301,0.331,0.248,0.104,0.077,0.091,0.989,50.000
2510203124,2026-09-18 12:30:00,231.840,231.710,231.160,0.810,0.810,0.840,0.538,0.178,0.175,0.179,0.121,0.039,0.041,0.039,0.974,50.030
2510203126,2026-09-18 12:30:00,233.100,233.270,233.730,0.020,0.000,0.000,0.004,0.003,0.000,0.000,0.000,0.000,0.000,0.000,0.918,50.030
2510203127,2026-09-18 12:30:00,231.320,231.800,231.080,0.460,0.480,0.910,0.395,0.092,0.099,0.203,0.150,0.049,0.046,0.053,0.935,50.020
2510203128,2026-09-18 12:30:00,236.640,236.870,235.430,1.570,1.510,1.730,1.101,0.360,0.345,0.396,0.114,0.026,0.034,0.053,0.995,50.000
2510203129,2026-09-18 12:30:00,235.530,235.180,235.640,0.010,0.020,0.000,0.006,0.002,0.004,0.000,-0.003,-0.002,0.000,0.000,0.941,50.030
2510203130,2026-09-18 12:30:00,240.860,240.980,242.370,0.000,0.000,0.010,0.002,0.000,0.000,0.001,0.000,0.000,0.000,0.000,0.999,50.030
2510203133,2026-09-18 12:30:00,232.960,233.400,232.510,0.160,0.060,0.340,0.123,0.036,0.009,0.078,0.013,0.006,0.010,-0.003,0.996,50.000
2510203134,2026-09-18 12:30:00,237.920,236.890,237.210,0.020,0.010,0.010,0.007,0.004,0.002,0.001,-0.001,0.000,-0.001,0.000,0.972,50.020
2510224049,2026-09-18 12:30:00,232.110,232.440,232.020,0.250,1.390,0.020,0.250,0.040,0.200,0.000,-0.180,-0.030,-0.140,0.000,0.796,49.970
2510224167,2026-09-18 12:30:00,232.420,232.420,233.020,0.900,0.120,0.360,0.220,0.140,0.010,0.050,-0.170,-0.090,-0.020,-0.050,0.789,49.970
2510317505,2026-09-18 12:30:00,232.420,232.580,232.960,0.090,0.030,2.180,0.280,0.010,0.000,0.260,-0.260,-0.010,0.000,-0.240,0.731,49.970
2510317516,2026-09-18 12:30:00,232.880,232.940,233.440,0.000,0.000,0.000,0.000,0.000,0.000,0.000,0.000,0.000,0.000,0.000,1.000,49.970
2510317537,2026-09-18 12:30:00,236.320,235.770,236.640,2.970,3.030,3.060,1.860,0.590,0.620,0.650,-0.330,-0.100,-0.110,-0.100,0.987,49.960
2510389559,2026-09-18 12:30:00,235.160,235.120,235.290,0.000,0.000,0.000,0.000,0.000,0.000,0.000,0.000,0.000,0.000,0.000,1.000,49.980
2510389643,2026-09-18 12:30:00,235.140,235.040,235.130,2.090,0.000,0.000,0.340,0.340,0.000,0.000,-0.060,-0.060,0.000,0.000,0.981,49.960
2510389931,2026-09-18 12:30:00,235.010,234.490,235.100,0.050,0.000,0.000,0.000,0.000,0.000,0.000,-0.010,-0.010,0.000,0.000,0.197,49.970
2510633381,2026-09-18 12:30:00,237.000,236.150,236.580,0.070,0.080,0.030,0.043,0.017,0.017,0.008,-0.005,-0.003,-0.002,0.000,0.983,50.030
2510633383,2026-09-18 12:30:00,230.950,231.720,231.980,1.710,1.350,1.690,1.066,0.378,0.310,0.376,0.037,0.037,0.000,0.000,0.999,50.030
2510633385,2026-09-18 12:30:00,235.520,235.480,235.740,0.470,0.220,0.290,0.229,0.111,0.052,0.064,0.029,0.009,-0.001,0.022,0.989,49.980
2510633386,2026-09-18 12:30:00,225.480,225.770,226.360,1.090,1.080,1.090,0.119,0.043,0.035,0.040,-0.682,-0.226,-0.227,-0.228,0.187,49.980
2510633387,2026-09-18 12:30:00,231.190,231.640,231.060,0.030,0.000,0.150,0.044,0.007,0.000,0.035,-0.005,0.000,0.000,-0.004,0.981,49.970
2510633389,2026-09-18 12:30:00,234.500,234.280,233.930,0.990,0.960,0.950,0.638,0.216,0.205,0.203,0.211,0.065,0.072,0.073,0.947,49.970
2510633390,2026-09-18 12:30:00,236.550,237.120,236.090,1.410,1.580,1.710,0.993,0.310,0.321,0.361,0.347,0.098,0.116,0.132,0.943,50.030
2510633391,2026-09-18 12:30:00,121.620,121.530,121.430,0.280,0.430,0.580,0.119,0.030,0.032,0.056,-0.003,0.013,-0.016,-0.002,1.000,50.000
2510633395,2026-09-18 12:30:00,232.010,232.160,231.130,0.000,0.000,0.000,0.000,0.000,0.000,0.000,0.000,0.000,0.000,0.000,1.000,50.020
2510633396,2026-09-18 12:30:00,231.640,231.080,231.650,0.810,0.860,0.790,0.522,0.172,0.183,0.167,0.150,0.049,0.053,0.047,0.961,50.030
2510633397,2026-09-18 12:30:00,243.010,241.970,242.500,0.150,0.110,0.130,0.090,0.035,0.024,0.030,0.017,0.005,0.006,0.006,0.982,49.980
2510633399,2026-09-18 12:30:00,232.510,232.620,233.130,0.420,0.500,0.510,0.331,0.096,0.116,0.117,0.011,0.003,0.004,0.004,0.998,50.030
2510633400,2026-09-18 12:30:00,231.930,232.370,231.690,0.580,0.560,0.570,0.341,0.107,0.115,0.116,0.153,0.048,0.053,0.051,0.922,50.000
2510633402,2026-09-18 12:30:00,228.680,228.720,229.880,0.550,0.540,0.650,0.423,0.119,0.119,0.144,0.058,0.018,0.017,0.023,0.988,50.010
2510633406,2026-09-18 12:30:00,232.740,232.810,233.370,0.010,0.010,0.010,0.004,0.002,0.000,0.000,-0.003,-0.001,0.000,-0.001,0.710,50.000
2510633411,2026-09-18 12:30:00,230.330,229.590,229.560,2.040,1.960,2.060,1.320,0.447,0.425,0.442,0.542,0.176,0.175,0.189,0.920,50.010
2510814977,2026-09-18 12:30:00,229.230,230.430,229.060,0.010,0.010,0.010,0.004,0.002,0.000,0.001,-0.002,0.000,-0.001,-0.001,0.964,50.000
2610026950,2026-09-18 12:30:00,233.410,232.640,232.770,0.040,0.010,0.040,0.017,0.008,0.001,0.008,0.000,0.000,0.000,0.000,0.993,50.000
2610026952,2026-09-18 12:30:00,231.730,230.890,231.370,1.240,1.240,1.200,0.755,0.256,0.252,0.245,0.349,0.115,0.121,0.112,0.905,50.000
2610026963,2026-09-18 12:30:00,231.980,232.100,232.590,0.030,0.140,0.040,0.033,0.006,0.029,-0.001,0.023,0.005,0.010,0.008,0.809,50.030
2610026966,2026-09-18 12:30:00,234.390,234.570,234.000,0.760,0.800,0.660,0.505,0.170,0.185,0.149,0.088,0.039,0.027,0.021,0.984,50.030
2610026976,2026-09-18 12:30:00,231.430,231.360,232.280,0.850,1.770,1.040,0.835,0.192,0.400,0.241,0.043,0.011,0.026,0.005,0.998,50.030
2610026977,2026-09-18 12:30:00,246.290,246.280,245.470,0.000,0.130,0.000,0.032,0.000,0.032,0.000,-0.001,0.000,0.000,0.000,0.986,50.010
2610126270,2026-09-18 12:30:00,232.520,232.940,232.430,0.130,0.060,0.040,0.047,0.024,0.013,0.008,-0.005,-0.002,-0.001,-0.002,1.000,49.970
2610159557,2026-09-18 12:30:00,237.390,236.470,236.890,0.030,0.040,0.030,0.022,0.005,0.008,0.007,-0.006,-0.003,-0.001,-0.001,0.976,50.010
2610170785,2026-09-18 12:30:00,237.250,236.320,236.850,0.020,0.010,0.000,0.007,0.003,0.002,0.000,0.000,0.000,0.000,0.000,1.000,50.000
2610170786,2026-09-18 12:30:00,236.300,236.750,237.110,0.920,0.610,0.660,0.463,0.145,0.158,0.159,0.137,0.045,0.042,0.049,0.948,49.960
2610170836,2026-09-18 12:30:00,232.240,232.750,233.030,0.020,0.070,0.060,0.034,0.010,0.013,0.010,0.000,0.000,0.000,0.000,1.000,49.980
2610170837,2026-09-18 12:30:00,231.500,230.000,230.200,0.000,0.000,0.020,0.004,0.000,0.000,0.004,0.000,0.000,0.000,0.000,0.909,49.970
2610170838,2026-09-18 12:30:00,237.390,236.300,236.860,0.000,0.040,0.100,0.033,0.000,0.009,0.023,0.000,0.000,0.000,0.000,0.997,49.980
2610170839,2026-09-18 12:30:00,236.340,236.800,237.270,0.070,0.060,0.090,0.052,0.017,0.013,0.021,0.000,0.000,0.000,0.000,0.991,49.980
2610170840,2026-09-18 12:30:00,235.120,234.580,235.210,0.020,0.000,0.000,0.003,0.003,0.000,0.000,0.000,0.000,0.000,0.000,0.991,49.970
2610322967,2026-09-18 12:30:00,237.780,236.710,236.980,0.000,0.000,0.010,0.002,0.000,0.000,0.002,0.000,0.000,0.000,0.000,1.000,49.990
2610322969,2026-09-18 12:30:00,233.300,232.520,232.820,0.180,0.290,0.210,0.157,0.042,0.065,0.049,0.024,0.005,0.016,0.001,0.989,50.000
2610322982,2026-09-18 12:30:00,236.450,236.830,237.320,0.020,0.030,0.050,0.022,0.004,0.006,0.011,-0.006,-0.001,-0.002,-0.002,0.949,50.010
2610322995,2026-09-18 12:30:00,236.470,236.890,237.350,0.000,0.050,0.060,0.024,0.000,0.010,0.013,-0.009,0.000,-0.004,-0.004,0.937,50.000
2610322997,2026-09-18 12:30:00,229.310,230.550,229.090,0.000,0.000,0.000,0.000,0.000,0.000,0.000,0.000,0.000,0.000,0.000,1.000,50.010
2610323001,2026-09-18 12:30:00,228.080,227.400,227.250,2.850,2.350,2.510,1.583,0.580,0.475,0.527,0.708,0.247,0.229,0.231,0.909,49.980
2610323004,2026-09-18 12:30:00,63.510,63.030,63.460,0.240,0.240,0.270,0.040,0.012,0.013,0.014,0.006,0.003,0.001,0.002,0.998,50.010
2610323005,2026-09-18 12:30:00,232.640,233.170,232.570,0.100,0.000,0.010,0.026,0.024,0.001,0.001,-0.001,0.000,0.000,-0.001,0.988,49.990
2610323010,2026-09-18 12:30:00,235.530,235.460,235.170,0.070,0.000,0.000,0.014,0.014,0.000,0.000,-0.007,-0.007,0.000,0.000,0.888,49.990
2610323016,2026-09-18 12:30:00,230.110,229.150,229.100,1.290,1.070,1.090,0.712,0.270,0.218,0.223,0.285,0.102,0.090,0.092,0.925,49.990
2610323017,2026-09-18 12:30:00,235.940,236.690,236.270,0.070,0.040,0.030,0.032,0.016,0.008,0.007,-0.010,-0.004,-0.003,-0.002,0.937,49.970
2610323019,2026-09-18 12:30:00,232.280,232.950,232.410,0.020,0.220,0.030,0.062,0.004,0.051,0.007,-0.003,-0.001,0.000,-0.001,1.000,49.950
2610323027,2026-09-18 12:30:00,237.410,236.360,236.950,0.050,0.060,0.040,0.033,0.010,0.013,0.009,-0.010,-0.003,-0.004,-0.003,0.952,49.960
2510203111,2026-09-18 12:31:00,230.820,231.340,231.580,1.740,1.540,1.900,1.155,0.385,0.331,0.418,0.262,0.104,0.078,0.079,0.975,49.970
2510633393,2026-09-18 12:31:00,232.350,232.690,232.590,1.720,1.750,1.730,1.161,0.383,0.394,0.383,0.251,0.085,0.075,0.089,0.977,50.010
2610026953,2026-09-18 12:31:00,233.320,232.930,233.380,0.560,0.560,0.540,0.366,0.124,0.122,0.119,0.145,0.055,0.048,0.040,0.929,50.040
2610126451,2026-09-18 12:31:00,232.590,232.760,232.160,0.000,0.010,0.150,0.037,0.000,0.002,0.034,0.002,0.000,0.000,0.002,0.988,49.990
2246006313,2026-09-18 13:00:00,57.700,57.700,57.500,1.407,1.425,1.386,0.243,0.080,0.082,0.079,0.058,0.020,0.019,0.018,0.970,49.970
2410121326,2026-09-18 13:00:00,230.740,230.000,230.470,0.540,0.610,0.620,0.400,0.123,0.137,0.139,0.061,0.020,0.014,0.026,0.989,49.990
2410121353,2026-09-18 13:00:00,230.070,229.210,229.450,0.330,0.360,0.310,0.218,0.074,0.079,0.064,0.081,0.024,0.021,0.036,0.934,50.010
2410121371,2026-09-18 13:00:00,230.060,229.230,229.630,0.060,0.010,0.080,0.032,0.014,0.001,0.017,-0.003,-0.001,-0.001,0.000,0.990,49.900
2410121424,2026-09-18 13:00:00,229.870,229.180,229.540,0.010,0.010,0.010,0.005,0.001,0.001,0.002,-0.002,-0.001,-0.001,0.000,0.885,49.960
2410121440,2026-09-18 13:00:00,230.930,230.170,230.580,0.020,0.020,0.010,0.010,0.003,0.004,0.002,-0.001,-0.001,0.000,0.000,0.974,49.990
2410121454,2026-09-18 13:00:00,229.520,229.920,228.870,0.440,0.620,0.770,0.409,0.101,0.137,0.170,0.046,0.010,0.009,0.025,0.994,49.970
2410121457,2026-09-18 13:00:00,229.110,228.120,228.940,1.860,1.950,1.670,1.174,0.398,0.417,0.359,0.385,0.133,0.141,0.109,0.950,49.960
2410121574,2026-09-18 13:00:00,228.830,228.410,228.520,2.340,1.860,1.760,1.359,0.532,0.428,0.397,0.145,0.068,0.028,0.047,0.994,50.000
2410131378,2026-09-18 13:00:00,230.310,230.600,229.760,0.650,0.780,0.800,0.519,0.155,0.182,0.180,0.102,0.026,0.030,0.046,0.976,50.010
2410131383,2026-09-18 13:00:00,235.480,235.250,235.200,0.210,0.230,0.280,0.166,0.049,0.053,0.064,0.016,0.004,0.007,0.005,0.992,49.980
2410131384,2026-09-18 13:00:00,233.800,234.120,233.470,0.930,0.960,0.800,0.581,0.171,0.226,0.183,0.171,0.047,0.068,0.054,0.971,49.970
2410131387,2026-09-18 13:00:00,229.110,229.300,229.620,0.230,0.190,0.200,0.140,0.052,0.042,0.046,0.023,0.008,0.012,0.003,0.986,49.870
2410320615,2026-09-18 13:00:00,231.640,231.790,232.310,3.640,3.510,3.760,2.296,0.771,0.704,0.782,0.777,0.242,0.269,0.265,0.946,49.970
2410883988,2026-09-18 13:00:00,229.610,230.200,229.550,0.000,0.000,0.070,0.016,0.000,0.000,0.015,0.001,0.000,0.000,0.001,1.000,49.980
2410883990,2026-09-18 13:00:00,229.760,229.010,229.140,0.080,0.000,0.080,0.036,0.018,0.000,0.017,0.002,0.002,0.000,0.000,0.999,49.960
2410883993,2026-09-18 13:00:00,234.020,232.960,232.850,0.460,0.470,1.240,0.498,0.107,0.107,0.285,0.076,0.001,0.012,0.061,0.987,49.970
2410883994,2026-09-18 13:00:00,234.310,233.330,233.900,0.030,0.010,0.030,0.014,0.005,0.002,0.006,-0.002,-0.001,0.000,0.000,0.992,49.950
2410932742,2026-09-18 13:00:00,224.140,222.610,222.860,3.020,2.970,3.180,1.913,0.634,0.619,0.660,0.493,0.164,0.152,0.175,0.967,49.970
2411087432,2026-09-18 13:00:00,226.020,226.750,225.720,1.270,1.380,0.910,0.778,0.279,0.299,0.198,0.083,0.050,0.024,0.008,0.994,49.980
2411087433,2026-09-18 13:00:00,233.720,234.200,234.590,0.550,0.460,0.530,0.367,0.127,0.106,0.122,-0.010,0.000,-0.008,-0.001,0.998,49.970
2411290205,2026-09-18 13:00:00,230.670,230.570,230.740,4.180,4.230,4.350,1.898,0.618,0.644,0.635,0.936,0.310,0.303,0.313,0.947,49.920
2510014481,2026-09-18 13:00:00,223.010,223.320,224.210,1.910,1.780,2.060,1.159,0.360,0.366,0.432,0.306,0.103,0.100,0.102,0.964,49.970
2510014482,2026-09-18 13:00:00,226.070,226.660,225.810,0.380,0.190,0.020,0.133,0.086,0.043,0.003,-0.004,0.002,-0.004,-0.002,0.997,49.970
2510014483,2026-09-18 13:00:00,233.380,233.830,234.290,0.080,0.060,0.080,0.046,0.018,0.012,0.015,-0.022,-0.006,-0.006,-0.009,0.897,49.960
2510014484,2026-09-18 13:00:00,233.750,233.540,234.050,1.770,2.130,1.670,1.231,0.409,0.450,0.372,0.344,0.120,0.110,0.114,0.962,49.960
2510178139,2026-09-18 13:00:00,226.780,227.100,226.210,0.470,0.400,0.450,0.285,0.103,0.083,0.099,0.110,0.037,0.041,0.031,0.926,49.970
2510203103,2026-09-18 13:00:00,220.760,219.230,219.740,0.310,0.310,0.250,0.430,0.138,0.138,0.139,-0.007,0.001,-0.001,-0.006,1.000,49.970
2510203104,2026-09-18 13:00:00,227.590,227.970,228.370,0.730,0.640,0.720,0.470,0.163,0.146,0.161,0.091,0.027,0.030,0.032,0.981,49.980
2510203108,2026-09-18 13:00:00,225.810,226.250,225.090,1.180,1.480,2.060,1.014,0.243,0.324,0.442,0.099,0.034,0.025,0.039,0.996,49.970
2510203109,2026-09-18 13:00:00,233.430,233.960,233.050,0.530,0.460,0.370,0.285,0.110,0.098,0.075,0.126,0.050,0.035,0.040,0.914,49.970
2510203111,2026-09-18 13:00:00,225.590,226.460,226.770,1.480,1.190,1.650,0.914,0.305,0.249,0.359,0.225,0.104,0.054,0.065,0.970,49.970
2510203112,2026-09-18 13:00:00,221.570,221.030,221.760,2.380,2.430,2.300,1.441,0.482,0.488,0.471,0.531,0.176,0.193,0.161,0.938,49.960
2510203113,2026-09-18 13:00:00,233.870,233.550,233.220,3.370,3.160,3.750,2.382,0.782,0.733,0.865,0.330,0.071,0.129,0.130,0.990,49.960
2510203114,2026-09-18 13:00:00,227.390,227.960,228.290,0.540,0.400,0.500,0.320,0.112,0.092,0.115,0.048,0.023,0.010,0.013,0.990,49.970
2510203117,2026-09-18 13:00:00,229.550,228.970,228.980,0.260,0.160,0.140,0.078,0.044,0.029,0.004,0.092,0.038,0.021,0.031,0.641,49.980
2510203118,2026-09-18 13:00:00,123.140,123.260,123.570,0.170,0.150,0.150,0.054,0.020,0.017,0.016,-0.018,-0.006,-0.004,-0.007,0.947,49.970
2510203119,2026-09-18 13:00:00,229.550,228.870,228.860,0.000,0.000,0.000,0.000,0.000,0.000,0.000,0.000,0.000,0.000,0.000,1.000,49.970
2510203120,2026-09-18 13:00:00,233.130,232.290,232.810,2.130,1.690,1.850,1.261,0.470,0.375,0.415,0.280,0.104,0.090,0.084,0.976,49.970
2510203121,2026-09-18 13:00:00,228.900,228.970,229.580,0.010,0.010,0.100,0.027,0.003,0.001,0.022,-0.007,0.000,-0.002,-0.005,0.956,49.980
2510203122,2026-09-18 13:00:00,226.090,226.780,225.850,0.460,0.220,0.210,0.196,0.100,0.050,0.045,0.034,0.022,-0.001,0.013,0.980,49.970
2510203123,2026-09-18 13:00:00,225.560,226.390,226.740,0.810,1.160,0.980,0.866,0.241,0.358,0.265,0.182,0.074,0.037,0.064,0.966,49.970
2510203124,2026-09-18 13:00:00,226.500,226.270,225.740,0.990,0.990,1.000,0.640,0.212,0.211,0.216,0.156,0.049,0.054,0.051,0.970,49.980
2510203126,2026-09-18 13:00:00,229.000,229.110,229.770,0.070,0.000,0.000,0.016,0.015,0.000,0.000,0.001,0.001,0.000,0.000,1.000,49.980
2510203127,2026-09-18 13:00:00,226.760,227.130,226.510,0.890,0.970,1.240,0.686,0.183,0.202,0.301,0.116,0.029,0.040,0.046,0.984,49.980
2510203128,2026-09-18 13:00:00,233.440,233.670,232.190,1.700,1.640,1.760,1.153,0.388,0.370,0.395,0.126,0.027,0.038,0.061,0.994,49.970
2510203129,2026-09-18 13:00:00,235.340,235.040,235.460,0.010,0.020,0.000,0.006,0.002,0.003,0.000,-0.003,-0.002,0.000,0.000,0.887,49.980
2510203130,2026-09-18 13:00:00,236.250,236.570,237.680,0.000,0.000,0.010,0.001,0.000,0.000,0.001,0.000,0.000,0.000,0.000,0.945,49.970
2510203133,2026-09-18 13:00:00,226.830,227.410,226.360,0.150,0.060,0.340,0.119,0.033,0.009,0.075,0.008,0.004,0.009,-0.004,0.996,49.970
2510203134,2026-09-18 13:00:00,234.820,233.780,234.160,0.020,0.010,0.010,0.007,0.004,0.001,0.001,-0.001,0.000,-0.001,0.000,0.961,49.980
2510224049,2026-09-18 13:00:00,228.610,229.090,228.580,0.250,1.400,0.020,0.250,0.040,0.200,0.000,-0.170,-0.030,-0.140,0.000,0.812,49.950
2510224167,2026-09-18 13:00:00,228.900,228.830,229.570,0.950,0.120,0.360,0.220,0.150,0.010,0.050,-0.160,-0.090,-0.020,-0.050,0.808,49.960
2510317505,2026-09-18 13:00:00,228.910,228.970,229.600,0.090,0.030,2.200,0.270,0.010,0.000,0.260,-0.250,-0.010,0.000,-0.230,0.743,49.950
2510317516,2026-09-18 13:00:00,229.410,229.450,230.050,0.000,0.000,0.000,0.000,0.000,0.000,0.000,0.000,0.000,0.000,0.000,1.000,49.960
2510317537,2026-09-18 13:00:00,233.220,232.740,234.080,3.620,3.620,3.690,2.530,0.830,0.850,0.850,-0.380,-0.140,-0.110,-0.120,0.988,49.960
2510389559,2026-09-18 13:00:00,235.270,235.400,235.370,0.000,0.000,0.000,0.000,0.000,0.000,0.000,0.000,0.000,0.000,0.000,1.000,49.970
2510389643,2026-09-18 13:00:00,235.210,235.280,235.270,2.100,0.000,0.000,0.340,0.340,0.000,0.000,-0.060,-0.060,0.000,0.000,0.980,49.960
2510389931,2026-09-18 13:00:00,233.760,233.450,233.970,0.050,0.000,0.000,0.000,0.000,0.000,0.000,-0.010,-0.010,0.000,0.000,0.201,49.970
2510633383,2026-09-18 13:00:00,226.080,226.910,227.190,1.630,1.200,1.590,0.958,0.351,0.276,0.347,0.021,0.032,-0.004,-0.006,0.999,49.980
2510633385,2026-09-18 13:00:00,234.900,234.970,234.980,0.520,0.060,0.300,0.202,0.122,0.013,0.067,0.024,0.005,-0.001,0.020,0.993,49.960
2510633386,2026-09-18 13:00:00,222.850,223.070,223.690,1.090,1.090,1.090,0.156,0.051,0.049,0.054,-0.669,-0.221,-0.224,-0.223,0.223,49.970
2510633387,2026-09-18 13:00:00,230.170,230.700,229.970,0.030,0.010,0.160,0.046,0.007,0.001,0.037,-0.005,0.000,0.000,-0.003,0.995,49.960
2510633389,2026-09-18 13:00:00,233.650,233.430,233.120,1.140,1.170,1.190,0.742,0.245,0.247,0.249,0.330,0.104,0.111,0.114,0.912,49.960
2510633390,2026-09-18 13:00:00,233.450,234.150,233.000,1.400,1.380,1.650,0.859,0.269,0.276,0.325,0.304,0.094,0.090,0.119,0.956,49.970
2510633391,2026-09-18 13:00:00,121.190,120.980,120.980,0.280,0.400,0.470,0.132,0.030,0.042,0.058,-0.009,0.006,-0.019,0.004,0.999,49.980
2510633393,2026-09-18 13:00:00,233.310,233.670,233.520,1.720,1.760,1.780,1.202,0.391,0.407,0.404,0.263,0.090,0.078,0.094,0.976,49.990
2510633395,2026-09-18 13:00:00,226.880,227.080,226.010,0.000,0.000,0.000,0.000,0.000,0.000,0.000,0.000,0.000,0.000,0.000,1.000,49.970
2510633396,2026-09-18 13:00:00,226.230,225.770,226.340,0.830,0.870,0.800,0.545,0.180,0.190,0.175,0.134,0.044,0.050,0.042,0.971,49.980
2510633397,2026-09-18 13:00:00,240.130,238.990,239.520,0.480,0.490,0.540,0.314,0.098,0.101,0.114,0.041,0.014,0.016,0.009,0.990,49.970
2510633399,2026-09-18 13:00:00,228.300,228.270,229.030,0.430,0.500,0.480,0.321,0.098,0.112,0.108,0.008,0.002,0.003,0.002,0.999,49.970
2510633400,2026-09-18 13:00:00,226.980,227.590,226.730,0.940,1.010,1.030,0.628,0.209,0.218,0.200,0.273,0.086,0.093,0.090,0.916,49.980
2510633402,2026-09-18 13:00:00,223.620,223.920,224.880,0.670,0.730,0.780,0.327,0.096,0.088,0.099,0.106,0.033,0.034,0.038,0.937,49.960
2510633406,2026-09-18 13:00:00,228.760,228.720,229.470,0.010,0.010,0.010,0.004,0.002,0.000,0.000,-0.003,-0.001,0.000,-0.001,0.721,49.970
2510633411,2026-09-18 13:00:00,225.760,224.870,224.690,2.640,2.540,2.630,1.591,0.545,0.517,0.528,0.600,0.193,0.194,0.215,0.937,49.980
2510814977,2026-09-18 13:00:00,224.870,225.780,224.340,0.010,0.010,0.010,0.004,0.002,0.000,0.001,-0.002,0.000,-0.001,-0.001,0.932,49.970
2610026950,2026-09-18 13:00:00,229.450,228.660,228.670,0.040,0.010,0.030,0.015,0.006,0.001,0.007,0.000,0.000,0.000,0.000,0.990,49.970
2610026952,2026-09-18 13:00:00,223.770,222.840,223.310,2.610,2.480,2.600,1.486,0.495,0.477,0.512,0.792,0.280,0.258,0.253,0.886,49.970
2610026953,2026-09-18 13:00:00,234.550,234.210,234.620,0.630,0.590,0.610,0.403,0.138,0.131,0.141,0.163,0.063,0.052,0.047,0.931,49.970
2610026963,2026-09-18 13:00:00,226.840,227.060,227.550,0.130,0.020,0.020,0.024,0.028,-0.001,-0.002,-0.005,-0.006,0.002,-0.002,0.977,49.980
2610026966,2026-09-18 13:00:00,233.760,233.660,233.020,0.750,0.860,1.070,0.624,0.170,0.216,0.241,0.095,0.034,0.033,0.026,0.988,49.980
2610026976,2026-09-18 13:00:00,226.250,226.500,227.200,0.930,1.560,0.940,0.763,0.209,0.342,0.212,0.016,0.007,0.007,0.000,0.999,49.980
2610026977,2026-09-18 13:00:00,245.180,245.250,244.450,0.150,0.250,0.150,0.107,0.025,0.057,0.025,0.075,0.025,0.024,0.025,0.819,49.990
2610126270,2026-09-18 13:00:00,229.040,229.610,229.000,0.070,0.060,0.040,0.035,0.015,0.012,0.007,-0.005,-0.002,-0.001,-0.002,0.998,49.960
2610126451,2026-09-18 13:00:00,226.950,227.310,226.490,0.000,0.000,0.140,0.031,0.000,0.000,0.030,0.003,0.000,0.000,0.003,1.000,49.970
2610159557,2026-09-18 13:00:00,234.440,233.510,233.930,0.030,0.040,0.030,0.021,0.005,0.008,0.007,-0.006,-0.003,-0.001,-0.001,0.953,49.970
2610170785,2026-09-18 13:00:00,234.260,233.300,233.870,0.010,0.010,0.000,0.006,0.003,0.002,0.000,0.000,0.000,0.000,0.000,0.997,49.960
2610170786,2026-09-18 13:00:00,233.610,234.090,234.540,0.250,0.160,0.180,0.115,0.035,0.037,0.041,0.015,0.005,0.003,0.005,0.992,49.960
2610170836,2026-09-18 13:00:00,225.930,226.460,227.050,0.010,0.020,0.000,0.012,0.002,0.006,0.003,-0.001,0.000,-0.001,0.000,0.982,49.970
2610170837,2026-09-18 13:00:00,225.920,224.460,224.920,0.000,0.000,0.020,0.004,0.000,0.000,0.004,0.000,0.000,0.000,0.000,0.903,49.960
2610170838,2026-09-18 13:00:00,234.130,233.010,233.650,0.000,0.040,0.090,0.031,0.000,0.009,0.021,0.001,0.000,0.000,0.000,0.987,49.960
2610170839,2026-09-18 13:00:00,233.260,233.750,234.250,0.080,0.070,0.090,0.059,0.019,0.017,0.022,0.000,0.000,0.000,0.000,1.000,49.960
2610170840,2026-09-18 13:00:00,233.840,233.570,234.080,0.910,0.900,0.910,0.564,0.189,0.186,0.188,0.288,0.096,0.094,0.096,0.891,49.960
2610322967,2026-09-18 13:00:00,234.810,233.740,233.990,0.000,0.000,0.010,0.002,0.000,0.000,0.002,0.000,0.000,0.000,0.000,1.000,49.970
2610322969,2026-09-18 13:00:00,229.400,228.470,228.730,0.310,0.490,0.170,0.219,0.076,0.104,0.038,0.037,0.009,0.026,0.001,0.986,49.970
2610322982,2026-09-18 13:00:00,233.510,233.860,234.380,0.020,0.030,0.050,0.022,0.004,0.006,0.011,-0.006,-0.001,-0.002,-0.002,0.955,49.970
2610322995,2026-09-18 13:00:00,233.320,233.920,234.440,0.000,0.050,0.060,0.024,0.000,0.010,0.013,-0.009,0.000,-0.004,-0.004,0.934,49.970
2610322997,2026-09-18 13:00:00,224.670,224.940,223.820,0.810,1.010,0.680,0.544,0.173,0.208,0.139,0.136,0.007,0.070,0.058,0.966,49.970
2610323001,2026-09-18 13:00:00,221.790,221.350,221.270,3.370,2.780,3.060,1.842,0.682,0.555,0.605,0.759,0.270,0.237,0.250,0.926,49.960
2610323004,2026-09-18 13:00:00,62.270,61.840,62.250,0.300,0.310,0.330,0.056,0.018,0.018,0.020,0.009,0.003,0.001,0.003,0.980,49.970
2610323005,2026-09-18 13:00:00,228.880,229.540,228.800,0.110,0.000,0.010,0.026,0.023,0.001,0.001,-0.002,0.000,0.000,-0.001,0.981,49.970
2610323010,2026-09-18 13:00:00,235.410,235.270,235.080,0.070,0.000,0.000,0.014,0.014,0.000,0.000,-0.006,-0.006,0.000,0.000,0.917,49.960
2610323016,2026-09-18 13:00:00,224.180,223.320,223.510,1.490,1.240,1.310,0.842,0.307,0.255,0.279,0.308,0.114,0.093,0.101,0.936,49.960
2610323017,2026-09-18 13:00:00,232.940,234.150,233.210,0.070,0.040,0.030,0.032,0.016,0.008,0.007,-0.010,-0.004,-0.002,-0.002,0.966,49.960
2610323019,2026-09-18 13:00:00,228.700,229.650,228.930,0.060,0.220,0.030,0.070,0.013,0.050,0.006,-0.006,-0.003,-0.001,-0.001,0.993,49.950
2610323027,2026-09-18 13:00:00,234.390,233.280,233.870,0.050,0.060,0.040,0.033,0.010,0.013,0.009,-0.010,-0.003,-0.003,-0.003,0.950,49.960
2410883991,2026-09-18 13:01:00,233.110,233.700,234.280,0.240,0.080,0.100,0.094,0.053,0.018,0.022,0.011,0.010,0.002,-0.001,0.996,49.960
2510178141,2026-09-18 13:01:00,229.500,230.300,230.440,0.860,0.660,0.710,0.402,0.166,0.112,0.123,0.007,0.021,-0.005,-0.007,1.000,50.020
2510203105,2026-09-18 13:01:00,225.710,224.210,224.820,0.640,0.630,0.520,0.393,0.141,0.136,0.115,0.049,0.014,0.020,0.014,0.991,50.020
2510203106,2026-09-18 13:01:00,234.680,234.390,234.730,0.010,0.010,0.000,0.005,0.002,0.003,0.000,-0.002,-0.001,0.000,0.000,0.970,50.020
2510633381,2026-09-18 13:01:00,233.570,232.640,233.080,0.070,0.080,0.020,0.038,0.015,0.017,0.005,-0.011,-0.005,-0.004,-0.001,0.952,49.850
2246006313,2026-09-18 13:30:00,57.300,57.200,57.100,1.543,1.569,1.513,0.240,0.079,0.081,0.078,0.057,0.020,0.019,0.018,0.972,49.940
2410121326,2026-09-18 13:30:00,233.200,232.660,232.980,0.660,0.630,0.740,0.451,0.139,0.149,0.161,0.180,0.066,0.057,0.057,0.921,49.990
2410121353,2026-09-18 13:30:00,233.240,232.570,232.620,0.610,0.640,0.560,0.410,0.137,0.143,0.130,0.188,0.060,0.057,0.070,0.895,50.040
2410121371,2026-09-18 13:30:00,233.990,233.250,233.460,0.140,0.010,0.090,0.041,0.018,0.001,0.021,-0.003,-0.001,-0.001,0.000,0.993,50.040
2410121424,2026-09-18 13:30:00,234.070,233.450,233.660,0.010,0.010,0.010,0.005,0.001,0.001,0.002,-0.002,-0.001,-0.001,0.000,0.907,50.020
2410121440,2026-09-18 13:30:00,233.320,232.670,232.890,0.040,0.020,0.010,0.015,0.008,0.005,0.001,-0.003,-0.003,0.000,0.000,0.953,50.030
2410121454,2026-09-18 13:30:00,233.600,234.080,233.140,0.420,0.550,0.700,0.375,0.091,0.127,0.157,0.052,0.012,0.011,0.028,0.990,50.020
2410121457,2026-09-18 13:30:00,231.460,230.580,231.260,1.790,1.970,1.690,1.171,0.383,0.422,0.365,0.395,0.134,0.147,0.113,0.947,49.990
2410131378,2026-09-18 13:30:00,233.430,233.660,232.990,0.670,0.860,0.840,0.531,0.149,0.194,0.176,0.117,0.025,0.040,0.050,0.980,50.050
2410131383,2026-09-18 13:30:00,232.800,232.740,232.640,0.270,0.260,0.320,0.193,0.061,0.058,0.073,0.019,0.005,0.006,0.006,0.993,49.990
2410131384,2026-09-18 13:30:00,230.300,230.780,230.070,1.060,1.140,1.030,0.547,0.170,0.200,0.175,0.110,0.033,0.044,0.029,0.985,49.990
2410131387,2026-09-18 13:30:00,231.830,231.860,232.040,0.190,0.190,0.180,0.125,0.042,0.041,0.041,0.019,0.002,0.010,0.006,0.990,49.980
2410320615,2026-09-18 13:30:00,228.990,228.960,229.710,4.510,4.310,4.720,2.956,0.987,0.901,1.011,0.827,0.254,0.293,0.279,0.961,49.980
2410883988,2026-09-18 13:30:00,228.370,229.100,228.330,0.000,0.000,0.070,0.016,0.000,0.000,0.015,0.001,0.000,0.000,0.001,1.000,49.970
2410883990,2026-09-18 13:30:00,228.640,227.840,227.850,0.080,0.000,0.080,0.035,0.018,0.000,0.017,0.001,0.002,0.000,0.000,0.986,49.960
2410883991,2026-09-18 13:30:00,229.600,229.930,230.810,0.270,0.160,0.100,0.115,0.062,0.031,0.022,0.021,0.004,0.018,-0.001,0.980,49.920
2410883993,2026-09-18 13:30:00,230.740,229.400,229.270,0.430,0.610,1.310,0.501,0.086,0.123,0.292,0.119,-0.001,0.045,0.075,0.970,49.950
2410883994,2026-09-18 13:30:00,230.880,229.810,230.330,0.030,0.010,0.030,0.014,0.005,0.002,0.006,-0.002,-0.001,0.000,0.000,0.992,49.940
2410932742,2026-09-18 13:30:00,225.830,224.290,224.360,3.090,3.070,3.260,1.985,0.655,0.648,0.682,0.521,0.167,0.160,0.193,0.967,49.950
2411087432,2026-09-18 13:30:00,232.750,233.270,232.640,1.470,1.180,1.000,0.783,0.338,0.235,0.209,0.217,0.025,0.111,0.078,0.962,49.970
2411087433,2026-09-18 13:30:00,230.410,230.790,231.350,0.550,0.430,0.500,0.338,0.125,0.096,0.116,-0.033,-0.009,-0.014,-0.009,0.996,49.950
2411290205,2026-09-18 13:30:00,228.740,228.870,228.840,3.570,3.500,3.580,2.143,0.700,0.692,0.709,0.874,0.299,0.278,0.296,0.926,49.920
2510014481,2026-09-18 13:30:00,224.280,224.320,225.450,2.320,2.280,2.340,1.448,0.476,0.481,0.489,0.552,0.180,0.201,0.177,0.934,49.950
2510014483,2026-09-18 13:30:00,230.060,230.350,230.960,0.090,0.060,0.090,0.051,0.019,0.013,0.017,-0.021,-0.007,-0.006,-0.008,0.924,49.950
2510014484,2026-09-18 13:30:00,231.030,230.760,231.140,1.930,2.230,1.820,1.322,0.421,0.499,0.388,0.370,0.129,0.118,0.122,0.963,49.950
2510178139,2026-09-18 13:30:00,233.200,233.540,232.820,0.450,0.350,0.450,0.274,0.097,0.074,0.102,0.077,0.026,0.029,0.021,0.964,49.950
2510203103,2026-09-18 13:30:00,222.300,220.900,221.190,0.550,0.510,0.450,0.223,0.089,0.058,0.075,-0.027,-0.005,-0.006,-0.015,0.997,49.980
2510203104,2026-09-18 13:30:00,223.760,223.870,224.480,1.250,1.240,1.260,0.801,0.250,0.259,0.267,0.240,0.064,0.093,0.082,0.955,49.980
2510203105,2026-09-18 13:30:00,227.320,225.850,226.250,1.260,1.290,1.190,0.819,0.276,0.281,0.259,0.146,0.046,0.054,0.044,0.983,49.950
2510203106,2026-09-18 13:30:00,232.480,232.200,232.480,0.010,0.010,0.000,0.005,0.002,0.003,0.000,-0.002,-0.001,0.000,0.000,0.961,49.980
2510203108,2026-09-18 13:30:00,233.200,233.450,232.680,1.040,1.490,1.940,1.131,0.307,0.360,0.463,0.092,0.031,0.025,0.037,0.996,49.980
2510203109,2026-09-18 13:30:00,229.920,230.570,229.480,0.900,0.730,0.900,0.560,0.199,0.162,0.195,0.121,0.046,0.034,0.041,0.975,49.960
2510203111,2026-09-18 13:30:00,232.560,233.130,233.370,1.780,1.500,1.960,1.156,0.385,0.332,0.438,0.263,0.117,0.067,0.077,0.974,49.990
2510203112,2026-09-18 13:30:00,218.950,218.440,219.070,2.220,2.230,2.080,1.270,0.434,0.419,0.416,0.538,0.182,0.195,0.160,0.922,49.960
2510203113,2026-09-18 13:30:00,231.150,230.980,230.740,3.240,3.130,3.840,2.321,0.737,0.707,0.876,0.309,0.073,0.119,0.116,0.991,49.970
2510203114,2026-09-18 13:30:00,223.850,224.200,224.700,0.990,0.910,1.020,0.613,0.203,0.187,0.219,0.172,0.057,0.060,0.055,0.961,49.960
2510203117,2026-09-18 13:30:00,228.180,227.580,227.480,0.300,0.190,0.130,0.096,0.052,0.036,0.007,0.094,0.043,0.021,0.029,0.707,49.960
2510203118,2026-09-18 13:30:00,121.360,121.440,121.810,0.160,0.140,0.150,0.047,0.017,0.015,0.014,-0.026,-0.009,-0.006,-0.010,0.876,49.950
2510203119,2026-09-18 13:30:00,228.380,227.690,227.640,0.000,0.000,0.000,0.000,0.000,0.000,0.000,0.000,0.000,0.000,0.000,1.000,49.980
2510203120,2026-09-18 13:30:00,229.850,228.970,229.420,2.300,1.880,1.970,1.360,0.510,0.412,0.437,0.269,0.102,0.087,0.079,0.981,49.970
2510203121,2026-09-18 13:30:00,227.790,227.770,228.490,0.010,0.010,0.110,0.029,0.003,0.001,0.024,-0.007,0.000,-0.002,-0.005,0.981,49.950
2510203122,2026-09-18 13:30:00,232.840,233.360,232.730,0.660,0.530,0.330,0.278,0.129,0.104,0.044,0.216,0.081,0.070,0.064,0.800,49.980
2510203123,2026-09-18 13:30:00,232.820,233.300,233.610,0.840,0.920,0.870,0.523,0.150,0.202,0.169,0.281,0.105,0.076,0.099,0.770,49.980
2510203124,2026-09-18 13:30:00,232.930,232.850,232.350,0.790,0.780,0.820,0.502,0.166,0.161,0.174,0.132,0.044,0.044,0.042,0.968,49.960
2510203126,2026-09-18 13:30:00,228.380,228.390,229.120,0.070,0.000,0.000,0.015,0.015,0.000,0.000,0.001,0.001,0.000,0.000,0.993,49.990
2510203127,2026-09-18 13:30:00,232.810,233.220,232.650,0.950,0.950,1.070,0.600,0.175,0.200,0.225,0.268,0.105,0.074,0.088,0.921,49.990
2510203128,2026-09-18 13:30:00,229.930,230.330,228.800,1.770,1.710,1.840,1.187,0.396,0.382,0.408,0.125,0.027,0.038,0.059,0.994,49.980
2510203129,2026-09-18 13:30:00,232.960,232.710,232.950,0.010,0.020,0.000,0.006,0.002,0.004,0.000,-0.003,-0.002,0.000,0.000,0.889,49.990
2510203130,2026-09-18 13:30:00,237.960,238.070,239.310,0.000,0.000,0.080,0.019,0.000,0.000,0.019,0.003,0.000,0.000,0.003,0.997,50.030
2510203133,2026-09-18 13:30:00,232.690,233.120,232.410,0.180,0.080,0.390,0.143,0.039,0.013,0.090,0.021,0.010,0.013,-0.001,0.985,49.900
2510203134,2026-09-18 13:30:00,231.240,230.210,230.470,0.020,0.010,0.010,0.007,0.004,0.001,0.001,-0.001,0.000,-0.001,0.000,0.948,49.950
2510224049,2026-09-18 13:30:00,227.400,227.970,227.360,0.250,1.400,0.020,0.230,0.040,0.200,0.000,-0.170,-0.020,-0.140,0.000,0.801,49.950
2510224167,2026-09-18 13:30:00,227.660,227.550,228.440,0.910,0.120,0.360,0.220,0.140,0.010,0.050,-0.160,-0.090,-0.010,-0.050,0.798,49.950
2510317505,2026-09-18 13:30:00,227.740,227.810,228.550,0.090,0.030,2.200,0.270,0.010,0.000,0.250,-0.240,-0.010,0.000,-0.230,0.745,49.950
2510317516,2026-09-18 13:30:00,228.210,228.180,228.910,0.000,0.000,0.000,0.000,0.000,0.000,0.000,0.000,0.000,0.000,0.000,1.000,49.950
2510317537,2026-09-18 13:30:00,229.310,229.040,230.770,2.590,2.590,2.740,1.930,0.630,0.630,0.590,-0.150,-0.030,-0.050,-0.060,0.995,49.950
2510389559,2026-09-18 13:30:00,232.770,232.850,232.720,0.000,0.000,0.000,0.000,0.000,0.000,0.000,0.000,0.000,0.000,0.000,1.000,49.970
2510389931,2026-09-18 13:30:00,231.200,230.880,231.200,0.050,0.000,0.000,0.000,0.000,0.000,0.000,-0.010,-0.010,0.000,0.000,0.214,49.960
2510633381,2026-09-18 13:30:00,231.130,230.110,230.570,0.070,0.090,0.030,0.042,0.014,0.020,0.006,-0.011,-0.005,-0.004,-0.002,0.971,49.970
2510633383,2026-09-18 13:30:00,232.220,232.880,233.140,1.720,1.370,1.670,1.053,0.381,0.299,0.373,0.038,0.037,0.001,0.000,0.999,49.980
2510633385,2026-09-18 13:30:00,232.700,232.770,232.620,0.400,0.020,0.290,0.160,0.092,0.004,0.064,0.026,0.009,-0.001,0.018,0.989,50.000
2510633386,2026-09-18 13:30:00,219.720,219.940,220.620,1.070,1.080,1.070,0.156,0.053,0.051,0.051,-0.646,-0.214,-0.216,-0.215,0.250,50.010
2510633387,2026-09-18 13:30:00,232.130,232.520,232.070,0.030,0.010,0.000,0.009,0.007,0.001,0.000,-0.001,0.000,0.000,0.000,1.000,50.000
2510633389,2026-09-18 13:30:00,231.380,231.330,231.060,1.250,1.260,1.210,0.780,0.262,0.266,0.251,0.327,0.103,0.108,0.114,0.926,49.990
2510633390,2026-09-18 13:30:00,230.400,231.120,229.950,0.800,0.860,1.390,0.736,0.195,0.212,0.328,0.157,0.065,0.018,0.094,0.975,49.980
2510633391,2026-09-18 13:30:00,122.370,122.250,122.210,0.490,0.550,0.740,0.215,0.060,0.067,0.087,0.000,0.012,-0.015,0.002,1.000,49.990
2510633393,2026-09-18 13:30:00,230.910,231.050,231.050,1.890,1.910,1.880,1.255,0.417,0.423,0.414,0.252,0.086,0.075,0.091,0.980,50.040
2510633395,2026-09-18 13:30:00,233.090,233.330,232.400,0.000,0.000,0.000,0.000,0.000,0.000,0.000,0.000,0.000,0.000,0.000,1.000,49.970
2510633396,2026-09-18 13:30:00,232.570,232.060,232.580,0.840,0.900,0.830,0.562,0.184,0.197,0.185,0.158,0.051,0.055,0.050,0.962,49.970
2510633397,2026-09-18 13:30:00,236.360,235.220,235.670,0.670,0.660,0.710,0.426,0.138,0.136,0.151,0.199,0.067,0.066,0.065,0.907,50.040
2510633399,2026-09-18 13:30:00,227.670,227.580,228.440,0.380,0.480,0.430,0.289,0.082,0.108,0.098,0.015,0.004,0.006,0.004,0.997,49.990
2510633400,2026-09-18 13:30:00,226.280,226.930,226.130,0.920,0.980,0.910,0.602,0.205,0.200,0.196,0.269,0.087,0.094,0.090,0.902,49.990
2510633402,2026-09-18 13:30:00,225.370,225.420,226.590,0.810,0.900,0.970,0.506,0.149,0.171,0.186,0.204,0.067,0.065,0.072,0.964,50.020
2510633406,2026-09-18 13:30:00,227.650,227.590,228.460,0.010,0.010,0.010,0.004,0.002,0.000,0.000,-0.003,-0.001,0.000,-0.001,0.694,49.950
2510633411,2026-09-18 13:30:00,224.840,223.960,223.710,2.770,2.660,2.750,1.701,0.583,0.551,0.566,0.615,0.197,0.198,0.218,0.941,50.000
2510814977,2026-09-18 13:30:00,226.430,227.440,226.200,0.010,0.010,0.010,0.004,0.002,0.000,0.001,-0.002,0.000,-0.001,-0.001,0.950,49.950
2610026950,2026-09-18 13:30:00,228.460,227.560,227.590,0.030,0.010,0.050,0.019,0.007,0.001,0.010,-0.001,0.000,0.000,0.000,0.981,49.950
2610026952,2026-09-18 13:30:00,231.870,230.950,231.370,1.470,1.440,1.460,0.880,0.295,0.287,0.298,0.487,0.165,0.164,0.156,0.874,49.950
2610026953,2026-09-18 13:30:00,231.670,231.310,231.670,0.820,0.770,0.780,0.528,0.182,0.175,0.171,0.182,0.071,0.063,0.047,0.949,49.950
2610026963,2026-09-18 13:30:00,233.220,233.340,233.770,0.140,0.020,0.040,0.040,0.030,0.004,0.005,-0.018,-0.009,-0.002,-0.006,0.920,49.970
2610026966,2026-09-18 13:30:00,232.980,233.320,232.330,0.980,0.880,1.100,0.664,0.216,0.197,0.250,0.109,0.041,0.036,0.031,0.987,49.960
2610026976,2026-09-18 13:30:00,232.480,232.650,233.040,0.830,1.250,0.890,0.636,0.154,0.279,0.202,0.096,0.038,0.022,0.035,0.993,49.970
2610026977,2026-09-18 13:30:00,244.890,245.180,244.120,0.140,0.140,0.150,0.075,0.025,0.025,0.024,0.074,0.024,0.024,0.025,0.708,49.990
2610126270,2026-09-18 13:30:00,227.730,228.460,227.780,0.070,0.050,0.040,0.036,0.016,0.012,0.008,-0.006,-0.002,-0.001,-0.002,0.994,49.950
2610126451,2026-09-18 13:30:00,233.300,233.470,232.800,0.000,0.000,0.120,0.027,0.000,0.000,0.027,0.003,0.000,0.000,0.003,0.989,49.950
2610159557,2026-09-18 13:30:00,231.050,230.120,230.510,0.050,0.040,0.060,0.034,0.011,0.009,0.013,-0.007,0.000,-0.002,-0.006,0.963,49.950
2610170785,2026-09-18 13:30:00,230.910,229.940,230.360,0.020,0.020,0.010,0.008,0.003,0.003,0.000,0.002,0.000,0.001,0.000,0.871,49.950
2610170786,2026-09-18 13:30:00,230.360,230.670,231.350,0.000,0.000,0.000,0.000,0.000,0.000,0.000,0.000,0.000,0.000,0.000,1.000,49.950
2610170836,2026-09-18 13:30:00,232.980,233.490,233.850,0.040,0.060,0.040,0.007,0.001,0.004,0.001,-0.001,0.000,-0.001,0.003,1.000,49.950
2610170837,2026-09-18 13:30:00,227.410,226.090,226.260,0.020,0.000,0.000,0.003,0.002,0.000,0.000,0.004,0.005,0.000,0.000,0.497,49.950
2610170838,2026-09-18 13:30:00,230.860,229.800,230.230,0.000,0.040,0.120,0.041,0.000,0.008,0.032,0.001,0.000,0.000,0.001,1.000,49.960
2610170839,2026-09-18 13:30:00,229.850,230.230,230.940,0.050,0.040,0.040,0.033,0.014,0.009,0.009,0.000,0.000,0.000,0.000,0.991,49.950
2610170840,2026-09-18 13:30:00,231.220,230.910,231.280,0.920,0.900,0.910,0.561,0.188,0.185,0.187,0.282,0.095,0.093,0.094,0.892,49.950
2610322967,2026-09-18 13:30:00,231.440,230.370,230.510,0.000,0.000,0.020,0.007,0.000,0.000,0.005,0.000,0.000,0.000,0.000,1.000,49.950
2610322969,2026-09-18 13:30:00,228.370,227.540,227.630,0.260,0.230,0.160,0.149,0.059,0.053,0.036,0.006,0.005,0.000,0.000,0.997,49.950
2610322982,2026-09-18 13:30:00,230.110,230.390,231.000,0.020,0.030,0.050,0.022,0.004,0.006,0.011,-0.005,-0.001,-0.001,-0.002,0.948,49.960
2610322995,2026-09-18 13:30:00,230.030,230.290,231.080,0.000,0.050,0.060,0.024,0.000,0.010,0.013,-0.008,0.000,-0.003,-0.003,0.926,49.950
2610322997,2026-09-18 13:30:00,225.320,225.790,224.940,1.030,1.160,0.890,0.702,0.248,0.256,0.198,0.317,0.062,0.145,0.107,0.900,49.960
2610323001,2026-09-18 13:30:00,222.160,222.090,221.400,4.550,3.800,4.250,2.565,0.946,0.782,0.857,1.047,0.368,0.330,0.348,0.928,49.950
2610323004,2026-09-18 13:30:00,62.780,62.230,62.620,3.550,3.570,3.980,0.676,0.213,0.220,0.242,0.168,0.067,0.039,0.061,0.971,49.950
2610323005,2026-09-18 13:30:00,227.650,228.320,227.640,0.080,0.000,0.010,0.021,0.018,0.001,0.001,-0.003,-0.002,0.000,-0.001,0.964,49.950
2610323010,2026-09-18 13:30:00,232.410,232.430,232.220,0.040,0.000,0.000,0.007,0.007,0.000,0.000,-0.005,-0.005,0.000,0.000,0.808,49.950
2610323016,2026-09-18 13:30:00,224.220,223.550,223.380,3.180,2.890,2.990,1.884,0.666,0.613,0.613,0.691,0.233,0.221,0.235,0.940,49.950
2610323017,2026-09-18 13:30:00,229.240,230.800,229.430,0.080,0.040,0.030,0.032,0.016,0.008,0.007,-0.009,-0.004,-0.002,-0.002,0.970,49.960
2610323019,2026-09-18 13:30:00,227.550,228.570,227.790,0.020,0.210,0.030,0.059,0.004,0.048,0.007,-0.005,-0.001,-0.002,-0.001,0.993,49.950
2610323027,2026-09-18 13:30:00,230.960,229.890,230.360,0.050,0.060,0.040,0.033,0.010,0.013,0.009,-0.009,-0.003,-0.003,-0.003,0.972,49.950
2410121574,2026-09-18 13:31:00,231.370,230.970,231.060,2.290,1.870,1.780,1.339,0.510,0.426,0.402,0.148,0.069,0.031,0.048,0.993,49.990
2510014482,2026-09-18 13:32:00,232.780,233.120,232.440,0.530,0.300,0.150,0.223,0.122,0.069,0.032,-0.012,-0.003,-0.001,-0.007,0.997,50.020
2510178141,2026-09-18 13:32:00,232.020,232.640,233.050,0.610,0.290,0.320,0.261,0.120,0.067,0.072,0.002,0.018,-0.006,-0.009,1.000,49.960
2510389643,2026-09-18 13:32:00,232.670,232.730,232.560,1.140,0.000,0.000,0.160,0.160,0.000,0.000,-0.020,-0.020,0.000,0.000,0.989,50.000
2246006313,2026-09-18 14:00:00,57.800,57.700,57.500,1.435,1.454,1.416,0.238,0.079,0.080,0.078,0.060,0.020,0.020,0.019,0.970,50.110
2410121326,2026-09-18 14:00:00,236.350,235.640,235.900,0.750,0.640,0.760,0.475,0.165,0.140,0.169,0.147,0.054,0.044,0.048,0.957,50.060
2410121353,2026-09-18 14:00:00,236.500,235.620,235.660,0.670,0.720,0.720,0.428,0.138,0.149,0.141,0.199,0.062,0.059,0.078,0.907,50.100
2410121371,2026-09-18 14:00:00,237.420,236.560,236.810,0.070,0.090,0.060,0.052,0.016,0.021,0.014,0.000,0.000,0.001,-0.001,0.994,50.120
2410121424,2026-09-18 14:00:00,237.380,236.750,237.060,0.010,0.010,0.010,0.005,0.001,0.001,0.002,-0.002,-0.001,-0.001,0.000,0.924,50.070
2410121440,2026-09-18 14:00:00,236.840,236.160,236.260,0.250,0.220,0.230,0.133,0.049,0.040,0.043,0.093,0.030,0.031,0.031,0.820,50.110
2410121454,2026-09-18 14:00:00,236.840,237.390,236.390,0.400,0.520,0.720,0.391,0.088,0.124,0.189,0.057,0.016,0.009,0.031,0.989,50.070
2410121457,2026-09-18 14:00:00,234.750,234.050,234.680,1.870,1.840,1.660,1.175,0.408,0.402,0.364,0.378,0.134,0.135,0.108,0.952,50.070
2410121574,2026-09-18 14:00:00,235.460,234.710,234.900,2.330,2.070,1.980,1.458,0.541,0.468,0.448,0.256,0.092,0.082,0.081,0.985,50.090
2410131378,2026-09-18 14:00:00,236.170,236.680,235.760,0.920,0.920,1.070,0.540,0.161,0.193,0.185,0.189,0.052,0.059,0.077,0.964,50.140
2410131383,2026-09-18 14:00:00,237.590,237.380,237.330,0.220,0.220,0.290,0.173,0.052,0.052,0.069,0.017,0.005,0.006,0.006,0.996,50.070
2410131384,2026-09-18 14:00:00,236.220,236.640,235.970,1.100,1.220,1.070,0.719,0.228,0.250,0.240,0.234,0.078,0.086,0.068,0.950,50.120
2410131387,2026-09-18 14:00:00,236.750,236.690,237.080,0.220,0.230,0.190,0.147,0.051,0.051,0.044,0.041,0.010,0.018,0.012,0.961,50.110
2410320615,2026-09-18 14:00:00,233.460,233.450,234.090,4.590,4.420,4.860,3.121,1.040,0.972,1.108,0.869,0.264,0.311,0.292,0.963,50.120
2410883988,2026-09-18 14:00:00,229.880,230.500,229.780,0.000,0.000,0.070,0.016,0.000,0.000,0.015,0.001,0.000,0.000,0.001,1.000,50.100
2410883990,2026-09-18 14:00:00,229.990,229.210,229.290,0.100,0.000,0.190,0.024,0.022,0.000,0.002,0.001,0.001,0.000,0.000,0.997,50.110
2410883991,2026-09-18 14:00:00,235.010,235.260,236.270,0.320,0.290,0.150,0.195,0.069,0.062,0.063,0.043,0.007,0.032,0.005,0.970,50.130
2410883993,2026-09-18 14:00:00,236.910,235.430,235.470,0.220,0.850,1.400,0.587,0.050,0.192,0.344,0.118,0.000,0.052,0.066,0.988,50.110
2410883994,2026-09-18 14:00:00,237.060,236.040,236.610,0.030,0.010,0.030,0.015,0.005,0.002,0.006,-0.002,-0.001,0.000,0.000,1.000,50.140
2410932742,2026-09-18 14:00:00,227.620,226.300,226.310,1.920,1.860,2.080,1.195,0.392,0.377,0.425,0.367,0.125,0.107,0.132,0.956,50.110
2411087432,2026-09-18 14:00:00,235.690,236.200,235.650,0.960,1.470,0.890,0.760,0.238,0.327,0.196,0.132,0.016,0.067,0.047,0.984,50.100
2411087433,2026-09-18 14:00:00,236.570,236.970,237.560,0.500,0.370,0.470,0.306,0.116,0.081,0.109,-0.034,-0.007,-0.014,-0.012,0.993,50.100
2510014481,2026-09-18 14:00:00,225.590,225.560,226.860,2.300,2.200,2.310,1.412,0.469,0.457,0.485,0.541,0.200,0.185,0.166,0.945,50.110
2510014482,2026-09-18 14:00:00,235.870,236.310,235.760,0.660,0.390,0.250,0.298,0.146,0.092,0.058,-0.010,-0.002,0.000,-0.008,0.998,50.110
2510014483,2026-09-18 14:00:00,236.030,236.410,236.940,0.090,0.060,0.080,0.049,0.020,0.012,0.017,-0.023,-0.007,-0.006,-0.009,0.908,50.110
2510014484,2026-09-18 14:00:00,235.890,235.750,236.130,2.030,2.180,1.850,1.363,0.454,0.494,0.414,0.397,0.138,0.128,0.129,0.959,50.120
2510178139,2026-09-18 14:00:00,236.070,236.480,235.660,0.470,0.400,0.460,0.311,0.109,0.090,0.103,0.083,0.027,0.034,0.021,0.965,50.080
2510178141,2026-09-18 14:00:00,235.760,236.480,236.840,0.870,0.640,0.710,0.409,0.174,0.112,0.122,0.014,0.026,-0.003,-0.009,0.999,50.130
2510203103,2026-09-18 14:00:00,223.520,222.170,222.510,0.140,0.170,0.070,0.013,0.012,0.004,-0.003,-0.020,-0.003,-0.004,-0.012,0.869,50.120
2510203104,2026-09-18 14:00:00,230.020,230.140,230.730,1.070,1.070,0.980,0.655,0.221,0.228,0.205,0.212,0.050,0.081,0.083,0.952,50.100
2510203105,2026-09-18 14:00:00,227.890,226.480,226.900,2.160,2.110,2.130,1.429,0.483,0.462,0.473,0.350,0.122,0.123,0.105,0.970,50.090
2510203106,2026-09-18 14:00:00,237.150,236.940,237.200,0.010,0.010,0.000,0.006,0.002,0.003,0.000,-0.002,-0.001,0.000,0.000,0.844,50.120
2510203108,2026-09-18 14:00:00,236.140,236.490,236.020,0.890,1.470,1.310,0.891,0.249,0.321,0.319,0.131,0.050,0.054,0.037,0.988,50.130
2510203111,2026-09-18 14:00:00,235.660,236.180,236.520,1.360,1.090,1.480,0.854,0.289,0.233,0.329,0.259,0.112,0.072,0.075,0.956,50.120
2510203112,2026-09-18 14:00:00,223.630,223.260,223.880,2.290,2.230,2.160,1.344,0.461,0.441,0.441,0.572,0.196,0.204,0.170,0.919,50.120
2510203113,2026-09-18 14:00:00,236.190,235.980,235.670,3.070,2.830,3.590,2.222,0.721,0.654,0.844,0.247,0.053,0.094,0.098,0.993,50.100
2510203114,2026-09-18 14:00:00,229.720,230.050,230.510,1.070,0.970,0.900,0.664,0.244,0.220,0.199,0.204,0.056,0.068,0.078,0.950,50.070
2510203117,2026-09-18 14:00:00,229.700,228.880,228.900,0.170,0.380,0.180,0.124,0.014,0.082,0.027,0.089,0.035,0.024,0.029,0.810,50.120
2510203118,2026-09-18 14:00:00,124.570,124.670,125.010,0.190,0.170,0.170,0.067,0.024,0.021,0.021,-0.009,-0.003,0.000,-0.004,0.992,50.100
2510203119,2026-09-18 14:00:00,229.810,228.950,229.040,0.000,0.000,0.000,0.000,0.000,0.000,0.000,0.000,0.000,0.000,0.000,1.000,50.130
2510203120,2026-09-18 14:00:00,236.020,235.150,235.600,2.130,1.690,1.780,1.273,0.487,0.381,0.404,0.256,0.097,0.081,0.077,0.980,50.120
2510203121,2026-09-18 14:00:00,229.360,229.380,230.090,0.010,0.010,0.110,0.029,0.003,0.002,0.024,-0.008,0.000,-0.002,-0.005,0.978,50.090
2510203122,2026-09-18 14:00:00,235.870,236.440,235.860,0.880,0.670,0.450,0.348,0.167,0.116,0.065,0.299,0.116,0.099,0.083,0.759,50.100
2510203123,2026-09-18 14:00:00,235.560,236.010,236.170,1.060,1.170,1.090,0.830,0.215,0.271,0.241,0.456,0.167,0.129,0.159,0.887,50.110
2510203124,2026-09-18 14:00:00,236.520,236.560,236.080,0.810,0.800,0.840,0.519,0.172,0.167,0.179,0.136,0.045,0.046,0.045,0.969,50.070
2510203127,2026-09-18 14:00:00,236.000,236.530,235.850,0.940,1.030,1.440,0.759,0.201,0.228,0.329,0.176,0.069,0.047,0.059,0.973,50.070
2510203128,2026-09-18 14:00:00,236.270,236.580,235.110,1.620,1.590,1.730,1.129,0.373,0.360,0.395,0.126,0.028,0.039,0.058,0.994,50.130
2510203129,2026-09-18 14:00:00,237.510,237.280,237.600,0.010,0.020,0.000,0.006,0.002,0.004,0.000,-0.003,-0.002,0.000,0.000,0.895,50.070
2510203130,2026-09-18 14:00:00,239.640,239.650,241.090,0.000,0.040,0.050,0.021,0.000,0.009,0.011,0.002,0.000,0.000,0.001,0.981,50.070
2510203133,2026-09-18 14:00:00,231.830,232.440,231.770,0.250,0.080,0.360,0.165,0.060,0.018,0.086,0.020,0.011,0.012,-0.002,0.996,50.150
2510203134,2026-09-18 14:00:00,237.600,236.590,236.850,0.020,0.010,0.010,0.007,0.004,0.002,0.001,-0.002,0.000,-0.001,0.000,0.971,50.110
2510224049,2026-09-18 14:00:00,228.750,229.410,228.720,0.260,1.380,0.020,0.250,0.050,0.200,0.000,-0.160,-0.020,-0.140,0.000,0.833,50.120
2510224167,2026-09-18 14:00:00,229.090,229.000,229.820,0.910,0.120,0.360,0.220,0.140,0.010,0.050,-0.160,-0.090,-0.020,-0.050,0.798,50.120
2510317505,2026-09-18 14:00:00,229.230,229.180,229.950,0.090,0.030,2.190,0.270,0.010,0.000,0.250,-0.250,-0.010,0.000,-0.230,0.741,50.060
2510317516,2026-09-18 14:00:00,229.720,229.690,230.380,0.000,0.000,0.000,0.000,0.000,0.000,0.000,0.000,0.000,0.000,0.000,1.000,50.120
2510317537,2026-09-18 14:00:00,235.820,235.640,237.160,2.960,2.950,3.050,1.810,0.570,0.580,0.610,-0.310,-0.090,-0.100,-0.100,0.983,50.130
2510389559,2026-09-18 14:00:00,237.400,237.510,237.560,0.000,0.000,0.000,0.000,0.000,0.000,0.000,0.000,0.000,0.000,0.000,1.000,50.110
2510389643,2026-09-18 14:00:00,237.520,237.550,237.600,0.270,0.000,0.000,0.060,0.060,0.000,0.000,-0.010,-0.010,0.000,0.000,0.969,50.120
2510389931,2026-09-18 14:00:00,237.070,236.660,237.010,0.050,0.000,0.000,0.000,0.000,0.000,0.000,-0.010,-0.010,0.000,0.000,0.199,50.120
2510633381,2026-09-18 14:00:00,237.250,236.210,236.630,0.070,0.100,0.030,0.046,0.015,0.022,0.007,-0.010,-0.005,-0.004,-0.001,0.984,50.060
2510633383,2026-09-18 14:00:00,235.910,236.790,237.190,1.750,1.280,1.680,1.059,0.388,0.290,0.379,0.040,0.048,0.002,-0.010,0.999,50.070
2510633385,2026-09-18 14:00:00,237.420,237.470,237.400,0.360,0.080,0.280,0.166,0.085,0.018,0.062,0.034,0.009,0.002,0.022,0.978,50.080
2510633386,2026-09-18 14:00:00,225.520,225.750,226.470,1.080,1.090,1.090,0.169,0.057,0.055,0.055,-0.678,-0.224,-0.227,-0.225,0.220,50.080
2510633387,2026-09-18 14:00:00,235.490,236.030,235.330,0.030,0.010,0.000,0.009,0.008,0.001,0.000,-0.001,0.000,0.000,0.000,0.967,50.070
2510633389,2026-09-18 14:00:00,235.890,235.710,235.450,1.790,1.820,1.790,1.209,0.403,0.408,0.397,0.364,0.113,0.119,0.129,0.957,50.070
2510633390,2026-09-18 14:00:00,236.680,237.430,236.280,0.740,0.680,1.190,0.644,0.167,0.185,0.291,0.153,0.045,0.017,0.090,0.966,50.070
2510633391,2026-09-18 14:00:00,124.210,124.040,124.050,0.540,0.450,0.710,0.210,0.063,0.059,0.087,0.003,0.017,-0.014,0.000,1.000,50.070
2510633393,2026-09-18 14:00:00,235.720,235.950,235.840,1.810,1.790,1.780,1.223,0.409,0.406,0.401,0.304,0.104,0.091,0.108,0.970,50.110
2510633395,2026-09-18 14:00:00,236.580,236.880,235.740,0.000,0.000,0.000,0.000,0.000,0.000,0.000,0.000,0.000,0.000,0.000,1.000,50.070
2510633396,2026-09-18 14:00:00,236.540,235.970,236.370,0.910,0.960,0.890,0.615,0.202,0.215,0.197,0.176,0.058,0.062,0.055,0.961,50.060
2510633397,2026-09-18 14:00:00,242.730,241.540,242.010,0.830,0.780,0.830,0.528,0.179,0.166,0.182,0.218,0.074,0.074,0.069,0.923,50.070
2510633399,2026-09-18 14:00:00,228.890,228.770,229.650,0.450,0.540,0.500,0.338,0.101,0.121,0.114,0.017,0.005,0.005,0.006,0.998,50.070
2510633400,2026-09-18 14:00:00,227.610,228.280,227.410,0.950,1.030,0.960,0.594,0.191,0.204,0.198,0.290,0.092,0.101,0.097,0.898,50.070
2510633402,2026-09-18 14:00:00,226.970,226.950,228.200,0.850,1.000,1.100,0.557,0.163,0.185,0.207,0.213,0.068,0.068,0.075,0.945,50.100
2510633406,2026-09-18 14:00:00,229.050,228.990,230.020,0.010,0.010,0.010,0.004,0.002,0.000,0.000,-0.003,-0.001,0.000,-0.001,0.701,50.110
2510633411,2026-09-18 14:00:00,226.220,225.280,225.030,2.730,2.580,2.690,1.652,0.569,0.533,0.549,0.621,0.199,0.200,0.221,0.936,50.150
2510814977,2026-09-18 14:00:00,227.600,228.690,227.380,0.010,0.010,0.010,0.004,0.002,0.000,0.001,-0.002,0.000,-0.001,-0.001,0.954,50.100
2610026950,2026-09-18 14:00:00,229.890,229.030,229.080,0.060,0.030,0.070,0.034,0.013,0.005,0.015,0.008,0.002,0.002,0.002,0.978,50.110
2610026952,2026-09-18 14:00:00,235.600,234.750,235.090,1.450,1.370,1.420,0.862,0.292,0.276,0.293,0.474,0.166,0.159,0.148,0.874,50.100
2610026953,2026-09-18 14:00:00,236.250,235.950,236.350,0.770,0.750,0.730,0.490,0.173,0.164,0.167,0.176,0.069,0.058,0.049,0.938,50.100
2610026963,2026-09-18 14:00:00,236.970,237.010,237.630,0.120,0.010,0.070,0.043,0.026,0.001,0.015,-0.017,-0.006,-0.002,-0.008,0.938,50.070
2610026966,2026-09-18 14:00:00,232.090,232.120,230.960,0.720,0.790,1.200,0.630,0.186,0.171,0.271,0.089,0.034,0.030,0.026,0.989,50.080
2610026976,2026-09-18 14:00:00,236.120,236.460,237.460,0.730,1.310,0.480,0.552,0.162,0.276,0.113,0.063,0.052,0.011,0.000,0.992,50.070
2610026977,2026-09-18 14:00:00,243.470,243.830,242.500,0.140,0.140,0.140,0.074,0.025,0.025,0.024,0.072,0.024,0.023,0.024,0.718,50.070
2610126270,2026-09-18 14:00:00,229.150,229.810,229.180,0.070,0.050,0.030,0.035,0.016,0.012,0.006,-0.005,-0.002,-0.001,-0.002,0.981,50.110
2610126451,2026-09-18 14:00:00,237.100,237.500,236.710,0.000,0.010,0.120,0.033,0.000,0.006,0.028,0.005,0.000,0.001,0.003,0.986,50.100
2610159557,2026-09-18 14:00:00,237.080,236.260,236.670,0.040,0.030,0.050,0.028,0.009,0.007,0.010,-0.006,0.000,-0.001,-0.005,0.974,50.110
2610170785,2026-09-18 14:00:00,236.660,235.720,236.160,0.170,0.160,0.150,0.074,0.026,0.024,0.023,0.085,0.029,0.028,0.027,0.656,50.110
2610170786,2026-09-18 14:00:00,236.530,236.880,237.530,0.000,0.000,0.000,0.000,0.000,0.000,0.000,0.000,0.000,0.000,0.000,1.000,50.120
2610170836,2026-09-18 14:00:00,236.090,236.490,237.080,0.250,0.030,0.020,0.028,0.008,0.010,0.008,0.000,0.000,0.000,0.000,0.997,50.110
2610170837,2026-09-18 14:00:00,228.640,227.200,227.440,0.030,0.000,0.000,0.004,0.003,0.000,0.000,0.004,0.004,0.000,0.000,0.719,50.110
2610170838,2026-09-18 14:00:00,237.260,236.130,236.580,0.000,0.040,0.150,0.043,0.000,0.009,0.033,0.005,0.000,0.000,0.004,0.984,50.110
2610170839,2026-09-18 14:00:00,235.910,236.290,236.950,0.030,0.020,0.030,0.015,0.005,0.003,0.006,0.000,0.000,0.000,0.000,0.990,50.110
2610170840,2026-09-18 14:00:00,237.070,236.700,237.120,0.010,0.000,0.000,0.002,0.002,0.000,0.000,0.000,0.000,0.000,0.000,0.858,50.120
2610322967,2026-09-18 14:00:00,237.500,236.430,236.600,0.000,0.000,0.010,0.003,0.001,0.000,0.002,0.000,0.000,0.000,0.000,1.000,50.110
2610322969,2026-09-18 14:00:00,229.660,228.850,229.050,0.390,0.380,0.170,0.227,0.102,0.083,0.042,0.016,0.007,0.005,0.003,0.989,50.110
2610322982,2026-09-18 14:00:00,236.320,236.630,237.220,0.020,0.030,0.050,0.022,0.004,0.006,0.011,-0.006,-0.001,-0.002,-0.002,0.954,50.100
2610322995,2026-09-18 14:00:00,236.040,236.350,237.000,0.000,0.050,0.060,0.024,0.000,0.010,0.013,-0.009,0.000,-0.004,-0.004,0.936,50.110
2610323001,2026-09-18 14:00:00,223.450,223.100,222.670,4.300,3.790,4.160,2.502,0.890,0.772,0.839,1.034,0.357,0.332,0.345,0.925,50.110
2610323004,2026-09-18 14:00:00,63.130,62.570,63.000,3.650,3.710,3.920,0.689,0.223,0.227,0.239,0.129,0.048,0.033,0.048,0.982,50.110
2610323005,2026-09-18 14:00:00,228.910,229.640,228.850,0.100,0.000,0.010,0.024,0.022,0.001,0.001,-0.002,-0.001,0.000,-0.001,0.996,50.110
2610323016,2026-09-18 14:00:00,225.060,224.270,224.300,3.120,2.880,2.960,1.735,0.628,0.565,0.579,0.798,0.265,0.259,0.273,0.911,50.120
2610323017,2026-09-18 14:00:00,235.750,237.200,235.880,0.080,0.040,0.030,0.034,0.017,0.009,0.007,-0.010,-0.004,-0.003,-0.002,0.962,50.120
2610323019,2026-09-18 14:00:00,229.010,229.950,229.170,0.040,0.260,0.030,0.073,0.008,0.057,0.007,-0.008,-0.002,-0.004,-0.001,0.993,50.120
2610323027,2026-09-18 14:00:00,237.210,236.100,236.600,0.050,0.060,0.040,0.033,0.010,0.013,0.009,-0.010,-0.003,-0.004,-0.003,0.949,50.130
2411290205,2026-09-18 14:01:00,234.970,234.950,234.930,2.590,2.560,2.590,1.604,0.538,0.529,0.538,0.563,0.189,0.180,0.192,0.946,50.060
2510203126,2026-09-18 14:01:00,229.790,229.820,230.490,0.070,0.000,0.000,0.016,0.015,0.000,0.000,0.001,0.001,0.000,0.000,1.000,50.090
2610322997,2026-09-18 14:01:00,226.610,226.510,226.040,1.270,1.470,1.000,0.659,0.242,0.240,0.177,0.336,0.064,0.175,0.117,0.901,50.090
2610323010,2026-09-18 14:01:00,237.450,237.300,237.170,0.040,0.000,0.000,0.006,0.005,0.000,0.000,-0.006,-0.006,0.000,0.000,0.670,50.090
2510203109,2026-09-18 14:02:00,236.280,236.960,235.860,0.770,0.690,0.850,0.501,0.169,0.152,0.179,0.128,0.049,0.034,0.043,0.968,50.120
2510203107,2026-09-18 14:13:00,224.650,224.520,224.680,0.000,0.000,0.000,0.000,0.000,0.000,0.000,0.000,0.000,0.000,0.000,1.000,50.160
2246006313,2026-09-18 14:30:00,58.500,58.400,58.300,1.439,1.462,1.421,0.252,0.082,0.084,0.081,0.064,0.022,0.021,0.020,0.967,49.980
2410121326,2026-09-18 14:30:00,237.790,237.260,237.520,0.610,0.680,0.690,0.447,0.134,0.154,0.158,0.123,0.048,0.037,0.037,0.964,49.890
2410121353,2026-09-18 14:30:00,238.660,238.060,237.980,0.630,0.660,0.650,0.418,0.136,0.141,0.137,0.122,0.033,0.032,0.055,0.961,49.900
2410121371,2026-09-18 14:30:00,239.370,238.840,238.890,0.090,0.020,0.100,0.067,0.040,0.004,0.022,-0.002,0.000,-0.001,0.000,1.000,49.920
2410121424,2026-09-18 14:30:00,239.780,239.270,239.380,0.010,0.010,0.010,0.005,0.001,0.001,0.002,-0.002,-0.001,-0.001,0.000,0.940,49.950
2410121440,2026-09-18 14:30:00,239.040,238.590,238.690,0.070,0.030,0.050,0.035,0.015,0.007,0.011,0.007,0.000,0.003,0.003,0.972,49.930
2410121454,2026-09-18 14:30:00,239.320,239.790,238.920,0.420,0.540,0.710,0.386,0.094,0.128,0.163,0.050,0.012,0.008,0.029,0.990,49.950
2410121457,2026-09-18 14:30:00,236.860,236.100,236.660,1.930,1.950,1.740,1.238,0.425,0.427,0.386,0.422,0.148,0.154,0.120,0.946,49.890
2410121574,2026-09-18 14:30:00,237.950,237.670,237.570,2.230,1.690,1.770,1.280,0.504,0.380,0.395,0.150,0.070,0.026,0.053,0.993,49.930
2410131378,2026-09-18 14:30:00,238.550,238.840,238.320,0.810,0.830,0.830,0.662,0.196,0.219,0.246,0.155,0.040,0.048,0.065,0.971,49.910
2410131383,2026-09-18 14:30:00,237.030,236.940,236.810,0.220,0.230,0.290,0.172,0.052,0.053,0.066,0.020,0.005,0.007,0.007,0.995,49.890
2410131384,2026-09-18 14:30:00,236.940,237.320,236.540,0.920,1.120,1.020,0.692,0.223,0.235,0.233,0.120,0.037,0.047,0.037,0.985,49.940
2410131387,2026-09-18 14:30:00,236.080,236.180,236.410,0.220,0.200,0.200,0.142,0.050,0.045,0.046,0.049,0.016,0.017,0.015,0.940,49.970
2410320615,2026-09-18 14:30:00,233.300,233.400,234.010,4.440,4.100,4.520,2.993,1.023,0.941,1.028,0.860,0.267,0.305,0.288,0.959,49.940
2410883988,2026-09-18 14:30:00,233.020,233.550,233.020,0.000,0.000,0.070,0.016,0.000,0.000,0.015,0.001,0.000,0.000,0.001,1.000,49.900
2410883990,2026-09-18 14:30:00,233.160,232.550,232.410,0.090,0.000,0.340,0.097,0.021,0.000,0.075,0.003,0.002,0.000,0.000,0.920,49.900
2410883991,2026-09-18 14:30:00,236.100,236.620,237.350,0.340,0.280,0.150,0.173,0.077,0.061,0.034,0.051,0.024,0.021,0.005,0.960,50.000
2410883993,2026-09-18 14:30:00,237.380,235.880,235.950,0.230,1.000,1.350,0.540,0.053,0.175,0.311,0.136,0.009,0.053,0.078,0.976,49.900
2410883994,2026-09-18 14:30:00,237.460,236.450,236.980,0.030,0.010,0.030,0.014,0.005,0.002,0.006,-0.002,-0.001,0.000,0.000,0.994,49.990
2411087432,2026-09-18 14:30:00,237.790,238.010,237.530,0.940,1.200,0.960,0.669,0.217,0.244,0.208,0.197,0.015,0.117,0.064,0.958,49.900
2411087433,2026-09-18 14:30:00,236.990,237.430,237.980,0.490,0.360,0.420,0.323,0.122,0.090,0.109,-0.031,-0.007,-0.009,-0.011,0.993,49.900
2411290205,2026-09-18 14:30:00,233.190,233.410,233.210,3.580,3.460,3.540,2.269,0.768,0.745,0.746,0.964,0.327,0.307,0.328,0.918,49.990
2510014481,2026-09-18 14:30:00,228.340,228.500,229.450,2.710,2.760,3.170,1.799,0.533,0.533,0.653,0.638,0.217,0.227,0.193,0.946,49.900
2510014482,2026-09-18 14:30:00,237.960,238.080,237.640,0.890,0.380,0.240,0.345,0.200,0.090,0.054,-0.010,0.001,0.000,-0.011,0.999,49.910
2510014483,2026-09-18 14:30:00,236.550,236.920,237.430,0.080,0.050,0.070,0.043,0.018,0.010,0.014,-0.022,-0.006,-0.006,-0.009,0.895,49.910
2510014484,2026-09-18 14:30:00,235.720,235.500,235.910,2.040,2.250,1.890,1.364,0.442,0.521,0.400,0.399,0.139,0.122,0.126,0.959,49.910
2510178139,2026-09-18 14:30:00,238.730,239.010,238.580,0.390,0.330,0.430,0.253,0.086,0.071,0.096,0.074,0.022,0.032,0.018,0.963,49.900
2510178141,2026-09-18 14:30:00,237.680,238.270,238.510,0.860,0.640,0.690,0.409,0.172,0.114,0.122,0.003,0.023,-0.007,-0.011,1.000,49.910
2510203103,2026-09-18 14:30:00,225.450,223.950,224.420,0.440,0.430,0.400,0.184,0.066,0.065,0.050,0.145,0.051,0.051,0.042,0.846,49.950
2510203104,2026-09-18 14:30:00,230.340,230.420,231.000,1.170,1.220,1.180,0.776,0.249,0.268,0.258,0.230,0.053,0.090,0.086,0.957,49.920
2510203105,2026-09-18 14:30:00,231.560,230.050,230.630,1.200,1.180,1.230,0.800,0.267,0.261,0.271,0.155,0.054,0.058,0.044,0.982,49.910
2510203106,2026-09-18 14:30:00,237.120,236.850,237.110,0.010,0.010,0.000,0.005,0.002,0.003,0.000,-0.002,-0.001,0.000,0.000,0.982,49.940
2510203107,2026-09-18 14:30:00,224.460,224.070,224.470,1.200,1.280,1.150,0.742,0.246,0.259,0.236,0.285,0.093,0.103,0.089,0.932,49.900
2510203108,2026-09-18 14:30:00,237.300,237.770,236.760,1.010,1.200,1.640,0.876,0.222,0.271,0.392,0.155,0.068,0.034,0.052,0.980,49.960
2510203109,2026-09-18 14:30:00,236.510,237.090,236.030,0.880,0.840,1.010,0.609,0.197,0.188,0.223,0.135,0.051,0.036,0.046,0.975,49.910
2510203111,2026-09-18 14:30:00,237.400,238.290,238.490,1.400,1.100,1.520,0.882,0.299,0.241,0.341,0.258,0.116,0.067,0.074,0.960,49.940
2510203113,2026-09-18 14:30:00,235.750,235.600,235.190,3.200,3.060,3.830,2.331,0.743,0.679,0.865,0.278,0.060,0.107,0.110,0.991,49.900
2510203114,2026-09-18 14:30:00,230.230,230.480,230.950,1.090,1.070,1.050,0.654,0.226,0.213,0.214,0.199,0.053,0.072,0.073,0.960,49.910
2510203117,2026-09-18 14:30:00,232.900,232.400,232.200,0.210,0.210,0.160,0.066,0.019,0.039,0.007,0.108,0.044,0.028,0.035,0.521,49.970
2510203118,2026-09-18 14:30:00,124.760,124.850,125.210,0.210,0.180,0.180,0.060,0.022,0.019,0.018,-0.012,-0.004,-0.002,-0.005,0.974,49.910
2510203119,2026-09-18 14:30:00,232.890,232.220,232.120,0.000,0.000,0.000,0.000,0.000,0.000,0.000,0.000,0.000,0.000,0.000,1.000,49.950
2510203120,2026-09-18 14:30:00,236.580,235.690,236.200,1.960,1.510,1.550,1.141,0.447,0.341,0.352,0.194,0.077,0.060,0.056,0.985,49.960
2510203121,2026-09-18 14:30:00,232.550,232.390,233.110,0.010,0.010,0.090,0.026,0.003,0.001,0.021,-0.008,0.000,-0.002,-0.005,0.965,49.910
2510203122,2026-09-18 14:30:00,237.980,238.240,237.780,0.580,0.530,0.510,0.302,0.113,0.101,0.079,0.234,0.077,0.072,0.084,0.786,49.910
2510203123,2026-09-18 14:30:00,237.770,238.380,238.430,2.230,1.820,1.920,0.584,0.169,0.218,0.196,0.144,0.066,0.029,0.052,0.986,49.920
2510203124,2026-09-18 14:30:00,238.470,238.350,238.000,0.720,0.700,0.760,0.516,0.170,0.165,0.180,0.099,0.033,0.032,0.031,0.980,49.910
2510203126,2026-09-18 14:30:00,232.830,232.620,233.390,0.070,0.000,0.000,0.016,0.015,0.000,0.000,0.001,0.001,0.000,0.000,1.000,49.900
2510203127,2026-09-18 14:30:00,237.740,238.010,237.580,0.810,0.860,1.250,0.657,0.171,0.197,0.288,0.186,0.076,0.046,0.063,0.960,49.900
2510203128,2026-09-18 14:30:00,236.450,236.780,235.310,1.720,1.690,1.750,1.186,0.397,0.383,0.395,0.142,0.034,0.044,0.062,0.992,49.950
2510203129,2026-09-18 14:30:00,237.020,236.730,237.090,0.010,0.020,0.000,0.006,0.002,0.004,0.000,-0.003,-0.002,0.000,0.000,0.887,49.890
2510203130,2026-09-18 14:30:00,242.870,243.040,244.120,0.000,0.040,0.150,0.050,0.000,0.009,0.040,0.011,0.000,0.001,0.010,0.973,49.910
2510203133,2026-09-18 14:30:00,237.410,237.710,237.340,0.200,0.050,0.340,0.140,0.048,0.012,0.079,-0.013,-0.001,0.000,-0.013,0.992,50.050
2510203134,2026-09-18 14:30:00,237.970,236.880,237.210,0.020,0.010,0.010,0.007,0.004,0.002,0.001,-0.001,0.000,-0.001,0.000,0.977,49.990
2510224049,2026-09-18 14:30:00,231.970,232.500,232.060,0.260,1.390,0.020,0.250,0.050,0.200,0.000,-0.160,-0.020,-0.140,0.000,0.845,49.920
2510224167,2026-09-18 14:30:00,232.340,232.060,232.860,0.900,0.120,0.360,0.220,0.140,0.010,0.050,-0.170,-0.090,-0.020,-0.050,0.792,49.900
2510317505,2026-09-18 14:30:00,232.590,232.280,233.150,0.090,0.030,2.180,0.270,0.010,0.000,0.260,-0.250,-0.010,0.000,-0.240,0.733,49.910
2510317516,2026-09-18 14:30:00,232.900,232.700,233.440,0.000,0.000,0.000,0.000,0.000,0.000,0.000,0.000,0.000,0.000,0.000,1.000,49.910
2510317537,2026-09-18 14:30:00,235.960,235.840,237.470,2.660,2.670,2.860,1.870,0.590,0.590,0.680,-0.310,-0.090,-0.100,-0.110,0.985,49.910
2510389559,2026-09-18 14:30:00,237.140,237.120,237.150,0.000,0.000,0.000,0.000,0.000,0.000,0.000,0.000,0.000,0.000,0.000,1.000,49.910
2510389643,2026-09-18 14:30:00,237.250,237.150,237.200,0.280,0.000,0.000,0.060,0.060,0.000,0.000,-0.010,-0.010,0.000,0.000,0.968,49.900
2510389931,2026-09-18 14:30:00,236.970,236.520,236.930,0.050,0.000,0.000,0.000,0.000,0.000,0.000,-0.010,-0.010,0.000,0.000,0.201,49.920
2510633381,2026-09-18 14:30:00,237.660,236.680,237.140,0.070,0.080,0.030,0.038,0.014,0.018,0.006,-0.012,-0.005,-0.004,-0.001,0.950,49.910
2510633385,2026-09-18 14:30:00,237.020,236.910,236.980,0.380,0.190,0.290,0.197,0.089,0.043,0.064,0.048,0.013,0.011,0.023,0.973,49.900
2510633386,2026-09-18 14:30:00,225.830,226.090,226.740,1.080,1.080,1.080,0.167,0.056,0.053,0.057,-0.679,-0.225,-0.228,-0.226,0.243,49.920
2510633387,2026-09-18 14:30:00,237.880,238.300,237.730,0.030,0.010,0.160,0.047,0.008,0.000,0.038,-0.004,0.000,0.000,-0.003,0.992,49.900
2510633389,2026-09-18 14:30:00,235.230,235.010,234.740,2.000,2.070,2.020,1.356,0.447,0.458,0.449,0.421,0.131,0.140,0.149,0.955,49.890
2510633390,2026-09-18 14:30:00,237.050,237.650,236.580,0.850,0.710,1.230,0.519,0.126,0.153,0.239,0.153,0.049,0.043,0.060,0.954,49.890
2510633391,2026-09-18 14:30:00,125.300,125.260,125.130,0.480,0.470,0.690,0.188,0.054,0.056,0.077,-0.001,0.011,-0.013,0.000,0.998,49.910
2510633393,2026-09-18 14:30:00,234.980,235.270,235.200,2.000,1.990,1.960,1.355,0.451,0.454,0.449,0.325,0.112,0.098,0.114,0.972,49.930
2510633395,2026-09-18 14:30:00,238.450,238.730,237.980,0.000,0.000,0.000,0.000,0.000,0.000,0.000,0.000,0.000,0.000,0.000,1.000,49.910
2510633396,2026-09-18 14:30:00,238.250,237.900,238.270,0.780,0.840,0.760,0.529,0.172,0.188,0.168,0.114,0.035,0.041,0.037,0.978,49.900
2510633397,2026-09-18 14:30:00,242.970,241.870,242.370,0.750,0.730,0.760,0.485,0.163,0.155,0.167,0.223,0.076,0.076,0.070,0.910,49.880
2510633399,2026-09-18 14:30:00,232.080,231.800,232.650,0.410,0.500,0.510,0.325,0.094,0.114,0.117,0.021,0.007,0.006,0.007,0.997,49.890
2510633400,2026-09-18 14:30:00,230.550,231.250,230.530,0.930,1.000,0.910,0.549,0.178,0.192,0.179,0.281,0.089,0.097,0.094,0.895,49.880
2510633402,2026-09-18 14:30:00,229.790,229.860,230.770,0.620,0.720,0.810,0.571,0.170,0.220,0.242,0.144,0.044,0.047,0.052,0.966,49.920
2510633406,2026-09-18 14:30:00,232.610,232.370,233.190,0.010,0.010,0.010,0.004,0.002,0.000,0.000,-0.003,-0.001,0.000,-0.001,0.710,49.920
2510633411,2026-09-18 14:30:00,229.080,228.300,227.880,2.790,2.690,2.780,1.747,0.598,0.569,0.580,0.665,0.211,0.215,0.238,0.933,49.890
2510814977,2026-09-18 14:30:00,230.790,231.760,230.450,0.010,0.010,0.010,0.004,0.002,0.000,0.001,-0.002,0.000,-0.001,-0.001,0.981,49.910
2610026950,2026-09-18 14:30:00,233.130,232.420,232.370,0.040,0.020,0.070,0.027,0.008,0.003,0.015,0.005,0.001,0.001,0.001,0.987,49.910
2610026952,2026-09-18 14:30:00,235.910,235.360,235.480,2.360,2.270,2.390,1.388,0.457,0.448,0.480,0.878,0.310,0.284,0.283,0.844,49.910
2610026953,2026-09-18 14:30:00,236.210,235.870,236.190,0.770,0.750,0.750,0.480,0.163,0.159,0.157,0.179,0.067,0.060,0.049,0.938,49.910
2610026963,2026-09-18 14:30:00,238.680,238.690,239.140,0.100,0.010,0.040,0.025,0.024,-0.002,0.003,-0.014,-0.005,-0.001,-0.006,0.855,49.900
2610026966,2026-09-18 14:30:00,231.080,231.250,230.410,1.090,1.000,1.060,0.668,0.231,0.209,0.227,0.094,0.037,0.034,0.023,0.989,49.910
2610026976,2026-09-18 14:30:00,238.140,237.900,238.910,0.600,2.050,0.690,0.774,0.139,0.489,0.165,0.034,0.020,0.002,0.011,0.999,49.900
2610026977,2026-09-18 14:30:00,242.980,243.060,242.030,0.140,0.140,0.140,0.074,0.024,0.024,0.024,0.072,0.024,0.023,0.024,0.713,49.920
2610126270,2026-09-18 14:30:00,232.420,233.000,232.550,0.060,0.060,0.030,0.034,0.013,0.013,0.007,-0.004,-0.002,-0.001,-0.001,0.987,49.910
2610159557,2026-09-18 14:30:00,237.640,236.690,237.130,0.020,0.040,0.040,0.021,0.004,0.008,0.008,-0.006,-0.003,-0.001,-0.001,0.957,49.900
2610170785,2026-09-18 14:30:00,237.200,236.240,236.730,0.170,0.160,0.150,0.072,0.026,0.023,0.022,0.086,0.030,0.029,0.029,0.642,49.910
2610170786,2026-09-18 14:30:00,236.880,237.300,237.900,0.000,0.000,0.000,0.000,0.000,0.000,0.000,0.000,0.000,0.000,0.000,1.000,49.910
2610170836,2026-09-18 14:30:00,238.020,238.300,238.780,0.070,0.080,0.080,0.172,0.074,0.039,0.039,0.060,0.022,0.017,0.020,0.451,49.910
2610170837,2026-09-18 14:30:00,231.650,230.200,230.660,0.030,0.000,0.000,0.003,0.003,0.000,0.000,0.005,0.005,0.000,0.000,0.496,49.910
2610170838,2026-09-18 14:30:00,237.480,236.340,236.830,0.000,0.050,0.100,0.031,0.000,0.010,0.021,0.002,0.000,0.000,0.002,0.986,49.900
2610170839,2026-09-18 14:30:00,236.190,236.630,237.170,0.140,0.140,0.200,0.118,0.038,0.038,0.041,0.056,0.018,0.018,0.019,0.899,49.910
2610170840,2026-09-18 14:30:00,236.980,236.570,236.980,0.000,0.000,0.000,0.000,0.000,0.000,0.000,0.000,0.000,0.000,0.000,0.407,49.910
2610322967,2026-09-18 14:30:00,238.090,236.970,237.210,0.000,0.020,0.050,0.014,0.000,0.003,0.011,0.002,0.000,0.001,0.000,0.987,49.900
2610322969,2026-09-18 14:30:00,232.820,232.230,232.180,0.650,0.510,0.390,0.348,0.125,0.133,0.088,0.129,0.047,0.039,0.037,0.941,49.900
2610322997,2026-09-18 14:30:00,229.610,229.590,228.810,1.160,1.350,0.990,0.741,0.267,0.273,0.199,0.359,0.066,0.172,0.115,0.904,49.910
2610323001,2026-09-18 14:30:00,225.950,225.500,225.170,4.500,4.040,4.320,2.631,0.919,0.821,0.882,1.195,0.405,0.386,0.403,0.910,49.910
2610323004,2026-09-18 14:30:00,63.890,63.420,63.860,0.780,0.770,0.780,0.139,0.046,0.045,0.046,0.041,0.014,0.013,0.013,0.954,49.910
2610323005,2026-09-18 14:30:00,232.260,232.970,232.360,0.100,0.000,0.010,0.025,0.022,0.001,0.001,-0.002,0.000,0.000,-0.001,1.000,49.910
2610323010,2026-09-18 14:30:00,236.990,236.930,236.730,0.040,0.000,0.000,0.007,0.006,0.000,0.000,-0.006,-0.005,0.000,0.000,0.795,49.910
2610323016,2026-09-18 14:30:00,227.970,227.220,227.300,3.300,3.060,3.100,1.961,0.691,0.630,0.637,0.809,0.271,0.261,0.277,0.923,49.910
2610323017,2026-09-18 14:30:00,235.850,237.460,236.070,0.080,0.040,0.040,0.034,0.018,0.009,0.007,-0.011,-0.004,-0.003,-0.003,0.944,49.910
2610323019,2026-09-18 14:30:00,232.070,233.020,232.440,0.060,0.160,0.030,0.058,0.014,0.036,0.007,-0.006,-0.003,-0.001,-0.001,0.990,49.910
2610323027,2026-09-18 14:30:00,237.610,236.510,237.070,0.050,0.060,0.040,0.033,0.010,0.013,0.009,-0.010,-0.003,-0.004,-0.003,0.952,49.910
2410932742,2026-09-18 14:31:00,229.630,228.080,228.220,2.890,2.830,3.050,1.866,0.618,0.600,0.646,0.505,0.169,0.155,0.180,0.964,49.900
2510633383,2026-09-18 14:31:00,238.510,239.100,239.420,1.780,1.350,1.740,1.132,0.407,0.326,0.399,0.034,0.037,0.003,-0.006,0.999,49.970
2610322995,2026-09-18 14:31:00,236.510,237.160,237.720,0.000,0.050,0.060,0.024,0.000,0.010,0.013,-0.009,0.000,-0.004,-0.004,0.937,49.970
2510203112,2026-09-18 14:32:00,225.820,225.460,225.710,0.000,0.000,0.000,0.000,0.000,0.000,0.000,0.000,0.000,0.000,0.000,1.000,49.970
2610126451,2026-09-18 14:32:00,239.660,239.870,239.360,0.000,0.000,0.080,0.019,0.000,0.000,0.018,0.002,0.000,0.000,0.002,1.000,49.970
2610322982,2026-09-18 14:32:00,236.760,237.100,237.690,0.020,0.030,0.050,0.022,0.004,0.006,0.011,-0.006,-0.001,-0.002,-0.002,0.949,49.960
2610323024,2026-09-18 14:44:00,228.750,229.930,228.460,1.670,1.620,1.710,0.780,0.264,0.240,0.274,0.923,0.221,0.236,0.233,0.644,50.100
2246006313,2026-09-18 15:00:00,58.900,58.800,58.700,1.421,1.451,1.406,0.251,0.083,0.086,0.082,0.063,0.023,0.020,0.019,0.967,49.990
2410121326,2026-09-18 15:00:00,240.110,239.470,239.600,0.510,0.550,0.570,0.376,0.118,0.128,0.129,0.094,0.026,0.027,0.040,0.967,49.980
2410121353,2026-09-18 15:00:00,239.520,238.630,238.830,0.470,0.500,0.500,0.331,0.108,0.115,0.108,0.107,0.030,0.027,0.049,0.949,50.010
2410121371,2026-09-18 15:00:00,240.120,239.290,239.580,0.080,0.010,0.120,0.047,0.018,0.001,0.027,-0.003,0.000,-0.001,-0.001,1.000,50.000
2410121424,2026-09-18 15:00:00,239.830,239.070,239.330,0.010,0.010,0.010,0.004,0.000,0.000,0.002,-0.003,-0.001,-0.001,0.000,0.850,50.000
2410121454,2026-09-18 15:00:00,239.200,239.810,238.690,0.460,0.640,0.760,0.429,0.107,0.147,0.174,0.069,0.020,0.014,0.034,0.987,50.000
2410121457,2026-09-18 15:00:00,237.950,237.260,237.770,2.100,2.090,1.940,1.345,0.460,0.455,0.430,0.494,0.172,0.178,0.142,0.938,49.960
2410121574,2026-09-18 15:00:00,238.530,237.740,237.970,2.040,1.650,1.650,1.265,0.485,0.389,0.390,0.147,0.060,0.045,0.041,0.993,50.000
2410131378,2026-09-18 15:00:00,239.170,239.510,238.690,0.870,1.050,0.980,0.592,0.171,0.211,0.208,0.137,0.030,0.048,0.059,0.976,50.000
2410131383,2026-09-18 15:00:00,238.120,237.850,237.710,0.220,0.250,0.290,0.180,0.052,0.057,0.070,0.019,0.005,0.007,0.006,0.995,49.990
2410131387,2026-09-18 15:00:00,237.150,237.300,237.570,0.220,0.200,0.210,0.144,0.051,0.044,0.048,0.029,0.010,0.014,0.004,0.979,50.020
2410320615,2026-09-18 15:00:00,233.230,233.330,233.970,4.650,4.370,4.690,3.055,1.042,0.973,1.038,0.917,0.286,0.324,0.306,0.957,49.970
2410883988,2026-09-18 15:00:00,234.570,235.180,234.450,0.000,0.000,0.070,0.016,0.000,0.000,0.015,0.001,0.000,0.000,0.001,1.000,49.950
2410883990,2026-09-18 15:00:00,234.980,234.180,234.260,0.090,0.000,0.100,0.044,0.021,0.000,0.022,0.005,0.001,0.000,0.003,1.000,49.980
2410883991,2026-09-18 15:00:00,237.260,237.740,238.660,0.360,0.260,0.120,0.137,0.081,0.029,0.027,0.034,0.022,0.006,0.005,0.968,50.010
2410883993,2026-09-18 15:00:00,238.330,236.950,236.810,0.550,1.000,1.660,0.744,0.133,0.266,0.292,0.209,0.041,0.068,0.099,0.963,49.960
2410883994,2026-09-18 15:00:00,238.670,237.580,238.010,0.030,0.010,0.030,0.014,0.005,0.002,0.006,-0.002,-0.001,0.000,0.000,0.992,50.050
2410932742,2026-09-18 15:00:00,230.110,228.780,228.740,2.810,2.780,2.970,1.825,0.600,0.593,0.631,0.492,0.164,0.148,0.180,0.965,50.000
2411087432,2026-09-18 15:00:00,239.080,239.730,239.010,0.890,1.020,0.970,0.634,0.207,0.213,0.213,0.167,0.028,0.068,0.070,0.967,49.960
2411087433,2026-09-18 15:00:00,238.290,238.600,239.410,0.450,0.330,0.440,0.299,0.118,0.090,0.105,-0.024,-0.009,-0.005,-0.009,0.997,49.960
2411290205,2026-09-18 15:00:00,234.220,234.250,234.320,3.350,3.300,3.340,2.073,0.694,0.708,0.715,0.957,0.324,0.306,0.326,0.915,50.070
2510014481,2026-09-18 15:00:00,228.900,229.010,229.810,2.520,2.450,2.790,1.720,0.592,0.515,0.611,0.607,0.197,0.185,0.182,0.943,49.960
2510014482,2026-09-18 15:00:00,239.420,239.860,239.140,0.380,0.370,0.220,0.230,0.091,0.089,0.049,-0.023,-0.013,0.000,-0.010,0.992,49.960
2510014483,2026-09-18 15:00:00,237.780,238.040,238.730,0.090,0.060,0.080,0.050,0.020,0.013,0.016,-0.023,-0.007,-0.006,-0.009,0.906,49.960
2510014484,2026-09-18 15:00:00,236.560,236.230,236.830,1.720,2.170,1.670,1.260,0.392,0.493,0.374,0.357,0.125,0.114,0.118,0.962,49.970
2510178139,2026-09-18 15:00:00,239.720,240.240,239.480,0.540,0.430,0.530,0.339,0.121,0.105,0.125,0.091,0.029,0.034,0.027,0.965,49.970
2510178141,2026-09-18 15:00:00,239.290,239.870,240.220,0.670,0.340,0.360,0.302,0.137,0.079,0.085,0.019,0.028,-0.002,-0.006,0.999,49.970
2510203103,2026-09-18 15:00:00,225.620,224.340,224.680,0.310,0.300,0.200,0.265,0.092,0.080,0.072,0.143,0.053,0.048,0.041,0.586,49.960
2510203104,2026-09-18 15:00:00,231.400,231.530,232.280,1.080,0.990,1.040,0.662,0.225,0.210,0.226,0.200,0.059,0.074,0.066,0.959,49.960
2510203105,2026-09-18 15:00:00,232.390,231.100,231.490,0.790,0.800,0.800,0.662,0.220,0.219,0.218,0.016,0.001,0.014,0.000,0.999,49.970
2510203106,2026-09-18 15:00:00,237.270,236.960,237.410,0.010,0.010,0.000,0.006,0.002,0.003,0.000,-0.002,-0.001,0.000,0.000,0.856,49.950
2510203107,2026-09-18 15:00:00,223.700,223.220,224.010,2.280,2.270,2.150,1.365,0.467,0.462,0.445,0.540,0.180,0.194,0.164,0.931,49.960
2510203108,2026-09-18 15:00:00,239.240,239.380,238.660,0.970,1.430,1.690,0.976,0.227,0.351,0.397,0.113,0.029,0.041,0.043,0.994,49.980
2510203109,2026-09-18 15:00:00,237.810,238.580,237.500,0.930,0.880,0.950,0.614,0.207,0.200,0.206,0.129,0.049,0.035,0.044,0.977,49.960
2510203111,2026-09-18 15:00:00,238.360,239.060,239.370,1.750,1.490,1.900,1.153,0.385,0.333,0.434,0.295,0.128,0.078,0.088,0.968,49.960
2510203113,2026-09-18 15:00:00,236.470,236.250,235.780,3.340,3.070,3.870,2.356,0.755,0.701,0.900,0.356,0.092,0.124,0.139,0.990,49.950
2510203114,2026-09-18 15:00:00,231.460,231.880,232.490,1.020,0.930,0.910,0.609,0.221,0.189,0.198,0.156,0.056,0.051,0.048,0.968,49.980
2510203117,2026-09-18 15:00:00,234.070,233.290,233.290,0.270,0.390,0.210,0.154,0.041,0.082,0.030,0.111,0.045,0.029,0.036,0.807,49.980
2510203118,2026-09-18 15:00:00,125.480,125.550,125.950,0.200,0.170,0.170,0.066,0.024,0.021,0.020,-0.013,-0.004,-0.002,-0.006,0.978,49.960
2510203119,2026-09-18 15:00:00,234.290,233.400,233.450,0.000,0.000,0.000,0.000,0.000,0.000,0.000,0.000,0.000,0.000,0.000,1.000,49.980
2510203120,2026-09-18 15:00:00,237.620,236.750,237.130,1.910,1.440,1.460,1.127,0.445,0.335,0.349,0.229,0.090,0.072,0.067,0.982,49.980
2510203121,2026-09-18 15:00:00,234.400,234.390,235.130,0.060,0.060,0.170,0.064,0.013,0.013,0.037,0.013,0.006,0.004,0.002,0.974,49.960
2510203122,2026-09-18 15:00:00,239.060,239.610,238.960,0.800,0.570,0.520,0.351,0.154,0.108,0.089,0.279,0.109,0.082,0.087,0.782,49.950
2510203123,2026-09-18 15:00:00,238.390,239.130,239.380,1.400,1.640,1.270,1.119,0.437,0.332,0.348,0.155,0.069,0.027,0.060,0.987,49.950
2510203124,2026-09-18 15:00:00,239.850,239.900,239.410,0.610,0.560,0.640,0.413,0.137,0.130,0.145,0.100,0.035,0.033,0.031,0.972,49.960
2510203126,2026-09-18 15:00:00,234.700,234.690,235.460,0.070,0.000,0.000,0.016,0.015,0.000,0.000,0.001,0.001,0.000,0.000,1.000,49.970
2510203127,2026-09-18 15:00:00,239.570,240.210,239.640,0.790,0.890,0.920,0.574,0.167,0.203,0.202,0.192,0.079,0.047,0.065,0.948,49.970
2510203128,2026-09-18 15:00:00,237.280,237.780,236.260,1.700,1.670,1.780,1.186,0.393,0.386,0.406,0.151,0.039,0.045,0.065,0.992,49.970
2510203129,2026-09-18 15:00:00,238.040,237.690,238.240,0.010,0.020,0.000,0.006,0.002,0.003,0.000,-0.003,-0.002,0.000,0.000,0.881,49.980
2510203130,2026-09-18 15:00:00,243.340,243.310,244.420,0.000,0.000,0.100,0.021,0.000,0.000,0.021,0.003,0.000,0.000,0.003,0.969,49.970
2510203133,2026-09-18 15:00:00,238.410,238.890,238.250,0.130,0.050,0.350,0.125,0.031,0.011,0.082,-0.011,0.000,0.000,-0.012,0.996,50.010
2510203134,2026-09-18 15:00:00,239.100,237.970,238.180,0.020,0.010,0.010,0.007,0.004,0.002,0.001,-0.001,0.000,-0.001,0.000,1.000,49.990
2510224049,2026-09-18 15:00:00,233.510,234.060,233.480,0.270,4.380,0.020,1.000,0.050,0.940,0.000,0.010,-0.020,0.030,0.000,1.000,49.960
2510224167,2026-09-18 15:00:00,233.890,233.770,234.660,0.900,0.120,0.360,0.220,0.140,0.010,0.050,-0.170,-0.090,-0.020,-0.050,0.791,49.970
2510317505,2026-09-18 15:00:00,233.980,233.920,234.730,0.090,0.030,2.190,0.280,0.010,0.000,0.260,-0.260,-0.010,0.000,-0.240,0.732,49.970
2510317516,2026-09-18 15:00:00,234.430,234.390,235.150,0.000,0.000,0.000,0.000,0.000,0.000,0.000,0.000,0.000,0.000,0.000,1.000,49.960
2510317537,2026-09-18 15:00:00,237.130,236.890,238.440,3.160,3.020,2.990,2.010,0.680,0.650,0.680,-0.330,-0.110,-0.110,-0.110,0.986,49.970
2510389559,2026-09-18 15:00:00,237.880,237.850,237.950,0.000,0.000,0.000,0.000,0.000,0.000,0.000,0.000,0.000,0.000,0.000,1.000,49.950
2510389643,2026-09-18 15:00:00,237.980,237.940,238.000,0.260,0.000,0.000,0.050,0.050,0.000,0.000,-0.010,-0.010,0.000,0.000,0.957,49.970
2510389931,2026-09-18 15:00:00,236.240,235.900,236.490,0.050,0.000,0.000,0.000,0.000,0.000,0.000,-0.010,-0.010,0.000,0.000,0.175,49.970
2510633381,2026-09-18 15:00:00,239.100,238.040,238.380,0.070,0.080,0.030,0.039,0.014,0.019,0.005,-0.014,-0.006,-0.005,-0.002,0.935,49.970
2510633383,2026-09-18 15:00:00,238.990,239.540,239.920,1.800,1.410,1.770,1.131,0.408,0.321,0.406,0.056,0.047,0.009,0.000,0.998,49.970
2510633385,2026-09-18 15:00:00,237.840,237.810,237.920,0.420,0.080,0.290,0.183,0.099,0.019,0.065,0.035,0.009,0.002,0.023,0.981,49.960
2510633386,2026-09-18 15:00:00,227.150,227.270,228.120,1.080,1.090,1.080,0.176,0.058,0.055,0.062,-0.684,-0.225,-0.229,-0.226,0.262,49.970
2510633387,2026-09-18 15:00:00,239.350,239.980,239.580,0.030,0.020,0.160,0.049,0.008,0.003,0.038,0.000,0.000,0.003,-0.003,0.994,49.960
2510633390,2026-09-18 15:00:00,238.270,239.140,238.010,0.450,0.410,0.780,0.444,0.131,0.098,0.215,0.119,0.062,0.029,0.051,0.948,49.970
2510633391,2026-09-18 15:00:00,125.780,125.720,125.590,0.520,0.450,0.710,0.189,0.055,0.057,0.077,0.002,0.013,-0.011,0.002,1.000,49.980
2510633393,2026-09-18 15:00:00,236.160,236.570,236.380,2.010,2.010,1.990,1.367,0.457,0.459,0.452,0.332,0.112,0.102,0.118,0.972,49.990
2510633395,2026-09-18 15:00:00,237.220,237.650,236.850,0.000,0.000,0.000,0.000,0.000,0.000,0.000,0.000,0.000,0.000,0.000,1.000,49.980
2510633396,2026-09-18 15:00:00,239.860,239.370,239.830,0.530,0.610,0.520,0.375,0.121,0.136,0.118,0.119,0.038,0.042,0.039,0.952,49.970
2510633397,2026-09-18 15:00:00,244.480,243.280,243.650,0.790,0.770,0.790,0.503,0.167,0.162,0.173,0.224,0.076,0.077,0.070,0.913,49.970
2510633399,2026-09-18 15:00:00,234.070,233.950,234.830,0.400,0.510,0.490,0.330,0.094,0.124,0.122,0.004,0.001,0.003,0.000,1.000,49.970
2510633400,2026-09-18 15:00:00,232.550,233.220,232.370,0.900,0.980,0.920,0.588,0.196,0.204,0.188,0.285,0.091,0.099,0.094,0.896,49.980
2510633402,2026-09-18 15:00:00,230.870,230.940,231.990,0.510,0.590,0.680,0.414,0.119,0.138,0.157,0.099,0.031,0.032,0.036,0.967,49.980
2510633406,2026-09-18 15:00:00,234.010,233.930,234.820,0.010,0.010,0.010,0.004,0.002,0.000,0.000,-0.003,-0.001,0.000,-0.001,0.711,49.960
2510633411,2026-09-18 15:00:00,231.350,230.430,230.250,2.350,2.230,2.330,1.446,0.498,0.464,0.484,0.645,0.208,0.210,0.226,0.913,49.980
2510814977,2026-09-18 15:00:00,231.020,231.840,230.780,0.010,0.010,0.010,0.004,0.002,0.000,0.001,-0.002,0.000,-0.001,-0.001,0.940,49.960
2610026950,2026-09-18 15:00:00,234.800,233.870,233.850,0.020,0.010,0.040,0.017,0.005,0.001,0.010,-0.001,0.000,0.000,0.000,0.985,49.960
2610026952,2026-09-18 15:00:00,238.950,238.040,238.360,1.190,1.160,1.150,0.715,0.242,0.236,0.237,0.399,0.137,0.134,0.126,0.873,49.970
2610026953,2026-09-18 15:00:00,236.810,236.520,237.070,0.910,0.810,0.830,0.613,0.206,0.200,0.206,0.191,0.074,0.063,0.053,0.952,49.970
2610026963,2026-09-18 15:00:00,240.280,240.190,240.730,0.090,0.000,0.070,0.036,0.019,0.000,0.015,-0.013,-0.008,0.000,-0.005,0.932,49.970
2610026966,2026-09-18 15:00:00,230.980,231.150,230.250,0.910,0.830,1.040,0.615,0.198,0.184,0.232,0.091,0.035,0.032,0.022,0.989,49.970
2610026976,2026-09-18 15:00:00,239.340,239.380,239.680,0.770,1.610,1.220,0.851,0.194,0.376,0.284,0.159,0.051,0.034,0.074,0.983,49.980
2610026977,2026-09-18 15:00:00,242.500,242.720,241.680,0.140,0.140,0.140,0.074,0.024,0.024,0.024,0.071,0.024,0.023,0.024,0.720,49.980
2610126270,2026-09-18 15:00:00,233.990,234.650,234.000,0.060,0.050,0.060,0.041,0.013,0.012,0.015,-0.006,-0.002,-0.001,-0.002,0.995,49.970
2610126451,2026-09-18 15:00:00,240.210,240.640,239.950,0.000,0.000,0.060,0.012,0.000,0.000,0.012,0.002,0.000,0.000,0.002,0.990,49.960
2610159557,2026-09-18 15:00:00,238.990,237.980,238.220,0.020,0.030,0.030,0.019,0.004,0.007,0.006,-0.006,-0.002,-0.001,-0.001,0.962,49.970
2610170785,2026-09-18 15:00:00,238.460,237.470,237.840,0.180,0.160,0.140,0.061,0.023,0.019,0.018,0.087,0.030,0.028,0.028,0.525,49.960
2610170786,2026-09-18 15:00:00,238.250,238.500,239.290,0.000,0.000,0.000,0.000,0.000,0.000,0.000,0.000,0.000,0.000,0.000,1.000,49.970
2610170836,2026-09-18 15:00:00,239.370,239.760,240.310,0.010,0.020,0.010,0.005,0.001,0.003,0.000,-0.001,-0.001,0.000,0.000,1.000,49.960
2610170837,2026-09-18 15:00:00,231.650,230.590,230.840,0.070,0.000,0.000,0.008,0.008,0.000,0.000,0.013,0.013,0.000,0.000,0.589,49.970
2610170838,2026-09-18 15:00:00,238.760,237.570,237.980,0.000,0.070,0.090,0.043,0.000,0.016,0.023,0.002,0.000,0.000,0.002,1.000,49.970
2610170839,2026-09-18 15:00:00,237.460,237.760,238.480,0.170,0.170,0.210,0.109,0.035,0.035,0.038,0.060,0.019,0.019,0.020,0.659,49.960
2610170840,2026-09-18 15:00:00,236.310,235.990,236.560,0.890,0.890,0.900,0.562,0.186,0.186,0.188,0.292,0.098,0.095,0.098,0.887,49.960
2610322967,2026-09-18 15:00:00,239.360,238.190,238.270,0.000,0.000,0.010,0.002,0.000,0.000,0.002,0.000,0.000,0.000,0.000,0.708,49.960
2610322969,2026-09-18 15:00:00,234.550,233.850,233.820,0.350,0.230,0.320,0.209,0.079,0.055,0.074,0.026,0.021,0.000,0.004,0.992,49.960
2610322982,2026-09-18 15:00:00,237.990,238.240,238.960,0.020,0.030,0.050,0.022,0.004,0.006,0.011,-0.006,-0.001,-0.002,-0.002,0.952,49.970
2610322995,2026-09-18 15:00:00,237.670,238.150,238.850,0.000,0.050,0.060,0.024,0.000,0.010,0.013,-0.009,0.000,-0.004,-0.004,0.936,49.960
2610322997,2026-09-18 15:00:00,229.940,230.370,229.710,0.910,0.960,0.760,0.473,0.178,0.160,0.134,0.247,0.059,0.111,0.076,0.913,49.960
2610323001,2026-09-18 15:00:00,226.220,225.910,225.700,4.120,3.660,3.790,2.322,0.830,0.723,0.752,1.195,0.403,0.389,0.401,0.889,49.960
2610323004,2026-09-18 15:00:00,64.000,63.540,63.890,1.750,1.720,2.130,0.333,0.100,0.105,0.127,0.085,0.040,0.013,0.031,0.968,49.970
2610323005,2026-09-18 15:00:00,233.970,234.700,233.910,0.090,0.010,0.010,0.023,0.020,0.001,0.001,-0.001,0.000,0.000,-0.001,1.000,49.960
2610323010,2026-09-18 15:00:00,237.820,237.870,237.640,0.210,0.000,0.190,0.131,0.074,0.000,0.002,-0.006,-0.004,0.000,-0.001,0.978,49.970
2610323016,2026-09-18 15:00:00,227.980,227.460,227.380,3.200,2.940,2.990,1.900,0.672,0.610,0.617,0.797,0.268,0.257,0.271,0.922,49.970
2610323017,2026-09-18 15:00:00,237.040,238.440,237.140,0.080,0.040,0.030,0.034,0.018,0.009,0.007,-0.010,-0.004,-0.003,-0.002,0.968,49.970
2610323019,2026-09-18 15:00:00,233.720,234.770,233.970,0.020,0.140,0.030,0.044,0.004,0.032,0.006,-0.007,-0.001,-0.004,-0.001,0.993,49.960
2610323024,2026-09-18 15:00:00,230.370,231.320,230.030,0.950,0.920,0.950,0.588,0.202,0.197,0.188,0.217,0.059,0.066,0.091,0.937,49.960
2610323027,2026-09-18 15:00:00,238.930,237.770,238.200,0.050,0.060,0.040,0.033,0.010,0.013,0.009,-0.010,-0.003,-0.004,-0.003,0.953,49.970
2410131384,2026-09-18 15:01:00,238.160,238.710,238.120,1.030,1.170,1.130,0.730,0.230,0.267,0.232,0.140,0.043,0.060,0.034,0.982,49.980
2510633389,2026-09-18 15:01:00,236.630,236.380,236.000,1.250,1.260,1.240,0.799,0.270,0.269,0.260,0.376,0.117,0.126,0.132,0.904,49.930
2410121440,2026-09-18 15:02:00,239.130,238.410,238.660,0.230,0.200,0.200,0.128,0.049,0.039,0.038,0.078,0.025,0.026,0.026,0.852,49.930
2246006313,2026-09-18 15:30:00,57.800,57.700,57.600,1.428,1.453,1.400,0.239,0.079,0.083,0.079,0.060,0.022,0.019,0.018,0.968,50.020
2410121326,2026-09-18 15:30:00,235.500,234.860,235.400,0.640,0.660,0.710,0.460,0.144,0.154,0.165,0.161,0.059,0.054,0.048,0.941,50.020
2410121353,2026-09-18 15:30:00,235.340,234.650,234.580,0.820,0.850,0.840,0.507,0.167,0.173,0.167,0.202,0.061,0.060,0.080,0.934,50.010
2410121371,2026-09-18 15:30:00,236.390,235.490,235.730,0.130,0.150,0.160,0.097,0.028,0.031,0.037,0.030,0.009,0.012,0.008,0.954,50.020
2410121424,2026-09-18 15:30:00,236.660,236.010,236.230,0.010,0.010,0.010,0.005,0.001,0.001,0.002,-0.003,-0.001,-0.001,0.000,0.850,50.000
2410121440,2026-09-18 15:30:00,236.430,235.750,235.810,0.040,0.020,0.010,0.014,0.007,0.004,0.002,-0.004,-0.003,-0.001,0.000,0.982,50.020
2410121454,2026-09-18 15:30:00,236.080,236.530,235.540,0.540,0.660,0.820,0.465,0.122,0.150,0.186,0.069,0.019,0.015,0.034,0.990,50.000
2410121457,2026-09-18 15:30:00,234.670,233.810,234.260,1.920,2.000,1.830,1.261,0.421,0.435,0.404,0.403,0.139,0.147,0.116,0.952,50.020
2410121574,2026-09-18 15:30:00,235.080,234.550,234.430,2.160,1.720,1.830,1.301,0.496,0.392,0.412,0.166,0.065,0.048,0.052,0.991,50.000
2410131378,2026-09-18 15:30:00,235.720,236.070,235.390,0.800,0.990,0.940,0.579,0.175,0.201,0.203,0.076,0.012,0.025,0.037,0.991,50.020
2410131383,2026-09-18 15:30:00,238.130,237.730,237.610,0.250,0.250,0.320,0.194,0.059,0.058,0.075,0.020,0.005,0.007,0.007,0.992,50.020
2410131384,2026-09-18 15:30:00,237.670,238.420,237.470,0.870,0.980,0.890,0.663,0.232,0.283,0.265,0.140,0.039,0.051,0.049,0.972,50.010
2410131387,2026-09-18 15:30:00,237.710,237.880,238.000,0.100,0.130,0.130,0.083,0.024,0.029,0.029,0.007,0.003,0.002,0.001,0.998,49.990
2410320615,2026-09-18 15:30:00,233.720,234.010,234.440,4.650,4.380,4.780,3.083,1.042,0.974,1.066,0.905,0.277,0.326,0.301,0.960,50.000
2410883988,2026-09-18 15:30:00,229.750,230.460,229.830,0.000,0.000,0.070,0.016,0.000,0.000,0.015,0.001,0.000,0.000,0.001,1.000,50.030
2410883990,2026-09-18 15:30:00,229.550,228.820,228.660,0.100,0.000,0.100,0.043,0.021,0.000,0.022,0.004,0.001,0.000,0.003,0.998,50.000
2410883991,2026-09-18 15:30:00,237.470,237.700,238.710,0.250,0.240,0.220,0.149,0.055,0.053,0.055,0.073,0.028,0.026,0.017,0.973,50.030
2410883993,2026-09-18 15:30:00,238.310,236.640,236.690,0.220,0.720,1.280,0.547,0.053,0.160,0.332,0.088,0.000,0.041,0.046,0.982,49.980
2410883994,2026-09-18 15:30:00,238.630,237.510,237.940,0.030,0.010,0.030,0.014,0.005,0.002,0.006,-0.002,-0.001,0.000,0.000,0.995,50.040
2410932742,2026-09-18 15:30:00,229.260,227.910,227.910,2.970,2.950,3.150,1.922,0.633,0.624,0.664,0.557,0.186,0.170,0.200,0.960,50.030
2411087432,2026-09-18 15:30:00,235.320,235.870,235.170,1.180,1.120,0.950,0.719,0.275,0.231,0.213,0.183,0.017,0.097,0.068,0.967,50.030
2411087433,2026-09-18 15:30:00,237.820,238.010,238.840,0.390,0.300,0.390,0.250,0.093,0.070,0.086,-0.038,-0.013,-0.014,-0.010,0.987,49.980
2411290205,2026-09-18 15:30:00,234.400,234.340,234.580,3.270,3.250,3.300,2.251,0.747,0.750,0.753,0.807,0.271,0.261,0.275,0.929,50.030
2510014481,2026-09-18 15:30:00,228.200,228.300,229.200,2.420,2.340,2.580,1.582,0.521,0.488,0.572,0.544,0.179,0.199,0.165,0.938,49.990
2510014482,2026-09-18 15:30:00,235.470,235.910,235.240,0.610,0.300,0.180,0.238,0.127,0.069,0.041,-0.008,0.000,-0.004,-0.004,1.000,50.020
2510014483,2026-09-18 15:30:00,237.360,237.600,238.410,0.090,0.060,0.080,0.045,0.018,0.012,0.015,-0.023,-0.007,-0.006,-0.009,0.908,50.000
2510014484,2026-09-18 15:30:00,236.250,235.930,236.620,1.840,2.180,1.770,1.321,0.421,0.511,0.388,0.397,0.138,0.127,0.132,0.956,50.030
2510178139,2026-09-18 15:30:00,235.800,236.330,235.540,0.860,0.800,0.850,0.572,0.196,0.183,0.192,0.173,0.059,0.059,0.053,0.954,50.000
2510178141,2026-09-18 15:30:00,235.290,235.740,236.260,0.650,0.310,0.340,0.280,0.129,0.072,0.079,0.007,0.021,-0.005,-0.008,1.000,50.020
2510203103,2026-09-18 15:30:00,225.300,224.090,224.320,0.360,0.240,0.250,0.085,0.049,0.025,0.032,0.135,0.048,0.046,0.039,0.682,50.000
2510203104,2026-09-18 15:30:00,231.250,231.230,232.080,1.370,1.370,1.300,0.877,0.302,0.295,0.279,0.231,0.057,0.087,0.086,0.966,50.020
2510203105,2026-09-18 15:30:00,230.820,229.480,229.960,1.530,1.530,1.550,1.047,0.346,0.345,0.362,0.317,0.108,0.112,0.096,0.956,49.990
2510203107,2026-09-18 15:30:00,223.630,223.240,224.080,2.500,2.510,2.400,1.544,0.523,0.517,0.503,0.517,0.173,0.186,0.156,0.948,50.000
2510203108,2026-09-18 15:30:00,235.680,235.860,235.240,0.610,1.170,1.260,0.756,0.148,0.284,0.323,0.091,0.023,0.032,0.035,0.991,50.020
2510203109,2026-09-18 15:30:00,237.140,238.120,236.840,0.950,0.870,1.100,0.658,0.215,0.201,0.241,0.132,0.051,0.033,0.047,0.979,50.000
2510203111,2026-09-18 15:30:00,235.060,235.610,235.940,1.750,1.500,1.920,1.152,0.385,0.332,0.434,0.265,0.116,0.072,0.077,0.974,50.010
2510203113,2026-09-18 15:30:00,236.840,236.520,236.160,3.230,2.920,3.580,2.280,0.762,0.679,0.838,0.305,0.079,0.107,0.119,0.991,50.030
2510203114,2026-09-18 15:30:00,231.080,231.180,231.990,1.090,1.130,1.050,0.667,0.236,0.218,0.214,0.201,0.057,0.071,0.072,0.960,50.000
2510203117,2026-09-18 15:30:00,229.740,229.090,228.940,0.270,0.320,0.220,0.152,0.045,0.068,0.038,0.098,0.040,0.025,0.032,0.837,50.030
2510203118,2026-09-18 15:30:00,125.170,125.200,125.690,0.180,0.160,0.160,0.068,0.025,0.022,0.021,-0.013,-0.004,-0.002,-0.006,0.981,49.990
2510203119,2026-09-18 15:30:00,229.600,228.850,228.700,0.000,0.000,0.000,0.000,0.000,0.000,0.000,0.000,0.000,0.000,0.000,1.000,50.000
2510203120,2026-09-18 15:30:00,237.750,236.760,237.100,1.760,1.370,1.350,1.026,0.404,0.311,0.309,0.227,0.086,0.073,0.067,0.976,50.020
2510203121,2026-09-18 15:30:00,228.710,228.520,229.380,0.070,0.060,0.190,0.063,0.013,0.013,0.036,0.012,0.006,0.004,0.001,0.986,49.990
2510203122,2026-09-18 15:30:00,235.180,235.750,235.170,0.700,0.700,0.640,0.348,0.127,0.120,0.101,0.318,0.100,0.106,0.111,0.739,50.030
2510203123,2026-09-18 15:30:00,234.910,235.350,235.720,0.880,1.530,1.050,1.308,0.445,0.494,0.368,0.293,0.145,0.107,0.141,0.993,50.010
2510203124,2026-09-18 15:30:00,236.020,236.120,235.580,0.690,0.670,0.740,0.469,0.155,0.151,0.162,0.112,0.037,0.037,0.036,0.971,50.010
2510203126,2026-09-18 15:30:00,229.330,229.140,230.060,0.070,0.000,0.000,0.015,0.015,0.000,0.000,0.001,0.001,0.000,0.000,0.997,50.010
2510203127,2026-09-18 15:30:00,234.960,235.500,234.840,0.980,1.040,1.070,0.662,0.204,0.225,0.233,0.165,0.067,0.044,0.053,0.971,50.000
2510203128,2026-09-18 15:30:00,237.150,237.740,236.190,1.710,1.650,1.780,1.182,0.395,0.380,0.405,0.152,0.040,0.046,0.066,0.992,50.000
2510203129,2026-09-18 15:30:00,237.850,237.550,238.090,0.010,0.010,0.000,0.005,0.002,0.002,0.000,-0.003,-0.002,0.000,0.000,0.847,50.010
2510203130,2026-09-18 15:30:00,242.670,242.720,243.900,0.000,0.000,0.060,0.013,0.000,0.000,0.013,0.001,0.000,0.000,0.001,0.963,50.000
2510203134,2026-09-18 15:30:00,239.040,237.940,238.110,0.020,0.010,0.010,0.007,0.004,0.002,0.001,-0.001,0.000,-0.001,0.000,0.975,50.030
2510224049,2026-09-18 15:30:00,228.250,229.080,228.320,0.260,1.390,0.020,0.260,0.050,0.200,0.000,-0.160,-0.020,-0.140,0.000,0.839,50.010
2510317505,2026-09-18 15:30:00,229.050,228.860,229.740,0.090,0.030,2.190,0.270,0.010,0.000,0.250,-0.250,-0.010,0.000,-0.230,0.742,50.020
2510317537,2026-09-18 15:30:00,236.770,236.590,238.300,2.480,2.480,2.530,1.970,0.650,0.660,0.650,-0.310,-0.100,-0.110,-0.110,0.983,50.020
2510389559,2026-09-18 15:30:00,238.260,238.070,238.250,0.000,0.000,0.000,0.000,0.000,0.000,0.000,0.000,0.000,0.000,0.000,1.000,50.030
2510389643,2026-09-18 15:30:00,237.980,237.750,237.930,0.240,0.000,0.000,0.050,0.050,0.000,0.000,-0.010,-0.010,0.000,0.000,0.955,50.030
2510389931,2026-09-18 15:30:00,237.630,237.000,237.670,0.050,0.000,0.000,0.000,0.000,0.000,0.000,-0.010,-0.010,0.000,0.000,0.197,50.010
2510633381,2026-09-18 15:30:00,238.730,237.560,237.850,0.070,0.110,0.030,0.047,0.015,0.025,0.006,-0.013,-0.006,-0.004,-0.002,0.959,50.000
2510633383,2026-09-18 15:30:00,235.260,235.750,236.280,1.750,1.330,1.690,1.075,0.394,0.295,0.384,0.018,0.029,0.000,-0.011,0.999,50.000
2510633385,2026-09-18 15:30:00,237.800,237.630,237.960,0.360,0.200,0.300,0.197,0.084,0.045,0.067,0.043,0.010,0.010,0.023,0.979,50.030
2510633386,2026-09-18 15:30:00,226.670,226.760,227.790,1.090,1.090,1.090,0.156,0.053,0.050,0.051,-0.687,-0.226,-0.230,-0.229,0.216,50.020
2510633387,2026-09-18 15:30:00,235.490,236.010,235.370,0.030,0.000,0.160,0.046,0.008,0.000,0.037,-0.005,0.000,0.000,-0.003,0.992,50.020
2510633389,2026-09-18 15:30:00,236.540,236.160,235.890,1.280,1.320,1.260,0.827,0.280,0.281,0.265,0.402,0.127,0.137,0.138,0.897,50.020
2510633390,2026-09-18 15:30:00,237.870,238.770,237.600,0.200,0.160,0.520,0.203,0.044,0.036,0.122,0.036,0.011,0.009,0.014,0.983,50.020
2510633391,2026-09-18 15:30:00,124.060,123.940,123.700,0.430,0.540,0.670,0.203,0.057,0.062,0.083,0.000,0.012,-0.015,0.002,1.000,50.010
2510633393,2026-09-18 15:30:00,235.980,236.480,236.260,1.880,1.920,1.870,1.282,0.423,0.437,0.421,0.323,0.110,0.099,0.113,0.969,50.020
2510633395,2026-09-18 15:30:00,236.110,236.540,235.520,0.000,0.000,0.000,0.000,0.000,0.000,0.000,0.000,0.000,0.000,0.000,1.000,50.000
2510633396,2026-09-18 15:30:00,235.920,235.380,235.710,0.540,0.610,0.520,0.370,0.119,0.134,0.116,0.108,0.034,0.038,0.035,0.960,50.000
2510633397,2026-09-18 15:30:00,244.220,242.850,243.160,0.640,0.710,0.750,0.462,0.139,0.156,0.166,0.198,0.064,0.067,0.066,0.918,50.020
2510633399,2026-09-18 15:30:00,228.640,228.390,229.380,0.470,0.550,0.550,0.358,0.107,0.124,0.126,0.017,0.005,0.006,0.005,0.998,50.000
2510633402,2026-09-18 15:30:00,229.810,229.820,230.950,0.650,0.730,0.790,0.421,0.122,0.143,0.203,0.205,0.065,0.065,0.073,0.912,50.020
2510633406,2026-09-18 15:30:00,228.750,228.450,229.480,0.010,0.010,0.010,0.004,0.002,0.000,0.000,-0.003,-0.001,0.000,-0.001,0.699,49.980
2510633411,2026-09-18 15:30:00,226.030,225.170,224.840,2.670,2.540,2.630,1.672,0.575,0.539,0.556,0.623,0.200,0.202,0.220,0.935,50.020
2610026950,2026-09-18 15:30:00,229.500,228.620,228.360,0.030,0.010,0.070,0.023,0.005,0.001,0.016,-0.001,0.000,0.000,0.000,0.996,49.990
2610026952,2026-09-18 15:30:00,234.240,233.560,233.740,1.770,1.700,1.750,1.026,0.344,0.331,0.350,0.633,0.222,0.208,0.200,0.851,49.980
2610026953,2026-09-18 15:30:00,236.720,236.380,236.990,0.720,0.720,0.740,0.572,0.190,0.189,0.192,0.195,0.074,0.064,0.055,0.928,49.990
2610026963,2026-09-18 15:30:00,236.330,236.290,236.820,0.170,0.030,0.100,0.065,0.038,0.003,0.023,-0.020,-0.008,-0.004,-0.007,0.958,50.010
2610026966,2026-09-18 15:30:00,230.840,230.890,230.450,0.780,0.950,0.930,0.604,0.180,0.217,0.206,0.071,0.026,0.025,0.020,0.992,50.000
2610026976,2026-09-18 15:30:00,235.460,235.330,236.180,0.940,1.980,1.240,0.857,0.215,0.356,0.258,0.116,0.049,0.036,0.030,0.990,50.010
2610026977,2026-09-18 15:30:00,242.190,242.430,241.630,0.140,0.140,0.140,0.074,0.024,0.024,0.024,0.071,0.023,0.023,0.024,0.720,50.020
2610126270,2026-09-18 15:30:00,228.600,229.470,228.850,0.060,0.060,0.030,0.033,0.013,0.014,0.005,-0.005,-0.002,-0.001,-0.002,0.995,50.000
2610126451,2026-09-18 15:30:00,236.250,236.680,236.040,0.000,0.050,0.080,0.031,0.000,0.012,0.019,0.002,0.000,0.000,0.002,0.999,49.990
2610159557,2026-09-18 15:30:00,238.490,237.370,237.600,0.020,0.030,0.030,0.018,0.003,0.008,0.007,-0.006,-0.002,-0.001,-0.001,0.920,49.990
2610170785,2026-09-18 15:30:00,238.370,237.170,237.540,0.020,0.020,0.000,0.007,0.004,0.003,0.000,0.002,0.000,0.001,0.000,0.961,49.990
2610170786,2026-09-18 15:30:00,237.710,237.950,238.900,0.000,0.000,0.000,0.000,0.000,0.000,0.000,0.000,0.000,0.000,0.000,1.000,50.020
2610170836,2026-09-18 15:30:00,235.800,236.020,236.650,0.010,0.020,0.000,0.006,0.001,0.004,0.000,0.000,0.000,0.000,0.000,0.944,50.000
2610170837,2026-09-18 15:30:00,231.120,229.830,230.070,0.030,0.000,0.000,0.004,0.004,0.000,0.000,0.004,0.005,0.000,0.000,0.746,50.000
2610170838,2026-09-18 15:30:00,238.430,237.210,237.540,0.000,0.040,0.110,0.027,0.000,0.010,0.016,0.000,0.000,0.000,0.000,0.996,50.020
2610170839,2026-09-18 15:30:00,237.020,237.360,238.170,0.140,0.120,0.150,0.068,0.036,0.034,0.044,0.064,0.024,0.019,0.019,0.793,50.000
2610170840,2026-09-18 15:30:00,237.270,237.010,237.680,0.010,0.000,0.000,0.002,0.001,0.000,0.000,0.000,0.000,0.000,0.000,1.000,50.000
2610322967,2026-09-18 15:30:00,239.180,237.900,237.950,0.010,0.010,0.010,0.002,0.000,0.000,0.002,0.000,0.000,0.000,0.000,0.707,50.020
2610322969,2026-09-18 15:30:00,229.330,228.550,228.450,0.420,0.390,0.230,0.235,0.071,0.096,0.052,0.022,0.012,0.008,0.001,0.995,49.980
2610322982,2026-09-18 15:30:00,237.430,237.630,238.520,0.020,0.030,0.050,0.022,0.004,0.006,0.011,-0.006,-0.001,-0.002,-0.002,0.950,49.990
2610322995,2026-09-18 15:30:00,237.080,237.430,238.350,0.000,0.050,0.060,0.024,0.000,0.010,0.013,-0.009,0.000,-0.004,-0.004,0.936,49.990
2610322997,2026-09-18 15:30:00,229.310,229.330,228.680,1.290,1.410,1.030,0.704,0.262,0.250,0.190,0.285,0.051,0.140,0.091,0.934,50.000
2610323001,2026-09-18 15:30:00,225.300,224.990,224.710,4.450,4.020,4.320,2.612,0.902,0.812,0.889,1.182,0.403,0.381,0.397,0.910,50.000
2610323004,2026-09-18 15:30:00,63.830,63.330,63.730,1.100,1.010,1.400,0.201,0.059,0.061,0.081,0.062,0.032,0.008,0.022,0.958,49.980
2610323005,2026-09-18 15:30:00,228.510,229.530,228.670,0.090,0.000,0.010,0.022,0.020,0.001,0.001,-0.001,0.000,0.000,-0.001,0.992,49.990
2610323010,2026-09-18 15:30:00,237.800,237.540,237.330,0.040,0.000,0.000,0.008,0.008,0.000,0.000,-0.006,-0.005,0.000,0.000,0.817,49.990
2610323016,2026-09-18 15:30:00,227.890,227.170,227.160,2.650,2.450,2.460,1.535,0.545,0.487,0.505,0.714,0.241,0.230,0.241,0.907,50.010
2610323017,2026-09-18 15:30:00,236.760,238.350,236.840,0.070,0.040,0.030,0.032,0.016,0.008,0.007,-0.010,-0.004,-0.003,-0.002,0.960,50.030
2610323024,2026-09-18 15:30:00,229.670,230.720,229.370,0.930,0.880,0.880,0.565,0.201,0.183,0.179,0.221,0.062,0.066,0.091,0.930,49.990
2610323027,2026-09-18 15:30:00,238.550,237.270,237.650,0.050,0.060,0.040,0.033,0.010,0.013,0.009,-0.010,-0.003,-0.004,-0.003,0.949,50.020
2510203106,2026-09-18 15:31:00,237.710,237.400,237.920,0.010,0.010,0.000,0.005,0.002,0.003,0.000,-0.002,-0.002,0.000,0.000,0.978,50.020
2510203112,2026-09-18 15:31:00,226.620,226.250,226.710,0.000,0.000,0.000,0.000,0.000,0.000,0.000,0.000,0.000,0.000,0.000,1.000,50.030
2510203133,2026-09-18 15:31:00,235.290,235.780,235.220,0.150,0.050,0.370,0.133,0.036,0.011,0.086,-0.006,0.000,0.004,-0.010,1.000,50.030
2510633400,2026-09-18 15:31:00,227.270,228.120,227.230,0.900,0.950,0.920,0.592,0.191,0.203,0.181,0.277,0.088,0.096,0.091,0.899,49.990
2510814977,2026-09-18 15:31:00,230.420,231.390,230.300,0.010,0.010,0.010,0.004,0.002,0.000,0.001,-0.002,0.000,-0.001,-0.001,0.924,50.000
2510224167,2026-09-18 15:32:00,228.530,228.270,229.480,0.900,0.120,0.360,0.220,0.140,0.010,0.050,-0.160,-0.090,-0.010,-0.050,0.797,50.010
2510317516,2026-09-18 15:32:00,229.390,229.200,230.080,0.000,0.000,0.000,0.000,0.000,0.000,0.000,0.000,0.000,0.000,0.000,1.000,49.990
2610323019,2026-09-18 15:32:00,228.510,229.700,228.960,0.020,0.150,0.040,0.045,0.004,0.033,0.007,-0.007,-0.001,-0.005,-0.001,0.973,49.990
2246006313,2026-09-18 16:00:00,57.800,57.600,57.600,1.441,1.460,1.404,0.240,0.080,0.081,0.078,0.060,0.021,0.019,0.018,0.970,49.990
2410121326,2026-09-18 16:00:00,237.260,236.320,236.520,0.620,0.620,0.770,0.446,0.132,0.138,0.174,0.154,0.054,0.047,0.051,0.943,49.940
2410121353,2026-09-18 16:00:00,236.990,236.030,236.030,1.100,1.070,1.080,0.704,0.242,0.231,0.229,0.240,0.076,0.080,0.084,0.946,50.040
2410121371,2026-09-18 16:00:00,238.200,237.130,237.230,0.060,0.110,0.090,0.061,0.015,0.024,0.021,0.000,0.000,0.000,0.000,0.993,50.130
2410121424,2026-09-18 16:00:00,237.880,237.110,237.260,0.010,0.010,0.010,0.005,0.001,0.001,0.002,-0.002,-0.001,-0.001,0.000,0.854,49.980
2410121440,2026-09-18 16:00:00,237.870,237.020,237.040,0.030,0.000,0.010,0.010,0.007,0.000,0.002,-0.004,-0.003,0.000,0.000,0.952,50.150
2410121454,2026-09-18 16:00:00,237.050,237.740,236.570,0.520,0.650,0.820,0.462,0.126,0.148,0.187,0.082,0.020,0.019,0.042,0.984,49.970
2410121457,2026-09-18 16:00:00,235.910,234.960,235.420,1.980,2.080,1.870,1.325,0.443,0.460,0.421,0.428,0.146,0.158,0.122,0.950,50.020
2410121574,2026-09-18 16:00:00,236.440,235.930,235.670,2.150,1.600,1.720,1.269,0.499,0.369,0.396,0.114,0.055,0.019,0.039,0.995,50.020
2410131378,2026-09-18 16:00:00,236.730,237.430,236.410,0.930,1.010,1.040,0.721,0.231,0.248,0.240,0.112,0.026,0.035,0.049,0.978,50.100
2410131383,2026-09-18 16:00:00,234.640,234.520,234.310,0.210,0.220,0.290,0.167,0.048,0.051,0.067,0.016,0.005,0.005,0.006,0.994,49.960
2410131384,2026-09-18 16:00:00,238.660,239.260,238.450,0.960,1.090,1.020,0.669,0.213,0.228,0.212,0.138,0.041,0.053,0.043,0.982,50.050
2410131387,2026-09-18 16:00:00,234.790,234.750,235.080,0.310,0.330,0.290,0.207,0.070,0.071,0.065,0.073,0.020,0.030,0.022,0.944,49.880
2410320615,2026-09-18 16:00:00,230.670,230.950,231.540,4.460,4.150,4.470,2.879,0.987,0.890,0.996,0.863,0.268,0.301,0.293,0.957,50.060
2410883988,2026-09-18 16:00:00,230.010,230.770,230.140,0.000,0.000,0.130,0.031,0.000,0.000,0.030,0.001,0.000,0.000,0.001,0.996,49.990
2410883990,2026-09-18 16:00:00,230.060,229.300,229.110,0.090,0.000,0.290,0.086,0.021,0.000,0.064,0.003,0.001,0.000,0.001,0.993,49.920
2410883991,2026-09-18 16:00:00,238.130,238.380,239.440,0.390,0.260,0.120,0.187,0.102,0.055,0.029,0.028,0.007,0.020,0.000,0.985,49.990
2410883993,2026-09-18 16:00:00,239.160,237.910,237.750,0.380,0.580,1.000,0.473,0.088,0.136,0.248,0.078,0.014,0.015,0.047,0.986,49.900
2410883994,2026-09-18 16:00:00,239.300,238.170,238.630,0.030,0.010,0.030,0.014,0.005,0.002,0.006,-0.002,-0.001,0.000,0.000,0.995,49.970
2411087432,2026-09-18 16:00:00,236.450,237.270,236.330,1.260,1.130,0.940,0.729,0.303,0.234,0.202,0.201,0.044,0.095,0.062,0.964,49.920
2411087433,2026-09-18 16:00:00,238.810,239.090,239.900,0.470,0.360,0.420,0.272,0.102,0.076,0.092,-0.023,-0.006,-0.010,-0.006,0.997,49.900
2411290205,2026-09-18 16:00:00,231.550,231.610,231.700,3.330,3.210,3.280,2.012,0.675,0.658,0.678,0.778,0.267,0.247,0.263,0.952,49.990
2510014481,2026-09-18 16:00:00,228.960,228.980,230.150,2.920,2.650,2.910,1.957,0.656,0.638,0.662,0.602,0.205,0.223,0.188,0.951,49.910
2510014482,2026-09-18 16:00:00,236.200,237.070,236.190,0.650,0.370,0.240,0.276,0.136,0.084,0.055,-0.011,-0.001,-0.002,-0.006,0.999,49.970
2510014483,2026-09-18 16:00:00,238.430,238.700,239.490,0.090,0.060,0.090,0.051,0.019,0.012,0.019,-0.023,-0.007,-0.006,-0.009,0.902,50.000
2510014484,2026-09-18 16:00:00,232.940,232.620,233.180,1.920,2.230,1.620,1.254,0.404,0.483,0.366,0.381,0.133,0.122,0.125,0.957,49.950
2510178139,2026-09-18 16:00:00,237.050,237.610,236.810,0.530,0.480,0.540,0.371,0.125,0.117,0.128,0.146,0.049,0.052,0.046,0.914,49.920
2510178141,2026-09-18 16:00:00,236.300,236.810,237.510,0.680,0.330,0.360,0.295,0.134,0.075,0.084,0.008,0.024,-0.005,-0.009,0.999,49.940
2510203103,2026-09-18 16:00:00,226.520,225.210,225.410,0.280,0.250,0.200,-0.022,0.013,-0.007,-0.027,0.141,0.049,0.051,0.040,0.170,50.050
2510203104,2026-09-18 16:00:00,231.950,231.960,232.730,1.230,1.220,1.270,0.796,0.270,0.257,0.268,0.254,0.065,0.093,0.095,0.954,50.020
2510203105,2026-09-18 16:00:00,231.630,230.330,230.620,1.490,1.490,1.500,1.004,0.335,0.330,0.328,0.314,0.107,0.112,0.094,0.953,49.900
2510203106,2026-09-18 16:00:00,234.090,233.720,234.150,0.010,0.010,0.000,0.005,0.001,0.003,0.000,-0.002,-0.001,0.000,0.000,0.965,50.030
2510203107,2026-09-18 16:00:00,221.350,220.840,221.450,1.970,1.950,1.880,1.203,0.410,0.400,0.392,0.371,0.125,0.134,0.111,0.954,49.920
2510203109,2026-09-18 16:00:00,238.190,239.070,237.850,0.810,0.730,0.960,0.550,0.181,0.163,0.205,0.135,0.052,0.035,0.049,0.971,49.910
2510203111,2026-09-18 16:00:00,236.670,237.110,237.660,1.410,1.130,1.560,0.895,0.300,0.244,0.349,0.261,0.118,0.066,0.076,0.960,50.050
2510203113,2026-09-18 16:00:00,233.160,232.860,232.380,3.260,3.170,3.850,2.344,0.752,0.721,0.870,0.282,0.053,0.119,0.109,0.992,49.970
2510203114,2026-09-18 16:00:00,231.960,232.140,232.880,0.920,0.940,0.890,0.622,0.217,0.213,0.191,0.190,0.053,0.066,0.071,0.951,49.910
2510203117,2026-09-18 16:00:00,229.710,229.000,228.670,0.300,0.430,0.340,0.222,0.057,0.094,0.070,0.091,0.034,0.024,0.032,0.925,50.020
2510203118,2026-09-18 16:00:00,125.670,125.700,126.210,0.200,0.180,0.180,0.067,0.024,0.021,0.021,-0.008,-0.003,0.000,-0.004,0.999,49.900
2510203119,2026-09-18 16:00:00,229.990,229.230,228.960,0.000,0.000,0.000,0.000,0.000,0.000,0.000,0.000,0.000,0.000,0.000,1.000,50.050
2510203120,2026-09-18 16:00:00,238.830,237.880,238.230,1.580,1.130,1.150,0.893,0.367,0.259,0.266,0.145,0.065,0.042,0.038,0.986,50.040
2510203121,2026-09-18 16:00:00,229.310,228.980,229.950,0.070,0.060,0.160,0.061,0.013,0.012,0.034,0.012,0.006,0.004,0.001,0.987,49.900
2510203122,2026-09-18 16:00:00,236.640,237.580,236.720,0.900,0.700,0.640,0.394,0.167,0.129,0.097,0.352,0.127,0.109,0.113,0.737,50.000
2510203123,2026-09-18 16:00:00,236.490,236.920,237.410,1.640,2.000,1.820,1.066,0.458,0.465,0.505,0.461,0.167,0.129,0.164,0.925,50.020
2510203124,2026-09-18 16:00:00,237.180,237.420,236.760,0.700,0.680,0.730,0.489,0.159,0.155,0.166,0.117,0.038,0.040,0.038,0.971,49.920
2510203126,2026-09-18 16:00:00,229.640,229.460,230.380,0.070,0.000,0.000,0.016,0.015,0.000,0.000,0.001,0.001,0.000,0.000,1.000,49.930
2510203127,2026-09-18 16:00:00,236.500,237.360,236.510,1.040,0.840,0.890,0.614,0.231,0.187,0.195,0.178,0.073,0.044,0.059,0.960,49.930
2510203128,2026-09-18 16:00:00,238.220,238.840,237.290,1.730,1.670,1.780,1.177,0.396,0.378,0.402,0.156,0.042,0.047,0.066,0.991,50.060
2510203129,2026-09-18 16:00:00,234.510,234.130,234.570,0.010,0.010,0.000,0.005,0.002,0.002,0.000,-0.003,-0.002,0.000,0.000,0.864,49.940
2510203130,2026-09-18 16:00:00,243.520,243.430,244.700,0.030,0.000,0.100,0.031,0.006,0.000,0.024,0.005,0.000,0.000,0.005,0.986,49.910
2510203133,2026-09-18 16:00:00,236.180,236.910,236.140,0.140,0.040,0.370,0.130,0.032,0.010,0.087,-0.005,0.001,0.003,-0.010,0.998,49.970
2510203134,2026-09-18 16:00:00,239.980,238.810,239.020,0.020,0.010,0.010,0.007,0.004,0.002,0.001,-0.001,0.000,-0.001,0.000,0.977,50.000
2510224049,2026-09-18 16:00:00,228.480,229.380,228.770,0.270,3.750,0.020,0.550,0.050,0.490,0.000,-0.040,-0.020,-0.010,0.000,0.998,49.920
2510224167,2026-09-18 16:00:00,229.220,228.870,229.930,0.740,0.120,0.360,0.170,0.090,0.010,0.050,-0.150,-0.080,-0.020,-0.050,0.748,49.950
2510317505,2026-09-18 16:00:00,229.320,229.060,229.980,0.090,0.030,2.190,0.280,0.010,0.000,0.260,-0.250,-0.010,0.000,-0.230,0.742,49.930
2510317537,2026-09-18 16:00:00,238.180,237.910,239.320,3.260,3.210,3.120,2.260,0.770,0.740,0.780,-0.360,-0.120,-0.110,-0.120,0.987,49.950
2510389559,2026-09-18 16:00:00,234.450,234.410,234.480,0.000,0.000,0.000,0.000,0.000,0.000,0.000,0.000,0.000,0.000,0.000,1.000,49.980
2510389643,2026-09-18 16:00:00,234.440,234.400,234.430,0.260,0.000,0.000,0.050,0.050,0.000,0.000,-0.010,-0.010,0.000,0.000,0.971,49.940
2510389931,2026-09-18 16:00:00,233.020,232.670,233.170,0.050,0.000,0.000,0.000,0.000,0.000,0.000,-0.010,-0.010,0.000,0.000,0.201,49.920
2510633381,2026-09-18 16:00:00,239.470,238.320,238.660,0.060,0.110,0.030,0.045,0.012,0.026,0.006,-0.011,-0.005,-0.004,-0.001,0.972,49.920
2510633383,2026-09-18 16:00:00,236.130,236.930,237.490,1.800,1.340,1.690,1.090,0.405,0.307,0.385,0.037,0.043,0.001,-0.007,0.999,49.920
2510633385,2026-09-18 16:00:00,234.820,234.780,234.840,0.370,0.090,0.290,0.171,0.085,0.020,0.065,0.034,0.012,0.001,0.020,0.981,50.050
2510633386,2026-09-18 16:00:00,227.830,227.960,228.880,1.100,1.120,1.110,0.168,0.055,0.057,0.054,-0.696,-0.230,-0.233,-0.232,0.247,50.100
2510633387,2026-09-18 16:00:00,236.600,237.370,236.680,0.030,0.000,0.160,0.046,0.008,0.000,0.037,-0.005,0.000,0.000,-0.003,1.000,50.060
2510633389,2026-09-18 16:00:00,233.170,233.040,232.670,1.840,1.840,1.780,1.214,0.412,0.408,0.390,0.362,0.114,0.119,0.127,0.957,50.020
2510633390,2026-09-18 16:00:00,238.880,239.730,238.560,0.350,0.320,0.700,0.319,0.077,0.075,0.166,0.061,0.029,0.013,0.018,0.980,49.990
2510633391,2026-09-18 16:00:00,124.430,124.220,124.060,0.540,0.640,0.810,0.252,0.071,0.076,0.104,0.000,0.016,-0.019,0.003,1.000,49.960
2510633393,2026-09-18 16:00:00,232.800,233.160,233.090,1.790,1.810,1.760,1.216,0.404,0.412,0.399,0.286,0.097,0.086,0.101,0.972,50.150
2510633395,2026-09-18 16:00:00,237.020,237.540,236.360,0.000,0.000,0.000,0.000,0.000,0.000,0.000,0.000,0.000,0.000,0.000,1.000,49.910
2510633396,2026-09-18 16:00:00,237.200,236.400,236.860,0.580,0.650,0.560,0.403,0.130,0.144,0.127,0.115,0.037,0.041,0.037,0.963,49.920
2510633397,2026-09-18 16:00:00,245.040,243.680,244.070,0.770,0.800,0.830,0.524,0.166,0.172,0.184,0.216,0.071,0.074,0.070,0.925,49.990
2510633399,2026-09-18 16:00:00,229.000,228.700,229.680,0.470,0.530,0.550,0.354,0.107,0.121,0.126,0.018,0.005,0.006,0.006,0.999,49.920
2510633400,2026-09-18 16:00:00,227.390,228.220,227.400,0.920,0.970,0.930,0.594,0.193,0.214,0.184,0.277,0.088,0.096,0.092,0.899,49.950
2510633402,2026-09-18 16:00:00,230.820,230.710,231.950,0.730,0.840,0.900,0.474,0.139,0.161,0.173,0.197,0.063,0.063,0.070,0.926,50.130
2510633406,2026-09-18 16:00:00,229.080,228.680,229.820,0.010,0.010,0.010,0.003,0.001,0.000,0.000,-0.003,-0.001,0.000,-0.001,0.687,49.910
2510633411,2026-09-18 16:00:00,226.370,225.490,225.100,2.640,2.490,2.570,1.610,0.559,0.520,0.530,0.599,0.193,0.194,0.211,0.937,49.960
2510814977,2026-09-18 16:00:00,231.210,232.330,231.200,0.010,0.010,0.010,0.004,0.002,0.000,0.001,-0.002,0.000,-0.001,-0.001,0.945,49.900
2610026950,2026-09-18 16:00:00,229.740,228.870,228.580,0.040,0.030,0.070,0.031,0.009,0.006,0.015,0.004,0.001,0.001,0.001,1.000,49.900
2610026952,2026-09-18 16:00:00,235.470,234.710,235.080,1.810,1.740,1.780,1.064,0.357,0.345,0.362,0.642,0.225,0.213,0.204,0.856,49.910
2610026953,2026-09-18 16:00:00,233.510,233.090,233.560,0.880,0.810,0.840,0.481,0.162,0.158,0.161,0.182,0.069,0.061,0.052,0.948,49.910
2610026963,2026-09-18 16:00:00,237.400,237.350,238.160,0.120,0.020,0.080,0.041,0.026,-0.003,0.017,-0.017,-0.007,-0.002,-0.007,0.908,49.920
2610026966,2026-09-18 16:00:00,229.420,229.660,229.040,0.800,0.770,0.870,0.562,0.176,0.168,0.238,0.077,0.032,0.024,0.020,0.989,49.910
2610026976,2026-09-18 16:00:00,236.530,236.410,237.240,0.960,1.820,1.040,0.864,0.218,0.412,0.233,0.163,0.043,0.042,0.077,0.982,49.920
2610026977,2026-09-18 16:00:00,241.090,241.340,240.490,0.000,0.000,0.000,0.000,0.000,0.000,0.000,-0.001,0.000,0.000,0.000,0.008,49.950
2610126270,2026-09-18 16:00:00,229.040,229.960,229.300,0.060,0.060,0.030,0.033,0.013,0.012,0.006,-0.005,-0.002,-0.001,-0.001,0.993,49.920
2610126451,2026-09-18 16:00:00,237.580,238.040,237.270,0.000,0.000,0.120,0.027,0.000,0.000,0.026,0.002,0.000,0.000,0.002,0.999,49.910
2610159557,2026-09-18 16:00:00,239.560,238.430,238.640,0.020,0.040,0.040,0.021,0.004,0.008,0.008,-0.007,-0.003,-0.001,-0.002,0.959,49.910
2610170785,2026-09-18 16:00:00,239.590,238.440,238.800,0.020,0.010,0.000,0.007,0.003,0.003,0.000,0.000,0.000,0.000,0.000,1.000,50.010
2610170786,2026-09-18 16:00:00,238.280,238.680,239.380,0.790,0.600,0.860,0.378,0.105,0.109,0.162,0.064,0.021,0.017,0.025,0.992,49.940
2610170837,2026-09-18 16:00:00,232.070,230.780,230.890,0.030,0.000,0.000,0.004,0.004,0.000,0.000,0.005,0.005,0.000,0.000,0.628,49.930
2610170838,2026-09-18 16:00:00,239.400,238.130,238.480,0.020,0.070,0.080,0.038,0.009,0.017,0.019,0.006,0.000,0.000,0.006,0.987,49.960
2610170839,2026-09-18 16:00:00,238.040,238.330,239.210,0.160,0.110,0.140,0.104,0.033,0.033,0.037,0.056,0.018,0.018,0.018,0.788,49.930
2610170840,2026-09-18 16:00:00,233.050,232.720,233.220,0.890,0.880,0.890,0.554,0.185,0.183,0.185,0.281,0.094,0.092,0.094,0.891,49.920
2610322967,2026-09-18 16:00:00,239.980,238.700,238.710,0.000,0.000,0.010,0.002,0.000,0.000,0.002,0.000,0.000,0.000,0.000,0.860,49.910
2610322969,2026-09-18 16:00:00,229.760,228.970,228.630,0.230,0.250,0.350,0.213,0.052,0.072,0.089,0.024,0.005,0.003,0.013,0.998,49.910
2610322982,2026-09-18 16:00:00,238.520,238.700,239.610,0.020,0.030,0.050,0.022,0.004,0.006,0.011,-0.006,-0.001,-0.002,-0.002,0.949,49.910
2610322995,2026-09-18 16:00:00,238.320,238.640,239.550,0.000,0.050,0.060,0.024,0.000,0.010,0.013,-0.009,0.000,-0.004,-0.004,0.931,49.920
2610322997,2026-09-18 16:00:00,229.860,230.020,229.700,1.340,1.510,1.010,0.685,0.261,0.247,0.175,0.359,0.074,0.177,0.106,0.894,49.910
2610323001,2026-09-18 16:00:00,226.040,225.910,225.320,4.660,4.070,4.400,2.708,0.971,0.831,0.909,1.217,0.415,0.392,0.409,0.911,49.920
2610323004,2026-09-18 16:00:00,64.120,63.590,63.970,1.090,0.970,1.350,0.197,0.058,0.059,0.079,0.064,0.033,0.008,0.022,0.951,49.910
2610323005,2026-09-18 16:00:00,228.980,229.970,229.130,0.090,0.000,0.010,0.022,0.020,0.001,0.001,-0.001,0.000,0.000,-0.001,0.987,49.920
2610323010,2026-09-18 16:00:00,234.470,234.420,234.150,0.050,0.000,0.000,0.010,0.010,0.000,0.000,-0.007,-0.006,0.000,0.000,0.818,49.920
2610323016,2026-09-18 16:00:00,227.890,227.250,226.930,3.840,3.660,3.690,2.320,0.806,0.756,0.753,0.899,0.295,0.293,0.310,0.932,49.920
2610323017,2026-09-18 16:00:00,238.080,239.370,238.160,0.070,0.040,0.030,0.032,0.016,0.008,0.007,-0.010,-0.004,-0.003,-0.002,0.955,49.940
2610323019,2026-09-18 16:00:00,228.810,229.890,229.180,0.060,0.200,0.030,0.066,0.012,0.045,0.007,-0.010,-0.003,-0.004,-0.001,0.982,49.920
2610323024,2026-09-18 16:00:00,230.490,231.690,230.370,0.910,0.860,0.810,0.534,0.199,0.180,0.164,0.214,0.062,0.063,0.089,0.929,49.920
2610323027,2026-09-18 16:00:00,239.570,238.290,238.720,0.050,0.060,0.040,0.033,0.010,0.013,0.009,-0.010,-0.003,-0.004,-0.003,0.952,49.940
2410932742,2026-09-18 16:01:00,230.130,228.760,228.620,3.000,2.970,3.140,1.942,0.643,0.632,0.667,0.565,0.185,0.177,0.202,0.960,49.920
2510203108,2026-09-18 16:01:00,236.600,237.240,236.220,1.030,1.310,1.700,0.812,0.198,0.269,0.344,0.216,0.070,0.065,0.080,0.972,50.000
2510317516,2026-09-18 16:01:00,230.110,229.850,230.680,0.000,0.000,0.000,0.000,0.000,0.000,0.000,0.000,0.000,0.000,0.000,1.000,50.100
2610170836,2026-09-18 16:02:00,236.980,237.100,237.900,0.170,0.180,0.180,0.046,0.014,0.017,0.015,-0.001,0.000,0.000,0.000,0.994,49.950
2246006313,2026-09-18 16:30:00,58.100,57.900,57.900,1.339,1.361,1.320,0.223,0.074,0.075,0.073,0.052,0.018,0.017,0.017,0.974,50.150
2410121326,2026-09-18 16:30:00,236.070,235.190,235.470,0.760,0.790,0.790,0.527,0.173,0.181,0.173,0.156,0.058,0.054,0.055,0.959,50.190
2410121353,2026-09-18 16:30:00,236.700,235.940,235.970,0.880,0.900,0.870,0.579,0.195,0.197,0.187,0.201,0.061,0.062,0.077,0.944,50.180
2410121371,2026-09-18 16:30:00,236.980,236.930,237.180,0.180,0.220,0.170,0.134,0.042,0.051,0.040,0.000,-0.002,0.003,0.000,1.000,50.220
2410121454,2026-09-18 16:30:00,236.860,237.650,236.520,0.570,0.720,0.950,0.515,0.135,0.164,0.214,0.081,0.020,0.018,0.042,0.987,50.230
2410121457,2026-09-18 16:30:00,235.780,234.810,235.320,1.890,2.000,1.790,1.252,0.415,0.439,0.397,0.418,0.143,0.155,0.120,0.948,50.240
2410121574,2026-09-18 16:30:00,236.560,236.280,236.080,2.020,1.440,1.460,1.143,0.471,0.333,0.338,0.093,0.052,0.011,0.029,0.996,50.200
2410131378,2026-09-18 16:30:00,236.920,237.420,236.580,0.700,0.870,0.840,0.614,0.185,0.213,0.214,0.150,0.036,0.050,0.063,0.973,50.210
2410131383,2026-09-18 16:30:00,235.700,235.610,235.440,0.180,0.160,0.250,0.139,0.041,0.037,0.059,0.004,0.000,0.001,0.002,0.998,50.200
2410131387,2026-09-18 16:30:00,235.630,235.810,236.130,0.270,0.220,0.250,0.102,0.038,0.027,0.037,0.038,0.017,0.013,0.008,0.928,50.200
2410320615,2026-09-18 16:30:00,231.400,231.520,232.250,4.570,4.300,4.680,2.979,1.010,0.947,1.021,0.901,0.280,0.318,0.302,0.957,50.210
2410883988,2026-09-18 16:30:00,231.140,231.760,231.250,0.000,0.000,0.070,0.016,0.000,0.000,0.015,0.001,0.000,0.000,0.001,1.000,50.170
2410883990,2026-09-18 16:30:00,231.500,230.890,230.800,0.090,0.000,0.270,0.084,0.021,0.000,0.062,0.003,0.001,0.000,0.001,0.994,50.200
2410883991,2026-09-18 16:30:00,238.510,238.860,239.940,0.530,0.180,0.110,0.184,0.134,0.036,0.025,0.037,0.016,0.020,0.000,0.982,50.140
2410883993,2026-09-18 16:30:00,238.990,237.920,237.960,1.010,1.230,1.530,0.678,0.166,0.174,0.294,0.253,0.083,0.071,0.098,0.932,50.190
2410883994,2026-09-18 16:30:00,240.100,238.970,239.370,0.030,0.010,0.030,0.014,0.005,0.002,0.006,-0.002,-0.001,0.000,0.000,0.997,50.170
2410932742,2026-09-18 16:30:00,231.070,229.250,229.320,3.250,3.230,3.370,2.114,0.703,0.690,0.721,0.608,0.202,0.195,0.210,0.961,50.160
2411087432,2026-09-18 16:30:00,235.900,236.690,235.830,0.930,1.060,0.960,0.629,0.208,0.216,0.204,0.196,0.050,0.080,0.065,0.954,50.170
2411087433,2026-09-18 16:30:00,239.420,239.650,240.520,0.460,0.370,0.430,0.263,0.097,0.074,0.091,-0.033,-0.009,-0.013,-0.010,0.996,50.200
2411290205,2026-09-18 16:30:00,231.370,231.300,231.360,3.610,3.620,3.670,2.555,0.844,0.851,0.859,0.890,0.304,0.282,0.303,0.937,50.140
2510014481,2026-09-18 16:30:00,229.600,229.530,230.580,3.280,3.130,3.750,1.818,0.603,0.555,0.673,0.660,0.212,0.234,0.213,0.951,50.190
2510014482,2026-09-18 16:30:00,235.950,236.560,235.810,0.740,0.470,0.370,0.360,0.164,0.110,0.086,-0.031,-0.009,-0.008,-0.013,0.997,50.180
2510014483,2026-09-18 16:30:00,238.990,239.150,240.010,0.050,0.040,0.090,0.036,0.010,0.007,0.018,-0.022,-0.006,-0.006,-0.009,0.838,50.200
2510014484,2026-09-18 16:30:00,234.110,233.680,234.160,1.940,2.340,1.940,1.428,0.459,0.529,0.421,0.386,0.134,0.124,0.127,0.963,50.200
2510178139,2026-09-18 16:30:00,236.890,237.550,236.670,0.390,0.380,0.460,0.293,0.086,0.102,0.103,0.059,0.017,0.024,0.017,0.978,50.200
2510178141,2026-09-18 16:30:00,236.010,236.580,237.140,0.610,0.270,0.310,0.260,0.122,0.066,0.071,0.002,0.020,-0.007,-0.011,0.998,50.190
2510203103,2026-09-18 16:30:00,228.610,226.870,227.150,0.190,0.140,0.170,0.158,0.061,0.051,0.039,-0.093,-0.030,-0.026,-0.037,0.544,50.200
2510203104,2026-09-18 16:30:00,232.460,232.440,233.280,1.060,1.090,1.030,0.684,0.233,0.228,0.220,0.215,0.053,0.078,0.083,0.954,50.160
2510203105,2026-09-18 16:30:00,232.910,231.400,231.850,1.190,1.270,1.230,0.825,0.267,0.283,0.274,0.195,0.067,0.072,0.056,0.966,50.210
2510203106,2026-09-18 16:30:00,234.570,234.160,234.540,0.010,0.010,0.000,0.006,0.002,0.003,0.000,-0.002,-0.001,0.000,0.000,0.870,50.180
2510203107,2026-09-18 16:30:00,221.650,221.050,221.720,2.200,2.190,2.050,1.310,0.448,0.440,0.421,0.477,0.159,0.174,0.142,0.939,50.190
2510203108,2026-09-18 16:30:00,235.880,236.340,235.440,0.920,1.480,1.580,0.947,0.196,0.355,0.395,0.197,0.062,0.059,0.074,0.978,50.180
2510203109,2026-09-18 16:30:00,238.710,239.610,238.380,0.850,0.770,1.000,0.592,0.194,0.177,0.220,0.127,0.048,0.032,0.046,0.977,50.200
2510203111,2026-09-18 16:30:00,235.450,235.880,236.430,1.760,1.510,1.960,1.163,0.385,0.334,0.444,0.276,0.123,0.072,0.081,0.971,50.190
2510203113,2026-09-18 16:30:00,233.970,233.820,233.260,3.050,3.000,3.750,2.245,0.706,0.683,0.859,0.317,0.069,0.120,0.127,0.991,50.170
2510203114,2026-09-18 16:30:00,232.680,232.840,233.590,0.810,0.800,0.830,0.520,0.175,0.173,0.177,0.172,0.050,0.057,0.064,0.948,50.200
2510203117,2026-09-18 16:30:00,230.690,230.130,229.970,0.430,0.520,0.440,0.298,0.088,0.117,0.102,0.098,0.041,0.025,0.032,0.949,50.150
2510203118,2026-09-18 16:30:00,126.050,126.050,126.540,0.210,0.190,0.180,0.076,0.027,0.024,0.024,0.000,0.000,0.001,-0.001,1.000,50.200
2510203119,2026-09-18 16:30:00,231.100,230.390,230.160,0.000,0.000,0.000,0.000,0.000,0.000,0.000,0.000,0.000,0.000,0.000,1.000,50.200
2510203120,2026-09-18 16:30:00,239.340,238.320,238.680,1.570,1.150,1.160,0.896,0.366,0.263,0.266,0.176,0.073,0.057,0.046,0.981,50.170
2510203121,2026-09-18 16:30:00,230.830,230.590,231.350,0.010,0.010,0.110,0.031,0.001,0.001,0.028,-0.007,0.000,-0.002,-0.005,0.960,50.200
2510203122,2026-09-18 16:30:00,235.400,236.250,235.350,0.750,0.720,0.660,0.374,0.138,0.128,0.107,0.331,0.109,0.111,0.110,0.746,50.160
2510203123,2026-09-18 16:30:00,234.990,235.430,236.010,0.750,0.840,0.760,0.809,0.240,0.338,0.230,0.341,0.133,0.089,0.118,0.822,50.170
2510203124,2026-09-18 16:30:00,236.780,237.040,236.340,0.690,0.670,0.720,0.451,0.149,0.144,0.155,0.117,0.040,0.038,0.038,0.968,50.190
2510203126,2026-09-18 16:30:00,231.180,230.980,231.760,0.070,0.000,0.000,0.016,0.015,0.000,0.000,0.001,0.001,0.000,0.000,1.000,50.190
2510203128,2026-09-18 16:30:00,238.750,239.390,237.770,1.730,1.670,1.800,1.208,0.405,0.387,0.415,0.151,0.035,0.048,0.067,0.992,50.200
2510203129,2026-09-18 16:30:00,235.640,235.240,235.610,0.010,0.010,0.000,0.004,0.002,0.002,0.000,-0.003,-0.002,0.000,0.000,0.813,50.190
2510203130,2026-09-18 16:30:00,244.760,244.690,246.120,0.000,0.000,0.050,0.017,0.000,0.000,0.017,0.001,0.000,0.000,0.001,1.000,50.190
2510203133,2026-09-18 16:30:00,235.570,236.180,235.480,0.210,0.050,0.380,0.144,0.048,0.011,0.088,-0.004,0.002,0.004,-0.011,0.999,50.120
2510203134,2026-09-18 16:30:00,240.050,238.870,238.990,0.020,0.010,0.010,0.007,0.004,0.002,0.001,-0.002,0.000,-0.001,0.000,0.979,50.160
2510224049,2026-09-18 16:30:00,230.210,230.770,230.290,0.270,1.360,0.020,0.250,0.050,0.200,0.000,-0.160,-0.020,-0.130,0.000,0.841,50.200
2510224167,2026-09-18 16:30:00,230.700,230.480,231.290,0.750,0.120,0.360,0.170,0.090,0.010,0.050,-0.150,-0.080,-0.020,-0.050,0.741,50.190
2510317505,2026-09-18 16:30:00,230.760,230.520,231.330,0.090,0.030,2.190,0.280,0.010,0.000,0.260,-0.250,-0.010,0.000,-0.240,0.737,50.200
2510317516,2026-09-18 16:30:00,231.180,231.040,231.730,0.000,0.000,0.000,0.000,0.000,0.000,0.000,0.000,0.000,0.000,0.000,1.000,50.200
2510317537,2026-09-18 16:30:00,238.270,238.040,239.470,2.950,3.020,2.870,1.880,0.630,0.640,0.610,-0.330,-0.100,-0.110,-0.110,0.986,50.190
2510389559,2026-09-18 16:30:00,235.670,235.470,235.690,0.000,0.000,0.000,0.000,0.000,0.000,0.000,0.000,0.000,0.000,0.000,1.000,50.170
2510389643,2026-09-18 16:30:00,235.810,235.550,235.800,0.110,0.000,0.000,0.010,0.010,0.000,0.000,-0.010,-0.010,0.000,0.000,0.780,50.200
2510389931,2026-09-18 16:30:00,235.300,234.700,235.220,0.050,0.000,0.000,0.000,0.000,0.000,0.000,-0.010,-0.010,0.000,0.000,0.180,50.210
2510633381,2026-09-18 16:30:00,240.250,239.150,239.420,0.060,0.080,0.020,0.036,0.012,0.019,0.005,-0.011,-0.005,-0.004,-0.001,0.948,50.190
2510633383,2026-09-18 16:30:00,235.890,236.530,237.140,1.750,1.280,1.690,1.065,0.393,0.289,0.382,0.044,0.045,0.003,-0.004,0.998,50.200
2510633385,2026-09-18 16:30:00,235.990,235.780,235.880,0.230,0.090,0.150,0.109,0.055,0.019,0.033,0.010,0.004,0.001,0.005,0.993,50.230
2510633386,2026-09-18 16:30:00,228.290,228.330,229.220,1.130,1.120,1.120,0.163,0.054,0.053,0.055,-0.703,-0.233,-0.235,-0.234,0.228,50.220
2510633387,2026-09-18 16:30:00,236.310,236.960,236.330,0.030,0.010,0.160,0.045,0.008,0.000,0.036,-0.005,0.000,0.000,-0.004,1.000,50.230
2510633389,2026-09-18 16:30:00,234.390,234.320,233.920,1.590,1.570,1.520,1.068,0.370,0.360,0.346,0.361,0.114,0.120,0.126,0.950,50.240
2510633391,2026-09-18 16:30:00,124.670,124.380,124.190,0.460,0.620,0.690,0.198,0.053,0.065,0.079,0.001,0.010,-0.013,0.005,0.998,50.200
2510633393,2026-09-18 16:30:00,233.850,234.120,234.130,1.760,1.780,1.760,1.227,0.406,0.412,0.401,0.261,0.091,0.076,0.092,0.978,50.210
2510633395,2026-09-18 16:30:00,236.850,237.350,236.110,0.000,0.000,0.000,0.000,0.000,0.000,0.000,0.000,0.000,0.000,0.000,1.000,50.190
2510633396,2026-09-18 16:30:00,236.810,236.080,236.480,0.490,0.560,0.470,0.341,0.110,0.124,0.106,0.109,0.034,0.039,0.034,0.952,50.190
2510633397,2026-09-18 16:30:00,246.120,244.770,245.120,0.630,0.630,0.640,0.407,0.134,0.134,0.139,0.204,0.067,0.067,0.068,0.893,50.230
2510633399,2026-09-18 16:30:00,230.580,230.260,231.170,0.450,0.540,0.500,0.342,0.103,0.124,0.114,0.003,0.001,0.001,0.000,0.998,50.190
2510633400,2026-09-18 16:30:00,229.020,229.730,228.970,1.000,1.060,1.030,0.649,0.210,0.221,0.211,0.308,0.097,0.106,0.105,0.903,50.200
2510633402,2026-09-18 16:30:00,231.610,231.580,232.870,0.740,0.830,0.870,0.508,0.152,0.172,0.172,0.161,0.050,0.052,0.058,0.958,50.210
2510633406,2026-09-18 16:30:00,230.590,230.370,231.260,0.010,0.010,0.010,0.003,0.001,0.000,0.000,-0.003,-0.001,0.000,-0.001,0.689,50.200
2510633411,2026-09-18 16:30:00,228.280,227.560,227.230,2.340,2.190,2.250,1.406,0.492,0.451,0.462,0.541,0.175,0.174,0.190,0.934,50.190
2510814977,2026-09-18 16:30:00,232.070,233.310,232.000,0.010,0.010,0.010,0.004,0.002,0.000,0.001,-0.002,0.000,-0.001,-0.001,0.913,50.200
2610026950,2026-09-18 16:30:00,231.220,230.440,230.310,0.030,0.010,0.050,0.019,0.006,0.001,0.011,-0.001,0.000,0.000,0.000,1.000,50.190
2610026953,2026-09-18 16:30:00,234.370,233.920,234.440,0.810,0.760,0.750,0.488,0.171,0.156,0.159,0.177,0.070,0.059,0.047,0.938,50.200
2610026963,2026-09-18 16:30:00,237.030,236.930,237.740,0.330,0.160,0.170,0.155,0.075,0.038,0.041,-0.024,-0.010,-0.004,-0.008,0.986,50.190
2610026966,2026-09-18 16:30:00,229.600,230.260,229.670,0.890,0.650,0.690,0.491,0.195,0.140,0.155,0.028,0.016,0.006,0.006,0.998,50.190
2610026976,2026-09-18 16:30:00,236.720,236.370,237.230,0.890,1.610,1.120,0.801,0.199,0.383,0.218,0.053,-0.009,0.027,0.012,0.998,50.200
2610026977,2026-09-18 16:30:00,240.670,241.840,241.140,0.350,0.000,0.000,0.071,0.070,0.000,0.000,0.047,0.047,0.000,0.000,0.831,50.190
2610126270,2026-09-18 16:30:00,230.740,231.300,230.840,0.060,0.050,0.010,0.028,0.013,0.012,0.002,-0.005,-0.002,-0.001,-0.001,0.986,50.200
2610126451,2026-09-18 16:30:00,237.210,237.680,237.030,0.000,0.030,0.110,0.033,0.000,0.006,0.026,0.007,0.000,0.004,0.003,0.980,50.190
2610159557,2026-09-18 16:30:00,240.130,239.100,239.260,0.020,0.030,0.030,0.019,0.004,0.008,0.007,-0.006,-0.003,-0.001,-0.002,0.947,50.200
2610170785,2026-09-18 16:30:00,239.930,238.860,239.150,0.010,0.010,0.000,0.006,0.003,0.003,0.000,0.000,0.000,0.000,0.000,1.000,50.200
2610170786,2026-09-18 16:30:00,238.990,239.290,239.880,0.930,0.960,1.100,0.632,0.207,0.211,0.257,0.133,0.054,0.028,0.050,0.977,50.190
2610170836,2026-09-18 16:30:00,236.520,236.740,237.380,0.010,0.020,0.000,0.013,0.003,0.006,0.003,-0.001,0.000,0.000,0.000,1.000,50.200
2610170837,2026-09-18 16:30:00,233.450,231.940,232.030,0.000,0.000,0.020,0.004,0.000,0.000,0.004,0.000,0.000,0.000,0.000,1.000,50.200
2610170838,2026-09-18 16:30:00,240.090,238.860,239.140,0.000,0.040,0.140,0.038,0.000,0.010,0.026,0.005,0.000,0.000,0.003,0.985,50.190
2610170839,2026-09-18 16:30:00,238.590,238.850,239.760,0.110,0.110,0.140,0.062,0.018,0.018,0.025,0.054,0.017,0.018,0.020,0.781,50.200
2610170840,2026-09-18 16:30:00,235.220,234.650,235.160,0.010,0.000,0.000,0.002,0.001,0.000,0.000,0.000,0.000,0.000,0.000,1.000,50.200
2610322967,2026-09-18 16:30:00,240.530,239.300,239.280,0.000,0.000,0.030,0.011,0.000,0.000,0.010,0.001,0.000,0.000,0.000,0.979,50.190
2610322969,2026-09-18 16:30:00,231.090,230.380,230.360,0.290,0.320,0.240,0.200,0.072,0.072,0.054,0.032,0.012,0.013,0.005,0.988,50.200
2610322982,2026-09-18 16:30:00,239.110,239.240,240.150,0.020,0.030,0.050,0.022,0.004,0.006,0.011,-0.006,-0.001,-0.002,-0.002,0.949,50.190
2610322995,2026-09-18 16:30:00,238.650,239.070,239.920,0.000,0.050,0.060,0.024,0.000,0.010,0.013,-0.009,0.000,-0.004,-0.004,0.930,50.200
2610322997,2026-09-18 16:30:00,231.080,231.460,230.750,1.170,1.300,0.910,0.691,0.255,0.252,0.182,0.332,0.061,0.160,0.111,0.899,50.200
2610323001,2026-09-18 16:30:00,227.690,227.450,226.910,4.280,3.610,3.920,2.397,0.873,0.726,0.796,1.163,0.400,0.371,0.391,0.899,50.210
2610323004,2026-09-18 16:30:00,64.420,63.850,64.270,1.130,1.090,1.380,0.225,0.068,0.068,0.087,0.027,0.019,-0.001,0.009,0.991,50.200
2610323005,2026-09-18 16:30:00,230.460,231.250,230.520,0.090,0.000,0.010,0.022,0.020,0.001,0.001,-0.002,0.000,0.000,-0.001,0.993,50.200
2610323010,2026-09-18 16:30:00,235.110,235.170,234.870,0.050,0.000,0.000,0.010,0.010,0.000,0.000,-0.006,-0.006,0.000,0.000,0.857,50.200
2610323016,2026-09-18 16:30:00,229.750,228.760,228.760,2.810,2.620,2.670,1.691,0.592,0.551,0.548,0.812,0.261,0.262,0.265,0.902,50.200
2610323017,2026-09-18 16:30:00,238.140,239.580,238.320,0.070,0.040,0.030,0.032,0.016,0.008,0.007,-0.011,-0.005,-0.003,-0.002,0.931,50.200
2610323019,2026-09-18 16:30:00,230.330,231.230,230.680,0.020,0.150,0.030,0.047,0.004,0.035,0.007,-0.005,-0.001,-0.002,-0.001,0.990,50.200
2610323024,2026-09-18 16:30:00,231.720,233.090,231.610,0.830,0.700,0.670,0.493,0.188,0.156,0.149,0.176,0.052,0.052,0.071,0.942,50.200
2610323027,2026-09-18 16:30:00,240.340,238.950,239.360,0.050,0.060,0.040,0.033,0.010,0.013,0.009,-0.010,-0.003,-0.004,-0.003,0.949,50.200
2410121440,2026-09-18 16:31:00,237.480,236.830,236.930,0.040,0.000,0.030,0.014,0.008,0.000,0.006,-0.003,-0.003,0.000,0.000,0.965,50.220
2410131384,2026-09-18 16:31:00,239.000,240.030,239.030,1.030,0.960,1.020,0.688,0.224,0.229,0.234,0.141,0.048,0.051,0.041,0.979,50.190
2510203127,2026-09-18 16:31:00,236.470,237.110,236.520,1.060,1.110,1.130,0.763,0.260,0.237,0.239,0.277,0.102,0.084,0.090,0.927,50.210
2510633390,2026-09-18 16:31:00,239.650,240.570,239.310,0.230,0.290,0.610,0.261,0.052,0.067,0.141,0.060,0.017,0.013,0.029,0.971,50.210
2610026952,2026-09-18 16:31:00,236.360,235.510,235.660,1.120,1.090,1.090,0.670,0.226,0.219,0.224,0.351,0.121,0.119,0.109,0.885,50.210
2410121424,2026-09-18 16:32:00,237.690,236.920,237.010,0.010,0.010,0.010,0.005,0.001,0.001,0.002,-0.002,-0.001,-0.001,0.000,0.850,50.220
2510203112,2026-09-18 16:46:00,224.360,223.970,224.340,0.000,0.000,0.000,0.000,0.000,0.000,0.000,0.000,0.000,0.000,0.000,1.000,50.170
2246006313,2026-09-18 17:00:00,58.500,58.400,58.300,1.078,1.109,1.050,0.192,0.063,0.064,0.061,0.035,0.013,0.011,0.010,0.982,50.130
2410121326,2026-09-18 17:00:00,239.450,238.530,238.470,0.670,0.500,0.670,0.402,0.152,0.110,0.143,0.129,0.038,0.041,0.049,0.953,50.160
2410121353,2026-09-18 17:00:00,235.610,234.690,234.810,0.540,0.560,0.550,0.326,0.110,0.115,0.100,0.176,0.058,0.056,0.064,0.893,50.130
2410121371,2026-09-18 17:00:00,236.390,235.260,235.450,0.260,0.230,0.230,0.153,0.052,0.050,0.050,0.000,-0.001,0.002,0.000,0.997,50.120
2410121424,2026-09-18 17:00:00,236.030,235.090,235.320,0.010,0.010,0.010,0.005,0.001,0.001,0.002,-0.002,-0.001,-0.001,0.000,0.837,50.130
2410121440,2026-09-18 17:00:00,235.950,235.050,235.170,0.010,0.000,0.010,0.004,0.002,0.000,0.001,-0.002,-0.001,0.000,0.000,0.851,50.110
2410121454,2026-09-18 17:00:00,235.210,235.880,234.610,0.500,0.640,0.840,0.457,0.118,0.149,0.189,0.080,0.021,0.019,0.039,0.986,50.130
2410121457,2026-09-18 17:00:00,234.260,233.050,233.610,1.800,1.910,1.720,1.183,0.393,0.412,0.377,0.409,0.139,0.153,0.116,0.944,50.150
2410121574,2026-09-18 17:00:00,235.460,234.720,234.700,1.700,1.100,1.190,0.913,0.391,0.252,0.269,0.048,0.032,0.002,0.013,0.998,50.140
2410131378,2026-09-18 17:00:00,234.890,235.540,234.570,0.560,0.740,0.710,0.439,0.127,0.164,0.154,0.121,0.029,0.041,0.049,0.962,50.130
2410131383,2026-09-18 17:00:00,235.880,235.570,235.500,0.100,0.070,0.160,0.077,0.023,0.016,0.037,0.001,0.000,0.000,0.000,1.000,50.140
2410131384,2026-09-18 17:00:00,235.460,236.400,235.460,1.160,1.240,1.160,0.709,0.228,0.247,0.232,0.145,0.047,0.052,0.043,0.984,50.140
2410131387,2026-09-18 17:00:00,236.300,236.480,236.480,0.120,0.120,0.080,0.074,0.029,0.025,0.019,0.015,0.000,0.009,0.004,0.976,50.120
2410320615,2026-09-18 17:00:00,231.880,232.150,232.710,4.430,4.150,4.480,2.881,0.978,0.904,0.998,0.877,0.273,0.318,0.296,0.956,50.140
2410883988,2026-09-18 17:00:00,233.190,233.960,233.310,0.000,0.000,0.070,0.016,0.000,0.000,0.015,0.001,0.000,0.000,0.001,0.968,50.140
2410883990,2026-09-18 17:00:00,233.560,232.810,232.660,0.090,0.000,0.100,0.043,0.021,0.000,0.022,0.005,0.001,0.000,0.003,0.987,50.150
2410883991,2026-09-18 17:00:00,235.500,235.820,236.850,0.360,0.090,0.080,0.131,0.094,0.018,0.018,0.006,0.002,0.003,0.000,0.998,50.160
2410883993,2026-09-18 17:00:00,236.120,234.940,234.830,1.000,1.390,1.420,0.849,0.221,0.276,0.350,0.073,0.018,0.003,0.052,0.997,50.140
2410883994,2026-09-18 17:00:00,236.580,235.370,235.710,0.030,0.010,0.060,0.023,0.005,0.002,0.014,-0.002,-0.001,0.000,0.000,1.000,50.140
2411087432,2026-09-18 17:00:00,237.830,238.690,237.810,1.160,1.380,0.920,0.769,0.259,0.309,0.214,0.131,0.020,0.059,0.051,0.986,50.150
2411087433,2026-09-18 17:00:00,236.060,236.200,237.160,0.410,0.330,0.380,0.285,0.102,0.084,0.086,-0.033,-0.013,-0.010,-0.009,0.990,50.140
2411290205,2026-09-18 17:00:00,232.460,232.510,232.610,3.250,3.250,3.380,2.102,0.693,0.698,0.711,0.874,0.302,0.282,0.300,0.931,50.160
2510014481,2026-09-18 17:00:00,231.910,231.750,233.450,2.830,2.820,2.990,1.640,0.531,0.504,0.579,0.673,0.211,0.243,0.218,0.921,50.140
2510014482,2026-09-18 17:00:00,238.150,238.880,238.040,0.650,0.400,0.220,0.264,0.131,0.088,0.044,-0.015,-0.004,-0.004,-0.006,0.996,50.150
2510014483,2026-09-18 17:00:00,235.500,235.690,236.580,0.060,0.050,0.080,0.038,0.012,0.009,0.015,-0.022,-0.006,-0.006,-0.009,0.854,50.140
2510014484,2026-09-18 17:00:00,234.300,234.050,234.690,1.610,1.960,1.520,1.124,0.350,0.449,0.345,0.382,0.131,0.122,0.127,0.948,50.150
2510178139,2026-09-18 17:00:00,238.270,239.050,238.020,0.430,0.400,0.460,0.298,0.094,0.100,0.097,0.064,0.021,0.025,0.017,0.985,50.160
2510178141,2026-09-18 17:00:00,237.930,238.520,239.170,0.610,0.270,0.310,0.259,0.122,0.064,0.073,0.005,0.023,-0.006,-0.011,1.000,50.150
2510203103,2026-09-18 17:00:00,230.440,228.410,228.610,0.030,0.040,0.010,0.190,0.066,0.061,0.063,0.000,0.000,0.000,0.000,1.000,50.130
2510203104,2026-09-18 17:00:00,229.250,229.120,230.080,1.000,1.140,1.010,0.666,0.218,0.230,0.218,0.185,0.044,0.069,0.071,0.966,50.120
2510203105,2026-09-18 17:00:00,236.180,234.320,234.700,0.410,0.520,0.370,0.310,0.099,0.122,0.088,0.047,0.012,0.022,0.012,0.988,50.140
2510203106,2026-09-18 17:00:00,235.440,235.140,235.630,0.010,0.010,0.000,0.005,0.001,0.003,0.000,-0.002,-0.002,0.000,0.000,0.897,50.120
2510203107,2026-09-18 17:00:00,222.280,221.830,222.650,2.070,2.060,1.950,1.249,0.424,0.419,0.404,0.404,0.133,0.148,0.122,0.952,50.150
2510203108,2026-09-18 17:00:00,239.070,239.660,238.820,0.730,1.120,1.310,0.724,0.167,0.253,0.303,0.127,0.049,0.040,0.038,0.990,50.140
2510203109,2026-09-18 17:00:00,235.420,236.450,235.080,0.820,0.740,1.150,0.590,0.181,0.165,0.241,0.124,0.047,0.031,0.045,0.978,50.150
2510203112,2026-09-18 17:00:00,224.550,224.220,224.660,0.000,0.000,0.000,0.000,0.000,0.000,0.000,0.000,0.000,0.000,0.000,1.000,50.150
2510203113,2026-09-18 17:00:00,234.940,234.630,234.280,2.690,2.530,3.360,1.986,0.631,0.589,0.764,0.244,0.050,0.100,0.092,0.992,50.140
2510203114,2026-09-18 17:00:00,229.440,229.540,230.330,0.910,0.840,0.970,0.553,0.179,0.169,0.204,0.180,0.051,0.062,0.066,0.952,50.150
2510203117,2026-09-18 17:00:00,232.590,231.990,231.770,0.370,0.370,0.180,0.193,0.079,0.083,0.030,0.088,0.038,0.022,0.028,0.908,50.130
2510203118,2026-09-18 17:00:00,124.280,124.270,124.830,0.190,0.160,0.170,0.062,0.023,0.020,0.019,-0.014,-0.004,-0.002,-0.006,0.980,50.150
2510203119,2026-09-18 17:00:00,233.110,232.410,232.280,0.000,0.000,0.000,0.000,0.000,0.000,0.000,0.000,0.000,0.000,0.000,1.000,50.140
2510203120,2026-09-18 17:00:00,236.280,235.210,235.490,0.820,0.590,0.560,0.450,0.187,0.134,0.128,0.129,0.052,0.040,0.036,0.960,50.130
2510203121,2026-09-18 17:00:00,232.880,232.750,233.640,0.010,0.010,0.110,0.027,0.001,0.001,0.024,-0.007,0.000,-0.002,-0.005,0.948,50.140
2510203122,2026-09-18 17:00:00,237.950,238.880,238.000,0.590,0.550,0.350,0.271,0.112,0.106,0.052,0.212,0.077,0.071,0.063,0.797,50.140
2510203123,2026-09-18 17:00:00,238.790,239.220,239.020,0.470,0.660,0.510,0.372,0.141,0.203,0.172,0.103,0.054,0.007,0.041,0.967,50.120
2510203124,2026-09-18 17:00:00,238.230,238.580,237.760,0.550,0.540,0.560,0.367,0.120,0.121,0.125,0.135,0.043,0.046,0.048,0.937,50.160
2510203126,2026-09-18 17:00:00,233.550,233.470,234.330,0.070,0.000,0.000,0.016,0.015,0.000,0.000,0.001,0.001,0.000,0.000,1.000,50.200
2510203127,2026-09-18 17:00:00,238.720,239.740,238.880,1.190,1.110,1.140,0.694,0.215,0.235,0.252,0.287,0.106,0.084,0.096,0.930,50.190
2510203128,2026-09-18 17:00:00,235.450,236.140,234.470,1.720,1.700,1.780,1.197,0.398,0.394,0.404,0.142,0.033,0.045,0.064,0.993,50.140
2510203129,2026-09-18 17:00:00,236.190,235.910,236.370,0.010,0.010,0.000,0.004,0.002,0.001,0.000,-0.003,-0.002,0.000,0.000,0.835,50.200
2510203130,2026-09-18 17:00:00,247.100,247.100,248.730,0.000,0.000,0.120,0.029,0.000,0.000,0.029,0.004,0.000,0.000,0.002,0.993,50.160
2510203133,2026-09-18 17:00:00,238.080,238.930,238.230,0.220,0.190,0.400,0.180,0.048,0.039,0.093,0.054,0.021,0.020,0.012,0.956,50.150
2510203134,2026-09-18 17:00:00,237.140,235.870,235.980,0.020,0.010,0.010,0.007,0.004,0.002,0.001,-0.002,0.000,-0.001,0.000,0.967,50.130
2510224049,2026-09-18 17:00:00,232.370,233.100,232.560,0.320,1.390,0.020,0.260,0.070,0.190,0.000,-0.170,-0.020,-0.140,0.000,0.848,50.150
2510224167,2026-09-18 17:00:00,232.710,232.410,233.420,0.750,0.120,0.360,0.170,0.090,0.010,0.050,-0.160,-0.080,-0.020,-0.050,0.732,50.160
2510317505,2026-09-18 17:00:00,232.800,232.620,233.460,0.090,0.030,2.180,0.270,0.010,0.000,0.260,-0.260,-0.010,0.000,-0.240,0.728,50.150
2510317516,2026-09-18 17:00:00,233.140,232.920,233.850,0.000,0.000,0.000,0.000,0.000,0.000,0.000,0.000,0.000,0.000,0.000,1.000,50.150
2510317537,2026-09-18 17:00:00,235.250,234.760,236.020,2.700,2.760,2.490,1.760,0.600,0.620,0.540,-0.320,-0.100,-0.100,-0.080,0.985,50.150
2510389559,2026-09-18 17:00:00,235.940,235.970,236.330,0.000,0.000,0.000,0.000,0.000,0.000,0.000,0.000,0.000,0.000,0.000,1.000,50.150
2510389643,2026-09-18 17:00:00,235.820,235.810,236.150,0.310,0.000,0.000,0.070,0.070,0.000,0.000,0.010,0.010,0.000,0.000,0.975,50.160
2510389931,2026-09-18 17:00:00,235.540,235.000,235.710,0.050,0.000,0.000,0.000,0.000,0.000,0.000,-0.010,-0.010,0.000,0.000,0.182,50.160
2510633381,2026-09-18 17:00:00,237.240,236.030,236.280,0.040,0.060,0.020,0.026,0.009,0.014,0.002,-0.012,-0.004,-0.004,-0.002,0.905,50.200
2510633383,2026-09-18 17:00:00,238.600,239.210,239.860,1.760,1.390,1.710,1.088,0.399,0.293,0.394,0.050,0.044,0.007,-0.001,0.998,50.200
2510633385,2026-09-18 17:00:00,236.440,236.330,236.720,0.240,0.080,0.140,0.109,0.056,0.019,0.033,0.011,0.004,0.001,0.005,0.995,50.150
2510633386,2026-09-18 17:00:00,225.590,225.710,226.720,1.120,1.130,1.110,0.164,0.057,0.054,0.052,-0.690,-0.228,-0.231,-0.230,0.223,50.170
2510633387,2026-09-18 17:00:00,234.750,235.780,234.860,0.010,0.000,0.000,0.002,0.002,0.000,0.000,0.000,0.000,0.000,0.000,0.832,50.160
2510633389,2026-09-18 17:00:00,234.950,234.590,234.420,1.690,1.660,1.650,1.130,0.385,0.376,0.372,0.307,0.096,0.102,0.109,0.965,50.140
2510633390,2026-09-18 17:00:00,236.240,237.260,236.090,0.180,0.230,0.490,0.209,0.041,0.052,0.114,0.022,0.004,0.006,0.011,0.994,50.130
2510633391,2026-09-18 17:00:00,125.730,125.500,124.340,0.250,0.330,0.490,0.129,0.030,0.041,0.062,-0.003,0.011,-0.020,0.005,0.997,50.140
2510633393,2026-09-18 17:00:00,234.120,234.610,234.360,1.640,1.680,1.650,1.127,0.370,0.381,0.366,0.244,0.084,0.073,0.086,0.976,50.120
2510633395,2026-09-18 17:00:00,238.380,239.120,237.850,0.000,0.000,0.000,0.000,0.000,0.000,0.000,0.000,0.000,0.000,0.000,1.000,50.160
2510633396,2026-09-18 17:00:00,239.500,238.690,239.190,0.650,0.700,0.630,0.463,0.141,0.153,0.135,0.151,0.048,0.054,0.048,0.945,50.190
2510633397,2026-09-18 17:00:00,242.600,241.260,241.570,0.610,0.630,0.630,0.401,0.131,0.133,0.136,0.192,0.063,0.064,0.064,0.901,50.130
2510633399,2026-09-18 17:00:00,233.040,232.880,233.830,0.480,0.550,0.560,0.368,0.110,0.127,0.129,0.003,0.002,0.000,0.000,0.998,50.200
2510633400,2026-09-18 17:00:00,232.020,232.880,232.020,0.510,0.550,0.520,0.325,0.103,0.113,0.108,0.171,0.054,0.059,0.057,0.897,50.130
2510633402,2026-09-18 17:00:00,234.550,234.680,236.200,0.430,0.500,0.550,0.411,0.119,0.136,0.156,0.079,0.027,0.021,0.030,0.981,50.140
2510633406,2026-09-18 17:00:00,232.970,232.680,233.750,0.010,0.010,0.010,0.003,0.001,0.000,0.000,-0.003,-0.001,0.000,-0.001,0.690,50.140
2510633411,2026-09-18 17:00:00,230.910,230.090,229.860,1.930,1.760,1.880,1.185,0.415,0.371,0.397,0.496,0.165,0.159,0.171,0.920,50.140
2510814977,2026-09-18 17:00:00,234.440,235.920,234.340,0.010,0.010,0.010,0.004,0.002,0.000,0.001,-0.002,0.000,-0.001,-0.001,0.956,50.140
2610026952,2026-09-18 17:00:00,236.460,235.570,235.810,2.370,2.250,2.330,1.384,0.465,0.446,0.476,0.875,0.311,0.287,0.276,0.841,50.140
2610026953,2026-09-18 17:00:00,234.840,234.490,235.070,0.730,0.720,0.720,0.490,0.163,0.157,0.178,0.188,0.071,0.062,0.055,0.929,50.140
2610026963,2026-09-18 17:00:00,239.410,239.330,240.240,0.670,0.480,0.520,0.400,0.160,0.113,0.126,0.003,-0.002,0.006,0.000,1.000,50.200
2610026966,2026-09-18 17:00:00,231.950,232.380,231.680,0.380,0.340,0.640,0.309,0.079,0.081,0.148,0.022,0.011,0.002,0.007,0.998,50.170
2610026976,2026-09-18 17:00:00,238.640,238.850,239.730,0.960,1.420,0.860,0.796,0.227,0.327,0.242,0.182,0.093,0.040,0.053,0.977,50.190
2610026977,2026-09-18 17:00:00,242.480,243.720,243.070,0.360,0.000,0.000,0.072,0.071,0.000,0.000,0.049,0.049,0.000,0.000,0.828,50.150
2610126270,2026-09-18 17:00:00,233.090,233.880,233.200,0.060,0.050,0.010,0.028,0.013,0.012,0.002,-0.005,-0.002,-0.001,-0.001,0.982,50.140
2610126451,2026-09-18 17:00:00,238.870,239.460,238.600,0.000,0.030,0.110,0.033,0.000,0.008,0.024,0.005,0.000,0.000,0.004,0.975,50.140
2610159557,2026-09-18 17:00:00,236.840,235.670,235.840,0.020,0.030,0.030,0.018,0.004,0.007,0.006,-0.006,-0.003,-0.001,-0.001,0.924,50.140
2610170785,2026-09-18 17:00:00,236.550,235.370,235.670,0.000,0.000,0.000,0.000,0.000,0.000,0.000,0.000,0.000,0.000,0.000,1.000,50.140
2610170786,2026-09-18 17:00:00,235.390,235.680,236.380,0.810,0.830,0.910,0.559,0.175,0.175,0.208,0.124,0.053,0.026,0.044,0.976,50.150
2610170836,2026-09-18 17:00:00,238.570,238.820,239.640,0.010,0.020,0.010,0.124,0.039,0.041,0.043,0.020,0.009,0.005,0.006,0.909,50.150
2610170837,2026-09-18 17:00:00,235.600,234.030,234.220,0.070,0.000,0.040,0.017,0.008,0.000,0.008,0.015,0.015,0.000,0.000,0.745,50.150
2610170838,2026-09-18 17:00:00,236.550,235.210,235.490,0.010,0.040,0.130,0.054,0.014,0.010,0.030,0.006,0.000,0.000,0.006,0.979,50.160
2610170839,2026-09-18 17:00:00,235.130,235.340,236.280,0.090,0.090,0.120,0.047,0.013,0.013,0.020,0.050,0.016,0.016,0.018,0.681,50.150
2610170840,2026-09-18 17:00:00,235.520,235.060,235.760,0.000,0.000,0.000,0.000,0.000,0.000,0.000,0.000,0.000,0.000,0.000,0.399,50.150
2610322967,2026-09-18 17:00:00,237.220,235.900,235.910,0.010,0.000,0.010,0.003,0.000,0.000,0.002,0.001,0.000,0.001,0.001,0.861,50.140
2610322969,2026-09-18 17:00:00,233.660,232.870,232.570,0.280,0.270,0.350,0.223,0.063,0.076,0.088,0.032,0.011,0.004,0.016,0.989,50.140
2610322982,2026-09-18 17:00:00,236.030,236.160,237.210,0.020,0.030,0.050,0.022,0.004,0.006,0.011,-0.006,-0.001,-0.001,-0.002,0.948,50.200
2610322995,2026-09-18 17:00:00,235.400,235.640,236.630,0.000,0.050,0.060,0.024,0.000,0.010,0.013,-0.009,0.000,-0.004,-0.004,0.927,50.140
2610322997,2026-09-18 17:00:00,233.180,233.820,232.790,1.190,1.300,0.950,0.692,0.261,0.243,0.187,0.345,0.071,0.167,0.107,0.908,50.140
2610323001,2026-09-18 17:00:00,230.550,229.420,229.200,3.820,3.580,3.750,2.278,0.786,0.725,0.779,1.179,0.392,0.388,0.397,0.886,50.150
2610323004,2026-09-18 17:00:00,65.010,64.400,64.930,1.030,1.050,1.250,0.202,0.061,0.064,0.075,0.033,0.017,0.003,0.013,0.984,50.140
2610323005,2026-09-18 17:00:00,232.630,233.530,232.820,0.050,0.010,0.010,0.016,0.011,0.001,0.002,-0.002,0.000,0.000,-0.001,1.000,50.140
2610323010,2026-09-18 17:00:00,235.710,235.810,235.660,0.330,0.000,0.120,0.054,0.053,0.000,0.000,-0.007,-0.006,0.000,-0.019,0.989,50.150
2610323016,2026-09-18 17:00:00,232.140,230.890,230.930,2.870,2.720,2.720,1.723,0.603,0.560,0.559,0.804,0.266,0.267,0.270,0.906,50.150
2610323017,2026-09-18 17:00:00,234.830,236.080,235.130,0.080,0.040,0.030,0.032,0.016,0.008,0.007,-0.011,-0.005,-0.003,-0.002,0.929,50.160
2610323019,2026-09-18 17:00:00,232.420,233.470,232.870,0.020,0.200,0.030,0.059,0.004,0.047,0.007,-0.007,-0.001,-0.004,-0.001,0.985,50.160
2610323024,2026-09-18 17:00:00,233.940,235.400,233.750,0.910,0.840,0.810,0.546,0.204,0.180,0.152,0.198,0.056,0.064,0.077,0.937,50.150
2510203111,2026-09-18 17:01:00,234.430,234.950,235.530,1.390,1.150,1.600,0.893,0.290,0.248,0.354,0.264,0.117,0.066,0.078,0.959,50.110
2610026950,2026-09-18 17:01:00,233.900,232.980,232.900,0.030,0.010,0.030,0.016,0.007,0.001,0.007,-0.001,0.000,0.000,0.000,1.000,50.120
2410932742,2026-09-18 17:02:00,229.990,228.250,228.340,3.250,3.230,3.370,2.104,0.698,0.687,0.714,0.598,0.199,0.192,0.206,0.961,50.120
2610323027,2026-09-18 17:04:00,237.150,235.810,236.130,0.050,0.060,0.040,0.033,0.010,0.013,0.009,-0.010,-0.003,-0.003,-0.003,0.946,50.120
2246006313,2026-09-18 17:30:00,57.800,57.600,57.500,1.132,1.141,1.104,0.189,0.063,0.063,0.061,0.039,0.014,0.012,0.012,0.978,50.050
2410121326,2026-09-18 17:30:00,237.350,236.450,236.610,0.500,0.280,0.390,0.268,0.118,0.063,0.086,0.070,0.022,0.023,0.025,0.967,50.070
2410121353,2026-09-18 17:30:00,236.760,235.860,235.860,0.320,0.290,0.320,0.202,0.071,0.063,0.066,0.081,0.023,0.021,0.035,0.927,49.940
2410121371,2026-09-18 17:30:00,236.700,235.550,235.740,0.250,0.290,0.280,0.201,0.063,0.070,0.068,-0.009,-0.004,0.000,-0.003,0.998,49.960
2410121424,2026-09-18 17:30:00,236.720,235.850,235.980,0.010,0.010,0.010,0.004,0.000,0.001,0.002,-0.003,-0.001,-0.001,0.000,0.763,49.960
2410121440,2026-09-18 17:30:00,236.950,236.020,236.180,0.010,0.000,0.010,0.004,0.002,0.000,0.001,-0.002,-0.001,0.000,0.000,0.865,49.970
2410121454,2026-09-18 17:30:00,235.860,236.680,235.610,0.150,0.250,0.400,0.181,0.031,0.057,0.091,0.044,0.014,0.012,0.017,0.973,49.960
2410121574,2026-09-18 17:30:00,236.740,235.740,235.790,1.160,0.890,0.940,0.684,0.267,0.202,0.214,0.025,0.017,0.001,0.006,0.998,49.940
2410131378,2026-09-18 17:30:00,235.800,236.430,235.540,0.730,0.950,0.910,0.476,0.133,0.182,0.161,0.102,0.025,0.035,0.041,0.983,49.960
2410131383,2026-09-18 17:30:00,236.200,235.900,235.920,0.070,0.040,0.130,0.055,0.016,0.008,0.030,-0.001,0.000,0.000,-0.001,1.000,50.060
2410131384,2026-09-18 17:30:00,234.900,235.630,234.860,1.130,1.260,1.030,0.729,0.268,0.250,0.189,0.131,0.040,0.052,0.038,0.981,50.010
2410131387,2026-09-18 17:30:00,235.730,235.880,235.950,0.150,0.150,0.120,0.088,0.032,0.031,0.024,0.041,0.009,0.018,0.013,0.907,50.120
2410883988,2026-09-18 17:30:00,229.270,230.160,229.540,0.000,0.000,0.020,0.004,0.000,0.000,0.003,0.000,0.000,0.000,0.000,0.938,49.990
2410883990,2026-09-18 17:30:00,229.730,229.080,228.730,0.090,0.000,0.090,0.040,0.019,0.000,0.020,0.004,0.001,0.000,0.003,0.981,50.040
2410883991,2026-09-18 17:30:00,234.660,235.000,236.020,0.280,0.050,0.190,0.122,0.066,0.010,0.045,0.011,0.009,0.003,0.000,0.996,50.080
2410883993,2026-09-18 17:30:00,235.930,234.630,234.560,0.370,0.520,1.090,0.448,0.089,0.142,0.217,0.080,0.016,0.025,0.040,0.982,50.060
2410883994,2026-09-18 17:30:00,236.050,234.880,235.200,0.030,0.010,0.030,0.014,0.005,0.002,0.006,-0.002,-0.001,0.000,0.000,0.986,50.050
2410932742,2026-09-18 17:30:00,229.700,227.790,227.880,3.440,3.220,3.440,2.156,0.740,0.683,0.734,0.602,0.209,0.190,0.202,0.963,50.060
2411087432,2026-09-18 17:30:00,235.900,236.850,235.910,0.780,1.170,0.690,0.594,0.178,0.262,0.153,0.015,0.015,-0.008,0.009,0.999,49.980
2411087433,2026-09-18 17:30:00,235.450,235.630,236.590,0.460,0.450,0.420,0.299,0.101,0.099,0.098,-0.024,-0.007,-0.010,-0.006,0.996,50.060
2411290205,2026-09-18 17:30:00,232.840,233.160,233.210,2.720,2.590,2.710,1.737,0.584,0.562,0.624,0.533,0.191,0.166,0.175,0.953,50.080
2510014481,2026-09-18 17:30:00,227.930,228.050,229.730,2.810,2.700,2.850,1.740,0.549,0.501,0.586,0.650,0.219,0.220,0.210,0.925,50.060
2510014482,2026-09-18 17:30:00,236.060,236.830,235.950,0.010,0.040,0.000,0.011,0.002,0.007,0.000,-0.006,-0.002,-0.003,0.000,0.845,49.980
2510014483,2026-09-18 17:30:00,235.080,235.280,236.190,0.050,0.040,0.070,0.029,0.009,0.006,0.013,-0.020,-0.006,-0.006,-0.008,0.811,50.050
2510014484,2026-09-18 17:30:00,234.470,234.370,234.830,1.630,1.890,1.560,1.122,0.361,0.423,0.337,0.397,0.136,0.128,0.131,0.942,50.000
2510178139,2026-09-18 17:30:00,236.630,237.430,236.340,0.430,0.420,0.470,0.286,0.090,0.096,0.098,0.101,0.035,0.036,0.028,0.945,50.080
2510178141,2026-09-18 17:30:00,236.230,236.480,237.220,0.020,0.010,0.010,0.004,0.002,0.000,0.001,-0.009,-0.004,-0.001,-0.002,0.480,50.000
2510203103,2026-09-18 17:30:00,226.350,224.280,224.500,0.160,0.180,0.150,0.120,0.037,0.041,0.041,-0.001,0.000,0.000,-0.001,1.000,50.010
2510203104,2026-09-18 17:30:00,228.750,228.750,229.590,1.020,0.950,1.050,0.638,0.230,0.189,0.219,0.222,0.058,0.077,0.086,0.945,50.000
2510203105,2026-09-18 17:30:00,232.250,230.190,230.670,0.750,0.870,0.710,0.505,0.168,0.187,0.149,0.056,0.005,0.010,0.000,0.996,50.080
2510203106,2026-09-18 17:30:00,235.570,235.430,235.820,0.010,0.010,0.000,0.005,0.001,0.003,0.000,-0.002,-0.002,0.000,0.000,0.944,50.000
2510203107,2026-09-18 17:30:00,223.240,222.950,223.450,1.440,1.460,1.370,0.884,0.300,0.299,0.285,0.275,0.088,0.100,0.086,0.952,50.040
2510203108,2026-09-18 17:30:00,236.100,236.740,235.610,0.800,1.510,1.720,1.003,0.181,0.350,0.471,0.091,0.030,0.014,0.047,0.995,50.040
2510203109,2026-09-18 17:30:00,234.830,235.830,234.500,0.890,0.860,1.160,0.638,0.198,0.193,0.246,0.144,0.054,0.036,0.052,0.974,50.080
2510203111,2026-09-18 17:30:00,235.850,236.270,236.890,1.460,1.190,1.660,0.937,0.306,0.255,0.375,0.267,0.128,0.064,0.073,0.963,50.000
2510203113,2026-09-18 17:30:00,235.110,234.810,234.580,2.220,2.110,2.810,1.668,0.533,0.485,0.649,0.191,0.044,0.071,0.075,0.993,49.990
2510203114,2026-09-18 17:30:00,228.820,228.980,229.710,0.880,0.790,0.930,0.553,0.190,0.163,0.199,0.177,0.053,0.057,0.066,0.950,50.090
2510203117,2026-09-18 17:30:00,229.900,229.270,228.910,0.230,0.260,0.030,0.116,0.052,0.057,0.005,-0.010,0.001,-0.009,-0.002,0.992,50.050
2510203118,2026-09-18 17:30:00,123.970,124.010,124.560,0.170,0.150,0.150,0.054,0.020,0.017,0.017,-0.021,-0.007,-0.005,-0.008,0.932,50.070
2510203119,2026-09-18 17:30:00,229.750,229.110,228.710,0.000,0.000,0.000,0.000,0.000,0.000,0.000,0.000,0.000,0.000,0.000,1.000,50.020
2510203120,2026-09-18 17:30:00,235.460,234.320,234.640,0.940,0.730,0.730,0.497,0.198,0.150,0.149,0.178,0.072,0.056,0.050,0.935,50.030
2510203122,2026-09-18 17:30:00,235.950,236.850,235.900,0.480,0.640,0.320,0.255,0.098,0.107,0.048,0.194,0.060,0.073,0.060,0.809,49.990
2510203123,2026-09-18 17:30:00,235.970,236.270,236.970,0.340,0.580,0.450,0.600,0.171,0.218,0.210,0.082,0.015,0.028,0.039,0.958,50.000
2510203124,2026-09-18 17:30:00,236.960,237.330,236.410,0.200,0.200,0.220,0.140,0.045,0.044,0.050,0.055,0.017,0.018,0.019,0.930,50.090
2510203126,2026-09-18 17:30:00,229.230,228.730,229.910,0.020,0.000,0.000,0.004,0.003,0.000,0.000,0.000,0.000,0.000,0.000,0.907,50.080
2510203127,2026-09-18 17:30:00,236.480,237.280,236.490,0.650,0.840,0.500,0.432,0.139,0.184,0.107,0.152,0.049,0.053,0.048,0.944,50.070
2510203128,2026-09-18 17:30:00,234.600,235.300,233.540,1.720,1.690,1.880,1.211,0.394,0.389,0.427,0.138,0.032,0.042,0.063,0.993,50.020
2510203129,2026-09-18 17:30:00,235.780,235.660,236.020,0.010,0.010,0.000,0.004,0.002,0.002,0.000,-0.003,-0.002,0.000,0.000,0.810,50.080
2510203130,2026-09-18 17:30:00,242.560,242.620,244.250,0.010,0.000,0.200,0.043,0.000,0.000,0.037,0.006,0.000,0.000,0.006,0.987,50.080
2510203133,2026-09-18 17:30:00,236.090,236.890,236.130,0.020,0.020,0.000,0.009,0.005,0.003,0.000,-0.002,0.000,-0.002,0.000,0.951,50.070
2510203134,2026-09-18 17:30:00,236.580,235.340,235.440,0.020,0.010,0.010,0.007,0.004,0.002,0.001,-0.001,0.000,-0.001,0.000,0.963,50.050
2510224049,2026-09-18 17:30:00,228.440,229.320,228.820,0.260,1.240,0.020,0.200,0.050,0.140,0.000,-0.140,-0.020,-0.120,0.000,0.825,50.040
2510224167,2026-09-18 17:30:00,228.830,228.380,229.460,0.750,0.120,0.360,0.170,0.090,0.010,0.050,-0.150,-0.080,-0.020,-0.050,0.742,49.990
2510317505,2026-09-18 17:30:00,229.040,228.700,229.700,0.090,0.030,2.170,0.270,0.010,0.000,0.250,-0.250,-0.010,0.000,-0.230,0.738,50.020
2510317516,2026-09-18 17:30:00,229.250,228.820,229.800,0.000,0.000,0.000,0.000,0.000,0.000,0.000,0.000,0.000,0.000,0.000,1.000,49.990
2510317537,2026-09-18 17:30:00,234.600,234.490,235.830,2.980,2.820,2.650,1.900,0.700,0.640,0.620,-0.320,-0.100,-0.100,-0.100,0.986,49.990
2510389559,2026-09-18 17:30:00,235.940,235.990,236.350,0.000,0.000,0.000,0.000,0.000,0.000,0.000,0.000,0.000,0.000,0.000,1.000,49.980
2510389643,2026-09-18 17:30:00,236.190,236.200,236.570,1.950,0.000,0.000,0.310,0.310,0.000,0.000,-0.030,-0.030,0.000,0.000,0.994,50.010
2510389931,2026-09-18 17:30:00,234.560,234.480,234.960,0.050,0.000,0.000,0.000,0.000,0.000,0.000,-0.010,-0.010,0.000,0.000,0.212,50.030
2510633381,2026-09-18 17:30:00,236.310,235.130,235.390,0.050,0.060,0.020,0.027,0.010,0.013,0.003,-0.007,-0.004,-0.002,0.000,0.948,50.080
2510633383,2026-09-18 17:30:00,236.400,236.700,237.410,0.320,0.080,0.350,0.147,0.069,0.002,0.075,-0.082,-0.027,-0.019,-0.035,0.874,50.080
2510633385,2026-09-18 17:30:00,235.980,236.000,236.410,0.230,0.080,0.010,0.074,0.053,0.019,0.002,0.003,0.004,0.001,-0.001,1.000,50.020
2510633387,2026-09-18 17:30:00,235.950,236.810,236.000,0.010,0.020,0.000,0.004,0.002,0.002,0.000,0.003,0.000,0.002,0.000,0.821,50.020
2510633389,2026-09-18 17:30:00,235.800,235.560,235.390,0.920,0.880,0.880,0.630,0.216,0.206,0.207,-0.026,-0.010,-0.009,-0.006,0.999,50.030
2510633390,2026-09-18 17:30:00,235.430,236.540,235.130,0.260,0.220,0.540,0.230,0.057,0.047,0.124,0.056,0.022,0.017,0.015,0.971,50.050
2510633391,2026-09-18 17:30:00,124.370,123.860,123.920,0.000,0.000,0.000,0.000,0.000,0.000,0.000,0.000,0.000,0.000,0.000,1.000,49.950
2510633393,2026-09-18 17:30:00,234.260,234.570,234.310,1.820,1.780,1.770,1.224,0.408,0.412,0.402,0.274,0.094,0.083,0.097,0.975,49.960
2510633395,2026-09-18 17:30:00,236.650,237.370,236.310,0.000,0.000,0.000,0.000,0.000,0.000,0.000,0.000,0.000,0.000,0.000,1.000,50.080
2510633396,2026-09-18 17:30:00,237.250,236.360,236.870,0.420,0.470,0.410,0.293,0.095,0.105,0.093,0.113,0.037,0.039,0.036,0.930,50.080
2510633397,2026-09-18 17:30:00,242.170,240.760,241.120,0.330,0.360,0.380,0.241,0.073,0.080,0.087,0.088,0.028,0.029,0.029,0.941,50.050
2510633399,2026-09-18 17:30:00,228.570,228.040,229.300,0.460,0.520,0.480,0.323,0.102,0.115,0.106,0.015,0.005,0.006,0.004,0.998,50.080
2510633402,2026-09-18 17:30:00,229.620,229.670,231.260,0.560,0.620,0.680,0.453,0.138,0.151,0.163,0.070,0.023,0.023,0.023,0.970,49.980
2510633406,2026-09-18 17:30:00,229.080,228.560,229.660,0.010,0.010,0.010,0.003,0.001,0.000,0.000,-0.003,-0.001,0.000,-0.001,0.681,50.060
2510633411,2026-09-18 17:30:00,226.310,225.460,224.940,2.340,2.200,2.270,1.442,0.501,0.461,0.474,0.560,0.180,0.184,0.194,0.930,50.060
2510814977,2026-09-18 17:30:00,230.610,232.250,230.380,0.020,0.010,0.010,0.005,0.003,0.000,0.002,-0.002,0.001,-0.001,-0.001,0.982,50.060
2610026950,2026-09-18 17:30:00,229.670,228.920,228.540,0.020,0.010,0.030,0.012,0.005,0.001,0.006,-0.001,0.000,0.000,0.000,0.983,50.060
2610026953,2026-09-18 17:30:00,234.950,234.760,235.200,0.840,0.810,0.850,0.537,0.179,0.175,0.184,0.183,0.068,0.060,0.054,0.946,50.060
2610026963,2026-09-18 17:30:00,236.880,236.810,237.670,0.440,0.320,0.290,0.243,0.102,0.074,0.067,-0.035,-0.015,-0.008,-0.010,0.989,50.080
2610026966,2026-09-18 17:30:00,231.210,231.920,231.160,0.390,0.240,0.500,0.266,0.080,0.054,0.131,0.028,0.014,0.004,0.008,0.995,50.090
2610026976,2026-09-18 17:30:00,236.380,236.170,237.140,0.750,1.160,0.940,0.721,0.198,0.303,0.219,0.073,0.014,0.032,0.026,0.995,50.080
2610026977,2026-09-18 17:30:00,241.840,243.290,242.640,0.360,0.060,0.000,0.085,0.070,0.013,0.000,0.048,0.048,0.000,0.000,0.869,50.060
2610126270,2026-09-18 17:30:00,228.640,229.570,229.070,0.060,0.050,0.030,0.030,0.013,0.012,0.005,-0.005,-0.002,-0.001,-0.001,0.999,50.040
2610126451,2026-09-18 17:30:00,237.020,237.640,236.690,0.000,0.020,0.130,0.035,0.000,0.004,0.030,0.005,0.000,0.001,0.004,0.987,50.070
2610159557,2026-09-18 17:30:00,236.320,235.140,235.350,0.030,0.040,0.050,0.026,0.005,0.008,0.012,-0.006,-0.002,-0.001,-0.002,0.985,50.060
2610170785,2026-09-18 17:30:00,236.200,234.990,235.290,0.010,0.010,0.000,0.005,0.002,0.002,0.000,0.000,0.000,0.000,0.000,0.947,50.060
2610170786,2026-09-18 17:30:00,234.740,235.000,235.830,0.710,0.730,0.850,0.594,0.189,0.192,0.212,0.157,0.055,0.044,0.052,0.960,50.000
2610170836,2026-09-18 17:30:00,236.390,236.670,237.490,0.010,0.050,0.010,0.005,0.000,0.004,0.000,-0.001,0.000,0.000,0.000,0.990,50.050
2610170837,2026-09-18 17:30:00,231.970,230.120,230.400,0.070,0.000,0.020,0.012,0.008,0.000,0.004,0.014,0.014,0.000,0.000,0.665,50.040
2610170838,2026-09-18 17:30:00,235.950,234.640,234.900,0.040,0.070,0.090,0.050,0.013,0.017,0.020,0.003,-0.001,0.000,0.005,1.000,49.980
2610170839,2026-09-18 17:30:00,234.570,234.800,235.780,0.110,0.220,0.240,0.209,0.069,0.068,0.071,0.072,0.023,0.024,0.024,0.901,50.040
2610170840,2026-09-18 17:30:00,234.550,234.460,234.960,0.900,0.900,0.910,0.562,0.186,0.187,0.188,0.288,0.096,0.095,0.097,0.889,50.040
2610322967,2026-09-18 17:30:00,236.640,235.320,235.300,0.000,0.000,0.010,0.002,0.000,0.000,0.002,0.000,0.000,0.000,0.000,1.000,50.010
2610322969,2026-09-18 17:30:00,229.500,228.830,228.590,0.270,0.270,0.210,0.172,0.059,0.056,0.056,0.049,0.016,0.024,0.008,0.962,50.070
2610322982,2026-09-18 17:30:00,235.210,235.340,236.340,0.020,0.030,0.050,0.022,0.004,0.006,0.011,-0.006,-0.001,-0.001,-0.002,0.947,50.070
2610322995,2026-09-18 17:30:00,235.070,235.350,236.310,0.000,0.050,0.060,0.024,0.000,0.010,0.013,-0.009,0.000,-0.004,-0.004,0.925,50.060
2610322997,2026-09-18 17:30:00,229.750,230.350,229.200,1.200,1.300,0.940,0.795,0.282,0.281,0.205,0.317,0.049,0.156,0.110,0.910,50.050
2610323001,2026-09-18 17:30:00,227.910,226.710,226.700,3.210,2.750,2.790,1.740,0.646,0.539,0.562,0.943,0.323,0.309,0.311,0.880,50.050
2610323004,2026-09-18 17:30:00,64.010,63.350,63.930,0.520,0.520,0.530,0.093,0.031,0.031,0.031,0.029,0.009,0.009,0.009,0.958,50.060
2610323005,2026-09-18 17:30:00,228.490,229.410,228.870,0.000,0.000,0.010,0.003,0.000,0.001,0.001,-0.001,0.000,0.000,-0.001,0.788,50.050
2610323010,2026-09-18 17:30:00,236.070,235.830,235.780,0.100,0.000,0.000,0.023,0.022,0.000,0.000,-0.007,-0.006,0.000,0.000,0.947,50.060
2610323016,2026-09-18 17:30:00,229.030,227.760,227.740,2.110,1.920,1.940,1.207,0.430,0.385,0.392,0.568,0.193,0.188,0.187,0.903,50.050
2610323017,2026-09-18 17:30:00,234.600,235.920,234.670,0.070,0.040,0.030,0.032,0.016,0.008,0.007,-0.010,-0.004,-0.003,-0.002,0.953,50.000
2610323019,2026-09-18 17:30:00,228.440,229.650,229.070,0.020,0.150,0.030,0.046,0.003,0.035,0.006,-0.005,-0.001,-0.002,-0.001,0.993,50.020
2610323024,2026-09-18 17:30:00,230.310,231.890,230.010,0.730,0.770,0.710,0.480,0.165,0.168,0.147,0.183,0.049,0.058,0.075,0.934,50.050
2610323027,2026-09-18 17:30:00,236.320,235.040,235.320,0.050,0.060,0.040,0.033,0.010,0.013,0.009,-0.010,-0.003,-0.003,-0.003,0.945,50.010
2510203121,2026-09-18 17:31:00,228.780,228.370,229.430,0.010,0.010,0.110,0.026,0.001,0.001,0.023,-0.007,0.000,-0.002,-0.005,0.957,49.960
2510633386,2026-09-18 17:31:00,224.650,224.640,225.780,1.100,1.100,1.100,0.158,0.054,0.050,0.053,-0.684,-0.226,-0.228,-0.229,0.229,50.140
2510633400,2026-09-18 17:31:00,226.880,227.890,227.030,1.050,1.090,1.050,0.628,0.203,0.217,0.207,0.281,0.087,0.096,0.097,0.921,50.080
2610026952,2026-09-18 17:31:00,235.710,234.630,234.890,1.400,1.350,1.350,0.828,0.281,0.270,0.275,0.451,0.157,0.152,0.141,0.877,49.950
2410121457,2026-09-18 17:32:00,235.180,233.970,234.500,1.820,1.960,1.740,1.208,0.397,0.424,0.385,0.411,0.139,0.156,0.115,0.946,50.030
2410320615,2026-09-18 17:32:00,233.810,233.790,234.310,3.380,3.130,3.460,2.239,0.775,0.674,0.776,0.539,0.155,0.200,0.183,0.971,50.030
2246006313,2026-09-18 18:00:00,57.400,57.200,57.100,1.373,1.386,1.349,0.226,0.076,0.076,0.073,0.054,0.019,0.017,0.017,0.973,50.030
2410121326,2026-09-18 18:00:00,236.640,235.660,235.900,0.510,0.360,0.430,0.279,0.112,0.072,0.095,0.124,0.046,0.042,0.034,0.911,49.960
2410121353,2026-09-18 18:00:00,237.100,236.080,236.060,0.330,0.290,0.340,0.200,0.071,0.062,0.067,0.102,0.030,0.028,0.043,0.888,50.040
2410121371,2026-09-18 18:00:00,237.620,236.340,236.550,0.240,0.230,0.230,0.181,0.064,0.059,0.060,-0.004,-0.002,0.000,-0.002,0.997,50.000
2410121424,2026-09-18 18:00:00,237.580,236.520,236.630,0.010,0.010,0.010,0.004,0.000,0.001,0.002,-0.003,-0.001,-0.001,0.000,0.759,50.060
2410121440,2026-09-18 18:00:00,237.540,236.450,236.600,0.010,0.000,0.010,0.004,0.002,0.000,0.001,-0.002,-0.001,0.000,0.000,0.903,49.990
2410121457,2026-09-18 18:00:00,234.220,233.190,233.210,2.510,2.730,2.580,1.761,0.567,0.612,0.578,0.411,0.117,0.151,0.142,0.973,49.970
2410131378,2026-09-18 18:00:00,236.430,237.190,235.990,0.680,0.880,0.880,0.573,0.159,0.208,0.198,0.087,0.014,0.027,0.046,0.986,50.000
2410131383,2026-09-18 18:00:00,235.740,235.520,235.420,0.090,0.070,0.110,0.061,0.021,0.015,0.025,-0.002,0.000,-0.001,-0.001,0.996,49.960
2410131384,2026-09-18 18:00:00,234.930,236.000,234.830,0.870,1.130,0.930,0.651,0.189,0.251,0.218,0.133,0.034,0.056,0.042,0.982,49.960
2410131387,2026-09-18 18:00:00,234.560,234.710,235.050,0.170,0.150,0.130,0.099,0.037,0.032,0.030,0.036,0.012,0.016,0.007,0.937,49.990
2410320615,2026-09-18 18:00:00,233.540,233.690,234.170,2.680,2.600,2.820,1.779,0.578,0.564,0.636,0.360,0.102,0.138,0.125,0.981,50.050
2410883988,2026-09-18 18:00:00,227.930,228.880,228.150,0.020,0.000,0.040,0.013,0.004,0.000,0.008,-0.001,0.000,0.000,0.000,0.961,50.040
2410883990,2026-09-18 18:00:00,228.490,227.700,227.450,0.090,0.000,0.090,0.041,0.019,0.000,0.021,0.001,0.000,0.000,0.002,1.000,49.990
2410883991,2026-09-18 18:00:00,234.520,234.970,236.220,0.590,0.150,0.150,0.207,0.137,0.035,0.035,0.013,0.015,0.001,-0.003,0.998,49.930
2410883993,2026-09-18 18:00:00,235.510,234.290,234.180,0.830,0.920,1.390,0.703,0.179,0.210,0.319,0.095,0.041,0.017,0.036,0.990,49.960
2410883994,2026-09-18 18:00:00,236.230,234.870,235.190,0.020,0.010,0.040,0.016,0.005,0.002,0.008,-0.002,-0.001,0.000,0.000,1.000,49.980
2410932742,2026-09-18 18:00:00,229.560,227.660,227.630,3.190,3.000,3.190,2.003,0.692,0.627,0.680,0.557,0.195,0.177,0.184,0.963,50.040
2411087432,2026-09-18 18:00:00,235.600,236.440,235.450,0.930,1.100,0.900,0.617,0.206,0.224,0.186,0.216,0.038,0.089,0.088,0.944,50.030
2411087433,2026-09-18 18:00:00,235.370,235.520,236.680,0.450,0.410,0.390,0.295,0.105,0.094,0.095,-0.024,-0.007,-0.011,-0.006,0.998,49.950
2411290205,2026-09-18 18:00:00,235.250,235.070,235.410,0.680,0.680,0.750,0.487,0.160,0.154,0.172,-0.034,-0.008,-0.011,-0.014,0.997,49.930
2510014481,2026-09-18 18:00:00,228.600,228.270,230.330,2.390,2.440,2.480,1.716,0.538,0.552,0.636,0.552,0.202,0.191,0.158,0.949,49.960
2510014482,2026-09-18 18:00:00,235.700,236.410,235.440,0.010,0.080,0.000,0.022,0.002,0.019,0.000,-0.005,-0.002,-0.002,0.000,0.975,50.030
2510014483,2026-09-18 18:00:00,234.900,235.030,236.130,0.050,0.040,0.090,0.033,0.009,0.006,0.017,-0.022,-0.006,-0.006,-0.009,0.825,49.980
2510014484,2026-09-18 18:00:00,234.040,233.790,234.390,1.370,1.570,1.240,0.898,0.295,0.339,0.263,0.343,0.121,0.108,0.113,0.934,50.020
2510178139,2026-09-18 18:00:00,235.380,236.390,235.220,0.490,0.470,0.560,0.348,0.109,0.110,0.128,0.098,0.038,0.032,0.028,0.964,49.940
2510178141,2026-09-18 18:00:00,235.710,235.910,236.820,0.020,0.010,0.020,0.005,0.002,0.000,0.002,-0.008,-0.004,-0.001,-0.002,0.527,50.020
2510203103,2026-09-18 18:00:00,226.400,224.310,224.380,0.300,0.310,0.220,0.181,0.064,0.065,0.052,0.002,0.001,0.003,-0.001,0.998,50.040
2510203104,2026-09-18 18:00:00,229.200,229.200,230.300,0.390,0.370,0.380,0.292,0.109,0.094,0.088,0.071,0.012,0.025,0.031,0.963,50.060
2510203106,2026-09-18 18:00:00,235.240,234.980,235.460,0.020,0.010,0.000,0.007,0.004,0.003,0.000,-0.003,-0.002,0.000,0.000,0.872,50.050
2510203107,2026-09-18 18:00:00,223.050,222.790,223.160,0.730,0.780,0.740,0.473,0.154,0.164,0.155,0.158,0.051,0.053,0.053,0.948,49.990
2510203108,2026-09-18 18:00:00,235.910,236.600,235.240,0.830,1.810,2.460,1.115,0.196,0.441,0.498,0.062,0.028,0.010,0.023,0.998,50.040
2510203113,2026-09-18 18:00:00,234.660,234.260,233.980,2.300,2.310,2.740,1.680,0.547,0.527,0.635,0.171,0.032,0.066,0.072,0.995,50.030
2510203117,2026-09-18 18:00:00,228.580,227.780,227.420,0.160,0.250,0.020,0.094,0.035,0.054,0.003,-0.017,-0.006,-0.008,-0.001,0.978,50.040
2510203118,2026-09-18 18:00:00,123.920,123.920,124.570,0.180,0.160,0.160,0.060,0.022,0.019,0.018,-0.014,-0.005,-0.002,-0.006,0.967,49.950
2510203119,2026-09-18 18:00:00,228.630,227.690,227.440,0.000,0.000,0.000,0.000,0.000,0.000,0.000,0.000,0.000,0.000,0.000,1.000,50.040
2510203120,2026-09-18 18:00:00,235.800,234.500,234.730,0.910,0.660,0.640,0.507,0.211,0.150,0.145,0.143,0.062,0.042,0.038,0.961,50.040
2510203121,2026-09-18 18:00:00,227.680,227.350,228.430,0.010,0.010,0.120,0.028,0.001,0.002,0.025,-0.008,0.000,-0.002,-0.005,0.975,49.950
2510203122,2026-09-18 18:00:00,235.630,236.510,235.470,0.570,0.620,0.360,0.307,0.120,0.124,0.061,0.215,0.069,0.082,0.063,0.792,50.040
2510203123,2026-09-18 18:00:00,235.240,235.840,236.650,1.500,1.480,1.100,0.444,0.124,0.200,0.131,0.203,0.082,0.049,0.071,0.953,50.050
2510203124,2026-09-18 18:00:00,236.130,236.670,235.840,0.370,0.340,0.400,0.257,0.085,0.079,0.093,0.060,0.021,0.020,0.018,0.973,49.940
2510203126,2026-09-18 18:00:00,228.440,228.040,229.140,0.040,0.020,0.000,0.013,0.008,0.004,0.000,-0.001,0.000,0.000,0.000,1.000,49.950
2510203127,2026-09-18 18:00:00,235.860,236.680,235.740,0.650,0.840,0.500,0.431,0.139,0.186,0.106,0.151,0.048,0.053,0.048,0.944,49.960
2510203128,2026-09-18 18:00:00,234.850,235.630,233.720,1.520,1.480,1.850,1.113,0.348,0.338,0.421,0.111,0.019,0.036,0.056,0.994,50.040
2510203129,2026-09-18 18:00:00,235.500,235.220,235.640,0.010,0.010,0.000,0.004,0.002,0.001,0.000,-0.003,-0.002,0.000,0.000,0.840,49.950
2510203130,2026-09-18 18:00:00,242.400,242.280,244.560,0.000,0.000,0.030,0.007,0.000,0.000,0.007,0.000,0.000,0.000,0.000,1.000,49.930
2510203133,2026-09-18 18:00:00,235.220,235.950,235.070,0.030,0.020,0.000,0.011,0.007,0.003,0.000,-0.002,0.000,-0.002,0.000,0.971,49.970
2510203134,2026-09-18 18:00:00,236.760,235.330,235.410,0.020,0.010,0.010,0.007,0.004,0.002,0.001,-0.001,0.000,-0.001,0.000,0.967,50.040
2510224049,2026-09-18 18:00:00,227.170,228.160,227.450,0.260,1.400,0.020,0.250,0.050,0.190,0.000,-0.160,-0.010,-0.140,0.000,0.840,49.990
2510224167,2026-09-18 18:00:00,227.530,227.120,228.350,0.750,0.120,0.360,0.170,0.090,0.010,0.050,-0.150,-0.070,-0.010,-0.050,0.740,50.020
2510317505,2026-09-18 18:00:00,227.720,227.420,228.490,0.170,0.260,2.290,0.320,0.030,0.020,0.260,-0.320,-0.020,-0.050,-0.240,0.716,50.010
2510317516,2026-09-18 18:00:00,228.090,227.710,228.810,0.000,0.000,0.000,0.000,0.000,0.000,0.000,0.000,0.000,0.000,0.000,1.000,50.030
2510317537,2026-09-18 18:00:00,234.610,234.250,235.690,2.590,2.560,2.540,1.730,0.580,0.570,0.570,-0.250,-0.080,-0.080,-0.100,0.984,50.020
2510389559,2026-09-18 18:00:00,235.760,235.460,235.960,0.000,0.000,0.000,0.000,0.000,0.000,0.000,0.000,0.000,0.000,0.000,1.000,50.030
2510389643,2026-09-18 18:00:00,235.670,235.320,235.890,3.380,0.000,0.000,0.560,0.560,0.000,0.000,-0.070,-0.070,0.000,0.000,0.989,50.000
2510389931,2026-09-18 18:00:00,234.990,234.540,235.160,0.050,0.000,0.000,0.000,0.000,0.000,0.000,-0.010,-0.010,0.000,0.000,0.200,49.990
2510633381,2026-09-18 18:00:00,236.490,235.150,235.350,0.070,0.080,0.020,0.033,0.012,0.017,0.003,-0.009,-0.004,-0.004,0.000,0.982,49.940
2510633383,2026-09-18 18:00:00,236.090,236.330,237.250,0.170,0.100,0.140,0.067,0.034,0.008,0.024,-0.063,-0.018,-0.021,-0.023,0.728,49.940
2510633385,2026-09-18 18:00:00,235.720,235.460,235.940,0.180,0.080,0.010,0.059,0.040,0.018,0.000,-0.009,-0.008,0.001,-0.001,0.984,49.970
2510633386,2026-09-18 18:00:00,224.540,224.580,225.790,1.110,1.120,1.110,0.157,0.053,0.051,0.052,-0.684,-0.227,-0.229,-0.228,0.235,49.970
2510633387,2026-09-18 18:00:00,235.030,235.870,234.920,0.010,0.000,0.000,0.002,0.002,0.000,0.000,0.000,0.000,0.000,0.000,0.830,49.970
2510633389,2026-09-18 18:00:00,235.410,235.270,235.010,0.230,0.190,0.210,0.144,0.053,0.043,0.048,-0.039,-0.014,-0.013,-0.011,0.960,49.960
2510633390,2026-09-18 18:00:00,235.460,236.670,235.170,0.230,0.200,0.500,0.211,0.051,0.042,0.116,0.055,0.016,0.017,0.020,0.967,49.960
2510633391,2026-09-18 18:00:00,124.470,123.870,123.950,0.000,0.000,0.000,0.000,0.000,0.000,0.000,0.000,0.000,0.000,0.000,1.000,49.960
2510633393,2026-09-18 18:00:00,233.770,234.130,234.010,1.670,1.720,1.700,1.153,0.377,0.389,0.384,0.241,0.082,0.072,0.086,0.979,49.990
2510633395,2026-09-18 18:00:00,235.580,236.450,235.500,0.000,0.000,0.000,0.000,0.000,0.000,0.000,0.000,0.000,0.000,0.000,1.000,49.940
2510633396,2026-09-18 18:00:00,237.060,236.010,236.410,0.430,0.480,0.420,0.332,0.108,0.119,0.104,0.125,0.040,0.045,0.038,0.927,49.940
2510633397,2026-09-18 18:00:00,241.900,240.380,240.720,0.700,0.690,0.700,0.583,0.199,0.189,0.193,0.238,0.078,0.090,0.073,0.911,49.960
2510633399,2026-09-18 18:00:00,227.660,227.250,228.450,0.470,0.480,0.520,0.333,0.106,0.109,0.118,0.009,0.003,0.004,0.001,1.000,49.950
2510633400,2026-09-18 18:00:00,225.860,226.850,225.900,1.030,1.090,1.050,0.701,0.227,0.243,0.229,0.296,0.091,0.098,0.098,0.911,49.960
2510633402,2026-09-18 18:00:00,229.850,229.660,231.880,0.570,0.550,0.580,0.354,0.105,0.120,0.128,0.110,0.036,0.034,0.038,0.955,49.990
2510633406,2026-09-18 18:00:00,227.600,227.200,228.450,0.010,0.010,0.010,0.003,0.001,0.000,0.000,-0.003,-0.001,0.000,-0.001,0.675,49.960
2510633411,2026-09-18 18:00:00,225.010,224.060,223.610,2.580,2.450,2.530,1.554,0.537,0.502,0.515,0.574,0.184,0.187,0.203,0.937,49.960
2510814977,2026-09-18 18:00:00,229.860,231.860,229.860,0.010,0.010,0.010,0.005,0.002,0.000,0.001,-0.002,0.000,-0.001,-0.001,0.864,49.950
2610026950,2026-09-18 18:00:00,228.370,227.390,227.220,0.010,0.010,0.010,0.005,0.002,0.001,0.002,-0.001,0.000,0.000,0.000,0.965,49.960
2610026952,2026-09-18 18:00:00,235.100,233.860,234.130,1.570,1.510,1.470,0.901,0.310,0.297,0.293,0.511,0.177,0.173,0.159,0.870,49.960
2610026953,2026-09-18 18:00:00,234.420,234.080,234.540,0.670,0.640,0.650,0.444,0.146,0.149,0.148,0.181,0.072,0.059,0.050,0.919,49.950
2610026963,2026-09-18 18:00:00,236.660,236.590,237.610,0.420,0.230,0.250,0.210,0.096,0.054,0.059,-0.033,-0.016,-0.007,-0.009,0.988,49.940
2610026966,2026-09-18 18:00:00,230.480,231.120,230.670,0.180,0.180,0.250,0.139,0.040,0.042,0.057,0.027,0.009,0.007,0.010,0.978,49.930
2610026976,2026-09-18 18:00:00,236.170,235.880,237.140,0.480,1.440,0.990,0.677,0.111,0.331,0.233,0.065,0.023,0.023,0.019,0.994,49.940
2610026977,2026-09-18 18:00:00,241.990,242.490,242.120,0.000,0.060,0.000,0.015,0.000,0.015,0.000,-0.002,0.000,-0.001,0.000,1.000,49.960
2610126270,2026-09-18 18:00:00,227.360,228.360,227.670,0.070,0.070,0.010,0.035,0.016,0.016,0.002,-0.004,-0.001,-0.001,-0.001,0.999,49.980
2610126451,2026-09-18 18:00:00,236.170,237.000,235.970,0.000,0.010,0.120,0.027,0.000,0.001,0.026,0.000,0.000,0.000,0.000,0.988,49.950
2610159557,2026-09-18 18:00:00,236.350,234.970,235.140,0.020,0.030,0.030,0.017,0.003,0.007,0.006,-0.006,-0.003,-0.001,-0.001,0.923,49.960
2610170785,2026-09-18 18:00:00,236.080,234.700,234.980,0.000,0.010,0.000,0.003,0.000,0.002,0.000,0.000,0.000,0.000,0.000,1.000,49.970
2610170786,2026-09-18 18:00:00,234.810,234.920,235.930,0.940,0.940,0.990,0.773,0.239,0.252,0.281,0.138,0.051,0.031,0.054,0.981,50.020
2610170836,2026-09-18 18:00:00,235.730,235.900,236.770,0.000,0.210,0.280,0.117,0.000,0.051,0.065,0.000,0.000,0.000,0.000,1.000,49.980
2610170837,2026-09-18 18:00:00,231.800,229.730,229.730,0.030,0.000,0.020,0.006,0.002,0.000,0.004,0.005,0.005,0.000,0.000,0.763,49.990
2610170838,2026-09-18 18:00:00,236.220,234.780,235.060,0.020,0.040,0.040,0.021,0.003,0.009,0.009,0.000,0.000,0.000,0.000,0.999,50.030
2610170839,2026-09-18 18:00:00,234.500,234.690,235.860,0.110,0.140,0.140,0.080,0.021,0.030,0.028,0.053,0.017,0.017,0.018,0.820,49.990
2610170840,2026-09-18 18:00:00,235.020,234.580,235.210,0.050,0.000,0.000,0.011,0.011,0.000,0.000,0.000,0.000,0.000,0.000,0.966,49.990
2610322967,2026-09-18 18:00:00,236.710,235.200,235.190,0.000,0.000,0.010,0.002,0.000,0.000,0.002,0.000,0.000,0.000,0.000,1.000,49.970
2610322969,2026-09-18 18:00:00,228.270,227.450,227.220,0.200,0.270,0.050,0.115,0.042,0.063,0.009,0.025,0.013,0.005,0.006,0.979,49.960
2610322995,2026-09-18 18:00:00,234.700,235.010,236.250,0.000,0.040,0.050,0.020,0.000,0.008,0.011,-0.009,0.000,-0.004,-0.003,0.916,49.960
2610322997,2026-09-18 18:00:00,228.920,230.230,228.630,1.100,1.160,0.870,0.712,0.262,0.261,0.206,0.294,0.052,0.139,0.102,0.920,49.980
2610323001,2026-09-18 18:00:00,226.640,225.610,225.140,4.140,3.510,3.810,2.324,0.852,0.703,0.763,1.037,0.364,0.334,0.337,0.914,49.980
2610323004,2026-09-18 18:00:00,63.930,63.160,63.790,0.490,0.460,0.480,0.087,0.030,0.028,0.029,0.024,0.008,0.008,0.007,0.959,49.960
2610323005,2026-09-18 18:00:00,227.380,228.380,227.560,0.000,0.000,0.010,0.003,0.000,0.001,0.001,-0.001,0.000,0.000,-0.001,0.789,49.970
2610323010,2026-09-18 18:00:00,235.280,235.100,234.890,0.060,0.000,0.000,0.010,0.010,0.000,0.000,-0.007,-0.007,0.000,0.000,0.835,49.970
2610323016,2026-09-18 18:00:00,229.250,227.530,227.480,2.040,1.870,1.870,1.158,0.416,0.367,0.375,0.601,0.203,0.205,0.192,0.887,50.000
2610323017,2026-09-18 18:00:00,234.350,235.720,234.560,0.070,0.040,0.030,0.031,0.016,0.008,0.006,-0.011,-0.005,-0.003,-0.002,0.945,50.010
2610323019,2026-09-18 18:00:00,227.190,228.450,227.630,0.020,0.050,0.030,0.022,0.004,0.011,0.006,-0.006,-0.001,-0.003,-0.001,0.943,50.000
2610323024,2026-09-18 18:00:00,229.500,231.540,229.470,0.630,0.710,0.620,0.412,0.135,0.154,0.130,0.173,0.051,0.055,0.066,0.922,49.990
2410121574,2026-09-18 18:01:00,237.030,235.720,235.910,0.290,0.240,0.210,0.176,0.069,0.055,0.051,-0.037,-0.010,-0.011,-0.015,0.976,49.870
2510203105,2026-09-18 18:01:00,231.760,229.640,229.910,0.760,0.930,0.780,0.576,0.210,0.210,0.156,0.216,0.077,0.071,0.068,0.938,50.070
2510203114,2026-09-18 18:01:00,229.000,229.270,230.230,0.230,0.120,0.180,0.120,0.043,0.032,0.044,0.038,0.011,0.009,0.017,0.939,49.920
2610323027,2026-09-18 18:01:00,236.800,235.310,235.570,0.040,0.050,0.040,0.029,0.009,0.011,0.008,-0.010,-0.003,-0.003,-0.003,0.937,50.060
2410121454,2026-09-18 18:02:00,235.840,237.010,235.820,0.160,0.210,0.320,0.138,0.031,0.045,0.061,0.043,0.014,0.013,0.015,0.955,50.130
2510203109,2026-09-18 18:02:00,234.570,235.770,234.320,0.850,0.900,1.060,0.613,0.190,0.198,0.225,0.126,0.049,0.032,0.045,0.980,49.940
2510203111,2026-09-18 18:02:00,235.690,236.160,236.990,1.740,1.460,1.920,1.127,0.374,0.318,0.434,0.286,0.130,0.075,0.080,0.968,50.050
2610322982,2026-09-18 18:22:00,234.290,234.380,235.650,0.020,0.020,0.040,0.017,0.003,0.004,0.008,-0.006,-0.001,-0.002,-0.003,0.918,50.090
2246006313,2026-09-18 18:30:00,57.400,57.200,57.100,1.477,1.465,1.418,0.237,0.079,0.080,0.076,0.052,0.019,0.016,0.017,0.975,50.110
2410121326,2026-09-18 18:30:00,237.740,236.700,236.820,0.490,0.340,0.440,0.279,0.107,0.071,0.099,0.111,0.045,0.036,0.029,0.927,50.150
2410121353,2026-09-18 18:30:00,237.800,236.720,236.720,0.180,0.180,0.110,0.108,0.041,0.042,0.024,0.014,0.002,0.001,0.010,0.987,50.120
2410121371,2026-09-18 18:30:00,238.530,237.230,237.310,0.220,0.190,0.210,0.158,0.051,0.051,0.055,-0.003,-0.001,0.000,-0.002,1.000,50.170
2410121424,2026-09-18 18:30:00,238.020,236.860,236.940,0.010,0.010,0.010,0.004,0.000,0.001,0.002,-0.003,-0.001,-0.001,0.000,0.780,50.160
2410121440,2026-09-18 18:30:00,237.740,236.640,236.660,0.010,0.000,0.010,0.004,0.002,0.000,0.001,-0.002,-0.001,0.000,0.000,0.929,50.150
2410121454,2026-09-18 18:30:00,236.980,238.150,236.930,0.140,0.190,0.350,0.159,0.032,0.045,0.082,0.055,0.018,0.017,0.019,0.958,50.160
2410121457,2026-09-18 18:30:00,235.210,234.190,234.100,2.490,2.670,2.520,1.753,0.568,0.612,0.572,0.338,0.092,0.129,0.116,0.982,50.120
2410121574,2026-09-18 18:30:00,238.140,236.810,236.990,0.280,0.220,0.190,0.159,0.065,0.051,0.042,-0.038,-0.010,-0.011,-0.016,0.972,50.140
2410131378,2026-09-18 18:30:00,236.770,237.740,236.510,0.820,0.790,0.920,0.546,0.168,0.192,0.185,0.129,0.032,0.040,0.056,0.973,50.150
2410131383,2026-09-18 18:30:00,240.040,239.810,239.670,0.110,0.080,0.130,0.076,0.026,0.018,0.031,-0.003,0.000,-0.001,-0.002,1.000,50.160
2410131384,2026-09-18 18:30:00,235.560,236.640,235.590,1.090,1.160,1.090,0.719,0.233,0.261,0.223,0.143,0.040,0.060,0.041,0.983,50.160
2410131387,2026-09-18 18:30:00,235.340,235.480,236.080,0.140,0.150,0.110,0.090,0.032,0.033,0.024,0.024,0.004,0.012,0.007,0.961,50.130
2410320615,2026-09-18 18:30:00,238.490,238.530,239.090,2.150,2.120,2.270,1.430,0.485,0.458,0.489,0.274,0.074,0.103,0.097,0.982,50.130
2410883988,2026-09-18 18:30:00,228.060,229.070,228.590,0.020,0.000,0.040,0.013,0.004,0.000,0.008,-0.001,0.000,0.000,0.000,0.958,50.120
2410883990,2026-09-18 18:30:00,229.080,228.470,227.950,0.090,0.000,0.100,0.042,0.019,0.000,0.022,0.001,0.000,0.000,0.002,0.999,50.140
2410883991,2026-09-18 18:30:00,235.430,235.530,236.840,0.130,0.190,0.180,0.117,0.031,0.045,0.041,-0.005,-0.002,0.000,-0.004,0.995,50.150
2410883993,2026-09-18 18:30:00,236.160,234.990,234.720,0.880,0.880,1.580,0.770,0.198,0.203,0.367,0.039,0.020,-0.001,0.020,0.998,50.130
2410883994,2026-09-18 18:30:00,236.790,235.480,235.770,0.030,0.050,0.060,0.032,0.006,0.011,0.014,-0.004,-0.001,-0.001,-0.001,0.994,50.150
2410932742,2026-09-18 18:30:00,229.390,227.390,227.460,3.110,2.950,3.100,1.937,0.664,0.618,0.653,0.549,0.186,0.177,0.185,0.962,50.130
2411087432,2026-09-18 18:30:00,236.330,237.310,236.280,1.110,1.110,0.980,0.693,0.255,0.228,0.206,0.231,0.046,0.095,0.088,0.949,50.110
2411087433,2026-09-18 18:30:00,235.810,235.970,237.070,0.460,0.430,0.430,0.294,0.102,0.095,0.100,-0.031,-0.010,-0.012,-0.008,0.993,50.120
2411290205,2026-09-18 18:30:00,239.100,238.810,239.070,0.870,0.850,0.880,0.603,0.200,0.197,0.205,-0.007,0.000,-0.001,-0.005,0.999,50.140
2510014481,2026-09-18 18:30:00,228.550,228.760,230.720,2.200,2.090,2.250,1.444,0.478,0.476,0.472,0.467,0.155,0.167,0.144,0.945,50.130
2510014482,2026-09-18 18:30:00,236.450,237.370,236.350,0.010,0.080,0.000,0.022,0.002,0.019,0.000,-0.005,-0.002,-0.002,0.000,0.992,50.100
2510014483,2026-09-18 18:30:00,235.710,235.800,236.910,0.050,0.040,0.110,0.037,0.008,0.006,0.022,-0.022,-0.006,-0.006,-0.010,0.864,50.140
2510014484,2026-09-18 18:30:00,238.110,237.840,238.350,1.650,2.020,1.640,1.201,0.371,0.462,0.367,0.402,0.141,0.127,0.132,0.948,50.110
2510178139,2026-09-18 18:30:00,236.570,237.680,236.400,0.420,0.470,0.420,0.278,0.091,0.099,0.088,0.112,0.035,0.036,0.040,0.929,50.110
2510178141,2026-09-18 18:30:00,236.780,236.840,237.860,0.020,0.010,0.010,0.003,0.002,0.000,0.000,-0.008,-0.004,-0.001,-0.002,0.369,50.110
2510203103,2026-09-18 18:30:00,226.390,224.400,224.500,0.280,0.300,0.260,0.183,0.064,0.067,0.051,-0.002,-0.001,0.001,-0.003,1.000,50.150
2510203104,2026-09-18 18:30:00,229.780,229.750,230.820,0.350,0.320,0.360,0.235,0.085,0.072,0.077,0.056,0.005,0.021,0.028,0.968,50.150
2510203105,2026-09-18 18:30:00,231.450,229.470,229.890,1.420,1.530,1.300,0.934,0.314,0.340,0.288,0.253,0.093,0.090,0.070,0.964,50.110
2510203106,2026-09-18 18:30:00,239.400,239.100,239.500,0.030,0.010,0.000,0.009,0.005,0.003,0.000,-0.004,-0.003,0.000,0.000,0.946,50.160
2510203107,2026-09-18 18:30:00,226.910,226.440,227.000,1.590,1.600,1.530,0.996,0.335,0.336,0.324,0.263,0.085,0.097,0.080,0.966,50.140
2510203108,2026-09-18 18:30:00,236.810,237.600,236.180,0.730,1.760,2.520,1.195,0.169,0.427,0.599,0.043,0.017,0.003,0.019,0.998,50.120
2510203109,2026-09-18 18:30:00,235.320,236.500,235.180,0.800,0.790,1.000,0.572,0.180,0.175,0.216,0.120,0.047,0.031,0.040,0.977,50.110
2510203111,2026-09-18 18:30:00,236.190,236.530,237.460,1.810,1.510,1.990,1.157,0.375,0.315,0.436,0.287,0.133,0.075,0.078,0.970,50.160
2510203113,2026-09-18 18:30:00,238.520,238.280,237.930,2.030,2.000,2.560,1.531,0.479,0.455,0.586,0.197,0.041,0.074,0.080,0.992,50.120
2510203114,2026-09-18 18:30:00,229.480,229.670,230.700,0.290,0.190,0.220,0.145,0.052,0.043,0.048,0.026,0.006,0.004,0.015,0.984,50.110
2510203117,2026-09-18 18:30:00,228.480,227.790,227.190,0.380,0.570,0.270,0.284,0.086,0.129,0.069,-0.045,-0.015,-0.017,-0.012,0.985,50.110
2510203118,2026-09-18 18:30:00,124.210,124.190,124.840,0.210,0.180,0.180,0.068,0.024,0.022,0.021,-0.010,-0.004,-0.001,-0.005,0.993,50.130
2510203119,2026-09-18 18:30:00,228.900,228.250,227.690,0.000,0.000,0.000,0.000,0.000,0.000,0.000,0.000,0.000,0.000,0.000,1.000,50.130
2510203120,2026-09-18 18:30:00,236.480,235.230,235.390,0.520,0.390,0.360,0.288,0.118,0.088,0.081,0.096,0.039,0.029,0.027,0.947,50.120
2510203121,2026-09-18 18:30:00,228.350,227.740,228.820,0.250,0.110,0.230,0.131,0.057,0.022,0.051,-0.027,-0.007,-0.007,-0.012,0.976,50.120
2510203123,2026-09-18 18:30:00,235.890,236.270,237.350,1.760,2.020,1.470,1.117,0.447,0.416,0.199,0.456,0.172,0.130,0.153,0.906,50.160
2510203126,2026-09-18 18:30:00,228.680,228.030,229.200,0.040,0.020,0.000,0.013,0.008,0.004,0.000,-0.001,0.000,0.000,0.000,1.000,50.130
2510203127,2026-09-18 18:30:00,236.680,237.670,236.730,0.660,0.840,0.500,0.436,0.141,0.186,0.108,0.152,0.049,0.054,0.049,0.943,50.140
2510203128,2026-09-18 18:30:00,235.470,236.220,234.360,1.790,1.740,2.040,1.274,0.410,0.398,0.465,0.126,0.023,0.040,0.061,0.995,50.140
2510203129,2026-09-18 18:30:00,239.760,239.470,239.880,0.010,0.030,0.080,0.027,0.002,0.006,0.018,-0.004,-0.002,-0.001,0.000,0.977,50.150
2510203130,2026-09-18 18:30:00,242.630,242.590,244.550,0.020,0.000,0.060,0.021,0.005,0.001,0.014,0.002,0.000,0.000,0.002,0.975,50.100
2510203133,2026-09-18 18:30:00,236.100,237.160,236.170,0.020,0.020,0.000,0.010,0.005,0.004,0.000,-0.002,0.000,-0.002,0.000,0.980,50.140
2510203134,2026-09-18 18:30:00,236.870,235.500,235.560,0.020,0.010,0.010,0.007,0.004,0.002,0.001,-0.001,0.000,-0.001,0.000,0.965,50.120
2510224049,2026-09-18 18:30:00,227.540,228.760,228.200,20.830,20.830,12.500,11.330,4.060,4.540,2.720,-2.240,-0.750,-0.900,-0.580,0.980,50.130
2510224167,2026-09-18 18:30:00,227.920,227.300,228.560,10.260,11.850,11.990,7.370,2.230,2.550,2.590,-2.190,-0.630,-0.770,-0.790,0.958,50.110
2510317505,2026-09-18 18:30:00,228.440,227.950,228.990,25.200,9.650,9.510,9.690,5.620,2.110,1.950,-2.040,-0.660,-0.570,-0.800,0.978,50.130
2510317516,2026-09-18 18:30:00,228.540,227.940,229.060,0.000,0.000,0.000,0.000,0.000,0.000,0.000,0.000,0.000,0.000,0.000,1.000,50.110
2510317537,2026-09-18 18:30:00,235.280,234.780,236.300,3.170,3.040,2.920,1.840,0.630,0.630,0.580,-0.310,-0.100,-0.100,-0.100,0.983,50.110
2510389559,2026-09-18 18:30:00,239.590,239.340,239.720,0.000,0.000,0.000,0.000,0.000,0.000,0.000,0.000,0.000,0.000,0.000,1.000,50.110
2510389643,2026-09-18 18:30:00,239.900,239.600,239.980,19.220,21.860,20.910,14.070,3.990,5.140,4.940,-1.430,-0.190,-0.650,-0.570,0.994,50.120
2510633381,2026-09-18 18:30:00,236.960,235.640,235.790,0.060,0.090,0.020,0.036,0.012,0.019,0.003,-0.009,-0.004,-0.003,0.000,0.968,50.110
2510633383,2026-09-18 18:30:00,236.790,236.900,237.960,0.110,0.080,0.090,0.017,0.005,0.002,0.009,-0.063,-0.024,-0.019,-0.019,0.263,50.120
2510633385,2026-09-18 18:30:00,239.610,239.390,239.820,0.430,0.410,0.360,0.285,0.102,0.097,0.084,-0.034,-0.008,-0.014,-0.011,0.991,50.110
2510633387,2026-09-18 18:30:00,236.160,237.100,236.190,0.010,0.000,0.000,0.002,0.002,0.000,0.000,0.000,0.000,0.000,0.000,0.838,50.110
2510633389,2026-09-18 18:30:00,239.480,239.300,238.980,0.610,0.610,0.600,0.432,0.145,0.144,0.143,-0.040,-0.013,-0.014,-0.011,0.995,50.120
2510633390,2026-09-18 18:30:00,235.540,236.720,235.340,0.260,0.270,0.540,0.248,0.058,0.064,0.125,0.050,0.014,0.017,0.018,0.980,50.140
2510633391,2026-09-18 18:30:00,124.930,124.360,124.350,0.000,0.000,0.000,0.000,0.000,0.000,0.000,0.000,0.000,0.000,0.000,1.000,50.170
2510633393,2026-09-18 18:30:00,238.400,238.780,238.630,1.760,1.780,1.770,1.224,0.405,0.410,0.409,0.264,0.091,0.079,0.093,0.976,50.160
2510633395,2026-09-18 18:30:00,236.760,237.780,236.590,0.000,0.000,0.000,0.000,0.000,0.000,0.000,0.000,0.000,0.000,0.000,1.000,50.100
2510633396,2026-09-18 18:30:00,237.710,236.670,236.940,0.480,0.540,0.470,0.322,0.104,0.117,0.100,0.120,0.039,0.043,0.039,0.933,50.120
2510633397,2026-09-18 18:30:00,242.400,240.950,241.130,0.640,0.640,0.670,0.417,0.137,0.136,0.143,0.208,0.068,0.070,0.069,0.895,50.150
2510633399,2026-09-18 18:30:00,227.960,227.300,228.530,0.470,0.490,0.530,0.338,0.105,0.112,0.121,0.013,0.004,0.005,0.003,0.998,50.150
2510633400,2026-09-18 18:30:00,226.000,227.000,226.340,1.160,1.200,1.170,0.701,0.231,0.239,0.230,0.295,0.093,0.098,0.103,0.924,50.160
2510633402,2026-09-18 18:30:00,229.860,229.950,231.980,0.570,0.620,0.750,0.582,0.182,0.196,0.204,0.232,0.076,0.072,0.079,0.876,50.130
2510633406,2026-09-18 18:30:00,228.250,227.670,228.890,0.170,0.200,0.200,0.123,0.037,0.043,0.043,-0.038,-0.010,-0.013,-0.013,0.954,50.130
2510814977,2026-09-18 18:30:00,230.420,232.360,230.290,0.010,0.010,0.010,0.005,0.003,0.000,0.001,-0.002,0.000,-0.001,-0.001,0.854,50.130
2610026950,2026-09-18 18:30:00,228.810,228.170,227.670,0.010,0.010,0.010,0.005,0.002,0.001,0.002,-0.001,0.000,0.000,0.000,0.992,50.130
2610026952,2026-09-18 18:30:00,235.230,234.130,234.260,2.100,1.980,2.040,1.210,0.410,0.387,0.412,0.750,0.267,0.248,0.234,0.849,50.140
2610026953,2026-09-18 18:30:00,238.640,238.270,238.720,0.770,0.710,0.760,0.416,0.134,0.136,0.146,0.181,0.068,0.058,0.052,0.929,50.130
2610026963,2026-09-18 18:30:00,237.260,237.050,238.270,0.360,0.160,0.180,0.160,0.082,0.036,0.041,-0.040,-0.019,-0.008,-0.012,0.972,50.110
2610026966,2026-09-18 18:30:00,230.400,231.420,230.850,0.170,0.160,0.170,0.112,0.038,0.036,0.037,0.027,0.009,0.006,0.010,0.974,50.100
2610026976,2026-09-18 18:30:00,236.950,236.650,238.060,0.460,1.200,0.750,0.582,0.127,0.272,0.179,-0.019,-0.006,-0.006,-0.006,0.998,50.120
2610026977,2026-09-18 18:30:00,241.740,242.520,241.980,0.210,0.470,0.540,0.290,0.046,0.112,0.130,0.040,0.020,0.011,0.008,0.989,50.160
2610126270,2026-09-18 18:30:00,227.840,228.860,228.460,0.060,0.080,0.030,0.038,0.013,0.018,0.006,-0.005,-0.002,-0.001,-0.001,0.979,50.140
2610159557,2026-09-18 18:30:00,236.790,235.500,235.650,0.040,0.040,0.030,0.024,0.008,0.008,0.007,-0.007,-0.003,-0.001,-0.001,0.976,50.130
2610170786,2026-09-18 18:30:00,235.330,235.610,236.710,0.780,0.720,0.910,0.629,0.189,0.185,0.224,0.111,0.052,0.025,0.034,0.983,50.110
2610170836,2026-09-18 18:30:00,236.860,237.000,238.120,0.070,0.070,0.070,0.018,0.003,0.009,0.061,0.046,0.014,0.014,0.016,0.354,50.130
2610170837,2026-09-18 18:30:00,232.210,230.240,230.330,0.000,0.000,0.020,0.006,0.000,0.000,0.004,0.000,0.000,0.000,0.000,0.996,50.140
2610170838,2026-09-18 18:30:00,236.690,235.290,235.510,0.000,0.040,0.060,0.022,0.000,0.008,0.014,0.000,0.000,0.000,-0.001,0.987,50.100
2610170839,2026-09-18 18:30:00,235.270,235.450,236.590,0.150,0.180,0.180,0.045,0.009,0.017,0.018,0.052,0.017,0.016,0.018,0.854,50.140
2610170840,2026-09-18 18:30:00,239.530,239.100,239.480,0.430,0.250,0.610,0.305,0.101,0.058,0.145,-0.037,-0.012,-0.008,-0.017,0.993,50.140
2610322967,2026-09-18 18:30:00,237.220,235.820,235.740,0.000,0.000,0.020,0.005,0.000,0.000,0.005,0.001,0.000,0.000,0.001,0.920,50.130
2610322969,2026-09-18 18:30:00,228.800,228.120,227.620,0.130,0.270,0.020,0.096,0.030,0.062,0.004,0.007,0.006,0.000,0.001,0.997,50.120
2610322995,2026-09-18 18:30:00,235.690,235.810,236.930,0.000,0.040,0.050,0.018,0.000,0.008,0.009,-0.009,0.000,-0.004,-0.004,0.898,50.140
2610322997,2026-09-18 18:30:00,229.580,230.580,229.310,1.090,1.200,0.900,0.599,0.222,0.213,0.162,0.275,0.057,0.131,0.085,0.914,50.140
2610323001,2026-09-18 18:30:00,226.500,225.650,225.210,4.390,3.870,4.190,2.526,0.901,0.783,0.841,1.159,0.402,0.373,0.384,0.909,50.140
2610323004,2026-09-18 18:30:00,64.050,63.360,63.940,0.460,0.470,0.820,0.063,0.019,0.022,0.020,0.018,0.005,0.005,0.007,0.915,50.140
2610323005,2026-09-18 18:30:00,227.820,228.900,228.370,0.000,0.000,0.010,0.003,0.000,0.001,0.001,-0.001,0.000,0.000,-0.001,0.780,50.140
2610323010,2026-09-18 18:30:00,239.640,239.490,239.230,0.120,0.000,0.000,0.027,0.027,0.000,0.000,-0.011,-0.011,0.000,0.000,0.924,50.140
2610323016,2026-09-18 18:30:00,227.300,226.040,225.890,4.410,4.260,4.240,2.724,0.938,0.894,0.891,0.962,0.314,0.318,0.329,0.942,50.130
2610323019,2026-09-18 18:30:00,227.590,228.970,228.350,0.020,0.060,0.030,0.023,0.004,0.012,0.006,-0.006,-0.001,-0.004,-0.001,0.931,50.120
2610323024,2026-09-18 18:30:00,230.160,231.970,230.070,0.670,0.630,0.540,0.391,0.145,0.135,0.115,0.152,0.045,0.049,0.057,0.933,50.140
2610323027,2026-09-18 18:30:00,237.140,235.720,235.950,0.030,0.040,0.030,0.022,0.006,0.009,0.007,-0.010,-0.003,-0.004,-0.003,0.919,50.120
2510203122,2026-09-18 18:31:00,236.880,237.890,236.860,0.520,0.490,0.300,0.267,0.109,0.109,0.048,0.168,0.052,0.059,0.050,0.846,50.170
2510203124,2026-09-18 18:31:00,237.160,237.930,236.840,0.370,0.350,0.410,0.260,0.085,0.079,0.094,0.058,0.021,0.019,0.018,0.975,50.130
2510389931,2026-09-18 18:31:00,239.160,238.740,239.160,16.830,9.910,24.340,12.100,3.990,2.340,5.770,-1.410,-0.430,-0.310,-0.660,0.993,50.150
2510633386,2026-09-18 18:31:00,225.430,225.380,226.600,1.110,1.120,1.110,0.142,0.048,0.048,0.044,-0.696,-0.230,-0.232,-0.233,0.195,50.120
2510633411,2026-09-18 18:31:00,225.300,224.420,223.780,2.620,2.520,2.560,1.579,0.545,0.517,0.516,0.605,0.190,0.202,0.213,0.935,50.150
2610126451,2026-09-18 18:31:00,237.390,238.360,237.340,0.000,0.010,0.080,0.021,0.000,0.001,0.018,0.001,0.000,0.000,0.002,0.977,50.150
2610322982,2026-09-18 18:31:00,235.910,235.990,237.180,0.020,0.020,0.040,0.015,0.003,0.004,0.007,-0.006,-0.001,-0.002,-0.003,0.939,50.110
2610323017,2026-09-18 18:31:00,235.340,236.790,235.690,0.050,0.030,0.020,0.020,0.010,0.006,0.003,-0.011,-0.005,-0.003,-0.002,0.875,50.160
2610170785,2026-09-18 18:32:00,237.110,235.820,236.080,0.010,0.010,0.000,0.004,0.001,0.002,0.000,0.000,0.000,0.000,0.000,0.926,50.140
2246006313,2026-09-18 19:00:00,59.100,58.900,58.800,1.398,1.404,1.354,0.238,0.080,0.081,0.077,0.054,0.019,0.017,0.017,0.975,50.210
2410121326,2026-09-18 19:00:00,236.000,234.970,235.290,0.460,0.280,0.380,0.248,0.105,0.058,0.088,0.086,0.031,0.027,0.027,0.944,50.170
2410121353,2026-09-18 19:00:00,236.570,235.540,235.660,0.170,0.180,0.110,0.106,0.040,0.041,0.024,0.001,-0.001,-0.003,0.006,0.998,50.180
2410121371,2026-09-18 19:00:00,236.740,235.510,235.690,0.090,0.110,0.130,0.128,0.037,0.043,0.047,-0.003,-0.001,0.000,-0.002,1.000,50.200
2410121424,2026-09-18 19:00:00,236.940,235.880,236.030,0.010,0.010,0.010,0.004,0.000,0.001,0.002,-0.003,-0.001,-0.001,0.000,0.780,50.220
2410121440,2026-09-18 19:00:00,236.420,235.340,235.480,0.010,0.000,0.010,0.004,0.002,0.000,0.001,-0.002,-0.001,0.000,0.000,0.923,50.210
2410121454,2026-09-18 19:00:00,235.950,236.990,235.860,0.130,0.230,0.230,0.136,0.028,0.054,0.052,0.031,0.011,0.009,0.010,0.976,50.220
2410121457,2026-09-18 19:00:00,234.710,233.500,233.920,2.050,2.090,1.910,1.379,0.469,0.471,0.437,0.245,0.071,0.102,0.070,0.984,50.180
2410121574,2026-09-18 19:00:00,236.820,235.490,235.680,0.230,0.190,0.170,0.130,0.051,0.042,0.035,-0.042,-0.011,-0.015,-0.015,0.951,50.190
2410131378,2026-09-18 19:00:00,235.280,236.070,235.000,0.770,0.960,0.850,0.553,0.171,0.188,0.189,0.108,0.025,0.032,0.050,0.983,50.200
2410131383,2026-09-18 19:00:00,237.280,237.090,236.850,0.090,0.070,0.120,0.067,0.022,0.017,0.027,-0.005,-0.001,-0.001,-0.002,1.000,50.190
2410131384,2026-09-18 19:00:00,238.940,239.810,238.890,0.980,1.260,1.050,0.677,0.254,0.281,0.248,0.133,0.036,0.055,0.041,0.984,50.200
2410131387,2026-09-18 19:00:00,236.270,236.570,236.910,0.110,0.120,0.080,0.069,0.025,0.025,0.018,0.016,0.001,0.009,0.005,0.976,50.180
2410320615,2026-09-18 19:00:00,239.320,239.500,239.950,1.640,1.600,1.820,1.150,0.375,0.364,0.386,0.171,0.040,0.068,0.062,0.989,50.200
2410883988,2026-09-18 19:00:00,235.030,235.790,235.080,0.020,0.000,0.040,0.013,0.004,0.000,0.008,-0.001,0.000,0.000,0.000,0.974,50.220
2410883990,2026-09-18 19:00:00,235.150,234.310,234.250,0.080,0.000,0.090,0.040,0.019,0.000,0.020,0.004,0.001,0.000,0.002,0.985,50.170
2410883991,2026-09-18 19:00:00,239.010,239.070,240.240,0.110,0.170,0.150,0.100,0.025,0.039,0.034,-0.005,-0.003,0.000,-0.003,0.995,50.210
2410883993,2026-09-18 19:00:00,240.020,238.850,238.770,0.910,1.150,1.490,0.837,0.214,0.274,0.348,0.117,0.038,0.028,0.050,0.990,50.230
2410883994,2026-09-18 19:00:00,240.130,238.920,239.150,0.020,0.050,0.020,0.022,0.005,0.012,0.005,-0.004,-0.002,-0.001,-0.001,0.992,50.190
2410932742,2026-09-18 19:00:00,233.470,231.420,231.480,2.910,2.780,2.930,1.831,0.624,0.583,0.623,0.572,0.195,0.190,0.186,0.954,50.220
2411087432,2026-09-18 19:00:00,235.460,236.400,235.410,0.830,1.410,0.780,0.677,0.195,0.312,0.170,0.133,0.016,0.070,0.045,0.981,50.210
2411087433,2026-09-18 19:00:00,240.100,240.170,241.180,0.440,0.450,0.390,0.309,0.105,0.109,0.094,-0.032,-0.010,-0.013,-0.008,0.993,50.240
2411290205,2026-09-18 19:00:00,239.940,239.450,239.850,0.970,0.970,1.010,0.722,0.237,0.238,0.246,-0.005,0.001,0.000,-0.006,0.999,50.200
2510014481,2026-09-18 19:00:00,232.300,232.100,233.960,2.510,2.530,2.660,1.767,0.570,0.577,0.585,0.563,0.182,0.210,0.171,0.948,50.240
2510014482,2026-09-18 19:00:00,235.440,236.290,235.260,0.010,0.080,0.000,0.021,0.002,0.018,0.000,-0.005,-0.002,-0.002,0.000,0.984,50.190
2510014483,2026-09-18 19:00:00,239.340,239.430,240.410,0.050,0.040,0.100,0.038,0.009,0.006,0.022,-0.024,-0.007,-0.006,-0.010,0.847,50.180
2510014484,2026-09-18 19:00:00,239.110,238.790,239.370,1.280,1.470,1.210,0.869,0.273,0.332,0.243,0.366,0.129,0.116,0.119,0.921,50.180
2510178139,2026-09-18 19:00:00,235.840,236.780,235.550,0.360,0.390,0.380,0.259,0.079,0.093,0.082,0.057,0.015,0.017,0.023,0.977,50.220
2510178141,2026-09-18 19:00:00,235.480,235.540,236.540,0.020,0.010,0.010,0.005,0.002,0.000,0.002,-0.008,-0.004,-0.001,-0.002,0.531,50.180
2510203103,2026-09-18 19:00:00,229.890,227.830,227.840,0.230,0.270,0.210,0.138,0.046,0.048,0.042,-0.011,-0.002,-0.002,-0.006,0.995,50.190
2510203104,2026-09-18 19:00:00,233.280,233.260,234.270,0.540,0.460,0.450,0.306,0.119,0.096,0.090,0.062,0.009,0.022,0.030,0.981,50.230
2510203105,2026-09-18 19:00:00,235.730,233.620,233.870,0.590,0.750,0.610,0.455,0.138,0.173,0.143,0.053,0.015,0.024,0.013,0.992,50.220
2510203106,2026-09-18 19:00:00,240.660,240.260,240.730,0.030,0.010,0.000,0.009,0.005,0.003,0.000,-0.004,-0.003,0.000,0.000,0.946,50.220
2510203107,2026-09-18 19:00:00,227.520,227.020,227.680,1.660,1.660,1.590,1.041,0.352,0.349,0.338,0.287,0.093,0.106,0.088,0.963,50.170
2510203108,2026-09-18 19:00:00,235.610,236.310,234.870,0.740,1.840,2.590,1.167,0.155,0.409,0.602,0.060,0.024,0.007,0.030,0.999,50.220
2510203109,2026-09-18 19:00:00,239.090,240.230,238.910,0.540,0.520,0.660,0.398,0.129,0.125,0.139,0.007,0.014,-0.007,0.000,1.000,50.210
2510203111,2026-09-18 19:00:00,234.770,235.270,236.140,1.750,1.430,1.930,1.125,0.376,0.313,0.434,0.276,0.130,0.070,0.076,0.971,50.210
2510203113,2026-09-18 19:00:00,239.820,239.620,239.360,1.710,1.660,1.930,1.244,0.397,0.393,0.453,0.136,0.022,0.056,0.057,0.993,50.220
2510203114,2026-09-18 19:00:00,233.110,233.250,234.140,0.310,0.160,0.160,0.177,0.075,0.052,0.049,0.023,0.005,0.003,0.014,0.991,50.200
2510203117,2026-09-18 19:00:00,235.270,234.430,234.250,0.340,0.410,0.270,0.231,0.077,0.094,0.059,-0.045,-0.015,-0.017,-0.013,0.981,50.230
2510203118,2026-09-18 19:00:00,126.400,126.350,126.990,0.150,0.120,0.130,0.045,0.017,0.014,0.013,-0.024,-0.008,-0.006,-0.009,0.868,50.230
2510203119,2026-09-18 19:00:00,235.420,234.580,234.380,0.000,0.000,0.000,0.000,0.000,0.000,0.000,0.000,0.000,0.000,0.000,1.000,50.170
2510203120,2026-09-18 19:00:00,239.600,238.500,238.720,0.910,0.690,0.650,0.524,0.212,0.160,0.150,0.200,0.080,0.064,0.056,0.940,50.220
2510203122,2026-09-18 19:00:00,235.670,236.620,235.570,0.170,0.160,0.030,0.082,0.038,0.036,0.006,-0.003,0.006,-0.009,0.000,0.993,50.230
2510203123,2026-09-18 19:00:00,234.950,235.340,236.310,1.120,1.740,1.510,1.090,0.350,0.373,0.292,0.377,0.155,0.095,0.126,0.920,50.240
2510203124,2026-09-18 19:00:00,235.710,236.320,235.350,0.380,0.360,0.420,0.268,0.087,0.084,0.096,0.054,0.018,0.019,0.018,0.979,50.170
2510203126,2026-09-18 19:00:00,235.060,234.760,235.780,0.040,0.020,0.000,0.013,0.008,0.004,0.000,-0.001,0.000,0.000,0.000,0.962,50.150
2510203127,2026-09-18 19:00:00,235.380,236.390,235.370,0.260,0.440,0.220,0.197,0.053,0.098,0.044,0.081,0.027,0.028,0.025,0.923,50.160
2510203128,2026-09-18 19:00:00,238.710,239.430,237.650,1.790,1.740,2.030,1.289,0.417,0.402,0.469,0.143,0.030,0.044,0.068,0.993,50.200
2510203129,2026-09-18 19:00:00,236.700,236.310,236.820,0.010,0.030,0.000,0.008,0.002,0.006,0.000,-0.003,-0.002,-0.001,0.000,0.966,50.160
2510203130,2026-09-18 19:00:00,246.040,245.880,248.000,0.000,0.000,0.040,0.010,0.000,0.001,0.009,0.001,0.000,0.000,0.002,0.981,50.180
2510203133,2026-09-18 19:00:00,235.470,236.320,235.280,0.030,0.020,0.000,0.012,0.006,0.004,0.000,-0.002,0.000,-0.002,0.000,0.949,50.160
2510203134,2026-09-18 19:00:00,240.740,239.500,239.510,0.020,0.010,0.010,0.007,0.004,0.002,0.001,-0.001,0.000,-0.001,0.000,0.987,50.220
2510224049,2026-09-18 19:00:00,233.960,234.970,234.180,20.450,17.480,12.220,10.660,4.080,3.850,2.710,-2.300,-0.760,-0.910,-0.620,0.977,50.160
2510224167,2026-09-18 19:00:00,234.220,233.930,235.050,10.220,11.570,11.730,7.410,2.270,2.550,2.590,-2.340,-0.680,-0.820,-0.830,0.953,50.180
2510317505,2026-09-18 19:00:00,234.440,234.400,235.220,25.080,9.430,9.360,9.790,5.720,2.110,1.950,-2.180,-0.720,-0.610,-0.850,0.975,50.170
2510317516,2026-09-18 19:00:00,234.800,234.530,235.440,0.000,0.000,0.000,0.000,0.000,0.000,0.000,0.000,0.000,0.000,0.000,1.000,50.190
2510317537,2026-09-18 19:00:00,238.510,238.200,239.620,3.110,2.930,2.900,2.000,0.670,0.650,0.660,-0.330,-0.110,-0.110,-0.110,0.985,50.180
2510389559,2026-09-18 19:00:00,240.670,240.380,240.720,0.000,0.000,0.000,0.000,0.000,0.000,0.000,0.000,0.000,0.000,0.000,1.000,50.210
2510389643,2026-09-18 19:00:00,240.670,240.260,240.620,19.000,21.770,20.800,14.000,3.940,5.130,4.920,-1.410,-0.190,-0.650,-0.570,0.994,50.180
2510389931,2026-09-18 19:00:00,240.090,239.600,240.110,16.710,9.840,24.150,12.060,3.980,2.330,5.750,-1.420,-0.440,-0.310,-0.660,0.993,50.160
2510633381,2026-09-18 19:00:00,240.130,238.940,239.070,0.060,0.090,0.020,0.037,0.012,0.019,0.005,-0.012,-0.005,-0.005,-0.001,0.955,50.160
2510633383,2026-09-18 19:00:00,235.350,235.410,236.480,0.110,0.080,0.090,0.017,0.007,0.002,0.008,-0.063,-0.024,-0.019,-0.019,0.272,50.150
2510633385,2026-09-18 19:00:00,236.940,236.580,236.950,0.310,0.460,0.680,0.328,0.073,0.106,0.148,-0.032,-0.002,-0.015,-0.014,0.994,50.170
2510633386,2026-09-18 19:00:00,228.350,228.360,229.530,1.130,1.120,1.120,0.124,0.042,0.042,0.039,-0.717,-0.238,-0.239,-0.240,0.171,50.170
2510633387,2026-09-18 19:00:00,235.250,236.180,235.260,0.010,0.000,0.000,0.002,0.002,0.000,0.000,0.000,0.000,0.000,0.000,1.000,50.170
2510633389,2026-09-18 19:00:00,236.840,236.700,236.260,0.210,0.200,0.180,0.129,0.045,0.044,0.039,-0.047,-0.016,-0.015,-0.014,0.937,50.170
2510633390,2026-09-18 19:00:00,239.600,240.840,239.360,0.250,0.210,0.500,0.227,0.058,0.049,0.119,0.016,0.010,0.004,0.002,0.997,50.190
2510633391,2026-09-18 19:00:00,124.310,123.750,123.960,0.000,0.000,0.000,0.000,0.000,0.000,0.000,0.000,0.000,0.000,0.000,1.000,50.180
2510633393,2026-09-18 19:00:00,235.070,235.500,235.370,1.740,1.770,1.760,1.188,0.392,0.400,0.388,0.303,0.102,0.093,0.108,0.968,50.210
2510633396,2026-09-18 19:00:00,236.160,235.120,235.500,0.500,0.540,0.470,0.298,0.096,0.107,0.093,0.110,0.036,0.039,0.035,0.947,50.160
2510633397,2026-09-18 19:00:00,246.070,244.700,244.940,0.640,0.650,0.730,0.436,0.137,0.137,0.161,0.210,0.069,0.071,0.069,0.901,50.180
2510633399,2026-09-18 19:00:00,234.250,233.930,234.970,0.530,0.600,0.700,0.427,0.125,0.140,0.163,0.027,0.008,0.010,0.008,0.998,50.150
2510633400,2026-09-18 19:00:00,232.950,233.790,232.890,0.890,0.940,0.920,0.587,0.188,0.200,0.192,0.306,0.096,0.105,0.103,0.885,50.180
2510633402,2026-09-18 19:00:00,232.040,232.020,233.980,0.750,0.810,0.730,0.440,0.136,0.149,0.154,0.131,0.043,0.041,0.046,0.904,50.190
2510633406,2026-09-18 19:00:00,234.890,234.570,235.690,0.170,0.200,0.190,0.124,0.037,0.043,0.043,-0.040,-0.011,-0.014,-0.014,0.951,50.230
2510633411,2026-09-18 19:00:00,232.090,231.200,230.830,2.310,2.190,2.260,1.452,0.503,0.467,0.481,0.574,0.187,0.186,0.200,0.930,50.180
2510814977,2026-09-18 19:00:00,234.310,236.170,234.360,0.010,0.010,0.010,0.005,0.003,0.000,0.001,-0.002,0.000,-0.001,-0.001,0.863,50.240
2610026950,2026-09-18 19:00:00,235.670,234.760,234.600,0.010,0.010,0.010,0.004,0.001,0.001,0.002,0.000,0.000,0.000,0.000,0.997,50.240
2610026953,2026-09-18 19:00:00,240.320,239.930,240.380,0.570,0.560,0.580,0.382,0.128,0.126,0.127,0.178,0.069,0.055,0.051,0.905,50.240
2610026963,2026-09-18 19:00:00,235.690,235.530,236.690,0.320,0.150,0.170,0.145,0.073,0.034,0.038,-0.042,-0.019,-0.009,-0.013,0.962,50.160
2610026966,2026-09-18 19:00:00,231.620,232.680,231.920,0.050,0.050,0.050,0.030,0.010,0.009,0.010,0.016,0.004,0.004,0.007,0.874,50.180
2610026976,2026-09-18 19:00:00,235.270,235.020,236.300,0.470,1.270,0.830,0.592,0.110,0.287,0.195,0.010,0.003,0.002,0.004,0.999,50.150
2610026977,2026-09-18 19:00:00,243.280,244.170,243.260,0.220,0.580,0.850,0.397,0.050,0.141,0.205,0.024,0.018,0.003,0.001,0.998,50.180
2610126270,2026-09-18 19:00:00,234.240,235.120,234.430,0.060,0.060,0.030,0.034,0.014,0.012,0.007,-0.006,-0.002,-0.002,-0.002,0.980,50.170
2610126451,2026-09-18 19:00:00,236.320,237.180,236.150,0.000,0.020,0.060,0.016,0.000,0.003,0.012,0.004,0.000,0.002,0.002,0.934,50.230
2610159557,2026-09-18 19:00:00,240.890,239.750,239.800,0.030,0.040,0.030,0.022,0.006,0.008,0.007,-0.007,-0.003,-0.001,-0.001,0.933,50.240
2610170785,2026-09-18 19:00:00,240.370,239.220,239.440,0.000,0.010,0.000,0.003,0.000,0.002,0.000,0.000,0.000,0.000,0.000,1.000,50.220
2610170786,2026-09-18 19:00:00,239.010,239.150,240.120,0.630,0.640,0.740,0.423,0.134,0.134,0.144,0.121,0.042,0.036,0.041,0.963,50.180
2610170836,2026-09-18 19:00:00,235.530,235.810,236.840,0.040,0.050,0.040,0.022,0.006,0.009,0.006,0.000,0.000,-0.001,0.000,1.000,50.180
2610170837,2026-09-18 19:00:00,235.620,233.600,233.840,0.000,0.000,0.020,0.006,0.000,0.000,0.005,0.000,0.000,0.000,0.000,1.000,50.170
2610170838,2026-09-18 19:00:00,240.150,238.830,239.030,0.000,0.030,0.040,0.018,0.000,0.007,0.010,0.000,0.000,0.000,-0.001,0.983,50.190
2610170839,2026-09-18 19:00:00,239.140,239.280,240.330,0.000,0.020,0.010,0.008,0.000,0.004,0.003,0.000,0.000,0.000,0.000,1.000,50.170
2610170840,2026-09-18 19:00:00,240.180,239.710,240.250,0.430,0.250,0.610,0.304,0.101,0.058,0.144,-0.037,-0.012,-0.008,-0.017,0.992,50.170
2610322967,2026-09-18 19:00:00,241.020,239.730,239.630,0.000,0.000,0.010,0.002,0.000,0.000,0.002,0.000,0.000,0.000,0.000,0.924,50.230
2610322969,2026-09-18 19:00:00,235.530,234.740,234.600,0.200,0.150,0.040,0.084,0.043,0.041,0.006,0.029,0.013,0.009,0.006,0.954,50.240
2610322995,2026-09-18 19:00:00,239.400,239.480,240.580,0.000,0.030,0.040,0.014,0.000,0.006,0.007,-0.009,0.000,-0.004,-0.004,0.832,50.190
2610322997,2026-09-18 19:00:00,233.390,234.710,233.040,0.840,0.910,0.770,0.510,0.179,0.181,0.154,0.206,0.035,0.094,0.075,0.933,50.180
2610323001,2026-09-18 19:00:00,230.500,229.590,229.040,3.960,3.400,3.750,2.246,0.809,0.680,0.756,1.120,0.388,0.359,0.371,0.895,50.190
2610323005,2026-09-18 19:00:00,234.400,235.260,234.440,0.000,0.010,0.010,0.003,0.000,0.001,0.001,-0.001,0.000,0.000,-0.001,0.799,50.190
2610323010,2026-09-18 19:00:00,240.580,240.440,240.190,0.080,0.000,0.000,0.017,0.017,0.000,0.000,-0.008,-0.008,0.000,0.000,0.901,50.190
2610323016,2026-09-18 19:00:00,231.650,230.160,229.990,3.410,3.290,3.250,2.158,0.746,0.704,0.708,0.850,0.278,0.286,0.290,0.929,50.170
2610323019,2026-09-18 19:00:00,234.230,235.410,234.590,0.020,0.030,0.030,0.017,0.004,0.005,0.006,-0.005,-0.001,-0.002,-0.001,0.979,50.170
2610323024,2026-09-18 19:00:00,233.930,235.880,234.020,0.490,0.230,0.210,0.212,0.112,0.052,0.046,0.033,0.006,0.013,0.013,0.988,50.180
2610323027,2026-09-18 19:00:00,240.480,239.140,239.390,0.030,0.030,0.020,0.015,0.004,0.006,0.003,-0.011,-0.003,-0.004,-0.003,0.783,50.170
2510203121,2026-09-18 19:01:00,234.660,234.580,235.470,0.440,0.280,0.410,0.269,0.104,0.066,0.099,-0.008,0.001,-0.004,-0.006,0.998,50.170
2510633395,2026-09-18 19:01:00,235.810,236.740,235.750,0.000,0.000,0.000,0.000,0.000,0.000,0.000,0.000,0.000,0.000,0.000,1.000,50.180
2610323017,2026-09-18 19:01:00,238.460,239.850,238.670,0.040,0.020,0.020,0.017,0.009,0.004,0.004,-0.011,-0.005,-0.003,-0.002,0.851,50.200
2610026952,2026-09-18 19:02:00,235.630,234.430,234.650,1.190,1.140,1.130,0.695,0.239,0.225,0.230,0.355,0.123,0.125,0.111,0.895,50.190
2610323004,2026-09-18 19:02:00,64.520,63.900,64.470,0.430,0.430,0.750,0.061,0.019,0.021,0.020,0.017,0.005,0.005,0.007,0.930,50.200
2246006313,2026-09-18 19:30:00,57.700,57.600,57.500,1.465,1.482,1.444,0.237,0.079,0.080,0.078,0.051,0.017,0.017,0.016,0.977,50.190
2410121326,2026-09-18 19:30:00,236.400,235.470,235.850,0.370,0.250,0.300,0.200,0.082,0.053,0.064,0.072,0.028,0.024,0.019,0.938,50.190
2410121353,2026-09-18 19:30:00,237.030,236.050,236.320,0.170,0.180,0.100,0.105,0.040,0.041,0.023,0.000,-0.002,-0.003,0.005,0.998,50.220
2410121371,2026-09-18 19:30:00,237.180,236.060,236.380,0.120,0.110,0.110,0.080,0.028,0.026,0.025,0.000,0.000,0.001,0.000,1.000,50.220
2410121424,2026-09-18 19:30:00,236.870,235.950,236.240,0.010,0.010,0.010,0.004,0.000,0.001,0.002,-0.003,-0.001,-0.001,0.000,0.783,50.210
2410121440,2026-09-18 19:30:00,236.940,236.020,236.250,0.010,0.000,0.010,0.004,0.002,0.000,0.001,-0.002,-0.001,0.000,0.000,0.926,50.220
2410121454,2026-09-18 19:30:00,236.140,236.850,235.840,0.140,0.250,0.300,0.156,0.029,0.057,0.068,0.045,0.015,0.014,0.015,0.960,50.200
2410121457,2026-09-18 19:30:00,235.330,234.160,234.750,2.010,2.090,1.920,1.361,0.456,0.468,0.437,0.264,0.076,0.110,0.077,0.981,50.250
2410121574,2026-09-18 19:30:00,237.260,235.980,236.290,0.130,0.130,0.090,0.068,0.026,0.026,0.015,-0.046,-0.014,-0.016,-0.015,0.827,50.220
2410131378,2026-09-18 19:30:00,236.510,237.140,236.340,0.100,0.200,0.210,0.116,0.022,0.044,0.049,-0.002,-0.002,0.000,0.000,0.995,50.230
2410131383,2026-09-18 19:30:00,236.580,236.660,236.450,0.100,0.080,0.120,0.067,0.022,0.017,0.027,-0.004,0.000,-0.001,-0.001,0.993,50.240
2410131384,2026-09-18 19:30:00,235.190,236.040,235.220,1.050,1.280,1.160,0.757,0.227,0.286,0.233,0.130,0.037,0.050,0.042,0.986,50.190
2410131387,2026-09-18 19:30:00,235.760,236.020,236.450,0.090,0.100,0.060,0.058,0.021,0.022,0.014,0.009,0.000,0.007,0.002,0.980,50.230
2410320615,2026-09-18 19:30:00,235.380,235.410,236.120,1.460,1.480,1.640,1.021,0.332,0.325,0.363,0.134,0.031,0.051,0.052,0.993,50.200
2410883988,2026-09-18 19:30:00,229.760,230.340,229.720,0.020,0.000,0.040,0.014,0.004,0.000,0.009,-0.001,0.000,0.000,-0.001,1.000,50.200
2410883990,2026-09-18 19:30:00,229.820,229.020,229.180,0.080,0.000,0.090,0.039,0.019,0.000,0.020,0.003,0.001,0.000,0.002,0.989,50.200
2410883991,2026-09-18 19:30:00,235.540,235.600,236.640,0.100,0.130,0.140,0.089,0.022,0.033,0.032,-0.005,-0.002,0.000,-0.003,0.994,50.230
2410883993,2026-09-18 19:30:00,236.130,234.950,234.720,1.130,1.440,1.840,1.025,0.263,0.334,0.426,-0.027,-0.016,-0.024,0.013,0.999,50.200
2410883994,2026-09-18 19:30:00,236.330,235.200,235.470,0.020,0.050,0.020,0.022,0.005,0.012,0.005,-0.004,-0.002,-0.001,0.000,0.975,50.190
2410932742,2026-09-18 19:30:00,232.480,230.690,230.820,3.080,2.980,3.110,1.952,0.661,0.632,0.659,0.613,0.204,0.201,0.206,0.954,50.200
2411087432,2026-09-18 19:30:00,235.640,236.350,235.360,0.840,1.490,0.840,0.713,0.203,0.329,0.181,0.175,0.026,0.084,0.062,0.970,50.210
2411087433,2026-09-18 19:30:00,235.620,235.700,236.640,0.390,0.430,0.390,0.286,0.093,0.101,0.091,0.048,0.014,0.014,0.019,0.985,50.200
2411290205,2026-09-18 19:30:00,236.230,235.780,235.980,0.710,0.750,0.750,0.509,0.164,0.170,0.172,-0.032,-0.007,-0.009,-0.015,0.997,50.230
2510014481,2026-09-18 19:30:00,231.590,231.380,233.010,2.250,2.320,2.260,1.607,0.560,0.474,0.475,0.524,0.177,0.196,0.150,0.945,50.200
2510014482,2026-09-18 19:30:00,235.910,236.480,235.590,0.010,0.080,0.000,0.020,0.002,0.017,0.000,-0.009,-0.002,-0.006,0.000,0.902,50.210
2510014483,2026-09-18 19:30:00,235.460,235.520,236.450,0.050,0.040,0.110,0.040,0.010,0.006,0.023,-0.023,-0.006,-0.006,-0.010,0.863,50.200
2510014484,2026-09-18 19:30:00,235.250,234.850,235.260,1.370,1.500,1.160,0.836,0.249,0.343,0.243,0.342,0.121,0.109,0.111,0.929,50.230
2510178139,2026-09-18 19:30:00,236.460,237.410,236.210,0.370,0.400,0.380,0.260,0.082,0.084,0.088,0.056,0.024,0.017,0.013,0.977,50.220
2510178141,2026-09-18 19:30:00,235.800,236.060,236.730,0.020,0.010,0.010,0.005,0.002,0.000,0.002,-0.009,-0.004,-0.001,-0.002,0.488,50.220
2510203103,2026-09-18 19:30:00,229.190,227.500,227.640,0.110,0.140,0.130,0.085,0.025,0.030,0.029,-0.016,-0.005,-0.005,-0.006,0.976,50.190
2510203104,2026-09-18 19:30:00,229.690,229.660,230.550,0.410,0.350,0.310,0.221,0.089,0.071,0.060,0.045,0.003,0.016,0.024,0.981,50.190
2510203105,2026-09-18 19:30:00,235.230,233.420,233.800,0.360,0.510,0.350,0.282,0.084,0.117,0.080,0.015,0.003,0.010,0.001,0.998,50.210
2510203106,2026-09-18 19:30:00,235.950,235.450,235.720,0.030,0.010,0.000,0.009,0.006,0.003,0.000,-0.004,-0.003,0.000,0.000,0.893,50.180
2510203108,2026-09-18 19:30:00,236.090,236.530,235.100,0.610,1.530,2.490,1.123,0.135,0.365,0.650,0.071,0.025,0.010,0.035,0.996,50.210
2510203109,2026-09-18 19:30:00,235.560,236.600,235.400,0.510,0.610,0.830,0.416,0.117,0.131,0.167,0.019,0.018,-0.006,0.007,0.998,50.220
2510203111,2026-09-18 19:30:00,235.850,236.170,236.930,0.020,0.010,0.330,0.083,0.005,0.002,0.075,-0.014,-0.001,0.000,-0.013,0.982,50.180
2510203113,2026-09-18 19:30:00,235.450,235.490,235.160,1.760,1.730,1.950,1.245,0.408,0.390,0.450,0.118,0.023,0.049,0.045,0.995,50.210
2510203114,2026-09-18 19:30:00,229.670,229.950,230.680,0.370,0.220,0.190,0.174,0.083,0.048,0.042,0.017,0.004,0.001,0.012,0.992,50.220
2510203117,2026-09-18 19:30:00,229.820,229.020,229.020,0.390,0.420,0.290,0.252,0.088,0.095,0.064,-0.044,-0.013,-0.017,-0.012,0.983,50.200
2510203118,2026-09-18 19:30:00,124.220,124.180,124.750,0.170,0.150,0.150,0.054,0.020,0.017,0.016,-0.019,-0.006,-0.004,-0.008,0.947,50.200
2510203119,2026-09-18 19:30:00,229.980,229.130,229.120,0.000,0.000,0.000,0.000,0.000,0.000,0.000,0.000,0.000,0.000,0.000,1.000,50.200
2510203120,2026-09-18 19:30:00,236.040,234.980,235.220,0.810,0.620,0.640,0.433,0.170,0.127,0.131,0.140,0.056,0.043,0.041,0.943,50.210
2510203121,2026-09-18 19:30:00,228.930,229.080,229.770,0.440,0.280,0.430,0.265,0.100,0.065,0.099,-0.008,0.001,-0.003,-0.006,0.998,50.210
2510203122,2026-09-18 19:30:00,235.690,236.420,235.430,0.260,0.170,0.050,0.105,0.054,0.040,0.010,0.022,0.026,-0.006,0.002,0.979,50.190
2510203123,2026-09-18 19:30:00,235.840,236.150,236.870,0.050,0.010,0.010,0.014,0.011,0.001,0.001,-0.005,-0.003,0.000,-0.001,0.953,50.190
2510203124,2026-09-18 19:30:00,236.700,237.020,236.050,0.120,0.120,0.140,0.077,0.024,0.023,0.028,0.046,0.015,0.015,0.015,0.857,50.240
2510203126,2026-09-18 19:30:00,229.530,229.520,230.240,0.040,0.020,0.000,0.014,0.009,0.004,0.000,-0.002,-0.001,0.000,0.000,1.000,50.210
2510203127,2026-09-18 19:30:00,236.090,236.680,235.880,0.440,0.630,0.420,0.283,0.081,0.124,0.078,0.201,0.063,0.080,0.057,0.814,50.230
2510203128,2026-09-18 19:30:00,235.080,235.670,233.940,1.830,1.760,2.100,1.297,0.420,0.401,0.478,0.142,0.030,0.044,0.067,0.993,50.200
2510203130,2026-09-18 19:30:00,245.990,245.940,247.610,0.000,0.000,0.060,0.015,0.000,0.001,0.014,0.002,0.000,0.000,0.002,0.979,50.230
2510203133,2026-09-18 19:30:00,235.750,236.450,235.640,0.020,0.020,0.000,0.009,0.005,0.004,0.000,-0.002,0.000,-0.002,0.000,0.993,50.170
2510203134,2026-09-18 19:30:00,236.950,235.790,235.830,0.020,0.010,0.010,0.007,0.004,0.001,0.001,-0.001,0.000,-0.001,0.000,0.965,50.200
2510224049,2026-09-18 19:30:00,228.830,229.560,228.870,20.740,17.870,12.480,10.620,4.050,3.860,2.720,-2.220,-0.740,-0.880,-0.590,0.978,50.210
2510224167,2026-09-18 19:30:00,228.890,228.780,229.640,10.400,11.780,11.950,7.410,2.260,2.550,2.590,-2.230,-0.650,-0.780,-0.790,0.957,50.220
2510317505,2026-09-18 19:30:00,228.960,229.130,229.770,25.130,9.620,9.510,9.680,5.620,2.110,1.950,-2.060,-0.670,-0.580,-0.810,0.977,50.220
2510317516,2026-09-18 19:30:00,229.450,229.460,230.130,0.000,0.000,0.000,0.000,0.000,0.000,0.000,0.000,0.000,0.000,0.000,1.000,50.220
2510317537,2026-09-18 19:30:00,235.130,234.680,236.220,2.760,2.550,2.510,1.690,0.590,0.560,0.520,-0.280,-0.090,-0.100,-0.080,0.986,50.220
2510389559,2026-09-18 19:30:00,236.670,236.260,236.510,0.000,0.000,0.000,0.000,0.000,0.000,0.000,0.000,0.000,0.000,0.000,1.000,50.210
2510389643,2026-09-18 19:30:00,236.540,236.010,236.290,18.470,22.160,21.180,13.830,3.770,5.130,4.920,-1.350,-0.160,-0.630,-0.550,0.995,50.230
2510389931,2026-09-18 19:30:00,235.630,235.050,235.280,17.010,10.030,24.740,12.080,3.970,2.330,5.770,-1.370,-0.420,-0.300,-0.640,0.993,50.210
2510633381,2026-09-18 19:30:00,236.710,235.620,235.770,0.060,0.070,0.010,0.029,0.011,0.015,0.002,-0.014,-0.005,-0.005,-0.002,0.911,50.230
2510633383,2026-09-18 19:30:00,235.960,236.190,236.900,0.110,0.080,0.090,0.016,0.006,0.002,0.008,-0.063,-0.024,-0.019,-0.019,0.255,50.230
2510633385,2026-09-18 19:30:00,236.640,236.230,236.460,0.290,0.460,0.480,0.287,0.067,0.107,0.112,-0.035,-0.006,-0.015,-0.013,0.992,50.240
2510633386,2026-09-18 19:30:00,224.950,224.960,225.980,1.150,1.150,1.140,0.129,0.046,0.046,0.043,-0.696,-0.231,-0.231,-0.233,0.182,50.220
2510633387,2026-09-18 19:30:00,235.950,236.510,235.680,0.010,0.000,0.000,0.002,0.002,0.000,0.000,0.000,0.000,0.000,0.000,0.823,50.240
2510633389,2026-09-18 19:30:00,236.270,236.440,236.010,0.300,0.330,0.280,0.214,0.070,0.078,0.065,-0.005,-0.002,-0.002,0.000,0.998,50.250
2510633390,2026-09-18 19:30:00,235.960,237.080,235.790,0.360,0.340,0.470,0.175,0.051,0.044,0.073,0.001,-0.002,0.002,0.000,0.976,50.240
2510633391,2026-09-18 19:30:00,124.320,123.780,123.940,0.000,0.000,0.000,0.000,0.000,0.000,0.000,0.000,0.000,0.000,0.000,1.000,50.210
2510633393,2026-09-18 19:30:00,234.390,234.630,234.740,1.750,1.780,1.770,1.193,0.392,0.401,0.399,0.275,0.096,0.082,0.097,0.973,50.210
2510633395,2026-09-18 19:30:00,236.330,236.990,235.980,0.000,0.000,0.000,0.000,0.000,0.000,0.000,0.000,0.000,0.000,0.000,1.000,50.230
2510633396,2026-09-18 19:30:00,236.990,235.980,236.610,0.240,0.280,0.240,0.152,0.047,0.057,0.047,0.095,0.032,0.031,0.030,0.847,50.230
2510633397,2026-09-18 19:30:00,242.330,241.040,241.280,0.760,0.750,0.830,0.502,0.161,0.158,0.182,0.216,0.071,0.075,0.068,0.919,50.240
2510633399,2026-09-18 19:30:00,228.660,228.600,229.470,0.580,0.650,0.630,0.401,0.123,0.140,0.137,0.003,0.002,0.001,0.000,0.999,50.210
2510633400,2026-09-18 19:30:00,227.440,228.150,227.310,1.010,1.040,1.010,0.634,0.207,0.217,0.211,0.289,0.091,0.099,0.098,0.905,50.200
2510633402,2026-09-18 19:30:00,233.010,232.980,234.530,0.660,0.720,0.730,0.484,0.151,0.164,0.167,0.187,0.060,0.060,0.066,0.933,50.210
2510633411,2026-09-18 19:30:00,226.430,225.480,225.280,2.450,2.350,2.430,1.525,0.523,0.494,0.507,0.566,0.182,0.182,0.200,0.936,50.200
2510814977,2026-09-18 19:30:00,233.430,234.920,233.350,0.010,0.010,0.040,0.012,0.003,0.000,0.009,-0.002,0.000,-0.001,-0.001,0.994,50.200
2610026952,2026-09-18 19:30:00,234.890,233.750,234.090,1.500,1.480,1.500,0.908,0.303,0.297,0.307,0.485,0.163,0.163,0.158,0.881,50.200
2610026953,2026-09-18 19:30:00,235.510,234.940,235.240,0.530,0.590,0.550,0.366,0.117,0.129,0.136,0.161,0.058,0.052,0.050,0.911,50.200
2610026963,2026-09-18 19:30:00,236.520,236.620,237.420,0.310,0.140,0.190,0.143,0.070,0.030,0.042,-0.048,-0.021,-0.012,-0.014,0.948,50.230
2610026966,2026-09-18 19:30:00,232.950,233.870,233.190,0.040,0.040,0.060,0.028,0.008,0.008,0.011,0.015,0.003,0.004,0.007,0.877,50.230
2610026976,2026-09-18 19:30:00,236.210,236.090,237.180,0.330,1.310,0.640,0.528,0.077,0.299,0.151,-0.018,-0.007,-0.003,-0.007,1.000,50.230
2610026977,2026-09-18 19:30:00,243.950,244.710,243.850,0.220,0.580,0.840,0.396,0.050,0.141,0.205,0.024,0.018,0.003,0.001,0.999,50.190
2610126270,2026-09-18 19:30:00,229.100,229.770,229.090,0.060,0.060,0.020,0.031,0.013,0.012,0.005,-0.005,-0.002,-0.001,-0.002,0.988,50.200
2610126451,2026-09-18 19:30:00,236.250,236.890,235.960,0.000,0.010,0.050,0.016,0.000,0.001,0.013,0.001,0.000,0.000,0.002,1.000,50.200
2610159557,2026-09-18 19:30:00,236.630,235.550,235.650,0.030,0.040,0.030,0.022,0.006,0.008,0.007,-0.007,-0.003,-0.001,-0.001,0.968,50.200
2610170785,2026-09-18 19:30:00,236.360,235.250,235.430,0.000,0.010,0.000,0.002,0.000,0.002,0.000,0.000,0.000,0.000,0.000,0.989,50.200
2610170786,2026-09-18 19:30:00,235.520,235.640,236.470,0.610,0.610,0.730,0.378,0.119,0.103,0.133,0.061,0.026,0.016,0.018,0.987,50.220
2610170836,2026-09-18 19:30:00,235.660,236.070,236.730,0.000,0.010,0.000,0.001,0.000,0.001,0.000,0.000,0.000,0.000,0.000,1.000,50.200
2610170837,2026-09-18 19:30:00,234.790,233.050,233.320,0.000,0.000,0.020,0.002,0.000,0.000,0.001,0.000,0.000,0.000,0.000,1.000,50.210
2610170838,2026-09-18 19:30:00,236.540,235.300,235.550,0.000,0.030,0.040,0.017,0.000,0.007,0.009,0.000,0.000,0.000,-0.001,1.000,50.220
2610170839,2026-09-18 19:30:00,235.290,235.430,236.450,0.000,0.020,0.010,0.008,0.000,0.005,0.003,0.000,0.000,0.000,0.000,0.962,50.210
2610170840,2026-09-18 19:30:00,235.720,235.160,235.490,0.430,0.250,0.620,0.305,0.101,0.058,0.145,-0.036,-0.011,-0.007,-0.016,0.994,50.200
2610322967,2026-09-18 19:30:00,236.960,235.760,235.700,0.000,0.000,0.010,0.002,0.000,0.000,0.002,0.000,0.000,0.000,0.000,0.887,50.200
2610322969,2026-09-18 19:30:00,229.790,228.910,229.020,0.090,0.160,0.050,0.063,0.019,0.036,0.007,0.021,0.007,0.007,0.007,0.942,50.200
2610322995,2026-09-18 19:30:00,235.440,235.470,236.530,0.000,0.030,0.030,0.012,0.000,0.006,0.006,-0.009,0.000,-0.004,-0.004,0.803,50.200
2610323001,2026-09-18 19:30:00,229.320,228.780,228.300,4.310,3.670,4.060,2.524,0.907,0.763,0.853,1.107,0.381,0.354,0.371,0.913,50.210
2610323004,2026-09-18 19:30:00,64.730,64.140,64.640,0.140,0.120,0.150,0.025,0.008,0.007,0.009,0.000,0.000,0.000,0.000,0.983,50.190
2610323005,2026-09-18 19:30:00,228.930,229.570,228.730,0.000,0.000,0.010,0.003,0.000,0.001,0.001,-0.001,0.000,0.000,-0.001,0.794,50.200
2610323010,2026-09-18 19:30:00,235.570,235.930,235.510,0.300,0.000,0.000,0.070,0.070,0.000,0.000,-0.010,-0.010,0.000,0.000,0.993,50.200
2610323016,2026-09-18 19:30:00,230.460,229.330,229.280,3.670,3.530,3.650,2.305,0.794,0.750,0.760,0.901,0.297,0.297,0.305,0.931,50.210
2610323017,2026-09-18 19:30:00,234.840,236.290,235.200,0.040,0.020,0.020,0.015,0.008,0.003,0.003,-0.010,-0.005,-0.003,-0.002,0.807,50.230
2610323019,2026-09-18 19:30:00,228.860,229.860,229.040,0.060,0.030,0.030,0.025,0.013,0.005,0.006,-0.006,-0.003,-0.001,-0.001,0.967,50.210
2610323024,2026-09-18 19:30:00,233.390,234.840,233.240,0.360,0.250,0.130,0.168,0.083,0.057,0.027,0.027,0.003,0.012,0.011,0.988,50.200
2610323027,2026-09-18 19:30:00,236.680,235.450,235.690,0.020,0.030,0.020,0.014,0.004,0.006,0.003,-0.011,-0.003,-0.004,-0.003,0.786,50.220
2610026950,2026-09-18 19:31:00,229.740,228.810,228.850,0.010,0.010,0.010,0.004,0.001,0.001,0.002,-0.001,0.000,0.000,0.000,0.983,50.210
2510203129,2026-09-18 19:32:00,236.290,235.830,236.130,0.010,0.030,0.000,0.008,0.002,0.006,0.000,-0.003,-0.002,-0.001,0.000,0.969,50.220
2510633406,2026-09-18 19:32:00,228.910,228.810,229.750,0.170,0.200,0.200,0.123,0.037,0.043,0.043,-0.038,-0.010,-0.013,-0.013,0.953,50.220
2610322997,2026-09-18 19:32:00,233.280,233.920,232.710,1.000,1.080,0.860,0.454,0.166,0.159,0.128,0.223,0.039,0.098,0.078,0.934,50.240
2246006313,2026-09-18 20:00:00,58.300,58.200,58.100,0.982,1.006,0.965,0.169,0.056,0.057,0.056,0.016,0.006,0.005,0.004,0.995,50.260
2410121326,2026-09-18 20:00:00,235.540,234.660,234.850,0.300,0.220,0.260,0.175,0.069,0.048,0.057,0.040,0.008,0.013,0.018,0.974,50.180
2410121353,2026-09-18 20:00:00,235.350,234.490,234.790,0.120,0.120,0.050,0.065,0.028,0.026,0.011,-0.009,-0.003,-0.004,-0.001,0.985,50.200
2410121371,2026-09-18 20:00:00,235.350,234.330,234.580,0.140,0.110,0.110,0.081,0.030,0.025,0.025,0.002,0.000,0.001,0.000,1.000,50.150
2410121424,2026-09-18 20:00:00,234.670,233.840,234.050,0.010,0.010,0.010,0.004,0.000,0.001,0.002,-0.003,-0.001,-0.001,0.000,0.777,50.180
2410121440,2026-09-18 20:00:00,235.260,234.440,234.580,0.010,0.000,0.010,0.004,0.002,0.000,0.001,-0.002,-0.001,0.000,0.000,0.926,50.160
2410121454,2026-09-18 20:00:00,234.080,234.780,233.790,0.150,0.250,0.250,0.143,0.031,0.056,0.055,0.048,0.016,0.014,0.016,0.945,50.180
2410121457,2026-09-18 20:00:00,233.790,232.840,233.390,1.740,1.750,1.620,1.112,0.378,0.377,0.357,0.332,0.115,0.126,0.089,0.958,50.200
2410121574,2026-09-18 20:00:00,235.240,234.160,234.340,0.200,0.170,0.140,0.112,0.046,0.038,0.027,-0.040,-0.011,-0.013,-0.015,0.942,50.190
2410131378,2026-09-18 20:00:00,234.500,235.130,234.420,0.010,0.020,0.030,0.014,0.002,0.004,0.007,-0.004,-0.001,-0.001,0.000,0.980,50.160
2410131383,2026-09-18 20:00:00,233.400,233.590,233.240,0.080,0.070,0.120,0.062,0.017,0.016,0.027,-0.004,0.000,-0.001,-0.002,1.000,50.170
2410131384,2026-09-18 20:00:00,234.980,235.770,235.050,1.110,1.090,0.970,0.665,0.227,0.249,0.189,0.128,0.035,0.053,0.039,0.984,50.260
2410131387,2026-09-18 20:00:00,232.170,232.220,232.760,0.100,0.120,0.080,0.066,0.023,0.025,0.016,0.015,0.001,0.008,0.004,0.971,50.180
2410320615,2026-09-18 20:00:00,232.920,232.890,233.850,1.670,1.640,1.740,1.149,0.379,0.370,0.400,0.133,0.028,0.051,0.050,0.993,50.240
2410883988,2026-09-18 20:00:00,231.360,231.920,231.400,0.020,0.000,0.040,0.014,0.004,0.000,0.009,-0.001,0.000,0.000,-0.001,1.000,50.220
2410883990,2026-09-18 20:00:00,231.330,230.660,230.640,0.080,0.000,0.090,0.039,0.019,0.000,0.020,0.003,0.001,0.000,0.002,0.987,50.230
2410883991,2026-09-18 20:00:00,235.150,235.400,236.220,0.090,0.140,0.140,0.088,0.021,0.033,0.033,-0.007,-0.002,-0.001,-0.003,0.998,50.240
2410883993,2026-09-18 20:00:00,234.980,233.970,233.710,1.310,1.480,1.840,1.092,0.307,0.343,0.441,-0.022,-0.016,-0.020,0.014,0.999,50.220
2410883994,2026-09-18 20:00:00,235.960,234.900,235.230,0.020,0.050,0.020,0.022,0.005,0.011,0.005,-0.004,-0.002,-0.001,-0.001,0.962,50.240
2410932742,2026-09-18 20:00:00,233.150,231.520,231.680,2.840,2.770,2.900,1.801,0.605,0.582,0.611,0.572,0.191,0.183,0.196,0.952,50.270
2411087432,2026-09-18 20:00:00,235.370,236.170,235.290,0.640,0.920,0.660,0.483,0.142,0.194,0.146,0.016,0.010,-0.006,0.012,1.000,50.230
2411087433,2026-09-18 20:00:00,234.740,234.850,235.630,0.340,0.400,0.360,0.251,0.077,0.091,0.082,0.045,0.015,0.012,0.017,0.983,50.220
2411290205,2026-09-18 20:00:00,234.210,233.680,233.830,0.740,0.720,0.760,0.505,0.168,0.163,0.173,-0.045,-0.011,-0.014,-0.019,0.996,50.240
2510014481,2026-09-18 20:00:00,231.200,231.110,232.530,2.940,2.760,2.950,1.490,0.511,0.472,0.506,0.556,0.169,0.212,0.179,0.951,50.220
2510014482,2026-09-18 20:00:00,235.520,236.190,235.310,0.010,0.080,0.000,0.022,0.002,0.019,0.000,-0.005,-0.002,-0.002,0.000,0.960,50.230
2510014483,2026-09-18 20:00:00,234.680,234.790,235.600,0.060,0.040,0.090,0.036,0.011,0.007,0.018,-0.022,-0.006,-0.006,-0.009,0.851,50.230
2510014484,2026-09-18 20:00:00,232.810,232.280,232.710,1.810,2.120,1.770,1.296,0.426,0.476,0.393,0.380,0.133,0.122,0.124,0.958,50.240
2510178139,2026-09-18 20:00:00,235.330,236.070,235.030,0.370,0.340,0.360,0.232,0.080,0.079,0.071,0.060,0.020,0.021,0.018,0.972,50.210
2510178141,2026-09-18 20:00:00,235.530,235.650,236.290,0.020,0.010,0.010,0.003,0.002,0.000,0.000,-0.008,-0.004,-0.001,-0.002,0.354,50.230
2510203103,2026-09-18 20:00:00,229.370,227.780,227.890,0.090,0.130,0.130,0.069,0.021,0.027,0.020,-0.015,-0.004,-0.005,-0.005,0.984,50.250
2510203104,2026-09-18 20:00:00,229.330,229.370,229.990,0.400,0.270,0.250,0.184,0.073,0.059,0.051,0.045,0.002,0.017,0.026,0.974,50.260
2510203105,2026-09-18 20:00:00,234.870,233.150,233.550,0.570,0.710,0.560,0.425,0.132,0.164,0.128,0.039,0.012,0.016,0.011,0.995,50.210
2510203106,2026-09-18 20:00:00,234.200,233.600,233.880,0.030,0.010,0.000,0.009,0.005,0.003,0.000,-0.004,-0.003,0.000,0.000,0.955,50.270
2510203108,2026-09-18 20:00:00,234.690,235.020,233.880,0.520,1.540,2.610,1.000,0.111,0.343,0.545,0.053,0.018,0.013,0.021,0.999,50.240
2510203109,2026-09-18 20:00:00,234.470,235.330,234.230,0.470,0.430,0.850,0.371,0.105,0.096,0.168,0.014,0.015,-0.006,0.005,0.998,50.210
2510203111,2026-09-18 20:00:00,236.100,236.370,236.980,0.020,0.010,0.000,0.008,0.004,0.003,0.000,-0.002,-0.001,0.000,0.000,0.919,50.270
2510203113,2026-09-18 20:00:00,233.060,233.200,232.670,1.370,1.380,1.650,1.004,0.316,0.311,0.373,0.088,0.011,0.031,0.046,0.996,50.220
2510203114,2026-09-18 20:00:00,228.630,228.880,229.460,0.370,0.190,0.210,0.189,0.088,0.048,0.052,0.017,0.003,0.003,0.011,0.994,50.220
2510203117,2026-09-18 20:00:00,232.230,231.720,231.610,0.390,0.440,0.270,0.248,0.088,0.099,0.060,-0.045,-0.013,-0.018,-0.013,0.983,50.270
2510203118,2026-09-18 20:00:00,123.720,123.690,124.170,0.180,0.160,0.160,0.058,0.021,0.019,0.018,-0.015,-0.005,-0.003,-0.006,0.969,50.220
2510203119,2026-09-18 20:00:00,232.100,231.470,231.460,0.000,0.000,0.000,0.000,0.000,0.000,0.000,0.000,0.000,0.000,0.000,1.000,50.240
2510203120,2026-09-18 20:00:00,235.390,234.440,234.700,0.870,0.690,0.720,0.502,0.193,0.150,0.158,0.155,0.063,0.049,0.042,0.956,50.250
2510203121,2026-09-18 20:00:00,230.650,230.550,231.230,0.440,0.280,0.430,0.266,0.101,0.065,0.098,-0.008,0.001,-0.003,-0.006,0.999,50.200
2510203122,2026-09-18 20:00:00,235.580,236.330,235.410,0.220,0.230,0.090,0.116,0.049,0.045,0.021,0.013,0.017,-0.008,0.004,0.991,50.230
2510203123,2026-09-18 20:00:00,235.960,236.110,236.800,0.010,0.010,0.000,0.005,0.002,0.002,0.000,-0.003,-0.001,-0.001,0.000,0.832,50.260
2510203124,2026-09-18 20:00:00,235.790,236.110,235.290,0.120,0.120,0.140,0.078,0.024,0.024,0.029,0.046,0.014,0.015,0.015,0.856,50.220
2510203126,2026-09-18 20:00:00,230.690,230.540,231.320,0.040,0.020,0.000,0.014,0.009,0.004,0.000,-0.001,-0.001,0.000,0.000,1.000,50.210
2510203127,2026-09-18 20:00:00,235.140,235.910,235.100,0.430,0.600,0.410,0.280,0.080,0.121,0.078,0.189,0.061,0.070,0.057,0.827,50.220
2510203128,2026-09-18 20:00:00,234.570,234.900,233.300,2.060,2.010,2.230,1.434,0.471,0.457,0.505,0.165,0.031,0.056,0.077,0.993,50.240
2510203129,2026-09-18 20:00:00,233.760,233.180,233.490,0.010,0.030,0.000,0.008,0.002,0.006,0.000,-0.003,-0.002,-0.001,0.000,0.978,50.200
2510203133,2026-09-18 20:00:00,235.850,236.570,235.800,0.030,0.020,0.000,0.011,0.006,0.004,0.000,-0.002,0.000,-0.002,0.000,0.952,50.220
2510203134,2026-09-18 20:00:00,236.470,235.420,235.500,0.020,0.010,0.010,0.007,0.004,0.002,0.001,-0.002,0.000,-0.001,0.000,0.962,50.270
2510224049,2026-09-18 20:00:00,230.660,231.240,230.670,20.720,17.740,12.400,10.680,4.090,3.860,2.720,-2.270,-0.770,-0.900,-0.600,0.977,50.240
2510224167,2026-09-18 20:00:00,231.040,230.780,231.590,10.130,11.700,11.870,7.370,2.220,2.550,2.590,-2.260,-0.650,-0.790,-0.810,0.955,50.240
2510317505,2026-09-18 20:00:00,229.470,229.260,229.920,25.080,9.610,9.500,9.690,5.610,2.110,1.950,-2.080,-0.670,-0.580,-0.810,0.977,50.170
2510317516,2026-09-18 20:00:00,230.280,230.090,230.860,0.000,0.000,0.000,0.000,0.000,0.000,0.000,0.000,0.000,0.000,0.000,1.000,50.170
2510317537,2026-09-18 20:00:00,234.510,234.080,235.400,2.820,3.100,2.930,2.010,0.660,0.680,0.650,-0.320,-0.100,-0.100,-0.100,0.987,50.240
2510389559,2026-09-18 20:00:00,234.160,233.590,233.900,0.000,0.000,0.000,0.000,0.000,0.000,0.000,0.000,0.000,0.000,0.000,1.000,50.230
2510389643,2026-09-18 20:00:00,234.400,233.930,234.180,18.270,22.390,21.370,13.780,3.710,5.140,4.920,-1.320,-0.150,-0.620,-0.540,0.995,50.240
2510389931,2026-09-18 20:00:00,233.620,232.970,233.210,17.140,10.110,25.020,12.100,3.970,2.330,5.790,-1.340,-0.410,-0.300,-0.630,0.993,50.230
2510633383,2026-09-18 20:00:00,235.170,235.310,236.020,0.110,0.080,0.090,0.019,0.007,0.002,0.009,-0.063,-0.024,-0.019,-0.019,0.290,50.220
2510633385,2026-09-18 20:00:00,234.210,233.690,233.920,0.340,0.470,0.480,0.297,0.079,0.107,0.110,-0.036,-0.007,-0.015,-0.013,0.990,50.210
2510633386,2026-09-18 20:00:00,223.600,223.520,224.390,1.120,1.120,1.110,0.139,0.048,0.047,0.043,-0.683,-0.227,-0.227,-0.228,0.203,50.200
2510633387,2026-09-18 20:00:00,234.460,235.240,234.390,0.010,0.000,0.000,0.002,0.002,0.000,0.000,0.000,0.000,0.000,0.000,1.000,50.210
2510633390,2026-09-18 20:00:00,234.070,235.060,233.930,0.240,0.230,0.250,0.187,0.065,0.053,0.067,0.001,0.007,0.004,-0.009,1.000,50.190
2510633391,2026-09-18 20:00:00,123.520,123.060,123.150,0.000,0.000,0.000,0.000,0.000,0.000,0.000,0.000,0.000,0.000,0.000,1.000,50.170
2510633395,2026-09-18 20:00:00,235.340,236.010,235.150,0.000,0.000,0.000,0.000,0.000,0.000,0.000,0.000,0.000,0.000,0.000,1.000,50.210
2510633396,2026-09-18 20:00:00,235.950,235.130,235.650,0.240,0.280,0.240,0.153,0.047,0.058,0.047,0.093,0.032,0.031,0.030,0.852,50.220
2510633397,2026-09-18 20:00:00,240.830,239.670,239.890,0.430,0.490,0.570,0.337,0.097,0.109,0.130,0.114,0.037,0.039,0.037,0.947,50.190
2510633399,2026-09-18 20:00:00,230.120,229.690,230.600,0.680,0.760,0.750,0.500,0.154,0.174,0.170,0.012,0.004,0.005,0.002,0.999,50.200
2510633400,2026-09-18 20:00:00,228.780,229.450,228.680,0.420,0.440,0.440,0.426,0.138,0.138,0.134,0.099,0.029,0.032,0.037,0.964,50.170
2510633402,2026-09-18 20:00:00,231.980,231.920,233.410,0.500,0.510,0.520,0.322,0.101,0.106,0.113,0.105,0.033,0.033,0.038,0.921,50.180
2510633406,2026-09-18 20:00:00,230.850,230.630,231.420,0.170,0.200,0.200,0.123,0.037,0.043,0.043,-0.038,-0.011,-0.013,-0.013,0.953,50.220
2510633411,2026-09-18 20:00:00,227.610,226.880,226.780,1.600,1.450,1.540,0.953,0.338,0.297,0.317,0.388,0.130,0.125,0.132,0.925,50.170
2510814977,2026-09-18 20:00:00,233.410,234.680,233.220,0.010,0.010,0.010,0.005,0.002,0.000,0.002,-0.002,0.000,-0.001,-0.001,0.856,50.220
2610026950,2026-09-18 20:00:00,231.460,230.730,230.700,0.010,0.010,0.010,0.005,0.002,0.001,0.002,-0.001,0.000,0.000,0.000,0.958,50.220
2610026952,2026-09-18 20:00:00,233.570,232.680,232.790,2.030,1.990,2.080,1.204,0.397,0.391,0.415,0.717,0.248,0.234,0.235,0.859,50.230
2610026953,2026-09-18 20:00:00,233.410,232.640,232.920,0.500,0.560,0.490,0.339,0.117,0.122,0.100,0.145,0.050,0.048,0.046,0.917,50.220
2610026963,2026-09-18 20:00:00,235.700,235.670,236.440,0.200,0.130,0.110,0.089,0.041,0.026,0.020,-0.047,-0.019,-0.013,-0.014,0.881,50.220
2610026966,2026-09-18 20:00:00,232.550,233.380,232.730,0.050,0.040,0.050,0.027,0.010,0.007,0.009,0.014,0.004,0.004,0.005,0.906,50.220
2610026976,2026-09-18 20:00:00,235.430,235.170,236.190,0.380,1.160,0.550,0.480,0.088,0.262,0.129,-0.018,-0.011,0.000,-0.006,0.999,50.220
2610026977,2026-09-18 20:00:00,243.400,244.020,243.210,0.220,0.580,0.840,0.395,0.050,0.140,0.204,0.023,0.018,0.003,0.001,0.997,50.170
2610126451,2026-09-18 20:00:00,235.570,236.160,235.340,0.000,0.010,0.050,0.014,0.000,0.001,0.011,0.002,0.000,0.000,0.002,1.000,50.220
2610159557,2026-09-18 20:00:00,235.590,234.590,234.740,0.030,0.030,0.030,0.020,0.006,0.007,0.006,-0.007,-0.003,-0.001,-0.001,0.941,50.210
2610170785,2026-09-18 20:00:00,234.770,233.790,234.080,0.000,0.010,0.000,0.003,0.000,0.002,0.000,0.000,0.000,0.000,0.000,1.000,50.200
2610170786,2026-09-18 20:00:00,234.750,234.850,235.610,0.840,0.760,0.900,0.535,0.177,0.174,0.183,0.102,0.034,0.031,0.036,0.986,50.230
2610170836,2026-09-18 20:00:00,235.340,235.630,236.320,0.000,0.010,0.000,0.001,0.000,0.001,0.000,0.000,0.000,0.000,0.000,1.000,50.230
2610170837,2026-09-18 20:00:00,234.890,233.230,233.440,0.000,0.000,0.010,0.002,0.000,0.000,0.001,0.000,0.000,0.000,0.000,0.853,50.230
2610170838,2026-09-18 20:00:00,235.740,234.680,234.930,0.000,0.030,0.040,0.016,0.000,0.008,0.008,0.000,0.000,0.000,-0.001,0.991,50.230
2610170839,2026-09-18 20:00:00,234.520,234.680,235.570,0.000,0.050,0.010,0.014,0.000,0.010,0.003,0.000,0.000,0.000,0.000,1.000,50.230
2610170840,2026-09-18 20:00:00,233.560,232.900,233.200,0.430,0.260,0.630,0.304,0.100,0.058,0.145,-0.034,-0.010,-0.007,-0.016,0.991,50.230
2610322967,2026-09-18 20:00:00,235.930,234.800,234.770,0.000,0.000,0.010,0.002,0.000,0.000,0.002,0.000,0.000,0.000,0.000,0.845,50.230
2610322969,2026-09-18 20:00:00,231.400,230.750,230.710,0.050,0.150,0.040,0.052,0.010,0.035,0.006,0.012,0.003,0.003,0.005,0.965,50.220
2610322995,2026-09-18 20:00:00,234.660,234.720,235.650,0.000,0.030,0.030,0.011,0.000,0.005,0.006,-0.009,0.000,-0.004,-0.004,0.774,50.240
2610322997,2026-09-18 20:00:00,232.640,232.830,231.930,1.250,1.480,1.070,0.776,0.276,0.295,0.204,0.333,0.052,0.166,0.122,0.919,50.230
2610323004,2026-09-18 20:00:00,64.740,64.200,64.670,0.130,0.110,0.140,0.025,0.008,0.007,0.009,0.000,0.000,0.000,0.000,0.995,50.220
2610323005,2026-09-18 20:00:00,230.770,231.350,230.770,0.000,0.000,0.010,0.003,0.000,0.001,0.001,-0.001,0.000,0.000,-0.001,0.800,50.220
2610323010,2026-09-18 20:00:00,233.370,233.780,233.240,0.280,0.000,0.000,0.064,0.064,0.000,0.000,-0.010,-0.010,0.000,0.000,0.982,50.220
2610323016,2026-09-18 20:00:00,231.870,230.810,230.770,2.840,2.670,2.680,1.767,0.616,0.565,0.586,0.648,0.218,0.211,0.218,0.938,50.220
2610323017,2026-09-18 20:00:00,234.330,235.550,234.580,0.040,0.020,0.020,0.015,0.008,0.003,0.003,-0.011,-0.005,-0.003,-0.002,0.811,50.240
2610323019,2026-09-18 20:00:00,230.880,231.760,231.220,0.020,0.060,0.030,0.022,0.004,0.012,0.005,-0.008,-0.001,-0.004,-0.002,0.953,50.240
2610323024,2026-09-18 20:00:00,233.440,234.870,233.360,0.320,0.240,0.120,0.155,0.073,0.055,0.026,0.030,0.010,0.010,0.010,0.983,50.230
2610323027,2026-09-18 20:00:00,235.980,234.900,235.170,0.030,0.030,0.020,0.014,0.004,0.006,0.003,-0.011,-0.003,-0.004,-0.003,0.784,50.240
2510633381,2026-09-18 20:01:00,234.050,233.060,233.300,0.050,0.070,0.010,0.029,0.010,0.016,0.002,-0.011,-0.004,-0.005,-0.001,0.935,50.150
2510633393,2026-09-18 20:01:00,231.040,231.300,231.470,1.700,1.710,1.710,1.149,0.380,0.387,0.381,0.292,0.099,0.087,0.104,0.969,50.180
2610126270,2026-09-18 20:01:00,229.000,229.590,229.030,0.060,0.060,0.020,0.033,0.013,0.014,0.005,-0.005,-0.002,-0.001,-0.002,0.975,50.170
2610323001,2026-09-18 20:01:00,230.560,229.510,229.220,2.590,2.260,2.480,1.479,0.526,0.446,0.497,0.736,0.251,0.240,0.244,0.892,50.200
2510203130,2026-09-18 20:02:00,244.160,244.200,245.750,0.000,0.000,0.070,0.017,0.000,0.001,0.016,-0.001,0.000,0.000,0.000,0.995,50.170
2510633389,2026-09-18 20:02:00,233.150,233.370,232.890,0.220,0.240,0.220,0.148,0.048,0.053,0.046,-0.054,-0.019,-0.018,-0.016,0.939,50.190
2246006313,2026-09-18 20:30:00,57.000,57.000,56.800,1.112,1.121,1.076,0.191,0.064,0.064,0.061,0.023,0.009,0.007,0.007,0.992,50.120
2410121326,2026-09-18 20:30:00,232.910,231.920,232.170,0.250,0.210,0.200,0.145,0.056,0.044,0.044,0.038,0.010,0.015,0.012,0.966,50.160
2410121353,2026-09-18 20:30:00,231.780,230.960,231.140,0.000,0.010,0.040,0.012,0.000,0.002,0.009,-0.002,0.000,-0.001,0.000,0.965,50.120
2410121371,2026-09-18 20:30:00,233.070,232.000,232.200,0.120,0.110,0.110,0.077,0.026,0.025,0.025,0.001,0.000,0.001,0.000,0.994,50.140
2410121424,2026-09-18 20:30:00,233.160,232.290,232.460,0.010,0.010,0.010,0.004,0.000,0.001,0.002,-0.003,-0.001,-0.001,0.000,0.768,50.210
2410121440,2026-09-18 20:30:00,232.920,231.980,232.130,0.010,0.000,0.010,0.004,0.002,0.000,0.001,-0.002,-0.001,0.000,0.000,0.910,50.150
2410121454,2026-09-18 20:30:00,232.400,233.220,232.280,0.090,0.210,0.180,0.111,0.018,0.050,0.042,0.024,0.009,0.006,0.008,0.970,50.220
2410121457,2026-09-18 20:30:00,230.430,229.630,229.600,2.270,2.450,2.350,1.584,0.513,0.546,0.524,0.282,0.079,0.103,0.099,0.984,50.120
2410121574,2026-09-18 20:30:00,232.740,231.590,231.800,0.110,0.120,0.090,0.059,0.023,0.021,0.015,-0.043,-0.013,-0.016,-0.013,0.809,50.140
2410131378,2026-09-18 20:30:00,232.410,233.220,232.390,0.050,0.020,0.030,0.021,0.011,0.002,0.006,-0.002,0.000,-0.002,0.000,0.993,50.130
2410131383,2026-09-18 20:30:00,236.790,236.960,236.660,0.080,0.070,0.100,0.059,0.019,0.016,0.023,-0.004,0.000,-0.002,-0.001,0.990,50.140
2410131384,2026-09-18 20:30:00,231.690,232.470,231.620,1.190,1.190,1.100,0.649,0.194,0.256,0.198,0.127,0.044,0.045,0.040,0.984,50.100
2410131387,2026-09-18 20:30:00,235.950,235.960,236.620,0.170,0.190,0.150,0.069,0.025,0.025,0.018,0.012,0.000,0.008,0.003,0.987,50.170
2410320615,2026-09-18 20:30:00,235.500,235.400,236.210,1.670,1.590,1.680,1.103,0.364,0.355,0.410,0.208,0.055,0.076,0.076,0.983,50.120
2410883990,2026-09-18 20:30:00,227.480,226.600,226.560,0.080,0.000,0.160,0.054,0.018,0.000,0.035,0.003,0.001,0.000,0.002,1.000,50.140
2410883991,2026-09-18 20:30:00,232.170,232.350,233.250,0.080,0.100,0.130,0.073,0.019,0.023,0.030,-0.005,-0.002,0.000,-0.003,0.993,50.070
2410883993,2026-09-18 20:30:00,232.400,231.400,231.230,1.310,1.400,1.880,1.057,0.301,0.322,0.433,-0.031,-0.016,-0.020,0.005,0.999,50.130
2410883994,2026-09-18 20:30:00,233.200,232.090,232.410,0.020,0.050,0.020,0.021,0.004,0.011,0.004,-0.004,-0.002,-0.001,0.000,0.981,50.080
2410932742,2026-09-18 20:30:00,229.630,228.060,228.070,2.890,2.820,2.910,1.934,0.654,0.629,0.650,0.591,0.193,0.196,0.201,0.955,50.120
2411087432,2026-09-18 20:30:00,232.130,232.850,231.940,0.430,0.480,0.480,0.321,0.099,0.112,0.109,0.003,0.000,-0.004,0.009,0.999,50.160
2411290205,2026-09-18 20:30:00,237.070,236.720,236.720,0.700,0.630,0.700,0.441,0.154,0.136,0.150,-0.145,-0.046,-0.049,-0.049,0.956,50.060
2510014481,2026-09-18 20:30:00,228.680,228.310,229.820,2.210,2.240,2.240,1.272,0.402,0.417,0.462,0.494,0.173,0.178,0.143,0.937,50.130
2510014482,2026-09-18 20:30:00,232.190,232.810,231.900,0.010,0.080,0.000,0.021,0.002,0.018,0.000,-0.005,-0.002,-0.002,0.000,0.976,50.170
2510014483,2026-09-18 20:30:00,231.850,232.000,232.790,0.050,0.040,0.080,0.032,0.009,0.005,0.017,-0.022,-0.006,-0.005,-0.009,0.819,50.130
2510014484,2026-09-18 20:30:00,235.460,235.090,235.360,1.740,1.860,1.590,1.145,0.376,0.416,0.352,0.388,0.135,0.124,0.127,0.947,50.170
2510178139,2026-09-18 20:30:00,232.240,233.040,232.000,0.320,0.330,0.330,0.199,0.070,0.065,0.062,0.059,0.020,0.020,0.018,0.963,50.150
2510178141,2026-09-18 20:30:00,232.330,232.380,233.140,0.020,0.010,0.010,0.005,0.002,0.000,0.002,-0.008,-0.004,-0.001,-0.002,0.518,50.170
2510203103,2026-09-18 20:30:00,225.940,224.460,224.470,0.130,0.120,0.090,0.075,0.029,0.027,0.019,-0.015,-0.005,-0.004,-0.005,0.973,50.110
2510203105,2026-09-18 20:30:00,232.150,230.540,230.740,0.360,0.500,0.350,0.293,0.088,0.120,0.084,0.026,0.007,0.015,0.007,0.995,50.150
2510203106,2026-09-18 20:30:00,236.580,236.200,236.400,0.030,0.010,0.000,0.009,0.005,0.003,0.000,-0.004,-0.003,0.000,0.000,0.880,50.100
2510203108,2026-09-18 20:30:00,232.050,232.420,231.270,0.650,1.660,2.310,1.042,0.137,0.375,0.517,0.092,0.025,0.026,0.040,0.995,50.140
2510203109,2026-09-18 20:30:00,232.100,233.010,231.840,0.510,0.440,0.840,0.395,0.118,0.106,0.172,0.014,0.015,-0.007,0.006,1.000,50.150
2510203111,2026-09-18 20:30:00,232.040,232.160,233.040,0.020,0.010,0.000,0.007,0.003,0.003,0.000,-0.002,-0.001,0.000,0.000,1.000,50.100
2510203113,2026-09-18 20:30:00,236.620,236.830,236.460,0.810,0.800,0.980,0.588,0.179,0.183,0.226,0.031,0.004,0.003,0.022,0.998,50.150
2510203114,2026-09-18 20:30:00,226.180,226.480,227.090,0.430,0.240,0.240,0.197,0.094,0.050,0.052,0.028,0.007,0.006,0.013,0.988,50.150
2510203117,2026-09-18 20:30:00,227.580,226.720,226.540,0.360,0.340,0.270,0.214,0.080,0.073,0.059,-0.046,-0.014,-0.019,-0.013,0.975,50.140
2510203118,2026-09-18 20:30:00,122.360,122.340,122.810,0.190,0.160,0.160,0.055,0.020,0.017,0.017,-0.019,-0.006,-0.004,-0.008,0.949,50.140
2510203119,2026-09-18 20:30:00,227.600,226.730,226.620,0.000,0.000,0.000,0.000,0.000,0.000,0.000,0.000,0.000,0.000,0.000,1.000,50.120
2510203120,2026-09-18 20:30:00,232.490,231.530,231.800,0.940,0.750,0.710,0.526,0.206,0.163,0.156,0.127,0.054,0.040,0.033,0.972,50.140
2510203121,2026-09-18 20:30:00,226.830,226.710,227.630,0.450,0.280,0.440,0.265,0.101,0.064,0.099,-0.007,0.002,-0.003,-0.006,1.000,50.140
2510203122,2026-09-18 20:30:00,232.200,233.000,232.030,0.120,0.120,0.160,0.086,0.026,0.024,0.035,0.009,0.001,-0.006,0.014,0.994,50.140
2510203123,2026-09-18 20:30:00,232.430,232.450,233.390,0.020,0.010,0.000,0.007,0.004,0.002,0.000,0.000,0.000,-0.001,0.000,0.953,50.110
2510203124,2026-09-18 20:30:00,232.650,233.080,232.270,0.130,0.130,0.150,0.080,0.025,0.025,0.029,0.046,0.014,0.015,0.015,0.868,50.170
2510203126,2026-09-18 20:30:00,227.000,226.810,227.840,0.040,0.020,0.000,0.014,0.009,0.004,0.000,-0.001,-0.001,0.000,0.000,1.000,50.160
2510203127,2026-09-18 20:30:00,232.180,232.940,232.060,0.440,0.600,0.410,0.280,0.081,0.120,0.077,0.182,0.059,0.068,0.054,0.838,50.170
2510203128,2026-09-18 20:30:00,231.420,231.780,230.170,2.140,2.130,2.280,1.464,0.481,0.475,0.507,0.174,0.035,0.058,0.081,0.992,50.120
2510203129,2026-09-18 20:30:00,236.890,236.450,236.680,0.010,0.030,0.000,0.008,0.002,0.006,0.000,-0.003,-0.002,-0.001,0.000,0.892,50.160
2510203130,2026-09-18 20:30:00,243.130,242.920,244.580,0.000,0.000,0.010,0.003,0.000,0.001,0.002,0.000,0.000,0.000,0.000,1.000,50.160
2510203133,2026-09-18 20:30:00,232.320,232.990,232.110,0.020,0.020,0.000,0.009,0.004,0.004,0.000,-0.002,0.000,-0.002,0.000,0.980,50.120
2510224049,2026-09-18 20:30:00,226.290,227.370,226.600,21.110,18.030,12.630,10.690,4.100,3.860,2.720,-2.210,-0.750,-0.870,-0.570,0.979,50.130
2510224167,2026-09-18 20:30:00,226.670,226.510,227.550,10.290,11.880,12.040,7.370,2.220,2.550,2.590,-2.170,-0.620,-0.760,-0.780,0.958,50.190
2510317505,2026-09-18 20:30:00,226.450,226.450,227.360,25.140,9.720,9.590,9.640,5.560,2.110,1.950,-2.020,-0.650,-0.560,-0.800,0.978,50.160
2510317516,2026-09-18 20:30:00,227.030,226.950,227.910,0.000,0.000,0.000,0.000,0.000,0.000,0.000,0.000,0.000,0.000,0.000,1.000,50.170
2510317537,2026-09-18 20:30:00,231.710,231.320,232.600,2.540,2.920,2.630,1.870,0.610,0.650,0.600,-0.210,-0.040,-0.060,-0.100,0.994,50.180
2510389559,2026-09-18 20:30:00,237.420,237.010,237.190,0.000,0.000,0.000,0.000,0.000,0.000,0.000,0.000,0.000,0.000,0.000,1.000,50.160
2510389643,2026-09-18 20:30:00,237.000,236.530,236.690,19.280,22.070,21.120,14.100,4.050,5.120,4.920,-1.380,-0.180,-0.630,-0.560,0.995,50.170
2510389931,2026-09-18 20:30:00,235.990,235.450,235.630,16.950,10.000,24.670,12.070,3.970,2.330,5.760,-1.370,-0.420,-0.300,-0.640,0.993,50.140
2510633381,2026-09-18 20:30:00,233.140,232.110,232.350,0.070,0.070,0.020,0.034,0.015,0.015,0.004,-0.011,-0.004,-0.005,-0.001,0.942,50.160
2510633383,2026-09-18 20:30:00,232.320,232.310,233.180,0.110,0.080,0.090,0.016,0.006,0.002,0.008,-0.061,-0.023,-0.018,-0.018,0.260,50.160
2510633385,2026-09-18 20:30:00,237.370,237.020,237.160,0.330,0.450,0.460,0.292,0.077,0.106,0.107,-0.032,-0.002,-0.015,-0.013,0.994,50.130
2510633386,2026-09-18 20:30:00,221.750,221.760,222.690,1.070,1.070,1.070,0.133,0.046,0.045,0.042,-0.670,-0.223,-0.223,-0.224,0.188,50.140
2510633387,2026-09-18 20:30:00,231.960,232.720,231.760,0.010,0.020,0.000,0.004,0.002,0.002,0.000,0.002,0.000,0.002,0.000,0.939,50.140
2510633389,2026-09-18 20:30:00,236.780,237.010,236.610,0.180,0.180,0.150,0.111,0.039,0.039,0.032,-0.049,-0.017,-0.016,-0.015,0.915,50.130
2510633390,2026-09-18 20:30:00,232.050,232.980,231.880,0.220,0.170,0.300,0.180,0.061,0.039,0.080,0.002,0.007,0.002,-0.008,0.999,50.120
2510633391,2026-09-18 20:30:00,122.250,121.800,121.850,0.000,0.000,0.000,0.000,0.000,0.000,0.000,0.000,0.000,0.000,0.000,1.000,50.150
2510633393,2026-09-18 20:30:00,234.970,235.170,235.340,1.780,1.780,1.780,1.197,0.398,0.403,0.395,0.308,0.107,0.091,0.109,0.968,50.160
2510633395,2026-09-18 20:30:00,232.310,233.070,232.300,0.000,0.000,0.000,0.000,0.000,0.000,0.000,0.000,0.000,0.000,0.000,1.000,50.160
2510633396,2026-09-18 20:30:00,232.980,232.130,232.590,0.260,0.290,0.250,0.158,0.049,0.059,0.049,0.094,0.032,0.031,0.030,0.858,50.170
2510633397,2026-09-18 20:30:00,239.190,238.020,238.290,0.030,0.040,0.030,0.024,0.007,0.010,0.007,-0.004,-0.002,-0.001,0.000,0.989,50.120
2510633399,2026-09-18 20:30:00,226.500,226.320,227.320,0.610,0.720,0.760,0.472,0.137,0.162,0.172,-0.004,0.000,-0.002,-0.001,0.999,50.160
2510633400,2026-09-18 20:30:00,225.980,226.930,226.020,0.360,0.380,0.340,0.238,0.077,0.077,0.083,0.071,0.021,0.024,0.024,0.949,50.140
2510633402,2026-09-18 20:30:00,230.260,230.170,231.730,0.410,0.420,0.460,0.357,0.113,0.115,0.128,0.105,0.036,0.031,0.037,0.946,50.160
2510633406,2026-09-18 20:30:00,226.790,226.570,227.660,0.170,0.200,0.200,0.123,0.037,0.043,0.043,-0.037,-0.010,-0.013,-0.013,0.953,50.130
2510633411,2026-09-18 20:30:00,224.510,223.600,223.320,2.090,2.010,2.070,1.292,0.448,0.417,0.427,0.493,0.161,0.161,0.174,0.932,50.150
2510814977,2026-09-18 20:30:00,230.310,231.720,230.390,0.010,0.010,0.010,0.004,0.002,0.000,0.001,-0.002,0.000,-0.001,-0.001,0.986,50.140
2610026950,2026-09-18 20:30:00,227.580,226.610,226.490,0.010,0.010,0.010,0.004,0.001,0.001,0.001,-0.001,0.000,0.000,0.000,0.939,50.140
2610026952,2026-09-18 20:30:00,232.020,230.910,231.080,1.030,1.040,1.030,0.655,0.217,0.218,0.218,0.326,0.106,0.112,0.107,0.908,50.130
2610026953,2026-09-18 20:30:00,236.140,235.570,235.800,0.540,0.560,0.520,0.311,0.102,0.107,0.101,0.163,0.057,0.053,0.052,0.894,50.120
2610026963,2026-09-18 20:30:00,232.640,232.550,233.450,0.190,0.120,0.100,0.085,0.040,0.024,0.020,-0.041,-0.016,-0.012,-0.013,0.900,50.170
2610026966,2026-09-18 20:30:00,231.000,231.960,231.210,0.040,0.040,0.050,0.028,0.009,0.009,0.010,0.015,0.003,0.004,0.006,0.891,50.160
2610026976,2026-09-18 20:30:00,232.370,231.980,233.260,0.390,1.350,0.430,0.486,0.090,0.296,0.097,-0.025,-0.015,-0.008,-0.002,0.999,50.160
2610026977,2026-09-18 20:30:00,241.900,242.600,241.710,0.220,0.580,0.850,0.395,0.050,0.140,0.204,0.023,0.018,0.002,0.001,0.998,50.150
2610126270,2026-09-18 20:30:00,226.550,227.430,226.730,0.060,0.050,0.020,0.028,0.013,0.010,0.005,-0.005,-0.002,-0.001,-0.001,0.977,50.130
2610126451,2026-09-18 20:30:00,232.550,233.200,232.360,0.000,0.010,0.110,0.026,0.000,0.001,0.024,0.000,0.000,0.000,0.000,0.996,50.130
2610159557,2026-09-18 20:30:00,233.050,232.050,232.230,0.020,0.010,0.010,0.007,0.003,0.001,0.001,-0.004,-0.002,0.000,-0.001,0.816,50.130
2610170785,2026-09-18 20:30:00,232.760,231.680,232.000,0.000,0.010,0.000,0.003,0.000,0.002,0.000,0.000,0.000,0.000,0.000,1.000,50.120
2610170786,2026-09-18 20:30:00,232.070,232.320,233.090,0.570,0.500,0.630,0.500,0.164,0.121,0.143,0.062,0.023,0.017,0.021,0.985,50.140
2610170836,2026-09-18 20:30:00,231.990,232.220,233.030,0.000,0.010,0.000,0.001,0.000,0.001,0.000,0.000,0.000,0.000,0.000,1.000,50.130
2610170837,2026-09-18 20:30:00,231.620,230.140,230.230,0.000,0.000,0.010,0.002,0.000,0.000,0.001,0.000,0.000,0.000,0.000,0.845,50.140
2610170838,2026-09-18 20:30:00,232.960,231.800,232.110,0.000,0.030,0.030,0.014,0.000,0.007,0.006,0.000,0.000,0.000,-0.001,1.000,50.170
2610170839,2026-09-18 20:30:00,231.750,231.970,232.770,0.000,0.020,0.010,0.008,0.000,0.005,0.003,0.000,0.000,0.000,0.000,0.976,50.140
2610170840,2026-09-18 20:30:00,236.120,235.570,235.790,0.430,0.250,0.620,0.303,0.100,0.058,0.145,-0.035,-0.011,-0.007,-0.016,0.992,50.140
2610322967,2026-09-18 20:30:00,233.300,232.140,232.130,0.000,0.000,0.010,0.002,0.000,0.000,0.002,0.000,0.000,0.000,0.000,1.000,50.130
2610322969,2026-09-18 20:30:00,227.560,226.630,226.530,0.050,0.140,0.050,0.051,0.009,0.031,0.010,0.007,0.006,-0.001,0.002,0.980,50.130
2610322995,2026-09-18 20:30:00,231.880,232.050,232.910,0.000,0.030,0.030,0.011,0.000,0.005,0.006,-0.009,0.000,-0.004,-0.004,0.769,50.140
2610322997,2026-09-18 20:30:00,229.160,229.490,228.760,1.250,1.440,1.010,0.744,0.268,0.279,0.188,0.326,0.057,0.157,0.112,0.914,50.130
2610323001,2026-09-18 20:30:00,228.380,227.430,227.100,2.790,2.470,2.720,1.620,0.577,0.497,0.543,0.769,0.260,0.253,0.255,0.904,50.160
2610323004,2026-09-18 20:30:00,63.890,63.330,63.750,0.130,0.110,0.140,0.023,0.008,0.007,0.008,-0.001,0.000,0.000,-0.001,0.993,50.130
2610323005,2026-09-18 20:30:00,226.490,227.500,226.600,0.000,0.000,0.010,0.003,0.000,0.001,0.001,-0.001,0.000,0.000,-0.001,0.780,50.130
2610323010,2026-09-18 20:30:00,236.160,236.520,236.150,0.080,0.000,0.000,0.016,0.016,0.000,0.000,-0.008,-0.008,0.000,0.000,0.859,50.120
2610323016,2026-09-18 20:30:00,228.390,227.420,227.310,2.830,2.710,2.710,1.710,0.594,0.558,0.556,0.661,0.217,0.219,0.223,0.931,50.140
2610323017,2026-09-18 20:30:00,231.440,232.630,231.710,0.040,0.020,0.020,0.015,0.008,0.003,0.003,-0.010,-0.005,-0.003,-0.002,0.811,50.170
2610323019,2026-09-18 20:30:00,226.380,227.540,226.670,0.020,0.020,0.030,0.014,0.004,0.004,0.005,-0.005,-0.001,-0.001,-0.002,0.929,50.150
2610323024,2026-09-18 20:30:00,230.230,231.660,230.320,0.340,0.260,0.110,0.162,0.077,0.060,0.025,0.015,0.002,0.006,0.006,0.998,50.130
2610323027,2026-09-18 20:30:00,233.100,232.000,232.190,0.020,0.030,0.020,0.014,0.004,0.006,0.003,-0.010,-0.003,-0.004,-0.003,0.823,50.170
2410883988,2026-09-18 20:31:00,226.990,227.830,227.060,0.020,0.000,0.040,0.014,0.004,0.000,0.009,-0.001,0.000,0.000,-0.001,1.000,50.120
2411087433,2026-09-18 20:31:00,232.380,232.490,233.240,0.310,0.320,0.320,0.216,0.070,0.073,0.072,0.033,0.010,0.010,0.012,0.987,50.150
2510203104,2026-09-18 20:31:00,226.310,226.360,227.130,0.470,0.380,0.380,0.270,0.108,0.081,0.080,0.053,0.006,0.021,0.025,0.982,50.130
2510203134,2026-09-18 20:31:00,233.460,232.340,232.390,0.020,0.010,0.010,0.007,0.004,0.001,0.001,-0.002,0.000,-0.001,0.000,0.950,50.170
2246006313,2026-09-18 21:00:00,57.200,57.100,57.000,1.060,1.076,1.045,0.197,0.066,0.067,0.064,0.026,0.009,0.008,0.008,0.990,50.130
2410121326,2026-09-18 21:00:00,233.560,232.600,232.900,0.310,0.270,0.280,0.194,0.070,0.060,0.063,0.040,0.010,0.014,0.015,0.977,50.150
2410121353,2026-09-18 21:00:00,233.850,232.960,233.240,0.000,0.010,0.070,0.020,0.000,0.002,0.017,-0.002,0.000,-0.001,0.000,0.980,50.130
2410121371,2026-09-18 21:00:00,233.930,232.820,233.110,0.140,0.120,0.110,0.081,0.029,0.026,0.025,0.001,0.000,0.001,0.000,1.000,50.170
2410121424,2026-09-18 21:00:00,233.800,232.980,233.190,0.010,0.010,0.010,0.004,0.000,0.001,0.002,-0.003,-0.001,-0.001,0.000,0.773,50.160
2410121440,2026-09-18 21:00:00,233.650,232.780,232.960,0.010,0.000,0.010,0.004,0.002,0.000,0.001,-0.002,-0.001,0.000,0.000,0.914,50.170
2410121454,2026-09-18 21:00:00,233.180,233.900,232.990,0.080,0.200,0.170,0.101,0.016,0.046,0.039,0.017,0.007,0.004,0.005,0.980,50.160
2410121457,2026-09-18 21:00:00,231.660,230.710,231.030,1.800,1.930,1.780,1.233,0.404,0.430,0.398,0.223,0.063,0.089,0.069,0.983,50.100
2410121574,2026-09-18 21:00:00,234.100,232.960,233.200,0.190,0.180,0.150,0.112,0.042,0.038,0.032,-0.038,-0.011,-0.013,-0.013,0.947,50.140
2410131378,2026-09-18 21:00:00,233.180,233.860,233.060,0.010,0.010,0.030,0.010,0.001,0.001,0.006,-0.004,-0.001,-0.001,0.000,0.918,50.160
2410131383,2026-09-18 21:00:00,236.890,237.070,236.850,0.110,0.090,0.130,0.076,0.026,0.020,0.029,-0.002,0.000,-0.001,-0.001,0.997,50.050
2410131384,2026-09-18 21:00:00,232.340,233.000,232.380,0.950,1.140,0.920,0.614,0.196,0.250,0.201,0.117,0.039,0.047,0.031,0.984,50.060
2410131387,2026-09-18 21:00:00,235.160,235.010,235.620,0.090,0.100,0.070,0.058,0.021,0.022,0.014,0.012,0.000,0.008,0.003,0.978,50.130
2410320615,2026-09-18 21:00:00,235.740,235.630,236.440,1.590,1.560,1.650,1.145,0.370,0.371,0.402,0.209,0.055,0.078,0.075,0.983,50.070
2410883988,2026-09-18 21:00:00,227.570,228.260,227.530,0.020,0.000,0.040,0.014,0.004,0.000,0.009,-0.001,0.000,0.000,-0.001,1.000,50.040
2410883990,2026-09-18 21:00:00,228.000,227.170,227.270,0.080,0.000,0.070,0.034,0.017,0.000,0.016,0.000,0.001,0.000,0.000,1.000,50.090
2410883991,2026-09-18 21:00:00,232.530,232.570,233.520,0.090,0.180,0.130,0.092,0.019,0.042,0.030,-0.006,-0.003,0.000,-0.003,0.994,50.090
2410883993,2026-09-18 21:00:00,232.820,231.810,231.690,1.160,1.430,1.690,0.988,0.266,0.331,0.391,-0.033,-0.016,-0.021,0.005,0.999,50.030
2410883994,2026-09-18 21:00:00,233.550,232.540,232.760,0.020,0.050,0.030,0.023,0.004,0.011,0.006,-0.004,-0.002,-0.001,-0.001,0.980,50.100
2411087432,2026-09-18 21:00:00,232.370,233.010,232.100,0.810,0.830,0.830,0.557,0.183,0.184,0.188,-0.001,0.001,-0.006,0.003,1.000,50.030
2411087433,2026-09-18 21:00:00,232.580,232.670,233.460,0.330,0.310,0.300,0.225,0.077,0.075,0.072,0.033,0.011,0.009,0.011,0.989,50.020
2411290205,2026-09-18 21:00:00,237.020,236.620,236.670,0.210,0.270,0.180,0.151,0.047,0.062,0.041,0.029,0.011,0.009,0.009,0.982,50.080
2510014481,2026-09-18 21:00:00,229.190,229.070,230.460,2.260,2.120,2.200,1.557,0.567,0.523,0.543,0.514,0.163,0.175,0.175,0.937,50.030
2510014482,2026-09-18 21:00:00,232.550,233.080,232.180,0.010,0.080,0.000,0.022,0.002,0.019,0.000,-0.005,-0.002,-0.002,0.000,0.987,50.040
2510014483,2026-09-18 21:00:00,232.540,232.610,233.400,0.050,0.040,0.060,0.025,0.009,0.006,0.010,-0.020,-0.006,-0.005,-0.008,0.775,50.030
2510014484,2026-09-18 21:00:00,235.880,235.570,235.870,1.490,1.680,1.320,0.952,0.297,0.355,0.283,0.348,0.123,0.111,0.112,0.943,50.040
2510178139,2026-09-18 21:00:00,232.480,233.140,232.190,0.370,0.340,0.360,0.236,0.080,0.075,0.076,0.058,0.022,0.020,0.015,0.972,50.020
2510178141,2026-09-18 21:00:00,232.520,232.650,233.300,0.020,0.010,0.010,0.003,0.002,0.000,0.000,-0.008,-0.004,-0.001,-0.002,0.377,50.040
2510203103,2026-09-18 21:00:00,226.940,225.360,225.460,0.140,0.130,0.130,0.065,0.019,0.026,0.018,-0.014,-0.004,-0.005,-0.004,0.985,50.060
2510203104,2026-09-18 21:00:00,226.750,226.690,227.470,0.490,0.400,0.320,0.266,0.102,0.091,0.071,0.047,0.005,0.018,0.024,0.984,50.040
2510203105,2026-09-18 21:00:00,232.910,231.290,231.470,0.210,0.340,0.200,0.153,0.043,0.074,0.035,-0.075,-0.023,-0.023,-0.028,0.897,50.020
2510203106,2026-09-18 21:00:00,236.970,236.560,236.710,0.030,0.010,0.000,0.009,0.005,0.003,0.000,-0.004,-0.003,0.000,0.000,0.880,50.050
2510203108,2026-09-18 21:00:00,232.590,232.930,232.000,0.540,1.390,1.660,0.817,0.123,0.320,0.372,0.035,0.011,0.011,0.013,0.999,50.090
2510203111,2026-09-18 21:00:00,232.610,232.910,233.600,0.020,0.010,0.000,0.007,0.003,0.003,0.000,-0.002,-0.001,0.000,0.000,1.000,50.060
2510203114,2026-09-18 21:00:00,226.500,226.650,227.340,0.370,0.230,0.200,0.146,0.073,0.035,0.036,0.018,0.003,0.002,0.012,0.995,50.020
2510203117,2026-09-18 21:00:00,227.880,227.020,227.000,0.350,0.450,0.300,0.235,0.077,0.099,0.064,-0.041,-0.011,-0.017,-0.012,0.985,50.140
2510203119,2026-09-18 21:00:00,227.760,226.830,226.870,0.000,0.000,0.000,0.000,0.000,0.000,0.000,0.000,0.000,0.000,0.000,1.000,50.070
2510203120,2026-09-18 21:00:00,232.920,231.950,232.090,0.670,0.520,0.500,0.367,0.144,0.111,0.110,0.124,0.048,0.040,0.035,0.945,50.100
2510203121,2026-09-18 21:00:00,226.990,227.070,227.800,0.440,0.290,0.440,0.261,0.100,0.064,0.096,-0.007,0.002,-0.003,-0.006,0.998,50.020
2510203122,2026-09-18 21:00:00,232.380,233.050,232.150,0.110,0.250,0.170,0.118,0.024,0.057,0.035,0.015,0.000,0.001,0.014,0.993,50.040
2510203123,2026-09-18 21:00:00,232.540,232.810,233.510,0.010,0.010,0.000,0.005,0.002,0.002,0.000,-0.003,-0.001,-0.001,0.000,0.804,50.050
2510203124,2026-09-18 21:00:00,232.850,233.090,232.250,0.130,0.130,0.150,0.080,0.025,0.024,0.030,0.046,0.015,0.015,0.015,0.865,50.030
2510203126,2026-09-18 21:00:00,227.460,227.420,228.200,0.040,0.020,0.000,0.014,0.009,0.004,0.000,-0.001,-0.001,0.000,0.000,1.000,50.030
2510203127,2026-09-18 21:00:00,232.490,233.150,232.280,0.440,0.590,0.410,0.278,0.081,0.119,0.077,0.183,0.059,0.068,0.055,0.834,50.040
2510203128,2026-09-18 21:00:00,231.750,232.140,230.540,2.130,2.070,2.230,1.446,0.482,0.465,0.497,0.182,0.036,0.060,0.084,0.992,50.070
2510203129,2026-09-18 21:00:00,236.960,236.540,236.740,0.010,0.030,0.000,0.008,0.002,0.006,0.000,-0.003,-0.002,-0.001,0.000,0.885,50.040
2510203133,2026-09-18 21:00:00,232.590,233.220,232.430,0.020,0.020,0.000,0.009,0.004,0.004,0.000,-0.002,0.000,-0.002,0.000,0.982,50.100
2510203134,2026-09-18 21:00:00,233.950,232.960,232.920,0.020,0.010,0.010,0.007,0.004,0.001,0.001,-0.001,0.000,-0.001,0.000,0.954,50.140
2510224049,2026-09-18 21:00:00,226.920,227.760,227.000,21.120,17.930,12.590,10.690,4.110,3.860,2.720,-2.210,-0.750,-0.870,-0.570,0.979,50.040
2510224167,2026-09-18 21:00:00,227.000,226.880,227.750,10.470,11.860,12.020,7.410,2.260,2.550,2.590,-2.190,-0.640,-0.760,-0.780,0.958,50.030
2510317505,2026-09-18 21:00:00,226.930,227.050,227.760,25.100,9.700,9.560,9.630,5.560,2.110,1.950,-2.020,-0.650,-0.560,-0.790,0.978,50.040
2510317516,2026-09-18 21:00:00,227.420,227.350,228.130,0.000,0.000,0.000,0.000,0.000,0.000,0.000,0.000,0.000,0.000,0.000,1.000,50.040
2510317537,2026-09-18 21:00:00,232.070,231.730,233.030,2.920,3.060,2.890,1.940,0.630,0.710,0.660,-0.210,-0.040,-0.060,-0.100,0.993,50.040
2510389559,2026-09-18 21:00:00,237.140,236.800,236.920,0.000,0.000,0.000,0.000,0.000,0.000,0.000,0.000,0.000,0.000,0.000,1.000,50.040
2510389643,2026-09-18 21:00:00,237.170,236.730,236.840,17.840,22.060,21.100,13.710,3.660,5.130,4.920,-1.360,-0.160,-0.640,-0.550,0.995,50.030
2510389931,2026-09-18 21:00:00,236.710,236.230,236.350,16.890,9.950,24.540,12.050,3.960,2.320,5.750,-1.380,-0.420,-0.300,-0.650,0.993,50.040
2510633381,2026-09-18 21:00:00,233.370,232.410,232.560,0.050,0.080,0.010,0.026,0.009,0.014,0.002,-0.013,-0.005,-0.005,-0.001,0.917,50.040
2510633383,2026-09-18 21:00:00,232.390,232.510,233.190,0.110,0.080,0.090,0.019,0.007,0.002,0.010,-0.061,-0.023,-0.018,-0.018,0.306,50.040
2510633385,2026-09-18 21:00:00,237.410,237.200,237.120,0.430,0.460,0.650,0.359,0.102,0.107,0.149,-0.017,0.003,-0.015,-0.006,0.999,50.120
2510633386,2026-09-18 21:00:00,222.090,222.090,223.070,1.080,1.080,1.070,0.147,0.048,0.049,0.046,-0.673,-0.224,-0.224,-0.224,0.217,50.150
2510633387,2026-09-18 21:00:00,232.580,233.380,232.490,0.010,0.000,0.000,0.002,0.002,0.000,0.000,0.000,0.000,0.000,0.000,1.000,50.130
2510633389,2026-09-18 21:00:00,236.860,237.100,236.760,0.560,0.610,0.540,0.399,0.130,0.143,0.126,-0.046,-0.016,-0.015,-0.014,0.992,50.100
2510633390,2026-09-18 21:00:00,232.250,233.260,232.160,0.440,0.350,0.530,0.278,0.088,0.079,0.067,0.002,-0.004,0.003,0.004,0.982,50.070
2510633391,2026-09-18 21:00:00,122.460,121.910,122.020,0.000,0.000,0.000,0.000,0.000,0.000,0.000,0.000,0.000,0.000,0.000,1.000,50.050
2510633393,2026-09-18 21:00:00,235.220,235.350,235.580,1.640,1.660,1.660,1.137,0.374,0.383,0.379,0.299,0.105,0.088,0.106,0.965,50.170
2510633395,2026-09-18 21:00:00,232.460,233.170,232.340,0.000,0.000,0.000,0.000,0.000,0.000,0.000,0.000,0.000,0.000,0.000,1.000,50.030
2510633396,2026-09-18 21:00:00,232.980,232.200,232.740,0.250,0.290,0.250,0.158,0.049,0.059,0.049,0.095,0.032,0.031,0.031,0.858,50.040
2510633397,2026-09-18 21:00:00,239.440,238.340,238.560,0.030,0.040,0.030,0.024,0.007,0.010,0.007,-0.004,-0.002,-0.001,0.000,0.986,50.070
2510633399,2026-09-18 21:00:00,226.860,226.740,227.620,0.540,0.650,0.650,0.418,0.123,0.147,0.147,0.008,0.002,0.001,0.000,1.000,50.030
2510633400,2026-09-18 21:00:00,226.560,227.340,226.470,0.390,0.390,0.360,0.228,0.074,0.076,0.078,0.074,0.022,0.027,0.028,0.951,50.040
2510633402,2026-09-18 21:00:00,230.990,231.060,232.590,0.560,0.560,0.620,0.364,0.115,0.117,0.130,0.160,0.053,0.049,0.056,0.909,50.160
2510633406,2026-09-18 21:00:00,227.040,226.970,227.840,0.170,0.200,0.200,0.124,0.037,0.043,0.043,-0.037,-0.011,-0.013,-0.013,0.958,50.030
2510633411,2026-09-18 21:00:00,224.940,224.050,223.840,2.100,2.020,2.110,1.274,0.438,0.416,0.429,0.503,0.161,0.164,0.178,0.931,50.040
2510814977,2026-09-18 21:00:00,230.970,232.390,231.010,0.010,0.010,0.010,0.004,0.002,0.000,0.001,-0.002,0.000,-0.001,-0.001,0.986,50.030
2610026950,2026-09-18 21:00:00,227.830,226.860,226.910,0.010,0.010,0.010,0.007,0.002,0.001,0.003,-0.001,0.000,0.000,0.000,1.000,50.020
2610026952,2026-09-18 21:00:00,232.280,231.190,231.490,1.030,1.040,1.000,0.616,0.207,0.207,0.201,0.294,0.095,0.101,0.096,0.902,50.030
2610026953,2026-09-18 21:00:00,236.230,235.740,235.890,0.610,0.620,0.580,0.348,0.112,0.125,0.110,0.161,0.058,0.053,0.049,0.915,50.030
2610026963,2026-09-18 21:00:00,232.770,232.800,233.580,0.210,0.120,0.100,0.088,0.044,0.024,0.019,-0.042,-0.017,-0.011,-0.013,0.898,50.040
2610026966,2026-09-18 21:00:00,232.750,233.700,233.090,0.040,0.040,0.050,0.026,0.008,0.008,0.009,0.014,0.003,0.004,0.006,0.875,50.030
2610026976,2026-09-18 21:00:00,232.470,232.290,233.320,0.340,1.270,0.390,0.391,0.079,0.218,0.093,-0.022,-0.011,-0.004,-0.007,0.998,50.040
2610026977,2026-09-18 21:00:00,243.950,244.690,243.920,0.220,0.580,0.840,0.395,0.050,0.140,0.204,0.024,0.018,0.003,0.001,0.997,50.050
2610126270,2026-09-18 21:00:00,227.190,227.890,227.200,0.040,0.060,0.020,0.023,0.007,0.012,0.002,-0.006,-0.002,-0.002,-0.001,0.961,50.040
2610126451,2026-09-18 21:00:00,232.780,233.350,232.500,0.000,0.010,0.070,0.017,0.000,0.001,0.015,0.001,0.000,0.000,0.002,0.966,50.030
2610159557,2026-09-18 21:00:00,233.360,232.420,232.530,0.020,0.010,0.010,0.007,0.003,0.001,0.001,-0.004,-0.002,0.000,-0.001,0.812,50.030
2610170785,2026-09-18 21:00:00,233.220,232.270,232.450,0.000,0.010,0.000,0.003,0.000,0.002,0.000,0.000,0.000,0.000,0.000,1.000,50.030
2610170786,2026-09-18 21:00:00,232.540,232.650,233.430,0.540,0.530,0.640,0.357,0.110,0.112,0.132,0.063,0.023,0.016,0.023,0.985,50.040
2610170836,2026-09-18 21:00:00,232.450,232.790,233.460,0.000,0.010,0.000,0.001,0.000,0.001,0.000,0.000,0.000,0.000,0.000,1.000,50.030
2610170837,2026-09-18 21:00:00,232.600,230.970,231.030,0.000,0.000,0.010,0.002,0.000,0.000,0.001,0.000,0.000,0.000,0.000,0.851,50.040
2610170838,2026-09-18 21:00:00,233.300,232.190,232.460,0.000,0.040,0.060,0.025,0.000,0.010,0.014,0.000,0.000,0.000,-0.001,1.000,50.030
2610170839,2026-09-18 21:00:00,232.420,232.550,233.430,0.000,0.020,0.010,0.006,0.000,0.004,0.001,0.000,0.000,0.000,0.000,0.960,50.040
2610170840,2026-09-18 21:00:00,236.770,236.280,236.490,0.430,0.250,0.620,0.303,0.099,0.058,0.144,-0.035,-0.011,-0.007,-0.016,0.994,50.040
2610322967,2026-09-18 21:00:00,233.710,232.630,232.530,0.000,0.000,0.010,0.001,0.000,0.000,0.001,0.000,0.000,0.000,0.000,1.000,50.030
2610322969,2026-09-18 21:00:00,227.860,226.960,227.010,0.040,0.100,0.020,0.034,0.007,0.022,0.003,-0.001,-0.001,0.000,0.000,1.000,50.030
2610322995,2026-09-18 21:00:00,232.480,232.500,233.400,0.000,0.030,0.030,0.011,0.000,0.005,0.006,-0.009,0.000,-0.004,-0.004,0.773,50.040
2610323004,2026-09-18 21:00:00,64.110,63.540,63.970,0.130,0.110,0.140,0.024,0.008,0.007,0.008,0.000,0.000,0.000,0.000,1.000,50.030
2610323005,2026-09-18 21:00:00,227.080,227.810,227.070,0.000,0.000,0.010,0.003,0.000,0.001,0.001,-0.001,0.000,0.000,-0.001,0.789,50.040
2610323010,2026-09-18 21:00:00,236.720,236.910,236.540,0.070,0.000,0.000,0.015,0.015,0.000,0.000,-0.007,-0.007,0.000,0.000,0.915,50.030
2610323017,2026-09-18 21:00:00,231.920,233.160,232.190,0.040,0.020,0.020,0.015,0.008,0.003,0.003,-0.010,-0.004,-0.003,-0.002,0.810,50.030
2610323019,2026-09-18 21:00:00,226.910,227.990,227.150,0.060,0.060,0.030,0.031,0.012,0.013,0.005,-0.010,-0.003,-0.004,-0.002,0.942,50.040
2610323024,2026-09-18 21:00:00,231.020,232.580,231.130,0.400,0.250,0.120,0.175,0.093,0.056,0.025,0.023,0.003,0.009,0.010,0.990,50.040
2610323027,2026-09-18 21:00:00,233.570,232.520,232.690,0.030,0.030,0.020,0.014,0.004,0.006,0.003,-0.011,-0.003,-0.004,-0.003,0.786,50.040
2410932742,2026-09-18 21:01:00,230.480,228.730,228.790,3.100,3.020,3.140,1.952,0.656,0.634,0.661,0.610,0.203,0.195,0.206,0.954,50.110
2510203109,2026-09-18 21:01:00,232.880,233.720,232.810,0.520,0.280,0.370,0.265,0.120,0.065,0.080,0.043,0.018,0.015,0.009,0.989,50.150
2510203113,2026-09-18 21:01:00,236.440,236.690,236.380,0.780,0.810,0.960,0.597,0.184,0.189,0.223,0.038,0.004,0.007,0.026,0.997,50.130
2510203118,2026-09-18 21:01:00,122.800,122.750,123.220,0.180,0.160,0.170,0.057,0.021,0.018,0.018,-0.021,-0.007,-0.005,-0.008,0.942,50.140
2510203130,2026-09-18 21:01:00,243.850,243.770,245.510,0.000,0.000,0.010,0.003,0.000,0.001,0.002,-0.001,0.000,0.000,0.000,0.894,50.150
2610322997,2026-09-18 21:01:00,230.640,231.230,230.190,1.080,1.190,0.850,0.577,0.213,0.211,0.153,0.287,0.050,0.138,0.098,0.901,50.150
2610323001,2026-09-18 21:01:00,229.450,228.310,227.990,2.530,2.200,2.590,1.458,0.500,0.434,0.523,0.765,0.260,0.250,0.254,0.887,50.110
2610323016,2026-09-18 21:01:00,230.390,229.170,229.130,2.200,2.060,2.030,1.259,0.444,0.404,0.410,0.581,0.195,0.192,0.194,0.909,50.150
2246006313,2026-09-18 21:30:00,57.400,57.300,57.200,0.991,1.000,0.976,0.172,0.058,0.059,0.057,0.025,0.008,0.008,0.008,0.989,50.080
2410121326,2026-09-18 21:30:00,233.290,232.420,232.610,0.240,0.210,0.200,0.147,0.055,0.046,0.045,0.039,0.012,0.013,0.013,0.969,50.080
2410121353,2026-09-18 21:30:00,234.390,233.560,233.650,0.000,0.010,0.050,0.013,0.000,0.002,0.010,0.000,0.000,-0.001,0.000,1.000,50.130
2410121371,2026-09-18 21:30:00,234.550,233.570,233.680,0.120,0.110,0.130,0.086,0.029,0.025,0.030,0.000,0.000,0.001,-0.001,0.994,50.070
2410121424,2026-09-18 21:30:00,234.080,233.260,233.370,0.010,0.010,0.010,0.004,0.000,0.001,0.002,-0.003,-0.001,-0.001,0.000,0.773,50.110
2410121440,2026-09-18 21:30:00,233.590,232.760,232.860,0.010,0.000,0.010,0.004,0.002,0.000,0.001,-0.002,-0.001,0.000,0.000,0.906,50.080
2410121454,2026-09-18 21:30:00,233.340,234.130,233.220,0.080,0.190,0.170,0.099,0.016,0.044,0.038,0.020,0.007,0.005,0.006,0.977,50.120
2410121457,2026-09-18 21:30:00,232.880,231.790,232.240,1.820,1.900,1.700,1.218,0.411,0.423,0.382,0.219,0.061,0.092,0.065,0.983,50.150
2410121574,2026-09-18 21:30:00,234.820,233.650,233.770,0.120,0.120,0.090,0.059,0.023,0.022,0.013,-0.044,-0.013,-0.016,-0.014,0.796,50.160
2410131378,2026-09-18 21:30:00,233.840,234.460,233.690,0.010,0.010,0.040,0.013,0.001,0.001,0.009,-0.004,-0.001,-0.001,-0.001,0.963,50.070
2410131383,2026-09-18 21:30:00,238.100,238.260,238.020,0.080,0.070,0.110,0.058,0.017,0.015,0.025,-0.005,-0.001,-0.002,-0.002,0.992,50.110
2410131384,2026-09-18 21:30:00,233.120,233.790,233.130,1.160,1.260,1.140,0.707,0.222,0.245,0.239,0.124,0.043,0.047,0.033,0.988,50.110
2410131387,2026-09-18 21:30:00,235.880,235.840,236.340,0.120,0.120,0.080,0.073,0.027,0.026,0.019,0.013,0.000,0.008,0.003,0.979,50.090
2410320615,2026-09-18 21:30:00,236.980,236.880,237.670,1.560,1.550,1.710,1.071,0.354,0.349,0.367,0.192,0.050,0.072,0.068,0.984,50.090
2410883988,2026-09-18 21:30:00,228.550,229.220,228.530,0.020,0.000,0.040,0.014,0.004,0.000,0.009,-0.001,0.000,0.000,-0.001,1.000,50.100
2410883990,2026-09-18 21:30:00,228.890,228.030,228.180,0.080,0.000,0.070,0.034,0.018,0.000,0.016,0.000,0.001,0.000,0.000,1.000,50.120
2410883991,2026-09-18 21:30:00,233.040,233.110,234.070,0.080,0.110,0.100,0.068,0.018,0.025,0.023,-0.003,-0.001,0.001,-0.002,1.000,50.100
2410883993,2026-09-18 21:30:00,233.590,232.670,232.490,1.220,1.440,1.720,1.014,0.282,0.332,0.399,-0.029,-0.015,-0.021,0.007,0.999,50.120
2410883994,2026-09-18 21:30:00,234.140,233.190,233.460,0.020,0.050,0.020,0.021,0.004,0.011,0.005,-0.004,-0.002,-0.001,-0.001,0.980,50.120
2410932742,2026-09-18 21:30:00,230.630,228.860,228.940,3.060,2.990,3.090,1.929,0.652,0.624,0.652,0.604,0.200,0.199,0.204,0.954,50.090
2411087432,2026-09-18 21:30:00,232.910,233.740,232.860,0.430,0.450,0.510,0.323,0.100,0.103,0.118,-0.003,0.001,-0.003,0.000,0.999,50.100
2411087433,2026-09-18 21:30:00,233.310,233.410,234.170,0.330,0.330,0.320,0.224,0.075,0.076,0.072,0.041,0.014,0.012,0.015,0.984,50.110
2411290205,2026-09-18 21:30:00,237.500,237.100,237.180,0.150,0.130,0.120,0.094,0.036,0.031,0.027,0.008,0.004,0.002,0.001,0.997,50.110
2510014481,2026-09-18 21:30:00,229.990,229.840,231.380,2.500,2.290,2.200,1.548,0.548,0.485,0.513,0.483,0.167,0.174,0.141,0.946,50.110
2510014482,2026-09-18 21:30:00,233.200,233.850,232.960,0.010,0.080,0.000,0.022,0.002,0.019,0.000,-0.005,-0.002,-0.002,0.000,0.985,50.100
2510014483,2026-09-18 21:30:00,233.150,233.210,233.970,0.050,0.040,0.060,0.025,0.009,0.005,0.009,-0.021,-0.006,-0.006,-0.008,0.776,50.120
2510014484,2026-09-18 21:30:00,236.730,236.390,236.690,1.360,1.530,1.200,0.877,0.283,0.343,0.250,0.356,0.126,0.114,0.115,0.926,50.120
2510178139,2026-09-18 21:30:00,233.340,234.090,233.140,0.380,0.370,0.340,0.238,0.080,0.079,0.078,0.062,0.020,0.022,0.019,0.969,50.120
2510178141,2026-09-18 21:30:00,233.370,233.400,234.100,0.020,0.010,0.010,0.005,0.002,0.000,0.002,-0.008,-0.004,-0.001,-0.002,0.522,50.120
2510203103,2026-09-18 21:30:00,227.390,225.760,225.790,0.090,0.100,0.120,0.076,0.020,0.026,0.028,-0.016,-0.005,-0.004,-0.004,0.970,50.110
2510203105,2026-09-18 21:30:00,233.550,231.850,232.100,0.030,0.110,0.020,0.036,0.005,0.024,0.005,0.008,0.000,0.006,0.001,0.984,50.100
2510203106,2026-09-18 21:30:00,237.730,237.300,237.490,0.030,0.010,0.000,0.009,0.005,0.003,0.000,-0.004,-0.003,0.000,0.000,0.882,50.120
2510203108,2026-09-18 21:30:00,233.250,233.700,232.890,0.520,1.350,1.500,0.792,0.123,0.315,0.357,0.043,0.013,0.011,0.018,0.999,50.080
2510203109,2026-09-18 21:30:00,233.240,233.990,233.080,0.140,0.250,0.300,0.160,0.032,0.060,0.068,0.005,0.009,-0.003,0.000,0.997,50.110
2510203111,2026-09-18 21:30:00,233.210,233.370,234.180,0.020,0.020,0.000,0.008,0.004,0.003,0.000,-0.002,-0.001,0.000,0.000,0.952,50.110
2510203113,2026-09-18 21:30:00,237.110,237.280,237.010,0.460,0.500,0.620,0.369,0.113,0.117,0.137,0.031,0.005,0.006,0.020,0.994,50.100
2510203114,2026-09-18 21:30:00,227.290,227.430,228.080,0.320,0.210,0.230,0.192,0.090,0.048,0.053,0.019,0.006,0.003,0.010,0.994,50.110
2510203117,2026-09-18 21:30:00,228.650,227.900,227.800,0.330,0.320,0.270,0.199,0.073,0.069,0.055,-0.041,-0.011,-0.018,-0.011,0.977,50.070
2510203118,2026-09-18 21:30:00,123.000,122.960,123.420,0.160,0.140,0.140,0.050,0.018,0.016,0.015,-0.026,-0.009,-0.007,-0.010,0.872,50.110
2510203119,2026-09-18 21:30:00,228.900,228.150,228.100,0.000,0.000,0.000,0.000,0.000,0.000,0.000,0.000,0.000,0.000,0.000,1.000,50.090
2510203120,2026-09-18 21:30:00,233.470,232.640,232.830,0.890,0.680,0.620,0.467,0.186,0.146,0.134,0.174,0.070,0.056,0.047,0.936,50.070
2510203121,2026-09-18 21:30:00,227.940,228.050,228.740,0.440,0.280,0.420,0.259,0.099,0.064,0.096,-0.007,0.001,-0.003,-0.005,0.998,50.120
2510203122,2026-09-18 21:30:00,233.110,233.950,233.050,0.150,0.110,0.170,0.094,0.032,0.025,0.036,0.020,0.009,-0.003,0.014,0.981,50.090
2510203123,2026-09-18 21:30:00,233.260,233.370,234.200,0.010,0.010,0.000,0.005,0.002,0.002,0.000,-0.003,-0.001,-0.001,0.000,0.927,50.120
2510203124,2026-09-18 21:30:00,233.600,234.030,233.110,0.130,0.130,0.150,0.082,0.025,0.025,0.031,0.047,0.015,0.016,0.015,0.869,50.110
2510203127,2026-09-18 21:30:00,233.400,234.140,233.280,0.440,0.630,0.410,0.285,0.083,0.123,0.077,0.194,0.060,0.077,0.056,0.827,50.090
2510203128,2026-09-18 21:30:00,232.690,233.050,231.550,2.190,2.160,2.280,1.489,0.494,0.485,0.509,0.185,0.039,0.061,0.085,0.992,50.100
2510203129,2026-09-18 21:30:00,237.870,237.490,237.730,0.010,0.030,0.000,0.008,0.002,0.006,0.000,-0.003,-0.002,-0.001,0.000,0.978,50.090
2510203130,2026-09-18 21:30:00,244.200,244.050,245.770,0.000,0.000,0.010,0.003,0.000,0.001,0.002,-0.001,0.000,0.000,0.000,0.866,50.110
2510203133,2026-09-18 21:30:00,232.880,233.640,232.990,0.030,0.020,0.000,0.011,0.006,0.004,0.000,-0.002,0.000,-0.002,0.000,1.000,50.130
2510203134,2026-09-18 21:30:00,234.210,233.260,233.280,0.020,0.010,0.010,0.007,0.004,0.001,0.001,-0.001,0.000,-0.001,0.000,0.953,50.080
2510224049,2026-09-18 21:30:00,227.910,228.760,228.030,21.030,17.920,12.560,10.680,4.110,3.850,2.720,-2.230,-0.760,-0.880,-0.580,0.978,50.120
2510224167,2026-09-18 21:30:00,228.180,228.060,228.880,10.490,11.810,11.980,7.420,2.280,2.550,2.590,-2.220,-0.650,-0.770,-0.790,0.957,50.110
2510317505,2026-09-18 21:30:00,228.100,228.170,228.900,25.060,9.650,9.550,9.650,5.580,2.110,1.950,-2.060,-0.670,-0.570,-0.800,0.977,50.120
2510317516,2026-09-18 21:30:00,228.350,228.260,229.070,0.000,0.000,0.000,0.000,0.000,0.000,0.000,0.000,0.000,0.000,0.000,1.000,50.080
2510317537,2026-09-18 21:30:00,232.860,232.460,233.710,3.260,3.250,2.750,1.990,0.670,0.670,0.640,-0.220,-0.050,-0.060,-0.100,0.992,50.110
2510389559,2026-09-18 21:30:00,238.180,237.800,237.980,0.000,0.000,0.000,0.000,0.000,0.000,0.000,0.000,0.000,0.000,0.000,1.000,50.100
2510389643,2026-09-18 21:30:00,238.230,237.790,237.750,16.710,21.940,20.990,13.510,3.470,5.120,4.910,-1.340,-0.140,-0.650,-0.550,0.995,50.120
2510389931,2026-09-18 21:30:00,237.400,236.880,237.070,16.820,9.920,24.420,12.030,3.960,2.320,5.740,-1.390,-0.430,-0.310,-0.650,0.993,50.120
2510633381,2026-09-18 21:30:00,234.100,233.210,233.320,0.050,0.070,0.020,0.028,0.010,0.015,0.003,-0.014,-0.005,-0.006,-0.002,0.897,50.090
2510633383,2026-09-18 21:30:00,233.500,233.510,234.350,0.110,0.080,0.090,0.017,0.006,0.002,0.008,-0.061,-0.024,-0.019,-0.018,0.269,50.090
2510633385,2026-09-18 21:30:00,238.620,238.250,238.280,0.310,0.450,0.630,0.326,0.073,0.106,0.146,-0.036,-0.007,-0.015,-0.013,0.993,50.150
2510633387,2026-09-18 21:30:00,233.640,234.430,233.540,0.010,0.000,0.000,0.002,0.002,0.000,0.000,0.000,0.000,0.000,0.000,1.000,50.150
2510633389,2026-09-18 21:30:00,238.070,238.270,237.860,0.550,0.560,0.530,0.245,0.081,0.085,0.078,-0.054,-0.019,-0.018,-0.016,0.988,50.140
2510633390,2026-09-18 21:30:00,233.290,234.280,233.250,0.270,0.180,0.290,0.148,0.051,0.041,0.055,0.002,-0.005,0.004,0.003,0.999,50.130
2510633391,2026-09-18 21:30:00,122.830,122.510,122.570,0.000,0.000,0.000,0.000,0.000,0.000,0.000,0.000,0.000,0.000,0.000,1.000,50.100
2510633393,2026-09-18 21:30:00,235.810,236.050,236.200,1.750,1.750,1.770,1.123,0.370,0.376,0.376,0.301,0.105,0.089,0.106,0.966,50.080
2510633395,2026-09-18 21:30:00,233.340,234.080,233.250,0.000,0.000,0.000,0.000,0.000,0.000,0.000,0.000,0.000,0.000,0.000,1.000,50.110
2510633396,2026-09-18 21:30:00,233.930,233.030,233.510,0.260,0.300,0.250,0.161,0.049,0.061,0.050,0.096,0.033,0.031,0.031,0.860,50.100
2510633397,2026-09-18 21:30:00,240.480,239.400,239.600,0.030,0.040,0.030,0.024,0.007,0.010,0.006,-0.004,-0.002,-0.001,0.000,0.989,50.120
2510633399,2026-09-18 21:30:00,227.790,227.680,228.570,0.520,0.590,0.590,0.385,0.117,0.132,0.135,0.010,0.005,0.003,0.002,1.000,50.090
2510633400,2026-09-18 21:30:00,227.490,228.170,227.340,0.510,0.540,0.510,0.316,0.102,0.109,0.105,0.089,0.025,0.031,0.032,0.970,50.110
2510633402,2026-09-18 21:30:00,231.440,231.290,233.010,0.400,0.370,0.400,0.288,0.091,0.092,0.103,0.060,0.021,0.017,0.020,0.974,50.110
2510633406,2026-09-18 21:30:00,228.070,228.000,228.880,0.170,0.200,0.200,0.124,0.038,0.043,0.043,-0.038,-0.011,-0.013,-0.013,0.952,50.120
2510633411,2026-09-18 21:30:00,225.710,224.740,224.630,2.100,2.010,2.070,1.318,0.455,0.430,0.440,0.524,0.169,0.170,0.185,0.928,50.100
2510814977,2026-09-18 21:30:00,231.670,233.080,231.710,0.010,0.010,0.010,0.004,0.002,0.000,0.001,-0.002,0.000,-0.001,-0.001,0.964,50.120
2610026950,2026-09-18 21:30:00,228.950,228.000,228.110,0.010,0.010,0.010,0.005,0.002,0.001,0.002,-0.001,0.000,0.000,0.000,0.984,50.120
2610026952,2026-09-18 21:30:00,231.500,230.550,230.660,2.010,1.950,1.990,1.052,0.354,0.343,0.355,0.650,0.224,0.217,0.209,0.850,50.110
2610026953,2026-09-18 21:30:00,237.210,236.680,236.960,0.510,0.520,0.490,0.340,0.108,0.121,0.107,0.153,0.053,0.050,0.049,0.905,50.120
2610026963,2026-09-18 21:30:00,233.620,233.520,234.470,0.210,0.130,0.120,0.093,0.044,0.026,0.022,-0.046,-0.018,-0.013,-0.014,0.894,50.100
2610026966,2026-09-18 21:30:00,234.060,235.070,234.420,0.050,0.040,0.060,0.030,0.010,0.007,0.011,0.017,0.004,0.004,0.007,0.859,50.110
2610026976,2026-09-18 21:30:00,233.320,233.040,234.260,0.280,1.060,0.360,0.385,0.065,0.235,0.084,-0.020,-0.011,0.000,-0.005,0.998,50.100
2610026977,2026-09-18 21:30:00,245.370,246.180,245.380,0.220,0.570,0.830,0.395,0.050,0.140,0.204,0.024,0.019,0.003,0.001,0.997,50.090
2610126270,2026-09-18 21:30:00,228.120,228.770,228.100,0.030,0.050,0.020,0.020,0.006,0.010,0.002,-0.005,-0.002,-0.001,-0.001,0.959,50.120
2610126451,2026-09-18 21:30:00,233.690,234.320,233.500,0.000,0.010,0.100,0.026,0.000,0.001,0.023,0.001,0.000,0.000,0.001,1.000,50.110
2610159557,2026-09-18 21:30:00,234.080,233.150,233.280,0.020,0.010,0.010,0.006,0.003,0.001,0.001,-0.005,-0.002,0.000,-0.001,0.845,50.120
2610170785,2026-09-18 21:30:00,233.920,233.010,233.210,0.000,0.010,0.000,0.003,0.000,0.002,0.000,0.000,0.000,0.000,0.000,1.000,50.120
2610170786,2026-09-18 21:30:00,232.980,233.030,233.730,0.960,0.960,1.010,0.641,0.198,0.204,0.238,0.178,0.072,0.048,0.057,0.967,50.110
2610170836,2026-09-18 21:30:00,233.220,233.460,234.210,0.000,0.010,0.000,0.001,0.000,0.001,0.000,0.000,0.000,0.000,0.000,1.000,50.120
2610170837,2026-09-18 21:30:00,233.040,231.420,231.440,0.000,0.000,0.040,0.009,0.000,0.000,0.008,0.000,0.000,0.000,0.000,0.957,50.120
2610170838,2026-09-18 21:30:00,234.010,232.970,233.240,0.000,0.040,0.060,0.024,0.000,0.009,0.014,0.000,0.000,0.000,-0.001,0.988,50.110
2610170839,2026-09-18 21:30:00,233.020,233.170,234.020,0.000,0.030,0.010,0.008,0.000,0.006,0.001,0.000,0.000,0.000,0.000,1.000,50.120
2610170840,2026-09-18 21:30:00,237.430,236.910,237.080,0.420,0.250,0.610,0.302,0.099,0.058,0.144,-0.035,-0.011,-0.007,-0.016,0.992,50.120
2610322967,2026-09-18 21:30:00,234.420,233.400,233.340,0.000,0.000,0.000,0.001,0.000,0.000,0.001,0.000,0.000,0.000,0.000,1.000,50.120
2610322969,2026-09-18 21:30:00,228.940,228.080,228.130,0.040,0.060,0.010,0.023,0.007,0.013,0.002,-0.002,-0.001,0.000,0.000,0.991,50.110
2610322995,2026-09-18 21:30:00,233.220,233.270,234.110,0.000,0.030,0.030,0.011,0.000,0.005,0.006,-0.009,0.000,-0.004,-0.004,0.769,50.120
2610322997,2026-09-18 21:30:00,230.640,231.020,230.120,1.270,1.470,1.080,0.758,0.272,0.282,0.203,0.325,0.052,0.156,0.116,0.919,50.120
2610323001,2026-09-18 21:30:00,229.680,228.420,228.170,2.540,2.420,2.620,1.537,0.516,0.489,0.539,0.788,0.264,0.259,0.264,0.890,50.120
2610323004,2026-09-18 21:30:00,64.290,63.710,64.150,0.120,0.110,0.130,0.022,0.007,0.006,0.007,-0.001,0.000,0.000,0.000,1.000,50.120
2610323005,2026-09-18 21:30:00,228.090,228.840,228.090,0.000,0.010,0.010,0.003,0.000,0.001,0.001,-0.001,0.000,0.000,-0.001,0.789,50.110
2610323010,2026-09-18 21:30:00,237.460,237.640,237.200,0.060,0.000,0.000,0.012,0.012,0.000,0.000,-0.007,-0.007,0.000,0.000,0.835,50.120
2610323016,2026-09-18 21:30:00,230.210,229.060,228.940,2.310,2.110,2.130,1.314,0.471,0.419,0.423,0.593,0.198,0.196,0.198,0.909,50.110
2610323017,2026-09-18 21:30:00,232.660,233.830,232.940,0.040,0.020,0.020,0.015,0.008,0.003,0.003,-0.010,-0.005,-0.003,-0.002,0.807,50.120
2610323019,2026-09-18 21:30:00,228.160,229.060,228.280,0.020,0.060,0.030,0.023,0.004,0.013,0.005,-0.008,-0.001,-0.004,-0.002,0.935,50.120
2610323024,2026-09-18 21:30:00,231.560,233.050,231.640,0.380,0.390,0.120,0.203,0.087,0.091,0.025,0.027,0.004,0.011,0.010,0.990,50.120
2610323027,2026-09-18 21:30:00,234.280,233.220,233.450,0.020,0.030,0.020,0.014,0.004,0.006,0.003,-0.011,-0.003,-0.004,-0.003,0.786,50.120
2510203104,2026-09-18 21:31:00,227.430,227.360,228.160,0.460,0.350,0.360,0.305,0.127,0.095,0.081,0.045,0.005,0.018,0.022,0.986,50.100
2510633386,2026-09-18 21:31:00,222.730,222.730,223.600,1.110,1.110,1.100,0.129,0.045,0.043,0.040,-0.680,-0.225,-0.226,-0.227,0.186,50.070
2510203126,2026-09-18 21:32:00,228.410,228.370,229.260,0.040,0.020,0.000,0.014,0.009,0.004,0.000,-0.001,-0.001,0.000,0.000,1.000,50.070
2246006313,2026-09-18 22:00:00,57.600,57.600,57.400,0.992,1.003,0.977,0.171,0.056,0.057,0.055,0.025,0.008,0.008,0.008,0.989,50.070
2410121326,2026-09-18 22:00:00,234.490,233.630,233.750,0.220,0.170,0.200,0.132,0.049,0.039,0.043,0.037,0.011,0.010,0.016,0.962,50.100
2410121353,2026-09-18 22:00:00,234.500,233.580,233.730,0.000,0.010,0.040,0.012,0.000,0.002,0.009,-0.001,0.000,-0.001,0.000,1.000,49.970
2410121371,2026-09-18 22:00:00,234.540,233.480,233.660,0.090,0.110,0.130,0.077,0.021,0.025,0.031,0.000,0.000,0.001,-0.001,1.000,50.010
2410121424,2026-09-18 22:00:00,234.320,233.470,233.610,0.010,0.010,0.010,0.004,0.000,0.001,0.002,-0.003,-0.001,-0.001,0.000,0.775,49.950
2410121440,2026-09-18 22:00:00,234.160,233.340,233.450,0.010,0.000,0.010,0.004,0.002,0.000,0.001,-0.002,-0.001,0.000,0.000,0.911,50.020
2410121454,2026-09-18 22:00:00,233.650,234.490,233.540,0.080,0.180,0.170,0.096,0.016,0.042,0.038,0.020,0.007,0.006,0.007,0.976,49.960
2410121457,2026-09-18 22:00:00,233.580,232.500,233.010,1.780,1.790,1.640,1.186,0.407,0.406,0.373,0.042,0.017,0.031,-0.005,0.999,50.090
2410121574,2026-09-18 22:00:00,234.720,233.570,233.680,0.100,0.140,0.090,0.061,0.019,0.027,0.015,-0.044,-0.014,-0.016,-0.014,0.815,49.980
2410131378,2026-09-18 22:00:00,233.820,234.580,233.780,0.010,0.010,0.040,0.013,0.001,0.001,0.009,-0.004,-0.001,-0.001,-0.001,0.968,50.000
2410131383,2026-09-18 22:00:00,238.000,238.120,237.880,0.090,0.070,0.090,0.059,0.021,0.016,0.021,-0.005,0.000,-0.002,-0.002,0.992,50.090
2410131384,2026-09-18 22:00:00,233.610,234.220,233.600,0.980,1.250,1.030,0.729,0.232,0.269,0.227,0.134,0.056,0.066,0.035,0.985,50.130
2410131387,2026-09-18 22:00:00,235.740,235.720,236.130,0.070,0.070,0.070,0.060,0.023,0.023,0.015,0.012,0.000,0.008,0.003,0.971,49.970
2410883988,2026-09-18 22:00:00,229.820,230.540,229.840,0.020,0.000,0.040,0.014,0.004,0.000,0.009,-0.001,0.000,0.000,-0.001,1.000,50.120
2410883990,2026-09-18 22:00:00,230.040,229.310,229.350,0.080,0.000,0.070,0.034,0.017,0.000,0.016,0.000,0.001,0.000,0.000,0.985,50.100
2410883991,2026-09-18 22:00:00,233.420,233.530,234.390,0.070,0.100,0.100,0.064,0.016,0.023,0.024,-0.003,-0.001,0.001,-0.002,0.998,50.070
2410883993,2026-09-18 22:00:00,234.000,233.080,233.160,1.190,1.360,1.400,0.918,0.275,0.315,0.327,-0.040,-0.015,-0.021,-0.003,0.999,50.060
2410883994,2026-09-18 22:00:00,234.780,233.840,234.140,0.020,0.050,0.060,0.029,0.004,0.011,0.012,-0.004,-0.002,-0.001,-0.001,0.977,50.070
2410932742,2026-09-18 22:00:00,231.340,229.670,229.570,3.090,3.020,3.110,1.952,0.660,0.635,0.656,0.614,0.203,0.202,0.207,0.953,50.070
2411087432,2026-09-18 22:00:00,234.290,235.160,234.320,0.430,0.440,0.500,0.320,0.101,0.102,0.116,-0.006,0.001,-0.004,-0.004,0.999,50.120
2411087433,2026-09-18 22:00:00,233.680,233.810,234.530,0.340,0.330,0.350,0.234,0.079,0.078,0.076,0.043,0.014,0.012,0.015,0.978,50.060
2411290205,2026-09-18 22:00:00,237.230,236.850,236.980,0.170,0.090,0.140,0.090,0.036,0.021,0.032,0.008,0.005,0.001,0.001,0.999,50.070
2510014481,2026-09-18 22:00:00,230.240,230.100,231.680,2.430,2.370,2.470,1.464,0.480,0.487,0.496,0.532,0.171,0.190,0.170,0.947,50.060
2510014482,2026-09-18 22:00:00,234.550,235.200,234.340,0.010,0.080,0.000,0.020,0.002,0.017,0.000,-0.009,-0.002,-0.006,0.000,0.906,50.130
2510014483,2026-09-18 22:00:00,233.660,233.810,234.550,0.050,0.040,0.060,0.026,0.010,0.006,0.010,-0.020,-0.006,-0.006,-0.008,0.786,50.080
2510014484,2026-09-18 22:00:00,236.810,236.440,236.770,1.500,1.840,1.470,1.063,0.329,0.411,0.326,0.396,0.139,0.128,0.129,0.936,50.120
2510178141,2026-09-18 22:00:00,234.410,234.430,235.160,0.020,0.010,0.010,0.005,0.002,0.000,0.002,-0.008,-0.004,-0.001,-0.002,0.534,50.120
2510203103,2026-09-18 22:00:00,228.160,226.600,226.470,0.090,0.130,0.120,0.084,0.029,0.030,0.024,-0.015,-0.005,-0.005,-0.005,0.981,50.130
2510203104,2026-09-18 22:00:00,227.820,227.870,228.530,0.350,0.220,0.270,0.183,0.078,0.047,0.057,0.051,0.006,0.018,0.025,0.964,50.110
2510203105,2026-09-18 22:00:00,234.170,232.520,232.700,0.020,0.120,0.020,0.036,0.005,0.026,0.005,0.008,0.000,0.006,0.001,0.965,50.070
2510203106,2026-09-18 22:00:00,237.760,237.310,237.520,0.030,0.010,0.000,0.009,0.006,0.003,0.000,-0.004,-0.003,0.000,0.000,0.898,50.120
2510203108,2026-09-18 22:00:00,234.220,234.720,233.710,0.530,1.250,1.620,0.810,0.136,0.298,0.375,0.030,0.011,0.008,0.014,0.999,50.100
2510203109,2026-09-18 22:00:00,233.990,234.680,233.720,0.020,0.070,0.070,0.039,0.004,0.017,0.016,0.003,0.002,0.000,0.001,1.000,50.070
2510203111,2026-09-18 22:00:00,234.390,234.580,235.330,0.020,0.020,0.000,0.008,0.004,0.003,0.000,-0.002,-0.001,0.000,0.000,0.983,50.130
2510203113,2026-09-18 22:00:00,237.800,237.960,237.680,0.510,0.500,0.680,0.376,0.104,0.118,0.154,0.036,0.007,0.007,0.022,0.995,50.130
2510203114,2026-09-18 22:00:00,227.990,228.170,228.760,0.130,0.070,0.110,0.102,0.047,0.031,0.023,0.022,0.005,0.003,0.012,0.951,50.070
2510203117,2026-09-18 22:00:00,229.870,229.080,229.080,0.250,0.250,0.180,0.149,0.055,0.054,0.039,-0.039,-0.010,-0.018,-0.010,0.968,50.090
2510203118,2026-09-18 22:00:00,123.170,123.160,123.590,0.170,0.150,0.160,0.054,0.019,0.017,0.017,-0.020,-0.007,-0.004,-0.008,0.941,50.060
2510203119,2026-09-18 22:00:00,230.190,229.400,229.410,0.000,0.000,0.000,0.000,0.000,0.000,0.000,0.000,0.000,0.000,0.000,1.000,50.120
2510203120,2026-09-18 22:00:00,233.990,233.100,233.350,0.880,0.660,0.610,0.468,0.192,0.143,0.132,0.163,0.066,0.051,0.045,0.943,50.090
2510203121,2026-09-18 22:00:00,229.260,229.350,229.980,0.390,0.220,0.370,0.224,0.088,0.050,0.086,-0.004,0.002,-0.002,-0.004,0.999,50.060
2510203122,2026-09-18 22:00:00,234.060,234.900,234.010,0.090,0.020,0.010,0.021,0.015,0.005,0.000,0.014,0.014,0.001,-0.001,0.829,50.120
2510203123,2026-09-18 22:00:00,234.150,234.260,235.070,0.010,0.010,0.000,0.005,0.002,0.002,0.000,-0.003,-0.001,-0.001,0.000,0.803,50.110
2510203124,2026-09-18 22:00:00,234.400,234.810,233.980,0.130,0.130,0.150,0.081,0.025,0.025,0.030,0.047,0.015,0.016,0.015,0.860,50.090
2510203126,2026-09-18 22:00:00,229.620,229.560,230.240,0.040,0.020,0.000,0.014,0.009,0.004,0.000,-0.002,-0.001,0.000,0.000,1.000,50.090
2510203127,2026-09-18 22:00:00,233.900,234.700,233.880,0.440,0.600,0.410,0.279,0.081,0.120,0.076,0.188,0.061,0.069,0.057,0.828,50.100
2510203128,2026-09-18 22:00:00,233.100,233.390,231.820,2.280,2.240,2.420,1.569,0.517,0.506,0.544,0.208,0.043,0.069,0.093,0.991,50.130
2510203129,2026-09-18 22:00:00,238.060,237.640,237.900,0.010,0.030,0.000,0.008,0.002,0.006,0.000,-0.003,-0.002,-0.001,0.000,0.895,50.100
2510203130,2026-09-18 22:00:00,244.830,244.680,246.350,0.000,0.000,0.010,0.002,0.000,0.001,0.001,0.000,0.000,0.000,0.000,0.924,50.080
2510203133,2026-09-18 22:00:00,232.860,233.600,232.830,0.020,0.020,0.000,0.009,0.004,0.004,0.000,-0.002,0.000,-0.002,0.000,0.975,50.040
2510203134,2026-09-18 22:00:00,234.760,233.800,233.870,0.020,0.010,0.010,0.007,0.004,0.002,0.001,-0.001,0.000,-0.001,0.000,0.959,50.080
2510224049,2026-09-18 22:00:00,229.150,229.940,229.320,16.400,12.330,7.730,6.880,2.850,2.470,1.550,-2.060,-0.680,-0.830,-0.540,0.957,50.090
2510224167,2026-09-18 22:00:00,229.310,229.280,230.060,5.830,4.500,4.790,2.660,1.170,0.720,0.760,-1.900,-0.550,-0.650,-0.680,0.814,50.130
2510317505,2026-09-18 22:00:00,229.160,229.310,229.890,19.530,3.660,5.150,5.620,4.280,0.580,0.750,-1.890,-0.630,-0.540,-0.710,0.947,50.110
2510317516,2026-09-18 22:00:00,229.630,229.630,230.320,0.000,0.000,0.000,0.000,0.000,0.000,0.000,0.000,0.000,0.000,0.000,1.000,50.140
2510317537,2026-09-18 22:00:00,233.510,233.400,234.330,2.890,2.990,2.860,2.060,0.680,0.700,0.670,-0.220,-0.050,-0.060,-0.100,0.993,50.120
2510389559,2026-09-18 22:00:00,238.520,238.230,238.370,0.000,0.000,0.000,0.000,0.000,0.000,0.000,0.000,0.000,0.000,0.000,1.000,50.130
2510389643,2026-09-18 22:00:00,238.300,237.930,238.000,16.720,21.910,20.950,13.500,3.470,5.110,4.910,-1.340,-0.130,-0.650,-0.550,0.995,50.120
2510633381,2026-09-18 22:00:00,234.590,233.690,233.860,0.050,0.080,0.010,0.029,0.010,0.016,0.002,-0.011,-0.004,-0.005,-0.001,0.921,50.100
2510633383,2026-09-18 22:00:00,233.960,233.980,234.750,0.110,0.080,0.090,0.017,0.005,0.002,0.009,-0.062,-0.024,-0.019,-0.018,0.273,50.090
2510633385,2026-09-18 22:00:00,238.120,237.810,237.990,0.380,0.450,0.480,0.305,0.089,0.106,0.109,-0.034,-0.004,-0.015,-0.013,0.994,50.080
2510633386,2026-09-18 22:00:00,222.680,222.720,223.560,1.090,1.090,1.080,0.135,0.046,0.045,0.043,-0.678,-0.224,-0.226,-0.226,0.202,50.060
2510633387,2026-09-18 22:00:00,233.450,234.240,233.460,0.010,0.000,0.000,0.002,0.002,0.000,0.000,0.000,0.000,0.000,0.000,1.000,50.080
2510633389,2026-09-18 22:00:00,237.610,237.740,237.320,0.760,0.780,0.760,0.544,0.179,0.185,0.179,-0.028,-0.011,-0.009,-0.007,0.998,50.090
2510633390,2026-09-18 22:00:00,233.380,234.280,233.230,0.220,0.170,0.370,0.154,0.040,0.039,0.074,0.003,-0.005,0.002,0.005,1.000,50.090
2510633391,2026-09-18 22:00:00,123.050,122.590,122.650,0.000,0.000,0.000,0.000,0.000,0.000,0.000,0.000,0.000,0.000,0.000,1.000,49.980
2510633393,2026-09-18 22:00:00,235.870,236.100,236.200,1.680,1.640,1.650,1.092,0.366,0.361,0.363,0.288,0.100,0.084,0.102,0.967,50.020
2510633395,2026-09-18 22:00:00,234.130,234.940,234.120,0.000,0.000,0.000,0.000,0.000,0.000,0.000,0.000,0.000,0.000,0.000,1.000,50.080
2510633396,2026-09-18 22:00:00,234.750,233.760,234.180,0.260,0.290,0.250,0.159,0.049,0.059,0.049,0.096,0.033,0.032,0.031,0.853,50.090
2510633397,2026-09-18 22:00:00,240.470,239.420,239.640,0.030,0.040,0.030,0.024,0.007,0.010,0.006,-0.004,-0.002,-0.001,0.000,0.986,50.100
2510633399,2026-09-18 22:00:00,229.030,228.960,229.740,0.440,0.550,0.540,0.350,0.100,0.125,0.124,0.007,0.004,0.002,0.000,0.998,50.100
2510633400,2026-09-18 22:00:00,228.690,229.360,228.590,0.280,0.300,0.300,0.206,0.064,0.080,0.061,0.073,0.022,0.026,0.025,0.925,50.100
2510633402,2026-09-18 22:00:00,231.230,231.020,232.620,0.630,0.650,0.670,0.408,0.138,0.140,0.146,0.179,0.057,0.058,0.062,0.911,50.040
2510633406,2026-09-18 22:00:00,229.360,229.190,230.020,0.100,0.080,0.080,0.045,0.019,0.012,0.012,-0.032,-0.009,-0.011,-0.011,0.805,50.060
2510633411,2026-09-18 22:00:00,226.850,226.140,225.980,1.880,1.790,1.860,1.116,0.385,0.359,0.370,0.498,0.161,0.161,0.175,0.913,50.100
2510814977,2026-09-18 22:00:00,232.280,233.710,232.280,0.010,0.010,0.010,0.004,0.002,0.000,0.001,-0.002,0.000,-0.001,-0.001,0.984,50.060
2610026950,2026-09-18 22:00:00,230.030,229.240,229.220,0.010,0.010,0.010,0.005,0.002,0.001,0.002,-0.001,0.000,0.000,0.000,0.987,50.060
2610026953,2026-09-18 22:00:00,237.360,236.780,236.970,0.460,0.520,0.450,0.323,0.100,0.115,0.107,0.162,0.056,0.053,0.053,0.876,50.060
2610026963,2026-09-18 22:00:00,234.490,234.340,235.210,0.180,0.120,0.100,0.081,0.038,0.024,0.018,-0.047,-0.019,-0.013,-0.014,0.862,50.090
2610026966,2026-09-18 22:00:00,230.470,231.550,230.780,0.040,0.040,0.060,0.028,0.008,0.009,0.010,0.014,0.003,0.004,0.006,0.883,50.080
2610026976,2026-09-18 22:00:00,234.160,233.830,235.020,0.290,1.050,0.280,0.364,0.065,0.234,0.064,-0.018,-0.011,0.000,-0.005,0.997,50.100
2610026977,2026-09-18 22:00:00,241.640,242.520,241.580,0.080,0.460,0.750,0.308,0.018,0.110,0.179,-0.048,-0.004,-0.020,-0.023,0.989,50.090
2610126270,2026-09-18 22:00:00,229.320,229.960,229.380,0.030,0.060,0.020,0.023,0.006,0.013,0.002,-0.006,-0.002,-0.002,-0.001,0.963,50.090
2610126451,2026-09-18 22:00:00,234.130,234.810,233.970,0.000,0.010,0.070,0.018,0.000,0.001,0.016,0.001,0.000,0.000,0.002,0.982,50.060
2610159557,2026-09-18 22:00:00,234.480,233.570,233.730,0.020,0.010,0.010,0.006,0.003,0.001,0.001,-0.005,-0.002,0.000,-0.001,0.762,50.060
2610170785,2026-09-18 22:00:00,234.510,233.550,233.840,0.000,0.010,0.000,0.003,0.000,0.002,0.000,0.000,0.000,0.000,0.000,1.000,50.070
2610170786,2026-09-18 22:00:00,233.800,233.890,234.570,0.680,0.720,0.790,0.486,0.152,0.155,0.223,0.099,0.033,0.030,0.035,0.981,50.120
2610170836,2026-09-18 22:00:00,234.040,234.290,235.060,0.000,0.010,0.000,0.001,0.000,0.001,0.000,0.000,0.000,0.000,0.000,1.000,50.080
2610170837,2026-09-18 22:00:00,233.640,232.080,232.000,0.000,0.000,0.020,0.005,0.000,0.000,0.004,0.000,0.000,0.000,0.000,1.000,50.080
2610170838,2026-09-18 22:00:00,234.770,233.690,233.960,0.000,0.040,0.060,0.023,0.000,0.009,0.013,0.000,0.000,0.000,-0.001,0.993,50.130
2610170839,2026-09-18 22:00:00,233.540,233.730,234.530,0.000,0.030,0.010,0.008,0.000,0.006,0.001,0.000,0.000,0.000,0.000,1.000,50.090
2610170840,2026-09-18 22:00:00,237.620,237.100,237.380,0.420,0.250,0.610,0.302,0.099,0.058,0.144,-0.036,-0.011,-0.007,-0.016,0.994,50.090
2610322967,2026-09-18 22:00:00,234.970,233.870,233.850,0.000,0.000,0.000,0.001,0.000,0.000,0.001,0.000,0.000,0.000,0.000,1.000,50.070
2610322969,2026-09-18 22:00:00,230.080,229.280,229.300,0.070,0.130,0.010,0.046,0.015,0.028,0.002,-0.002,0.000,0.000,0.000,0.991,50.060
2610322995,2026-09-18 22:00:00,233.710,233.850,234.630,0.000,0.030,0.030,0.011,0.000,0.005,0.006,-0.009,0.000,-0.004,-0.004,0.768,50.070
2610322997,2026-09-18 22:00:00,231.040,231.470,230.650,1.330,1.530,1.130,0.788,0.284,0.289,0.201,0.344,0.065,0.164,0.115,0.922,50.080
2610323001,2026-09-18 22:00:00,230.750,229.420,229.080,2.180,1.990,2.320,1.301,0.436,0.389,0.474,0.694,0.231,0.230,0.232,0.883,50.080
2610323004,2026-09-18 22:00:00,64.470,63.900,64.330,0.120,0.110,0.130,0.022,0.007,0.006,0.008,-0.001,0.000,0.000,0.000,0.987,50.060
2610323005,2026-09-18 22:00:00,229.320,229.980,229.310,0.000,0.010,0.010,0.003,0.000,0.001,0.001,-0.001,0.000,0.000,-0.001,0.791,50.080
2610323010,2026-09-18 22:00:00,237.630,237.790,237.440,0.050,0.000,0.000,0.010,0.010,0.000,0.000,-0.007,-0.007,0.000,0.000,0.791,50.080
2610323016,2026-09-18 22:00:00,231.120,229.960,229.810,1.930,1.780,1.780,1.086,0.390,0.346,0.349,0.610,0.204,0.204,0.200,0.872,50.100
2610323017,2026-09-18 22:00:00,233.480,234.450,233.480,0.040,0.020,0.020,0.015,0.008,0.003,0.003,-0.010,-0.004,-0.003,-0.002,0.807,50.120
2610323019,2026-09-18 22:00:00,229.230,230.050,229.420,0.020,0.060,0.030,0.023,0.004,0.013,0.006,-0.008,-0.001,-0.004,-0.002,0.942,50.110
2610323024,2026-09-18 22:00:00,232.130,233.710,232.260,0.260,0.230,0.080,0.133,0.061,0.052,0.019,0.002,-0.001,0.001,0.001,1.000,50.080
2610323027,2026-09-18 22:00:00,234.880,233.770,234.050,0.020,0.030,0.020,0.014,0.004,0.006,0.003,-0.010,-0.003,-0.004,-0.003,0.786,50.120
2510178139,2026-09-18 22:01:00,233.820,234.670,233.720,0.360,0.350,0.320,0.227,0.078,0.079,0.070,0.067,0.019,0.026,0.020,0.960,50.050
2510389931,2026-09-18 22:01:00,237.390,236.900,237.100,16.800,9.910,24.360,12.010,3.950,2.320,5.730,-1.390,-0.430,-0.310,-0.650,0.993,49.960
2610026952,2026-09-18 22:01:00,232.310,231.370,231.510,1.840,1.790,1.800,1.074,0.362,0.353,0.358,0.618,0.212,0.205,0.199,0.866,49.980
2410320615,2026-09-18 22:02:00,237.140,237.160,237.840,1.440,1.350,1.510,1.004,0.333,0.315,0.355,0.169,0.043,0.066,0.063,0.984,50.030
2510633393,2026-09-18 22:29:00,236.540,236.820,236.820,1.550,1.560,1.570,1.057,0.352,0.356,0.355,0.290,0.099,0.088,0.102,0.964,50.150
2246006313,2026-09-18 22:30:00,57.700,57.700,57.600,0.975,0.983,0.960,0.163,0.054,0.055,0.053,0.025,0.009,0.008,0.008,0.988,50.120
2410121326,2026-09-18 22:30:00,234.880,234.050,234.300,0.220,0.180,0.190,0.129,0.048,0.039,0.041,0.039,0.013,0.011,0.013,0.960,50.130
2410121353,2026-09-18 22:30:00,235.400,234.640,234.820,0.000,0.010,0.050,0.013,0.000,0.003,0.010,-0.001,0.000,-0.001,0.000,0.990,50.170
2410121371,2026-09-18 22:30:00,235.250,234.260,234.560,0.110,0.120,0.110,0.078,0.026,0.027,0.025,0.001,0.000,0.002,0.000,0.993,50.150
2410121424,2026-09-18 22:30:00,235.380,234.610,234.810,0.010,0.010,0.010,0.004,0.000,0.001,0.002,-0.003,-0.001,-0.001,0.000,0.781,50.150
2410121440,2026-09-18 22:30:00,235.120,234.260,234.460,0.010,0.000,0.010,0.004,0.002,0.000,0.001,-0.002,-0.001,0.000,0.000,0.913,50.160
2410121454,2026-09-18 22:30:00,234.820,235.480,234.630,0.090,0.200,0.150,0.096,0.017,0.045,0.033,0.008,0.004,0.001,0.002,0.991,50.150
2410121457,2026-09-18 22:30:00,233.230,232.280,232.790,1.750,1.730,1.610,1.105,0.380,0.372,0.352,0.345,0.122,0.126,0.095,0.954,50.120
2410121574,2026-09-18 22:30:00,235.580,234.520,234.740,0.110,0.120,0.100,0.063,0.022,0.021,0.019,-0.044,-0.013,-0.016,-0.014,0.818,50.160
2410131378,2026-09-18 22:30:00,234.840,235.500,234.770,0.010,0.010,0.040,0.013,0.001,0.001,0.010,-0.005,-0.001,-0.001,-0.001,0.922,50.150
2410131383,2026-09-18 22:30:00,238.480,238.430,238.310,0.040,0.030,0.070,0.034,0.009,0.007,0.017,-0.003,0.000,-0.001,-0.001,0.996,50.120
2410131384,2026-09-18 22:30:00,233.350,233.900,233.320,0.870,1.050,0.860,0.765,0.258,0.255,0.248,0.103,0.036,0.040,0.026,0.983,50.080
2410131387,2026-09-18 22:30:00,236.310,236.340,236.740,0.120,0.100,0.090,0.072,0.029,0.021,0.021,0.012,0.004,0.008,0.000,0.982,50.160
2410320615,2026-09-18 22:30:00,237.540,237.500,238.100,1.440,1.450,1.550,1.066,0.346,0.349,0.370,0.144,0.029,0.064,0.051,0.992,50.070
2410883988,2026-09-18 22:30:00,229.960,230.660,229.990,0.020,0.000,0.040,0.014,0.004,0.000,0.009,-0.001,0.000,0.000,-0.001,1.000,50.130
2410883990,2026-09-18 22:30:00,230.200,229.490,229.510,0.020,0.000,0.070,0.019,0.003,0.000,0.016,0.001,0.002,0.000,0.000,0.990,50.110
2410883991,2026-09-18 22:30:00,233.350,233.520,234.280,0.060,0.100,0.050,0.048,0.013,0.023,0.011,-0.004,-0.002,-0.001,0.000,0.994,50.070
2410883993,2026-09-18 22:30:00,234.000,233.060,233.210,1.110,1.320,1.410,0.896,0.259,0.307,0.329,-0.036,-0.016,-0.019,0.000,0.999,50.120
2410883994,2026-09-18 22:30:00,234.380,233.480,233.830,0.020,0.050,0.020,0.019,0.004,0.011,0.003,-0.004,-0.002,-0.001,0.000,0.950,50.100
2411087432,2026-09-18 22:30:00,234.090,234.860,233.940,0.420,0.440,0.510,0.319,0.098,0.103,0.118,-0.002,0.000,-0.004,0.002,0.999,50.140
2411087433,2026-09-18 22:30:00,233.750,233.920,234.600,0.360,0.350,0.350,0.231,0.071,0.070,0.069,0.034,0.010,0.011,0.013,0.981,50.130
2411290205,2026-09-18 22:30:00,237.970,237.600,237.850,0.090,0.160,0.150,0.093,0.021,0.037,0.034,0.011,0.000,0.008,0.002,0.991,50.090
2510014481,2026-09-18 22:30:00,230.490,230.020,231.550,2.280,2.300,2.310,1.759,0.557,0.555,0.576,0.553,0.179,0.196,0.177,0.950,50.120
2510014482,2026-09-18 22:30:00,234.200,234.840,233.990,0.010,0.080,0.000,0.021,0.002,0.018,0.000,-0.005,-0.002,-0.002,0.000,0.978,50.150
2510014483,2026-09-18 22:30:00,233.410,233.610,234.240,0.050,0.040,0.050,0.024,0.009,0.006,0.009,-0.021,-0.006,-0.006,-0.008,0.757,50.110
2510014484,2026-09-18 22:30:00,236.930,236.660,237.010,1.860,2.090,1.740,1.283,0.395,0.476,0.390,0.393,0.138,0.125,0.129,0.955,50.150
2510178139,2026-09-18 22:30:00,234.210,234.900,233.920,0.720,0.700,0.660,0.458,0.158,0.152,0.152,0.118,0.039,0.044,0.034,0.969,50.150
2510178141,2026-09-18 22:30:00,234.290,234.420,235.140,0.020,0.010,0.010,0.003,0.002,0.000,0.000,-0.008,-0.004,-0.001,-0.002,0.352,50.140
2510203103,2026-09-18 22:30:00,228.110,226.650,226.600,0.100,0.130,0.100,0.099,0.031,0.030,0.038,-0.017,-0.005,-0.006,-0.005,0.972,50.070
2510203105,2026-09-18 22:30:00,234.190,232.630,232.700,0.020,0.140,0.020,0.041,0.005,0.031,0.005,0.008,0.000,0.006,0.001,0.974,50.150
2510203106,2026-09-18 22:30:00,238.050,237.750,238.060,0.030,0.010,0.000,0.009,0.005,0.003,0.000,-0.004,-0.003,0.000,0.000,0.881,50.080
2510203108,2026-09-18 22:30:00,233.340,233.850,232.860,0.510,1.210,1.460,0.684,0.107,0.260,0.314,0.031,0.013,0.003,0.014,0.999,50.060
2510203109,2026-09-18 22:30:00,234.010,234.570,233.730,0.020,0.070,0.080,0.036,0.002,0.016,0.017,0.004,0.002,0.000,0.002,0.987,50.150
2510203111,2026-09-18 22:30:00,233.960,234.240,234.970,0.020,0.020,0.000,0.008,0.004,0.003,0.000,-0.002,-0.001,0.000,0.000,0.976,50.080
2510203113,2026-09-18 22:30:00,238.190,238.140,237.970,0.400,0.470,0.560,0.342,0.093,0.111,0.137,0.011,-0.001,-0.001,0.013,1.000,50.140
2510203114,2026-09-18 22:30:00,227.960,228.220,228.710,0.240,0.200,0.210,0.144,0.052,0.053,0.046,0.021,0.005,0.003,0.012,0.984,50.150
2510203117,2026-09-18 22:30:00,230.120,229.370,229.350,0.220,0.230,0.180,0.138,0.048,0.050,0.039,-0.040,-0.011,-0.018,-0.010,0.958,50.100
2510203118,2026-09-18 22:30:00,123.220,123.220,123.610,0.180,0.150,0.160,0.056,0.020,0.018,0.020,-0.018,-0.006,-0.004,-0.007,0.946,50.120
2510203119,2026-09-18 22:30:00,230.290,229.580,229.510,0.000,0.000,0.000,0.000,0.000,0.000,0.000,0.000,0.000,0.000,0.000,1.000,50.070
2510203120,2026-09-18 22:30:00,233.420,232.620,232.900,1.000,0.780,0.770,0.553,0.219,0.168,0.166,0.192,0.076,0.060,0.056,0.944,50.070
2510203121,2026-09-18 22:30:00,229.650,229.740,230.380,0.300,0.220,0.330,0.192,0.067,0.048,0.076,-0.004,0.003,-0.003,-0.005,0.999,50.140
2510203122,2026-09-18 22:30:00,234.180,234.880,234.050,0.040,0.020,0.010,0.010,0.006,0.002,0.000,0.001,0.004,-0.002,-0.001,1.000,50.120
2510203123,2026-09-18 22:30:00,233.980,234.150,234.870,0.010,0.010,0.000,0.005,0.002,0.002,0.000,-0.003,-0.001,-0.001,0.000,0.815,50.100
2510203124,2026-09-18 22:30:00,234.750,235.090,234.260,0.130,0.130,0.150,0.082,0.026,0.025,0.030,0.047,0.015,0.016,0.015,0.866,50.160
2510203126,2026-09-18 22:30:00,229.800,229.850,230.620,0.040,0.020,0.000,0.014,0.009,0.004,0.000,-0.002,-0.001,0.000,0.000,1.000,50.150
2510203127,2026-09-18 22:30:00,234.290,235.000,234.140,0.440,0.590,0.410,0.282,0.082,0.123,0.077,0.197,0.061,0.078,0.056,0.829,50.150
2510203128,2026-09-18 22:30:00,232.830,233.040,231.620,2.280,2.290,2.360,1.570,0.522,0.517,0.530,0.202,0.045,0.067,0.089,0.991,50.070
2510203129,2026-09-18 22:30:00,238.260,237.880,238.250,0.010,0.030,0.000,0.008,0.002,0.006,0.000,-0.003,-0.002,-0.001,0.000,0.885,50.150
2510203130,2026-09-18 22:30:00,245.110,244.820,246.560,0.000,0.000,0.010,0.002,0.000,0.001,0.001,0.000,0.000,0.000,0.000,0.927,50.160
2510203133,2026-09-18 22:30:00,233.660,234.330,233.490,0.030,0.020,0.000,0.011,0.006,0.004,0.000,-0.002,0.000,-0.002,0.000,1.000,50.100
2510203134,2026-09-18 22:30:00,234.780,233.830,233.990,0.020,0.010,0.010,0.007,0.004,0.001,0.001,-0.001,0.000,-0.001,0.000,0.956,50.120
2510224049,2026-09-18 22:30:00,229.260,230.090,229.400,16.400,12.300,7.760,6.880,2.840,2.480,1.550,-2.090,-0.690,-0.850,-0.540,0.956,50.120
2510224167,2026-09-18 22:30:00,229.500,229.430,230.270,5.830,4.510,4.810,2.670,1.170,0.720,0.770,-1.900,-0.550,-0.650,-0.680,0.813,50.150
2510317505,2026-09-18 22:30:00,229.300,229.450,230.100,11.840,3.680,5.270,3.720,2.340,0.580,0.780,-1.790,-0.530,-0.550,-0.700,0.901,50.130
2510317516,2026-09-18 22:30:00,229.860,229.790,230.530,0.000,0.000,0.000,0.000,0.000,0.000,0.000,0.000,0.000,0.000,0.000,1.000,50.150
2510317537,2026-09-18 22:30:00,233.230,233.130,234.050,2.970,3.100,2.960,2.160,0.710,0.720,0.730,-0.230,-0.060,-0.060,-0.100,0.993,50.140
2510389559,2026-09-18 22:30:00,238.660,238.480,238.770,0.000,0.000,0.000,0.000,0.000,0.000,0.000,0.000,0.000,0.000,0.000,1.000,50.140
2510389643,2026-09-18 22:30:00,238.580,238.320,238.470,16.850,15.980,15.380,10.730,3.510,3.660,3.550,-1.270,-0.120,-0.590,-0.550,0.993,50.150
2510389931,2026-09-18 22:30:00,237.790,237.210,237.580,8.300,4.920,15.340,6.640,1.920,1.130,3.590,-1.270,-0.420,-0.270,-0.570,0.982,50.120
2510633381,2026-09-18 22:30:00,234.610,233.670,233.880,0.050,0.060,0.010,0.025,0.009,0.013,0.002,-0.011,-0.004,-0.004,-0.001,0.911,50.160
2510633383,2026-09-18 22:30:00,234.330,234.440,235.200,0.110,0.080,0.090,0.017,0.006,0.002,0.008,-0.062,-0.024,-0.019,-0.018,0.272,50.160
2510633385,2026-09-18 22:30:00,239.050,238.860,239.100,0.330,0.350,0.380,0.251,0.079,0.082,0.089,-0.034,-0.005,-0.014,-0.014,0.989,50.140
2510633386,2026-09-18 22:30:00,223.280,223.320,224.080,1.080,1.090,1.080,0.132,0.046,0.044,0.041,-0.684,-0.227,-0.228,-0.228,0.187,50.150
2510633387,2026-09-18 22:30:00,234.430,235.100,234.300,0.010,0.000,0.000,0.002,0.002,0.000,0.000,0.000,0.000,0.000,0.000,1.000,50.140
2510633389,2026-09-18 22:30:00,238.470,238.520,238.210,0.180,0.190,0.150,0.106,0.035,0.039,0.031,-0.059,-0.021,-0.020,-0.018,0.875,50.130
2510633390,2026-09-18 22:30:00,233.690,234.440,233.530,0.110,0.170,0.210,0.109,0.025,0.033,0.049,0.004,-0.002,0.004,0.002,1.000,50.120
2510633391,2026-09-18 22:30:00,123.350,122.900,122.980,0.000,0.000,0.000,0.000,0.000,0.000,0.000,0.000,0.000,0.000,0.000,1.000,50.130
2510633395,2026-09-18 22:30:00,234.640,235.240,234.450,0.000,0.000,0.000,0.000,0.000,0.000,0.000,0.000,0.000,0.000,0.000,1.000,50.160
2510633396,2026-09-18 22:30:00,235.010,234.170,234.680,0.260,0.290,0.260,0.162,0.050,0.060,0.051,0.097,0.033,0.032,0.031,0.856,50.150
2510633397,2026-09-18 22:30:00,240.700,239.660,239.950,0.030,0.040,0.030,0.024,0.007,0.010,0.006,-0.004,-0.002,-0.001,0.000,0.980,50.110
2510633399,2026-09-18 22:30:00,229.280,229.240,230.090,0.350,0.380,0.390,0.256,0.079,0.087,0.089,0.006,0.003,0.002,0.000,0.997,50.150
2510633400,2026-09-18 22:30:00,229.060,229.770,228.950,0.280,0.310,0.310,0.222,0.073,0.083,0.064,0.072,0.021,0.025,0.025,0.942,50.120
2510633402,2026-09-18 22:30:00,232.140,231.940,233.430,0.470,0.490,0.530,0.295,0.092,0.097,0.105,0.135,0.044,0.044,0.048,0.922,50.150
2510633406,2026-09-18 22:30:00,229.480,229.440,230.290,0.100,0.080,0.080,0.045,0.019,0.012,0.012,-0.032,-0.009,-0.011,-0.011,0.806,50.120
2510633411,2026-09-18 22:30:00,227.410,226.610,226.400,2.000,1.910,2.000,1.233,0.423,0.398,0.412,0.491,0.157,0.160,0.175,0.928,50.120
2510814977,2026-09-18 22:30:00,232.200,233.640,232.350,0.010,0.010,0.010,0.005,0.002,0.000,0.002,-0.002,0.000,-0.001,-0.001,1.000,50.130
2610026950,2026-09-18 22:30:00,230.270,229.380,229.440,0.010,0.010,0.010,0.006,0.002,0.001,0.003,-0.001,0.000,0.000,0.000,0.962,50.120
2610026952,2026-09-18 22:30:00,234.080,232.900,233.180,1.090,1.120,1.060,0.667,0.224,0.226,0.216,0.312,0.100,0.108,0.103,0.906,50.120
2610026953,2026-09-18 22:30:00,237.790,237.340,237.730,0.540,0.580,0.560,0.348,0.095,0.115,0.108,0.157,0.053,0.052,0.052,0.913,50.120
2610026963,2026-09-18 22:30:00,234.780,234.770,235.530,0.200,0.120,0.120,0.097,0.043,0.026,0.026,-0.052,-0.021,-0.014,-0.016,0.865,50.150
2610026966,2026-09-18 22:30:00,230.230,231.180,230.470,0.050,0.030,0.050,0.026,0.009,0.007,0.009,0.013,0.003,0.003,0.006,0.877,50.160
2610026976,2026-09-18 22:30:00,234.490,234.340,235.370,0.290,0.900,0.250,0.322,0.066,0.197,0.058,-0.016,-0.011,0.001,-0.005,0.997,50.160
2610026977,2026-09-18 22:30:00,240.700,242.210,241.350,0.410,0.470,0.630,0.351,0.089,0.111,0.150,0.001,0.043,-0.020,-0.022,1.000,50.120
2610126270,2026-09-18 22:30:00,229.490,230.160,229.560,0.040,0.050,0.010,0.024,0.009,0.011,0.002,-0.006,-0.002,-0.001,-0.001,0.967,50.110
2610126451,2026-09-18 22:30:00,234.710,235.300,234.570,0.000,0.010,0.090,0.024,0.000,0.001,0.021,0.001,0.000,0.000,0.002,1.000,50.140
2610159557,2026-09-18 22:30:00,234.500,233.630,233.910,0.020,0.010,0.030,0.011,0.003,0.002,0.006,-0.005,-0.002,0.000,-0.001,0.922,50.130
2610170785,2026-09-18 22:30:00,234.210,233.300,233.620,0.010,0.010,0.000,0.004,0.001,0.002,0.000,0.000,0.000,0.000,0.000,0.914,50.110
2610170786,2026-09-18 22:30:00,233.270,233.400,233.930,0.920,0.980,1.020,0.632,0.198,0.207,0.227,0.168,0.052,0.055,0.060,0.965,50.150
2610170836,2026-09-18 22:30:00,233.970,234.270,234.980,0.000,0.010,0.000,0.001,0.000,0.001,0.000,0.000,0.000,0.000,0.000,1.000,50.120
2610170837,2026-09-18 22:30:00,233.510,232.030,232.040,0.000,0.000,0.030,0.008,0.000,0.000,0.007,0.000,0.000,0.000,0.000,0.991,50.120
2610170838,2026-09-18 22:30:00,234.390,233.370,233.680,0.000,0.040,0.070,0.025,0.000,0.009,0.015,0.002,0.000,0.000,0.001,1.000,50.150
2610170839,2026-09-18 22:30:00,233.290,233.540,234.220,0.000,0.020,0.010,0.006,0.000,0.005,0.001,0.000,0.000,0.000,0.000,0.959,50.110
2610170840,2026-09-18 22:30:00,237.820,237.300,237.720,0.220,0.120,0.390,0.168,0.049,0.028,0.090,-0.033,-0.011,-0.007,-0.014,0.978,50.120
2610322969,2026-09-18 22:30:00,230.310,229.440,229.460,0.040,0.060,0.010,0.024,0.008,0.013,0.002,-0.002,-0.001,0.000,0.000,0.986,50.120
2610322995,2026-09-18 22:30:00,233.460,233.660,234.390,0.000,0.030,0.030,0.011,0.000,0.005,0.006,-0.009,0.000,-0.004,-0.004,0.766,50.120
2610322997,2026-09-18 22:30:00,231.070,231.480,230.610,1.260,1.480,1.080,0.762,0.270,0.286,0.205,0.317,0.048,0.149,0.114,0.924,50.110
2610323001,2026-09-18 22:30:00,230.700,229.600,229.320,2.350,2.210,2.350,1.403,0.484,0.449,0.472,0.718,0.241,0.237,0.238,0.889,50.110
2610323004,2026-09-18 22:30:00,64.440,63.870,64.270,0.120,0.110,0.130,0.022,0.007,0.006,0.008,-0.001,0.000,0.000,0.000,1.000,50.120
2610323005,2026-09-18 22:30:00,229.370,230.070,229.400,0.000,0.010,0.010,0.003,0.000,0.001,0.001,-0.001,0.000,0.000,-0.001,0.791,50.110
2610323010,2026-09-18 22:30:00,237.990,238.000,237.710,0.070,0.000,0.000,0.014,0.014,0.000,0.000,-0.007,-0.007,0.000,0.000,0.917,50.110
2610323016,2026-09-18 22:30:00,231.180,230.200,229.980,1.970,1.770,1.800,1.100,0.397,0.344,0.350,0.595,0.199,0.197,0.198,0.875,50.110
2610323017,2026-09-18 22:30:00,233.170,234.090,233.210,0.040,0.020,0.020,0.015,0.008,0.003,0.003,-0.010,-0.004,-0.003,-0.002,0.808,50.140
2610323019,2026-09-18 22:30:00,229.300,230.260,229.490,0.060,0.050,0.030,0.031,0.012,0.012,0.005,-0.010,-0.003,-0.004,-0.002,0.933,50.120
2610323027,2026-09-18 22:30:00,234.490,233.510,233.820,0.020,0.030,0.020,0.014,0.004,0.006,0.003,-0.011,-0.003,-0.004,-0.003,0.784,50.140
2410932742,2026-09-18 22:31:00,231.450,229.810,229.760,3.100,3.030,3.140,1.874,0.632,0.609,0.632,0.591,0.194,0.194,0.202,0.953,50.130
2510203104,2026-09-18 22:32:00,228.050,228.070,228.690,0.440,0.330,0.380,0.259,0.101,0.073,0.083,0.049,0.004,0.020,0.024,0.982,50.190
2610322967,2026-09-18 22:32:00,235.060,234.100,234.070,0.000,0.000,0.010,0.001,0.000,0.000,0.001,0.000,0.000,0.000,0.000,1.000,50.150
2610323024,2026-09-18 22:32:00,232.920,234.310,232.950,0.250,0.220,0.100,0.130,0.057,0.050,0.022,0.003,-0.001,0.002,0.002,1.000,50.220
2246006313,2026-09-18 23:00:00,58.000,58.000,57.900,1.081,1.098,1.062,0.184,0.061,0.062,0.060,0.029,0.010,0.009,0.008,0.986,50.250
2410121326,2026-09-18 23:00:00,235.240,234.420,234.590,0.210,0.170,0.200,0.130,0.048,0.039,0.042,0.036,0.010,0.009,0.015,0.961,50.200
2410121353,2026-09-18 23:00:00,235.520,234.770,234.960,0.000,0.010,0.060,0.017,0.000,0.002,0.014,-0.002,0.000,-0.001,0.000,1.000,50.210
2410121371,2026-09-18 23:00:00,235.490,234.540,234.760,0.120,0.110,0.110,0.078,0.026,0.026,0.025,0.000,0.000,0.001,0.000,1.000,50.210
2410121424,2026-09-18 23:00:00,235.100,234.380,234.570,0.010,0.010,0.010,0.004,0.000,0.001,0.002,-0.003,-0.001,-0.001,0.000,0.783,50.180
2410121440,2026-09-18 23:00:00,235.390,234.640,234.700,0.010,0.000,0.010,0.004,0.002,0.000,0.001,-0.002,-0.001,0.000,0.000,0.917,50.220
2410121454,2026-09-18 23:00:00,234.550,235.220,234.390,0.080,0.190,0.140,0.091,0.016,0.042,0.032,0.019,0.007,0.005,0.006,0.979,50.180
2410121457,2026-09-18 23:00:00,232.870,232.030,232.500,1.690,1.660,1.540,1.057,0.366,0.355,0.334,0.329,0.113,0.122,0.093,0.954,50.180
2410121574,2026-09-18 23:00:00,235.710,234.680,234.880,0.190,0.170,0.140,0.108,0.042,0.036,0.028,-0.039,-0.011,-0.014,-0.014,0.941,50.240
2410131378,2026-09-18 23:00:00,235.000,235.600,234.950,0.010,0.010,0.040,0.013,0.001,0.001,0.009,-0.005,-0.001,-0.001,-0.001,0.965,50.200
2410131383,2026-09-18 23:00:00,236.710,236.510,236.200,0.060,0.030,0.070,0.037,0.014,0.007,0.015,-0.003,0.000,-0.001,-0.001,0.985,50.180
2410131384,2026-09-18 23:00:00,233.350,233.920,233.390,0.860,0.990,0.930,0.711,0.222,0.249,0.206,0.121,0.036,0.055,0.029,0.981,50.220
2410131387,2026-09-18 23:00:00,234.690,235.220,235.380,0.060,0.060,0.060,0.042,0.014,0.014,0.014,0.012,0.004,0.004,0.003,0.970,50.180
2410320615,2026-09-18 23:00:00,235.230,235.580,235.990,1.550,1.470,1.630,0.989,0.322,0.305,0.361,0.164,0.037,0.063,0.063,0.987,50.190
2410883988,2026-09-18 23:00:00,231.170,231.780,231.090,0.020,0.000,0.040,0.014,0.004,0.000,0.009,-0.001,0.000,0.000,-0.001,1.000,50.180
2410883990,2026-09-18 23:00:00,231.690,230.850,230.970,0.080,0.000,0.070,0.034,0.017,0.000,0.016,0.000,0.001,0.000,0.000,1.000,50.230
2410883991,2026-09-18 23:00:00,233.180,233.340,234.020,0.050,0.060,0.050,0.035,0.010,0.014,0.010,-0.004,-0.002,-0.001,0.000,0.982,50.180
2410883993,2026-09-18 23:00:00,233.220,232.480,232.440,1.240,1.350,1.590,0.966,0.287,0.313,0.366,0.067,0.020,0.014,0.032,0.998,50.200
2410883994,2026-09-18 23:00:00,233.830,232.990,233.280,0.020,0.050,0.050,0.027,0.004,0.011,0.011,-0.004,-0.002,-0.001,-0.001,0.970,50.180
2410932742,2026-09-18 23:00:00,232.500,230.910,230.870,2.890,2.830,2.920,1.823,0.617,0.592,0.613,0.585,0.192,0.194,0.198,0.952,50.250
2411087432,2026-09-18 23:00:00,234.120,234.820,233.960,0.470,0.450,0.500,0.329,0.108,0.105,0.115,0.000,0.009,-0.005,-0.004,1.000,50.190
2411087433,2026-09-18 23:00:00,233.430,233.490,234.100,0.340,0.330,0.320,0.232,0.080,0.076,0.075,0.037,0.011,0.012,0.014,0.988,50.190
2411290205,2026-09-18 23:00:00,236.690,236.180,236.680,0.120,0.140,0.140,0.093,0.027,0.032,0.033,0.007,0.002,0.002,0.002,0.997,50.180
2510014481,2026-09-18 23:00:00,231.080,230.770,232.290,2.700,2.500,2.410,1.532,0.498,0.487,0.546,0.563,0.199,0.195,0.171,0.933,50.190
2510014482,2026-09-18 23:00:00,234.400,235.000,234.160,0.010,0.040,0.000,0.011,0.002,0.008,0.000,-0.006,-0.002,-0.003,0.000,0.893,50.180
2510014483,2026-09-18 23:00:00,233.360,233.460,234.090,0.050,0.040,0.050,0.023,0.008,0.005,0.009,-0.021,-0.007,-0.005,-0.008,0.725,50.220
2510014484,2026-09-18 23:00:00,235.520,235.090,235.850,1.290,1.480,1.120,0.850,0.280,0.402,0.313,0.370,0.131,0.116,0.122,0.933,50.190
2510178139,2026-09-18 23:00:00,234.810,235.430,234.530,0.430,0.440,0.390,0.264,0.092,0.090,0.086,0.124,0.039,0.045,0.038,0.904,50.180
2510178141,2026-09-18 23:00:00,234.470,234.610,235.240,0.020,0.010,0.010,0.005,0.002,0.000,0.002,-0.009,-0.004,-0.001,-0.002,0.530,50.200
2510203103,2026-09-18 23:00:00,228.910,227.440,227.290,0.140,0.110,0.100,0.066,0.022,0.022,0.020,-0.016,-0.004,-0.006,-0.005,0.968,50.210
2510203104,2026-09-18 23:00:00,227.640,227.630,228.210,0.460,0.390,0.390,0.281,0.108,0.075,0.086,0.049,0.004,0.019,0.026,0.985,50.230
2510203105,2026-09-18 23:00:00,234.880,233.270,233.380,0.020,0.110,0.020,0.035,0.005,0.024,0.005,0.008,0.000,0.006,0.001,0.981,50.190
2510203106,2026-09-18 23:00:00,236.800,236.300,236.910,0.030,0.010,0.000,0.009,0.006,0.003,0.000,-0.003,-0.003,0.000,0.000,0.893,50.230
2510203108,2026-09-18 23:00:00,233.550,234.010,232.980,0.480,1.080,1.510,0.658,0.099,0.230,0.327,0.041,0.012,0.007,0.021,0.999,50.190
2510203109,2026-09-18 23:00:00,233.620,234.200,233.390,0.020,0.070,0.070,0.038,0.004,0.016,0.016,0.004,0.002,0.000,0.001,0.999,50.200
2510203111,2026-09-18 23:00:00,234.680,234.940,235.580,0.020,0.020,0.000,0.007,0.003,0.003,0.000,-0.002,-0.001,0.000,0.000,0.933,50.220
2510203113,2026-09-18 23:00:00,236.230,236.020,235.620,0.420,0.490,0.640,0.357,0.097,0.116,0.144,0.003,-0.004,-0.002,0.010,1.000,50.180
2510203114,2026-09-18 23:00:00,227.580,227.720,228.170,0.290,0.200,0.220,0.098,0.039,0.025,0.032,0.020,0.004,0.004,0.012,0.990,50.190
2510203117,2026-09-18 23:00:00,231.620,230.860,230.830,0.220,0.230,0.210,0.138,0.050,0.050,0.037,-0.038,-0.010,-0.018,-0.010,0.964,50.240
2510203118,2026-09-18 23:00:00,123.020,122.970,123.360,0.170,0.140,0.150,0.051,0.018,0.016,0.016,-0.022,-0.007,-0.005,-0.008,0.921,50.190
2510203119,2026-09-18 23:00:00,231.480,230.630,230.690,0.000,0.000,0.000,0.000,0.000,0.000,0.000,0.000,0.000,0.000,0.000,1.000,50.180
2510203120,2026-09-18 23:00:00,233.310,232.490,232.710,0.630,0.490,0.450,0.348,0.138,0.110,0.102,0.109,0.045,0.035,0.029,0.955,50.190
2510203121,2026-09-18 23:00:00,230.530,230.650,231.290,0.290,0.220,0.350,0.195,0.067,0.049,0.078,-0.004,0.003,-0.003,-0.004,0.998,50.180
2510203122,2026-09-18 23:00:00,234.060,234.880,234.050,0.030,0.020,0.010,0.010,0.006,0.002,0.000,0.001,0.004,-0.002,-0.001,1.000,50.190
2510203123,2026-09-18 23:00:00,234.540,234.700,235.390,0.010,0.010,0.000,0.005,0.002,0.002,0.000,-0.003,-0.001,-0.001,0.000,0.800,50.220
2510203124,2026-09-18 23:00:00,235.200,235.480,234.710,0.130,0.130,0.150,0.081,0.026,0.025,0.030,0.047,0.015,0.016,0.015,0.860,50.220
2510203126,2026-09-18 23:00:00,231.210,231.150,231.890,0.040,0.020,0.000,0.013,0.009,0.004,0.000,-0.001,-0.001,0.000,0.000,0.998,50.210
2510203127,2026-09-18 23:00:00,234.780,235.480,234.720,0.440,0.600,0.420,0.281,0.080,0.121,0.078,0.188,0.061,0.070,0.056,0.828,50.210
2510203128,2026-09-18 23:00:00,232.430,232.600,231.190,2.310,2.270,2.400,1.563,0.521,0.506,0.533,0.201,0.043,0.067,0.090,0.991,50.190
2510203130,2026-09-18 23:00:00,245.920,245.680,247.400,0.000,0.000,0.010,0.003,0.000,0.001,0.002,-0.001,0.000,0.000,0.000,1.000,50.210
2510203133,2026-09-18 23:00:00,233.750,234.470,233.750,0.020,0.020,0.000,0.009,0.004,0.004,0.000,-0.002,0.000,-0.002,0.000,0.977,50.190
2510203134,2026-09-18 23:00:00,234.690,233.840,233.870,0.020,0.010,0.010,0.007,0.004,0.001,0.001,-0.002,0.000,-0.001,0.000,0.959,50.260
2510224049,2026-09-18 23:00:00,230.650,231.500,230.740,16.360,12.290,7.730,6.890,2.840,2.480,1.560,-2.110,-0.690,-0.860,-0.550,0.955,50.230
2510224167,2026-09-18 23:00:00,230.430,230.390,231.380,6.010,4.510,4.810,2.710,1.210,0.720,0.770,-1.940,-0.580,-0.660,-0.690,0.812,50.200
2510317505,2026-09-18 23:00:00,230.670,230.760,231.470,11.760,3.680,5.260,3.710,2.330,0.590,0.780,-1.790,-0.520,-0.560,-0.700,0.900,50.220
2510317516,2026-09-18 23:00:00,230.840,230.780,231.530,0.000,0.000,0.000,0.000,0.000,0.000,0.000,0.000,0.000,0.000,0.000,1.000,50.180
2510317537,2026-09-18 23:00:00,232.650,232.450,233.300,2.640,2.610,2.610,1.850,0.620,0.610,0.600,-0.210,-0.040,-0.060,-0.100,0.994,50.190
2510389559,2026-09-18 23:00:00,236.620,236.030,236.690,0.000,0.000,0.000,0.000,0.000,0.000,0.000,0.000,0.000,0.000,0.000,1.000,50.180
2510389643,2026-09-18 23:00:00,237.180,236.610,237.270,5.730,16.210,15.530,8.510,1.250,3.680,3.560,-1.290,-0.140,-0.620,-0.520,0.988,50.200
2510389931,2026-09-18 23:00:00,236.520,235.850,236.500,8.360,4.960,15.460,6.660,1.920,1.130,3.600,-1.260,-0.420,-0.270,-0.560,0.982,50.220
2510633381,2026-09-18 23:00:00,234.320,233.550,233.720,0.060,0.070,0.020,0.035,0.012,0.016,0.005,-0.005,-0.002,-0.003,0.000,0.987,50.220
2510633383,2026-09-18 23:00:00,234.850,234.940,235.630,0.110,0.080,0.090,0.017,0.005,0.002,0.009,-0.062,-0.024,-0.019,-0.018,0.275,50.230
2510633385,2026-09-18 23:00:00,236.980,236.530,237.070,0.170,0.360,0.360,0.208,0.039,0.082,0.086,-0.036,-0.007,-0.015,-0.013,0.983,50.180
2510633386,2026-09-18 23:00:00,222.860,222.910,223.660,1.070,1.080,1.070,0.133,0.044,0.046,0.042,-0.680,-0.226,-0.227,-0.227,0.196,50.190
2510633387,2026-09-18 23:00:00,233.850,234.490,233.790,0.010,0.000,0.000,0.002,0.002,0.000,0.000,0.000,0.000,0.000,0.000,1.000,50.180
2510633389,2026-09-18 23:00:00,236.390,236.340,235.800,0.220,0.240,0.220,0.163,0.053,0.057,0.052,0.003,0.000,0.000,0.002,1.000,50.160
2510633390,2026-09-18 23:00:00,233.410,234.120,233.220,0.140,0.140,0.320,0.138,0.028,0.033,0.076,0.005,0.003,0.003,-0.001,0.999,50.170
2510633391,2026-09-18 23:00:00,123.510,123.080,123.160,0.000,0.000,0.000,0.000,0.000,0.000,0.000,0.000,0.000,0.000,0.000,1.000,50.180
2510633393,2026-09-18 23:00:00,234.760,235.280,235.100,1.490,1.530,1.520,1.018,0.335,0.345,0.338,0.255,0.086,0.076,0.092,0.969,50.220
2510633395,2026-09-18 23:00:00,234.850,235.450,234.700,0.000,0.000,0.000,0.000,0.000,0.000,0.000,0.000,0.000,0.000,0.000,1.000,50.210
2510633396,2026-09-18 23:00:00,235.500,234.750,235.230,0.260,0.290,0.260,0.162,0.050,0.060,0.050,0.097,0.033,0.032,0.031,0.855,50.220
2510633397,2026-09-18 23:00:00,240.220,239.370,239.610,0.030,0.040,0.030,0.024,0.007,0.010,0.006,-0.004,-0.002,-0.001,0.000,0.980,50.170
2510633399,2026-09-18 23:00:00,230.690,230.510,231.380,0.340,0.430,0.410,0.271,0.077,0.099,0.095,0.007,0.003,0.002,0.001,0.999,50.210
2510633400,2026-09-18 23:00:00,229.920,230.660,229.730,0.500,0.520,0.510,0.211,0.068,0.070,0.071,0.087,0.026,0.030,0.029,0.953,50.180
2510633402,2026-09-18 23:00:00,233.010,232.750,234.340,0.600,0.540,0.580,0.470,0.153,0.154,0.163,0.096,0.030,0.031,0.034,0.954,50.230
2510633406,2026-09-18 23:00:00,230.570,230.540,231.420,0.100,0.080,0.080,0.045,0.020,0.012,0.012,-0.033,-0.010,-0.011,-0.011,0.805,50.190
2510633411,2026-09-18 23:00:00,228.470,227.550,227.420,1.990,1.920,1.980,1.245,0.426,0.403,0.415,0.498,0.158,0.159,0.174,0.928,50.190
2510814977,2026-09-18 23:00:00,232.880,234.380,233.030,0.010,0.010,0.010,0.005,0.002,0.000,0.001,-0.002,0.000,-0.001,-0.001,0.842,50.200
2610026950,2026-09-18 23:00:00,231.420,230.550,230.630,0.010,0.010,0.010,0.005,0.001,0.001,0.003,-0.001,0.000,0.000,0.000,0.958,50.190
2610026952,2026-09-18 23:00:00,234.060,233.030,233.310,1.430,1.420,1.410,0.806,0.271,0.268,0.265,0.409,0.135,0.139,0.134,0.892,50.200
2610026953,2026-09-18 23:00:00,235.690,235.030,235.710,0.530,0.560,0.540,0.318,0.097,0.116,0.104,0.160,0.056,0.053,0.051,0.907,50.190
2610026963,2026-09-18 23:00:00,235.330,235.260,236.000,0.180,0.110,0.100,0.077,0.036,0.022,0.018,-0.050,-0.020,-0.014,-0.015,0.843,50.210
2610026966,2026-09-18 23:00:00,231.150,232.090,231.310,0.040,0.040,0.040,0.026,0.009,0.009,0.008,0.013,0.003,0.004,0.004,0.895,50.210
2610026976,2026-09-18 23:00:00,235.040,234.890,235.870,0.290,0.810,0.220,0.263,0.065,0.146,0.051,-0.019,-0.011,0.000,-0.006,0.995,50.220
2610026977,2026-09-18 23:00:00,241.670,243.140,242.280,0.410,0.460,0.620,0.348,0.089,0.110,0.148,0.001,0.043,-0.020,-0.022,0.999,50.190
2610126270,2026-09-18 23:00:00,230.870,231.570,230.820,0.040,0.040,0.010,0.019,0.008,0.008,0.002,-0.005,-0.002,-0.001,-0.001,0.949,50.230
2610126451,2026-09-18 23:00:00,235.100,235.680,234.870,0.000,0.010,0.040,0.012,0.000,0.001,0.010,0.002,0.000,0.000,0.002,0.957,50.190
2610159557,2026-09-18 23:00:00,234.060,233.300,233.370,0.020,0.010,0.010,0.006,0.003,0.001,0.001,-0.005,-0.002,-0.001,-0.001,0.761,50.190
2610170785,2026-09-18 23:00:00,234.010,233.210,233.450,0.010,0.010,0.000,0.004,0.001,0.002,0.000,0.000,0.000,0.000,0.000,0.914,50.200
2610170786,2026-09-18 23:00:00,233.050,233.290,233.690,1.030,1.060,1.100,0.512,0.163,0.157,0.191,0.084,0.043,0.021,0.020,0.978,50.200
2610170836,2026-09-18 23:00:00,233.740,233.990,234.850,0.000,0.010,0.000,0.001,0.000,0.001,0.000,0.000,0.000,0.000,0.000,1.000,50.210
2610170837,2026-09-18 23:00:00,234.440,232.980,232.840,0.000,0.000,0.030,0.009,0.000,0.000,0.008,0.000,0.000,0.000,0.000,1.000,50.220
2610170838,2026-09-18 23:00:00,233.840,232.890,233.170,0.000,0.040,0.060,0.024,0.000,0.009,0.014,0.000,0.000,0.000,0.000,0.992,50.180
2610170839,2026-09-18 23:00:00,233.240,233.370,234.070,0.000,0.020,0.010,0.008,0.000,0.004,0.003,0.000,0.000,0.000,0.000,1.000,50.230
2610170840,2026-09-18 23:00:00,236.590,235.900,236.630,0.220,0.120,0.390,0.168,0.049,0.028,0.090,-0.033,-0.011,-0.006,-0.014,0.981,50.220
2610322967,2026-09-18 23:00:00,234.380,233.450,233.400,0.000,0.000,0.010,0.001,0.000,0.000,0.001,0.000,0.000,0.000,0.000,1.000,50.200
2610322969,2026-09-18 23:00:00,231.430,230.540,230.610,0.040,0.060,0.010,0.024,0.008,0.013,0.002,-0.002,-0.001,0.000,0.000,0.983,50.190
2610322995,2026-09-18 23:00:00,233.390,233.520,234.180,0.000,0.030,0.030,0.011,0.000,0.005,0.006,-0.009,0.000,-0.004,-0.004,0.767,50.210
2610322997,2026-09-18 23:00:00,232.260,233.190,232.090,0.870,1.000,0.770,0.500,0.175,0.187,0.136,0.220,0.043,0.100,0.079,0.927,50.210
2610323001,2026-09-18 23:00:00,231.420,230.310,229.780,2.370,2.130,2.480,1.434,0.490,0.427,0.516,0.712,0.239,0.236,0.237,0.894,50.220
2610323004,2026-09-18 23:00:00,64.660,64.090,64.510,0.120,0.110,0.130,0.022,0.007,0.006,0.008,-0.001,0.000,0.000,0.000,1.000,50.200
2610323005,2026-09-18 23:00:00,230.910,231.640,230.820,0.000,0.010,0.010,0.003,0.000,0.001,0.001,-0.001,0.000,0.000,-0.001,0.791,50.210
2610323010,2026-09-18 23:00:00,236.650,236.480,236.060,0.050,0.000,0.000,0.009,0.008,0.000,0.000,-0.007,-0.007,0.000,0.000,0.751,50.200
2610323016,2026-09-18 23:00:00,232.130,231.020,230.780,1.950,1.810,1.880,1.180,0.414,0.374,0.392,0.516,0.170,0.173,0.171,0.916,50.220
2610323017,2026-09-18 23:00:00,232.730,233.570,232.850,0.040,0.020,0.020,0.015,0.008,0.003,0.003,-0.010,-0.005,-0.003,-0.002,0.809,50.210
2610323019,2026-09-18 23:00:00,230.660,231.750,230.970,0.020,0.020,0.030,0.021,0.011,0.004,0.005,-0.008,-0.003,-0.001,-0.002,0.956,50.220
2610323024,2026-09-18 23:00:00,232.990,234.500,233.160,0.290,0.230,0.190,0.165,0.067,0.053,0.043,0.013,-0.001,0.007,0.007,0.998,50.220
2610323027,2026-09-18 23:00:00,234.170,233.270,233.640,0.030,0.030,0.020,0.014,0.004,0.006,0.003,-0.011,-0.003,-0.004,-0.003,0.787,50.210
2510203129,2026-09-18 23:01:00,236.620,236.130,236.770,0.010,0.030,0.000,0.008,0.002,0.006,0.000,-0.003,-0.002,-0.001,0.000,0.887,50.170
2246006313,2026-09-18 23:30:00,57.200,57.200,57.000,0.904,0.915,0.910,0.153,0.050,0.051,0.050,0.018,0.006,0.006,0.005,0.993,50.110
2410121326,2026-09-18 23:30:00,234.870,234.060,234.260,0.220,0.180,0.200,0.132,0.049,0.040,0.043,0.039,0.012,0.011,0.016,0.955,50.140
2410121353,2026-09-18 23:30:00,234.740,233.990,234.150,0.000,0.010,0.050,0.013,0.000,0.002,0.010,-0.001,0.000,-0.001,0.000,0.992,50.130
2410121371,2026-09-18 23:30:00,235.010,234.060,234.270,0.130,0.110,0.110,0.077,0.026,0.025,0.025,0.000,0.000,0.001,0.000,0.995,50.150
2410121424,2026-09-18 23:30:00,235.120,234.360,234.500,0.010,0.010,0.010,0.004,0.000,0.001,0.002,-0.003,-0.001,-0.001,0.000,0.790,50.180
2410121440,2026-09-18 23:30:00,235.050,234.260,234.390,0.010,0.000,0.010,0.004,0.002,0.000,0.001,-0.002,-0.001,0.000,0.000,0.924,50.180
2410121454,2026-09-18 23:30:00,234.530,235.270,234.410,0.070,0.180,0.150,0.092,0.015,0.041,0.036,0.015,0.007,0.004,0.003,0.984,50.180
2410121457,2026-09-18 23:30:00,233.050,232.090,232.620,1.740,1.730,1.580,1.100,0.381,0.373,0.346,0.351,0.119,0.131,0.099,0.952,50.170
2410121574,2026-09-18 23:30:00,235.560,234.500,234.630,0.100,0.110,0.080,0.049,0.017,0.020,0.011,-0.046,-0.014,-0.017,-0.014,0.724,50.180
2410131378,2026-09-18 23:30:00,234.470,235.100,234.400,0.010,0.010,0.030,0.009,0.001,0.001,0.006,-0.004,-0.002,-0.001,0.000,0.911,50.150
2410131383,2026-09-18 23:30:00,237.400,237.100,236.880,0.060,0.030,0.050,0.032,0.013,0.007,0.012,-0.002,-0.001,0.000,0.000,0.989,50.140
2410131384,2026-09-18 23:30:00,233.150,233.820,233.150,0.830,1.030,0.860,0.598,0.192,0.217,0.188,0.105,0.033,0.042,0.033,0.983,50.170
2410131387,2026-09-18 23:30:00,234.930,235.290,235.420,0.090,0.090,0.060,0.055,0.020,0.020,0.013,0.012,0.000,0.008,0.003,0.969,50.150
2410320615,2026-09-18 23:30:00,236.300,236.530,236.960,1.500,1.560,1.480,0.851,0.273,0.263,0.314,0.140,0.033,0.050,0.056,0.987,50.160
2410883988,2026-09-18 23:30:00,227.910,228.500,227.760,0.020,0.000,0.040,0.014,0.004,0.000,0.009,-0.001,0.000,0.000,-0.001,1.000,50.110
2410883990,2026-09-18 23:30:00,228.410,227.320,227.530,0.020,0.000,0.010,0.005,0.003,0.000,0.002,0.001,0.002,0.000,0.000,0.963,50.160
2410883991,2026-09-18 23:30:00,233.290,233.360,234.110,0.050,0.100,0.050,0.046,0.011,0.023,0.011,0.000,-0.001,0.001,0.000,0.997,50.120
2410883993,2026-09-18 23:30:00,233.260,232.470,232.320,0.920,1.010,1.260,0.735,0.212,0.231,0.291,-0.052,-0.023,-0.027,-0.002,0.997,50.170
2410883994,2026-09-18 23:30:00,233.950,233.100,233.340,0.020,0.050,0.010,0.017,0.003,0.010,0.003,-0.004,-0.002,-0.001,0.000,0.997,50.180
2410932742,2026-09-18 23:30:00,231.970,230.560,230.390,3.100,3.070,3.140,1.887,0.636,0.618,0.633,0.597,0.191,0.199,0.206,0.953,50.100
2411087432,2026-09-18 23:30:00,234.210,234.910,234.080,0.470,0.460,0.510,0.335,0.109,0.106,0.119,0.007,0.011,-0.005,0.002,0.998,50.100
2411087433,2026-09-18 23:30:00,232.920,232.960,233.680,0.360,0.330,0.330,0.234,0.082,0.076,0.075,0.042,0.012,0.013,0.016,0.984,50.170
2411290205,2026-09-18 23:30:00,237.330,236.880,237.390,0.110,0.110,0.140,0.086,0.026,0.026,0.032,0.005,0.001,0.002,0.001,1.000,50.120
2510014482,2026-09-18 23:30:00,234.410,235.000,234.220,0.010,0.040,0.000,0.013,0.002,0.010,0.000,-0.002,-0.002,0.000,0.000,0.979,50.110
2510014483,2026-09-18 23:30:00,232.930,232.990,233.590,0.050,0.040,0.080,0.030,0.008,0.006,0.016,-0.021,-0.006,-0.005,-0.008,0.826,50.170
2510014484,2026-09-18 23:30:00,235.950,235.490,236.220,1.260,1.530,1.260,0.879,0.266,0.339,0.272,0.346,0.122,0.109,0.115,0.929,50.130
2510178139,2026-09-18 23:30:00,233.990,234.610,233.730,0.420,0.410,0.390,0.255,0.087,0.092,0.075,0.122,0.040,0.045,0.037,0.903,50.160
2510178141,2026-09-18 23:30:00,234.710,234.880,235.480,0.020,0.010,0.010,0.003,0.002,0.000,0.000,-0.008,-0.004,-0.001,-0.002,0.350,50.130
2510203103,2026-09-18 23:30:00,229.050,227.800,227.640,0.110,0.140,0.070,0.072,0.025,0.031,0.015,-0.016,-0.005,-0.005,-0.005,0.973,50.160
2510203104,2026-09-18 23:30:00,227.420,227.350,227.950,0.310,0.220,0.260,0.236,0.097,0.069,0.069,0.049,0.006,0.017,0.025,0.958,50.150
2510203105,2026-09-18 23:30:00,234.490,233.160,233.150,0.020,0.110,0.030,0.036,0.005,0.025,0.005,0.009,0.000,0.006,0.002,0.969,50.160
2510203106,2026-09-18 23:30:00,236.810,236.400,236.980,0.030,0.010,0.000,0.009,0.005,0.003,0.000,-0.004,-0.003,0.000,0.000,0.960,50.170
2510203108,2026-09-18 23:30:00,234.750,235.120,234.120,0.360,1.120,1.460,0.610,0.071,0.241,0.297,0.036,0.008,0.009,0.018,0.999,50.120
2510203109,2026-09-18 23:30:00,232.880,233.480,232.720,0.020,0.080,0.070,0.037,0.003,0.017,0.016,0.004,0.002,0.001,0.001,0.983,50.170
2510203111,2026-09-18 23:30:00,234.810,235.020,235.680,0.020,0.020,0.000,0.007,0.003,0.003,0.000,-0.002,-0.002,0.000,0.000,0.960,50.170
2510203113,2026-09-18 23:30:00,236.590,236.300,236.000,0.450,0.490,0.570,0.355,0.106,0.114,0.134,0.008,-0.002,-0.001,0.012,0.999,50.100
2510203114,2026-09-18 23:30:00,226.940,227.070,227.550,0.250,0.170,0.190,0.130,0.049,0.050,0.054,0.020,0.006,0.001,0.012,0.987,50.160
2510203117,2026-09-18 23:30:00,228.440,227.730,227.780,0.220,0.240,0.170,0.145,0.048,0.050,0.046,-0.039,-0.011,-0.017,-0.010,0.961,50.120
2510203118,2026-09-18 23:30:00,122.780,122.720,123.150,0.170,0.150,0.150,0.055,0.020,0.017,0.017,-0.020,-0.007,-0.004,-0.008,0.914,50.170
2510203120,2026-09-18 23:30:00,233.390,232.680,232.870,0.780,0.580,0.550,0.422,0.171,0.128,0.121,0.134,0.056,0.041,0.036,0.951,50.120
2510203121,2026-09-18 23:30:00,227.330,227.470,228.080,0.300,0.220,0.350,0.195,0.066,0.049,0.079,-0.003,0.003,-0.003,-0.004,0.999,50.170
2510203122,2026-09-18 23:30:00,234.480,235.210,234.400,0.090,0.020,0.010,0.018,0.014,0.002,0.000,0.010,0.014,-0.002,-0.001,0.876,50.110
2510203123,2026-09-18 23:30:00,234.810,234.910,235.640,0.010,0.010,0.000,0.005,0.002,0.002,0.000,-0.003,-0.001,-0.001,0.000,0.804,50.150
2510203124,2026-09-18 23:30:00,234.240,234.520,233.790,0.130,0.130,0.150,0.081,0.026,0.025,0.030,0.047,0.015,0.016,0.015,0.863,50.160
2510203127,2026-09-18 23:30:00,233.900,234.580,233.840,0.430,0.600,0.420,0.279,0.080,0.120,0.078,0.188,0.061,0.069,0.056,0.831,50.140
2510203128,2026-09-18 23:30:00,232.360,232.580,231.200,2.330,2.290,2.380,1.573,0.526,0.511,0.531,0.210,0.046,0.070,0.093,0.990,50.150
2510203129,2026-09-18 23:30:00,236.650,236.200,236.840,0.010,0.030,0.000,0.008,0.002,0.006,0.000,-0.003,-0.002,-0.001,0.000,0.888,50.140
2510203133,2026-09-18 23:30:00,234.350,235.040,234.310,0.030,0.020,0.000,0.011,0.006,0.004,0.000,-0.002,0.000,-0.002,0.000,0.946,50.150
2510203134,2026-09-18 23:30:00,233.930,233.060,233.030,0.020,0.010,0.010,0.007,0.004,0.001,0.001,-0.001,0.000,-0.001,0.000,0.952,50.110
2510224049,2026-09-18 23:30:00,227.400,228.220,227.420,16.450,12.470,7.820,6.850,2.800,2.480,1.560,-2.050,-0.670,-0.840,-0.530,0.957,50.170
2510224167,2026-09-18 23:30:00,227.570,227.530,228.390,6.100,4.520,4.820,2.720,1.220,0.720,0.770,-1.910,-0.570,-0.650,-0.680,0.818,50.130
2510317505,2026-09-18 23:30:00,227.660,227.820,228.470,11.650,3.690,5.270,3.660,2.280,0.580,0.780,-1.750,-0.510,-0.540,-0.690,0.901,50.150
2510317516,2026-09-18 23:30:00,227.870,227.860,228.530,0.000,0.000,0.000,0.000,0.000,0.000,0.000,0.000,0.000,0.000,0.000,1.000,50.130
2510317537,2026-09-18 23:30:00,232.900,232.560,233.570,2.650,2.900,3.070,1.750,0.560,0.570,0.610,-0.200,-0.030,-0.050,-0.100,0.994,50.130
2510389559,2026-09-18 23:30:00,236.860,236.450,237.130,0.000,0.000,0.000,0.000,0.000,0.000,0.000,0.000,0.000,0.000,0.000,1.000,50.100
2510389643,2026-09-18 23:30:00,237.620,237.230,237.840,5.720,16.190,15.510,8.510,1.250,3.680,3.560,-1.290,-0.140,-0.620,-0.520,0.988,50.140
2510389931,2026-09-18 23:30:00,236.770,236.110,236.820,8.360,4.960,15.460,6.670,1.930,1.130,3.600,-1.260,-0.420,-0.270,-0.570,0.982,50.170
2510633381,2026-09-18 23:30:00,233.340,232.580,232.690,0.050,0.060,0.010,0.024,0.009,0.012,0.002,-0.013,-0.005,-0.006,-0.002,0.863,50.140
2510633383,2026-09-18 23:30:00,233.580,233.710,234.330,0.110,0.080,0.090,0.017,0.006,0.002,0.008,-0.062,-0.024,-0.019,-0.018,0.275,50.140
2510633385,2026-09-18 23:30:00,237.380,237.010,237.470,0.220,0.350,0.360,0.218,0.050,0.082,0.085,-0.031,-0.003,-0.015,-0.013,0.989,50.170
2510633386,2026-09-18 23:30:00,222.280,222.230,223.040,1.090,1.090,1.080,0.165,0.056,0.055,0.053,-0.674,-0.223,-0.224,-0.225,0.208,50.180
2510633387,2026-09-18 23:30:00,234.120,234.800,234.060,0.010,0.020,0.000,0.004,0.002,0.002,0.000,0.002,0.000,0.002,0.000,0.799,50.170
2510633389,2026-09-18 23:30:00,237.080,236.890,236.540,0.170,0.180,0.150,0.107,0.035,0.039,0.032,-0.054,-0.019,-0.018,-0.016,0.895,50.160
2510633390,2026-09-18 23:30:00,232.990,233.800,232.870,0.330,0.380,0.550,0.292,0.058,0.058,0.111,0.059,0.020,0.021,0.017,0.944,50.150
2510633391,2026-09-18 23:30:00,123.340,122.920,122.990,0.000,0.000,0.000,0.000,0.000,0.000,0.000,0.000,0.000,0.000,0.000,1.000,50.150
2510633393,2026-09-18 23:30:00,234.950,235.550,235.290,1.510,1.540,1.510,1.033,0.341,0.351,0.340,0.259,0.087,0.077,0.093,0.970,50.170
2510633395,2026-09-18 23:30:00,234.240,234.840,234.080,0.000,0.000,0.000,0.000,0.000,0.000,0.000,0.000,0.000,0.000,0.000,1.000,50.170
2510633396,2026-09-18 23:30:00,234.150,233.410,233.930,0.260,0.290,0.260,0.162,0.050,0.060,0.050,0.097,0.033,0.032,0.031,0.857,50.130
2510633397,2026-09-18 23:30:00,239.780,238.860,239.050,0.050,0.040,0.030,0.029,0.012,0.010,0.006,-0.005,-0.002,-0.001,0.000,1.000,50.150
2510633399,2026-09-18 23:30:00,227.070,227.100,227.900,0.370,0.430,0.410,0.273,0.083,0.096,0.092,0.008,0.004,0.001,0.003,1.000,50.130
2510633400,2026-09-18 23:30:00,226.910,227.710,226.810,0.320,0.290,0.290,0.186,0.057,0.058,0.061,0.066,0.020,0.023,0.023,0.939,50.150
2510633402,2026-09-18 23:30:00,232.730,232.300,233.870,0.480,0.510,0.540,0.383,0.120,0.127,0.167,0.083,0.025,0.028,0.029,0.983,50.180
2510633406,2026-09-18 23:30:00,227.320,227.300,228.220,0.100,0.080,0.080,0.046,0.020,0.012,0.012,-0.032,-0.009,-0.011,-0.011,0.807,50.180
2510633411,2026-09-18 23:30:00,225.810,224.830,224.790,1.780,1.700,1.780,1.090,0.375,0.354,0.367,0.398,0.128,0.128,0.142,0.939,50.140
2510814977,2026-09-18 23:30:00,232.930,234.240,233.120,0.010,0.010,0.010,0.004,0.002,0.000,0.001,-0.002,0.000,-0.001,-0.001,0.987,50.170
2610026950,2026-09-18 23:30:00,228.170,227.200,227.270,0.010,0.010,0.010,0.004,0.001,0.001,0.001,-0.001,0.000,0.000,0.000,0.926,50.180
2610026952,2026-09-18 23:30:00,232.450,231.560,231.810,2.030,1.970,1.990,1.196,0.403,0.391,0.400,0.691,0.239,0.228,0.223,0.865,50.170
2610026953,2026-09-18 23:30:00,236.060,235.530,236.140,0.510,0.530,0.520,0.336,0.107,0.118,0.111,0.160,0.056,0.052,0.052,0.903,50.170
2610026963,2026-09-18 23:30:00,233.990,233.920,234.610,0.160,0.110,0.100,0.068,0.031,0.019,0.017,-0.052,-0.021,-0.015,-0.015,0.792,50.140
2610026966,2026-09-18 23:30:00,229.750,230.700,229.920,0.040,0.040,0.050,0.025,0.008,0.008,0.008,0.012,0.003,0.004,0.004,0.883,50.150
2610026976,2026-09-18 23:30:00,233.720,233.650,234.500,0.290,0.690,0.190,0.253,0.066,0.142,0.044,-0.019,-0.012,0.000,-0.006,0.997,50.140
2610026977,2026-09-18 23:30:00,240.400,241.900,241.100,0.410,0.410,0.590,0.325,0.089,0.096,0.140,0.000,0.042,-0.019,-0.022,1.000,50.140
2610126270,2026-09-18 23:30:00,227.620,228.300,227.570,0.030,0.020,0.010,0.013,0.006,0.004,0.002,-0.005,-0.002,-0.001,-0.001,0.905,50.160
2610159557,2026-09-18 23:30:00,233.650,232.810,232.880,0.020,0.010,0.010,0.007,0.003,0.002,0.001,-0.005,-0.002,-0.001,-0.001,0.835,50.170
2610170785,2026-09-18 23:30:00,233.480,232.690,232.870,0.000,0.010,0.000,0.003,0.000,0.002,0.000,0.000,0.000,0.000,0.000,1.000,50.170
2610170786,2026-09-18 23:30:00,233.260,233.310,233.930,0.630,0.660,0.710,0.555,0.171,0.179,0.204,0.090,0.037,0.025,0.029,0.979,50.130
2610170836,2026-09-18 23:30:00,234.250,234.530,235.170,0.000,0.010,0.000,0.001,0.000,0.001,0.000,0.000,0.000,0.000,0.000,1.000,50.170
2610170837,2026-09-18 23:30:00,234.350,233.090,232.960,0.000,0.000,0.030,0.009,0.000,0.000,0.007,0.000,0.000,0.000,0.000,1.000,50.170
2610170838,2026-09-18 23:30:00,233.660,232.700,232.930,0.000,0.040,0.050,0.021,0.000,0.009,0.011,0.000,0.000,0.000,0.000,1.000,50.110
2610170839,2026-09-18 23:30:00,232.830,233.000,233.670,0.000,0.020,0.010,0.008,0.000,0.004,0.003,0.000,0.000,0.000,0.000,1.000,50.170
2610170840,2026-09-18 23:30:00,236.910,236.260,236.990,0.220,0.120,0.390,0.169,0.049,0.028,0.090,-0.033,-0.011,-0.006,-0.014,0.982,50.170
2610322967,2026-09-18 23:30:00,233.920,232.980,232.880,0.000,0.000,0.010,0.001,0.000,0.000,0.001,0.000,0.000,0.000,0.000,1.000,50.170
2610322969,2026-09-18 23:30:00,228.170,227.220,227.290,0.040,0.060,0.010,0.023,0.008,0.013,0.002,-0.002,-0.001,0.000,0.000,0.996,50.170
2610322995,2026-09-18 23:30:00,232.890,232.930,233.650,0.000,0.030,0.030,0.011,0.000,0.005,0.006,-0.008,0.000,-0.004,-0.004,0.771,50.170
2610322997,2026-09-18 23:30:00,232.140,232.210,231.710,1.140,1.330,0.940,0.732,0.258,0.277,0.197,0.305,0.045,0.148,0.107,0.923,50.170
2610323001,2026-09-18 23:30:00,231.170,230.370,229.780,2.560,2.260,2.610,1.534,0.548,0.464,0.549,0.718,0.242,0.235,0.240,0.907,50.170
2610323004,2026-09-18 23:30:00,64.640,64.100,64.460,0.120,0.110,0.130,0.022,0.007,0.006,0.007,-0.001,0.000,0.000,0.000,1.000,50.170
2610323005,2026-09-18 23:30:00,227.500,228.200,227.420,0.000,0.000,0.010,0.003,0.000,0.001,0.001,-0.001,0.000,0.000,-0.001,0.792,50.170
2610323010,2026-09-18 23:30:00,237.020,236.780,236.370,0.050,0.000,0.000,0.008,0.008,0.000,0.000,-0.007,-0.007,0.000,0.000,0.747,50.170
2610323016,2026-09-18 23:30:00,231.950,231.080,230.790,2.140,1.960,1.940,1.235,0.437,0.400,0.397,0.597,0.196,0.200,0.200,0.898,50.160
2610323019,2026-09-18 23:30:00,227.780,228.720,227.860,0.020,0.020,0.030,0.014,0.004,0.004,0.006,-0.006,-0.001,-0.002,-0.002,0.918,50.150
2610323024,2026-09-18 23:30:00,233.060,234.430,233.270,0.330,0.210,0.110,0.149,0.077,0.048,0.023,0.013,0.000,0.006,0.007,0.994,50.170
2610323027,2026-09-18 23:30:00,234.100,233.220,233.410,0.020,0.030,0.020,0.014,0.004,0.006,0.003,-0.010,-0.003,-0.004,-0.003,0.828,50.140
2510014481,2026-09-18 23:31:00,231.380,230.960,232.370,2.690,2.720,2.770,1.361,0.444,0.444,0.471,0.475,0.158,0.163,0.153,0.957,50.180
2510203119,2026-09-18 23:31:00,228.450,227.550,227.560,0.000,0.000,0.000,0.000,0.000,0.000,0.000,0.000,0.000,0.000,0.000,1.000,50.140
2510203126,2026-09-18 23:31:00,227.550,227.520,228.320,0.040,0.020,0.000,0.013,0.009,0.004,0.000,-0.001,-0.001,0.000,0.000,0.998,50.130
2510203130,2026-09-18 23:31:00,245.790,245.430,247.030,0.000,0.000,0.010,0.003,0.000,0.001,0.002,-0.001,0.000,0.000,0.000,1.000,50.180
2610126451,2026-09-18 23:31:00,234.890,235.440,234.650,0.000,0.010,0.070,0.018,0.000,0.001,0.015,0.001,0.000,0.000,0.002,0.976,50.180
2610323017,2026-09-18 23:32:00,232.330,233.310,232.600,0.040,0.020,0.020,0.015,0.008,0.003,0.003,-0.010,-0.005,-0.003,-0.002,0.809,50.120
