METER_NO,DATE_TIME,U_A,U_B,U_C,I_A,I_B,I_C,P,P_A,P_B,P_C,Q,Q_A,Q_B,Q_C,PF,F
2246006313,2026-10-09 00:00:00,58.200,58.200,58.100,0.806,0.818,0.774,0.136,0.045,0.046,0.043,0.018,0.007,0.005,0.005,0.990,50.140
2410121326,2026-10-09 00:00:00,238.790,237.890,238.160,0.100,0.110,0.150,0.083,0.024,0.025,0.033,0.001,-0.001,-0.001,0.004,1.000,50.090
2410121353,2026-10-09 00:00:00,238.420,237.600,237.850,0.000,0.010,0.040,0.013,0.000,0.003,0.010,-0.001,0.000,0.000,0.000,1.000,50.080
2410121371,2026-10-09 00:00:00,238.490,237.530,237.800,0.040,0.010,0.060,0.022,0.008,0.000,0.013,-0.003,0.000,-0.001,-0.001,0.988,50.050
2410121424,2026-10-09 00:00:00,238.500,237.640,237.910,0.010,0.010,0.010,0.004,0.000,0.001,0.002,-0.003,-0.001,-0.001,0.000,0.781,50.090
2410121440,2026-10-09 00:00:00,238.400,237.510,237.770,0.010,0.010,0.010,0.005,0.002,0.000,0.001,-0.003,-0.002,-0.001,0.000,0.927,50.060
2410121574,2026-10-09 00:00:00,238.770,237.660,237.920,0.100,0.110,0.070,0.044,0.018,0.017,0.009,-0.047,-0.014,-0.018,-0.014,0.691,50.080
2410131378,2026-10-09 00:00:00,237.900,238.480,237.640,0.240,0.370,0.320,0.235,0.070,0.083,0.081,0.063,0.023,0.024,0.029,0.969,50.070
2410131383,2026-10-09 00:00:00,239.860,238.640,238.390,0.060,0.040,0.070,0.040,0.014,0.010,0.015,-0.002,0.000,-0.001,-0.001,0.998,50.090
2410131384,2026-10-09 00:00:00,235.250,235.730,235.180,0.900,1.070,0.890,0.764,0.228,0.250,0.216,0.101,0.027,0.046,0.027,0.987,50.090
2410320615,2026-10-09 00:00:00,237.520,238.670,238.170,1.300,1.300,1.420,0.904,0.290,0.284,0.311,0.135,0.029,0.054,0.051,0.988,50.140
2410883988,2026-10-09 00:00:00,231.990,232.290,231.830,0.340,0.330,0.410,0.240,0.076,0.072,0.091,0.065,0.021,0.022,0.021,0.963,50.170
2410883990,2026-10-09 00:00:00,232.000,231.450,231.640,0.020,0.000,0.100,0.027,0.003,0.000,0.023,0.004,0.002,0.000,0.001,1.000,50.100
2410883991,2026-10-09 00:00:00,235.340,235.560,236.230,0.060,0.070,0.220,0.080,0.014,0.015,0.051,-0.004,-0.002,0.000,-0.003,0.997,50.090
2410883993,2026-10-09 00:00:00,236.050,235.140,235.510,0.770,0.750,0.810,0.535,0.178,0.174,0.183,-0.061,-0.022,-0.016,-0.022,0.993,50.100
2410883994,2026-10-09 00:00:00,236.320,235.350,235.750,0.010,0.040,0.010,0.012,0.001,0.009,0.001,0.000,0.000,0.000,0.000,0.978,50.100
2411087432,2026-10-09 00:00:00,238.260,238.930,238.050,0.500,0.440,0.490,0.336,0.117,0.103,0.115,0.011,0.016,-0.003,0.000,0.999,50.170
2411087433,2026-10-09 00:00:00,235.870,236.080,236.660,0.390,0.400,0.400,0.276,0.090,0.092,0.091,-0.027,-0.011,-0.009,-0.005,0.995,50.090
2411290205,2026-10-09 00:00:00,238.370,237.960,239.350,0.110,0.130,0.140,0.088,0.025,0.029,0.032,0.009,0.003,0.002,0.003,0.997,50.090
2510014481,2026-10-09 00:00:00,230.830,230.790,232.280,1.490,1.490,1.520,0.940,0.311,0.307,0.321,0.357,0.129,0.123,0.105,0.927,50.100
2510014482,2026-10-09 00:00:00,238.300,238.860,238.000,0.010,0.040,0.000,0.012,0.002,0.009,0.000,-0.002,-0.002,0.000,0.000,0.958,50.170
2510014483,2026-10-09 00:00:00,235.260,235.480,236.070,0.040,0.030,0.050,0.019,0.006,0.005,0.007,-0.020,-0.006,-0.005,-0.008,0.697,50.090
2510014484,2026-10-09 00:00:00,237.050,236.650,238.210,1.830,2.090,1.800,1.275,0.404,0.467,0.384,0.447,0.154,0.137,0.155,0.940,50.160
2510178139,2026-10-09 00:00:00,238.350,239.000,238.050,0.070,0.040,0.050,0.036,0.016,0.009,0.010,0.001,0.001,0.000,-0.001,0.996,50.100
2510178141,2026-10-09 00:00:00,238.060,238.230,238.780,0.020,0.010,0.020,0.007,0.002,0.000,0.003,-0.009,-0.004,-0.001,-0.003,0.594,50.160
2510203103,2026-10-09 00:00:00,227.910,226.330,226.480,0.130,0.130,0.080,0.072,0.027,0.028,0.016,-0.017,-0.006,-0.005,-0.006,0.973,50.110
2510203104,2026-10-09 00:00:00,229.750,229.900,230.410,0.430,0.270,0.370,0.238,0.098,0.059,0.079,0.051,0.005,0.016,0.029,0.979,50.120
2510203105,2026-10-09 00:00:00,234.120,232.480,232.780,0.050,0.100,0.010,0.035,0.011,0.021,0.003,0.009,0.003,0.005,0.000,0.974,50.100
2510203106,2026-10-09 00:00:00,238.530,238.010,239.570,0.030,0.010,0.000,0.009,0.005,0.003,0.000,-0.003,-0.003,0.000,0.000,0.935,50.110
2510203107,2026-10-09 00:00:00,226.090,225.640,227.140,1.010,1.050,0.960,0.627,0.209,0.217,0.200,0.175,0.055,0.062,0.059,0.963,50.100
2510203108,2026-10-09 00:00:00,238.160,238.650,237.670,0.510,0.730,1.130,0.525,0.109,0.161,0.254,0.041,0.012,0.014,0.014,0.996,50.150
2510203109,2026-10-09 00:00:00,235.480,236.030,235.100,0.030,0.020,0.080,0.028,0.004,0.005,0.018,0.008,0.004,0.001,0.001,0.958,50.070
2510203111,2026-10-09 00:00:00,237.470,237.750,238.330,1.210,1.200,1.520,1.177,0.388,0.347,0.442,0.298,0.120,0.083,0.089,0.955,50.090
2510203113,2026-10-09 00:00:00,240.030,238.970,238.810,0.300,0.370,0.350,0.243,0.070,0.089,0.083,-0.011,-0.003,-0.006,-0.002,0.998,50.170
2510203114,2026-10-09 00:00:00,229.320,229.710,230.040,0.230,0.160,0.210,0.136,0.051,0.037,0.047,0.024,0.007,0.002,0.013,0.987,50.060
2510203117,2026-10-09 00:00:00,231.990,231.460,231.490,0.220,0.230,0.190,0.136,0.047,0.050,0.037,-0.041,-0.013,-0.017,-0.010,0.959,50.150
2510203120,2026-10-09 00:00:00,235.720,234.940,235.130,0.750,0.520,0.630,0.412,0.163,0.114,0.134,0.154,0.060,0.043,0.050,0.936,50.150
2510203121,2026-10-09 00:00:00,231.500,231.630,231.980,0.120,0.050,0.140,0.063,0.026,0.007,0.029,-0.025,-0.005,-0.007,-0.011,0.928,50.100
2510203122,2026-10-09 00:00:00,238.290,238.970,238.120,0.090,0.020,0.010,0.023,0.020,0.002,0.000,0.000,0.004,-0.002,-0.001,0.983,50.170
2510203123,2026-10-09 00:00:00,237.650,237.970,238.520,0.740,1.100,0.690,0.208,0.057,0.090,0.059,0.019,0.003,0.008,0.011,1.000,50.110
2510203125,2026-10-09 00:00:00,238.370,239.750,238.660,0.030,0.030,0.080,0.025,0.003,0.004,0.017,-0.019,-0.007,-0.006,-0.005,0.790,50.110
2510203126,2026-10-09 00:00:00,231.410,231.510,231.930,0.400,0.340,0.330,0.239,0.090,0.076,0.072,0.065,0.021,0.021,0.022,0.963,50.050
2510203127,2026-10-09 00:00:00,238.080,238.740,237.900,0.040,0.010,0.040,0.019,0.009,0.001,0.007,-0.006,0.000,0.000,-0.005,0.967,50.100
2510203128,2026-10-09 00:00:00,234.940,235.110,233.690,2.220,2.180,2.290,1.529,0.509,0.497,0.517,0.166,0.030,0.056,0.079,0.994,50.140
2510203130,2026-10-09 00:00:00,244.690,244.680,246.260,0.000,0.000,0.030,0.009,0.000,0.001,0.007,-0.001,0.000,0.000,0.000,1.000,50.060
2510203133,2026-10-09 00:00:00,238.130,238.640,237.960,0.030,0.020,0.000,0.011,0.006,0.003,0.000,-0.002,0.000,-0.002,0.000,1.000,50.090
2510203134,2026-10-09 00:00:00,236.730,235.730,235.980,0.020,0.010,0.010,0.007,0.004,0.002,0.001,-0.001,0.000,-0.001,0.000,0.976,50.130
2510224167,2026-10-09 00:00:00,231.390,231.430,231.840,5.830,4.510,4.760,2.670,1.180,0.730,0.760,-1.930,-0.560,-0.660,-0.690,0.810,50.170
2510317505,2026-10-09 00:00:00,231.360,231.540,231.890,11.660,3.680,5.300,3.730,2.330,0.590,0.800,-1.780,-0.520,-0.560,-0.700,0.901,50.140
2510317516,2026-10-09 00:00:00,231.410,231.530,231.880,0.000,0.000,0.000,0.000,0.000,0.000,0.000,0.000,0.000,0.000,0.000,1.000,50.160
2510317537,2026-10-09 00:00:00,235.370,235.470,236.180,2.190,2.390,2.510,1.650,0.510,0.550,0.580,-0.300,-0.070,-0.100,-0.100,0.985,50.160
2510389559,2026-10-09 00:00:00,239.410,239.060,240.530,0.000,0.000,0.000,0.000,0.000,0.000,0.000,0.000,0.000,0.000,0.000,1.000,50.170
2510389643,2026-10-09 00:00:00,238.970,238.530,239.970,5.190,15.750,15.000,8.240,1.130,3.610,3.480,-1.290,-0.160,-0.610,-0.510,0.987,50.150
2510389931,2026-10-09 00:00:00,238.400,237.740,239.380,8.710,4.930,14.970,6.690,2.020,1.130,3.530,-1.250,-0.430,-0.260,-0.540,0.982,50.120
2510633381,2026-10-09 00:00:00,236.280,235.360,235.710,0.050,0.070,0.010,0.032,0.011,0.016,0.004,-0.011,-0.004,-0.005,-0.001,0.931,50.100
2510633382,2026-10-09 00:00:00,238.000,239.530,238.470,0.120,0.120,0.140,0.064,0.019,0.020,0.025,-0.065,-0.021,-0.021,-0.022,0.697,50.030
2510633383,2026-10-09 00:00:00,237.800,237.970,238.600,0.120,0.090,0.100,0.037,0.014,0.007,0.015,-0.062,-0.023,-0.019,-0.018,0.511,50.070
2510633385,2026-10-09 00:00:00,238.890,238.500,240.000,0.170,0.350,0.350,0.205,0.038,0.082,0.084,-0.033,-0.004,-0.015,-0.013,0.985,50.050
2510633386,2026-10-09 00:00:00,222.070,222.200,222.830,0.370,0.360,0.350,0.120,0.040,0.040,0.038,-0.206,-0.069,-0.069,-0.067,0.506,50.040
2510633387,2026-10-09 00:00:00,237.920,238.590,237.710,0.010,0.000,0.000,0.002,0.002,0.000,0.000,0.000,0.000,0.000,0.000,0.849,50.050
2510633389,2026-10-09 00:00:00,239.380,238.280,237.790,0.270,0.250,0.260,0.205,0.073,0.061,0.070,0.001,-0.001,0.001,0.002,1.000,50.050
2510633390,2026-10-09 00:00:00,235.400,236.190,235.240,0.500,0.530,0.470,0.303,0.097,0.116,0.090,0.070,0.010,0.032,0.028,0.975,50.050
2510633391,2026-10-09 00:00:00,125.070,124.600,124.740,0.000,0.000,0.000,0.000,0.000,0.000,0.000,0.000,0.000,0.000,0.000,1.000,50.030
2510633393,2026-10-09 00:00:00,237.110,238.480,237.360,1.280,1.330,1.290,0.872,0.287,0.302,0.283,0.227,0.073,0.070,0.083,0.968,50.040
2510633395,2026-10-09 00:00:00,238.180,238.720,237.960,0.000,0.000,0.000,0.000,0.000,0.000,0.000,0.000,0.000,0.000,0.000,1.000,50.110
2510633396,2026-10-09 00:00:00,238.570,237.710,238.340,0.130,0.170,0.130,0.086,0.025,0.035,0.025,0.052,0.017,0.018,0.017,0.853,50.060
2510633399,2026-10-09 00:00:00,231.140,231.220,231.700,0.230,0.280,0.300,0.184,0.051,0.063,0.069,0.000,0.001,0.000,-0.001,1.000,50.020
2510633400,2026-10-09 00:00:00,230.590,230.990,230.410,0.360,0.400,0.400,0.237,0.073,0.081,0.082,0.118,0.038,0.040,0.039,0.895,50.040
2510633402,2026-10-09 00:00:00,231.640,231.540,233.070,0.530,0.550,0.630,0.358,0.111,0.116,0.131,0.090,0.028,0.029,0.032,0.973,50.030
2510633406,2026-10-09 00:00:00,231.370,231.420,231.900,0.090,0.080,0.080,0.045,0.019,0.012,0.012,-0.033,-0.009,-0.011,-0.011,0.808,50.100
2510633411,2026-10-09 00:00:00,229.860,229.310,229.330,1.380,1.290,1.380,0.860,0.295,0.272,0.292,0.334,0.111,0.106,0.116,0.932,50.080
2610026952,2026-10-09 00:00:00,237.500,236.810,236.870,0.820,0.790,0.840,0.523,0.173,0.169,0.180,0.224,0.081,0.070,0.072,0.918,50.060
2610026963,2026-10-09 00:00:00,238.010,238.070,238.780,0.230,0.170,0.170,0.128,0.052,0.038,0.037,-0.029,-0.013,-0.008,-0.007,0.970,50.040
2610026966,2026-10-09 00:00:00,232.870,233.180,232.510,0.050,0.050,0.070,0.038,0.011,0.011,0.014,0.015,0.003,0.004,0.007,0.912,50.110
2610026976,2026-10-09 00:00:00,237.830,237.990,238.620,0.380,0.320,0.960,0.392,0.088,0.075,0.227,-0.048,-0.015,-0.002,-0.030,0.991,50.040
2610026977,2026-10-09 00:00:00,243.890,244.020,243.390,0.180,0.490,0.560,0.292,0.039,0.118,0.134,0.028,0.020,0.005,0.002,0.996,50.080
2610126270,2026-10-09 00:00:00,231.430,231.740,231.400,0.010,0.010,0.010,0.007,0.002,0.002,0.001,-0.004,-0.001,0.000,-0.001,0.877,50.050
2610126451,2026-10-09 00:00:00,238.570,239.000,238.260,0.010,0.000,0.030,0.009,0.001,0.000,0.007,0.001,0.000,0.000,0.001,1.000,50.100
2610159557,2026-10-09 00:00:00,236.230,235.370,235.570,0.020,0.010,0.010,0.006,0.003,0.001,0.001,-0.004,-0.003,0.000,-0.001,0.839,50.100
2610159558,2026-10-09 00:00:00,235.210,235.500,236.110,0.000,0.000,0.000,0.000,0.000,0.000,0.000,0.000,0.000,0.000,0.000,0.794,50.080
2610170785,2026-10-09 00:00:00,236.230,235.310,235.640,0.000,0.000,0.000,0.000,0.000,0.000,0.000,0.000,0.000,0.000,0.000,0.556,50.120
2610170786,2026-10-09 00:00:00,235.450,235.600,236.220,0.830,0.820,0.920,0.553,0.163,0.190,0.199,0.107,0.033,0.033,0.040,0.987,50.150
2610170836,2026-10-09 00:00:00,237.750,238.150,238.640,0.090,0.080,0.340,0.033,0.010,0.009,0.013,0.002,0.002,0.000,0.000,0.996,50.100
2610170837,2026-10-09 00:00:00,233.670,232.110,232.230,0.000,0.000,0.000,0.000,0.000,0.000,0.000,0.000,0.000,0.000,0.000,0.723,50.100
2610170838,2026-10-09 00:00:00,236.390,235.290,235.620,0.020,0.040,0.090,0.035,0.004,0.009,0.022,0.000,0.000,0.001,-0.001,0.989,50.170
2610170839,2026-10-09 00:00:00,235.030,235.370,236.000,0.000,0.020,0.010,0.009,0.000,0.005,0.003,0.000,0.000,0.000,0.000,1.000,50.070
2610170840,2026-10-09 00:00:00,238.470,237.820,239.470,0.230,0.120,0.380,0.170,0.052,0.028,0.088,-0.032,-0.011,-0.006,-0.014,0.984,50.120
2610322967,2026-10-09 00:00:00,236.630,235.620,235.670,0.000,0.000,0.010,0.001,0.000,0.000,0.001,0.000,0.000,0.000,0.000,1.000,50.100
2610322969,2026-10-09 00:00:00,231.310,230.550,231.330,0.700,0.610,0.190,0.219,0.138,0.036,0.043,0.225,0.082,0.133,0.008,0.698,50.040
2610322992,2026-10-09 00:00:00,232.070,232.530,233.430,0.160,0.340,0.270,0.168,0.032,0.078,0.058,0.048,0.016,0.010,0.021,0.959,50.120
2610322995,2026-10-09 00:00:00,235.210,235.480,236.060,0.000,0.000,0.000,0.000,0.000,0.000,0.000,0.000,0.000,0.000,0.000,1.000,50.060
2610322997,2026-10-09 00:00:00,231.120,231.500,230.710,1.190,1.340,0.980,0.670,0.248,0.238,0.183,0.281,0.052,0.141,0.088,0.924,50.100
2610323001,2026-10-09 00:00:00,232.200,230.850,230.840,1.460,1.330,1.280,0.878,0.321,0.284,0.273,0.305,0.101,0.104,0.099,0.944,50.110
2610323004,2026-10-09 00:00:00,64.410,63.850,64.300,0.150,0.130,0.150,0.026,0.009,0.007,0.009,0.005,0.002,0.001,0.000,0.979,50.110
2610323010,2026-10-09 00:00:00,239.610,238.450,238.040,0.050,0.000,0.000,0.009,0.009,0.000,0.000,-0.006,-0.006,0.000,0.000,0.850,50.100
2610323014,2026-10-09 00:00:00,237.850,238.040,238.650,0.010,0.000,0.000,0.001,0.001,0.000,0.000,-0.001,-0.001,0.000,0.000,0.910,50.080
2610323016,2026-10-09 00:00:00,231.610,230.440,230.400,1.560,1.410,1.410,0.874,0.317,0.277,0.278,0.483,0.162,0.160,0.160,0.874,50.150
2610323017,2026-10-09 00:00:00,235.490,236.160,235.240,0.000,0.000,0.000,0.000,0.000,0.000,0.000,0.000,0.000,0.000,0.000,1.000,50.100
2610323027,2026-10-09 00:00:00,236.540,235.530,235.820,0.000,0.000,0.000,0.000,0.000,0.000,0.000,0.000,0.000,0.000,0.000,1.000,50.150
2410121457,2026-10-09 00:01:00,236.860,235.890,236.390,1.770,1.800,1.670,1.150,0.389,0.392,0.368,0.381,0.133,0.136,0.111,0.948,50.160
2510633397,2026-10-09 00:01:00,242.340,241.290,241.670,0.030,0.030,0.040,0.022,0.006,0.007,0.008,-0.006,-0.002,-0.002,-0.001,0.950,50.150
2510814977,2026-10-09 00:01:00,232.040,233.410,232.000,0.020,0.010,0.010,0.006,0.003,0.000,0.001,-0.001,0.001,-0.001,-0.001,1.000,50.040
2610026950,2026-10-09 00:01:00,231.880,231.300,231.430,0.010,0.000,0.010,0.004,0.001,0.001,0.002,0.000,0.000,0.000,0.000,0.958,50.040
2610026953,2026-10-09 00:01:00,237.920,237.410,238.890,0.580,0.520,0.540,0.295,0.094,0.101,0.099,0.179,0.065,0.056,0.057,0.881,50.060
2610323005,2026-10-09 00:01:00,231.520,231.920,231.340,0.000,0.000,0.000,0.001,0.000,0.001,0.000,0.000,0.000,0.000,0.000,0.977,50.030
2410121454,2026-10-09 00:02:00,238.360,239.000,238.080,0.070,0.160,0.110,0.079,0.015,0.036,0.027,0.017,0.006,0.005,0.004,0.977,50.070
2410131387,2026-10-09 00:02:00,238.280,239.660,238.740,0.030,0.030,0.030,0.016,0.005,0.005,0.005,-0.009,-0.002,-0.003,-0.003,0.874,50.000
2510203124,2026-10-09 00:02:00,238.400,238.620,237.790,0.070,0.080,0.090,0.051,0.015,0.015,0.019,0.026,0.008,0.009,0.009,0.883,50.030
2510224049,2026-10-09 00:02:00,231.490,231.980,231.420,15.760,12.080,7.650,6.710,2.730,2.420,1.550,-2.050,-0.650,-0.840,-0.550,0.956,50.100
2610323019,2026-10-09 00:02:00,231.800,232.340,231.860,0.020,0.060,0.030,0.024,0.004,0.013,0.006,-0.007,-0.001,-0.004,-0.001,0.949,50.160
2410932742,2026-10-09 00:03:00,231.690,230.090,230.080,3.080,3.040,3.160,1.974,0.660,0.646,0.667,0.543,0.178,0.172,0.192,0.964,50.090
2246006313,2026-10-09 00:30:00,58.300,58.300,58.200,0.768,0.782,0.762,0.134,0.045,0.046,0.043,0.024,0.009,0.007,0.007,0.984,50.120
2410121326,2026-10-09 00:30:00,240.000,239.140,239.390,0.100,0.120,0.120,0.080,0.024,0.028,0.028,-0.002,-0.002,-0.002,0.002,1.000,50.140
2410121353,2026-10-09 00:30:00,239.820,239.010,239.290,0.000,0.010,0.050,0.013,0.000,0.002,0.010,-0.001,0.000,0.000,0.000,0.982,50.130
2410121371,2026-10-09 00:30:00,240.120,239.190,239.400,0.040,0.010,0.030,0.017,0.008,0.000,0.008,-0.002,0.000,-0.001,0.000,1.000,50.140
2410121424,2026-10-09 00:30:00,239.940,239.150,239.380,0.010,0.010,0.010,0.004,0.000,0.001,0.002,-0.003,-0.001,-0.001,0.000,0.789,50.130
2410121440,2026-10-09 00:30:00,239.710,238.830,239.070,0.010,0.010,0.010,0.005,0.002,0.001,0.001,-0.003,-0.002,-0.001,0.000,0.841,50.130
2410121454,2026-10-09 00:30:00,239.390,240.070,239.190,0.060,0.150,0.110,0.074,0.014,0.034,0.025,0.014,0.005,0.004,0.004,0.984,50.130
2410121457,2026-10-09 00:30:00,238.030,236.940,237.540,1.760,1.840,1.660,1.156,0.385,0.402,0.368,0.395,0.135,0.145,0.114,0.946,50.090
2410121574,2026-10-09 00:30:00,240.230,239.170,239.370,0.110,0.090,0.070,0.043,0.021,0.012,0.009,-0.046,-0.014,-0.017,-0.014,0.682,50.140
2410131378,2026-10-09 00:30:00,239.390,239.950,239.130,0.320,0.390,0.380,0.320,0.097,0.122,0.110,0.084,0.023,0.027,0.033,0.974,50.150
2410131383,2026-10-09 00:30:00,240.350,239.190,238.940,0.040,0.030,0.040,0.026,0.009,0.006,0.009,-0.003,0.000,-0.001,-0.001,0.982,50.100
2410131384,2026-10-09 00:30:00,236.540,237.050,236.410,0.870,1.030,0.880,0.687,0.211,0.244,0.231,0.126,0.037,0.048,0.042,0.981,50.090
2410131387,2026-10-09 00:30:00,239.190,240.560,239.630,0.030,0.020,0.020,0.015,0.005,0.005,0.004,-0.009,-0.002,-0.003,-0.003,0.837,50.160
2410320615,2026-10-09 00:30:00,237.660,238.760,238.320,1.420,1.430,1.530,0.924,0.310,0.284,0.329,0.209,0.054,0.083,0.077,0.976,50.100
2410883988,2026-10-09 00:30:00,232.410,232.790,232.230,0.270,0.260,0.340,0.196,0.061,0.058,0.076,0.040,0.013,0.013,0.013,0.977,50.090
2410883990,2026-10-09 00:30:00,232.720,232.100,232.250,0.020,0.000,0.100,0.027,0.003,0.000,0.024,0.004,0.002,0.000,0.001,0.979,50.120
2410883991,2026-10-09 00:30:00,236.080,236.340,236.930,0.060,0.060,0.210,0.080,0.014,0.015,0.050,-0.004,-0.002,0.000,-0.002,1.000,49.920
2410883994,2026-10-09 00:30:00,237.140,236.250,236.670,0.010,0.040,0.010,0.012,0.001,0.009,0.001,0.000,0.000,0.000,0.000,0.980,49.990
2410932742,2026-10-09 00:30:00,233.050,231.480,231.320,3.100,3.070,3.160,1.994,0.668,0.653,0.671,0.553,0.179,0.178,0.195,0.963,50.120
2411087432,2026-10-09 00:30:00,239.170,239.790,238.940,0.450,0.440,0.550,0.326,0.106,0.103,0.115,-0.004,0.003,-0.003,-0.004,1.000,50.090
2411087433,2026-10-09 00:30:00,237.070,237.140,237.500,0.370,0.380,0.380,0.254,0.081,0.083,0.082,0.057,0.015,0.018,0.022,0.978,50.130
2411290205,2026-10-09 00:30:00,238.880,238.440,239.840,0.170,0.200,0.120,0.119,0.043,0.046,0.029,0.018,0.005,0.010,0.001,0.991,49.920
2510014481,2026-10-09 00:30:00,231.840,231.640,233.170,2.230,2.250,2.010,1.204,0.392,0.407,0.404,0.498,0.175,0.178,0.146,0.930,50.140
2510014483,2026-10-09 00:30:00,236.670,236.870,237.480,0.040,0.030,0.050,0.018,0.006,0.005,0.007,-0.020,-0.006,-0.005,-0.008,0.668,50.120
2510014484,2026-10-09 00:30:00,237.730,237.520,239.050,1.670,1.670,1.460,0.983,0.299,0.399,0.284,0.412,0.144,0.126,0.141,0.922,50.100
2510178139,2026-10-09 00:30:00,239.510,240.190,239.310,0.070,0.030,0.050,0.036,0.016,0.008,0.010,0.002,0.002,0.000,0.000,0.999,50.150
2510178141,2026-10-09 00:30:00,239.050,239.200,239.760,0.020,0.010,0.020,0.005,0.002,0.000,0.002,-0.009,-0.004,-0.001,-0.003,0.485,50.100
2510203103,2026-10-09 00:30:00,229.210,227.740,227.730,0.100,0.100,0.080,0.059,0.021,0.021,0.016,-0.023,-0.007,-0.007,-0.008,0.929,50.090
2510203104,2026-10-09 00:30:00,230.790,230.960,231.430,0.320,0.270,0.370,0.219,0.074,0.063,0.081,0.048,0.005,0.014,0.027,0.974,50.080
2510203105,2026-10-09 00:30:00,235.430,233.880,234.100,0.050,0.100,0.010,0.037,0.011,0.022,0.003,0.011,0.003,0.007,0.000,0.948,50.170
2510203106,2026-10-09 00:30:00,239.030,238.760,240.150,0.030,0.010,0.000,0.009,0.005,0.003,0.000,-0.003,-0.003,0.000,0.000,0.946,50.080
2510203107,2026-10-09 00:30:00,227.560,227.180,228.500,0.250,0.300,0.260,0.181,0.056,0.067,0.057,0.023,0.007,0.007,0.009,0.992,50.120
2510203108,2026-10-09 00:30:00,239.150,239.670,238.780,0.460,0.720,0.930,0.518,0.121,0.175,0.217,0.036,0.010,0.013,0.013,0.996,50.130
2510203109,2026-10-09 00:30:00,236.860,237.400,236.570,0.040,0.020,0.070,0.029,0.006,0.005,0.017,0.008,0.005,0.001,0.001,0.960,50.160
2510203113,2026-10-09 00:30:00,240.330,239.310,239.110,0.320,0.370,0.370,0.253,0.076,0.088,0.088,-0.011,-0.003,-0.006,-0.002,0.999,50.080
2510203117,2026-10-09 00:30:00,232.640,232.100,232.120,0.220,0.230,0.170,0.137,0.048,0.050,0.038,-0.042,-0.014,-0.017,-0.010,0.952,50.150
2510203120,2026-10-09 00:30:00,236.810,235.960,236.250,0.930,0.740,0.810,0.537,0.203,0.158,0.176,0.206,0.078,0.062,0.066,0.933,50.140
2510203122,2026-10-09 00:30:00,239.330,239.980,239.090,0.040,0.020,0.010,0.011,0.007,0.002,0.000,0.001,0.005,-0.002,-0.001,1.000,50.090
2510203123,2026-10-09 00:30:00,238.790,238.990,239.690,0.650,0.890,0.740,0.134,0.016,0.041,0.074,0.131,0.041,0.043,0.047,0.981,50.080
2510203124,2026-10-09 00:30:00,239.190,239.470,238.540,0.060,0.070,0.090,0.045,0.013,0.013,0.018,0.025,0.007,0.008,0.009,0.871,50.170
2510203125,2026-10-09 00:30:00,238.970,240.340,239.270,0.030,0.030,0.070,0.025,0.004,0.004,0.017,-0.019,-0.007,-0.006,-0.005,0.791,50.130
2510203126,2026-10-09 00:30:00,232.480,232.630,233.000,0.330,0.270,0.260,0.195,0.076,0.061,0.057,0.039,0.012,0.013,0.013,0.977,50.160
2510203127,2026-10-09 00:30:00,239.650,240.280,239.500,0.030,0.010,0.100,0.032,0.008,0.002,0.021,-0.006,0.000,0.000,-0.005,0.982,50.160
2510203128,2026-10-09 00:30:00,236.150,236.490,234.990,2.020,1.970,2.110,1.396,0.464,0.450,0.481,0.143,0.028,0.044,0.069,0.994,50.100
2510203130,2026-10-09 00:30:00,246.310,246.200,247.790,0.000,0.000,0.030,0.009,0.000,0.001,0.007,-0.001,0.000,0.000,0.000,0.935,50.170
2510203133,2026-10-09 00:30:00,238.520,239.040,238.260,0.020,0.020,0.000,0.010,0.005,0.004,0.000,-0.002,0.000,-0.002,0.000,1.000,49.920
2510203134,2026-10-09 00:30:00,238.080,237.110,237.250,0.020,0.010,0.010,0.007,0.004,0.002,0.001,-0.001,0.000,-0.001,0.000,0.984,50.120
2510224049,2026-10-09 00:30:00,231.990,232.530,232.010,15.900,12.240,7.640,6.800,2.770,2.470,1.550,-2.100,-0.680,-0.860,-0.560,0.955,50.120
2510224167,2026-10-09 00:30:00,231.620,231.700,232.240,5.820,4.500,4.750,2.680,1.180,0.730,0.760,-1.930,-0.560,-0.660,-0.700,0.810,50.100
2510317505,2026-10-09 00:30:00,231.980,232.180,232.580,11.670,3.680,5.290,3.730,2.330,0.590,0.800,-1.790,-0.520,-0.560,-0.700,0.901,50.110
2510317516,2026-10-09 00:30:00,231.790,231.890,232.360,0.000,0.000,0.000,0.000,0.000,0.000,0.000,0.000,0.000,0.000,0.000,1.000,50.100
2510317537,2026-10-09 00:30:00,236.330,236.510,237.170,2.520,2.470,2.540,1.730,0.560,0.580,0.580,-0.300,-0.090,-0.100,-0.100,0.985,50.100
2510389559,2026-10-09 00:30:00,239.800,239.370,240.830,0.000,0.000,0.000,0.000,0.000,0.000,0.000,0.000,0.000,0.000,0.000,1.000,50.090
2510389643,2026-10-09 00:30:00,239.780,239.260,240.680,5.170,13.650,13.040,7.250,1.130,3.100,3.000,-1.260,-0.160,-0.580,-0.500,0.985,50.100
2510389931,2026-10-09 00:30:00,238.980,238.300,239.840,5.590,3.140,11.810,4.730,1.260,0.690,2.770,-1.170,-0.410,-0.240,-0.500,0.970,50.130
2510633381,2026-10-09 00:30:00,237.730,236.890,237.090,0.050,0.070,0.010,0.028,0.010,0.015,0.002,-0.012,-0.005,-0.005,-0.001,0.905,50.170
2510633382,2026-10-09 00:30:00,238.840,240.270,239.270,0.110,0.110,0.140,0.066,0.019,0.020,0.026,-0.055,-0.018,-0.017,-0.019,0.763,50.110
2510633383,2026-10-09 00:30:00,238.920,239.050,239.660,0.120,0.090,0.110,0.039,0.013,0.007,0.017,-0.063,-0.024,-0.020,-0.018,0.529,50.170
2510633385,2026-10-09 00:30:00,239.900,239.460,240.680,0.150,0.320,0.320,0.185,0.036,0.074,0.074,-0.035,-0.006,-0.015,-0.012,0.980,50.090
2510633386,2026-10-09 00:30:00,223.450,223.590,224.200,0.370,0.360,0.350,0.130,0.044,0.043,0.042,-0.202,-0.068,-0.068,-0.065,0.546,50.100
2510633387,2026-10-09 00:30:00,239.190,239.820,238.980,0.010,0.000,0.000,0.002,0.002,0.000,0.000,0.000,0.000,0.000,0.000,0.863,50.100
2510633389,2026-10-09 00:30:00,240.250,239.190,238.700,0.660,0.650,0.700,0.464,0.156,0.155,0.152,0.003,0.000,0.001,0.003,1.000,50.090
2510633390,2026-10-09 00:30:00,236.840,237.660,236.750,0.740,0.800,0.710,0.501,0.165,0.177,0.158,0.099,0.025,0.041,0.032,0.981,50.100
2510633393,2026-10-09 00:30:00,238.330,239.730,238.690,1.150,1.170,1.120,0.802,0.265,0.275,0.260,0.150,0.051,0.043,0.055,0.983,50.140
2510633396,2026-10-09 00:30:00,239.430,238.630,239.250,0.110,0.150,0.110,0.070,0.020,0.031,0.019,0.051,0.017,0.017,0.016,0.810,50.170
2510633397,2026-10-09 00:30:00,243.770,242.810,243.150,0.030,0.030,0.040,0.022,0.006,0.007,0.008,-0.006,-0.002,-0.002,-0.001,0.938,50.100
2510633399,2026-10-09 00:30:00,232.090,232.100,232.660,0.240,0.320,0.310,0.200,0.055,0.074,0.071,0.000,0.000,0.001,0.000,0.997,50.150
2510633400,2026-10-09 00:30:00,231.310,231.730,231.100,0.380,0.410,0.410,0.250,0.078,0.085,0.087,0.142,0.046,0.049,0.046,0.860,50.090
2510633402,2026-10-09 00:30:00,233.300,233.060,234.570,0.410,0.430,0.490,0.295,0.091,0.095,0.109,0.050,0.014,0.016,0.016,0.986,50.110
2510633406,2026-10-09 00:30:00,232.050,232.090,232.640,0.090,0.080,0.080,0.045,0.019,0.012,0.012,-0.033,-0.009,-0.011,-0.011,0.809,50.120
2510633411,2026-10-09 00:30:00,230.190,229.510,229.530,1.490,1.430,1.530,0.893,0.303,0.285,0.304,0.416,0.137,0.134,0.144,0.905,50.100
2610026952,2026-10-09 00:30:00,239.340,238.810,238.740,0.650,0.640,0.720,0.449,0.144,0.142,0.161,0.068,0.034,0.012,0.021,0.988,50.130
2610026953,2026-10-09 00:30:00,238.470,237.940,239.290,0.530,0.530,0.530,0.349,0.112,0.124,0.121,0.174,0.063,0.056,0.055,0.893,50.140
2610026963,2026-10-09 00:30:00,238.920,239.030,239.740,0.200,0.140,0.120,0.107,0.045,0.033,0.028,-0.030,-0.013,-0.009,-0.008,0.959,50.180
2610026966,2026-10-09 00:30:00,234.120,234.470,233.780,0.050,0.040,0.070,0.032,0.010,0.009,0.012,0.017,0.004,0.004,0.008,0.891,50.170
2610026976,2026-10-09 00:30:00,238.850,238.890,239.510,0.260,0.320,0.930,0.355,0.058,0.075,0.220,-0.048,-0.014,-0.002,-0.030,0.991,50.170
2610026977,2026-10-09 00:30:00,245.160,245.330,244.650,0.180,0.490,0.550,0.292,0.039,0.118,0.134,0.028,0.020,0.005,0.002,0.995,50.100
2610126270,2026-10-09 00:30:00,232.130,232.510,232.050,0.010,0.010,0.010,0.007,0.002,0.002,0.002,-0.004,-0.001,-0.001,-0.001,0.846,50.120
2610126451,2026-10-09 00:30:00,239.520,240.010,239.250,0.010,0.000,0.030,0.009,0.001,0.000,0.007,0.001,0.000,0.000,0.001,0.947,50.140
2610159557,2026-10-09 00:30:00,237.370,236.590,236.730,0.020,0.010,0.010,0.006,0.003,0.001,0.001,-0.004,-0.003,-0.001,0.000,0.810,50.130
2610159558,2026-10-09 00:30:00,236.520,236.810,237.430,0.000,0.000,0.000,0.000,0.000,0.000,0.000,0.000,0.000,0.000,0.000,0.781,50.140
2610170785,2026-10-09 00:30:00,237.370,236.580,236.850,0.010,0.000,0.000,0.001,0.001,0.000,0.000,0.000,0.000,0.000,0.000,0.866,50.130
2610170836,2026-10-09 00:30:00,239.060,239.450,240.100,0.020,0.010,0.010,0.088,0.029,0.028,0.030,0.014,0.007,0.002,0.004,1.000,50.090
2610170837,2026-10-09 00:30:00,234.820,233.370,233.350,0.000,0.000,0.000,0.000,0.000,0.000,0.000,0.000,0.000,0.000,0.000,0.754,50.120
2610170838,2026-10-09 00:30:00,237.460,236.410,236.790,0.020,0.050,0.090,0.035,0.004,0.010,0.020,0.000,0.000,0.001,-0.001,0.989,50.080
2610170839,2026-10-09 00:30:00,236.520,236.780,237.450,0.000,0.020,0.020,0.010,0.000,0.004,0.005,0.000,0.000,0.000,0.000,0.978,50.120
2610322967,2026-10-09 00:30:00,237.890,236.950,236.920,0.000,0.000,0.010,0.001,0.000,0.000,0.001,0.000,0.000,0.000,0.000,1.000,50.130
2610322969,2026-10-09 00:30:00,232.130,231.300,232.020,0.700,0.610,0.190,0.220,0.140,0.036,0.043,0.226,0.083,0.134,0.008,0.698,50.130
2610322992,2026-10-09 00:30:00,233.330,233.660,234.580,0.160,0.330,0.260,0.165,0.033,0.076,0.055,0.050,0.017,0.012,0.021,0.955,50.120
2610322995,2026-10-09 00:30:00,236.760,236.910,237.520,0.000,0.000,0.000,0.000,0.000,0.000,0.000,0.000,0.000,0.000,0.000,1.000,50.120
2610322997,2026-10-09 00:30:00,232.530,232.920,232.400,1.200,1.310,0.920,0.676,0.258,0.241,0.176,0.330,0.061,0.170,0.104,0.901,50.130
2610323001,2026-10-09 00:30:00,233.830,232.520,232.560,1.020,0.910,0.780,0.567,0.206,0.190,0.163,0.249,0.083,0.086,0.078,0.913,50.120
2610323004,2026-10-09 00:30:00,64.810,64.250,64.670,0.110,0.080,0.110,0.017,0.006,0.004,0.006,0.002,0.001,0.000,0.000,0.981,50.130
2610323005,2026-10-09 00:30:00,232.260,232.660,232.130,0.000,0.000,0.000,0.001,0.000,0.001,0.000,0.000,0.000,0.000,0.000,0.964,50.130
2610323010,2026-10-09 00:30:00,240.260,239.150,238.780,0.040,0.000,0.000,0.007,0.007,0.000,0.000,-0.006,-0.006,0.000,0.000,0.777,50.120
2610323014,2026-10-09 00:30:00,239.100,239.230,239.820,0.010,0.000,0.000,0.001,0.001,0.000,0.000,-0.001,-0.001,0.000,0.000,0.922,50.120
2610323016,2026-10-09 00:30:00,233.210,232.050,231.930,1.280,1.180,1.170,0.739,0.266,0.237,0.236,0.370,0.124,0.124,0.121,0.893,50.110
2610323017,2026-10-09 00:30:00,236.800,237.490,236.630,0.000,0.000,0.000,0.000,0.000,0.000,0.000,0.000,0.000,0.000,0.000,1.000,50.100
2610323019,2026-10-09 00:30:00,232.080,232.720,232.080,0.060,0.060,0.030,0.030,0.012,0.013,0.005,-0.010,-0.003,-0.004,-0.002,0.957,50.110
2610323027,2026-10-09 00:30:00,237.580,236.600,236.910,0.000,0.000,0.000,0.000,0.000,0.000,0.000,0.000,0.000,0.000,0.000,1.000,50.100
2510203111,2026-10-09 00:31:00,238.560,239.050,239.630,1.730,1.500,1.870,1.138,0.383,0.328,0.426,0.309,0.131,0.084,0.092,0.964,50.130
2510633391,2026-10-09 00:31:00,125.990,125.540,125.650,0.000,0.000,0.000,0.000,0.000,0.000,0.000,0.000,0.000,0.000,0.000,1.000,50.160
2410883993,2026-10-09 00:32:00,237.220,236.350,236.740,0.710,0.800,0.790,0.530,0.165,0.187,0.177,-0.070,-0.021,-0.018,-0.030,0.991,50.100
2610170840,2026-10-09 00:32:00,239.350,238.740,240.270,0.140,0.080,0.300,0.119,0.032,0.017,0.069,-0.030,-0.010,-0.006,-0.012,0.972,50.160
2510014482,2026-10-09 00:45:00,239.040,239.500,238.730,0.010,0.040,0.000,0.013,0.002,0.010,0.000,-0.002,-0.002,0.000,0.000,0.983,50.190
2510203114,2026-10-09 00:45:00,230.480,230.810,231.200,0.160,0.080,0.130,0.109,0.057,0.021,0.031,0.025,0.007,0.004,0.014,0.959,50.200
2510203121,2026-10-09 00:45:00,228.050,228.230,228.590,0.120,0.050,0.110,0.057,0.025,0.007,0.023,-0.024,-0.005,-0.007,-0.011,0.915,50.210
2510633395,2026-10-09 00:45:00,239.100,239.580,238.810,0.000,0.000,0.000,0.000,0.000,0.000,0.000,0.000,0.000,0.000,0.000,1.000,50.190
2510814977,2026-10-09 00:45:00,233.370,234.680,233.430,0.010,0.010,0.010,0.005,0.002,0.001,0.002,-0.002,0.000,-0.001,-0.001,0.945,50.200
2610026950,2026-10-09 00:45:00,228.740,228.020,228.220,0.010,0.000,0.010,0.006,0.003,0.001,0.002,0.000,0.000,0.000,0.000,0.939,50.200
2610170786,2026-10-09 00:45:00,236.100,236.320,236.940,0.470,0.510,0.690,0.408,0.123,0.131,0.154,0.079,0.025,0.020,0.027,0.983,50.180
2246006313,2026-10-09 01:00:00,57.300,57.300,57.100,0.952,0.947,0.915,0.158,0.053,0.053,0.052,0.032,0.011,0.010,0.010,0.980,50.150
2410121326,2026-10-09 01:00:00,239.490,238.730,238.900,0.100,0.120,0.130,0.082,0.024,0.028,0.029,0.000,-0.001,-0.001,0.004,0.995,50.180
2410121353,2026-10-09 01:00:00,239.060,238.330,238.480,0.000,0.010,0.040,0.013,0.000,0.003,0.010,-0.001,0.000,0.000,0.000,1.000,50.200
2410121371,2026-10-09 01:00:00,239.380,238.480,238.640,0.040,0.010,0.030,0.017,0.008,0.000,0.007,-0.002,0.000,-0.001,0.000,0.999,50.220
2410121424,2026-10-09 01:00:00,239.020,238.290,238.430,0.010,0.010,0.010,0.004,0.000,0.001,0.002,-0.003,-0.001,-0.001,0.000,0.781,50.180
2410121440,2026-10-09 01:00:00,239.170,238.350,238.520,0.010,0.010,0.010,0.005,0.002,0.000,0.001,-0.003,-0.002,-0.001,0.000,0.932,50.210
2410121454,2026-10-09 01:00:00,238.370,239.040,238.400,0.070,0.160,0.150,0.088,0.016,0.037,0.034,0.017,0.006,0.005,0.005,0.981,50.200
2410121457,2026-10-09 01:00:00,237.500,236.620,237.000,1.710,1.720,1.650,1.131,0.379,0.380,0.370,0.369,0.128,0.129,0.110,0.952,50.190
2410121574,2026-10-09 01:00:00,239.460,238.480,238.620,0.090,0.090,0.080,0.035,0.015,0.009,0.010,-0.048,-0.014,-0.018,-0.015,0.587,50.220
2410131378,2026-10-09 01:00:00,238.380,238.990,238.270,0.440,0.360,0.440,0.183,0.054,0.066,0.062,0.070,0.022,0.021,0.025,0.965,50.210
2410131383,2026-10-09 01:00:00,240.160,239.130,238.840,0.050,0.040,0.060,0.036,0.013,0.008,0.014,-0.003,0.000,-0.001,-0.001,0.998,50.180
2410131384,2026-10-09 01:00:00,235.950,236.350,235.820,0.990,1.080,0.900,0.593,0.176,0.233,0.183,0.101,0.024,0.044,0.033,0.986,50.180
2410131387,2026-10-09 01:00:00,238.620,239.950,239.100,0.030,0.020,0.030,0.015,0.005,0.005,0.004,-0.008,-0.002,-0.002,-0.003,0.876,50.160
2410320615,2026-10-09 01:00:00,238.010,239.130,238.730,1.310,1.250,1.400,0.956,0.316,0.309,0.331,0.169,0.041,0.069,0.058,0.984,50.210
2410883988,2026-10-09 01:00:00,228.460,228.860,228.280,0.350,0.340,0.420,0.242,0.076,0.073,0.092,0.063,0.020,0.021,0.021,0.966,50.190
2410883990,2026-10-09 01:00:00,228.500,227.810,228.020,0.020,0.000,0.100,0.027,0.003,0.000,0.023,0.001,0.000,0.000,0.001,1.000,50.170
2410883991,2026-10-09 01:00:00,236.160,236.420,237.070,0.070,0.060,0.170,0.070,0.015,0.013,0.041,-0.006,-0.001,0.000,-0.004,0.994,50.190
2410883993,2026-10-09 01:00:00,236.720,235.820,236.220,0.710,0.800,0.790,0.531,0.165,0.187,0.179,-0.067,-0.022,-0.018,-0.026,0.991,50.170
2410883994,2026-10-09 01:00:00,236.990,236.080,236.520,0.010,0.040,0.010,0.012,0.001,0.008,0.002,0.000,0.000,0.000,0.000,1.000,50.190
2410932742,2026-10-09 01:00:00,233.220,231.820,231.620,2.050,2.020,2.140,1.292,0.432,0.418,0.442,0.417,0.136,0.130,0.149,0.951,50.160
2411087432,2026-10-09 01:00:00,238.920,239.580,238.810,0.450,0.430,0.550,0.340,0.105,0.103,0.131,0.000,0.003,-0.003,0.000,1.000,50.190
2411087433,2026-10-09 01:00:00,236.590,236.760,237.330,0.380,0.380,0.380,0.244,0.081,0.080,0.082,-0.036,-0.008,-0.005,-0.002,0.993,50.170
2411290205,2026-10-09 01:00:00,238.970,238.540,239.870,0.120,0.130,0.140,0.087,0.024,0.030,0.032,0.009,0.002,0.002,0.003,0.987,50.190
2510014481,2026-10-09 01:00:00,231.990,231.700,233.240,1.660,1.780,1.660,1.000,0.323,0.348,0.325,0.369,0.121,0.137,0.111,0.943,50.180
2510014482,2026-10-09 01:00:00,239.040,239.580,238.820,0.010,0.040,0.000,0.012,0.002,0.009,0.000,-0.002,-0.002,0.000,0.000,0.959,50.190
2510014483,2026-10-09 01:00:00,235.990,236.240,236.820,0.040,0.030,0.050,0.020,0.006,0.005,0.008,-0.020,-0.006,-0.005,-0.008,0.691,50.170
2510178139,2026-10-09 01:00:00,239.180,239.810,238.970,0.060,0.040,0.050,0.037,0.014,0.008,0.014,0.003,0.002,0.001,0.000,0.995,50.170
2510178141,2026-10-09 01:00:00,238.940,239.050,239.600,0.020,0.010,0.020,0.007,0.002,0.000,0.003,-0.009,-0.004,-0.001,-0.003,0.603,50.200
2510203103,2026-10-09 01:00:00,228.910,227.520,227.410,0.070,0.120,0.060,0.047,0.013,0.024,0.009,-0.024,-0.007,-0.008,-0.007,0.898,50.190
2510203104,2026-10-09 01:00:00,230.330,230.420,230.850,0.300,0.230,0.360,0.204,0.070,0.053,0.080,0.045,0.006,0.012,0.026,0.979,50.170
2510203105,2026-10-09 01:00:00,234.860,233.390,233.560,0.050,0.100,0.010,0.035,0.011,0.021,0.003,0.009,0.003,0.005,0.000,0.965,50.180
2510203106,2026-10-09 01:00:00,238.390,237.950,239.360,0.030,0.010,0.000,0.009,0.005,0.003,0.000,-0.004,-0.003,0.000,0.000,0.940,50.170
2510203107,2026-10-09 01:00:00,226.530,226.160,227.420,0.460,0.510,0.460,0.296,0.095,0.107,0.093,0.124,0.041,0.040,0.042,0.922,50.180
2510203108,2026-10-09 01:00:00,238.990,239.550,238.680,0.480,0.680,0.960,0.474,0.109,0.152,0.213,0.043,0.011,0.015,0.015,0.995,50.210
2510203109,2026-10-09 01:00:00,236.370,236.850,236.020,0.030,0.020,0.080,0.027,0.004,0.005,0.017,0.008,0.004,0.001,0.001,0.965,50.170
2510203111,2026-10-09 01:00:00,238.240,238.570,239.140,1.760,1.560,1.930,1.007,0.331,0.291,0.384,0.286,0.118,0.078,0.087,0.968,50.180
2510203113,2026-10-09 01:00:00,239.630,238.670,238.460,0.300,0.380,0.370,0.248,0.071,0.088,0.088,-0.011,-0.002,-0.006,-0.002,0.999,50.170
2510203114,2026-10-09 01:00:00,230.200,230.510,230.830,0.320,0.190,0.240,0.156,0.061,0.042,0.053,0.025,0.006,0.002,0.014,0.987,50.180
2510203117,2026-10-09 01:00:00,228.480,227.820,227.930,0.230,0.340,0.180,0.163,0.050,0.074,0.038,-0.040,-0.013,-0.015,-0.010,0.973,50.180
2510203120,2026-10-09 01:00:00,236.340,235.510,235.820,0.790,0.610,0.620,0.444,0.174,0.134,0.138,0.177,0.068,0.054,0.054,0.927,50.200
2510203121,2026-10-09 01:00:00,227.950,228.120,228.590,0.120,0.050,0.110,0.056,0.025,0.007,0.024,-0.024,-0.005,-0.007,-0.011,0.911,50.170
2510203122,2026-10-09 01:00:00,238.960,239.640,238.850,0.090,0.020,0.010,0.020,0.016,0.002,0.000,0.011,0.014,-0.002,-0.001,0.872,50.180
2510203123,2026-10-09 01:00:00,238.260,238.500,239.060,1.010,1.270,1.120,0.493,0.138,0.194,0.159,0.107,0.029,0.041,0.036,0.979,50.170
2510203124,2026-10-09 01:00:00,239.260,239.490,238.740,0.080,0.080,0.090,0.051,0.015,0.015,0.019,0.026,0.008,0.009,0.009,0.886,50.190
2510203125,2026-10-09 01:00:00,238.600,239.880,238.910,0.030,0.030,0.080,0.025,0.004,0.004,0.017,-0.019,-0.007,-0.006,-0.005,0.792,50.180
2510203126,2026-10-09 01:00:00,228.110,228.220,228.740,0.420,0.350,0.340,0.241,0.092,0.075,0.073,0.063,0.020,0.020,0.021,0.965,50.180
2510203127,2026-10-09 01:00:00,238.970,239.610,238.870,0.030,0.010,0.040,0.017,0.008,0.002,0.007,-0.006,0.000,0.000,-0.005,0.942,50.190
2510203128,2026-10-09 01:00:00,235.810,236.060,234.580,1.960,1.940,2.100,1.379,0.453,0.446,0.479,0.135,0.026,0.042,0.067,0.995,50.220
2510203130,2026-10-09 01:00:00,245.750,245.580,247.140,0.000,0.000,0.030,0.009,0.000,0.001,0.007,-0.001,0.000,0.000,0.000,0.936,50.170
2510203133,2026-10-09 01:00:00,238.960,239.570,238.840,0.020,0.020,0.000,0.009,0.004,0.004,0.000,-0.002,0.000,-0.002,0.000,0.970,50.220
2510203134,2026-10-09 01:00:00,237.360,236.400,236.590,0.020,0.010,0.010,0.007,0.004,0.002,0.001,-0.001,0.000,-0.001,0.000,0.982,50.180
2510224049,2026-10-09 01:00:00,227.920,228.510,227.820,16.130,12.470,7.760,6.810,2.770,2.480,1.550,-2.060,-0.670,-0.840,-0.540,0.957,50.180
2510224167,2026-10-09 01:00:00,227.870,227.920,228.500,5.890,4.520,4.770,2.670,1.180,0.730,0.760,-1.880,-0.550,-0.650,-0.680,0.816,50.200
2510317505,2026-10-09 01:00:00,227.890,228.090,228.460,11.560,3.690,5.320,3.670,2.270,0.590,0.800,-1.740,-0.500,-0.540,-0.680,0.903,50.200
2510317516,2026-10-09 01:00:00,228.030,228.160,228.550,0.000,0.000,0.000,0.000,0.000,0.000,0.000,0.000,0.000,0.000,0.000,1.000,50.200
2510317537,2026-10-09 01:00:00,236.080,236.220,236.840,2.440,2.640,2.660,1.790,0.570,0.610,0.610,-0.290,-0.070,-0.100,-0.100,0.985,50.200
2510389559,2026-10-09 01:00:00,239.270,238.860,240.370,0.000,0.000,0.000,0.000,0.000,0.000,0.000,0.000,0.000,0.000,0.000,1.000,50.180
2510389643,2026-10-09 01:00:00,239.310,238.770,240.120,5.180,13.690,13.090,7.260,1.130,3.110,3.010,-1.260,-0.160,-0.580,-0.500,0.985,50.200
2510389931,2026-10-09 01:00:00,238.370,237.750,239.210,5.610,3.150,11.870,4.740,1.260,0.690,2.780,-1.160,-0.410,-0.240,-0.500,0.970,50.180
2510633381,2026-10-09 01:00:00,236.990,236.130,236.460,0.050,0.070,0.010,0.026,0.009,0.015,0.002,-0.013,-0.005,-0.005,-0.001,0.893,50.180
2510633383,2026-10-09 01:00:00,238.880,239.000,239.590,0.130,0.100,0.120,0.055,0.019,0.013,0.022,-0.061,-0.023,-0.019,-0.018,0.671,50.190
2510633385,2026-10-09 01:00:00,239.400,238.970,240.390,0.160,0.320,0.330,0.187,0.036,0.074,0.076,-0.037,-0.008,-0.015,-0.013,0.978,50.180
2510633386,2026-10-09 01:00:00,222.650,222.850,223.430,0.370,0.360,0.350,0.133,0.045,0.045,0.043,-0.196,-0.066,-0.066,-0.063,0.568,50.190
2510633387,2026-10-09 01:00:00,238.570,239.220,238.480,0.010,0.000,0.000,0.002,0.002,0.000,0.000,0.000,0.000,0.000,0.000,0.842,50.180
2510633389,2026-10-09 01:00:00,239.770,238.730,238.320,0.450,0.460,0.470,0.341,0.112,0.112,0.117,0.002,-0.001,0.000,0.003,1.000,50.180
2510633390,2026-10-09 01:00:00,236.040,236.770,235.880,0.450,0.470,0.420,0.304,0.103,0.105,0.095,0.067,0.012,0.032,0.022,0.978,50.190
2510633391,2026-10-09 01:00:00,125.640,125.230,125.300,0.000,0.000,0.000,0.000,0.000,0.000,0.000,0.000,0.000,0.000,0.000,1.000,50.180
2510633393,2026-10-09 01:00:00,237.550,238.920,237.900,1.310,1.350,1.310,0.911,0.298,0.312,0.299,0.208,0.069,0.063,0.075,0.974,50.220
2510633395,2026-10-09 01:00:00,238.860,239.420,238.710,0.000,0.000,0.000,0.000,0.000,0.000,0.000,0.000,0.000,0.000,0.000,1.000,50.170
2510633396,2026-10-09 01:00:00,239.480,238.760,239.340,0.120,0.160,0.120,0.082,0.023,0.034,0.024,0.052,0.017,0.018,0.017,0.840,50.190
2510633397,2026-10-09 01:00:00,243.150,242.160,242.460,0.030,0.030,0.040,0.022,0.006,0.007,0.008,-0.006,-0.002,-0.002,-0.001,0.950,50.190
2510633399,2026-10-09 01:00:00,227.780,227.900,228.450,0.210,0.240,0.290,0.163,0.047,0.053,0.061,0.010,0.004,0.003,0.002,1.000,50.190
2510633400,2026-10-09 01:00:00,227.320,227.810,227.110,0.360,0.390,0.400,0.235,0.073,0.080,0.081,0.124,0.039,0.043,0.041,0.896,50.190
2510633402,2026-10-09 01:00:00,232.840,232.770,234.220,0.470,0.500,0.540,0.307,0.094,0.100,0.112,0.039,0.011,0.012,0.014,0.992,50.200
2510633406,2026-10-09 01:00:00,228.020,228.110,228.710,0.100,0.080,0.080,0.045,0.019,0.012,0.012,-0.032,-0.009,-0.011,-0.011,0.808,50.180
2510633411,2026-10-09 01:00:00,225.710,224.870,224.920,2.020,1.940,2.020,1.214,0.411,0.387,0.400,0.487,0.156,0.159,0.172,0.926,50.180
2510814977,2026-10-09 01:00:00,233.330,234.590,233.350,0.010,0.010,0.010,0.004,0.002,0.000,0.002,-0.002,0.000,-0.001,-0.001,0.817,50.170
2610026950,2026-10-09 01:00:00,228.620,227.810,227.920,0.010,0.000,0.010,0.005,0.001,0.000,0.003,0.000,0.000,0.000,0.000,0.928,50.170
2610026952,2026-10-09 01:00:00,238.990,238.530,238.420,0.670,0.660,0.750,0.476,0.152,0.152,0.171,0.068,0.034,0.013,0.021,0.990,50.170
2610026953,2026-10-09 01:00:00,238.170,237.700,239.070,0.540,0.580,0.530,0.393,0.133,0.128,0.131,0.173,0.062,0.055,0.055,0.894,50.170
2610026963,2026-10-09 01:00:00,239.160,239.140,239.780,0.200,0.140,0.120,0.105,0.045,0.033,0.027,-0.033,-0.014,-0.010,-0.009,0.948,50.180
2610026966,2026-10-09 01:00:00,232.880,233.200,232.510,0.050,0.040,0.050,0.029,0.010,0.009,0.009,0.014,0.004,0.004,0.005,0.897,50.170
2610026976,2026-10-09 01:00:00,239.010,239.000,239.600,0.220,0.320,0.910,0.343,0.050,0.076,0.216,-0.047,-0.014,-0.002,-0.030,0.989,50.190
2610026977,2026-10-09 01:00:00,243.870,244.040,243.340,0.180,0.430,0.520,0.271,0.039,0.105,0.127,0.027,0.019,0.005,0.002,0.994,50.180
2610126270,2026-10-09 01:00:00,227.900,228.290,227.750,0.010,0.010,0.010,0.007,0.002,0.002,0.002,-0.004,-0.001,-0.001,-0.001,0.827,50.170
2610126451,2026-10-09 01:00:00,239.240,239.660,239.000,0.010,0.000,0.050,0.013,0.001,0.000,0.011,0.000,0.000,0.000,0.000,1.000,50.170
2610159557,2026-10-09 01:00:00,236.960,236.180,236.370,0.020,0.010,0.010,0.006,0.003,0.000,0.001,-0.005,-0.003,-0.001,-0.001,0.768,50.180
2610159558,2026-10-09 01:00:00,236.130,236.400,236.960,0.000,0.000,0.000,0.000,0.000,0.000,0.000,0.000,0.000,0.000,0.000,0.761,50.170
2610170785,2026-10-09 01:00:00,236.760,235.920,236.240,0.000,0.000,0.000,0.000,0.000,0.000,0.000,0.000,0.000,0.000,0.000,0.548,50.180
2610170786,2026-10-09 01:00:00,235.950,236.050,236.570,0.810,0.800,0.870,0.557,0.171,0.189,0.196,0.152,0.050,0.047,0.056,0.959,50.190
2610170836,2026-10-09 01:00:00,238.710,239.000,239.620,0.020,0.020,0.020,0.010,0.003,0.003,0.003,0.000,0.002,-0.001,0.000,0.989,50.170
2610170837,2026-10-09 01:00:00,234.390,233.000,233.060,0.000,0.000,0.000,0.000,0.000,0.000,0.000,0.000,0.000,0.000,0.000,0.723,50.180
2610170838,2026-10-09 01:00:00,237.080,236.080,236.430,0.020,0.040,0.090,0.033,0.004,0.008,0.020,-0.001,0.000,0.000,-0.001,0.984,50.190
2610170839,2026-10-09 01:00:00,235.800,236.070,236.670,0.000,0.020,0.010,0.009,0.000,0.005,0.003,0.000,0.000,0.000,0.000,1.000,50.180
2610170840,2026-10-09 01:00:00,238.520,237.900,239.420,0.140,0.080,0.300,0.119,0.032,0.017,0.069,-0.029,-0.010,-0.006,-0.012,0.973,50.180
2610322967,2026-10-09 01:00:00,237.270,236.300,236.370,0.000,0.000,0.010,0.001,0.000,0.000,0.001,0.000,0.000,0.000,0.000,1.000,50.170
2610322969,2026-10-09 01:00:00,227.970,227.070,227.820,0.690,0.570,0.190,0.206,0.135,0.027,0.043,0.213,0.079,0.125,0.008,0.696,50.170
2610322992,2026-10-09 01:00:00,233.090,233.520,234.280,0.160,0.330,0.280,0.167,0.031,0.075,0.060,0.053,0.018,0.012,0.023,0.953,50.190
2610322995,2026-10-09 01:00:00,236.100,236.280,236.900,0.000,0.000,0.000,0.000,0.000,0.000,0.000,0.000,0.000,0.000,0.000,1.000,50.170
2610322997,2026-10-09 01:00:00,232.190,232.320,231.780,1.310,1.470,1.060,0.666,0.252,0.237,0.175,0.314,0.056,0.158,0.100,0.924,50.170
2610323001,2026-10-09 01:00:00,233.450,232.190,232.140,0.970,0.900,0.960,0.601,0.201,0.193,0.206,0.239,0.082,0.082,0.074,0.931,50.180
2610323004,2026-10-09 01:00:00,64.710,64.200,64.590,0.060,0.040,0.070,0.010,0.003,0.002,0.004,-0.003,0.000,-0.001,-0.001,0.928,50.180
2610323005,2026-10-09 01:00:00,227.990,228.490,227.860,0.000,0.010,0.000,0.002,0.000,0.001,0.000,0.000,0.000,0.000,0.000,1.000,50.170
2610323010,2026-10-09 01:00:00,239.610,238.610,238.240,0.040,0.000,0.000,0.008,0.008,0.000,0.000,-0.006,-0.006,0.000,0.000,0.777,50.170
2610323014,2026-10-09 01:00:00,238.810,238.890,239.480,0.010,0.000,0.000,0.001,0.001,0.000,0.000,-0.001,-0.001,0.000,0.000,0.921,50.180
2610323016,2026-10-09 01:00:00,232.790,231.730,231.560,1.500,1.400,1.420,0.923,0.324,0.296,0.302,0.384,0.129,0.129,0.125,0.922,50.180
2610323017,2026-10-09 01:00:00,236.450,237.060,236.240,0.000,0.000,0.000,0.000,0.000,0.000,0.000,0.000,0.000,0.000,0.000,1.000,50.190
2610323019,2026-10-09 01:00:00,227.950,228.560,227.880,0.020,0.020,0.030,0.014,0.004,0.004,0.005,-0.006,-0.001,-0.002,-0.002,0.943,50.190
2610323027,2026-10-09 01:00:00,237.090,236.180,236.450,0.000,0.000,0.000,0.000,0.000,0.000,0.000,0.000,0.000,0.000,0.000,1.000,50.200
2510633382,2026-10-09 01:01:00,238.280,239.650,238.700,0.120,0.140,0.150,0.091,0.026,0.031,0.033,-0.033,-0.011,-0.009,-0.012,0.938,50.150
2510014484,2026-10-09 01:02:00,237.230,236.940,238.290,2.080,2.290,2.010,1.446,0.444,0.490,0.413,0.448,0.155,0.136,0.156,0.948,50.170
2246006313,2026-10-09 01:30:00,57.100,57.100,57.000,0.970,0.981,0.953,0.156,0.052,0.052,0.051,0.032,0.011,0.010,0.010,0.979,50.040
2410121353,2026-10-09 01:30:00,239.090,238.440,238.680,0.000,0.010,0.040,0.013,0.000,0.002,0.010,-0.001,0.000,0.000,0.000,1.000,50.120
2410121371,2026-10-09 01:30:00,238.970,238.140,238.290,0.040,0.010,0.030,0.017,0.009,0.000,0.007,-0.001,0.000,-0.001,0.000,0.991,50.120
2410121424,2026-10-09 01:30:00,238.810,238.130,238.370,0.010,0.010,0.010,0.004,0.000,0.001,0.002,-0.003,-0.001,-0.001,0.000,0.780,50.090
2410121440,2026-10-09 01:30:00,238.810,238.100,238.270,0.010,0.010,0.010,0.005,0.002,0.000,0.001,-0.003,-0.002,-0.001,0.000,0.935,50.120
2410121454,2026-10-09 01:30:00,238.340,238.880,238.140,0.060,0.150,0.110,0.074,0.013,0.034,0.026,0.015,0.005,0.005,0.004,0.978,50.100
2410121457,2026-10-09 01:30:00,236.990,236.120,236.510,1.750,1.780,1.720,1.153,0.381,0.389,0.383,0.366,0.126,0.129,0.110,0.953,50.100
2410121574,2026-10-09 01:30:00,238.580,237.640,237.850,0.090,0.090,0.070,0.031,0.017,0.008,0.005,-0.048,-0.014,-0.019,-0.014,0.543,50.110
2410131378,2026-10-09 01:30:00,238.220,238.740,238.050,0.310,0.380,0.410,0.271,0.091,0.088,0.092,0.072,0.021,0.021,0.028,0.965,50.130
2410131383,2026-10-09 01:30:00,240.230,239.130,238.850,0.050,0.040,0.060,0.034,0.011,0.008,0.014,-0.003,0.000,-0.001,-0.001,1.000,50.120
2410131384,2026-10-09 01:30:00,235.240,235.780,235.160,0.910,1.050,0.990,0.619,0.193,0.220,0.206,0.106,0.032,0.045,0.036,0.988,49.920
2410131387,2026-10-09 01:30:00,238.780,240.160,239.280,0.030,0.020,0.020,0.015,0.005,0.005,0.004,-0.009,-0.002,-0.003,-0.003,0.835,50.130
2410320615,2026-10-09 01:30:00,237.960,239.110,238.650,1.290,1.270,1.450,0.923,0.287,0.289,0.319,0.193,0.049,0.073,0.069,0.979,49.950
2410883988,2026-10-09 01:30:00,227.210,227.600,226.920,0.270,0.260,0.350,0.196,0.061,0.058,0.077,0.038,0.012,0.012,0.012,0.980,49.950
2410883990,2026-10-09 01:30:00,227.730,227.040,227.320,0.020,0.000,0.030,0.011,0.003,0.000,0.007,-0.001,0.000,0.000,-0.001,1.000,50.030
2410883991,2026-10-09 01:30:00,235.830,236.020,236.640,0.070,0.060,0.180,0.070,0.015,0.013,0.041,-0.006,-0.001,0.000,-0.004,0.997,50.100
2410883993,2026-10-09 01:30:00,236.370,235.480,235.830,0.670,0.800,0.790,0.525,0.155,0.188,0.182,-0.069,-0.027,-0.018,-0.023,0.990,50.060
2410883994,2026-10-09 01:30:00,236.830,236.020,236.360,0.010,0.040,0.010,0.012,0.001,0.008,0.002,0.000,0.000,0.000,0.000,1.000,50.130
2410932742,2026-10-09 01:30:00,231.770,230.230,230.170,3.120,3.080,3.180,1.996,0.669,0.654,0.671,0.551,0.179,0.178,0.194,0.963,50.060
2411087432,2026-10-09 01:30:00,237.710,238.250,237.490,0.440,0.430,0.490,0.323,0.104,0.102,0.116,0.000,0.003,-0.003,0.000,1.000,49.960
2411087433,2026-10-09 01:30:00,236.150,236.330,236.840,0.440,0.450,0.470,0.307,0.099,0.101,0.106,-0.023,-0.009,-0.008,-0.004,0.998,50.070
2411290205,2026-10-09 01:30:00,239.090,238.640,239.990,0.110,0.120,0.120,0.083,0.026,0.027,0.029,0.007,0.003,0.002,0.001,0.999,50.100
2510014481,2026-10-09 01:30:00,230.840,230.750,232.230,1.910,1.950,1.810,1.292,0.429,0.438,0.425,0.458,0.155,0.171,0.146,0.926,50.070
2510014482,2026-10-09 01:30:00,237.930,238.320,237.630,0.010,0.030,0.000,0.010,0.002,0.007,0.000,-0.006,-0.002,-0.003,0.000,0.864,49.960
2510014483,2026-10-09 01:30:00,235.650,235.840,236.370,0.050,0.040,0.080,0.032,0.008,0.006,0.017,-0.019,-0.005,-0.005,-0.008,0.860,50.040
2510014484,2026-10-09 01:30:00,237.690,237.250,238.750,1.530,1.960,1.620,1.137,0.331,0.418,0.348,0.412,0.143,0.125,0.143,0.939,49.990
2510178139,2026-10-09 01:30:00,238.350,238.900,238.100,0.070,0.040,0.050,0.038,0.016,0.009,0.011,0.002,0.001,0.001,0.000,0.992,50.070
2510178141,2026-10-09 01:30:00,237.830,237.920,238.420,0.020,0.010,0.020,0.005,0.002,0.000,0.002,-0.009,-0.004,-0.001,-0.002,0.486,49.990
2510203103,2026-10-09 01:30:00,227.820,226.350,226.430,0.060,0.100,0.060,0.047,0.012,0.022,0.012,-0.021,-0.007,-0.007,-0.007,0.905,49.920
2510203104,2026-10-09 01:30:00,229.570,229.680,230.130,0.270,0.250,0.310,0.180,0.062,0.052,0.064,0.056,0.007,0.019,0.030,0.951,49.920
2510203105,2026-10-09 01:30:00,234.050,232.440,232.690,0.050,0.100,0.010,0.037,0.010,0.023,0.003,0.009,0.003,0.005,0.000,0.958,50.070
2510203106,2026-10-09 01:30:00,238.750,238.320,239.770,0.030,0.040,0.050,0.025,0.005,0.009,0.010,-0.006,-0.003,-0.001,-0.001,0.963,49.900
2510203107,2026-10-09 01:30:00,227.080,226.710,228.020,0.330,0.380,0.340,0.229,0.071,0.083,0.073,0.067,0.021,0.022,0.024,0.959,50.020
2510203108,2026-10-09 01:30:00,237.690,238.080,237.310,0.480,0.710,1.020,0.541,0.125,0.172,0.233,0.061,0.015,0.025,0.020,0.987,49.960
2510203111,2026-10-09 01:30:00,236.910,237.250,237.740,1.240,1.040,1.330,0.779,0.264,0.220,0.294,0.257,0.100,0.079,0.077,0.949,49.910
2510203113,2026-10-09 01:30:00,239.940,238.940,238.720,0.380,0.420,0.420,0.288,0.089,0.099,0.099,0.012,0.005,0.001,0.005,1.000,49.940
2510203114,2026-10-09 01:30:00,229.810,230.130,230.430,0.330,0.190,0.240,0.158,0.062,0.043,0.052,0.035,0.011,0.007,0.017,0.974,50.080
2510203117,2026-10-09 01:30:00,227.890,227.090,227.200,0.230,0.240,0.180,0.139,0.050,0.050,0.038,-0.041,-0.013,-0.017,-0.010,0.959,50.000
2510203120,2026-10-09 01:30:00,235.760,234.980,235.200,0.780,0.590,0.650,0.438,0.171,0.126,0.140,0.191,0.071,0.058,0.060,0.915,49.960
2510203121,2026-10-09 01:30:00,227.340,227.580,228.000,0.120,0.050,0.130,0.061,0.025,0.007,0.027,-0.024,-0.005,-0.007,-0.011,0.928,50.070
2510203122,2026-10-09 01:30:00,237.600,238.190,237.420,0.040,0.020,0.010,0.011,0.007,0.002,0.000,0.001,0.005,-0.002,-0.001,1.000,49.940
2510203123,2026-10-09 01:30:00,236.920,237.170,237.730,0.560,0.670,0.620,0.454,0.147,0.212,0.103,0.221,0.068,0.079,0.073,0.774,49.920
2510203124,2026-10-09 01:30:00,238.620,238.760,238.040,0.060,0.070,0.090,0.045,0.013,0.013,0.018,0.025,0.007,0.008,0.009,0.872,50.110
2510203125,2026-10-09 01:30:00,238.920,240.260,239.200,0.030,0.030,0.060,0.022,0.004,0.004,0.014,-0.019,-0.007,-0.006,-0.005,0.759,50.060
2510203126,2026-10-09 01:30:00,227.510,227.680,228.190,0.340,0.270,0.260,0.195,0.076,0.060,0.058,0.037,0.012,0.012,0.012,0.984,50.140
2510203127,2026-10-09 01:30:00,238.440,239.000,238.290,0.030,0.010,0.040,0.017,0.008,0.002,0.007,-0.006,0.000,0.000,-0.005,0.943,50.130
2510203128,2026-10-09 01:30:00,235.190,235.420,234.020,1.960,1.940,2.090,1.369,0.450,0.443,0.475,0.137,0.025,0.042,0.069,0.995,49.940
2510203130,2026-10-09 01:30:00,244.950,244.910,246.550,0.000,0.000,0.030,0.009,0.000,0.001,0.007,-0.001,0.000,0.000,0.000,0.941,50.100
2510203133,2026-10-09 01:30:00,237.590,238.090,237.430,0.030,0.020,0.000,0.011,0.006,0.004,0.000,-0.002,0.000,-0.002,0.000,1.000,50.070
2510203134,2026-10-09 01:30:00,236.980,236.070,236.210,0.020,0.010,0.010,0.007,0.004,0.002,0.001,-0.001,0.000,-0.001,0.000,0.975,50.050
2510224049,2026-10-09 01:30:00,226.960,227.550,226.920,16.220,12.490,7.790,6.830,2.780,2.490,1.550,-2.040,-0.670,-0.840,-0.530,0.957,50.020
2510224167,2026-10-09 01:30:00,226.660,226.780,227.330,5.910,4.520,4.770,2.670,1.180,0.730,0.760,-1.870,-0.540,-0.640,-0.670,0.820,49.980
2510317505,2026-10-09 01:30:00,226.890,227.140,227.540,11.520,3.690,5.320,3.650,2.260,0.590,0.800,-1.720,-0.500,-0.540,-0.680,0.904,50.000
2510317516,2026-10-09 01:30:00,226.890,227.040,227.470,0.000,0.000,0.000,0.000,0.000,0.000,0.000,0.000,0.000,0.000,0.000,1.000,49.990
2510389559,2026-10-09 01:30:00,239.540,239.110,240.530,0.000,0.000,0.000,0.000,0.000,0.000,0.000,0.000,0.000,0.000,0.000,1.000,49.960
2510389643,2026-10-09 01:30:00,239.460,238.950,240.370,5.160,13.690,13.100,7.260,1.130,3.110,3.010,-1.250,-0.160,-0.580,-0.500,0.985,49.990
2510389931,2026-10-09 01:30:00,238.900,238.080,239.910,3.100,15.070,6.320,5.790,0.730,3.560,1.490,-0.670,-0.100,-0.360,-0.200,0.993,50.020
2510633381,2026-10-09 01:30:00,236.850,236.020,236.290,0.050,0.070,0.020,0.029,0.011,0.015,0.003,-0.010,-0.004,-0.005,0.000,0.934,50.110
2510633382,2026-10-09 01:30:00,238.770,240.200,239.250,0.110,0.110,0.140,0.071,0.021,0.021,0.028,-0.047,-0.014,-0.015,-0.016,0.830,50.120
2510633383,2026-10-09 01:30:00,238.270,238.370,238.920,0.120,0.090,0.100,0.037,0.013,0.008,0.016,-0.062,-0.024,-0.019,-0.018,0.519,50.130
2510633385,2026-10-09 01:30:00,239.840,239.380,240.820,0.110,0.320,0.330,0.178,0.026,0.075,0.076,-0.033,-0.004,-0.016,-0.013,0.981,50.110
2510633386,2026-10-09 01:30:00,222.820,222.980,223.570,0.370,0.360,0.350,0.142,0.049,0.046,0.046,-0.199,-0.067,-0.067,-0.064,0.554,50.110
2510633387,2026-10-09 01:30:00,238.390,238.940,238.250,0.010,0.020,0.000,0.005,0.002,0.002,0.000,0.002,0.000,0.002,0.000,0.837,50.110
2510633389,2026-10-09 01:30:00,239.900,238.850,238.490,0.380,0.360,0.390,0.257,0.084,0.088,0.089,0.001,-0.001,0.000,0.001,1.000,50.090
2510633390,2026-10-09 01:30:00,235.920,236.680,235.750,0.720,0.810,0.690,0.485,0.157,0.179,0.148,0.096,0.022,0.041,0.033,0.981,50.090
2510633391,2026-10-09 01:30:00,125.290,124.900,125.000,0.000,0.000,0.000,0.000,0.000,0.000,0.000,0.000,0.000,0.000,0.000,1.000,50.110
2510633393,2026-10-09 01:30:00,237.450,238.790,237.730,1.300,1.350,1.310,0.904,0.302,0.313,0.298,0.235,0.078,0.072,0.084,0.970,50.120
2510633396,2026-10-09 01:30:00,238.760,238.190,238.730,0.110,0.150,0.110,0.071,0.020,0.031,0.019,0.050,0.017,0.017,0.016,0.809,50.120
2510633397,2026-10-09 01:30:00,242.650,241.730,242.060,0.030,0.030,0.040,0.022,0.006,0.007,0.008,-0.006,-0.002,-0.002,-0.001,0.977,50.100
2510633400,2026-10-09 01:30:00,226.390,226.870,226.120,0.410,0.440,0.450,0.265,0.083,0.090,0.091,0.136,0.043,0.047,0.045,0.886,50.110
2510633402,2026-10-09 01:30:00,231.950,231.870,233.390,0.660,0.690,0.720,0.329,0.099,0.108,0.120,0.144,0.047,0.050,0.058,0.949,50.120
2510633411,2026-10-09 01:30:00,224.950,224.070,224.090,2.060,2.000,2.040,1.274,0.433,0.416,0.424,0.502,0.160,0.162,0.178,0.926,50.120
2610026950,2026-10-09 01:30:00,227.870,227.000,227.300,0.010,0.000,0.010,0.005,0.001,0.000,0.003,0.000,0.000,0.000,0.000,0.942,50.060
2610026952,2026-10-09 01:30:00,237.720,237.350,237.260,0.860,0.820,0.930,0.582,0.187,0.185,0.209,0.162,0.067,0.042,0.052,0.963,50.060
2610026953,2026-10-09 01:30:00,238.500,237.950,239.390,0.510,0.520,0.510,0.318,0.101,0.113,0.103,0.173,0.062,0.055,0.054,0.875,50.070
2610026963,2026-10-09 01:30:00,238.530,238.510,239.100,0.190,0.140,0.130,0.102,0.043,0.030,0.026,-0.038,-0.016,-0.011,-0.010,0.934,50.110
2610026966,2026-10-09 01:30:00,232.800,233.150,232.380,0.050,0.040,0.060,0.029,0.010,0.008,0.010,0.015,0.003,0.004,0.007,0.898,50.090
2610026976,2026-10-09 01:30:00,238.340,238.350,238.910,0.190,0.320,0.840,0.317,0.042,0.076,0.198,-0.045,-0.013,-0.002,-0.029,0.990,50.110
2610026977,2026-10-09 01:30:00,244.010,244.210,243.420,0.180,0.430,0.520,0.271,0.039,0.105,0.127,0.027,0.019,0.005,0.002,0.995,50.110
2610126270,2026-10-09 01:30:00,227.160,227.540,227.000,0.010,0.010,0.010,0.007,0.002,0.002,0.002,-0.004,-0.001,-0.001,-0.001,0.904,50.020
2610126451,2026-10-09 01:30:00,238.550,238.960,238.270,0.010,0.000,0.070,0.018,0.001,0.000,0.016,0.001,0.000,0.000,0.002,0.975,50.070
2610159557,2026-10-09 01:30:00,236.560,235.800,235.990,0.020,0.010,0.010,0.006,0.003,0.000,0.001,-0.005,-0.003,-0.001,-0.001,0.772,50.070
2610159558,2026-10-09 01:30:00,235.800,236.060,236.610,0.000,0.000,0.000,0.000,0.000,0.000,0.000,0.000,0.000,0.000,0.000,0.748,50.060
2610170785,2026-10-09 01:30:00,236.390,235.580,235.990,0.000,0.000,0.000,0.000,0.000,0.000,0.000,0.000,0.000,0.000,0.000,1.000,50.050
2610170836,2026-10-09 01:30:00,237.780,238.180,238.530,0.080,0.070,0.340,0.008,0.004,0.003,0.003,0.000,0.002,-0.001,0.000,1.000,50.050
2610170837,2026-10-09 01:30:00,233.540,232.010,232.110,0.000,0.000,0.000,0.000,0.000,0.000,0.000,0.000,0.000,0.000,0.000,0.752,50.010
2610170840,2026-10-09 01:30:00,238.930,238.190,239.960,0.080,0.380,0.160,0.146,0.018,0.089,0.037,-0.017,-0.002,-0.009,-0.005,0.993,50.020
2610322967,2026-10-09 01:30:00,236.980,236.060,236.080,0.000,0.000,0.010,0.001,0.000,0.000,0.001,0.000,0.000,0.000,0.000,1.000,50.060
2610322969,2026-10-09 01:30:00,227.320,226.410,227.220,0.690,0.560,0.190,0.200,0.135,0.022,0.043,0.211,0.079,0.124,0.007,0.687,50.070
2610322992,2026-10-09 01:30:00,232.080,232.510,233.390,0.140,0.350,0.240,0.164,0.029,0.081,0.053,0.039,0.014,0.008,0.017,0.972,50.010
2610322995,2026-10-09 01:30:00,235.770,235.960,236.500,0.000,0.000,0.000,0.000,0.000,0.000,0.000,0.000,0.000,0.000,0.000,1.000,50.050
2610322997,2026-10-09 01:30:00,231.520,232.060,231.110,1.040,1.150,0.840,0.670,0.245,0.244,0.181,0.267,0.042,0.136,0.088,0.932,50.030
2610323001,2026-10-09 01:30:00,232.030,230.690,230.580,1.520,1.480,1.590,0.969,0.316,0.312,0.341,0.356,0.120,0.118,0.117,0.937,50.020
2610323004,2026-10-09 01:30:00,64.450,63.900,64.330,0.090,0.060,0.090,0.015,0.005,0.004,0.005,0.002,0.001,0.000,0.000,1.000,50.060
2610323005,2026-10-09 01:30:00,227.290,227.830,227.100,0.000,0.010,0.000,0.002,0.000,0.001,0.000,0.000,0.000,0.000,0.000,1.000,50.050
2610323010,2026-10-09 01:30:00,239.910,238.840,238.480,0.040,0.000,0.000,0.008,0.008,0.000,0.000,-0.006,-0.006,0.000,0.000,0.774,50.050
2610323014,2026-10-09 01:30:00,237.870,237.960,238.500,0.010,0.000,0.000,0.001,0.001,0.000,0.000,-0.001,-0.001,0.000,0.000,0.911,50.030
2610323017,2026-10-09 01:30:00,235.800,236.440,235.570,0.000,0.000,0.000,0.000,0.000,0.000,0.000,0.000,0.000,0.000,0.000,1.000,49.990
2610323019,2026-10-09 01:30:00,227.050,227.670,227.020,0.060,0.020,0.030,0.022,0.012,0.004,0.005,-0.008,-0.004,-0.001,-0.002,0.922,50.000
2610323027,2026-10-09 01:30:00,236.510,235.620,235.960,0.000,0.000,0.000,0.000,0.000,0.000,0.000,0.000,0.000,0.000,0.000,1.000,49.990
2410121326,2026-10-09 01:31:00,238.950,238.200,238.470,0.100,0.120,0.120,0.081,0.024,0.028,0.028,0.000,-0.001,-0.001,0.002,0.997,50.120
2510203109,2026-10-09 01:31:00,236.270,236.740,235.950,0.040,0.040,0.090,0.035,0.006,0.007,0.020,0.010,0.005,0.003,0.002,0.957,50.110
2510317537,2026-10-09 01:31:00,235.610,235.840,236.440,2.120,2.230,2.160,1.790,0.570,0.630,0.580,-0.300,-0.090,-0.100,-0.100,0.987,50.100
2510633399,2026-10-09 01:31:00,226.960,227.150,227.730,0.220,0.260,0.250,0.166,0.049,0.060,0.057,0.010,0.005,0.003,0.002,1.000,50.100
2510814977,2026-10-09 01:31:00,232.660,234.040,232.640,0.020,0.010,0.010,0.006,0.003,0.000,0.001,-0.001,0.001,-0.001,-0.001,1.000,50.110
2610170838,2026-10-09 01:31:00,236.770,235.800,236.190,0.020,0.040,0.090,0.033,0.004,0.008,0.020,-0.001,0.000,0.000,-0.001,1.000,50.120
2610170839,2026-10-09 01:31:00,235.860,236.200,236.730,0.000,0.020,0.010,0.009,0.000,0.004,0.003,0.000,0.000,0.000,0.000,0.998,50.120
2510633395,2026-10-09 01:32:00,238.610,239.070,238.410,0.000,0.000,0.000,0.000,0.000,0.000,0.000,0.000,0.000,0.000,0.000,1.000,50.130
2510633406,2026-10-09 01:32:00,227.350,227.540,228.160,0.100,0.080,0.080,0.045,0.019,0.012,0.012,-0.032,-0.009,-0.011,-0.011,0.808,50.140
2610323016,2026-10-09 01:32:00,231.160,230.020,230.010,2.680,2.610,2.580,1.668,0.572,0.552,0.543,0.634,0.208,0.213,0.212,0.935,50.150
2610170786,2026-10-09 01:33:00,235.680,235.820,236.330,0.930,1.000,1.040,0.831,0.223,0.246,0.243,0.159,0.049,0.052,0.057,0.979,50.130
2246006313,2026-10-09 02:00:00,57.100,57.100,57.000,1.047,1.045,1.011,0.170,0.057,0.057,0.055,0.034,0.012,0.010,0.011,0.981,50.150
2410121326,2026-10-09 02:00:00,238.890,238.130,238.390,0.100,0.120,0.140,0.084,0.024,0.027,0.032,0.004,-0.001,-0.001,0.007,0.995,50.130
2410121353,2026-10-09 02:00:00,239.030,238.330,238.630,0.000,0.010,0.040,0.013,0.000,0.002,0.010,-0.001,0.000,0.000,0.000,1.000,50.130
2410121371,2026-10-09 02:00:00,238.870,238.080,238.250,0.040,0.010,0.030,0.018,0.009,0.000,0.007,0.000,0.001,-0.001,0.000,0.983,50.090
2410121424,2026-10-09 02:00:00,238.920,238.230,238.420,0.010,0.010,0.010,0.004,0.000,0.001,0.002,-0.003,-0.001,-0.001,0.000,0.780,50.120
2410121440,2026-10-09 02:00:00,238.690,237.970,238.140,0.010,0.010,0.010,0.005,0.002,0.000,0.001,-0.003,-0.002,-0.001,0.000,0.923,50.090
2410121454,2026-10-09 02:00:00,238.490,239.100,238.340,0.060,0.150,0.110,0.076,0.014,0.034,0.027,0.000,0.000,0.000,0.000,0.994,50.120
2410121457,2026-10-09 02:00:00,237.140,236.220,236.760,1.690,1.790,1.600,1.119,0.373,0.391,0.354,0.360,0.123,0.133,0.103,0.952,50.150
2410121574,2026-10-09 02:00:00,239.070,238.090,238.260,0.090,0.090,0.070,0.029,0.014,0.008,0.005,-0.049,-0.014,-0.019,-0.014,0.503,50.130
2410131383,2026-10-09 02:00:00,239.800,238.580,238.390,0.050,0.040,0.050,0.033,0.012,0.008,0.011,-0.003,0.000,0.000,-0.001,1.000,50.130
2410131384,2026-10-09 02:00:00,235.640,236.030,235.480,1.140,1.240,1.080,0.644,0.202,0.249,0.193,0.110,0.028,0.047,0.034,0.991,50.120
2410131387,2026-10-09 02:00:00,237.890,239.230,238.290,0.030,0.030,0.030,0.015,0.005,0.005,0.004,-0.009,-0.002,-0.003,-0.003,0.865,50.080
2410320615,2026-10-09 02:00:00,237.410,238.570,238.080,1.300,1.260,1.390,0.969,0.294,0.285,0.306,0.164,0.038,0.065,0.060,0.983,50.130
2410883988,2026-10-09 02:00:00,227.550,227.860,227.210,0.350,0.340,0.410,0.241,0.076,0.073,0.091,0.063,0.020,0.021,0.021,0.965,50.110
2410883990,2026-10-09 02:00:00,227.680,226.980,227.310,0.020,0.000,0.100,0.027,0.003,0.000,0.023,0.003,0.002,0.000,0.001,1.000,50.120
2410883993,2026-10-09 02:00:00,236.260,235.310,235.720,0.670,0.810,0.850,0.539,0.155,0.188,0.195,-0.073,-0.027,-0.019,-0.026,0.991,50.160
2410883994,2026-10-09 02:00:00,236.630,235.790,236.200,0.010,0.040,0.010,0.012,0.001,0.009,0.002,0.000,0.000,0.000,0.000,0.993,50.100
2410932742,2026-10-09 02:00:00,231.940,230.430,230.350,3.060,3.030,3.140,1.970,0.658,0.645,0.665,0.538,0.176,0.170,0.191,0.964,50.150
2411087432,2026-10-09 02:00:00,238.110,238.750,238.000,0.450,0.430,0.470,0.321,0.106,0.102,0.112,-0.002,0.005,-0.003,-0.004,0.998,50.100
2411087433,2026-10-09 02:00:00,235.810,236.030,236.490,0.380,0.390,0.390,0.249,0.082,0.084,0.082,0.051,0.015,0.016,0.020,0.979,50.160
2411290205,2026-10-09 02:00:00,238.340,237.930,239.280,0.090,0.100,0.120,0.072,0.021,0.022,0.027,0.006,0.002,0.001,0.002,0.991,50.180
2510014481,2026-10-09 02:00:00,231.050,230.920,232.330,1.750,1.810,1.720,1.418,0.472,0.479,0.417,0.436,0.149,0.153,0.133,0.931,50.160
2510014482,2026-10-09 02:00:00,238.220,238.710,238.050,0.010,0.040,0.000,0.012,0.002,0.009,0.000,-0.002,-0.002,0.000,0.000,0.953,50.100
2510014483,2026-10-09 02:00:00,235.560,235.830,236.330,0.040,0.030,0.050,0.020,0.007,0.005,0.008,-0.019,-0.005,-0.005,-0.008,0.720,50.140
2510014484,2026-10-09 02:00:00,236.670,236.360,237.930,1.900,2.130,1.610,1.257,0.416,0.487,0.354,0.446,0.155,0.135,0.154,0.941,50.110
2510178139,2026-10-09 02:00:00,238.610,239.210,238.480,0.070,0.030,0.060,0.035,0.015,0.008,0.010,0.002,0.001,0.000,0.000,0.997,50.190
2510178141,2026-10-09 02:00:00,237.970,238.150,238.660,0.020,0.010,0.020,0.007,0.002,0.000,0.003,-0.009,-0.004,-0.001,-0.003,0.593,50.110
2510203103,2026-10-09 02:00:00,228.390,227.020,226.950,0.070,0.080,0.070,0.044,0.014,0.016,0.012,-0.022,-0.007,-0.007,-0.007,0.883,50.120
2510203104,2026-10-09 02:00:00,229.830,229.990,230.390,0.250,0.180,0.290,0.157,0.056,0.039,0.060,0.040,0.001,0.013,0.025,0.966,50.120
2510203105,2026-10-09 02:00:00,234.170,232.810,232.950,0.050,0.100,0.010,0.036,0.010,0.023,0.003,0.009,0.003,0.005,0.000,0.959,50.190
2510203106,2026-10-09 02:00:00,238.170,237.750,239.230,0.030,0.040,0.050,0.024,0.005,0.008,0.010,-0.006,-0.003,-0.001,-0.002,0.960,50.120
2510203107,2026-10-09 02:00:00,225.880,225.300,226.770,1.190,1.230,1.110,0.735,0.246,0.255,0.233,0.183,0.052,0.070,0.061,0.970,50.130
2510203108,2026-10-09 02:00:00,238.260,238.720,237.960,0.450,0.650,0.870,0.462,0.112,0.150,0.198,0.038,0.011,0.017,0.016,0.991,50.130
2510203109,2026-10-09 02:00:00,236.070,236.550,235.730,0.030,0.030,0.070,0.028,0.005,0.005,0.017,0.008,0.004,0.001,0.001,0.973,50.190
2510203111,2026-10-09 02:00:00,237.770,238.050,238.580,1.290,1.130,1.420,0.829,0.277,0.238,0.314,0.265,0.103,0.082,0.080,0.952,50.120
2510203113,2026-10-09 02:00:00,239.240,238.180,238.000,0.290,0.370,0.320,0.229,0.068,0.087,0.074,-0.013,-0.001,-0.006,-0.004,0.999,50.110
2510203114,2026-10-09 02:00:00,229.930,230.280,230.580,0.260,0.130,0.180,0.116,0.045,0.031,0.040,0.021,0.004,0.002,0.014,0.991,50.190
2510203117,2026-10-09 02:00:00,227.900,227.190,227.410,0.210,0.340,0.170,0.159,0.046,0.075,0.037,-0.041,-0.015,-0.015,-0.010,0.970,50.140
2510203120,2026-10-09 02:00:00,236.060,235.290,235.560,0.710,0.490,0.570,0.392,0.157,0.108,0.126,0.153,0.061,0.043,0.048,0.930,50.140
2510203121,2026-10-09 02:00:00,227.230,227.510,227.890,0.120,0.050,0.120,0.057,0.025,0.007,0.024,-0.024,-0.005,-0.007,-0.011,0.924,50.180
2510203122,2026-10-09 02:00:00,238.070,238.740,237.960,0.170,0.020,0.010,0.030,0.026,0.002,0.000,0.025,0.029,-0.002,-0.001,0.765,50.110
2510203123,2026-10-09 02:00:00,237.810,238.000,238.530,0.080,0.150,0.070,0.131,0.038,0.020,0.006,-0.005,-0.004,0.001,-0.002,0.993,50.110
2510203124,2026-10-09 02:00:00,238.610,238.790,238.080,0.070,0.080,0.090,0.051,0.015,0.015,0.020,0.026,0.008,0.008,0.009,0.895,50.170
2510203125,2026-10-09 02:00:00,238.170,239.580,238.510,0.030,0.030,0.070,0.022,0.003,0.003,0.014,-0.018,-0.007,-0.006,-0.005,0.777,50.160
2510203126,2026-10-09 02:00:00,227.000,227.230,227.660,0.410,0.350,0.340,0.239,0.090,0.075,0.073,0.062,0.020,0.020,0.021,0.968,50.140
2510203127,2026-10-09 02:00:00,238.190,238.840,238.140,0.040,0.010,0.090,0.033,0.009,0.002,0.021,-0.006,0.000,0.000,-0.005,0.983,50.140
2510203128,2026-10-09 02:00:00,235.650,235.840,234.420,1.930,1.910,2.030,1.338,0.442,0.433,0.462,0.129,0.023,0.038,0.066,0.994,50.130
2510203130,2026-10-09 02:00:00,245.180,245.000,246.490,0.000,0.000,0.030,0.008,0.000,0.001,0.006,-0.001,0.000,0.000,0.000,1.000,50.170
2510203133,2026-10-09 02:00:00,238.580,239.140,238.460,0.020,0.020,0.000,0.009,0.004,0.004,0.000,-0.002,0.000,-0.002,0.000,0.979,50.130
2510203134,2026-10-09 02:00:00,237.150,236.220,236.400,0.020,0.010,0.010,0.007,0.004,0.002,0.001,-0.001,0.000,-0.001,0.000,0.977,50.150
2510224049,2026-10-09 02:00:00,227.000,227.520,226.830,16.040,12.540,7.790,6.790,2.740,2.480,1.550,-2.030,-0.650,-0.840,-0.530,0.957,50.140
2510224167,2026-10-09 02:00:00,226.760,226.960,227.450,5.910,4.530,4.770,2.670,1.180,0.730,0.760,-1.870,-0.540,-0.640,-0.670,0.819,50.110
2510317505,2026-10-09 02:00:00,226.990,227.310,227.690,11.520,3.690,5.320,3.660,2.260,0.590,0.800,-1.730,-0.500,-0.540,-0.680,0.903,50.110
2510317516,2026-10-09 02:00:00,226.940,227.170,227.550,0.000,0.000,0.000,0.000,0.000,0.000,0.000,0.000,0.000,0.000,0.000,1.000,50.110
2510317537,2026-10-09 02:00:00,235.250,235.530,236.080,2.110,2.150,2.220,2.100,0.700,0.700,0.690,-0.290,-0.100,-0.090,-0.090,0.987,50.100
2510389559,2026-10-09 02:00:00,238.680,238.270,239.770,0.000,0.000,0.000,0.000,0.000,0.000,0.000,0.000,0.000,0.000,0.000,1.000,50.110
2510389643,2026-10-09 02:00:00,238.740,238.300,239.700,5.200,13.740,13.150,7.270,1.140,3.110,3.020,-1.250,-0.160,-0.580,-0.500,0.985,50.120
2510389931,2026-10-09 02:00:00,238.100,237.310,239.170,3.100,15.080,6.320,5.770,0.720,3.550,1.490,-0.660,-0.100,-0.360,-0.200,0.993,50.130
2510633381,2026-10-09 02:00:00,236.330,235.550,235.820,0.050,0.070,0.030,0.034,0.012,0.016,0.006,-0.008,-0.003,-0.004,0.000,0.962,50.160
2510633382,2026-10-09 02:00:00,237.880,239.380,238.260,0.120,0.130,0.150,0.088,0.026,0.027,0.033,-0.038,-0.012,-0.011,-0.013,0.916,50.120
2510633383,2026-10-09 02:00:00,238.230,238.310,238.930,0.130,0.100,0.120,0.054,0.019,0.013,0.021,-0.061,-0.023,-0.019,-0.018,0.669,50.150
2510633385,2026-10-09 02:00:00,238.720,238.400,239.830,0.120,0.320,0.320,0.175,0.025,0.074,0.075,-0.033,-0.005,-0.015,-0.012,0.986,50.150
2510633386,2026-10-09 02:00:00,222.290,222.460,223.070,0.370,0.370,0.350,0.139,0.048,0.046,0.044,-0.199,-0.067,-0.067,-0.064,0.570,50.140
2510633387,2026-10-09 02:00:00,238.220,238.850,238.170,0.010,0.000,0.000,0.002,0.002,0.000,0.000,0.000,0.000,0.000,0.000,0.829,50.150
2510633389,2026-10-09 02:00:00,239.440,238.330,237.950,0.650,0.630,0.650,0.476,0.160,0.156,0.164,0.005,0.000,0.001,0.003,1.000,50.150
2510633390,2026-10-09 02:00:00,235.810,236.410,235.530,0.180,0.180,0.100,0.103,0.040,0.040,0.022,0.009,-0.006,0.011,0.004,0.997,50.150
2510633391,2026-10-09 02:00:00,125.380,124.970,125.060,0.000,0.000,0.000,0.000,0.000,0.000,0.000,0.000,0.000,0.000,0.000,1.000,50.130
2510633393,2026-10-09 02:00:00,236.690,238.100,237.020,1.290,1.350,1.300,0.886,0.292,0.306,0.287,0.212,0.070,0.065,0.076,0.973,50.090
2510633395,2026-10-09 02:00:00,238.350,238.890,238.220,0.000,0.000,0.000,0.000,0.000,0.000,0.000,0.000,0.000,0.000,0.000,1.000,50.180
2510633396,2026-10-09 02:00:00,238.750,237.970,238.570,0.120,0.170,0.120,0.083,0.024,0.034,0.024,0.052,0.017,0.017,0.016,0.849,50.160
2510633397,2026-10-09 02:00:00,242.640,241.710,242.070,0.030,0.030,0.040,0.022,0.006,0.007,0.008,-0.006,-0.002,-0.002,-0.001,0.939,50.150
2510633399,2026-10-09 02:00:00,226.690,226.880,227.370,0.250,0.310,0.320,0.198,0.057,0.068,0.072,0.006,0.003,0.001,0.001,0.999,50.130
2510633400,2026-10-09 02:00:00,226.380,226.800,226.080,0.380,0.410,0.410,0.254,0.079,0.087,0.087,0.125,0.040,0.043,0.041,0.900,50.140
2510633402,2026-10-09 02:00:00,231.980,231.830,233.150,0.610,0.650,0.700,0.415,0.126,0.135,0.153,0.165,0.055,0.051,0.057,0.932,50.120
2510633406,2026-10-09 02:00:00,227.050,227.290,227.760,0.100,0.080,0.080,0.045,0.019,0.012,0.012,-0.032,-0.009,-0.011,-0.011,0.808,50.170
2510633411,2026-10-09 02:00:00,224.780,223.960,224.000,2.030,1.980,2.050,1.263,0.428,0.413,0.422,0.494,0.157,0.158,0.178,0.930,50.130
2510814977,2026-10-09 02:00:00,232.580,233.790,232.600,0.010,0.010,0.010,0.004,0.002,0.000,0.002,-0.002,0.000,-0.001,-0.001,0.811,50.170
2610026950,2026-10-09 02:00:00,227.770,226.960,227.200,0.010,0.000,0.010,0.005,0.002,0.001,0.002,-0.001,0.000,0.000,0.000,0.988,50.140
2610026952,2026-10-09 02:00:00,238.300,237.870,237.780,0.690,0.670,0.760,0.476,0.153,0.151,0.171,0.072,0.036,0.014,0.022,0.987,50.150
2610026953,2026-10-09 02:00:00,237.710,237.260,238.740,0.660,0.600,0.580,0.350,0.115,0.120,0.115,0.171,0.061,0.055,0.054,0.904,50.180
2610026963,2026-10-09 02:00:00,238.380,238.450,239.080,0.200,0.130,0.120,0.097,0.042,0.028,0.026,-0.038,-0.015,-0.011,-0.010,0.935,50.160
2610026966,2026-10-09 02:00:00,232.690,233.050,232.280,0.060,0.050,0.070,0.037,0.012,0.010,0.014,0.019,0.005,0.005,0.008,0.883,50.180
2610026976,2026-10-09 02:00:00,238.230,238.260,238.860,0.180,0.330,0.830,0.315,0.041,0.078,0.195,-0.045,-0.013,-0.002,-0.028,0.989,50.150
2610026977,2026-10-09 02:00:00,243.850,244.030,243.290,0.180,0.430,0.520,0.271,0.039,0.105,0.127,0.027,0.019,0.005,0.002,0.995,50.130
2610126270,2026-10-09 02:00:00,227.180,227.500,226.950,0.010,0.010,0.010,0.007,0.002,0.003,0.001,-0.004,-0.001,0.000,-0.001,0.879,50.130
2610126451,2026-10-09 02:00:00,238.660,239.090,238.400,0.010,0.000,0.030,0.008,0.001,0.000,0.005,0.000,0.000,0.000,0.000,0.944,50.180
2610159557,2026-10-09 02:00:00,236.410,235.580,235.880,0.020,0.010,0.010,0.006,0.003,0.001,0.001,-0.005,-0.003,0.000,-0.001,0.767,50.160
2610170785,2026-10-09 02:00:00,236.320,235.470,235.920,0.000,0.000,0.000,0.000,0.000,0.000,0.000,0.000,0.000,0.000,0.000,0.542,50.150
2610170786,2026-10-09 02:00:00,235.460,235.680,236.130,0.660,0.810,0.850,0.522,0.162,0.174,0.185,0.101,0.031,0.034,0.035,0.983,50.120
2610170836,2026-10-09 02:00:00,238.070,238.430,238.830,0.070,0.040,0.310,0.092,0.011,0.009,0.072,0.002,0.002,0.000,0.000,1.000,50.150
2610170837,2026-10-09 02:00:00,233.570,232.210,232.260,0.000,0.000,0.020,0.004,0.000,0.000,0.004,0.000,0.000,0.000,0.000,1.000,50.120
2610170838,2026-10-09 02:00:00,236.360,235.350,235.780,0.020,0.020,0.090,0.029,0.004,0.005,0.020,0.000,0.000,0.001,-0.001,0.996,50.100
2610170839,2026-10-09 02:00:00,235.380,235.700,236.310,0.000,0.020,0.010,0.009,0.000,0.005,0.003,0.000,0.000,0.000,0.000,1.000,50.140
2610170840,2026-10-09 02:00:00,238.170,237.460,239.270,0.080,0.380,0.160,0.145,0.018,0.089,0.037,-0.017,-0.002,-0.009,-0.005,0.991,50.130
2610322967,2026-10-09 02:00:00,236.820,235.850,235.930,0.000,0.000,0.010,0.001,0.000,0.000,0.001,0.000,0.000,0.000,0.000,1.000,50.160
2610322969,2026-10-09 02:00:00,227.280,226.320,227.270,0.690,0.570,0.190,0.206,0.135,0.028,0.043,0.211,0.078,0.124,0.008,0.698,50.160
2610322992,2026-10-09 02:00:00,232.480,232.900,233.560,0.120,0.330,0.220,0.149,0.025,0.074,0.049,0.035,0.012,0.007,0.015,0.970,50.130
2610322995,2026-10-09 02:00:00,235.660,235.950,236.450,0.000,0.000,0.000,0.000,0.000,0.000,0.000,0.000,0.000,0.000,0.000,1.000,50.150
2610322997,2026-10-09 02:00:00,231.750,232.090,231.500,1.070,1.180,0.840,0.588,0.222,0.213,0.156,0.244,0.043,0.127,0.074,0.932,50.130
2610323001,2026-10-09 02:00:00,231.410,230.420,230.080,1.940,1.740,2.000,1.181,0.403,0.357,0.419,0.531,0.179,0.174,0.177,0.912,50.140
2610323005,2026-10-09 02:00:00,227.390,227.730,227.060,0.000,0.010,0.000,0.002,0.000,0.001,0.000,0.000,0.000,0.000,0.000,1.000,50.140
2610323010,2026-10-09 02:00:00,239.440,238.300,238.000,0.040,0.000,0.000,0.007,0.007,0.000,0.000,-0.006,-0.006,0.000,0.000,0.786,50.140
2610323014,2026-10-09 02:00:00,238.110,238.250,238.810,0.000,0.000,0.000,0.000,0.000,0.000,0.000,-0.001,-0.001,0.000,0.000,0.321,50.130
2610323016,2026-10-09 02:00:00,230.160,229.230,229.130,3.270,3.230,3.190,2.059,0.701,0.684,0.673,0.763,0.247,0.255,0.260,0.937,50.110
2610323017,2026-10-09 02:00:00,235.940,236.620,235.690,0.000,0.000,0.000,0.000,0.000,0.000,0.000,0.000,0.000,0.000,0.000,1.000,50.180
2610323019,2026-10-09 02:00:00,227.100,227.750,227.050,0.020,0.060,0.030,0.023,0.004,0.012,0.006,-0.008,-0.001,-0.004,-0.001,0.965,50.130
2610323027,2026-10-09 02:00:00,236.360,235.420,235.840,0.000,0.000,0.000,0.000,0.000,0.000,0.000,0.000,0.000,0.000,0.000,1.000,50.110
2410883991,2026-10-09 02:01:00,235.670,235.970,236.490,0.070,0.060,0.200,0.077,0.015,0.014,0.047,-0.006,-0.002,-0.001,-0.002,0.997,50.160
2610159558,2026-10-09 02:01:00,235.630,235.890,236.450,0.000,0.000,0.000,0.000,0.000,0.000,0.000,0.000,0.000,0.000,0.000,0.731,50.090
2410131378,2026-10-09 02:02:00,238.610,239.150,238.580,0.300,0.360,0.370,0.254,0.075,0.098,0.080,0.068,0.021,0.021,0.025,0.938,50.190
2610323004,2026-10-09 02:02:00,64.580,64.090,64.450,0.090,0.060,0.090,0.015,0.005,0.003,0.005,0.001,0.001,0.000,0.000,1.000,50.150
2246006313,2026-10-09 02:30:00,57.100,57.100,56.900,0.991,1.007,0.975,0.163,0.054,0.055,0.053,0.032,0.011,0.010,0.010,0.981,50.060
2410121326,2026-10-09 02:30:00,239.400,238.640,238.900,0.120,0.100,0.120,0.080,0.027,0.024,0.028,-0.001,-0.001,-0.002,0.002,1.000,50.090
2410121353,2026-10-09 02:30:00,238.960,238.150,238.370,0.000,0.010,0.040,0.013,0.000,0.003,0.010,-0.001,0.000,0.000,0.000,0.974,50.060
2410121371,2026-10-09 02:30:00,239.550,238.710,238.900,0.010,0.010,0.030,0.010,0.002,0.000,0.008,-0.002,0.000,-0.001,0.000,0.980,50.070
2410121424,2026-10-09 02:30:00,238.980,238.150,238.330,0.010,0.010,0.010,0.004,0.000,0.001,0.002,-0.003,-0.001,-0.001,0.000,0.778,50.090
2410121440,2026-10-09 02:30:00,239.280,238.530,238.740,0.010,0.010,0.010,0.005,0.002,0.000,0.001,-0.003,-0.002,-0.001,0.000,0.916,50.060
2410121454,2026-10-09 02:30:00,238.480,239.170,238.300,0.060,0.150,0.110,0.075,0.014,0.034,0.025,0.014,0.005,0.005,0.004,0.977,50.060
2410121457,2026-10-09 02:30:00,237.630,236.580,237.060,1.710,1.820,1.700,1.162,0.384,0.398,0.379,0.365,0.125,0.133,0.106,0.953,50.170
2410121574,2026-10-09 02:30:00,239.160,238.070,238.210,0.090,0.090,0.090,0.029,0.015,0.007,0.005,-0.049,-0.014,-0.019,-0.014,0.572,50.060
2410131378,2026-10-09 02:30:00,238.850,239.300,238.650,0.230,0.320,0.330,0.236,0.071,0.083,0.082,0.059,0.015,0.017,0.026,0.969,50.070
2410131383,2026-10-09 02:30:00,239.970,238.830,238.580,0.050,0.030,0.060,0.032,0.011,0.007,0.014,-0.002,0.000,-0.001,-0.001,0.987,50.160
2410131384,2026-10-09 02:30:00,235.620,236.130,235.520,0.780,0.880,0.790,0.553,0.173,0.230,0.190,0.115,0.032,0.044,0.038,0.981,50.030
2410131387,2026-10-09 02:30:00,238.280,239.650,238.770,0.030,0.020,0.020,0.015,0.005,0.005,0.004,-0.009,-0.002,-0.003,-0.003,0.848,50.100
2410320615,2026-10-09 02:30:00,237.900,239.090,238.580,1.170,1.190,1.340,0.873,0.280,0.277,0.315,0.186,0.046,0.072,0.066,0.978,50.050
2410883988,2026-10-09 02:30:00,227.400,227.770,227.080,0.270,0.260,0.340,0.195,0.060,0.058,0.076,0.038,0.012,0.012,0.012,0.979,49.960
2410883990,2026-10-09 02:30:00,227.510,226.750,227.110,0.020,0.000,0.030,0.011,0.003,0.000,0.007,0.000,0.002,0.000,-0.001,0.998,49.930
2410883993,2026-10-09 02:30:00,236.300,235.400,235.800,0.670,0.810,0.790,0.526,0.154,0.189,0.182,-0.068,-0.026,-0.018,-0.023,0.991,49.920
2410932742,2026-10-09 02:30:00,232.410,230.940,230.800,2.100,2.060,2.160,1.313,0.440,0.425,0.447,0.418,0.134,0.133,0.149,0.952,50.060
2411087432,2026-10-09 02:30:00,237.910,238.470,237.700,0.440,0.430,0.470,0.319,0.104,0.102,0.112,-0.004,0.003,-0.003,-0.004,0.999,49.950
2411087433,2026-10-09 02:30:00,235.840,236.050,236.520,0.350,0.360,0.360,0.229,0.074,0.076,0.078,0.051,0.014,0.016,0.019,0.978,49.920
2411290205,2026-10-09 02:30:00,238.880,238.520,239.880,0.100,0.070,0.100,0.064,0.024,0.015,0.024,0.003,0.002,0.000,0.000,0.997,50.050
2510014481,2026-10-09 02:30:00,231.010,230.760,232.040,2.170,2.240,2.270,1.333,0.431,0.441,0.461,0.481,0.164,0.164,0.153,0.940,49.920
2510014482,2026-10-09 02:30:00,238.080,238.510,237.780,0.010,0.040,0.000,0.012,0.002,0.009,0.000,-0.002,-0.002,0.000,0.000,0.952,49.950
2510014483,2026-10-09 02:30:00,235.610,235.850,236.330,0.040,0.030,0.050,0.020,0.007,0.005,0.007,-0.019,-0.005,-0.005,-0.008,0.724,49.930
2510014484,2026-10-09 02:30:00,237.050,236.790,238.280,1.540,1.660,1.410,1.247,0.413,0.452,0.384,0.447,0.155,0.138,0.154,0.927,49.950
2510178139,2026-10-09 02:30:00,238.260,238.840,238.000,0.070,0.030,0.040,0.035,0.016,0.008,0.010,0.003,0.002,0.000,0.000,0.985,49.920
2510178141,2026-10-09 02:30:00,238.080,238.230,238.720,0.020,0.010,0.020,0.005,0.002,0.000,0.002,-0.009,-0.004,-0.001,-0.002,0.483,49.940
2510203103,2026-10-09 02:30:00,228.250,226.830,226.840,0.080,0.090,0.090,0.052,0.016,0.018,0.017,-0.023,-0.007,-0.007,-0.008,0.917,50.040
2510203104,2026-10-09 02:30:00,229.950,230.120,230.490,0.420,0.300,0.410,0.258,0.086,0.074,0.097,0.051,0.007,0.015,0.028,0.978,50.010
2510203105,2026-10-09 02:30:00,234.130,232.670,232.880,0.050,0.090,0.010,0.034,0.010,0.021,0.003,0.010,0.003,0.005,0.000,0.960,49.920
2510203106,2026-10-09 02:30:00,238.500,238.140,239.590,0.030,0.040,0.040,0.024,0.005,0.009,0.010,-0.006,-0.003,-0.001,-0.001,0.959,50.020
2510203107,2026-10-09 02:30:00,226.580,226.160,227.470,0.340,0.390,0.350,0.232,0.073,0.083,0.075,0.075,0.024,0.024,0.026,0.950,49.930
2510203108,2026-10-09 02:30:00,238.260,238.740,237.880,0.480,0.670,0.930,0.437,0.099,0.139,0.198,0.041,0.011,0.013,0.016,0.998,50.080
2510203109,2026-10-09 02:30:00,235.870,236.300,235.520,0.020,0.030,0.070,0.028,0.004,0.005,0.017,0.006,0.002,0.002,0.001,0.974,49.920
2510203111,2026-10-09 02:30:00,237.450,237.770,238.250,1.190,1.050,1.220,0.744,0.257,0.221,0.266,0.262,0.100,0.079,0.081,0.943,49.920
2510203113,2026-10-09 02:30:00,239.310,238.120,237.930,0.330,0.380,0.330,0.246,0.079,0.088,0.078,-0.012,-0.001,-0.006,-0.004,0.997,49.960
2510203114,2026-10-09 02:30:00,229.650,230.060,230.270,0.320,0.190,0.240,0.144,0.054,0.040,0.056,0.027,0.007,0.004,0.015,0.986,49.930
2510203117,2026-10-09 02:30:00,227.970,227.240,227.430,0.220,0.240,0.170,0.136,0.047,0.050,0.037,-0.040,-0.013,-0.017,-0.010,0.960,50.080
2510203120,2026-10-09 02:30:00,236.160,235.330,235.730,0.870,0.670,0.710,0.482,0.187,0.141,0.153,0.192,0.074,0.058,0.058,0.928,50.080
2510203121,2026-10-09 02:30:00,226.860,227.190,227.570,0.120,0.050,0.120,0.057,0.025,0.007,0.024,-0.024,-0.005,-0.007,-0.011,0.915,49.910
2510203122,2026-10-09 02:30:00,238.070,238.660,237.880,0.040,0.020,0.010,0.011,0.007,0.002,0.000,0.001,0.005,-0.002,-0.001,1.000,49.970
2510203123,2026-10-09 02:30:00,237.520,237.730,238.300,0.160,0.220,0.180,0.062,0.015,0.032,0.024,0.108,0.033,0.036,0.038,0.563,49.920
2510203124,2026-10-09 02:30:00,238.900,239.070,238.330,0.070,0.080,0.090,0.051,0.015,0.015,0.019,0.026,0.008,0.009,0.009,0.880,49.970
2510203125,2026-10-09 02:30:00,238.170,239.540,238.420,0.030,0.030,0.070,0.022,0.003,0.003,0.014,-0.018,-0.007,-0.006,-0.005,0.779,49.920
2510203126,2026-10-09 02:30:00,227.550,227.800,228.400,0.340,0.270,0.260,0.195,0.076,0.060,0.058,0.037,0.012,0.012,0.012,0.984,50.070
2510203127,2026-10-09 02:30:00,238.670,239.310,238.620,0.040,0.010,0.030,0.016,0.008,0.002,0.006,-0.006,0.000,0.000,-0.005,0.929,50.070
2510203128,2026-10-09 02:30:00,235.610,235.820,234.510,1.860,1.850,1.940,1.290,0.429,0.422,0.442,0.120,0.023,0.036,0.060,0.995,50.050
2510203130,2026-10-09 02:30:00,245.280,245.180,246.620,0.000,0.000,0.020,0.006,0.000,0.001,0.005,-0.001,0.000,0.000,0.000,0.950,49.960
2510203133,2026-10-09 02:30:00,238.450,238.980,238.280,0.030,0.020,0.000,0.011,0.006,0.004,0.000,-0.002,0.000,-0.002,0.000,1.000,50.040
2510203134,2026-10-09 02:30:00,236.970,236.000,236.230,0.020,0.010,0.010,0.007,0.004,0.002,0.001,-0.001,0.000,-0.001,0.000,0.978,50.060
2510224049,2026-10-09 02:30:00,226.810,227.330,226.580,16.060,12.290,7.800,6.730,2.740,2.430,1.560,-2.000,-0.650,-0.810,-0.530,0.958,49.940
2510224167,2026-10-09 02:30:00,226.710,226.870,227.430,5.910,4.520,4.770,2.680,1.180,0.730,0.760,-1.870,-0.540,-0.640,-0.670,0.820,49.950
2510317505,2026-10-09 02:30:00,226.890,227.220,227.590,11.520,3.690,5.310,3.650,2.260,0.590,0.800,-1.720,-0.500,-0.540,-0.670,0.904,49.950
2510317516,2026-10-09 02:30:00,226.920,227.140,227.580,0.000,0.000,0.000,0.000,0.000,0.000,0.000,0.000,0.000,0.000,0.000,1.000,49.950
2510317537,2026-10-09 02:30:00,235.380,235.590,236.210,2.160,2.150,2.310,1.650,0.530,0.510,0.540,-0.260,-0.070,-0.080,-0.100,0.989,49.950
2510389559,2026-10-09 02:30:00,238.590,238.180,239.730,0.000,0.000,0.000,0.000,0.000,0.000,0.000,0.000,0.000,0.000,0.000,1.000,49.960
2510389643,2026-10-09 02:30:00,239.000,238.560,240.000,5.030,13.730,13.120,7.220,1.090,3.110,3.010,-1.260,-0.160,-0.580,-0.500,0.984,49.940
2510389931,2026-10-09 02:30:00,238.150,237.400,239.240,3.100,15.040,6.300,5.760,0.720,3.540,1.490,-0.660,-0.100,-0.360,-0.200,0.993,49.930
2510633381,2026-10-09 02:30:00,236.890,236.080,236.360,0.050,0.070,0.010,0.029,0.010,0.015,0.003,-0.011,-0.004,-0.005,-0.001,0.933,50.000
2510633382,2026-10-09 02:30:00,237.420,238.880,237.860,0.120,0.120,0.150,0.080,0.024,0.025,0.030,-0.045,-0.015,-0.013,-0.016,0.870,50.070
2510633383,2026-10-09 02:30:00,238.490,238.660,239.200,0.120,0.090,0.100,0.037,0.013,0.007,0.015,-0.062,-0.023,-0.019,-0.018,0.511,50.010
2510633385,2026-10-09 02:30:00,238.250,237.890,239.310,0.150,0.320,0.320,0.184,0.035,0.074,0.074,-0.035,-0.006,-0.015,-0.012,0.984,50.110
2510633386,2026-10-09 02:30:00,222.800,222.910,223.450,0.370,0.370,0.350,0.120,0.041,0.040,0.037,-0.206,-0.069,-0.069,-0.067,0.508,50.100
2510633387,2026-10-09 02:30:00,238.670,239.220,238.530,0.010,0.000,0.000,0.002,0.002,0.000,0.000,0.000,0.000,0.000,0.000,0.840,50.150
2510633389,2026-10-09 02:30:00,239.180,238.090,237.620,0.170,0.170,0.180,0.124,0.039,0.040,0.043,-0.001,-0.002,0.000,0.001,0.997,50.170
2510633390,2026-10-09 02:30:00,236.320,237.060,236.250,0.220,0.180,0.150,0.127,0.051,0.041,0.035,0.008,-0.001,0.011,-0.001,0.999,50.190
2510633391,2026-10-09 02:30:00,125.700,125.310,125.410,0.000,0.000,0.000,0.000,0.000,0.000,0.000,0.000,0.000,0.000,0.000,1.000,50.170
2510633393,2026-10-09 02:30:00,237.160,238.540,237.490,1.380,1.400,1.360,0.972,0.319,0.335,0.317,0.222,0.073,0.069,0.080,0.975,50.070
2510633395,2026-10-09 02:30:00,238.340,238.930,238.220,0.000,0.000,0.000,0.000,0.000,0.000,0.000,0.000,0.000,0.000,0.000,1.000,49.960
2510633396,2026-10-09 02:30:00,239.160,238.430,239.040,0.120,0.160,0.120,0.081,0.023,0.034,0.023,0.053,0.017,0.018,0.017,0.834,50.030
2510633397,2026-10-09 02:30:00,243.280,242.370,242.690,0.030,0.030,0.040,0.022,0.006,0.007,0.008,-0.006,-0.002,-0.002,-0.001,0.940,50.190
2510633399,2026-10-09 02:30:00,227.310,227.530,228.080,0.230,0.290,0.310,0.186,0.051,0.064,0.069,0.010,0.004,0.002,0.003,1.000,50.090
2510633400,2026-10-09 02:30:00,227.060,227.500,226.730,0.440,0.480,0.480,0.298,0.093,0.103,0.102,0.125,0.039,0.044,0.041,0.914,50.170
2510633402,2026-10-09 02:30:00,232.310,232.160,233.510,0.500,0.540,0.600,0.382,0.116,0.146,0.161,0.078,0.023,0.025,0.029,0.979,50.070
2510633406,2026-10-09 02:30:00,226.830,227.020,227.560,0.100,0.080,0.080,0.045,0.019,0.012,0.012,-0.032,-0.009,-0.011,-0.011,0.808,49.920
2510633411,2026-10-09 02:30:00,225.330,224.480,224.500,2.040,1.980,2.060,1.255,0.426,0.408,0.420,0.512,0.164,0.163,0.185,0.927,50.170
2510814977,2026-10-09 02:30:00,232.610,233.870,232.650,0.020,0.010,0.010,0.006,0.003,0.000,0.001,-0.001,0.001,-0.001,-0.001,1.000,49.920
2610026950,2026-10-09 02:30:00,227.580,226.720,227.050,0.010,0.000,0.010,0.004,0.001,0.000,0.001,-0.001,0.000,0.000,0.000,1.000,49.920
2610026952,2026-10-09 02:30:00,237.260,236.830,236.780,1.030,0.970,1.100,0.675,0.218,0.214,0.241,0.248,0.098,0.070,0.079,0.939,49.920
2610026953,2026-10-09 02:30:00,237.670,237.180,238.660,0.520,0.500,0.510,0.311,0.090,0.110,0.110,0.159,0.055,0.050,0.052,0.895,49.910
2610026963,2026-10-09 02:30:00,238.820,238.850,239.470,0.190,0.140,0.120,0.101,0.043,0.031,0.027,-0.035,-0.014,-0.010,-0.010,0.940,50.000
2610026966,2026-10-09 02:30:00,233.220,233.530,232.700,0.040,0.050,0.060,0.030,0.008,0.009,0.012,0.016,0.003,0.004,0.007,0.875,49.960
2610026976,2026-10-09 02:30:00,238.550,238.580,239.210,0.160,0.330,0.820,0.308,0.036,0.077,0.193,-0.046,-0.013,-0.003,-0.028,0.990,50.070
2610026977,2026-10-09 02:30:00,244.450,244.660,243.820,0.180,0.430,0.520,0.270,0.039,0.103,0.127,0.028,0.019,0.006,0.002,0.995,50.160
2610126270,2026-10-09 02:30:00,226.990,227.340,226.730,0.010,0.010,0.010,0.006,0.002,0.002,0.002,-0.004,-0.001,-0.001,-0.001,0.860,49.930
2610126451,2026-10-09 02:30:00,238.270,238.660,237.980,0.010,0.000,0.030,0.010,0.001,0.000,0.008,0.002,0.000,0.000,0.002,0.972,49.910
2610159557,2026-10-09 02:30:00,236.390,235.630,235.870,0.020,0.010,0.010,0.006,0.003,0.000,0.001,-0.005,-0.003,-0.001,-0.001,0.757,49.920
2610159558,2026-10-09 02:30:00,235.540,235.870,236.360,0.000,0.000,0.000,0.000,0.000,0.000,0.000,0.000,0.000,0.000,0.000,0.800,49.910
2610170785,2026-10-09 02:30:00,236.230,235.430,235.810,0.000,0.000,0.000,0.000,0.000,0.000,0.000,0.000,0.000,0.000,0.000,0.543,49.920
2610170786,2026-10-09 02:30:00,235.250,235.410,235.740,1.210,1.360,1.340,0.866,0.275,0.291,0.299,0.224,0.067,0.073,0.083,0.970,49.940
2610170836,2026-10-09 02:30:00,237.790,238.200,238.650,0.030,0.010,0.010,0.088,0.012,0.005,0.069,0.000,0.001,0.000,0.000,1.000,49.920
2610170837,2026-10-09 02:30:00,233.780,232.380,232.480,0.000,0.000,0.000,0.000,0.000,0.000,0.000,0.000,0.000,0.000,0.000,0.753,49.930
2610170838,2026-10-09 02:30:00,236.310,235.320,235.720,0.020,0.040,0.090,0.033,0.004,0.009,0.020,0.000,0.000,0.001,-0.001,0.985,49.940
2610170839,2026-10-09 02:30:00,235.440,235.730,236.290,0.000,0.020,0.010,0.008,0.000,0.004,0.003,0.000,0.000,0.000,0.000,0.998,49.930
2610170840,2026-10-09 02:30:00,238.220,237.550,239.340,0.080,0.380,0.160,0.145,0.018,0.089,0.037,-0.017,-0.002,-0.009,-0.005,0.995,49.940
2610322967,2026-10-09 02:30:00,236.810,235.870,235.950,0.000,0.000,0.010,0.001,0.000,0.000,0.001,0.000,0.000,0.000,0.000,1.000,49.920
2610322969,2026-10-09 02:30:00,227.040,226.100,226.980,0.690,0.560,0.160,0.190,0.135,0.021,0.034,0.211,0.079,0.125,0.007,0.669,49.920
2610322992,2026-10-09 02:30:00,232.500,232.920,233.670,0.120,0.330,0.230,0.152,0.025,0.077,0.050,0.040,0.013,0.009,0.017,0.963,49.940
2610322995,2026-10-09 02:30:00,235.600,235.830,236.320,0.000,0.000,0.000,0.000,0.000,0.000,0.000,0.000,0.000,0.000,0.000,1.000,49.930
2610322997,2026-10-09 02:30:00,231.910,232.490,231.580,0.980,1.080,0.790,0.586,0.213,0.212,0.159,0.224,0.035,0.110,0.078,0.934,49.930
2610323001,2026-10-09 02:30:00,231.410,230.320,230.130,2.030,1.900,2.070,1.261,0.423,0.398,0.439,0.542,0.182,0.180,0.179,0.917,49.930
2610323004,2026-10-09 02:30:00,64.510,64.000,64.390,0.070,0.050,0.070,0.011,0.004,0.002,0.004,-0.002,0.000,0.000,-0.001,0.966,49.920
2610323005,2026-10-09 02:30:00,227.070,227.490,226.790,0.000,0.010,0.000,0.002,0.000,0.001,0.000,0.000,0.000,0.000,0.000,1.000,49.930
2610323010,2026-10-09 02:30:00,239.730,238.420,238.130,0.040,0.000,0.000,0.008,0.008,0.000,0.000,-0.006,-0.006,0.000,0.000,0.782,50.190
2610323014,2026-10-09 02:30:00,237.860,238.010,238.550,0.000,0.000,0.000,0.000,0.000,0.000,0.000,-0.001,-0.001,0.000,0.000,0.281,49.930
2610323016,2026-10-09 02:30:00,230.870,229.870,229.850,2.680,2.630,2.590,1.671,0.572,0.554,0.544,0.650,0.213,0.218,0.217,0.931,49.940
2610323017,2026-10-09 02:30:00,235.920,236.540,235.660,0.000,0.000,0.000,0.000,0.000,0.000,0.000,0.000,0.000,0.000,0.000,1.000,49.940
2610323019,2026-10-09 02:30:00,227.080,227.610,226.920,0.020,0.020,0.030,0.014,0.004,0.004,0.005,-0.006,-0.001,-0.002,-0.002,0.931,49.940
2610323027,2026-10-09 02:30:00,236.450,235.550,235.920,0.000,0.000,0.000,0.000,0.000,0.000,0.000,0.000,0.000,0.000,0.000,1.000,49.950
2410883991,2026-10-09 02:31:00,235.640,236.010,236.520,0.060,0.060,0.210,0.078,0.015,0.014,0.049,-0.005,-0.002,0.000,-0.002,0.993,49.950
2410883994,2026-10-09 02:31:00,236.480,235.610,236.080,0.010,0.040,0.020,0.014,0.001,0.009,0.004,0.000,0.000,0.000,0.000,1.000,49.940
2246006313,2026-10-09 03:00:00,57.300,57.300,57.100,0.897,0.895,0.878,0.145,0.048,0.048,0.047,0.027,0.009,0.008,0.009,0.981,49.960
2410121326,2026-10-09 03:00:00,239.550,238.830,239.100,0.100,0.110,0.120,0.078,0.024,0.024,0.028,0.000,-0.001,-0.002,0.002,1.000,50.120
2410121353,2026-10-09 03:00:00,239.280,238.590,238.880,0.000,0.010,0.050,0.013,0.000,0.002,0.010,-0.001,0.000,0.000,0.000,0.982,50.020
2410121371,2026-10-09 03:00:00,239.610,238.710,238.960,0.040,0.010,0.030,0.017,0.008,0.000,0.008,-0.002,0.000,-0.001,0.000,1.000,50.060
2410121424,2026-10-09 03:00:00,239.110,238.450,238.690,0.010,0.010,0.010,0.004,0.000,0.001,0.002,-0.003,-0.001,-0.001,0.000,0.782,49.950
2410121440,2026-10-09 03:00:00,239.370,238.650,238.860,0.010,0.010,0.010,0.005,0.002,0.000,0.001,-0.003,-0.002,-0.001,0.000,0.917,50.060
2410121454,2026-10-09 03:00:00,238.710,239.210,238.530,0.080,0.160,0.120,0.081,0.016,0.036,0.028,0.018,0.006,0.006,0.005,0.979,49.950
2410121457,2026-10-09 03:00:00,237.560,236.690,237.120,1.730,1.800,1.730,1.138,0.373,0.386,0.377,0.378,0.129,0.136,0.112,0.948,50.110
2410121574,2026-10-09 03:00:00,239.440,238.480,238.690,0.110,0.090,0.070,0.036,0.021,0.008,0.005,-0.049,-0.014,-0.019,-0.014,0.598,49.990
2410131378,2026-10-09 03:00:00,238.740,239.150,238.500,0.340,0.390,0.390,0.254,0.078,0.089,0.085,0.077,0.022,0.024,0.029,0.947,50.050
2410131383,2026-10-09 03:00:00,240.160,238.970,238.800,0.050,0.030,0.050,0.032,0.013,0.006,0.012,-0.004,-0.001,-0.001,-0.002,1.000,50.140
2410131384,2026-10-09 03:00:00,236.250,236.680,236.040,0.870,1.040,0.880,0.585,0.180,0.218,0.187,0.110,0.029,0.050,0.034,0.985,50.000
2410131387,2026-10-09 03:00:00,238.600,239.890,238.980,0.030,0.020,0.020,0.015,0.005,0.005,0.004,-0.009,-0.002,-0.003,-0.003,0.844,50.030
2410320615,2026-10-09 03:00:00,238.130,239.190,238.730,1.320,1.330,1.310,0.972,0.320,0.305,0.346,0.180,0.040,0.074,0.063,0.980,49.990
2410883988,2026-10-09 03:00:00,228.630,229.020,228.330,0.350,0.340,0.410,0.241,0.076,0.073,0.091,0.063,0.020,0.021,0.020,0.965,50.110
2410883990,2026-10-09 03:00:00,228.960,228.200,228.520,0.020,0.000,0.030,0.010,0.003,0.000,0.007,0.000,0.002,0.000,-0.001,0.994,50.120
2410883991,2026-10-09 03:00:00,236.050,236.370,236.880,0.060,0.060,0.240,0.084,0.014,0.014,0.056,-0.007,-0.002,-0.002,-0.002,0.996,50.050
2410883993,2026-10-09 03:00:00,236.890,235.950,236.450,0.670,0.810,0.840,0.537,0.156,0.190,0.193,-0.076,-0.027,-0.019,-0.029,0.990,50.110
2410883994,2026-10-09 03:00:00,236.830,235.950,236.470,0.010,0.040,0.020,0.014,0.001,0.009,0.004,0.000,0.000,0.000,0.000,0.967,50.030
2410932742,2026-10-09 03:00:00,231.700,230.260,230.230,3.410,3.390,3.490,2.086,0.696,0.685,0.704,0.569,0.185,0.178,0.201,0.965,49.970
2411087432,2026-10-09 03:00:00,239.190,239.670,238.980,0.440,0.440,0.480,0.325,0.105,0.105,0.114,0.000,0.003,0.000,-0.004,0.999,50.130
2411087433,2026-10-09 03:00:00,236.440,236.710,237.140,0.350,0.360,0.380,0.231,0.072,0.076,0.076,0.051,0.014,0.016,0.019,0.975,50.110
2411290205,2026-10-09 03:00:00,238.360,238.070,239.320,0.130,0.120,0.130,0.093,0.031,0.029,0.032,0.009,0.003,0.002,0.002,0.991,50.050
2510014481,2026-10-09 03:00:00,231.420,231.280,232.590,1.940,2.010,2.000,1.188,0.379,0.402,0.406,0.445,0.144,0.155,0.144,0.940,50.110
2510014483,2026-10-09 03:00:00,236.350,236.680,237.090,0.040,0.030,0.050,0.019,0.007,0.005,0.007,-0.019,-0.005,-0.005,-0.008,0.713,50.120
2510014484,2026-10-09 03:00:00,237.110,236.810,238.200,1.840,2.090,1.840,1.283,0.405,0.471,0.392,0.447,0.154,0.138,0.154,0.944,50.140
2510178139,2026-10-09 03:00:00,239.310,239.830,239.030,0.070,0.040,0.040,0.036,0.016,0.009,0.013,0.012,0.005,0.005,0.002,0.989,50.110
2510178141,2026-10-09 03:00:00,238.470,238.640,239.050,0.020,0.010,0.020,0.007,0.002,0.000,0.003,-0.009,-0.004,-0.001,-0.003,0.587,50.140
2510203103,2026-10-09 03:00:00,228.610,227.180,227.180,0.080,0.110,0.080,0.058,0.016,0.024,0.017,-0.018,-0.005,-0.006,-0.006,0.950,49.990
2510203104,2026-10-09 03:00:00,230.490,230.730,231.090,0.460,0.340,0.430,0.242,0.082,0.072,0.087,0.045,0.004,0.013,0.026,0.985,50.050
2510203105,2026-10-09 03:00:00,234.600,233.080,233.330,0.050,0.100,0.010,0.035,0.010,0.022,0.002,0.011,0.003,0.007,0.000,0.949,50.120
2510203106,2026-10-09 03:00:00,238.720,238.350,239.710,0.030,0.040,0.040,0.024,0.005,0.009,0.010,-0.006,-0.003,-0.001,-0.001,0.961,50.040
2510203107,2026-10-09 03:00:00,227.020,226.690,227.830,0.250,0.300,0.250,0.181,0.056,0.068,0.056,0.012,0.002,0.003,0.005,1.000,50.130
2510203108,2026-10-09 03:00:00,238.860,239.230,238.530,0.530,0.670,0.810,0.409,0.104,0.138,0.165,0.048,0.018,0.013,0.017,0.986,49.970
2510203109,2026-10-09 03:00:00,236.720,237.090,236.280,0.020,0.030,0.070,0.026,0.003,0.005,0.017,0.005,0.002,0.001,0.001,0.973,50.110
2510203111,2026-10-09 03:00:00,238.680,238.970,239.440,1.200,1.050,1.220,0.748,0.259,0.222,0.266,0.265,0.101,0.080,0.083,0.942,50.000
2510203113,2026-10-09 03:00:00,239.680,238.800,238.640,0.330,0.390,0.370,0.256,0.076,0.092,0.086,0.011,0.006,0.001,0.003,0.998,50.120
2510203114,2026-10-09 03:00:00,230.360,230.790,230.980,0.550,0.390,0.450,0.272,0.095,0.067,0.080,0.025,0.008,0.003,0.013,0.996,50.110
2510203117,2026-10-09 03:00:00,228.600,227.800,227.990,0.200,0.340,0.170,0.157,0.044,0.075,0.037,-0.041,-0.015,-0.015,-0.010,0.964,49.960
2510203120,2026-10-09 03:00:00,236.320,235.540,235.880,0.700,0.530,0.550,0.395,0.155,0.115,0.125,0.158,0.061,0.048,0.048,0.927,49.970
2510203121,2026-10-09 03:00:00,228.260,228.550,228.980,0.120,0.050,0.120,0.058,0.025,0.007,0.024,-0.024,-0.005,-0.007,-0.011,0.926,50.110
2510203122,2026-10-09 03:00:00,239.030,239.560,238.860,0.120,0.020,0.010,0.022,0.019,0.002,0.000,0.015,0.019,-0.002,-0.001,0.808,50.100
2510203123,2026-10-09 03:00:00,238.770,239.020,239.430,0.770,0.740,1.170,0.290,0.102,0.098,0.090,0.112,0.033,0.040,0.038,0.967,50.040
2510203124,2026-10-09 03:00:00,239.260,239.400,238.700,0.070,0.070,0.090,0.050,0.015,0.015,0.020,0.026,0.008,0.009,0.009,0.879,50.110
2510203125,2026-10-09 03:00:00,238.550,239.840,238.840,0.030,0.030,0.070,0.025,0.003,0.003,0.016,-0.019,-0.007,-0.006,-0.005,0.804,50.100
2510203126,2026-10-09 03:00:00,228.220,228.440,228.950,0.410,0.350,0.340,0.240,0.090,0.075,0.073,0.062,0.020,0.020,0.021,0.969,50.110
2510203128,2026-10-09 03:00:00,236.060,236.180,234.900,1.910,1.930,2.030,1.342,0.436,0.440,0.464,0.136,0.027,0.044,0.063,0.995,49.990
2510203130,2026-10-09 03:00:00,245.430,245.310,246.840,0.000,0.000,0.020,0.005,0.000,0.001,0.004,-0.001,0.000,0.000,0.000,0.990,50.110
2510203133,2026-10-09 03:00:00,239.080,239.540,238.930,0.020,0.020,0.000,0.021,0.004,0.004,0.012,-0.002,0.000,-0.002,0.000,0.978,50.070
2510203134,2026-10-09 03:00:00,237.240,236.300,236.600,0.020,0.010,0.010,0.007,0.004,0.002,0.001,-0.001,0.000,-0.001,0.000,0.979,49.970
2510224049,2026-10-09 03:00:00,228.190,228.790,228.100,15.980,12.250,7.770,6.740,2.740,2.440,1.560,-2.030,-0.650,-0.830,-0.540,0.957,50.120
2510224167,2026-10-09 03:00:00,227.870,228.090,228.650,5.890,4.520,4.770,2.680,1.180,0.730,0.760,-1.890,-0.550,-0.650,-0.680,0.817,50.150
2510317505,2026-10-09 03:00:00,228.100,228.360,228.770,11.560,3.690,5.310,3.680,2.280,0.590,0.800,-1.740,-0.500,-0.550,-0.680,0.903,50.120
2510317537,2026-10-09 03:00:00,236.130,236.480,236.940,2.880,2.910,2.940,2.460,0.810,0.820,0.820,-0.360,-0.130,-0.120,-0.120,0.987,50.140
2510389643,2026-10-09 03:00:00,239.130,238.560,239.950,5.010,13.730,13.120,7.220,1.080,3.110,3.010,-1.260,-0.160,-0.580,-0.500,0.984,50.140
2510389931,2026-10-09 03:00:00,238.290,237.540,239.300,3.090,15.000,6.300,5.760,0.720,3.540,1.490,-0.670,-0.100,-0.360,-0.200,0.993,50.120
2510633381,2026-10-09 03:00:00,237.100,236.290,236.660,0.050,0.070,0.010,0.025,0.009,0.013,0.002,-0.014,-0.005,-0.006,-0.001,0.891,50.110
2510633382,2026-10-09 03:00:00,238.260,239.680,238.620,0.110,0.110,0.140,0.067,0.019,0.019,0.027,-0.051,-0.016,-0.016,-0.018,0.791,50.080
2510633383,2026-10-09 03:00:00,238.790,238.940,239.450,0.130,0.100,0.120,0.053,0.019,0.013,0.020,-0.061,-0.023,-0.019,-0.018,0.654,50.120
2510633385,2026-10-09 03:00:00,239.160,238.760,240.180,0.110,0.320,0.320,0.174,0.025,0.074,0.076,-0.035,-0.007,-0.015,-0.012,0.982,50.110
2510633386,2026-10-09 03:00:00,222.710,222.920,223.410,0.280,0.270,0.260,0.129,0.044,0.043,0.041,-0.125,-0.042,-0.042,-0.040,0.714,50.090
2510633387,2026-10-09 03:00:00,238.920,239.440,238.770,0.010,0.000,0.000,0.002,0.002,0.000,0.000,0.000,0.000,0.000,0.000,0.833,50.100
2510633389,2026-10-09 03:00:00,239.480,238.390,238.020,0.220,0.220,0.210,0.177,0.060,0.055,0.061,0.001,-0.001,0.000,0.001,0.997,50.100
2510633390,2026-10-09 03:00:00,236.130,236.770,235.930,0.190,0.150,0.160,0.088,0.031,0.031,0.025,0.008,-0.002,0.006,0.003,1.000,50.120
2510633391,2026-10-09 03:00:00,125.670,125.300,125.380,0.000,0.000,0.000,0.000,0.000,0.000,0.000,0.000,0.000,0.000,0.000,1.000,50.140
2510633395,2026-10-09 03:00:00,238.920,239.360,238.730,0.000,0.000,0.000,0.000,0.000,0.000,0.000,0.000,0.000,0.000,0.000,1.000,50.110
2510633396,2026-10-09 03:00:00,239.380,238.670,239.270,0.120,0.170,0.120,0.080,0.022,0.034,0.023,0.052,0.017,0.017,0.017,0.837,50.120
2510633397,2026-10-09 03:00:00,243.130,242.200,242.680,0.030,0.030,0.040,0.022,0.006,0.007,0.008,-0.006,-0.002,-0.002,-0.001,0.940,50.130
2510633399,2026-10-09 03:00:00,227.940,228.140,228.720,0.200,0.240,0.260,0.158,0.045,0.054,0.058,0.010,0.004,0.004,0.002,0.995,50.120
2510633400,2026-10-09 03:00:00,227.450,227.930,227.140,0.370,0.410,0.410,0.237,0.074,0.080,0.082,0.124,0.039,0.043,0.041,0.884,50.050
2510633402,2026-10-09 03:00:00,232.310,232.230,233.600,0.760,0.790,0.820,0.432,0.133,0.141,0.157,0.165,0.052,0.052,0.057,0.962,50.070
2510633406,2026-10-09 03:00:00,228.190,228.310,228.900,0.100,0.080,0.080,0.045,0.019,0.012,0.012,-0.032,-0.009,-0.011,-0.011,0.809,50.110
2510633411,2026-10-09 03:00:00,226.110,225.250,225.300,1.800,1.720,1.790,1.103,0.379,0.356,0.367,0.467,0.150,0.150,0.166,0.921,50.140
2510814977,2026-10-09 03:00:00,233.050,234.300,233.000,0.020,0.010,0.010,0.006,0.003,0.000,0.001,-0.001,0.001,-0.001,-0.001,1.000,50.110
2610026950,2026-10-09 03:00:00,228.960,228.110,228.370,0.010,0.000,0.010,0.005,0.002,0.000,0.001,-0.001,0.000,0.000,0.000,1.000,50.110
2610026952,2026-10-09 03:00:00,238.690,238.160,238.090,0.650,0.630,0.720,0.447,0.143,0.142,0.160,0.065,0.032,0.011,0.020,0.989,50.110
2610026953,2026-10-09 03:00:00,237.980,237.550,238.990,0.550,0.580,0.630,0.337,0.102,0.118,0.116,0.174,0.062,0.055,0.056,0.901,50.100
2610026963,2026-10-09 03:00:00,239.150,239.170,239.760,0.190,0.140,0.120,0.102,0.043,0.031,0.027,-0.036,-0.015,-0.010,-0.010,0.939,50.110
2610026966,2026-10-09 03:00:00,233.020,233.340,232.630,0.050,0.040,0.050,0.028,0.010,0.008,0.009,0.013,0.003,0.004,0.005,0.907,50.120
2610026976,2026-10-09 03:00:00,238.960,238.990,239.560,0.150,0.320,0.820,0.301,0.032,0.076,0.193,-0.044,-0.013,-0.003,-0.028,0.989,50.110
2610026977,2026-10-09 03:00:00,244.680,244.790,244.090,0.060,0.390,0.510,0.230,0.014,0.093,0.122,-0.046,-0.004,-0.018,-0.023,0.979,50.140
2610126270,2026-10-09 03:00:00,228.380,228.770,228.160,0.010,0.020,0.010,0.008,0.002,0.004,0.002,-0.004,-0.001,0.000,-0.001,0.869,50.120
2610126451,2026-10-09 03:00:00,239.320,239.700,239.070,0.010,0.000,0.030,0.009,0.001,0.000,0.006,0.001,0.000,0.000,0.001,1.000,50.100
2610159557,2026-10-09 03:00:00,237.000,236.210,236.550,0.020,0.010,0.010,0.006,0.003,0.000,0.001,-0.005,-0.003,-0.001,-0.001,0.759,50.110
2610159558,2026-10-09 03:00:00,236.220,236.570,237.020,0.000,0.000,0.000,0.000,0.000,0.000,0.000,0.000,0.000,0.000,0.000,0.659,50.100
2610170785,2026-10-09 03:00:00,237.010,236.180,236.620,0.000,0.000,0.000,0.000,0.000,0.000,0.000,0.000,0.000,0.000,0.000,1.000,50.120
2610170786,2026-10-09 03:00:00,236.240,236.530,236.930,0.700,0.740,0.800,0.366,0.109,0.119,0.137,0.073,0.024,0.022,0.026,0.984,50.140
2610170836,2026-10-09 03:00:00,238.270,238.670,239.140,0.180,0.120,0.140,0.020,0.007,0.006,0.006,0.043,0.016,0.013,0.013,0.830,50.110
2610170837,2026-10-09 03:00:00,234.310,232.840,232.940,0.000,0.000,0.000,0.000,0.000,0.000,0.000,0.000,0.000,0.000,0.000,0.671,50.130
2610170838,2026-10-09 03:00:00,237.160,236.150,236.600,0.020,0.040,0.090,0.032,0.004,0.008,0.020,-0.001,0.000,0.000,-0.001,0.994,50.130
2610170839,2026-10-09 03:00:00,236.130,236.550,237.020,0.000,0.020,0.010,0.009,0.000,0.005,0.003,0.000,0.000,0.000,0.000,1.000,50.120
2610170840,2026-10-09 03:00:00,238.320,237.690,239.410,0.080,0.380,0.160,0.145,0.018,0.089,0.037,-0.017,-0.002,-0.009,-0.005,0.994,50.130
2610322967,2026-10-09 03:00:00,237.530,236.590,236.720,0.000,0.000,0.010,0.001,0.000,0.000,0.001,0.000,0.000,0.000,0.000,1.000,50.110
2610322969,2026-10-09 03:00:00,228.710,227.790,228.320,0.270,0.230,0.030,0.071,0.056,0.007,0.007,0.076,0.025,0.052,0.000,0.679,50.110
2610322992,2026-10-09 03:00:00,232.870,233.370,234.080,0.190,0.310,0.310,0.184,0.042,0.071,0.070,0.038,0.012,0.008,0.017,0.979,50.130
2610322995,2026-10-09 03:00:00,236.360,236.680,237.170,0.000,0.000,0.000,0.000,0.000,0.000,0.000,0.000,0.000,0.000,0.000,1.000,50.110
2610322997,2026-10-09 03:00:00,232.310,232.770,231.890,0.990,1.080,0.810,0.591,0.216,0.210,0.163,0.236,0.041,0.115,0.079,0.932,50.120
2610323001,2026-10-09 03:00:00,232.290,231.020,230.890,1.640,1.540,1.770,1.013,0.338,0.309,0.363,0.509,0.169,0.169,0.170,0.893,50.130
2610323004,2026-10-09 03:00:00,64.650,64.130,64.530,0.080,0.060,0.080,0.014,0.005,0.004,0.005,-0.001,0.000,0.000,-0.001,0.964,50.110
2610323005,2026-10-09 03:00:00,228.560,229.000,228.350,0.000,0.010,0.000,0.002,0.000,0.001,0.000,0.000,0.000,0.000,0.000,1.000,50.120
2610323010,2026-10-09 03:00:00,239.520,238.420,238.080,0.040,0.000,0.000,0.008,0.008,0.000,0.000,-0.006,-0.006,0.000,0.000,0.774,50.120
2610323014,2026-10-09 03:00:00,239.190,239.350,239.830,0.000,0.000,0.000,0.000,0.000,0.000,0.000,-0.001,-0.001,0.000,0.000,0.304,50.120
2610323017,2026-10-09 03:00:00,236.560,237.130,236.190,0.000,0.000,0.000,0.000,0.000,0.000,0.000,0.000,0.000,0.000,0.000,1.000,50.140
2610323019,2026-10-09 03:00:00,228.160,228.880,228.080,0.020,0.060,0.030,0.023,0.004,0.012,0.005,-0.009,-0.002,-0.004,-0.002,0.942,50.140
2610323027,2026-10-09 03:00:00,237.230,236.300,236.770,0.000,0.000,0.000,0.000,0.000,0.000,0.000,0.000,0.000,0.000,0.000,1.000,50.140
2510014482,2026-10-09 03:01:00,238.900,239.270,238.560,0.010,0.040,0.000,0.012,0.002,0.009,0.000,-0.001,-0.002,0.000,0.000,0.956,50.020
2510203127,2026-10-09 03:01:00,239.260,239.750,239.070,0.030,0.010,0.040,0.017,0.008,0.002,0.007,-0.006,0.000,0.000,-0.005,0.943,50.180
2510389559,2026-10-09 03:01:00,239.170,238.710,240.140,0.000,0.000,0.000,0.000,0.000,0.000,0.000,0.000,0.000,0.000,0.000,1.000,50.020
2610323016,2026-10-09 03:01:00,231.230,230.240,230.220,2.560,2.460,2.470,1.590,0.548,0.519,0.522,0.601,0.199,0.199,0.202,0.935,50.030
2510317516,2026-10-09 03:02:00,227.610,227.810,228.250,0.000,0.000,0.000,0.000,0.000,0.000,0.000,0.000,0.000,0.000,0.000,1.000,49.930
2510633393,2026-10-09 03:02:00,237.310,238.620,237.560,1.320,1.360,1.320,0.892,0.295,0.313,0.296,0.215,0.070,0.067,0.077,0.972,50.060
2246006313,2026-10-09 03:30:00,56.000,56.000,55.900,0.977,0.982,0.963,0.164,0.055,0.055,0.053,0.030,0.010,0.010,0.010,0.983,50.010
2410121326,2026-10-09 03:30:00,238.030,237.280,237.610,0.100,0.110,0.130,0.080,0.023,0.026,0.030,0.000,-0.001,-0.002,0.004,0.999,50.080
2410121353,2026-10-09 03:30:00,237.870,237.150,237.470,0.000,0.010,0.040,0.013,0.000,0.003,0.010,-0.001,0.000,0.000,0.000,1.000,50.070
2410121371,2026-10-09 03:30:00,237.810,236.980,237.230,0.010,0.010,0.030,0.010,0.001,0.000,0.007,-0.003,-0.001,-0.001,0.000,0.931,50.010
2410121424,2026-10-09 03:30:00,237.760,237.130,237.390,0.010,0.010,0.010,0.004,0.000,0.001,0.002,-0.003,-0.001,-0.001,0.000,0.768,50.070
2410121440,2026-10-09 03:30:00,237.590,236.900,237.190,0.010,0.010,0.010,0.005,0.002,0.000,0.001,-0.003,-0.001,-0.001,0.000,0.911,50.000
2410121454,2026-10-09 03:30:00,237.370,237.860,237.130,0.070,0.160,0.120,0.080,0.014,0.037,0.027,0.014,0.006,0.004,0.003,0.989,50.070
2410121457,2026-10-09 03:30:00,236.020,235.110,235.670,1.700,1.810,1.700,1.141,0.371,0.394,0.374,0.369,0.125,0.134,0.109,0.951,50.010
2410121574,2026-10-09 03:30:00,238.180,237.230,237.500,0.090,0.090,0.070,0.033,0.015,0.007,0.010,-0.048,-0.014,-0.019,-0.014,0.501,50.080
2410131378,2026-10-09 03:30:00,237.210,237.550,236.970,0.340,0.420,0.350,0.187,0.053,0.065,0.069,0.069,0.021,0.021,0.026,0.959,50.030
2410131383,2026-10-09 03:30:00,238.430,237.280,237.190,0.070,0.040,0.060,0.039,0.017,0.008,0.013,-0.003,0.000,-0.001,-0.001,0.983,50.040
2410131384,2026-10-09 03:30:00,234.400,234.760,234.240,1.040,1.160,1.020,0.690,0.221,0.239,0.229,0.101,0.028,0.042,0.029,0.990,50.080
2410131387,2026-10-09 03:30:00,236.690,237.830,236.970,0.040,0.040,0.040,0.028,0.009,0.009,0.009,-0.007,-0.002,-0.002,-0.002,0.961,49.990
2410320615,2026-10-09 03:30:00,236.420,237.470,237.000,1.250,1.260,1.390,0.891,0.288,0.289,0.313,0.160,0.039,0.064,0.056,0.983,50.060
2410883988,2026-10-09 03:30:00,223.870,224.170,223.460,0.280,0.270,0.340,0.194,0.060,0.058,0.075,0.035,0.012,0.011,0.011,0.982,50.130
2410883990,2026-10-09 03:30:00,223.970,223.180,223.570,0.020,0.000,0.110,0.026,0.003,0.000,0.023,0.003,0.001,0.000,0.001,0.995,50.100
2410883991,2026-10-09 03:30:00,233.760,234.150,234.610,0.070,0.050,0.200,0.076,0.016,0.012,0.047,-0.007,-0.001,-0.002,-0.003,0.996,49.940
2410883993,2026-10-09 03:30:00,235.160,234.240,234.740,0.670,0.810,0.810,0.524,0.153,0.189,0.183,-0.070,-0.026,-0.020,-0.023,0.991,50.100
2410883994,2026-10-09 03:30:00,235.220,234.400,234.800,0.010,0.040,0.010,0.013,0.001,0.009,0.003,0.000,0.000,0.000,0.000,1.000,50.090
2410932742,2026-10-09 03:30:00,230.540,229.060,229.040,3.070,3.050,3.170,1.968,0.656,0.644,0.668,0.522,0.170,0.165,0.186,0.966,50.010
2411087432,2026-10-09 03:30:00,237.320,237.760,237.070,0.450,0.420,0.470,0.317,0.105,0.100,0.111,-0.002,0.005,-0.003,-0.004,1.000,50.120
2411087433,2026-10-09 03:30:00,234.740,235.130,235.530,0.350,0.340,0.350,0.246,0.081,0.081,0.082,0.050,0.014,0.015,0.019,0.982,50.110
2411290205,2026-10-09 03:30:00,237.010,236.670,237.950,0.100,0.140,0.130,0.087,0.024,0.032,0.029,0.007,0.002,0.003,0.002,0.991,49.950
2510014481,2026-10-09 03:30:00,230.360,230.320,231.800,1.440,1.490,1.390,0.860,0.290,0.322,0.307,0.341,0.116,0.128,0.095,0.936,50.110
2510014482,2026-10-09 03:30:00,237.490,237.760,237.110,0.010,0.040,0.000,0.012,0.002,0.009,0.000,-0.002,-0.002,0.000,0.000,0.950,50.120
2510014483,2026-10-09 03:30:00,234.630,235.020,235.410,0.040,0.040,0.050,0.022,0.007,0.006,0.008,-0.020,-0.006,-0.005,-0.008,0.730,50.100
2510014484,2026-10-09 03:30:00,235.530,235.250,236.620,1.710,2.090,1.870,1.281,0.403,0.470,0.407,0.436,0.150,0.136,0.150,0.947,50.090
2510178139,2026-10-09 03:30:00,238.030,238.420,237.640,0.060,0.040,0.040,0.032,0.013,0.008,0.010,0.002,0.002,0.001,-0.001,1.000,50.120
2510178141,2026-10-09 03:30:00,237.230,237.450,237.780,0.020,0.010,0.020,0.007,0.002,0.000,0.004,-0.009,-0.004,-0.001,-0.003,0.591,50.090
2510203103,2026-10-09 03:30:00,227.000,225.520,225.580,0.080,0.090,0.090,0.050,0.015,0.017,0.017,-0.023,-0.007,-0.007,-0.007,0.903,50.060
2510203104,2026-10-09 03:30:00,228.600,228.810,229.150,0.370,0.250,0.350,0.201,0.069,0.055,0.075,0.045,0.004,0.015,0.025,0.978,50.110
2510203105,2026-10-09 03:30:00,233.570,232.050,232.400,0.050,0.090,0.010,0.034,0.010,0.021,0.002,0.009,0.003,0.005,0.000,0.975,50.120
2510203106,2026-10-09 03:30:00,237.330,236.880,238.200,0.030,0.040,0.040,0.024,0.005,0.008,0.010,-0.006,-0.003,-0.001,-0.002,0.958,50.090
2510203107,2026-10-09 03:30:00,225.700,225.410,226.650,0.360,0.410,0.360,0.243,0.076,0.088,0.077,0.071,0.022,0.023,0.025,0.957,50.100
2510203108,2026-10-09 03:30:00,237.070,237.350,236.660,0.460,0.710,0.820,0.473,0.115,0.170,0.191,0.074,0.024,0.024,0.025,0.985,50.040
2510203109,2026-10-09 03:30:00,235.090,235.440,234.550,0.020,0.030,0.080,0.030,0.005,0.005,0.019,0.005,0.002,0.001,0.001,0.970,50.110
2510203111,2026-10-09 03:30:00,236.560,237.060,237.430,1.380,1.220,1.570,0.898,0.293,0.259,0.345,0.273,0.109,0.078,0.086,0.956,50.090
2510203113,2026-10-09 03:30:00,238.270,237.260,237.170,0.320,0.400,0.340,0.251,0.076,0.094,0.081,-0.015,-0.002,-0.007,-0.004,0.997,50.130
2510203114,2026-10-09 03:30:00,228.670,229.130,229.350,0.260,0.130,0.170,0.131,0.060,0.031,0.039,0.024,0.006,0.003,0.014,0.982,50.120
2510203117,2026-10-09 03:30:00,223.530,222.760,223.060,0.210,0.240,0.180,0.136,0.044,0.050,0.041,-0.041,-0.014,-0.016,-0.010,0.956,50.040
2510203120,2026-10-09 03:30:00,234.420,233.600,233.930,0.780,0.640,0.710,0.462,0.170,0.136,0.155,0.188,0.069,0.058,0.060,0.924,50.040
2510203121,2026-10-09 03:30:00,223.360,223.780,224.180,0.110,0.050,0.130,0.059,0.024,0.007,0.026,-0.023,-0.005,-0.007,-0.010,0.922,50.120
2510203122,2026-10-09 03:30:00,237.380,237.800,237.070,0.090,0.060,0.010,0.020,0.016,0.003,0.000,0.010,0.014,-0.002,-0.001,0.894,50.130
2510203123,2026-10-09 03:30:00,236.650,237.000,237.330,0.230,0.360,0.330,0.414,0.094,0.111,0.182,0.104,0.028,0.040,0.035,0.974,50.090
2510203124,2026-10-09 03:30:00,237.910,237.930,237.250,0.070,0.070,0.090,0.050,0.015,0.015,0.019,0.025,0.008,0.008,0.008,0.884,50.110
2510203125,2026-10-09 03:30:00,237.160,238.460,237.400,0.030,0.030,0.080,0.024,0.004,0.003,0.016,-0.019,-0.007,-0.006,-0.005,0.802,50.100
2510203126,2026-10-09 03:30:00,226.940,227.240,227.690,0.340,0.270,0.260,0.194,0.075,0.060,0.058,0.035,0.011,0.012,0.012,0.981,50.100
2510203127,2026-10-09 03:30:00,237.670,238.090,237.460,0.040,0.010,0.090,0.032,0.009,0.002,0.020,-0.006,0.000,0.000,-0.005,0.973,50.100
2510203128,2026-10-09 03:30:00,234.240,234.380,233.000,1.760,1.760,1.860,1.226,0.400,0.400,0.421,0.103,0.019,0.032,0.051,0.996,50.050
2510203130,2026-10-09 03:30:00,243.820,243.810,245.250,0.000,0.000,0.020,0.005,0.000,0.001,0.004,-0.001,0.000,0.000,0.000,0.903,50.000
2510203133,2026-10-09 03:30:00,236.880,237.230,236.570,0.020,0.020,0.000,0.009,0.004,0.004,0.000,-0.002,0.000,-0.002,0.000,0.967,50.050
2510203134,2026-10-09 03:30:00,235.360,234.380,234.740,0.020,0.010,0.010,0.007,0.004,0.002,0.001,-0.001,0.000,-0.001,0.000,0.969,50.010
2510224049,2026-10-09 03:30:00,223.240,223.780,223.040,16.280,12.450,7.910,6.750,2.750,2.440,1.560,-1.970,-0.640,-0.800,-0.510,0.960,50.100
2510224167,2026-10-09 03:30:00,222.850,223.140,223.660,5.980,4.550,4.790,2.680,1.180,0.730,0.760,-1.810,-0.520,-0.620,-0.650,0.827,50.100
2510317505,2026-10-09 03:30:00,222.840,223.260,223.630,11.320,3.700,5.340,3.580,2.190,0.590,0.800,-1.670,-0.480,-0.530,-0.660,0.906,50.100
2510317516,2026-10-09 03:30:00,223.140,223.450,223.840,0.000,0.000,0.000,0.000,0.000,0.000,0.000,0.000,0.000,0.000,0.000,1.000,50.100
2510317537,2026-10-09 03:30:00,234.200,234.510,235.020,2.710,2.510,2.230,1.670,0.590,0.580,0.490,-0.290,-0.090,-0.100,-0.080,0.985,50.090
2510389559,2026-10-09 03:30:00,237.940,237.590,238.960,0.000,0.000,0.000,0.000,0.000,0.000,0.000,0.000,0.000,0.000,0.000,1.000,50.130
2510389643,2026-10-09 03:30:00,237.460,237.050,238.410,5.050,13.820,13.210,7.220,1.080,3.110,3.010,-1.250,-0.160,-0.580,-0.500,0.985,50.090
2510389931,2026-10-09 03:30:00,237.370,236.650,238.410,3.110,15.080,6.330,5.760,0.720,3.540,1.490,-0.660,-0.100,-0.350,-0.200,0.993,50.100
2510633381,2026-10-09 03:30:00,235.330,234.530,234.950,0.050,0.060,0.010,0.025,0.009,0.013,0.002,-0.013,-0.005,-0.006,-0.001,0.871,50.110
2510633382,2026-10-09 03:30:00,236.900,238.250,237.210,0.140,0.160,0.190,0.114,0.032,0.037,0.044,-0.024,-0.007,-0.008,-0.009,0.974,50.000
2510633383,2026-10-09 03:30:00,237.370,237.630,238.030,0.120,0.090,0.100,0.037,0.014,0.007,0.015,-0.062,-0.023,-0.019,-0.018,0.514,50.100
2510633385,2026-10-09 03:30:00,237.780,237.530,238.850,0.160,0.320,0.330,0.188,0.038,0.073,0.077,-0.034,-0.006,-0.015,-0.012,0.982,50.020
2510633386,2026-10-09 03:30:00,221.260,221.510,221.980,0.330,0.330,0.320,0.121,0.041,0.040,0.039,-0.201,-0.068,-0.067,-0.066,0.523,50.010
2510633387,2026-10-09 03:30:00,237.310,237.780,237.120,0.010,0.000,0.000,0.002,0.002,0.000,0.000,0.000,0.000,0.000,0.000,0.825,50.020
2510633389,2026-10-09 03:30:00,238.200,237.100,236.820,0.660,0.680,0.660,0.480,0.161,0.157,0.161,0.001,-0.001,0.001,0.001,0.999,50.020
2510633390,2026-10-09 03:30:00,234.580,235.110,234.280,0.140,0.140,0.100,0.085,0.030,0.030,0.023,0.008,-0.002,0.005,0.004,0.995,50.020
2510633391,2026-10-09 03:30:00,124.740,124.370,124.540,0.000,0.000,0.000,0.000,0.000,0.000,0.000,0.000,0.000,0.000,0.000,1.000,50.040
2510633393,2026-10-09 03:30:00,235.990,237.280,236.100,1.300,1.340,1.300,0.910,0.298,0.310,0.298,0.214,0.070,0.066,0.076,0.972,50.020
2510633395,2026-10-09 03:30:00,237.650,237.990,237.360,0.000,0.000,0.000,0.000,0.000,0.000,0.000,0.000,0.000,0.000,0.000,1.000,50.110
2510633396,2026-10-09 03:30:00,238.030,237.320,238.040,0.120,0.160,0.120,0.079,0.022,0.033,0.023,0.051,0.017,0.017,0.016,0.841,50.110
2510633397,2026-10-09 03:30:00,241.230,240.330,240.770,0.040,0.030,0.040,0.025,0.009,0.007,0.008,-0.007,-0.002,-0.002,-0.001,0.977,50.030
2510633399,2026-10-09 03:30:00,226.390,226.670,227.210,0.240,0.290,0.310,0.188,0.053,0.064,0.070,0.005,0.002,0.001,0.001,1.000,50.080
2510633400,2026-10-09 03:30:00,225.750,226.190,225.320,0.430,0.430,0.430,0.257,0.080,0.087,0.088,0.133,0.041,0.046,0.043,0.875,50.040
2510633402,2026-10-09 03:30:00,231.120,231.060,232.420,0.510,0.540,0.600,0.256,0.075,0.099,0.113,0.067,0.021,0.021,0.024,0.983,50.000
2510633406,2026-10-09 03:30:00,223.060,223.320,223.850,0.100,0.080,0.080,0.045,0.019,0.012,0.012,-0.031,-0.009,-0.011,-0.011,0.823,50.100
2510633411,2026-10-09 03:30:00,224.190,223.230,223.390,2.120,2.050,2.160,1.351,0.458,0.441,0.452,0.507,0.163,0.162,0.182,0.934,50.050
2510814977,2026-10-09 03:30:00,231.690,232.920,231.600,0.020,0.010,0.010,0.006,0.003,0.000,0.001,-0.001,0.001,-0.001,-0.001,1.000,50.100
2610026950,2026-10-09 03:30:00,223.890,222.980,223.360,0.010,0.000,0.010,0.004,0.001,0.000,0.001,0.000,0.000,0.000,0.000,1.000,50.100
2610026952,2026-10-09 03:30:00,237.580,237.170,237.230,0.640,0.630,0.720,0.441,0.141,0.139,0.160,0.065,0.033,0.011,0.020,0.989,50.100
2610026953,2026-10-09 03:30:00,236.840,236.340,237.720,0.480,0.520,0.510,0.349,0.114,0.122,0.112,0.170,0.061,0.055,0.053,0.883,50.110
2610026963,2026-10-09 03:30:00,237.740,237.880,238.340,0.180,0.110,0.110,0.080,0.037,0.022,0.020,-0.048,-0.019,-0.014,-0.014,0.861,50.110
2610026966,2026-10-09 03:30:00,232.960,233.140,232.510,0.050,0.040,0.060,0.031,0.010,0.008,0.011,0.016,0.004,0.004,0.007,0.872,50.110
2610026976,2026-10-09 03:30:00,237.540,237.700,238.110,0.150,0.320,0.820,0.301,0.032,0.075,0.193,-0.044,-0.013,-0.003,-0.027,0.988,50.110
2610026977,2026-10-09 03:30:00,244.120,244.110,243.480,0.070,0.400,0.540,0.242,0.016,0.096,0.129,-0.046,-0.004,-0.019,-0.023,0.982,50.040
2610126270,2026-10-09 03:30:00,223.460,223.800,223.160,0.010,0.010,0.010,0.006,0.002,0.002,0.002,-0.004,-0.001,-0.001,-0.001,0.871,50.100
2610126451,2026-10-09 03:30:00,238.050,238.310,237.690,0.010,0.000,0.020,0.007,0.001,0.000,0.005,0.000,0.000,0.000,0.000,1.000,50.120
2610159557,2026-10-09 03:30:00,235.360,234.550,234.930,0.020,0.010,0.010,0.006,0.003,0.000,0.001,-0.005,-0.003,-0.001,-0.001,0.805,50.110
2610159558,2026-10-09 03:30:00,234.570,234.990,235.420,0.000,0.000,0.000,0.000,0.000,0.000,0.000,0.000,0.000,0.000,0.000,0.652,50.120
2610170785,2026-10-09 03:30:00,235.320,234.490,234.990,0.000,0.000,0.000,0.000,0.000,0.000,0.000,0.000,0.000,0.000,0.000,0.520,50.100
2610170786,2026-10-09 03:30:00,234.270,234.640,235.050,0.620,0.630,0.710,0.352,0.097,0.117,0.137,0.063,0.019,0.019,0.024,0.984,50.090
2610170836,2026-10-09 03:30:00,237.210,237.700,238.070,0.100,0.080,0.090,0.043,0.014,0.014,0.014,0.044,0.016,0.013,0.014,0.710,50.100
2610170837,2026-10-09 03:30:00,233.060,231.580,231.760,0.000,0.000,0.000,0.000,0.000,0.000,0.000,0.000,0.000,0.000,0.000,0.663,50.100
2610170838,2026-10-09 03:30:00,235.130,234.080,234.640,0.020,0.040,0.090,0.033,0.004,0.008,0.020,-0.001,0.000,0.000,-0.001,1.000,50.110
2610170839,2026-10-09 03:30:00,234.500,234.960,235.360,0.000,0.020,0.010,0.009,0.000,0.004,0.003,0.000,0.000,0.000,0.000,1.000,50.100
2610170840,2026-10-09 03:30:00,237.470,236.740,238.450,0.080,0.380,0.160,0.145,0.018,0.089,0.037,-0.017,-0.002,-0.009,-0.005,0.995,50.100
2610322967,2026-10-09 03:30:00,235.740,234.790,234.970,0.000,0.000,0.010,0.001,0.000,0.000,0.001,0.000,0.000,0.000,0.000,1.000,50.100
2610322969,2026-10-09 03:30:00,223.710,222.740,223.350,0.260,0.230,0.030,0.068,0.053,0.008,0.006,0.072,0.023,0.049,0.000,0.688,50.100
2610322992,2026-10-09 03:30:00,231.540,232.080,232.830,0.150,0.350,0.280,0.169,0.030,0.079,0.059,0.050,0.017,0.010,0.022,0.958,50.100
2610322995,2026-10-09 03:30:00,234.680,235.090,235.410,0.000,0.000,0.000,0.000,0.000,0.000,0.000,0.000,0.000,0.000,0.000,1.000,50.090
2610322997,2026-10-09 03:30:00,231.070,231.560,230.690,0.940,1.000,0.770,0.653,0.230,0.225,0.173,0.231,0.036,0.117,0.077,0.937,50.100
2610323001,2026-10-09 03:30:00,230.860,229.650,229.580,1.870,1.740,1.940,1.148,0.379,0.363,0.405,0.522,0.176,0.172,0.173,0.910,50.100
2610323004,2026-10-09 03:30:00,64.220,63.720,64.130,0.090,0.070,0.090,0.015,0.005,0.004,0.005,0.001,0.001,0.000,0.000,1.000,50.100
2610323005,2026-10-09 03:30:00,223.590,223.960,223.190,0.000,0.010,0.000,0.002,0.000,0.001,0.000,0.000,0.000,0.000,0.000,1.000,50.090
2610323010,2026-10-09 03:30:00,238.320,237.220,236.930,0.050,0.000,0.000,0.009,0.009,0.000,0.000,-0.006,-0.006,0.000,0.000,0.839,50.090
2610323014,2026-10-09 03:30:00,237.560,237.770,238.170,0.000,0.000,0.000,0.000,0.000,0.000,0.000,-0.001,-0.001,0.000,0.000,0.294,50.100
2610323016,2026-10-09 03:30:00,229.140,228.150,228.130,3.350,3.280,3.220,2.082,0.715,0.691,0.675,0.783,0.254,0.261,0.267,0.935,50.100
2610323017,2026-10-09 03:30:00,234.670,235.260,234.300,0.000,0.000,0.000,0.000,0.000,0.000,0.000,0.000,0.000,0.000,0.000,1.000,50.090
2610323019,2026-10-09 03:30:00,223.300,223.910,223.150,0.020,0.020,0.030,0.015,0.004,0.004,0.005,-0.005,-0.001,-0.001,-0.002,0.909,50.100
2610323027,2026-10-09 03:30:00,235.420,234.430,234.930,0.000,0.000,0.000,0.000,0.000,0.000,0.000,0.000,0.000,0.000,0.000,1.000,50.100
2246006313,2026-10-09 04:00:00,56.800,56.800,56.700,1.007,0.999,0.972,0.165,0.055,0.055,0.053,0.030,0.010,0.009,0.010,0.981,50.100
2410121326,2026-10-09 04:00:00,237.380,236.690,236.990,0.100,0.110,0.120,0.078,0.024,0.025,0.028,0.000,-0.001,-0.001,0.002,0.997,50.070
2410121353,2026-10-09 04:00:00,237.370,236.720,237.000,0.000,0.010,0.040,0.013,0.000,0.002,0.010,-0.001,0.000,0.000,0.000,1.000,49.960
2410121371,2026-10-09 04:00:00,237.370,236.610,236.850,0.040,0.010,0.030,0.017,0.008,0.000,0.007,-0.001,0.000,-0.001,0.000,0.972,49.990
2410121424,2026-10-09 04:00:00,237.500,236.880,237.100,0.010,0.010,0.010,0.004,0.000,0.001,0.002,-0.003,-0.001,-0.001,0.000,0.770,49.970
2410121440,2026-10-09 04:00:00,237.220,236.580,236.790,0.010,0.010,0.010,0.005,0.002,0.000,0.001,-0.003,-0.001,-0.001,0.000,0.906,50.000
2410121454,2026-10-09 04:00:00,237.120,237.620,236.950,0.070,0.160,0.130,0.084,0.015,0.039,0.029,0.014,0.005,0.005,0.004,0.989,49.980
2410121457,2026-10-09 04:00:00,235.510,234.750,235.220,1.760,1.720,1.630,1.115,0.386,0.372,0.356,0.359,0.126,0.127,0.105,0.951,50.020
2410121574,2026-10-09 04:00:00,237.610,236.700,236.920,0.090,0.090,0.080,0.035,0.014,0.009,0.010,-0.047,-0.014,-0.018,-0.014,0.590,49.960
2410131378,2026-10-09 04:00:00,236.590,236.970,236.380,0.310,0.390,0.370,0.310,0.091,0.118,0.099,0.080,0.024,0.026,0.020,0.954,49.970
2410131383,2026-10-09 04:00:00,238.130,237.050,236.890,0.040,0.040,0.050,0.029,0.009,0.008,0.011,-0.003,0.000,-0.002,-0.001,1.000,50.040
2410131384,2026-10-09 04:00:00,234.030,234.440,233.890,1.030,1.160,0.980,0.630,0.197,0.223,0.197,0.115,0.035,0.042,0.037,0.981,50.100
2410131387,2026-10-09 04:00:00,236.830,237.920,237.080,0.030,0.030,0.030,0.017,0.006,0.006,0.005,-0.009,-0.002,-0.003,-0.003,0.881,49.990
2410883988,2026-10-09 04:00:00,226.460,226.800,226.200,0.350,0.340,0.410,0.239,0.076,0.073,0.089,0.062,0.020,0.021,0.019,0.966,50.140
2410883990,2026-10-09 04:00:00,226.600,225.970,226.290,0.020,0.000,0.030,0.010,0.003,0.000,0.007,0.000,0.002,0.000,-0.001,0.971,50.090
2410883991,2026-10-09 04:00:00,234.100,234.380,234.970,0.080,0.060,0.210,0.081,0.017,0.014,0.048,-0.003,-0.001,0.000,-0.002,1.000,50.120
2410883993,2026-10-09 04:00:00,234.560,233.630,234.080,0.670,0.810,0.780,0.517,0.152,0.187,0.177,-0.074,-0.027,-0.019,-0.027,0.990,50.070
2410883994,2026-10-09 04:00:00,234.870,233.980,234.470,0.010,0.040,0.010,0.012,0.001,0.009,0.001,0.000,0.000,0.000,0.000,1.000,50.130
2410932742,2026-10-09 04:00:00,230.810,229.260,229.220,2.790,2.870,2.980,2.029,0.681,0.664,0.683,0.539,0.178,0.180,0.193,0.965,50.110
2411087432,2026-10-09 04:00:00,236.680,237.150,236.450,0.440,0.490,0.490,0.335,0.104,0.115,0.114,0.000,0.005,-0.003,0.000,1.000,50.130
2411087433,2026-10-09 04:00:00,234.250,234.480,235.020,0.540,0.540,0.560,0.375,0.122,0.123,0.127,-0.021,-0.007,-0.007,-0.005,0.998,50.080
2510014481,2026-10-09 04:00:00,229.650,229.510,231.070,1.960,2.000,1.890,1.174,0.396,0.395,0.384,0.434,0.152,0.151,0.130,0.941,50.080
2510014482,2026-10-09 04:00:00,236.770,237.130,236.430,0.010,0.040,0.000,0.013,0.002,0.010,0.000,-0.002,-0.002,0.000,0.000,0.961,50.130
2510014484,2026-10-09 04:00:00,235.090,234.900,236.160,2.040,2.130,1.870,1.349,0.453,0.481,0.431,0.437,0.150,0.134,0.152,0.951,50.130
2510178139,2026-10-09 04:00:00,237.080,237.560,236.800,0.060,0.040,0.050,0.033,0.015,0.008,0.009,0.002,0.001,0.001,-0.001,0.998,50.060
2510178141,2026-10-09 04:00:00,236.750,236.890,237.320,0.020,0.010,0.020,0.006,0.002,0.000,0.003,-0.009,-0.004,-0.001,-0.002,0.573,50.120
2510203103,2026-10-09 04:00:00,227.220,225.730,225.770,0.080,0.090,0.090,0.053,0.015,0.019,0.019,-0.023,-0.007,-0.007,-0.008,0.909,50.100
2510203104,2026-10-09 04:00:00,228.310,228.470,228.900,0.440,0.300,0.400,0.247,0.095,0.066,0.085,0.042,0.004,0.012,0.026,0.985,50.130
2510203105,2026-10-09 04:00:00,233.030,231.430,231.660,0.050,0.090,0.010,0.035,0.011,0.021,0.003,0.009,0.003,0.005,0.000,0.962,50.060
2510203106,2026-10-09 04:00:00,236.840,236.550,237.830,0.030,0.040,0.040,0.024,0.005,0.008,0.010,-0.006,-0.003,-0.001,-0.002,0.957,50.120
2510203107,2026-10-09 04:00:00,224.770,224.510,225.700,0.380,0.420,0.370,0.244,0.079,0.086,0.078,0.086,0.028,0.028,0.030,0.942,50.090
2510203108,2026-10-09 04:00:00,236.790,237.150,236.340,0.390,0.530,0.780,0.352,0.076,0.113,0.162,0.019,0.004,0.007,0.007,0.998,50.100
2510203109,2026-10-09 04:00:00,234.340,234.750,233.880,0.020,0.040,0.080,0.028,0.003,0.007,0.017,0.006,0.002,0.002,0.001,0.969,50.060
2510203111,2026-10-09 04:00:00,236.310,236.640,237.100,1.220,1.050,1.330,0.776,0.261,0.220,0.293,0.255,0.098,0.079,0.077,0.950,50.100
2510203113,2026-10-09 04:00:00,237.660,236.670,236.590,0.370,0.410,0.400,0.266,0.083,0.092,0.089,0.010,0.004,0.000,0.004,1.000,50.140
2510203114,2026-10-09 04:00:00,228.120,228.580,228.800,0.270,0.140,0.190,0.130,0.059,0.030,0.041,0.021,0.004,0.002,0.014,0.984,50.050
2510203117,2026-10-09 04:00:00,226.810,226.100,226.250,0.240,0.340,0.170,0.164,0.051,0.075,0.037,-0.041,-0.015,-0.015,-0.010,0.971,50.100
2510203120,2026-10-09 04:00:00,234.190,233.370,233.750,0.690,0.490,0.510,0.359,0.149,0.103,0.107,0.164,0.064,0.049,0.051,0.908,50.090
2510203121,2026-10-09 04:00:00,226.120,226.400,226.750,0.050,0.050,0.120,0.045,0.009,0.009,0.026,-0.024,-0.005,-0.007,-0.011,0.870,50.060
2510203122,2026-10-09 04:00:00,236.870,237.390,236.650,0.040,0.020,0.010,0.012,0.007,0.003,0.000,0.000,0.004,-0.002,-0.001,1.000,50.140
2510203123,2026-10-09 04:00:00,236.260,236.510,237.020,0.720,0.910,0.670,0.297,0.086,0.111,0.274,0.052,0.012,0.019,0.021,0.998,50.120
2510203124,2026-10-09 04:00:00,237.070,237.110,236.470,0.070,0.080,0.090,0.050,0.015,0.016,0.019,0.025,0.008,0.008,0.008,0.890,50.050
2510203125,2026-10-09 04:00:00,236.690,237.830,236.850,0.030,0.030,0.080,0.024,0.003,0.003,0.016,-0.018,-0.007,-0.006,-0.005,0.803,50.080
2510203126,2026-10-09 04:00:00,226.290,226.530,226.960,0.410,0.350,0.340,0.239,0.089,0.075,0.073,0.061,0.019,0.020,0.021,0.966,50.060
2510203127,2026-10-09 04:00:00,236.940,237.300,236.680,0.040,0.010,0.040,0.019,0.009,0.001,0.007,-0.006,0.000,0.000,-0.005,0.957,50.060
2510203128,2026-10-09 04:00:00,234.040,234.360,233.030,1.570,1.500,1.720,1.090,0.355,0.341,0.392,0.063,0.008,0.019,0.036,0.998,50.090
2510203130,2026-10-09 04:00:00,243.650,243.480,245.100,0.000,0.000,0.020,0.005,0.000,0.001,0.003,-0.001,0.000,0.000,0.000,1.000,50.050
2510203133,2026-10-09 04:00:00,236.810,237.210,236.540,0.020,0.020,0.000,0.010,0.005,0.004,0.000,-0.002,0.000,-0.002,0.000,0.958,50.110
2510203134,2026-10-09 04:00:00,235.100,234.160,234.410,0.020,0.010,0.010,0.007,0.004,0.002,0.001,-0.001,0.000,-0.001,0.000,0.969,50.100
2510224049,2026-10-09 04:00:00,225.900,226.400,225.770,16.740,14.020,8.440,7.980,3.080,3.070,1.820,-2.060,-0.680,-0.840,-0.530,0.965,50.100
2510224167,2026-10-09 04:00:00,225.710,225.890,226.370,6.330,4.870,5.500,3.250,1.380,0.950,1.020,-1.900,-0.550,-0.650,-0.690,0.857,50.130
2510317505,2026-10-09 04:00:00,225.980,226.230,226.600,3.410,4.040,5.320,2.080,0.570,0.690,0.810,-1.680,-0.460,-0.550,-0.660,0.775,50.110
2510317516,2026-10-09 04:00:00,225.860,226.040,226.450,0.000,0.000,0.000,0.000,0.000,0.000,0.000,0.000,0.000,0.000,0.000,1.000,50.130
2510317537,2026-10-09 04:00:00,233.740,234.000,234.630,2.110,2.350,1.970,1.480,0.500,0.530,0.450,-0.240,-0.060,-0.080,-0.080,0.984,50.130
2510389559,2026-10-09 04:00:00,237.070,236.800,238.070,0.000,0.000,0.000,0.000,0.000,0.000,0.000,0.000,0.000,0.000,0.000,1.000,50.130
2510389643,2026-10-09 04:00:00,237.160,236.740,238.030,5.140,13.840,13.230,7.240,1.100,3.110,3.020,-1.250,-0.170,-0.580,-0.490,0.985,50.110
2510389931,2026-10-09 04:00:00,236.420,235.700,237.410,3.120,15.170,6.360,5.770,0.720,3.550,1.490,-0.650,-0.100,-0.350,-0.200,0.993,50.090
2510633381,2026-10-09 04:00:00,234.810,233.920,234.350,0.050,0.060,0.010,0.027,0.011,0.013,0.002,-0.012,-0.005,-0.005,-0.001,0.918,50.050
2510633382,2026-10-09 04:00:00,236.800,238.070,237.100,0.110,0.110,0.140,0.070,0.020,0.022,0.028,-0.049,-0.016,-0.015,-0.018,0.817,50.010
2510633383,2026-10-09 04:00:00,236.700,236.870,237.330,0.120,0.100,0.120,0.052,0.018,0.013,0.021,-0.060,-0.022,-0.019,-0.017,0.663,50.060
2510633385,2026-10-09 04:00:00,237.380,237.130,238.260,0.120,0.320,0.330,0.179,0.027,0.073,0.078,-0.034,-0.005,-0.015,-0.013,0.981,50.020
2510633386,2026-10-09 04:00:00,221.080,221.360,221.880,0.350,0.350,0.340,0.109,0.037,0.036,0.035,-0.204,-0.068,-0.068,-0.066,0.464,50.020
2510633387,2026-10-09 04:00:00,236.710,237.160,236.550,0.010,0.000,0.000,0.002,0.002,0.000,0.000,0.000,0.000,0.000,0.000,0.814,50.010
2510633389,2026-10-09 04:00:00,237.810,236.790,236.520,0.260,0.260,0.300,0.184,0.063,0.057,0.058,0.001,-0.001,0.000,0.002,1.000,50.020
2510633390,2026-10-09 04:00:00,234.110,234.720,233.800,0.130,0.130,0.100,0.085,0.030,0.030,0.023,0.007,-0.002,0.005,0.004,0.993,50.020
2510633391,2026-10-09 04:00:00,124.510,124.170,124.290,0.000,0.000,0.000,0.000,0.000,0.000,0.000,0.000,0.000,0.000,0.000,1.000,50.040
2510633393,2026-10-09 04:00:00,235.490,236.690,235.690,1.320,1.320,1.300,0.885,0.297,0.300,0.290,0.211,0.069,0.065,0.075,0.973,49.990
2510633395,2026-10-09 04:00:00,236.770,237.140,236.530,0.000,0.000,0.000,0.000,0.000,0.000,0.000,0.000,0.000,0.000,0.000,1.000,50.040
2510633396,2026-10-09 04:00:00,237.310,236.610,237.240,0.120,0.160,0.120,0.079,0.022,0.033,0.023,0.051,0.017,0.017,0.016,0.844,50.050
2510633397,2026-10-09 04:00:00,241.010,240.050,240.490,0.030,0.030,0.040,0.022,0.006,0.007,0.008,-0.006,-0.002,-0.002,-0.001,0.940,50.020
2510633400,2026-10-09 04:00:00,225.350,225.820,225.070,0.390,0.420,0.430,0.240,0.075,0.082,0.083,0.110,0.035,0.038,0.036,0.897,50.030
2510633402,2026-10-09 04:00:00,230.820,230.730,232.150,0.690,0.720,0.740,0.439,0.133,0.142,0.162,0.181,0.058,0.053,0.058,0.919,50.010
2510633411,2026-10-09 04:00:00,223.710,222.810,222.940,2.200,2.110,2.180,1.362,0.465,0.442,0.453,0.522,0.165,0.171,0.185,0.932,50.050
2510814977,2026-10-09 04:00:00,231.300,232.680,231.330,0.020,0.010,0.010,0.006,0.003,0.000,0.001,-0.001,0.001,-0.001,-0.001,1.000,50.080
2610026950,2026-10-09 04:00:00,226.760,225.960,226.280,0.010,0.000,0.010,0.006,0.002,0.001,0.002,-0.001,0.000,0.000,0.000,0.926,50.080
2610026953,2026-10-09 04:00:00,236.280,235.830,236.960,0.570,0.590,0.600,0.349,0.107,0.110,0.115,0.167,0.059,0.053,0.054,0.894,50.080
2610026963,2026-10-09 04:00:00,236.880,236.900,237.550,0.160,0.120,0.100,0.076,0.032,0.025,0.017,-0.049,-0.020,-0.014,-0.014,0.844,50.050
2610026966,2026-10-09 04:00:00,233.090,233.350,232.720,0.050,0.040,0.060,0.031,0.010,0.008,0.012,0.016,0.003,0.004,0.007,0.892,50.050
2610026976,2026-10-09 04:00:00,236.680,236.710,237.360,0.140,0.320,0.830,0.300,0.030,0.075,0.193,-0.043,-0.012,-0.003,-0.027,0.990,50.050
2610026977,2026-10-09 04:00:00,244.480,244.530,243.930,0.080,0.410,0.550,0.248,0.018,0.096,0.132,-0.047,-0.004,-0.019,-0.023,0.981,50.050
2610126270,2026-10-09 04:00:00,226.140,226.440,225.910,0.010,0.010,0.010,0.006,0.002,0.003,0.001,-0.003,-0.001,0.000,-0.001,0.873,50.090
2610126451,2026-10-09 04:00:00,237.140,237.440,236.800,0.010,0.000,0.050,0.013,0.001,0.000,0.011,0.001,0.000,0.000,0.001,0.987,50.070
2610159557,2026-10-09 04:00:00,234.780,233.970,234.230,0.020,0.010,0.010,0.006,0.003,0.000,0.001,-0.005,-0.002,-0.001,-0.001,0.800,50.070
2610159558,2026-10-09 04:00:00,233.980,234.300,234.840,0.000,0.000,0.000,0.000,0.000,0.000,0.000,0.000,0.000,0.000,0.000,0.871,50.070
2610170785,2026-10-09 04:00:00,234.620,233.730,234.170,0.000,0.000,0.000,0.000,0.000,0.000,0.000,0.000,0.000,0.000,0.000,1.000,50.080
2610170786,2026-10-09 04:00:00,233.760,234.080,234.570,0.770,0.790,0.810,0.503,0.153,0.167,0.183,0.088,0.028,0.026,0.029,0.989,50.120
2610170836,2026-10-09 04:00:00,236.490,236.890,237.350,0.020,0.010,0.010,0.013,0.005,0.004,0.008,0.001,0.002,0.000,0.000,0.958,50.080
2610170837,2026-10-09 04:00:00,232.500,230.980,231.070,0.000,0.000,0.000,0.000,0.000,0.000,0.000,0.000,0.000,0.000,0.000,0.698,50.090
2610170838,2026-10-09 04:00:00,234.690,233.640,234.120,0.020,0.040,0.090,0.033,0.004,0.008,0.020,0.000,0.000,0.001,-0.001,1.000,50.130
2610170839,2026-10-09 04:00:00,233.620,234.000,234.550,0.000,0.020,0.010,0.009,0.000,0.005,0.003,0.000,0.000,0.000,0.000,1.000,50.090
2610170840,2026-10-09 04:00:00,236.510,235.870,237.520,0.080,0.380,0.160,0.145,0.018,0.089,0.037,-0.017,-0.002,-0.009,-0.005,0.995,50.090
2610322967,2026-10-09 04:00:00,235.120,234.150,234.280,0.000,0.000,0.010,0.001,0.000,0.000,0.001,0.000,0.000,0.000,0.000,1.000,50.080
2610322969,2026-10-09 04:00:00,226.510,225.680,226.240,0.290,0.230,0.030,0.076,0.061,0.008,0.006,0.075,0.024,0.050,0.000,0.712,50.070
2610322992,2026-10-09 04:00:00,231.020,231.410,232.340,0.150,0.380,0.270,0.176,0.030,0.086,0.059,0.049,0.017,0.011,0.021,0.964,50.100
2610322995,2026-10-09 04:00:00,233.920,234.190,234.730,0.000,0.000,0.000,0.000,0.000,0.000,0.000,0.000,0.000,0.000,0.000,1.000,50.080
2610322997,2026-10-09 04:00:00,230.530,231.540,230.420,0.770,0.810,0.670,0.430,0.153,0.149,0.125,0.175,0.040,0.078,0.056,0.933,50.080
2610323001,2026-10-09 04:00:00,230.210,229.020,228.830,2.030,1.930,2.120,1.258,0.420,0.396,0.441,0.534,0.181,0.176,0.176,0.923,50.090
2610323004,2026-10-09 04:00:00,64.180,63.650,64.080,0.090,0.070,0.090,0.010,0.004,0.002,0.003,-0.003,0.000,-0.001,-0.001,1.000,50.030
2610323005,2026-10-09 04:00:00,226.300,226.650,226.000,0.000,0.010,0.000,0.002,0.000,0.001,0.000,0.000,0.000,0.000,0.000,1.000,50.070
2610323010,2026-10-09 04:00:00,237.600,236.550,236.450,0.040,0.000,0.000,0.008,0.008,0.000,0.000,-0.006,-0.006,0.000,0.000,0.817,50.080
2610323014,2026-10-09 04:00:00,236.530,236.720,237.180,0.000,0.000,0.000,0.000,0.000,0.000,0.000,-0.001,-0.001,0.000,0.000,0.300,50.090
2610323016,2026-10-09 04:00:00,230.240,229.060,229.020,1.910,1.810,1.800,1.120,0.394,0.361,0.364,0.524,0.174,0.177,0.172,0.906,50.100
2610323017,2026-10-09 04:00:00,234.170,234.780,233.800,0.000,0.000,0.000,0.000,0.000,0.000,0.000,0.000,0.000,0.000,0.000,1.000,50.120
2610323019,2026-10-09 04:00:00,226.180,226.640,225.880,0.060,0.060,0.030,0.031,0.012,0.012,0.006,-0.009,-0.004,-0.004,-0.001,0.971,50.110
2610323027,2026-10-09 04:00:00,234.940,233.960,234.340,0.000,0.000,0.000,0.000,0.000,0.000,0.000,0.000,0.000,0.000,0.000,1.000,50.130
2410320615,2026-10-09 04:01:00,236.060,236.970,236.630,1.290,1.290,1.400,0.928,0.310,0.293,0.324,0.186,0.044,0.075,0.065,0.981,50.020
2510014483,2026-10-09 04:01:00,233.910,234.240,234.700,0.050,0.040,0.080,0.033,0.009,0.006,0.017,-0.020,-0.005,-0.005,-0.008,0.868,49.980
2510633399,2026-10-09 04:01:00,225.420,225.530,226.140,0.230,0.300,0.280,0.182,0.050,0.067,0.063,0.007,0.002,0.002,0.002,1.000,49.970
2510633406,2026-10-09 04:01:00,225.920,225.980,226.600,0.170,0.200,0.200,0.124,0.037,0.043,0.043,-0.037,-0.010,-0.013,-0.013,0.958,49.980
2610026952,2026-10-09 04:01:00,236.370,236.030,235.950,0.850,0.800,0.900,0.560,0.183,0.178,0.199,0.162,0.067,0.043,0.050,0.958,49.980
2411290205,2026-10-09 04:03:00,236.650,236.400,237.520,0.110,0.140,0.140,0.089,0.024,0.032,0.032,0.009,0.002,0.003,0.003,0.990,49.960
2246006313,2026-10-09 04:30:00,56.700,56.700,56.600,0.901,0.907,0.879,0.147,0.049,0.050,0.048,0.023,0.008,0.007,0.007,0.987,50.060
2410121326,2026-10-09 04:30:00,236.730,235.940,236.190,0.100,0.100,0.130,0.078,0.024,0.023,0.029,0.000,-0.001,-0.002,0.004,1.000,49.990
2410121353,2026-10-09 04:30:00,236.690,235.980,236.260,0.000,0.010,0.050,0.013,0.000,0.002,0.010,-0.001,0.000,0.000,0.000,0.959,50.070
2410121424,2026-10-09 04:30:00,236.930,236.240,236.500,0.010,0.010,0.010,0.004,0.000,0.001,0.002,-0.003,-0.001,-0.001,0.000,0.763,50.020
2410121440,2026-10-09 04:30:00,236.750,236.050,236.280,0.010,0.010,0.010,0.005,0.002,0.000,0.001,-0.003,-0.001,-0.001,0.000,0.904,50.140
2410121454,2026-10-09 04:30:00,236.410,236.910,236.220,0.060,0.230,0.110,0.093,0.013,0.052,0.026,0.013,0.005,0.004,0.003,0.992,50.020
2410121457,2026-10-09 04:30:00,234.100,233.180,233.690,2.650,2.680,2.560,1.743,0.587,0.587,0.568,0.514,0.176,0.184,0.153,0.959,50.060
2410121574,2026-10-09 04:30:00,237.190,236.230,236.450,0.090,0.090,0.080,0.031,0.017,0.008,0.005,-0.048,-0.014,-0.019,-0.014,0.621,50.050
2410131378,2026-10-09 04:30:00,236.230,236.710,236.050,0.430,0.410,0.450,0.183,0.051,0.068,0.063,0.045,0.014,0.013,0.017,0.983,50.120
2410131383,2026-10-09 04:30:00,238.520,237.410,237.340,0.040,0.040,0.060,0.032,0.009,0.008,0.014,-0.003,0.000,-0.001,-0.001,0.998,50.030
2410131384,2026-10-09 04:30:00,233.330,233.700,233.170,1.020,1.260,1.150,0.639,0.212,0.224,0.202,0.116,0.039,0.042,0.032,0.986,50.040
2410131387,2026-10-09 04:30:00,236.940,237.960,237.240,0.030,0.030,0.030,0.018,0.006,0.007,0.005,-0.009,-0.002,-0.003,-0.003,0.885,49.950
2410320615,2026-10-09 04:30:00,236.230,237.090,236.670,1.280,1.180,1.360,0.781,0.254,0.248,0.278,0.154,0.038,0.065,0.057,0.981,50.060
2410883988,2026-10-09 04:30:00,226.270,226.570,226.000,0.280,0.260,0.340,0.195,0.061,0.058,0.075,0.036,0.012,0.012,0.011,0.984,50.030
2410883990,2026-10-09 04:30:00,226.450,225.750,226.060,0.020,0.000,0.030,0.010,0.003,0.000,0.007,0.000,0.002,0.000,-0.001,0.978,50.010
2410883991,2026-10-09 04:30:00,233.600,233.980,234.500,0.070,0.060,0.160,0.067,0.016,0.014,0.036,-0.006,-0.002,0.000,-0.004,0.991,50.110
2410883993,2026-10-09 04:30:00,234.010,233.100,233.620,0.680,0.810,0.780,0.517,0.155,0.186,0.175,-0.073,-0.026,-0.019,-0.027,0.989,49.980
2410883994,2026-10-09 04:30:00,234.220,233.380,233.930,0.010,0.040,0.010,0.013,0.001,0.009,0.002,0.000,0.000,0.000,0.000,1.000,50.080
2410932742,2026-10-09 04:30:00,230.810,229.300,229.290,2.060,2.000,2.160,1.284,0.429,0.410,0.444,0.392,0.131,0.122,0.138,0.956,50.070
2411087432,2026-10-09 04:30:00,236.250,236.910,236.130,0.480,0.420,0.470,0.322,0.112,0.099,0.110,0.005,0.013,-0.003,-0.004,0.999,50.030
2411087433,2026-10-09 04:30:00,233.560,233.870,234.300,0.370,0.370,0.370,0.240,0.079,0.080,0.080,0.050,0.014,0.015,0.020,0.982,49.970
2411290205,2026-10-09 04:30:00,237.050,236.810,237.890,0.130,0.100,0.100,0.078,0.029,0.023,0.025,0.007,0.003,0.001,0.001,0.996,50.100
2510014481,2026-10-09 04:30:00,229.540,229.470,230.880,1.620,1.650,1.670,0.996,0.326,0.336,0.347,0.366,0.119,0.129,0.118,0.941,49.980
2510014482,2026-10-09 04:30:00,236.400,236.870,236.150,0.010,0.040,0.000,0.013,0.002,0.010,0.000,-0.002,-0.002,0.000,0.000,0.961,50.030
2510014484,2026-10-09 04:30:00,235.680,235.430,236.620,1.750,2.070,1.740,1.260,0.402,0.461,0.382,0.439,0.151,0.136,0.152,0.940,50.020
2510178139,2026-10-09 04:30:00,236.370,236.900,236.070,0.070,0.040,0.050,0.037,0.015,0.009,0.011,0.003,0.001,0.001,0.000,1.000,49.960
2510178141,2026-10-09 04:30:00,236.150,236.300,236.830,0.020,0.010,0.020,0.007,0.002,0.000,0.003,-0.009,-0.004,-0.001,-0.003,0.598,50.020
2510203103,2026-10-09 04:30:00,226.610,225.080,225.130,0.070,0.090,0.080,0.047,0.013,0.017,0.016,-0.022,-0.007,-0.007,-0.007,0.904,50.050
2510203104,2026-10-09 04:30:00,227.460,227.750,228.100,0.540,0.400,0.490,0.293,0.111,0.082,0.099,0.072,0.015,0.022,0.030,0.975,50.030
2510203105,2026-10-09 04:30:00,232.380,230.790,231.120,0.050,0.110,0.010,0.037,0.010,0.023,0.003,0.010,0.003,0.006,0.000,0.964,49.950
2510203106,2026-10-09 04:30:00,236.960,236.740,237.910,0.030,0.040,0.040,0.024,0.005,0.008,0.010,-0.006,-0.003,-0.001,-0.001,0.958,50.030
2510203107,2026-10-09 04:30:00,225.570,225.380,226.420,0.270,0.320,0.250,0.189,0.060,0.071,0.057,0.013,0.003,0.004,0.005,0.997,50.020
2510203108,2026-10-09 04:30:00,236.420,236.880,235.980,0.320,0.480,0.780,0.378,0.081,0.120,0.176,0.020,0.004,0.008,0.007,0.998,50.070
2510203109,2026-10-09 04:30:00,233.680,234.080,233.190,0.020,0.030,0.070,0.028,0.005,0.005,0.017,0.005,0.002,0.001,0.001,0.974,49.960
2510203111,2026-10-09 04:30:00,235.630,235.970,236.490,1.270,1.120,1.400,0.814,0.271,0.233,0.308,0.260,0.100,0.080,0.080,0.952,50.040
2510203113,2026-10-09 04:30:00,238.030,237.060,237.040,0.300,0.390,0.360,0.252,0.072,0.092,0.086,-0.014,-0.004,-0.006,-0.002,1.000,50.030
2510203114,2026-10-09 04:30:00,227.430,227.940,228.150,0.240,0.110,0.160,0.154,0.068,0.038,0.048,0.022,0.005,0.002,0.013,0.984,49.960
2510203117,2026-10-09 04:30:00,226.660,226.010,226.140,0.310,0.300,0.240,0.187,0.068,0.065,0.053,-0.044,-0.015,-0.017,-0.011,0.972,50.080
2510203120,2026-10-09 04:30:00,233.680,232.840,233.230,0.750,0.570,0.630,0.408,0.159,0.117,0.131,0.195,0.073,0.059,0.063,0.902,50.070
2510203121,2026-10-09 04:30:00,225.640,225.940,226.320,0.100,0.110,0.170,0.080,0.020,0.023,0.036,-0.025,-0.006,-0.008,-0.011,0.949,49.960
2510203122,2026-10-09 04:30:00,236.310,236.930,236.120,0.040,0.020,0.010,0.011,0.007,0.003,0.000,0.000,0.004,-0.002,-0.001,1.000,50.030
2510203123,2026-10-09 04:30:00,235.620,235.880,236.480,0.610,0.690,0.880,0.657,0.206,0.275,0.175,0.150,0.031,0.039,0.036,0.976,50.040
2510203124,2026-10-09 04:30:00,236.650,236.770,236.070,0.070,0.070,0.090,0.049,0.015,0.015,0.019,0.025,0.007,0.008,0.008,0.891,49.970
2510203125,2026-10-09 04:30:00,237.080,238.130,237.150,0.030,0.030,0.070,0.024,0.004,0.003,0.016,-0.019,-0.007,-0.006,-0.005,0.801,49.990
2510203126,2026-10-09 04:30:00,225.750,225.950,226.400,0.340,0.280,0.260,0.194,0.075,0.060,0.058,0.036,0.011,0.012,0.012,0.981,49.980
2510203127,2026-10-09 04:30:00,236.170,236.650,236.000,0.030,0.010,0.040,0.016,0.008,0.001,0.006,-0.006,0.000,0.000,-0.005,0.915,49.990
2510203128,2026-10-09 04:30:00,233.560,233.820,232.560,1.460,1.410,1.560,1.007,0.331,0.320,0.355,0.048,0.005,0.014,0.028,0.999,50.060
2510203130,2026-10-09 04:30:00,243.070,243.070,244.570,0.000,0.000,0.020,0.004,0.000,0.001,0.003,-0.001,0.000,0.000,0.000,0.968,49.970
2510203133,2026-10-09 04:30:00,235.830,236.400,235.610,0.030,0.020,0.000,0.012,0.007,0.004,0.000,-0.002,0.000,-0.001,0.000,0.952,49.970
2510203134,2026-10-09 04:30:00,234.590,233.650,234.000,0.020,0.010,0.010,0.007,0.004,0.002,0.001,-0.001,0.000,-0.001,0.000,0.965,50.060
2510224049,2026-10-09 04:30:00,225.740,226.280,225.630,20.580,18.060,12.700,10.570,3.990,3.840,2.730,-2.180,-0.730,-0.870,-0.570,0.979,50.010
2510224167,2026-10-09 04:30:00,225.590,225.660,226.160,10.480,11.940,12.070,7.400,2.260,2.560,2.580,-2.150,-0.610,-0.760,-0.770,0.960,50.020
2510317505,2026-10-09 04:30:00,225.680,225.880,226.330,8.200,9.930,9.990,5.970,1.750,2.140,2.060,-1.870,-0.530,-0.590,-0.730,0.954,50.020
2510317516,2026-10-09 04:30:00,225.790,225.950,226.340,0.000,0.000,0.000,0.000,0.000,0.000,0.000,0.000,0.000,0.000,0.000,1.000,50.020
2510317537,2026-10-09 04:30:00,233.140,233.470,234.020,2.020,2.200,2.240,1.340,0.390,0.460,0.480,-0.220,-0.050,-0.080,-0.080,0.987,50.020
2510389559,2026-10-09 04:30:00,237.670,237.420,238.650,0.000,0.000,0.000,0.000,0.000,0.000,0.000,0.000,0.000,0.000,0.000,1.000,50.030
2510389643,2026-10-09 04:30:00,237.600,237.260,238.440,5.120,13.820,13.210,7.240,1.100,3.110,3.020,-1.260,-0.180,-0.580,-0.500,0.985,50.020
2510389931,2026-10-09 04:30:00,236.940,236.330,237.860,3.110,15.120,6.340,5.770,0.720,3.550,1.490,-0.660,-0.100,-0.350,-0.200,0.993,50.010
2510633381,2026-10-09 04:30:00,234.260,233.430,233.820,0.050,0.060,0.020,0.029,0.011,0.013,0.004,-0.012,-0.005,-0.005,-0.001,0.913,49.980
2510633382,2026-10-09 04:30:00,237.180,238.360,237.450,0.110,0.120,0.140,0.082,0.024,0.026,0.031,-0.045,-0.014,-0.014,-0.016,0.843,50.120
2510633383,2026-10-09 04:30:00,236.040,236.190,236.690,0.110,0.080,0.090,0.021,0.009,0.002,0.009,-0.062,-0.024,-0.019,-0.018,0.329,49.980
2510633385,2026-10-09 04:30:00,237.430,237.190,238.330,0.110,0.320,0.330,0.175,0.026,0.073,0.076,-0.033,-0.005,-0.015,-0.013,0.981,50.070
2510633386,2026-10-09 04:30:00,220.420,220.740,221.220,0.370,0.370,0.350,0.135,0.045,0.044,0.042,-0.199,-0.067,-0.067,-0.064,0.569,50.110
2510633389,2026-10-09 04:30:00,238.000,237.070,236.780,0.200,0.170,0.190,0.115,0.036,0.037,0.045,0.000,-0.002,0.000,0.001,1.000,50.060
2510633390,2026-10-09 04:30:00,233.490,234.070,233.160,0.130,0.130,0.110,0.086,0.030,0.029,0.025,0.006,-0.006,0.010,0.003,1.000,50.040
2510633391,2026-10-09 04:30:00,124.210,123.810,123.920,0.000,0.000,0.000,0.000,0.000,0.000,0.000,0.000,0.000,0.000,0.000,1.000,50.030
2510633393,2026-10-09 04:30:00,236.190,237.360,236.400,1.130,1.160,1.120,0.790,0.259,0.270,0.255,0.132,0.046,0.036,0.049,0.986,50.150
2510633395,2026-10-09 04:30:00,236.140,236.610,235.930,0.000,0.000,0.000,0.000,0.000,0.000,0.000,0.000,0.000,0.000,0.000,1.000,49.970
2510633396,2026-10-09 04:30:00,236.740,236.000,236.520,0.120,0.160,0.120,0.080,0.022,0.035,0.023,0.050,0.016,0.017,0.016,0.848,49.980
2510633397,2026-10-09 04:30:00,240.320,239.350,239.810,0.030,0.030,0.040,0.022,0.006,0.007,0.008,-0.006,-0.002,-0.002,0.000,0.985,50.040
2510633399,2026-10-09 04:30:00,225.360,225.550,226.040,0.230,0.260,0.310,0.179,0.051,0.058,0.069,0.001,0.001,0.000,0.000,0.997,49.990
2510633400,2026-10-09 04:30:00,225.000,225.450,224.700,0.400,0.430,0.420,0.255,0.079,0.087,0.088,0.122,0.038,0.042,0.039,0.886,50.030
2510633402,2026-10-09 04:30:00,230.510,230.390,231.880,0.680,0.710,0.790,0.538,0.167,0.175,0.191,0.122,0.039,0.039,0.043,0.969,50.120
2510633406,2026-10-09 04:30:00,225.650,225.790,226.300,0.170,0.200,0.200,0.124,0.037,0.043,0.043,-0.037,-0.010,-0.013,-0.013,0.957,49.980
2510633411,2026-10-09 04:30:00,223.720,222.910,222.990,1.850,1.770,1.860,1.118,0.382,0.359,0.376,0.429,0.138,0.137,0.153,0.933,50.020
2510814977,2026-10-09 04:30:00,230.860,232.180,230.820,0.020,0.010,0.010,0.006,0.003,0.000,0.001,-0.001,0.001,-0.001,-0.001,1.000,49.980
2610026950,2026-10-09 04:30:00,226.360,225.610,225.850,0.010,0.000,0.010,0.004,0.001,0.001,0.001,0.000,0.000,0.000,0.000,1.000,49.970
2610026952,2026-10-09 04:30:00,236.220,235.760,235.720,0.680,0.660,0.750,0.469,0.152,0.149,0.167,0.072,0.035,0.013,0.022,0.988,50.000
2610026953,2026-10-09 04:30:00,236.390,236.010,237.160,0.490,0.550,0.520,0.326,0.100,0.117,0.108,0.158,0.056,0.052,0.050,0.900,49.970
2610026963,2026-10-09 04:30:00,236.560,236.550,237.200,0.190,0.130,0.110,0.088,0.039,0.027,0.020,-0.044,-0.018,-0.012,-0.013,0.890,49.980
2610026966,2026-10-09 04:30:00,233.840,234.080,233.380,0.050,0.040,0.070,0.032,0.010,0.008,0.012,0.017,0.004,0.004,0.008,0.880,49.970
2610026976,2026-10-09 04:30:00,236.300,236.290,236.910,0.180,0.380,0.830,0.325,0.040,0.089,0.194,-0.039,-0.013,0.000,-0.027,0.994,49.980
2610026977,2026-10-09 04:30:00,244.660,245.410,244.670,0.420,0.400,0.550,0.320,0.090,0.096,0.132,0.007,0.049,-0.019,-0.022,1.000,50.020
2610126270,2026-10-09 04:30:00,225.930,226.280,225.720,0.010,0.020,0.010,0.008,0.002,0.004,0.001,-0.003,-0.001,0.000,-0.001,0.929,50.010
2610126451,2026-10-09 04:30:00,236.500,236.910,236.120,0.010,0.000,0.060,0.016,0.001,0.000,0.013,0.000,0.000,0.000,0.001,1.000,49.970
2610159557,2026-10-09 04:30:00,234.200,233.390,233.720,0.020,0.010,0.010,0.006,0.003,0.000,0.001,-0.005,-0.002,0.000,-0.001,0.806,49.980
2610159558,2026-10-09 04:30:00,233.200,233.630,234.100,0.000,0.020,0.000,0.005,0.000,0.004,0.000,0.000,0.000,0.000,0.000,1.000,49.970
2610170785,2026-10-09 04:30:00,234.030,233.230,233.630,0.000,0.000,0.000,0.000,0.000,0.000,0.000,0.000,0.000,0.000,0.000,0.517,50.000
2610170786,2026-10-09 04:30:00,232.880,233.100,233.480,1.170,1.280,1.270,0.780,0.248,0.262,0.268,0.203,0.061,0.067,0.074,0.970,50.020
2610170836,2026-10-09 04:30:00,235.960,236.400,236.910,0.140,0.130,0.140,0.026,0.010,0.007,0.008,0.003,0.003,-0.001,0.000,0.983,50.000
2610170837,2026-10-09 04:30:00,232.100,230.540,230.700,0.000,0.000,0.000,0.000,0.000,0.000,0.000,0.000,0.000,0.000,0.000,0.691,50.010
2610170838,2026-10-09 04:30:00,234.190,233.220,233.700,0.020,0.020,0.090,0.029,0.004,0.004,0.020,0.000,0.000,0.001,-0.001,1.000,50.030
2610170839,2026-10-09 04:30:00,233.290,233.620,234.190,0.000,0.020,0.010,0.009,0.000,0.004,0.003,0.000,0.000,0.000,0.000,1.000,50.000
2610170840,2026-10-09 04:30:00,237.060,236.510,237.990,0.080,0.380,0.160,0.145,0.018,0.089,0.037,-0.017,-0.002,-0.009,-0.005,0.995,50.010
2610322967,2026-10-09 04:30:00,234.530,233.610,233.730,0.000,0.000,0.010,0.001,0.000,0.000,0.001,0.000,0.000,0.000,0.000,1.000,50.000
2610322969,2026-10-09 04:30:00,226.190,225.350,225.860,0.270,0.230,0.030,0.075,0.054,0.014,0.006,0.074,0.024,0.050,0.000,0.709,49.980
2610322992,2026-10-09 04:30:00,230.760,231.240,232.120,0.150,0.340,0.250,0.163,0.030,0.078,0.055,0.050,0.017,0.012,0.020,0.956,50.010
2610322995,2026-10-09 04:30:00,233.480,233.730,234.220,0.000,0.000,0.000,0.000,0.000,0.000,0.000,0.000,0.000,0.000,0.000,1.000,49.990
2610322997,2026-10-09 04:30:00,230.290,231.330,230.150,0.690,0.710,0.580,0.333,0.120,0.113,0.103,0.160,0.042,0.067,0.050,0.875,50.000
2610323001,2026-10-09 04:30:00,230.160,228.920,228.820,1.750,1.570,1.790,1.047,0.351,0.328,0.379,0.447,0.153,0.147,0.146,0.918,50.010
2610323004,2026-10-09 04:30:00,64.000,63.490,63.920,0.230,0.220,0.210,0.029,0.010,0.009,0.009,0.023,0.007,0.008,0.006,0.785,49.980
2610323005,2026-10-09 04:30:00,226.060,226.460,225.770,0.000,0.010,0.000,0.002,0.000,0.001,0.000,0.000,0.000,0.000,0.000,1.000,50.000
2610323010,2026-10-09 04:30:00,238.150,237.160,236.990,0.050,0.000,0.000,0.008,0.008,0.000,0.000,-0.006,-0.006,0.000,0.000,0.812,50.000
2610323014,2026-10-09 04:30:00,236.150,236.290,236.850,0.000,0.000,0.000,0.000,0.000,0.000,0.000,-0.001,-0.001,0.000,0.000,0.276,50.010
2610323016,2026-10-09 04:30:00,229.760,228.580,228.690,1.920,1.840,1.810,1.125,0.393,0.367,0.364,0.566,0.189,0.192,0.184,0.893,50.020
2610323017,2026-10-09 04:30:00,233.650,234.220,233.270,0.000,0.000,0.000,0.000,0.000,0.000,0.000,0.000,0.000,0.000,0.000,1.000,50.020
2610323019,2026-10-09 04:30:00,225.900,226.500,225.850,0.020,0.020,0.030,0.014,0.004,0.004,0.005,-0.005,-0.001,-0.001,-0.002,0.931,50.020
2610323027,2026-10-09 04:30:00,234.330,233.320,233.760,0.000,0.000,0.000,0.000,0.000,0.000,0.000,0.000,0.000,0.000,0.000,1.000,50.020
2410121371,2026-10-09 04:31:00,236.640,235.840,236.060,0.030,0.010,0.030,0.016,0.008,0.000,0.007,-0.002,0.000,-0.001,0.000,0.986,49.960
2510633387,2026-10-09 04:31:00,236.320,236.800,236.230,0.010,0.020,0.000,0.004,0.002,0.002,0.000,0.002,0.000,0.002,0.000,0.829,50.040
2510014483,2026-10-09 04:32:00,233.270,233.570,234.130,0.040,0.030,0.050,0.020,0.006,0.005,0.007,-0.020,-0.006,-0.005,-0.008,0.720,49.960
2246006313,2026-10-09 05:00:00,56.900,56.900,56.800,0.751,0.762,0.728,0.122,0.040,0.041,0.039,0.012,0.005,0.004,0.003,0.994,50.130
2410121326,2026-10-09 05:00:00,237.220,236.380,236.650,0.100,0.120,0.130,0.081,0.024,0.027,0.029,0.000,0.000,-0.002,0.004,1.000,49.990
2410121353,2026-10-09 05:00:00,236.950,236.110,236.410,0.000,0.010,0.050,0.014,0.000,0.003,0.011,-0.001,0.000,0.000,0.000,0.969,49.950
2410121371,2026-10-09 05:00:00,237.230,236.260,236.490,0.040,0.010,0.060,0.022,0.008,0.000,0.013,-0.003,0.000,-0.001,-0.001,1.000,49.960
2410121424,2026-10-09 05:00:00,237.210,236.410,236.670,0.010,0.010,0.010,0.004,0.000,0.001,0.002,-0.003,-0.001,-0.001,0.000,0.769,50.000
2410121440,2026-10-09 05:00:00,237.010,236.210,236.420,0.010,0.010,0.010,0.005,0.002,0.000,0.001,-0.003,-0.001,-0.001,0.000,0.904,49.960
2410121454,2026-10-09 05:00:00,236.700,237.320,236.470,0.070,0.160,0.120,0.081,0.015,0.037,0.028,0.013,0.004,0.004,0.003,0.987,50.000
2410121457,2026-10-09 05:00:00,235.070,234.090,234.640,2.220,2.280,2.130,1.511,0.505,0.517,0.489,0.329,0.116,0.119,0.092,0.976,49.990
2410121574,2026-10-09 05:00:00,237.230,236.140,236.360,0.090,0.090,0.070,0.029,0.014,0.008,0.005,-0.048,-0.014,-0.019,-0.014,0.558,49.950
2410131378,2026-10-09 05:00:00,236.340,236.840,236.070,0.360,0.440,0.420,0.352,0.116,0.114,0.114,0.087,0.025,0.026,0.034,0.971,49.960
2410131383,2026-10-09 05:00:00,238.620,237.440,237.420,0.040,0.030,0.060,0.030,0.009,0.006,0.013,-0.002,0.000,-0.001,-0.001,0.979,49.980
2410131387,2026-10-09 05:00:00,237.030,238.260,237.340,0.040,0.040,0.040,0.028,0.009,0.009,0.009,-0.009,-0.002,-0.003,-0.003,0.960,50.080
2410320615,2026-10-09 05:00:00,236.600,237.520,237.060,1.260,1.290,1.360,0.933,0.303,0.309,0.331,0.175,0.038,0.075,0.060,0.983,50.130
2410883988,2026-10-09 05:00:00,227.230,227.390,226.850,0.350,0.340,0.440,0.246,0.077,0.073,0.096,0.063,0.020,0.022,0.020,0.966,50.080
2410883991,2026-10-09 05:00:00,233.640,234.010,234.450,0.090,0.060,0.320,0.109,0.020,0.013,0.075,-0.008,-0.002,0.000,-0.005,1.000,50.060
2410883993,2026-10-09 05:00:00,234.520,233.640,234.140,0.510,0.510,0.490,0.350,0.117,0.120,0.113,-0.036,-0.017,-0.005,-0.013,0.994,50.080
2410883994,2026-10-09 05:00:00,234.600,233.770,234.240,0.010,0.040,0.010,0.014,0.001,0.009,0.002,-0.001,0.000,0.000,0.000,1.000,50.100
2410932742,2026-10-09 05:00:00,230.270,228.620,228.630,3.480,3.410,3.530,2.282,0.768,0.744,0.768,0.593,0.196,0.192,0.203,0.967,50.130
2411087432,2026-10-09 05:00:00,236.700,237.340,236.450,0.440,0.420,0.480,0.317,0.104,0.100,0.112,-0.004,0.002,-0.003,-0.004,1.000,50.080
2411087433,2026-10-09 05:00:00,234.000,234.320,234.700,0.350,0.370,0.360,0.220,0.070,0.075,0.075,0.047,0.013,0.014,0.019,0.981,50.070
2411290205,2026-10-09 05:00:00,236.750,236.480,237.700,0.130,0.160,0.120,0.094,0.029,0.037,0.027,0.013,0.003,0.008,0.001,0.989,50.050
2510014481,2026-10-09 05:00:00,230.020,229.950,231.440,1.570,1.510,1.580,0.904,0.299,0.295,0.311,0.410,0.135,0.144,0.130,0.915,50.070
2510014482,2026-10-09 05:00:00,236.810,237.330,236.430,0.010,0.040,0.000,0.013,0.002,0.010,0.000,-0.002,-0.002,0.000,0.000,0.972,50.080
2510014483,2026-10-09 05:00:00,233.780,234.130,234.500,0.040,0.040,0.050,0.019,0.005,0.005,0.007,-0.019,-0.005,-0.005,-0.008,0.703,50.090
2510014484,2026-10-09 05:00:00,235.860,235.700,237.220,1.570,1.830,1.520,1.188,0.375,0.444,0.367,0.400,0.138,0.122,0.139,0.947,50.080
2510178139,2026-10-09 05:00:00,236.760,237.400,236.480,0.070,0.070,0.040,0.035,0.017,0.008,0.009,0.003,0.002,0.001,0.000,0.987,50.040
2510178141,2026-10-09 05:00:00,236.050,236.240,236.760,0.020,0.010,0.020,0.005,0.002,0.000,0.002,-0.009,-0.004,-0.001,-0.002,0.486,50.080
2510203103,2026-10-09 05:00:00,227.080,225.520,225.560,0.070,0.120,0.080,0.057,0.014,0.026,0.016,-0.022,-0.008,-0.007,-0.007,0.924,50.130
2510203104,2026-10-09 05:00:00,228.130,228.360,228.690,0.420,0.280,0.400,0.235,0.089,0.061,0.084,0.057,0.008,0.019,0.029,0.972,50.110
2510203105,2026-10-09 05:00:00,232.830,231.220,231.440,0.050,0.100,0.010,0.037,0.011,0.022,0.003,0.009,0.003,0.005,0.000,0.963,50.050
2510203106,2026-10-09 05:00:00,237.130,236.840,238.180,0.020,0.040,0.050,0.022,0.002,0.008,0.010,-0.005,-0.002,-0.001,-0.001,0.966,50.120
2510203107,2026-10-09 05:00:00,225.810,225.650,226.820,0.230,0.270,0.220,0.158,0.050,0.059,0.048,0.003,0.000,0.000,0.002,0.999,50.080
2510203108,2026-10-09 05:00:00,236.750,237.240,236.300,0.300,0.530,0.760,0.402,0.086,0.137,0.177,0.009,0.001,0.003,0.006,0.998,50.120
2510203109,2026-10-09 05:00:00,233.960,234.290,233.660,0.020,0.030,0.070,0.026,0.003,0.005,0.017,0.005,0.002,0.001,0.001,0.970,50.040
2510203111,2026-10-09 05:00:00,236.420,236.900,237.390,1.800,1.580,1.970,1.122,0.373,0.323,0.425,0.282,0.120,0.081,0.080,0.971,50.130
2510203113,2026-10-09 05:00:00,238.230,237.090,237.090,0.350,0.380,0.340,0.252,0.083,0.090,0.079,-0.015,-0.003,-0.007,-0.004,0.996,50.080
2510203114,2026-10-09 05:00:00,227.860,228.220,228.450,0.310,0.250,0.230,0.162,0.071,0.042,0.050,0.039,0.011,0.009,0.019,0.970,50.030
2510203117,2026-10-09 05:00:00,227.020,226.410,226.660,0.290,0.300,0.250,0.180,0.062,0.064,0.054,-0.044,-0.015,-0.017,-0.011,0.968,50.130
2510203120,2026-10-09 05:00:00,233.950,233.160,233.550,0.770,0.560,0.660,0.410,0.158,0.115,0.137,0.180,0.068,0.054,0.057,0.919,50.120
2510203121,2026-10-09 05:00:00,226.550,226.860,227.060,0.100,0.110,0.170,0.081,0.020,0.023,0.037,-0.026,-0.006,-0.008,-0.011,0.951,50.060
2510203122,2026-10-09 05:00:00,236.730,237.360,236.500,0.100,0.020,0.010,0.023,0.019,0.003,0.000,0.011,0.014,-0.002,-0.001,0.922,50.090
2510203123,2026-10-09 05:00:00,236.120,236.540,237.060,0.520,0.870,0.880,0.770,0.268,0.310,0.192,0.181,0.063,0.056,0.051,0.950,50.120
2510203124,2026-10-09 05:00:00,236.860,237.070,236.240,0.070,0.070,0.090,0.050,0.015,0.015,0.019,0.025,0.007,0.008,0.008,0.895,50.020
2510203125,2026-10-09 05:00:00,237.210,238.430,237.290,0.030,0.030,0.060,0.022,0.004,0.003,0.014,-0.019,-0.007,-0.006,-0.005,0.771,50.090
2510203126,2026-10-09 05:00:00,226.570,226.790,227.100,0.430,0.350,0.340,0.239,0.089,0.076,0.072,0.062,0.019,0.020,0.022,0.968,50.000
2510203127,2026-10-09 05:00:00,236.700,237.280,236.490,0.030,0.010,0.090,0.031,0.008,0.002,0.021,-0.006,0.000,0.000,-0.005,0.991,50.010
2510203128,2026-10-09 05:00:00,233.950,234.160,232.880,1.540,1.490,1.660,1.065,0.350,0.337,0.377,0.064,0.009,0.016,0.038,0.998,50.130
2510203130,2026-10-09 05:00:00,243.590,243.380,245.070,0.000,0.000,0.020,0.004,0.000,0.001,0.003,-0.001,0.000,0.000,0.000,0.977,50.030
2510203133,2026-10-09 05:00:00,236.830,237.250,236.550,0.020,0.020,0.000,0.009,0.004,0.004,0.000,-0.002,0.000,-0.002,0.000,0.966,50.040
2510203134,2026-10-09 05:00:00,234.970,234.070,234.370,0.020,0.010,0.010,0.007,0.004,0.002,0.001,-0.001,0.000,-0.001,0.000,0.966,50.130
2510224049,2026-10-09 05:00:00,226.670,227.030,226.450,20.490,17.960,12.660,10.570,3.990,3.840,2.730,-2.210,-0.740,-0.880,-0.580,0.978,50.080
2510224167,2026-10-09 05:00:00,226.450,226.630,227.000,10.480,11.890,12.020,7.400,2.260,2.550,2.580,-2.170,-0.620,-0.770,-0.780,0.959,50.080
2510317505,2026-10-09 05:00:00,226.590,226.880,227.120,8.180,9.900,9.980,5.970,1.750,2.150,2.060,-1.880,-0.540,-0.600,-0.740,0.953,50.080
2510317516,2026-10-09 05:00:00,226.570,226.780,227.030,0.000,0.000,0.000,0.000,0.000,0.000,0.000,0.000,0.000,0.000,0.000,1.000,50.080
2510317537,2026-10-09 05:00:00,233.630,233.980,234.410,2.090,2.190,2.160,1.600,0.520,0.450,0.460,-0.240,-0.060,-0.080,-0.080,0.988,50.080
2510389559,2026-10-09 05:00:00,237.530,237.340,238.670,0.000,0.000,0.000,0.000,0.000,0.000,0.000,0.000,0.000,0.000,0.000,1.000,50.080
2510389643,2026-10-09 05:00:00,237.850,237.510,238.800,5.120,13.810,13.250,7.260,1.100,3.110,3.030,-1.270,-0.180,-0.580,-0.500,0.984,50.080
2510389931,2026-10-09 05:00:00,236.980,236.360,238.080,3.110,15.120,6.340,5.770,0.720,3.550,1.490,-0.660,-0.100,-0.360,-0.200,0.993,50.080
2510633381,2026-10-09 05:00:00,234.500,233.710,234.050,0.050,0.040,0.010,0.020,0.010,0.008,0.002,-0.012,-0.005,-0.005,-0.001,0.841,50.010
2510633382,2026-10-09 05:00:00,236.750,237.990,236.920,0.120,0.110,0.170,0.092,0.026,0.026,0.039,-0.033,-0.011,-0.010,-0.011,0.934,49.970
2510633383,2026-10-09 05:00:00,236.410,236.640,237.170,0.120,0.110,0.160,0.064,0.017,0.013,0.033,-0.060,-0.022,-0.020,-0.017,0.731,50.010
2510633385,2026-10-09 05:00:00,237.540,237.320,238.600,0.160,0.320,0.330,0.186,0.037,0.073,0.076,-0.034,-0.005,-0.015,-0.013,0.983,49.980
2510633387,2026-10-09 05:00:00,236.380,237.020,236.220,0.010,0.000,0.000,0.002,0.002,0.000,0.000,0.000,0.000,0.000,0.000,0.817,49.980
2510633389,2026-10-09 05:00:00,237.990,236.910,236.660,0.680,0.670,0.710,0.397,0.133,0.130,0.133,0.001,-0.001,0.000,0.002,1.000,49.980
2510633390,2026-10-09 05:00:00,233.750,234.320,233.510,0.130,0.130,0.100,0.103,0.039,0.039,0.024,0.007,-0.007,0.010,0.004,0.991,49.990
2510633391,2026-10-09 05:00:00,124.150,123.720,123.810,0.000,0.000,0.000,0.000,0.000,0.000,0.000,0.000,0.000,0.000,0.000,1.000,49.980
2510633393,2026-10-09 05:00:00,235.690,237.010,235.960,1.320,1.360,1.290,0.902,0.299,0.309,0.293,0.215,0.071,0.067,0.076,0.971,49.960
2510633395,2026-10-09 05:00:00,236.570,237.040,236.320,0.000,0.000,0.000,0.000,0.000,0.000,0.000,0.000,0.000,0.000,0.000,1.000,50.030
2510633396,2026-10-09 05:00:00,237.210,236.360,237.040,0.120,0.160,0.120,0.079,0.022,0.033,0.023,0.050,0.017,0.017,0.016,0.840,50.020
2510633397,2026-10-09 05:00:00,240.570,239.690,240.090,0.030,0.030,0.040,0.022,0.006,0.007,0.008,-0.006,-0.002,-0.002,-0.001,0.980,49.990
2510633399,2026-10-09 05:00:00,226.310,226.560,226.950,0.180,0.250,0.230,0.146,0.039,0.051,0.051,-0.001,0.000,-0.001,-0.001,0.997,50.000
2510633400,2026-10-09 05:00:00,225.820,226.090,225.500,0.350,0.380,0.380,0.219,0.068,0.074,0.076,0.112,0.036,0.039,0.036,0.895,49.980
2510633402,2026-10-09 05:00:00,230.370,230.290,231.790,0.590,0.630,0.700,0.385,0.115,0.140,0.162,0.156,0.053,0.047,0.054,0.927,49.960
2510633406,2026-10-09 05:00:00,226.670,226.890,227.240,0.170,0.200,0.200,0.124,0.037,0.043,0.043,-0.037,-0.010,-0.013,-0.013,0.958,50.080
2510633411,2026-10-09 05:00:00,224.590,224.040,224.220,1.570,1.460,1.520,0.942,0.325,0.299,0.316,0.370,0.123,0.118,0.127,0.927,49.980
2510814977,2026-10-09 05:00:00,231.450,232.820,231.460,0.020,0.010,0.010,0.006,0.003,0.000,0.001,-0.001,0.001,-0.001,-0.001,1.000,50.080
2610026950,2026-10-09 05:00:00,227.300,226.560,226.920,0.010,0.000,0.010,0.005,0.002,0.000,0.002,-0.001,0.000,0.000,0.000,0.974,50.080
2610026952,2026-10-09 05:00:00,236.580,236.080,236.100,0.780,0.720,0.820,0.514,0.169,0.160,0.183,0.119,0.054,0.030,0.034,0.974,50.100
2610026953,2026-10-09 05:00:00,236.670,236.370,237.540,0.520,0.520,0.530,0.302,0.103,0.115,0.101,0.159,0.056,0.051,0.052,0.894,50.060
2610026963,2026-10-09 05:00:00,236.750,236.840,237.500,0.180,0.130,0.110,0.087,0.037,0.027,0.022,-0.045,-0.018,-0.013,-0.013,0.887,50.020
2610026966,2026-10-09 05:00:00,233.440,233.610,232.970,0.040,0.050,0.050,0.028,0.007,0.010,0.010,0.014,0.004,0.005,0.005,0.882,50.030
2610026976,2026-10-09 05:00:00,236.540,236.630,237.280,0.180,0.510,0.810,0.351,0.040,0.119,0.190,-0.046,-0.012,-0.008,-0.025,0.992,50.020
2610026977,2026-10-09 05:00:00,244.130,244.970,244.190,0.510,0.150,0.350,0.209,0.099,0.026,0.083,0.116,0.074,0.024,0.018,0.874,49.980
2610126270,2026-10-09 05:00:00,226.890,227.050,226.550,0.010,0.010,0.010,0.007,0.002,0.003,0.001,-0.003,-0.001,0.000,-0.001,0.888,50.080
2610126451,2026-10-09 05:00:00,236.920,237.350,236.590,0.010,0.000,0.050,0.013,0.001,0.000,0.010,0.001,0.000,0.000,0.001,1.000,50.070
2610159557,2026-10-09 05:00:00,234.600,233.800,234.140,0.020,0.010,0.030,0.010,0.003,0.000,0.006,-0.005,-0.002,-0.001,-0.001,0.866,50.070
2610159558,2026-10-09 05:00:00,233.720,234.160,234.580,0.000,0.000,0.000,0.000,0.000,0.000,0.000,0.000,0.000,0.000,0.000,0.792,50.080
2610170785,2026-10-09 05:00:00,234.510,233.740,234.180,0.000,0.000,0.000,0.000,0.000,0.000,0.000,0.000,0.000,0.000,0.000,0.535,50.090
2610170786,2026-10-09 05:00:00,233.770,234.130,234.550,0.580,0.660,0.680,0.361,0.103,0.115,0.142,0.082,0.025,0.025,0.030,0.983,50.070
2610170836,2026-10-09 05:00:00,236.460,236.880,237.280,0.060,0.070,0.330,0.029,0.009,0.009,0.010,0.001,0.002,-0.001,0.000,0.996,50.090
2610170837,2026-10-09 05:00:00,232.600,231.030,231.170,0.000,0.000,0.000,0.000,0.000,0.000,0.000,0.000,0.000,0.000,0.000,0.671,50.080
2610170838,2026-10-09 05:00:00,234.580,233.610,234.120,0.020,0.020,0.090,0.029,0.004,0.004,0.020,-0.001,0.000,0.000,-0.001,1.000,50.080
2610170839,2026-10-09 05:00:00,233.640,234.030,234.460,0.000,0.020,0.010,0.009,0.000,0.005,0.003,0.000,0.000,0.000,0.000,1.000,50.080
2610170840,2026-10-09 05:00:00,237.120,236.580,238.250,0.080,0.380,0.160,0.145,0.018,0.089,0.037,-0.017,-0.002,-0.009,-0.005,0.996,50.080
2610322967,2026-10-09 05:00:00,235.040,234.140,234.310,0.000,0.000,0.010,0.001,0.000,0.000,0.001,0.000,0.000,0.000,0.000,1.000,50.090
2610322992,2026-10-09 05:00:00,231.240,231.670,232.570,0.150,0.350,0.250,0.165,0.031,0.079,0.054,0.039,0.013,0.007,0.017,0.975,50.080
2610322995,2026-10-09 05:00:00,233.920,234.220,234.610,0.000,0.000,0.000,0.000,0.000,0.000,0.000,0.000,0.000,0.000,0.000,1.000,50.090
2610322997,2026-10-09 05:00:00,230.680,231.980,230.590,0.610,0.580,0.570,0.378,0.131,0.122,0.124,0.131,0.036,0.051,0.043,0.943,50.080
2610323004,2026-10-09 05:00:00,64.180,63.650,64.070,0.370,0.360,0.340,0.057,0.020,0.018,0.018,0.039,0.012,0.013,0.012,0.828,50.090
2610323005,2026-10-09 05:00:00,226.950,227.200,226.620,0.000,0.010,0.000,0.002,0.000,0.001,0.000,0.000,0.000,0.000,0.000,1.000,50.090
2610323010,2026-10-09 05:00:00,238.400,237.230,237.060,0.050,0.000,0.000,0.008,0.008,0.000,0.000,-0.006,-0.006,0.000,0.000,0.789,50.090
2610323014,2026-10-09 05:00:00,236.490,236.650,237.260,0.000,0.000,0.000,0.000,0.000,0.000,0.000,-0.001,-0.001,0.000,0.000,0.285,50.080
2610323016,2026-10-09 05:00:00,231.000,229.770,229.780,1.380,1.270,1.280,0.794,0.283,0.251,0.259,0.397,0.134,0.133,0.129,0.894,50.080
2610323017,2026-10-09 05:00:00,234.190,234.660,233.820,0.000,0.000,0.000,0.000,0.000,0.000,0.000,0.000,0.000,0.000,0.000,1.000,50.080
2610323019,2026-10-09 05:00:00,226.860,227.340,226.770,0.050,0.060,0.030,0.030,0.011,0.012,0.005,-0.010,-0.003,-0.004,-0.002,0.937,50.080
2610323027,2026-10-09 05:00:00,234.580,233.660,234.050,0.000,0.000,0.000,0.000,0.000,0.000,0.000,0.000,0.000,0.000,0.000,1.000,49.980
2410131384,2026-10-09 05:01:00,233.800,234.150,233.590,0.760,0.850,0.740,0.562,0.164,0.217,0.181,0.083,0.022,0.034,0.030,0.984,49.980
2410883990,2026-10-09 05:01:00,226.670,226.100,226.440,0.020,0.000,0.030,0.010,0.003,0.000,0.007,0.000,0.001,0.000,-0.001,1.000,49.950
2510633386,2026-10-09 05:01:00,220.590,220.840,221.310,0.360,0.360,0.340,0.119,0.040,0.040,0.038,-0.195,-0.066,-0.065,-0.063,0.514,50.030
2610322969,2026-10-09 05:01:00,226.420,225.680,226.230,0.270,0.230,0.030,0.070,0.055,0.008,0.006,0.075,0.024,0.050,0.000,0.680,49.950
2610323001,2026-10-09 05:01:00,230.890,229.530,229.510,1.240,1.030,1.230,0.736,0.275,0.205,0.254,0.307,0.105,0.104,0.098,0.922,49.940
2246006313,2026-10-09 05:30:00,58.400,58.400,58.300,0.785,0.802,0.766,0.135,0.044,0.046,0.043,0.020,0.007,0.006,0.005,0.989,50.100
2410121326,2026-10-09 05:30:00,235.950,235.120,235.470,0.020,0.030,0.040,0.019,0.005,0.005,0.009,-0.002,-0.002,-0.002,0.002,0.997,50.150
2410121353,2026-10-09 05:30:00,236.060,235.340,235.630,0.000,0.010,0.050,0.013,0.000,0.002,0.010,-0.001,0.000,0.000,0.000,0.979,49.950
2410121371,2026-10-09 05:30:00,236.490,235.570,235.900,0.010,0.010,0.030,0.010,0.002,0.000,0.007,-0.002,0.000,-0.001,0.000,0.964,50.000
2410121424,2026-10-09 05:30:00,236.040,235.280,235.600,0.010,0.010,0.010,0.004,0.000,0.001,0.002,-0.003,-0.001,-0.001,0.000,0.765,49.900
2410121440,2026-10-09 05:30:00,236.250,235.490,235.770,0.010,0.010,0.010,0.005,0.002,0.000,0.001,-0.003,-0.001,-0.001,0.000,0.891,50.010
2410121454,2026-10-09 05:30:00,235.630,236.150,235.330,0.070,0.160,0.120,0.084,0.017,0.038,0.028,0.008,0.003,0.003,0.001,1.000,49.900
2410121457,2026-10-09 05:30:00,234.490,233.510,234.080,2.070,2.070,1.920,1.357,0.464,0.461,0.431,0.343,0.119,0.125,0.098,0.969,50.070
2410121574,2026-10-09 05:30:00,236.050,235.020,235.300,0.080,0.090,0.080,0.032,0.013,0.008,0.010,-0.048,-0.014,-0.019,-0.014,0.554,49.920
2410131378,2026-10-09 05:30:00,235.790,236.220,235.520,0.340,0.410,0.390,0.255,0.107,0.123,0.111,0.079,0.022,0.024,0.031,0.961,49.990
2410131383,2026-10-09 05:30:00,233.230,232.440,232.390,0.020,0.030,0.050,0.022,0.005,0.006,0.010,-0.001,0.000,0.000,-0.001,0.989,50.120
2410131384,2026-10-09 05:30:00,232.610,232.980,232.380,0.810,1.130,0.920,0.655,0.188,0.264,0.203,0.094,0.028,0.036,0.030,0.988,50.080
2410131387,2026-10-09 05:30:00,232.270,233.050,232.540,0.010,0.010,0.020,0.007,0.002,0.002,0.002,-0.006,-0.001,-0.002,-0.002,0.740,49.920
2410320615,2026-10-09 05:30:00,231.800,232.430,232.350,1.370,1.370,1.530,0.918,0.300,0.288,0.328,0.162,0.038,0.066,0.057,0.983,50.080
2410883988,2026-10-09 05:30:00,232.670,232.960,232.430,0.260,0.250,0.310,0.184,0.057,0.057,0.069,0.040,0.013,0.013,0.012,0.976,50.060
2410883990,2026-10-09 05:30:00,232.640,232.050,232.310,0.020,0.000,0.150,0.038,0.004,0.000,0.033,0.000,0.001,0.000,-0.001,0.991,50.070
2410883991,2026-10-09 05:30:00,232.980,233.130,233.770,0.090,0.110,0.300,0.113,0.020,0.022,0.069,0.005,-0.002,0.009,-0.001,1.000,50.130
2410883993,2026-10-09 05:30:00,233.040,232.230,232.490,0.490,0.370,0.470,0.308,0.114,0.083,0.108,-0.042,-0.016,-0.017,-0.009,0.988,50.080
2410883994,2026-10-09 05:30:00,233.660,232.750,233.220,0.010,0.010,0.010,0.007,0.002,0.002,0.002,0.000,0.000,0.000,0.000,1.000,50.150
2410932742,2026-10-09 05:30:00,230.300,228.590,228.520,2.090,1.990,2.130,1.273,0.432,0.403,0.436,0.389,0.132,0.122,0.129,0.956,50.110
2411087432,2026-10-09 05:30:00,235.470,236.050,235.280,0.040,0.020,0.080,0.031,0.009,0.004,0.017,-0.002,0.004,-0.003,-0.003,1.000,50.050
2411087433,2026-10-09 05:30:00,232.520,232.740,233.270,0.340,0.350,0.370,0.245,0.078,0.081,0.084,0.050,0.014,0.017,0.021,0.979,50.090
2411290205,2026-10-09 05:30:00,232.540,232.200,233.120,0.080,0.110,0.080,0.061,0.018,0.024,0.018,0.006,0.001,0.002,0.001,0.996,50.130
2510014481,2026-10-09 05:30:00,228.550,228.500,230.150,1.780,1.770,1.820,1.153,0.386,0.381,0.386,0.361,0.125,0.134,0.101,0.950,50.100
2510014482,2026-10-09 05:30:00,235.550,235.970,235.250,0.010,0.050,0.000,0.013,0.002,0.010,0.000,-0.006,-0.002,-0.003,0.000,0.926,50.050
2510014483,2026-10-09 05:30:00,232.510,232.730,233.270,0.030,0.030,0.050,0.017,0.005,0.004,0.007,-0.019,-0.005,-0.005,-0.008,0.664,50.070
2510014484,2026-10-09 05:30:00,230.680,230.500,231.490,1.970,2.080,1.800,1.285,0.433,0.461,0.390,0.419,0.144,0.130,0.144,0.950,50.050
2510178139,2026-10-09 05:30:00,235.970,236.510,235.620,0.070,0.040,0.050,0.036,0.015,0.010,0.010,0.002,0.001,0.000,0.000,0.985,50.110
2510178141,2026-10-09 05:30:00,235.510,235.650,236.110,0.020,0.010,0.020,0.007,0.002,0.000,0.003,-0.009,-0.004,-0.001,-0.002,0.597,50.050
2510203103,2026-10-09 05:30:00,226.250,224.540,224.560,0.070,0.090,0.080,0.047,0.013,0.017,0.015,-0.022,-0.007,-0.007,-0.007,0.894,50.090
2510203104,2026-10-09 05:30:00,226.560,226.770,227.200,0.400,0.350,0.390,0.231,0.086,0.062,0.083,0.071,0.014,0.022,0.034,0.957,50.080
2510203105,2026-10-09 05:30:00,231.990,230.240,230.400,0.050,0.090,0.010,0.034,0.010,0.021,0.003,0.008,0.003,0.004,0.000,0.971,50.110
2510203106,2026-10-09 05:30:00,232.340,232.040,232.980,0.020,0.010,0.000,0.006,0.002,0.003,0.000,-0.003,-0.002,0.000,0.000,0.932,50.080
2510203108,2026-10-09 05:30:00,235.710,236.090,235.330,0.470,0.640,0.920,0.499,0.123,0.157,0.219,0.025,0.006,0.011,0.007,0.997,50.080
2510203109,2026-10-09 05:30:00,232.770,233.230,232.380,0.020,0.020,0.070,0.027,0.004,0.005,0.017,0.005,0.002,0.001,0.001,0.984,50.110
2510203111,2026-10-09 05:30:00,235.150,235.540,235.960,1.280,1.090,1.380,0.800,0.271,0.227,0.301,0.255,0.098,0.078,0.077,0.953,50.080
2510203113,2026-10-09 05:30:00,232.680,231.990,231.920,0.370,0.410,0.370,0.265,0.087,0.094,0.084,0.009,0.005,0.000,0.003,0.999,50.060
2510203114,2026-10-09 05:30:00,226.580,226.930,227.270,0.150,0.120,0.180,0.105,0.047,0.025,0.032,0.039,0.012,0.008,0.018,0.953,50.110
2510203117,2026-10-09 05:30:00,233.060,232.500,232.630,0.210,0.260,0.120,0.128,0.044,0.058,0.025,-0.040,-0.014,-0.017,-0.008,0.954,50.080
2510203120,2026-10-09 05:30:00,232.880,232.010,232.400,0.720,0.570,0.600,0.401,0.153,0.121,0.126,0.179,0.068,0.055,0.055,0.916,50.080
2510203121,2026-10-09 05:30:00,232.450,232.620,232.920,0.280,0.280,0.380,0.212,0.063,0.063,0.085,0.014,0.006,0.004,0.003,0.999,50.070
2510203122,2026-10-09 05:30:00,235.690,236.290,235.520,0.040,0.020,0.010,0.011,0.007,0.003,0.000,0.000,0.004,-0.002,-0.001,0.989,50.070
2510203123,2026-10-09 05:30:00,235.310,235.520,235.990,0.150,0.230,0.160,0.110,0.024,0.039,0.023,0.098,0.028,0.035,0.033,0.632,50.080
2510203124,2026-10-09 05:30:00,235.880,236.040,235.260,0.070,0.070,0.090,0.050,0.015,0.015,0.020,0.024,0.007,0.008,0.008,0.894,50.130
2510203125,2026-10-09 05:30:00,232.400,233.210,232.510,0.030,0.030,0.070,0.022,0.004,0.003,0.014,-0.018,-0.006,-0.006,-0.005,0.777,50.080
2510203126,2026-10-09 05:30:00,232.550,232.690,233.080,0.300,0.250,0.250,0.183,0.069,0.057,0.057,0.039,0.012,0.013,0.013,0.976,50.140
2510203127,2026-10-09 05:30:00,235.810,236.350,235.600,0.040,0.010,0.040,0.018,0.009,0.001,0.007,-0.006,0.000,0.000,-0.005,0.947,50.140
2510203128,2026-10-09 05:30:00,232.760,233.060,231.740,1.480,1.460,1.590,1.022,0.336,0.329,0.357,0.059,0.005,0.016,0.037,0.998,50.080
2510203130,2026-10-09 05:30:00,242.450,242.300,244.110,0.000,0.000,0.010,0.004,0.000,0.001,0.003,-0.001,0.000,0.000,0.000,1.000,50.120
2510203133,2026-10-09 05:30:00,236.000,236.490,235.820,0.030,0.020,0.000,0.011,0.006,0.004,0.000,-0.002,0.000,-0.002,0.000,1.000,50.140
2510203134,2026-10-09 05:30:00,233.800,232.830,233.040,0.020,0.010,0.010,0.007,0.004,0.002,0.001,-0.001,0.000,-0.001,0.000,0.965,50.120
2510224049,2026-10-09 05:30:00,232.240,232.530,232.040,6.660,11.980,9.650,5.770,1.300,2.360,2.090,-1.560,-0.400,-0.620,-0.510,0.966,50.060
2510224167,2026-10-09 05:30:00,231.940,231.950,232.420,4.310,7.340,6.560,3.890,0.930,1.610,1.340,-1.160,-0.250,-0.460,-0.440,0.955,50.050
2510317505,2026-10-09 05:30:00,232.110,232.280,232.620,7.730,9.080,9.860,5.760,1.690,2.000,2.070,-1.930,-0.540,-0.600,-0.770,0.948,50.050
2510317516,2026-10-09 05:30:00,232.120,232.220,232.590,0.000,0.000,0.000,0.000,0.000,0.000,0.000,0.000,0.000,0.000,0.000,1.000,50.050
2510317537,2026-10-09 05:30:00,232.270,232.370,232.970,2.090,1.970,2.110,1.400,0.450,0.450,0.500,-0.230,-0.060,-0.080,-0.080,0.985,50.050
2510389559,2026-10-09 05:30:00,232.500,232.270,233.240,0.000,0.000,0.000,0.000,0.000,0.000,0.000,0.000,0.000,0.000,0.000,1.000,50.050
2510389643,2026-10-09 05:30:00,232.840,232.520,233.470,0.110,0.000,0.000,0.010,0.010,0.000,0.000,-0.020,-0.020,0.000,0.000,0.424,50.050
2510389931,2026-10-09 05:30:00,232.380,231.920,233.080,0.050,0.000,0.000,0.000,0.000,0.000,0.000,-0.010,-0.010,0.000,0.000,0.167,50.060
2510633381,2026-10-09 05:30:00,233.230,232.370,232.730,0.040,0.050,0.010,0.019,0.007,0.010,0.001,-0.012,-0.004,-0.005,-0.001,0.862,50.140
2510633382,2026-10-09 05:30:00,232.430,233.330,232.660,0.110,0.110,0.150,0.066,0.018,0.019,0.027,-0.055,-0.018,-0.017,-0.019,0.774,50.040
2510633383,2026-10-09 05:30:00,235.480,235.700,236.210,0.120,0.090,0.100,0.037,0.014,0.007,0.015,-0.061,-0.023,-0.019,-0.018,0.524,50.140
2510633385,2026-10-09 05:30:00,233.000,232.820,233.720,0.080,0.060,0.120,0.059,0.018,0.012,0.027,-0.011,-0.003,-0.004,-0.004,0.987,50.070
2510633386,2026-10-09 05:30:00,219.510,219.730,220.280,0.370,0.370,0.350,0.137,0.046,0.046,0.044,-0.194,-0.065,-0.065,-0.063,0.580,50.060
2510633387,2026-10-09 05:30:00,235.740,236.300,235.540,0.010,0.000,0.000,0.002,0.002,0.000,0.000,0.000,0.000,0.000,0.000,1.000,50.070
2510633389,2026-10-09 05:30:00,233.020,232.340,232.100,0.280,0.260,0.290,0.184,0.064,0.058,0.065,-0.004,-0.002,-0.001,0.000,1.000,50.070
2510633390,2026-10-09 05:30:00,232.560,233.220,232.340,0.130,0.150,0.100,0.102,0.039,0.039,0.023,0.006,-0.007,0.010,0.003,1.000,50.080
2510633391,2026-10-09 05:30:00,124.150,123.730,123.890,0.000,0.000,0.000,0.000,0.000,0.000,0.000,0.000,0.000,0.000,0.000,1.000,50.120
2510633393,2026-10-09 05:30:00,231.270,232.210,231.520,1.300,1.300,1.260,0.864,0.289,0.291,0.284,0.180,0.063,0.053,0.063,0.978,50.000
2510633395,2026-10-09 05:30:00,235.710,236.190,235.460,0.000,0.000,0.000,0.000,0.000,0.000,0.000,0.000,0.000,0.000,0.000,1.000,50.120
2510633396,2026-10-09 05:30:00,236.100,235.320,236.000,0.120,0.160,0.120,0.080,0.022,0.034,0.023,0.049,0.016,0.016,0.016,0.851,50.140
2510633397,2026-10-09 05:30:00,239.340,238.330,238.740,0.030,0.030,0.040,0.022,0.006,0.007,0.008,-0.006,-0.002,-0.002,-0.001,0.976,50.100
2510633400,2026-10-09 05:30:00,231.660,232.010,231.400,0.370,0.430,0.440,0.258,0.080,0.087,0.090,0.127,0.041,0.044,0.042,0.893,50.120
2510633402,2026-10-09 05:30:00,230.020,230.020,231.570,0.370,0.350,0.480,0.296,0.093,0.090,0.113,0.042,0.015,0.012,0.015,0.989,50.020
2510633406,2026-10-09 05:30:00,232.150,232.190,232.660,0.060,0.090,0.080,0.044,0.011,0.016,0.014,-0.015,-0.003,-0.005,-0.005,0.940,50.090
2510633411,2026-10-09 05:30:00,230.590,230.060,230.170,1.480,1.370,1.450,0.898,0.312,0.286,0.302,0.375,0.125,0.120,0.130,0.921,50.140
2510814977,2026-10-09 05:30:00,230.010,231.580,230.030,0.020,0.010,0.010,0.006,0.003,0.000,0.001,-0.001,0.001,-0.001,-0.001,1.000,50.090
2610026950,2026-10-09 05:30:00,232.770,232.150,232.260,0.000,0.000,0.010,0.003,0.001,0.000,0.001,0.000,0.000,0.000,0.000,0.891,50.090
2610026952,2026-10-09 05:30:00,235.440,234.990,235.000,0.750,0.710,0.800,0.502,0.164,0.159,0.178,0.108,0.048,0.026,0.033,0.976,50.080
2610026953,2026-10-09 05:30:00,232.020,231.660,232.610,0.540,0.570,0.530,0.356,0.108,0.124,0.122,0.154,0.055,0.050,0.049,0.924,50.100
2610026963,2026-10-09 05:30:00,235.750,235.870,236.470,0.180,0.110,0.100,0.077,0.036,0.022,0.018,-0.049,-0.020,-0.014,-0.014,0.843,50.140
2610026966,2026-10-09 05:30:00,231.570,231.640,231.000,0.040,0.040,0.060,0.028,0.008,0.008,0.011,0.014,0.003,0.004,0.006,0.875,50.120
2610026976,2026-10-09 05:30:00,235.550,235.660,236.200,0.150,0.340,0.840,0.307,0.032,0.079,0.196,-0.044,-0.013,-0.004,-0.026,0.990,50.140
2610026977,2026-10-09 05:30:00,241.960,242.690,242.080,0.490,0.140,0.140,0.145,0.094,0.026,0.024,0.118,0.071,0.022,0.024,0.773,50.130
2610126451,2026-10-09 05:30:00,236.080,236.450,235.740,0.010,0.000,0.020,0.007,0.001,0.000,0.004,0.000,0.000,0.000,0.000,1.000,50.100
2610159557,2026-10-09 05:30:00,233.180,232.310,232.600,0.010,0.010,0.010,0.003,0.000,0.000,0.001,-0.004,-0.002,-0.001,-0.001,0.501,50.080
2610159558,2026-10-09 05:30:00,232.330,232.700,233.240,0.000,0.000,0.000,0.000,0.000,0.000,0.000,0.000,0.000,0.000,0.000,0.668,50.100
2610170785,2026-10-09 05:30:00,233.060,232.160,232.600,0.000,0.000,0.000,0.000,0.000,0.000,0.000,0.000,0.000,0.000,0.000,1.000,50.070
2610170786,2026-10-09 05:30:00,231.910,232.190,232.600,1.230,1.290,1.240,0.764,0.244,0.260,0.258,0.163,0.047,0.054,0.061,0.972,50.040
2610170836,2026-10-09 05:30:00,235.410,235.760,236.180,0.220,0.140,0.290,0.102,0.014,0.013,0.074,0.025,0.009,0.012,0.013,1.000,50.070
2610170837,2026-10-09 05:30:00,231.660,229.970,230.030,0.000,0.000,0.010,0.001,0.000,0.000,0.001,0.000,0.000,0.000,0.000,1.000,50.060
2610170838,2026-10-09 05:30:00,233.110,232.060,232.500,0.020,0.020,0.090,0.029,0.004,0.005,0.020,-0.001,0.000,0.000,-0.001,0.990,50.040
2610170839,2026-10-09 05:30:00,232.280,232.580,233.180,0.000,0.020,0.010,0.008,0.000,0.004,0.003,0.000,0.000,0.000,0.000,0.989,50.070
2610170840,2026-10-09 05:30:00,232.490,232.060,233.220,0.000,0.000,0.000,0.000,0.000,0.000,0.000,0.000,0.000,0.000,0.000,0.647,50.070
2610322967,2026-10-09 05:30:00,233.620,232.610,232.750,0.000,0.000,0.020,0.004,0.000,0.000,0.004,0.000,0.000,0.000,0.000,1.000,50.080
2610322969,2026-10-09 05:30:00,232.560,231.830,232.270,0.270,0.240,0.030,0.072,0.057,0.007,0.006,0.080,0.026,0.054,0.000,0.672,50.090
2610322992,2026-10-09 05:30:00,230.030,230.430,231.510,0.120,0.300,0.190,0.135,0.024,0.069,0.041,0.036,0.011,0.007,0.017,0.963,50.050
2610322995,2026-10-09 05:30:00,232.350,232.550,233.130,0.000,0.000,0.000,0.000,0.000,0.000,0.000,0.000,0.000,0.000,0.000,1.000,50.070
2610322997,2026-10-09 05:30:00,229.720,231.230,229.660,0.450,0.450,0.490,0.298,0.098,0.094,0.105,0.106,0.029,0.041,0.035,0.939,50.070
2610323001,2026-10-09 05:30:00,230.320,228.700,228.690,1.220,1.100,1.220,0.709,0.234,0.219,0.255,0.329,0.110,0.113,0.105,0.907,50.060
2610323004,2026-10-09 05:30:00,63.830,63.240,63.720,0.340,0.320,0.300,0.055,0.019,0.018,0.017,0.021,0.006,0.008,0.006,0.929,50.080
2610323005,2026-10-09 05:30:00,232.450,232.710,232.200,0.000,0.010,0.000,0.002,0.000,0.001,0.000,0.000,0.000,0.000,0.000,1.000,50.070
2610323010,2026-10-09 05:30:00,233.110,232.350,232.100,0.050,0.000,0.070,0.025,0.009,0.000,0.015,0.000,-0.006,0.000,0.005,1.000,50.080
2610323014,2026-10-09 05:30:00,235.470,235.620,236.150,0.000,0.000,0.000,0.000,0.000,0.000,0.000,-0.001,-0.001,0.000,0.000,0.288,50.060
2610323016,2026-10-09 05:30:00,229.820,228.440,228.460,1.540,1.420,1.420,0.908,0.324,0.289,0.294,0.380,0.127,0.131,0.121,0.922,50.050
2610323019,2026-10-09 05:30:00,232.230,232.830,232.230,0.020,0.020,0.030,0.015,0.004,0.004,0.005,-0.006,-0.001,-0.002,-0.002,0.927,50.060
2610323027,2026-10-09 05:30:00,233.220,232.240,232.620,0.000,0.000,0.000,0.000,0.000,0.000,0.000,0.000,0.000,0.000,0.000,1.000,50.050
2510203107,2026-10-09 05:31:00,220.790,220.620,221.390,0.250,0.310,0.250,0.173,0.053,0.065,0.054,0.021,0.006,0.007,0.008,0.990,49.950
2510633399,2026-10-09 05:31:00,231.750,231.950,232.310,0.210,0.250,0.250,0.163,0.048,0.058,0.057,0.004,0.002,0.001,0.000,1.000,49.890
2610126270,2026-10-09 05:31:00,232.180,232.340,231.970,0.010,0.030,0.010,0.010,0.002,0.006,0.001,-0.004,-0.001,-0.001,-0.001,0.944,49.900
2610323017,2026-10-09 05:31:00,232.650,233.250,232.480,0.000,0.000,0.000,0.000,0.000,0.000,0.000,0.000,0.000,0.000,0.000,1.000,49.990
2246006313,2026-10-09 06:00:00,57.900,58.000,57.800,0.864,0.880,0.847,0.146,0.048,0.049,0.047,0.022,0.008,0.007,0.006,0.988,50.120
2410121326,2026-10-09 06:00:00,233.830,233.040,233.490,0.050,0.020,0.050,0.027,0.012,0.004,0.010,-0.001,-0.002,-0.002,0.003,0.989,50.050
2410121353,2026-10-09 06:00:00,233.270,232.540,232.980,0.000,0.010,0.050,0.014,0.000,0.003,0.010,-0.001,0.000,0.000,0.000,1.000,49.960
2410121371,2026-10-09 06:00:00,233.500,232.640,233.030,0.010,0.010,0.030,0.010,0.002,0.000,0.007,-0.001,0.000,-0.001,0.000,0.981,49.960
2410121424,2026-10-09 06:00:00,233.770,233.040,233.470,0.010,0.010,0.010,0.004,0.001,0.001,0.002,-0.002,-0.001,-0.001,0.000,0.796,49.990
2410121440,2026-10-09 06:00:00,233.350,232.570,232.950,0.020,0.010,0.010,0.005,0.002,0.001,0.001,-0.002,-0.001,-0.001,0.000,0.843,49.970
2410121454,2026-10-09 06:00:00,233.430,233.830,233.060,0.080,0.120,0.120,0.070,0.016,0.026,0.027,0.020,0.007,0.007,0.005,0.961,50.000
2410121457,2026-10-09 06:00:00,232.000,231.130,231.760,1.840,1.870,1.760,1.208,0.405,0.412,0.390,0.306,0.108,0.110,0.087,0.969,50.010
2410121574,2026-10-09 06:00:00,233.920,232.870,233.290,0.190,0.130,0.070,0.068,0.040,0.021,0.006,-0.052,-0.018,-0.019,-0.014,0.792,49.980
2410131378,2026-10-09 06:00:00,232.760,233.070,232.410,0.260,0.290,0.290,0.216,0.065,0.076,0.074,0.072,0.022,0.023,0.027,0.941,49.950
2410131383,2026-10-09 06:00:00,232.290,231.490,231.310,0.040,0.050,0.060,0.034,0.008,0.012,0.013,-0.001,0.000,-0.001,-0.001,0.985,50.030
2410131384,2026-10-09 06:00:00,235.190,235.530,234.840,0.710,0.790,0.640,0.495,0.161,0.192,0.156,0.116,0.031,0.050,0.035,0.973,50.150
2410131387,2026-10-09 06:00:00,230.880,231.810,231.310,0.060,0.060,0.070,0.041,0.013,0.012,0.014,-0.004,0.000,-0.001,-0.001,0.999,50.080
2410320615,2026-10-09 06:00:00,230.580,231.240,231.270,1.520,1.560,1.540,1.057,0.340,0.351,0.361,0.161,0.035,0.068,0.058,0.989,50.120
2410883988,2026-10-09 06:00:00,230.900,231.070,230.590,0.330,0.330,0.380,0.230,0.072,0.073,0.084,0.065,0.021,0.022,0.022,0.960,50.160
2410883990,2026-10-09 06:00:00,230.750,230.180,230.540,0.020,0.000,0.110,0.030,0.004,0.000,0.026,0.000,0.001,0.000,0.000,0.997,50.090
2410883991,2026-10-09 06:00:00,235.090,235.410,236.050,0.090,0.040,0.060,0.045,0.020,0.010,0.015,-0.001,-0.001,0.002,-0.001,0.996,50.140
2410883993,2026-10-09 06:00:00,235.440,234.530,234.940,0.150,0.200,0.410,0.176,0.035,0.046,0.097,-0.001,0.002,-0.001,-0.001,1.000,50.080
2410883994,2026-10-09 06:00:00,235.930,235.000,235.590,0.000,0.000,0.000,0.000,0.000,0.000,0.000,0.000,0.000,0.000,0.000,0.863,50.140
2410932742,2026-10-09 06:00:00,231.800,230.100,230.040,3.060,2.970,3.090,1.940,0.658,0.626,0.654,0.519,0.173,0.169,0.173,0.966,50.130
2411087433,2026-10-09 06:00:00,235.110,235.430,235.940,0.390,0.400,0.410,0.279,0.086,0.089,0.090,-0.032,-0.013,-0.011,-0.007,0.993,50.080
2411290205,2026-10-09 06:00:00,231.390,230.960,231.900,0.090,0.100,0.090,0.065,0.020,0.022,0.021,0.011,0.002,0.006,0.002,0.989,50.120
2510014482,2026-10-09 06:00:00,233.560,233.990,233.230,0.010,0.040,0.000,0.011,0.002,0.008,0.000,-0.002,-0.002,0.000,0.000,0.978,50.150
2510014483,2026-10-09 06:00:00,234.620,234.990,235.460,0.040,0.040,0.050,0.020,0.006,0.005,0.008,-0.019,-0.005,-0.005,-0.008,0.739,50.080
2510014484,2026-10-09 06:00:00,229.800,229.520,230.540,2.010,2.290,1.930,1.371,0.440,0.511,0.420,0.406,0.141,0.124,0.139,0.958,50.130
2510178139,2026-10-09 06:00:00,233.700,234.200,233.270,0.040,0.020,0.030,0.020,0.009,0.004,0.005,0.002,0.001,0.001,0.000,1.000,50.080
2510178141,2026-10-09 06:00:00,233.230,233.510,233.960,0.020,0.010,0.020,0.005,0.002,0.000,0.002,-0.009,-0.004,-0.001,-0.002,0.476,50.130
2510203103,2026-10-09 06:00:00,228.310,226.620,226.660,0.070,0.090,0.060,0.045,0.013,0.019,0.012,-0.016,-0.005,-0.005,-0.005,0.935,50.140
2510203104,2026-10-09 06:00:00,229.020,229.330,229.690,0.410,0.370,0.370,0.237,0.090,0.067,0.079,0.054,0.009,0.015,0.029,0.976,50.170
2510203105,2026-10-09 06:00:00,233.300,231.580,231.890,0.430,0.530,0.370,0.251,0.076,0.107,0.067,0.176,0.062,0.059,0.054,0.818,50.080
2510203106,2026-10-09 06:00:00,231.690,231.310,232.310,0.010,0.010,0.000,0.005,0.001,0.003,0.000,-0.002,-0.001,0.000,0.000,0.898,50.160
2510203107,2026-10-09 06:00:00,219.960,219.720,220.560,0.240,0.290,0.240,0.165,0.051,0.062,0.050,0.027,0.008,0.009,0.010,0.984,50.100
2510203108,2026-10-09 06:00:00,233.690,234.040,233.210,0.310,0.530,0.610,0.301,0.064,0.112,0.123,0.031,0.004,0.014,0.011,0.994,50.110
2510203109,2026-10-09 06:00:00,234.960,235.480,234.660,0.150,0.100,0.040,0.064,0.031,0.024,0.008,0.018,0.013,0.002,0.001,0.964,50.080
2510203111,2026-10-09 06:00:00,232.600,233.010,233.490,1.390,1.190,1.530,0.875,0.291,0.249,0.333,0.257,0.103,0.072,0.081,0.960,50.160
2510203113,2026-10-09 06:00:00,231.930,231.320,231.160,0.260,0.330,0.290,0.202,0.060,0.075,0.066,-0.011,-0.001,-0.006,-0.003,0.999,50.160
2510203114,2026-10-09 06:00:00,228.830,229.230,229.560,0.230,0.200,0.240,0.175,0.064,0.049,0.052,0.032,0.008,0.005,0.017,0.976,50.070
2510203117,2026-10-09 06:00:00,231.190,230.530,230.850,0.170,0.170,0.030,0.082,0.038,0.037,0.006,-0.022,-0.007,-0.012,-0.002,0.964,50.120
2510203120,2026-10-09 06:00:00,235.100,234.220,234.660,0.900,0.680,0.740,0.507,0.197,0.147,0.162,0.200,0.077,0.059,0.064,0.929,50.110
2510203121,2026-10-09 06:00:00,230.330,230.650,230.830,0.200,0.210,0.280,0.157,0.044,0.046,0.063,0.011,0.005,0.002,0.002,0.996,50.080
2510203122,2026-10-09 06:00:00,233.580,234.170,233.360,0.100,0.130,0.010,0.043,0.017,0.025,0.001,0.009,0.016,-0.006,-0.001,0.974,50.160
2510203123,2026-10-09 06:00:00,233.470,233.820,234.300,0.440,0.390,0.360,0.083,0.029,0.036,0.017,0.088,0.026,0.029,0.041,0.898,50.170
2510203124,2026-10-09 06:00:00,233.980,233.950,233.250,0.170,0.170,0.180,0.110,0.036,0.035,0.039,0.046,0.015,0.016,0.015,0.923,50.070
2510203125,2026-10-09 06:00:00,231.310,232.210,231.630,0.030,0.030,0.050,0.017,0.003,0.003,0.009,-0.018,-0.006,-0.006,-0.005,0.688,50.080
2510203126,2026-10-09 06:00:00,230.200,230.530,230.760,0.380,0.330,0.330,0.230,0.084,0.072,0.073,0.064,0.021,0.020,0.022,0.963,50.060
2510203127,2026-10-09 06:00:00,233.770,234.180,233.430,0.030,0.010,0.030,0.015,0.008,0.001,0.005,-0.006,0.000,0.000,-0.005,0.923,50.050
2510203128,2026-10-09 06:00:00,234.990,235.290,233.990,1.460,1.410,1.530,1.004,0.334,0.320,0.348,0.061,0.008,0.016,0.035,0.998,50.120
2510203130,2026-10-09 06:00:00,244.430,244.360,246.120,0.000,0.000,0.010,0.002,0.000,0.000,0.002,0.000,0.000,0.000,0.000,0.869,50.070
2510203133,2026-10-09 06:00:00,234.010,234.610,233.810,0.030,0.020,0.000,0.010,0.006,0.003,0.000,-0.002,0.000,-0.001,0.000,0.977,50.150
2510203134,2026-10-09 06:00:00,236.180,235.250,235.600,0.020,0.010,0.010,0.007,0.004,0.002,0.001,-0.001,0.000,-0.001,0.000,0.975,50.130
2510224049,2026-10-09 06:00:00,230.420,230.530,230.130,0.360,5.550,3.870,2.110,0.050,1.190,0.860,-0.590,-0.050,-0.340,-0.180,0.963,50.090
2510224167,2026-10-09 06:00:00,230.160,230.340,230.700,0.780,0.120,0.360,0.170,0.100,0.010,0.050,-0.150,-0.080,-0.020,-0.050,0.748,50.130
2510317505,2026-10-09 06:00:00,230.140,230.450,230.700,0.090,0.030,2.190,0.270,0.010,0.000,0.250,-0.250,-0.010,0.000,-0.230,0.735,50.120
2510317516,2026-10-09 06:00:00,230.220,230.550,230.740,0.000,0.000,0.000,0.000,0.000,0.000,0.000,0.000,0.000,0.000,0.000,1.000,50.130
2510317537,2026-10-09 06:00:00,234.640,234.850,235.430,2.200,2.320,2.120,1.650,0.520,0.560,0.500,-0.250,-0.070,-0.100,-0.080,0.988,50.130
2510389559,2026-10-09 06:00:00,231.730,231.380,232.450,0.000,0.000,0.000,0.000,0.000,0.000,0.000,0.000,0.000,0.000,0.000,1.000,50.150
2510389643,2026-10-09 06:00:00,231.770,231.350,232.380,0.970,0.000,0.000,0.130,0.130,0.000,0.000,-0.030,-0.030,0.000,0.000,0.973,50.130
2510389931,2026-10-09 06:00:00,229.960,229.510,230.570,0.050,0.000,0.000,0.000,0.000,0.000,0.000,-0.010,-0.010,0.000,0.000,0.187,50.090
2510633381,2026-10-09 06:00:00,235.630,234.720,235.160,0.040,0.040,0.010,0.020,0.008,0.008,0.003,-0.010,-0.004,-0.004,-0.001,0.892,50.070
2510633382,2026-10-09 06:00:00,231.000,232.010,231.350,0.120,0.120,0.140,0.061,0.018,0.017,0.024,-0.060,-0.020,-0.019,-0.020,0.712,50.000
2510633383,2026-10-09 06:00:00,233.450,233.760,234.170,0.120,0.090,0.100,0.036,0.013,0.007,0.014,-0.059,-0.023,-0.018,-0.017,0.523,50.060
2510633385,2026-10-09 06:00:00,231.880,231.570,232.580,0.080,0.020,0.010,0.023,0.017,0.004,0.000,-0.007,-0.004,-0.001,-0.001,0.932,50.010
2510633386,2026-10-09 06:00:00,221.300,221.510,222.030,0.370,0.360,0.340,0.137,0.045,0.045,0.042,-0.193,-0.065,-0.065,-0.062,0.585,50.000
2510633387,2026-10-09 06:00:00,233.350,233.770,233.100,0.010,0.000,0.000,0.002,0.002,0.000,0.000,0.000,0.000,0.000,0.000,0.805,50.010
2510633389,2026-10-09 06:00:00,232.120,231.440,231.020,0.110,0.080,0.110,0.053,0.022,0.014,0.029,-0.040,-0.014,-0.013,-0.012,0.834,50.010
2510633390,2026-10-09 06:00:00,234.890,235.540,234.570,0.360,0.390,0.320,0.249,0.086,0.089,0.073,0.061,0.009,0.028,0.018,0.970,50.010
2510633391,2026-10-09 06:00:00,122.710,122.300,122.480,0.000,0.000,0.000,0.000,0.000,0.000,0.000,0.000,0.000,0.000,0.000,1.000,50.030
2510633393,2026-10-09 06:00:00,229.620,230.580,229.930,1.390,1.430,1.410,0.979,0.320,0.334,0.324,0.194,0.066,0.058,0.069,0.981,49.960
2510633395,2026-10-09 06:00:00,233.620,234.000,233.260,0.000,0.000,0.000,0.000,0.000,0.000,0.000,0.000,0.000,0.000,0.000,1.000,50.070
2510633396,2026-10-09 06:00:00,233.980,233.230,233.990,0.300,0.340,0.310,0.200,0.062,0.073,0.064,0.092,0.032,0.029,0.030,0.906,50.070
2510633397,2026-10-09 06:00:00,241.510,240.500,240.990,0.010,0.010,0.010,0.007,0.002,0.001,0.003,-0.004,-0.001,-0.001,0.000,0.870,50.020
2510633399,2026-10-09 06:00:00,229.860,230.120,230.440,0.190,0.240,0.220,0.149,0.042,0.055,0.050,0.007,0.003,0.002,0.001,0.998,50.050
2510633400,2026-10-09 06:00:00,229.400,229.610,228.980,0.450,0.480,0.490,0.305,0.096,0.103,0.104,0.139,0.044,0.048,0.046,0.911,50.030
2510633402,2026-10-09 06:00:00,231.180,231.060,232.720,0.380,0.370,0.460,0.289,0.090,0.089,0.109,0.069,0.022,0.022,0.024,0.969,49.990
2510633406,2026-10-09 06:00:00,230.260,230.430,230.800,0.010,0.010,0.010,0.003,0.001,0.001,0.000,-0.003,-0.001,0.000,-0.001,0.713,50.080
2510633411,2026-10-09 06:00:00,228.480,227.880,228.050,1.550,1.490,1.580,1.010,0.339,0.319,0.338,0.355,0.117,0.110,0.126,0.943,50.040
2510814977,2026-10-09 06:00:00,231.950,233.500,232.010,0.020,0.010,0.010,0.007,0.004,0.000,0.001,0.000,0.001,-0.001,-0.001,0.975,50.080
2610026950,2026-10-09 06:00:00,230.940,230.270,230.660,0.000,0.000,0.010,0.003,0.000,0.001,0.001,0.000,0.000,0.000,0.000,0.891,50.080
2610026952,2026-10-09 06:00:00,233.590,233.000,233.150,0.660,0.620,0.710,0.441,0.144,0.138,0.158,0.055,0.031,0.009,0.014,0.992,50.080
2610026953,2026-10-09 06:00:00,230.920,230.500,231.470,0.550,0.550,0.510,0.332,0.103,0.117,0.111,0.147,0.052,0.048,0.046,0.920,50.080
2610026963,2026-10-09 06:00:00,233.800,233.980,234.480,0.160,0.110,0.090,0.068,0.030,0.021,0.016,-0.050,-0.020,-0.014,-0.014,0.800,50.070
2610026966,2026-10-09 06:00:00,230.690,230.670,229.970,0.150,0.130,0.150,0.091,0.032,0.028,0.031,0.030,0.008,0.009,0.012,0.949,50.070
2610026976,2026-10-09 06:00:00,233.600,233.750,234.220,0.140,0.370,0.840,0.310,0.029,0.086,0.194,-0.037,-0.012,0.000,-0.025,0.994,50.070
2610026977,2026-10-09 06:00:00,241.770,241.800,241.080,0.140,0.140,0.140,0.075,0.024,0.026,0.024,0.069,0.023,0.022,0.024,0.733,50.030
2610126270,2026-10-09 06:00:00,230.540,230.690,230.240,0.010,0.010,0.010,0.006,0.002,0.002,0.001,-0.003,-0.001,0.000,-0.001,0.805,50.100
2610126451,2026-10-09 06:00:00,233.840,234.200,233.390,0.000,0.000,0.040,0.010,0.000,0.000,0.009,0.002,0.000,0.000,0.002,0.960,50.080
2610159557,2026-10-09 06:00:00,235.560,234.700,235.040,0.010,0.010,0.010,0.003,0.000,0.000,0.001,-0.004,-0.002,-0.001,-0.001,0.502,50.080
2610159558,2026-10-09 06:00:00,234.620,235.060,235.560,0.000,0.000,0.000,0.000,0.000,0.000,0.000,0.000,0.000,0.000,0.000,0.862,50.080
2610170785,2026-10-09 06:00:00,235.360,234.470,234.980,0.020,0.010,0.010,0.005,0.003,0.000,0.000,0.006,0.003,0.001,0.001,0.660,50.080
2610170786,2026-10-09 06:00:00,234.340,234.570,234.990,1.060,1.160,1.180,0.798,0.262,0.292,0.278,0.198,0.057,0.067,0.072,0.964,50.120
2610170836,2026-10-09 06:00:00,232.990,233.540,234.050,0.180,0.150,0.170,0.240,0.079,0.050,0.087,0.047,0.018,0.013,0.015,0.926,50.080
2610170837,2026-10-09 06:00:00,233.450,231.800,231.850,0.000,0.000,0.010,0.001,0.000,0.000,0.001,0.000,0.000,0.000,0.000,1.000,50.100
2610170838,2026-10-09 06:00:00,235.610,234.520,235.080,0.000,0.020,0.080,0.022,0.000,0.004,0.017,0.000,0.000,0.001,-0.001,0.979,50.140
2610170839,2026-10-09 06:00:00,234.450,234.870,235.380,0.000,0.010,0.010,0.005,0.000,0.001,0.003,0.000,0.000,0.000,0.000,1.000,50.090
2610170840,2026-10-09 06:00:00,230.130,229.700,230.740,0.920,0.920,0.940,0.569,0.187,0.190,0.193,0.286,0.096,0.091,0.097,0.893,50.090
2610322967,2026-10-09 06:00:00,235.970,234.940,235.130,0.000,0.000,0.000,0.000,0.000,0.000,0.000,0.000,0.000,0.000,0.000,0.885,50.090
2610322995,2026-10-09 06:00:00,234.680,235.010,235.550,0.000,0.000,0.000,0.000,0.000,0.000,0.000,0.000,0.000,0.000,0.000,1.000,50.080
2610322997,2026-10-09 06:00:00,231.430,232.900,231.410,0.500,0.500,0.470,0.288,0.101,0.093,0.091,0.106,0.028,0.042,0.034,0.941,50.090
2610323001,2026-10-09 06:00:00,231.310,229.930,229.830,1.950,1.830,1.970,1.233,0.418,0.390,0.424,0.453,0.154,0.152,0.146,0.938,50.090
2610323005,2026-10-09 06:00:00,230.630,230.870,230.300,0.000,0.000,0.000,0.001,0.000,0.001,0.000,0.000,0.000,0.000,0.000,0.967,50.080
2610323010,2026-10-09 06:00:00,231.900,231.180,230.780,0.050,0.000,0.070,0.024,0.008,0.000,0.015,-0.001,-0.006,0.000,0.005,1.000,50.080
2610323014,2026-10-09 06:00:00,233.300,233.550,234.080,0.000,0.000,0.000,0.000,0.000,0.000,0.000,-0.001,-0.001,0.000,0.000,0.273,50.090
2610323016,2026-10-09 06:00:00,231.390,230.090,230.070,1.870,1.730,1.730,1.101,0.392,0.352,0.357,0.483,0.162,0.165,0.155,0.916,50.100
2610323017,2026-10-09 06:00:00,235.000,235.640,234.780,0.000,0.000,0.000,0.000,0.000,0.000,0.000,0.000,0.000,0.000,0.000,1.000,50.120
2610323019,2026-10-09 06:00:00,230.500,230.930,230.320,0.020,0.060,0.030,0.023,0.004,0.012,0.006,-0.004,-0.001,-0.001,-0.001,0.949,50.110
2610323027,2026-10-09 06:00:00,235.740,234.690,235.250,0.000,0.000,0.000,0.000,0.000,0.000,0.000,0.000,0.000,0.000,0.000,1.000,50.130
2610322969,2026-10-09 06:01:00,230.710,230.030,230.500,0.510,0.310,0.320,0.214,0.115,0.030,0.067,0.128,0.041,0.069,0.016,0.873,50.030
2610322992,2026-10-09 06:01:00,231.240,231.600,232.690,0.120,0.470,0.200,0.172,0.025,0.108,0.039,0.041,0.011,0.008,0.021,0.969,49.960
2610323004,2026-10-09 06:01:00,64.200,63.610,64.080,0.400,0.410,0.370,0.064,0.023,0.022,0.020,0.036,0.011,0.013,0.011,0.874,49.950
2411087432,2026-10-09 06:02:00,233.440,233.870,233.120,0.030,0.030,0.070,0.029,0.007,0.006,0.015,-0.004,0.002,-0.003,-0.003,0.973,50.090
2510014481,2026-10-09 06:02:00,230.520,230.410,232.020,1.930,1.930,1.940,1.192,0.392,0.383,0.390,0.401,0.135,0.142,0.123,0.937,50.100
2246006313,2026-10-09 06:30:00,57.900,57.800,57.700,0.802,0.810,0.788,0.134,0.044,0.045,0.043,0.021,0.007,0.006,0.006,0.986,50.050
2410121326,2026-10-09 06:30:00,234.930,234.110,234.610,0.100,0.090,0.100,0.065,0.023,0.019,0.024,0.000,-0.001,-0.001,0.002,1.000,50.140
2410121353,2026-10-09 06:30:00,235.420,234.600,235.080,0.000,0.010,0.040,0.014,0.000,0.003,0.010,-0.001,0.000,0.000,0.000,0.977,50.130
2410121371,2026-10-09 06:30:00,235.730,234.740,235.250,0.010,0.010,0.030,0.010,0.001,0.000,0.007,-0.002,-0.001,-0.001,0.000,0.930,50.140
2410121424,2026-10-09 06:30:00,235.510,234.780,235.250,0.010,0.010,0.010,0.005,0.001,0.001,0.002,-0.002,-0.001,-0.001,0.000,0.886,50.140
2410121440,2026-10-09 06:30:00,235.620,234.810,235.240,0.010,0.010,0.010,0.005,0.002,0.000,0.001,-0.002,-0.001,-0.001,0.000,0.925,50.140
2410121454,2026-10-09 06:30:00,235.220,235.560,234.690,0.080,0.120,0.120,0.071,0.017,0.026,0.028,0.019,0.007,0.006,0.005,0.963,50.140
2410121574,2026-10-09 06:30:00,235.930,234.850,235.270,0.180,0.090,0.070,0.053,0.038,0.007,0.006,-0.051,-0.017,-0.019,-0.014,0.718,50.150
2410131378,2026-10-09 06:30:00,235.270,235.550,234.830,0.320,0.380,0.390,0.208,0.060,0.074,0.070,0.046,0.013,0.014,0.018,0.977,50.140
2410131383,2026-10-09 06:30:00,235.210,234.270,234.270,0.050,0.060,0.070,0.040,0.010,0.013,0.016,0.000,0.001,-0.001,0.000,1.000,50.160
2410131387,2026-10-09 06:30:00,233.450,234.440,233.750,0.010,0.010,0.020,0.007,0.002,0.002,0.002,-0.006,-0.001,-0.002,-0.002,0.731,50.160
2410320615,2026-10-09 06:30:00,232.700,233.480,233.200,1.460,1.450,1.570,1.013,0.325,0.327,0.360,0.180,0.041,0.072,0.063,0.984,50.080
2410883988,2026-10-09 06:30:00,230.590,230.900,230.630,0.260,0.250,0.330,0.188,0.057,0.057,0.073,0.039,0.013,0.012,0.012,0.976,50.130
2410883990,2026-10-09 06:30:00,230.780,230.380,230.420,0.020,0.000,0.000,0.004,0.003,0.000,0.001,0.001,0.001,0.000,0.000,1.000,50.110
2410883991,2026-10-09 06:30:00,236.650,237.110,237.620,0.190,0.170,0.250,0.143,0.044,0.039,0.059,0.005,0.001,0.000,0.004,0.997,50.030
2410883993,2026-10-09 06:30:00,237.760,236.960,237.340,0.140,0.100,0.160,0.092,0.033,0.022,0.036,0.005,0.002,-0.001,0.004,0.996,50.120
2410883994,2026-10-09 06:30:00,237.650,236.680,237.280,0.000,0.000,0.000,0.000,0.000,0.000,0.000,0.000,0.000,0.000,0.000,1.000,50.010
2410932742,2026-10-09 06:30:00,232.210,230.530,230.680,2.080,1.980,2.170,1.306,0.439,0.412,0.454,0.385,0.133,0.117,0.134,0.959,50.120
2411087432,2026-10-09 06:30:00,234.020,234.430,233.610,0.210,0.180,0.250,0.164,0.048,0.051,0.063,0.006,0.001,0.000,0.003,0.996,50.130
2411087433,2026-10-09 06:30:00,237.480,237.760,238.220,0.420,0.430,0.470,0.308,0.096,0.101,0.109,-0.029,-0.012,-0.010,-0.006,0.995,50.120
2411290205,2026-10-09 06:30:00,233.620,233.310,234.320,0.080,0.140,0.060,0.063,0.017,0.031,0.014,0.007,0.003,0.002,0.001,0.995,50.020
2510014481,2026-10-09 06:30:00,231.070,231.280,232.840,1.740,1.700,1.660,1.054,0.355,0.353,0.345,0.325,0.108,0.121,0.094,0.956,50.120
2510014482,2026-10-09 06:30:00,234.240,234.530,233.750,0.010,0.040,0.000,0.011,0.002,0.008,0.000,-0.002,-0.002,0.000,0.000,0.955,50.120
2510014483,2026-10-09 06:30:00,236.900,237.250,237.750,0.030,0.030,0.040,0.015,0.004,0.004,0.006,-0.019,-0.005,-0.005,-0.008,0.605,50.110
2510178139,2026-10-09 06:30:00,234.500,234.910,234.070,0.040,0.020,0.020,0.020,0.009,0.004,0.007,0.004,0.003,0.001,0.000,0.991,50.110
2510178141,2026-10-09 06:30:00,233.800,234.220,234.560,0.020,0.010,0.020,0.007,0.002,0.000,0.003,-0.009,-0.004,-0.001,-0.003,0.588,50.110
2510203103,2026-10-09 06:30:00,227.930,226.270,226.810,0.530,0.340,0.400,0.321,0.132,0.091,0.097,-0.044,-0.005,-0.002,-0.035,0.985,50.090
2510203104,2026-10-09 06:30:00,230.830,231.150,231.490,0.330,0.280,0.280,0.201,0.092,0.051,0.057,0.052,0.008,0.016,0.028,0.969,50.120
2510203105,2026-10-09 06:30:00,234.300,232.550,232.940,0.260,0.330,0.220,0.192,0.062,0.077,0.049,-0.019,-0.003,-0.008,-0.007,0.992,50.120
2510203106,2026-10-09 06:30:00,233.450,233.170,234.310,0.010,0.010,0.000,0.005,0.001,0.003,0.000,-0.002,-0.001,0.000,0.000,0.895,50.110
2510203107,2026-10-09 06:30:00,222.080,221.860,222.810,0.300,0.330,0.290,0.196,0.063,0.071,0.061,0.056,0.019,0.021,0.021,0.959,50.110
2510203108,2026-10-09 06:30:00,234.290,234.500,233.720,0.330,0.440,0.520,0.304,0.085,0.106,0.121,0.062,0.016,0.021,0.024,0.958,50.070
2510203109,2026-10-09 06:30:00,237.210,237.690,236.820,0.160,0.110,0.050,0.068,0.034,0.023,0.010,0.017,0.012,0.001,0.003,0.973,50.110
2510203113,2026-10-09 06:30:00,234.220,233.420,233.360,0.340,0.380,0.340,0.244,0.078,0.087,0.078,-0.014,-0.002,-0.007,-0.004,0.996,50.120
2510203114,2026-10-09 06:30:00,230.950,231.430,231.690,0.480,0.420,0.460,0.326,0.112,0.107,0.106,0.028,0.009,0.004,0.013,0.995,50.110
2510203117,2026-10-09 06:30:00,230.640,230.250,230.110,0.190,0.290,0.230,0.138,0.036,0.062,0.039,0.074,0.025,0.020,0.027,0.893,50.060
2510203120,2026-10-09 06:30:00,237.080,236.290,236.720,0.800,0.540,0.630,0.433,0.188,0.129,0.147,0.207,0.079,0.061,0.066,0.921,50.060
2510203121,2026-10-09 06:30:00,230.510,230.500,230.840,0.200,0.200,0.280,0.156,0.045,0.045,0.065,0.011,0.006,0.003,0.002,0.997,50.120
2510203122,2026-10-09 06:30:00,234.360,234.760,233.960,0.040,0.100,0.010,0.036,0.007,0.028,0.001,-0.003,0.004,-0.006,-0.001,0.981,50.120
2510203123,2026-10-09 06:30:00,233.500,234.040,234.310,0.790,1.050,1.170,0.267,0.078,0.104,0.084,0.034,0.007,0.002,0.003,0.995,50.120
2510203124,2026-10-09 06:30:00,234.490,234.490,233.760,0.160,0.160,0.180,0.107,0.034,0.034,0.038,0.045,0.014,0.016,0.015,0.921,50.120
2510203125,2026-10-09 06:30:00,233.800,234.770,233.950,0.030,0.030,0.060,0.019,0.003,0.003,0.012,-0.018,-0.006,-0.006,-0.005,0.721,50.120
2510203126,2026-10-09 06:30:00,231.180,231.040,231.490,0.320,0.250,0.250,0.187,0.073,0.056,0.057,0.038,0.012,0.013,0.012,0.981,50.130
2510203127,2026-10-09 06:30:00,234.480,234.910,234.150,0.030,0.010,0.040,0.017,0.008,0.001,0.006,-0.006,0.000,0.000,-0.005,0.941,50.130
2510203130,2026-10-09 06:30:00,244.920,245.080,246.700,0.000,0.000,0.010,0.002,0.000,0.000,0.002,0.000,0.000,0.000,0.000,1.000,50.110
2510203133,2026-10-09 06:30:00,234.420,234.730,234.080,0.020,0.020,0.000,0.009,0.004,0.003,0.000,-0.002,0.000,-0.001,0.000,0.928,50.080
2510203134,2026-10-09 06:30:00,238.090,237.090,237.470,0.020,0.010,0.010,0.007,0.004,0.002,0.001,-0.001,0.000,-0.001,0.000,0.981,50.050
2510224049,2026-10-09 06:30:00,230.550,230.900,230.650,0.050,1.210,0.020,0.170,0.000,0.160,0.000,-0.140,0.000,-0.120,0.000,0.756,50.160
2510224167,2026-10-09 06:30:00,230.380,230.160,230.660,0.770,0.120,0.360,0.170,0.100,0.010,0.050,-0.150,-0.080,-0.010,-0.050,0.746,50.120
2510317505,2026-10-09 06:30:00,230.310,230.250,230.660,0.090,0.030,2.200,0.270,0.010,0.000,0.250,-0.250,-0.010,0.000,-0.230,0.733,50.110
2510317516,2026-10-09 06:30:00,230.490,230.360,230.790,0.000,0.000,0.000,0.000,0.000,0.000,0.000,0.000,0.000,0.000,0.000,1.000,50.110
2510317537,2026-10-09 06:30:00,236.780,236.990,237.520,2.060,2.230,2.140,1.410,0.460,0.480,0.460,-0.240,-0.060,-0.080,-0.080,0.986,50.110
2510389559,2026-10-09 06:30:00,233.820,233.530,234.660,0.000,0.000,0.000,0.000,0.000,0.000,0.000,0.000,0.000,0.000,0.000,1.000,50.120
2510389931,2026-10-09 06:30:00,233.670,233.170,234.440,0.050,0.000,0.000,0.000,0.000,0.000,0.000,-0.010,-0.010,0.000,0.000,0.185,50.110
2510633381,2026-10-09 06:30:00,238.040,237.210,237.630,0.040,0.040,0.010,0.020,0.008,0.009,0.003,-0.010,-0.004,-0.004,-0.001,0.874,50.120
2510633382,2026-10-09 06:30:00,234.130,235.200,234.340,0.190,0.140,0.150,0.097,0.040,0.028,0.029,-0.055,-0.018,-0.018,-0.018,0.865,50.160
2510633383,2026-10-09 06:30:00,233.960,234.290,234.860,0.130,0.100,0.110,0.052,0.019,0.012,0.020,-0.059,-0.022,-0.018,-0.017,0.661,50.130
2510633385,2026-10-09 06:30:00,234.470,234.250,235.340,0.050,0.020,0.010,0.019,0.012,0.004,0.002,-0.006,-0.003,-0.001,-0.001,0.941,50.150
2510633386,2026-10-09 06:30:00,224.290,224.570,225.100,0.360,0.360,0.350,0.112,0.038,0.038,0.035,-0.211,-0.071,-0.070,-0.069,0.473,50.150
2510633387,2026-10-09 06:30:00,235.050,235.390,234.630,0.010,0.000,0.000,0.002,0.002,0.000,0.000,0.000,0.000,0.000,0.000,0.809,50.140
2510633389,2026-10-09 06:30:00,234.650,233.770,233.540,0.510,0.510,0.500,0.342,0.113,0.113,0.115,-0.025,-0.009,-0.008,-0.007,0.997,50.150
2510633390,2026-10-09 06:30:00,237.370,238.000,237.180,0.420,0.390,0.390,0.274,0.096,0.088,0.089,0.060,0.019,0.023,0.017,0.975,50.140
2510633391,2026-10-09 06:30:00,123.450,123.040,123.270,0.000,0.000,0.000,0.000,0.000,0.000,0.000,0.000,0.000,0.000,0.000,1.000,50.160
2510633393,2026-10-09 06:30:00,232.520,233.510,232.660,1.450,1.500,1.500,0.991,0.326,0.336,0.328,0.217,0.072,0.067,0.077,0.976,50.140
2510633395,2026-10-09 06:30:00,234.270,234.640,233.890,0.000,0.000,0.000,0.000,0.000,0.000,0.000,0.000,0.000,0.000,0.000,1.000,50.120
2510633396,2026-10-09 06:30:00,234.540,233.810,234.520,0.290,0.330,0.290,0.190,0.059,0.070,0.060,0.090,0.031,0.029,0.030,0.904,50.120
2510633397,2026-10-09 06:30:00,244.410,243.350,243.830,0.010,0.010,0.020,0.007,0.001,0.001,0.003,-0.004,-0.001,-0.002,0.000,0.914,50.150
2510633399,2026-10-09 06:30:00,230.790,230.670,231.140,0.200,0.240,0.250,0.160,0.045,0.056,0.058,0.010,0.003,0.003,0.003,0.995,50.130
2510633400,2026-10-09 06:30:00,229.980,230.410,229.950,0.510,0.550,0.560,0.325,0.101,0.110,0.113,0.144,0.046,0.048,0.049,0.914,50.160
2510633402,2026-10-09 06:30:00,232.580,232.740,234.180,0.570,0.590,0.670,0.486,0.159,0.154,0.173,0.107,0.033,0.035,0.038,0.967,50.150
2510633411,2026-10-09 06:30:00,229.160,228.730,228.550,1.580,1.500,1.570,0.960,0.329,0.308,0.324,0.360,0.117,0.116,0.126,0.938,50.160
2510814977,2026-10-09 06:30:00,232.560,233.970,232.340,0.020,0.010,0.010,0.005,0.003,0.000,0.001,-0.001,0.001,-0.001,-0.001,0.981,50.110
2610026950,2026-10-09 06:30:00,231.000,230.550,230.500,0.010,0.000,0.010,0.004,0.002,0.000,0.001,0.000,0.000,0.000,0.000,0.894,50.120
2610026952,2026-10-09 06:30:00,233.220,232.610,232.770,1.040,0.960,1.070,0.678,0.223,0.214,0.240,0.331,0.126,0.100,0.105,0.896,50.120
2610026953,2026-10-09 06:30:00,233.370,232.990,234.060,0.460,0.520,0.490,0.307,0.098,0.106,0.102,0.149,0.053,0.048,0.047,0.904,50.120
2610026963,2026-10-09 06:30:00,234.440,234.570,235.030,0.080,0.050,0.060,0.006,0.009,0.000,-0.002,-0.041,-0.017,-0.012,-0.013,0.072,50.120
2610026966,2026-10-09 06:30:00,230.110,230.070,229.240,0.170,0.140,0.360,0.153,0.038,0.032,0.082,0.022,0.006,0.006,0.009,0.987,50.120
2610026976,2026-10-09 06:30:00,233.990,234.280,234.730,0.490,0.480,0.900,0.421,0.108,0.106,0.223,-0.024,-0.005,-0.001,-0.018,0.999,50.120
2610026977,2026-10-09 06:30:00,241.100,241.150,240.320,0.140,0.140,0.140,0.075,0.024,0.025,0.024,0.068,0.022,0.022,0.023,0.738,50.160
2610126270,2026-10-09 06:30:00,230.370,230.720,230.450,0.010,0.010,0.010,0.006,0.002,0.002,0.001,-0.004,-0.001,0.000,-0.001,0.829,50.110
2610126451,2026-10-09 06:30:00,234.600,234.820,234.120,0.000,0.000,0.010,0.003,0.000,0.000,0.003,0.000,0.000,0.000,0.000,0.945,50.120
2610159557,2026-10-09 06:30:00,237.890,237.060,237.380,0.010,0.010,0.010,0.003,0.000,0.000,0.001,-0.004,-0.002,-0.001,-0.001,0.509,50.120
2610170785,2026-10-09 06:30:00,237.580,236.660,237.140,0.010,0.030,0.020,0.014,0.000,0.005,0.005,0.005,0.001,0.003,0.000,0.869,50.110
2610170786,2026-10-09 06:30:00,237.030,237.420,237.840,0.700,0.800,0.750,0.538,0.170,0.190,0.176,0.149,0.047,0.048,0.044,0.959,50.160
2610170836,2026-10-09 06:30:00,233.850,234.420,234.790,0.090,0.080,0.080,0.038,0.014,0.012,0.012,0.005,0.004,0.000,0.000,0.980,50.110
2610170837,2026-10-09 06:30:00,233.900,232.130,232.430,0.000,0.000,0.040,0.008,0.000,0.000,0.008,0.000,0.000,0.000,0.000,0.950,50.110
2610170838,2026-10-09 06:30:00,237.590,236.500,237.130,0.090,0.040,0.090,0.058,0.019,0.015,0.021,0.002,0.000,0.002,0.000,1.000,50.130
2610170839,2026-10-09 06:30:00,236.740,237.150,237.670,0.010,0.000,0.010,0.007,0.002,0.001,0.003,0.000,0.000,0.000,0.000,1.000,50.110
2610170840,2026-10-09 06:30:00,233.730,233.340,234.590,0.880,0.890,0.890,0.573,0.187,0.191,0.194,0.284,0.095,0.091,0.097,0.944,50.110
2610322967,2026-10-09 06:30:00,238.250,237.200,237.380,0.010,0.000,0.000,0.002,0.001,0.000,0.000,0.000,0.000,0.000,0.000,1.000,50.110
2610322969,2026-10-09 06:30:00,230.640,230.200,230.440,0.470,0.340,0.160,0.177,0.100,0.038,0.038,0.130,0.046,0.068,0.011,0.767,50.120
2610322992,2026-10-09 06:30:00,232.160,232.810,233.780,0.180,0.490,0.280,0.210,0.036,0.112,0.061,0.052,0.018,0.011,0.022,0.970,50.100
2610322995,2026-10-09 06:30:00,236.890,237.220,237.720,0.000,0.000,0.000,0.000,0.000,0.000,0.000,0.000,0.000,0.000,0.000,1.000,50.110
2610322997,2026-10-09 06:30:00,232.170,233.610,231.920,0.490,0.470,0.490,0.325,0.111,0.104,0.109,0.069,0.017,0.028,0.024,0.977,50.110
2610323001,2026-10-09 06:30:00,231.850,230.400,230.450,1.770,1.590,1.830,1.087,0.366,0.330,0.386,0.477,0.164,0.157,0.155,0.912,50.100
2610323004,2026-10-09 06:30:00,64.480,63.920,64.420,0.510,0.620,0.460,0.088,0.031,0.030,0.027,0.037,0.010,0.014,0.012,0.922,50.120
2610323005,2026-10-09 06:30:00,230.570,230.960,230.560,0.000,0.000,0.000,0.001,0.000,0.001,0.000,0.000,0.000,0.000,0.000,0.979,50.110
2610323010,2026-10-09 06:30:00,234.550,233.580,233.280,0.050,0.000,0.080,0.026,0.009,0.000,0.017,0.000,-0.006,0.000,0.005,1.000,50.110
2610323014,2026-10-09 06:30:00,233.910,234.210,234.650,0.000,0.000,0.000,0.000,0.000,0.000,0.000,-0.001,-0.001,0.000,0.000,0.306,50.110
2610323016,2026-10-09 06:30:00,231.300,230.040,230.150,2.650,2.520,2.520,1.618,0.565,0.523,0.529,0.572,0.190,0.191,0.190,0.944,50.120
2610323017,2026-10-09 06:30:00,237.180,237.680,236.900,0.000,0.000,0.000,0.000,0.000,0.000,0.000,0.000,0.000,0.000,0.000,1.000,50.110
2610323019,2026-10-09 06:30:00,230.240,230.990,230.480,0.020,0.020,0.030,0.020,0.004,0.010,0.006,-0.006,-0.001,-0.003,-0.001,1.000,50.110
2610323027,2026-10-09 06:30:00,237.750,236.710,237.220,0.000,0.000,0.000,0.000,0.000,0.000,0.000,0.000,0.000,0.000,0.000,1.000,50.120
2410131384,2026-10-09 06:31:00,237.290,237.650,237.010,0.830,0.920,0.710,0.575,0.191,0.201,0.182,0.139,0.040,0.052,0.042,0.963,50.150
2510203111,2026-10-09 06:31:00,234.410,235.020,235.360,1.260,1.100,1.410,0.812,0.270,0.232,0.309,0.245,0.095,0.074,0.075,0.957,50.150
2510203128,2026-10-09 06:31:00,237.790,238.010,236.700,1.310,1.240,1.480,0.928,0.301,0.284,0.342,0.054,0.008,0.013,0.031,0.998,50.160
2510389643,2026-10-09 06:31:00,234.490,234.250,235.290,1.260,0.000,0.000,0.160,0.160,0.000,0.000,-0.030,-0.030,0.000,0.000,0.973,50.140
2610159558,2026-10-09 06:31:00,237.060,237.470,237.910,0.010,0.000,0.010,0.006,0.004,0.000,0.001,0.002,0.002,0.000,0.000,0.828,50.130
2410121457,2026-10-09 06:32:00,232.650,231.590,232.320,1.650,1.690,1.550,1.058,0.355,0.365,0.338,0.319,0.112,0.116,0.090,0.957,50.180
2510633406,2026-10-09 06:32:00,231.340,231.080,231.460,0.010,0.010,0.010,0.003,0.001,0.001,0.000,-0.003,-0.001,0.000,-0.001,0.713,50.150
2510014484,2026-10-09 06:33:00,232.310,232.190,233.260,1.940,2.090,1.700,1.254,0.413,0.477,0.364,0.426,0.148,0.130,0.148,0.946,50.160
2246006313,2026-10-09 07:00:00,58.200,58.200,58.100,0.798,0.809,0.787,0.134,0.043,0.044,0.043,0.022,0.008,0.007,0.007,0.986,50.130
2410121326,2026-10-09 07:00:00,233.700,232.830,233.190,0.110,0.090,0.100,0.069,0.024,0.020,0.024,-0.002,-0.002,-0.002,0.003,0.998,49.950
2410121353,2026-10-09 07:00:00,233.250,232.410,232.800,0.000,0.010,0.050,0.014,0.000,0.003,0.010,-0.001,0.000,0.000,0.000,0.967,49.910
2410121371,2026-10-09 07:00:00,233.920,232.920,233.290,0.010,0.010,0.030,0.010,0.001,0.000,0.007,-0.002,-0.001,-0.001,0.000,0.931,49.940
2410121424,2026-10-09 07:00:00,233.200,232.410,232.750,0.010,0.010,0.010,0.005,0.001,0.001,0.002,-0.002,-0.001,-0.001,0.000,0.882,49.910
2410121440,2026-10-09 07:00:00,233.580,232.710,233.000,0.010,0.010,0.010,0.005,0.002,0.000,0.001,-0.002,-0.001,-0.001,0.000,0.918,49.950
2410121454,2026-10-09 07:00:00,232.820,233.370,232.550,0.060,0.100,0.140,0.074,0.015,0.026,0.033,0.020,0.007,0.007,0.005,0.984,49.920
2410121457,2026-10-09 07:00:00,231.800,230.810,231.410,1.690,1.690,1.570,1.065,0.363,0.361,0.341,0.341,0.119,0.123,0.099,0.952,49.940
2410121574,2026-10-09 07:00:00,233.960,232.860,233.220,0.200,0.150,0.080,0.079,0.042,0.030,0.007,-0.052,-0.018,-0.018,-0.014,0.851,50.000
2410131378,2026-10-09 07:00:00,232.180,232.590,231.820,0.560,0.730,0.640,0.459,0.134,0.164,0.161,0.054,0.012,0.016,0.025,0.990,49.940
2410131383,2026-10-09 07:00:00,235.560,234.670,234.850,0.090,0.080,0.110,0.064,0.019,0.019,0.026,0.002,0.002,0.000,0.000,0.999,49.930
2410131384,2026-10-09 07:00:00,238.440,238.830,238.180,0.900,0.940,0.850,0.645,0.221,0.212,0.213,0.148,0.044,0.062,0.041,0.969,50.120
2410131387,2026-10-09 07:00:00,234.810,235.510,234.840,0.010,0.020,0.020,0.011,0.002,0.004,0.004,-0.007,-0.001,-0.002,-0.003,0.831,50.020
2410320615,2026-10-09 07:00:00,233.880,234.210,234.170,1.750,1.870,1.930,1.241,0.400,0.403,0.435,0.283,0.072,0.114,0.095,0.975,50.120
2410883988,2026-10-09 07:00:00,231.880,232.230,231.830,0.330,0.330,0.390,0.234,0.072,0.073,0.088,0.064,0.021,0.021,0.020,0.964,50.090
2410883990,2026-10-09 07:00:00,232.020,231.470,231.530,0.020,0.150,0.000,0.040,0.004,0.024,0.010,0.025,0.001,0.025,0.000,0.762,50.090
2410883991,2026-10-09 07:00:00,238.630,238.990,239.590,0.020,0.040,0.100,0.037,0.004,0.010,0.022,0.006,0.000,0.001,0.005,0.984,50.110
2410883993,2026-10-09 07:00:00,238.760,237.730,238.130,0.370,0.370,0.570,0.329,0.094,0.092,0.141,0.059,0.011,0.023,0.023,0.993,50.070
2410883994,2026-10-09 07:00:00,239.490,238.500,239.030,0.000,0.000,0.000,0.000,0.000,0.000,0.000,0.000,0.000,0.000,0.000,0.903,50.120
2410932742,2026-10-09 07:00:00,232.660,231.000,231.030,3.160,3.090,3.270,1.980,0.654,0.630,0.669,0.574,0.192,0.181,0.199,0.958,50.140
2411087432,2026-10-09 07:00:00,233.620,234.250,233.390,0.390,0.370,0.390,0.274,0.090,0.088,0.095,-0.004,0.001,-0.001,-0.004,1.000,50.090
2411087433,2026-10-09 07:00:00,238.230,238.520,239.040,0.330,0.420,0.400,0.267,0.077,0.107,0.104,0.054,0.014,0.016,0.024,0.983,50.070
2411290205,2026-10-09 07:00:00,234.810,234.760,235.570,0.240,0.310,0.350,0.206,0.055,0.070,0.081,0.024,0.004,0.014,0.005,0.994,50.110
2510014481,2026-10-09 07:00:00,231.260,231.200,232.670,1.980,1.990,2.030,1.234,0.401,0.409,0.424,0.486,0.164,0.167,0.154,0.937,50.070
2510014482,2026-10-09 07:00:00,233.730,234.300,233.460,0.020,0.040,0.000,0.012,0.003,0.008,0.000,-0.001,-0.001,0.000,0.000,0.978,50.080
2510014483,2026-10-09 07:00:00,238.230,238.590,239.120,0.030,0.030,0.050,0.016,0.004,0.004,0.006,-0.018,-0.005,-0.005,-0.008,0.656,50.080
2510014484,2026-10-09 07:00:00,233.360,233.580,234.510,1.810,2.040,1.590,1.128,0.331,0.460,0.336,0.383,0.132,0.119,0.131,0.949,50.090
2510178139,2026-10-09 07:00:00,233.640,234.150,233.230,0.040,0.030,0.080,0.032,0.008,0.006,0.018,0.002,0.002,0.001,-0.001,1.000,50.040
2510178141,2026-10-09 07:00:00,233.580,233.770,234.270,0.030,0.010,0.020,0.009,0.003,0.001,0.004,-0.009,-0.004,-0.002,-0.003,0.712,50.090
2510203103,2026-10-09 07:00:00,228.800,227.130,227.400,0.200,0.180,0.120,0.137,0.047,0.041,0.048,0.100,0.032,0.039,0.028,0.456,50.120
2510203104,2026-10-09 07:00:00,232.500,232.760,233.130,0.290,0.250,0.340,0.218,0.079,0.068,0.071,0.048,0.004,0.013,0.030,0.971,50.120
2510203105,2026-10-09 07:00:00,234.630,232.980,233.220,0.300,0.370,0.270,0.222,0.072,0.087,0.063,0.020,0.007,0.007,0.005,1.000,50.050
2510203106,2026-10-09 07:00:00,234.660,234.630,235.460,0.010,0.010,0.000,0.005,0.001,0.003,0.000,-0.002,-0.001,0.000,0.000,0.907,50.120
2510203107,2026-10-09 07:00:00,223.330,223.340,224.030,0.310,0.330,0.290,0.208,0.069,0.074,0.064,-0.011,-0.004,-0.003,-0.002,0.996,50.090
2510203108,2026-10-09 07:00:00,233.590,233.900,232.630,0.380,0.550,1.240,0.569,0.110,0.161,0.286,0.126,0.013,0.040,0.072,0.944,50.120
2510203109,2026-10-09 07:00:00,238.280,238.820,237.920,0.150,0.100,0.030,0.063,0.032,0.023,0.007,0.016,0.012,0.001,0.002,0.962,50.050
2510203111,2026-10-09 07:00:00,233.020,233.460,233.990,1.230,1.050,1.380,0.783,0.260,0.219,0.301,0.257,0.101,0.076,0.079,0.950,50.120
2510203113,2026-10-09 07:00:00,235.170,234.400,234.570,0.400,0.450,0.470,0.305,0.092,0.105,0.108,0.029,0.012,0.007,0.009,0.994,50.100
2510203114,2026-10-09 07:00:00,232.050,232.490,232.760,0.200,0.150,0.240,0.130,0.042,0.034,0.053,0.026,0.005,0.003,0.017,0.981,50.050
2510203117,2026-10-09 07:00:00,232.010,231.650,231.590,0.300,0.170,0.170,0.119,0.057,0.034,0.028,0.087,0.039,0.020,0.028,0.804,50.120
2510203120,2026-10-09 07:00:00,238.620,237.710,238.080,0.960,0.770,0.790,0.551,0.211,0.167,0.172,0.221,0.082,0.068,0.071,0.927,50.120
2510203122,2026-10-09 07:00:00,233.810,234.480,233.610,0.050,0.100,0.020,0.035,0.009,0.022,0.003,-0.002,0.007,-0.007,-0.002,1.000,50.110
2510203123,2026-10-09 07:00:00,232.910,233.270,233.890,0.170,0.510,0.220,0.667,0.167,0.233,0.266,0.192,0.068,0.050,0.074,0.850,50.120
2510203124,2026-10-09 07:00:00,233.270,233.350,232.640,0.550,0.570,0.580,0.397,0.128,0.133,0.135,0.087,0.026,0.029,0.030,0.977,50.020
2510203125,2026-10-09 07:00:00,234.690,235.440,234.640,0.090,0.030,0.060,0.036,0.020,0.003,0.012,-0.017,-0.006,-0.005,-0.005,0.913,50.070
2510203126,2026-10-09 07:00:00,231.270,231.260,231.670,0.390,0.330,0.330,0.232,0.087,0.072,0.072,0.062,0.019,0.021,0.021,0.964,49.960
2510203127,2026-10-09 07:00:00,233.100,233.680,232.890,0.040,0.060,0.040,0.030,0.009,0.014,0.007,-0.006,0.000,0.000,-0.005,0.982,49.970
2510203128,2026-10-09 07:00:00,238.750,239.270,237.880,0.940,0.830,1.120,0.671,0.219,0.189,0.264,0.011,0.002,-0.004,0.014,0.999,50.130
2510203130,2026-10-09 07:00:00,245.490,245.470,247.140,0.000,0.000,0.060,0.015,0.000,0.000,0.015,0.000,0.000,0.000,0.000,0.972,49.950
2510203133,2026-10-09 07:00:00,234.530,234.990,234.300,0.020,0.020,0.000,0.009,0.004,0.003,0.000,-0.002,0.000,-0.002,0.000,0.928,50.140
2510317505,2026-10-09 07:00:00,231.560,231.600,232.090,0.090,0.030,2.170,0.270,0.010,0.000,0.250,-0.250,-0.010,0.000,-0.240,0.733,50.100
2510317516,2026-10-09 07:00:00,231.600,231.550,232.070,0.000,0.000,0.000,0.000,0.000,0.000,0.000,0.000,0.000,0.000,0.000,1.000,50.090
2510317537,2026-10-09 07:00:00,238.120,238.280,239.020,2.160,2.210,2.360,1.560,0.490,0.510,0.550,-0.260,-0.070,-0.090,-0.090,0.986,50.090
2510389559,2026-10-09 07:00:00,234.790,234.860,235.690,0.000,0.000,0.000,0.000,0.000,0.000,0.000,0.000,0.000,0.000,0.000,1.000,50.090
2510389643,2026-10-09 07:00:00,235.310,235.120,235.920,1.270,0.000,0.000,0.160,0.160,0.000,0.000,-0.030,-0.030,0.000,0.000,0.974,50.090
2510389931,2026-10-09 07:00:00,233.470,233.220,234.180,0.050,0.000,0.000,0.000,0.000,0.000,0.000,-0.010,-0.010,0.000,0.000,0.197,50.090
2510633381,2026-10-09 07:00:00,238.900,237.950,238.440,0.040,0.050,0.020,0.021,0.008,0.009,0.004,-0.012,-0.005,-0.005,-0.002,0.876,50.000
2510633382,2026-10-09 07:00:00,234.840,235.600,234.860,0.140,0.120,0.130,0.063,0.022,0.020,0.020,-0.064,-0.022,-0.020,-0.021,0.692,49.950
2510633383,2026-10-09 07:00:00,232.840,233.100,233.660,0.130,0.100,0.110,0.050,0.018,0.012,0.018,-0.057,-0.022,-0.018,-0.017,0.653,49.990
2510633385,2026-10-09 07:00:00,235.210,235.260,236.050,0.160,0.020,0.020,0.044,0.037,0.003,0.004,-0.006,-0.003,-0.001,-0.001,0.994,49.940
2510633386,2026-10-09 07:00:00,224.700,224.990,225.520,0.360,0.360,0.350,0.121,0.041,0.040,0.039,-0.208,-0.070,-0.070,-0.068,0.509,49.940
2510633387,2026-10-09 07:00:00,232.880,233.450,232.620,0.010,0.000,0.000,0.002,0.002,0.000,0.000,0.000,0.000,0.000,0.000,1.000,49.930
2510633389,2026-10-09 07:00:00,235.320,234.450,234.450,0.910,0.870,0.860,0.615,0.208,0.201,0.205,0.025,0.006,0.008,0.010,0.998,49.930
2510633390,2026-10-09 07:00:00,238.100,238.860,237.820,0.160,0.090,0.150,0.071,0.025,0.021,0.023,-0.007,-0.004,0.000,-0.001,0.996,49.940
2510633391,2026-10-09 07:00:00,122.390,121.920,122.100,0.000,0.000,0.000,0.000,0.000,0.000,0.000,0.000,0.000,0.000,0.000,1.000,49.930
2510633393,2026-10-09 07:00:00,233.640,234.380,233.590,1.420,1.440,1.450,0.974,0.320,0.325,0.320,0.215,0.072,0.066,0.077,0.976,49.940
2510633395,2026-10-09 07:00:00,233.210,233.680,232.920,0.000,0.000,0.000,0.000,0.000,0.000,0.000,0.000,0.000,0.000,0.000,1.000,50.040
2510633396,2026-10-09 07:00:00,233.320,232.540,233.170,1.150,1.200,1.120,0.771,0.257,0.265,0.247,0.172,0.058,0.060,0.054,0.976,49.990
2510633397,2026-10-09 07:00:00,245.080,244.000,244.540,0.020,0.010,0.030,0.013,0.005,0.001,0.006,-0.002,0.000,-0.002,0.000,0.975,49.930
2510633399,2026-10-09 07:00:00,231.060,230.970,231.500,0.190,0.280,0.250,0.165,0.044,0.063,0.057,0.009,0.003,0.003,0.001,0.999,49.960
2510633400,2026-10-09 07:00:00,230.320,230.720,230.180,0.480,0.530,0.530,0.324,0.100,0.111,0.112,0.140,0.044,0.047,0.048,0.918,49.930
2510633402,2026-10-09 07:00:00,232.540,232.530,234.050,0.540,0.540,0.640,0.327,0.102,0.102,0.122,0.116,0.037,0.037,0.040,0.945,49.940
2510633406,2026-10-09 07:00:00,231.390,231.200,231.790,0.010,0.010,0.010,0.003,0.001,0.001,0.000,-0.003,-0.001,0.000,-0.001,0.705,50.070
2510633411,2026-10-09 07:00:00,229.540,229.040,228.970,1.560,1.460,1.530,0.961,0.333,0.306,0.321,0.357,0.123,0.119,0.131,0.938,49.930
2510814977,2026-10-09 07:00:00,232.820,234.340,232.840,0.020,0.010,0.010,0.005,0.003,0.000,0.001,-0.001,0.001,-0.001,-0.001,0.974,49.940
2610026950,2026-10-09 07:00:00,231.960,231.410,231.340,0.000,0.000,0.010,0.005,0.000,0.000,0.003,0.000,0.000,0.000,0.000,1.000,50.070
2610026952,2026-10-09 07:00:00,233.730,233.190,233.210,0.620,0.600,0.680,0.427,0.138,0.136,0.152,0.056,0.029,0.009,0.017,0.992,50.080
2610026953,2026-10-09 07:00:00,233.960,233.780,234.600,0.510,0.580,0.540,0.300,0.095,0.107,0.103,0.147,0.051,0.048,0.047,0.921,50.070
2610026963,2026-10-09 07:00:00,233.340,233.420,234.070,0.080,0.050,0.060,0.012,0.008,0.003,0.001,-0.043,-0.017,-0.012,-0.013,0.273,50.000
2610026966,2026-10-09 07:00:00,230.750,230.790,230.010,0.290,0.230,0.430,0.217,0.065,0.052,0.100,0.018,0.005,0.004,0.008,0.997,50.030
2610026976,2026-10-09 07:00:00,232.840,232.870,233.670,0.540,0.850,1.000,0.562,0.126,0.193,0.248,0.063,0.019,0.037,0.006,1.000,50.000
2610026977,2026-10-09 07:00:00,242.340,242.460,241.760,0.140,0.140,0.140,0.074,0.024,0.025,0.024,0.070,0.023,0.022,0.024,0.726,49.930
2610126270,2026-10-09 07:00:00,231.530,231.900,231.600,0.010,0.010,0.010,0.007,0.001,0.004,0.001,-0.004,-0.001,-0.001,-0.001,0.784,50.090
2610126451,2026-10-09 07:00:00,233.670,234.080,233.260,0.000,0.000,0.080,0.015,0.000,0.000,0.015,0.004,0.000,0.000,0.004,0.936,50.070
2610159557,2026-10-09 07:00:00,238.900,238.000,238.330,0.020,0.020,0.030,0.013,0.003,0.004,0.005,-0.006,-0.003,-0.001,-0.001,0.916,50.070
2610159558,2026-10-09 07:00:00,237.960,238.420,238.960,0.010,0.000,0.020,0.013,0.007,0.001,0.004,0.000,-0.001,0.000,0.000,1.000,50.070
2610170785,2026-10-09 07:00:00,238.900,237.930,238.470,0.020,0.030,0.030,0.013,0.002,0.005,0.005,0.007,0.002,0.003,0.001,0.911,50.080
2610170786,2026-10-09 07:00:00,238.310,238.660,239.100,0.620,0.710,0.690,0.461,0.142,0.161,0.157,0.091,0.029,0.023,0.028,0.971,50.090
2610170836,2026-10-09 07:00:00,233.230,233.650,234.320,0.190,0.230,0.020,0.020,0.004,0.011,0.003,0.003,0.004,0.000,0.000,1.000,50.080
2610170837,2026-10-09 07:00:00,234.480,232.790,232.950,0.000,0.030,0.030,0.008,0.000,0.003,0.004,0.004,0.000,0.000,0.006,0.960,50.080
2610170838,2026-10-09 07:00:00,239.140,238.010,238.620,0.010,0.110,0.080,0.051,0.003,0.033,0.017,0.002,0.000,0.002,0.000,0.996,50.080
2610170839,2026-10-09 07:00:00,238.030,238.450,239.000,0.020,0.020,0.020,0.012,0.003,0.004,0.005,0.005,0.001,0.002,0.001,0.898,50.080
2610170840,2026-10-09 07:00:00,233.600,233.390,234.270,0.900,0.910,0.920,0.571,0.187,0.190,0.192,0.282,0.094,0.091,0.096,0.896,50.090
2610322967,2026-10-09 07:00:00,239.380,238.320,238.480,0.010,0.000,0.000,0.002,0.001,0.000,0.000,0.000,0.000,0.000,0.000,1.000,50.070
2610322969,2026-10-09 07:00:00,231.790,231.260,231.220,0.210,0.130,0.150,0.110,0.047,0.028,0.035,0.039,0.012,0.013,0.013,0.943,50.070
2610322992,2026-10-09 07:00:00,231.330,231.960,232.760,2.270,2.530,2.430,1.633,0.505,0.575,0.552,0.368,0.139,0.105,0.123,0.975,50.090
2610322997,2026-10-09 07:00:00,232.350,233.620,232.250,0.660,0.670,0.620,0.408,0.143,0.135,0.128,0.160,0.043,0.068,0.047,0.932,50.090
2610323001,2026-10-09 07:00:00,232.540,231.260,231.140,1.760,1.470,1.760,1.079,0.381,0.316,0.383,0.453,0.158,0.145,0.149,0.915,50.090
2610323004,2026-10-09 07:00:00,64.630,64.060,64.510,0.670,0.700,0.550,0.104,0.036,0.036,0.032,0.038,0.010,0.015,0.012,0.933,50.070
2610323005,2026-10-09 07:00:00,231.620,232.110,231.640,0.000,0.000,0.000,0.001,0.000,0.001,0.000,0.000,0.000,0.000,0.000,0.991,50.080
2610323010,2026-10-09 07:00:00,235.370,234.580,234.560,0.090,0.000,0.000,0.020,0.020,0.000,0.000,-0.005,-0.005,0.000,0.000,0.956,50.080
2610323014,2026-10-09 07:00:00,233.430,233.590,234.180,0.000,0.000,0.020,0.005,0.000,0.000,0.005,-0.001,-0.001,0.000,0.000,0.931,50.090
2610323016,2026-10-09 07:00:00,231.690,230.450,230.510,2.270,2.170,2.180,1.484,0.522,0.478,0.484,0.630,0.209,0.210,0.210,0.904,50.090
2610323017,2026-10-09 07:00:00,238.470,239.190,238.210,0.000,0.000,0.000,0.000,0.000,0.000,0.000,0.000,0.000,0.000,0.000,1.000,50.090
2610323019,2026-10-09 07:00:00,231.410,232.220,231.730,0.020,0.020,0.020,0.013,0.004,0.004,0.005,-0.005,-0.001,-0.001,-0.002,0.943,50.090
2610323027,2026-10-09 07:00:00,239.430,238.360,238.870,0.000,0.000,0.000,0.000,0.000,0.000,0.000,0.000,0.000,0.000,0.000,1.000,50.090
2510203121,2026-10-09 07:01:00,231.560,231.660,232.000,0.010,0.010,0.090,0.024,0.003,0.001,0.018,-0.008,0.000,-0.002,-0.005,0.929,49.920
2510203134,2026-10-09 07:01:00,239.390,238.370,238.680,0.020,0.010,0.010,0.007,0.004,0.002,0.001,-0.001,0.000,-0.001,0.000,0.987,49.950
2510224049,2026-10-09 07:01:00,231.360,231.560,231.500,0.050,1.190,0.020,0.170,0.000,0.160,0.000,-0.140,0.000,-0.120,0.000,0.765,49.970
2510224167,2026-10-09 07:01:00,231.300,231.140,231.620,0.780,0.120,0.360,0.180,0.100,0.010,0.050,-0.150,-0.080,-0.020,-0.050,0.751,49.930
2610322995,2026-10-09 07:01:00,238.220,238.510,239.040,0.000,0.000,0.000,0.000,0.000,0.000,0.000,0.000,0.000,0.000,0.000,1.000,49.930
2246006313,2026-10-09 07:30:00,57.600,57.600,57.500,0.889,0.910,0.880,0.149,0.050,0.051,0.050,0.027,0.009,0.009,0.008,0.984,49.910
2410121326,2026-10-09 07:30:00,233.580,232.710,233.190,0.120,0.110,0.120,0.081,0.027,0.025,0.027,0.001,-0.001,0.000,0.003,1.000,49.930
2410121353,2026-10-09 07:30:00,233.370,232.640,233.050,0.000,0.020,0.050,0.015,0.000,0.003,0.010,-0.001,0.000,0.000,0.000,0.967,50.000
2410121371,2026-10-09 07:30:00,233.590,232.690,233.110,0.010,0.010,0.030,0.010,0.001,0.000,0.007,-0.002,-0.001,-0.001,0.000,0.931,49.990
2410121424,2026-10-09 07:30:00,233.740,233.040,233.410,0.010,0.010,0.010,0.005,0.001,0.001,0.002,-0.002,-0.001,-0.001,0.000,0.888,49.960
2410121440,2026-10-09 07:30:00,233.210,232.450,232.870,0.010,0.010,0.010,0.005,0.002,0.000,0.001,-0.002,-0.001,-0.001,0.000,0.912,49.980
2410121454,2026-10-09 07:30:00,232.990,233.400,232.370,0.310,0.440,0.530,0.298,0.074,0.103,0.121,0.033,0.007,0.006,0.019,0.994,49.960
2410121457,2026-10-09 07:30:00,233.180,232.160,232.970,0.660,0.810,0.550,0.448,0.147,0.175,0.125,0.115,0.035,0.051,0.028,0.969,49.960
2410121574,2026-10-09 07:30:00,233.590,232.660,233.040,0.520,0.340,0.310,0.269,0.119,0.077,0.071,-0.031,-0.007,-0.013,-0.010,0.992,49.990
2410131378,2026-10-09 07:30:00,232.440,232.610,231.810,0.840,0.990,0.980,0.607,0.186,0.219,0.201,0.184,0.050,0.062,0.075,0.953,50.000
2410131383,2026-10-09 07:30:00,233.480,232.700,232.810,0.190,0.160,0.220,0.134,0.044,0.037,0.051,0.003,0.000,0.001,0.001,1.000,49.940
2410131384,2026-10-09 07:30:00,236.460,236.940,236.190,1.040,1.030,1.070,0.778,0.243,0.268,0.266,0.213,0.068,0.075,0.064,0.957,49.920
2410131387,2026-10-09 07:30:00,232.760,233.440,232.880,0.060,0.070,0.080,0.047,0.013,0.015,0.018,-0.015,-0.004,-0.005,-0.005,0.945,49.950
2410320615,2026-10-09 07:30:00,231.500,231.750,231.840,2.330,2.390,2.490,1.615,0.518,0.523,0.555,0.370,0.102,0.143,0.125,0.973,49.920
2410883988,2026-10-09 07:30:00,229.620,229.880,229.500,0.370,0.370,0.450,0.261,0.080,0.081,0.098,0.078,0.026,0.025,0.026,0.956,49.930
2410883990,2026-10-09 07:30:00,229.740,229.250,229.330,0.020,0.050,0.140,0.028,0.004,0.008,0.014,0.038,0.001,0.008,0.027,0.595,49.890
2410883991,2026-10-09 07:30:00,236.540,236.950,237.440,0.060,0.130,0.170,0.081,0.015,0.030,0.036,0.021,0.000,0.004,0.017,0.974,50.030
2410883993,2026-10-09 07:30:00,237.040,236.000,236.630,0.930,0.940,0.910,0.602,0.204,0.217,0.180,0.048,0.015,0.026,0.011,0.996,49.900
2410883994,2026-10-09 07:30:00,237.450,236.390,237.040,0.000,0.000,0.000,0.001,0.000,0.000,0.000,0.000,0.000,0.000,0.000,1.000,49.990
2410932742,2026-10-09 07:30:00,228.690,226.960,227.090,3.300,3.210,3.420,2.110,0.706,0.682,0.721,0.599,0.200,0.185,0.212,0.962,49.920
2411087433,2026-10-09 07:30:00,236.750,237.110,237.610,0.400,0.460,0.490,0.341,0.103,0.115,0.122,0.051,0.014,0.014,0.022,0.985,49.900
2411290205,2026-10-09 07:30:00,231.670,231.770,232.440,2.470,2.310,2.420,1.632,0.560,0.521,0.550,0.132,0.053,0.042,0.037,0.996,50.030
2510014481,2026-10-09 07:30:00,227.850,228.010,229.600,1.740,1.770,1.750,1.346,0.443,0.442,0.460,0.340,0.116,0.120,0.103,0.957,49.900
2510014482,2026-10-09 07:30:00,233.090,233.420,232.630,0.020,0.040,0.000,0.014,0.003,0.009,0.000,-0.001,-0.001,0.000,0.000,1.000,49.930
2510014483,2026-10-09 07:30:00,236.710,237.140,237.560,0.030,0.030,0.050,0.016,0.005,0.004,0.006,-0.018,-0.005,-0.005,-0.008,0.666,49.890
2510014484,2026-10-09 07:30:00,231.050,231.000,231.810,1.800,2.070,1.610,1.187,0.383,0.463,0.345,0.373,0.128,0.114,0.129,0.954,49.900
2510178139,2026-10-09 07:30:00,233.160,233.590,232.660,0.050,0.030,0.040,0.029,0.012,0.006,0.010,0.005,0.003,0.001,0.000,0.996,49.910
2510178141,2026-10-09 07:30:00,232.100,232.620,232.900,0.610,0.300,0.330,0.263,0.119,0.068,0.076,0.008,0.020,-0.004,-0.007,1.000,49.890
2510203103,2026-10-09 07:30:00,225.340,223.550,223.930,0.180,0.190,0.150,0.065,0.026,0.021,0.017,0.111,0.038,0.039,0.032,0.271,49.920
2510203104,2026-10-09 07:30:00,230.540,230.890,231.310,0.580,0.450,0.620,0.375,0.132,0.109,0.139,0.086,0.028,0.026,0.031,0.974,49.930
2510203105,2026-10-09 07:30:00,230.920,228.980,229.480,0.640,0.710,0.560,0.455,0.152,0.167,0.134,0.064,0.019,0.025,0.017,0.987,49.910
2510203106,2026-10-09 07:30:00,232.580,232.410,233.200,0.010,0.010,0.000,0.005,0.001,0.003,0.000,-0.002,-0.001,0.000,0.000,0.845,49.920
2510203107,2026-10-09 07:30:00,220.470,220.310,221.030,0.910,0.930,0.880,0.566,0.192,0.191,0.182,0.147,0.044,0.055,0.047,0.965,49.880
2510203108,2026-10-09 07:30:00,232.720,232.830,232.110,0.660,1.160,1.030,0.680,0.157,0.302,0.220,0.163,0.044,0.056,0.060,0.980,49.910
2510203109,2026-10-09 07:30:00,236.840,237.430,236.560,0.150,0.090,0.030,0.059,0.032,0.021,0.006,0.017,0.013,0.001,0.002,0.962,49.920
2510203111,2026-10-09 07:30:00,231.670,232.360,232.650,3.200,2.840,3.240,1.932,0.659,0.587,0.686,0.573,0.224,0.159,0.188,0.957,49.910
2510203113,2026-10-09 07:30:00,233.360,232.710,232.650,0.330,0.540,0.560,0.330,0.077,0.123,0.129,-0.017,-0.003,-0.008,-0.005,0.998,49.930
2510203114,2026-10-09 07:30:00,230.540,231.080,231.330,0.550,0.420,0.560,0.349,0.123,0.096,0.129,0.059,0.026,0.015,0.017,0.985,49.920
2510203117,2026-10-09 07:30:00,229.510,229.140,229.130,0.120,0.120,0.140,0.049,0.014,0.020,0.014,0.072,0.024,0.019,0.027,0.552,49.900
2510203120,2026-10-09 07:30:00,236.840,236.010,236.440,0.900,0.640,0.680,0.498,0.203,0.144,0.151,0.237,0.089,0.069,0.079,0.909,49.900
2510203121,2026-10-09 07:30:00,229.210,229.200,229.600,0.010,0.010,0.090,0.024,0.003,0.001,0.019,-0.007,0.000,-0.001,-0.005,0.965,49.900
2510203122,2026-10-09 07:30:00,232.920,233.360,232.510,0.040,0.100,0.020,0.033,0.007,0.022,0.003,-0.002,0.005,-0.007,0.000,0.985,49.930
2510203123,2026-10-09 07:30:00,231.490,232.200,232.450,1.980,1.990,1.620,0.612,0.186,0.240,0.185,0.232,0.071,0.060,0.094,0.958,49.920
2510203124,2026-10-09 07:30:00,232.950,232.870,232.170,0.550,0.570,0.570,0.381,0.124,0.127,0.129,0.116,0.037,0.040,0.039,0.953,49.930
2510203125,2026-10-09 07:30:00,232.970,233.610,232.940,0.030,0.030,0.060,0.019,0.003,0.003,0.012,-0.016,-0.005,-0.005,-0.004,0.771,49.900
2510203126,2026-10-09 07:30:00,229.250,229.330,229.620,0.440,0.370,0.370,0.259,0.097,0.080,0.081,0.076,0.025,0.025,0.025,0.959,49.940
2510203127,2026-10-09 07:30:00,233.080,233.470,232.730,0.030,0.010,0.040,0.016,0.007,0.001,0.006,-0.006,0.000,0.000,-0.005,0.936,50.000
2510203128,2026-10-09 07:30:00,236.960,237.540,236.240,1.200,0.930,1.160,0.764,0.278,0.210,0.272,0.017,0.006,-0.004,0.015,1.000,49.910
2510203130,2026-10-09 07:30:00,241.520,241.680,243.290,0.000,0.000,0.040,0.010,0.000,0.000,0.010,0.002,0.000,0.000,0.002,0.966,49.920
2510203133,2026-10-09 07:30:00,232.870,233.320,232.590,0.020,0.020,0.000,0.010,0.005,0.003,0.000,-0.002,0.000,-0.001,0.000,1.000,50.020
2510203134,2026-10-09 07:30:00,237.840,236.790,237.180,0.020,0.010,0.010,0.007,0.004,0.002,0.001,-0.001,0.000,-0.001,0.000,0.979,49.920
2510224049,2026-10-09 07:30:00,228.960,229.280,228.950,0.050,1.240,0.020,0.150,0.000,0.140,0.000,-0.130,0.000,-0.120,0.000,0.778,49.880
2510224167,2026-10-09 07:30:00,229.100,229.020,229.420,0.780,0.120,0.360,0.170,0.100,0.010,0.050,-0.150,-0.080,-0.010,-0.050,0.748,49.910
2510317505,2026-10-09 07:30:00,229.120,229.130,229.490,0.090,0.030,2.170,0.270,0.010,0.000,0.250,-0.240,-0.010,0.000,-0.230,0.743,49.890
2510317516,2026-10-09 07:30:00,229.140,229.210,229.520,0.000,0.000,0.000,0.000,0.000,0.000,0.000,0.000,0.000,0.000,0.000,1.000,49.910
2510317537,2026-10-09 07:30:00,235.930,236.390,236.800,2.360,2.220,2.110,1.480,0.490,0.500,0.470,-0.250,-0.080,-0.080,-0.080,0.986,49.900
2510389559,2026-10-09 07:30:00,232.900,232.870,233.610,0.000,0.000,0.000,0.000,0.000,0.000,0.000,0.000,0.000,0.000,0.000,1.000,49.930
2510389643,2026-10-09 07:30:00,232.630,232.610,233.350,3.050,0.000,0.000,0.660,0.660,0.000,0.000,-0.040,-0.040,0.000,0.000,0.997,49.900
2510389931,2026-10-09 07:30:00,231.190,230.940,231.780,0.050,0.000,0.000,0.000,0.000,0.000,0.000,-0.010,-0.010,0.000,0.000,0.195,49.890
2510633381,2026-10-09 07:30:00,237.570,236.610,237.070,0.050,0.050,0.020,0.021,0.009,0.008,0.003,-0.012,-0.005,-0.005,-0.001,0.877,49.930
2510633382,2026-10-09 07:30:00,232.100,232.820,232.170,0.470,0.480,0.500,0.332,0.107,0.108,0.116,0.072,0.024,0.024,0.023,0.977,49.970
2510633383,2026-10-09 07:30:00,232.700,233.400,233.730,1.090,0.780,1.160,0.653,0.245,0.161,0.246,-0.013,0.009,-0.007,-0.015,0.999,49.930
2510633385,2026-10-09 07:30:00,232.970,233.050,233.680,0.290,0.020,0.110,0.096,0.066,0.004,0.025,0.000,-0.005,-0.001,0.005,1.000,49.960
2510633386,2026-10-09 07:30:00,223.400,223.760,224.270,0.380,0.380,0.380,0.136,0.046,0.042,0.046,-0.210,-0.070,-0.070,-0.068,0.546,49.970
2510633387,2026-10-09 07:30:00,233.390,233.790,233.010,0.010,0.020,0.000,0.004,0.002,0.002,0.000,0.002,0.000,0.002,0.000,0.963,49.970
2510633389,2026-10-09 07:30:00,232.400,231.710,231.620,1.200,1.180,1.200,0.837,0.277,0.275,0.272,0.155,0.048,0.050,0.056,0.981,49.960
2510633390,2026-10-09 07:30:00,236.950,237.760,236.730,0.680,0.640,0.650,0.417,0.141,0.144,0.131,0.103,0.018,0.040,0.044,0.971,49.950
2510633391,2026-10-09 07:30:00,122.270,122.220,122.230,0.430,0.330,0.640,0.160,0.047,0.036,0.076,-0.002,0.024,-0.019,-0.008,1.000,49.940
2510633393,2026-10-09 07:30:00,231.400,232.080,231.420,1.430,1.470,1.470,0.986,0.322,0.336,0.329,0.193,0.065,0.057,0.069,0.981,49.990
2510633395,2026-10-09 07:30:00,233.040,233.270,232.320,0.000,0.000,0.000,0.000,0.000,0.000,0.000,0.000,0.000,0.000,0.000,1.000,49.920
2510633396,2026-10-09 07:30:00,233.170,232.460,233.180,0.650,0.670,0.610,0.413,0.138,0.144,0.130,0.132,0.044,0.045,0.042,0.951,49.930
2510633397,2026-10-09 07:30:00,243.730,242.700,243.210,0.040,0.010,0.050,0.023,0.010,0.001,0.011,-0.001,0.001,-0.002,0.000,1.000,49.950
2510633399,2026-10-09 07:30:00,228.940,228.900,229.340,0.250,0.310,0.310,0.198,0.055,0.070,0.071,0.004,0.001,0.002,0.001,0.998,49.940
2510633400,2026-10-09 07:30:00,228.330,228.670,228.180,0.630,0.570,0.580,0.374,0.127,0.120,0.125,0.144,0.046,0.048,0.048,0.925,49.940
2510633402,2026-10-09 07:30:00,228.920,229.040,230.510,0.590,0.600,0.730,0.458,0.143,0.142,0.172,0.080,0.025,0.024,0.031,0.982,49.970
2510633406,2026-10-09 07:30:00,229.280,229.240,229.730,0.010,0.010,0.010,0.003,0.001,0.000,0.000,-0.003,-0.001,0.000,-0.001,0.701,49.900
2510633411,2026-10-09 07:30:00,227.230,226.760,226.720,1.710,1.620,1.700,1.058,0.362,0.340,0.356,0.372,0.122,0.119,0.130,0.942,49.930
2510814977,2026-10-09 07:30:00,229.480,230.890,229.090,0.020,0.010,0.010,0.005,0.003,0.000,0.001,-0.001,0.001,-0.001,-0.001,0.964,49.910
2610026950,2026-10-09 07:30:00,229.830,229.270,229.360,0.010,0.000,0.030,0.009,0.002,0.000,0.006,0.000,0.000,0.000,0.000,0.988,49.900
2610026952,2026-10-09 07:30:00,233.660,233.170,233.330,0.300,0.290,0.360,0.217,0.067,0.066,0.083,0.014,0.015,-0.004,0.003,0.997,49.970
2610026953,2026-10-09 07:30:00,232.070,231.880,232.600,0.570,0.580,0.570,0.424,0.140,0.147,0.136,0.158,0.056,0.052,0.046,0.927,49.900
2610026963,2026-10-09 07:30:00,233.360,233.620,234.120,0.080,0.060,0.060,0.013,0.011,0.001,0.000,-0.042,-0.015,-0.013,-0.013,0.305,49.940
2610026966,2026-10-09 07:30:00,230.920,230.730,230.260,0.660,0.650,0.700,0.438,0.165,0.140,0.132,0.010,-0.006,0.013,0.003,0.999,49.930
2610026976,2026-10-09 07:30:00,232.710,232.850,233.560,0.660,1.010,1.130,0.618,0.128,0.222,0.266,0.030,0.006,0.028,-0.004,0.998,49.930
2610026977,2026-10-09 07:30:00,242.400,242.490,241.780,0.000,0.010,0.000,0.001,0.000,0.001,0.000,-0.001,0.000,0.000,0.000,0.533,49.930
2610126270,2026-10-09 07:30:00,229.250,229.580,229.280,0.010,0.020,0.010,0.008,0.001,0.004,0.002,-0.004,-0.001,-0.001,-0.001,0.857,49.880
2610126451,2026-10-09 07:30:00,233.350,233.620,232.850,0.000,0.000,0.040,0.009,0.000,0.000,0.009,0.001,0.000,0.000,0.001,1.000,49.900
2610159558,2026-10-09 07:30:00,236.550,237.010,237.530,0.000,0.040,0.010,0.012,0.000,0.009,0.002,0.000,0.000,0.000,0.000,1.000,49.900
2610170785,2026-10-09 07:30:00,237.330,236.360,236.940,0.030,0.030,0.040,0.012,0.005,0.005,0.001,0.010,0.003,0.004,0.002,0.923,49.890
2610170786,2026-10-09 07:30:00,236.370,236.830,237.280,0.410,0.460,0.490,0.371,0.115,0.124,0.129,0.075,0.024,0.023,0.028,0.975,49.900
2610170836,2026-10-09 07:30:00,232.240,232.860,233.110,0.330,0.230,0.390,0.212,0.078,0.044,0.061,0.096,0.030,0.029,0.035,0.909,49.890
2610170837,2026-10-09 07:30:00,230.950,229.100,229.330,0.000,0.010,0.060,0.013,0.000,0.003,0.010,0.011,0.000,0.000,0.011,0.724,49.890
2610170838,2026-10-09 07:30:00,237.470,236.350,236.970,0.030,0.070,0.020,0.039,0.009,0.021,0.008,0.000,0.000,0.000,0.000,0.995,49.930
2610170839,2026-10-09 07:30:00,236.430,236.940,237.420,0.000,0.000,0.020,0.005,0.000,0.000,0.004,0.000,0.000,0.000,0.000,1.000,49.890
2610322967,2026-10-09 07:30:00,237.840,236.800,237.020,0.030,0.000,0.000,0.002,0.001,0.000,0.000,0.000,0.000,0.000,0.000,0.969,49.900
2610322992,2026-10-09 07:30:00,227.150,228.140,228.960,2.600,2.750,2.610,1.729,0.556,0.604,0.576,0.382,0.156,0.106,0.118,0.976,49.890
2610322995,2026-10-09 07:30:00,236.490,236.860,237.310,0.000,0.000,0.000,0.000,0.000,0.000,0.000,0.000,0.000,0.000,0.000,1.000,49.900
2610322997,2026-10-09 07:30:00,228.960,229.570,228.320,0.950,1.100,0.790,0.611,0.215,0.229,0.163,0.213,0.025,0.112,0.075,0.946,49.890
2610323001,2026-10-09 07:30:00,228.960,227.510,227.500,1.870,1.750,2.070,1.243,0.411,0.382,0.449,0.450,0.154,0.145,0.148,0.940,49.890
2610323004,2026-10-09 07:30:00,63.670,63.060,63.580,0.760,0.810,0.690,0.126,0.043,0.043,0.038,0.048,0.012,0.019,0.016,0.933,49.890
2610323005,2026-10-09 07:30:00,229.400,229.790,229.390,0.000,0.000,0.000,0.001,0.000,0.001,0.000,0.000,0.000,0.000,0.000,0.959,49.880
2610323010,2026-10-09 07:30:00,233.040,232.370,232.320,0.090,0.000,0.150,0.034,0.019,0.000,0.014,0.000,-0.005,0.000,0.006,0.997,49.880
2610323014,2026-10-09 07:30:00,232.770,233.080,233.510,0.020,0.000,0.000,0.004,0.004,0.000,0.000,-0.002,-0.002,0.000,0.000,0.842,49.890
2610323016,2026-10-09 07:30:00,229.110,227.480,227.840,1.430,1.390,1.360,0.838,0.289,0.276,0.272,0.410,0.138,0.140,0.131,0.898,49.890
2610323017,2026-10-09 07:30:00,236.530,236.930,235.990,0.000,0.000,0.000,0.000,0.000,0.000,0.000,0.000,0.000,0.000,0.000,1.000,49.890
2610323019,2026-10-09 07:30:00,229.090,229.600,229.270,0.020,0.060,0.020,0.022,0.004,0.012,0.004,-0.007,-0.001,-0.003,-0.002,0.962,49.890
2610323027,2026-10-09 07:30:00,237.500,236.430,236.990,0.000,0.000,0.000,0.000,0.000,0.000,0.000,0.000,0.000,0.000,0.000,1.000,49.900
2610159557,2026-10-09 07:31:00,237.580,236.660,237.070,0.020,0.030,0.030,0.018,0.004,0.006,0.007,-0.006,-0.003,-0.001,-0.001,0.922,49.970
2610170840,2026-10-09 07:31:00,232.470,232.180,233.080,0.870,0.880,0.880,0.570,0.188,0.190,0.191,-0.202,-0.068,-0.068,-0.065,0.942,49.990
2610322969,2026-10-09 07:31:00,229.260,228.830,228.850,0.360,0.350,0.450,0.243,0.067,0.058,0.070,0.122,0.045,0.038,0.037,0.879,49.990
2411087432,2026-10-09 07:32:00,233.260,233.670,232.870,0.440,0.420,0.490,0.315,0.102,0.098,0.114,0.008,0.005,0.000,0.003,0.999,49.950
2246006313,2026-10-09 08:00:00,57.900,57.800,57.800,0.884,0.895,0.861,0.143,0.047,0.048,0.046,0.017,0.006,0.005,0.004,0.992,50.140
2410121326,2026-10-09 08:00:00,233.710,232.880,233.280,0.500,0.460,0.470,0.321,0.108,0.106,0.107,0.044,0.015,0.015,0.013,0.990,50.130
2410121353,2026-10-09 08:00:00,233.280,232.550,232.790,0.340,0.380,0.290,0.227,0.078,0.087,0.061,0.070,0.021,0.018,0.029,0.957,50.120
2410121371,2026-10-09 08:00:00,233.890,232.840,233.220,0.040,0.020,0.030,0.021,0.008,0.004,0.007,-0.003,-0.002,-0.001,0.000,0.999,50.130
2410121424,2026-10-09 08:00:00,233.410,232.630,232.980,0.010,0.010,0.010,0.005,0.001,0.001,0.002,-0.002,-0.001,-0.001,0.000,0.883,50.100
2410121440,2026-10-09 08:00:00,233.710,232.930,233.220,0.010,0.010,0.010,0.005,0.002,0.000,0.001,-0.002,-0.001,-0.001,0.000,0.915,50.110
2410121454,2026-10-09 08:00:00,232.750,233.220,232.140,0.370,0.500,0.620,0.342,0.086,0.117,0.138,0.037,0.009,0.007,0.021,0.995,50.100
2410121574,2026-10-09 08:00:00,233.030,232.020,232.490,0.810,0.720,0.620,0.475,0.152,0.133,0.113,0.021,0.009,0.004,0.007,0.997,50.090
2410131378,2026-10-09 08:00:00,232.960,233.360,232.380,0.770,0.850,0.980,0.505,0.149,0.179,0.175,0.155,0.039,0.050,0.065,0.979,50.140
2410131383,2026-10-09 08:00:00,234.910,234.060,234.270,0.210,0.210,0.260,0.156,0.048,0.048,0.059,0.011,0.001,0.004,0.006,0.995,50.140
2410131384,2026-10-09 08:00:00,234.850,235.340,234.610,0.880,1.020,1.020,0.573,0.179,0.192,0.202,0.201,0.066,0.070,0.061,0.952,50.170
2410131387,2026-10-09 08:00:00,233.890,234.320,233.650,0.120,0.090,0.090,0.066,0.026,0.020,0.019,-0.016,-0.009,0.000,-0.006,0.978,50.140
2410320615,2026-10-09 08:00:00,231.610,231.750,232.040,3.700,3.550,3.710,2.481,0.842,0.789,0.848,0.632,0.182,0.248,0.206,0.969,50.140
2410883988,2026-10-09 08:00:00,230.310,230.620,230.250,0.460,0.460,0.520,0.311,0.098,0.098,0.114,0.113,0.037,0.038,0.037,0.939,50.120
2410883990,2026-10-09 08:00:00,230.560,230.160,230.100,0.050,0.000,0.140,0.033,0.010,0.000,0.023,0.024,0.002,0.000,0.022,0.802,50.110
2410883991,2026-10-09 08:00:00,234.940,235.170,235.840,0.080,0.340,0.180,0.143,0.018,0.083,0.041,0.012,0.002,0.008,0.002,0.997,50.140
2410883994,2026-10-09 08:00:00,235.720,234.820,235.310,0.000,0.000,0.000,0.001,0.000,0.000,0.000,0.000,0.000,0.000,0.000,0.999,50.100
2410932742,2026-10-09 08:00:00,225.810,224.110,224.000,3.180,3.140,3.350,2.020,0.670,0.656,0.694,0.556,0.183,0.173,0.199,0.964,50.150
2411087432,2026-10-09 08:00:00,233.270,233.920,232.940,0.610,0.890,0.890,0.529,0.140,0.194,0.194,-0.030,0.001,-0.020,-0.011,0.997,50.110
2411087433,2026-10-09 08:00:00,235.100,235.400,235.920,0.560,0.590,0.620,0.435,0.137,0.149,0.152,-0.012,-0.007,-0.007,0.003,1.000,50.140
2411290205,2026-10-09 08:00:00,230.580,230.950,231.340,3.200,3.060,3.190,1.953,0.660,0.630,0.662,0.829,0.289,0.269,0.269,0.918,50.140
2510014481,2026-10-09 08:00:00,222.950,222.770,224.320,2.660,2.930,2.870,2.017,0.651,0.689,0.676,0.802,0.268,0.271,0.252,0.915,50.150
2510014482,2026-10-09 08:00:00,233.490,233.980,233.060,0.450,0.500,0.110,0.244,0.105,0.118,0.020,-0.011,-0.004,-0.001,-0.006,0.998,50.110
2510014483,2026-10-09 08:00:00,234.530,234.920,235.430,0.030,0.030,0.050,0.017,0.004,0.004,0.008,-0.018,-0.004,-0.005,-0.008,0.680,50.120
2510014484,2026-10-09 08:00:00,232.700,232.790,233.450,1.790,2.050,1.690,1.223,0.412,0.450,0.360,0.379,0.131,0.116,0.131,0.958,50.110
2510178139,2026-10-09 08:00:00,234.090,234.600,233.700,0.090,0.060,0.120,0.059,0.019,0.011,0.027,0.012,0.004,0.005,0.002,0.969,50.140
2510178141,2026-10-09 08:00:00,233.200,233.850,234.260,0.530,0.280,0.330,0.254,0.117,0.062,0.074,0.010,0.022,-0.003,-0.008,0.997,50.110
2510203103,2026-10-09 08:00:00,221.540,219.920,220.120,0.220,0.220,0.170,0.105,0.046,0.027,0.031,0.119,0.042,0.043,0.033,0.381,50.150
2510203104,2026-10-09 08:00:00,228.870,228.850,229.430,1.010,1.140,1.170,0.713,0.223,0.240,0.249,0.210,0.046,0.080,0.083,0.959,50.160
2510203105,2026-10-09 08:00:00,226.410,224.790,225.130,1.360,1.500,1.310,0.922,0.300,0.332,0.286,0.094,0.032,0.032,0.029,0.986,50.140
2510203106,2026-10-09 08:00:00,234.210,234.130,234.820,0.010,0.010,0.000,0.005,0.001,0.003,0.000,-0.002,-0.001,0.000,0.000,0.857,50.170
2510203107,2026-10-09 08:00:00,222.190,222.230,222.730,0.440,0.490,0.460,0.299,0.094,0.106,0.099,0.075,0.021,0.026,0.027,0.970,50.100
2510203108,2026-10-09 08:00:00,233.540,233.410,232.770,0.840,1.650,1.310,0.814,0.185,0.335,0.293,0.160,0.022,0.068,0.069,0.971,50.150
2510203109,2026-10-09 08:00:00,234.840,235.430,234.530,0.140,0.110,0.030,0.062,0.029,0.025,0.007,0.016,0.015,0.000,0.001,0.969,50.140
2510203111,2026-10-09 08:00:00,233.190,233.980,234.190,2.270,1.960,2.460,1.429,0.484,0.407,0.537,0.283,0.146,0.056,0.080,0.980,50.160
2510203113,2026-10-09 08:00:00,233.080,232.320,232.330,2.840,2.800,3.140,1.990,0.644,0.629,0.716,0.240,0.060,0.083,0.097,0.992,50.120
2510203114,2026-10-09 08:00:00,228.270,228.370,228.790,1.000,1.060,1.070,0.635,0.203,0.213,0.219,0.206,0.055,0.073,0.077,0.954,50.140
2510203117,2026-10-09 08:00:00,230.630,230.270,230.150,0.140,0.310,0.160,0.123,0.021,0.068,0.033,0.074,0.023,0.022,0.028,0.834,50.140
2510203120,2026-10-09 08:00:00,234.990,234.170,234.580,1.260,0.960,0.990,0.706,0.281,0.207,0.217,0.245,0.090,0.078,0.076,0.944,50.140
2510203121,2026-10-09 08:00:00,230.440,230.380,230.810,0.010,0.010,0.100,0.026,0.003,0.001,0.021,-0.007,0.000,-0.002,-0.005,0.940,50.140
2510203122,2026-10-09 08:00:00,233.310,233.960,233.030,0.230,0.140,0.180,0.110,0.039,0.031,0.040,0.026,0.017,-0.005,0.015,0.970,50.130
2510203123,2026-10-09 08:00:00,233.130,233.730,234.010,1.250,1.950,1.110,1.077,0.331,0.418,0.225,0.310,0.111,0.077,0.120,0.947,50.170
2510203124,2026-10-09 08:00:00,233.490,233.480,232.820,0.760,0.810,0.790,0.511,0.165,0.174,0.171,0.158,0.050,0.053,0.054,0.956,50.130
2510203125,2026-10-09 08:00:00,234.500,235.010,234.330,0.030,0.030,0.070,0.021,0.002,0.003,0.015,-0.017,-0.005,-0.005,-0.005,0.783,50.130
2510203126,2026-10-09 08:00:00,230.290,230.200,230.700,0.520,0.450,0.460,0.310,0.114,0.097,0.098,0.112,0.037,0.037,0.037,0.939,50.130
2510203127,2026-10-09 08:00:00,233.390,233.730,232.960,0.920,1.060,1.110,0.675,0.196,0.230,0.248,0.117,0.029,0.041,0.046,0.984,50.130
2510203128,2026-10-09 08:00:00,235.080,235.520,234.120,1.390,1.310,1.410,0.938,0.317,0.299,0.328,0.053,0.009,0.012,0.031,0.998,50.140
2510203130,2026-10-09 08:00:00,237.410,237.410,238.980,0.000,0.000,0.080,0.017,0.000,0.000,0.017,0.001,0.000,0.000,0.001,0.994,50.130
2510203133,2026-10-09 08:00:00,234.490,234.970,234.100,0.090,0.040,0.010,0.031,0.020,0.008,0.002,-0.005,-0.002,-0.003,0.000,0.989,50.040
2510203134,2026-10-09 08:00:00,236.530,235.500,235.860,0.020,0.010,0.010,0.007,0.004,0.002,0.001,-0.001,0.000,-0.001,0.000,0.973,50.140
2510224049,2026-10-09 08:00:00,229.920,230.240,229.820,0.110,1.230,8.220,2.040,0.010,0.150,1.870,0.000,0.010,-0.120,0.090,1.000,50.100
2510224167,2026-10-09 08:00:00,230.110,229.980,230.590,0.770,0.120,0.360,0.170,0.100,0.010,0.050,-0.150,-0.080,-0.010,-0.050,0.745,50.110
2510317505,2026-10-09 08:00:00,230.230,230.110,230.600,0.090,0.030,2.160,0.270,0.010,0.000,0.250,-0.250,-0.010,0.000,-0.230,0.739,50.100
2510317516,2026-10-09 08:00:00,230.110,230.090,230.510,0.000,0.000,0.000,0.000,0.000,0.000,0.000,0.000,0.000,0.000,0.000,1.000,50.120
2510317537,2026-10-09 08:00:00,234.290,234.430,235.230,2.240,2.420,2.320,1.560,0.470,0.530,0.500,-0.250,-0.070,-0.090,-0.080,0.986,50.110
2510389559,2026-10-09 08:00:00,233.950,233.860,234.700,0.000,0.000,0.000,0.000,0.000,0.000,0.000,0.000,0.000,0.000,0.000,1.000,50.110
2510389643,2026-10-09 08:00:00,234.360,234.150,234.920,1.310,0.000,0.000,0.170,0.170,0.000,0.000,-0.030,-0.030,0.000,0.000,0.974,50.110
2510389931,2026-10-09 08:00:00,233.630,233.480,234.130,0.050,0.000,0.000,0.000,0.000,0.000,0.000,-0.010,-0.010,0.000,0.000,0.183,50.100
2510633381,2026-10-09 08:00:00,235.520,234.550,234.910,0.170,0.120,0.100,0.088,0.038,0.027,0.022,-0.014,-0.007,-0.004,-0.002,0.985,50.130
2510633382,2026-10-09 08:00:00,232.580,233.220,232.490,0.970,0.960,1.030,0.617,0.200,0.199,0.217,0.331,0.112,0.108,0.110,0.883,50.120
2510633383,2026-10-09 08:00:00,232.940,233.500,233.950,1.210,0.850,1.140,0.715,0.272,0.185,0.257,-0.004,0.012,-0.005,-0.011,1.000,50.140
2510633385,2026-10-09 08:00:00,234.250,234.140,234.940,0.140,0.220,0.020,0.089,0.031,0.052,0.005,-0.003,-0.005,0.003,-0.001,1.000,50.120
2510633386,2026-10-09 08:00:00,221.420,221.660,222.230,0.380,0.370,0.360,0.129,0.045,0.043,0.040,-0.210,-0.071,-0.070,-0.068,0.525,50.120
2510633387,2026-10-09 08:00:00,233.000,233.440,232.700,0.030,0.000,0.000,0.008,0.007,0.000,0.000,-0.001,0.000,0.000,0.000,0.935,50.110
2510633389,2026-10-09 08:00:00,232.390,231.600,231.560,1.960,1.920,1.930,1.218,0.407,0.411,0.408,0.498,0.160,0.163,0.174,0.928,50.120
2510633390,2026-10-09 08:00:00,234.690,235.530,234.420,0.770,0.670,0.660,0.491,0.187,0.147,0.156,0.107,0.038,0.044,0.024,0.974,50.130
2510633391,2026-10-09 08:00:00,122.610,122.490,122.150,0.310,0.540,0.740,0.184,0.033,0.063,0.087,-0.005,0.017,-0.028,0.009,0.997,50.140
2510633393,2026-10-09 08:00:00,232.230,232.770,232.140,1.760,1.800,1.790,1.206,0.397,0.408,0.409,0.265,0.090,0.081,0.092,0.977,50.120
2510633395,2026-10-09 08:00:00,233.870,234.300,233.260,0.000,0.000,0.000,0.000,0.000,0.000,0.000,0.000,0.000,0.000,0.000,1.000,50.140
2510633396,2026-10-09 08:00:00,233.240,232.640,233.140,0.940,0.970,0.890,0.667,0.226,0.229,0.212,0.172,0.054,0.061,0.054,0.968,50.130
2510633397,2026-10-09 08:00:00,241.540,240.500,240.920,0.050,0.080,0.090,0.052,0.012,0.018,0.021,-0.002,0.000,-0.002,0.000,0.989,50.140
2510633399,2026-10-09 08:00:00,230.080,229.910,230.510,0.220,0.320,0.290,0.189,0.051,0.071,0.066,0.007,0.003,0.003,0.001,1.000,50.120
2510633400,2026-10-09 08:00:00,229.410,229.800,229.460,0.570,0.620,0.580,0.350,0.114,0.119,0.116,0.135,0.043,0.050,0.042,0.940,50.130
2510633402,2026-10-09 08:00:00,224.530,224.520,225.890,0.880,0.990,1.050,0.574,0.169,0.195,0.209,0.149,0.047,0.045,0.055,0.959,50.120
2510633406,2026-10-09 08:00:00,230.370,230.230,230.740,0.010,0.010,0.010,0.003,0.001,0.001,0.000,-0.003,-0.001,0.000,-0.001,0.693,50.140
2510633411,2026-10-09 08:00:00,228.930,228.400,228.330,1.560,1.450,1.490,0.963,0.336,0.309,0.317,0.289,0.094,0.094,0.100,0.957,50.140
2510814977,2026-10-09 08:00:00,225.490,226.860,225.400,0.020,0.010,0.010,0.005,0.003,0.000,0.001,-0.001,0.000,-0.001,-0.001,0.885,50.140
2610026950,2026-10-09 08:00:00,230.860,230.330,230.290,0.020,0.010,0.050,0.015,0.003,0.001,0.010,0.000,0.000,0.000,0.000,1.000,50.150
2610026952,2026-10-09 08:00:00,232.200,231.540,231.730,2.350,2.330,2.410,1.568,0.517,0.514,0.531,0.399,0.142,0.125,0.132,0.970,50.130
2610026963,2026-10-09 08:00:00,233.850,233.940,234.530,0.170,0.060,0.070,0.034,0.033,-0.004,0.004,-0.051,-0.021,-0.013,-0.015,0.550,50.130
2610026976,2026-10-09 08:00:00,233.190,233.320,233.960,0.730,0.980,1.280,0.689,0.166,0.217,0.311,0.011,0.008,0.014,-0.011,0.999,50.130
2610026977,2026-10-09 08:00:00,240.420,240.620,239.900,0.140,0.140,0.140,0.075,0.024,0.026,0.024,0.068,0.022,0.022,0.023,0.739,50.140
2610126270,2026-10-09 08:00:00,230.180,230.520,230.260,0.010,0.040,0.020,0.015,0.002,0.009,0.003,-0.005,-0.001,-0.001,-0.002,0.929,50.100
2610126451,2026-10-09 08:00:00,234.480,234.880,234.100,0.020,0.000,0.080,0.023,0.006,0.000,0.017,0.005,0.001,0.000,0.004,0.988,50.140
2610159557,2026-10-09 08:00:00,235.630,234.710,235.050,0.020,0.020,0.020,0.013,0.003,0.004,0.005,-0.006,-0.002,-0.001,-0.001,0.894,50.150
2610159558,2026-10-09 08:00:00,234.710,235.120,235.570,0.020,0.010,0.020,0.009,0.005,0.001,0.005,0.000,0.000,0.000,0.000,1.000,50.150
2610170785,2026-10-09 08:00:00,235.340,234.440,234.880,0.020,0.020,0.010,0.015,0.005,0.003,0.006,0.005,0.002,0.002,0.000,0.817,50.140
2610170786,2026-10-09 08:00:00,234.450,234.720,235.200,0.950,1.030,0.960,0.758,0.245,0.250,0.263,0.188,0.059,0.061,0.069,0.961,50.110
2610170836,2026-10-09 08:00:00,232.910,233.460,233.810,0.470,0.370,0.530,0.323,0.106,0.100,0.116,0.144,0.051,0.038,0.053,0.834,50.130
2610170837,2026-10-09 08:00:00,226.920,225.310,225.290,0.000,0.000,0.040,0.008,0.000,0.000,0.008,0.003,0.000,0.000,0.003,0.978,50.100
2610170838,2026-10-09 08:00:00,235.520,234.290,234.950,0.010,0.140,0.000,0.028,0.001,0.027,0.000,0.011,0.000,0.010,0.000,0.964,50.110
2610170839,2026-10-09 08:00:00,234.400,234.740,235.330,0.020,0.020,0.020,0.014,0.005,0.004,0.004,0.000,0.000,0.000,0.000,1.000,50.110
2610170840,2026-10-09 08:00:00,233.610,233.470,234.270,0.000,0.000,0.000,0.000,0.000,0.000,0.000,0.000,0.000,0.000,0.000,0.516,50.100
2610322967,2026-10-09 08:00:00,235.970,234.900,235.060,0.000,0.000,0.000,0.000,0.000,0.000,0.000,0.000,0.000,0.000,0.000,1.000,50.140
2610322969,2026-10-09 08:00:00,230.380,229.890,229.900,0.550,0.570,0.490,0.307,0.103,0.114,0.089,0.199,0.069,0.063,0.056,0.857,50.140
2610322992,2026-10-09 08:00:00,222.370,223.030,223.830,3.130,3.520,3.350,2.110,0.642,0.753,0.713,0.697,0.264,0.208,0.225,0.948,50.090
2610322995,2026-10-09 08:00:00,234.650,234.890,235.490,0.000,0.000,0.000,0.000,0.000,0.000,0.000,0.000,0.000,0.000,0.000,1.000,50.130
2610322997,2026-10-09 08:00:00,224.540,224.880,223.900,1.270,1.500,1.100,0.731,0.261,0.273,0.197,0.266,0.038,0.138,0.093,0.947,50.120
2610323001,2026-10-09 08:00:00,224.210,223.190,222.930,2.530,2.000,2.250,1.400,0.517,0.408,0.464,0.571,0.196,0.182,0.192,0.923,50.110
2610323004,2026-10-09 08:00:00,62.620,61.990,62.460,3.350,3.490,3.410,0.622,0.204,0.211,0.206,0.130,0.039,0.041,0.048,0.978,50.140
2610323005,2026-10-09 08:00:00,230.210,230.770,230.340,0.080,0.000,0.000,0.020,0.018,0.001,0.000,0.000,0.000,0.000,0.000,0.979,50.120
2610323010,2026-10-09 08:00:00,234.470,233.620,233.760,0.040,0.130,0.080,0.034,0.006,0.010,0.017,0.002,-0.005,0.000,0.005,1.000,50.130
2610323014,2026-10-09 08:00:00,233.240,233.510,234.090,0.060,0.000,0.000,0.014,0.013,0.000,0.000,-0.001,-0.001,0.000,0.000,1.000,50.110
2610323017,2026-10-09 08:00:00,234.620,235.360,234.400,0.000,0.000,0.000,0.000,0.000,0.000,0.000,0.000,0.000,0.000,0.000,1.000,50.110
2610323019,2026-10-09 08:00:00,230.100,230.780,230.330,0.020,0.100,0.030,0.033,0.003,0.021,0.008,-0.005,-0.001,-0.002,-0.001,0.994,50.100
2610323027,2026-10-09 08:00:00,235.820,234.780,235.270,0.000,0.000,0.000,0.000,0.000,0.000,0.000,0.000,0.000,0.000,0.000,1.000,50.120
2410121457,2026-10-09 08:01:00,230.900,229.950,230.590,2.730,2.810,2.560,1.803,0.608,0.622,0.573,0.416,0.143,0.150,0.122,0.974,50.130
2610026953,2026-10-09 08:01:00,233.030,233.020,233.660,0.750,0.740,0.760,0.416,0.130,0.136,0.148,0.169,0.065,0.054,0.049,0.933,50.170
2610026966,2026-10-09 08:01:00,229.250,229.510,228.690,0.720,0.450,0.720,0.438,0.169,0.105,0.163,0.022,0.010,0.002,0.009,0.997,50.130
2610323016,2026-10-09 08:01:00,225.050,223.790,223.940,1.670,1.560,1.610,1.010,0.349,0.323,0.338,0.419,0.144,0.139,0.135,0.927,50.130
2410883993,2026-10-09 08:02:00,234.440,233.490,233.770,0.790,0.850,1.140,0.629,0.174,0.185,0.262,0.063,0.009,0.021,0.032,0.995,50.130
2246006313,2026-10-09 08:30:00,57.900,57.900,57.800,1.476,1.494,1.459,0.244,0.081,0.083,0.080,0.059,0.020,0.018,0.018,0.972,50.110
2410121326,2026-10-09 08:30:00,236.100,235.290,235.680,0.630,0.680,0.740,0.457,0.138,0.152,0.167,0.138,0.044,0.047,0.046,0.957,50.060
2410121353,2026-10-09 08:30:00,235.920,235.390,235.490,0.530,0.540,0.520,0.343,0.114,0.119,0.109,0.129,0.041,0.038,0.050,0.936,50.100
2410121371,2026-10-09 08:30:00,237.110,236.350,236.600,0.040,0.040,0.060,0.030,0.008,0.008,0.013,-0.005,-0.001,-0.002,-0.001,0.992,50.130
2410121424,2026-10-09 08:30:00,236.370,235.800,236.170,0.010,0.010,0.010,0.005,0.001,0.001,0.002,-0.002,-0.001,-0.001,0.000,0.903,50.100
2410121454,2026-10-09 08:30:00,236.220,236.550,235.600,0.300,0.430,0.520,0.290,0.072,0.100,0.120,0.033,0.006,0.006,0.020,0.993,50.110
2410121457,2026-10-09 08:30:00,234.730,233.900,234.540,2.120,2.180,1.950,1.417,0.480,0.492,0.443,0.329,0.115,0.121,0.093,0.973,50.080
2410121574,2026-10-09 08:30:00,235.320,235.110,235.050,1.570,1.010,1.140,0.863,0.359,0.241,0.262,0.075,0.046,0.000,0.027,0.996,50.090
2410131378,2026-10-09 08:30:00,235.830,236.000,235.390,0.800,1.010,1.110,0.687,0.187,0.234,0.265,0.149,0.030,0.054,0.062,0.981,50.130
2410131383,2026-10-09 08:30:00,237.580,236.960,237.010,0.180,0.190,0.250,0.146,0.043,0.044,0.059,0.008,0.000,0.003,0.004,0.999,50.050
2410131384,2026-10-09 08:30:00,237.010,237.400,236.720,0.790,1.000,0.890,0.518,0.156,0.185,0.175,0.210,0.065,0.075,0.067,0.926,50.120
2410131387,2026-10-09 08:30:00,237.150,237.650,237.310,0.100,0.070,0.070,0.054,0.022,0.016,0.014,-0.012,-0.008,0.000,-0.005,0.970,50.120
2410320615,2026-10-09 08:30:00,232.710,233.050,233.730,5.150,4.640,4.900,3.211,1.118,1.039,1.125,1.066,0.333,0.404,0.328,0.950,50.130
2410883988,2026-10-09 08:30:00,230.610,231.040,230.420,0.380,0.380,0.490,0.274,0.082,0.084,0.107,0.086,0.029,0.028,0.029,0.954,50.100
2410883990,2026-10-09 08:30:00,230.770,230.070,230.240,0.020,0.050,0.010,0.014,0.003,0.008,0.001,0.009,0.001,0.008,0.000,0.840,50.070
2410883991,2026-10-09 08:30:00,237.220,237.600,237.910,0.070,0.290,0.320,0.164,0.016,0.070,0.076,0.033,0.000,0.009,0.024,0.980,50.100
2410883993,2026-10-09 08:30:00,237.120,236.240,236.560,0.510,0.570,1.030,0.397,0.113,0.123,0.161,0.039,0.014,0.007,0.017,0.992,50.050
2410883994,2026-10-09 08:30:00,237.970,237.090,237.590,0.000,0.000,0.000,0.001,0.000,0.000,0.000,0.000,0.000,0.000,0.000,1.000,50.120
2410932742,2026-10-09 08:30:00,226.570,224.860,225.090,3.160,3.110,3.330,2.018,0.667,0.655,0.695,0.566,0.189,0.171,0.204,0.962,50.110
2411087432,2026-10-09 08:30:00,235.700,236.280,235.520,1.550,1.500,1.410,0.900,0.338,0.286,0.274,0.494,0.139,0.182,0.172,0.875,50.090
2411290205,2026-10-09 08:30:00,234.750,235.110,235.500,2.860,2.700,2.830,1.748,0.594,0.560,0.593,0.526,0.192,0.164,0.169,0.962,50.100
2510014481,2026-10-09 08:30:00,224.260,224.370,225.710,2.830,2.980,2.860,1.836,0.615,0.621,0.599,0.773,0.240,0.268,0.251,0.916,50.050
2510014482,2026-10-09 08:30:00,235.830,236.270,235.540,0.610,0.330,0.190,0.250,0.129,0.078,0.043,-0.011,-0.002,-0.002,-0.006,0.999,50.080
2510014484,2026-10-09 08:30:00,235.830,235.770,236.540,1.690,2.020,1.620,1.168,0.344,0.429,0.340,0.397,0.137,0.124,0.135,0.941,50.080
2510178139,2026-10-09 08:30:00,236.700,237.030,236.280,0.090,0.060,0.170,0.073,0.020,0.011,0.041,0.011,0.004,0.005,0.001,0.985,50.050
2510178141,2026-10-09 08:30:00,235.870,236.370,236.710,0.530,0.290,0.330,0.266,0.121,0.067,0.076,0.013,0.024,-0.003,-0.006,0.997,50.080
2510203103,2026-10-09 08:30:00,222.600,220.920,221.330,0.360,0.260,0.200,0.076,0.052,0.013,0.009,0.131,0.048,0.045,0.037,0.687,50.120
2510203105,2026-10-09 08:30:00,226.880,225.290,225.870,2.430,2.440,2.300,1.531,0.517,0.520,0.492,0.550,0.195,0.182,0.173,0.940,50.050
2510203107,2026-10-09 08:30:00,224.460,224.180,224.940,1.290,1.280,1.250,0.803,0.267,0.267,0.262,0.230,0.068,0.088,0.073,0.959,50.070
2510203108,2026-10-09 08:30:00,236.310,236.520,235.700,0.790,1.020,1.170,0.687,0.184,0.229,0.273,0.193,0.044,0.061,0.087,0.961,50.130
2510203109,2026-10-09 08:30:00,237.150,237.610,236.810,0.150,0.180,0.250,0.133,0.031,0.042,0.059,0.007,0.013,0.000,-0.006,0.994,50.060
2510203111,2026-10-09 08:30:00,235.560,236.360,236.360,2.150,1.810,2.270,1.386,0.473,0.399,0.513,0.278,0.142,0.058,0.079,0.980,50.120
2510203113,2026-10-09 08:30:00,236.640,235.690,235.540,3.120,3.150,3.670,2.296,0.728,0.727,0.840,0.218,0.031,0.086,0.100,0.995,50.090
2510203114,2026-10-09 08:30:00,230.550,230.780,231.130,0.870,0.830,0.860,0.533,0.177,0.180,0.175,0.177,0.047,0.064,0.064,0.950,50.060
2510203117,2026-10-09 08:30:00,230.620,229.870,229.930,0.120,0.250,0.140,0.072,0.012,0.052,0.008,0.075,0.025,0.021,0.028,0.733,50.110
2510203120,2026-10-09 08:30:00,237.260,236.510,236.970,1.500,1.110,1.150,0.846,0.338,0.250,0.256,0.195,0.075,0.058,0.060,0.975,50.120
2510203121,2026-10-09 08:30:00,230.090,230.280,230.780,0.010,0.010,0.130,0.030,0.003,0.001,0.026,-0.008,0.000,-0.002,-0.006,0.978,50.050
2510203122,2026-10-09 08:30:00,235.940,236.540,235.740,0.590,0.400,0.520,0.271,0.108,0.081,0.081,0.230,0.083,0.053,0.093,0.753,50.100
2510203123,2026-10-09 08:30:00,235.750,236.370,236.640,0.950,1.120,1.040,0.868,0.275,0.417,0.175,0.133,0.059,0.017,0.056,0.981,50.120
2510203125,2026-10-09 08:30:00,236.930,237.480,236.940,0.030,0.030,0.050,0.016,0.002,0.003,0.009,-0.017,-0.006,-0.006,-0.004,0.688,50.050
2510203126,2026-10-09 08:30:00,230.070,230.160,230.770,0.460,0.380,0.380,0.266,0.100,0.081,0.083,0.084,0.028,0.028,0.027,0.951,50.050
2510203127,2026-10-09 08:30:00,235.540,236.100,235.300,0.970,1.040,1.050,0.667,0.205,0.228,0.233,0.154,0.064,0.042,0.046,0.973,50.060
2510203128,2026-10-09 08:30:00,237.330,237.540,236.160,1.610,1.580,1.710,1.129,0.373,0.363,0.391,0.095,0.018,0.028,0.048,0.996,50.120
2510203133,2026-10-09 08:30:00,236.190,236.600,236.000,0.160,0.090,0.360,0.138,0.037,0.015,0.085,0.022,0.010,0.013,-0.002,0.986,50.070
2510203134,2026-10-09 08:30:00,238.360,237.340,237.730,0.020,0.010,0.010,0.007,0.004,0.002,0.001,-0.001,0.000,-0.001,0.000,0.984,50.120
2510224049,2026-10-09 08:30:00,229.800,230.270,229.570,0.110,1.240,8.210,2.020,0.010,0.140,1.860,0.000,0.010,-0.120,0.090,0.999,50.070
2510224167,2026-10-09 08:30:00,228.840,228.820,229.460,23.110,23.120,23.630,14.270,4.710,4.730,4.830,7.260,2.410,2.360,2.490,0.891,50.090
2510317505,2026-10-09 08:30:00,230.060,230.160,230.640,0.090,0.030,2.180,0.270,0.010,0.000,0.250,-0.250,-0.010,0.000,-0.230,0.742,50.080
2510317516,2026-10-09 08:30:00,230.270,230.390,230.880,0.000,0.000,0.000,0.000,0.000,0.000,0.000,0.000,0.000,0.000,0.000,1.000,50.090
2510317537,2026-10-09 08:30:00,236.660,236.760,237.250,2.510,2.470,2.390,1.730,0.580,0.570,0.560,-0.300,-0.090,-0.100,-0.100,0.983,50.060
2510389559,2026-10-09 08:30:00,237.140,237.100,237.780,0.000,0.000,0.000,0.000,0.000,0.000,0.000,0.000,0.000,0.000,0.000,1.000,50.090
2510389643,2026-10-09 08:30:00,237.520,237.410,237.980,1.030,0.000,0.000,0.140,0.140,0.000,0.000,-0.030,-0.030,0.000,0.000,0.967,50.070
2510389931,2026-10-09 08:30:00,236.710,236.110,237.320,3.140,15.310,6.410,6.510,0.730,4.300,1.500,-0.490,-0.100,-0.190,-0.190,0.998,50.070
2510633381,2026-10-09 08:30:00,237.510,236.530,237.020,0.230,0.200,0.210,0.150,0.055,0.046,0.048,0.003,-0.004,0.003,0.004,0.997,50.050
2510633382,2026-10-09 08:30:00,235.440,236.220,235.540,0.860,0.860,0.920,0.576,0.184,0.190,0.200,0.299,0.101,0.098,0.100,0.876,50.100
2510633385,2026-10-09 08:30:00,237.420,237.340,238.040,0.130,0.060,0.030,0.051,0.030,0.014,0.006,-0.009,-0.005,-0.002,-0.001,0.990,50.080
2510633386,2026-10-09 08:30:00,223.490,223.780,224.280,0.400,0.390,0.380,0.147,0.051,0.046,0.047,-0.214,-0.072,-0.072,-0.069,0.562,50.090
2510633387,2026-10-09 08:30:00,235.360,235.700,235.110,0.030,0.000,0.150,0.043,0.008,0.000,0.035,-0.005,0.000,0.000,-0.004,0.990,50.100
2510633389,2026-10-09 08:30:00,235.560,234.860,234.700,2.040,2.060,2.070,1.344,0.452,0.444,0.439,0.516,0.167,0.168,0.180,0.932,50.080
2510633390,2026-10-09 08:30:00,236.660,237.130,236.420,0.840,0.900,0.810,0.567,0.185,0.199,0.182,0.094,0.020,0.042,0.031,0.985,50.080
2510633391,2026-10-09 08:30:00,123.990,123.730,123.660,0.390,0.530,0.640,0.173,0.043,0.060,0.069,0.006,0.007,-0.012,0.014,0.996,50.060
2510633393,2026-10-09 08:30:00,235.690,236.340,235.730,1.670,1.700,1.710,1.149,0.378,0.388,0.382,0.218,0.074,0.064,0.079,0.982,50.120
2510633395,2026-10-09 08:30:00,236.340,236.550,235.660,0.000,0.000,0.000,0.000,0.000,0.000,0.000,0.000,0.000,0.000,0.000,1.000,50.060
2510633396,2026-10-09 08:30:00,235.640,235.100,235.650,1.040,1.090,1.020,0.653,0.219,0.225,0.208,0.177,0.056,0.062,0.059,0.965,50.050
2510633397,2026-10-09 08:30:00,243.830,242.870,243.360,0.090,0.110,0.100,0.073,0.021,0.026,0.025,0.000,0.003,-0.003,0.000,0.999,50.070
2510633399,2026-10-09 08:30:00,229.480,229.570,230.220,0.380,0.420,0.460,0.291,0.086,0.097,0.106,0.002,0.001,0.001,0.000,0.999,50.060
2510633400,2026-10-09 08:30:00,228.140,228.530,227.760,1.350,1.490,1.400,0.714,0.232,0.245,0.236,0.271,0.088,0.093,0.090,0.951,50.060
2510633402,2026-10-09 08:30:00,226.210,226.420,227.720,0.890,1.020,1.110,0.521,0.158,0.190,0.212,0.228,0.075,0.069,0.083,0.938,50.100
2510633406,2026-10-09 08:30:00,228.710,228.730,229.380,1.000,1.010,1.010,0.621,0.206,0.208,0.207,0.306,0.100,0.101,0.103,0.897,50.050
2510633411,2026-10-09 08:30:00,226.850,225.940,225.900,2.510,2.420,2.470,1.516,0.520,0.493,0.502,0.580,0.185,0.189,0.204,0.925,50.050
2510814977,2026-10-09 08:30:00,227.100,228.350,226.760,0.020,0.010,0.010,0.006,0.003,0.001,0.001,-0.001,0.001,-0.001,-0.001,1.000,50.050
2610026950,2026-10-09 08:30:00,230.510,229.670,229.860,0.040,0.020,0.060,0.024,0.008,0.003,0.013,0.005,0.001,0.001,0.002,0.956,50.050
2610026952,2026-10-09 08:30:00,234.180,233.680,233.880,1.920,1.870,1.940,1.217,0.404,0.398,0.414,0.514,0.181,0.166,0.166,0.921,50.060
2610026953,2026-10-09 08:30:00,235.860,235.690,236.470,0.860,0.800,0.830,0.478,0.154,0.163,0.160,0.172,0.064,0.058,0.052,0.949,50.060
2610026963,2026-10-09 08:30:00,236.350,236.470,236.970,0.160,0.080,0.050,0.051,0.033,0.017,0.000,-0.038,-0.017,-0.010,-0.010,0.791,50.050
2610026966,2026-10-09 08:30:00,229.340,229.580,228.790,1.130,0.780,0.970,0.529,0.202,0.133,0.213,0.030,0.015,0.005,0.009,0.999,50.050
2610026976,2026-10-09 08:30:00,235.640,235.880,236.530,0.900,1.070,1.290,0.771,0.206,0.246,0.318,0.011,0.015,0.016,-0.021,1.000,50.050
2610026977,2026-10-09 08:30:00,240.560,240.820,240.020,0.140,0.140,0.140,0.074,0.024,0.025,0.024,0.068,0.022,0.022,0.023,0.740,50.060
2610126270,2026-10-09 08:30:00,230.100,230.600,230.070,0.030,0.030,0.020,0.016,0.005,0.007,0.003,-0.006,-0.002,-0.001,-0.002,0.933,50.070
2610126451,2026-10-09 08:30:00,236.820,237.010,236.380,0.000,0.000,0.090,0.022,0.000,0.001,0.020,0.007,0.001,0.000,0.005,0.955,50.050
2610159557,2026-10-09 08:30:00,237.560,236.700,237.030,0.020,0.020,0.030,0.016,0.004,0.005,0.006,-0.006,-0.003,-0.001,-0.001,0.923,50.060
2610159558,2026-10-09 08:30:00,236.680,237.100,237.580,0.030,0.000,0.020,0.012,0.005,0.000,0.005,0.000,-0.003,0.000,0.001,0.968,50.050
2610170785,2026-10-09 08:30:00,237.360,236.480,236.960,0.020,0.010,0.010,0.010,0.004,0.000,0.003,0.004,0.002,0.001,0.000,0.730,50.060
2610170786,2026-10-09 08:30:00,236.580,236.800,237.190,1.060,1.130,1.130,0.874,0.285,0.301,0.287,0.194,0.052,0.065,0.069,0.974,50.070
2610170836,2026-10-09 08:30:00,235.260,235.820,236.120,0.390,0.320,0.440,0.293,0.098,0.091,0.132,0.182,0.061,0.055,0.065,0.770,50.080
2610170837,2026-10-09 08:30:00,228.410,226.660,227.030,0.000,0.000,0.060,0.015,0.000,0.000,0.017,0.005,0.000,0.000,0.005,0.946,50.070
2610170838,2026-10-09 08:30:00,237.580,236.510,237.110,0.030,0.090,0.020,0.042,0.017,0.019,0.005,0.007,0.000,0.006,0.001,0.954,50.080
2610170839,2026-10-09 08:30:00,236.640,237.080,237.610,0.020,0.010,0.040,0.010,0.004,0.001,0.004,0.000,0.000,0.000,0.000,0.963,50.070
2610170840,2026-10-09 08:30:00,236.790,236.340,237.400,0.080,0.420,0.160,0.163,0.018,0.107,0.037,-0.013,-0.002,-0.006,-0.005,0.997,50.070
2610322967,2026-10-09 08:30:00,237.890,236.900,237.080,0.010,0.000,0.000,0.001,0.001,0.000,0.000,0.000,0.000,0.000,0.000,1.000,50.050
2610322969,2026-10-09 08:30:00,230.320,229.540,229.830,0.460,0.710,0.230,0.277,0.103,0.125,0.048,0.074,0.028,0.029,0.016,0.958,50.050
2610322992,2026-10-09 08:30:00,222.160,223.720,224.270,4.550,4.720,4.600,2.884,0.896,1.001,0.987,0.980,0.401,0.280,0.299,0.946,50.070
2610322995,2026-10-09 08:30:00,236.680,236.940,237.420,0.000,0.000,0.000,0.000,0.000,0.000,0.000,0.000,0.000,0.000,0.000,1.000,50.060
2610322997,2026-10-09 08:30:00,226.340,226.650,225.650,1.210,1.390,0.910,0.689,0.245,0.257,0.186,0.240,0.038,0.118,0.081,0.937,50.070
2610323001,2026-10-09 08:30:00,224.340,223.440,223.370,3.300,2.960,3.190,1.959,0.691,0.612,0.655,0.866,0.299,0.276,0.291,0.910,50.070
2610323004,2026-10-09 08:30:00,63.020,62.430,62.930,3.270,3.350,3.300,0.606,0.201,0.204,0.201,0.135,0.041,0.044,0.048,0.976,50.050
2610323005,2026-10-09 08:30:00,229.970,230.420,229.700,0.090,0.030,0.000,0.026,0.019,0.006,0.000,0.001,0.000,0.002,0.000,1.000,50.060
2610323010,2026-10-09 08:30:00,237.490,236.790,236.560,0.040,0.000,0.240,0.023,0.007,0.000,0.015,-0.004,-0.005,0.000,0.001,0.998,50.060
2610323014,2026-10-09 08:30:00,236.450,236.620,237.040,0.020,0.000,0.000,0.003,0.003,0.000,0.000,-0.001,-0.001,0.000,0.000,0.984,50.070
2610323016,2026-10-09 08:30:00,225.930,224.620,224.970,2.200,2.080,2.090,1.339,0.463,0.435,0.439,0.592,0.203,0.194,0.194,0.916,50.080
2610323017,2026-10-09 08:30:00,236.770,237.510,236.790,0.000,0.000,0.000,0.000,0.000,0.000,0.000,0.000,0.000,0.000,0.000,1.000,50.080
2610323019,2026-10-09 08:30:00,229.970,230.670,230.020,0.020,0.130,0.030,0.041,0.004,0.030,0.006,-0.009,-0.001,-0.005,-0.002,0.979,50.070
2610323027,2026-10-09 08:30:00,237.870,236.840,237.310,0.000,0.000,0.000,0.000,0.000,0.000,0.000,0.000,0.000,0.000,0.000,1.000,50.080
2410121440,2026-10-09 08:31:00,236.710,235.930,236.220,0.010,0.010,0.010,0.005,0.002,0.000,0.001,-0.002,-0.001,-0.001,0.000,0.929,50.150
2411087433,2026-10-09 08:31:00,236.750,237.080,237.430,0.540,0.540,0.620,0.403,0.131,0.128,0.143,0.053,0.012,0.011,0.030,0.990,50.090
2510014483,2026-10-09 08:31:00,236.670,237.000,237.510,0.060,0.050,0.070,0.037,0.013,0.010,0.013,-0.021,-0.006,-0.005,-0.008,0.866,50.120
2510203104,2026-10-09 08:31:00,230.480,230.620,231.010,0.910,1.030,1.080,0.693,0.220,0.240,0.232,0.195,0.045,0.070,0.078,0.959,50.080
2510203106,2026-10-09 08:31:00,236.720,236.540,237.260,0.010,0.010,0.000,0.005,0.001,0.003,0.000,-0.002,-0.001,0.000,0.000,0.854,50.130
2510203124,2026-10-09 08:31:00,235.630,235.490,235.000,0.890,0.950,0.930,0.590,0.193,0.200,0.196,0.182,0.057,0.062,0.063,0.957,50.120
2510203130,2026-10-09 08:31:00,239.040,239.250,240.760,0.000,0.070,0.040,0.023,0.000,0.012,0.010,0.011,0.000,0.010,0.001,0.875,50.100
2510633383,2026-10-09 08:32:00,235.390,235.930,236.390,1.270,0.900,1.270,0.785,0.287,0.209,0.289,-0.001,0.014,-0.003,-0.011,0.999,50.140
2246006313,2026-10-09 09:00:00,57.900,57.900,57.700,1.503,1.520,1.476,0.254,0.084,0.086,0.080,0.065,0.022,0.021,0.021,0.967,50.100
2410121326,2026-10-09 09:00:00,235.500,234.840,235.130,0.840,0.890,0.930,0.588,0.181,0.198,0.208,0.186,0.065,0.060,0.060,0.953,50.050
2410121353,2026-10-09 09:00:00,235.620,234.980,235.210,0.500,0.500,0.490,0.312,0.106,0.101,0.090,0.174,0.056,0.050,0.066,0.858,49.900
2410121371,2026-10-09 09:00:00,236.330,235.490,235.740,0.060,0.040,0.060,0.035,0.014,0.007,0.013,-0.004,0.000,-0.002,-0.001,0.997,49.940
2410121424,2026-10-09 09:00:00,236.260,235.520,235.890,0.010,0.010,0.010,0.004,0.000,0.001,0.002,-0.003,-0.001,-0.001,0.000,0.908,49.940
2410121440,2026-10-09 09:00:00,235.950,235.330,235.460,0.010,0.010,0.010,0.005,0.002,0.000,0.001,-0.003,-0.001,-0.001,0.000,0.847,49.960
2410121454,2026-10-09 09:00:00,235.800,236.280,235.260,0.340,0.470,0.570,0.327,0.083,0.111,0.132,0.020,0.003,0.000,0.016,0.998,49.950
2410121457,2026-10-09 09:00:00,234.320,233.520,234.200,2.250,2.250,2.040,1.472,0.506,0.503,0.462,0.333,0.120,0.124,0.088,0.975,50.020
2410121574,2026-10-09 09:00:00,235.400,235.000,235.130,1.680,1.190,1.200,0.928,0.384,0.271,0.273,0.076,0.049,0.004,0.022,0.997,49.910
2410131378,2026-10-09 09:00:00,235.330,235.520,234.890,0.810,1.020,0.990,0.670,0.214,0.229,0.226,0.159,0.040,0.050,0.067,0.975,49.900
2410131383,2026-10-09 09:00:00,237.430,236.690,236.710,0.220,0.230,0.290,0.174,0.053,0.052,0.068,0.007,0.000,0.004,0.004,0.996,50.030
2410131384,2026-10-09 09:00:00,237.270,237.750,237.040,1.020,1.060,1.100,0.629,0.197,0.216,0.215,0.111,0.036,0.041,0.033,0.984,50.030
2410131387,2026-10-09 09:00:00,237.450,237.880,237.560,0.100,0.070,0.070,0.054,0.022,0.017,0.014,-0.013,-0.008,0.000,-0.005,0.966,50.050
2410320615,2026-10-09 09:00:00,232.160,232.950,233.120,5.110,4.580,5.070,3.202,1.119,0.974,1.108,1.060,0.338,0.394,0.328,0.949,50.040
2410883988,2026-10-09 09:00:00,230.520,230.870,230.320,0.460,0.460,0.520,0.309,0.097,0.099,0.113,0.111,0.037,0.037,0.037,0.940,50.000
2410883990,2026-10-09 09:00:00,230.540,229.850,230.020,0.020,0.050,0.090,0.034,0.003,0.008,0.021,0.013,0.001,0.008,0.003,0.946,50.020
2410883991,2026-10-09 09:00:00,237.220,237.490,238.140,0.080,0.390,0.160,0.158,0.018,0.108,0.028,0.004,0.000,0.003,0.000,0.996,50.070
2410883993,2026-10-09 09:00:00,237.390,236.680,237.010,0.820,0.570,0.760,0.493,0.186,0.133,0.173,0.052,0.010,0.019,0.021,0.991,50.020
2410883994,2026-10-09 09:00:00,237.940,236.990,237.520,0.000,0.000,0.010,0.003,0.000,0.000,0.003,0.000,0.000,0.000,0.000,1.000,50.030
2410932742,2026-10-09 09:00:00,226.040,224.350,224.560,3.180,3.120,3.350,2.022,0.668,0.654,0.698,0.566,0.188,0.170,0.202,0.963,50.110
2411087432,2026-10-09 09:00:00,235.290,236.000,235.270,2.300,2.330,2.270,1.321,0.453,0.435,0.432,0.318,0.070,0.133,0.113,0.971,50.010
2411087433,2026-10-09 09:00:00,237.150,237.500,237.850,0.500,0.510,0.560,0.401,0.131,0.131,0.138,0.054,0.014,0.013,0.030,0.989,50.030
2411290205,2026-10-09 09:00:00,234.820,235.000,235.580,2.710,2.610,2.710,1.714,0.591,0.567,0.595,0.545,0.196,0.173,0.175,0.955,50.070
2510014481,2026-10-09 09:00:00,223.760,223.920,225.160,2.870,3.160,3.250,1.625,0.491,0.553,0.581,0.754,0.236,0.262,0.253,0.905,50.030
2510014482,2026-10-09 09:00:00,235.600,235.990,235.320,0.770,0.490,0.350,0.366,0.170,0.115,0.080,-0.030,-0.008,-0.008,-0.013,0.997,50.010
2510014483,2026-10-09 09:00:00,237.060,237.500,237.950,0.070,0.060,0.080,0.043,0.015,0.012,0.015,-0.020,-0.005,-0.005,-0.009,0.902,50.030
2510014484,2026-10-09 09:00:00,235.480,235.390,236.180,2.000,2.270,1.830,1.361,0.443,0.509,0.409,0.439,0.151,0.136,0.151,0.951,50.020
2510178139,2026-10-09 09:00:00,236.380,236.690,235.930,0.100,0.050,0.190,0.076,0.021,0.011,0.043,0.014,0.006,0.005,0.001,0.985,50.030
2510178141,2026-10-09 09:00:00,235.600,236.060,236.350,0.630,0.320,0.360,0.287,0.128,0.075,0.083,0.012,0.023,-0.004,-0.007,0.999,50.020
2510203103,2026-10-09 09:00:00,222.280,220.620,221.120,0.250,0.310,0.220,0.334,0.127,0.110,0.095,0.129,0.048,0.046,0.037,0.776,50.040
2510203104,2026-10-09 09:00:00,231.090,231.280,231.740,0.880,0.920,1.090,0.637,0.195,0.203,0.238,0.121,0.035,0.043,0.040,0.982,50.020
2510203105,2026-10-09 09:00:00,227.430,225.700,226.290,1.500,1.460,1.350,1.006,0.354,0.340,0.312,0.129,0.047,0.041,0.037,0.993,50.030
2510203106,2026-10-09 09:00:00,236.960,236.770,237.720,0.010,0.010,0.000,0.005,0.001,0.003,0.000,-0.002,-0.001,0.000,0.000,0.901,50.020
2510203107,2026-10-09 09:00:00,224.490,224.000,224.980,1.680,1.710,1.550,1.038,0.356,0.355,0.326,0.286,0.083,0.112,0.092,0.963,50.030
2510203108,2026-10-09 09:00:00,236.060,235.930,235.420,0.930,1.480,1.440,0.921,0.217,0.384,0.319,0.223,0.055,0.078,0.097,0.959,50.060
2510203111,2026-10-09 09:00:00,235.140,235.900,235.890,2.240,1.840,2.320,1.416,0.485,0.410,0.521,0.286,0.139,0.057,0.090,0.981,50.020
2510203113,2026-10-09 09:00:00,236.700,236.040,235.750,2.570,2.480,3.050,1.834,0.582,0.546,0.686,0.182,0.036,0.058,0.087,0.995,50.010
2510203114,2026-10-09 09:00:00,230.610,231.130,231.400,0.890,0.700,0.930,0.541,0.182,0.152,0.205,0.094,0.035,0.029,0.030,0.985,50.030
2510203117,2026-10-09 09:00:00,230.440,229.690,229.820,0.120,0.250,0.120,0.069,0.011,0.052,0.005,0.074,0.024,0.021,0.028,0.680,50.080
2510203120,2026-10-09 09:00:00,237.350,236.570,236.990,1.660,1.290,1.310,0.973,0.382,0.296,0.301,0.209,0.087,0.059,0.062,0.976,50.070
2510203121,2026-10-09 09:00:00,230.050,230.110,230.650,0.010,0.010,0.100,0.025,0.003,0.001,0.020,-0.008,0.000,-0.002,-0.005,0.952,50.030
2510203122,2026-10-09 09:00:00,235.610,236.190,235.500,0.830,0.690,0.690,0.428,0.167,0.132,0.124,0.278,0.102,0.072,0.103,0.842,50.000
2510203123,2026-10-09 09:00:00,235.130,235.820,235.850,1.080,1.210,1.160,0.664,0.190,0.305,0.226,0.358,0.138,0.089,0.130,0.877,50.020
2510203124,2026-10-09 09:00:00,235.510,235.430,234.920,0.850,0.870,0.860,0.610,0.198,0.209,0.202,0.182,0.057,0.061,0.063,0.953,50.040
2510203125,2026-10-09 09:00:00,237.290,237.950,237.350,0.030,0.030,0.060,0.016,0.002,0.003,0.010,-0.017,-0.006,-0.006,-0.004,0.741,50.020
2510203126,2026-10-09 09:00:00,230.060,230.140,230.760,0.520,0.450,0.460,0.309,0.113,0.096,0.099,0.110,0.036,0.036,0.036,0.942,50.050
2510203128,2026-10-09 09:00:00,237.440,237.730,236.340,1.580,1.540,1.670,1.099,0.363,0.352,0.383,0.089,0.018,0.026,0.045,0.996,50.050
2510203130,2026-10-09 09:00:00,238.400,238.730,240.180,0.000,0.010,0.190,0.043,0.000,0.002,0.039,0.000,0.000,0.001,0.000,0.997,50.030
2510203133,2026-10-09 09:00:00,235.480,236.100,235.350,0.160,0.080,0.370,0.134,0.035,0.013,0.085,0.018,0.008,0.012,-0.002,0.989,50.000
2510203134,2026-10-09 09:00:00,238.430,237.440,237.750,0.020,0.010,0.010,0.007,0.004,0.002,0.001,-0.001,0.000,-0.001,0.000,0.982,50.110
2510224049,2026-10-09 09:00:00,229.600,230.040,229.340,0.110,1.250,8.220,2.030,0.010,0.150,1.870,0.000,0.010,-0.120,0.100,1.000,50.020
2510224167,2026-10-09 09:00:00,229.130,229.070,229.710,22.540,22.510,23.030,13.870,4.580,4.600,4.690,7.010,2.330,2.280,2.390,0.892,50.020
2510317505,2026-10-09 09:00:00,229.680,229.760,230.330,0.090,0.030,2.190,0.270,0.010,0.000,0.250,-0.240,-0.010,0.000,-0.230,0.743,50.020
2510317516,2026-10-09 09:00:00,230.060,230.070,230.580,0.000,0.000,0.000,0.000,0.000,0.000,0.000,0.000,0.000,0.000,0.000,1.000,50.010
2510317537,2026-10-09 09:00:00,236.840,236.920,237.430,2.550,2.880,2.770,1.680,0.520,0.580,0.550,-0.260,-0.070,-0.090,-0.090,0.985,50.020
2510389559,2026-10-09 09:00:00,237.370,237.060,238.070,0.000,0.000,0.000,0.000,0.000,0.000,0.000,0.000,0.000,0.000,0.000,1.000,50.000
2510389643,2026-10-09 09:00:00,237.440,237.050,237.920,1.120,0.000,0.000,0.150,0.150,0.000,0.000,-0.030,-0.030,0.000,0.000,0.969,50.020
2510389931,2026-10-09 09:00:00,236.840,236.470,237.600,10.820,15.160,6.360,7.610,2.550,3.560,1.490,-0.620,-0.070,-0.340,-0.200,0.996,50.020
2510633381,2026-10-09 09:00:00,237.550,236.580,237.040,0.470,0.440,0.500,0.318,0.107,0.097,0.113,0.085,0.023,0.030,0.032,0.965,50.040
2510633382,2026-10-09 09:00:00,235.520,236.260,235.590,0.860,0.880,0.940,0.564,0.178,0.185,0.198,0.281,0.095,0.093,0.093,0.894,50.000
2510633383,2026-10-09 09:00:00,235.250,235.790,236.190,1.310,0.960,1.300,0.801,0.295,0.210,0.295,-0.001,0.016,-0.005,-0.012,0.999,50.050
2510633385,2026-10-09 09:00:00,237.540,237.210,238.050,0.160,0.280,0.130,0.132,0.037,0.065,0.029,0.012,-0.002,0.007,0.007,0.996,50.020
2510633386,2026-10-09 09:00:00,223.120,223.470,223.910,0.320,0.320,0.290,0.150,0.050,0.052,0.047,-0.138,-0.048,-0.047,-0.042,0.748,50.010
2510633387,2026-10-09 09:00:00,234.900,235.390,234.710,0.030,0.070,0.150,0.059,0.008,0.015,0.035,-0.005,0.000,-0.001,-0.003,0.991,50.020
2510633389,2026-10-09 09:00:00,235.750,235.030,234.830,1.950,1.940,1.960,1.294,0.432,0.432,0.431,0.344,0.109,0.111,0.123,0.966,50.020
2510633390,2026-10-09 09:00:00,236.890,237.200,236.380,0.950,0.920,0.980,0.623,0.206,0.206,0.210,0.141,0.034,0.058,0.046,0.976,50.020
2510633391,2026-10-09 09:00:00,123.670,123.600,123.570,0.530,0.360,0.670,0.188,0.060,0.049,0.078,0.000,0.016,-0.010,-0.005,0.999,50.030
2510633393,2026-10-09 09:00:00,234.950,235.670,235.040,1.920,1.920,1.920,1.300,0.431,0.436,0.432,0.315,0.103,0.097,0.111,0.971,49.940
2510633395,2026-10-09 09:00:00,236.070,236.350,235.460,0.000,0.000,0.000,0.000,0.000,0.000,0.000,0.000,0.000,0.000,0.000,1.000,50.040
2510633396,2026-10-09 09:00:00,235.180,234.750,235.210,1.090,1.110,1.020,0.651,0.221,0.225,0.205,0.178,0.056,0.062,0.059,0.966,50.050
2510633397,2026-10-09 09:00:00,243.600,242.580,243.170,0.100,0.120,0.100,0.076,0.023,0.029,0.023,0.007,0.006,0.000,0.001,0.996,50.020
2510633399,2026-10-09 09:00:00,229.560,229.580,230.220,0.460,0.540,0.560,0.359,0.105,0.123,0.129,0.005,0.001,0.001,0.002,1.000,50.050
2510633400,2026-10-09 09:00:00,228.120,228.500,227.780,1.090,1.160,1.070,0.656,0.213,0.230,0.212,0.310,0.096,0.109,0.102,0.910,50.030
2510633402,2026-10-09 09:00:00,225.630,225.830,227.170,1.020,1.150,1.270,0.812,0.241,0.271,0.299,0.201,0.063,0.063,0.073,0.961,49.990
2510633411,2026-10-09 09:00:00,226.980,226.120,226.100,2.530,2.430,2.430,1.541,0.530,0.501,0.508,0.584,0.188,0.191,0.206,0.933,50.040
2510814977,2026-10-09 09:00:00,226.540,227.780,226.230,0.020,0.010,0.010,0.006,0.003,0.000,0.001,-0.001,0.000,-0.001,-0.001,0.999,50.020
2610026950,2026-10-09 09:00:00,230.580,229.810,229.970,0.030,0.020,0.060,0.023,0.006,0.003,0.013,0.005,0.001,0.001,0.001,0.973,50.020
2610026952,2026-10-09 09:00:00,234.940,234.470,234.600,1.440,1.420,1.470,0.961,0.319,0.315,0.329,0.275,0.099,0.088,0.088,0.961,50.030
2610026953,2026-10-09 09:00:00,236.030,235.760,236.620,0.750,0.720,0.750,0.557,0.184,0.181,0.165,0.174,0.065,0.057,0.050,0.944,50.020
2610026963,2026-10-09 09:00:00,235.990,236.030,236.540,0.170,0.080,0.040,0.050,0.036,0.014,-0.001,-0.035,-0.014,-0.010,-0.010,0.811,50.040
2610026966,2026-10-09 09:00:00,230.010,229.890,229.120,0.640,0.750,1.250,0.612,0.153,0.166,0.293,0.024,0.013,0.000,0.011,0.999,50.040
2610026976,2026-10-09 09:00:00,233.990,233.970,234.860,1.560,2.020,2.120,1.178,0.319,0.440,0.419,0.443,0.156,0.145,0.105,0.961,50.050
2610026977,2026-10-09 09:00:00,241.410,241.530,240.840,0.000,0.010,0.000,0.001,0.000,0.001,0.000,-0.001,0.000,0.000,0.000,0.538,50.040
2610126270,2026-10-09 09:00:00,229.950,230.420,229.870,0.020,0.040,0.020,0.014,0.003,0.007,0.003,-0.006,-0.002,-0.002,-0.002,0.923,50.020
2610126451,2026-10-09 09:00:00,236.390,236.570,235.970,0.000,0.010,0.120,0.030,0.000,0.001,0.027,0.007,0.000,0.000,0.007,0.959,50.030
2610159557,2026-10-09 09:00:00,237.900,237.070,237.450,0.040,0.030,0.050,0.027,0.009,0.006,0.010,-0.007,-0.001,-0.001,-0.004,0.966,50.030
2610159558,2026-10-09 09:00:00,236.870,237.390,237.830,0.020,0.020,0.020,0.011,0.004,0.001,0.005,0.000,0.000,0.000,0.000,1.000,50.030
2610170785,2026-10-09 09:00:00,237.730,236.840,237.310,0.030,0.010,0.010,0.009,0.006,0.000,0.000,0.006,0.002,0.001,0.001,0.925,50.020
2610170786,2026-10-09 09:00:00,236.890,237.320,237.780,0.550,0.580,0.570,0.474,0.158,0.156,0.154,0.104,0.036,0.030,0.037,0.962,50.020
2610170836,2026-10-09 09:00:00,235.080,235.490,235.470,0.710,0.730,1.360,0.559,0.121,0.156,0.282,0.111,0.033,0.040,0.055,0.988,50.020
2610170837,2026-10-09 09:00:00,227.810,226.020,226.380,0.000,0.000,0.060,0.011,0.000,0.000,0.011,0.006,0.000,0.000,0.006,0.902,50.020
2610170838,2026-10-09 09:00:00,238.030,236.890,237.520,0.130,0.060,0.020,0.038,0.019,0.014,0.004,0.005,-0.001,0.004,0.001,0.994,50.010
2610170839,2026-10-09 09:00:00,236.870,237.370,237.880,0.020,0.000,0.040,0.014,0.004,0.000,0.008,-0.001,0.000,0.000,0.000,0.990,50.030
2610170840,2026-10-09 09:00:00,236.910,236.590,237.660,0.270,0.380,0.160,0.191,0.064,0.089,0.037,-0.016,-0.002,-0.009,-0.005,0.998,50.020
2610322967,2026-10-09 09:00:00,238.310,237.270,237.500,0.020,0.000,0.000,0.004,0.004,0.000,0.000,0.000,0.000,0.000,0.000,1.000,50.020
2610322969,2026-10-09 09:00:00,230.000,229.230,229.310,0.710,0.940,0.750,0.484,0.127,0.229,0.157,0.276,0.094,0.094,0.087,0.873,50.020
2610322992,2026-10-09 09:00:00,221.630,222.940,223.590,4.160,4.510,4.330,2.681,0.832,0.945,0.903,0.974,0.390,0.287,0.296,0.943,50.020
2610322995,2026-10-09 09:00:00,237.030,237.290,237.820,0.000,0.000,0.000,0.000,0.000,0.000,0.000,0.000,0.000,0.000,0.000,1.000,50.020
2610322997,2026-10-09 09:00:00,225.930,226.400,225.330,1.110,1.260,0.900,0.642,0.230,0.238,0.173,0.224,0.037,0.115,0.076,0.941,50.020
2610323001,2026-10-09 09:00:00,223.280,222.610,222.410,3.870,3.340,3.680,2.187,0.780,0.666,0.741,0.965,0.332,0.307,0.326,0.914,50.030
2610323004,2026-10-09 09:00:00,62.890,62.290,62.780,3.800,3.880,3.840,0.702,0.232,0.235,0.234,0.162,0.051,0.053,0.057,0.975,50.020
2610323005,2026-10-09 09:00:00,229.890,230.490,229.810,0.090,0.000,0.000,0.021,0.019,0.001,0.000,0.000,0.000,0.000,0.000,0.982,50.030
2610323010,2026-10-09 09:00:00,237.570,236.630,236.650,0.090,0.190,0.120,0.074,0.021,0.016,0.035,0.039,-0.006,0.040,0.007,0.881,50.020
2610323014,2026-10-09 09:00:00,235.990,236.270,236.620,0.020,0.000,0.010,0.005,0.003,0.000,0.002,-0.002,-0.001,0.000,0.000,0.998,50.020
2610323016,2026-10-09 09:00:00,224.930,223.600,223.940,2.360,2.240,2.250,1.371,0.475,0.445,0.450,0.601,0.205,0.199,0.196,0.917,50.030
2610323017,2026-10-09 09:00:00,236.980,237.560,236.780,0.000,0.000,0.000,0.000,0.000,0.000,0.000,0.000,0.000,0.000,0.000,1.000,50.030
2610323019,2026-10-09 09:00:00,229.630,230.460,229.720,0.020,0.100,0.100,0.050,0.004,0.022,0.023,-0.007,-0.001,-0.003,-0.002,0.996,50.020
2610323027,2026-10-09 09:00:00,238.080,237.000,237.550,0.000,0.000,0.000,0.000,0.000,0.000,0.000,0.000,0.000,0.000,0.000,1.000,50.020
2510203109,2026-10-09 09:01:00,237.170,237.710,236.780,0.140,0.170,0.230,0.124,0.030,0.039,0.054,0.007,0.014,-0.001,-0.005,0.998,49.910
2510203127,2026-10-09 09:01:00,235.020,235.470,234.830,0.940,0.930,1.050,0.695,0.219,0.245,0.271,0.152,0.062,0.042,0.047,0.971,50.080
2510633406,2026-10-09 09:02:00,229.590,229.680,230.310,0.380,0.380,0.390,0.236,0.077,0.079,0.079,0.117,0.038,0.037,0.039,0.896,50.070
2246006313,2026-10-09 09:30:00,57.800,57.800,57.700,1.391,1.395,1.380,0.251,0.083,0.085,0.082,0.066,0.023,0.022,0.021,0.963,50.110
2410121326,2026-10-09 09:30:00,234.260,233.590,233.870,0.880,0.840,0.890,0.579,0.191,0.187,0.199,0.175,0.057,0.060,0.057,0.956,50.130
2410121353,2026-10-09 09:30:00,234.550,233.730,234.090,0.850,0.770,0.710,0.507,0.184,0.164,0.157,0.109,0.038,0.036,0.035,0.977,50.080
2410121371,2026-10-09 09:30:00,235.100,234.060,234.480,0.120,0.150,0.120,0.090,0.028,0.034,0.026,-0.004,-0.002,0.000,-0.002,0.994,50.110
2410121424,2026-10-09 09:30:00,235.180,234.430,234.880,0.010,0.010,0.010,0.004,0.001,0.001,0.002,-0.003,-0.001,-0.001,0.000,0.810,50.060
2410121440,2026-10-09 09:30:00,234.760,234.040,234.220,0.010,0.010,0.010,0.005,0.002,0.000,0.001,-0.002,-0.001,-0.001,0.000,0.922,50.110
2410121454,2026-10-09 09:30:00,234.850,235.270,234.150,0.320,0.450,0.540,0.310,0.074,0.109,0.126,0.031,0.005,0.004,0.021,0.995,50.050
2410121457,2026-10-09 09:30:00,233.650,232.810,233.360,1.900,1.930,1.790,1.292,0.437,0.443,0.410,0.102,0.039,0.045,0.016,0.996,50.130
2410121574,2026-10-09 09:30:00,234.560,233.950,234.020,1.460,0.920,1.100,0.796,0.334,0.210,0.251,0.060,0.039,0.003,0.017,0.997,50.060
2410131378,2026-10-09 09:30:00,234.350,234.590,233.750,0.720,0.980,0.940,0.562,0.156,0.208,0.197,0.154,0.035,0.053,0.065,0.975,50.090
2410131384,2026-10-09 09:30:00,236.630,237.010,236.320,1.030,1.080,1.280,0.754,0.207,0.238,0.258,0.193,0.059,0.072,0.061,0.965,50.120
2410131387,2026-10-09 09:30:00,234.110,234.580,234.280,0.100,0.080,0.060,0.053,0.021,0.019,0.012,-0.012,-0.008,0.000,-0.004,0.971,50.070
2410320615,2026-10-09 09:30:00,229.850,230.110,230.960,5.000,4.580,4.760,3.133,1.097,0.982,1.071,1.009,0.315,0.382,0.311,0.951,50.130
2410883988,2026-10-09 09:30:00,230.450,230.860,230.330,0.400,0.400,0.460,0.273,0.085,0.087,0.101,0.090,0.030,0.029,0.030,0.950,50.120
2410883990,2026-10-09 09:30:00,230.770,230.130,230.250,0.090,0.050,0.090,0.051,0.021,0.008,0.021,0.013,0.001,0.008,0.003,0.968,50.110
2410883991,2026-10-09 09:30:00,236.610,237.050,237.430,0.100,0.320,0.480,0.201,0.023,0.057,0.121,0.008,0.000,0.005,0.001,1.000,50.110
2410883993,2026-10-09 09:30:00,237.810,236.590,237.240,0.390,0.430,0.800,0.373,0.090,0.089,0.183,0.065,0.010,0.050,0.005,0.982,50.150
2410883994,2026-10-09 09:30:00,237.290,236.360,236.940,0.000,0.000,0.010,0.003,0.000,0.000,0.003,0.000,0.000,0.000,0.000,1.000,50.120
2410932742,2026-10-09 09:30:00,225.920,224.080,224.270,3.400,3.340,3.540,2.162,0.720,0.700,0.741,0.608,0.202,0.191,0.214,0.962,50.120
2411087432,2026-10-09 09:30:00,233.790,234.320,233.450,1.660,1.970,1.520,1.119,0.359,0.433,0.326,0.284,0.059,0.121,0.103,0.969,50.120
2411087433,2026-10-09 09:30:00,237.550,238.120,238.450,0.600,0.600,0.640,0.444,0.145,0.144,0.154,-0.032,-0.013,-0.018,0.000,0.996,50.170
2411290205,2026-10-09 09:30:00,231.900,232.240,232.760,2.910,2.780,2.890,1.735,0.586,0.560,0.587,0.526,0.188,0.165,0.171,0.957,50.110
2510014481,2026-10-09 09:30:00,225.670,225.710,226.880,3.260,3.470,3.460,1.936,0.622,0.655,0.659,0.825,0.260,0.283,0.280,0.929,50.170
2510014483,2026-10-09 09:30:00,237.120,237.500,237.960,0.070,0.060,0.070,0.040,0.013,0.012,0.014,-0.021,-0.006,-0.005,-0.008,0.888,50.120
2510014484,2026-10-09 09:30:00,232.580,232.370,233.200,1.900,2.200,1.790,1.312,0.415,0.493,0.403,0.426,0.148,0.131,0.145,0.952,50.090
2510178139,2026-10-09 09:30:00,235.040,235.470,234.690,0.090,0.090,0.190,0.086,0.020,0.020,0.044,0.011,0.004,0.005,0.001,0.993,50.180
2510178141,2026-10-09 09:30:00,233.810,234.370,234.790,0.840,0.670,0.700,0.411,0.162,0.109,0.118,0.013,0.022,-0.003,-0.004,1.000,50.090
2510203103,2026-10-09 09:30:00,223.780,222.090,222.510,0.230,0.190,0.200,0.136,0.062,0.024,0.029,0.129,0.048,0.044,0.036,0.335,50.110
2510203104,2026-10-09 09:30:00,230.670,230.860,231.230,0.950,1.000,1.100,0.661,0.206,0.212,0.239,0.165,0.034,0.062,0.067,0.970,50.120
2510203106,2026-10-09 09:30:00,233.980,233.800,234.450,0.010,0.010,0.000,0.005,0.001,0.003,0.000,-0.002,-0.001,0.000,0.000,0.892,50.120
2510203107,2026-10-09 09:30:00,221.260,220.680,221.730,2.270,2.260,2.140,1.365,0.467,0.457,0.441,0.405,0.126,0.153,0.126,0.958,50.100
2510203109,2026-10-09 09:30:00,237.250,237.710,236.840,0.310,0.460,0.530,0.305,0.072,0.109,0.123,-0.012,0.008,-0.008,-0.012,0.998,50.180
2510203113,2026-10-09 09:30:00,234.130,233.550,233.060,2.440,2.420,3.020,1.796,0.557,0.560,0.690,0.166,0.033,0.056,0.076,0.995,50.120
2510203114,2026-10-09 09:30:00,230.810,231.180,231.470,0.760,0.680,0.770,0.475,0.150,0.144,0.166,0.098,0.024,0.035,0.038,0.980,50.190
2510203117,2026-10-09 09:30:00,229.960,229.450,229.440,0.240,0.190,0.150,0.093,0.039,0.037,0.016,0.088,0.036,0.021,0.029,0.726,50.120
2510203120,2026-10-09 09:30:00,236.670,235.790,236.400,1.630,1.380,1.350,1.004,0.376,0.316,0.307,0.235,0.089,0.076,0.069,0.972,50.130
2510203121,2026-10-09 09:30:00,230.390,230.490,230.970,0.010,0.010,0.090,0.024,0.003,0.001,0.019,-0.008,0.000,-0.002,-0.005,0.937,50.180
2510203122,2026-10-09 09:30:00,233.630,234.210,233.430,0.600,0.500,0.570,0.321,0.115,0.105,0.100,0.215,0.075,0.055,0.085,0.824,50.130
2510203123,2026-10-09 09:30:00,233.070,233.980,234.170,1.300,1.530,1.430,1.036,0.302,0.386,0.347,0.254,0.152,0.109,0.155,0.979,50.120
2510203124,2026-10-09 09:30:00,234.150,234.150,233.640,0.860,0.890,0.900,0.594,0.195,0.202,0.196,0.176,0.055,0.061,0.060,0.957,50.170
2510203125,2026-10-09 09:30:00,234.700,235.290,234.890,0.030,0.030,0.060,0.019,0.002,0.004,0.012,-0.017,-0.006,-0.006,-0.005,0.727,50.160
2510203126,2026-10-09 09:30:00,230.270,230.330,230.810,0.440,0.380,0.390,0.262,0.097,0.082,0.083,0.087,0.028,0.029,0.029,0.949,50.140
2510203127,2026-10-09 09:30:00,233.580,234.070,233.440,0.970,0.970,1.060,0.656,0.206,0.212,0.236,0.152,0.061,0.042,0.048,0.974,50.140
2510203128,2026-10-09 09:30:00,236.710,236.960,235.630,1.570,1.530,1.620,1.085,0.361,0.351,0.372,0.085,0.015,0.025,0.044,0.996,50.130
2510203130,2026-10-09 09:30:00,240.530,240.850,242.250,0.000,0.010,0.050,0.014,0.000,0.003,0.011,0.002,0.000,0.001,0.001,0.963,50.170
2510203133,2026-10-09 09:30:00,234.000,234.410,233.920,0.310,0.070,0.360,0.168,0.071,0.013,0.083,0.015,0.008,0.011,-0.003,0.993,50.050
2510203134,2026-10-09 09:30:00,237.920,236.960,237.350,0.020,0.010,0.010,0.007,0.004,0.002,0.001,-0.001,0.000,-0.001,0.000,0.983,50.110
2510224049,2026-10-09 09:30:00,229.770,230.100,229.580,0.110,1.230,8.220,2.040,0.010,0.150,1.870,0.000,0.010,-0.120,0.090,1.000,50.110
2510224167,2026-10-09 09:30:00,229.280,229.160,229.840,22.290,22.260,22.840,13.790,4.550,4.570,4.660,6.940,2.310,2.260,2.380,0.893,50.100
2510317505,2026-10-09 09:30:00,230.090,230.150,230.670,0.090,0.030,2.180,0.270,0.010,0.000,0.250,-0.250,-0.010,0.000,-0.230,0.742,50.090
2510317516,2026-10-09 09:30:00,230.190,230.150,230.700,0.000,0.000,0.000,0.000,0.000,0.000,0.000,0.000,0.000,0.000,0.000,1.000,50.090
2510317537,2026-10-09 09:30:00,236.360,236.770,237.430,2.420,2.540,2.440,1.750,0.560,0.600,0.550,-0.300,-0.090,-0.100,-0.100,0.983,50.090
2510389559,2026-10-09 09:30:00,234.870,234.310,235.350,0.000,0.000,0.000,0.000,0.000,0.000,0.000,0.000,0.000,0.000,0.000,1.000,50.120
2510389643,2026-10-09 09:30:00,234.560,233.970,235.030,2.280,0.000,0.000,0.300,0.300,0.000,0.000,-0.050,-0.050,0.000,0.000,0.982,50.100
2510389931,2026-10-09 09:30:00,234.010,233.670,234.610,0.050,0.000,0.000,0.000,0.000,0.000,0.000,-0.010,-0.010,0.000,0.000,0.195,50.110
2510633381,2026-10-09 09:30:00,237.420,236.350,236.750,0.360,0.360,0.350,0.255,0.088,0.085,0.082,0.034,0.005,0.014,0.014,0.992,50.160
2510633382,2026-10-09 09:30:00,233.040,233.760,233.200,0.820,0.830,0.860,0.533,0.172,0.178,0.184,0.229,0.077,0.077,0.073,0.921,50.110
2510633383,2026-10-09 09:30:00,233.780,234.260,234.650,1.330,0.970,1.350,0.816,0.299,0.218,0.302,0.005,0.017,-0.001,-0.010,1.000,50.140
2510633385,2026-10-09 09:30:00,234.790,234.290,235.320,0.140,0.420,0.030,0.136,0.031,0.098,0.007,-0.006,-0.007,0.002,-0.001,0.999,50.130
2510633386,2026-10-09 09:30:00,223.380,223.630,224.190,0.380,0.390,0.360,0.142,0.046,0.052,0.043,-0.213,-0.071,-0.071,-0.067,0.540,50.110
2510633387,2026-10-09 09:30:00,233.480,234.060,233.360,0.030,0.010,0.150,0.044,0.007,0.001,0.035,-0.006,0.000,0.000,-0.004,0.992,50.120
2510633389,2026-10-09 09:30:00,233.020,232.340,232.060,1.920,1.910,1.910,1.242,0.422,0.411,0.408,0.434,0.137,0.142,0.154,0.944,50.130
2510633390,2026-10-09 09:30:00,236.900,237.450,236.510,0.860,0.810,0.950,0.597,0.198,0.184,0.214,0.101,0.026,0.038,0.037,0.985,50.120
2510633391,2026-10-09 09:30:00,123.190,123.130,122.830,0.500,0.690,0.850,0.235,0.061,0.075,0.092,0.002,0.013,-0.019,0.008,0.998,50.140
2510633393,2026-10-09 09:30:00,232.780,233.460,232.910,1.740,1.710,1.710,1.126,0.378,0.374,0.370,0.252,0.085,0.077,0.089,0.975,50.110
2510633395,2026-10-09 09:30:00,234.530,234.840,233.860,0.000,0.000,0.000,0.000,0.000,0.000,0.000,0.000,0.000,0.000,0.000,1.000,50.180
2510633396,2026-10-09 09:30:00,233.870,233.410,233.820,1.020,1.040,0.970,0.666,0.224,0.231,0.211,0.169,0.054,0.058,0.056,0.972,50.150
2510633397,2026-10-09 09:30:00,243.640,242.580,243.130,0.110,0.120,0.100,0.077,0.025,0.029,0.023,0.004,0.003,-0.001,0.001,0.998,50.130
2510633399,2026-10-09 09:30:00,229.770,229.790,230.360,0.370,0.420,0.470,0.287,0.084,0.096,0.106,0.003,0.001,0.001,0.000,1.000,50.140
2510633400,2026-10-09 09:30:00,228.310,228.570,227.960,1.060,1.150,1.090,0.691,0.225,0.252,0.226,0.329,0.104,0.115,0.108,0.902,50.130
2510633402,2026-10-09 09:30:00,227.050,227.320,228.450,0.920,1.060,1.180,0.683,0.196,0.230,0.256,0.219,0.069,0.067,0.082,0.956,50.110
2510633406,2026-10-09 09:30:00,229.820,229.800,230.470,0.370,0.380,0.380,0.233,0.076,0.078,0.079,0.116,0.038,0.037,0.039,0.896,50.160
2510633411,2026-10-09 09:30:00,227.170,226.410,226.230,2.490,2.370,2.460,1.529,0.527,0.493,0.507,0.592,0.188,0.193,0.212,0.932,50.130
2510814977,2026-10-09 09:30:00,228.800,229.930,228.370,0.020,0.020,0.010,0.009,0.003,0.004,0.001,-0.001,0.001,-0.001,-0.001,1.000,50.150
2610026950,2026-10-09 09:30:00,230.920,230.090,230.250,0.040,0.020,0.060,0.026,0.008,0.004,0.013,0.006,0.002,0.001,0.001,0.959,50.150
2610026952,2026-10-09 09:30:00,232.200,231.530,231.900,2.430,2.320,2.420,1.541,0.517,0.497,0.526,0.611,0.219,0.199,0.191,0.928,50.150
2610026953,2026-10-09 09:30:00,233.750,233.420,234.220,0.940,0.910,0.970,0.601,0.195,0.192,0.214,0.188,0.072,0.060,0.055,0.950,50.170
2610026963,2026-10-09 09:30:00,234.680,234.670,235.250,0.160,0.080,0.050,0.046,0.034,0.013,-0.001,-0.040,-0.016,-0.012,-0.011,0.742,50.150
2610026966,2026-10-09 09:30:00,229.400,229.420,228.670,0.730,0.680,1.010,0.525,0.155,0.147,0.226,0.021,0.013,0.000,0.007,0.998,50.180
2610026976,2026-10-09 09:30:00,231.690,231.810,232.630,2.830,3.260,3.320,1.343,0.376,0.547,0.572,0.413,0.156,0.156,0.100,0.959,50.160
2610026977,2026-10-09 09:30:00,240.770,240.950,240.140,0.000,0.010,0.000,0.001,0.000,0.001,0.000,-0.001,0.000,0.000,0.000,0.524,50.140
2610126270,2026-10-09 09:30:00,230.160,230.630,230.140,0.020,0.050,0.020,0.017,0.003,0.011,0.003,-0.005,-0.002,-0.001,-0.002,0.942,50.110
2610126451,2026-10-09 09:30:00,235.320,235.760,234.880,0.030,0.000,0.100,0.026,0.003,0.000,0.022,0.015,0.006,0.000,0.008,0.865,50.180
2610159557,2026-10-09 09:30:00,238.110,237.200,237.630,0.030,0.040,0.040,0.021,0.006,0.007,0.007,0.008,0.001,0.003,0.003,0.957,50.150
2610170785,2026-10-09 09:30:00,237.870,236.980,237.460,0.030,0.010,0.010,0.006,0.005,0.000,0.000,0.006,0.002,0.001,0.001,0.745,50.140
2610170786,2026-10-09 09:30:00,236.200,236.510,236.890,1.280,1.420,1.250,0.909,0.300,0.310,0.297,0.245,0.077,0.080,0.088,0.962,50.090
2610170836,2026-10-09 09:30:00,233.680,234.330,234.530,0.810,0.670,1.050,0.491,0.112,0.083,0.252,0.131,0.040,0.038,0.051,0.965,50.130
2610170837,2026-10-09 09:30:00,229.730,227.960,228.440,0.000,0.000,0.040,0.005,0.000,0.000,0.005,0.000,0.000,0.000,0.000,0.946,50.110
2610170838,2026-10-09 09:30:00,237.850,236.730,237.380,0.120,0.110,0.020,0.057,0.028,0.024,0.003,0.002,-0.001,0.003,0.000,0.994,50.110
2610170839,2026-10-09 09:30:00,236.740,237.180,237.820,0.020,0.010,0.040,0.015,0.004,0.001,0.009,-0.001,0.000,0.000,0.000,1.000,50.110
2610170840,2026-10-09 09:30:00,234.040,233.710,234.680,0.200,0.000,0.000,0.046,0.045,0.000,0.000,0.005,0.005,0.000,0.000,1.000,50.110
2610322967,2026-10-09 09:30:00,238.460,237.420,237.660,0.020,0.000,0.000,0.004,0.004,0.000,0.000,0.000,0.000,0.000,0.000,0.964,50.130
2610322969,2026-10-09 09:30:00,230.780,230.030,230.190,0.270,0.330,0.260,0.202,0.063,0.076,0.062,0.058,0.019,0.022,0.016,0.954,50.160
2610322992,2026-10-09 09:30:00,224.080,225.320,225.810,3.520,3.940,3.890,2.384,0.721,0.848,0.813,0.944,0.353,0.283,0.301,0.929,50.090
2610322995,2026-10-09 09:30:00,237.080,237.370,237.820,0.000,0.000,0.000,0.000,0.000,0.000,0.000,0.000,0.000,0.000,0.000,1.000,50.140
2610322997,2026-10-09 09:30:00,227.830,228.060,227.170,1.140,1.280,0.860,0.665,0.245,0.246,0.169,0.241,0.037,0.129,0.075,0.939,50.110
2610323001,2026-10-09 09:30:00,225.020,224.470,224.310,3.920,3.310,3.600,2.283,0.823,0.701,0.758,0.944,0.330,0.297,0.316,0.921,50.110
2610323004,2026-10-09 09:30:00,63.430,62.880,63.380,1.290,1.370,1.280,0.242,0.080,0.083,0.077,0.051,0.012,0.018,0.019,0.976,50.140
2610323005,2026-10-09 09:30:00,230.230,230.800,230.160,0.090,0.020,0.000,0.024,0.019,0.004,0.000,0.001,0.000,0.002,0.000,0.983,50.130
2610323010,2026-10-09 09:30:00,235.200,234.700,234.190,0.060,0.000,0.060,0.023,0.012,0.000,0.011,0.000,-0.007,0.000,0.007,0.999,50.130
2610323014,2026-10-09 09:30:00,234.840,234.880,235.410,0.040,0.000,0.010,0.012,0.009,0.000,0.002,-0.002,-0.002,0.000,0.000,1.000,50.140
2610323016,2026-10-09 09:30:00,225.790,224.640,224.860,3.730,3.580,3.640,2.294,0.781,0.752,0.761,0.784,0.258,0.258,0.267,0.946,50.090
2610323017,2026-10-09 09:30:00,236.860,237.470,236.370,0.000,0.000,0.000,0.000,0.000,0.000,0.000,0.000,0.000,0.000,0.000,1.000,50.090
2610323019,2026-10-09 09:30:00,229.850,230.630,230.000,0.020,0.150,0.030,0.045,0.004,0.034,0.007,-0.006,-0.001,-0.002,-0.003,0.981,50.100
2610323027,2026-10-09 09:30:00,237.710,236.700,237.220,0.000,0.000,0.000,0.000,0.000,0.000,0.000,0.000,0.000,0.000,0.000,1.000,50.090
2510014482,2026-10-09 09:31:00,233.820,234.320,233.370,0.700,0.490,0.270,0.292,0.144,0.089,0.048,-0.016,-0.004,-0.004,-0.007,0.998,50.100
2510203105,2026-10-09 09:31:00,228.250,226.720,227.390,2.590,2.530,2.340,1.549,0.536,0.528,0.484,0.390,0.133,0.124,0.116,0.969,50.070
2510203111,2026-10-09 09:31:00,233.080,233.910,234.120,2.240,1.840,2.340,1.423,0.496,0.406,0.520,0.281,0.140,0.057,0.082,0.981,50.110
2410131383,2026-10-09 09:32:00,234.700,234.140,234.110,0.250,0.240,0.290,0.184,0.057,0.056,0.070,0.002,0.000,0.000,0.001,1.000,50.000
2510203108,2026-10-09 09:32:00,234.140,234.320,233.520,0.890,1.830,1.770,1.051,0.210,0.458,0.397,0.166,0.037,0.072,0.056,0.991,50.080
2610159558,2026-10-09 09:32:00,236.270,236.840,237.250,0.020,0.010,0.030,0.014,0.005,0.002,0.006,0.001,0.000,0.000,0.001,1.000,50.040
2246006313,2026-10-09 10:00:00,58.000,57.900,57.800,1.417,1.428,1.381,0.239,0.079,0.081,0.078,0.065,0.022,0.021,0.020,0.966,50.020
2410121326,2026-10-09 10:00:00,235.250,234.240,234.560,0.770,0.830,0.950,0.571,0.167,0.191,0.213,0.095,0.025,0.032,0.037,0.986,50.040
2410121353,2026-10-09 10:00:00,236.670,235.720,235.970,0.480,0.460,0.460,0.313,0.107,0.105,0.099,0.105,0.032,0.028,0.044,0.948,50.120
2410121371,2026-10-09 10:00:00,236.410,235.420,235.720,0.030,0.040,0.030,0.024,0.007,0.008,0.008,-0.005,-0.002,-0.002,0.000,0.989,50.090
2410121424,2026-10-09 10:00:00,237.250,236.360,236.860,0.010,0.010,0.010,0.006,0.001,0.002,0.003,-0.002,-0.001,-0.001,0.000,0.874,50.070
2410121440,2026-10-09 10:00:00,236.230,235.360,235.640,0.010,0.010,0.010,0.005,0.002,0.000,0.001,-0.002,-0.001,-0.001,0.000,0.929,50.090
2410121454,2026-10-09 10:00:00,236.720,237.170,235.970,0.370,0.490,0.610,0.340,0.087,0.115,0.138,0.050,0.011,0.011,0.027,0.990,50.080
2410121457,2026-10-09 10:00:00,234.090,232.970,233.730,1.940,1.990,1.770,1.260,0.428,0.437,0.394,0.371,0.130,0.138,0.102,0.959,50.090
2410121574,2026-10-09 10:00:00,236.150,235.370,235.580,1.510,1.110,1.250,0.899,0.356,0.253,0.290,0.068,0.038,0.005,0.024,0.998,50.100
2410131378,2026-10-09 10:00:00,235.960,236.400,235.320,0.700,0.870,0.930,0.541,0.158,0.197,0.201,0.155,0.037,0.047,0.069,0.972,50.110
2410131383,2026-10-09 10:00:00,230.410,229.990,229.840,0.230,0.230,0.290,0.172,0.053,0.052,0.066,0.008,0.000,0.002,0.004,0.997,50.040
2410131384,2026-10-09 10:00:00,236.610,237.060,236.230,1.040,1.200,1.300,0.818,0.235,0.270,0.312,0.187,0.056,0.078,0.052,0.971,50.060
2410131387,2026-10-09 10:00:00,229.960,230.460,230.360,0.110,0.080,0.060,0.055,0.023,0.019,0.012,-0.011,-0.007,0.000,-0.004,0.986,50.040
2410883988,2026-10-09 10:00:00,230.490,230.920,230.470,0.460,0.460,0.520,0.309,0.097,0.099,0.112,0.113,0.037,0.037,0.038,0.939,50.080
2410883990,2026-10-09 10:00:00,231.160,230.540,230.500,0.090,0.000,0.250,0.080,0.021,0.000,0.061,0.002,0.000,0.000,0.003,0.999,50.060
2410883991,2026-10-09 10:00:00,236.690,237.120,237.630,0.170,0.290,0.540,0.231,0.038,0.065,0.128,0.001,0.000,0.001,0.001,0.997,50.060
2410883993,2026-10-09 10:00:00,237.250,236.290,236.800,0.470,0.350,0.810,0.417,0.156,0.073,0.187,0.079,0.027,0.041,0.008,0.984,50.060
2410883994,2026-10-09 10:00:00,237.370,236.310,236.940,0.000,0.000,0.010,0.003,0.000,0.000,0.003,0.000,0.000,0.000,0.000,1.000,50.030
2410932742,2026-10-09 10:00:00,227.760,225.930,226.170,3.150,3.090,3.340,2.030,0.669,0.657,0.703,0.570,0.193,0.172,0.203,0.962,50.030
2411087432,2026-10-09 10:00:00,235.150,235.900,234.740,1.540,1.500,1.340,0.969,0.353,0.320,0.295,0.240,0.047,0.109,0.081,0.970,50.090
2411087433,2026-10-09 10:00:00,236.970,237.360,237.840,0.540,0.590,0.640,0.410,0.126,0.137,0.152,0.057,0.015,0.013,0.028,0.991,50.050
2411290205,2026-10-09 10:00:00,227.660,227.790,228.180,2.560,2.370,2.520,1.696,0.578,0.537,0.580,0.501,0.182,0.155,0.163,0.954,50.050
2510014481,2026-10-09 10:00:00,225.990,225.950,227.600,2.960,3.260,3.120,1.971,0.621,0.685,0.664,0.801,0.262,0.281,0.256,0.918,50.050
2510014483,2026-10-09 10:00:00,236.610,237.040,237.590,0.070,0.060,0.070,0.046,0.016,0.012,0.018,-0.022,-0.006,-0.005,-0.009,0.889,50.060
2510014484,2026-10-09 10:00:00,228.170,227.870,228.480,2.100,2.310,1.940,1.376,0.450,0.511,0.422,0.404,0.140,0.126,0.137,0.959,50.080
2510178139,2026-10-09 10:00:00,235.950,236.370,235.430,0.110,0.100,0.190,0.090,0.023,0.022,0.044,0.024,0.009,0.009,0.004,0.960,50.040
2510178141,2026-10-09 10:00:00,235.040,235.780,236.270,0.760,0.430,0.630,0.367,0.155,0.100,0.112,0.000,0.020,-0.009,-0.011,0.999,50.070
2510203103,2026-10-09 10:00:00,224.090,222.410,222.860,0.230,0.200,0.160,0.271,0.081,0.072,0.086,0.125,0.046,0.042,0.036,0.836,50.040
2510203104,2026-10-09 10:00:00,230.220,230.510,230.930,1.010,0.950,1.040,0.632,0.209,0.201,0.221,0.198,0.051,0.068,0.079,0.955,50.070
2510203105,2026-10-09 10:00:00,230.000,228.300,228.820,1.520,1.530,1.320,1.007,0.342,0.355,0.306,0.125,0.045,0.041,0.038,0.992,50.040
2510203106,2026-10-09 10:00:00,229.730,229.310,229.950,0.020,0.010,0.000,0.008,0.004,0.003,0.000,-0.002,-0.001,0.000,0.000,0.938,50.060
2510203107,2026-10-09 10:00:00,216.770,215.990,216.890,2.120,2.170,1.990,1.255,0.427,0.429,0.400,0.404,0.121,0.154,0.128,0.952,50.050
2510203108,2026-10-09 10:00:00,235.430,235.840,234.770,0.940,1.570,1.420,0.920,0.199,0.382,0.338,0.167,0.058,0.039,0.072,0.988,50.030
2510203109,2026-10-09 10:00:00,236.970,237.500,236.470,0.300,0.480,0.630,0.320,0.070,0.113,0.136,-0.008,0.009,-0.008,-0.009,1.000,50.040
2510203111,2026-10-09 10:00:00,234.390,235.520,235.750,2.270,1.960,2.360,1.460,0.492,0.437,0.530,0.274,0.138,0.060,0.076,0.982,50.050
2510203113,2026-10-09 10:00:00,229.070,228.770,228.420,2.520,2.500,2.880,1.763,0.569,0.548,0.645,0.168,0.040,0.058,0.070,0.995,50.080
2510203114,2026-10-09 10:00:00,230.350,230.820,231.100,0.960,0.830,0.870,0.567,0.207,0.175,0.184,0.169,0.051,0.053,0.063,0.957,50.090
2510203117,2026-10-09 10:00:00,230.510,230.000,229.930,0.270,0.270,0.130,0.107,0.042,0.057,0.007,0.090,0.036,0.024,0.030,0.794,50.080
2510203120,2026-10-09 10:00:00,236.450,235.440,236.020,1.890,1.590,1.680,1.174,0.422,0.350,0.374,0.231,0.084,0.071,0.074,0.977,50.020
2510203121,2026-10-09 10:00:00,230.750,230.620,231.260,0.010,0.010,0.100,0.026,0.003,0.001,0.021,-0.008,0.000,-0.002,-0.005,0.953,50.050
2510203122,2026-10-09 10:00:00,235.190,235.920,234.860,0.470,0.380,0.480,0.250,0.085,0.080,0.082,0.164,0.053,0.037,0.074,0.840,50.080
2510203123,2026-10-09 10:00:00,234.560,235.330,235.640,1.310,1.720,1.790,0.798,0.247,0.246,0.305,0.356,0.164,0.110,0.154,0.953,50.070
2510203124,2026-10-09 10:00:00,234.590,234.490,233.830,0.960,1.010,0.980,0.636,0.207,0.218,0.212,0.197,0.061,0.067,0.067,0.956,50.040
2510203125,2026-10-09 10:00:00,229.880,230.460,230.140,0.030,0.030,0.060,0.019,0.002,0.003,0.013,-0.016,-0.005,-0.005,-0.004,0.757,50.060
2510203127,2026-10-09 10:00:00,234.860,235.740,234.690,1.770,1.780,1.940,1.127,0.351,0.361,0.404,0.131,0.057,0.028,0.045,0.992,50.040
2510203128,2026-10-09 10:00:00,236.780,237.150,235.630,1.610,1.530,1.610,1.097,0.371,0.352,0.370,0.085,0.017,0.024,0.043,0.996,50.030
2510203130,2026-10-09 10:00:00,241.170,241.400,242.880,0.000,0.050,0.120,0.062,0.000,0.014,0.048,-0.004,0.000,-0.001,-0.002,1.000,50.040
2510203133,2026-10-09 10:00:00,235.370,235.810,235.010,0.280,0.250,0.440,0.208,0.057,0.049,0.101,0.082,0.030,0.032,0.019,0.931,50.070
2510203134,2026-10-09 10:00:00,237.970,236.840,237.260,0.020,0.010,0.010,0.007,0.004,0.002,0.001,-0.001,0.000,-0.001,0.000,0.983,50.030
2510224049,2026-10-09 10:00:00,230.080,230.530,230.050,0.110,1.190,8.190,2.050,0.010,0.160,1.870,0.000,0.010,-0.120,0.100,0.999,50.050
2510224167,2026-10-09 10:00:00,229.740,229.530,230.220,22.120,22.020,22.560,13.660,4.510,4.520,4.620,6.890,2.290,2.240,2.350,0.892,50.080
2510317505,2026-10-09 10:00:00,230.440,230.360,230.960,0.090,0.030,2.190,0.270,0.010,0.000,0.260,-0.250,-0.010,0.000,-0.230,0.742,50.070
2510317516,2026-10-09 10:00:00,230.460,230.340,230.890,0.000,0.000,0.000,0.000,0.000,0.000,0.000,0.000,0.000,0.000,0.000,1.000,50.070
2510317537,2026-10-09 10:00:00,236.340,236.610,237.230,2.850,2.770,2.680,1.730,0.570,0.580,0.580,-0.310,-0.090,-0.100,-0.100,0.984,50.080
2510389559,2026-10-09 10:00:00,230.310,229.740,230.490,0.000,0.000,0.000,0.000,0.000,0.000,0.000,0.000,0.000,0.000,0.000,1.000,50.080
2510389643,2026-10-09 10:00:00,229.990,229.380,230.520,3.390,0.000,0.000,0.680,0.680,0.000,0.000,-0.040,-0.040,0.000,0.000,0.998,50.070
2510389931,2026-10-09 10:00:00,229.370,228.970,229.780,0.050,0.000,0.000,0.000,0.000,0.000,0.000,-0.010,-0.010,0.000,0.000,0.220,50.060
2510633381,2026-10-09 10:00:00,237.910,236.760,237.210,0.370,0.360,0.370,0.253,0.087,0.081,0.083,0.046,0.006,0.019,0.020,0.984,50.040
2510633382,2026-10-09 10:00:00,228.190,228.910,228.610,0.860,0.820,0.870,0.513,0.169,0.164,0.179,0.265,0.095,0.086,0.083,0.887,50.090
2510633383,2026-10-09 10:00:00,235.070,235.790,236.230,1.360,0.950,1.310,0.813,0.306,0.222,0.295,0.014,0.024,0.000,-0.008,1.000,50.040
2510633385,2026-10-09 10:00:00,230.400,230.080,230.940,0.240,0.230,0.020,0.114,0.059,0.051,0.003,0.001,0.000,0.001,-0.001,0.997,50.090
2510633386,2026-10-09 10:00:00,223.620,223.900,224.440,0.390,0.390,0.360,0.147,0.050,0.050,0.046,-0.209,-0.071,-0.071,-0.066,0.582,50.090
2510633387,2026-10-09 10:00:00,234.700,235.650,234.420,0.030,0.020,0.160,0.047,0.008,0.003,0.036,-0.002,0.000,0.002,-0.004,0.996,50.100
2510633389,2026-10-09 10:00:00,229.000,228.600,228.200,1.410,1.380,1.420,0.869,0.296,0.286,0.286,0.343,0.108,0.115,0.123,0.932,50.090
2510633391,2026-10-09 10:00:00,123.540,123.210,123.120,0.490,0.650,0.740,0.218,0.056,0.074,0.087,0.003,0.009,-0.017,0.012,1.000,50.050
2510633393,2026-10-09 10:00:00,228.120,228.690,228.390,1.750,1.760,1.780,1.167,0.386,0.390,0.390,0.241,0.081,0.073,0.084,0.979,50.100
2510633395,2026-10-09 10:00:00,235.190,235.480,234.360,0.000,0.000,0.000,0.000,0.000,0.000,0.000,0.000,0.000,0.000,0.000,1.000,50.040
2510633396,2026-10-09 10:00:00,235.350,234.730,235.290,1.050,1.080,1.000,0.706,0.238,0.243,0.224,0.176,0.056,0.061,0.058,0.970,50.040
2510633397,2026-10-09 10:00:00,243.940,242.810,243.320,0.070,0.120,0.100,0.070,0.017,0.028,0.024,0.004,0.003,0.000,0.001,0.991,50.070
2510633399,2026-10-09 10:00:00,230.530,230.330,231.110,0.360,0.420,0.440,0.280,0.081,0.096,0.102,0.004,0.001,0.001,0.000,1.000,50.040
2510633400,2026-10-09 10:00:00,229.360,229.900,229.330,0.840,0.890,0.850,0.535,0.172,0.185,0.177,0.196,0.062,0.069,0.066,0.937,50.060
2510633402,2026-10-09 10:00:00,228.140,228.380,229.600,0.720,0.910,1.020,0.706,0.201,0.239,0.264,0.186,0.057,0.056,0.071,0.951,50.090
2510633406,2026-10-09 10:00:00,230.320,230.110,230.830,0.370,0.370,0.380,0.227,0.075,0.075,0.077,0.113,0.038,0.036,0.038,0.895,50.050
2510633411,2026-10-09 10:00:00,227.680,226.950,226.660,2.280,2.210,2.260,1.381,0.474,0.448,0.456,0.598,0.189,0.197,0.211,0.918,50.040
2510814977,2026-10-09 10:00:00,228.890,230.270,228.620,0.010,0.010,0.010,0.005,0.002,0.001,0.002,-0.002,0.000,-0.001,-0.001,0.954,50.050
2610026950,2026-10-09 10:00:00,231.240,230.540,230.470,0.040,0.020,0.060,0.026,0.008,0.003,0.014,0.005,0.001,0.001,0.001,0.989,50.050
2610026953,2026-10-09 10:00:00,228.900,228.500,229.220,0.750,0.800,0.810,0.436,0.146,0.144,0.145,0.149,0.058,0.049,0.040,0.951,50.050
2610026963,2026-10-09 10:00:00,235.420,236.180,236.720,0.140,0.080,0.050,0.039,0.028,0.014,-0.004,-0.038,-0.016,-0.011,-0.010,0.717,50.040
2610026966,2026-10-09 10:00:00,229.970,230.090,229.390,0.650,0.740,1.120,0.560,0.152,0.163,0.245,0.054,0.038,0.010,0.005,0.995,50.040
2610026976,2026-10-09 10:00:00,234.850,235.460,236.030,1.060,1.340,1.570,0.932,0.259,0.307,0.365,0.017,0.041,0.001,-0.023,1.000,50.050
2610026977,2026-10-09 10:00:00,241.780,241.810,241.070,0.000,0.060,0.000,0.014,0.000,0.014,0.000,-0.002,0.000,-0.001,0.000,0.975,50.050
2610126270,2026-10-09 10:00:00,230.430,230.980,230.540,0.050,0.070,0.020,0.030,0.010,0.016,0.003,-0.007,-0.003,-0.001,-0.002,0.988,50.050
2610126451,2026-10-09 10:00:00,235.930,236.320,235.400,0.040,0.010,0.110,0.037,0.011,0.001,0.024,0.013,0.004,0.000,0.008,0.937,50.050
2610159557,2026-10-09 10:00:00,237.840,236.760,237.180,0.020,0.030,0.030,0.017,0.004,0.006,0.006,-0.006,-0.002,-0.001,-0.001,0.964,50.050
2610159558,2026-10-09 10:00:00,236.660,237.140,237.730,0.010,0.000,0.030,0.008,0.001,0.000,0.006,0.001,0.000,0.000,0.001,1.000,50.050
2610170785,2026-10-09 10:00:00,237.490,236.450,236.920,0.030,0.010,0.010,0.007,0.006,0.000,0.000,0.005,0.002,0.001,0.001,0.772,50.060
2610170836,2026-10-09 10:00:00,233.780,234.320,234.800,0.730,0.700,0.760,0.466,0.163,0.151,0.242,0.253,0.084,0.078,0.091,0.876,50.080
2610170837,2026-10-09 10:00:00,230.110,228.360,228.690,0.030,0.000,0.060,0.015,0.003,0.000,0.010,0.012,0.004,0.000,0.008,0.780,50.060
2610170838,2026-10-09 10:00:00,237.500,236.260,236.870,0.000,0.090,0.030,0.024,0.000,0.016,0.006,0.011,0.000,0.008,0.002,0.918,50.080
2610170839,2026-10-09 10:00:00,236.410,236.850,237.480,0.020,0.000,0.050,0.021,0.004,0.000,0.016,-0.002,0.000,0.000,0.000,1.000,50.060
2610170840,2026-10-09 10:00:00,229.410,229.030,229.800,0.200,0.000,0.000,0.045,0.045,0.000,0.000,0.004,0.004,0.000,0.000,0.994,50.060
2610322967,2026-10-09 10:00:00,238.180,237.020,237.250,0.040,0.000,0.000,0.008,0.008,0.000,0.000,0.000,0.000,0.000,0.000,0.968,50.050
2610322969,2026-10-09 10:00:00,231.100,230.420,230.360,0.390,0.520,0.530,0.355,0.084,0.122,0.130,0.076,0.024,0.026,0.025,0.984,50.050
2610322992,2026-10-09 10:00:00,223.450,224.790,225.350,4.510,4.830,4.700,2.955,0.909,1.040,1.005,1.152,0.443,0.343,0.366,0.932,50.060
2610322995,2026-10-09 10:00:00,236.570,236.940,237.520,0.000,0.000,0.000,0.000,0.000,0.000,0.000,0.000,0.000,0.000,0.000,1.000,50.060
2610322997,2026-10-09 10:00:00,228.240,228.510,227.740,1.170,1.320,0.870,0.647,0.242,0.240,0.164,0.259,0.042,0.140,0.075,0.920,50.060
2610323001,2026-10-09 10:00:00,226.260,225.280,225.300,3.190,2.780,2.960,1.798,0.645,0.569,0.607,0.861,0.297,0.275,0.288,0.901,50.050
2610323004,2026-10-09 10:00:00,63.500,62.900,63.420,1.030,1.110,1.000,0.196,0.065,0.068,0.062,0.037,0.008,0.014,0.015,0.986,50.060
2610323005,2026-10-09 10:00:00,230.410,230.920,230.330,0.090,0.000,0.000,0.021,0.019,0.001,0.000,0.000,0.000,0.000,0.000,1.000,50.050
2610323010,2026-10-09 10:00:00,230.080,229.790,229.400,0.060,0.000,0.060,0.023,0.012,0.000,0.010,0.000,-0.007,0.000,0.007,0.986,50.050
2610323014,2026-10-09 10:00:00,235.210,235.530,236.130,0.040,0.000,0.010,0.012,0.009,0.000,0.002,-0.002,-0.001,0.000,0.000,0.962,50.060
2610323016,2026-10-09 10:00:00,227.050,225.800,226.120,2.410,2.240,2.250,1.414,0.499,0.454,0.460,0.624,0.215,0.206,0.203,0.914,50.060
2610323017,2026-10-09 10:00:00,236.700,237.200,236.280,0.000,0.000,0.000,0.000,0.000,0.000,0.000,0.000,0.000,0.000,0.000,1.000,50.070
2610323027,2026-10-09 10:00:00,237.660,236.530,237.050,0.000,0.000,0.000,0.000,0.000,0.000,0.000,0.000,0.000,0.000,0.000,1.000,50.080
2410320615,2026-10-09 10:01:00,225.260,225.550,226.520,5.150,4.680,4.970,3.095,1.082,0.974,1.039,0.994,0.317,0.372,0.300,0.953,50.040
2510014482,2026-10-09 10:01:00,234.840,235.560,234.400,0.670,0.290,0.250,0.268,0.141,0.068,0.059,-0.024,-0.006,-0.008,-0.010,0.994,50.090
2510203126,2026-10-09 10:01:00,230.720,230.900,231.470,0.520,0.450,0.460,0.308,0.112,0.096,0.099,0.113,0.038,0.037,0.037,0.937,50.080
2510633390,2026-10-09 10:01:00,236.970,237.770,236.700,0.960,0.870,0.920,0.552,0.187,0.182,0.182,0.163,0.043,0.057,0.062,0.964,49.980
2610026952,2026-10-09 10:01:00,235.360,234.440,234.890,1.570,1.490,1.510,0.972,0.332,0.315,0.324,0.369,0.132,0.124,0.112,0.935,50.110
2610170786,2026-10-09 10:01:00,236.320,236.720,237.190,1.070,1.110,1.060,0.713,0.230,0.245,0.230,0.211,0.064,0.068,0.077,0.959,50.110
2610323019,2026-10-09 10:01:00,230.520,231.330,230.710,0.020,0.150,0.040,0.048,0.004,0.035,0.008,-0.005,-0.001,-0.002,-0.001,0.988,50.080
2246006313,2026-10-09 10:30:00,57.700,57.600,57.500,1.469,1.473,1.438,0.240,0.080,0.081,0.079,0.061,0.021,0.020,0.019,0.969,50.000
2410121326,2026-10-09 10:30:00,235.940,235.080,235.630,0.680,0.780,0.820,0.513,0.151,0.175,0.185,0.120,0.042,0.042,0.035,0.974,49.960
2410121353,2026-10-09 10:30:00,236.240,235.390,235.680,0.650,0.630,0.560,0.375,0.133,0.129,0.112,0.185,0.061,0.054,0.069,0.895,49.960
2410121371,2026-10-09 10:30:00,237.150,236.250,236.610,0.030,0.070,0.040,0.032,0.007,0.016,0.008,-0.004,-0.002,-0.002,0.000,0.994,50.000
2410121424,2026-10-09 10:30:00,237.210,236.320,236.640,0.010,0.010,0.010,0.005,0.001,0.001,0.002,-0.002,-0.001,-0.001,0.000,0.908,49.950
2410121440,2026-10-09 10:30:00,236.820,236.080,236.400,0.010,0.010,0.010,0.005,0.002,0.000,0.001,-0.002,-0.001,-0.001,0.000,0.927,50.000
2410121454,2026-10-09 10:30:00,236.500,236.990,235.760,0.350,0.470,0.630,0.338,0.083,0.112,0.143,0.033,0.006,0.005,0.021,0.994,49.960
2410121457,2026-10-09 10:30:00,234.880,233.890,234.780,2.010,2.000,1.760,1.272,0.444,0.437,0.390,0.403,0.143,0.148,0.111,0.953,49.990
2410121574,2026-10-09 10:30:00,236.220,235.260,235.850,1.610,1.300,1.240,0.986,0.374,0.320,0.291,0.105,0.048,0.036,0.019,0.994,49.960
2410131378,2026-10-09 10:30:00,236.210,236.330,235.480,0.720,0.990,0.880,0.566,0.142,0.227,0.196,0.116,0.022,0.041,0.053,0.982,49.990
2410131383,2026-10-09 10:30:00,229.960,229.600,229.650,0.240,0.250,0.300,0.178,0.055,0.056,0.067,0.008,0.000,0.002,0.005,1.000,49.980
2410131384,2026-10-09 10:30:00,235.960,236.490,235.610,0.820,0.910,0.950,0.637,0.190,0.220,0.225,0.181,0.056,0.070,0.054,0.959,49.980
2410131387,2026-10-09 10:30:00,229.780,229.930,229.950,0.100,0.080,0.080,0.058,0.021,0.019,0.017,-0.012,-0.007,0.000,-0.004,0.979,50.010
2410320615,2026-10-09 10:30:00,225.490,225.440,226.490,4.860,4.580,4.620,3.047,1.030,0.910,1.011,0.929,0.297,0.346,0.284,0.954,49.980
2410883988,2026-10-09 10:30:00,229.450,229.860,229.310,0.360,0.360,0.410,0.244,0.077,0.077,0.090,0.084,0.028,0.028,0.028,0.944,49.960
2410883990,2026-10-09 10:30:00,229.660,229.150,229.170,0.090,0.000,0.100,0.042,0.020,0.000,0.021,0.004,0.001,0.000,0.003,0.984,49.940
2410883991,2026-10-09 10:30:00,236.050,236.550,237.010,0.260,0.150,0.630,0.244,0.062,0.036,0.146,0.000,0.000,0.001,0.000,1.000,50.070
2410883993,2026-10-09 10:30:00,236.700,235.640,236.040,0.310,0.320,0.630,0.292,0.069,0.073,0.148,0.028,0.005,0.015,0.008,0.994,49.960
2410883994,2026-10-09 10:30:00,237.000,235.890,236.460,0.000,0.000,0.010,0.003,0.000,0.000,0.003,0.000,0.000,0.000,0.000,1.000,50.040
2410932742,2026-10-09 10:30:00,227.050,225.290,225.480,3.470,3.410,3.630,2.225,0.739,0.722,0.763,0.647,0.218,0.199,0.229,0.960,50.010
2411087432,2026-10-09 10:30:00,235.450,235.890,235.050,2.130,1.930,1.790,1.326,0.497,0.428,0.403,0.252,0.038,0.123,0.090,0.982,49.950
2411087433,2026-10-09 10:30:00,236.090,236.450,236.870,0.580,0.630,0.750,0.475,0.146,0.152,0.175,0.060,0.015,0.013,0.033,0.991,49.950
2411290205,2026-10-09 10:30:00,227.640,227.890,228.010,2.870,2.730,2.830,1.653,0.558,0.533,0.561,0.465,0.170,0.147,0.147,0.963,50.060
2510014481,2026-10-09 10:30:00,225.270,225.360,227.120,2.950,3.290,2.970,1.680,0.530,0.598,0.536,0.705,0.229,0.251,0.224,0.920,49.960
2510014483,2026-10-09 10:30:00,235.930,236.360,236.940,0.070,0.060,0.100,0.047,0.013,0.013,0.013,-0.021,-0.006,-0.005,-0.009,0.908,49.940
2510014484,2026-10-09 10:30:00,228.270,228.200,228.640,1.740,1.950,1.580,1.139,0.377,0.432,0.332,0.362,0.125,0.114,0.122,0.951,49.950
2510178139,2026-10-09 10:30:00,236.200,236.620,235.730,0.090,0.100,0.170,0.084,0.021,0.022,0.040,0.013,0.005,0.006,0.001,0.983,49.950
2510178141,2026-10-09 10:30:00,235.300,236.040,236.220,0.840,0.640,0.670,0.399,0.167,0.111,0.120,0.011,0.023,-0.003,-0.007,0.998,49.950
2510203103,2026-10-09 10:30:00,223.340,221.740,222.210,0.220,0.220,0.180,0.071,0.045,0.008,0.017,0.117,0.044,0.039,0.033,0.242,49.970
2510203104,2026-10-09 10:30:00,229.820,230.000,230.530,0.990,1.050,1.120,0.692,0.211,0.229,0.250,0.165,0.033,0.066,0.066,0.971,49.970
2510203105,2026-10-09 10:30:00,228.780,227.020,227.590,1.690,1.790,1.620,1.131,0.376,0.396,0.361,0.234,0.081,0.078,0.074,0.979,49.950
2510203106,2026-10-09 10:30:00,229.470,229.390,229.710,0.010,0.010,0.000,0.005,0.001,0.003,0.000,-0.002,-0.001,0.000,0.000,0.842,49.970
2510203107,2026-10-09 10:30:00,217.710,217.540,217.930,1.040,1.060,0.960,0.624,0.214,0.211,0.198,0.141,0.044,0.052,0.044,0.974,49.940
2510203108,2026-10-09 10:30:00,235.350,235.950,234.900,1.120,1.290,1.530,0.910,0.267,0.308,0.307,0.113,0.040,0.023,0.049,0.992,49.980
2510203109,2026-10-09 10:30:00,236.270,236.850,235.780,0.260,0.340,0.770,0.291,0.060,0.079,0.151,-0.004,0.009,-0.006,-0.007,0.999,49.950
2510203111,2026-10-09 10:30:00,234.420,235.370,235.630,2.260,1.850,2.560,1.483,0.494,0.404,0.584,0.282,0.142,0.059,0.082,0.982,49.970
2510203113,2026-10-09 10:30:00,228.940,228.620,228.430,2.390,2.370,2.860,1.695,0.533,0.523,0.638,0.154,0.033,0.052,0.068,0.995,49.960
2510203114,2026-10-09 10:30:00,229.600,229.970,230.400,0.860,0.860,0.840,0.537,0.182,0.179,0.176,0.134,0.034,0.051,0.048,0.970,49.950
2510203117,2026-10-09 10:30:00,229.470,228.950,228.910,0.190,0.250,0.140,0.088,0.028,0.053,0.006,0.083,0.033,0.021,0.027,0.756,49.990
2510203120,2026-10-09 10:30:00,235.960,234.980,235.540,1.650,1.350,1.330,0.976,0.373,0.303,0.300,0.235,0.091,0.073,0.070,0.972,49.980
2510203122,2026-10-09 10:30:00,235.360,235.840,235.000,0.570,0.550,0.550,0.300,0.109,0.098,0.092,0.222,0.071,0.059,0.091,0.819,49.960
2510203123,2026-10-09 10:30:00,234.710,235.220,235.530,0.910,1.120,1.020,0.668,0.163,0.253,0.251,0.218,0.091,0.046,0.098,0.924,49.970
2510203124,2026-10-09 10:30:00,235.820,235.770,235.160,0.810,0.850,0.830,0.539,0.175,0.184,0.181,0.174,0.055,0.059,0.059,0.954,49.950
2510203125,2026-10-09 10:30:00,229.950,230.190,229.920,0.030,0.030,0.070,0.022,0.002,0.003,0.016,-0.016,-0.005,-0.005,-0.004,0.810,49.950
2510203126,2026-10-09 10:30:00,229.240,229.250,229.780,0.410,0.360,0.360,0.244,0.090,0.076,0.077,0.083,0.027,0.027,0.027,0.946,49.960
2510203128,2026-10-09 10:30:00,236.020,236.390,234.960,1.580,1.530,1.580,1.082,0.368,0.352,0.361,0.075,0.013,0.023,0.038,0.997,49.980
2510203130,2026-10-09 10:30:00,239.800,240.080,241.560,0.000,0.000,0.050,0.012,0.000,0.000,0.012,0.001,0.000,0.000,0.001,1.000,49.950
2510203133,2026-10-09 10:30:00,234.700,235.250,234.360,0.180,0.090,0.390,0.149,0.041,0.016,0.090,0.022,0.010,0.013,-0.001,0.988,50.020
2510203134,2026-10-09 10:30:00,237.360,236.250,236.620,0.020,0.010,0.010,0.008,0.004,0.002,0.001,-0.002,-0.001,-0.001,0.000,0.922,50.000
2510224049,2026-10-09 10:30:00,228.680,229.080,228.610,0.110,1.350,8.210,2.070,0.010,0.200,1.860,-0.020,0.010,-0.140,0.100,0.999,49.940
2510224167,2026-10-09 10:30:00,228.280,228.150,228.750,21.740,21.690,22.180,13.350,4.410,4.420,4.510,6.770,2.250,2.200,2.300,0.891,49.950
2510317505,2026-10-09 10:30:00,229.140,229.100,229.630,0.090,0.030,2.180,0.270,0.010,0.000,0.250,-0.240,-0.010,0.000,-0.230,0.744,49.950
2510317516,2026-10-09 10:30:00,229.180,229.230,229.680,0.000,0.000,0.000,0.000,0.000,0.000,0.000,0.000,0.000,0.000,0.000,1.000,49.950
2510317537,2026-10-09 10:30:00,235.770,236.010,236.870,2.240,2.510,2.480,1.740,0.560,0.580,0.610,-0.300,-0.090,-0.100,-0.100,0.985,49.950
2510389559,2026-10-09 10:30:00,229.750,229.740,230.100,0.000,0.000,0.000,0.000,0.000,0.000,0.000,0.000,0.000,0.000,0.000,1.000,49.950
2510389643,2026-10-09 10:30:00,229.790,229.900,230.060,4.100,0.000,0.000,0.810,0.810,0.000,0.000,-0.060,-0.060,0.000,0.000,0.996,49.950
2510389931,2026-10-09 10:30:00,229.310,229.070,229.630,0.050,0.000,0.000,0.000,0.000,0.000,0.000,-0.010,-0.010,0.000,0.000,0.192,49.940
2510633381,2026-10-09 10:30:00,236.840,235.680,236.250,0.330,0.330,0.290,0.232,0.081,0.082,0.070,0.027,-0.002,0.016,0.013,0.993,49.950
2510633383,2026-10-09 10:30:00,235.030,235.800,236.140,1.330,1.020,1.310,0.802,0.297,0.206,0.297,0.004,0.022,-0.008,-0.008,1.000,49.950
2510633385,2026-10-09 10:30:00,229.890,229.990,230.370,0.280,0.060,0.020,0.079,0.063,0.012,0.003,0.000,0.003,-0.002,-0.001,1.000,50.000
2510633386,2026-10-09 10:30:00,223.140,223.360,224.010,0.410,0.420,0.390,0.151,0.048,0.055,0.048,-0.226,-0.077,-0.076,-0.072,0.561,50.000
2510633387,2026-10-09 10:30:00,235.840,236.270,235.350,0.030,0.000,0.150,0.044,0.008,0.000,0.035,-0.005,0.000,0.000,-0.003,0.993,49.990
2510633389,2026-10-09 10:30:00,228.070,227.730,227.430,2.110,2.130,2.100,1.327,0.447,0.452,0.431,0.411,0.130,0.131,0.150,0.956,49.990
2510633390,2026-10-09 10:30:00,235.910,236.560,235.670,0.840,0.880,0.900,0.574,0.181,0.196,0.196,0.103,0.018,0.043,0.042,0.984,49.990
2510633391,2026-10-09 10:30:00,123.720,123.560,123.340,0.530,0.760,0.900,0.257,0.064,0.087,0.101,0.001,0.012,-0.023,0.011,1.000,49.970
2510633393,2026-10-09 10:30:00,228.030,228.360,228.150,1.840,1.810,1.850,1.209,0.400,0.402,0.405,0.243,0.086,0.072,0.084,0.980,50.000
2510633395,2026-10-09 10:30:00,235.930,236.210,235.140,0.000,0.000,0.000,0.000,0.000,0.000,0.000,0.000,0.000,0.000,0.000,1.000,49.940
2510633396,2026-10-09 10:30:00,235.570,234.960,235.530,0.860,0.900,0.810,0.535,0.176,0.188,0.169,0.169,0.054,0.059,0.056,0.957,49.950
2510633397,2026-10-09 10:30:00,243.100,241.910,242.470,0.090,0.180,0.110,0.092,0.021,0.043,0.027,0.003,0.003,-0.001,0.001,1.000,49.980
2510633399,2026-10-09 10:30:00,228.570,228.480,229.130,0.360,0.440,0.460,0.288,0.081,0.100,0.105,0.007,0.002,0.003,0.001,0.999,49.950
2510633400,2026-10-09 10:30:00,226.870,227.330,226.690,1.450,1.510,1.440,0.838,0.270,0.291,0.276,0.304,0.093,0.108,0.103,0.943,49.980
2510633402,2026-10-09 10:30:00,227.230,227.480,228.780,0.750,0.880,0.980,0.586,0.169,0.201,0.222,0.192,0.060,0.058,0.073,0.928,50.000
2510633406,2026-10-09 10:30:00,228.680,228.550,229.180,0.360,0.370,0.370,0.224,0.073,0.074,0.075,0.111,0.037,0.035,0.038,0.893,49.950
2510633411,2026-10-09 10:30:00,225.890,225.060,224.870,2.720,2.540,2.630,1.610,0.553,0.521,0.534,0.589,0.185,0.191,0.211,0.939,49.970
2510814977,2026-10-09 10:30:00,228.320,229.510,227.860,0.010,0.010,0.030,0.010,0.002,0.001,0.007,0.000,0.000,-0.001,0.000,0.990,49.950
2610026950,2026-10-09 10:30:00,229.700,228.990,228.990,0.020,0.010,0.050,0.016,0.003,0.001,0.011,-0.001,0.000,0.000,0.000,1.000,49.950
2610026952,2026-10-09 10:30:00,233.950,233.340,233.400,2.040,1.960,2.050,1.326,0.443,0.429,0.453,0.432,0.157,0.139,0.133,0.950,49.950
2610026953,2026-10-09 10:30:00,228.930,228.770,229.160,0.690,0.690,0.700,0.411,0.136,0.138,0.136,0.149,0.056,0.049,0.042,0.938,49.950
2610026963,2026-10-09 10:30:00,236.180,236.320,236.890,0.150,0.050,0.050,0.036,0.031,0.007,-0.002,-0.037,-0.015,-0.010,-0.011,0.697,49.950
2610026966,2026-10-09 10:30:00,230.190,230.420,229.890,0.950,0.620,0.990,0.558,0.226,0.134,0.191,0.048,0.035,0.008,0.004,0.997,49.990
2610026976,2026-10-09 10:30:00,234.220,234.380,235.270,1.590,1.760,1.800,1.108,0.332,0.351,0.424,0.454,0.156,0.177,0.118,0.924,49.940
2610026977,2026-10-09 10:30:00,241.350,242.070,241.540,0.360,0.010,0.000,0.071,0.070,0.001,0.000,0.048,0.049,0.000,0.000,0.824,49.970
2610126270,2026-10-09 10:30:00,229.000,229.460,229.110,0.070,0.080,0.020,0.039,0.016,0.018,0.004,0.000,0.000,0.000,0.000,1.000,49.940
2610126451,2026-10-09 10:30:00,236.210,236.630,235.820,0.030,0.000,0.060,0.016,0.003,0.000,0.013,0.008,0.007,0.000,0.001,0.885,49.950
2610159557,2026-10-09 10:30:00,236.930,235.930,236.310,0.020,0.030,0.030,0.018,0.004,0.006,0.006,-0.006,-0.002,-0.001,-0.001,0.943,49.950
2610159558,2026-10-09 10:30:00,235.800,236.320,236.870,0.030,0.000,0.020,0.007,0.003,0.000,0.005,0.000,0.000,0.000,0.000,0.969,49.950
2610170785,2026-10-09 10:30:00,236.860,235.780,236.310,0.010,0.000,0.000,0.001,0.001,0.000,0.000,0.000,0.000,0.000,0.000,1.000,49.940
2610170786,2026-10-09 10:30:00,235.600,236.030,236.530,1.080,1.070,1.080,0.728,0.236,0.260,0.232,0.166,0.049,0.055,0.061,0.971,49.950
2610170836,2026-10-09 10:30:00,234.920,235.430,235.740,0.440,0.430,0.630,0.198,0.066,0.054,0.076,0.134,0.040,0.036,0.045,0.907,49.950
2610170837,2026-10-09 10:30:00,229.390,227.570,228.070,0.000,0.000,0.030,0.003,0.000,0.000,0.003,0.000,0.000,0.000,0.000,1.000,49.940
2610170838,2026-10-09 10:30:00,236.900,235.660,236.250,0.000,0.050,0.020,0.020,0.000,0.012,0.011,0.004,0.000,0.002,0.001,0.967,49.950
2610170839,2026-10-09 10:30:00,235.780,236.230,236.850,0.020,0.010,0.040,0.014,0.004,0.001,0.008,0.000,0.000,0.000,0.000,0.974,49.940
2610170840,2026-10-09 10:30:00,229.370,229.130,229.730,0.030,0.000,0.000,0.006,0.005,0.000,0.000,-0.002,-0.002,0.000,0.000,1.000,49.930
2610322967,2026-10-09 10:30:00,237.430,236.270,236.500,0.030,0.000,0.000,0.007,0.007,0.000,0.000,0.001,0.001,0.000,0.000,0.972,49.950
2610322969,2026-10-09 10:30:00,229.590,228.930,228.930,0.230,0.370,0.350,0.206,0.050,0.076,0.080,0.016,0.004,0.009,0.002,0.998,49.960
2610322992,2026-10-09 10:30:00,223.240,224.590,225.060,4.030,4.250,4.180,2.396,0.733,0.852,0.810,1.084,0.411,0.323,0.347,0.918,49.940
2610322995,2026-10-09 10:30:00,235.940,236.390,236.860,0.000,0.000,0.000,0.000,0.000,0.000,0.000,0.000,0.000,0.000,0.000,1.000,49.950
2610322997,2026-10-09 10:30:00,227.380,227.630,226.620,1.390,1.540,1.160,0.822,0.297,0.298,0.226,0.281,0.044,0.144,0.093,0.943,49.940
2610323001,2026-10-09 10:30:00,225.180,224.400,224.230,3.580,3.010,3.390,2.058,0.729,0.624,0.705,0.893,0.312,0.280,0.300,0.917,49.940
2610323004,2026-10-09 10:30:00,63.290,62.740,63.240,1.060,1.140,1.040,0.197,0.065,0.069,0.063,0.042,0.010,0.015,0.016,0.973,49.950
2610323005,2026-10-09 10:30:00,229.030,229.670,229.060,0.110,0.000,0.000,0.027,0.025,0.001,0.000,-0.001,-0.001,0.000,0.000,0.984,49.950
2610323010,2026-10-09 10:30:00,229.790,229.540,229.430,0.160,0.000,0.050,0.045,0.036,0.000,0.009,0.001,-0.007,0.000,0.008,1.000,49.940
2610323014,2026-10-09 10:30:00,235.540,235.790,236.310,0.070,0.000,0.010,0.018,0.015,0.000,0.002,-0.003,-0.002,0.000,0.000,1.000,49.940
2610323016,2026-10-09 10:30:00,226.480,225.210,225.540,2.470,2.290,2.310,1.436,0.506,0.462,0.467,0.644,0.221,0.210,0.212,0.912,49.940
2610323017,2026-10-09 10:30:00,236.060,236.830,235.810,0.000,0.000,0.000,0.000,0.000,0.000,0.000,0.000,0.000,0.000,0.000,1.000,49.950
2610323019,2026-10-09 10:30:00,228.780,229.600,229.080,0.020,0.100,0.030,0.033,0.004,0.022,0.007,-0.005,-0.001,-0.003,-0.001,0.998,49.950
2610323027,2026-10-09 10:30:00,237.020,235.810,236.400,0.000,0.000,0.000,0.000,0.000,0.000,0.000,0.000,0.000,0.000,0.000,1.000,49.950
2510014482,2026-10-09 10:31:00,235.910,236.410,235.410,0.520,0.190,0.120,0.193,0.123,0.043,0.026,-0.011,0.000,-0.006,-0.005,0.998,50.000
2510203121,2026-10-09 10:31:00,229.130,229.090,229.800,0.010,0.010,0.090,0.024,0.003,0.001,0.019,-0.008,0.000,-0.002,-0.005,0.933,49.990
2510633382,2026-10-09 10:31:00,228.620,228.950,228.700,0.860,0.870,0.900,0.557,0.180,0.185,0.191,0.261,0.090,0.083,0.087,0.898,50.060
2510203127,2026-10-09 10:32:00,236.560,237.250,236.310,1.010,0.950,1.110,0.658,0.211,0.204,0.243,0.145,0.062,0.033,0.049,0.977,50.060
2246006313,2026-10-09 11:00:00,58.000,58.000,57.900,1.488,1.496,1.456,0.247,0.082,0.083,0.080,0.063,0.022,0.020,0.020,0.968,50.160
2410121326,2026-10-09 11:00:00,234.680,233.890,234.310,0.890,0.980,1.050,0.643,0.194,0.214,0.234,0.200,0.066,0.069,0.064,0.955,50.020
2410121353,2026-10-09 11:00:00,235.700,234.900,235.110,0.620,0.620,0.500,0.366,0.132,0.129,0.104,0.105,0.033,0.029,0.041,0.963,50.100
2410121371,2026-10-09 11:00:00,236.110,235.210,235.500,0.040,0.070,0.040,0.031,0.008,0.015,0.008,-0.004,-0.002,-0.002,0.000,0.984,50.080
2410121424,2026-10-09 11:00:00,236.480,235.700,236.060,0.010,0.010,0.010,0.005,0.001,0.001,0.002,-0.002,-0.001,-0.001,0.000,0.906,50.080
2410121440,2026-10-09 11:00:00,235.970,235.230,235.440,0.010,0.010,0.010,0.005,0.002,0.000,0.001,-0.002,-0.001,-0.001,0.000,0.934,50.070
2410121457,2026-10-09 11:00:00,232.570,231.720,232.290,2.630,2.600,2.410,1.626,0.562,0.549,0.514,0.677,0.235,0.236,0.205,0.923,50.030
2410121574,2026-10-09 11:00:00,235.450,234.550,234.880,1.710,1.390,1.450,1.076,0.404,0.330,0.342,0.113,0.049,0.036,0.027,0.993,50.090
2410131378,2026-10-09 11:00:00,235.170,235.420,234.580,0.850,1.050,1.000,0.627,0.183,0.229,0.219,0.156,0.038,0.052,0.065,0.974,50.090
2410131383,2026-10-09 11:00:00,234.490,233.960,233.920,0.240,0.230,0.300,0.178,0.056,0.052,0.069,0.005,0.000,0.000,0.004,1.000,50.010
2410131384,2026-10-09 11:00:00,238.090,238.480,237.670,0.860,0.940,0.980,0.692,0.208,0.242,0.241,0.138,0.042,0.053,0.042,0.977,50.100
2410131387,2026-10-09 11:00:00,234.010,234.420,234.170,0.100,0.080,0.070,0.056,0.021,0.018,0.015,-0.012,-0.008,0.000,-0.004,0.975,49.990
2410320615,2026-10-09 11:00:00,229.460,229.940,230.440,4.800,4.220,4.680,2.934,1.028,0.902,1.003,0.987,0.314,0.368,0.305,0.948,50.140
2410883988,2026-10-09 11:00:00,231.240,231.400,231.130,0.480,0.480,0.530,0.316,0.101,0.101,0.113,0.131,0.043,0.044,0.043,0.924,50.080
2410883990,2026-10-09 11:00:00,231.070,230.500,230.660,0.090,0.000,0.090,0.041,0.020,0.000,0.021,0.004,0.001,0.000,0.003,0.998,50.070
2410883991,2026-10-09 11:00:00,237.780,238.180,238.830,0.230,0.270,0.220,0.172,0.054,0.064,0.053,-0.001,-0.001,0.001,-0.001,1.000,50.150
2410883993,2026-10-09 11:00:00,238.770,237.500,238.090,0.330,0.380,0.830,0.382,0.098,0.085,0.199,0.042,0.005,0.034,0.003,0.992,50.050
2410883994,2026-10-09 11:00:00,238.990,237.930,238.560,0.000,0.000,0.010,0.003,0.000,0.000,0.003,0.000,0.000,0.000,0.000,0.875,50.160
2410932742,2026-10-09 11:00:00,229.240,227.650,227.870,3.310,3.150,3.410,2.099,0.706,0.669,0.722,0.597,0.207,0.177,0.212,0.961,50.170
2411087432,2026-10-09 11:00:00,234.500,235.210,234.250,2.660,2.810,2.750,1.876,0.661,0.612,0.602,0.574,0.141,0.221,0.210,0.955,50.090
2411087433,2026-10-09 11:00:00,238.160,238.670,238.940,0.610,0.560,0.650,0.415,0.136,0.131,0.147,0.051,0.012,0.011,0.028,0.991,50.050
2411290205,2026-10-09 11:00:00,231.340,231.610,231.970,2.850,2.280,2.450,1.554,0.531,0.492,0.530,0.489,0.177,0.151,0.159,0.955,50.150
2510014481,2026-10-09 11:00:00,227.390,227.440,228.710,2.860,3.220,3.040,1.785,0.571,0.635,0.579,0.794,0.253,0.276,0.264,0.916,50.040
2510014482,2026-10-09 11:00:00,234.730,235.230,234.320,0.620,0.200,0.120,0.200,0.124,0.046,0.028,-0.012,-0.003,-0.003,-0.005,1.000,50.090
2510014483,2026-10-09 11:00:00,238.010,238.500,238.970,0.060,0.060,0.070,0.039,0.013,0.011,0.014,-0.021,-0.006,-0.005,-0.008,0.871,50.060
2510014484,2026-10-09 11:00:00,232.390,232.240,233.040,2.080,2.440,1.920,1.222,0.386,0.453,0.356,0.383,0.134,0.116,0.132,0.959,50.080
2510178139,2026-10-09 11:00:00,235.380,235.710,234.980,0.060,0.080,0.180,0.071,0.012,0.017,0.041,0.001,0.001,0.002,-0.002,0.994,50.020
2510178141,2026-10-09 11:00:00,234.570,235.240,235.480,0.670,0.330,0.370,0.296,0.132,0.077,0.085,0.008,0.021,-0.005,-0.007,0.999,50.080
2510203103,2026-10-09 11:00:00,225.470,223.750,224.270,0.300,0.200,0.240,0.089,0.031,0.006,0.051,0.116,0.042,0.039,0.033,0.654,50.130
2510203104,2026-10-09 11:00:00,231.790,232.090,232.540,0.880,0.930,1.140,0.654,0.201,0.193,0.259,0.136,0.036,0.052,0.047,0.977,50.020
2510203105,2026-10-09 11:00:00,230.560,228.810,229.600,2.350,2.330,2.220,1.516,0.512,0.512,0.491,0.383,0.138,0.128,0.116,0.969,50.020
2510203106,2026-10-09 11:00:00,233.530,233.350,234.100,0.010,0.010,0.000,0.005,0.001,0.003,0.000,-0.002,-0.001,0.000,0.000,0.860,50.080
2510203107,2026-10-09 11:00:00,221.760,221.520,222.170,0.700,0.780,0.680,0.439,0.141,0.160,0.138,0.173,0.055,0.060,0.056,0.929,50.070
2510203108,2026-10-09 11:00:00,235.060,235.400,234.420,0.900,1.230,1.790,0.972,0.228,0.309,0.434,0.080,0.025,0.022,0.031,0.995,50.080
2510203109,2026-10-09 11:00:00,238.320,238.840,237.800,0.180,0.300,0.480,0.227,0.041,0.071,0.114,0.004,0.014,-0.004,-0.005,1.000,50.030
2510203111,2026-10-09 11:00:00,233.750,234.470,234.740,2.220,1.820,2.560,1.464,0.488,0.396,0.579,0.255,0.130,0.052,0.073,0.985,50.110
2510203113,2026-10-09 11:00:00,233.730,233.190,232.920,2.480,2.390,2.920,1.731,0.553,0.526,0.650,0.173,0.037,0.057,0.080,0.995,50.080
2510203114,2026-10-09 11:00:00,231.620,232.060,232.420,0.810,0.740,0.860,0.495,0.164,0.147,0.183,0.108,0.038,0.037,0.032,0.978,50.030
2510203117,2026-10-09 11:00:00,230.770,230.390,230.530,0.500,0.460,0.130,0.219,0.109,0.102,0.007,0.091,0.035,0.026,0.029,0.922,50.160
2510203120,2026-10-09 11:00:00,237.970,236.990,237.580,1.640,1.380,1.470,1.026,0.376,0.313,0.336,0.233,0.087,0.075,0.071,0.975,50.150
2510203121,2026-10-09 11:00:00,230.510,230.610,230.920,0.010,0.010,0.110,0.029,0.003,0.001,0.024,-0.008,0.000,-0.002,-0.005,0.975,50.040
2510203122,2026-10-09 11:00:00,234.380,235.070,234.120,0.710,0.370,0.480,0.298,0.135,0.078,0.083,0.199,0.090,0.034,0.073,0.831,50.080
2510203123,2026-10-09 11:00:00,233.790,234.480,234.840,1.750,1.710,1.690,0.655,0.182,0.254,0.210,0.316,0.124,0.079,0.113,0.961,50.080
2510203124,2026-10-09 11:00:00,235.060,234.930,234.400,0.680,0.690,0.680,0.427,0.142,0.142,0.143,0.146,0.052,0.058,0.056,0.948,50.020
2510203125,2026-10-09 11:00:00,233.960,234.590,234.080,0.030,0.040,0.050,0.020,0.002,0.007,0.010,-0.016,-0.006,-0.005,-0.004,0.789,50.050
2510203126,2026-10-09 11:00:00,230.670,230.800,231.110,0.520,0.470,0.480,0.313,0.112,0.100,0.101,0.129,0.042,0.042,0.044,0.923,50.020
2510203127,2026-10-09 11:00:00,234.090,234.550,233.760,1.000,0.990,1.120,0.676,0.210,0.218,0.247,0.146,0.060,0.039,0.046,0.977,50.020
2510203128,2026-10-09 11:00:00,238.150,238.410,236.980,1.610,1.510,1.600,1.094,0.374,0.349,0.370,0.076,0.013,0.023,0.039,0.997,50.140
2510203130,2026-10-09 11:00:00,242.330,242.770,244.170,0.020,0.000,0.050,0.016,0.004,0.000,0.011,0.001,0.000,0.000,0.001,0.971,50.030
2510203133,2026-10-09 11:00:00,234.910,235.480,234.750,0.160,0.070,0.370,0.135,0.036,0.013,0.086,0.015,0.008,0.011,-0.003,0.995,50.090
2510203134,2026-10-09 11:00:00,239.270,238.130,238.540,0.020,0.010,0.010,0.008,0.004,0.002,0.001,-0.002,-0.001,-0.001,0.000,0.919,50.170
2510224049,2026-10-09 11:00:00,230.370,230.240,229.920,0.240,1.390,8.220,2.120,0.050,0.180,1.880,-0.040,0.000,-0.140,0.100,0.999,50.070
2510224167,2026-10-09 11:00:00,230.090,230.070,230.520,21.540,21.540,21.980,13.300,4.400,4.410,4.480,6.800,2.260,2.230,2.320,0.890,50.080
2510317505,2026-10-09 11:00:00,230.730,230.830,231.030,0.090,0.030,2.170,0.270,0.010,0.000,0.250,-0.250,-0.010,0.000,-0.230,0.739,50.080
2510317516,2026-10-09 11:00:00,230.940,231.000,231.290,0.000,0.000,0.000,0.000,0.000,0.000,0.000,0.000,0.000,0.000,0.000,1.000,50.090
2510317537,2026-10-09 11:00:00,237.890,238.260,239.080,2.480,2.590,2.670,1.760,0.540,0.650,0.680,-0.310,-0.090,-0.100,-0.110,0.985,50.090
2510389559,2026-10-09 11:00:00,234.490,234.110,235.160,0.000,0.000,0.000,0.000,0.000,0.000,0.000,0.000,0.000,0.000,0.000,1.000,50.080
2510389643,2026-10-09 11:00:00,234.100,233.660,234.720,1.730,0.000,0.000,0.280,0.280,0.000,0.000,-0.020,-0.020,0.000,0.000,0.996,50.080
2510389931,2026-10-09 11:00:00,232.540,232.180,232.980,0.050,0.000,0.000,0.000,0.000,0.000,0.000,-0.010,-0.010,0.000,0.000,0.191,50.070
2510633381,2026-10-09 11:00:00,239.020,237.830,238.370,0.290,0.290,0.280,0.191,0.065,0.065,0.060,0.017,-0.002,0.009,0.011,0.993,50.020
2510633382,2026-10-09 11:00:00,232.450,233.230,232.650,0.900,0.890,0.940,0.573,0.185,0.188,0.199,0.276,0.095,0.088,0.091,0.891,50.060
2510633383,2026-10-09 11:00:00,234.340,234.990,235.310,1.400,1.100,1.420,0.876,0.313,0.242,0.320,0.017,0.024,-0.004,-0.002,1.000,50.020
2510633385,2026-10-09 11:00:00,234.280,233.840,234.780,0.180,0.420,0.020,0.142,0.041,0.098,0.003,-0.003,-0.005,0.002,-0.001,1.000,50.030
2510633386,2026-10-09 11:00:00,224.900,225.230,225.820,0.400,0.400,0.380,0.159,0.053,0.053,0.050,-0.211,-0.072,-0.071,-0.067,0.603,50.050
2510633387,2026-10-09 11:00:00,234.330,235.050,234.160,0.030,0.060,0.160,0.060,0.008,0.015,0.037,-0.005,0.000,-0.001,-0.003,0.996,50.030
2510633389,2026-10-09 11:00:00,232.670,232.100,231.810,1.980,1.990,1.990,1.339,0.445,0.449,0.444,0.414,0.132,0.131,0.149,0.954,50.030
2510633390,2026-10-09 11:00:00,238.390,238.960,237.970,0.850,0.840,0.900,0.573,0.188,0.190,0.194,0.111,0.023,0.043,0.044,0.981,50.030
2510633391,2026-10-09 11:00:00,123.350,123.270,123.130,0.560,0.680,0.880,0.251,0.067,0.077,0.106,0.000,0.018,-0.018,0.000,1.000,50.010
2510633393,2026-10-09 11:00:00,231.970,232.660,232.110,1.850,1.860,1.880,1.246,0.412,0.420,0.415,0.297,0.102,0.091,0.103,0.972,50.070
2510633395,2026-10-09 11:00:00,235.070,235.300,234.440,0.000,0.000,0.000,0.000,0.000,0.000,0.000,0.000,0.000,0.000,0.000,1.000,50.020
2510633396,2026-10-09 11:00:00,234.810,234.280,234.850,0.620,0.680,0.620,0.423,0.137,0.150,0.136,0.134,0.044,0.046,0.043,0.954,50.020
2510633397,2026-10-09 11:00:00,245.140,243.960,244.570,0.080,0.130,0.100,0.074,0.018,0.031,0.025,0.004,0.003,-0.001,0.001,1.000,50.020
2510633399,2026-10-09 11:00:00,230.290,230.300,230.760,0.390,0.460,0.480,0.305,0.089,0.105,0.110,0.002,0.000,0.001,0.000,0.999,50.010
2510633400,2026-10-09 11:00:00,228.450,228.650,228.130,1.200,1.300,1.300,0.817,0.265,0.283,0.269,0.327,0.102,0.115,0.111,0.932,50.010
2510633402,2026-10-09 11:00:00,229.480,229.850,231.100,0.770,0.890,1.020,0.569,0.159,0.191,0.218,0.200,0.067,0.060,0.072,0.944,50.060
2510633411,2026-10-09 11:00:00,227.310,226.550,226.400,2.520,2.460,2.510,1.541,0.525,0.505,0.510,0.628,0.198,0.205,0.224,0.925,50.010
2510814977,2026-10-09 11:00:00,230.440,231.600,229.940,0.010,0.010,0.010,0.005,0.002,0.001,0.002,-0.002,0.000,-0.001,-0.001,0.988,50.050
2610026950,2026-10-09 11:00:00,230.920,230.350,230.390,0.020,0.010,0.050,0.017,0.004,0.001,0.011,-0.001,0.000,0.000,0.000,0.970,50.040
2610026952,2026-10-09 11:00:00,233.440,232.810,233.070,1.850,1.760,1.820,1.191,0.405,0.384,0.403,0.359,0.129,0.122,0.107,0.957,50.060
2610026953,2026-10-09 11:00:00,232.990,232.710,233.470,0.660,0.660,0.660,0.421,0.135,0.136,0.150,0.161,0.060,0.052,0.047,0.931,50.040
2610026963,2026-10-09 11:00:00,235.420,235.520,235.990,0.160,0.100,0.070,0.053,0.032,0.019,0.002,-0.047,-0.018,-0.012,-0.016,0.754,50.030
2610026966,2026-10-09 11:00:00,231.540,231.870,231.350,0.630,0.510,0.760,0.432,0.149,0.112,0.170,0.056,0.036,0.017,0.002,0.991,50.020
2610026976,2026-10-09 11:00:00,233.550,233.280,234.180,1.610,2.260,2.280,1.122,0.286,0.408,0.427,0.401,0.123,0.171,0.103,0.966,50.030
2610026977,2026-10-09 11:00:00,242.580,243.360,242.800,0.500,0.150,0.150,0.145,0.094,0.026,0.024,0.122,0.073,0.023,0.025,0.764,50.000
2610126451,2026-10-09 11:00:00,235.180,235.480,234.890,0.020,0.000,0.110,0.033,0.005,0.000,0.028,0.004,0.000,0.000,0.004,1.000,50.040
2610159557,2026-10-09 11:00:00,238.990,237.980,238.500,0.040,0.020,0.050,0.027,0.010,0.005,0.011,-0.008,0.000,-0.001,-0.005,0.939,50.050
2610159558,2026-10-09 11:00:00,237.790,238.350,238.810,0.010,0.010,0.040,0.013,0.004,0.001,0.007,0.003,0.000,0.000,0.003,0.952,50.040
2610170785,2026-10-09 11:00:00,238.790,237.730,238.320,0.040,0.000,0.000,0.008,0.008,0.000,0.000,0.000,0.000,0.000,0.000,0.986,50.060
2610170786,2026-10-09 11:00:00,237.940,238.320,238.800,0.920,1.010,0.950,0.579,0.190,0.197,0.188,0.120,0.035,0.039,0.045,0.980,50.090
2610170836,2026-10-09 11:00:00,234.170,234.650,235.020,0.440,0.410,0.490,0.349,0.114,0.105,0.118,0.138,0.046,0.042,0.050,0.888,50.060
2610170837,2026-10-09 11:00:00,231.520,229.640,230.270,0.000,0.000,0.020,0.004,0.000,0.000,0.004,0.000,0.000,0.000,0.000,0.931,50.080
2610170838,2026-10-09 11:00:00,239.170,237.970,238.710,0.000,0.070,0.040,0.026,0.000,0.016,0.008,0.001,0.000,0.001,0.000,1.000,50.090
2610170839,2026-10-09 11:00:00,237.840,238.370,238.900,0.030,0.010,0.060,0.018,0.005,0.002,0.010,0.000,0.000,0.000,0.000,1.000,50.060
2610170840,2026-10-09 11:00:00,232.580,232.240,233.030,0.930,0.920,0.930,0.575,0.192,0.190,0.192,0.288,0.095,0.093,0.098,0.894,50.070
2610322967,2026-10-09 11:00:00,239.400,238.230,238.530,0.020,0.000,0.000,0.003,0.003,0.000,0.000,0.000,0.000,0.000,0.000,0.938,50.050
2610322969,2026-10-09 11:00:00,230.910,230.260,230.450,0.270,0.320,0.250,0.192,0.063,0.072,0.057,0.011,0.006,0.006,-0.002,0.997,50.020
2610322992,2026-10-09 11:00:00,225.640,226.820,227.400,3.750,4.080,4.000,2.490,0.765,0.881,0.860,1.003,0.370,0.306,0.327,0.928,50.070
2610322995,2026-10-09 11:00:00,237.840,238.360,238.900,0.000,0.000,0.000,0.000,0.000,0.000,0.000,0.000,0.000,0.000,0.000,1.000,50.060
2610322997,2026-10-09 11:00:00,229.780,230.690,229.110,0.740,0.760,0.680,0.468,0.170,0.160,0.147,0.193,0.045,0.086,0.060,0.919,50.060
2610323001,2026-10-09 11:00:00,228.230,227.000,227.270,2.700,2.310,2.400,1.495,0.538,0.465,0.490,0.776,0.266,0.251,0.259,0.887,50.080
2610323004,2026-10-09 11:00:00,63.850,63.320,63.840,1.060,1.150,1.040,0.201,0.066,0.071,0.064,0.044,0.010,0.016,0.017,0.974,50.040
2610323005,2026-10-09 11:00:00,230.420,230.810,230.350,0.120,0.000,0.000,0.028,0.026,0.001,0.000,-0.001,-0.001,0.000,0.000,1.000,50.060
2610323010,2026-10-09 11:00:00,234.210,233.530,233.520,0.070,0.140,0.000,0.014,0.013,0.000,0.000,-0.007,-0.007,0.000,0.000,0.991,50.050
2610323014,2026-10-09 11:00:00,234.830,235.000,235.520,0.070,0.000,0.010,0.018,0.015,0.000,0.002,-0.003,-0.002,0.000,0.000,1.000,50.070
2610323016,2026-10-09 11:00:00,228.490,227.240,227.660,2.390,2.160,2.180,1.401,0.494,0.443,0.463,0.633,0.218,0.207,0.208,0.908,50.070
2610323019,2026-10-09 11:00:00,230.590,231.170,230.710,0.020,0.140,0.030,0.042,0.004,0.032,0.005,-0.009,-0.001,-0.004,-0.002,0.979,50.070
2610323027,2026-10-09 11:00:00,239.150,238.010,238.590,0.000,0.000,0.000,0.000,0.000,0.000,0.000,0.000,0.000,0.000,0.000,1.000,50.080
2510633406,2026-10-09 11:01:00,230.400,230.450,230.930,0.360,0.360,0.370,0.224,0.073,0.074,0.075,0.112,0.037,0.036,0.038,0.892,50.100
2610323017,2026-10-09 11:01:00,238.280,239.070,237.820,0.000,0.000,0.000,0.000,0.000,0.000,0.000,0.000,0.000,0.000,0.000,1.000,50.080
2610126270,2026-10-09 11:02:00,230.990,231.180,230.810,0.060,0.060,0.010,0.031,0.014,0.013,0.002,-0.006,-0.002,-0.001,-0.001,0.967,50.010
2410121454,2026-10-09 11:03:00,237.760,238.280,237.180,0.350,0.470,0.570,0.321,0.079,0.109,0.132,0.041,0.009,0.008,0.023,0.992,50.100
2246006313,2026-10-09 11:30:00,57.800,57.700,57.700,1.450,1.469,1.410,0.226,0.075,0.075,0.073,0.052,0.018,0.017,0.017,0.974,50.110
2410121326,2026-10-09 11:30:00,234.940,234.090,234.580,0.820,0.990,0.910,0.615,0.181,0.226,0.207,0.136,0.052,0.043,0.041,0.975,50.000
2410121353,2026-10-09 11:30:00,235.160,234.400,234.660,0.700,0.620,0.580,0.375,0.140,0.132,0.126,0.094,0.029,0.026,0.038,0.968,50.050
2410121371,2026-10-09 11:30:00,236.450,235.450,235.860,0.040,0.070,0.060,0.037,0.008,0.015,0.014,-0.005,-0.001,-0.002,-0.001,0.994,50.080
2410121424,2026-10-09 11:30:00,235.810,235.090,235.500,0.010,0.010,0.010,0.005,0.001,0.001,0.002,-0.002,-0.001,-0.001,0.000,0.900,50.070
2410121440,2026-10-09 11:30:00,236.070,235.240,235.580,0.010,0.010,0.010,0.005,0.002,0.000,0.001,-0.002,-0.001,-0.001,0.000,0.930,50.090
2410121454,2026-10-09 11:30:00,235.310,235.690,234.660,0.360,0.550,0.580,0.348,0.084,0.129,0.134,0.037,0.007,0.007,0.022,0.995,50.080
2410121457,2026-10-09 11:30:00,233.700,232.620,233.440,2.290,2.310,2.070,1.489,0.505,0.516,0.467,0.359,0.126,0.134,0.098,0.971,50.050
2410121574,2026-10-09 11:30:00,234.750,233.790,234.290,1.690,1.470,1.440,1.039,0.382,0.332,0.324,0.133,0.054,0.048,0.031,0.992,50.070
2410131378,2026-10-09 11:30:00,235.510,235.780,234.810,0.950,1.000,1.080,0.644,0.187,0.237,0.220,0.111,0.022,0.037,0.052,0.991,50.070
2410131383,2026-10-09 11:30:00,236.920,236.090,236.100,0.170,0.160,0.210,0.125,0.039,0.038,0.048,0.004,0.001,0.001,0.001,1.000,50.020
2410131384,2026-10-09 11:30:00,235.850,236.260,235.570,0.870,0.960,0.880,0.678,0.208,0.233,0.236,0.126,0.037,0.049,0.038,0.980,50.010
2410131387,2026-10-09 11:30:00,236.140,236.910,236.310,0.060,0.060,0.040,0.034,0.013,0.013,0.008,-0.007,-0.006,0.001,-0.003,0.987,50.130
2410320615,2026-10-09 11:30:00,231.730,232.140,232.620,4.530,4.130,4.410,2.868,0.991,0.880,0.997,0.992,0.310,0.375,0.312,0.943,50.040
2410883988,2026-10-09 11:30:00,230.440,230.710,230.340,0.400,0.400,0.470,0.269,0.084,0.084,0.100,0.109,0.036,0.036,0.037,0.925,49.900
2410883990,2026-10-09 11:30:00,230.570,230.030,230.160,0.080,0.000,0.100,0.040,0.018,0.000,0.021,0.005,0.002,0.000,0.003,0.982,49.800
2410883991,2026-10-09 11:30:00,235.670,236.050,236.670,0.110,0.200,0.200,0.134,0.038,0.048,0.047,-0.005,-0.002,0.000,-0.003,1.000,50.120
2410883993,2026-10-09 11:30:00,236.890,236.040,236.290,0.380,0.190,0.720,0.309,0.095,0.045,0.168,0.002,0.003,-0.002,0.000,1.000,49.870
2410883994,2026-10-09 11:30:00,236.840,235.820,236.380,0.000,0.000,0.010,0.003,0.000,0.000,0.003,0.000,0.000,0.000,0.000,1.000,50.180
2410932742,2026-10-09 11:30:00,230.890,229.080,229.360,3.520,3.310,3.590,2.243,0.762,0.709,0.771,0.652,0.229,0.198,0.223,0.960,50.120
2411087432,2026-10-09 11:30:00,233.670,234.220,233.340,2.060,2.210,2.120,1.537,0.471,0.485,0.580,0.237,0.027,0.136,0.074,0.986,49.870
2411290205,2026-10-09 11:30:00,233.430,233.620,234.290,2.470,2.370,2.460,1.691,0.564,0.554,0.572,0.519,0.186,0.161,0.171,0.951,50.120
2510014481,2026-10-09 11:30:00,229.640,229.790,231.220,3.040,3.300,3.020,1.886,0.594,0.654,0.636,0.901,0.290,0.308,0.302,0.899,49.890
2510014484,2026-10-09 11:30:00,233.870,233.700,234.500,1.880,2.300,1.810,1.329,0.433,0.517,0.408,0.434,0.149,0.133,0.151,0.950,49.800
2510178139,2026-10-09 11:30:00,235.480,235.900,234.990,0.090,0.070,0.220,0.086,0.020,0.016,0.050,0.004,0.002,0.002,0.000,0.998,49.930
2510178141,2026-10-09 11:30:00,233.570,234.280,234.610,0.790,0.600,0.650,0.370,0.157,0.101,0.111,0.000,0.020,-0.008,-0.012,1.000,49.800
2510203103,2026-10-09 11:30:00,227.500,225.550,226.110,0.310,0.260,0.310,0.056,0.033,0.003,0.020,0.136,0.052,0.048,0.034,0.722,50.040
2510203104,2026-10-09 11:30:00,229.510,229.630,230.080,0.910,0.930,1.020,0.622,0.200,0.198,0.220,0.167,0.040,0.065,0.062,0.965,49.950
2510203105,2026-10-09 11:30:00,233.910,231.890,232.550,1.290,1.370,1.250,0.905,0.300,0.316,0.289,0.162,0.055,0.058,0.048,0.982,49.940
2510203106,2026-10-09 11:30:00,235.270,235.070,235.920,0.010,0.010,0.000,0.005,0.001,0.003,0.000,-0.002,-0.002,0.000,0.000,0.898,49.980
2510203107,2026-10-09 11:30:00,223.880,223.620,224.520,0.610,0.700,0.610,0.400,0.126,0.147,0.126,0.144,0.045,0.050,0.048,0.941,49.790
2510203108,2026-10-09 11:30:00,234.340,234.570,233.650,0.670,1.180,1.520,0.770,0.151,0.264,0.354,0.096,0.022,0.039,0.031,0.992,50.060
2510203109,2026-10-09 11:30:00,236.540,237.080,236.140,0.190,0.270,0.400,0.200,0.041,0.064,0.094,-0.001,0.012,-0.005,-0.008,1.000,49.940
2510203111,2026-10-09 11:30:00,233.210,234.060,234.300,2.460,2.030,2.740,1.576,0.530,0.434,0.611,0.274,0.139,0.049,0.073,0.985,50.000
2510203113,2026-10-09 11:30:00,235.580,234.730,234.490,2.140,2.190,2.700,1.566,0.476,0.477,0.612,0.125,0.024,0.045,0.056,0.996,49.900
2510203114,2026-10-09 11:30:00,230.050,230.410,230.730,0.730,0.700,0.740,0.488,0.179,0.166,0.178,0.095,0.026,0.031,0.037,0.979,49.950
2510203120,2026-10-09 11:30:00,235.850,234.970,235.480,1.430,1.140,1.210,0.868,0.331,0.262,0.274,0.224,0.084,0.071,0.064,0.973,50.070
2510203121,2026-10-09 11:30:00,230.660,230.630,230.990,0.010,0.010,0.100,0.027,0.003,0.001,0.022,-0.008,0.000,-0.002,-0.005,0.949,49.920
2510203122,2026-10-09 11:30:00,233.730,234.250,233.410,0.550,0.380,0.450,0.271,0.110,0.081,0.082,0.176,0.067,0.035,0.073,0.835,49.930
2510203123,2026-10-09 11:30:00,233.070,233.920,234.120,1.950,2.040,1.570,0.921,0.349,0.296,0.275,0.339,0.129,0.086,0.129,0.981,49.970
2510203124,2026-10-09 11:30:00,234.900,234.830,234.180,0.780,0.810,0.780,0.503,0.166,0.170,0.166,0.171,0.051,0.061,0.058,0.946,49.970
2510203125,2026-10-09 11:30:00,236.460,237.220,236.510,0.030,0.030,0.060,0.020,0.003,0.003,0.013,-0.016,-0.006,-0.006,-0.004,0.781,49.870
2510203127,2026-10-09 11:30:00,234.490,234.970,234.150,1.010,0.980,1.100,0.677,0.216,0.216,0.244,0.153,0.065,0.040,0.047,0.975,49.980
2510203128,2026-10-09 11:30:00,235.960,236.300,234.870,1.590,1.440,1.620,1.071,0.368,0.330,0.373,0.072,0.012,0.020,0.040,0.998,50.050
2510203130,2026-10-09 11:30:00,244.740,245.100,246.700,0.020,0.000,0.050,0.016,0.004,0.000,0.011,0.001,0.000,0.000,0.001,0.983,49.970
2510203133,2026-10-09 11:30:00,234.440,234.960,234.170,0.300,0.250,0.490,0.218,0.061,0.045,0.111,0.089,0.032,0.036,0.020,0.926,50.190
2510203134,2026-10-09 11:30:00,236.970,235.950,236.270,0.020,0.010,0.010,0.007,0.004,0.002,0.001,-0.001,0.000,-0.001,0.000,0.979,49.870
2510224049,2026-10-09 11:30:00,229.760,229.990,229.500,0.240,1.340,8.090,2.090,0.050,0.190,1.840,-0.020,0.000,-0.140,0.110,0.999,49.800
2510224167,2026-10-09 11:30:00,229.740,229.660,230.180,0.760,0.120,0.350,0.170,0.090,0.010,0.050,-0.150,-0.080,-0.010,-0.050,0.747,49.810
2510317505,2026-10-09 11:30:00,229.930,229.980,230.320,0.090,0.030,2.180,0.270,0.010,0.000,0.250,-0.240,-0.010,0.000,-0.230,0.744,49.790
2510317516,2026-10-09 11:30:00,230.050,230.010,230.400,0.000,0.000,0.000,0.000,0.000,0.000,0.000,0.000,0.000,0.000,0.000,1.000,49.820
2510389559,2026-10-09 11:30:00,235.760,235.600,236.580,0.000,0.000,0.000,0.000,0.000,0.000,0.000,0.000,0.000,0.000,0.000,1.000,49.870
2510389643,2026-10-09 11:30:00,235.480,235.280,236.160,0.670,0.000,0.000,0.150,0.150,0.000,0.000,0.000,0.000,0.000,0.000,1.000,49.790
2510389931,2026-10-09 11:30:00,234.680,234.390,235.380,0.050,0.000,0.000,0.000,0.000,0.000,0.000,-0.010,-0.010,0.000,0.000,0.209,49.800
2510633381,2026-10-09 11:30:00,237.190,236.110,236.520,0.330,0.320,0.330,0.236,0.079,0.077,0.079,0.026,-0.001,0.013,0.013,0.991,49.970
2510633382,2026-10-09 11:30:00,235.600,236.520,235.770,0.300,0.310,0.340,0.224,0.070,0.073,0.080,0.029,0.009,0.010,0.009,0.990,50.070
2510633383,2026-10-09 11:30:00,234.360,235.030,235.430,1.360,1.040,1.320,0.808,0.301,0.210,0.296,0.013,0.023,-0.005,-0.004,0.999,49.980
2510633385,2026-10-09 11:30:00,236.330,236.350,236.900,0.340,0.230,0.290,0.201,0.079,0.053,0.069,0.034,0.015,0.004,0.014,0.985,50.060
2510633386,2026-10-09 11:30:00,223.370,223.680,224.190,0.380,0.390,0.370,0.159,0.052,0.054,0.052,-0.199,-0.067,-0.068,-0.063,0.623,50.070
2510633387,2026-10-09 11:30:00,234.540,235.040,234.170,0.030,0.000,0.160,0.045,0.008,0.000,0.036,-0.005,0.000,0.000,-0.003,1.000,50.050
2510633389,2026-10-09 11:30:00,235.560,234.820,234.620,1.350,1.310,1.350,0.752,0.256,0.243,0.252,0.285,0.090,0.093,0.102,0.948,50.050
2510633390,2026-10-09 11:30:00,237.070,237.570,236.720,0.550,0.650,0.700,0.427,0.128,0.140,0.157,0.106,0.021,0.044,0.040,0.968,50.040
2510633391,2026-10-09 11:30:00,123.340,123.320,123.220,0.690,0.640,0.950,0.249,0.072,0.070,0.106,0.000,0.021,-0.022,0.001,0.998,50.020
2510633393,2026-10-09 11:30:00,234.430,235.300,234.520,1.870,1.840,1.830,1.237,0.418,0.413,0.404,0.329,0.110,0.104,0.114,0.966,50.080
2510633395,2026-10-09 11:30:00,234.960,235.270,234.190,0.000,0.000,0.000,0.000,0.000,0.000,0.000,0.000,0.000,0.000,0.000,1.000,49.960
2510633396,2026-10-09 11:30:00,234.750,234.110,234.730,0.620,0.660,0.600,0.414,0.136,0.146,0.132,0.129,0.044,0.044,0.040,0.954,49.980
2510633397,2026-10-09 11:30:00,243.740,242.670,243.170,0.080,0.130,0.120,0.077,0.018,0.030,0.028,0.005,0.003,-0.001,0.002,0.999,50.040
2510633399,2026-10-09 11:30:00,230.280,230.180,230.710,0.530,0.610,0.620,0.400,0.122,0.138,0.140,0.005,0.001,0.002,0.001,0.999,49.990
2510633400,2026-10-09 11:30:00,229.060,229.400,228.900,1.090,1.160,1.110,0.697,0.232,0.237,0.227,0.285,0.090,0.101,0.093,0.923,50.030
2510633402,2026-10-09 11:30:00,231.980,232.230,233.560,0.820,0.950,1.060,0.660,0.191,0.221,0.215,0.216,0.068,0.067,0.080,0.931,50.070
2510633406,2026-10-09 11:30:00,230.480,230.400,230.890,0.010,0.010,0.010,0.003,0.001,0.000,0.000,-0.003,-0.001,0.000,-0.001,0.697,49.880
2510633411,2026-10-09 11:30:00,227.950,227.330,227.170,2.200,2.110,2.160,1.347,0.464,0.438,0.444,0.567,0.181,0.186,0.200,0.921,50.020
2510814977,2026-10-09 11:30:00,232.590,233.970,232.110,0.010,0.010,0.010,0.006,0.002,0.001,0.001,-0.002,0.000,-0.001,-0.001,0.893,49.870
2610026950,2026-10-09 11:30:00,230.920,230.400,230.450,0.040,0.000,0.050,0.020,0.008,0.000,0.010,0.000,0.000,0.000,0.000,1.000,49.880
2610026952,2026-10-09 11:30:00,233.250,232.460,232.830,2.270,2.190,2.230,1.474,0.499,0.479,0.492,0.496,0.175,0.166,0.154,0.947,50.040
2610026963,2026-10-09 11:30:00,235.340,235.450,236.080,0.210,0.170,0.080,0.091,0.045,0.036,0.009,-0.047,-0.018,-0.013,-0.015,0.892,49.980
2610026966,2026-10-09 11:30:00,233.830,233.620,232.950,0.320,0.370,0.660,0.311,0.074,0.084,0.152,0.053,0.016,0.015,0.021,0.983,49.970
2610026976,2026-10-09 11:30:00,234.590,234.770,235.290,1.380,1.530,1.990,1.153,0.321,0.364,0.467,-0.006,-0.001,0.012,-0.018,1.000,49.980
2610026977,2026-10-09 11:30:00,244.660,245.370,244.750,0.500,0.140,0.150,0.145,0.095,0.026,0.024,0.125,0.076,0.023,0.026,0.754,50.010
2610126270,2026-10-09 11:30:00,230.080,230.420,230.130,0.070,0.050,0.020,0.029,0.015,0.011,0.002,-0.006,-0.002,-0.001,-0.001,0.993,49.790
2610126451,2026-10-09 11:30:00,235.460,235.780,234.990,0.020,0.000,0.120,0.032,0.004,0.000,0.028,0.001,0.000,0.000,0.002,0.999,49.910
2610159557,2026-10-09 11:30:00,237.210,236.280,236.730,0.040,0.030,0.050,0.028,0.009,0.007,0.010,-0.007,-0.001,-0.001,-0.005,0.970,49.890
2610159558,2026-10-09 11:30:00,236.190,236.680,237.210,0.000,0.010,0.020,0.008,0.000,0.002,0.004,0.000,0.000,0.000,0.000,0.981,49.900
2610170785,2026-10-09 11:30:00,236.890,235.920,236.410,0.040,0.000,0.000,0.008,0.008,0.000,0.000,0.000,0.000,0.000,0.000,0.981,49.850
2610170786,2026-10-09 11:30:00,235.030,235.390,235.770,1.220,1.260,1.210,0.722,0.236,0.244,0.246,0.212,0.064,0.068,0.078,0.969,49.800
2610170836,2026-10-09 11:30:00,233.550,234.120,234.440,0.390,0.350,0.440,0.227,0.073,0.066,0.117,0.222,0.072,0.068,0.081,0.628,49.840
2610170837,2026-10-09 11:30:00,233.880,231.940,232.510,0.000,0.010,0.020,0.005,0.000,0.000,0.005,0.000,0.000,0.000,0.000,0.927,49.790
2610170838,2026-10-09 11:30:00,236.490,235.310,235.920,0.000,0.110,0.030,0.032,0.000,0.024,0.007,0.001,0.000,0.001,0.000,0.987,49.850
2610170839,2026-10-09 11:30:00,235.720,236.140,236.760,0.020,0.010,0.040,0.014,0.004,0.001,0.008,-0.001,0.000,0.000,0.000,0.991,49.800
2610170840,2026-10-09 11:30:00,234.760,234.490,235.560,0.900,0.900,0.910,0.563,0.187,0.187,0.189,0.290,0.096,0.093,0.099,0.888,49.800
2610322967,2026-10-09 11:30:00,237.420,236.330,236.680,0.010,0.000,0.000,0.002,0.002,0.000,0.000,0.000,0.000,0.000,0.000,1.000,49.840
2610322969,2026-10-09 11:30:00,230.900,230.350,230.450,0.150,0.230,0.240,0.142,0.033,0.053,0.055,0.007,0.001,0.007,-0.001,0.996,49.880
2610322992,2026-10-09 11:30:00,227.050,228.840,229.280,4.670,4.760,4.930,3.083,0.962,1.045,1.075,1.104,0.462,0.315,0.335,0.941,49.790
2610322995,2026-10-09 11:30:00,235.990,236.410,236.940,0.000,0.000,0.000,0.000,0.000,0.000,0.000,0.000,0.000,0.000,0.000,1.000,49.840
2610322997,2026-10-09 11:30:00,231.940,233.150,231.270,0.720,0.750,0.770,0.498,0.162,0.164,0.170,0.167,0.040,0.067,0.059,0.946,49.820
2610323001,2026-10-09 11:30:00,230.400,228.870,229.020,2.630,2.430,2.730,1.586,0.539,0.478,0.567,0.848,0.286,0.279,0.282,0.880,49.810
2610323005,2026-10-09 11:30:00,229.930,230.380,229.880,0.110,0.000,0.000,0.027,0.025,0.001,0.000,-0.001,-0.001,0.000,0.000,1.000,49.830
2610323010,2026-10-09 11:30:00,236.610,235.940,235.790,0.120,0.000,0.000,0.025,0.025,0.000,0.000,-0.010,-0.010,0.000,0.000,0.938,49.840
2610323014,2026-10-09 11:30:00,234.320,234.660,235.120,0.070,0.000,0.010,0.018,0.015,0.000,0.002,-0.003,-0.002,0.000,0.000,1.000,49.800
2610323016,2026-10-09 11:30:00,231.580,230.050,230.550,1.500,1.310,1.330,0.793,0.292,0.243,0.256,0.495,0.176,0.165,0.153,0.847,49.780
2610323017,2026-10-09 11:30:00,235.700,236.350,235.610,0.000,0.000,0.000,0.000,0.000,0.000,0.000,0.000,0.000,0.000,0.000,1.000,49.790
2610323019,2026-10-09 11:30:00,229.860,230.460,230.050,0.050,0.300,0.030,0.085,0.011,0.068,0.005,-0.008,-0.003,-0.002,-0.002,0.990,49.790
2610323027,2026-10-09 11:30:00,236.520,235.430,235.950,0.000,0.000,0.000,0.000,0.000,0.000,0.000,0.000,0.000,0.000,0.000,1.000,49.800
2411087433,2026-10-09 11:31:00,236.960,237.330,237.760,0.660,0.710,0.740,0.490,0.159,0.162,0.168,-0.027,-0.013,-0.014,0.001,0.999,50.060
2510014482,2026-10-09 11:31:00,234.720,235.100,234.250,0.670,0.280,0.230,0.264,0.145,0.066,0.052,-0.024,-0.007,-0.005,-0.011,0.997,50.030
2510203117,2026-10-09 11:31:00,231.100,230.710,230.690,0.210,0.340,0.130,0.118,0.035,0.074,0.008,0.086,0.032,0.023,0.029,0.811,50.050
2510203126,2026-10-09 11:31:00,231.120,231.170,231.570,0.470,0.390,0.400,0.270,0.101,0.083,0.085,0.108,0.036,0.035,0.035,0.928,50.130
2610323004,2026-10-09 11:31:00,64.590,64.020,64.550,0.840,0.900,0.830,0.159,0.052,0.055,0.051,0.032,0.007,0.011,0.012,0.983,50.050
2510014483,2026-10-09 11:32:00,236.470,236.860,237.350,0.090,0.080,0.100,0.058,0.020,0.017,0.020,-0.021,-0.006,-0.006,-0.009,0.938,50.130
2510317537,2026-10-09 11:32:00,236.630,236.630,237.470,3.120,3.150,3.350,1.980,0.640,0.650,0.680,-0.320,-0.100,-0.110,-0.110,0.984,50.100
2610026953,2026-10-09 11:32:00,235.250,235.010,236.010,0.740,0.700,0.730,0.489,0.161,0.153,0.174,0.170,0.063,0.054,0.051,0.944,50.120
2246006313,2026-10-09 12:00:00,59.000,59.000,58.900,1.034,1.058,1.010,0.179,0.059,0.061,0.058,0.038,0.014,0.012,0.011,0.978,50.180
2410121326,2026-10-09 12:00:00,239.350,238.430,238.760,0.510,0.620,0.660,0.416,0.121,0.143,0.151,0.080,0.020,0.026,0.033,0.982,50.130
2410121353,2026-10-09 12:00:00,238.930,238.290,238.590,0.560,0.440,0.440,0.332,0.129,0.100,0.102,0.098,0.034,0.028,0.035,0.957,50.130
2410121371,2026-10-09 12:00:00,239.860,238.990,239.330,0.060,0.020,0.060,0.031,0.013,0.004,0.014,-0.004,-0.001,-0.001,-0.001,0.986,50.130
2410121424,2026-10-09 12:00:00,239.240,238.520,238.910,0.010,0.010,0.010,0.005,0.001,0.001,0.002,-0.002,-0.001,-0.001,0.000,0.920,50.120
2410121440,2026-10-09 12:00:00,239.580,238.860,239.140,0.010,0.010,0.010,0.005,0.002,0.000,0.001,-0.002,-0.001,-0.001,0.000,0.937,50.130
2410121457,2026-10-09 12:00:00,237.910,237.000,237.750,2.160,2.160,1.920,1.425,0.491,0.492,0.440,0.325,0.118,0.120,0.086,0.975,50.150
2410121574,2026-10-09 12:00:00,238.960,237.980,238.270,1.390,1.340,1.330,0.940,0.323,0.310,0.311,0.054,0.024,0.012,0.017,0.998,50.120
2410131378,2026-10-09 12:00:00,238.980,239.290,238.550,0.680,0.750,0.740,0.585,0.189,0.175,0.205,0.160,0.042,0.052,0.065,0.975,50.140
2410131383,2026-10-09 12:00:00,235.750,234.830,234.970,0.150,0.180,0.230,0.125,0.034,0.039,0.051,0.008,0.003,0.002,0.002,0.996,50.150
2410131384,2026-10-09 12:00:00,237.450,237.830,237.040,0.650,0.700,0.750,0.543,0.181,0.199,0.161,0.122,0.046,0.048,0.039,0.977,50.190
2410131387,2026-10-09 12:00:00,234.850,235.530,234.860,0.080,0.050,0.020,0.032,0.016,0.010,0.005,-0.007,-0.006,0.002,-0.003,0.984,50.150
2410320615,2026-10-09 12:00:00,230.520,230.910,231.370,4.290,4.000,4.200,2.638,0.915,0.829,0.893,0.894,0.279,0.340,0.274,0.947,50.190
2410883988,2026-10-09 12:00:00,234.980,235.340,234.700,0.520,0.530,0.610,0.352,0.112,0.113,0.126,0.154,0.048,0.052,0.052,0.915,50.190
2410883990,2026-10-09 12:00:00,235.410,234.710,234.990,0.080,0.000,0.100,0.039,0.017,0.000,0.022,0.005,0.002,0.000,0.003,0.994,50.170
2410883991,2026-10-09 12:00:00,236.600,237.160,237.550,0.160,0.170,0.380,0.171,0.038,0.042,0.090,0.000,0.002,0.000,-0.003,0.999,50.180
2410883993,2026-10-09 12:00:00,237.990,237.230,237.510,0.420,0.190,0.670,0.299,0.099,0.042,0.157,0.002,0.000,-0.002,0.004,1.000,50.150
2410883994,2026-10-09 12:00:00,237.700,236.710,237.390,0.000,0.000,0.010,0.003,0.000,0.000,0.003,0.000,0.000,0.000,0.000,1.000,50.160
2410932742,2026-10-09 12:00:00,234.280,232.440,232.740,3.220,3.170,3.360,2.121,0.703,0.688,0.728,0.584,0.200,0.178,0.205,0.964,50.180
2411087432,2026-10-09 12:00:00,238.340,238.950,238.030,1.580,1.850,1.720,1.051,0.343,0.366,0.342,0.548,0.145,0.226,0.174,0.889,50.180
2411290205,2026-10-09 12:00:00,232.240,232.540,233.080,2.460,2.310,2.470,1.785,0.603,0.571,0.610,0.495,0.179,0.152,0.163,0.956,50.180
2510014481,2026-10-09 12:00:00,232.620,232.880,234.040,3.100,3.220,3.260,1.924,0.615,0.668,0.671,0.854,0.277,0.285,0.291,0.919,50.150
2510014482,2026-10-09 12:00:00,238.590,239.070,238.240,0.720,0.510,0.290,0.339,0.156,0.117,0.064,0.077,0.027,0.027,0.022,0.976,50.180
2510014483,2026-10-09 12:00:00,237.310,237.800,238.190,0.070,0.060,0.080,0.046,0.016,0.013,0.017,-0.021,-0.006,-0.005,-0.009,0.916,50.160
2510014484,2026-10-09 12:00:00,233.280,233.150,234.040,1.700,1.990,1.490,1.071,0.308,0.420,0.343,0.380,0.130,0.117,0.133,0.944,50.170
2510178139,2026-10-09 12:00:00,239.520,239.920,239.020,0.080,0.070,0.220,0.088,0.019,0.017,0.055,0.004,0.002,0.002,0.000,0.995,50.150
2510178141,2026-10-09 12:00:00,238.740,239.370,239.740,0.720,0.410,0.610,0.346,0.142,0.096,0.106,0.022,0.026,0.000,-0.003,0.996,50.170
2510203103,2026-10-09 12:00:00,230.320,228.610,229.120,0.220,0.240,0.180,0.033,0.029,-0.001,0.011,0.127,0.048,0.042,0.036,0.317,50.190
2510203104,2026-10-09 12:00:00,231.190,231.590,231.940,0.710,0.640,0.680,0.442,0.153,0.139,0.149,0.092,0.019,0.030,0.042,0.976,50.200
2510203105,2026-10-09 12:00:00,236.700,234.860,235.500,1.270,1.270,1.230,0.881,0.294,0.297,0.289,0.095,0.035,0.034,0.033,0.993,50.150
2510203106,2026-10-09 12:00:00,234.330,234.190,235.060,0.010,0.010,0.000,0.005,0.001,0.003,0.000,-0.002,-0.001,0.000,0.000,0.900,50.200
2510203107,2026-10-09 12:00:00,222.580,222.410,223.290,0.930,1.000,0.890,0.578,0.189,0.206,0.183,0.168,0.053,0.061,0.054,0.959,50.170
2510203108,2026-10-09 12:00:00,238.580,238.700,237.900,0.810,1.410,1.580,0.899,0.185,0.332,0.381,0.091,0.018,0.037,0.035,0.994,50.190
2510203109,2026-10-09 12:00:00,237.550,237.970,237.130,0.250,0.380,0.550,0.276,0.058,0.089,0.128,-0.006,0.011,-0.004,-0.013,1.000,50.140
2510203111,2026-10-09 12:00:00,237.410,238.390,238.620,2.750,2.380,3.080,1.649,0.549,0.460,0.639,0.271,0.139,0.051,0.080,0.986,50.190
2510203113,2026-10-09 12:00:00,234.550,233.770,233.630,1.950,1.870,2.310,1.375,0.442,0.404,0.529,0.150,0.039,0.046,0.064,0.993,50.190
2510203114,2026-10-09 12:00:00,231.210,231.640,231.930,0.430,0.400,0.440,0.274,0.106,0.076,0.091,0.064,0.019,0.016,0.028,0.977,50.140
2510203117,2026-10-09 12:00:00,234.830,234.360,234.350,0.330,0.480,0.150,0.187,0.064,0.109,0.013,0.102,0.043,0.027,0.031,0.879,50.190
2510203120,2026-10-09 12:00:00,237.010,236.150,236.750,1.540,1.210,1.280,0.903,0.348,0.269,0.285,0.222,0.086,0.070,0.065,0.970,50.190
2510203121,2026-10-09 12:00:00,234.760,234.920,235.250,0.010,0.010,0.110,0.027,0.003,0.001,0.023,-0.008,0.000,-0.002,-0.005,0.944,50.150
2510203122,2026-10-09 12:00:00,238.230,238.890,238.030,0.440,0.200,0.260,0.205,0.106,0.047,0.052,0.079,0.041,0.002,0.034,0.941,50.200
2510203123,2026-10-09 12:00:00,237.880,238.440,238.840,0.890,1.560,1.480,0.525,0.306,0.370,0.303,0.330,0.107,0.094,0.127,0.907,50.200
2510203124,2026-10-09 12:00:00,238.920,238.820,238.210,0.870,0.900,0.880,0.575,0.190,0.194,0.190,0.194,0.059,0.068,0.066,0.946,50.130
2510203125,2026-10-09 12:00:00,234.830,235.670,234.900,0.030,0.030,0.060,0.020,0.002,0.003,0.013,-0.016,-0.006,-0.006,-0.004,0.774,50.160
2510203126,2026-10-09 12:00:00,234.560,234.770,235.250,0.610,0.520,0.530,0.351,0.126,0.111,0.114,0.152,0.052,0.048,0.052,0.917,50.120
2510203127,2026-10-09 12:00:00,238.530,239.250,238.360,0.410,0.510,0.780,0.391,0.094,0.119,0.176,0.067,0.015,0.020,0.032,0.986,50.120
2510203128,2026-10-09 12:00:00,237.270,237.560,236.160,1.440,1.300,1.440,0.967,0.335,0.300,0.332,0.053,0.007,0.013,0.032,0.998,50.190
2510203133,2026-10-09 12:00:00,237.820,238.410,237.620,0.400,0.080,0.330,0.190,0.094,0.016,0.078,0.021,0.014,0.009,-0.003,0.992,50.150
2510203134,2026-10-09 12:00:00,238.360,237.280,237.740,0.020,0.010,0.010,0.007,0.004,0.002,0.001,-0.001,0.000,-0.001,0.000,0.983,50.180
2510224049,2026-10-09 12:00:00,234.530,234.850,234.150,0.230,1.390,8.100,2.140,0.050,0.210,1.880,-0.030,0.000,-0.130,0.110,1.000,50.160
2510224167,2026-10-09 12:00:00,234.380,234.560,235.130,1.600,0.120,0.360,0.340,0.260,0.010,0.050,-0.210,-0.130,-0.020,-0.050,0.847,50.170
2510317505,2026-10-09 12:00:00,234.640,234.760,235.270,0.090,0.030,2.180,0.270,0.010,0.000,0.260,-0.260,-0.010,0.000,-0.240,0.727,50.170
2510317516,2026-10-09 12:00:00,234.540,234.680,235.140,0.000,0.000,0.000,0.000,0.000,0.000,0.000,0.000,0.000,0.000,0.000,1.000,50.170
2510317537,2026-10-09 12:00:00,237.310,237.410,238.010,2.580,2.690,3.000,1.670,0.540,0.550,0.570,-0.320,-0.100,-0.100,-0.100,0.987,50.170
2510389559,2026-10-09 12:00:00,234.940,234.840,235.700,0.000,0.000,0.000,0.000,0.000,0.000,0.000,0.000,0.000,0.000,0.000,1.000,50.190
2510389643,2026-10-09 12:00:00,235.080,234.900,235.730,0.670,0.000,0.000,0.150,0.150,0.000,0.000,0.000,0.000,0.000,0.000,1.000,50.180
2510389931,2026-10-09 12:00:00,234.560,234.270,235.320,0.050,0.000,0.000,0.000,0.000,0.000,0.000,-0.010,-0.010,0.000,0.000,0.197,50.170
2510633381,2026-10-09 12:00:00,238.190,237.270,237.780,0.100,0.140,0.090,0.071,0.022,0.031,0.016,0.001,-0.006,0.001,0.005,1.000,50.130
2510633382,2026-10-09 12:00:00,234.080,234.930,234.160,0.300,0.320,0.320,0.202,0.064,0.068,0.069,0.065,0.021,0.023,0.019,0.951,50.140
2510633383,2026-10-09 12:00:00,238.510,239.180,239.560,1.380,1.030,1.320,0.846,0.315,0.231,0.302,0.023,0.025,0.000,-0.003,0.999,50.120
2510633385,2026-10-09 12:00:00,234.920,234.840,235.630,0.130,0.110,0.130,0.085,0.030,0.024,0.029,-0.001,-0.006,0.000,0.005,1.000,50.150
2510633386,2026-10-09 12:00:00,223.810,224.190,224.670,0.370,0.380,0.350,0.136,0.044,0.048,0.059,-0.199,-0.068,-0.068,-0.063,0.541,50.150
2510633387,2026-10-09 12:00:00,238.740,239.450,238.520,0.030,0.020,0.160,0.048,0.008,0.003,0.037,-0.001,0.000,0.002,-0.003,0.994,50.150
2510633389,2026-10-09 12:00:00,234.290,233.380,233.310,1.610,1.640,1.640,1.138,0.380,0.377,0.380,0.244,0.078,0.079,0.086,0.976,50.150
2510633390,2026-10-09 12:00:00,237.550,238.090,237.060,0.650,0.660,0.740,0.422,0.130,0.139,0.152,0.112,0.025,0.045,0.043,0.969,50.150
2510633391,2026-10-09 12:00:00,125.640,125.430,125.440,0.260,0.260,0.410,0.110,0.029,0.030,0.051,-0.006,0.010,-0.014,-0.001,0.994,50.150
2510633393,2026-10-09 12:00:00,233.030,233.800,233.030,1.800,1.780,1.790,1.202,0.401,0.403,0.396,0.302,0.101,0.096,0.103,0.970,50.130
2510633395,2026-10-09 12:00:00,239.130,239.420,238.410,0.000,0.000,0.000,0.000,0.000,0.000,0.000,0.000,0.000,0.000,0.000,1.000,50.140
2510633396,2026-10-09 12:00:00,238.770,238.090,238.700,0.850,0.890,0.830,0.564,0.187,0.195,0.181,0.149,0.050,0.052,0.046,0.966,50.120
2510633397,2026-10-09 12:00:00,244.310,243.260,243.880,0.050,0.020,0.060,0.032,0.012,0.005,0.014,0.001,0.000,0.000,0.001,1.000,50.150
2510633400,2026-10-09 12:00:00,233.440,233.700,232.930,0.850,0.980,0.910,0.620,0.199,0.220,0.200,0.206,0.061,0.075,0.067,0.947,50.150
2510633402,2026-10-09 12:00:00,234.630,234.980,236.250,0.580,0.680,0.750,0.484,0.139,0.164,0.180,0.125,0.039,0.038,0.046,0.965,50.140
2510633406,2026-10-09 12:00:00,234.770,234.920,235.490,0.020,0.010,0.010,0.006,0.004,0.001,0.000,-0.004,-0.002,0.000,-0.001,0.782,50.160
2510633411,2026-10-09 12:00:00,232.080,231.370,231.420,1.980,1.850,1.940,1.207,0.417,0.385,0.404,0.540,0.180,0.174,0.186,0.913,50.140
2510814977,2026-10-09 12:00:00,235.660,236.810,235.280,0.010,0.010,0.010,0.005,0.002,0.001,0.001,-0.001,0.001,-0.001,-0.001,0.940,50.160
2610026950,2026-10-09 12:00:00,235.510,234.660,234.860,0.040,0.020,0.060,0.026,0.008,0.003,0.014,0.006,0.002,0.001,0.001,0.955,50.160
2610026952,2026-10-09 12:00:00,237.510,236.920,237.120,1.820,1.770,1.820,1.188,0.398,0.388,0.402,0.425,0.150,0.138,0.136,0.941,50.160
2610026953,2026-10-09 12:00:00,233.870,233.700,234.590,0.750,0.750,0.810,0.484,0.159,0.158,0.165,0.171,0.066,0.056,0.051,0.946,50.150
2610026963,2026-10-09 12:00:00,239.290,239.410,239.980,0.160,0.130,0.020,0.058,0.034,0.024,-0.001,-0.022,-0.011,-0.005,-0.004,0.948,50.120
2610026966,2026-10-09 12:00:00,233.440,233.710,232.950,0.840,0.340,0.720,0.421,0.178,0.078,0.163,0.051,0.034,0.013,0.003,0.992,50.130
2610026976,2026-10-09 12:00:00,238.940,239.100,239.600,0.790,1.130,1.540,0.811,0.186,0.258,0.366,-0.018,0.001,0.001,-0.021,0.999,50.120
2610026977,2026-10-09 12:00:00,244.380,245.030,244.300,0.500,0.140,0.140,0.145,0.095,0.026,0.024,0.123,0.074,0.023,0.025,0.763,50.140
2610126270,2026-10-09 12:00:00,234.930,235.270,234.750,0.040,0.030,0.020,0.018,0.008,0.007,0.003,-0.007,-0.003,-0.001,-0.002,0.930,50.160
2610159557,2026-10-09 12:00:00,238.330,237.400,237.880,0.020,0.030,0.030,0.017,0.004,0.006,0.006,-0.006,-0.003,-0.001,-0.001,0.923,50.160
2610159558,2026-10-09 12:00:00,237.290,237.850,238.220,0.010,0.010,0.020,0.008,0.000,0.002,0.004,0.000,0.000,0.000,0.000,1.000,50.150
2610170785,2026-10-09 12:00:00,238.100,237.210,237.810,0.040,0.000,0.000,0.008,0.008,0.000,0.000,0.000,0.000,0.000,0.000,0.958,50.160
2610170786,2026-10-09 12:00:00,237.560,238.060,238.540,0.110,0.090,0.110,0.074,0.025,0.021,0.027,0.007,0.003,0.000,0.002,0.999,50.170
2610170836,2026-10-09 12:00:00,238.020,238.660,238.890,0.660,0.540,1.040,0.130,0.041,0.035,0.054,0.172,0.056,0.053,0.063,0.872,50.160
2610170837,2026-10-09 12:00:00,236.890,235.080,235.600,0.000,0.000,0.020,0.004,0.000,0.000,0.004,0.000,0.000,0.000,0.000,1.000,50.160
2610170839,2026-10-09 12:00:00,237.220,237.730,238.150,0.020,0.000,0.020,0.009,0.004,0.001,0.004,-0.001,0.000,0.000,0.000,1.000,50.170
2610170840,2026-10-09 12:00:00,234.570,234.300,235.350,0.010,0.000,0.000,0.002,0.002,0.000,0.000,0.000,0.000,0.000,0.000,0.907,50.160
2610322969,2026-10-09 12:00:00,235.460,234.580,234.950,0.110,0.260,0.200,0.131,0.025,0.059,0.046,0.008,0.002,0.007,-0.001,0.994,50.160
2610322992,2026-10-09 12:00:00,231.610,232.710,233.320,3.380,3.770,3.570,2.293,0.681,0.808,0.756,0.938,0.345,0.294,0.298,0.921,50.170
2610322995,2026-10-09 12:00:00,237.280,237.770,238.290,0.000,0.000,0.000,0.000,0.000,0.000,0.000,0.000,0.000,0.000,0.000,1.000,50.160
2610322997,2026-10-09 12:00:00,234.940,235.070,233.940,1.200,1.380,1.060,0.695,0.244,0.253,0.197,0.270,0.048,0.133,0.087,0.941,50.160
2610323001,2026-10-09 12:00:00,233.680,232.410,232.720,2.620,2.320,2.380,1.503,0.541,0.473,0.498,0.775,0.264,0.256,0.255,0.890,50.160
2610323004,2026-10-09 12:00:00,65.310,64.780,65.290,0.690,0.730,0.630,0.120,0.041,0.041,0.037,0.034,0.009,0.013,0.011,0.959,50.160
2610323005,2026-10-09 12:00:00,234.780,235.180,234.570,0.090,0.020,0.000,0.026,0.020,0.004,0.000,0.002,0.000,0.002,0.000,1.000,50.160
2610323010,2026-10-09 12:00:00,235.280,234.430,234.450,0.090,0.000,0.000,0.018,0.018,0.000,0.000,-0.009,-0.008,0.000,0.000,0.908,50.160
2610323014,2026-10-09 12:00:00,239.090,239.320,239.810,0.110,0.000,0.010,0.028,0.025,0.000,0.002,-0.003,-0.003,0.000,0.000,0.978,50.170
2610323016,2026-10-09 12:00:00,234.630,233.320,233.690,1.800,1.610,1.680,1.027,0.366,0.320,0.340,0.551,0.192,0.179,0.179,0.877,50.170
2610323017,2026-10-09 12:00:00,237.560,238.110,237.340,0.000,0.000,0.000,0.000,0.000,0.000,0.000,0.000,0.000,0.000,0.000,1.000,50.180
2610323019,2026-10-09 12:00:00,234.590,235.330,234.570,0.090,0.160,0.030,0.062,0.020,0.035,0.006,-0.010,-0.005,-0.001,-0.003,0.989,50.170
2610323027,2026-10-09 12:00:00,238.350,237.280,237.900,0.000,0.000,0.000,0.000,0.000,0.000,0.000,0.000,0.000,0.000,0.000,1.000,50.170
2410121454,2026-10-09 12:01:00,238.200,238.550,237.550,0.320,0.510,0.520,0.314,0.076,0.118,0.119,0.055,0.012,0.015,0.027,0.987,50.130
2510203130,2026-10-09 12:01:00,247.300,247.720,249.040,0.020,0.000,0.050,0.016,0.004,0.000,0.011,0.001,0.000,0.000,0.002,0.993,50.120
2510633399,2026-10-09 12:01:00,234.080,234.210,234.750,0.440,0.520,0.540,0.350,0.103,0.122,0.125,0.006,0.002,0.002,0.001,0.999,50.150
2610170838,2026-10-09 12:01:00,237.520,236.390,237.130,0.000,0.100,0.020,0.029,0.000,0.023,0.005,0.002,0.000,0.002,0.000,1.000,50.120
2610322967,2026-10-09 12:01:00,238.040,236.960,237.340,0.010,0.000,0.000,0.002,0.002,0.000,0.000,0.000,0.000,0.000,0.000,1.000,50.120
2411087433,2026-10-09 12:02:00,236.490,237.000,237.290,0.500,0.510,0.540,0.417,0.136,0.137,0.143,-0.015,-0.007,-0.009,0.001,0.997,50.140
2610126451,2026-10-09 12:02:00,239.220,239.460,238.740,0.000,0.000,0.110,0.025,0.000,0.000,0.025,0.003,0.000,0.000,0.003,0.991,50.150
2246006313,2026-10-09 12:30:00,59.200,59.100,59.000,1.163,1.185,1.133,0.189,0.063,0.064,0.059,0.040,0.014,0.013,0.012,0.977,49.980
2410121326,2026-10-09 12:30:00,237.190,236.480,236.780,0.420,0.430,0.480,0.311,0.101,0.100,0.109,0.105,0.032,0.032,0.039,0.956,49.960
2410121353,2026-10-09 12:30:00,236.000,235.460,235.680,0.320,0.230,0.300,0.173,0.066,0.044,0.061,0.098,0.034,0.029,0.034,0.868,49.960
2410121371,2026-10-09 12:30:00,236.570,235.750,236.110,0.020,0.010,0.030,0.014,0.003,0.002,0.008,-0.003,-0.001,-0.001,0.000,0.954,49.930
2410121424,2026-10-09 12:30:00,236.810,236.140,236.540,0.010,0.010,0.010,0.004,0.000,0.001,0.002,-0.002,-0.001,-0.001,0.000,0.900,49.980
2410121440,2026-10-09 12:30:00,236.260,235.460,235.860,0.010,0.010,0.010,0.005,0.002,0.000,0.001,-0.002,-0.001,-0.001,0.000,0.838,49.920
2410121454,2026-10-09 12:30:00,236.470,236.810,235.880,0.330,0.450,0.530,0.303,0.075,0.105,0.123,0.042,0.010,0.008,0.022,0.988,49.980
2410121574,2026-10-09 12:30:00,236.270,235.470,235.550,1.020,0.810,0.930,0.631,0.233,0.184,0.214,0.015,0.010,-0.002,0.008,0.997,49.970
2410131378,2026-10-09 12:30:00,236.040,236.330,235.550,0.800,0.760,0.840,0.510,0.175,0.169,0.195,0.157,0.044,0.049,0.063,0.957,49.940
2410131383,2026-10-09 12:30:00,235.120,234.050,234.200,0.170,0.180,0.280,0.147,0.040,0.041,0.065,0.006,0.000,0.001,0.004,0.997,49.930
2410131384,2026-10-09 12:30:00,237.430,237.660,237.060,0.830,1.040,0.950,0.616,0.192,0.224,0.200,0.204,0.066,0.088,0.064,0.955,50.040
2410131387,2026-10-09 12:30:00,234.310,235.020,234.200,0.090,0.070,0.050,0.046,0.019,0.015,0.011,-0.005,-0.005,0.002,-0.002,0.988,50.050
2410320615,2026-10-09 12:30:00,231.630,232.070,232.270,3.490,3.350,3.460,2.158,0.752,0.672,0.733,0.803,0.255,0.305,0.242,0.936,50.020
2410883988,2026-10-09 12:30:00,236.060,236.360,235.910,0.350,0.360,0.420,0.249,0.077,0.078,0.093,0.091,0.029,0.030,0.031,0.936,50.060
2410883990,2026-10-09 12:30:00,235.890,235.390,235.480,0.080,0.000,0.100,0.040,0.018,0.000,0.022,0.006,0.002,0.000,0.003,0.988,50.020
2410883991,2026-10-09 12:30:00,237.150,237.600,238.010,0.110,0.070,0.270,0.107,0.026,0.017,0.063,-0.003,0.000,0.001,-0.004,1.000,49.970
2410883993,2026-10-09 12:30:00,237.670,236.900,237.200,0.410,0.170,0.600,0.280,0.097,0.041,0.141,0.004,0.001,-0.002,0.004,0.998,49.990
2410883994,2026-10-09 12:30:00,238.090,237.230,237.740,0.000,0.000,0.010,0.003,0.000,0.000,0.003,0.000,0.000,0.000,0.000,0.877,50.000
2410932742,2026-10-09 12:30:00,231.550,229.960,230.150,3.280,3.280,3.440,2.151,0.709,0.706,0.735,0.587,0.195,0.180,0.211,0.964,49.990
2411087432,2026-10-09 12:30:00,237.620,238.090,237.450,1.270,1.140,1.250,0.832,0.288,0.261,0.282,0.145,0.050,0.044,0.050,0.985,50.050
2411087433,2026-10-09 12:30:00,237.300,237.710,238.000,0.470,0.490,0.480,0.346,0.113,0.118,0.114,0.046,0.010,0.015,0.026,0.992,50.000
2510014481,2026-10-09 12:30:00,229.960,230.030,231.070,2.180,2.350,2.360,1.452,0.455,0.537,0.553,0.699,0.233,0.237,0.228,0.900,50.000
2510014483,2026-10-09 12:30:00,237.120,237.570,237.930,0.060,0.060,0.080,0.041,0.012,0.012,0.015,-0.021,-0.005,-0.006,-0.009,0.886,50.010
2510014484,2026-10-09 12:30:00,233.050,233.100,233.990,2.020,2.230,1.920,1.371,0.431,0.538,0.431,0.427,0.146,0.131,0.149,0.957,50.050
2510178139,2026-10-09 12:30:00,237.760,238.070,237.340,0.140,0.090,0.240,0.110,0.031,0.021,0.057,0.010,0.005,0.005,0.000,0.995,50.000
2510178141,2026-10-09 12:30:00,237.490,238.080,238.280,0.610,0.350,0.420,0.308,0.126,0.083,0.098,0.028,0.027,0.001,0.000,0.995,50.040
2510203103,2026-10-09 12:30:00,227.730,226.220,226.550,0.340,0.250,0.260,0.137,0.052,0.039,0.045,0.123,0.046,0.043,0.036,0.773,50.020
2510203104,2026-10-09 12:30:00,231.400,231.650,231.970,0.520,0.570,0.580,0.392,0.125,0.133,0.134,0.122,0.026,0.041,0.054,0.951,50.050
2510203105,2026-10-09 12:30:00,233.240,231.760,232.090,1.250,1.270,1.260,0.902,0.299,0.302,0.300,0.092,0.029,0.031,0.027,0.995,50.000
2510203106,2026-10-09 12:30:00,234.440,234.420,235.340,0.010,0.010,0.000,0.005,0.001,0.003,0.000,-0.002,-0.002,0.000,0.000,0.917,50.050
2510203107,2026-10-09 12:30:00,222.090,221.940,222.900,0.950,1.050,0.930,0.591,0.190,0.212,0.188,0.212,0.066,0.076,0.069,0.941,50.020
2510203108,2026-10-09 12:30:00,238.260,238.230,237.570,0.970,1.490,1.620,0.965,0.228,0.351,0.384,0.094,0.022,0.036,0.036,0.995,50.000
2510203109,2026-10-09 12:30:00,237.360,237.810,237.010,0.240,0.260,0.460,0.226,0.057,0.060,0.107,-0.004,0.012,-0.005,-0.012,0.999,49.990
2510203111,2026-10-09 12:30:00,236.910,237.450,237.730,1.940,1.580,1.940,1.207,0.427,0.343,0.433,0.272,0.124,0.064,0.083,0.975,50.040
2510203113,2026-10-09 12:30:00,234.810,233.860,233.730,1.800,1.720,2.260,1.308,0.411,0.381,0.515,0.121,0.029,0.031,0.059,0.995,50.060
2510203114,2026-10-09 12:30:00,231.010,231.300,231.560,0.500,0.580,0.560,0.398,0.134,0.130,0.129,0.091,0.025,0.026,0.039,0.976,49.990
2510203117,2026-10-09 12:30:00,235.510,235.120,235.140,0.380,0.350,0.140,0.164,0.076,0.077,0.010,0.103,0.045,0.026,0.031,0.846,49.990
2510203120,2026-10-09 12:30:00,237.650,236.860,237.370,1.210,1.010,0.980,0.696,0.264,0.220,0.210,0.222,0.085,0.068,0.068,0.953,50.000
2510203121,2026-10-09 12:30:00,235.430,235.500,235.870,0.010,0.010,0.110,0.029,0.003,0.001,0.023,-0.008,0.000,-0.002,-0.005,0.953,49.990
2510203122,2026-10-09 12:30:00,237.710,238.250,237.560,0.650,0.240,0.200,0.220,0.133,0.052,0.034,0.125,0.072,0.021,0.031,0.870,50.060
2510203123,2026-10-09 12:30:00,237.200,237.660,238.010,0.770,1.250,0.900,0.561,0.111,0.273,0.176,0.230,0.123,0.094,0.112,0.947,50.050
2510203124,2026-10-09 12:30:00,236.830,236.620,236.100,0.930,0.940,0.920,0.597,0.198,0.199,0.199,0.218,0.068,0.077,0.074,0.936,49.980
2510203125,2026-10-09 12:30:00,234.630,235.450,234.540,0.030,0.030,0.060,0.019,0.002,0.003,0.013,-0.016,-0.006,-0.005,-0.004,0.771,50.000
2510203126,2026-10-09 12:30:00,235.360,235.410,235.870,0.420,0.350,0.360,0.248,0.092,0.076,0.078,0.089,0.030,0.028,0.030,0.940,49.970
2510203127,2026-10-09 12:30:00,236.800,237.200,236.550,0.240,0.300,0.470,0.222,0.049,0.065,0.106,0.076,0.025,0.025,0.025,0.945,49.970
2510203128,2026-10-09 12:30:00,237.700,237.950,236.670,1.500,1.400,1.480,1.013,0.348,0.324,0.340,0.068,0.011,0.018,0.038,0.998,50.020
2510203130,2026-10-09 12:30:00,244.290,244.430,245.720,0.020,0.000,0.050,0.016,0.005,0.000,0.011,0.001,0.000,0.000,0.001,0.992,49.990
2510203133,2026-10-09 12:30:00,237.330,237.880,237.140,0.110,0.060,0.190,0.076,0.023,0.009,0.043,0.037,0.013,0.011,0.012,0.901,49.920
2510203134,2026-10-09 12:30:00,238.630,237.650,238.040,0.020,0.010,0.010,0.007,0.004,0.002,0.001,-0.001,0.000,-0.001,0.000,0.984,49.990
2510224049,2026-10-09 12:30:00,235.070,235.300,234.850,0.240,1.200,8.020,2.080,0.050,0.160,1.860,0.000,0.000,-0.130,0.120,0.999,50.010
2510224167,2026-10-09 12:30:00,235.350,235.280,235.820,1.550,0.120,0.360,0.330,0.250,0.010,0.050,-0.210,-0.130,-0.020,-0.050,0.839,50.050
2510317505,2026-10-09 12:30:00,235.520,235.490,235.910,0.090,0.030,2.180,0.270,0.010,0.000,0.250,-0.260,-0.010,0.000,-0.240,0.729,50.040
2510317516,2026-10-09 12:30:00,235.490,235.510,235.930,0.000,0.000,0.000,0.000,0.000,0.000,0.000,0.000,0.000,0.000,0.000,1.000,50.050
2510317537,2026-10-09 12:30:00,237.430,237.500,238.040,3.020,3.050,3.010,1.960,0.650,0.650,0.650,-0.340,-0.100,-0.110,-0.110,0.987,50.050
2510389559,2026-10-09 12:30:00,234.620,234.860,235.590,0.000,0.000,0.000,0.000,0.000,0.000,0.000,0.000,0.000,0.000,0.000,1.000,50.060
2510389643,2026-10-09 12:30:00,234.650,234.820,235.560,1.630,0.000,0.000,0.250,0.250,0.000,0.000,-0.050,-0.050,0.000,0.000,0.982,50.050
2510389931,2026-10-09 12:30:00,234.130,233.920,235.010,0.050,0.000,0.000,0.000,0.000,0.000,0.000,-0.010,-0.010,0.000,0.000,0.197,50.020
2510633381,2026-10-09 12:30:00,237.630,236.730,237.150,0.080,0.170,0.140,0.089,0.018,0.040,0.031,0.007,-0.003,0.002,0.008,0.995,49.980
2510633382,2026-10-09 12:30:00,233.730,234.640,233.710,0.440,0.490,0.490,0.323,0.100,0.111,0.111,0.072,0.024,0.024,0.022,0.974,49.900
2510633383,2026-10-09 12:30:00,236.550,237.200,237.450,1.340,1.010,1.320,0.806,0.302,0.206,0.298,0.020,0.024,0.001,-0.004,0.999,49.980
2510633385,2026-10-09 12:30:00,234.120,234.400,235.170,0.390,0.020,0.140,0.127,0.069,0.004,0.031,0.004,0.000,-0.001,0.005,0.998,49.890
2510633386,2026-10-09 12:30:00,223.400,223.640,224.100,0.370,0.360,0.340,0.114,0.040,0.036,0.037,-0.206,-0.070,-0.070,-0.065,0.494,49.900
2510633387,2026-10-09 12:30:00,236.080,236.660,235.870,0.030,0.020,0.160,0.049,0.008,0.003,0.038,-0.001,0.000,0.002,-0.003,0.994,49.890
2510633389,2026-10-09 12:30:00,233.260,232.270,232.180,1.360,1.370,1.380,0.797,0.268,0.263,0.265,0.409,0.132,0.135,0.141,0.895,49.890
2510633390,2026-10-09 12:30:00,236.610,237.070,236.230,0.170,0.190,0.280,0.140,0.037,0.041,0.071,0.054,0.017,0.020,0.016,0.934,49.900
2510633391,2026-10-09 12:30:00,124.290,124.250,124.210,0.350,0.260,0.520,0.111,0.031,0.026,0.052,-0.003,0.014,-0.014,-0.003,0.998,49.920
2510633393,2026-10-09 12:30:00,232.360,233.170,232.490,1.750,1.760,1.730,1.178,0.392,0.396,0.388,0.299,0.099,0.096,0.103,0.969,49.930
2510633395,2026-10-09 12:30:00,237.290,237.470,236.640,0.000,0.000,0.000,0.000,0.000,0.000,0.000,0.000,0.000,0.000,0.000,1.000,49.990
2510633396,2026-10-09 12:30:00,236.560,236.080,236.680,0.930,0.970,0.910,0.598,0.196,0.207,0.193,0.215,0.073,0.073,0.068,0.943,49.970
2510633397,2026-10-09 12:30:00,243.490,242.570,242.980,0.070,0.070,0.120,0.061,0.017,0.017,0.027,0.004,0.000,0.001,0.004,1.000,49.900
2510633399,2026-10-09 12:30:00,234.970,234.900,235.430,0.430,0.510,0.530,0.341,0.100,0.118,0.122,0.006,0.002,0.002,0.001,0.998,49.960
2510633400,2026-10-09 12:30:00,233.870,234.260,233.680,0.720,0.780,0.750,0.496,0.158,0.173,0.164,0.177,0.055,0.062,0.059,0.938,49.950
2510633402,2026-10-09 12:30:00,230.780,231.030,232.030,0.520,0.550,0.660,0.341,0.098,0.106,0.126,0.126,0.039,0.039,0.048,0.932,49.910
2510633406,2026-10-09 12:30:00,235.380,235.260,235.800,0.020,0.010,0.010,0.006,0.004,0.001,0.000,-0.004,-0.002,0.000,-0.001,0.772,50.000
2510633411,2026-10-09 12:30:00,232.240,231.620,231.520,1.970,1.890,1.990,1.228,0.419,0.393,0.416,0.553,0.180,0.179,0.189,0.912,49.930
2510814977,2026-10-09 12:30:00,232.390,233.440,232.120,0.020,0.010,0.010,0.006,0.003,0.001,0.001,-0.002,0.000,-0.001,-0.001,0.949,50.000
2610026950,2026-10-09 12:30:00,235.910,235.270,235.330,0.020,0.000,0.040,0.014,0.003,0.001,0.009,0.000,0.000,0.000,0.000,1.000,50.000
2610026952,2026-10-09 12:30:00,235.960,235.480,235.780,1.930,1.840,1.920,1.247,0.418,0.400,0.422,0.421,0.152,0.139,0.129,0.941,50.000
2610026953,2026-10-09 12:30:00,233.760,233.620,234.580,0.550,0.560,0.530,0.350,0.110,0.120,0.119,0.160,0.060,0.051,0.048,0.909,50.000
2610026963,2026-10-09 12:30:00,237.160,237.300,237.750,0.080,0.100,0.010,0.059,0.024,0.028,0.005,-0.005,-0.004,0.000,-0.001,1.000,49.980
2610026966,2026-10-09 12:30:00,233.290,233.370,232.630,0.920,0.840,1.400,0.736,0.223,0.192,0.320,0.066,0.041,0.014,0.010,0.995,49.990
2610026976,2026-10-09 12:30:00,236.640,236.900,237.150,1.300,1.590,2.090,1.173,0.307,0.369,0.495,-0.009,0.004,0.002,-0.015,0.999,49.980
2610026977,2026-10-09 12:30:00,244.780,244.970,244.100,0.140,0.140,0.140,0.074,0.024,0.024,0.024,0.073,0.024,0.024,0.025,0.713,49.940
2610126270,2026-10-09 12:30:00,235.410,235.770,235.420,0.050,0.050,0.020,0.027,0.012,0.011,0.003,-0.006,-0.002,-0.001,-0.002,0.980,50.020
2610126451,2026-10-09 12:30:00,237.640,237.850,237.300,0.000,0.000,0.120,0.027,0.000,0.000,0.027,0.002,0.000,0.000,0.002,0.988,49.990
2610159557,2026-10-09 12:30:00,237.910,237.090,237.510,0.020,0.030,0.030,0.016,0.003,0.006,0.006,-0.006,-0.002,-0.001,-0.001,0.927,50.000
2610159558,2026-10-09 12:30:00,236.980,237.480,237.840,0.020,0.010,0.030,0.015,0.005,0.002,0.007,0.000,0.000,0.000,0.000,0.986,50.000
2610170785,2026-10-09 12:30:00,237.860,236.990,237.570,0.040,0.010,0.000,0.011,0.008,0.003,0.000,0.001,0.000,0.000,0.000,0.992,50.010
2610170786,2026-10-09 12:30:00,237.640,238.090,238.560,0.000,0.000,0.000,0.000,0.000,0.000,0.000,0.000,0.000,0.000,0.000,1.000,50.050
2610170836,2026-10-09 12:30:00,236.650,237.030,237.190,0.810,0.940,1.080,0.417,0.118,0.073,0.125,0.181,0.060,0.053,0.066,0.972,50.010
2610170837,2026-10-09 12:30:00,233.480,231.960,232.280,0.000,0.000,0.040,0.009,0.000,0.001,0.008,0.000,0.000,0.000,0.000,0.995,50.020
2610170838,2026-10-09 12:30:00,238.220,237.180,237.790,0.000,0.110,0.030,0.033,0.000,0.025,0.008,0.003,0.000,0.001,0.001,1.000,50.060
2610170839,2026-10-09 12:30:00,237.050,237.520,237.900,0.020,0.010,0.010,0.008,0.004,0.001,0.002,-0.001,0.000,0.000,0.000,0.956,50.020
2610170840,2026-10-09 12:30:00,234.030,233.820,234.940,0.010,0.000,0.000,0.002,0.002,0.000,0.000,0.000,0.000,0.000,0.000,0.890,49.960
2610322967,2026-10-09 12:30:00,238.380,237.440,237.700,0.010,0.000,0.000,0.002,0.002,0.000,0.000,0.000,0.000,0.000,0.000,1.000,50.000
2610322969,2026-10-09 12:30:00,235.780,235.190,235.300,0.150,0.270,0.250,0.156,0.034,0.063,0.058,0.012,0.005,0.008,-0.001,0.996,50.000
2610322992,2026-10-09 12:30:00,229.500,230.140,230.710,2.570,3.050,2.790,1.772,0.525,0.648,0.598,0.710,0.249,0.225,0.233,0.928,50.030
2610322995,2026-10-09 12:30:00,237.200,237.670,238.000,0.000,0.000,0.000,0.000,0.000,0.000,0.000,0.000,0.000,0.000,0.000,1.000,50.010
2610322997,2026-10-09 12:30:00,231.550,231.670,231.040,1.140,1.300,0.980,0.712,0.247,0.252,0.202,0.289,0.052,0.144,0.091,0.925,50.020
2610323001,2026-10-09 12:30:00,229.530,228.950,228.930,3.250,2.630,2.830,1.792,0.660,0.535,0.579,0.828,0.287,0.268,0.273,0.906,50.010
2610323004,2026-10-09 12:30:00,64.380,63.900,64.330,0.650,0.670,0.610,0.097,0.033,0.032,0.031,0.037,0.011,0.013,0.012,0.939,49.990
2610323005,2026-10-09 12:30:00,235.380,235.820,235.360,0.080,0.000,0.000,0.020,0.018,0.001,0.000,-0.001,-0.001,0.000,0.000,1.000,50.010
2610323010,2026-10-09 12:30:00,235.130,234.220,234.180,0.050,0.000,0.060,0.023,0.010,0.000,0.012,0.001,-0.006,0.000,0.008,0.982,50.010
2610323016,2026-10-09 12:30:00,231.440,230.440,230.560,1.810,1.590,1.610,1.003,0.367,0.314,0.321,0.481,0.169,0.154,0.157,0.901,50.030
2610323017,2026-10-09 12:30:00,237.580,238.090,237.410,0.000,0.000,0.000,0.000,0.000,0.000,0.000,0.000,0.000,0.000,0.000,1.000,50.040
2610323019,2026-10-09 12:30:00,235.170,235.700,235.400,0.020,0.110,0.030,0.036,0.004,0.025,0.006,-0.005,-0.001,-0.002,-0.001,0.975,50.030
2610323027,2026-10-09 12:30:00,238.320,237.350,237.880,0.000,0.000,0.000,0.000,0.000,0.000,0.000,0.000,0.000,0.000,0.000,1.000,50.050
2410121457,2026-10-09 12:31:00,235.210,234.340,235.030,1.800,1.900,1.690,1.243,0.415,0.436,0.391,0.100,0.039,0.047,0.014,0.997,50.040
2411290205,2026-10-09 12:31:00,232.170,232.530,233.100,2.640,2.590,2.730,1.641,0.548,0.528,0.584,0.524,0.188,0.160,0.175,0.956,49.990
2510014482,2026-10-09 12:31:00,236.490,236.820,236.100,0.060,0.250,0.020,0.074,0.012,0.058,0.003,0.000,-0.002,0.004,-0.001,1.000,49.900
2610323014,2026-10-09 12:32:00,236.190,236.390,236.820,0.070,0.000,0.010,0.019,0.016,0.000,0.002,-0.003,-0.002,0.000,0.000,0.985,50.050
2246006313,2026-10-09 13:00:00,58.100,58.000,58.000,1.250,1.262,1.230,0.226,0.075,0.076,0.074,0.060,0.021,0.019,0.019,0.974,50.170
2410121326,2026-10-09 13:00:00,230.810,230.170,230.460,0.740,0.620,0.750,0.474,0.164,0.138,0.173,0.085,0.026,0.027,0.031,0.985,50.210
2410121353,2026-10-09 13:00:00,229.790,229.450,229.700,0.420,0.340,0.390,0.300,0.108,0.089,0.102,0.095,0.033,0.027,0.034,0.956,50.180
2410121371,2026-10-09 13:00:00,231.010,230.190,230.600,0.020,0.010,0.030,0.013,0.003,0.002,0.007,-0.003,0.000,-0.001,0.000,0.993,50.200
2410121424,2026-10-09 13:00:00,230.220,229.550,229.990,0.010,0.010,0.010,0.004,0.001,0.001,0.002,-0.002,-0.001,-0.001,0.000,0.779,50.190
2410121440,2026-10-09 13:00:00,230.790,230.120,230.540,0.010,0.010,0.010,0.005,0.002,0.000,0.001,-0.002,-0.001,-0.001,0.000,0.905,50.200
2410121454,2026-10-09 13:00:00,229.910,230.200,229.240,0.310,0.430,0.540,0.288,0.070,0.096,0.121,0.036,0.009,0.007,0.020,0.990,50.190
2410121574,2026-10-09 13:00:00,229.700,228.920,229.480,1.720,1.510,1.410,0.968,0.360,0.317,0.291,0.072,0.032,0.025,0.014,0.997,50.180
2410131378,2026-10-09 13:00:00,230.040,230.190,229.500,0.800,0.920,0.940,0.573,0.171,0.190,0.212,0.134,0.033,0.044,0.056,0.972,50.190
2410131383,2026-10-09 13:00:00,235.890,234.950,235.130,0.170,0.200,0.230,0.142,0.041,0.047,0.054,0.009,0.001,0.003,0.004,0.994,50.200
2410131384,2026-10-09 13:00:00,233.390,233.670,233.020,1.030,1.010,0.960,0.734,0.230,0.261,0.242,0.208,0.065,0.083,0.059,0.955,50.170
2410131387,2026-10-09 13:00:00,234.790,235.330,234.920,0.090,0.060,0.050,0.047,0.019,0.012,0.012,-0.003,-0.005,0.004,-0.001,0.990,50.180
2410320615,2026-10-09 13:00:00,232.130,232.570,232.880,3.560,3.280,3.560,2.252,0.766,0.709,0.770,0.758,0.236,0.290,0.231,0.947,50.160
2410883988,2026-10-09 13:00:00,231.080,231.430,230.840,0.500,0.510,0.570,0.334,0.105,0.106,0.121,0.144,0.046,0.048,0.048,0.918,50.190
2410883990,2026-10-09 13:00:00,231.400,230.650,230.850,0.080,0.000,0.170,0.056,0.017,0.000,0.038,0.005,0.002,0.000,0.003,1.000,50.170
2410883991,2026-10-09 13:00:00,233.170,233.650,234.050,0.110,0.110,0.260,0.111,0.026,0.025,0.059,-0.004,-0.001,0.000,-0.002,0.999,50.140
2410883993,2026-10-09 13:00:00,233.410,232.650,233.010,0.400,0.170,0.650,0.279,0.091,0.039,0.150,-0.001,0.000,-0.002,0.000,0.999,50.170
2410883994,2026-10-09 13:00:00,233.880,232.990,233.620,0.000,0.000,0.010,0.003,0.000,0.000,0.003,0.000,0.000,0.000,0.000,1.000,50.150
2410932742,2026-10-09 13:00:00,225.460,223.750,223.960,3.420,3.380,3.580,2.184,0.722,0.713,0.749,0.562,0.190,0.169,0.203,0.968,50.170
2411087432,2026-10-09 13:00:00,230.680,231.180,230.270,1.730,1.950,1.510,1.164,0.390,0.439,0.334,0.123,0.039,0.050,0.033,0.994,50.190
2411087433,2026-10-09 13:00:00,233.100,233.550,233.850,0.480,0.460,0.490,0.326,0.108,0.106,0.111,0.035,0.006,0.008,0.019,0.994,50.170
2411290205,2026-10-09 13:00:00,232.750,233.230,233.680,2.660,2.500,2.650,1.614,0.579,0.547,0.586,0.511,0.185,0.156,0.170,0.953,50.130
2510014481,2026-10-09 13:00:00,223.370,223.340,224.640,2.760,3.160,2.980,1.813,0.562,0.638,0.612,0.755,0.239,0.267,0.250,0.921,50.180
2510014482,2026-10-09 13:00:00,230.530,230.810,230.160,0.360,0.390,0.160,0.210,0.084,0.089,0.036,-0.014,-0.001,-0.005,-0.007,0.996,50.200
2510014483,2026-10-09 13:00:00,233.080,233.510,233.880,0.040,0.040,0.050,0.024,0.007,0.007,0.009,-0.018,-0.005,-0.005,-0.008,0.791,50.170
2510014484,2026-10-09 13:00:00,233.460,233.500,234.360,2.090,2.350,1.980,1.433,0.462,0.532,0.431,0.427,0.146,0.132,0.149,0.958,50.180
2510178139,2026-10-09 13:00:00,231.370,231.720,230.950,0.140,0.060,0.220,0.092,0.031,0.013,0.047,0.009,0.004,0.005,0.000,0.995,50.180
2510178141,2026-10-09 13:00:00,230.760,231.520,231.760,0.520,0.280,0.320,0.256,0.118,0.064,0.073,-0.001,0.015,-0.007,-0.009,0.998,50.170
2510203103,2026-10-09 13:00:00,221.930,220.310,220.770,0.330,0.290,0.270,0.134,0.037,0.045,0.050,0.116,0.043,0.040,0.032,0.748,50.160
2510203104,2026-10-09 13:00:00,227.470,227.700,228.010,0.580,0.680,0.610,0.409,0.138,0.136,0.134,0.062,0.007,0.022,0.032,0.989,50.170
2510203105,2026-10-09 13:00:00,231.260,229.490,230.150,0.590,0.680,0.570,0.413,0.130,0.156,0.127,0.121,0.042,0.042,0.037,0.949,50.170
2510203106,2026-10-09 13:00:00,235.020,235.010,235.800,0.010,0.010,0.000,0.005,0.001,0.003,0.000,-0.002,-0.002,0.000,0.000,0.908,50.170
2510203107,2026-10-09 13:00:00,221.940,221.560,222.570,2.220,2.310,2.120,1.359,0.455,0.468,0.435,0.443,0.135,0.165,0.142,0.950,50.170
2510203108,2026-10-09 13:00:00,231.140,231.290,230.500,0.700,1.060,1.210,0.614,0.130,0.218,0.257,0.061,0.015,0.018,0.027,0.996,50.160
2510203109,2026-10-09 13:00:00,233.260,233.710,232.860,0.220,0.290,0.420,0.212,0.049,0.067,0.096,-0.007,0.011,-0.006,-0.011,0.999,50.170
2510203111,2026-10-09 13:00:00,230.110,231.020,231.050,2.190,1.870,2.330,1.391,0.479,0.399,0.512,0.254,0.126,0.054,0.074,0.983,50.170
2510203113,2026-10-09 13:00:00,235.150,234.520,234.350,2.060,1.840,2.400,1.432,0.470,0.411,0.549,0.159,0.044,0.040,0.074,0.994,50.190
2510203114,2026-10-09 13:00:00,226.990,227.410,227.600,0.520,0.530,0.490,0.328,0.111,0.131,0.108,0.036,0.007,0.010,0.019,0.994,50.170
2510203117,2026-10-09 13:00:00,231.020,230.690,230.690,0.380,0.450,0.120,0.188,0.078,0.101,0.008,0.092,0.041,0.023,0.027,0.897,50.170
2510203120,2026-10-09 13:00:00,233.340,232.490,233.040,1.560,1.260,1.360,0.938,0.351,0.280,0.306,0.208,0.078,0.065,0.064,0.976,50.160
2510203121,2026-10-09 13:00:00,230.370,230.500,230.870,0.000,0.010,0.100,0.024,0.000,0.001,0.022,-0.008,0.000,-0.002,-0.005,0.947,50.170
2510203122,2026-10-09 13:00:00,230.660,231.160,230.260,0.630,0.300,0.430,0.252,0.121,0.057,0.073,0.177,0.073,0.038,0.066,0.817,50.190
2510203123,2026-10-09 13:00:00,230.350,231.100,231.190,0.980,1.460,1.390,0.815,0.236,0.316,0.262,0.316,0.118,0.072,0.121,0.951,50.170
2510203124,2026-10-09 13:00:00,230.700,230.530,230.030,0.960,0.980,0.970,0.595,0.198,0.198,0.198,0.198,0.062,0.069,0.066,0.948,50.180
2510203126,2026-10-09 13:00:00,230.140,230.360,230.800,0.570,0.500,0.510,0.332,0.121,0.104,0.106,0.142,0.047,0.045,0.048,0.918,50.200
2510203128,2026-10-09 13:00:00,233.440,233.640,232.250,1.610,1.490,1.550,1.054,0.366,0.336,0.350,0.074,0.012,0.021,0.040,0.997,50.160
2510203130,2026-10-09 13:00:00,242.010,242.310,243.750,0.020,0.000,0.060,0.020,0.005,0.000,0.015,0.001,0.000,0.000,0.001,0.979,50.180
2510203133,2026-10-09 13:00:00,231.240,231.630,230.750,0.470,0.390,0.320,0.219,0.093,0.072,0.051,0.153,0.052,0.051,0.049,0.818,50.140
2510203134,2026-10-09 13:00:00,234.400,233.450,233.880,0.020,0.010,0.010,0.007,0.004,0.002,0.001,-0.001,0.000,-0.001,0.000,0.966,50.180
2510224049,2026-10-09 13:00:00,230.400,230.610,229.920,0.240,1.220,8.280,2.100,0.050,0.160,1.890,-0.030,0.000,-0.120,0.090,1.000,50.180
2510224167,2026-10-09 13:00:00,230.450,230.500,231.030,1.560,0.120,0.360,0.330,0.250,0.010,0.050,-0.200,-0.130,-0.020,-0.050,0.846,50.180
2510317505,2026-10-09 13:00:00,230.610,230.710,231.200,0.090,0.030,2.190,0.270,0.010,0.000,0.250,-0.250,-0.010,0.000,-0.230,0.739,50.180
2510317516,2026-10-09 13:00:00,230.600,230.770,231.130,0.000,0.000,0.000,0.000,0.000,0.000,0.000,0.000,0.000,0.000,0.000,1.000,50.180
2510317537,2026-10-09 13:00:00,232.960,233.050,233.620,2.910,2.960,2.910,2.020,0.640,0.700,0.680,-0.310,-0.100,-0.100,-0.100,0.987,50.180
2510389559,2026-10-09 13:00:00,235.550,235.540,236.240,0.000,0.000,0.000,0.000,0.000,0.000,0.000,0.000,0.000,0.000,0.000,1.000,50.180
2510389643,2026-10-09 13:00:00,235.550,235.500,236.190,1.450,0.000,0.000,0.220,0.220,0.000,0.000,-0.030,-0.040,0.000,0.000,0.985,50.210
2510389931,2026-10-09 13:00:00,234.000,233.810,234.700,0.050,0.000,0.000,0.000,0.000,0.000,0.000,-0.010,-0.010,0.000,0.000,0.180,50.170
2510633381,2026-10-09 13:00:00,233.640,232.750,233.240,0.150,0.220,0.190,0.128,0.035,0.050,0.042,0.017,0.000,0.006,0.011,0.989,50.200
2510633382,2026-10-09 13:00:00,234.080,234.940,234.190,0.810,0.760,0.830,0.501,0.165,0.156,0.179,0.253,0.091,0.084,0.079,0.901,50.180
2510633383,2026-10-09 13:00:00,230.300,230.860,231.250,1.440,1.120,1.370,0.839,0.309,0.217,0.296,0.043,0.029,0.009,0.004,0.998,50.210
2510633385,2026-10-09 13:00:00,235.480,235.490,236.290,0.100,0.020,0.020,0.032,0.024,0.004,0.003,-0.004,-0.001,-0.001,-0.001,0.982,50.170
2510633386,2026-10-09 13:00:00,219.810,220.130,220.570,0.380,0.390,0.360,0.133,0.043,0.047,0.043,-0.208,-0.071,-0.070,-0.066,0.531,50.170
2510633387,2026-10-09 13:00:00,230.260,230.730,230.020,0.030,0.000,0.160,0.045,0.007,0.000,0.036,-0.006,-0.001,0.000,-0.004,0.988,50.150
2510633389,2026-10-09 13:00:00,234.340,233.540,233.490,1.210,1.210,1.210,0.823,0.283,0.263,0.276,0.300,0.096,0.096,0.107,0.934,50.160
2510633390,2026-10-09 13:00:00,233.050,233.410,232.550,0.190,0.240,0.280,0.188,0.058,0.054,0.075,0.027,0.006,0.011,0.008,0.989,50.170
2510633391,2026-10-09 13:00:00,121.130,120.970,121.030,0.310,0.290,0.460,0.147,0.042,0.036,0.062,-0.006,0.015,-0.015,-0.006,0.999,50.190
2510633393,2026-10-09 13:00:00,233.760,234.430,233.560,1.780,1.780,1.770,1.210,0.403,0.407,0.403,0.284,0.094,0.089,0.099,0.973,50.200
2510633395,2026-10-09 13:00:00,231.090,231.360,230.450,0.000,0.000,0.000,0.000,0.000,0.000,0.000,0.000,0.000,0.000,0.000,1.000,50.180
2510633396,2026-10-09 13:00:00,230.250,229.800,230.320,0.950,1.000,0.940,0.636,0.209,0.220,0.206,0.189,0.064,0.064,0.060,0.955,50.200
2510633399,2026-10-09 13:00:00,230.100,230.190,230.710,0.400,0.470,0.490,0.311,0.091,0.107,0.112,0.000,0.000,0.000,0.000,1.000,50.210
2510633400,2026-10-09 13:00:00,229.040,229.410,228.760,0.790,0.860,0.820,0.534,0.170,0.187,0.176,0.186,0.058,0.065,0.061,0.944,50.190
2510633402,2026-10-09 13:00:00,228.870,229.130,230.410,0.530,0.580,0.700,0.457,0.129,0.152,0.175,0.133,0.044,0.036,0.050,0.947,50.190
2510633406,2026-10-09 13:00:00,230.390,230.450,231.030,0.020,0.010,0.010,0.006,0.004,0.000,0.000,-0.004,-0.002,0.000,-0.001,0.760,50.170
2510633411,2026-10-09 13:00:00,227.330,226.560,226.600,2.340,2.250,2.310,1.454,0.497,0.474,0.482,0.569,0.182,0.184,0.198,0.930,50.200
2510814977,2026-10-09 13:00:00,226.110,227.290,225.750,0.020,0.010,0.010,0.006,0.003,0.001,0.001,-0.002,0.000,-0.001,-0.001,0.934,50.180
2610026950,2026-10-09 13:00:00,231.100,230.280,230.460,0.010,0.010,0.040,0.012,0.002,0.000,0.009,0.000,0.000,0.000,0.000,0.995,50.180
2610026952,2026-10-09 13:00:00,229.980,229.420,229.740,1.370,1.330,1.370,0.860,0.288,0.279,0.292,0.278,0.100,0.090,0.087,0.950,50.170
2610026953,2026-10-09 13:00:00,234.270,234.300,235.080,0.730,0.650,0.710,0.416,0.135,0.139,0.140,0.167,0.063,0.052,0.047,0.933,50.180
2610026963,2026-10-09 13:00:00,231.080,231.190,231.670,0.150,0.020,0.040,0.046,0.033,0.004,0.008,-0.016,-0.010,0.000,-0.005,0.944,50.190
2610026966,2026-10-09 13:00:00,231.570,231.890,231.170,0.960,0.730,1.100,0.625,0.217,0.156,0.247,0.051,0.032,0.013,0.005,0.997,50.180
2610026976,2026-10-09 13:00:00,230.450,230.600,230.950,1.170,1.530,2.030,1.081,0.268,0.346,0.466,-0.013,0.003,0.002,-0.019,0.999,50.200
2610026977,2026-10-09 13:00:00,243.180,243.380,242.570,0.140,0.140,0.140,0.074,0.024,0.024,0.025,0.070,0.023,0.023,0.024,0.724,50.200
2610126270,2026-10-09 13:00:00,230.800,231.170,230.680,0.060,0.050,0.020,0.027,0.012,0.012,0.003,-0.005,-0.002,-0.001,-0.001,0.988,50.180
2610126451,2026-10-09 13:00:00,231.390,231.590,230.920,0.000,0.000,0.110,0.026,0.000,0.000,0.025,0.002,0.000,0.000,0.002,0.987,50.170
2610159557,2026-10-09 13:00:00,233.810,232.930,233.390,0.020,0.030,0.030,0.016,0.004,0.006,0.005,-0.005,-0.002,-0.001,-0.001,0.946,50.170
2610159558,2026-10-09 13:00:00,232.830,233.300,233.700,0.010,0.010,0.020,0.011,0.003,0.002,0.005,0.000,0.000,0.000,0.000,1.000,50.180
2610170785,2026-10-09 13:00:00,233.740,232.850,233.400,0.050,0.000,0.000,0.010,0.010,0.000,0.000,0.000,0.000,0.000,0.000,0.978,50.170
2610170786,2026-10-09 13:00:00,233.270,233.780,234.230,0.000,0.000,0.000,0.000,0.000,0.000,0.000,0.000,0.000,0.000,0.000,1.000,50.170
2610170836,2026-10-09 13:00:00,230.060,230.540,230.550,0.540,0.670,0.610,0.624,0.159,0.135,0.245,0.198,0.062,0.062,0.073,0.957,50.180
2610170837,2026-10-09 13:00:00,227.660,226.070,226.450,0.000,0.000,0.020,0.004,0.000,0.000,0.004,0.000,0.000,0.000,0.000,0.968,50.180
2610170838,2026-10-09 13:00:00,233.770,232.690,233.370,0.000,0.110,0.030,0.033,0.000,0.025,0.007,0.003,0.000,0.001,0.001,0.990,50.180
2610170839,2026-10-09 13:00:00,232.860,233.360,233.790,0.020,0.010,0.020,0.012,0.004,0.002,0.004,-0.001,0.000,0.000,0.000,1.000,50.180
2610170840,2026-10-09 13:00:00,234.070,233.920,234.820,0.910,0.910,0.920,0.573,0.190,0.191,0.192,0.288,0.095,0.094,0.099,0.893,50.180
2610322967,2026-10-09 13:00:00,234.060,233.030,233.320,0.010,0.000,0.000,0.002,0.002,0.000,0.000,0.000,0.000,0.000,0.000,1.000,50.170
2610322969,2026-10-09 13:00:00,231.030,230.250,230.500,0.150,0.300,0.260,0.163,0.035,0.068,0.059,0.007,0.001,0.006,0.000,0.998,50.170
2610322992,2026-10-09 13:00:00,223.010,223.870,224.420,3.270,3.620,3.450,2.201,0.684,0.779,0.738,0.748,0.278,0.230,0.242,0.946,50.180
2610322995,2026-10-09 13:00:00,232.990,233.400,233.800,0.000,0.000,0.000,0.000,0.000,0.000,0.000,0.000,0.000,0.000,0.000,1.000,50.170
2610322997,2026-10-09 13:00:00,225.670,225.900,225.130,1.050,1.160,0.820,0.667,0.234,0.242,0.189,0.265,0.049,0.131,0.078,0.912,50.170
2610323001,2026-10-09 13:00:00,223.700,223.120,222.990,3.290,2.640,2.930,1.789,0.675,0.527,0.587,0.772,0.270,0.245,0.256,0.919,50.180
2610323004,2026-10-09 13:00:00,62.700,62.160,62.640,0.650,0.660,0.600,0.100,0.035,0.033,0.032,0.033,0.010,0.012,0.010,0.946,50.190
2610323005,2026-10-09 13:00:00,230.740,231.180,230.510,0.080,0.000,0.000,0.020,0.018,0.001,0.000,-0.001,-0.001,0.000,0.000,1.000,50.170
2610323010,2026-10-09 13:00:00,235.730,234.910,235.030,0.040,0.000,0.000,0.007,0.007,0.000,0.000,-0.006,-0.006,0.000,0.000,0.747,50.170
2610323016,2026-10-09 13:00:00,225.450,224.350,224.630,1.750,1.550,1.540,0.982,0.356,0.314,0.310,0.435,0.154,0.140,0.140,0.914,50.180
2610323017,2026-10-09 13:00:00,233.250,233.740,233.010,0.000,0.000,0.000,0.000,0.000,0.000,0.000,0.000,0.000,0.000,0.000,1.000,50.180
2610323019,2026-10-09 13:00:00,230.440,231.200,230.620,0.020,0.070,0.030,0.025,0.004,0.016,0.006,-0.005,-0.001,0.000,-0.002,0.964,50.180
2610323027,2026-10-09 13:00:00,233.930,232.900,233.510,0.000,0.000,0.000,0.000,0.000,0.000,0.000,0.000,0.000,0.000,0.000,1.000,50.170
2410121457,2026-10-09 13:01:00,227.580,226.720,227.450,1.920,1.990,1.760,1.241,0.429,0.428,0.383,0.343,0.121,0.125,0.097,0.963,50.200
2510203125,2026-10-09 13:01:00,235.110,235.810,235.070,0.030,0.030,0.100,0.029,0.003,0.003,0.022,-0.016,-0.006,-0.006,-0.004,0.868,50.180
2510203127,2026-10-09 13:01:00,228.690,229.020,228.500,0.540,0.620,0.730,0.417,0.123,0.136,0.157,0.040,0.006,0.015,0.018,0.995,50.190
2510633397,2026-10-09 13:01:00,238.880,237.820,238.240,0.070,0.070,0.070,0.048,0.016,0.016,0.017,-0.002,0.000,-0.002,0.000,0.995,50.190
2610323014,2026-10-09 13:01:00,230.130,230.220,230.640,0.060,0.000,0.010,0.017,0.014,0.000,0.002,-0.003,-0.002,0.000,0.000,0.966,50.180
2246006313,2026-10-09 13:30:00,57.900,57.800,57.700,1.386,1.420,1.364,0.233,0.077,0.079,0.075,0.056,0.020,0.018,0.017,0.971,50.040
2410121326,2026-10-09 13:30:00,234.750,234.080,234.310,0.790,0.830,0.970,0.584,0.176,0.187,0.221,0.166,0.056,0.055,0.054,0.958,50.010
2410121353,2026-10-09 13:30:00,235.680,235.090,235.150,0.620,0.530,0.500,0.363,0.133,0.120,0.109,0.108,0.033,0.030,0.044,0.957,50.000
2410121371,2026-10-09 13:30:00,236.170,235.410,235.660,0.030,0.060,0.040,0.030,0.007,0.014,0.008,-0.004,-0.002,-0.002,0.000,0.999,49.990
2410121424,2026-10-09 13:30:00,236.200,235.590,235.860,0.010,0.010,0.010,0.005,0.001,0.001,0.002,-0.002,-0.001,-0.001,0.000,0.904,49.960
2410121440,2026-10-09 13:30:00,235.810,235.170,235.470,0.010,0.010,0.010,0.005,0.002,0.000,0.001,-0.002,-0.001,-0.001,0.000,0.925,50.040
2410121454,2026-10-09 13:30:00,235.840,236.230,235.350,0.320,0.490,0.550,0.315,0.074,0.113,0.126,0.026,0.004,0.003,0.018,0.997,49.960
2410121457,2026-10-09 13:30:00,234.720,233.870,234.620,0.960,1.010,0.760,0.625,0.219,0.231,0.170,0.129,0.046,0.054,0.029,0.977,50.040
2410121574,2026-10-09 13:30:00,234.810,234.250,234.400,2.220,1.890,1.820,1.394,0.515,0.444,0.440,0.175,0.070,0.050,0.053,0.992,50.000
2410131378,2026-10-09 13:30:00,235.410,235.610,235.000,0.860,1.120,1.040,0.736,0.221,0.246,0.242,0.148,0.033,0.055,0.059,0.979,50.030
2410131384,2026-10-09 13:30:00,236.680,237.170,236.590,1.340,1.320,1.270,0.703,0.234,0.239,0.223,0.200,0.063,0.073,0.062,0.964,50.120
2410131387,2026-10-09 13:30:00,234.280,234.840,234.220,0.110,0.070,0.060,0.051,0.022,0.015,0.013,-0.008,-0.006,0.002,-0.003,0.991,49.920
2410883990,2026-10-09 13:30:00,230.670,230.000,230.130,0.080,0.000,0.100,0.040,0.017,0.000,0.023,0.005,0.002,0.000,0.003,0.996,50.020
2410883991,2026-10-09 13:30:00,236.900,237.190,237.790,0.110,0.110,0.220,0.106,0.026,0.026,0.053,0.000,0.000,0.002,-0.002,0.998,50.050
2410883993,2026-10-09 13:30:00,237.360,236.610,236.800,0.400,0.160,0.480,0.245,0.094,0.036,0.113,0.007,0.002,0.000,0.006,0.999,49.990
2410883994,2026-10-09 13:30:00,237.560,236.610,237.050,0.000,0.000,0.010,0.003,0.000,0.000,0.003,0.000,0.000,0.000,0.000,1.000,50.120
2410932742,2026-10-09 13:30:00,226.610,224.870,225.060,3.380,3.310,3.550,2.159,0.714,0.698,0.746,0.631,0.214,0.191,0.225,0.959,50.040
2411087432,2026-10-09 13:30:00,234.430,235.150,234.210,2.270,1.970,2.220,1.339,0.494,0.381,0.464,0.433,0.098,0.186,0.146,0.956,50.070
2411087433,2026-10-09 13:30:00,237.280,237.510,238.000,0.590,0.570,0.620,0.419,0.136,0.132,0.144,-0.032,-0.015,-0.017,0.000,0.996,49.990
2411290205,2026-10-09 13:30:00,230.270,230.700,231.090,3.740,3.690,3.770,2.431,0.809,0.829,0.841,0.839,0.284,0.268,0.286,0.949,50.060
2510014481,2026-10-09 13:30:00,224.390,224.370,225.480,3.350,3.620,3.640,2.035,0.627,0.671,0.699,0.897,0.282,0.312,0.301,0.919,49.990
2510014482,2026-10-09 13:30:00,234.540,235.000,234.210,0.810,0.340,0.250,0.308,0.176,0.076,0.055,-0.016,0.000,-0.007,-0.009,0.997,49.990
2510014483,2026-10-09 13:30:00,236.960,237.290,237.780,0.060,0.050,0.070,0.036,0.012,0.011,0.013,-0.019,-0.005,-0.005,-0.008,0.869,50.010
2510014484,2026-10-09 13:30:00,232.560,232.600,233.420,1.890,2.150,1.680,1.222,0.376,0.480,0.365,0.427,0.146,0.133,0.148,0.943,50.040
2510178139,2026-10-09 13:30:00,235.620,235.990,235.240,0.070,0.040,0.200,0.071,0.016,0.008,0.046,0.000,0.000,0.001,-0.003,1.000,49.990
2510178141,2026-10-09 13:30:00,234.690,235.300,235.710,0.780,0.440,0.630,0.370,0.157,0.102,0.111,0.006,0.020,-0.006,-0.007,0.999,50.040
2510203103,2026-10-09 13:30:00,223.140,221.380,221.810,0.300,0.270,0.260,0.019,0.027,-0.006,0.000,0.141,0.048,0.049,0.043,0.615,50.120
2510203104,2026-10-09 13:30:00,230.980,230.960,231.530,0.700,0.910,0.760,0.550,0.172,0.196,0.180,0.140,0.029,0.055,0.055,0.964,50.090
2510203106,2026-10-09 13:30:00,233.820,233.750,234.550,0.010,0.010,0.000,0.005,0.001,0.003,0.000,-0.002,-0.001,0.000,0.000,0.888,50.100
2510203107,2026-10-09 13:30:00,220.860,220.560,221.620,2.200,2.260,2.100,1.336,0.449,0.457,0.432,0.460,0.144,0.169,0.147,0.948,50.020
2510203108,2026-10-09 13:30:00,235.240,235.520,234.560,0.840,1.280,1.430,0.903,0.227,0.326,0.349,0.113,0.030,0.032,0.048,0.991,50.100
2510203109,2026-10-09 13:30:00,237.080,237.630,236.840,0.220,0.340,0.490,0.243,0.049,0.079,0.113,-0.003,0.013,-0.005,-0.011,0.998,49.990
2510203111,2026-10-09 13:30:00,233.880,234.770,234.960,2.230,1.800,2.300,1.437,0.501,0.410,0.525,0.283,0.138,0.061,0.084,0.980,50.120
2510203113,2026-10-09 13:30:00,234.120,233.220,233.210,2.010,2.040,2.500,1.488,0.457,0.460,0.570,0.150,0.035,0.049,0.065,0.994,50.070
2510203114,2026-10-09 13:30:00,230.560,230.770,231.230,0.700,0.810,0.680,0.548,0.184,0.204,0.159,0.103,0.027,0.038,0.037,0.978,50.050
2510203117,2026-10-09 13:30:00,230.530,229.910,230.000,0.240,0.270,0.130,0.100,0.034,0.057,0.008,0.096,0.043,0.024,0.029,0.723,50.070
2510203120,2026-10-09 13:30:00,237.210,236.320,236.670,1.510,1.270,1.380,0.948,0.346,0.286,0.315,0.209,0.073,0.070,0.065,0.976,50.090
2510203121,2026-10-09 13:30:00,229.840,229.910,230.520,0.000,0.010,0.100,0.025,0.000,0.001,0.022,-0.008,0.000,-0.002,-0.005,0.968,49.980
2510203122,2026-10-09 13:30:00,234.310,235.040,234.150,0.830,0.560,0.660,0.338,0.149,0.092,0.096,0.334,0.120,0.091,0.121,0.715,50.070
2510203124,2026-10-09 13:30:00,234.720,234.490,234.170,1.160,1.190,1.150,0.764,0.255,0.265,0.257,0.233,0.070,0.084,0.078,0.955,50.000
2510203125,2026-10-09 13:30:00,234.240,234.880,234.070,0.030,0.030,0.050,0.017,0.002,0.003,0.010,-0.016,-0.006,-0.005,-0.004,0.710,49.990
2510203126,2026-10-09 13:30:00,229.940,230.030,230.630,0.430,0.350,0.360,0.249,0.094,0.076,0.078,0.086,0.029,0.028,0.028,0.943,50.010
2510203127,2026-10-09 13:30:00,234.420,234.980,234.370,1.450,1.440,1.570,0.948,0.305,0.313,0.349,0.077,0.039,0.017,0.020,0.997,50.010
2510203128,2026-10-09 13:30:00,237.190,237.510,236.170,1.520,1.440,1.570,1.044,0.352,0.331,0.359,0.079,0.014,0.023,0.041,0.997,50.110
2510203133,2026-10-09 13:30:00,235.190,235.560,234.860,0.270,0.080,0.360,0.157,0.061,0.011,0.084,0.019,0.011,0.013,-0.004,0.990,50.130
2510203134,2026-10-09 13:30:00,238.230,237.230,237.550,0.020,0.010,0.010,0.007,0.004,0.002,0.001,-0.001,0.000,-0.001,0.000,0.983,50.040
2510224049,2026-10-09 13:30:00,229.710,230.060,229.470,0.240,1.200,8.240,2.090,0.050,0.160,1.870,-0.020,0.000,-0.120,0.100,0.999,50.020
2510224167,2026-10-09 13:30:00,229.780,229.820,230.360,1.570,0.120,0.360,0.330,0.250,0.010,0.050,-0.200,-0.130,-0.010,-0.050,0.847,50.050
2510317505,2026-10-09 13:30:00,229.950,229.990,230.580,0.090,0.030,2.210,0.270,0.010,0.000,0.250,-0.250,-0.010,0.000,-0.230,0.745,50.040
2510317516,2026-10-09 13:30:00,230.150,230.250,230.780,0.000,0.000,0.000,0.000,0.000,0.000,0.000,0.000,0.000,0.000,0.000,1.000,50.050
2510317537,2026-10-09 13:30:00,237.100,237.020,237.670,2.720,2.970,2.990,2.210,0.720,0.740,0.740,-0.350,-0.120,-0.110,-0.110,0.986,50.050
2510389559,2026-10-09 13:30:00,234.450,234.490,235.140,0.000,0.000,0.000,0.000,0.000,0.000,0.000,0.000,0.000,0.000,0.000,1.000,50.070
2510389643,2026-10-09 13:30:00,234.300,234.310,235.040,1.500,0.000,0.000,0.230,0.230,0.000,0.000,-0.040,-0.040,0.000,0.000,0.986,50.040
2510633381,2026-10-09 13:30:00,237.800,236.770,237.110,0.290,0.310,0.380,0.225,0.067,0.072,0.085,0.020,0.000,0.008,0.011,0.997,50.010
2510633382,2026-10-09 13:30:00,232.830,233.710,232.690,0.860,0.880,0.920,0.544,0.172,0.180,0.193,0.294,0.101,0.095,0.097,0.882,50.050
2510633385,2026-10-09 13:30:00,234.280,234.500,235.280,0.200,0.020,0.010,0.053,0.046,0.004,0.001,0.001,0.004,-0.001,-0.001,1.000,50.040
2510633386,2026-10-09 13:30:00,223.600,223.820,224.380,0.390,0.400,0.370,0.162,0.053,0.055,0.051,-0.208,-0.070,-0.071,-0.066,0.614,50.050
2510633387,2026-10-09 13:30:00,234.400,234.930,234.120,0.030,0.000,0.000,0.009,0.008,0.000,0.000,-0.001,-0.001,0.000,0.000,0.935,50.040
2510633389,2026-10-09 13:30:00,233.480,232.630,232.550,1.290,1.230,1.280,0.830,0.276,0.273,0.297,0.368,0.118,0.119,0.130,0.921,50.030
2510633390,2026-10-09 13:30:00,237.010,237.640,236.760,0.800,0.870,1.000,0.611,0.186,0.198,0.225,0.105,0.021,0.042,0.043,0.984,50.030
2510633391,2026-10-09 13:30:00,123.300,123.280,122.990,0.540,0.710,0.900,0.250,0.064,0.079,0.106,0.003,0.017,-0.024,0.010,1.000,50.010
2510633393,2026-10-09 13:30:00,232.490,233.190,232.350,1.780,1.750,1.750,1.173,0.394,0.390,0.386,0.270,0.091,0.085,0.094,0.974,50.040
2510633395,2026-10-09 13:30:00,235.300,235.520,234.710,0.000,0.000,0.000,0.000,0.000,0.000,0.000,0.000,0.000,0.000,0.000,1.000,49.990
2510633396,2026-10-09 13:30:00,234.370,234.090,234.390,1.310,1.290,1.270,0.886,0.302,0.299,0.296,0.224,0.081,0.077,0.065,0.970,50.010
2510633397,2026-10-09 13:30:00,243.700,242.650,243.060,0.110,0.180,0.210,0.122,0.026,0.044,0.051,0.006,0.002,0.000,0.004,1.000,50.020
2510633399,2026-10-09 13:30:00,229.390,229.400,230.110,0.400,0.480,0.500,0.316,0.092,0.110,0.114,0.004,0.002,0.001,0.000,1.000,50.000
2510633400,2026-10-09 13:30:00,227.770,228.250,227.520,1.120,1.190,1.140,0.689,0.222,0.240,0.226,0.292,0.091,0.104,0.096,0.926,50.010
2510633402,2026-10-09 13:30:00,226.410,226.490,227.670,0.970,1.090,1.260,0.754,0.220,0.248,0.285,0.254,0.082,0.078,0.094,0.939,50.050
2510633406,2026-10-09 13:30:00,229.610,229.610,230.360,0.020,0.010,0.010,0.006,0.004,0.000,0.000,-0.004,-0.002,0.000,-0.001,0.758,49.990
2510633411,2026-10-09 13:30:00,226.710,225.790,225.710,2.500,2.380,2.470,1.570,0.540,0.510,0.526,0.608,0.194,0.198,0.215,0.931,50.000
2510814977,2026-10-09 13:30:00,227.880,228.960,227.300,0.010,0.010,0.010,0.004,0.002,0.000,0.001,-0.002,0.000,-0.001,-0.001,0.933,49.990
2610026950,2026-10-09 13:30:00,230.350,229.460,229.700,0.010,0.000,0.040,0.014,0.002,0.001,0.010,0.000,0.000,0.000,0.000,1.000,49.990
2610026952,2026-10-09 13:30:00,234.670,234.020,234.220,1.200,1.150,1.130,0.742,0.251,0.241,0.250,0.174,0.062,0.059,0.053,0.973,50.000
2610026953,2026-10-09 13:30:00,233.380,233.260,234.120,0.710,0.710,0.740,0.481,0.156,0.154,0.182,0.179,0.068,0.056,0.054,0.938,49.980
2610026963,2026-10-09 13:30:00,235.570,235.550,236.010,0.070,0.040,0.030,0.022,0.012,0.008,0.001,-0.025,-0.011,-0.006,-0.007,0.634,50.010
2610026966,2026-10-09 13:30:00,232.790,232.920,232.170,0.770,0.550,1.070,0.547,0.166,0.133,0.248,0.055,0.038,0.010,0.007,0.994,50.000
2610026976,2026-10-09 13:30:00,235.050,234.620,235.380,1.190,1.390,1.770,0.989,0.256,0.320,0.412,0.028,-0.008,0.047,-0.010,0.999,50.010
2610026977,2026-10-09 13:30:00,244.370,244.350,243.620,0.140,0.140,0.140,0.074,0.024,0.024,0.024,0.072,0.023,0.023,0.024,0.713,50.000
2610126270,2026-10-09 13:30:00,230.090,230.600,230.050,0.020,0.060,0.010,0.020,0.004,0.013,0.002,-0.004,-0.001,0.000,-0.001,0.960,50.030
2610126451,2026-10-09 13:30:00,235.540,235.850,235.170,0.030,0.000,0.130,0.036,0.007,0.000,0.029,0.010,0.007,0.000,0.003,0.956,49.980
2610159557,2026-10-09 13:30:00,237.800,236.960,237.210,0.030,0.030,0.030,0.019,0.005,0.006,0.007,-0.006,-0.002,-0.001,-0.001,0.956,49.980
2610159558,2026-10-09 13:30:00,236.890,237.190,237.750,0.070,0.020,0.020,0.022,0.013,0.003,0.005,0.000,0.000,0.000,0.000,0.992,49.980
2610170785,2026-10-09 13:30:00,237.640,236.750,237.130,0.050,0.000,0.000,0.011,0.011,0.000,0.000,0.000,0.000,0.000,0.000,1.000,50.010
2610170786,2026-10-09 13:30:00,237.330,237.640,238.260,0.000,0.000,0.000,0.000,0.000,0.000,0.000,0.000,0.000,0.000,0.000,1.000,50.040
2610170836,2026-10-09 13:30:00,233.930,234.420,234.750,0.510,0.460,0.550,0.375,0.100,0.148,0.156,0.289,0.094,0.093,0.101,0.573,50.010
2610170837,2026-10-09 13:30:00,228.840,227.120,227.600,0.000,0.000,0.040,0.008,0.000,0.000,0.008,0.000,0.000,0.000,0.000,1.000,50.030
2610170838,2026-10-09 13:30:00,237.800,236.740,237.240,0.000,0.100,0.020,0.029,0.000,0.024,0.004,0.004,0.000,0.002,0.002,0.971,50.060
2610170839,2026-10-09 13:30:00,236.840,237.210,237.760,0.020,0.010,0.010,0.010,0.004,0.003,0.002,0.000,0.000,0.000,0.000,0.958,50.010
2610170840,2026-10-09 13:30:00,233.020,232.810,233.740,0.910,0.910,0.920,0.571,0.189,0.190,0.191,0.286,0.094,0.093,0.098,0.893,50.020
2610322967,2026-10-09 13:30:00,238.010,237.010,237.180,0.010,0.000,0.000,0.003,0.003,0.000,0.000,0.000,0.000,0.000,0.000,0.900,50.000
2610322969,2026-10-09 13:30:00,230.180,229.490,229.610,0.430,0.230,0.330,0.234,0.107,0.053,0.074,0.020,0.014,0.003,0.002,0.997,49.990
2610322992,2026-10-09 13:30:00,222.200,223.970,224.280,5.220,5.190,5.410,3.344,1.068,1.111,1.170,1.032,0.433,0.297,0.301,0.955,50.030
2610322995,2026-10-09 13:30:00,236.890,237.120,237.660,0.000,0.000,0.000,0.000,0.000,0.000,0.000,0.000,0.000,0.000,0.000,1.000,50.000
2610323001,2026-10-09 13:30:00,224.510,223.860,223.810,3.540,2.970,3.220,1.961,0.712,0.600,0.648,0.898,0.312,0.285,0.301,0.909,50.010
2610323005,2026-10-09 13:30:00,229.980,230.600,229.880,0.080,0.000,0.000,0.019,0.018,0.001,0.000,-0.001,-0.001,0.000,0.000,0.988,50.010
2610323010,2026-10-09 13:30:00,234.670,233.810,233.920,0.040,0.000,0.000,0.007,0.007,0.000,0.000,-0.005,-0.005,0.000,0.000,0.729,50.000
2610323014,2026-10-09 13:30:00,235.250,235.470,235.960,0.020,0.000,0.010,0.008,0.005,0.000,0.003,-0.002,-0.001,0.000,-0.001,0.972,50.020
2610323016,2026-10-09 13:30:00,225.850,224.810,225.100,2.480,2.260,2.300,1.425,0.506,0.457,0.461,0.646,0.222,0.210,0.213,0.911,50.030
2610323017,2026-10-09 13:30:00,237.160,237.760,237.030,0.000,0.000,0.000,0.000,0.000,0.000,0.000,0.000,0.000,0.000,0.000,1.000,50.040
2610323019,2026-10-09 13:30:00,229.850,230.690,230.020,0.060,0.070,0.030,0.035,0.013,0.016,0.005,-0.006,-0.003,0.000,-0.002,0.993,50.040
2610323027,2026-10-09 13:30:00,237.960,236.970,237.370,0.000,0.000,0.000,0.000,0.000,0.000,0.000,0.000,0.000,0.000,0.000,1.000,50.040
2410131383,2026-10-09 13:31:00,234.870,233.960,234.130,0.170,0.200,0.240,0.142,0.039,0.047,0.055,0.009,0.001,0.003,0.005,0.996,49.920
2410883988,2026-10-09 13:31:00,229.980,230.560,229.850,0.360,0.360,0.430,0.250,0.076,0.078,0.095,0.087,0.028,0.028,0.029,0.943,50.010
2510203105,2026-10-09 13:31:00,228.080,226.210,226.810,1.520,1.550,1.480,1.001,0.333,0.340,0.327,0.270,0.094,0.093,0.083,0.965,49.980
2510203123,2026-10-09 13:31:00,234.720,235.370,235.570,0.740,1.040,0.980,0.929,0.231,0.315,0.354,0.171,0.065,0.019,0.086,0.983,50.040
2510203130,2026-10-09 13:31:00,239.210,239.490,240.960,0.020,0.000,0.060,0.020,0.005,0.000,0.015,0.001,0.000,0.000,0.001,0.981,49.920
2510389931,2026-10-09 13:31:00,233.640,233.490,234.420,0.050,0.000,0.000,0.000,0.000,0.000,0.000,-0.010,-0.010,0.000,0.000,0.191,50.010
2510633383,2026-10-09 13:31:00,235.050,235.530,235.960,1.380,1.020,1.310,0.832,0.309,0.225,0.297,0.019,0.024,0.000,-0.003,1.000,49.940
2610322997,2026-10-09 13:31:00,226.530,227.260,226.050,0.810,0.900,0.740,0.501,0.174,0.177,0.149,0.221,0.052,0.102,0.067,0.915,49.910
2410320615,2026-10-09 13:32:00,230.440,230.820,231.270,4.440,4.030,4.190,2.769,0.968,0.854,0.932,0.858,0.269,0.327,0.261,0.955,49.990
2610323004,2026-10-09 13:32:00,63.100,62.550,63.030,2.360,2.340,2.400,0.390,0.130,0.144,0.149,0.089,0.031,0.028,0.029,0.979,49.970
2246006313,2026-10-09 14:00:00,58.300,58.200,58.200,1.392,1.415,1.382,0.236,0.078,0.079,0.077,0.059,0.020,0.019,0.018,0.969,50.130
2410121326,2026-10-09 14:00:00,233.560,233.010,233.440,0.680,0.680,0.720,0.466,0.147,0.152,0.166,0.122,0.049,0.040,0.032,0.965,50.090
2410121353,2026-10-09 14:00:00,233.450,232.780,232.980,0.930,0.830,0.820,0.568,0.206,0.182,0.183,0.130,0.043,0.040,0.047,0.974,50.150
2410121371,2026-10-09 14:00:00,234.510,233.610,233.930,0.060,0.080,0.040,0.040,0.013,0.018,0.008,-0.004,-0.001,-0.002,0.000,1.000,50.080
2410121424,2026-10-09 14:00:00,234.090,233.420,233.770,0.010,0.010,0.010,0.005,0.001,0.001,0.002,-0.002,-0.001,-0.001,0.000,0.883,50.110
2410121440,2026-10-09 14:00:00,234.260,233.510,233.770,0.010,0.010,0.010,0.005,0.002,0.000,0.001,-0.002,-0.001,-0.001,0.000,0.920,50.090
2410121454,2026-10-09 14:00:00,233.740,234.170,233.120,0.360,0.480,0.630,0.333,0.088,0.113,0.141,0.045,0.010,0.010,0.024,0.992,50.100
2410121457,2026-10-09 14:00:00,233.520,232.610,233.250,0.900,1.110,0.850,0.641,0.203,0.248,0.189,0.132,0.041,0.059,0.030,0.978,50.090
2410121574,2026-10-09 14:00:00,233.030,232.320,232.630,2.110,1.810,1.750,1.300,0.487,0.410,0.402,0.148,0.060,0.045,0.042,0.993,50.150
2410131378,2026-10-09 14:00:00,233.610,233.900,233.160,0.980,1.100,1.070,0.695,0.207,0.252,0.235,0.178,0.047,0.061,0.069,0.968,50.100
2410131383,2026-10-09 14:00:00,237.330,236.600,236.780,0.170,0.200,0.250,0.147,0.040,0.047,0.058,0.009,0.000,0.003,0.005,0.998,50.090
2410131384,2026-10-09 14:00:00,235.060,235.490,234.800,1.030,1.200,1.150,0.597,0.196,0.209,0.191,0.133,0.043,0.049,0.038,0.982,50.130
2410131387,2026-10-09 14:00:00,236.730,237.120,236.740,0.090,0.070,0.060,0.049,0.021,0.015,0.013,-0.008,-0.006,0.002,-0.003,0.982,50.040
2410320615,2026-10-09 14:00:00,232.830,233.130,233.650,4.460,4.010,4.400,2.828,0.983,0.887,0.957,0.907,0.287,0.342,0.276,0.952,50.110
2410883988,2026-10-09 14:00:00,232.070,232.410,231.880,0.400,0.410,0.480,0.277,0.086,0.087,0.103,0.096,0.031,0.032,0.032,0.932,50.130
2410883990,2026-10-09 14:00:00,232.300,231.660,231.820,0.090,0.060,0.010,0.032,0.021,0.008,0.002,0.010,0.001,0.009,0.000,0.947,50.120
2410883991,2026-10-09 14:00:00,234.900,235.280,235.740,0.120,0.120,0.340,0.143,0.027,0.027,0.076,0.011,-0.001,0.004,0.008,0.993,50.120
2410883993,2026-10-09 14:00:00,235.440,234.160,234.850,0.750,0.950,1.060,0.631,0.167,0.211,0.242,0.051,0.002,0.038,0.010,0.996,50.140
2410883994,2026-10-09 14:00:00,235.590,234.590,235.150,0.000,0.000,0.020,0.003,0.000,0.000,0.003,0.000,0.000,0.000,0.000,0.974,50.140
2411087432,2026-10-09 14:00:00,233.320,233.640,233.000,1.330,1.640,1.820,1.117,0.304,0.404,0.408,0.235,0.022,0.135,0.077,0.981,50.110
2411087433,2026-10-09 14:00:00,235.380,235.770,236.120,0.590,0.600,0.650,0.412,0.132,0.133,0.146,-0.032,-0.015,-0.017,0.000,0.996,50.140
2411290205,2026-10-09 14:00:00,229.070,229.510,229.660,3.840,3.770,3.920,2.385,0.793,0.781,0.811,0.833,0.285,0.261,0.286,0.954,50.130
2510014481,2026-10-09 14:00:00,221.620,221.540,222.940,3.140,3.460,3.270,1.972,0.643,0.675,0.685,0.805,0.259,0.281,0.263,0.925,50.140
2510014483,2026-10-09 14:00:00,234.760,235.170,235.650,0.070,0.060,0.070,0.042,0.015,0.012,0.014,-0.020,-0.006,-0.005,-0.008,0.902,50.120
2510014484,2026-10-09 14:00:00,234.810,234.870,235.500,1.900,2.170,1.780,1.324,0.432,0.492,0.399,0.433,0.149,0.136,0.149,0.948,50.110
2510178139,2026-10-09 14:00:00,233.990,234.250,233.530,0.080,0.030,0.220,0.075,0.019,0.007,0.049,0.000,0.002,0.001,-0.003,0.994,50.130
2510178141,2026-10-09 14:00:00,233.510,234.120,234.300,0.740,0.320,0.430,0.329,0.155,0.074,0.099,0.016,0.025,-0.004,-0.004,0.998,50.110
2510203103,2026-10-09 14:00:00,220.780,219.150,219.680,0.200,0.200,0.180,-0.006,0.042,0.009,-0.005,0.106,0.041,0.038,0.026,0.151,50.120
2510203104,2026-10-09 14:00:00,228.690,228.810,229.190,0.830,0.990,0.840,0.560,0.187,0.202,0.170,0.208,0.054,0.075,0.079,0.937,50.140
2510203106,2026-10-09 14:00:00,236.430,236.360,237.020,0.010,0.010,0.000,0.005,0.001,0.003,0.000,-0.002,-0.002,0.000,0.000,0.904,50.140
2510203107,2026-10-09 14:00:00,223.110,222.940,223.640,1.840,1.890,1.750,1.119,0.376,0.383,0.359,0.402,0.126,0.148,0.127,0.941,50.090
2510203108,2026-10-09 14:00:00,233.100,233.430,232.690,1.690,1.850,1.930,1.269,0.396,0.428,0.447,0.210,0.070,0.059,0.079,0.987,50.090
2510203109,2026-10-09 14:00:00,235.110,235.630,234.750,0.220,0.330,0.470,0.236,0.049,0.077,0.109,-0.007,0.012,-0.007,-0.012,0.998,50.140
2510203111,2026-10-09 14:00:00,232.700,233.600,233.490,2.440,2.030,2.490,1.508,0.518,0.428,0.540,0.280,0.133,0.061,0.085,0.984,50.130
2510203113,2026-10-09 14:00:00,236.040,235.570,235.260,2.250,2.020,2.650,1.578,0.520,0.440,0.606,0.160,0.041,0.042,0.076,0.994,50.140
2510203114,2026-10-09 14:00:00,228.460,228.810,229.230,0.890,0.980,0.890,0.571,0.185,0.212,0.180,0.177,0.050,0.062,0.064,0.957,50.130
2510203117,2026-10-09 14:00:00,231.860,231.260,231.340,0.160,0.440,0.200,0.154,0.019,0.098,0.035,0.087,0.032,0.025,0.029,0.874,50.120
2510203121,2026-10-09 14:00:00,231.920,232.030,232.450,0.000,0.010,0.110,0.027,0.001,0.001,0.024,-0.008,0.000,-0.002,-0.005,0.969,50.140
2510203122,2026-10-09 14:00:00,233.220,233.640,232.970,0.870,0.610,0.540,0.339,0.160,0.128,0.076,0.316,0.120,0.092,0.103,0.729,50.140
2510203123,2026-10-09 14:00:00,232.620,233.370,233.420,1.430,1.650,1.570,0.608,0.162,0.342,0.354,0.419,0.144,0.113,0.160,0.859,50.140
2510203124,2026-10-09 14:00:00,233.240,233.000,232.610,1.220,1.220,1.180,0.763,0.255,0.257,0.250,0.219,0.065,0.079,0.074,0.961,50.110
2510203125,2026-10-09 14:00:00,236.770,237.260,236.720,0.030,0.030,0.050,0.017,0.002,0.003,0.010,-0.016,-0.006,-0.006,-0.004,0.715,50.130
2510203126,2026-10-09 14:00:00,231.870,231.960,232.340,0.480,0.400,0.410,0.276,0.103,0.085,0.087,0.107,0.036,0.035,0.036,0.931,50.090
2510203127,2026-10-09 14:00:00,232.930,233.320,232.710,0.650,0.650,0.810,0.488,0.147,0.152,0.187,0.049,0.010,0.021,0.017,0.994,50.090
2510203128,2026-10-09 14:00:00,235.020,235.370,233.920,1.510,1.440,1.510,1.016,0.349,0.328,0.340,0.072,0.013,0.019,0.039,0.997,50.100
2510203130,2026-10-09 14:00:00,236.420,236.700,238.060,0.000,0.020,0.050,0.020,0.000,0.008,0.011,0.003,0.000,0.001,0.001,0.999,50.120
2510203133,2026-10-09 14:00:00,233.280,233.720,233.070,0.200,0.100,0.410,0.157,0.044,0.017,0.096,0.028,0.013,0.015,0.000,0.982,50.090
2510203134,2026-10-09 14:00:00,236.150,235.130,235.510,0.020,0.010,0.010,0.007,0.004,0.002,0.001,-0.001,0.000,-0.001,0.000,0.975,50.130
2510224049,2026-10-09 14:00:00,231.320,231.740,231.050,0.110,1.230,8.220,2.050,0.010,0.150,1.880,0.000,0.010,-0.120,0.100,1.000,50.130
2510224167,2026-10-09 14:00:00,231.270,231.260,231.860,0.760,0.120,0.360,0.170,0.100,0.010,0.050,-0.150,-0.080,-0.020,-0.050,0.748,50.120
2510317505,2026-10-09 14:00:00,231.770,231.820,232.310,0.090,0.030,2.190,0.270,0.010,0.000,0.250,-0.250,-0.010,0.000,-0.230,0.738,50.120
2510317516,2026-10-09 14:00:00,231.620,231.690,232.150,0.000,0.000,0.000,0.000,0.000,0.000,0.000,0.000,0.000,0.000,0.000,1.000,50.110
2510317537,2026-10-09 14:00:00,234.240,234.670,235.290,2.420,2.460,2.520,1.670,0.550,0.530,0.530,-0.270,-0.080,-0.080,-0.090,0.985,50.110
2510389559,2026-10-09 14:00:00,236.580,236.720,237.110,0.000,0.000,0.000,0.000,0.000,0.000,0.000,0.000,0.000,0.000,0.000,1.000,50.120
2510389643,2026-10-09 14:00:00,236.680,236.760,237.220,1.320,0.000,0.000,0.170,0.170,0.000,0.000,-0.040,-0.040,0.000,0.000,0.967,50.120
2510389931,2026-10-09 14:00:00,236.400,236.240,236.970,0.050,0.000,0.000,0.000,0.000,0.000,0.000,-0.010,-0.010,0.000,0.000,0.191,50.120
2510633381,2026-10-09 14:00:00,235.540,234.520,234.980,0.350,0.320,0.360,0.254,0.087,0.079,0.087,0.044,0.007,0.017,0.019,0.985,50.100
2510633382,2026-10-09 14:00:00,235.150,235.780,235.210,0.910,0.910,0.980,0.613,0.202,0.193,0.217,0.335,0.121,0.111,0.102,0.864,50.080
2510633383,2026-10-09 14:00:00,233.080,233.750,233.960,1.420,1.080,1.360,0.860,0.316,0.238,0.305,0.019,0.023,0.000,-0.003,0.999,50.100
2510633385,2026-10-09 14:00:00,236.940,237.130,237.510,0.190,0.020,0.130,0.078,0.043,0.004,0.030,0.008,0.003,-0.001,0.006,0.990,50.090
2510633386,2026-10-09 14:00:00,221.930,222.190,222.710,0.420,0.410,0.380,0.157,0.054,0.052,0.049,-0.216,-0.073,-0.073,-0.068,0.594,50.090
2510633387,2026-10-09 14:00:00,233.340,233.670,233.030,0.040,0.000,0.000,0.009,0.008,0.000,0.000,-0.002,-0.001,0.000,0.000,0.993,50.090
2510633389,2026-10-09 14:00:00,235.660,235.030,234.970,1.530,1.560,1.620,1.040,0.352,0.341,0.346,0.351,0.113,0.113,0.124,0.946,50.090
2510633390,2026-10-09 14:00:00,234.770,235.370,234.550,0.720,0.650,0.840,0.468,0.147,0.141,0.178,0.116,0.034,0.042,0.040,0.972,50.080
2510633391,2026-10-09 14:00:00,122.630,122.610,122.500,0.520,0.510,0.740,0.185,0.053,0.056,0.076,0.001,0.012,-0.012,0.002,0.998,50.080
2510633393,2026-10-09 14:00:00,234.970,235.500,234.970,1.780,1.770,1.760,1.204,0.402,0.400,0.401,0.293,0.101,0.091,0.101,0.970,50.080
2510633396,2026-10-09 14:00:00,232.840,232.500,233.000,1.320,1.300,1.270,0.858,0.289,0.286,0.282,0.203,0.073,0.070,0.058,0.973,50.100
2510633397,2026-10-09 14:00:00,241.800,240.700,241.180,0.090,0.180,0.250,0.124,0.022,0.040,0.060,0.007,0.002,0.000,0.004,0.996,50.080
2510633399,2026-10-09 14:00:00,231.400,231.390,231.940,0.350,0.450,0.490,0.295,0.080,0.103,0.112,0.002,0.000,0.001,0.001,1.000,50.080
2510633400,2026-10-09 14:00:00,230.030,230.400,229.820,1.140,1.270,1.140,0.735,0.238,0.255,0.242,0.306,0.095,0.109,0.102,0.916,50.080
2510633402,2026-10-09 14:00:00,224.370,224.400,225.600,0.790,0.940,1.060,0.612,0.170,0.208,0.233,0.193,0.062,0.059,0.071,0.954,50.090
2510633406,2026-10-09 14:00:00,231.700,231.650,232.220,0.010,0.010,0.010,0.003,0.001,0.000,0.000,-0.003,-0.001,0.000,-0.001,0.704,50.140
2510633411,2026-10-09 14:00:00,228.810,228.010,227.940,2.480,2.380,2.440,1.511,0.518,0.492,0.501,0.614,0.196,0.201,0.217,0.928,50.090
2510814977,2026-10-09 14:00:00,224.630,225.810,224.280,0.010,0.020,0.010,0.007,0.002,0.003,0.001,-0.002,0.000,-0.001,-0.001,0.934,50.140
2610026950,2026-10-09 14:00:00,232.360,231.670,231.700,0.020,0.010,0.050,0.016,0.004,0.001,0.010,0.000,0.000,0.000,0.000,1.000,50.130
2610026952,2026-10-09 14:00:00,232.910,232.330,232.510,1.150,1.160,1.170,0.774,0.262,0.252,0.259,0.349,0.119,0.119,0.110,0.921,50.080
2610026953,2026-10-09 14:00:00,235.670,235.840,236.380,0.800,0.770,0.780,0.487,0.153,0.164,0.168,0.184,0.069,0.060,0.055,0.939,50.140
2610026963,2026-10-09 14:00:00,233.950,234.060,234.480,0.100,0.030,0.040,0.013,0.014,0.000,0.000,-0.029,-0.013,-0.007,-0.008,0.403,50.110
2610026966,2026-10-09 14:00:00,231.270,231.600,230.740,0.840,0.530,1.080,0.543,0.188,0.110,0.243,0.050,0.033,0.010,0.007,0.996,50.090
2610026976,2026-10-09 14:00:00,232.230,231.720,232.580,1.560,2.200,2.290,1.582,0.420,0.569,0.593,0.403,0.115,0.171,0.116,0.954,50.110
2610026977,2026-10-09 14:00:00,242.940,243.080,242.350,0.140,0.140,0.140,0.074,0.024,0.024,0.024,0.070,0.023,0.023,0.024,0.720,50.090
2610126270,2026-10-09 14:00:00,231.790,232.180,231.720,0.020,0.050,0.020,0.019,0.004,0.012,0.003,-0.005,-0.002,-0.001,-0.001,0.949,50.120
2610126451,2026-10-09 14:00:00,234.240,234.430,233.900,0.030,0.040,0.130,0.052,0.011,0.010,0.030,0.011,0.006,0.003,0.001,0.984,50.140
2610159557,2026-10-09 14:00:00,235.840,234.920,235.330,0.020,0.030,0.030,0.018,0.004,0.006,0.007,-0.006,-0.003,-0.001,-0.001,0.942,50.130
2610159558,2026-10-09 14:00:00,234.910,235.360,235.810,0.010,0.010,0.010,0.008,0.003,0.001,0.003,0.001,0.000,0.000,0.000,0.986,50.130
2610170785,2026-10-09 14:00:00,235.660,234.710,235.310,0.050,0.010,0.010,0.013,0.011,0.002,0.000,0.002,0.000,0.001,0.000,1.000,50.120
2610170786,2026-10-09 14:00:00,234.920,235.340,235.890,0.350,0.330,0.350,0.232,0.078,0.074,0.079,0.062,0.020,0.019,0.022,0.967,50.120
2610170836,2026-10-09 14:00:00,233.080,233.600,233.770,0.490,0.380,0.560,0.161,0.054,0.038,0.068,0.123,0.041,0.037,0.044,0.907,50.130
2610170837,2026-10-09 14:00:00,226.010,224.370,224.660,0.030,0.010,0.050,0.017,0.003,0.003,0.010,0.010,0.004,0.000,0.006,0.825,50.120
2610170838,2026-10-09 14:00:00,235.580,234.440,235.040,0.000,0.070,0.020,0.020,0.000,0.016,0.003,0.001,0.000,0.001,0.000,1.000,50.120
2610170839,2026-10-09 14:00:00,234.590,235.010,235.540,0.030,0.020,0.060,0.022,0.005,0.003,0.012,0.007,0.001,0.002,0.003,0.961,50.120
2610170840,2026-10-09 14:00:00,236.510,236.270,237.040,0.020,0.000,0.000,0.005,0.004,0.000,0.000,-0.001,-0.001,0.000,0.000,1.000,50.120
2610322967,2026-10-09 14:00:00,236.200,235.160,235.400,0.010,0.000,0.000,0.002,0.002,0.000,0.000,0.000,0.000,0.000,0.000,1.000,50.130
2610322969,2026-10-09 14:00:00,232.140,231.540,231.650,0.390,0.330,0.340,0.243,0.081,0.082,0.077,0.024,0.003,0.006,0.013,0.995,50.130
2610322992,2026-10-09 14:00:00,220.710,221.820,222.480,3.660,3.890,3.840,2.432,0.758,0.843,0.830,0.911,0.363,0.272,0.272,0.931,50.120
2610322995,2026-10-09 14:00:00,234.920,235.330,235.700,0.000,0.000,0.000,0.000,0.000,0.000,0.000,0.000,0.000,0.000,0.000,1.000,50.120
2610322997,2026-10-09 14:00:00,223.890,224.090,223.090,1.220,1.410,1.050,0.773,0.269,0.288,0.215,0.292,0.047,0.143,0.100,0.936,50.120
2610323001,2026-10-09 14:00:00,221.470,220.640,220.500,3.790,3.310,3.580,2.099,0.740,0.647,0.710,0.924,0.317,0.299,0.307,0.916,50.130
2610323004,2026-10-09 14:00:00,62.320,61.730,62.230,3.870,3.840,3.960,0.702,0.233,0.230,0.238,0.154,0.054,0.047,0.050,0.975,50.130
2610323005,2026-10-09 14:00:00,231.690,232.270,231.660,0.120,0.000,0.010,0.029,0.026,0.001,0.001,-0.001,-0.001,0.000,0.000,1.000,50.120
2610323010,2026-10-09 14:00:00,237.040,236.470,236.500,0.040,0.000,0.000,0.007,0.007,0.000,0.000,-0.005,-0.005,0.000,0.000,0.808,50.130
2610323016,2026-10-09 14:00:00,222.980,222.030,222.110,2.790,2.530,2.540,1.637,0.587,0.524,0.525,0.666,0.226,0.217,0.219,0.925,50.120
2610323017,2026-10-09 14:00:00,234.970,235.670,234.450,0.000,0.000,0.000,0.000,0.000,0.000,0.000,0.000,0.000,0.000,0.000,1.000,50.120
2610323019,2026-10-09 14:00:00,231.510,232.320,231.760,0.020,0.120,0.030,0.038,0.004,0.027,0.006,-0.008,-0.001,-0.004,-0.002,0.977,50.120
2610323027,2026-10-09 14:00:00,235.660,234.570,235.100,0.000,0.000,0.000,0.000,0.000,0.000,0.000,0.000,0.000,0.000,0.000,1.000,50.110
2410932742,2026-10-09 14:01:00,223.720,222.010,222.160,3.380,3.330,3.550,2.142,0.708,0.695,0.738,0.606,0.202,0.185,0.218,0.962,50.090
2510203120,2026-10-09 14:01:00,234.970,234.020,234.560,1.640,1.360,1.390,0.988,0.371,0.304,0.312,0.225,0.084,0.071,0.069,0.974,50.090
2610323014,2026-10-09 14:01:00,233.730,233.920,234.440,0.020,0.000,0.010,0.006,0.003,0.000,0.002,-0.002,-0.001,0.000,0.000,0.929,50.070
2510203105,2026-10-09 14:02:00,225.760,224.120,224.580,1.670,1.650,1.510,1.030,0.376,0.330,0.323,0.165,0.054,0.054,0.050,0.977,49.980
2510633395,2026-10-09 14:02:00,233.740,233.960,233.070,0.000,0.000,0.000,0.000,0.000,0.000,0.000,0.000,0.000,0.000,0.000,1.000,50.010
2510014482,2026-10-09 14:03:00,232.530,232.770,232.120,0.750,0.480,0.330,0.353,0.166,0.110,0.077,-0.031,-0.009,-0.006,-0.014,0.997,49.980
2246006313,2026-10-09 14:30:00,57.700,57.700,57.600,1.426,1.443,1.383,0.235,0.078,0.079,0.077,0.058,0.020,0.019,0.018,0.970,49.970
2410121326,2026-10-09 14:30:00,232.230,231.340,231.750,0.740,0.840,0.850,0.537,0.159,0.185,0.191,0.160,0.055,0.055,0.049,0.958,49.940
2410121353,2026-10-09 14:30:00,232.120,231.320,231.660,0.990,0.860,0.870,0.593,0.217,0.186,0.189,0.140,0.047,0.045,0.047,0.972,49.930
2410121371,2026-10-09 14:30:00,233.370,232.410,232.750,0.040,0.060,0.040,0.031,0.008,0.014,0.008,-0.004,-0.001,-0.002,0.000,0.983,49.950
2410121424,2026-10-09 14:30:00,232.580,231.730,232.130,0.010,0.010,0.010,0.005,0.001,0.001,0.002,-0.002,-0.001,-0.001,0.000,0.879,49.870
2410121440,2026-10-09 14:30:00,233.060,232.340,232.620,0.010,0.010,0.010,0.005,0.002,0.000,0.001,-0.002,-0.001,-0.001,0.000,0.913,49.950
2410121454,2026-10-09 14:30:00,232.080,232.500,231.420,0.340,0.460,0.580,0.310,0.074,0.105,0.130,0.041,0.009,0.008,0.023,0.991,49.870
2410121457,2026-10-09 14:30:00,230.800,229.760,230.510,1.890,2.080,1.800,1.238,0.405,0.438,0.394,0.408,0.141,0.148,0.118,0.950,49.950
2410131378,2026-10-09 14:30:00,232.040,232.380,231.500,0.950,1.150,1.130,0.769,0.230,0.280,0.258,0.178,0.042,0.066,0.069,0.969,49.940
2410131383,2026-10-09 14:30:00,236.070,235.410,235.570,0.160,0.170,0.240,0.133,0.036,0.040,0.056,0.005,0.001,0.000,0.003,0.999,49.940
2410131384,2026-10-09 14:30:00,233.640,234.180,233.380,0.870,1.160,1.160,0.690,0.216,0.233,0.240,0.122,0.034,0.054,0.037,0.981,49.930
2410131387,2026-10-09 14:30:00,235.560,235.900,235.450,0.100,0.070,0.060,0.050,0.022,0.015,0.012,-0.010,-0.007,0.001,-0.004,0.973,49.850
2410320615,2026-10-09 14:30:00,231.340,231.480,232.100,4.810,4.370,4.730,3.036,1.057,0.947,1.058,0.941,0.293,0.359,0.288,0.955,49.930
2410883988,2026-10-09 14:30:00,230.010,230.500,229.860,0.250,0.260,0.330,0.190,0.056,0.058,0.075,0.037,0.013,0.011,0.013,0.980,49.920
2410883990,2026-10-09 14:30:00,230.110,229.440,229.560,0.090,0.050,0.050,0.036,0.020,0.008,0.006,0.011,0.001,0.008,0.002,0.958,49.920
2410883991,2026-10-09 14:30:00,233.300,233.630,234.310,0.060,0.210,0.240,0.119,0.014,0.048,0.056,0.008,0.000,0.010,-0.001,0.995,49.950
2410883993,2026-10-09 14:30:00,233.420,232.400,232.670,1.650,1.730,2.160,1.172,0.367,0.367,0.437,0.179,0.057,0.064,0.052,0.990,49.930
2410883994,2026-10-09 14:30:00,234.170,233.170,233.680,0.000,0.000,0.010,0.003,0.000,0.000,0.003,0.000,0.000,0.000,0.000,0.883,49.980
2410932742,2026-10-09 14:30:00,228.100,226.450,226.600,3.320,3.280,3.490,2.142,0.708,0.697,0.736,0.609,0.204,0.191,0.222,0.960,49.980
2411087432,2026-10-09 14:30:00,231.050,231.810,230.840,2.510,1.980,1.930,1.374,0.558,0.413,0.406,0.427,0.126,0.162,0.138,0.955,49.910
2411087433,2026-10-09 14:30:00,233.930,234.190,234.720,0.710,0.720,0.750,0.501,0.166,0.159,0.175,-0.022,-0.011,-0.014,0.003,0.998,49.930
2510014481,2026-10-09 14:30:00,226.130,226.070,227.270,3.200,3.570,3.600,2.070,0.639,0.680,0.666,0.885,0.277,0.314,0.292,0.917,49.930
2510014482,2026-10-09 14:30:00,231.760,232.210,231.380,0.800,0.530,0.400,0.389,0.176,0.118,0.086,-0.037,-0.010,-0.009,-0.016,0.994,49.960
2510014483,2026-10-09 14:30:00,233.650,233.960,234.510,0.060,0.050,0.060,0.033,0.012,0.010,0.011,-0.020,-0.006,-0.005,-0.008,0.840,49.920
2510014484,2026-10-09 14:30:00,233.940,234.020,234.630,2.200,2.340,1.890,1.394,0.453,0.520,0.420,0.434,0.148,0.136,0.149,0.955,49.910
2510178139,2026-10-09 14:30:00,232.770,233.210,232.340,0.080,0.040,0.200,0.072,0.018,0.008,0.045,0.000,0.002,0.001,-0.003,1.000,49.940
2510203103,2026-10-09 14:30:00,224.480,222.920,223.320,0.350,0.260,0.300,0.184,0.083,0.053,0.047,0.150,0.053,0.049,0.041,0.826,49.930
2510203104,2026-10-09 14:30:00,227.580,227.650,228.280,0.610,0.770,0.670,0.461,0.144,0.177,0.139,0.154,0.037,0.058,0.058,0.942,49.920
2510203105,2026-10-09 14:30:00,230.030,228.330,228.970,1.630,1.670,1.640,1.101,0.363,0.369,0.361,0.279,0.094,0.097,0.086,0.969,49.940
2510203106,2026-10-09 14:30:00,235.460,235.500,235.990,0.010,0.010,0.000,0.005,0.001,0.003,0.000,-0.002,-0.001,0.000,0.000,0.904,49.930
2510203107,2026-10-09 14:30:00,222.440,222.200,222.890,1.730,1.790,1.640,1.058,0.355,0.363,0.338,0.357,0.112,0.132,0.112,0.947,49.920
2510203108,2026-10-09 14:30:00,231.630,231.920,231.070,1.770,2.260,2.050,1.394,0.418,0.515,0.460,0.190,0.074,0.054,0.072,0.989,49.950
2510203109,2026-10-09 14:30:00,233.820,234.380,233.490,0.270,0.300,0.460,0.239,0.061,0.070,0.107,-0.005,0.011,-0.005,-0.011,0.998,49.940
2510203111,2026-10-09 14:30:00,230.680,231.420,231.620,3.750,3.460,3.880,2.500,0.850,0.774,0.875,0.585,0.229,0.166,0.189,0.971,49.930
2510203113,2026-10-09 14:30:00,235.230,234.750,234.620,2.190,1.970,2.580,1.540,0.502,0.447,0.594,0.178,0.045,0.053,0.079,0.993,49.920
2510203114,2026-10-09 14:30:00,227.580,227.830,228.260,0.390,0.450,0.440,0.273,0.083,0.096,0.096,0.103,0.028,0.036,0.038,0.932,49.940
2510203117,2026-10-09 14:30:00,229.820,229.080,229.180,0.150,0.430,0.160,0.137,0.014,0.094,0.027,0.084,0.031,0.025,0.028,0.837,49.970
2510203120,2026-10-09 14:30:00,233.720,232.810,233.260,1.400,1.060,1.060,0.798,0.319,0.239,0.240,0.147,0.059,0.045,0.043,0.983,49.950
2510203121,2026-10-09 14:30:00,229.360,229.350,229.960,0.180,0.180,0.290,0.145,0.039,0.040,0.065,0.009,0.006,0.002,0.000,0.996,49.930
2510203122,2026-10-09 14:30:00,231.330,232.040,231.170,0.700,0.640,0.690,0.341,0.123,0.111,0.106,0.310,0.100,0.096,0.117,0.737,49.920
2510203125,2026-10-09 14:30:00,235.810,236.150,235.540,0.100,0.030,0.060,0.042,0.024,0.003,0.013,-0.015,-0.004,-0.005,-0.004,0.920,49.930
2510203126,2026-10-09 14:30:00,229.640,229.540,230.200,0.330,0.250,0.260,0.190,0.075,0.056,0.058,0.037,0.012,0.013,0.011,0.980,49.950
2510203127,2026-10-09 14:30:00,231.900,232.370,231.510,0.650,0.600,0.780,0.438,0.135,0.131,0.171,0.080,0.042,0.016,0.021,0.984,49.950
2510203128,2026-10-09 14:30:00,233.630,234.030,232.660,1.540,1.450,1.520,1.031,0.357,0.329,0.344,0.075,0.014,0.023,0.038,0.997,49.940
2510203130,2026-10-09 14:30:00,241.490,241.810,243.090,0.000,0.030,0.050,0.018,0.000,0.006,0.034,0.000,0.000,0.001,0.000,1.000,49.950
2510203134,2026-10-09 14:30:00,234.710,233.630,233.940,0.020,0.010,0.010,0.007,0.004,0.002,0.001,-0.001,0.000,-0.001,0.000,0.967,49.980
2510224049,2026-10-09 14:30:00,229.100,229.650,228.890,0.110,1.210,8.220,2.030,0.010,0.160,1.860,0.000,0.010,-0.120,0.100,1.000,49.920
2510224167,2026-10-09 14:30:00,229.180,229.090,229.880,0.750,0.120,0.360,0.170,0.090,0.010,0.050,-0.150,-0.070,-0.010,-0.050,0.748,49.910
2510317505,2026-10-09 14:30:00,229.300,229.340,229.940,0.090,0.030,2.220,0.270,0.010,0.000,0.250,-0.250,-0.010,0.000,-0.230,0.739,49.920
2510317516,2026-10-09 14:30:00,229.630,229.590,230.230,0.000,0.000,0.000,0.000,0.000,0.000,0.000,0.000,0.000,0.000,0.000,1.000,49.920
2510317537,2026-10-09 14:30:00,232.720,232.830,233.750,2.750,2.470,2.910,1.740,0.590,0.550,0.580,-0.310,-0.100,-0.100,-0.100,0.987,49.910
2510389559,2026-10-09 14:30:00,235.810,235.840,236.190,0.000,0.000,0.000,0.000,0.000,0.000,0.000,0.000,0.000,0.000,0.000,1.000,49.900
2510389643,2026-10-09 14:30:00,235.800,235.830,236.130,0.090,0.000,0.000,0.010,0.010,0.000,0.000,-0.010,-0.010,0.000,0.000,0.590,49.910
2510389931,2026-10-09 14:30:00,233.920,233.780,234.480,0.050,0.000,0.000,0.000,0.000,0.000,0.000,-0.010,-0.010,0.000,0.000,0.205,49.930
2510633381,2026-10-09 14:30:00,234.270,233.280,233.670,0.390,0.360,0.370,0.235,0.084,0.074,0.075,0.037,0.009,0.012,0.015,0.991,49.950
2510633382,2026-10-09 14:30:00,234.160,234.870,234.190,0.790,0.800,0.860,0.507,0.158,0.165,0.183,0.302,0.103,0.097,0.100,0.866,49.950
2510633383,2026-10-09 14:30:00,231.780,232.520,232.910,1.400,1.000,1.400,0.860,0.310,0.236,0.312,0.010,0.022,-0.003,-0.008,0.999,49.960
2510633385,2026-10-09 14:30:00,235.930,235.980,236.520,0.080,0.020,0.020,0.024,0.016,0.004,0.003,-0.008,-0.005,-0.001,-0.001,0.950,49.950
2510633386,2026-10-09 14:30:00,220.800,221.020,221.620,0.400,0.390,0.370,0.150,0.052,0.051,0.047,-0.205,-0.070,-0.069,-0.065,0.587,49.950
2510633387,2026-10-09 14:30:00,231.220,232.210,231.330,0.030,0.000,0.160,0.045,0.008,0.000,0.036,-0.005,0.000,0.000,-0.003,1.000,49.950
2510633389,2026-10-09 14:30:00,234.450,233.780,233.640,1.940,1.910,1.940,1.222,0.411,0.406,0.404,0.374,0.119,0.119,0.135,0.959,49.950
2510633390,2026-10-09 14:30:00,233.980,234.590,233.680,1.070,1.110,1.250,0.770,0.238,0.254,0.278,0.094,0.021,0.037,0.034,0.993,49.950
2510633391,2026-10-09 14:30:00,121.950,121.720,121.570,0.510,0.700,0.850,0.245,0.061,0.080,0.103,0.010,0.016,-0.020,0.015,0.999,49.940
2510633393,2026-10-09 14:30:00,233.680,234.170,233.770,1.980,1.980,1.980,1.322,0.435,0.441,0.434,0.299,0.101,0.095,0.102,0.974,49.950
2510633395,2026-10-09 14:30:00,232.410,232.700,231.710,0.000,0.000,0.000,0.000,0.000,0.000,0.000,0.000,0.000,0.000,0.000,1.000,49.950
2510633396,2026-10-09 14:30:00,231.780,231.170,231.760,1.270,1.280,1.260,0.819,0.275,0.274,0.269,0.196,0.071,0.068,0.056,0.974,49.960
2510633397,2026-10-09 14:30:00,240.660,239.470,239.870,0.110,0.220,0.260,0.139,0.026,0.052,0.060,0.007,0.003,0.000,0.004,0.998,49.940
2510633399,2026-10-09 14:30:00,228.980,228.890,229.630,0.410,0.500,0.490,0.317,0.092,0.114,0.110,0.005,0.002,0.001,0.001,1.000,49.950
2510633400,2026-10-09 14:30:00,227.700,228.120,227.490,1.020,1.100,1.040,0.674,0.217,0.235,0.221,0.286,0.090,0.101,0.095,0.920,49.930
2510633402,2026-10-09 14:30:00,228.790,229.080,230.210,0.890,1.060,1.140,0.687,0.197,0.235,0.241,0.176,0.055,0.052,0.068,0.968,49.950
2510633406,2026-10-09 14:30:00,229.390,229.290,230.030,0.010,0.010,0.010,0.003,0.001,0.000,0.000,-0.003,-0.001,0.000,-0.001,0.683,49.920
2510633411,2026-10-09 14:30:00,226.370,225.510,225.310,2.530,2.450,2.520,1.547,0.528,0.503,0.515,0.609,0.193,0.198,0.215,0.930,49.940
2510814977,2026-10-09 14:30:00,229.510,230.620,229.060,0.010,0.020,0.010,0.007,0.002,0.003,0.001,-0.001,0.000,-0.001,-0.001,0.945,49.930
2610026950,2026-10-09 14:30:00,229.950,229.170,229.250,0.020,0.010,0.040,0.013,0.003,0.001,0.009,0.000,0.000,0.000,0.000,1.000,49.920
2610026952,2026-10-09 14:30:00,231.760,230.960,231.260,1.400,1.360,1.380,0.905,0.306,0.298,0.303,0.215,0.074,0.073,0.067,0.972,49.930
2610026953,2026-10-09 14:30:00,234.500,234.460,234.940,0.640,0.650,0.690,0.436,0.149,0.147,0.151,0.174,0.065,0.055,0.052,0.927,49.930
2610026963,2026-10-09 14:30:00,232.500,232.710,233.300,0.170,0.020,0.030,0.031,0.037,-0.002,-0.004,-0.024,-0.012,-0.004,-0.006,0.787,49.950
2610026966,2026-10-09 14:30:00,229.800,230.500,229.930,0.930,0.680,0.780,0.525,0.196,0.150,0.178,0.058,0.039,0.013,0.007,0.994,49.950
2610026977,2026-10-09 14:30:00,241.410,241.740,241.000,0.140,0.140,0.140,0.073,0.024,0.024,0.024,0.069,0.022,0.023,0.024,0.721,49.940
2610126270,2026-10-09 14:30:00,229.470,230.060,229.470,0.020,0.050,0.020,0.019,0.004,0.011,0.003,-0.005,-0.002,-0.001,-0.001,0.965,49.930
2610126451,2026-10-09 14:30:00,232.440,232.770,231.990,0.010,0.060,0.090,0.034,0.003,0.009,0.020,0.011,0.000,0.004,0.006,0.964,49.930
2610159557,2026-10-09 14:30:00,234.490,233.570,233.870,0.030,0.040,0.040,0.021,0.005,0.008,0.007,0.005,0.001,0.002,0.002,0.965,49.930
2610159558,2026-10-09 14:30:00,233.450,233.870,234.380,0.070,0.030,0.030,0.028,0.013,0.007,0.007,0.002,0.000,0.000,0.001,0.983,49.930
2610170785,2026-10-09 14:30:00,234.370,233.450,233.850,0.030,0.010,0.030,0.011,0.007,0.001,0.006,0.001,0.001,0.000,0.000,1.000,49.930
2610170786,2026-10-09 14:30:00,233.550,233.870,234.490,0.390,0.450,0.380,0.555,0.215,0.129,0.152,0.054,0.019,0.015,0.018,0.982,49.910
2610170836,2026-10-09 14:30:00,231.380,232.050,232.340,0.470,0.290,0.440,0.267,0.110,0.056,0.100,0.125,0.044,0.036,0.044,0.775,49.930
2610170837,2026-10-09 14:30:00,230.530,228.860,229.360,0.030,0.000,0.050,0.014,0.003,0.000,0.011,0.006,0.005,0.000,0.000,0.904,49.920
2610170838,2026-10-09 14:30:00,234.370,233.130,233.720,0.040,0.120,0.040,0.071,0.009,0.026,0.015,0.011,0.000,0.010,0.001,0.957,49.900
2610170839,2026-10-09 14:30:00,233.490,233.830,234.450,0.020,0.010,0.090,0.026,0.004,0.002,0.022,0.000,0.000,0.000,0.000,0.997,49.930
2610170840,2026-10-09 14:30:00,234.230,234.090,234.740,1.360,0.870,0.870,0.535,0.176,0.179,0.179,0.282,0.094,0.092,0.096,0.883,49.920
2610322967,2026-10-09 14:30:00,235.000,233.910,234.040,0.010,0.000,0.000,0.006,0.003,0.000,0.003,0.000,0.000,0.000,0.000,0.946,49.930
2610322969,2026-10-09 14:30:00,229.830,229.060,229.180,0.350,0.480,0.400,0.314,0.091,0.120,0.103,0.212,0.071,0.073,0.067,0.950,49.940
2610322992,2026-10-09 14:30:00,225.060,226.200,226.650,3.770,4.020,4.000,2.311,0.721,0.797,0.792,0.947,0.352,0.292,0.303,0.929,49.920
2610322995,2026-10-09 14:30:00,233.680,233.840,234.390,0.000,0.000,0.000,0.000,0.000,0.000,0.000,0.000,0.000,0.000,0.000,1.000,49.930
2610322997,2026-10-09 14:30:00,228.550,228.680,227.890,1.230,1.370,0.950,0.685,0.253,0.249,0.182,0.294,0.055,0.148,0.094,0.921,49.930
2610323001,2026-10-09 14:30:00,225.740,225.000,224.970,3.910,3.440,3.670,2.302,0.815,0.707,0.762,1.008,0.347,0.324,0.336,0.914,49.920
2610323004,2026-10-09 14:30:00,63.630,63.080,63.560,1.110,1.090,1.170,0.211,0.069,0.068,0.073,0.018,0.008,0.003,0.005,0.997,49.930
2610323005,2026-10-09 14:30:00,229.520,230.140,229.530,0.080,0.030,0.000,0.023,0.018,0.005,0.000,0.000,-0.001,0.002,0.000,0.994,49.940
2610323010,2026-10-09 14:30:00,236.010,235.270,235.350,0.040,0.000,0.000,0.006,0.006,0.000,0.000,-0.005,-0.005,0.000,0.000,0.732,49.930
2610323014,2026-10-09 14:30:00,231.640,231.920,232.410,0.020,0.000,0.010,0.006,0.003,0.000,0.002,-0.002,-0.001,0.000,0.000,0.975,49.920
2610323016,2026-10-09 14:30:00,227.400,226.360,226.650,2.720,2.470,2.490,1.583,0.565,0.507,0.510,0.670,0.230,0.217,0.223,0.920,49.920
2610323017,2026-10-09 14:30:00,232.960,233.830,232.730,0.000,0.000,0.000,0.000,0.000,0.000,0.000,0.000,0.000,0.000,0.000,1.000,49.910
2610323027,2026-10-09 14:30:00,234.580,233.520,233.930,0.000,0.000,0.000,0.000,0.000,0.000,0.000,0.000,0.000,0.000,0.000,1.000,49.920
2410121574,2026-10-09 14:31:00,231.980,231.080,231.510,1.560,1.330,1.240,0.882,0.336,0.283,0.262,0.069,0.030,0.025,0.013,0.997,49.880
2411290205,2026-10-09 14:31:00,232.010,232.370,232.570,3.630,3.620,3.670,2.649,0.873,0.885,0.890,0.827,0.281,0.264,0.281,0.943,49.950
2510178141,2026-10-09 14:31:00,231.430,232.160,232.480,0.770,0.350,0.390,0.329,0.160,0.080,0.088,0.010,0.023,-0.005,-0.006,0.998,49.900
2510203123,2026-10-09 14:31:00,230.430,231.330,231.550,1.650,2.160,1.890,1.366,0.476,0.488,0.401,0.451,0.161,0.119,0.172,0.950,49.920
2510203124,2026-10-09 14:31:00,231.650,231.430,230.920,1.080,1.110,1.060,0.724,0.242,0.245,0.236,0.204,0.060,0.074,0.068,0.961,49.880
2510203133,2026-10-09 14:31:00,231.420,231.960,231.230,0.290,0.230,0.470,0.211,0.061,0.041,0.107,0.078,0.028,0.032,0.017,0.938,49.970
2610026976,2026-10-09 14:31:00,230.660,230.670,231.440,1.370,1.630,2.930,0.906,0.261,0.310,0.334,0.434,0.141,0.168,0.105,0.968,49.920
2610323019,2026-10-09 14:31:00,229.230,230.100,229.450,0.020,0.080,0.030,0.029,0.003,0.018,0.006,-0.004,-0.001,-0.001,-0.001,0.983,49.930
2246006313,2026-10-09 15:00:00,58.400,58.300,58.200,1.348,1.349,1.306,0.226,0.074,0.075,0.073,0.053,0.018,0.017,0.017,0.974,50.000
2410121326,2026-10-09 15:00:00,237.010,236.330,236.580,0.650,0.790,0.800,0.517,0.151,0.181,0.184,0.094,0.023,0.032,0.037,0.983,49.890
2410121353,2026-10-09 15:00:00,237.200,236.570,236.630,0.760,0.680,0.650,0.463,0.171,0.148,0.144,0.114,0.033,0.028,0.050,0.971,50.120
2410121371,2026-10-09 15:00:00,237.640,236.680,236.940,0.100,0.070,0.090,0.055,0.022,0.015,0.018,0.028,0.009,0.008,0.010,0.897,50.000
2410121424,2026-10-09 15:00:00,237.830,237.020,237.420,0.010,0.010,0.010,0.004,0.000,0.001,0.002,-0.003,-0.001,-0.001,0.000,0.900,50.130
2410121440,2026-10-09 15:00:00,237.350,236.570,236.830,0.010,0.010,0.010,0.005,0.002,0.000,0.001,-0.002,-0.001,-0.001,0.000,0.843,49.990
2410121454,2026-10-09 15:00:00,237.370,237.690,236.620,0.340,0.480,0.560,0.315,0.075,0.112,0.128,0.044,0.009,0.009,0.025,0.989,50.130
2410121457,2026-10-09 15:00:00,235.370,234.520,235.110,1.930,1.960,1.770,1.249,0.425,0.429,0.393,0.409,0.143,0.148,0.117,0.949,49.970
2410121574,2026-10-09 15:00:00,236.700,235.940,236.260,1.660,1.320,1.340,0.987,0.379,0.301,0.306,0.129,0.052,0.041,0.035,0.991,50.130
2410131378,2026-10-09 15:00:00,236.650,236.880,236.110,1.190,1.240,1.360,0.810,0.252,0.267,0.263,0.204,0.050,0.074,0.079,0.972,50.040
2410131383,2026-10-09 15:00:00,239.220,238.510,238.690,0.160,0.180,0.220,0.131,0.037,0.042,0.051,0.006,0.001,0.000,0.004,0.999,49.930
2410131384,2026-10-09 15:00:00,238.040,238.420,237.790,0.920,1.010,1.090,0.649,0.202,0.218,0.241,0.140,0.038,0.059,0.043,0.977,49.970
2410131387,2026-10-09 15:00:00,238.780,239.080,238.700,0.130,0.110,0.090,0.080,0.032,0.026,0.022,-0.003,-0.005,0.003,-0.002,0.999,50.080
2410320615,2026-10-09 15:00:00,233.740,233.960,234.580,4.720,4.290,4.530,3.045,1.071,0.932,1.004,0.973,0.310,0.365,0.297,0.952,49.960
2410883988,2026-10-09 15:00:00,232.330,232.880,232.290,0.390,0.400,0.470,0.275,0.085,0.086,0.103,0.098,0.032,0.032,0.033,0.941,49.980
2410883990,2026-10-09 15:00:00,232.540,231.860,231.960,0.090,0.060,0.150,0.051,0.019,0.009,0.022,0.036,0.001,0.008,0.026,0.816,49.970
2410883991,2026-10-09 15:00:00,237.720,238.020,238.610,0.120,0.270,0.250,0.158,0.032,0.064,0.062,0.016,0.004,0.013,0.002,1.000,50.030
2410883993,2026-10-09 15:00:00,238.320,237.190,237.840,1.140,1.130,1.280,0.799,0.252,0.253,0.292,0.109,0.028,0.063,0.017,0.990,49.950
2410883994,2026-10-09 15:00:00,238.410,237.490,237.990,0.000,0.000,0.010,0.003,0.000,0.000,0.003,0.000,0.000,0.000,0.000,1.000,50.020
2410932742,2026-10-09 15:00:00,229.960,228.050,228.230,3.380,3.280,3.520,2.170,0.725,0.696,0.748,0.647,0.222,0.202,0.225,0.957,50.010
2411087432,2026-10-09 15:00:00,235.960,236.570,235.630,2.040,1.850,1.870,1.293,0.469,0.406,0.417,0.233,0.039,0.106,0.087,0.983,49.980
2411087433,2026-10-09 15:00:00,238.560,238.890,239.310,0.630,0.630,0.610,0.427,0.142,0.140,0.144,-0.027,-0.013,-0.015,0.000,0.997,49.940
2411290205,2026-10-09 15:00:00,234.170,234.620,234.720,3.560,3.500,3.550,2.435,0.813,0.832,0.835,0.939,0.319,0.299,0.320,0.923,50.030
2510014481,2026-10-09 15:00:00,228.480,228.370,229.700,3.060,3.330,3.520,1.966,0.593,0.661,0.711,0.843,0.258,0.301,0.278,0.929,49.940
2510014482,2026-10-09 15:00:00,236.550,237.160,236.350,0.610,0.440,0.300,0.255,0.103,0.092,0.058,-0.030,-0.012,-0.008,-0.009,0.992,49.940
2510014483,2026-10-09 15:00:00,238.030,238.290,238.810,0.070,0.060,0.070,0.042,0.015,0.012,0.014,-0.020,-0.006,-0.005,-0.008,0.905,49.960
2510014484,2026-10-09 15:00:00,236.170,236.300,236.910,1.870,2.180,1.820,1.302,0.390,0.509,0.402,0.449,0.153,0.142,0.154,0.944,49.980
2510178139,2026-10-09 15:00:00,237.360,237.810,237.030,0.080,0.030,0.180,0.067,0.018,0.007,0.041,0.000,0.001,0.002,-0.003,1.000,49.920
2510178141,2026-10-09 15:00:00,236.130,236.650,237.130,0.700,0.370,0.410,0.322,0.140,0.084,0.093,0.013,0.023,-0.003,-0.006,0.998,49.980
2510203103,2026-10-09 15:00:00,226.740,225.020,225.680,0.320,0.110,0.210,0.103,0.046,0.043,0.052,0.129,0.046,0.048,0.034,0.973,49.970
2510203104,2026-10-09 15:00:00,231.860,232.040,232.450,0.560,0.610,0.580,0.371,0.120,0.131,0.120,0.147,0.037,0.049,0.060,0.931,49.990
2510203105,2026-10-09 15:00:00,233.830,232.000,232.530,1.150,1.090,1.150,0.796,0.271,0.253,0.270,0.075,0.028,0.024,0.020,0.995,49.920
2510203106,2026-10-09 15:00:00,237.950,237.940,238.470,0.010,0.010,0.000,0.005,0.001,0.003,0.000,-0.002,-0.002,0.000,0.000,0.922,49.980
2510203107,2026-10-09 15:00:00,224.340,224.060,224.880,1.980,2.040,1.860,1.204,0.407,0.414,0.382,0.447,0.141,0.167,0.139,0.937,49.970
2510203108,2026-10-09 15:00:00,235.690,236.270,235.310,1.360,1.330,1.870,1.036,0.307,0.314,0.437,0.187,0.072,0.042,0.072,0.982,49.970
2510203109,2026-10-09 15:00:00,238.370,238.870,238.090,0.210,0.290,0.460,0.224,0.048,0.069,0.107,-0.003,0.013,-0.005,-0.012,0.999,49.910
2510203111,2026-10-09 15:00:00,235.170,236.000,236.220,2.360,1.990,2.400,1.473,0.512,0.431,0.529,0.304,0.137,0.073,0.092,0.979,49.980
2510203113,2026-10-09 15:00:00,237.500,236.880,236.860,1.960,1.980,2.420,1.466,0.454,0.451,0.560,0.181,0.046,0.057,0.077,0.992,49.980
2510203114,2026-10-09 15:00:00,231.950,232.250,232.620,0.520,0.480,0.500,0.324,0.115,0.103,0.105,0.120,0.037,0.036,0.046,0.937,49.900
2510203117,2026-10-09 15:00:00,232.200,231.400,231.470,0.150,0.430,0.190,0.142,0.014,0.094,0.033,0.086,0.030,0.027,0.028,0.856,49.990
2510203121,2026-10-09 15:00:00,232.050,232.030,232.690,0.200,0.210,0.320,0.167,0.046,0.047,0.074,0.013,0.008,0.003,0.001,0.999,49.930
2510203122,2026-10-09 15:00:00,235.890,236.530,235.550,0.650,0.490,0.610,0.279,0.108,0.085,0.085,0.289,0.101,0.075,0.113,0.704,49.990
2510203123,2026-10-09 15:00:00,235.090,235.840,236.250,1.820,2.290,1.120,1.449,0.488,0.562,0.398,0.347,0.126,0.126,0.174,0.937,49.990
2510203124,2026-10-09 15:00:00,236.520,236.260,235.940,1.090,1.120,1.080,0.729,0.243,0.247,0.239,0.218,0.065,0.079,0.074,0.957,49.890
2510203125,2026-10-09 15:00:00,238.060,238.580,238.060,0.030,0.040,0.060,0.026,0.003,0.010,0.013,-0.014,-0.006,-0.004,-0.004,0.857,49.940
2510203126,2026-10-09 15:00:00,232.130,232.110,232.730,0.460,0.390,0.400,0.273,0.102,0.084,0.086,0.096,0.032,0.032,0.031,0.944,49.890
2510203127,2026-10-09 15:00:00,236.330,236.960,236.190,0.840,0.720,0.960,0.543,0.175,0.154,0.213,0.073,0.040,0.010,0.022,0.991,49.870
2510203128,2026-10-09 15:00:00,237.790,238.200,236.810,1.610,1.460,1.550,1.057,0.366,0.332,0.358,0.076,0.017,0.017,0.041,0.997,49.960
2510203130,2026-10-09 15:00:00,244.240,244.610,246.040,0.000,0.000,0.110,0.027,0.000,0.000,0.027,0.004,0.000,0.000,0.004,1.000,49.890
2510203134,2026-10-09 15:00:00,239.140,238.260,238.480,0.020,0.010,0.010,0.007,0.004,0.002,0.001,-0.001,0.000,-0.001,0.000,0.988,50.010
2510224049,2026-10-09 15:00:00,231.620,232.070,231.320,0.240,1.340,8.140,2.120,0.050,0.210,1.860,-0.020,0.000,-0.130,0.110,1.000,49.970
2510224167,2026-10-09 15:00:00,231.800,231.670,232.370,0.750,0.120,0.360,0.170,0.100,0.010,0.050,-0.150,-0.080,-0.020,-0.050,0.743,49.980
2510317505,2026-10-09 15:00:00,231.740,231.710,232.350,0.090,0.030,2.220,0.270,0.010,0.000,0.250,-0.250,-0.010,0.000,-0.240,0.735,49.980
2510317516,2026-10-09 15:00:00,232.140,232.070,232.650,0.000,0.000,0.000,0.000,0.000,0.000,0.000,0.000,0.000,0.000,0.000,1.000,49.980
2510317537,2026-10-09 15:00:00,237.130,237.640,238.160,2.430,2.310,2.520,1.740,0.560,0.560,0.610,-0.280,-0.080,-0.080,-0.110,0.986,49.980
2510389643,2026-10-09 15:00:00,238.140,238.320,238.900,0.080,0.000,0.000,0.000,0.000,0.000,0.000,-0.010,-0.010,0.000,0.000,0.515,49.980
2510389931,2026-10-09 15:00:00,236.560,236.450,237.100,0.050,0.000,0.000,0.000,0.000,0.000,0.000,-0.010,-0.010,0.000,0.000,0.190,49.970
2510633381,2026-10-09 15:00:00,238.880,237.930,238.320,0.370,0.390,0.360,0.252,0.086,0.086,0.077,0.054,0.013,0.020,0.020,0.978,49.880
2510633382,2026-10-09 15:00:00,236.510,237.150,236.540,0.920,0.920,0.990,0.582,0.190,0.185,0.206,0.341,0.123,0.111,0.104,0.865,49.980
2510633383,2026-10-09 15:00:00,236.440,236.930,237.260,1.440,1.080,1.440,0.893,0.326,0.239,0.328,0.017,0.024,0.000,-0.006,0.999,49.890
2510633385,2026-10-09 15:00:00,238.230,238.470,239.020,0.190,0.020,0.010,0.051,0.043,0.004,0.002,0.006,0.009,-0.001,-0.001,0.996,49.970
2510633386,2026-10-09 15:00:00,224.980,225.180,225.750,0.400,0.400,0.370,0.155,0.053,0.052,0.049,-0.215,-0.073,-0.073,-0.068,0.582,49.970
2510633387,2026-10-09 15:00:00,236.310,237.070,236.150,0.040,0.020,0.160,0.048,0.008,0.003,0.037,-0.001,0.000,0.002,-0.003,0.990,49.960
2510633389,2026-10-09 15:00:00,236.700,236.050,236.050,2.080,2.090,2.130,1.363,0.455,0.451,0.456,0.403,0.129,0.128,0.145,0.960,49.960
2510633390,2026-10-09 15:00:00,238.610,239.240,238.370,0.600,0.550,0.760,0.436,0.136,0.124,0.176,0.100,0.029,0.039,0.032,0.974,49.950
2510633391,2026-10-09 15:00:00,124.260,124.250,124.150,0.570,0.610,0.780,0.225,0.067,0.063,0.093,0.000,0.017,-0.017,0.000,0.999,49.930
2510633393,2026-10-09 15:00:00,236.440,236.970,236.420,1.890,1.870,1.880,1.313,0.439,0.439,0.434,0.325,0.111,0.101,0.112,0.971,49.990
2510633395,2026-10-09 15:00:00,236.830,237.210,236.240,0.000,0.000,0.000,0.000,0.000,0.000,0.000,0.000,0.000,0.000,0.000,1.000,49.900
2510633396,2026-10-09 15:00:00,236.200,235.880,236.270,1.310,1.290,1.260,0.864,0.292,0.287,0.284,0.218,0.079,0.076,0.062,0.970,49.880
2510633397,2026-10-09 15:00:00,245.450,244.480,244.840,0.090,0.160,0.250,0.122,0.022,0.038,0.061,0.010,0.004,0.000,0.006,0.997,49.950
2510633400,2026-10-09 15:00:00,231.010,231.580,230.860,0.810,0.880,0.850,0.576,0.181,0.209,0.185,0.212,0.064,0.075,0.073,0.934,49.940
2510633402,2026-10-09 15:00:00,232.010,232.340,233.580,0.620,0.730,0.840,0.454,0.121,0.152,0.179,0.188,0.060,0.056,0.072,0.883,49.980
2510633406,2026-10-09 15:00:00,232.050,232.010,232.720,0.010,0.010,0.010,0.003,0.001,0.000,0.000,-0.003,-0.001,0.000,-0.001,0.697,49.940
2510633411,2026-10-09 15:00:00,229.270,228.520,228.290,2.280,2.150,2.220,1.383,0.480,0.446,0.456,0.616,0.199,0.201,0.215,0.912,49.920
2510814977,2026-10-09 15:00:00,231.520,232.920,231.180,0.020,0.010,0.010,0.007,0.005,0.000,0.001,-0.001,0.001,-0.001,-0.001,0.944,49.940
2610026950,2026-10-09 15:00:00,232.790,231.910,231.980,0.020,0.010,0.050,0.016,0.004,0.001,0.010,0.000,0.000,0.000,0.001,0.979,49.940
2610026952,2026-10-09 15:00:00,235.080,234.320,234.640,1.790,1.700,1.710,1.144,0.393,0.371,0.379,0.394,0.139,0.135,0.120,0.944,49.950
2610026953,2026-10-09 15:00:00,236.880,236.880,237.410,0.800,0.800,0.830,0.464,0.149,0.148,0.159,0.168,0.063,0.055,0.050,0.945,49.940
2610026963,2026-10-09 15:00:00,237.230,237.290,237.800,0.250,0.120,0.080,0.103,0.058,0.029,0.016,-0.026,-0.012,-0.005,-0.007,0.971,49.880
2610026966,2026-10-09 15:00:00,231.090,231.530,231.030,0.860,0.510,0.890,0.511,0.184,0.116,0.210,0.055,0.038,0.010,0.006,0.995,49.900
2610026976,2026-10-09 15:00:00,234.980,234.940,236.020,2.050,2.490,2.090,1.677,0.511,0.612,0.553,0.474,0.163,0.186,0.145,0.961,49.880
2610126270,2026-10-09 15:00:00,232.000,232.460,231.940,0.030,0.050,0.020,0.022,0.006,0.012,0.003,-0.005,-0.002,-0.001,-0.001,0.970,49.970
2610126451,2026-10-09 15:00:00,237.110,237.540,236.830,0.040,0.000,0.120,0.032,0.003,0.000,0.028,0.012,0.007,0.000,0.005,0.926,49.940
2610159557,2026-10-09 15:00:00,238.980,238.110,238.450,0.040,0.030,0.040,0.026,0.009,0.007,0.010,0.005,0.002,0.002,0.000,1.000,49.940
2610159558,2026-10-09 15:00:00,238.060,238.460,238.900,0.020,0.000,0.040,0.011,0.002,0.000,0.007,0.005,0.002,0.000,0.003,0.942,49.930
2610170785,2026-10-09 15:00:00,238.840,237.940,238.330,0.030,0.010,0.020,0.016,0.007,0.001,0.005,0.006,0.003,0.002,0.000,0.885,49.950
2610170786,2026-10-09 15:00:00,238.010,238.400,238.840,0.350,0.410,0.400,0.342,0.110,0.126,0.133,0.068,0.025,0.013,0.028,0.971,49.980
2610170836,2026-10-09 15:00:00,235.480,235.960,236.410,0.630,0.510,0.670,0.346,0.113,0.105,0.128,0.150,0.053,0.041,0.054,0.868,49.960
2610170837,2026-10-09 15:00:00,232.960,231.080,231.500,0.030,0.000,0.040,0.011,0.002,0.000,0.008,0.006,0.005,0.000,0.000,0.884,49.960
2610170838,2026-10-09 15:00:00,238.650,237.640,238.150,0.060,0.080,0.040,0.034,0.015,0.017,0.000,0.003,0.001,0.002,0.000,1.000,49.990
2610170839,2026-10-09 15:00:00,237.880,238.210,238.750,0.030,0.010,0.070,0.024,0.006,0.002,0.015,0.008,0.001,0.002,0.004,0.932,49.970
2610170840,2026-10-09 15:00:00,236.590,236.490,237.120,0.890,0.900,0.900,0.569,0.187,0.190,0.191,0.297,0.098,0.097,0.101,0.886,49.970
2610322967,2026-10-09 15:00:00,239.390,238.340,238.480,0.010,0.000,0.000,0.002,0.002,0.000,0.000,0.000,0.000,0.000,0.000,1.000,49.940
2610322969,2026-10-09 15:00:00,232.480,231.680,231.920,0.600,0.770,0.390,0.400,0.121,0.175,0.103,0.131,0.046,0.046,0.038,0.984,49.940
2610322992,2026-10-09 15:00:00,227.740,228.680,229.530,3.110,3.440,3.320,2.216,0.688,0.775,0.752,0.894,0.345,0.280,0.292,0.920,49.980
2610322995,2026-10-09 15:00:00,238.170,238.340,239.000,0.000,0.000,0.000,0.000,0.000,0.000,0.000,0.000,0.000,0.000,0.000,1.000,49.950
2610322997,2026-10-09 15:00:00,230.890,231.930,230.450,0.860,0.870,0.800,0.532,0.188,0.175,0.169,0.211,0.050,0.094,0.065,0.930,49.960
2610323001,2026-10-09 15:00:00,228.980,227.670,227.750,3.190,2.860,3.050,1.809,0.631,0.567,0.610,0.924,0.311,0.304,0.308,0.892,49.970
2610323004,2026-10-09 15:00:00,64.230,63.600,64.140,3.360,3.440,3.430,0.640,0.211,0.214,0.201,0.115,0.036,0.036,0.042,0.981,49.950
2610323005,2026-10-09 15:00:00,231.870,232.500,231.800,0.050,0.000,0.000,0.013,0.011,0.001,0.000,0.000,0.000,0.000,0.000,0.987,49.960
2610323010,2026-10-09 15:00:00,238.190,237.580,237.690,0.050,0.000,0.000,0.010,0.010,0.000,0.000,-0.007,-0.007,0.000,0.000,0.859,49.960
2610323014,2026-10-09 15:00:00,236.640,236.770,237.390,0.020,0.000,0.010,0.006,0.003,0.000,0.002,-0.002,-0.001,0.000,0.000,0.970,49.960
2610323016,2026-10-09 15:00:00,230.390,228.930,229.300,2.160,1.940,1.960,1.248,0.448,0.395,0.402,0.581,0.203,0.193,0.184,0.906,49.980
2610323017,2026-10-09 15:00:00,237.730,238.330,237.260,0.000,0.000,0.000,0.000,0.000,0.000,0.000,0.000,0.000,0.000,0.000,1.000,49.980
2610323019,2026-10-09 15:00:00,231.730,232.550,231.930,0.020,0.120,0.030,0.040,0.004,0.028,0.007,-0.007,-0.001,-0.003,-0.001,0.988,49.970
2610323027,2026-10-09 15:00:00,238.930,237.910,238.390,0.000,0.000,0.000,0.000,0.000,0.000,0.000,0.000,0.000,0.000,0.000,1.000,49.990
2510203120,2026-10-09 15:01:00,238.390,237.590,238.070,1.490,1.140,1.120,0.865,0.348,0.272,0.267,0.164,0.064,0.052,0.047,0.985,49.970
2510203133,2026-10-09 15:01:00,235.900,236.390,235.650,0.360,0.240,0.460,0.228,0.077,0.046,0.104,0.087,0.033,0.033,0.020,0.934,50.000
2510389559,2026-10-09 15:01:00,238.460,238.710,239.090,0.000,0.000,0.000,0.000,0.000,0.000,0.000,0.000,0.000,0.000,0.000,1.000,50.100
2510633399,2026-10-09 15:01:00,232.760,232.700,233.350,0.430,0.520,0.520,0.339,0.098,0.119,0.121,0.003,0.001,0.002,0.000,0.999,50.080
2610026977,2026-10-09 15:01:00,243.680,243.780,243.230,0.000,0.000,0.000,0.000,0.000,0.000,0.000,-0.001,0.000,0.000,0.000,0.051,50.080
2246006313,2026-10-09 15:30:00,58.100,58.000,57.900,1.547,1.534,1.493,0.261,0.087,0.088,0.085,0.065,0.022,0.021,0.020,0.968,50.100
2410121353,2026-10-09 15:30:00,236.680,235.890,235.970,0.700,0.660,0.630,0.436,0.153,0.143,0.138,0.115,0.034,0.030,0.049,0.967,49.960
2410121371,2026-10-09 15:30:00,237.230,236.230,236.580,0.040,0.030,0.030,0.023,0.009,0.006,0.008,-0.005,-0.001,-0.002,0.000,0.972,49.950
2410121424,2026-10-09 15:30:00,237.280,236.410,236.830,0.010,0.010,0.010,0.004,0.001,0.000,0.002,-0.003,-0.001,-0.001,0.000,0.884,49.980
2410121440,2026-10-09 15:30:00,237.300,236.420,236.790,0.010,0.010,0.010,0.005,0.002,0.000,0.001,-0.002,-0.001,-0.001,0.000,0.938,49.990
2410121454,2026-10-09 15:30:00,236.800,237.240,236.180,0.360,0.520,0.560,0.336,0.083,0.123,0.129,0.036,0.006,0.007,0.022,0.993,49.980
2410121457,2026-10-09 15:30:00,234.510,233.290,233.960,2.820,2.920,2.700,1.899,0.634,0.654,0.611,0.469,0.162,0.173,0.133,0.971,49.960
2410121574,2026-10-09 15:30:00,236.130,235.280,235.710,2.230,1.880,1.780,1.366,0.519,0.441,0.406,0.146,0.068,0.042,0.035,0.993,49.970
2410131378,2026-10-09 15:30:00,235.910,236.170,235.320,0.970,1.150,1.090,0.725,0.214,0.242,0.268,0.135,0.024,0.055,0.054,0.977,49.940
2410131383,2026-10-09 15:30:00,238.250,237.590,237.790,0.180,0.180,0.260,0.147,0.042,0.043,0.061,0.006,0.001,0.001,0.004,1.000,49.970
2410131384,2026-10-09 15:30:00,236.990,237.440,236.810,1.010,1.120,1.100,0.557,0.177,0.191,0.188,0.117,0.037,0.041,0.040,0.980,50.090
2410131387,2026-10-09 15:30:00,237.940,238.140,237.880,0.070,0.050,0.050,0.037,0.015,0.012,0.009,-0.007,-0.006,0.002,-0.002,0.973,50.000
2410320615,2026-10-09 15:30:00,234.120,234.180,234.870,4.750,4.350,4.670,3.014,1.052,0.923,1.038,0.937,0.298,0.351,0.286,0.955,50.100
2410883988,2026-10-09 15:30:00,230.810,231.370,230.770,0.250,0.260,0.400,0.216,0.056,0.058,0.102,0.044,0.013,0.010,0.016,0.979,50.070
2410883990,2026-10-09 15:30:00,230.700,230.010,230.140,0.090,0.160,0.010,0.059,0.021,0.036,0.002,0.010,0.001,0.009,0.000,0.977,50.030
2410883991,2026-10-09 15:30:00,236.720,237.080,237.700,0.140,0.260,0.210,0.141,0.031,0.058,0.052,0.032,0.008,0.017,0.006,0.971,50.110
2410883993,2026-10-09 15:30:00,236.830,236.070,236.290,1.140,0.940,1.310,0.826,0.280,0.231,0.314,0.044,0.012,0.014,0.017,0.998,50.000
2410883994,2026-10-09 15:30:00,237.940,237.000,237.500,0.000,0.000,0.010,0.003,0.000,0.000,0.003,0.000,0.000,0.000,0.000,1.000,50.120
2410932742,2026-10-09 15:30:00,230.490,228.710,228.910,3.350,3.280,3.510,2.166,0.719,0.700,0.746,0.637,0.215,0.196,0.226,0.958,50.110
2411087432,2026-10-09 15:30:00,236.620,237.120,236.260,2.010,2.320,1.780,1.401,0.475,0.526,0.402,0.175,0.013,0.106,0.055,0.992,50.070
2411087433,2026-10-09 15:30:00,237.050,237.390,237.780,0.620,0.620,0.680,0.434,0.141,0.139,0.154,-0.031,-0.013,-0.017,0.000,0.998,50.000
2411290205,2026-10-09 15:30:00,234.310,234.780,234.940,3.650,3.570,3.630,2.526,0.840,0.839,0.829,0.873,0.298,0.277,0.297,0.934,50.110
2510014483,2026-10-09 15:30:00,236.660,236.970,237.470,0.060,0.050,0.090,0.045,0.014,0.010,0.020,-0.021,-0.006,-0.005,-0.008,0.913,50.030
2510014484,2026-10-09 15:30:00,236.100,236.180,236.730,2.050,2.250,1.830,1.366,0.451,0.511,0.403,0.449,0.155,0.141,0.153,0.949,50.060
2510178139,2026-10-09 15:30:00,237.030,237.710,236.710,0.080,0.030,0.200,0.070,0.019,0.007,0.043,0.001,0.003,0.001,-0.002,0.997,49.990
2510178141,2026-10-09 15:30:00,236.390,236.960,237.410,0.800,0.440,0.640,0.374,0.160,0.103,0.110,0.000,0.019,-0.008,-0.010,0.999,50.050
2510203103,2026-10-09 15:30:00,227.240,225.480,226.050,0.410,0.260,0.350,0.143,0.092,0.029,0.028,0.047,0.027,0.025,-0.006,0.969,50.100
2510203104,2026-10-09 15:30:00,230.790,230.970,231.430,0.640,0.630,0.670,0.426,0.139,0.141,0.143,0.121,0.026,0.044,0.050,0.960,50.090
2510203105,2026-10-09 15:30:00,233.070,231.230,231.730,1.260,1.180,1.270,0.860,0.286,0.272,0.294,0.111,0.040,0.038,0.033,0.992,49.990
2510203106,2026-10-09 15:30:00,237.570,237.550,238.050,0.010,0.010,0.000,0.005,0.001,0.003,0.000,-0.002,-0.002,0.000,0.000,0.909,50.090
2510203107,2026-10-09 15:30:00,224.710,224.500,225.150,1.630,1.670,1.550,0.993,0.335,0.339,0.319,0.353,0.110,0.129,0.113,0.941,50.040
2510203108,2026-10-09 15:30:00,235.990,236.460,235.550,1.440,1.740,1.840,1.055,0.303,0.356,0.394,0.388,0.138,0.122,0.127,0.946,50.100
2510203109,2026-10-09 15:30:00,236.940,237.490,236.600,0.250,0.300,0.490,0.244,0.058,0.070,0.115,-0.006,0.010,-0.004,-0.012,0.999,49.990
2510203111,2026-10-09 15:30:00,236.200,236.920,237.190,2.170,1.820,2.240,1.391,0.482,0.405,0.503,0.276,0.128,0.062,0.085,0.979,50.100
2510203113,2026-10-09 15:30:00,237.510,237.110,236.900,2.040,1.890,2.460,1.462,0.467,0.430,0.565,0.151,0.034,0.040,0.076,0.994,50.070
2510203114,2026-10-09 15:30:00,230.680,230.980,231.330,0.490,0.490,0.530,0.330,0.110,0.103,0.116,0.091,0.026,0.027,0.037,0.963,49.990
2510203117,2026-10-09 15:30:00,230.790,230.080,230.000,0.180,0.480,0.240,0.184,0.028,0.107,0.047,0.084,0.031,0.025,0.027,0.909,50.100
2510203120,2026-10-09 15:30:00,237.140,236.310,236.660,1.480,1.130,1.200,0.882,0.344,0.260,0.276,0.142,0.056,0.042,0.044,0.987,50.100
2510203121,2026-10-09 15:30:00,229.650,229.670,230.280,0.210,0.210,0.320,0.166,0.046,0.046,0.072,0.012,0.008,0.003,0.001,0.996,49.990
2510203122,2026-10-09 15:30:00,236.800,237.340,236.560,0.720,0.600,0.710,0.337,0.128,0.100,0.107,0.331,0.108,0.095,0.128,0.710,50.070
2510203123,2026-10-09 15:30:00,235.540,236.030,236.490,1.460,1.490,1.110,1.022,0.327,0.356,0.338,0.355,0.130,0.092,0.149,0.945,50.090
2510203124,2026-10-09 15:30:00,236.600,236.690,235.870,0.930,0.960,0.950,0.603,0.188,0.193,0.190,0.185,0.056,0.065,0.063,0.957,49.980
2510203125,2026-10-09 15:30:00,237.880,238.340,237.900,0.030,0.030,0.050,0.018,0.003,0.003,0.011,-0.016,-0.005,-0.006,-0.004,0.721,50.010
2510203126,2026-10-09 15:30:00,230.340,230.240,231.020,0.380,0.250,0.260,0.200,0.086,0.055,0.058,0.038,0.014,0.013,0.010,0.983,49.980
2510203127,2026-10-09 15:30:00,236.170,236.800,235.930,1.050,1.050,1.180,0.756,0.245,0.246,0.281,0.057,0.021,0.016,0.019,0.996,49.990
2510203128,2026-10-09 15:30:00,237.010,237.370,235.980,1.640,1.550,1.660,1.121,0.384,0.355,0.381,0.087,0.017,0.025,0.044,0.997,50.100
2510203130,2026-10-09 15:30:00,243.920,244.170,245.670,0.000,0.000,0.090,0.023,0.000,0.000,0.022,0.004,0.000,0.000,0.004,1.000,49.980
2510203134,2026-10-09 15:30:00,238.130,237.150,237.370,0.020,0.010,0.010,0.007,0.004,0.002,0.001,-0.001,0.000,-0.001,0.000,0.985,50.110
2510224049,2026-10-09 15:30:00,229.630,230.210,229.500,0.110,1.250,8.240,2.040,0.010,0.140,1.880,0.000,0.010,-0.120,0.100,1.000,50.040
2510224167,2026-10-09 15:30:00,229.690,229.480,230.330,0.760,0.120,0.350,0.170,0.090,0.010,0.050,-0.150,-0.080,-0.010,-0.050,0.747,49.980
2510317505,2026-10-09 15:30:00,230.170,230.110,230.770,0.090,0.030,2.210,0.270,0.010,0.000,0.250,-0.250,-0.010,0.000,-0.230,0.738,50.050
2510317516,2026-10-09 15:30:00,230.660,230.510,231.200,0.000,0.000,0.000,0.000,0.000,0.000,0.000,0.000,0.000,0.000,0.000,1.000,50.060
2510317537,2026-10-09 15:30:00,236.360,236.410,237.050,3.280,3.170,3.210,2.150,0.720,0.700,0.720,-0.350,-0.120,-0.110,-0.110,0.986,49.970
2510389559,2026-10-09 15:30:00,238.040,238.350,238.870,0.000,0.000,0.000,0.000,0.000,0.000,0.000,0.000,0.000,0.000,0.000,1.000,50.070
2510389643,2026-10-09 15:30:00,237.880,238.090,238.620,0.090,0.000,0.000,0.010,0.010,0.000,0.000,-0.010,-0.010,0.000,0.000,0.647,50.050
2510389931,2026-10-09 15:30:00,236.480,236.290,236.920,0.050,0.000,0.000,0.000,0.000,0.000,0.000,-0.010,-0.010,0.000,0.000,0.214,50.040
2510633381,2026-10-09 15:30:00,237.590,236.610,236.980,0.350,0.340,0.350,0.217,0.074,0.070,0.072,0.043,0.011,0.015,0.016,0.986,49.980
2510633382,2026-10-09 15:30:00,236.250,236.780,236.180,0.880,0.880,0.940,0.562,0.178,0.183,0.200,0.318,0.109,0.102,0.106,0.860,49.950
2510633383,2026-10-09 15:30:00,236.090,236.630,237.220,1.400,1.040,1.340,0.860,0.318,0.235,0.306,0.015,0.024,-0.001,-0.006,0.999,49.980
2510633385,2026-10-09 15:30:00,238.020,238.120,238.420,0.090,0.020,0.140,0.056,0.021,0.004,0.030,0.004,0.000,-0.001,0.006,0.997,49.960
2510633386,2026-10-09 15:30:00,223.450,223.670,224.240,0.390,0.400,0.360,0.140,0.047,0.048,0.044,-0.215,-0.072,-0.073,-0.068,0.539,49.950
2510633387,2026-10-09 15:30:00,235.680,236.220,235.560,0.030,0.010,0.160,0.045,0.008,0.000,0.036,-0.005,0.000,0.000,-0.003,0.991,49.950
2510633389,2026-10-09 15:30:00,236.720,236.120,236.080,1.370,1.350,1.390,0.945,0.316,0.315,0.333,0.355,0.113,0.114,0.127,0.927,49.960
2510633390,2026-10-09 15:30:00,236.890,237.560,236.650,0.860,0.910,0.970,0.594,0.184,0.202,0.207,0.133,0.026,0.055,0.052,0.976,49.960
2510633391,2026-10-09 15:30:00,123.990,123.990,123.910,0.640,0.560,0.840,0.227,0.073,0.056,0.097,0.002,0.022,-0.014,-0.006,0.999,49.970
2510633393,2026-10-09 15:30:00,236.020,236.540,235.990,1.790,1.810,1.790,1.206,0.403,0.406,0.396,0.301,0.102,0.094,0.101,0.970,49.950
2510633395,2026-10-09 15:30:00,236.880,237.430,236.190,0.000,0.000,0.000,0.000,0.000,0.000,0.000,0.000,0.000,0.000,0.000,1.000,49.990
2510633396,2026-10-09 15:30:00,236.560,235.680,236.280,0.700,0.760,0.690,0.485,0.157,0.172,0.154,0.141,0.047,0.050,0.044,0.960,49.980
2510633397,2026-10-09 15:30:00,243.570,242.580,242.920,0.140,0.160,0.230,0.128,0.032,0.039,0.056,0.012,0.004,0.000,0.007,0.994,49.970
2510633399,2026-10-09 15:30:00,229.900,229.660,230.540,0.350,0.440,0.460,0.286,0.080,0.100,0.105,0.006,0.000,0.002,0.003,1.000,49.980
2510633400,2026-10-09 15:30:00,228.190,228.820,228.120,1.160,1.250,1.130,0.706,0.229,0.245,0.231,0.293,0.091,0.104,0.098,0.927,49.970
2510633402,2026-10-09 15:30:00,230.440,230.650,232.020,0.980,1.100,1.020,0.677,0.197,0.227,0.252,0.196,0.064,0.061,0.071,0.951,49.950
2510633406,2026-10-09 15:30:00,229.690,229.500,230.320,0.010,0.010,0.010,0.003,0.001,0.000,0.000,-0.003,-0.001,0.000,-0.001,0.683,50.000
2510633411,2026-10-09 15:30:00,226.620,225.690,225.340,2.560,2.440,2.520,1.569,0.541,0.507,0.521,0.631,0.202,0.208,0.221,0.928,49.970
2510814977,2026-10-09 15:30:00,231.280,232.580,230.950,0.020,0.010,0.010,0.007,0.005,0.000,0.001,-0.001,0.001,-0.001,-0.001,0.949,49.950
2610026950,2026-10-09 15:30:00,230.370,229.560,229.550,0.010,0.000,0.050,0.014,0.002,0.001,0.010,0.000,0.000,0.000,0.000,1.000,50.000
2610026952,2026-10-09 15:30:00,236.430,235.700,235.870,1.090,1.060,1.090,0.711,0.238,0.232,0.240,0.187,0.066,0.062,0.062,0.969,50.020
2610026953,2026-10-09 15:30:00,236.770,236.670,237.320,0.720,0.760,0.800,0.464,0.152,0.157,0.153,0.156,0.059,0.054,0.042,0.952,49.990
2610026963,2026-10-09 15:30:00,236.970,237.110,237.790,0.280,0.120,0.090,0.109,0.063,0.025,0.018,-0.030,-0.015,-0.007,-0.007,0.961,49.980
2610026966,2026-10-09 15:30:00,230.970,231.400,230.950,0.940,0.620,0.940,0.541,0.182,0.134,0.225,0.052,0.036,0.010,0.005,0.995,49.980
2610026976,2026-10-09 15:30:00,235.090,235.020,236.150,2.080,2.420,2.280,1.551,0.495,0.528,0.527,0.385,0.119,0.154,0.104,0.969,49.980
2610026977,2026-10-09 15:30:00,242.520,242.690,242.260,0.000,0.000,0.000,0.000,0.000,0.000,0.000,-0.001,0.000,0.000,0.000,0.041,49.970
2610126270,2026-10-09 15:30:00,230.100,230.660,230.170,0.030,0.050,0.020,0.022,0.006,0.013,0.003,-0.005,-0.001,-0.001,-0.001,0.957,50.030
2610126451,2026-10-09 15:30:00,237.100,237.640,236.730,0.030,0.030,0.140,0.043,0.000,0.012,0.031,0.008,0.000,0.002,0.006,0.974,49.990
2610159557,2026-10-09 15:30:00,237.490,236.610,236.940,0.030,0.030,0.030,0.021,0.007,0.006,0.007,-0.005,-0.001,-0.001,-0.001,0.962,50.000
2610159558,2026-10-09 15:30:00,236.580,236.990,237.500,0.010,0.010,0.020,0.007,0.001,0.001,0.005,0.001,0.000,0.000,0.001,1.000,50.000
2610170785,2026-10-09 15:30:00,237.460,236.510,236.940,0.040,0.010,0.010,0.013,0.009,0.001,0.003,0.007,0.002,0.002,0.001,0.885,50.020
2610170786,2026-10-09 15:30:00,236.640,237.000,237.470,0.570,0.640,0.620,0.363,0.112,0.121,0.133,0.143,0.043,0.041,0.059,0.948,50.060
2610170836,2026-10-09 15:30:00,236.000,236.370,236.730,0.280,0.280,0.770,0.133,0.045,0.038,0.049,0.164,0.054,0.053,0.059,0.765,50.030
2610170837,2026-10-09 15:30:00,233.150,231.370,231.720,0.030,0.010,0.020,0.011,0.004,0.002,0.004,0.005,0.005,0.000,0.000,0.882,50.040
2610170838,2026-10-09 15:30:00,237.590,236.510,237.070,0.010,0.110,0.010,0.037,0.001,0.022,0.012,0.010,0.000,0.010,0.000,0.957,50.060
2610170839,2026-10-09 15:30:00,236.610,236.950,237.490,0.020,0.010,0.050,0.020,0.004,0.003,0.011,0.001,0.000,0.000,0.001,1.000,50.030
2610170840,2026-10-09 15:30:00,236.630,236.370,237.010,0.900,0.910,0.910,0.569,0.188,0.190,0.190,0.296,0.098,0.097,0.100,0.886,50.030
2610322967,2026-10-09 15:30:00,237.900,236.870,237.060,0.020,0.000,0.000,0.007,0.007,0.000,0.000,0.000,0.000,0.000,0.000,1.000,50.010
2610322969,2026-10-09 15:30:00,229.920,229.190,229.130,0.520,0.750,0.750,0.500,0.146,0.201,0.151,0.197,0.069,0.066,0.064,0.921,50.000
2610322992,2026-10-09 15:30:00,227.860,228.960,229.740,3.650,3.820,3.810,2.450,0.769,0.844,0.861,0.944,0.363,0.297,0.282,0.933,50.050
2610322995,2026-10-09 15:30:00,236.730,237.070,237.640,0.000,0.000,0.000,0.000,0.000,0.000,0.000,0.000,0.000,0.000,0.000,1.000,50.020
2610322997,2026-10-09 15:30:00,230.920,231.210,230.290,1.300,1.370,1.050,0.771,0.287,0.271,0.212,0.334,0.063,0.167,0.107,0.913,50.030
2610323001,2026-10-09 15:30:00,228.230,227.430,227.290,3.810,3.340,3.580,2.195,0.793,0.685,0.750,1.070,0.367,0.345,0.357,0.897,50.040
2610323004,2026-10-09 15:30:00,64.330,63.720,64.250,0.770,0.750,0.830,0.143,0.046,0.045,0.051,0.024,0.010,0.005,0.008,0.987,50.020
2610323005,2026-10-09 15:30:00,229.940,230.680,230.080,0.050,0.000,0.000,0.014,0.012,0.001,0.000,0.000,0.000,0.000,0.000,1.000,50.030
2610323010,2026-10-09 15:30:00,237.970,237.430,237.480,0.050,0.000,0.000,0.010,0.010,0.000,0.000,-0.006,-0.006,0.000,0.000,0.860,50.020
2610323014,2026-10-09 15:30:00,236.790,236.950,237.570,0.020,0.000,0.010,0.006,0.004,0.000,0.002,-0.002,-0.001,0.000,0.000,0.989,50.030
2610323016,2026-10-09 15:30:00,229.250,228.170,228.320,3.780,3.550,3.530,2.353,0.826,0.767,0.759,0.874,0.288,0.284,0.291,0.936,50.050
2610323017,2026-10-09 15:30:00,236.670,237.330,236.460,0.000,0.000,0.000,0.000,0.000,0.000,0.000,0.000,0.000,0.000,0.000,1.000,50.060
2610323019,2026-10-09 15:30:00,229.820,230.810,230.180,0.060,0.080,0.030,0.038,0.013,0.018,0.005,-0.007,-0.003,-0.001,-0.002,0.979,50.050
2610323027,2026-10-09 15:30:00,237.790,236.820,237.250,0.000,0.000,0.000,0.000,0.000,0.000,0.000,0.000,0.000,0.000,0.000,1.000,50.060
2410121326,2026-10-09 15:31:00,236.570,235.710,236.070,0.870,0.850,0.920,0.581,0.189,0.187,0.204,0.140,0.051,0.042,0.045,0.969,49.980
2510014481,2026-10-09 15:31:00,228.320,228.480,229.790,3.070,3.340,3.240,2.084,0.657,0.724,0.680,0.862,0.278,0.292,0.290,0.920,49.970
2510014482,2026-10-09 15:31:00,235.890,236.350,235.600,0.830,0.500,0.360,0.387,0.182,0.119,0.085,-0.028,-0.007,-0.005,-0.014,0.996,49.950
2510203133,2026-10-09 15:31:00,236.390,236.850,236.080,0.160,0.070,0.370,0.131,0.035,0.009,0.086,0.021,0.011,0.013,-0.003,0.984,50.110
2510203118,2026-10-09 15:51:00,124.130,124.210,124.470,0.190,0.160,0.160,0.068,0.025,0.022,0.021,-0.015,-0.005,-0.002,-0.007,0.963,50.150
2246006313,2026-10-09 16:00:00,58.100,57.900,57.800,1.439,1.443,1.401,0.240,0.081,0.082,0.079,0.059,0.021,0.019,0.018,0.971,50.100
2410121326,2026-10-09 16:00:00,237.360,236.720,237.180,0.670,0.740,0.810,0.506,0.149,0.170,0.186,0.109,0.042,0.036,0.030,0.977,50.170
2410121353,2026-10-09 16:00:00,235.620,234.850,235.120,1.140,1.120,1.120,0.508,0.176,0.180,0.178,0.168,0.054,0.051,0.062,0.916,50.100
2410121371,2026-10-09 16:00:00,237.020,236.130,236.560,0.040,0.050,0.040,0.029,0.009,0.012,0.008,-0.005,-0.001,-0.003,0.000,0.987,50.100
2410121424,2026-10-09 16:00:00,237.200,236.360,236.820,0.010,0.010,0.010,0.004,0.001,0.001,0.002,-0.002,-0.001,-0.001,0.000,0.831,50.100
2410121440,2026-10-09 16:00:00,237.000,236.270,236.660,0.010,0.010,0.010,0.005,0.002,0.000,0.001,-0.002,-0.001,-0.001,0.000,0.928,50.120
2410121454,2026-10-09 16:00:00,236.700,237.090,235.990,0.370,0.480,0.620,0.346,0.091,0.115,0.139,0.050,0.010,0.012,0.027,0.989,50.100
2410121574,2026-10-09 16:00:00,235.890,235.450,235.550,2.130,1.510,1.670,1.211,0.490,0.339,0.380,0.100,0.053,0.013,0.033,0.997,50.100
2410131378,2026-10-09 16:00:00,235.860,235.960,235.190,1.200,1.410,1.370,0.898,0.275,0.307,0.315,0.225,0.051,0.075,0.082,0.968,50.080
2410131383,2026-10-09 16:00:00,238.560,237.730,237.930,0.170,0.190,0.290,0.152,0.039,0.044,0.068,0.006,0.001,0.001,0.003,0.996,50.140
2410131384,2026-10-09 16:00:00,237.260,237.540,236.990,1.030,1.270,1.130,0.720,0.223,0.260,0.236,0.143,0.038,0.052,0.041,0.980,50.130
2410131387,2026-10-09 16:00:00,237.960,238.410,237.960,0.070,0.060,0.030,0.033,0.015,0.013,0.005,-0.008,-0.006,0.001,-0.003,0.960,50.050
2410320615,2026-10-09 16:00:00,234.110,234.440,235.000,4.700,4.230,4.420,2.996,1.059,0.925,1.019,0.962,0.303,0.362,0.296,0.951,50.120
2410883988,2026-10-09 16:00:00,230.430,231.130,230.490,0.390,0.400,0.470,0.274,0.084,0.086,0.103,0.096,0.032,0.031,0.032,0.944,50.130
2410883990,2026-10-09 16:00:00,231.170,230.420,230.310,0.090,0.050,0.010,0.031,0.020,0.008,0.002,0.009,0.001,0.008,0.000,0.961,50.120
2410883991,2026-10-09 16:00:00,236.670,237.050,237.630,0.220,0.280,0.460,0.210,0.053,0.058,0.098,0.006,0.002,0.007,-0.002,0.996,50.070
2410883993,2026-10-09 16:00:00,237.150,236.110,236.760,1.000,1.040,0.990,0.696,0.228,0.237,0.230,0.152,0.045,0.063,0.043,0.994,50.130
2410883994,2026-10-09 16:00:00,237.690,236.750,237.250,0.000,0.000,0.010,0.003,0.000,0.000,0.003,0.000,0.000,0.000,0.000,1.000,50.090
2410932742,2026-10-09 16:00:00,231.140,229.490,229.630,3.270,3.200,3.420,2.072,0.686,0.666,0.713,0.597,0.201,0.184,0.211,0.960,50.120
2411087432,2026-10-09 16:00:00,237.000,237.280,236.470,1.710,1.720,1.820,1.159,0.383,0.371,0.404,0.214,0.015,0.116,0.083,0.983,50.130
2411087433,2026-10-09 16:00:00,237.160,237.480,237.860,0.560,0.550,0.630,0.410,0.132,0.131,0.145,0.053,0.014,0.012,0.026,0.991,50.130
2411290205,2026-10-09 16:00:00,234.500,234.880,235.120,3.630,3.560,3.630,2.373,0.786,0.781,0.805,0.865,0.295,0.277,0.298,0.934,50.080
2510014481,2026-10-09 16:00:00,229.050,229.160,230.660,2.800,2.830,2.720,1.869,0.626,0.615,0.628,0.760,0.240,0.264,0.261,0.926,50.130
2510014482,2026-10-09 16:00:00,237.140,237.290,236.560,0.950,0.510,0.370,0.422,0.216,0.120,0.085,-0.024,0.000,-0.007,-0.016,0.999,50.130
2510014483,2026-10-09 16:00:00,236.960,237.330,237.630,0.080,0.050,0.070,0.041,0.016,0.011,0.013,-0.020,-0.005,-0.005,-0.008,0.894,50.130
2510014484,2026-10-09 16:00:00,236.530,236.610,237.320,1.820,2.100,1.650,1.236,0.409,0.462,0.363,0.449,0.153,0.141,0.154,0.939,50.120
2510178139,2026-10-09 16:00:00,238.050,238.370,237.490,0.080,0.040,0.180,0.067,0.018,0.008,0.040,0.001,0.002,0.001,-0.002,0.999,50.130
2510178141,2026-10-09 16:00:00,236.930,237.760,237.930,0.520,0.290,0.320,0.263,0.121,0.067,0.074,0.000,0.019,-0.008,-0.010,1.000,50.120
2510203103,2026-10-09 16:00:00,227.890,226.260,226.590,0.760,0.470,0.530,0.320,0.129,0.090,0.099,-0.065,-0.016,-0.017,-0.029,0.985,50.120
2510203104,2026-10-09 16:00:00,231.040,231.130,231.580,0.670,0.800,0.810,0.530,0.152,0.185,0.192,0.127,0.021,0.050,0.053,0.968,50.140
2510203105,2026-10-09 16:00:00,232.720,230.780,231.440,1.690,1.810,1.670,1.181,0.386,0.413,0.383,0.235,0.079,0.086,0.070,0.980,50.130
2510203106,2026-10-09 16:00:00,237.890,237.860,238.500,0.010,0.010,0.000,0.005,0.001,0.003,0.000,-0.002,-0.002,0.000,0.000,0.935,50.140
2510203107,2026-10-09 16:00:00,224.610,224.470,225.280,1.760,1.770,1.670,1.062,0.359,0.359,0.343,0.401,0.129,0.143,0.128,0.934,50.120
2510203108,2026-10-09 16:00:00,237.180,237.130,236.030,1.050,1.540,1.860,0.906,0.190,0.298,0.418,0.189,0.043,0.066,0.093,0.982,50.120
2510203109,2026-10-09 16:00:00,237.140,237.680,236.820,0.140,0.170,0.220,0.121,0.030,0.040,0.051,0.006,0.012,-0.001,-0.004,0.996,50.140
2510203111,2026-10-09 16:00:00,236.350,237.260,237.190,2.220,1.880,2.280,1.452,0.501,0.425,0.524,0.280,0.131,0.060,0.087,0.981,50.140
2510203113,2026-10-09 16:00:00,237.840,237.140,237.000,1.940,1.800,2.380,1.399,0.443,0.406,0.549,0.138,0.029,0.041,0.066,0.995,50.130
2510203114,2026-10-09 16:00:00,230.750,230.900,231.270,0.710,0.750,0.670,0.443,0.138,0.162,0.142,0.121,0.030,0.044,0.046,0.967,50.140
2510203117,2026-10-09 16:00:00,230.850,230.210,230.020,0.260,0.450,0.330,0.223,0.050,0.101,0.070,0.080,0.030,0.023,0.026,0.939,50.120
2510203118,2026-10-09 16:00:00,124.060,124.160,124.400,0.210,0.180,0.180,0.070,0.025,0.022,0.022,-0.001,0.000,0.001,-0.002,0.996,50.140
2510203121,2026-10-09 16:00:00,230.400,230.210,231.080,0.210,0.200,0.320,0.164,0.047,0.047,0.070,0.013,0.009,0.003,0.001,0.995,50.130
2510203122,2026-10-09 16:00:00,237.130,237.460,236.600,0.600,0.480,0.600,0.278,0.104,0.087,0.085,0.278,0.093,0.072,0.112,0.703,50.130
2510203123,2026-10-09 16:00:00,236.450,237.300,237.320,1.090,1.370,0.960,0.772,0.214,0.330,0.228,0.296,0.104,0.069,0.179,0.935,50.130
2510203124,2026-10-09 16:00:00,237.480,237.060,236.680,0.950,0.980,0.940,0.644,0.215,0.218,0.210,0.172,0.050,0.063,0.057,0.965,50.140
2510203125,2026-10-09 16:00:00,238.380,238.890,238.330,0.030,0.030,0.060,0.020,0.003,0.003,0.013,-0.016,-0.006,-0.006,-0.004,0.770,50.130
2510203126,2026-10-09 16:00:00,230.680,230.470,231.410,0.470,0.390,0.400,0.273,0.102,0.084,0.086,0.094,0.032,0.031,0.031,0.943,50.160
2510203127,2026-10-09 16:00:00,236.990,237.320,236.680,0.810,0.780,0.930,0.551,0.174,0.170,0.206,0.067,0.029,0.019,0.019,0.992,50.160
2510203128,2026-10-09 16:00:00,236.980,237.280,235.920,1.670,1.580,1.660,1.130,0.386,0.361,0.382,0.095,0.018,0.031,0.045,0.996,50.120
2510203130,2026-10-09 16:00:00,244.030,244.210,245.740,0.020,0.030,0.090,0.029,0.002,0.005,0.021,0.017,0.004,0.005,0.006,0.849,50.140
2510203134,2026-10-09 16:00:00,238.050,237.020,237.490,0.020,0.010,0.010,0.007,0.004,0.002,0.001,-0.001,0.000,-0.001,0.000,0.980,50.110
2510224049,2026-10-09 16:00:00,229.560,230.320,229.590,0.110,1.200,8.300,2.060,0.010,0.150,1.880,-0.010,0.010,-0.120,0.090,1.000,50.130
2510224167,2026-10-09 16:00:00,230.270,229.890,230.880,0.760,0.120,0.360,0.170,0.090,0.010,0.050,-0.150,-0.080,-0.010,-0.050,0.742,50.120
2510317505,2026-10-09 16:00:00,230.260,230.150,230.920,0.090,0.030,2.210,0.270,0.010,0.000,0.250,-0.250,-0.010,0.000,-0.230,0.736,50.120
2510317516,2026-10-09 16:00:00,230.720,230.400,231.240,0.000,0.000,0.000,0.000,0.000,0.000,0.000,0.000,0.000,0.000,0.000,1.000,50.120
2510317537,2026-10-09 16:00:00,236.380,236.750,237.230,2.500,2.390,2.560,1.810,0.590,0.550,0.620,-0.320,-0.100,-0.100,-0.110,0.985,50.120
2510389559,2026-10-09 16:00:00,238.160,238.280,238.960,0.000,0.000,0.000,0.000,0.000,0.000,0.000,0.000,0.000,0.000,0.000,1.000,50.120
2510389643,2026-10-09 16:00:00,238.270,238.340,238.940,0.080,0.000,0.000,0.000,0.000,0.000,0.000,-0.010,-0.010,0.000,0.000,0.513,50.120
2510633381,2026-10-09 16:00:00,237.590,236.580,237.000,0.470,0.450,0.430,0.312,0.112,0.102,0.097,0.056,0.013,0.021,0.021,0.984,50.150
2510633383,2026-10-09 16:00:00,236.790,237.490,237.710,1.470,1.140,1.400,0.904,0.331,0.252,0.320,0.023,0.026,-0.001,-0.002,1.000,50.150
2510633385,2026-10-09 16:00:00,238.120,238.210,238.790,0.080,0.020,0.020,0.027,0.018,0.004,0.004,-0.006,-0.002,-0.001,-0.001,0.993,50.120
2510633386,2026-10-09 16:00:00,223.410,223.690,224.260,0.390,0.410,0.370,0.150,0.047,0.054,0.049,-0.212,-0.072,-0.072,-0.067,0.573,50.130
2510633387,2026-10-09 16:00:00,236.840,237.160,236.430,0.030,0.000,0.150,0.044,0.008,0.000,0.035,-0.005,0.000,0.000,-0.003,0.997,50.110
2510633389,2026-10-09 16:00:00,236.730,235.880,235.890,1.990,1.970,1.990,1.340,0.444,0.448,0.447,0.376,0.118,0.121,0.135,0.962,50.120
2510633390,2026-10-09 16:00:00,236.740,237.430,236.350,0.800,0.860,0.870,0.560,0.176,0.193,0.192,0.104,0.018,0.041,0.044,0.982,50.110
2510633391,2026-10-09 16:00:00,124.430,124.290,124.380,0.510,0.430,0.660,0.191,0.059,0.053,0.069,0.007,0.011,-0.007,0.003,0.997,50.140
2510633393,2026-10-09 16:00:00,236.130,236.640,236.000,1.710,1.710,1.690,1.162,0.387,0.388,0.385,0.284,0.095,0.089,0.099,0.971,50.100
2510633395,2026-10-09 16:00:00,237.680,237.830,236.860,0.000,0.000,0.000,0.000,0.000,0.000,0.000,0.000,0.000,0.000,0.000,1.000,50.140
2510633397,2026-10-09 16:00:00,243.440,242.360,242.850,0.110,0.130,0.120,0.088,0.026,0.032,0.028,0.006,0.003,0.000,0.002,0.992,50.130
2510633399,2026-10-09 16:00:00,230.300,230.000,231.030,0.400,0.480,0.480,0.312,0.092,0.109,0.110,-0.011,-0.004,-0.002,-0.004,0.999,50.160
2510633400,2026-10-09 16:00:00,228.210,228.790,228.120,1.150,1.270,1.130,0.702,0.221,0.257,0.223,0.294,0.091,0.109,0.099,0.926,50.140
2510633402,2026-10-09 16:00:00,230.870,230.960,232.390,0.810,0.920,1.040,0.578,0.165,0.194,0.214,0.167,0.055,0.049,0.062,0.931,50.130
2510633406,2026-10-09 16:00:00,230.290,230.010,231.010,0.010,0.010,0.010,0.003,0.001,0.000,0.000,-0.003,-0.001,0.000,-0.001,0.689,50.140
2510633411,2026-10-09 16:00:00,227.280,226.310,226.040,2.550,2.430,2.490,1.544,0.535,0.499,0.509,0.607,0.194,0.200,0.213,0.931,50.160
2510814977,2026-10-09 16:00:00,231.920,233.360,231.660,0.030,0.010,0.010,0.007,0.005,0.000,0.001,-0.002,0.001,-0.001,-0.001,0.955,50.130
2610026950,2026-10-09 16:00:00,231.040,230.140,230.020,0.020,0.000,0.030,0.014,0.003,0.000,0.009,0.000,0.000,0.000,0.000,1.000,50.130
2610026952,2026-10-09 16:00:00,236.170,235.550,235.950,1.740,1.690,1.740,1.144,0.385,0.374,0.385,0.350,0.123,0.116,0.110,0.956,50.130
2610026953,2026-10-09 16:00:00,237.090,237.030,237.740,0.710,0.710,0.730,0.444,0.146,0.145,0.177,0.179,0.069,0.056,0.052,0.940,50.130
2610026963,2026-10-09 16:00:00,237.810,237.930,238.240,0.370,0.240,0.200,0.188,0.085,0.055,0.047,-0.032,-0.017,-0.006,-0.008,0.985,50.150
2610026966,2026-10-09 16:00:00,230.670,231.190,230.680,0.720,0.610,0.530,0.482,0.180,0.137,0.165,0.054,0.035,0.010,0.008,0.993,50.140
2610026976,2026-10-09 16:00:00,235.790,235.680,236.510,1.740,1.750,1.930,1.168,0.381,0.341,0.445,0.477,0.141,0.214,0.123,0.924,50.150
2610026977,2026-10-09 16:00:00,242.300,242.490,242.020,0.000,0.000,0.000,0.000,0.000,0.000,0.000,-0.001,0.000,0.000,0.000,0.302,50.150
2610126270,2026-10-09 16:00:00,230.240,231.070,230.510,0.030,0.060,0.020,0.023,0.006,0.013,0.003,-0.004,-0.001,-0.001,-0.001,0.980,50.120
2610126451,2026-10-09 16:00:00,238.030,238.230,237.570,0.040,0.000,0.060,0.022,0.006,0.001,0.014,0.009,0.007,0.000,0.002,0.926,50.140
2610159557,2026-10-09 16:00:00,237.810,236.940,237.300,0.030,0.030,0.030,0.020,0.006,0.006,0.007,-0.005,-0.001,-0.001,-0.001,0.952,50.130
2610159558,2026-10-09 16:00:00,236.850,237.280,237.720,0.040,0.000,0.040,0.015,0.006,0.000,0.008,0.003,0.001,0.000,0.002,0.969,50.130
2610170785,2026-10-09 16:00:00,237.600,236.780,237.300,0.020,0.010,0.020,0.012,0.005,0.001,0.005,0.000,0.001,0.000,-0.001,0.931,50.130
2610170786,2026-10-09 16:00:00,236.920,237.330,237.740,0.700,0.750,0.750,0.351,0.105,0.116,0.129,0.066,0.022,0.019,0.024,0.990,50.120
2610170836,2026-10-09 16:00:00,236.420,237.020,237.040,0.640,0.640,0.870,0.374,0.077,0.098,0.151,0.142,0.046,0.042,0.053,0.949,50.130
2610170837,2026-10-09 16:00:00,233.220,231.490,231.820,0.030,0.010,0.040,0.013,0.002,0.001,0.008,0.005,0.005,0.000,0.000,0.889,50.130
2610170838,2026-10-09 16:00:00,237.600,236.410,237.100,0.000,0.110,0.000,0.024,0.000,0.023,0.000,0.010,0.000,0.010,0.000,0.914,50.120
2610170839,2026-10-09 16:00:00,236.850,237.230,237.720,0.020,0.030,0.110,0.033,0.004,0.006,0.015,0.001,0.000,0.000,0.001,1.000,50.130
2610170840,2026-10-09 16:00:00,237.720,237.500,238.380,0.000,0.000,0.000,0.000,0.000,0.000,0.000,0.000,0.000,0.000,0.000,0.529,50.120
2610322967,2026-10-09 16:00:00,238.220,237.210,237.410,0.020,0.000,0.000,0.004,0.004,0.000,0.000,0.001,0.001,0.000,0.000,0.820,50.140
2610322969,2026-10-09 16:00:00,230.430,229.620,229.410,0.730,0.720,0.770,0.386,0.119,0.129,0.137,0.244,0.078,0.080,0.085,0.826,50.130
2610322992,2026-10-09 16:00:00,227.830,228.690,229.450,3.770,4.070,3.960,2.541,0.797,0.901,0.882,0.864,0.327,0.262,0.273,0.948,50.120
2610322995,2026-10-09 16:00:00,236.830,237.170,237.630,0.000,0.000,0.000,0.000,0.000,0.000,0.000,0.000,0.000,0.000,0.000,1.000,50.130
2610322997,2026-10-09 16:00:00,230.910,231.320,230.280,1.380,1.460,1.140,0.854,0.310,0.300,0.243,0.333,0.060,0.164,0.107,0.927,50.130
2610323001,2026-10-09 16:00:00,228.350,227.700,227.440,3.980,3.410,3.640,2.264,0.823,0.692,0.748,1.042,0.362,0.333,0.346,0.908,50.130
2610323004,2026-10-09 16:00:00,64.380,63.750,64.270,0.380,0.350,0.410,0.071,0.023,0.022,0.025,0.001,0.001,-0.001,-0.001,1.000,50.120
2610323005,2026-10-09 16:00:00,230.040,231.000,230.290,0.050,0.000,0.000,0.013,0.011,0.001,0.000,0.000,0.000,0.000,0.000,0.970,50.130
2610323010,2026-10-09 16:00:00,238.560,237.810,237.900,0.040,0.000,0.000,0.005,0.005,0.000,0.000,-0.005,-0.005,0.000,0.000,0.740,50.130
2610323014,2026-10-09 16:00:00,237.350,237.690,238.060,0.040,0.000,0.010,0.011,0.008,0.000,0.002,-0.002,-0.001,0.000,0.000,1.000,50.130
2610323016,2026-10-09 16:00:00,229.440,228.180,228.290,3.370,3.230,3.280,2.078,0.714,0.675,0.687,0.812,0.271,0.269,0.272,0.931,50.120
2610323017,2026-10-09 16:00:00,236.940,237.400,236.460,0.000,0.000,0.000,0.000,0.000,0.000,0.000,0.000,0.000,0.000,0.000,1.000,50.120
2610323019,2026-10-09 16:00:00,229.860,230.940,230.250,0.020,0.080,0.030,0.028,0.004,0.018,0.006,-0.005,-0.001,-0.001,-0.002,0.966,50.120
2610323027,2026-10-09 16:00:00,237.870,236.840,237.380,0.000,0.000,0.000,0.000,0.000,0.000,0.000,0.000,0.000,0.000,0.000,1.000,50.120
2510203120,2026-10-09 16:01:00,236.820,235.930,236.410,1.330,0.940,0.970,0.744,0.306,0.215,0.222,0.129,0.053,0.040,0.036,0.984,50.130
2510203133,2026-10-09 16:01:00,237.050,237.290,236.480,0.180,0.090,0.380,0.145,0.040,0.015,0.090,0.025,0.012,0.014,-0.001,0.984,50.110
2510389931,2026-10-09 16:01:00,237.590,237.380,238.250,0.000,0.000,0.000,0.000,0.000,0.000,0.000,0.000,0.000,0.000,0.000,1.000,50.090
2510633382,2026-10-09 16:01:00,236.580,237.170,236.530,0.830,0.840,0.890,0.507,0.161,0.166,0.178,0.254,0.088,0.082,0.082,0.898,49.960
2410121457,2026-10-09 16:02:00,235.240,234.190,235.070,2.200,2.310,2.100,1.482,0.494,0.514,0.473,0.360,0.126,0.132,0.102,0.971,50.090
2510633396,2026-10-09 16:02:00,235.720,235.180,235.790,1.020,1.000,0.980,0.687,0.231,0.229,0.227,0.135,0.050,0.046,0.037,0.981,49.980
2246006313,2026-10-09 16:30:00,57.900,57.700,57.600,1.436,1.440,1.389,0.236,0.079,0.079,0.077,0.054,0.019,0.017,0.017,0.974,49.930
2410121326,2026-10-09 16:30:00,237.000,236.190,236.530,0.830,0.880,0.810,0.567,0.183,0.198,0.185,0.167,0.061,0.055,0.051,0.958,50.140
2410121353,2026-10-09 16:30:00,237.700,236.940,236.980,0.960,0.900,0.920,0.632,0.217,0.202,0.209,0.152,0.049,0.045,0.057,0.973,50.100
2410121371,2026-10-09 16:30:00,238.470,237.490,237.740,0.030,0.080,0.060,0.040,0.007,0.018,0.014,-0.009,-0.002,-0.005,-0.001,0.986,50.110
2410121424,2026-10-09 16:30:00,238.630,237.750,238.020,0.010,0.010,0.010,0.005,0.001,0.001,0.002,-0.002,-0.001,-0.001,0.000,0.841,50.090
2410121440,2026-10-09 16:30:00,237.990,237.190,237.300,0.010,0.010,0.010,0.005,0.002,0.001,0.001,-0.002,-0.001,-0.001,0.000,0.933,50.110
2410121457,2026-10-09 16:30:00,236.400,235.320,235.940,2.100,2.220,2.030,1.437,0.474,0.498,0.462,0.335,0.115,0.128,0.091,0.973,50.100
2410121574,2026-10-09 16:30:00,238.540,237.600,237.870,0.570,0.350,0.350,0.275,0.119,0.076,0.079,-0.040,-0.008,-0.014,-0.017,0.990,50.090
2410131378,2026-10-09 16:30:00,237.420,237.760,236.970,0.900,1.000,0.960,0.650,0.203,0.233,0.213,0.179,0.044,0.066,0.073,0.960,50.100
2410131383,2026-10-09 16:30:00,237.310,236.950,236.920,0.100,0.080,0.150,0.076,0.022,0.019,0.033,0.000,0.000,-0.001,0.000,1.000,50.110
2410131384,2026-10-09 16:30:00,236.040,236.510,235.850,0.870,0.920,0.870,0.612,0.195,0.216,0.201,0.144,0.046,0.055,0.043,0.972,49.920
2410131387,2026-10-09 16:30:00,237.080,237.370,237.270,0.070,0.050,0.020,0.029,0.014,0.011,0.004,-0.006,-0.005,0.002,-0.002,0.969,50.060
2410320615,2026-10-09 16:30:00,233.020,233.150,233.960,4.440,4.110,4.450,2.851,0.975,0.880,0.995,0.917,0.288,0.345,0.282,0.951,49.910
2410883988,2026-10-09 16:30:00,229.620,230.490,229.840,0.290,0.290,0.370,0.214,0.065,0.066,0.083,0.038,0.014,0.011,0.013,0.984,49.970
2410883990,2026-10-09 16:30:00,230.580,229.800,229.580,0.090,0.050,0.010,0.031,0.020,0.008,0.002,0.010,0.001,0.008,0.000,0.960,50.030
2410883991,2026-10-09 16:30:00,235.760,236.140,236.630,0.170,0.130,0.500,0.187,0.040,0.029,0.117,-0.001,0.001,0.000,-0.003,0.999,50.020
2410883993,2026-10-09 16:30:00,236.700,235.630,236.230,0.800,0.990,0.940,0.601,0.174,0.218,0.209,0.024,0.001,0.019,0.004,0.998,50.060
2410883994,2026-10-09 16:30:00,236.640,235.640,236.150,0.000,0.000,0.010,0.003,0.000,0.000,0.003,0.000,0.000,0.000,0.000,1.000,49.980
2410932742,2026-10-09 16:30:00,230.120,228.220,228.380,3.350,3.320,3.490,2.078,0.685,0.672,0.709,0.591,0.200,0.183,0.206,0.960,49.930
2411087432,2026-10-09 16:30:00,235.740,236.380,235.540,1.780,2.360,2.380,1.460,0.408,0.524,0.527,0.388,0.076,0.165,0.146,0.965,49.980
2411087433,2026-10-09 16:30:00,236.680,236.980,237.400,0.620,0.660,0.690,0.463,0.146,0.155,0.160,-0.025,-0.013,-0.014,0.002,0.999,50.070
2411290205,2026-10-09 16:30:00,233.240,233.390,233.600,3.810,3.730,3.730,2.420,0.809,0.805,0.804,0.897,0.309,0.291,0.300,0.938,50.020
2510014481,2026-10-09 16:30:00,228.450,228.470,229.980,2.750,3.000,2.910,1.985,0.620,0.677,0.687,0.891,0.287,0.308,0.293,0.891,50.060
2510014483,2026-10-09 16:30:00,236.180,236.500,237.020,0.040,0.040,0.050,0.022,0.007,0.006,0.008,-0.018,-0.004,-0.005,-0.008,0.791,50.040
2510014484,2026-10-09 16:30:00,235.560,235.380,235.870,1.570,1.930,1.470,1.108,0.366,0.423,0.332,0.404,0.140,0.126,0.137,0.942,49.990
2510178139,2026-10-09 16:30:00,237.290,237.920,237.150,0.070,0.030,0.160,0.063,0.016,0.007,0.039,0.000,0.001,0.001,-0.003,1.000,50.090
2510178141,2026-10-09 16:30:00,236.110,236.530,237.110,0.640,0.310,0.340,0.283,0.129,0.072,0.080,0.011,0.023,-0.004,-0.007,0.997,50.000
2510203103,2026-10-09 16:30:00,227.040,225.230,225.590,0.790,0.600,0.660,0.441,0.178,0.133,0.145,-0.065,-0.017,-0.018,-0.029,0.990,49.920
2510203104,2026-10-09 16:30:00,229.830,230.040,230.470,0.920,0.890,0.940,0.588,0.193,0.192,0.202,0.136,0.028,0.054,0.054,0.975,49.940
2510203106,2026-10-09 16:30:00,236.790,236.580,237.030,0.010,0.010,0.000,0.005,0.001,0.003,0.000,-0.002,-0.002,0.000,0.000,0.888,49.930
2510203107,2026-10-09 16:30:00,224.110,223.700,224.350,1.700,1.730,1.580,1.049,0.358,0.359,0.331,0.286,0.089,0.109,0.088,0.965,50.020
2510203108,2026-10-09 16:30:00,235.630,236.100,235.060,1.360,1.810,2.220,1.203,0.293,0.401,0.501,0.260,0.074,0.074,0.110,0.971,49.920
2510203109,2026-10-09 16:30:00,236.530,237.110,236.210,0.160,0.170,0.160,0.113,0.035,0.039,0.037,0.008,0.013,-0.001,-0.004,0.997,50.090
2510203113,2026-10-09 16:30:00,236.560,236.280,235.950,1.840,1.800,2.300,1.357,0.423,0.406,0.526,0.136,0.026,0.041,0.069,0.994,49.960
2510203114,2026-10-09 16:30:00,230.010,230.350,230.750,0.970,0.900,0.900,0.573,0.197,0.187,0.188,0.120,0.032,0.042,0.044,0.979,50.090
2510203117,2026-10-09 16:30:00,229.990,229.130,228.850,0.310,0.640,0.420,0.297,0.064,0.142,0.091,0.085,0.031,0.025,0.029,0.960,49.920
2510203118,2026-10-09 16:30:00,123.760,123.860,124.150,0.190,0.160,0.160,0.061,0.022,0.019,0.019,-0.006,-0.002,0.000,-0.003,0.990,50.080
2510203120,2026-10-09 16:30:00,236.060,235.170,235.650,1.390,1.050,1.090,0.806,0.321,0.239,0.244,0.133,0.053,0.045,0.034,0.986,49.900
2510203121,2026-10-09 16:30:00,229.850,229.630,230.560,0.320,0.310,0.430,0.236,0.070,0.069,0.096,0.028,0.014,0.007,0.005,0.993,50.070
2510203122,2026-10-09 16:30:00,235.920,236.630,235.760,0.860,0.650,0.570,0.335,0.146,0.113,0.075,0.336,0.132,0.094,0.109,0.705,49.950
2510203123,2026-10-09 16:30:00,235.320,235.940,236.370,1.990,2.390,2.270,0.605,0.232,0.290,0.266,0.364,0.131,0.090,0.142,0.968,49.940
2510203124,2026-10-09 16:30:00,236.720,236.830,236.240,0.790,0.820,0.800,0.513,0.169,0.173,0.170,0.177,0.054,0.062,0.060,0.945,50.120
2510203125,2026-10-09 16:30:00,237.330,237.680,237.410,0.050,0.030,0.060,0.026,0.009,0.003,0.013,-0.018,-0.007,-0.006,-0.004,0.828,50.060
2510203126,2026-10-09 16:30:00,230.380,230.080,231.100,0.370,0.290,0.290,0.214,0.083,0.064,0.066,0.038,0.013,0.014,0.011,0.986,50.140
2510203127,2026-10-09 16:30:00,236.410,236.970,236.250,0.820,0.810,0.920,0.549,0.175,0.171,0.202,0.076,0.026,0.028,0.021,0.990,50.140
2510203128,2026-10-09 16:30:00,235.970,236.450,234.990,1.720,1.580,1.670,1.136,0.393,0.361,0.382,0.089,0.020,0.023,0.045,0.997,49.920
2510203130,2026-10-09 16:30:00,243.970,244.230,245.740,0.110,0.000,0.120,0.037,0.006,0.000,0.030,0.000,-0.001,0.000,0.001,0.990,50.110
2510203134,2026-10-09 16:30:00,237.190,236.160,236.480,0.020,0.010,0.010,0.007,0.004,0.002,0.001,-0.001,0.000,-0.001,0.000,0.982,49.940
2510224049,2026-10-09 16:30:00,229.130,230.050,229.300,0.160,1.240,8.260,2.060,0.030,0.140,1.880,0.000,0.010,-0.120,0.100,0.999,50.030
2510224167,2026-10-09 16:30:00,229.140,228.710,229.890,0.760,0.120,0.350,0.170,0.090,0.010,0.050,-0.150,-0.080,-0.010,-0.050,0.748,49.990
2510317505,2026-10-09 16:30:00,229.650,229.380,230.360,0.090,0.030,2.250,0.270,0.010,0.000,0.250,-0.250,-0.010,0.000,-0.230,0.743,50.010
2510317516,2026-10-09 16:30:00,229.830,229.480,230.510,0.000,0.000,0.000,0.000,0.000,0.000,0.000,0.000,0.000,0.000,0.000,1.000,49.990
2510317537,2026-10-09 16:30:00,235.570,235.930,236.710,2.640,2.550,2.700,1.620,0.560,0.540,0.520,-0.290,-0.090,-0.100,-0.090,0.985,50.000
2510389559,2026-10-09 16:30:00,237.300,237.230,237.590,0.000,0.000,0.000,0.000,0.000,0.000,0.000,0.000,0.000,0.000,0.000,1.000,49.970
2510389643,2026-10-09 16:30:00,237.100,236.970,237.310,0.250,0.000,0.000,0.050,0.050,0.000,0.000,-0.010,-0.010,0.000,0.000,0.979,50.010
2510389931,2026-10-09 16:30:00,236.850,236.430,237.030,0.000,0.000,0.000,0.000,0.000,0.000,0.000,0.000,0.000,0.000,0.000,1.000,50.030
2510633381,2026-10-09 16:30:00,237.040,236.080,236.440,0.360,0.310,0.330,0.221,0.082,0.070,0.069,0.047,0.014,0.015,0.018,0.983,50.130
2510633382,2026-10-09 16:30:00,236.430,237.010,236.710,0.740,0.690,0.770,0.486,0.159,0.153,0.173,0.190,0.072,0.061,0.056,0.932,50.090
2510633383,2026-10-09 16:30:00,236.410,236.990,237.510,1.420,1.140,1.490,0.912,0.323,0.245,0.342,0.010,0.020,-0.004,-0.006,1.000,50.130
2510633385,2026-10-09 16:30:00,237.570,237.480,237.870,0.180,0.070,0.130,0.089,0.041,0.017,0.029,0.013,0.004,0.001,0.006,0.988,50.080
2510633386,2026-10-09 16:30:00,223.300,223.540,224.100,0.400,0.400,0.370,0.167,0.057,0.056,0.053,-0.197,-0.066,-0.068,-0.062,0.652,50.090
2510633387,2026-10-09 16:30:00,236.270,236.960,236.120,0.030,0.000,0.150,0.044,0.008,0.001,0.035,-0.005,0.000,0.000,-0.003,0.995,50.070
2510633389,2026-10-09 16:30:00,236.080,235.740,235.530,1.280,1.310,1.330,0.841,0.286,0.275,0.279,0.346,0.109,0.113,0.123,0.921,50.070
2510633390,2026-10-09 16:30:00,236.240,236.830,236.000,0.730,0.750,0.800,0.499,0.162,0.163,0.174,0.125,0.034,0.046,0.043,0.970,50.070
2510633391,2026-10-09 16:30:00,124.480,124.240,124.090,0.450,0.530,0.720,0.196,0.050,0.064,0.082,-0.001,0.011,-0.019,0.005,0.998,50.110
2510633393,2026-10-09 16:30:00,235.730,236.220,235.890,1.650,1.640,1.670,1.117,0.371,0.370,0.374,0.264,0.092,0.079,0.091,0.973,50.110
2510633395,2026-10-09 16:30:00,236.930,237.410,236.440,0.000,0.000,0.000,0.000,0.000,0.000,0.000,0.000,0.000,0.000,0.000,1.000,50.100
2510633397,2026-10-09 16:30:00,243.170,242.200,242.630,0.090,0.140,0.200,0.102,0.022,0.032,0.048,0.004,0.003,0.000,0.000,0.999,50.080
2510633399,2026-10-09 16:30:00,229.920,229.530,230.620,0.660,0.780,0.800,0.509,0.149,0.176,0.182,-0.013,-0.003,-0.003,-0.006,1.000,50.140
2510633400,2026-10-09 16:30:00,227.960,228.800,228.030,1.130,1.180,1.120,0.751,0.234,0.254,0.239,0.298,0.090,0.106,0.100,0.925,50.090
2510633402,2026-10-09 16:30:00,230.760,230.970,232.410,0.800,0.910,1.030,0.529,0.148,0.178,0.201,0.226,0.075,0.067,0.083,0.936,50.090
2510633406,2026-10-09 16:30:00,229.900,229.510,230.640,0.010,0.010,0.010,0.003,0.001,0.000,0.000,-0.003,-0.001,0.000,-0.001,0.689,50.060
2510633411,2026-10-09 16:30:00,227.500,226.570,226.260,2.230,2.130,2.170,1.353,0.469,0.437,0.446,0.539,0.172,0.181,0.186,0.929,50.120
2510814977,2026-10-09 16:30:00,231.410,232.770,231.120,0.010,0.010,0.040,0.011,0.002,0.000,0.008,-0.002,0.000,-0.001,-0.001,0.970,50.060
2610026950,2026-10-09 16:30:00,230.610,229.780,229.490,0.010,0.000,0.050,0.016,0.003,0.000,0.012,0.000,0.000,0.000,0.000,0.990,50.060
2610026952,2026-10-09 16:30:00,235.470,234.740,234.870,1.550,1.480,1.500,0.972,0.333,0.315,0.323,0.384,0.134,0.132,0.117,0.930,50.050
2610026953,2026-10-09 16:30:00,236.270,235.920,236.470,0.750,0.760,0.750,0.458,0.147,0.159,0.151,0.166,0.062,0.057,0.046,0.945,50.070
2610026963,2026-10-09 16:30:00,237.190,237.100,237.850,0.540,0.360,0.300,0.282,0.127,0.084,0.071,-0.037,-0.018,-0.008,-0.011,0.992,50.120
2610026966,2026-10-09 16:30:00,229.860,230.660,229.620,0.490,0.330,0.780,0.361,0.111,0.075,0.173,0.022,0.024,0.001,-0.003,0.996,50.110
2610026976,2026-10-09 16:30:00,235.140,234.970,236.140,1.800,1.980,2.020,1.313,0.405,0.413,0.494,0.480,0.153,0.204,0.122,0.935,50.130
2610026977,2026-10-09 16:30:00,240.590,242.050,241.010,0.350,0.000,0.000,0.071,0.070,0.000,0.000,0.047,0.047,0.000,0.000,0.828,50.110
2610126270,2026-10-09 16:30:00,229.550,230.480,229.900,0.030,0.050,0.020,0.022,0.006,0.012,0.003,-0.004,-0.001,0.000,-0.001,0.984,50.020
2610126451,2026-10-09 16:30:00,237.110,237.630,236.880,0.000,0.000,0.100,0.022,0.000,0.000,0.022,0.004,0.000,0.000,0.002,1.000,50.060
2610159557,2026-10-09 16:30:00,237.100,236.240,236.570,0.020,0.040,0.040,0.021,0.004,0.008,0.008,-0.005,-0.002,-0.001,0.000,0.950,50.060
2610159558,2026-10-09 16:30:00,236.170,236.590,237.110,0.010,0.010,0.030,0.009,0.001,0.001,0.006,0.001,0.000,0.001,0.001,0.989,50.070
2610170786,2026-10-09 16:30:00,235.990,236.350,236.810,0.840,0.920,0.890,0.709,0.226,0.248,0.234,0.138,0.042,0.045,0.050,0.984,50.000
2610170836,2026-10-09 16:30:00,235.430,235.810,236.200,0.650,0.630,1.060,0.488,0.154,0.142,0.190,0.218,0.067,0.069,0.077,0.944,50.050
2610170837,2026-10-09 16:30:00,232.770,230.950,231.260,0.000,0.000,0.040,0.007,0.000,0.000,0.007,0.007,0.000,0.000,0.007,0.744,50.030
2610170838,2026-10-09 16:30:00,236.870,235.750,236.340,0.010,0.080,0.080,0.048,0.001,0.017,0.028,0.000,0.000,0.001,-0.001,0.994,49.980
2610170839,2026-10-09 16:30:00,235.980,236.410,236.900,0.020,0.010,0.050,0.017,0.004,0.001,0.011,0.000,0.000,0.000,0.001,0.975,50.030
2610170840,2026-10-09 16:30:00,236.820,236.460,237.070,0.010,0.000,0.000,0.001,0.001,0.000,0.000,0.000,0.000,0.000,0.000,0.886,50.030
2610322967,2026-10-09 16:30:00,237.520,236.480,236.660,0.020,0.000,0.000,0.003,0.003,0.000,0.000,0.000,0.000,0.000,0.000,1.000,50.060
2610322969,2026-10-09 16:30:00,230.490,229.560,229.320,0.280,0.640,0.500,0.323,0.061,0.143,0.118,0.082,0.025,0.022,0.034,0.963,50.060
2610322992,2026-10-09 16:30:00,227.960,229.180,229.880,3.090,3.260,3.230,2.028,0.633,0.704,0.689,0.741,0.281,0.223,0.236,0.939,50.010
2610322995,2026-10-09 16:30:00,236.170,236.560,236.940,0.000,0.000,0.000,0.000,0.000,0.000,0.000,0.000,0.000,0.000,0.000,1.000,50.050
2610323001,2026-10-09 16:30:00,228.110,227.310,227.160,3.720,3.180,3.420,2.099,0.761,0.646,0.691,1.000,0.345,0.321,0.332,0.902,50.030
2610323004,2026-10-09 16:30:00,64.250,63.650,64.180,0.330,0.300,0.350,0.062,0.020,0.019,0.022,0.008,0.004,0.001,0.002,0.996,50.050
2610323005,2026-10-09 16:30:00,229.570,230.630,229.940,0.130,0.000,0.000,0.031,0.029,0.001,0.000,0.000,0.000,0.000,0.000,1.000,50.040
2610323010,2026-10-09 16:30:00,237.390,237.030,236.800,0.040,0.000,0.070,0.022,0.006,0.000,0.015,0.002,-0.005,0.000,0.008,0.973,50.050
2610323014,2026-10-09 16:30:00,236.620,236.650,237.360,0.030,0.000,0.010,0.010,0.007,0.000,0.003,-0.002,-0.001,0.000,-0.001,0.993,50.030
2610323016,2026-10-09 16:30:00,229.070,227.900,228.090,3.180,2.960,2.950,1.883,0.665,0.609,0.608,0.814,0.272,0.265,0.270,0.917,50.010
2610323017,2026-10-09 16:30:00,236.250,236.880,235.780,0.000,0.000,0.000,0.000,0.000,0.000,0.000,0.000,0.000,0.000,0.000,1.000,50.000
2610323019,2026-10-09 16:30:00,229.420,230.650,229.990,0.020,0.080,0.030,0.028,0.004,0.018,0.005,-0.005,-0.001,-0.001,-0.002,0.981,50.020
2610323027,2026-10-09 16:30:00,237.080,236.000,236.490,0.000,0.000,0.000,0.000,0.000,0.000,0.000,0.000,0.000,0.000,0.000,1.000,50.000
2410121454,2026-10-09 16:31:00,237.940,238.460,237.450,0.460,0.550,0.660,0.380,0.099,0.128,0.151,0.049,0.011,0.011,0.026,0.991,50.080
2510014482,2026-10-09 16:31:00,236.530,237.090,236.270,0.660,0.400,0.260,0.275,0.134,0.086,0.053,-0.018,-0.002,-0.007,-0.009,0.995,50.070
2510203111,2026-10-09 16:31:00,236.370,237.060,237.470,2.170,1.840,2.280,1.400,0.482,0.404,0.513,0.274,0.134,0.058,0.081,0.981,50.110
2510203133,2026-10-09 16:31:00,235.890,236.550,235.680,0.270,0.050,0.380,0.162,0.063,0.011,0.088,-0.001,0.005,0.003,-0.010,0.998,49.920
2610170785,2026-10-09 16:31:00,237.180,236.260,236.710,0.040,0.000,0.000,0.009,0.008,0.000,0.000,0.000,0.000,0.000,0.000,0.931,50.070
2610322997,2026-10-09 16:31:00,230.560,230.860,229.770,1.230,1.370,0.970,0.764,0.280,0.282,0.200,0.302,0.048,0.152,0.102,0.932,50.080
2510203105,2026-10-09 16:32:00,231.740,229.890,230.530,2.260,2.330,2.180,1.507,0.503,0.518,0.485,0.487,0.170,0.165,0.150,0.950,50.090
2510633396,2026-10-09 16:32:00,237.650,237.020,237.390,0.660,0.700,0.640,0.446,0.146,0.157,0.142,0.135,0.045,0.047,0.042,0.956,50.080
2246006313,2026-10-09 17:00:00,58.600,58.500,58.500,1.166,1.185,1.126,0.190,0.063,0.064,0.061,0.040,0.015,0.012,0.012,0.979,50.100
2410121326,2026-10-09 17:00:00,238.760,237.880,238.140,0.640,0.710,0.750,0.483,0.147,0.165,0.171,0.073,0.017,0.023,0.031,0.989,50.090
2410121353,2026-10-09 17:00:00,237.630,236.880,237.130,0.630,0.560,0.520,0.378,0.136,0.126,0.115,0.116,0.038,0.034,0.044,0.956,50.090
2410121371,2026-10-09 17:00:00,239.630,238.700,239.000,0.030,0.010,0.060,0.021,0.007,0.000,0.013,-0.004,-0.002,-0.001,-0.001,0.983,50.140
2410121424,2026-10-09 17:00:00,239.070,238.320,238.660,0.010,0.010,0.010,0.005,0.001,0.001,0.002,-0.002,-0.001,-0.001,0.000,0.840,50.060
2410121440,2026-10-09 17:00:00,239.050,238.300,238.600,0.010,0.010,0.010,0.005,0.002,0.000,0.001,-0.002,-0.001,-0.001,0.000,0.850,50.130
2410121454,2026-10-09 17:00:00,238.670,239.180,238.120,0.380,0.470,0.600,0.340,0.088,0.112,0.139,0.026,0.004,0.003,0.018,0.997,50.060
2410121457,2026-10-09 17:00:00,238.140,237.190,237.850,1.810,1.850,1.690,1.247,0.421,0.430,0.395,0.085,0.034,0.042,0.008,0.997,50.160
2410121574,2026-10-09 17:00:00,238.900,237.930,238.240,0.280,0.150,0.150,0.127,0.064,0.031,0.031,-0.047,-0.013,-0.016,-0.016,0.938,50.070
2410131378,2026-10-09 17:00:00,238.640,238.860,238.020,0.790,1.050,0.970,0.573,0.173,0.207,0.200,0.154,0.036,0.050,0.067,0.966,50.150
2410131383,2026-10-09 17:00:00,238.790,238.390,238.270,0.080,0.040,0.070,0.044,0.018,0.008,0.016,-0.002,0.000,-0.001,-0.001,1.000,50.130
2410131384,2026-10-09 17:00:00,238.810,239.250,238.580,1.000,1.050,1.020,0.638,0.210,0.228,0.217,0.155,0.043,0.060,0.050,0.978,50.100
2410131387,2026-10-09 17:00:00,237.580,237.990,237.870,0.060,0.050,0.030,0.030,0.012,0.011,0.006,-0.007,-0.006,0.002,-0.003,0.976,49.960
2410320615,2026-10-09 17:00:00,233.740,233.960,234.770,4.510,4.150,4.450,2.949,1.022,0.907,1.019,0.922,0.292,0.343,0.282,0.955,50.110
2410883988,2026-10-09 17:00:00,233.740,234.100,233.860,0.400,0.400,0.470,0.276,0.085,0.086,0.104,0.100,0.033,0.033,0.033,0.939,50.120
2410883990,2026-10-09 17:00:00,233.740,233.380,233.250,0.080,0.000,0.030,0.026,0.019,0.000,0.006,0.006,0.001,0.000,0.004,0.986,50.140
2410883991,2026-10-09 17:00:00,238.020,238.300,238.850,0.080,0.140,0.470,0.163,0.019,0.032,0.111,0.007,0.000,0.006,0.001,1.000,50.040
2410883993,2026-10-09 17:00:00,239.320,238.190,238.500,0.890,0.850,1.230,0.630,0.202,0.192,0.322,0.041,-0.003,0.034,0.010,0.998,50.160
2410883994,2026-10-09 17:00:00,239.160,238.280,238.740,0.000,0.000,0.000,0.001,0.000,0.000,0.000,0.000,0.000,0.000,0.000,1.000,50.100
2410932742,2026-10-09 17:00:00,229.770,227.770,228.120,3.420,3.350,3.550,2.203,0.735,0.712,0.755,0.636,0.219,0.197,0.219,0.960,50.100
2411087432,2026-10-09 17:00:00,238.140,238.870,237.930,1.050,1.150,1.140,0.759,0.253,0.251,0.256,0.098,0.012,0.038,0.047,0.991,50.130
2411087433,2026-10-09 17:00:00,239.120,239.360,239.800,0.530,0.540,0.610,0.415,0.132,0.136,0.146,0.054,0.011,0.015,0.028,0.991,50.150
2411290205,2026-10-09 17:00:00,234.700,234.800,235.090,3.830,3.730,3.840,2.605,0.874,0.852,0.878,0.575,0.203,0.180,0.191,0.976,50.040
2510014481,2026-10-09 17:00:00,228.470,228.870,230.360,2.700,2.900,2.820,1.741,0.548,0.604,0.620,0.771,0.255,0.262,0.253,0.916,50.150
2510014482,2026-10-09 17:00:00,238.240,238.910,237.780,0.240,0.120,0.060,0.099,0.056,0.028,0.014,-0.014,-0.009,0.000,-0.004,0.986,50.130
2510014483,2026-10-09 17:00:00,238.660,239.000,239.530,0.030,0.040,0.060,0.024,0.006,0.006,0.010,-0.019,-0.004,-0.005,-0.008,0.775,50.140
2510014484,2026-10-09 17:00:00,236.760,236.480,237.160,1.530,1.740,1.340,1.264,0.416,0.479,0.369,0.441,0.152,0.139,0.149,0.928,50.140
2510178139,2026-10-09 17:00:00,238.850,239.330,238.490,0.080,0.070,0.160,0.072,0.017,0.015,0.039,0.002,0.002,0.002,-0.002,1.000,50.140
2510178141,2026-10-09 17:00:00,238.090,238.700,239.130,0.610,0.280,0.330,0.266,0.122,0.066,0.077,0.027,0.030,0.000,-0.002,0.994,50.130
2510203103,2026-10-09 17:00:00,226.960,224.920,225.700,0.410,0.260,0.330,0.192,0.085,0.049,0.057,-0.080,-0.016,-0.017,-0.046,0.920,50.110
2510203104,2026-10-09 17:00:00,232.740,232.880,233.370,0.610,0.700,0.660,0.398,0.117,0.150,0.142,0.141,0.032,0.050,0.059,0.946,50.120
2510203106,2026-10-09 17:00:00,237.650,237.320,237.890,0.010,0.010,0.000,0.005,0.001,0.003,0.000,-0.002,-0.002,0.000,0.000,0.861,50.110
2510203107,2026-10-09 17:00:00,225.430,225.020,225.580,0.750,0.780,0.710,0.463,0.154,0.161,0.147,0.176,0.056,0.061,0.058,0.934,50.140
2510203108,2026-10-09 17:00:00,237.870,238.460,237.630,1.050,1.000,1.450,0.771,0.222,0.216,0.333,0.192,0.078,0.065,0.062,0.969,50.120
2510203109,2026-10-09 17:00:00,238.900,239.460,238.640,0.140,0.170,0.160,0.108,0.030,0.040,0.038,0.008,0.013,-0.001,-0.003,0.993,50.140
2510203111,2026-10-09 17:00:00,237.570,238.350,238.580,2.220,1.850,2.330,1.426,0.490,0.408,0.527,0.292,0.146,0.061,0.084,0.978,50.110
2510203113,2026-10-09 17:00:00,237.520,237.200,236.950,1.550,1.590,1.790,1.113,0.353,0.349,0.410,0.078,0.017,0.025,0.034,0.997,50.120
2510203114,2026-10-09 17:00:00,232.450,232.810,233.190,0.560,0.500,0.500,0.328,0.111,0.109,0.107,0.111,0.032,0.036,0.042,0.949,50.140
2510203117,2026-10-09 17:00:00,233.360,233.040,232.870,0.320,0.360,0.260,0.201,0.068,0.081,0.051,0.081,0.031,0.022,0.028,0.925,50.110
2510203118,2026-10-09 17:00:00,125.040,125.120,125.400,0.220,0.190,0.190,0.076,0.028,0.024,0.023,0.001,0.000,0.002,-0.002,0.994,50.150
2510203120,2026-10-09 17:00:00,239.010,238.140,238.610,1.130,0.860,0.910,0.691,0.264,0.204,0.222,0.131,0.063,0.054,0.044,0.981,50.110
2510203121,2026-10-09 17:00:00,233.570,233.350,233.850,0.260,0.260,0.370,0.194,0.056,0.056,0.081,0.019,0.010,0.005,0.003,0.996,50.150
2510203122,2026-10-09 17:00:00,238.270,239.030,238.030,0.220,0.160,0.300,0.146,0.049,0.036,0.060,0.041,0.015,-0.009,0.034,0.965,50.120
2510203123,2026-10-09 17:00:00,237.560,238.190,238.510,1.580,2.220,1.570,1.394,0.373,0.403,0.410,0.405,0.150,0.101,0.154,0.975,50.120
2510203124,2026-10-09 17:00:00,238.360,238.440,237.730,0.560,0.560,0.600,0.373,0.123,0.124,0.125,0.125,0.039,0.043,0.043,0.947,50.120
2510203125,2026-10-09 17:00:00,237.880,238.440,238.190,0.050,0.030,0.060,0.026,0.009,0.003,0.013,-0.018,-0.007,-0.006,-0.004,0.815,50.160
2510203126,2026-10-09 17:00:00,233.510,233.470,233.950,0.470,0.390,0.400,0.275,0.103,0.085,0.086,0.098,0.032,0.032,0.033,0.942,50.080
2510203127,2026-10-09 17:00:00,237.900,238.680,237.690,1.690,1.630,1.560,0.991,0.345,0.330,0.315,0.055,0.034,0.003,0.017,0.998,50.090
2510203128,2026-10-09 17:00:00,238.650,239.120,237.710,1.800,1.610,1.750,1.200,0.423,0.373,0.403,0.097,0.022,0.026,0.048,0.996,50.110
2510203130,2026-10-09 17:00:00,243.220,243.570,245.410,0.000,0.060,0.050,0.019,0.000,0.006,0.012,0.014,0.000,0.012,0.001,0.798,50.120
2510203134,2026-10-09 17:00:00,239.830,238.820,239.110,0.020,0.010,0.010,0.007,0.004,0.002,0.001,-0.001,0.000,-0.001,0.000,0.990,50.100
2510224049,2026-10-09 17:00:00,233.080,233.500,233.250,0.050,1.190,0.020,0.170,0.000,0.160,0.000,-0.140,0.000,-0.120,0.000,0.748,50.140
2510224167,2026-10-09 17:00:00,233.360,233.070,233.720,0.750,0.120,0.360,0.170,0.090,0.010,0.050,-0.160,-0.080,-0.020,-0.050,0.734,50.140
2510317505,2026-10-09 17:00:00,233.450,233.290,233.710,0.090,0.030,2.230,0.280,0.010,0.000,0.260,-0.260,-0.010,0.000,-0.240,0.729,50.140
2510317516,2026-10-09 17:00:00,233.540,233.410,233.950,0.000,0.000,0.000,0.000,0.000,0.000,0.000,0.000,0.000,0.000,0.000,1.000,50.150
2510317537,2026-10-09 17:00:00,238.410,238.650,239.410,3.160,3.160,3.100,1.860,0.620,0.620,0.610,-0.320,-0.100,-0.110,-0.110,0.983,50.140
2510389559,2026-10-09 17:00:00,238.170,237.800,238.410,0.000,0.000,0.000,0.000,0.000,0.000,0.000,0.000,0.000,0.000,0.000,1.000,50.130
2510389643,2026-10-09 17:00:00,238.380,237.960,238.540,0.090,0.000,0.000,0.010,0.010,0.000,0.000,-0.010,-0.010,0.000,0.000,0.647,50.140
2510389931,2026-10-09 17:00:00,236.440,235.960,236.710,0.000,0.000,0.000,0.000,0.000,0.000,0.000,0.000,0.000,0.000,0.000,1.000,50.150
2510633381,2026-10-09 17:00:00,239.470,238.440,238.820,0.200,0.100,0.080,0.089,0.046,0.024,0.018,-0.016,-0.010,-0.002,-0.003,0.980,50.090
2510633382,2026-10-09 17:00:00,236.540,237.220,236.820,0.530,0.550,0.600,0.380,0.118,0.125,0.136,0.116,0.041,0.037,0.037,0.956,50.120
2510633383,2026-10-09 17:00:00,237.790,238.380,238.860,1.390,1.120,1.330,0.873,0.316,0.230,0.305,0.011,0.020,-0.002,-0.006,1.000,50.100
2510633385,2026-10-09 17:00:00,238.030,237.750,238.320,0.080,0.020,0.020,0.026,0.018,0.004,0.003,-0.008,-0.004,-0.001,-0.001,0.972,50.140
2510633386,2026-10-09 17:00:00,225.490,225.580,226.120,0.390,0.400,0.370,0.154,0.050,0.053,0.050,-0.213,-0.072,-0.072,-0.067,0.585,50.130
2510633387,2026-10-09 17:00:00,238.150,238.930,238.000,0.030,0.000,0.150,0.044,0.008,0.000,0.035,-0.005,0.000,0.000,-0.003,0.991,50.160
2510633389,2026-10-09 17:00:00,236.650,236.230,235.840,1.730,1.730,1.760,1.197,0.396,0.398,0.401,0.360,0.112,0.118,0.130,0.956,50.170
2510633390,2026-10-09 17:00:00,239.070,239.640,238.850,0.810,0.860,0.850,0.590,0.193,0.194,0.202,0.106,0.028,0.039,0.039,0.982,50.160
2510633391,2026-10-09 17:00:00,125.280,125.220,125.210,0.340,0.260,0.510,0.127,0.040,0.023,0.062,-0.003,0.021,-0.013,-0.009,1.000,50.130
2510633393,2026-10-09 17:00:00,236.300,236.900,236.580,1.540,1.540,1.550,1.046,0.345,0.352,0.350,0.267,0.093,0.079,0.094,0.968,50.140
2510633395,2026-10-09 17:00:00,238.590,239.000,237.940,0.000,0.000,0.000,0.000,0.000,0.000,0.000,0.000,0.000,0.000,0.000,1.000,50.130
2510633396,2026-10-09 17:00:00,238.310,237.560,238.150,0.610,0.660,0.610,0.415,0.134,0.147,0.134,0.131,0.043,0.045,0.041,0.952,50.100
2510633397,2026-10-09 17:00:00,246.220,245.230,245.730,0.060,0.010,0.030,0.024,0.015,0.002,0.006,-0.003,0.000,-0.002,0.000,1.000,50.160
2510633399,2026-10-09 17:00:00,233.370,233.070,233.630,0.560,0.630,0.650,0.427,0.129,0.147,0.150,-0.003,-0.001,0.000,-0.001,1.000,50.080
2510633400,2026-10-09 17:00:00,232.610,233.180,232.800,0.680,0.770,0.730,0.456,0.135,0.174,0.146,0.178,0.055,0.062,0.057,0.927,50.140
2510633402,2026-10-09 17:00:00,230.490,230.910,232.590,0.390,0.470,0.540,0.311,0.082,0.106,0.122,0.076,0.025,0.021,0.028,0.971,50.110
2510633406,2026-10-09 17:00:00,233.830,233.500,234.160,0.010,0.010,0.010,0.003,0.001,0.001,0.000,-0.003,-0.001,0.000,-0.001,0.697,50.160
2510633411,2026-10-09 17:00:00,231.310,230.860,230.570,1.920,1.760,1.800,1.135,0.401,0.360,0.373,0.502,0.166,0.163,0.172,0.914,50.110
2510814977,2026-10-09 17:00:00,231.530,232.970,230.920,0.020,0.010,0.010,0.005,0.003,0.000,0.002,-0.002,0.001,-0.001,-0.001,0.989,50.160
2610026950,2026-10-09 17:00:00,234.130,233.640,233.530,0.040,0.030,0.060,0.029,0.008,0.006,0.013,-0.001,0.000,0.000,0.000,1.000,50.160
2610026952,2026-10-09 17:00:00,238.280,237.520,237.710,1.160,1.130,1.140,0.764,0.258,0.250,0.255,0.189,0.066,0.064,0.058,0.970,50.160
2610026953,2026-10-09 17:00:00,237.090,236.650,237.220,0.720,0.640,0.700,0.488,0.161,0.158,0.168,0.168,0.065,0.055,0.047,0.940,50.150
2610026963,2026-10-09 17:00:00,238.540,238.600,239.280,0.670,0.520,0.440,0.383,0.157,0.123,0.103,-0.052,-0.023,-0.012,-0.015,0.991,50.090
2610026966,2026-10-09 17:00:00,230.360,230.820,229.910,0.480,0.290,0.800,0.352,0.106,0.064,0.182,0.031,0.026,0.002,0.002,0.996,50.120
2610026976,2026-10-09 17:00:00,236.630,236.570,237.510,1.950,2.160,2.250,1.230,0.370,0.410,0.452,0.390,0.108,0.167,0.113,0.936,50.090
2610026977,2026-10-09 17:00:00,241.300,242.360,241.520,0.490,0.140,0.140,0.144,0.094,0.025,0.024,0.119,0.070,0.023,0.025,0.771,50.120
2610126451,2026-10-09 17:00:00,239.000,239.430,238.600,0.000,0.000,0.070,0.016,0.000,0.000,0.016,0.007,0.000,0.000,0.006,0.874,50.150
2610159557,2026-10-09 17:00:00,239.650,238.850,239.190,0.020,0.030,0.060,0.023,0.007,0.007,0.009,-0.007,-0.002,-0.001,-0.004,0.943,50.160
2610159558,2026-10-09 17:00:00,238.740,239.110,239.630,0.030,0.010,0.020,0.014,0.007,0.001,0.004,0.003,0.000,0.000,0.003,0.947,50.150
2610170785,2026-10-09 17:00:00,239.440,238.490,238.950,0.020,0.000,0.000,0.015,0.005,0.001,0.008,0.001,0.001,0.000,0.000,0.948,50.160
2610170786,2026-10-09 17:00:00,238.200,238.500,238.820,1.490,1.490,1.530,0.874,0.277,0.290,0.306,0.232,0.068,0.078,0.086,0.974,50.140
2610170836,2026-10-09 17:00:00,237.680,238.130,238.640,0.470,0.450,0.470,0.562,0.174,0.178,0.246,0.190,0.064,0.057,0.068,0.834,50.150
2610170837,2026-10-09 17:00:00,232.720,230.600,231.080,0.000,0.000,0.050,0.010,0.000,0.000,0.010,0.007,0.000,0.000,0.007,0.831,50.140
2610170838,2026-10-09 17:00:00,239.500,238.350,238.930,0.010,0.070,0.150,0.035,0.001,0.016,0.018,0.001,0.000,0.002,0.000,1.000,50.140
2610170839,2026-10-09 17:00:00,238.460,238.890,239.400,0.000,0.010,0.060,0.013,0.000,0.000,0.012,0.002,0.000,0.000,0.002,0.987,50.150
2610170840,2026-10-09 17:00:00,236.440,236.030,236.730,0.900,0.900,0.910,0.571,0.189,0.189,0.192,0.292,0.099,0.095,0.098,0.890,50.140
2610322967,2026-10-09 17:00:00,240.030,238.990,239.140,0.010,0.000,0.000,0.002,0.002,0.000,0.000,0.000,0.000,0.000,0.000,1.000,50.160
2610322969,2026-10-09 17:00:00,233.620,233.120,233.070,0.740,0.860,0.620,0.515,0.190,0.200,0.124,0.235,0.076,0.085,0.073,0.867,50.150
2610322992,2026-10-09 17:00:00,228.050,229.370,229.960,2.730,2.850,2.850,1.798,0.567,0.619,0.611,0.623,0.235,0.174,0.210,0.943,50.140
2610322995,2026-10-09 17:00:00,238.700,238.970,239.540,0.000,0.000,0.000,0.000,0.000,0.000,0.000,0.000,0.000,0.000,0.000,1.000,50.160
2610322997,2026-10-09 17:00:00,230.490,231.090,229.810,1.160,1.230,0.880,0.604,0.242,0.224,0.172,0.278,0.057,0.136,0.084,0.919,50.150
2610323001,2026-10-09 17:00:00,228.770,227.280,227.700,3.000,2.740,2.750,1.718,0.616,0.547,0.555,0.896,0.309,0.292,0.293,0.885,50.140
2610323004,2026-10-09 17:00:00,64.200,63.590,64.220,0.310,0.280,0.290,0.042,0.013,0.013,0.015,0.010,0.004,0.002,0.003,0.971,50.160
2610323005,2026-10-09 17:00:00,233.460,233.930,233.610,0.060,0.030,0.010,0.062,0.027,0.019,0.026,-0.002,-0.002,0.000,0.000,0.985,50.160
2610323010,2026-10-09 17:00:00,237.990,237.750,237.500,0.150,0.000,0.000,0.034,0.034,0.000,0.000,-0.006,-0.006,0.000,0.000,0.991,50.150
2610323014,2026-10-09 17:00:00,238.470,238.650,239.220,0.050,0.000,0.010,0.014,0.011,0.000,0.002,-0.002,-0.001,0.000,0.000,1.000,50.150
2610323016,2026-10-09 17:00:00,229.390,227.980,228.360,2.960,2.690,2.740,1.750,0.623,0.559,0.573,0.660,0.227,0.216,0.217,0.935,50.140
2610323017,2026-10-09 17:00:00,238.710,239.380,238.310,0.000,0.000,0.000,0.000,0.000,0.000,0.000,0.000,0.000,0.000,0.000,1.000,50.130
2610323019,2026-10-09 17:00:00,233.110,233.770,233.470,0.060,0.080,0.030,0.037,0.012,0.018,0.006,-0.006,-0.003,-0.001,-0.001,0.982,50.140
2610323027,2026-10-09 17:00:00,239.720,238.660,239.210,0.000,0.000,0.000,0.000,0.000,0.000,0.000,0.000,0.000,0.000,0.000,1.000,50.090
2510203105,2026-10-09 17:01:00,233.300,231.060,231.870,1.210,1.390,1.100,0.835,0.270,0.311,0.253,0.056,0.022,0.018,0.016,0.997,50.060
2510203133,2026-10-09 17:02:00,238.120,238.820,237.930,0.430,0.210,0.460,0.245,0.096,0.041,0.108,0.073,0.030,0.028,0.013,0.960,50.110
2610126270,2026-10-09 17:02:00,233.970,234.370,234.140,0.030,0.050,0.010,0.020,0.006,0.012,0.001,-0.004,-0.001,-0.001,-0.001,0.989,49.970
2246006313,2026-10-09 17:30:00,57.900,57.700,57.700,1.278,1.282,1.166,0.203,0.068,0.068,0.065,0.044,0.016,0.013,0.014,0.978,50.150
2410121326,2026-10-09 17:30:00,234.930,234.150,234.320,0.360,0.390,0.450,0.277,0.083,0.092,0.102,0.014,0.001,0.001,0.011,0.997,50.150
2410121353,2026-10-09 17:30:00,234.320,233.550,233.780,0.460,0.400,0.430,0.283,0.102,0.087,0.092,0.092,0.029,0.025,0.037,0.950,50.100
2410121371,2026-10-09 17:30:00,235.250,234.310,234.640,0.030,0.010,0.060,0.020,0.006,0.000,0.013,-0.005,-0.001,-0.001,-0.001,0.971,50.140
2410121424,2026-10-09 17:30:00,234.710,233.930,234.310,0.010,0.010,0.010,0.004,0.000,0.001,0.002,-0.002,-0.001,-0.001,0.000,0.809,50.120
2410121440,2026-10-09 17:30:00,235.070,234.180,234.490,0.010,0.010,0.010,0.005,0.002,0.000,0.001,-0.002,-0.001,-0.001,0.000,0.843,50.140
2410121454,2026-10-09 17:30:00,234.420,234.940,234.020,0.070,0.110,0.170,0.080,0.016,0.026,0.038,0.013,0.004,0.004,0.004,0.983,50.120
2410121457,2026-10-09 17:30:00,232.460,231.550,232.190,2.020,2.040,1.880,1.296,0.438,0.443,0.413,0.407,0.142,0.146,0.119,0.954,50.140
2410121574,2026-10-09 17:30:00,234.660,233.680,234.010,0.280,0.200,0.190,0.149,0.063,0.044,0.041,-0.038,-0.008,-0.015,-0.014,0.965,50.140
2410131378,2026-10-09 17:30:00,234.100,234.270,233.590,0.800,0.970,0.940,0.626,0.180,0.233,0.212,0.139,0.033,0.054,0.055,0.976,50.130
2410131383,2026-10-09 17:30:00,238.850,238.650,238.300,0.080,0.060,0.070,0.049,0.019,0.013,0.017,-0.004,-0.001,-0.001,-0.001,0.997,50.190
2410131384,2026-10-09 17:30:00,238.370,238.870,238.110,1.030,1.100,1.090,0.633,0.213,0.212,0.207,0.151,0.047,0.061,0.043,0.977,50.120
2410131387,2026-10-09 17:30:00,237.450,237.830,238.110,0.060,0.040,0.030,0.028,0.013,0.009,0.006,-0.007,-0.006,0.002,-0.003,0.960,50.140
2410320615,2026-10-09 17:30:00,235.240,235.550,236.110,3.470,3.180,3.500,2.245,0.776,0.693,0.764,0.535,0.157,0.196,0.180,0.973,50.130
2410883988,2026-10-09 17:30:00,229.970,230.480,230.080,0.260,0.260,0.340,0.191,0.057,0.057,0.076,0.039,0.014,0.012,0.013,0.977,50.120
2410883990,2026-10-09 17:30:00,229.980,229.550,229.400,0.080,0.000,0.090,0.038,0.018,0.000,0.019,0.004,0.001,0.000,0.003,0.982,50.130
2410883991,2026-10-09 17:30:00,238.550,238.830,239.560,0.070,0.040,0.430,0.135,0.022,0.010,0.102,-0.008,-0.002,0.000,-0.006,0.997,50.140
2410883993,2026-10-09 17:30:00,239.150,238.150,238.470,1.150,1.010,1.340,0.788,0.258,0.223,0.306,0.017,0.003,0.009,0.004,0.999,50.140
2410883994,2026-10-09 17:30:00,239.740,238.600,239.060,0.000,0.000,0.060,0.014,0.000,0.000,0.014,0.000,0.000,0.000,0.000,1.000,50.130
2410932742,2026-10-09 17:30:00,230.880,228.570,228.890,3.370,3.210,3.470,2.146,0.723,0.682,0.740,0.626,0.219,0.195,0.211,0.960,50.150
2411087433,2026-10-09 17:30:00,238.880,239.170,239.740,0.520,0.510,0.560,0.379,0.124,0.122,0.132,0.049,0.011,0.011,0.025,0.992,50.130
2411290205,2026-10-09 17:30:00,233.950,233.900,234.170,4.040,3.920,3.990,2.689,0.901,0.886,0.901,0.880,0.300,0.278,0.301,0.945,50.140
2510014481,2026-10-09 17:30:00,228.770,229.140,230.810,2.640,2.810,2.780,1.737,0.576,0.616,0.616,0.788,0.268,0.262,0.257,0.917,50.150
2510014482,2026-10-09 17:30:00,234.480,234.980,234.190,0.010,0.080,0.060,0.078,0.045,0.019,0.012,0.005,0.009,0.000,-0.003,0.988,50.140
2510014483,2026-10-09 17:30:00,238.560,238.890,239.510,0.030,0.030,0.080,0.026,0.006,0.004,0.015,-0.019,-0.004,-0.005,-0.009,0.815,50.140
2510014484,2026-10-09 17:30:00,236.580,236.240,236.830,1.880,2.020,1.750,1.255,0.414,0.455,0.358,0.450,0.157,0.141,0.152,0.935,50.120
2510178139,2026-10-09 17:30:00,234.860,235.320,234.510,0.080,0.070,0.120,0.065,0.018,0.017,0.029,0.001,0.002,0.002,-0.002,1.000,50.140
2510178141,2026-10-09 17:30:00,234.320,234.640,235.090,0.020,0.010,0.010,0.005,0.002,0.001,0.002,-0.008,-0.004,-0.001,-0.002,0.506,50.110
2510203103,2026-10-09 17:30:00,227.520,225.190,225.630,0.060,0.100,0.100,0.058,0.014,0.022,0.021,-0.003,0.000,-0.001,-0.001,1.000,50.140
2510203104,2026-10-09 17:30:00,232.420,232.570,233.200,0.680,0.720,0.610,0.411,0.127,0.150,0.122,0.139,0.033,0.051,0.055,0.951,50.120
2510203105,2026-10-09 17:30:00,231.760,229.620,230.330,2.140,2.000,1.820,1.230,0.428,0.420,0.381,0.547,0.194,0.185,0.165,0.913,50.130
2510203106,2026-10-09 17:30:00,237.950,237.470,238.060,0.010,0.010,0.000,0.005,0.001,0.003,0.000,-0.002,-0.001,0.000,0.000,0.955,50.120
2510203107,2026-10-09 17:30:00,226.280,225.840,226.460,0.280,0.350,0.270,0.197,0.061,0.076,0.059,0.038,0.010,0.014,0.012,0.981,50.120
2510203108,2026-10-09 17:30:00,233.830,233.970,233.410,1.110,1.880,1.520,1.028,0.249,0.428,0.367,0.131,0.041,0.043,0.046,0.989,50.160
2510203109,2026-10-09 17:30:00,238.660,239.420,238.380,0.150,0.170,0.170,0.112,0.032,0.039,0.040,0.008,0.013,-0.001,-0.003,0.994,50.130
2510203111,2026-10-09 17:30:00,232.800,233.640,233.900,2.270,1.900,2.370,1.435,0.497,0.409,0.529,0.287,0.139,0.062,0.084,0.980,50.130
2510203113,2026-10-09 17:30:00,237.710,237.680,237.230,1.240,1.090,1.460,0.873,0.288,0.250,0.342,0.068,0.019,0.017,0.032,0.997,50.110
2510203114,2026-10-09 17:30:00,232.140,232.510,233.080,0.540,0.470,0.460,0.299,0.112,0.094,0.092,0.137,0.042,0.045,0.049,0.912,50.120
2510203117,2026-10-09 17:30:00,230.390,229.930,229.630,0.180,0.380,0.060,0.130,0.041,0.085,0.003,-0.009,0.000,-0.007,-0.001,0.998,50.160
2510203118,2026-10-09 17:30:00,124.920,125.030,125.360,0.190,0.160,0.160,0.066,0.024,0.021,0.020,-0.005,-0.002,0.000,-0.003,0.998,50.150
2510203120,2026-10-09 17:30:00,238.990,237.990,238.380,0.660,0.450,0.500,0.380,0.148,0.102,0.117,0.154,0.064,0.046,0.043,0.935,50.150
2510203121,2026-10-09 17:30:00,229.660,229.430,229.960,0.190,0.190,0.300,0.157,0.044,0.044,0.069,0.012,0.007,0.003,0.000,0.995,50.130
2510203122,2026-10-09 17:30:00,234.190,234.880,234.020,0.130,0.020,0.010,0.025,0.022,0.002,0.000,0.016,0.020,-0.002,-0.001,0.836,50.110
2510203123,2026-10-09 17:30:00,233.470,234.100,234.400,1.320,1.840,1.570,0.699,0.171,0.285,0.243,0.288,0.085,0.117,0.148,0.966,50.110
2510203125,2026-10-09 17:30:00,237.910,238.350,238.260,0.030,0.030,0.060,0.020,0.003,0.003,0.013,-0.017,-0.006,-0.006,-0.005,0.748,50.150
2510203126,2026-10-09 17:30:00,229.960,229.660,230.330,0.340,0.260,0.260,0.191,0.076,0.056,0.057,0.038,0.012,0.014,0.011,0.978,50.130
2510203127,2026-10-09 17:30:00,234.360,234.960,234.210,0.650,0.670,0.430,0.365,0.129,0.137,0.100,-0.015,-0.014,0.000,-0.002,0.998,50.130
2510203128,2026-10-09 17:30:00,238.300,238.740,237.150,1.660,1.580,1.810,1.156,0.388,0.363,0.404,0.086,0.014,0.025,0.045,0.997,50.140
2510203130,2026-10-09 17:30:00,243.440,243.870,245.810,0.020,0.000,0.050,0.017,0.004,0.001,0.011,0.001,0.000,0.000,0.001,1.000,50.120
2510203133,2026-10-09 17:30:00,234.120,234.690,233.910,0.230,0.060,0.340,0.146,0.054,0.013,0.078,-0.008,0.004,0.000,-0.012,0.996,50.130
2510203134,2026-10-09 17:30:00,240.030,238.860,239.100,0.020,0.010,0.010,0.007,0.004,0.002,0.001,-0.001,0.000,-0.001,0.000,0.992,50.150
2510224049,2026-10-09 17:30:00,229.150,229.670,229.290,0.050,1.240,0.020,0.160,0.000,0.150,0.000,-0.130,0.000,-0.120,0.000,0.783,50.130
2510224167,2026-10-09 17:30:00,229.520,229.170,229.940,0.760,0.120,0.360,0.170,0.090,0.010,0.050,-0.150,-0.080,-0.010,-0.050,0.747,50.120
2510317505,2026-10-09 17:30:00,229.500,229.220,229.900,0.090,0.030,2.200,0.270,0.010,0.000,0.250,-0.250,-0.010,0.000,-0.230,0.739,50.110
2510317516,2026-10-09 17:30:00,229.880,229.560,230.220,0.000,0.000,0.000,0.000,0.000,0.000,0.000,0.000,0.000,0.000,0.000,1.000,50.120
2510317537,2026-10-09 17:30:00,238.070,238.170,238.950,2.460,2.480,2.320,1.650,0.570,0.550,0.550,-0.290,-0.100,-0.100,-0.080,0.985,50.120
2510389559,2026-10-09 17:30:00,238.600,238.050,238.680,0.000,0.000,0.000,0.000,0.000,0.000,0.000,0.000,0.000,0.000,0.000,1.000,50.120
2510389643,2026-10-09 17:30:00,238.490,237.940,238.550,1.810,0.000,0.000,0.290,0.290,0.000,0.000,-0.070,-0.070,0.000,0.000,0.969,50.110
2510389931,2026-10-09 17:30:00,237.940,237.320,238.060,0.000,0.000,0.000,0.000,0.000,0.000,0.000,0.000,0.000,0.000,0.000,1.000,50.130
2510633381,2026-10-09 17:30:00,239.600,238.540,238.970,0.130,0.070,0.050,0.057,0.028,0.016,0.012,-0.017,-0.009,-0.004,-0.003,0.953,50.120
2510633382,2026-10-09 17:30:00,237.470,238.120,238.070,0.170,0.180,0.200,0.122,0.036,0.040,0.045,-0.046,-0.014,-0.015,-0.016,0.937,50.130
2510633383,2026-10-09 17:30:00,234.200,234.530,235.000,0.120,0.100,0.140,0.053,0.021,0.008,0.023,-0.063,-0.019,-0.021,-0.022,0.642,50.130
2510633385,2026-10-09 17:30:00,238.290,237.760,238.410,0.090,0.020,0.020,0.027,0.019,0.003,0.004,-0.009,-0.005,-0.002,-0.001,0.966,50.130
2510633386,2026-10-09 17:30:00,225.170,225.410,226.100,0.400,0.400,0.370,0.158,0.052,0.054,0.051,-0.213,-0.072,-0.073,-0.067,0.606,50.120
2510633387,2026-10-09 17:30:00,233.810,234.390,233.670,0.030,0.020,0.010,0.013,0.008,0.002,0.001,0.001,-0.001,0.002,0.000,0.999,50.120
2510633389,2026-10-09 17:30:00,237.430,237.300,236.770,0.970,0.940,0.990,0.717,0.245,0.233,0.239,0.050,0.014,0.017,0.018,0.998,50.140
2510633390,2026-10-09 17:30:00,238.590,239.290,238.320,0.660,0.550,0.660,0.415,0.145,0.121,0.148,0.112,0.039,0.041,0.031,0.966,50.150
2510633391,2026-10-09 17:30:00,123.440,123.000,123.140,0.000,0.000,0.000,0.000,0.000,0.000,0.000,0.000,0.000,0.000,0.000,1.000,50.190
2510633393,2026-10-09 17:30:00,236.560,237.210,237.080,1.400,1.420,1.440,0.976,0.317,0.326,0.331,0.211,0.076,0.059,0.076,0.977,50.150
2510633395,2026-10-09 17:30:00,234.500,234.940,234.120,0.000,0.000,0.000,0.000,0.000,0.000,0.000,0.000,0.000,0.000,0.000,1.000,50.130
2510633396,2026-10-09 17:30:00,234.380,233.640,234.270,0.520,0.580,0.510,0.351,0.113,0.126,0.111,0.125,0.041,0.043,0.040,0.944,50.130
2510633397,2026-10-09 17:30:00,245.930,244.770,245.260,0.050,0.020,0.020,0.018,0.011,0.003,0.003,-0.003,0.000,-0.002,0.000,0.989,50.170
2510633399,2026-10-09 17:30:00,229.620,229.220,229.990,0.480,0.530,0.590,0.365,0.109,0.122,0.133,-0.012,-0.003,-0.003,-0.005,0.998,50.140
2510633400,2026-10-09 17:30:00,228.110,228.690,228.310,0.860,0.960,0.910,0.573,0.181,0.221,0.191,0.189,0.057,0.066,0.065,0.947,50.190
2510633402,2026-10-09 17:30:00,230.740,230.990,232.860,0.490,0.610,0.690,0.332,0.094,0.110,0.127,0.169,0.055,0.054,0.059,0.917,50.140
2510633406,2026-10-09 17:30:00,229.660,229.310,230.070,0.010,0.010,0.010,0.003,0.001,0.000,0.000,-0.003,-0.001,0.000,-0.001,0.689,50.140
2510633411,2026-10-09 17:30:00,226.920,226.390,225.980,2.280,2.100,2.180,1.348,0.475,0.429,0.443,0.545,0.176,0.178,0.189,0.928,50.180
2510814977,2026-10-09 17:30:00,231.690,233.410,231.260,0.010,0.010,0.040,0.013,0.002,0.002,0.008,-0.002,0.000,-0.001,-0.001,0.974,50.140
2610026950,2026-10-09 17:30:00,230.160,229.540,229.400,0.010,0.000,0.020,0.007,0.001,0.000,0.005,0.000,0.000,0.000,0.000,1.000,50.140
2610026952,2026-10-09 17:30:00,233.480,232.740,233.040,1.460,1.410,1.420,0.883,0.300,0.289,0.293,0.266,0.091,0.091,0.081,0.951,50.140
2610026953,2026-10-09 17:30:00,237.310,236.700,237.400,0.700,0.790,0.780,0.500,0.159,0.166,0.174,0.169,0.062,0.055,0.048,0.949,50.140
2610026963,2026-10-09 17:30:00,234.450,234.530,235.160,0.620,0.470,0.430,0.353,0.142,0.110,0.100,-0.033,-0.017,-0.006,-0.010,0.996,50.120
2610026966,2026-10-09 17:30:00,229.960,230.530,229.850,0.340,0.230,0.680,0.281,0.074,0.052,0.153,0.027,0.022,0.003,0.000,0.997,50.130
2610026976,2026-10-09 17:30:00,232.810,232.960,233.830,1.730,2.020,1.920,1.154,0.349,0.405,0.399,0.365,0.111,0.145,0.104,0.944,50.120
2610026977,2026-10-09 17:30:00,240.560,241.890,241.250,0.490,0.140,0.140,0.144,0.093,0.026,0.024,0.115,0.068,0.022,0.024,0.782,50.180
2610126270,2026-10-09 17:30:00,229.290,229.860,229.570,0.020,0.020,0.010,0.010,0.005,0.003,0.001,-0.003,0.000,0.000,-0.001,0.997,50.120
2610126451,2026-10-09 17:30:00,234.960,235.330,234.620,0.000,0.000,0.040,0.008,0.000,0.000,0.008,0.000,0.000,0.000,0.000,0.947,50.140
2610159557,2026-10-09 17:30:00,239.670,238.660,238.970,0.010,0.020,0.030,0.014,0.001,0.004,0.007,-0.004,-0.002,0.000,-0.001,0.947,50.140
2610159558,2026-10-09 17:30:00,238.470,238.920,239.540,0.010,0.000,0.020,0.007,0.002,0.000,0.004,0.001,0.000,0.000,0.001,0.980,50.140
2610170785,2026-10-09 17:30:00,239.490,238.460,238.920,0.020,0.000,0.000,0.004,0.004,0.000,0.000,0.000,0.000,0.000,0.000,1.000,50.140
2610170786,2026-10-09 17:30:00,238.110,238.350,238.880,1.180,1.230,1.240,0.822,0.263,0.274,0.305,0.211,0.062,0.072,0.076,0.969,50.120
2610170836,2026-10-09 17:30:00,233.510,234.000,234.310,0.500,0.410,0.640,0.330,0.106,0.100,0.123,0.231,0.078,0.066,0.078,0.756,50.140
2610170837,2026-10-09 17:30:00,233.210,230.850,231.400,0.010,0.000,0.020,0.005,0.000,0.000,0.004,0.000,0.000,0.000,0.000,1.000,50.120
2610170838,2026-10-09 17:30:00,239.500,238.270,238.790,0.050,0.100,0.130,0.068,0.012,0.024,0.031,0.000,0.000,0.001,-0.001,1.000,50.120
2610170839,2026-10-09 17:30:00,238.450,238.820,239.450,0.000,0.010,0.030,0.008,0.000,0.001,0.006,0.000,0.000,0.000,0.000,1.000,50.130
2610170840,2026-10-09 17:30:00,238.090,237.420,238.180,0.000,0.000,0.000,0.000,0.000,0.000,0.000,0.000,0.000,0.000,0.000,0.622,50.130
2610322967,2026-10-09 17:30:00,240.040,238.870,239.020,0.050,0.000,0.000,0.011,0.011,0.000,0.000,0.000,0.000,0.000,0.000,1.000,50.150
2610322969,2026-10-09 17:30:00,229.630,229.250,229.080,0.800,0.510,0.470,0.330,0.147,0.092,0.090,0.154,0.068,0.050,0.034,0.888,50.150
2610322992,2026-10-09 17:30:00,228.810,229.930,231.020,2.640,2.650,2.740,1.731,0.559,0.575,0.597,0.479,0.189,0.142,0.146,0.964,50.120
2610322995,2026-10-09 17:30:00,238.630,238.970,239.560,0.000,0.000,0.000,0.000,0.000,0.000,0.000,0.000,0.000,0.000,0.000,1.000,50.130
2610323001,2026-10-09 17:30:00,230.100,228.390,228.670,2.670,2.240,2.290,1.456,0.541,0.446,0.468,0.704,0.241,0.232,0.230,0.900,50.130
2610323004,2026-10-09 17:30:00,64.310,63.620,64.280,0.230,0.220,0.250,0.044,0.014,0.013,0.015,0.003,0.002,0.000,0.001,1.000,50.150
2610323010,2026-10-09 17:30:00,238.230,238.080,237.630,0.040,0.000,0.000,0.006,0.006,0.000,0.000,-0.006,-0.006,0.000,0.000,0.765,50.140
2610323014,2026-10-09 17:30:00,234.370,234.630,235.120,0.130,0.000,0.010,0.032,0.029,0.000,0.002,-0.004,-0.003,0.000,0.000,0.986,50.130
2610323016,2026-10-09 17:30:00,230.890,228.970,229.430,1.970,1.820,1.830,1.160,0.409,0.370,0.379,0.526,0.183,0.176,0.165,0.910,50.120
2610323017,2026-10-09 17:30:00,238.400,239.170,238.230,0.000,0.000,0.000,0.000,0.000,0.000,0.000,0.000,0.000,0.000,0.000,1.000,50.120
2610323019,2026-10-09 17:30:00,229.120,229.960,229.550,0.020,0.060,0.030,0.022,0.004,0.012,0.005,-0.008,-0.001,-0.004,-0.002,0.960,50.120
2610323027,2026-10-09 17:30:00,239.570,238.430,238.900,0.000,0.000,0.000,0.000,0.000,0.000,0.000,0.000,0.000,0.000,0.000,1.000,50.120
2510203124,2026-10-09 17:31:00,234.200,234.240,233.540,0.560,0.600,0.610,0.337,0.111,0.111,0.114,0.112,0.035,0.038,0.038,0.950,50.120
2610322997,2026-10-09 17:31:00,230.520,231.280,229.790,1.200,1.330,0.960,0.625,0.237,0.224,0.163,0.302,0.057,0.148,0.096,0.911,50.140
2411087432,2026-10-09 17:32:00,234.010,234.620,233.790,1.100,1.250,1.120,0.739,0.246,0.244,0.248,0.066,0.014,0.025,0.025,0.996,50.110
2610323005,2026-10-09 17:32:00,229.110,229.760,229.430,0.000,0.000,0.000,0.001,0.000,0.001,0.000,0.000,0.000,0.000,0.000,0.956,50.150
2246006313,2026-10-09 18:00:00,57.100,56.800,56.900,1.402,1.385,1.334,0.230,0.078,0.077,0.075,0.048,0.017,0.014,0.016,0.979,50.100
2410121326,2026-10-09 18:00:00,233.750,232.760,233.220,0.320,0.330,0.360,0.230,0.071,0.075,0.083,0.036,0.017,0.010,0.008,0.988,50.090
2410121371,2026-10-09 18:00:00,234.110,233.020,233.290,0.030,0.010,0.030,0.014,0.006,0.000,0.007,-0.003,-0.001,-0.001,0.000,0.970,50.030
2410121424,2026-10-09 18:00:00,233.730,232.810,233.100,0.010,0.010,0.010,0.004,0.000,0.001,0.002,-0.003,-0.001,-0.001,0.000,0.752,50.010
2410121440,2026-10-09 18:00:00,233.800,232.840,233.090,0.010,0.010,0.010,0.005,0.002,0.000,0.001,-0.002,-0.001,-0.001,0.000,0.881,50.040
2410121454,2026-10-09 18:00:00,233.110,233.810,232.850,0.080,0.220,0.150,0.100,0.015,0.049,0.035,0.019,0.007,0.007,0.004,0.985,50.010
2410121457,2026-10-09 18:00:00,231.480,230.380,230.970,2.130,2.110,1.940,1.337,0.461,0.452,0.423,0.442,0.153,0.160,0.128,0.949,50.050
2410121574,2026-10-09 18:00:00,233.930,232.750,233.030,0.170,0.130,0.120,0.089,0.039,0.025,0.023,-0.040,-0.010,-0.015,-0.014,0.911,50.010
2410131378,2026-10-09 18:00:00,232.860,233.350,232.360,0.830,1.000,1.010,0.753,0.234,0.270,0.248,0.152,0.035,0.052,0.061,0.974,50.030
2410131383,2026-10-09 18:00:00,237.710,237.840,237.340,0.050,0.030,0.070,0.036,0.012,0.007,0.016,-0.004,0.000,-0.001,-0.001,1.000,50.070
2410131384,2026-10-09 18:00:00,237.310,238.050,237.090,0.940,1.180,0.970,0.812,0.239,0.312,0.248,0.171,0.046,0.071,0.054,0.975,50.110
2410131387,2026-10-09 18:00:00,237.050,237.150,237.670,0.080,0.060,0.050,0.042,0.016,0.015,0.010,-0.010,-0.007,0.001,-0.004,0.963,50.040
2410320615,2026-10-09 18:00:00,235.170,235.490,236.230,3.090,2.900,3.110,2.125,0.711,0.661,0.752,0.484,0.138,0.179,0.167,0.974,50.120
2410883988,2026-10-09 18:00:00,226.710,227.310,227.240,0.430,0.410,0.500,0.283,0.090,0.085,0.107,0.103,0.035,0.034,0.033,0.940,50.100
2410883990,2026-10-09 18:00:00,227.030,227.010,226.520,0.080,0.000,0.040,0.027,0.018,0.000,0.009,0.000,0.001,0.000,-0.001,1.000,50.100
2410883991,2026-10-09 18:00:00,237.150,237.450,238.370,0.140,0.120,0.280,0.128,0.033,0.028,0.066,-0.006,-0.003,0.000,-0.002,0.996,50.090
2410883993,2026-10-09 18:00:00,238.170,236.940,237.090,0.680,0.530,1.130,0.542,0.155,0.125,0.263,-0.022,-0.009,-0.003,-0.010,0.999,50.120
2410883994,2026-10-09 18:00:00,238.680,237.380,237.870,0.000,0.040,0.010,0.010,0.000,0.008,0.001,0.000,0.000,0.000,0.000,1.000,50.150
2410932742,2026-10-09 18:00:00,228.910,226.720,226.810,3.360,3.240,3.480,2.142,0.719,0.687,0.736,0.614,0.211,0.191,0.212,0.961,50.110
2411087432,2026-10-09 18:00:00,233.440,234.100,233.130,0.980,1.080,0.860,0.637,0.228,0.215,0.193,0.182,0.009,0.099,0.073,0.960,50.090
2411087433,2026-10-09 18:00:00,237.450,237.630,238.530,0.520,0.500,0.520,0.362,0.119,0.116,0.120,0.046,0.012,0.009,0.024,0.992,50.120
2411290205,2026-10-09 18:00:00,234.210,233.960,234.190,3.700,3.490,3.680,2.426,0.822,0.779,0.824,0.665,0.233,0.211,0.218,0.966,50.090
2510014481,2026-10-09 18:00:00,226.820,227.180,229.000,2.700,2.850,2.750,1.681,0.523,0.577,0.547,0.630,0.210,0.213,0.206,0.938,50.130
2510014482,2026-10-09 18:00:00,233.220,233.710,232.780,0.010,0.080,0.000,0.019,0.002,0.017,0.000,-0.003,-0.002,-0.001,0.000,0.997,50.070
2510014483,2026-10-09 18:00:00,237.340,237.580,238.490,0.030,0.030,0.080,0.025,0.006,0.004,0.015,-0.019,-0.004,-0.005,-0.009,0.817,50.110
2510014484,2026-10-09 18:00:00,236.440,235.790,236.370,1.680,1.840,1.580,1.145,0.366,0.439,0.339,0.396,0.140,0.124,0.131,0.944,50.090
2510178139,2026-10-09 18:00:00,233.760,234.400,233.340,0.100,0.040,0.130,0.061,0.022,0.010,0.028,-0.001,0.000,0.000,-0.003,0.996,50.130
2510178141,2026-10-09 18:00:00,233.370,233.660,234.290,0.020,0.010,0.020,0.006,0.002,0.000,0.003,-0.008,-0.004,-0.001,-0.002,0.628,50.090
2510203103,2026-10-09 18:00:00,226.010,223.790,224.220,0.160,0.200,0.160,0.113,0.035,0.043,0.035,-0.019,-0.005,-0.006,-0.006,0.982,50.110
2510203104,2026-10-09 18:00:00,231.210,231.470,232.240,0.870,0.570,0.710,0.476,0.196,0.124,0.154,0.123,0.030,0.039,0.053,0.968,50.110
2510203105,2026-10-09 18:00:00,230.950,228.590,229.360,1.320,1.440,1.180,0.881,0.315,0.311,0.254,0.197,0.065,0.071,0.060,0.975,50.130
2510203106,2026-10-09 18:00:00,237.780,237.010,237.530,0.030,0.010,0.000,0.009,0.005,0.003,0.000,-0.004,-0.003,0.000,0.000,0.943,50.120
2510203107,2026-10-09 18:00:00,226.170,225.540,225.880,0.190,0.240,0.200,0.139,0.041,0.052,0.045,-0.011,-0.005,-0.003,-0.003,0.997,50.090
2510203108,2026-10-09 18:00:00,233.210,233.750,232.800,1.050,1.420,1.630,0.953,0.233,0.339,0.380,0.121,0.043,0.041,0.033,0.988,50.120
2510203109,2026-10-09 18:00:00,237.250,238.230,237.000,0.140,0.180,0.170,0.111,0.030,0.041,0.039,0.009,0.013,0.000,-0.003,0.997,50.130
2510203111,2026-10-09 18:00:00,232.770,233.300,233.820,2.260,1.890,2.360,1.421,0.487,0.405,0.528,0.287,0.142,0.062,0.082,0.980,50.120
2510203113,2026-10-09 18:00:00,237.030,237.230,236.610,1.170,1.160,1.380,0.844,0.272,0.254,0.317,0.062,0.017,0.023,0.033,0.997,50.100
2510203114,2026-10-09 18:00:00,230.950,231.430,232.090,0.630,0.330,0.410,0.300,0.146,0.081,0.098,0.074,0.024,0.019,0.030,0.973,50.130
2510203117,2026-10-09 18:00:00,226.860,226.700,226.100,0.290,0.470,0.160,0.205,0.064,0.105,0.034,-0.025,-0.007,-0.011,-0.006,0.990,50.110
2510203118,2026-10-09 18:00:00,124.240,124.310,124.770,0.190,0.160,0.160,0.064,0.023,0.020,0.020,-0.009,-0.003,-0.001,-0.005,0.998,50.120
2510203120,2026-10-09 18:00:00,238.170,236.930,237.310,0.680,0.460,0.510,0.379,0.153,0.106,0.119,0.103,0.046,0.029,0.027,0.962,50.110
2510203121,2026-10-09 18:00:00,226.770,226.270,226.890,0.210,0.200,0.300,0.163,0.048,0.046,0.068,0.007,0.005,0.002,0.000,0.996,50.130
2510203122,2026-10-09 18:00:00,233.600,234.210,233.180,0.070,0.020,0.010,0.016,0.013,0.002,0.000,0.005,0.009,-0.002,-0.001,0.931,50.100
2510203123,2026-10-09 18:00:00,232.690,233.450,234.050,1.600,2.510,1.110,0.537,0.150,0.223,0.162,0.223,0.090,0.048,0.083,0.993,50.110
2510203124,2026-10-09 18:00:00,233.560,233.760,232.910,0.510,0.520,0.530,0.342,0.112,0.113,0.116,0.112,0.035,0.038,0.038,0.948,50.130
2510203125,2026-10-09 18:00:00,237.230,237.600,237.870,0.030,0.030,0.190,0.052,0.004,0.004,0.044,-0.022,-0.006,-0.006,-0.009,0.912,50.120
2510203126,2026-10-09 18:00:00,226.930,226.480,227.140,0.500,0.420,0.410,0.282,0.106,0.089,0.085,0.102,0.033,0.034,0.034,0.939,50.100
2510203127,2026-10-09 18:00:00,233.270,233.840,232.920,0.700,0.480,0.420,0.343,0.138,0.109,0.095,0.001,0.014,-0.009,-0.003,1.000,50.110
2510203128,2026-10-09 18:00:00,237.390,238.210,236.390,1.650,1.440,1.770,1.128,0.384,0.333,0.416,0.065,0.011,0.018,0.036,0.998,50.120
2510203130,2026-10-09 18:00:00,241.420,241.910,243.780,0.020,0.000,0.050,0.016,0.004,0.001,0.010,0.001,0.000,0.000,0.001,0.987,50.130
2510203133,2026-10-09 18:00:00,233.610,234.160,233.210,0.120,0.050,0.330,0.114,0.028,0.010,0.074,-0.013,0.000,0.000,-0.013,0.992,50.080
2510203134,2026-10-09 18:00:00,238.880,237.560,237.720,0.020,0.010,0.010,0.007,0.004,0.002,0.001,-0.001,0.000,-0.001,0.000,0.986,50.110
2510224049,2026-10-09 18:00:00,226.110,226.810,226.710,15.290,12.690,6.610,6.960,2.740,2.730,1.470,-1.380,-0.450,-0.640,-0.280,0.980,50.100
2510224167,2026-10-09 18:00:00,226.730,226.170,226.940,4.580,1.290,2.440,1.870,1.030,0.360,0.460,-0.740,-0.280,-0.210,-0.240,0.926,50.100
2510317505,2026-10-09 18:00:00,226.850,226.230,226.980,1.080,1.090,2.660,0.690,0.190,0.180,0.300,-0.550,-0.110,-0.130,-0.290,0.781,50.090
2510317516,2026-10-09 18:00:00,227.110,226.500,227.170,0.000,0.000,0.000,0.000,0.000,0.000,0.000,0.000,0.000,0.000,0.000,1.000,50.100
2510317537,2026-10-09 18:00:00,237.050,236.980,238.180,2.470,2.630,2.460,1.690,0.550,0.590,0.540,-0.270,-0.080,-0.100,-0.080,0.985,50.090
2510389559,2026-10-09 18:00:00,237.970,237.370,237.860,0.000,0.000,0.000,0.000,0.000,0.000,0.000,0.000,0.000,0.000,0.000,1.000,50.090
2510389643,2026-10-09 18:00:00,238.210,237.540,237.950,1.100,0.000,0.000,0.180,0.180,0.000,0.000,-0.020,-0.020,0.000,0.000,0.986,50.100
2510633381,2026-10-09 18:00:00,238.280,237.070,237.370,0.150,0.100,0.050,0.072,0.036,0.022,0.012,-0.015,-0.008,-0.004,-0.002,0.983,50.110
2510633382,2026-10-09 18:00:00,236.950,237.390,237.640,0.150,0.150,0.180,0.103,0.031,0.031,0.040,-0.045,-0.014,-0.014,-0.015,0.918,50.050
2510633383,2026-10-09 18:00:00,233.190,233.330,234.030,0.100,0.080,0.090,0.016,0.005,0.002,0.009,-0.061,-0.023,-0.018,-0.018,0.268,50.110
2510633385,2026-10-09 18:00:00,238.120,237.530,237.880,0.080,0.060,0.020,0.034,0.017,0.012,0.004,-0.007,-0.001,-0.004,-0.001,0.965,50.060
2510633386,2026-10-09 18:00:00,224.020,224.200,225.090,0.370,0.380,0.350,0.127,0.042,0.044,0.040,-0.214,-0.072,-0.073,-0.068,0.509,50.050
2510633389,2026-10-09 18:00:00,237.160,237.370,236.670,0.430,0.420,0.410,0.288,0.096,0.096,0.092,0.079,0.022,0.027,0.029,0.964,50.060
2510633390,2026-10-09 18:00:00,237.140,238.100,236.790,0.480,0.490,0.610,0.360,0.107,0.109,0.136,0.071,0.019,0.025,0.025,0.979,50.060
2510633391,2026-10-09 18:00:00,122.760,122.250,122.390,0.000,0.000,0.000,0.000,0.000,0.000,0.000,0.000,0.000,0.000,0.000,1.000,50.070
2510633393,2026-10-09 18:00:00,235.950,236.430,236.590,1.320,1.330,1.390,0.959,0.310,0.319,0.329,0.200,0.074,0.054,0.071,0.979,50.030
2510633395,2026-10-09 18:00:00,233.540,234.130,233.240,0.000,0.000,0.000,0.000,0.000,0.000,0.000,0.000,0.000,0.000,0.000,1.000,50.130
2510633397,2026-10-09 18:00:00,244.520,243.140,243.520,0.040,0.040,0.030,0.026,0.009,0.009,0.007,-0.005,-0.002,-0.002,0.000,0.982,50.060
2510633399,2026-10-09 18:00:00,226.620,226.070,226.830,0.540,0.530,0.590,0.376,0.122,0.120,0.132,-0.009,-0.003,-0.001,-0.004,1.000,50.100
2510633400,2026-10-09 18:00:00,224.890,225.540,225.310,0.880,0.950,0.920,0.529,0.167,0.183,0.179,0.198,0.063,0.067,0.067,0.930,50.070
2510633402,2026-10-09 18:00:00,228.000,228.340,230.070,1.150,1.250,1.320,0.750,0.227,0.254,0.234,0.256,0.083,0.079,0.093,0.962,50.050
2510633406,2026-10-09 18:00:00,226.610,225.950,226.790,0.100,0.070,0.060,0.052,0.023,0.013,0.015,-0.018,-0.006,-0.006,-0.006,0.947,50.120
2510633411,2026-10-09 18:00:00,223.580,223.120,222.500,2.370,2.330,2.350,1.435,0.493,0.470,0.471,0.547,0.170,0.183,0.193,0.936,50.070
2510814977,2026-10-09 18:00:00,229.610,231.320,229.150,0.010,0.010,0.010,0.006,0.002,0.001,0.002,-0.002,0.000,-0.001,-0.001,0.897,50.120
2610026950,2026-10-09 18:00:00,226.790,226.550,225.960,0.010,0.000,0.020,0.006,0.001,0.000,0.004,0.000,0.000,0.000,0.000,0.975,50.120
2610026952,2026-10-09 18:00:00,231.190,230.200,230.610,2.260,2.150,2.180,1.365,0.467,0.440,0.456,0.626,0.221,0.210,0.195,0.908,50.120
2610026953,2026-10-09 18:00:00,237.000,236.130,236.670,0.660,0.630,0.650,0.472,0.158,0.160,0.153,0.162,0.062,0.056,0.043,0.938,50.120
2610026963,2026-10-09 18:00:00,233.530,233.580,234.420,0.510,0.390,0.330,0.284,0.117,0.090,0.075,-0.039,-0.018,-0.008,-0.011,0.989,50.120
2610026966,2026-10-09 18:00:00,229.150,229.900,229.220,0.300,0.210,0.270,0.172,0.063,0.047,0.061,0.022,0.019,0.005,-0.003,0.993,50.130
2610026976,2026-10-09 18:00:00,233.280,233.390,234.280,0.730,1.010,0.910,0.604,0.165,0.229,0.210,-0.050,-0.019,-0.006,-0.024,0.996,50.120
2610026977,2026-10-09 18:00:00,240.270,240.640,239.540,0.220,0.590,0.880,0.403,0.050,0.142,0.211,0.021,0.018,0.002,0.000,0.999,50.080
2610126270,2026-10-09 18:00:00,226.260,226.820,226.820,0.040,0.050,0.030,0.025,0.008,0.011,0.005,0.002,0.001,0.000,0.000,0.993,50.100
2610126451,2026-10-09 18:00:00,233.970,234.510,233.520,0.010,0.000,0.120,0.030,0.002,0.000,0.027,0.000,0.000,0.000,0.001,0.991,50.130
2610159557,2026-10-09 18:00:00,238.430,237.210,237.460,0.010,0.010,0.010,0.005,0.000,0.003,0.001,-0.004,-0.002,0.000,-0.001,0.811,50.130
2610159558,2026-10-09 18:00:00,237.110,237.460,238.420,0.020,0.010,0.010,0.008,0.004,0.001,0.002,0.000,0.000,0.000,0.000,0.988,50.120
2610170785,2026-10-09 18:00:00,238.330,237.060,237.420,0.000,0.000,0.000,0.001,0.000,0.000,0.000,0.000,0.000,0.000,0.000,0.989,50.120
2610170786,2026-10-09 18:00:00,236.960,237.240,238.100,0.940,0.960,0.960,0.583,0.184,0.195,0.204,0.137,0.043,0.043,0.050,0.975,50.100
2610170836,2026-10-09 18:00:00,232.710,233.350,233.800,0.430,0.260,0.490,0.263,0.102,0.045,0.116,0.134,0.045,0.039,0.049,0.882,50.110
2610170837,2026-10-09 18:00:00,231.330,229.010,229.580,0.000,0.000,0.020,0.006,0.000,0.000,0.005,0.000,0.000,0.000,0.000,0.968,50.100
2610170838,2026-10-09 18:00:00,238.460,237.010,237.340,0.020,0.100,0.180,0.065,0.004,0.018,0.042,-0.001,0.000,0.001,-0.002,0.998,50.090
2610170840,2026-10-09 18:00:00,237.640,236.750,237.600,0.010,0.000,0.000,0.001,0.001,0.000,0.000,0.000,0.000,0.000,0.000,0.963,50.100
2610322967,2026-10-09 18:00:00,238.820,237.440,237.540,0.010,0.000,0.000,0.002,0.002,0.000,0.000,0.000,0.000,0.000,0.000,1.000,50.120
2610322969,2026-10-09 18:00:00,226.520,226.230,225.970,0.640,0.390,0.280,0.235,0.128,0.043,0.063,0.144,0.057,0.075,0.012,0.843,50.120
2610322992,2026-10-09 18:00:00,227.600,228.620,229.730,1.740,1.950,1.890,1.319,0.407,0.460,0.450,0.367,0.135,0.107,0.125,0.963,50.100
2610322995,2026-10-09 18:00:00,237.300,237.530,238.440,0.000,0.000,0.000,0.000,0.000,0.000,0.000,0.000,0.000,0.000,0.000,1.000,50.120
2610322997,2026-10-09 18:00:00,228.690,229.290,227.720,1.340,1.490,1.150,0.865,0.306,0.316,0.242,0.324,0.053,0.152,0.110,0.934,50.100
2610323001,2026-10-09 18:00:00,227.620,226.260,226.490,3.190,2.530,2.710,1.675,0.631,0.498,0.545,0.759,0.271,0.244,0.243,0.913,50.100
2610323004,2026-10-09 18:00:00,63.720,63.040,63.710,0.240,0.230,0.260,0.045,0.014,0.014,0.016,0.003,0.001,0.000,0.000,0.992,50.110
2610323005,2026-10-09 18:00:00,226.430,227.190,226.980,0.000,0.000,0.000,0.001,0.000,0.001,0.000,0.000,0.000,0.000,0.000,0.942,50.100
2610323010,2026-10-09 18:00:00,237.460,237.690,237.030,0.060,0.000,0.000,0.011,0.011,0.000,0.000,-0.007,-0.007,0.000,0.000,0.837,50.110
2610323014,2026-10-09 18:00:00,233.320,233.600,234.280,0.100,0.000,0.010,0.024,0.022,0.000,0.001,-0.003,-0.002,0.000,0.000,0.977,50.100
2610323016,2026-10-09 18:00:00,229.360,227.430,227.930,1.700,1.560,1.580,0.996,0.352,0.317,0.327,0.423,0.151,0.139,0.132,0.919,50.090
2610323017,2026-10-09 18:00:00,236.940,238.000,236.860,0.000,0.000,0.000,0.000,0.000,0.000,0.000,0.000,0.000,0.000,0.000,1.000,50.060
2610323019,2026-10-09 18:00:00,225.990,227.040,226.850,0.020,0.020,0.030,0.015,0.004,0.005,0.005,-0.005,-0.001,-0.001,-0.002,0.954,50.100
2610323027,2026-10-09 18:00:00,238.520,237.150,237.540,0.000,0.000,0.000,0.000,0.000,0.000,0.000,0.000,0.000,0.000,0.000,1.000,50.090
2510389931,2026-10-09 18:01:00,237.340,236.550,237.070,0.000,0.000,0.000,0.000,0.000,0.000,0.000,0.000,0.000,0.000,0.000,1.000,50.020
2510633387,2026-10-09 18:01:00,233.020,233.590,232.660,0.010,0.020,0.000,0.004,0.002,0.002,0.000,0.002,0.000,0.002,0.000,0.969,50.040
2510633396,2026-10-09 18:01:00,233.390,232.480,233.080,0.620,0.680,0.610,0.417,0.133,0.146,0.131,0.124,0.041,0.043,0.039,0.956,50.040
2610170839,2026-10-09 18:01:00,236.770,237.150,238.090,0.000,0.020,0.030,0.013,0.001,0.005,0.006,0.000,0.000,0.000,0.000,1.000,50.000
2410121353,2026-10-09 18:02:00,233.590,232.670,232.800,0.460,0.420,0.480,0.292,0.102,0.090,0.099,0.105,0.031,0.029,0.044,0.938,50.030
2246006313,2026-10-09 18:30:00,58.100,57.900,57.900,1.357,1.331,1.291,0.217,0.073,0.073,0.071,0.047,0.016,0.014,0.015,0.977,50.100
2410121326,2026-10-09 18:30:00,234.430,233.600,233.870,0.320,0.310,0.390,0.234,0.073,0.070,0.090,0.030,0.013,0.010,0.007,0.991,50.130
2410121353,2026-10-09 18:30:00,234.210,233.460,233.600,0.820,0.710,0.770,0.505,0.179,0.155,0.170,0.130,0.042,0.041,0.046,0.968,50.030
2410121371,2026-10-09 18:30:00,234.370,233.480,233.740,0.040,0.010,0.030,0.017,0.008,0.000,0.007,-0.001,0.000,-0.001,0.000,1.000,50.070
2410121424,2026-10-09 18:30:00,234.620,233.790,234.040,0.010,0.010,0.010,0.004,0.000,0.001,0.002,-0.003,-0.001,-0.001,0.000,0.758,49.980
2410121440,2026-10-09 18:30:00,234.280,233.500,233.720,0.010,0.010,0.010,0.005,0.002,0.001,0.001,-0.003,-0.001,-0.001,0.000,0.920,50.080
2410121454,2026-10-09 18:30:00,234.100,234.750,233.880,0.060,0.170,0.140,0.086,0.013,0.039,0.033,0.014,0.005,0.005,0.002,0.988,49.980
2410121457,2026-10-09 18:30:00,232.700,231.830,232.290,2.100,2.030,1.940,1.331,0.462,0.440,0.428,0.388,0.135,0.138,0.115,0.959,50.100
2410121574,2026-10-09 18:30:00,235.010,233.970,234.230,0.140,0.110,0.090,0.070,0.031,0.020,0.019,-0.042,-0.011,-0.017,-0.013,0.838,50.020
2410131378,2026-10-09 18:30:00,233.950,234.300,233.450,1.050,1.160,1.320,0.609,0.170,0.226,0.212,0.154,0.035,0.054,0.062,0.981,50.060
2410131383,2026-10-09 18:30:00,242.570,242.180,241.920,0.050,0.030,0.050,0.029,0.011,0.006,0.011,-0.003,0.000,-0.001,-0.001,0.984,50.100
2410131384,2026-10-09 18:30:00,241.500,242.250,241.380,1.000,1.130,1.000,0.640,0.179,0.237,0.191,0.161,0.042,0.066,0.052,0.972,50.130
2410131387,2026-10-09 18:30:00,242.100,242.590,242.500,0.080,0.060,0.040,0.042,0.017,0.015,0.009,-0.010,-0.007,0.001,-0.004,0.968,49.920
2410320615,2026-10-09 18:30:00,240.370,240.880,241.320,2.580,2.460,2.560,1.799,0.625,0.572,0.601,0.480,0.145,0.174,0.159,0.965,50.170
2410883988,2026-10-09 18:30:00,231.510,232.110,231.860,0.280,0.260,0.360,0.201,0.062,0.058,0.080,0.050,0.017,0.016,0.016,0.970,50.150
2410883990,2026-10-09 18:30:00,231.740,231.360,231.100,0.080,0.000,0.040,0.027,0.018,0.000,0.008,0.000,0.001,0.000,-0.001,1.000,50.120
2410883991,2026-10-09 18:30:00,241.240,241.440,242.410,0.130,0.130,0.310,0.140,0.032,0.032,0.075,-0.005,-0.002,0.000,-0.003,0.999,50.100
2410883993,2026-10-09 18:30:00,242.510,241.520,241.530,0.720,0.410,1.200,0.571,0.171,0.100,0.296,-0.006,0.003,-0.002,-0.007,1.000,50.120
2410883994,2026-10-09 18:30:00,242.430,241.240,241.670,0.010,0.040,0.010,0.016,0.002,0.010,0.003,-0.001,0.000,0.000,0.000,1.000,50.150
2410932742,2026-10-09 18:30:00,233.120,231.030,231.190,3.280,3.180,3.360,2.107,0.709,0.677,0.720,0.637,0.219,0.202,0.216,0.957,50.110
2411087432,2026-10-09 18:30:00,237.550,238.200,237.310,1.070,1.060,0.860,0.657,0.248,0.222,0.185,0.159,0.009,0.074,0.075,0.969,50.160
2411087433,2026-10-09 18:30:00,242.200,242.460,243.250,0.550,0.540,0.540,0.398,0.134,0.134,0.129,-0.035,-0.014,-0.016,-0.003,0.996,50.120
2411290205,2026-10-09 18:30:00,240.160,240.070,240.530,2.150,2.050,2.220,1.409,0.468,0.447,0.493,0.483,0.172,0.146,0.156,0.943,50.100
2510014481,2026-10-09 18:30:00,231.450,231.460,233.140,2.740,2.960,2.820,1.763,0.566,0.614,0.583,0.744,0.245,0.249,0.249,0.919,50.120
2510014482,2026-10-09 18:30:00,237.280,237.700,236.910,0.010,0.070,0.000,0.019,0.002,0.017,0.000,-0.004,-0.002,-0.001,0.000,0.995,50.150
2510014483,2026-10-09 18:30:00,241.430,241.650,242.550,0.050,0.040,0.050,0.023,0.008,0.006,0.008,-0.020,-0.005,-0.006,-0.008,0.784,50.120
2510014484,2026-10-09 18:30:00,240.830,240.450,241.240,1.840,2.150,1.880,1.329,0.409,0.485,0.388,0.474,0.166,0.147,0.160,0.937,50.150
2510178139,2026-10-09 18:30:00,234.660,235.270,234.400,0.090,0.040,0.120,0.054,0.020,0.009,0.024,-0.001,0.001,0.000,-0.003,0.994,50.150
2510178141,2026-10-09 18:30:00,234.190,234.360,234.900,0.020,0.010,0.020,0.007,0.002,0.000,0.004,-0.008,-0.004,-0.001,-0.002,0.642,50.140
2510203103,2026-10-09 18:30:00,230.090,227.970,228.210,0.130,0.120,0.080,0.070,0.028,0.025,0.016,-0.019,-0.005,-0.006,-0.007,0.962,50.130
2510203104,2026-10-09 18:30:00,235.310,235.490,236.200,1.060,0.850,0.960,0.622,0.229,0.183,0.209,0.138,0.036,0.043,0.059,0.976,50.140
2510203105,2026-10-09 18:30:00,236.140,234.010,234.560,0.580,0.760,0.510,0.427,0.136,0.172,0.118,0.003,0.002,0.004,-0.003,1.000,50.150
2510203106,2026-10-09 18:30:00,242.440,241.960,242.750,0.030,0.010,0.000,0.009,0.005,0.003,0.000,-0.003,-0.003,0.000,0.000,0.964,50.140
2510203107,2026-10-09 18:30:00,230.380,230.000,230.690,0.210,0.270,0.230,0.164,0.049,0.063,0.052,0.009,0.002,0.003,0.004,0.998,50.120
2510203108,2026-10-09 18:30:00,237.660,238.110,237.340,1.040,1.310,1.460,0.879,0.237,0.312,0.329,0.077,0.016,0.039,0.024,0.997,50.110
2510203109,2026-10-09 18:30:00,241.760,242.680,241.620,0.150,0.170,0.210,0.124,0.033,0.040,0.049,0.008,0.015,0.000,-0.006,1.000,50.150
2510203111,2026-10-09 18:30:00,236.930,237.700,238.030,2.310,1.890,2.350,1.450,0.505,0.417,0.527,0.309,0.148,0.072,0.089,0.974,50.140
2510203113,2026-10-09 18:30:00,242.470,242.220,241.870,0.930,0.790,1.080,0.656,0.219,0.181,0.255,0.049,0.017,0.015,0.017,0.997,50.160
2510203114,2026-10-09 18:30:00,235.380,235.720,236.350,0.630,0.480,0.470,0.332,0.137,0.091,0.103,0.085,0.028,0.021,0.035,0.972,50.150
2510203117,2026-10-09 18:30:00,231.680,231.290,230.920,0.340,0.560,0.260,0.263,0.077,0.126,0.059,-0.045,-0.016,-0.016,-0.013,0.984,50.110
2510203118,2026-10-09 18:30:00,126.510,126.570,127.000,0.180,0.160,0.160,0.062,0.022,0.019,0.019,-0.009,-0.003,0.000,-0.004,0.982,50.120
2510203120,2026-10-09 18:30:00,242.310,241.240,241.520,0.670,0.490,0.510,0.371,0.149,0.109,0.115,0.124,0.054,0.037,0.033,0.950,50.110
2510203121,2026-10-09 18:30:00,231.480,231.160,231.920,0.450,0.280,0.420,0.264,0.102,0.064,0.097,-0.009,0.001,-0.003,-0.007,0.997,50.130
2510203122,2026-10-09 18:30:00,237.590,238.230,237.360,0.110,0.020,0.010,0.024,0.020,0.003,0.000,0.016,0.016,0.000,-0.001,0.879,50.150
2510203123,2026-10-09 18:30:00,236.700,237.420,237.800,2.380,2.720,2.350,1.431,0.497,0.564,0.370,0.501,0.180,0.142,0.170,0.974,50.140
2510203124,2026-10-09 18:30:00,234.270,234.410,233.600,0.600,0.610,0.620,0.392,0.128,0.130,0.133,0.124,0.039,0.042,0.042,0.952,50.160
2510203125,2026-10-09 18:30:00,242.340,243.050,242.700,0.110,0.040,0.200,0.076,0.024,0.005,0.046,-0.023,-0.006,-0.006,-0.010,0.958,50.120
2510203126,2026-10-09 18:30:00,231.450,230.900,231.750,0.360,0.280,0.260,0.201,0.081,0.062,0.058,0.049,0.015,0.017,0.016,0.972,50.140
2510203127,2026-10-09 18:30:00,233.950,234.560,233.730,0.710,0.630,0.420,0.357,0.139,0.122,0.095,0.010,0.015,0.000,-0.002,1.000,50.150
2510203128,2026-10-09 18:30:00,241.500,242.220,240.430,1.810,1.580,1.860,1.239,0.428,0.372,0.439,0.084,0.011,0.024,0.047,0.997,50.120
2510203130,2026-10-09 18:30:00,246.520,246.700,248.580,0.020,0.000,0.040,0.016,0.004,0.001,0.010,0.001,0.000,0.000,0.002,0.982,50.160
2510203133,2026-10-09 18:30:00,236.980,237.450,236.680,0.100,0.050,0.350,0.115,0.022,0.011,0.081,-0.002,0.005,0.004,-0.012,0.997,50.080
2510203134,2026-10-09 18:30:00,242.890,241.680,241.870,0.020,0.010,0.010,0.008,0.004,0.002,0.001,-0.001,0.000,-0.001,0.000,1.000,50.110
2510224049,2026-10-09 18:30:00,230.760,231.550,231.160,20.340,17.720,12.350,10.620,4.030,3.860,2.720,-2.250,-0.740,-0.900,-0.600,0.978,50.110
2510224167,2026-10-09 18:30:00,231.460,230.920,231.780,10.210,11.690,11.860,7.400,2.250,2.550,2.590,-2.250,-0.640,-0.790,-0.810,0.956,50.150
2510317505,2026-10-09 18:30:00,231.300,231.030,231.670,26.010,9.560,9.500,9.940,5.860,2.110,1.960,-2.130,-0.710,-0.580,-0.820,0.977,50.130
2510317516,2026-10-09 18:30:00,231.810,231.330,232.070,0.000,0.000,0.000,0.000,0.000,0.000,0.000,0.000,0.000,0.000,0.000,1.000,50.160
2510317537,2026-10-09 18:30:00,241.500,241.300,242.410,2.530,2.500,2.550,1.950,0.640,0.640,0.640,-0.340,-0.110,-0.110,-0.110,0.985,50.150
2510389559,2026-10-09 18:30:00,242.660,242.490,243.220,0.000,0.000,0.000,0.000,0.000,0.000,0.000,0.000,0.000,0.000,0.000,1.000,50.160
2510389643,2026-10-09 18:30:00,242.450,242.150,242.950,16.320,21.070,20.060,13.290,3.480,5.010,4.790,-1.420,-0.210,-0.650,-0.550,0.994,50.140
2510389931,2026-10-09 18:30:00,242.000,241.420,242.410,0.000,0.000,0.000,0.000,0.000,0.000,0.000,0.000,0.000,0.000,0.000,1.000,50.120
2510633381,2026-10-09 18:30:00,242.770,241.560,241.880,0.150,0.100,0.060,0.069,0.033,0.023,0.012,-0.018,-0.009,-0.005,-0.003,0.972,50.160
2510633382,2026-10-09 18:30:00,241.960,242.720,242.330,0.160,0.160,0.220,0.120,0.035,0.034,0.049,-0.050,-0.016,-0.015,-0.018,0.922,50.090
2510633383,2026-10-09 18:30:00,234.070,234.300,234.830,0.110,0.080,0.090,0.018,0.007,0.002,0.008,-0.061,-0.023,-0.019,-0.018,0.292,50.160
2510633385,2026-10-09 18:30:00,243.020,242.570,243.380,0.300,0.400,0.350,0.251,0.072,0.095,0.083,-0.034,-0.008,-0.015,-0.011,0.989,50.080
2510633386,2026-10-09 18:30:00,228.110,228.300,229.050,0.380,0.400,0.360,0.151,0.047,0.051,0.047,-0.209,-0.071,-0.072,-0.066,0.599,50.080
2510633387,2026-10-09 18:30:00,234.010,234.520,233.800,0.010,0.000,0.000,0.002,0.002,0.000,0.000,0.000,0.000,0.000,0.000,0.831,50.090
2510633389,2026-10-09 18:30:00,242.390,242.040,241.610,0.590,0.570,0.570,0.259,0.090,0.083,0.084,0.062,0.019,0.021,0.022,0.986,50.100
2510633390,2026-10-09 18:30:00,241.800,242.640,241.430,0.810,0.900,0.900,0.592,0.188,0.204,0.200,0.154,0.036,0.054,0.062,0.966,50.100
2510633391,2026-10-09 18:30:00,123.090,122.650,122.770,0.000,0.000,0.000,0.000,0.000,0.000,0.000,0.000,0.000,0.000,0.000,1.000,50.110
2510633393,2026-10-09 18:30:00,240.900,241.600,241.240,1.420,1.440,1.480,1.012,0.327,0.339,0.345,0.216,0.079,0.062,0.074,0.977,50.070
2510633395,2026-10-09 18:30:00,234.420,234.900,234.170,0.000,0.000,0.000,0.000,0.000,0.000,0.000,0.000,0.000,0.000,0.000,1.000,50.170
2510633396,2026-10-09 18:30:00,234.180,233.420,233.960,0.580,0.650,0.580,0.402,0.129,0.144,0.129,0.131,0.043,0.045,0.042,0.950,50.160
2510633397,2026-10-09 18:30:00,248.860,247.650,247.960,0.040,0.030,0.040,0.026,0.009,0.007,0.008,-0.007,-0.002,-0.002,-0.001,0.971,50.100
2510633399,2026-10-09 18:30:00,230.920,230.340,231.300,0.500,0.560,0.590,0.380,0.115,0.129,0.135,-0.003,-0.001,0.000,-0.002,1.000,50.140
2510633400,2026-10-09 18:30:00,229.590,230.380,229.900,0.760,0.830,0.790,0.511,0.160,0.180,0.170,0.205,0.064,0.071,0.069,0.932,50.100
2510633402,2026-10-09 18:30:00,233.250,233.400,235.100,1.030,1.000,1.060,0.607,0.187,0.204,0.215,0.204,0.064,0.062,0.076,0.956,50.080
2510633406,2026-10-09 18:30:00,231.730,231.150,232.090,0.170,0.200,0.200,0.124,0.037,0.043,0.043,-0.038,-0.011,-0.013,-0.013,0.957,50.120
2510633411,2026-10-09 18:30:00,228.410,227.800,227.260,2.270,2.150,2.200,1.367,0.475,0.441,0.450,0.555,0.175,0.185,0.194,0.925,50.110
2510814977,2026-10-09 18:30:00,234.210,235.850,233.960,0.010,0.010,0.010,0.006,0.002,0.001,0.002,-0.004,-0.001,-0.001,-0.001,0.868,50.110
2610026950,2026-10-09 18:30:00,232.110,231.580,231.190,0.010,0.000,0.020,0.007,0.001,0.000,0.005,0.000,0.000,0.000,0.000,1.000,50.120
2610026952,2026-10-09 18:30:00,233.200,232.540,232.750,1.670,1.620,1.660,1.029,0.347,0.336,0.345,0.265,0.096,0.086,0.082,0.962,50.110
2610026953,2026-10-09 18:30:00,241.880,241.370,242.200,0.620,0.620,0.610,0.442,0.154,0.136,0.150,0.173,0.065,0.055,0.051,0.921,50.130
2610026963,2026-10-09 18:30:00,234.420,234.420,235.060,0.470,0.310,0.290,0.246,0.107,0.072,0.066,-0.040,-0.020,-0.007,-0.012,0.987,50.160
2610026966,2026-10-09 18:30:00,230.890,231.550,231.020,0.050,0.050,0.050,0.030,0.011,0.009,0.009,0.011,0.002,0.003,0.004,0.927,50.160
2610026976,2026-10-09 18:30:00,233.950,234.180,234.950,0.720,0.790,0.900,0.590,0.205,0.176,0.208,-0.058,-0.016,-0.004,-0.035,0.994,50.160
2610026977,2026-10-09 18:30:00,241.920,242.330,241.630,0.220,0.580,0.870,0.399,0.050,0.140,0.209,0.022,0.018,0.002,0.000,0.997,50.110
2610126270,2026-10-09 18:30:00,230.920,231.630,231.370,0.020,0.030,0.010,0.014,0.003,0.008,0.002,-0.002,0.000,0.000,-0.001,0.956,50.110
2610126451,2026-10-09 18:30:00,234.740,235.160,234.390,0.010,0.000,0.100,0.024,0.001,0.000,0.021,0.000,0.000,0.000,0.000,0.986,50.130
2610159557,2026-10-09 18:30:00,242.830,241.740,241.920,0.020,0.010,0.010,0.008,0.003,0.002,0.001,-0.004,-0.002,0.000,-0.001,0.823,50.120
2610159558,2026-10-09 18:30:00,241.640,241.970,242.850,0.010,0.010,0.000,0.004,0.002,0.001,0.001,0.000,0.000,0.000,0.000,0.913,50.130
2610170785,2026-10-09 18:30:00,242.360,241.170,241.560,0.000,0.000,0.000,0.001,0.001,0.000,0.000,0.000,0.000,0.000,0.000,1.000,50.120
2610170786,2026-10-09 18:30:00,241.310,241.550,242.340,0.910,0.940,1.020,0.665,0.202,0.229,0.240,0.149,0.047,0.047,0.054,0.974,50.150
2610170836,2026-10-09 18:30:00,232.850,233.300,233.510,0.740,0.680,1.140,0.457,0.138,0.109,0.137,0.235,0.078,0.073,0.083,0.903,50.100
2610170837,2026-10-09 18:30:00,235.630,233.540,233.880,0.000,0.000,0.020,0.006,0.000,0.000,0.005,0.000,0.000,0.000,0.000,0.933,50.110
2610170838,2026-10-09 18:30:00,242.850,241.380,241.820,0.020,0.070,0.180,0.062,0.004,0.016,0.042,-0.001,0.000,0.001,-0.002,0.999,50.160
2610170839,2026-10-09 18:30:00,241.120,241.600,242.460,0.000,0.020,0.030,0.012,0.001,0.004,0.006,-0.001,0.000,0.000,0.000,0.982,50.110
2610170840,2026-10-09 18:30:00,242.070,241.530,242.500,0.000,0.000,0.000,0.000,0.000,0.000,0.000,0.000,0.000,0.000,0.000,0.514,50.110
2610322967,2026-10-09 18:30:00,242.840,241.540,241.630,0.030,0.000,0.000,0.007,0.007,0.000,0.000,0.000,0.000,0.000,0.000,1.000,50.120
2610322969,2026-10-09 18:30:00,231.550,231.070,230.930,0.600,0.510,0.380,0.243,0.110,0.053,0.079,0.223,0.083,0.103,0.036,0.736,50.120
2610322992,2026-10-09 18:30:00,232.830,233.480,234.660,1.130,1.440,1.280,0.882,0.255,0.332,0.294,0.249,0.087,0.075,0.085,0.962,50.120
2610322995,2026-10-09 18:30:00,241.480,241.640,242.530,0.000,0.000,0.000,0.000,0.000,0.000,0.000,0.000,0.000,0.000,0.000,1.000,50.120
2610322997,2026-10-09 18:30:00,233.120,233.970,232.600,1.110,1.220,0.950,0.652,0.232,0.221,0.183,0.285,0.058,0.137,0.089,0.916,50.120
2610323001,2026-10-09 18:30:00,231.320,230.120,229.980,3.490,2.970,3.350,1.994,0.718,0.593,0.682,0.940,0.328,0.303,0.308,0.904,50.110
2610323004,2026-10-09 18:30:00,65.000,64.350,64.940,0.270,0.250,0.280,0.048,0.016,0.014,0.017,0.016,0.006,0.004,0.004,0.946,50.110
2610323005,2026-10-09 18:30:00,230.910,231.720,231.300,0.000,0.000,0.000,0.001,0.000,0.001,0.000,0.000,0.000,0.000,0.000,0.980,50.120
2610323010,2026-10-09 18:30:00,242.500,242.190,241.770,0.240,0.010,0.000,0.060,0.057,0.003,0.000,-0.008,-0.007,-0.001,0.000,0.997,50.110
2610323014,2026-10-09 18:30:00,234.020,234.230,234.780,0.090,0.000,0.000,0.019,0.019,0.000,0.000,-0.002,-0.002,0.000,0.000,0.995,50.120
2610323016,2026-10-09 18:30:00,232.240,230.720,230.810,3.020,2.880,2.850,1.848,0.650,0.602,0.595,0.799,0.267,0.268,0.262,0.919,50.140
2610323017,2026-10-09 18:30:00,241.490,242.510,241.550,0.000,0.000,0.000,0.000,0.000,0.000,0.000,0.000,0.000,0.000,0.000,1.000,50.130
2610323027,2026-10-09 18:30:00,242.860,241.520,241.900,0.000,0.000,0.000,0.000,0.000,0.000,0.000,0.000,0.000,0.000,0.000,1.000,50.150
2610323019,2026-10-09 18:31:00,230.640,231.880,231.390,0.020,0.020,0.030,0.014,0.004,0.004,0.005,-0.006,-0.001,-0.001,-0.002,0.929,49.950
2246006313,2026-10-09 19:00:00,58.300,58.100,58.100,1.268,1.266,1.201,0.205,0.069,0.069,0.065,0.039,0.014,0.011,0.012,0.982,50.140
2410121326,2026-10-09 19:00:00,237.040,236.310,236.670,0.290,0.280,0.310,0.204,0.067,0.064,0.072,0.022,0.011,0.009,0.001,0.993,50.190
2410121353,2026-10-09 19:00:00,236.610,235.960,236.080,0.890,0.780,0.840,0.559,0.197,0.173,0.187,0.139,0.045,0.044,0.048,0.970,50.200
2410121371,2026-10-09 19:00:00,237.590,236.730,236.980,0.010,0.010,0.030,0.009,0.000,0.000,0.007,-0.002,0.000,-0.001,0.000,0.931,50.190
2410121440,2026-10-09 19:00:00,237.300,236.490,236.670,0.010,0.010,0.010,0.005,0.002,0.000,0.001,-0.003,-0.001,-0.001,0.000,0.898,50.200
2410121454,2026-10-09 19:00:00,236.990,237.650,236.790,0.070,0.190,0.150,0.092,0.014,0.043,0.034,0.017,0.006,0.006,0.004,0.987,50.210
2410121457,2026-10-09 19:00:00,235.150,234.290,234.740,2.010,1.940,1.840,1.267,0.440,0.421,0.405,0.428,0.151,0.153,0.124,0.947,50.200
2410121574,2026-10-09 19:00:00,237.780,236.630,236.810,0.130,0.110,0.110,0.056,0.026,0.017,0.012,-0.045,-0.012,-0.017,-0.014,0.787,50.210
2410131378,2026-10-09 19:00:00,236.440,236.900,236.010,0.870,1.040,1.090,0.712,0.206,0.252,0.251,0.184,0.048,0.061,0.074,0.962,50.200
2410131383,2026-10-09 19:00:00,237.690,237.160,236.940,0.040,0.040,0.060,0.033,0.010,0.008,0.014,-0.004,0.000,-0.001,-0.001,1.000,50.210
2410131384,2026-10-09 19:00:00,243.150,243.760,243.000,0.960,1.120,1.040,0.719,0.222,0.259,0.237,0.154,0.046,0.061,0.048,0.974,50.180
2410131387,2026-10-09 19:00:00,236.750,237.400,237.160,0.070,0.060,0.030,0.037,0.015,0.015,0.007,-0.009,-0.007,0.001,-0.003,0.969,50.230
2410320615,2026-10-09 19:00:00,235.480,236.140,236.240,1.650,1.600,1.910,1.175,0.378,0.383,0.413,0.200,0.051,0.077,0.066,0.986,50.190
2410883988,2026-10-09 19:00:00,232.170,232.770,232.340,0.420,0.410,0.490,0.287,0.091,0.087,0.108,0.109,0.035,0.037,0.036,0.935,50.170
2410883990,2026-10-09 19:00:00,232.510,232.020,231.880,0.080,0.000,0.040,0.027,0.019,0.000,0.008,-0.002,0.000,0.000,-0.001,0.990,50.160
2410883991,2026-10-09 19:00:00,243.190,243.380,244.240,0.090,0.130,0.270,0.119,0.021,0.032,0.065,-0.005,-0.002,-0.001,-0.001,0.999,50.130
2410883993,2026-10-09 19:00:00,244.300,243.450,243.500,0.700,0.520,1.070,0.544,0.165,0.125,0.252,-0.043,-0.006,-0.017,-0.019,0.996,50.160
2410883994,2026-10-09 19:00:00,244.280,243.170,243.550,0.010,0.040,0.010,0.016,0.002,0.010,0.003,-0.001,0.000,0.000,0.000,1.000,50.150
2410932742,2026-10-09 19:00:00,236.150,234.370,234.500,2.200,2.140,2.310,1.403,0.466,0.450,0.487,0.536,0.181,0.166,0.187,0.933,50.140
2411087432,2026-10-09 19:00:00,236.750,237.220,236.360,1.090,1.070,0.870,0.667,0.254,0.230,0.182,0.154,0.006,0.072,0.076,0.973,50.180
2411087433,2026-10-09 19:00:00,244.050,244.240,244.940,0.520,0.460,0.500,0.374,0.132,0.125,0.127,0.065,0.014,0.020,0.030,0.988,50.160
2411290205,2026-10-09 19:00:00,234.350,234.260,234.900,2.410,2.300,2.550,1.527,0.507,0.488,0.531,0.485,0.179,0.154,0.157,0.957,50.130
2510014481,2026-10-09 19:00:00,235.100,235.260,236.790,1.920,1.990,1.890,1.127,0.369,0.384,0.372,0.439,0.146,0.158,0.129,0.944,50.160
2510014482,2026-10-09 19:00:00,236.810,237.140,236.340,0.010,0.070,0.000,0.019,0.002,0.017,0.000,-0.003,-0.002,-0.001,0.000,0.999,50.170
2510014483,2026-10-09 19:00:00,243.340,243.570,244.320,0.050,0.040,0.050,0.025,0.009,0.006,0.009,-0.021,-0.006,-0.006,-0.009,0.755,50.160
2510014484,2026-10-09 19:00:00,235.160,234.760,235.730,1.730,2.080,1.790,1.256,0.393,0.470,0.392,0.443,0.153,0.139,0.150,0.943,50.180
2510178139,2026-10-09 19:00:00,237.110,237.700,236.830,0.080,0.040,0.100,0.051,0.019,0.010,0.021,0.000,0.001,0.000,-0.002,0.993,50.190
2510178141,2026-10-09 19:00:00,236.600,236.750,237.250,0.020,0.010,0.020,0.007,0.002,0.000,0.003,-0.008,-0.004,-0.001,-0.002,0.637,50.180
2510203103,2026-10-09 19:00:00,232.600,230.920,231.180,0.070,0.100,0.080,0.056,0.016,0.022,0.017,-0.019,-0.005,-0.006,-0.006,0.947,50.170
2510203104,2026-10-09 19:00:00,237.090,237.180,237.890,0.820,0.660,0.670,0.508,0.195,0.155,0.157,0.123,0.028,0.047,0.047,0.968,50.160
2510203105,2026-10-09 19:00:00,238.800,236.920,237.410,0.440,0.720,0.390,0.349,0.098,0.164,0.086,-0.084,-0.032,-0.025,-0.027,0.972,50.180
2510203106,2026-10-09 19:00:00,236.460,236.010,236.930,0.030,0.010,0.000,0.008,0.005,0.003,0.000,-0.004,-0.003,0.000,0.000,0.896,50.170
2510203107,2026-10-09 19:00:00,224.900,224.540,225.330,0.260,0.330,0.250,0.191,0.059,0.075,0.056,0.047,0.015,0.015,0.016,0.973,50.170
2510203108,2026-10-09 19:00:00,236.240,236.520,235.760,1.030,1.490,1.670,0.925,0.224,0.341,0.358,0.116,0.032,0.054,0.040,0.992,50.160
2510203109,2026-10-09 19:00:00,243.750,244.500,243.520,0.160,0.170,0.210,0.127,0.035,0.041,0.050,0.008,0.014,0.000,-0.006,1.000,50.190
2510203111,2026-10-09 19:00:00,235.150,235.890,236.080,3.890,3.590,4.010,2.401,0.809,0.741,0.849,0.610,0.241,0.169,0.199,0.971,50.180
2510203113,2026-10-09 19:00:00,236.990,236.540,236.370,0.300,0.310,0.340,0.223,0.071,0.072,0.080,-0.005,0.000,0.000,-0.006,0.997,50.170
2510203114,2026-10-09 19:00:00,237.330,237.620,238.230,0.550,0.450,0.360,0.288,0.132,0.077,0.078,0.089,0.026,0.030,0.032,0.957,50.190
2510203117,2026-10-09 19:00:00,232.620,232.080,231.840,0.410,0.410,0.260,0.247,0.094,0.094,0.058,-0.046,-0.017,-0.016,-0.013,0.983,50.150
2510203118,2026-10-09 19:00:00,127.540,127.570,127.990,0.150,0.120,0.130,0.046,0.018,0.015,0.013,-0.020,-0.007,-0.004,-0.008,0.918,50.170
2510203120,2026-10-09 19:00:00,243.860,242.980,243.190,0.730,0.490,0.520,0.384,0.162,0.106,0.116,0.154,0.064,0.044,0.044,0.927,50.170
2510203121,2026-10-09 19:00:00,232.240,232.130,232.720,0.460,0.290,0.410,0.265,0.106,0.066,0.093,-0.008,0.000,-0.003,-0.006,1.000,50.170
2510203122,2026-10-09 19:00:00,236.640,237.130,236.270,0.060,0.020,0.010,0.015,0.011,0.003,0.000,0.003,0.006,-0.002,-0.001,1.000,50.160
2510203123,2026-10-09 19:00:00,235.070,235.660,236.120,1.690,2.190,1.940,1.076,0.394,0.433,0.248,0.346,0.132,0.083,0.112,0.983,50.160
2510203124,2026-10-09 19:00:00,236.580,236.730,236.170,0.520,0.530,0.540,0.352,0.113,0.114,0.116,0.117,0.037,0.040,0.039,0.948,50.200
2510203125,2026-10-09 19:00:00,236.510,237.430,236.860,0.030,0.030,0.150,0.043,0.004,0.003,0.035,-0.017,-0.006,-0.006,-0.004,0.937,50.160
2510203126,2026-10-09 19:00:00,232.490,232.220,232.900,0.490,0.420,0.410,0.285,0.107,0.090,0.087,0.107,0.035,0.035,0.036,0.937,50.180
2510203127,2026-10-09 19:00:00,236.800,237.050,236.200,0.290,0.320,0.260,0.203,0.066,0.074,0.061,-0.022,-0.015,-0.010,0.003,0.992,50.190
2510203128,2026-10-09 19:00:00,243.300,243.890,242.240,1.830,1.620,2.000,1.274,0.436,0.379,0.459,0.088,0.015,0.023,0.049,0.998,50.180
2510203130,2026-10-09 19:00:00,249.350,249.380,251.020,0.020,0.000,0.060,0.020,0.004,0.001,0.014,-0.001,0.000,0.000,0.000,1.000,50.200
2510203133,2026-10-09 19:00:00,235.870,236.330,235.560,0.100,0.140,0.370,0.143,0.023,0.034,0.085,-0.006,0.005,0.000,-0.011,0.998,50.150
2510203134,2026-10-09 19:00:00,244.610,243.530,243.670,0.020,0.010,0.010,0.008,0.004,0.002,0.001,-0.001,0.000,-0.001,0.000,1.000,50.140
2510224049,2026-10-09 19:00:00,231.520,232.190,231.920,20.230,23.520,12.320,12.030,4.010,5.290,2.720,-2.260,-0.750,-0.900,-0.600,0.982,50.160
2510224167,2026-10-09 19:00:00,231.990,231.560,232.400,10.190,11.660,11.820,7.390,2.250,2.550,2.580,-2.260,-0.650,-0.790,-0.820,0.956,50.180
2510317516,2026-10-09 19:00:00,232.290,231.960,232.630,0.000,0.000,0.000,0.000,0.000,0.000,0.000,0.000,0.000,0.000,0.000,1.000,50.180
2510389643,2026-10-09 19:00:00,237.060,236.500,237.440,16.880,21.550,20.460,13.310,3.510,5.000,4.780,-1.360,-0.200,-0.630,-0.520,0.994,50.170
2510389931,2026-10-09 19:00:00,236.310,235.670,236.770,0.000,0.000,0.000,0.000,0.000,0.000,0.000,0.000,0.000,0.000,0.000,1.000,50.170
2510633382,2026-10-09 19:00:00,236.340,237.230,236.790,0.170,0.160,0.230,0.134,0.043,0.038,0.053,-0.030,-0.009,-0.010,-0.011,0.970,50.190
2510633383,2026-10-09 19:00:00,236.550,236.600,237.140,0.110,0.080,0.090,0.018,0.006,0.002,0.009,-0.062,-0.024,-0.019,-0.019,0.277,50.200
2510633385,2026-10-09 19:00:00,237.200,236.780,237.610,0.280,0.460,0.450,0.276,0.065,0.106,0.104,-0.036,-0.007,-0.016,-0.013,0.991,50.200
2510633386,2026-10-09 19:00:00,230.350,230.430,231.200,0.380,0.380,0.350,0.134,0.044,0.047,0.041,-0.217,-0.074,-0.073,-0.069,0.507,50.190
2510633387,2026-10-09 19:00:00,236.610,237.060,236.250,0.010,0.000,0.000,0.002,0.002,0.000,0.000,0.000,0.000,0.000,0.000,0.836,50.200
2510633389,2026-10-09 19:00:00,236.890,236.390,235.960,0.700,0.700,0.740,0.484,0.167,0.157,0.158,0.054,0.016,0.017,0.020,0.993,50.200
2510633390,2026-10-09 19:00:00,244.000,244.770,243.760,0.850,0.920,0.860,0.586,0.190,0.197,0.185,0.148,0.040,0.055,0.052,0.972,50.200
2510633391,2026-10-09 19:00:00,124.600,124.190,124.210,0.000,0.000,0.000,0.000,0.000,0.000,0.000,0.000,0.000,0.000,0.000,1.000,50.210
2510633393,2026-10-09 19:00:00,235.340,236.120,235.650,1.380,1.440,1.430,0.969,0.314,0.329,0.326,0.198,0.070,0.057,0.070,0.979,50.180
2510633395,2026-10-09 19:00:00,236.660,237.220,236.490,0.000,0.000,0.000,0.000,0.000,0.000,0.000,0.000,0.000,0.000,0.000,1.000,50.200
2510633396,2026-10-09 19:00:00,236.560,235.910,236.410,0.570,0.640,0.570,0.392,0.127,0.138,0.126,0.131,0.044,0.044,0.042,0.950,50.200
2510633397,2026-10-09 19:00:00,251.060,249.910,250.310,0.030,0.030,0.040,0.025,0.009,0.007,0.008,-0.006,-0.002,-0.002,-0.001,0.995,50.210
2510633399,2026-10-09 19:00:00,231.940,231.620,232.700,0.430,0.530,0.560,0.360,0.102,0.125,0.132,-0.014,-0.003,-0.004,-0.006,0.998,50.190
2510633400,2026-10-09 19:00:00,230.770,231.430,230.890,1.000,1.070,1.030,0.688,0.218,0.241,0.228,0.206,0.062,0.073,0.070,0.956,50.210
2510633402,2026-10-09 19:00:00,236.080,236.210,237.610,0.880,0.950,0.950,0.526,0.162,0.179,0.184,0.216,0.072,0.066,0.077,0.939,50.190
2510633406,2026-10-09 19:00:00,232.290,232.010,232.800,0.170,0.200,0.200,0.124,0.037,0.043,0.043,-0.039,-0.011,-0.014,-0.014,0.956,50.160
2510633411,2026-10-09 19:00:00,229.710,229.110,228.800,2.100,1.960,2.060,1.306,0.455,0.416,0.435,0.525,0.170,0.171,0.181,0.926,50.210
2510814977,2026-10-09 19:00:00,237.020,238.340,236.740,0.020,0.010,0.010,0.007,0.003,0.001,0.002,-0.002,0.000,-0.001,-0.001,1.000,50.160
2610026950,2026-10-09 19:00:00,232.790,232.280,231.990,0.010,0.000,0.020,0.007,0.002,0.001,0.003,0.000,0.000,0.000,0.000,1.000,50.170
2610026952,2026-10-09 19:00:00,235.960,235.400,235.600,1.520,1.470,1.510,1.023,0.345,0.333,0.344,0.148,0.056,0.050,0.042,0.989,50.160
2610026953,2026-10-09 19:00:00,236.230,235.650,236.620,0.550,0.570,0.570,0.398,0.105,0.124,0.122,0.149,0.056,0.050,0.043,0.922,50.170
2610026963,2026-10-09 19:00:00,236.880,236.850,237.510,0.440,0.230,0.210,0.204,0.101,0.054,0.047,-0.037,-0.020,-0.006,-0.010,0.985,50.200
2610026966,2026-10-09 19:00:00,231.050,231.630,231.170,0.050,0.040,0.050,0.027,0.009,0.008,0.008,0.013,0.003,0.004,0.006,0.877,50.200
2610026976,2026-10-09 19:00:00,236.600,236.610,237.330,0.670,0.760,0.970,0.552,0.153,0.171,0.227,-0.057,-0.020,-0.006,-0.030,0.994,50.200
2610026977,2026-10-09 19:00:00,242.230,242.630,241.950,0.220,0.580,0.850,0.396,0.050,0.140,0.206,0.022,0.018,0.002,0.000,0.997,50.210
2610126270,2026-10-09 19:00:00,231.820,232.400,232.070,0.020,0.030,0.020,0.014,0.004,0.007,0.003,-0.003,0.000,-0.001,-0.001,0.981,50.160
2610126451,2026-10-09 19:00:00,236.950,237.440,236.700,0.010,0.000,0.080,0.022,0.001,0.000,0.019,0.001,0.000,0.000,0.001,0.998,50.180
2610159557,2026-10-09 19:00:00,244.480,243.500,243.650,0.020,0.010,0.030,0.013,0.003,0.002,0.006,-0.005,-0.003,0.000,-0.001,0.933,50.170
2610159558,2026-10-09 19:00:00,243.380,243.740,244.500,0.010,0.030,0.000,0.009,0.001,0.006,0.001,0.000,0.000,0.000,0.000,1.000,50.170
2610170785,2026-10-09 19:00:00,244.210,243.170,243.700,0.000,0.000,0.000,0.001,0.001,0.000,0.000,0.000,0.000,0.000,0.000,1.000,50.170
2610170786,2026-10-09 19:00:00,243.090,243.240,243.830,1.090,1.170,1.240,0.836,0.266,0.286,0.291,0.231,0.070,0.078,0.082,0.960,50.180
2610170836,2026-10-09 19:00:00,235.590,236.010,236.360,0.550,0.400,0.700,0.257,0.085,0.076,0.095,0.180,0.058,0.053,0.063,0.875,50.160
2610170837,2026-10-09 19:00:00,238.210,236.500,236.830,0.000,0.000,0.020,0.002,0.000,0.000,0.001,0.000,0.000,0.000,0.000,0.930,50.160
2610170838,2026-10-09 19:00:00,244.420,243.240,243.630,0.020,0.080,0.150,0.060,0.004,0.018,0.036,-0.001,0.000,0.001,-0.002,1.000,50.180
2610170839,2026-10-09 19:00:00,243.200,243.470,244.200,0.000,0.020,0.020,0.012,0.001,0.005,0.006,0.000,0.000,0.000,0.000,1.000,50.160
2610170840,2026-10-09 19:00:00,236.350,235.710,236.800,0.000,0.000,0.000,0.000,0.000,0.000,0.000,0.000,0.000,0.000,0.000,0.492,50.160
2610322967,2026-10-09 19:00:00,244.880,243.720,243.770,0.030,0.000,0.000,0.006,0.006,0.000,0.000,0.000,0.000,0.000,0.000,1.000,50.160
2610322969,2026-10-09 19:00:00,232.450,231.870,231.900,0.490,0.380,0.350,0.220,0.097,0.043,0.079,0.152,0.058,0.077,0.016,0.822,50.160
2610322992,2026-10-09 19:00:00,236.540,237.210,238.080,0.100,0.360,0.270,0.170,0.022,0.084,0.063,0.006,0.000,0.000,0.006,0.997,50.170
2610322995,2026-10-09 19:00:00,243.400,243.640,244.370,0.000,0.000,0.000,0.000,0.000,0.000,0.000,0.000,0.000,0.000,0.000,1.000,50.160
2610322997,2026-10-09 19:00:00,236.000,236.500,235.350,1.110,1.220,0.910,0.659,0.241,0.236,0.178,0.276,0.050,0.132,0.093,0.923,50.160
2610323001,2026-10-09 19:00:00,233.450,232.820,232.490,3.730,3.140,3.490,2.183,0.798,0.656,0.728,0.976,0.341,0.307,0.325,0.914,50.160
2610323004,2026-10-09 19:00:00,65.710,65.150,65.650,0.130,0.110,0.150,0.024,0.008,0.007,0.009,-0.001,0.000,-0.001,-0.001,1.000,50.170
2610323005,2026-10-09 19:00:00,231.960,232.560,232.100,0.000,0.000,0.000,0.001,0.000,0.001,0.000,0.000,0.000,0.000,0.000,0.961,50.160
2610323014,2026-10-09 19:00:00,236.430,236.560,237.150,0.050,0.000,0.000,0.011,0.011,0.000,0.000,-0.001,-0.001,0.000,0.000,0.946,50.170
2610323016,2026-10-09 19:00:00,234.800,233.640,233.830,2.590,2.430,2.430,1.562,0.545,0.508,0.508,0.747,0.252,0.247,0.247,0.903,50.170
2610323017,2026-10-09 19:00:00,243.520,244.370,243.540,0.000,0.000,0.000,0.000,0.000,0.000,0.000,0.000,0.000,0.000,0.000,1.000,50.180
2610323019,2026-10-09 19:00:00,232.110,233.090,232.550,0.020,0.060,0.030,0.024,0.004,0.013,0.006,-0.007,-0.001,-0.004,-0.001,0.946,50.200
2410121424,2026-10-09 19:01:00,237.450,236.710,236.930,0.010,0.010,0.010,0.004,0.000,0.001,0.002,-0.003,-0.001,-0.001,0.000,0.769,50.220
2510317505,2026-10-09 19:01:00,232.580,232.530,233.140,25.930,9.510,9.470,9.950,5.860,2.110,1.970,-2.160,-0.720,-0.600,-0.830,0.977,50.210
2510317537,2026-10-09 19:01:00,243.800,243.660,244.580,2.400,2.520,2.630,1.760,0.570,0.590,0.600,-0.330,-0.090,-0.100,-0.110,0.983,50.210
2510389559,2026-10-09 19:01:00,237.180,236.720,237.610,0.000,0.000,0.000,0.000,0.000,0.000,0.000,0.000,0.000,0.000,0.000,1.000,50.210
2610323010,2026-10-09 19:01:00,237.190,236.790,236.360,0.080,0.010,0.070,0.037,0.018,0.003,0.015,-0.001,-0.007,-0.001,0.007,1.000,50.200
2610323027,2026-10-09 19:01:00,244.980,243.830,244.130,0.000,0.000,0.000,0.000,0.000,0.000,0.000,0.000,0.000,0.000,0.000,1.000,50.200
2510633381,2026-10-09 19:02:00,245.060,244.010,244.230,0.140,0.100,0.050,0.068,0.033,0.022,0.012,-0.020,-0.010,-0.006,-0.003,0.956,50.220
2246006313,2026-10-09 19:30:00,58.200,58.100,58.000,1.169,1.202,1.142,0.196,0.065,0.067,0.063,0.033,0.012,0.010,0.009,0.986,50.180
2410121326,2026-10-09 19:30:00,235.520,234.870,235.140,0.240,0.240,0.210,0.156,0.052,0.055,0.048,0.026,0.016,0.005,0.004,0.984,50.230
2410121353,2026-10-09 19:30:00,232.490,231.730,231.870,0.470,0.410,0.470,0.295,0.104,0.091,0.099,0.099,0.030,0.027,0.042,0.946,50.160
2410121371,2026-10-09 19:30:00,235.510,234.620,234.850,0.040,0.010,0.030,0.016,0.008,0.000,0.007,-0.001,0.000,-0.001,0.000,0.986,50.180
2410121424,2026-10-09 19:30:00,232.970,232.140,232.450,0.010,0.010,0.010,0.004,0.000,0.001,0.002,-0.003,-0.001,-0.001,0.000,0.750,50.190
2410121440,2026-10-09 19:30:00,235.240,234.500,234.690,0.010,0.010,0.010,0.005,0.002,0.000,0.001,-0.003,-0.001,-0.001,0.000,0.897,50.180
2410121454,2026-10-09 19:30:00,232.410,233.010,232.120,0.060,0.160,0.140,0.083,0.013,0.037,0.032,0.012,0.005,0.004,0.002,0.987,50.200
2410121457,2026-10-09 19:30:00,233.310,232.420,233.020,2.060,2.100,1.840,1.332,0.458,0.459,0.407,0.394,0.139,0.142,0.111,0.959,50.180
2410121574,2026-10-09 19:30:00,233.080,232.060,232.330,0.140,0.110,0.090,0.070,0.029,0.019,0.020,-0.042,-0.011,-0.017,-0.014,0.824,50.160
2410131378,2026-10-09 19:30:00,234.540,234.970,234.260,0.710,0.790,0.830,0.560,0.144,0.206,0.209,0.119,0.025,0.046,0.047,0.971,50.170
2410131383,2026-10-09 19:30:00,236.860,236.220,236.120,0.040,0.030,0.050,0.026,0.008,0.007,0.011,-0.004,0.000,-0.001,-0.002,0.998,50.220
2410131384,2026-10-09 19:30:00,236.730,237.400,236.590,0.940,1.040,0.970,0.598,0.179,0.209,0.209,0.146,0.041,0.051,0.044,0.975,50.180
2410131387,2026-10-09 19:30:00,235.420,235.980,235.730,0.070,0.060,0.040,0.038,0.015,0.015,0.007,-0.009,-0.006,0.001,-0.003,0.977,50.100
2410320615,2026-10-09 19:30:00,235.630,236.260,236.240,1.390,1.250,1.460,0.933,0.295,0.283,0.303,0.108,0.022,0.044,0.041,0.993,50.170
2410883988,2026-10-09 19:30:00,231.460,231.940,231.500,0.280,0.270,0.360,0.202,0.063,0.059,0.080,0.050,0.016,0.017,0.016,0.970,50.210
2410883990,2026-10-09 19:30:00,231.790,231.220,231.370,0.030,0.000,0.030,0.013,0.005,0.000,0.007,0.000,0.001,0.000,-0.001,1.000,50.190
2410883991,2026-10-09 19:30:00,238.860,239.010,239.710,0.090,0.170,0.300,0.133,0.020,0.051,0.062,-0.007,-0.002,-0.003,-0.001,0.997,50.210
2410883993,2026-10-09 19:30:00,237.290,236.410,236.560,1.140,0.980,1.240,0.787,0.267,0.231,0.289,-0.066,-0.019,-0.025,-0.021,0.995,50.200
2410883994,2026-10-09 19:30:00,239.760,238.770,239.160,0.010,0.040,0.070,0.030,0.002,0.010,0.017,-0.001,0.000,0.000,0.000,1.000,50.200
2410932742,2026-10-09 19:30:00,231.410,229.730,229.680,3.240,3.180,3.330,2.072,0.692,0.674,0.706,0.642,0.215,0.202,0.224,0.955,50.180
2411087432,2026-10-09 19:30:00,234.930,235.320,234.620,0.830,1.070,0.860,0.607,0.193,0.224,0.189,0.113,0.006,0.064,0.042,0.982,50.210
2411087433,2026-10-09 19:30:00,236.940,237.140,237.790,0.400,0.390,0.430,0.274,0.094,0.082,0.097,0.037,0.009,0.009,0.018,0.990,50.200
2411290205,2026-10-09 19:30:00,235.470,235.310,235.870,1.830,1.740,1.860,1.210,0.390,0.375,0.418,0.471,0.165,0.152,0.153,0.928,50.200
2510014481,2026-10-09 19:30:00,230.650,230.710,232.220,1.440,1.540,1.480,0.920,0.309,0.308,0.301,0.309,0.117,0.117,0.074,0.947,50.200
2510014482,2026-10-09 19:30:00,235.020,235.280,234.650,0.010,0.070,0.000,0.019,0.002,0.017,0.000,-0.003,-0.002,-0.001,0.000,0.988,50.220
2510014483,2026-10-09 19:30:00,236.460,236.670,237.440,0.060,0.040,0.060,0.033,0.012,0.007,0.012,-0.020,-0.006,-0.005,-0.008,0.859,50.200
2510014484,2026-10-09 19:30:00,234.820,234.460,235.400,1.900,2.180,1.800,1.299,0.410,0.491,0.397,0.435,0.151,0.136,0.148,0.948,50.200
2510178139,2026-10-09 19:30:00,235.360,235.900,235.130,0.090,0.060,0.110,0.059,0.020,0.012,0.026,0.011,0.005,0.005,0.000,0.984,50.200
2510178141,2026-10-09 19:30:00,234.860,234.990,235.440,0.020,0.010,0.020,0.007,0.002,0.000,0.003,-0.008,-0.004,-0.001,-0.002,0.631,50.220
2510203103,2026-10-09 19:30:00,227.730,226.110,226.210,0.080,0.150,0.130,0.077,0.016,0.032,0.028,-0.020,-0.006,-0.007,-0.006,0.962,50.180
2510203104,2026-10-09 19:30:00,230.560,230.750,231.400,0.860,0.640,0.670,0.472,0.190,0.138,0.143,0.122,0.031,0.039,0.051,0.968,50.200
2510203105,2026-10-09 19:30:00,233.090,231.290,231.690,0.890,1.070,0.860,0.618,0.195,0.237,0.184,0.155,0.044,0.057,0.054,0.969,50.200
2510203106,2026-10-09 19:30:00,236.340,235.990,236.760,0.030,0.010,0.000,0.009,0.005,0.003,0.000,-0.004,-0.003,0.000,0.000,0.937,50.190
2510203107,2026-10-09 19:30:00,224.430,224.140,225.090,0.230,0.280,0.230,0.163,0.050,0.061,0.050,0.019,0.005,0.007,0.007,0.995,50.190
2510203108,2026-10-09 19:30:00,236.410,236.510,235.670,0.770,1.320,1.520,0.866,0.184,0.326,0.355,0.074,0.006,0.030,0.039,0.994,50.160
2510203109,2026-10-09 19:30:00,236.690,237.460,236.470,0.170,0.120,0.180,0.110,0.038,0.028,0.042,0.009,0.012,0.000,-0.002,0.993,50.200
2510203111,2026-10-09 19:30:00,234.390,234.850,235.040,1.420,1.220,1.610,0.910,0.296,0.256,0.353,0.265,0.113,0.070,0.081,0.960,50.180
2510203113,2026-10-09 19:30:00,236.480,236.080,236.010,0.410,0.320,0.330,0.250,0.098,0.075,0.076,-0.003,0.002,0.000,-0.006,1.000,50.210
2510203114,2026-10-09 19:30:00,230.250,230.550,231.150,0.700,0.620,0.490,0.398,0.164,0.128,0.105,0.130,0.040,0.042,0.048,0.950,50.190
2510203117,2026-10-09 19:30:00,231.930,231.410,231.370,0.380,0.310,0.260,0.216,0.087,0.069,0.059,-0.046,-0.014,-0.018,-0.013,0.978,50.180
2510203118,2026-10-09 19:30:00,123.930,123.970,124.360,0.190,0.160,0.160,0.059,0.022,0.018,0.018,-0.009,-0.003,0.000,-0.005,0.991,50.200
2510203120,2026-10-09 19:30:00,239.210,238.270,238.520,0.790,0.610,0.640,0.449,0.174,0.132,0.142,0.147,0.059,0.045,0.042,0.949,50.170
2510203121,2026-10-09 19:30:00,231.250,231.270,231.810,0.450,0.290,0.430,0.269,0.102,0.065,0.101,-0.010,0.000,-0.003,-0.006,0.998,50.200
2510203122,2026-10-09 19:30:00,234.780,235.240,234.520,0.060,0.020,0.010,0.014,0.011,0.002,0.000,0.003,0.006,-0.002,-0.001,0.982,50.200
2510203123,2026-10-09 19:30:00,234.310,234.750,235.160,1.780,1.810,0.510,0.606,0.136,0.266,0.202,0.287,0.091,0.088,0.113,0.960,50.200
2510203124,2026-10-09 19:30:00,235.230,235.400,234.700,0.190,0.190,0.210,0.127,0.040,0.041,0.046,0.052,0.016,0.017,0.018,0.924,50.200
2510203125,2026-10-09 19:30:00,236.190,236.910,236.440,0.030,0.030,0.080,0.025,0.003,0.003,0.017,-0.017,-0.006,-0.006,-0.004,0.814,50.200
2510203126,2026-10-09 19:30:00,231.610,231.590,232.190,0.380,0.280,0.270,0.208,0.086,0.062,0.059,0.049,0.016,0.016,0.016,0.971,50.220
2510203127,2026-10-09 19:30:00,235.220,235.590,235.000,0.030,0.010,0.030,0.015,0.008,0.001,0.005,-0.006,0.000,0.000,-0.005,0.892,50.220
2510203128,2026-10-09 19:30:00,236.620,237.140,235.540,1.810,1.650,1.910,1.235,0.419,0.379,0.436,0.082,0.012,0.024,0.046,0.997,50.170
2510203130,2026-10-09 19:30:00,243.860,243.880,245.500,0.020,0.000,0.040,0.016,0.005,0.001,0.010,0.001,0.000,0.000,0.001,0.986,50.200
2510203133,2026-10-09 19:30:00,236.190,236.520,235.910,0.080,0.050,0.370,0.126,0.021,0.014,0.091,0.003,0.007,0.005,-0.009,1.000,50.180
2510203134,2026-10-09 19:30:00,239.980,238.930,239.060,0.020,0.010,0.010,0.007,0.004,0.002,0.001,-0.001,0.000,-0.001,0.000,0.989,50.190
2510224049,2026-10-09 19:30:00,231.050,231.710,231.250,20.270,17.700,12.370,10.630,4.020,3.870,2.720,-2.240,-0.740,-0.900,-0.590,0.978,50.200
2510224167,2026-10-09 19:30:00,230.820,230.590,231.310,10.240,11.710,11.880,7.400,2.250,2.550,2.590,-2.240,-0.640,-0.790,-0.810,0.956,50.210
2510317505,2026-10-09 19:30:00,231.040,231.140,231.610,25.520,9.560,9.500,9.830,5.740,2.110,1.960,-2.110,-0.690,-0.590,-0.820,0.977,50.200
2510317516,2026-10-09 19:30:00,231.390,231.290,231.540,0.000,0.000,0.000,0.000,0.000,0.000,0.000,0.000,0.000,0.000,0.000,1.000,50.220
2510317537,2026-10-09 19:30:00,236.320,236.290,237.120,2.800,2.690,2.560,2.320,0.790,0.720,0.710,-0.350,-0.120,-0.110,-0.110,0.986,50.220
2510389559,2026-10-09 19:30:00,236.790,236.390,237.230,0.000,0.000,0.000,0.000,0.000,0.000,0.000,0.000,0.000,0.000,0.000,1.000,50.220
2510389643,2026-10-09 19:30:00,236.420,236.030,236.800,16.880,21.540,20.470,13.280,3.500,5.000,4.770,-1.360,-0.200,-0.630,-0.520,0.994,50.200
2510389931,2026-10-09 19:30:00,234.860,234.340,235.270,0.000,0.000,0.000,0.000,0.000,0.000,0.000,0.000,0.000,0.000,0.000,1.000,50.200
2510633381,2026-10-09 19:30:00,237.610,236.560,236.790,0.140,0.090,0.050,0.064,0.030,0.020,0.012,-0.017,-0.008,-0.005,-0.003,0.960,50.210
2510633382,2026-10-09 19:30:00,236.170,236.940,236.540,0.170,0.200,0.230,0.128,0.035,0.042,0.050,-0.055,-0.017,-0.018,-0.020,0.921,50.180
2510633383,2026-10-09 19:30:00,235.010,235.130,235.680,0.110,0.080,0.090,0.017,0.006,0.002,0.009,-0.062,-0.024,-0.019,-0.018,0.269,50.210
2510633385,2026-10-09 19:30:00,236.470,236.190,236.900,0.280,0.460,0.450,0.276,0.065,0.106,0.105,-0.036,-0.006,-0.016,-0.013,0.989,50.180
2510633386,2026-10-09 19:30:00,223.420,223.590,224.310,0.370,0.370,0.340,0.119,0.039,0.042,0.038,-0.210,-0.072,-0.071,-0.067,0.491,50.180
2510633387,2026-10-09 19:30:00,234.650,235.090,234.400,0.010,0.000,0.000,0.002,0.002,0.000,0.000,0.000,0.000,0.000,0.000,0.820,50.180
2510633389,2026-10-09 19:30:00,236.290,235.730,235.370,0.800,0.790,0.810,0.560,0.187,0.186,0.186,0.043,0.013,0.014,0.016,0.997,50.180
2510633390,2026-10-09 19:30:00,236.580,237.230,236.320,0.030,0.010,0.010,0.012,0.006,0.003,0.002,-0.004,-0.003,0.000,0.000,0.942,50.180
2510633391,2026-10-09 19:30:00,123.640,123.230,123.340,0.000,0.000,0.000,0.000,0.000,0.000,0.000,0.000,0.000,0.000,0.000,1.000,50.220
2510633393,2026-10-09 19:30:00,234.890,235.680,235.250,1.450,1.480,1.460,0.996,0.326,0.337,0.333,0.210,0.074,0.061,0.074,0.977,50.170
2510633395,2026-10-09 19:30:00,234.940,235.450,234.760,0.000,0.000,0.000,0.000,0.000,0.000,0.000,0.000,0.000,0.000,0.000,1.000,50.200
2510633396,2026-10-09 19:30:00,235.480,234.770,235.310,0.350,0.400,0.350,0.232,0.073,0.087,0.076,0.106,0.035,0.035,0.034,0.915,50.200
2510633397,2026-10-09 19:30:00,243.680,242.490,242.870,0.030,0.030,0.040,0.023,0.007,0.007,0.008,-0.006,-0.001,-0.002,-0.001,0.950,50.200
2510633399,2026-10-09 19:30:00,231.260,231.030,231.810,0.430,0.570,0.570,0.360,0.099,0.130,0.130,-0.008,-0.002,-0.002,-0.003,0.998,50.230
2510633400,2026-10-09 19:30:00,230.140,230.670,230.160,0.610,0.730,0.610,0.422,0.132,0.149,0.140,0.147,0.048,0.050,0.048,0.942,50.200
2510633406,2026-10-09 19:30:00,231.450,231.190,231.950,0.170,0.200,0.200,0.124,0.037,0.043,0.043,-0.039,-0.011,-0.013,-0.013,0.957,50.200
2510633411,2026-10-09 19:30:00,228.850,228.040,227.810,2.090,1.930,2.030,1.252,0.436,0.397,0.417,0.511,0.167,0.166,0.177,0.927,50.220
2510814977,2026-10-09 19:30:00,231.980,233.280,231.790,0.010,0.010,0.010,0.005,0.002,0.001,0.001,-0.002,0.000,-0.001,-0.001,0.996,50.210
2610026950,2026-10-09 19:30:00,231.980,231.230,231.220,0.010,0.000,0.020,0.008,0.002,0.001,0.005,0.000,0.000,0.000,0.000,1.000,50.210
2610026952,2026-10-09 19:30:00,232.530,231.930,232.150,2.290,2.200,2.250,1.422,0.481,0.460,0.480,0.600,0.211,0.200,0.187,0.921,50.200
2610026953,2026-10-09 19:30:00,235.690,235.320,236.250,0.620,0.570,0.630,0.310,0.098,0.106,0.104,0.145,0.050,0.047,0.047,0.904,50.190
2610026963,2026-10-09 19:30:00,235.300,235.220,235.900,0.220,0.170,0.120,0.117,0.049,0.040,0.027,-0.034,-0.016,-0.007,-0.010,0.962,50.210
2610026966,2026-10-09 19:30:00,233.150,233.810,233.220,0.050,0.040,0.050,0.029,0.010,0.009,0.009,0.016,0.004,0.004,0.007,0.889,50.200
2610026976,2026-10-09 19:30:00,235.000,235.150,235.760,0.790,0.540,0.960,0.531,0.180,0.127,0.224,-0.062,-0.020,-0.008,-0.033,0.992,50.210
2610026977,2026-10-09 19:30:00,244.350,244.710,244.040,0.220,0.580,0.850,0.396,0.050,0.140,0.206,0.023,0.019,0.003,0.001,0.998,50.210
2610126270,2026-10-09 19:30:00,231.220,231.730,231.330,0.010,0.040,0.010,0.013,0.003,0.008,0.002,-0.003,0.000,0.000,-0.001,0.949,50.190
2610126451,2026-10-09 19:30:00,235.460,235.890,235.180,0.010,0.000,0.060,0.016,0.001,0.000,0.015,0.000,0.000,0.000,0.001,0.987,50.200
2610159557,2026-10-09 19:30:00,237.640,236.640,236.850,0.020,0.010,0.010,0.008,0.003,0.002,0.001,-0.004,-0.002,0.000,-0.001,0.898,50.200
2610159558,2026-10-09 19:30:00,236.600,236.870,237.650,0.010,0.010,0.000,0.004,0.001,0.002,0.000,0.000,0.000,0.000,0.000,0.926,50.210
2610170785,2026-10-09 19:30:00,237.390,236.360,236.820,0.000,0.000,0.000,0.001,0.001,0.000,0.000,0.000,0.000,0.000,0.000,1.000,50.200
2610170786,2026-10-09 19:30:00,236.210,236.420,237.060,0.970,0.950,1.070,0.767,0.243,0.253,0.271,0.190,0.058,0.061,0.065,0.966,50.210
2610170836,2026-10-09 19:30:00,234.270,234.670,234.960,0.590,0.550,0.730,0.183,0.062,0.059,0.061,0.103,0.040,0.028,0.032,0.955,50.200
2610170837,2026-10-09 19:30:00,233.100,231.450,231.730,0.000,0.000,0.020,0.006,0.000,0.000,0.005,0.000,0.000,0.000,0.000,1.000,50.190
2610170838,2026-10-09 19:30:00,237.500,236.280,236.690,0.020,0.070,0.150,0.056,0.004,0.016,0.035,-0.001,0.000,0.001,-0.002,0.998,50.220
2610170839,2026-10-09 19:30:00,236.330,236.640,237.420,0.000,0.020,0.020,0.011,0.001,0.004,0.004,0.000,0.000,0.000,0.000,1.000,50.190
2610170840,2026-10-09 19:30:00,235.020,234.530,235.490,0.910,0.910,0.930,0.574,0.189,0.190,0.194,0.294,0.099,0.095,0.099,0.889,50.190
2610322967,2026-10-09 19:30:00,238.080,236.930,236.960,0.030,0.000,0.000,0.007,0.007,0.000,0.000,0.000,0.000,0.000,0.000,1.000,50.200
2610322969,2026-10-09 19:30:00,231.640,230.950,231.220,0.490,0.360,0.230,0.182,0.097,0.033,0.051,0.145,0.057,0.076,0.011,0.783,50.190
2610322992,2026-10-09 19:30:00,231.580,232.220,233.040,0.150,0.410,0.320,0.200,0.033,0.094,0.072,0.030,0.010,0.007,0.012,0.991,50.200
2610322995,2026-10-09 19:30:00,236.640,236.900,237.660,0.000,0.000,0.000,0.000,0.000,0.000,0.000,0.000,0.000,0.000,0.000,1.000,50.200
2610322997,2026-10-09 19:30:00,231.070,231.650,230.470,1.170,1.250,0.980,0.688,0.254,0.233,0.176,0.261,0.044,0.126,0.090,0.935,50.190
2610323001,2026-10-09 19:30:00,228.890,228.340,228.040,3.420,2.730,3.030,1.900,0.710,0.560,0.631,0.879,0.308,0.278,0.292,0.907,50.190
2610323004,2026-10-09 19:30:00,64.340,63.770,64.260,0.120,0.110,0.140,0.023,0.007,0.006,0.008,-0.004,0.000,-0.001,-0.002,0.969,50.200
2610323005,2026-10-09 19:30:00,231.210,231.790,231.250,0.000,0.020,0.000,0.005,0.000,0.004,0.000,0.002,0.000,0.002,0.000,0.933,50.190
2610323010,2026-10-09 19:30:00,236.480,236.090,235.800,0.080,0.010,0.000,0.019,0.016,0.003,0.000,-0.009,-0.007,-0.001,0.000,0.891,50.190
2610323014,2026-10-09 19:30:00,234.870,234.960,235.570,0.030,0.000,0.000,0.007,0.007,0.000,0.000,-0.001,-0.001,0.000,0.000,0.960,50.200
2610323016,2026-10-09 19:30:00,229.760,228.560,228.830,2.850,2.750,2.740,1.750,0.606,0.575,0.569,0.745,0.248,0.247,0.250,0.920,50.200
2610323017,2026-10-09 19:30:00,236.420,237.230,236.380,0.000,0.000,0.000,0.000,0.000,0.000,0.000,0.000,0.000,0.000,0.000,1.000,50.210
2610323019,2026-10-09 19:30:00,230.910,231.700,231.210,0.060,0.020,0.030,0.024,0.012,0.004,0.006,-0.006,-0.003,-0.001,-0.001,0.958,50.200
2610323027,2026-10-09 19:30:00,237.630,236.500,236.850,0.000,0.000,0.000,0.000,0.000,0.000,0.000,0.000,0.000,0.000,0.000,1.000,50.210
2510633402,2026-10-09 19:31:00,229.170,229.280,230.590,0.610,0.680,0.710,0.540,0.166,0.184,0.188,0.134,0.042,0.040,0.051,0.964,50.020
2246006313,2026-10-09 20:00:00,57.800,57.800,57.500,0.887,0.895,0.835,0.148,0.050,0.051,0.047,0.014,0.006,0.003,0.004,0.995,49.970
2410121326,2026-10-09 20:00:00,233.230,232.500,232.980,0.230,0.340,0.210,0.143,0.046,0.051,0.045,0.057,0.024,0.015,0.017,0.923,50.000
2410121371,2026-10-09 20:00:00,233.700,232.690,233.110,0.040,0.020,0.030,0.020,0.008,0.004,0.007,-0.001,0.000,-0.001,0.000,0.979,49.990
2410121424,2026-10-09 20:00:00,233.570,232.800,233.200,0.010,0.010,0.010,0.004,0.000,0.001,0.002,-0.003,-0.001,-0.001,0.000,0.754,49.980
2410121440,2026-10-09 20:00:00,233.520,232.760,233.120,0.010,0.010,0.010,0.005,0.002,0.000,0.001,-0.002,-0.001,-0.001,0.000,0.885,49.990
2410121454,2026-10-09 20:00:00,233.230,233.690,232.870,0.060,0.160,0.140,0.083,0.013,0.036,0.032,0.013,0.005,0.005,0.002,0.983,49.980
2410121457,2026-10-09 20:00:00,231.120,230.260,231.020,2.250,2.210,2.000,1.401,0.486,0.478,0.436,0.431,0.153,0.155,0.122,0.955,49.950
2410121574,2026-10-09 20:00:00,233.730,232.720,233.100,0.140,0.120,0.110,0.068,0.029,0.021,0.016,-0.042,-0.011,-0.016,-0.013,0.865,49.980
2410131378,2026-10-09 20:00:00,232.850,233.150,232.530,0.360,0.420,0.360,0.290,0.092,0.103,0.094,0.087,0.027,0.029,0.030,0.943,49.980
2410131383,2026-10-09 20:00:00,234.720,233.940,233.930,0.050,0.040,0.070,0.037,0.011,0.010,0.016,-0.003,0.000,-0.002,-0.001,0.988,49.960
2410131384,2026-10-09 20:00:00,232.140,232.680,231.930,0.940,1.020,0.980,0.616,0.190,0.224,0.200,0.120,0.034,0.057,0.034,0.982,50.090
2410131387,2026-10-09 20:00:00,233.790,234.400,234.020,0.070,0.060,0.030,0.037,0.014,0.015,0.007,-0.009,-0.006,0.001,-0.003,0.973,49.940
2410320615,2026-10-09 20:00:00,233.640,234.200,233.840,1.380,1.360,1.450,0.976,0.330,0.319,0.325,0.130,0.030,0.055,0.045,0.991,50.100
2410883988,2026-10-09 20:00:00,230.720,230.960,230.600,0.430,0.410,0.490,0.284,0.091,0.087,0.106,0.108,0.035,0.037,0.035,0.934,50.130
2410883990,2026-10-09 20:00:00,230.680,230.320,230.430,0.080,0.000,0.030,0.025,0.017,0.000,0.007,0.000,0.001,0.000,-0.001,1.000,50.100
2410883991,2026-10-09 20:00:00,232.230,232.580,233.140,0.180,0.210,0.460,0.198,0.042,0.049,0.106,-0.004,-0.001,-0.001,-0.001,0.997,49.950
2410883993,2026-10-09 20:00:00,232.820,231.930,232.210,1.140,1.000,1.160,0.759,0.262,0.231,0.264,-0.062,-0.018,-0.024,-0.019,0.996,50.090
2410883994,2026-10-09 20:00:00,233.040,232.040,232.600,0.010,0.050,0.020,0.017,0.002,0.010,0.004,-0.001,0.000,0.000,0.000,0.987,49.960
2410932742,2026-10-09 20:00:00,226.870,225.220,225.480,3.240,3.200,3.380,2.048,0.679,0.666,0.703,0.620,0.209,0.191,0.219,0.957,49.980
2411087432,2026-10-09 20:00:00,233.230,233.610,232.750,1.040,1.110,1.440,0.795,0.267,0.221,0.306,0.293,0.069,0.104,0.119,0.938,50.130
2411087433,2026-10-09 20:00:00,232.430,232.690,233.320,0.430,0.340,0.390,0.255,0.093,0.075,0.086,0.043,0.012,0.012,0.018,0.985,50.090
2411290205,2026-10-09 20:00:00,233.650,233.540,234.330,1.090,1.000,1.120,0.720,0.241,0.224,0.253,0.090,0.036,0.028,0.029,0.991,49.950
2510014481,2026-10-09 20:00:00,226.310,226.670,227.990,1.710,1.720,1.600,0.970,0.328,0.331,0.306,0.379,0.125,0.134,0.119,0.931,50.090
2510014482,2026-10-09 20:00:00,233.330,233.570,232.760,0.010,0.070,0.000,0.019,0.002,0.017,0.000,-0.003,-0.002,-0.001,0.000,0.982,50.120
2510014483,2026-10-09 20:00:00,232.240,232.490,233.180,0.060,0.040,0.070,0.033,0.012,0.008,0.012,-0.020,-0.005,-0.005,-0.008,0.861,50.090
2510014484,2026-10-09 20:00:00,232.510,232.280,233.240,1.550,1.810,1.570,1.121,0.349,0.433,0.337,0.380,0.132,0.116,0.131,0.944,50.110
2510178139,2026-10-09 20:00:00,233.600,234.040,233.170,0.070,0.040,0.100,0.046,0.017,0.008,0.020,0.000,0.002,0.000,-0.002,0.993,50.080
2510178141,2026-10-09 20:00:00,233.240,233.550,233.870,0.020,0.010,0.010,0.005,0.002,0.000,0.002,-0.008,-0.004,-0.001,-0.002,0.510,50.110
2510203103,2026-10-09 20:00:00,224.020,222.320,222.660,0.070,0.100,0.100,0.054,0.014,0.019,0.019,-0.020,-0.005,-0.007,-0.006,0.936,50.080
2510203104,2026-10-09 20:00:00,226.460,226.630,227.210,0.850,0.730,0.710,0.477,0.196,0.146,0.158,0.044,0.006,0.013,0.024,0.995,50.130
2510203105,2026-10-09 20:00:00,229.220,227.390,228.070,0.520,0.690,0.480,0.336,0.103,0.138,0.094,0.123,0.038,0.045,0.040,0.944,50.080
2510203106,2026-10-09 20:00:00,234.020,233.780,234.690,0.030,0.010,0.000,0.009,0.005,0.003,0.000,-0.004,-0.003,0.000,0.000,0.931,50.110
2510203107,2026-10-09 20:00:00,222.840,222.710,223.490,0.210,0.260,0.200,0.143,0.045,0.054,0.043,0.002,0.000,0.000,0.001,1.000,50.100
2510203108,2026-10-09 20:00:00,233.290,233.330,232.730,0.890,1.670,1.140,0.854,0.205,0.386,0.263,0.051,0.004,0.028,0.022,0.996,50.060
2510203109,2026-10-09 20:00:00,232.310,233.020,232.030,0.160,0.120,0.130,0.092,0.034,0.027,0.029,0.014,0.012,0.000,0.002,0.993,50.070
2510203111,2026-10-09 20:00:00,232.580,233.070,233.440,1.240,1.050,1.390,0.780,0.258,0.219,0.303,0.240,0.097,0.071,0.072,0.954,50.100
2510203114,2026-10-09 20:00:00,226.210,226.570,227.070,0.430,0.310,0.310,0.243,0.107,0.072,0.064,0.036,0.010,0.008,0.017,0.987,50.070
2510203117,2026-10-09 20:00:00,230.790,230.330,230.370,0.350,0.310,0.260,0.206,0.077,0.069,0.058,-0.048,-0.017,-0.018,-0.013,0.973,50.010
2510203118,2026-10-09 20:00:00,121.610,121.670,122.000,0.210,0.180,0.180,0.064,0.023,0.020,0.020,-0.010,-0.003,-0.001,-0.005,0.990,50.080
2510203120,2026-10-09 20:00:00,232.920,231.940,232.250,0.590,0.450,0.490,0.320,0.123,0.092,0.104,0.084,0.034,0.022,0.021,0.962,50.060
2510203121,2026-10-09 20:00:00,230.220,230.310,230.570,0.450,0.300,0.410,0.267,0.104,0.067,0.095,-0.007,0.000,-0.003,-0.004,1.000,50.080
2510203122,2026-10-09 20:00:00,233.100,233.460,232.610,0.110,0.020,0.010,0.023,0.020,0.002,0.000,0.012,0.015,-0.002,0.000,0.873,50.030
2510203123,2026-10-09 20:00:00,233.010,233.300,233.650,0.390,0.910,1.110,0.539,0.177,0.209,0.153,0.123,0.037,0.035,0.050,1.000,50.120
2510203124,2026-10-09 20:00:00,233.530,233.560,232.850,0.190,0.200,0.210,0.130,0.041,0.041,0.044,0.051,0.016,0.017,0.017,0.930,50.050
2510203125,2026-10-09 20:00:00,234.190,234.890,234.190,0.030,0.030,0.080,0.025,0.003,0.003,0.017,-0.016,-0.006,-0.006,-0.004,0.833,50.090
2510203126,2026-10-09 20:00:00,230.290,230.270,230.690,0.490,0.420,0.410,0.283,0.105,0.090,0.087,0.106,0.035,0.034,0.037,0.937,50.030
2510203127,2026-10-09 20:00:00,233.180,233.490,232.740,0.030,0.010,0.030,0.015,0.008,0.001,0.005,-0.006,0.000,0.000,-0.005,0.941,50.020
2510203128,2026-10-09 20:00:00,232.250,232.730,231.180,1.800,1.620,1.840,1.188,0.408,0.365,0.414,0.078,0.011,0.023,0.043,0.997,50.080
2510203130,2026-10-09 20:00:00,240.000,240.300,241.690,0.020,0.000,0.010,0.008,0.004,0.001,0.002,-0.001,0.000,0.000,0.000,1.000,50.060
2510203133,2026-10-09 20:00:00,233.480,233.740,233.030,0.050,0.030,0.330,0.093,0.011,0.007,0.075,-0.010,0.001,0.000,-0.012,0.995,50.010
2510203134,2026-10-09 20:00:00,233.380,232.300,232.590,0.020,0.010,0.010,0.007,0.004,0.002,0.001,-0.001,0.000,-0.001,0.000,0.966,49.980
2510224049,2026-10-09 20:00:00,230.180,230.580,230.300,20.300,17.840,12.410,10.630,4.020,3.880,2.720,-2.240,-0.750,-0.900,-0.590,0.978,50.090
2510224167,2026-10-09 20:00:00,230.180,230.150,230.570,10.270,11.730,11.910,7.400,2.250,2.550,2.590,-2.230,-0.640,-0.780,-0.800,0.957,50.110
2510317505,2026-10-09 20:00:00,230.140,230.310,230.540,25.250,9.600,9.550,9.750,5.660,2.110,1.970,-2.080,-0.680,-0.580,-0.810,0.977,50.100
2510317516,2026-10-09 20:00:00,230.250,230.260,230.610,0.000,0.000,0.000,0.000,0.000,0.000,0.000,0.000,0.000,0.000,0.000,1.000,50.110
2510317537,2026-10-09 20:00:00,231.960,232.000,232.680,3.130,3.230,2.850,2.100,0.720,0.720,0.660,-0.320,-0.110,-0.100,-0.100,0.987,50.110
2510389559,2026-10-09 20:00:00,234.430,234.240,235.060,0.000,0.000,0.000,0.000,0.000,0.000,0.000,0.000,0.000,0.000,0.000,1.000,50.130
2510389643,2026-10-09 20:00:00,234.360,234.060,234.960,17.000,21.720,20.610,13.270,3.500,5.000,4.770,-1.340,-0.200,-0.620,-0.510,0.994,50.110
2510389931,2026-10-09 20:00:00,234.050,233.680,234.760,0.000,0.000,0.000,0.000,0.000,0.000,0.000,0.000,0.000,0.000,0.000,1.000,50.090
2510633381,2026-10-09 20:00:00,233.060,232.080,232.420,0.140,0.090,0.060,0.064,0.030,0.020,0.013,-0.015,-0.008,-0.004,-0.002,0.975,50.050
2510633382,2026-10-09 20:00:00,233.920,234.500,233.860,0.160,0.200,0.220,0.126,0.034,0.043,0.048,-0.054,-0.017,-0.017,-0.019,0.919,49.980
2510633383,2026-10-09 20:00:00,233.010,233.310,233.700,0.110,0.080,0.090,0.018,0.007,0.002,0.009,-0.060,-0.023,-0.018,-0.018,0.293,50.040
2510633385,2026-10-09 20:00:00,234.540,234.380,235.210,0.270,0.460,0.460,0.273,0.063,0.106,0.104,-0.036,-0.007,-0.016,-0.013,0.992,49.960
2510633386,2026-10-09 20:00:00,219.340,219.530,220.200,0.370,0.380,0.350,0.118,0.039,0.041,0.038,-0.206,-0.070,-0.070,-0.065,0.509,49.970
2510633387,2026-10-09 20:00:00,232.830,233.140,232.460,0.010,0.060,0.000,0.016,0.002,0.014,0.000,0.000,0.000,0.000,0.000,0.975,49.960
2510633389,2026-10-09 20:00:00,234.260,233.530,233.380,0.410,0.510,0.560,0.379,0.125,0.125,0.128,0.068,0.020,0.023,0.025,0.990,49.950
2510633390,2026-10-09 20:00:00,232.200,232.810,231.880,0.030,0.020,0.110,0.034,0.005,0.003,0.025,-0.002,-0.003,0.000,0.001,0.990,49.940
2510633391,2026-10-09 20:00:00,122.510,122.110,122.320,0.000,0.000,0.000,0.000,0.000,0.000,0.000,0.000,0.000,0.000,0.000,1.000,49.950
2510633393,2026-10-09 20:00:00,232.580,233.420,232.740,1.330,1.380,1.360,0.920,0.298,0.314,0.306,0.208,0.072,0.063,0.073,0.974,49.990
2510633395,2026-10-09 20:00:00,233.320,233.670,232.980,0.000,0.000,0.000,0.000,0.000,0.000,0.000,0.000,0.000,0.000,0.000,1.000,50.070
2510633396,2026-10-09 20:00:00,233.500,232.790,233.500,0.360,0.400,0.340,0.233,0.074,0.085,0.073,0.103,0.035,0.034,0.033,0.913,50.040
2510633397,2026-10-09 20:00:00,239.040,237.950,238.340,0.040,0.030,0.040,0.026,0.009,0.007,0.009,-0.006,-0.002,-0.002,0.000,0.961,49.950
2510633400,2026-10-09 20:00:00,229.220,229.650,229.260,0.420,0.450,0.450,0.265,0.083,0.090,0.091,0.114,0.037,0.041,0.036,0.916,49.950
2510633402,2026-10-09 20:00:00,227.010,227.230,228.450,0.750,0.770,0.820,0.442,0.131,0.134,0.146,0.116,0.036,0.038,0.040,0.945,49.990
2510633406,2026-10-09 20:00:00,230.330,230.220,230.700,0.170,0.200,0.200,0.124,0.037,0.043,0.043,-0.038,-0.010,-0.013,-0.013,0.956,50.090
2510633411,2026-10-09 20:00:00,228.240,227.820,227.720,1.430,1.300,1.370,0.851,0.299,0.268,0.280,0.361,0.119,0.116,0.124,0.920,49.970
2510814977,2026-10-09 20:00:00,228.270,229.410,227.860,0.010,0.010,0.010,0.005,0.002,0.001,0.001,-0.002,0.000,-0.001,-0.001,0.967,50.090
2610026950,2026-10-09 20:00:00,230.790,230.300,230.280,0.010,0.000,0.010,0.005,0.002,0.000,0.002,0.000,0.000,0.000,0.000,0.950,50.090
2610026952,2026-10-09 20:00:00,231.940,231.220,231.620,1.820,1.720,1.760,1.139,0.389,0.367,0.381,0.381,0.136,0.129,0.115,0.946,50.090
2610026953,2026-10-09 20:00:00,233.580,233.250,234.130,0.390,0.480,0.430,0.267,0.086,0.098,0.086,0.136,0.047,0.045,0.043,0.891,50.080
2610026963,2026-10-09 20:00:00,233.360,233.450,233.990,0.190,0.160,0.120,0.102,0.041,0.035,0.025,-0.037,-0.017,-0.008,-0.011,0.940,50.050
2610026966,2026-10-09 20:00:00,231.480,232.190,231.480,0.040,0.050,0.040,0.026,0.008,0.009,0.008,0.012,0.002,0.004,0.004,0.890,50.050
2610026976,2026-10-09 20:00:00,232.890,233.220,233.690,0.680,0.480,0.910,0.476,0.156,0.110,0.209,-0.054,-0.015,-0.006,-0.032,0.992,49.990
2610026977,2026-10-09 20:00:00,243.040,243.480,242.510,0.220,0.580,0.850,0.395,0.049,0.139,0.205,0.023,0.019,0.003,0.001,0.998,49.970
2610126270,2026-10-09 20:00:00,230.360,230.610,230.420,0.010,0.030,0.010,0.013,0.003,0.007,0.002,-0.003,0.000,-0.001,-0.001,0.934,50.100
2610126451,2026-10-09 20:00:00,233.770,234.030,233.230,0.010,0.000,0.070,0.022,0.001,0.000,0.019,0.000,0.000,0.000,0.000,1.000,50.090
2610159557,2026-10-09 20:00:00,233.260,232.250,232.540,0.020,0.010,0.010,0.007,0.003,0.001,0.002,-0.004,-0.002,0.000,-0.001,0.820,50.080
2610159558,2026-10-09 20:00:00,232.130,232.470,233.150,0.000,0.010,0.020,0.008,0.001,0.002,0.004,0.000,0.000,0.000,0.000,1.000,50.090
2610170785,2026-10-09 20:00:00,233.040,232.040,232.420,0.010,0.000,0.000,0.002,0.002,0.000,0.000,0.000,0.000,0.000,0.000,1.000,50.090
2610170786,2026-10-09 20:00:00,231.940,232.130,232.710,0.880,0.970,1.000,0.818,0.269,0.274,0.274,0.129,0.043,0.041,0.042,0.980,50.110
2610170837,2026-10-09 20:00:00,229.440,227.760,228.280,0.000,0.000,0.010,0.002,0.000,0.000,0.001,0.000,0.000,0.000,0.000,0.938,50.100
2610170838,2026-10-09 20:00:00,233.180,232.000,232.470,0.020,0.060,0.140,0.050,0.004,0.013,0.032,-0.001,0.000,0.001,-0.002,1.000,50.120
2610170839,2026-10-09 20:00:00,232.090,232.250,233.000,0.000,0.030,0.020,0.012,0.001,0.006,0.004,0.000,0.000,0.000,0.000,0.990,50.100
2610170840,2026-10-09 20:00:00,233.970,233.600,234.660,0.000,0.000,0.000,0.000,0.000,0.000,0.000,0.000,0.000,0.000,0.000,1.000,50.100
2610322967,2026-10-09 20:00:00,233.670,232.490,232.610,0.020,0.000,0.000,0.005,0.005,0.000,0.000,0.000,0.000,0.000,0.000,1.000,50.100
2610322969,2026-10-09 20:00:00,230.340,229.880,230.200,0.510,0.350,0.190,0.168,0.102,0.024,0.041,0.142,0.056,0.076,0.010,0.764,50.090
2610322992,2026-10-09 20:00:00,227.860,228.680,229.320,0.110,0.370,0.330,0.182,0.024,0.083,0.075,0.009,0.004,0.000,0.005,1.000,50.100
2610322995,2026-10-09 20:00:00,232.200,232.590,233.170,0.000,0.000,0.000,0.000,0.000,0.000,0.000,0.000,0.000,0.000,0.000,1.000,50.090
2610322997,2026-10-09 20:00:00,227.170,227.240,226.420,1.220,1.400,0.990,0.675,0.249,0.249,0.176,0.325,0.060,0.160,0.110,0.906,50.100
2610323001,2026-10-09 20:00:00,226.700,225.460,225.540,2.240,1.980,2.120,1.289,0.456,0.397,0.439,0.566,0.193,0.185,0.187,0.913,50.100
2610323004,2026-10-09 20:00:00,63.240,62.710,63.200,0.130,0.120,0.140,0.023,0.008,0.007,0.008,-0.004,0.000,-0.001,-0.002,0.994,50.090
2610323005,2026-10-09 20:00:00,230.380,230.640,230.280,0.000,0.000,0.000,0.001,0.000,0.001,0.000,0.000,0.000,0.000,0.000,0.962,50.090
2610323010,2026-10-09 20:00:00,234.750,234.030,233.840,0.060,0.010,0.000,0.016,0.013,0.003,0.000,-0.008,-0.007,-0.001,0.000,0.895,50.090
2610323014,2026-10-09 20:00:00,233.160,233.440,233.880,0.010,0.000,0.000,0.000,0.000,0.000,0.000,-0.001,-0.001,0.000,0.000,0.316,50.100
2610323016,2026-10-09 20:00:00,227.170,225.900,226.270,1.980,1.840,1.800,1.136,0.400,0.365,0.370,0.473,0.163,0.155,0.155,0.922,50.100
2610323017,2026-10-09 20:00:00,232.190,232.900,232.090,0.000,0.000,0.000,0.000,0.000,0.000,0.000,0.000,0.000,0.000,0.000,1.000,50.110
2610323019,2026-10-09 20:00:00,230.180,230.740,230.420,0.020,0.060,0.030,0.023,0.004,0.013,0.005,-0.007,-0.001,-0.003,-0.002,0.929,50.110
2610323027,2026-10-09 20:00:00,233.200,232.100,232.540,0.000,0.000,0.000,0.000,0.000,0.000,0.000,0.000,0.000,0.000,0.000,1.000,50.110
2410121353,2026-10-09 20:01:00,233.240,232.490,232.780,0.380,0.360,0.380,0.248,0.089,0.078,0.080,0.091,0.027,0.026,0.037,0.935,49.920
2510633399,2026-10-09 20:01:00,229.980,229.980,230.370,0.520,0.620,0.740,0.431,0.119,0.142,0.168,-0.007,-0.001,-0.001,-0.004,1.000,49.930
2510203113,2026-10-09 20:02:00,234.630,233.980,234.060,0.270,0.290,0.300,0.200,0.063,0.067,0.069,-0.002,0.002,0.001,-0.006,0.998,49.980
2246006313,2026-10-09 20:30:00,58.300,58.300,58.200,1.044,1.039,0.994,0.175,0.058,0.059,0.057,0.036,0.013,0.011,0.011,0.978,50.110
2410121326,2026-10-09 20:30:00,232.640,231.770,232.270,0.150,0.130,0.130,0.093,0.033,0.028,0.030,-0.005,-0.004,-0.002,0.001,1.000,50.040
2410121353,2026-10-09 20:30:00,232.890,232.100,232.530,0.000,0.010,0.050,0.014,0.000,0.002,0.011,-0.001,0.000,0.000,0.000,1.000,49.880
2410121371,2026-10-09 20:30:00,233.070,232.090,232.570,0.040,0.010,0.030,0.017,0.008,0.000,0.007,0.000,0.001,-0.001,0.000,1.000,49.910
2410121424,2026-10-09 20:30:00,233.210,232.440,232.890,0.010,0.010,0.010,0.004,0.000,0.001,0.002,-0.003,-0.001,-0.001,0.000,0.751,49.930
2410121440,2026-10-09 20:30:00,232.710,231.890,232.390,0.010,0.010,0.010,0.005,0.002,0.000,0.001,-0.002,-0.001,-0.001,0.000,0.881,49.920
2410121454,2026-10-09 20:30:00,232.820,233.310,232.410,0.070,0.160,0.170,0.100,0.017,0.037,0.041,0.007,0.003,0.002,0.000,0.995,49.930
2410121574,2026-10-09 20:30:00,233.380,232.400,232.790,0.100,0.090,0.070,0.039,0.019,0.008,0.011,-0.046,-0.012,-0.018,-0.014,0.593,49.910
2410131378,2026-10-09 20:30:00,232.520,232.760,232.020,0.310,0.540,0.390,0.281,0.083,0.109,0.088,0.061,0.013,0.023,0.031,0.980,49.890
2410131383,2026-10-09 20:30:00,234.170,233.370,233.490,0.040,0.030,0.050,0.026,0.009,0.006,0.010,-0.003,0.000,-0.001,-0.001,0.998,50.030
2410131384,2026-10-09 20:30:00,231.980,232.400,231.670,0.760,1.090,0.950,0.731,0.231,0.263,0.236,0.132,0.042,0.055,0.038,0.986,50.150
2410131387,2026-10-09 20:30:00,233.450,234.160,233.600,0.200,0.200,0.190,0.137,0.045,0.045,0.045,-0.007,-0.001,-0.002,-0.003,1.000,49.950
2410320615,2026-10-09 20:30:00,232.990,233.490,233.430,1.430,1.470,1.450,0.959,0.314,0.303,0.341,0.145,0.034,0.061,0.055,0.989,50.140
2410883988,2026-10-09 20:30:00,232.240,232.630,232.150,0.280,0.270,0.350,0.202,0.062,0.059,0.079,0.050,0.016,0.017,0.016,0.967,50.140
2410883990,2026-10-09 20:30:00,232.360,231.800,232.020,0.020,0.000,0.030,0.012,0.004,0.000,0.007,0.000,0.001,0.000,-0.001,1.000,50.150
2410883991,2026-10-09 20:30:00,231.820,232.210,232.730,0.090,0.080,0.320,0.111,0.019,0.017,0.074,-0.007,-0.002,-0.003,0.000,0.997,50.120
2410883993,2026-10-09 20:30:00,232.130,231.220,231.570,1.140,1.010,1.150,0.756,0.262,0.231,0.262,-0.062,-0.018,-0.023,-0.021,0.996,50.130
2410883994,2026-10-09 20:30:00,232.820,231.840,232.360,0.010,0.050,0.020,0.017,0.002,0.010,0.004,-0.001,0.000,0.000,0.000,0.994,50.130
2410932742,2026-10-09 20:30:00,225.960,224.300,224.450,3.300,3.250,3.410,2.075,0.693,0.675,0.705,0.624,0.208,0.196,0.219,0.957,50.120
2411087432,2026-10-09 20:30:00,232.240,232.730,231.970,0.500,0.820,0.630,0.426,0.115,0.174,0.135,-0.014,-0.003,-0.007,-0.003,1.000,50.150
2411087433,2026-10-09 20:30:00,231.830,232.140,232.730,0.300,0.290,0.300,0.202,0.069,0.065,0.068,0.035,0.009,0.011,0.014,0.982,50.130
2411290205,2026-10-09 20:30:00,233.650,233.570,234.310,0.560,0.530,0.620,0.388,0.126,0.121,0.140,-0.058,-0.017,-0.019,-0.022,0.990,50.130
2510014481,2026-10-09 20:30:00,225.440,225.630,227.200,1.500,1.530,1.450,0.887,0.298,0.300,0.287,0.302,0.101,0.110,0.090,0.951,50.130
2510014482,2026-10-09 20:30:00,232.630,232.960,232.150,0.010,0.080,0.000,0.019,0.002,0.017,0.000,-0.004,-0.002,-0.001,0.000,0.988,50.150
2510014483,2026-10-09 20:30:00,231.570,231.860,232.490,0.040,0.030,0.050,0.021,0.007,0.005,0.008,-0.019,-0.006,-0.005,-0.008,0.730,50.150
2510014484,2026-10-09 20:30:00,232.220,232.190,233.070,1.920,2.120,1.810,1.295,0.399,0.496,0.400,0.424,0.145,0.133,0.145,0.950,50.150
2510178139,2026-10-09 20:30:00,232.680,233.120,232.190,0.080,0.040,0.090,0.049,0.019,0.009,0.020,0.000,0.001,0.000,-0.002,0.992,50.100
2510178141,2026-10-09 20:30:00,232.130,232.500,232.880,0.020,0.010,0.020,0.006,0.002,0.000,0.003,-0.008,-0.004,-0.001,-0.002,0.626,50.150
2510203103,2026-10-09 20:30:00,223.260,221.690,221.970,0.100,0.130,0.120,0.076,0.021,0.028,0.026,-0.016,-0.004,-0.006,-0.005,0.978,50.140
2510203104,2026-10-09 20:30:00,225.960,226.210,226.730,0.450,0.460,0.420,0.305,0.120,0.100,0.085,0.056,0.007,0.019,0.029,0.983,50.150
2510203105,2026-10-09 20:30:00,228.300,226.330,226.890,0.690,0.860,0.640,0.507,0.163,0.196,0.146,0.130,0.037,0.050,0.043,0.966,50.090
2510203106,2026-10-09 20:30:00,233.610,233.510,234.310,0.030,0.010,0.000,0.009,0.005,0.003,0.000,-0.004,-0.003,0.000,0.000,0.925,50.150
2510203107,2026-10-09 20:30:00,222.260,222.220,222.950,0.210,0.290,0.220,0.158,0.047,0.063,0.047,0.016,0.004,0.005,0.006,0.993,50.150
2510203108,2026-10-09 20:30:00,232.130,232.390,231.760,1.000,1.270,1.010,0.736,0.225,0.291,0.221,0.050,0.013,0.022,0.013,0.997,50.120
2510203109,2026-10-09 20:30:00,231.650,232.270,231.300,0.140,0.130,0.110,0.085,0.030,0.029,0.024,0.013,0.012,0.000,0.001,0.983,50.090
2510203111,2026-10-09 20:30:00,231.810,232.300,232.660,1.260,1.080,1.390,0.793,0.264,0.226,0.302,0.247,0.094,0.076,0.077,0.955,50.150
2510203113,2026-10-09 20:30:00,234.220,233.460,233.670,0.260,0.290,0.300,0.196,0.060,0.067,0.069,-0.002,0.001,0.001,-0.005,1.000,50.140
2510203114,2026-10-09 20:30:00,225.450,225.860,226.270,0.290,0.190,0.200,0.147,0.064,0.049,0.042,0.034,0.008,0.008,0.017,0.970,50.080
2510203117,2026-10-09 20:30:00,232.620,232.090,232.170,0.430,0.310,0.260,0.226,0.097,0.069,0.059,-0.042,-0.010,-0.018,-0.013,0.981,50.130
2510203118,2026-10-09 20:30:00,121.240,121.360,121.650,0.200,0.180,0.180,0.068,0.024,0.022,0.021,-0.007,-0.002,0.000,-0.004,0.986,50.140
2510203120,2026-10-09 20:30:00,232.250,231.320,231.760,0.650,0.440,0.490,0.344,0.140,0.094,0.107,0.112,0.047,0.034,0.030,0.950,50.130
2510203121,2026-10-09 20:30:00,231.670,231.830,232.170,0.440,0.290,0.430,0.268,0.101,0.065,0.099,-0.009,0.000,-0.004,-0.005,0.998,50.110
2510203122,2026-10-09 20:30:00,232.530,233.020,232.210,0.060,0.020,0.010,0.014,0.011,0.002,0.000,0.002,0.006,-0.002,-0.001,0.983,50.140
2510203123,2026-10-09 20:30:00,231.910,232.230,232.690,0.450,0.730,1.010,0.642,0.168,0.135,0.212,0.137,0.043,0.036,0.057,0.981,50.150
2510203124,2026-10-09 20:30:00,232.600,232.630,231.900,0.190,0.190,0.210,0.127,0.041,0.042,0.046,0.051,0.016,0.017,0.017,0.931,50.070
2510203125,2026-10-09 20:30:00,233.690,234.420,233.690,0.030,0.030,0.070,0.022,0.003,0.003,0.015,-0.016,-0.006,-0.006,-0.004,0.814,50.140
2510203126,2026-10-09 20:30:00,231.690,231.810,232.240,0.350,0.280,0.270,0.202,0.079,0.062,0.059,0.050,0.016,0.016,0.017,0.970,50.050
2510203127,2026-10-09 20:30:00,232.260,232.700,231.870,0.030,0.010,0.030,0.015,0.008,0.001,0.005,-0.006,0.000,0.000,-0.005,0.938,50.050
2510203128,2026-10-09 20:30:00,231.640,231.860,230.390,2.120,1.990,2.120,1.397,0.478,0.445,0.475,0.117,0.016,0.039,0.061,0.996,50.130
2510203130,2026-10-09 20:30:00,238.740,239.010,240.540,0.010,0.000,0.010,0.006,0.002,0.001,0.002,-0.001,0.000,0.000,0.000,1.000,50.080
2510203133,2026-10-09 20:30:00,232.510,232.980,232.240,0.030,0.020,0.010,0.012,0.006,0.003,0.001,-0.002,0.000,-0.002,0.000,0.940,50.110
2510203134,2026-10-09 20:30:00,233.020,231.980,232.270,0.020,0.010,0.010,0.007,0.004,0.002,0.001,-0.001,0.000,-0.001,0.000,0.963,50.120
2510224049,2026-10-09 20:30:00,231.720,232.170,231.750,20.220,17.640,12.360,10.610,4.020,3.860,2.720,-2.260,-0.750,-0.900,-0.600,0.977,50.150
2510224167,2026-10-09 20:30:00,231.690,231.660,232.230,10.210,11.670,11.840,7.400,2.250,2.550,2.590,-2.260,-0.650,-0.790,-0.820,0.956,50.150
2510317505,2026-10-09 20:30:00,231.720,231.900,232.290,24.890,9.530,9.500,9.710,5.630,2.110,1.970,-2.100,-0.680,-0.590,-0.820,0.977,50.160
2510317516,2026-10-09 20:30:00,231.660,231.710,232.060,0.000,0.000,0.000,0.000,0.000,0.000,0.000,0.000,0.000,0.000,0.000,1.000,50.040
2510317537,2026-10-09 20:30:00,231.490,231.640,232.200,2.970,2.850,2.660,1.840,0.620,0.720,0.700,-0.180,-0.050,-0.060,-0.060,0.995,50.150
2510389559,2026-10-09 20:30:00,233.750,233.650,234.560,0.000,0.000,0.000,0.000,0.000,0.000,0.000,0.000,0.000,0.000,0.000,1.000,50.140
2510389643,2026-10-09 20:30:00,234.020,233.860,234.560,17.040,21.740,20.630,13.280,3.500,5.000,4.770,-1.330,-0.190,-0.620,-0.510,0.995,50.160
2510389931,2026-10-09 20:30:00,233.490,233.070,234.090,0.000,0.000,0.000,0.000,0.000,0.000,0.000,0.000,0.000,0.000,0.000,1.000,50.150
2510633381,2026-10-09 20:30:00,232.320,231.360,231.730,0.050,0.090,0.010,0.033,0.010,0.020,0.002,-0.011,-0.004,-0.005,-0.001,0.958,50.060
2510633383,2026-10-09 20:30:00,231.930,232.320,232.730,0.110,0.080,0.090,0.017,0.005,0.002,0.009,-0.060,-0.023,-0.018,-0.018,0.280,50.060
2510633385,2026-10-09 20:30:00,233.750,233.700,234.420,0.280,0.460,0.450,0.277,0.066,0.106,0.104,-0.034,-0.005,-0.016,-0.013,0.992,49.970
2510633386,2026-10-09 20:30:00,218.700,218.940,219.520,0.370,0.370,0.340,0.125,0.042,0.044,0.039,-0.201,-0.068,-0.068,-0.064,0.536,49.940
2510633387,2026-10-09 20:30:00,232.490,232.930,232.070,0.010,0.000,0.000,0.002,0.002,0.000,0.000,0.000,0.000,0.000,0.000,1.000,49.970
2510633389,2026-10-09 20:30:00,233.750,233.020,232.880,0.400,0.380,0.420,0.291,0.098,0.094,0.103,0.047,0.015,0.015,0.016,0.985,49.980
2510633390,2026-10-09 20:30:00,231.720,232.430,231.420,0.030,0.020,0.010,0.012,0.005,0.004,0.002,-0.004,-0.003,0.000,0.000,0.926,49.880
2510633391,2026-10-09 20:30:00,122.080,121.640,121.860,0.000,0.000,0.000,0.000,0.000,0.000,0.000,0.000,0.000,0.000,0.000,1.000,50.030
2510633393,2026-10-09 20:30:00,232.230,233.000,232.330,1.430,1.450,1.440,0.957,0.314,0.326,0.316,0.204,0.071,0.063,0.070,0.977,49.920
2510633395,2026-10-09 20:30:00,232.300,232.640,231.880,0.000,0.000,0.000,0.000,0.000,0.000,0.000,0.000,0.000,0.000,0.000,1.000,50.080
2510633396,2026-10-09 20:30:00,232.530,231.660,232.430,0.360,0.410,0.360,0.237,0.075,0.087,0.074,0.101,0.034,0.033,0.032,0.917,50.060
2510633397,2026-10-09 20:30:00,238.370,237.290,237.730,0.030,0.030,0.040,0.022,0.006,0.007,0.008,-0.006,-0.002,-0.002,-0.001,0.982,50.000
2510633399,2026-10-09 20:30:00,231.410,231.450,231.910,0.450,0.560,0.620,0.376,0.104,0.130,0.141,0.000,0.001,0.000,-0.001,1.000,50.050
2510633400,2026-10-09 20:30:00,230.640,231.040,230.530,0.430,0.450,0.460,0.295,0.093,0.099,0.102,0.139,0.046,0.049,0.044,0.896,50.020
2510633402,2026-10-09 20:30:00,225.810,225.940,227.400,0.930,0.950,1.000,0.593,0.190,0.196,0.205,0.195,0.064,0.062,0.070,0.953,49.930
2510633406,2026-10-09 20:30:00,231.800,231.760,232.300,0.170,0.200,0.200,0.124,0.037,0.043,0.043,-0.039,-0.011,-0.013,-0.014,0.956,50.140
2510633411,2026-10-09 20:30:00,229.010,228.400,228.260,1.980,1.900,1.980,1.205,0.412,0.390,0.403,0.529,0.168,0.171,0.189,0.916,50.030
2510814977,2026-10-09 20:30:00,226.920,228.230,226.610,0.010,0.010,0.010,0.005,0.002,0.001,0.001,-0.002,0.000,-0.001,-0.001,0.941,50.140
2610026950,2026-10-09 20:30:00,232.310,231.740,231.830,0.010,0.000,0.020,0.005,0.001,0.000,0.003,0.000,0.000,0.000,0.000,0.961,50.130
2610026952,2026-10-09 20:30:00,230.770,229.980,230.230,1.920,1.870,1.910,1.198,0.402,0.392,0.403,0.461,0.160,0.151,0.149,0.933,50.140
2610026953,2026-10-09 20:30:00,233.060,232.860,233.620,0.440,0.490,0.500,0.313,0.098,0.108,0.103,0.139,0.047,0.045,0.045,0.900,50.130
2610026963,2026-10-09 20:30:00,232.350,232.540,233.080,0.210,0.170,0.130,0.110,0.045,0.037,0.027,-0.037,-0.017,-0.008,-0.011,0.946,50.060
2610026966,2026-10-09 20:30:00,231.710,232.030,231.450,0.050,0.040,0.060,0.030,0.010,0.009,0.010,0.016,0.004,0.004,0.007,0.876,50.070
2610026976,2026-10-09 20:30:00,231.980,232.390,232.880,0.630,0.450,0.860,0.444,0.142,0.104,0.197,-0.054,-0.016,-0.006,-0.032,0.992,50.060
2610026977,2026-10-09 20:30:00,243.300,243.430,242.680,0.220,0.580,0.850,0.395,0.049,0.139,0.205,0.023,0.019,0.003,0.001,0.997,50.020
2610126270,2026-10-09 20:30:00,231.910,232.250,231.830,0.010,0.030,0.010,0.012,0.003,0.007,0.002,-0.003,0.000,-0.001,-0.001,0.950,50.150
2610126451,2026-10-09 20:30:00,232.790,233.110,232.260,0.010,0.000,0.080,0.021,0.001,0.000,0.019,0.000,0.000,0.000,0.001,1.000,50.110
2610159557,2026-10-09 20:30:00,232.550,231.480,231.860,0.020,0.010,0.010,0.006,0.003,0.001,0.001,-0.004,-0.002,0.000,-0.001,0.805,50.140
2610159558,2026-10-09 20:30:00,231.440,231.910,232.460,0.000,0.010,0.020,0.006,0.000,0.001,0.004,0.000,0.000,0.000,0.000,1.000,50.130
2610170785,2026-10-09 20:30:00,232.540,231.540,231.990,0.000,0.000,0.000,0.001,0.001,0.000,0.000,0.000,0.000,0.000,0.000,1.000,50.140
2610170786,2026-10-09 20:30:00,231.390,231.690,232.160,1.140,1.170,1.220,0.747,0.240,0.245,0.261,0.149,0.042,0.045,0.049,0.979,50.150
2610170837,2026-10-09 20:30:00,228.340,226.570,226.930,0.000,0.000,0.020,0.006,0.000,0.000,0.005,0.000,0.000,0.000,0.000,1.000,50.150
2610170838,2026-10-09 20:30:00,232.610,231.430,232.050,0.020,0.050,0.120,0.045,0.004,0.012,0.028,-0.001,0.000,0.000,-0.001,0.993,50.140
2610170839,2026-10-09 20:30:00,231.440,231.870,232.500,0.000,0.020,0.020,0.010,0.001,0.004,0.004,0.000,0.000,0.000,0.000,0.990,50.150
2610170840,2026-10-09 20:30:00,233.570,233.280,234.190,0.000,0.000,0.000,0.001,0.001,0.000,0.000,0.000,0.000,0.000,0.000,0.506,50.150
2610322969,2026-10-09 20:30:00,231.910,231.300,231.700,0.520,0.350,0.180,0.169,0.106,0.023,0.039,0.142,0.055,0.076,0.010,0.766,50.140
2610322995,2026-10-09 20:30:00,231.720,232.040,232.610,0.000,0.000,0.000,0.000,0.000,0.000,0.000,0.000,0.000,0.000,0.000,1.000,50.140
2610322997,2026-10-09 20:30:00,225.940,226.340,225.340,1.210,1.350,0.950,0.736,0.277,0.282,0.206,0.317,0.055,0.154,0.107,0.920,50.150
2610323001,2026-10-09 20:30:00,226.080,224.700,224.600,2.080,1.880,2.250,1.299,0.432,0.389,0.478,0.450,0.154,0.146,0.150,0.944,50.150
2610323004,2026-10-09 20:30:00,62.910,62.340,62.860,0.120,0.110,0.140,0.022,0.007,0.006,0.008,-0.005,0.000,-0.002,-0.002,0.962,50.140
2610323005,2026-10-09 20:30:00,231.940,232.440,231.830,0.000,0.000,0.000,0.001,0.000,0.001,0.000,0.000,0.000,0.000,0.000,0.976,50.150
2610323010,2026-10-09 20:30:00,234.190,233.430,233.450,0.070,0.010,0.000,0.017,0.013,0.003,0.000,-0.008,-0.006,-0.001,0.000,0.896,50.160
2610323016,2026-10-09 20:30:00,224.420,223.230,223.430,3.640,3.540,3.540,2.210,0.754,0.724,0.723,0.677,0.222,0.221,0.233,0.955,50.060
2610323017,2026-10-09 20:30:00,231.830,232.450,231.570,0.000,0.000,0.000,0.000,0.000,0.000,0.000,0.000,0.000,0.000,0.000,1.000,50.150
2610323019,2026-10-09 20:30:00,231.790,232.440,231.890,0.060,0.020,0.030,0.023,0.012,0.004,0.005,-0.008,-0.003,-0.001,-0.002,0.943,50.160
2610323027,2026-10-09 20:30:00,232.760,231.600,232.100,0.000,0.000,0.000,0.000,0.000,0.000,0.000,0.000,0.000,0.000,0.000,1.000,50.150
2410121457,2026-10-09 20:31:00,231.320,230.340,231.160,2.070,2.130,1.890,1.324,0.450,0.460,0.412,0.399,0.140,0.148,0.110,0.957,49.960
2510633382,2026-10-09 20:31:00,233.630,234.430,233.740,0.170,0.160,0.220,0.118,0.035,0.034,0.048,-0.049,-0.015,-0.016,-0.017,0.921,50.080
2610322967,2026-10-09 20:31:00,233.250,232.200,232.220,0.020,0.000,0.000,0.005,0.005,0.000,0.000,0.000,0.000,0.000,0.000,0.966,49.950
2610322992,2026-10-09 20:31:00,227.320,227.960,228.840,0.110,0.420,0.260,0.178,0.025,0.094,0.058,0.013,0.004,0.002,0.006,0.996,49.950
2610323014,2026-10-09 20:31:00,232.170,232.510,232.960,0.010,0.000,0.000,0.000,0.000,0.000,0.000,-0.001,-0.001,0.000,0.000,0.287,49.930
2246006313,2026-10-09 21:00:00,58.400,58.300,58.300,1.123,1.115,1.105,0.186,0.062,0.062,0.061,0.040,0.013,0.013,0.013,0.977,50.040
2410121326,2026-10-09 21:00:00,234.400,233.550,233.940,0.120,0.110,0.130,0.083,0.027,0.025,0.030,-0.001,-0.002,-0.002,0.003,1.000,50.100
2410121353,2026-10-09 21:00:00,234.670,233.920,234.380,0.000,0.030,0.050,0.018,0.000,0.006,0.011,-0.001,0.000,-0.001,0.000,1.000,50.170
2410121371,2026-10-09 21:00:00,234.800,233.930,234.290,0.030,0.010,0.030,0.016,0.008,0.000,0.007,-0.001,0.000,-0.001,0.000,0.980,50.120
2410121424,2026-10-09 21:00:00,234.620,233.710,234.040,0.010,0.010,0.010,0.004,0.000,0.001,0.002,-0.003,-0.001,-0.001,0.000,0.759,50.120
2410121440,2026-10-09 21:00:00,234.460,233.780,234.070,0.010,0.010,0.010,0.005,0.002,0.000,0.001,-0.003,-0.001,-0.001,0.000,0.899,50.120
2410121454,2026-10-09 21:00:00,234.130,234.640,233.800,0.080,0.170,0.150,0.090,0.016,0.038,0.035,0.021,0.008,0.007,0.005,0.976,50.120
2410121457,2026-10-09 21:00:00,232.620,231.740,232.410,2.070,2.110,1.930,1.334,0.451,0.458,0.423,0.402,0.141,0.144,0.116,0.956,50.150
2410131378,2026-10-09 21:00:00,234.380,234.680,234.050,0.480,0.550,0.410,0.253,0.070,0.115,0.100,0.061,0.014,0.021,0.025,0.986,50.150
2410131383,2026-10-09 21:00:00,239.040,237.980,238.220,0.040,0.020,0.050,0.027,0.010,0.005,0.012,-0.003,0.000,-0.001,-0.002,1.000,50.150
2410131387,2026-10-09 21:00:00,237.760,238.570,237.770,0.070,0.060,0.040,0.038,0.015,0.015,0.007,-0.009,-0.007,0.001,-0.003,0.981,50.170
2410320615,2026-10-09 21:00:00,237.130,237.680,237.460,1.320,1.230,1.360,0.904,0.334,0.311,0.326,0.167,0.040,0.067,0.058,0.984,50.110
2410883988,2026-10-09 21:00:00,232.830,233.230,232.820,0.410,0.400,0.480,0.282,0.089,0.086,0.105,0.097,0.032,0.033,0.032,0.944,50.100
2410883990,2026-10-09 21:00:00,233.100,232.630,232.670,0.070,0.000,0.040,0.024,0.016,0.000,0.008,0.000,0.002,0.000,-0.001,1.000,50.130
2410883991,2026-10-09 21:00:00,232.070,232.420,232.960,0.090,0.070,0.320,0.110,0.020,0.016,0.074,-0.002,-0.001,-0.001,0.000,1.000,50.090
2410883993,2026-10-09 21:00:00,232.600,231.790,232.120,1.140,1.000,1.130,0.748,0.259,0.230,0.258,-0.063,-0.017,-0.023,-0.022,0.995,50.120
2410883994,2026-10-09 21:00:00,233.170,232.190,232.680,0.010,0.050,0.020,0.018,0.002,0.010,0.005,-0.001,0.000,0.000,0.000,1.000,50.080
2410932742,2026-10-09 21:00:00,230.660,228.920,229.010,3.160,3.100,3.260,1.996,0.667,0.647,0.681,0.612,0.206,0.191,0.213,0.956,50.050
2411087432,2026-10-09 21:00:00,233.610,234.070,233.260,0.430,0.470,0.520,0.330,0.099,0.110,0.120,-0.015,-0.002,-0.009,-0.003,0.997,50.100
2411087433,2026-10-09 21:00:00,232.300,232.590,233.090,0.330,0.310,0.310,0.205,0.070,0.066,0.068,0.036,0.010,0.012,0.014,0.986,50.110
2411290205,2026-10-09 21:00:00,237.840,237.930,238.630,0.220,0.140,0.150,0.120,0.051,0.033,0.035,0.008,0.005,0.000,0.002,0.996,50.090
2510014481,2026-10-09 21:00:00,230.030,230.030,231.600,1.790,1.820,1.810,1.179,0.395,0.395,0.409,0.416,0.140,0.148,0.127,0.937,50.120
2510014482,2026-10-09 21:00:00,233.700,234.040,233.240,0.010,0.080,0.000,0.019,0.002,0.017,0.000,-0.004,-0.002,-0.001,0.000,0.996,50.110
2510014483,2026-10-09 21:00:00,232.000,232.260,232.850,0.040,0.040,0.080,0.031,0.008,0.006,0.016,-0.019,-0.006,-0.005,-0.007,0.839,50.130
2510014484,2026-10-09 21:00:00,236.090,236.180,237.060,1.580,1.770,1.460,1.055,0.342,0.398,0.315,0.403,0.137,0.124,0.139,0.933,50.100
2510178139,2026-10-09 21:00:00,234.210,234.680,233.840,0.060,0.040,0.090,0.048,0.017,0.008,0.022,0.000,0.001,0.000,-0.002,1.000,50.120
2510178141,2026-10-09 21:00:00,233.390,233.730,234.050,0.020,0.010,0.010,0.005,0.002,0.000,0.002,-0.008,-0.004,-0.001,-0.002,0.513,50.100
2510203103,2026-10-09 21:00:00,227.560,225.760,225.940,0.080,0.130,0.110,0.068,0.016,0.028,0.023,-0.013,-0.003,-0.005,-0.004,0.974,50.050
2510203104,2026-10-09 21:00:00,226.550,226.720,227.200,0.330,0.300,0.260,0.223,0.096,0.073,0.053,0.036,0.001,0.011,0.024,0.981,50.080
2510203105,2026-10-09 21:00:00,233.120,231.190,231.580,0.300,0.440,0.280,0.223,0.066,0.099,0.057,0.127,0.040,0.042,0.039,0.846,50.110
2510203106,2026-10-09 21:00:00,237.680,237.730,238.500,0.030,0.010,0.000,0.009,0.005,0.003,0.000,-0.004,-0.003,0.000,0.000,0.940,50.060
2510203107,2026-10-09 21:00:00,226.020,226.070,226.820,0.220,0.300,0.240,0.169,0.049,0.067,0.053,0.022,0.006,0.007,0.008,0.989,50.130
2510203108,2026-10-09 21:00:00,233.380,233.570,232.980,0.890,1.300,1.070,0.741,0.204,0.299,0.238,0.054,0.010,0.027,0.014,0.997,50.050
2510203109,2026-10-09 21:00:00,232.330,232.950,232.020,0.140,0.090,0.090,0.072,0.029,0.021,0.022,0.014,0.011,0.000,0.001,0.976,50.110
2510203111,2026-10-09 21:00:00,233.110,233.610,233.960,1.270,1.110,1.400,0.806,0.268,0.230,0.308,0.256,0.099,0.078,0.080,0.953,50.050
2510203113,2026-10-09 21:00:00,238.650,237.780,237.920,0.310,0.290,0.300,0.213,0.073,0.068,0.070,-0.002,0.001,0.002,-0.006,0.999,50.100
2510203114,2026-10-09 21:00:00,226.270,226.650,227.090,0.280,0.180,0.190,0.143,0.062,0.040,0.040,0.026,0.005,0.005,0.015,0.986,50.100
2510203117,2026-10-09 21:00:00,232.870,232.380,232.350,0.350,0.410,0.260,0.233,0.079,0.094,0.059,-0.046,-0.016,-0.016,-0.013,0.979,50.050
2510203118,2026-10-09 21:00:00,121.510,121.600,121.880,0.180,0.150,0.160,0.058,0.021,0.019,0.018,-0.011,-0.004,-0.001,-0.005,0.974,50.110
2510203120,2026-10-09 21:00:00,232.500,231.620,232.030,0.740,0.530,0.570,0.409,0.161,0.118,0.129,0.109,0.046,0.032,0.029,0.967,50.050
2510203121,2026-10-09 21:00:00,232.470,232.460,232.890,0.440,0.290,0.410,0.265,0.102,0.067,0.096,-0.007,0.001,-0.003,-0.005,0.997,50.110
2510203122,2026-10-09 21:00:00,233.970,234.500,233.620,0.110,0.020,0.010,0.023,0.019,0.003,0.000,0.011,0.015,-0.002,-0.001,0.884,50.090
2510203123,2026-10-09 21:00:00,233.220,233.620,234.180,0.360,0.400,0.640,0.375,0.081,0.165,0.227,0.104,0.027,0.031,0.045,0.993,50.070
2510203124,2026-10-09 21:00:00,234.170,234.280,233.510,0.190,0.190,0.210,0.127,0.040,0.041,0.046,0.052,0.016,0.018,0.017,0.930,50.100
2510203125,2026-10-09 21:00:00,237.710,238.450,237.450,0.030,0.030,0.120,0.035,0.003,0.003,0.027,-0.017,-0.006,-0.006,-0.004,0.903,50.120
2510203126,2026-10-09 21:00:00,232.720,232.610,233.110,0.480,0.410,0.400,0.282,0.105,0.089,0.086,0.096,0.031,0.031,0.033,0.945,50.100
2510203127,2026-10-09 21:00:00,233.940,234.450,233.700,0.040,0.010,0.030,0.016,0.009,0.001,0.005,-0.006,0.000,0.000,-0.005,0.919,50.100
2510203128,2026-10-09 21:00:00,231.950,232.140,230.580,2.150,2.000,2.190,1.424,0.482,0.451,0.490,0.137,0.022,0.047,0.067,0.995,50.050
2510203130,2026-10-09 21:00:00,243.920,243.890,245.730,0.010,0.000,0.010,0.005,0.001,0.001,0.002,-0.001,0.000,0.000,0.000,1.000,50.100
2510203133,2026-10-09 21:00:00,233.930,234.360,233.650,0.020,0.020,0.000,0.009,0.004,0.003,0.000,-0.002,0.000,-0.002,0.000,0.975,50.140
2510203134,2026-10-09 21:00:00,233.270,232.220,232.490,0.020,0.010,0.010,0.007,0.004,0.002,0.001,-0.001,0.000,-0.001,0.000,0.961,50.050
2510224049,2026-10-09 21:00:00,232.400,232.930,232.540,20.210,17.620,12.330,10.630,4.030,3.870,2.720,-2.280,-0.750,-0.910,-0.610,0.977,50.130
2510224167,2026-10-09 21:00:00,232.390,232.170,232.780,10.180,11.650,11.820,7.400,2.250,2.550,2.590,-2.270,-0.650,-0.800,-0.820,0.955,50.100
2510317505,2026-10-09 21:00:00,232.310,232.350,232.770,24.850,9.520,9.480,9.710,5.630,2.110,1.970,-2.120,-0.680,-0.600,-0.830,0.976,50.120
2510317516,2026-10-09 21:00:00,232.570,232.490,232.920,0.000,0.000,0.000,0.000,0.000,0.000,0.000,0.000,0.000,0.000,0.000,1.000,50.110
2510317537,2026-10-09 21:00:00,231.790,231.930,232.460,2.760,2.840,2.660,1.790,0.620,0.600,0.600,-0.160,-0.040,-0.060,-0.060,0.995,50.110
2510389643,2026-10-09 21:00:00,237.550,237.600,238.450,16.830,21.370,20.280,13.250,3.500,4.980,4.760,-1.360,-0.190,-0.630,-0.530,0.994,50.110
2510389931,2026-10-09 21:00:00,237.430,237.270,238.300,0.000,0.000,0.000,0.000,0.000,0.000,0.000,0.000,0.000,0.000,0.000,1.000,50.130
2510633383,2026-10-09 21:00:00,233.590,233.860,234.310,0.110,0.080,0.090,0.018,0.007,0.002,0.009,-0.061,-0.023,-0.018,-0.018,0.295,50.110
2510633385,2026-10-09 21:00:00,238.030,238.150,238.930,0.280,0.450,0.450,0.278,0.066,0.105,0.105,-0.032,-0.002,-0.016,-0.013,0.994,50.150
2510633386,2026-10-09 21:00:00,219.580,219.800,220.360,0.370,0.370,0.350,0.118,0.039,0.040,0.038,-0.207,-0.070,-0.070,-0.066,0.498,50.150
2510633387,2026-10-09 21:00:00,234.110,234.610,233.850,0.010,0.020,0.000,0.004,0.002,0.002,0.000,0.002,0.000,0.002,0.000,0.967,50.150
2510633389,2026-10-09 21:00:00,238.470,237.550,237.570,0.280,0.260,0.300,0.185,0.062,0.058,0.071,0.045,0.014,0.015,0.016,0.967,50.150
2510633390,2026-10-09 21:00:00,232.540,233.230,232.260,0.030,0.010,0.010,0.011,0.005,0.002,0.002,-0.004,-0.003,0.000,0.000,0.942,50.150
2510633393,2026-10-09 21:00:00,236.310,237.190,236.290,1.420,1.430,1.440,0.971,0.323,0.326,0.321,0.236,0.082,0.073,0.081,0.971,50.120
2510633395,2026-10-09 21:00:00,233.970,234.370,233.660,0.000,0.000,0.000,0.000,0.000,0.000,0.000,0.000,0.000,0.000,0.000,1.000,50.110
2510633396,2026-10-09 21:00:00,234.190,233.370,234.070,0.350,0.400,0.350,0.236,0.076,0.087,0.075,0.104,0.035,0.034,0.033,0.916,50.110
2510633397,2026-10-09 21:00:00,239.210,238.160,238.600,0.030,0.030,0.040,0.022,0.006,0.007,0.008,-0.006,-0.002,-0.002,-0.001,0.943,50.140
2510633399,2026-10-09 21:00:00,232.170,231.940,232.590,0.470,0.580,0.520,0.362,0.109,0.132,0.119,0.011,0.004,0.004,0.001,1.000,50.100
2510633400,2026-10-09 21:00:00,231.830,232.350,231.770,0.420,0.460,0.460,0.291,0.092,0.102,0.103,0.137,0.044,0.048,0.044,0.910,50.120
2510633402,2026-10-09 21:00:00,231.280,231.280,232.850,0.620,0.680,0.730,0.468,0.148,0.155,0.164,0.123,0.040,0.039,0.044,0.963,50.130
2510633406,2026-10-09 21:00:00,232.580,232.430,232.970,0.170,0.200,0.200,0.124,0.037,0.043,0.043,-0.039,-0.011,-0.014,-0.014,0.956,50.120
2510633411,2026-10-09 21:00:00,230.140,229.550,229.220,1.950,1.890,1.970,1.203,0.414,0.396,0.404,0.533,0.168,0.174,0.190,0.917,50.120
2510814977,2026-10-09 21:00:00,231.690,233.090,231.490,0.010,0.010,0.010,0.005,0.002,0.001,0.001,-0.001,0.000,-0.001,-0.001,0.969,50.120
2610026950,2026-10-09 21:00:00,233.070,232.490,232.440,0.010,0.000,0.010,0.005,0.002,0.001,0.002,0.000,0.000,0.000,0.000,0.996,50.120
2610026952,2026-10-09 21:00:00,232.730,231.970,232.290,1.600,1.550,1.570,1.036,0.350,0.339,0.346,0.274,0.095,0.092,0.086,0.966,50.120
2610026953,2026-10-09 21:00:00,236.760,236.640,237.520,0.510,0.540,0.480,0.299,0.097,0.096,0.091,0.145,0.049,0.046,0.048,0.900,50.120
2610026963,2026-10-09 21:00:00,234.010,234.100,234.650,0.200,0.170,0.130,0.109,0.043,0.038,0.027,-0.038,-0.017,-0.009,-0.011,0.943,50.100
2610026966,2026-10-09 21:00:00,232.010,232.550,231.810,0.050,0.040,0.040,0.027,0.010,0.009,0.007,0.013,0.004,0.004,0.004,0.910,50.110
2610026976,2026-10-09 21:00:00,233.720,234.010,234.540,0.520,0.350,0.840,0.394,0.120,0.081,0.192,-0.054,-0.016,-0.006,-0.031,0.990,50.100
2610026977,2026-10-09 21:00:00,243.440,243.760,242.860,0.110,0.480,0.750,0.321,0.025,0.115,0.180,-0.048,-0.004,-0.020,-0.023,0.989,50.120
2610126270,2026-10-09 21:00:00,232.580,233.020,232.680,0.010,0.030,0.010,0.012,0.003,0.007,0.002,-0.003,0.000,-0.001,-0.001,0.963,50.130
2610126451,2026-10-09 21:00:00,234.120,234.480,233.710,0.010,0.000,0.110,0.027,0.001,0.000,0.025,0.000,0.000,0.000,0.000,0.986,50.110
2610159557,2026-10-09 21:00:00,233.040,232.090,232.400,0.020,0.010,0.010,0.007,0.003,0.001,0.001,-0.004,-0.002,0.000,0.000,0.817,50.120
2610159558,2026-10-09 21:00:00,231.930,232.300,232.870,0.000,0.010,0.010,0.005,0.000,0.001,0.003,0.000,0.000,0.000,0.000,1.000,50.120
2610170785,2026-10-09 21:00:00,232.780,231.820,232.240,0.000,0.000,0.000,0.000,0.000,0.000,0.000,0.000,0.000,0.000,0.000,0.980,50.120
2610170786,2026-10-09 21:00:00,231.500,231.700,232.110,1.230,1.310,1.300,0.848,0.304,0.307,0.325,0.225,0.067,0.077,0.077,0.968,50.110
2610170837,2026-10-09 21:00:00,233.150,231.400,231.630,0.000,0.000,0.010,0.002,0.000,0.000,0.001,0.000,0.000,0.000,0.000,0.806,50.130
2610170838,2026-10-09 21:00:00,232.900,231.770,232.250,0.020,0.070,0.110,0.045,0.004,0.014,0.025,-0.001,0.000,0.000,-0.001,1.000,50.110
2610170839,2026-10-09 21:00:00,231.880,232.250,232.870,0.000,0.020,0.020,0.010,0.001,0.004,0.004,0.000,0.000,0.000,0.000,0.991,50.130
2610170840,2026-10-09 21:00:00,237.570,237.420,238.460,0.000,0.000,0.000,0.000,0.000,0.000,0.000,0.000,0.000,0.000,0.000,0.528,50.130
2610322967,2026-10-09 21:00:00,233.310,232.240,232.370,0.010,0.000,0.000,0.003,0.003,0.000,0.000,0.000,0.000,0.000,0.000,1.000,50.120
2610322969,2026-10-09 21:00:00,232.660,232.120,232.400,0.490,0.350,0.170,0.160,0.097,0.023,0.039,0.143,0.056,0.077,0.009,0.743,50.120
2610322995,2026-10-09 21:00:00,231.990,232.340,232.860,0.000,0.000,0.000,0.000,0.000,0.000,0.000,0.000,0.000,0.000,0.000,1.000,50.130
2610322997,2026-10-09 21:00:00,230.640,230.990,230.210,1.250,1.380,0.950,0.647,0.245,0.230,0.171,0.319,0.063,0.165,0.105,0.901,50.130
2610323001,2026-10-09 21:00:00,230.920,229.400,229.320,1.970,1.870,2.240,1.301,0.427,0.396,0.477,0.486,0.164,0.159,0.161,0.936,50.130
2610323004,2026-10-09 21:00:00,64.270,63.690,64.200,0.110,0.100,0.120,0.019,0.006,0.005,0.006,-0.009,-0.002,-0.003,-0.003,0.872,50.110
2610323005,2026-10-09 21:00:00,232.670,232.990,232.500,0.000,0.000,0.000,0.001,0.000,0.001,0.000,0.000,0.000,0.000,0.000,0.976,50.130
2610323010,2026-10-09 21:00:00,238.360,237.450,237.480,0.060,0.010,0.000,0.015,0.012,0.003,0.000,-0.008,-0.007,-0.001,0.000,0.892,50.130
2610323014,2026-10-09 21:00:00,233.620,233.900,234.360,0.010,0.000,0.000,0.000,0.000,0.000,0.000,-0.001,-0.001,0.000,0.000,0.280,50.130
2610323016,2026-10-09 21:00:00,229.450,228.010,228.220,3.300,3.270,3.010,1.916,0.659,0.633,0.623,0.708,0.234,0.234,0.237,0.929,50.120
2610323017,2026-10-09 21:00:00,232.020,232.630,231.830,0.000,0.000,0.000,0.000,0.000,0.000,0.000,0.000,0.000,0.000,0.000,1.000,50.110
2610323019,2026-10-09 21:00:00,232.280,233.120,232.670,0.020,0.060,0.030,0.024,0.004,0.013,0.006,-0.007,-0.001,-0.004,-0.001,0.975,50.130
2610323027,2026-10-09 21:00:00,232.970,231.900,232.340,0.000,0.000,0.000,0.000,0.000,0.000,0.000,0.000,0.000,0.000,0.000,1.000,50.100
2410121574,2026-10-09 21:01:00,234.550,233.590,233.940,0.130,0.110,0.090,0.061,0.027,0.018,0.014,-0.043,-0.011,-0.017,-0.014,0.815,50.050
2410131384,2026-10-09 21:01:00,232.450,232.910,232.260,0.890,1.070,0.980,0.689,0.176,0.226,0.198,0.118,0.030,0.049,0.038,0.984,50.150
2510389559,2026-10-09 21:01:00,238.330,238.370,239.330,0.000,0.000,0.000,0.000,0.000,0.000,0.000,0.000,0.000,0.000,0.000,1.000,50.160
2510633381,2026-10-09 21:01:00,233.410,232.450,232.870,0.050,0.070,0.010,0.028,0.010,0.016,0.002,-0.012,-0.005,-0.005,-0.001,0.926,50.150
2510633382,2026-10-09 21:01:00,237.690,238.640,237.670,0.120,0.130,0.170,0.082,0.022,0.024,0.035,-0.054,-0.016,-0.017,-0.019,0.845,50.160
2510633391,2026-10-09 21:01:00,123.100,122.680,122.860,0.000,0.000,0.000,0.000,0.000,0.000,0.000,0.000,0.000,0.000,0.000,1.000,50.130
2610322992,2026-10-09 21:01:00,231.610,232.130,233.200,0.170,0.360,0.190,0.167,0.040,0.083,0.043,0.000,0.000,-0.001,0.000,1.000,50.120
2246006313,2026-10-09 21:30:00,58.900,58.800,58.700,1.063,1.078,1.061,0.183,0.061,0.061,0.060,0.039,0.013,0.013,0.013,0.978,50.130
2410121326,2026-10-09 21:30:00,234.620,233.810,234.110,0.040,0.030,0.040,0.025,0.009,0.005,0.010,-0.003,-0.003,-0.002,0.001,0.970,50.110
2410121353,2026-10-09 21:30:00,234.870,234.030,234.320,0.000,0.010,0.050,0.013,0.000,0.002,0.011,-0.001,0.000,0.000,0.000,1.000,50.120
2410121371,2026-10-09 21:30:00,234.980,234.040,234.390,0.010,0.010,0.060,0.014,0.000,0.000,0.013,-0.004,0.000,-0.001,-0.001,0.977,50.120
2410121424,2026-10-09 21:30:00,234.680,233.920,234.250,0.010,0.010,0.010,0.004,0.000,0.001,0.002,-0.003,-0.001,-0.001,0.000,0.761,50.120
2410121440,2026-10-09 21:30:00,234.670,233.860,234.150,0.010,0.010,0.010,0.005,0.002,0.000,0.001,-0.003,-0.001,-0.001,0.000,0.896,50.120
2410121454,2026-10-09 21:30:00,234.220,234.730,233.920,0.080,0.170,0.130,0.080,0.015,0.037,0.027,0.018,0.007,0.006,0.005,0.966,50.120
2410121457,2026-10-09 21:30:00,232.740,231.890,232.370,2.110,2.110,1.970,1.353,0.461,0.457,0.434,0.408,0.144,0.146,0.118,0.957,50.100
2410121574,2026-10-09 21:30:00,235.180,234.140,234.440,0.110,0.110,0.080,0.050,0.021,0.016,0.012,-0.045,-0.012,-0.018,-0.014,0.741,50.120
2410131378,2026-10-09 21:30:00,234.370,234.750,234.100,0.310,0.420,0.370,0.287,0.084,0.115,0.087,0.089,0.026,0.031,0.032,0.928,50.120
2410131383,2026-10-09 21:30:00,237.920,237.090,237.130,0.040,0.040,0.060,0.033,0.010,0.008,0.014,-0.002,0.000,-0.001,-0.001,1.000,50.090
2410131384,2026-10-09 21:30:00,233.410,233.820,233.210,1.110,1.170,1.030,0.640,0.202,0.230,0.207,0.108,0.031,0.051,0.031,0.988,50.140
2410131387,2026-10-09 21:30:00,237.330,238.030,237.360,0.050,0.050,0.060,0.037,0.012,0.012,0.013,-0.008,-0.002,-0.002,-0.003,0.973,50.120
2410883988,2026-10-09 21:30:00,234.740,235.150,234.640,0.280,0.270,0.350,0.203,0.063,0.059,0.080,0.051,0.017,0.017,0.016,0.967,50.160
2410883990,2026-10-09 21:30:00,234.700,234.120,234.160,0.070,0.000,0.030,0.024,0.016,0.000,0.007,0.001,0.002,0.000,-0.001,1.000,50.110
2410883991,2026-10-09 21:30:00,233.260,233.580,234.110,0.090,0.070,0.270,0.099,0.019,0.016,0.063,-0.003,-0.001,-0.001,0.000,1.000,50.150
2410883993,2026-10-09 21:30:00,233.640,232.900,233.210,1.210,0.990,1.070,0.755,0.280,0.231,0.244,-0.063,-0.018,-0.023,-0.021,0.996,50.110
2410883994,2026-10-09 21:30:00,234.150,233.260,233.670,0.010,0.040,0.010,0.015,0.002,0.010,0.003,-0.001,0.000,0.000,0.000,0.984,50.130
2410932742,2026-10-09 21:30:00,231.820,230.110,230.070,3.280,3.200,3.320,2.084,0.704,0.677,0.703,0.648,0.216,0.211,0.220,0.955,50.140
2411087432,2026-10-09 21:30:00,234.430,234.990,234.220,0.040,0.090,0.100,0.052,0.009,0.021,0.021,-0.010,0.000,-0.006,-0.004,0.971,50.170
2411087433,2026-10-09 21:30:00,233.480,233.720,234.280,0.320,0.290,0.320,0.236,0.084,0.073,0.078,0.035,0.009,0.011,0.014,0.988,50.110
2411290205,2026-10-09 21:30:00,237.400,237.260,238.010,0.210,0.140,0.150,0.117,0.049,0.033,0.035,0.010,0.004,0.002,0.003,0.995,50.140
2510014481,2026-10-09 21:30:00,231.610,231.460,233.090,1.680,1.740,1.760,1.114,0.359,0.368,0.378,0.323,0.106,0.115,0.102,0.958,50.110
2510014482,2026-10-09 21:30:00,234.550,234.990,234.270,0.010,0.070,0.000,0.017,0.002,0.015,0.000,-0.008,-0.002,-0.005,0.000,0.894,50.170
2510014483,2026-10-09 21:30:00,233.270,233.530,234.030,0.040,0.030,0.050,0.021,0.007,0.005,0.007,-0.019,-0.006,-0.005,-0.008,0.738,50.120
2510014484,2026-10-09 21:30:00,235.920,235.900,236.800,1.870,2.030,1.750,1.257,0.417,0.458,0.408,0.444,0.152,0.138,0.153,0.942,50.150
2510178139,2026-10-09 21:30:00,234.630,235.160,234.330,0.070,0.040,0.090,0.043,0.015,0.008,0.019,0.000,0.001,0.000,-0.002,0.989,50.140
2510178141,2026-10-09 21:30:00,234.150,234.300,234.760,0.020,0.010,0.020,0.006,0.002,0.000,0.003,-0.008,-0.004,-0.001,-0.002,0.632,50.140
2510203103,2026-10-09 21:30:00,228.640,226.890,226.870,0.060,0.100,0.080,0.050,0.012,0.021,0.016,-0.019,-0.005,-0.007,-0.006,0.923,50.130
2510203105,2026-10-09 21:30:00,234.540,232.740,232.930,0.270,0.410,0.280,0.181,0.048,0.082,0.050,0.128,0.042,0.044,0.042,0.806,50.130
2510203106,2026-10-09 21:30:00,237.500,237.360,238.140,0.030,0.010,0.000,0.009,0.005,0.003,0.000,-0.003,-0.003,0.000,0.000,0.945,50.150
2510203107,2026-10-09 21:30:00,224.650,224.130,225.170,1.390,1.470,1.290,0.842,0.283,0.297,0.261,0.243,0.064,0.095,0.083,0.960,50.120
2510203108,2026-10-09 21:30:00,233.850,234.270,233.600,0.990,1.180,1.100,0.739,0.224,0.269,0.239,0.056,0.017,0.023,0.015,0.997,50.140
2510203109,2026-10-09 21:30:00,233.670,234.150,233.230,0.040,0.040,0.090,0.036,0.006,0.009,0.019,0.007,0.004,0.001,0.001,0.984,50.140
2510203111,2026-10-09 21:30:00,233.460,233.820,234.280,1.230,1.080,1.380,0.788,0.262,0.224,0.301,0.248,0.095,0.077,0.075,0.953,50.140
2510203113,2026-10-09 21:30:00,238.100,237.400,237.500,0.300,0.310,0.360,0.229,0.070,0.073,0.085,0.028,0.012,0.011,0.004,0.992,50.170
2510203114,2026-10-09 21:30:00,227.440,227.840,228.220,0.230,0.130,0.140,0.145,0.066,0.038,0.041,0.020,0.005,0.002,0.012,0.991,50.130
2510203117,2026-10-09 21:30:00,234.780,234.200,234.140,0.340,0.390,0.250,0.223,0.077,0.089,0.056,-0.045,-0.016,-0.016,-0.012,0.980,50.140
2510203118,2026-10-09 21:30:00,122.180,122.270,122.550,0.160,0.130,0.140,0.054,0.020,0.017,0.016,-0.019,-0.006,-0.004,-0.008,0.949,50.120
2510203120,2026-10-09 21:30:00,233.510,232.770,233.140,0.860,0.660,0.690,0.480,0.184,0.138,0.148,0.159,0.063,0.049,0.045,0.946,50.140
2510203121,2026-10-09 21:30:00,234.130,234.180,234.680,0.430,0.270,0.390,0.254,0.100,0.062,0.092,-0.009,0.000,-0.004,-0.005,0.999,50.120
2510203122,2026-10-09 21:30:00,234.470,235.070,234.270,0.060,0.020,0.010,0.015,0.011,0.003,0.000,0.002,0.005,-0.002,-0.001,0.970,50.160
2510203123,2026-10-09 21:30:00,233.710,233.960,234.510,0.680,0.560,0.520,0.213,0.049,0.073,0.090,0.201,0.060,0.061,0.086,0.685,50.140
2510203124,2026-10-09 21:30:00,234.510,234.630,233.910,0.190,0.190,0.210,0.131,0.042,0.042,0.047,0.052,0.016,0.017,0.017,0.926,50.140
2510203125,2026-10-09 21:30:00,237.290,238.020,237.280,0.030,0.030,0.070,0.022,0.003,0.003,0.015,-0.016,-0.006,-0.006,-0.004,0.791,50.110
2510203126,2026-10-09 21:30:00,234.330,234.340,234.900,0.350,0.280,0.270,0.203,0.080,0.062,0.059,0.050,0.016,0.016,0.017,0.972,50.120
2510203127,2026-10-09 21:30:00,234.140,234.690,233.980,0.040,0.010,0.030,0.016,0.009,0.001,0.005,-0.006,0.000,0.000,-0.005,0.920,50.130
2510203128,2026-10-09 21:30:00,232.960,233.140,231.800,2.260,2.180,2.250,1.508,0.512,0.491,0.504,0.151,0.030,0.052,0.068,0.995,50.140
2510203130,2026-10-09 21:30:00,245.290,245.120,246.980,0.000,0.000,0.010,0.005,0.001,0.001,0.002,-0.001,0.000,0.000,0.000,1.000,50.140
2510203133,2026-10-09 21:30:00,234.060,234.520,233.840,0.030,0.020,0.050,0.022,0.006,0.004,0.012,-0.002,0.000,-0.002,0.000,0.977,50.100
2510203134,2026-10-09 21:30:00,234.490,233.560,233.760,0.020,0.010,0.010,0.007,0.004,0.002,0.001,-0.001,0.000,-0.001,0.000,0.968,50.130
2510224049,2026-10-09 21:30:00,233.890,234.530,234.010,18.980,15.940,11.180,9.430,3.710,3.250,2.460,-2.250,-0.730,-0.900,-0.610,0.973,50.110
2510224167,2026-10-09 21:30:00,234.210,234.090,234.770,9.470,11.170,10.660,6.750,2.040,2.380,2.320,-2.270,-0.640,-0.800,-0.820,0.949,50.150
2510317505,2026-10-09 21:30:00,234.050,234.170,234.640,24.770,9.030,9.430,9.630,5.650,2.010,1.970,-2.160,-0.710,-0.600,-0.840,0.975,50.130
2510317516,2026-10-09 21:30:00,234.590,234.550,235.060,0.000,0.000,0.000,0.000,0.000,0.000,0.000,0.000,0.000,0.000,0.000,1.000,50.160
2510389643,2026-10-09 21:30:00,237.660,237.470,238.350,16.690,21.380,20.290,13.210,3.460,4.980,4.760,-1.350,-0.180,-0.630,-0.530,0.994,50.140
2510389931,2026-10-09 21:30:00,235.880,235.570,236.570,0.000,0.000,0.000,0.000,0.000,0.000,0.000,0.000,0.000,0.000,0.000,1.000,50.120
2510633381,2026-10-09 21:30:00,233.980,233.070,233.440,0.050,0.060,0.010,0.026,0.010,0.014,0.002,-0.012,-0.005,-0.005,-0.001,0.886,50.140
2510633383,2026-10-09 21:30:00,233.900,234.060,234.600,0.110,0.080,0.120,0.029,0.005,0.002,0.021,-0.061,-0.024,-0.019,-0.018,0.431,50.130
2510633385,2026-10-09 21:30:00,237.660,237.580,238.380,0.270,0.450,0.450,0.276,0.064,0.105,0.105,-0.033,-0.004,-0.016,-0.013,0.993,50.110
2510633387,2026-10-09 21:30:00,234.450,235.030,234.290,0.010,0.000,0.000,0.002,0.002,0.000,0.000,0.000,0.000,0.000,0.000,0.805,50.100
2510633389,2026-10-09 21:30:00,237.630,236.900,236.760,0.700,0.700,0.730,0.515,0.170,0.166,0.178,0.043,0.013,0.014,0.015,0.997,50.100
2510633390,2026-10-09 21:30:00,233.540,234.190,233.250,0.030,0.020,0.110,0.034,0.005,0.003,0.025,-0.002,-0.003,0.000,0.001,0.984,50.090
2510633391,2026-10-09 21:30:00,123.290,122.880,123.010,0.000,0.000,0.000,0.000,0.000,0.000,0.000,0.000,0.000,0.000,0.000,1.000,50.130
2510633393,2026-10-09 21:30:00,235.830,236.660,235.950,1.340,1.400,1.360,0.932,0.304,0.317,0.304,0.195,0.067,0.059,0.068,0.978,50.120
2510633395,2026-10-09 21:30:00,234.200,234.660,234.000,0.000,0.000,0.000,0.000,0.000,0.000,0.000,0.000,0.000,0.000,0.000,1.000,50.140
2510633396,2026-10-09 21:30:00,234.570,233.840,234.360,0.360,0.410,0.360,0.240,0.076,0.087,0.075,0.103,0.035,0.034,0.033,0.917,50.120
2510633397,2026-10-09 21:30:00,240.240,239.230,239.710,0.030,0.030,0.040,0.025,0.007,0.007,0.010,-0.005,-0.001,-0.002,-0.001,0.990,50.100
2510633399,2026-10-09 21:30:00,233.830,233.810,234.460,0.520,0.520,0.530,0.367,0.121,0.121,0.124,0.013,0.006,0.003,0.003,0.998,50.120
2510633400,2026-10-09 21:30:00,233.160,233.710,233.120,0.440,0.490,0.470,0.286,0.089,0.097,0.099,0.146,0.048,0.050,0.046,0.892,50.090
2510633402,2026-10-09 21:30:00,232.320,232.290,233.900,0.670,0.680,0.770,0.405,0.123,0.130,0.151,0.159,0.055,0.048,0.055,0.948,50.120
2510633406,2026-10-09 21:30:00,234.220,233.990,234.700,0.140,0.170,0.160,0.095,0.029,0.033,0.032,-0.037,-0.010,-0.013,-0.013,0.930,50.110
2510633411,2026-10-09 21:30:00,231.530,230.840,230.580,2.030,1.950,2.020,1.247,0.428,0.404,0.415,0.548,0.175,0.178,0.195,0.915,50.090
2510814977,2026-10-09 21:30:00,232.950,234.430,232.930,0.010,0.010,0.010,0.005,0.002,0.001,0.002,-0.001,0.000,-0.001,-0.001,0.981,50.110
2610026950,2026-10-09 21:30:00,234.740,234.100,234.060,0.010,0.000,0.020,0.006,0.002,0.001,0.003,0.000,0.000,0.000,0.000,1.000,50.120
2610026952,2026-10-09 21:30:00,231.790,231.070,231.350,2.260,2.160,2.210,1.395,0.473,0.452,0.469,0.585,0.205,0.196,0.183,0.922,50.110
2610026953,2026-10-09 21:30:00,236.580,236.450,237.270,0.440,0.490,0.470,0.296,0.092,0.104,0.099,0.146,0.051,0.047,0.047,0.893,50.120
2610026963,2026-10-09 21:30:00,234.460,234.450,235.090,0.200,0.160,0.120,0.104,0.042,0.036,0.025,-0.042,-0.019,-0.010,-0.012,0.923,50.130
2610026966,2026-10-09 21:30:00,232.700,233.190,232.590,0.050,0.040,0.040,0.025,0.009,0.008,0.007,0.012,0.003,0.004,0.004,0.889,50.140
2610026976,2026-10-09 21:30:00,234.180,234.380,234.930,0.480,0.280,0.820,0.366,0.111,0.065,0.190,-0.054,-0.016,-0.005,-0.031,0.988,50.130
2610026977,2026-10-09 21:30:00,244.010,244.260,243.530,0.110,0.480,0.740,0.319,0.025,0.115,0.177,-0.049,-0.004,-0.020,-0.023,0.988,50.090
2610126270,2026-10-09 21:30:00,234.110,234.580,234.190,0.010,0.030,0.010,0.013,0.003,0.007,0.002,-0.003,0.000,-0.001,-0.001,0.949,50.110
2610159557,2026-10-09 21:30:00,234.130,233.260,233.520,0.020,0.010,0.010,0.006,0.003,0.000,0.001,-0.004,-0.002,0.000,-0.001,0.788,50.110
2610159558,2026-10-09 21:30:00,233.200,233.560,234.130,0.000,0.000,0.010,0.004,0.000,0.001,0.002,0.000,0.000,0.000,0.000,1.000,50.120
2610170785,2026-10-09 21:30:00,233.940,233.070,233.420,0.000,0.000,0.000,0.001,0.001,0.000,0.000,0.000,0.000,0.000,0.000,1.000,50.110
2610170786,2026-10-09 21:30:00,233.210,233.430,233.910,0.810,0.840,0.950,0.630,0.202,0.201,0.226,0.115,0.034,0.039,0.041,0.981,50.140
2610170837,2026-10-09 21:30:00,234.290,232.630,232.710,0.000,0.000,0.010,0.002,0.000,0.000,0.001,0.000,0.000,0.000,0.000,1.000,50.120
2610170838,2026-10-09 21:30:00,234.370,233.270,233.700,0.020,0.070,0.110,0.045,0.004,0.016,0.024,-0.001,0.000,0.001,-0.001,0.992,50.170
2610170839,2026-10-09 21:30:00,233.060,233.390,233.970,0.000,0.030,0.020,0.012,0.001,0.006,0.004,0.000,0.000,0.000,0.000,0.982,50.110
2610170840,2026-10-09 21:30:00,235.950,235.670,236.690,0.900,0.910,0.920,0.572,0.187,0.191,0.193,0.291,0.098,0.095,0.097,0.890,50.110
2610322967,2026-10-09 21:30:00,234.500,233.490,233.610,0.010,0.000,0.000,0.002,0.002,0.000,0.000,0.000,0.000,0.000,0.000,0.889,50.110
2610322969,2026-10-09 21:30:00,234.540,233.990,234.000,0.250,0.120,0.180,0.101,0.048,0.012,0.039,0.066,0.031,0.024,0.010,0.832,50.110
2610322992,2026-10-09 21:30:00,232.690,233.120,234.210,0.110,0.340,0.210,0.153,0.024,0.080,0.048,0.011,0.004,0.000,0.006,0.998,50.120
2610322995,2026-10-09 21:30:00,233.200,233.470,233.980,0.000,0.000,0.000,0.000,0.000,0.000,0.000,0.000,0.000,0.000,0.000,1.000,50.110
2610322997,2026-10-09 21:30:00,231.900,232.580,231.600,1.140,1.240,0.920,0.666,0.246,0.238,0.180,0.277,0.052,0.142,0.087,0.924,50.110
2610323001,2026-10-09 21:30:00,232.340,230.760,230.710,1.740,1.770,1.920,1.141,0.360,0.372,0.409,0.477,0.158,0.159,0.157,0.923,50.110
2610323004,2026-10-09 21:30:00,64.650,64.050,64.530,0.100,0.100,0.120,0.018,0.006,0.005,0.006,-0.009,-0.002,-0.003,-0.003,0.901,50.110
2610323005,2026-10-09 21:30:00,234.090,234.710,234.200,0.000,0.000,0.000,0.001,0.000,0.001,0.000,0.000,0.000,0.000,0.000,0.984,50.110
2610323010,2026-10-09 21:30:00,237.930,237.100,237.030,0.050,0.010,0.000,0.012,0.009,0.003,0.000,-0.007,-0.006,-0.001,0.000,0.870,50.100
2610323014,2026-10-09 21:30:00,234.020,234.170,234.710,0.010,0.000,0.000,0.000,0.000,0.000,0.000,-0.001,-0.001,0.000,0.000,0.508,50.120
2610323016,2026-10-09 21:30:00,230.650,229.460,229.380,3.010,2.910,2.910,1.881,0.649,0.617,0.615,0.791,0.262,0.259,0.259,0.922,50.120
2610323017,2026-10-09 21:30:00,233.460,234.020,233.270,0.000,0.000,0.000,0.000,0.000,0.000,0.000,0.000,0.000,0.000,0.000,1.000,50.130
2610323019,2026-10-09 21:30:00,233.950,234.800,234.150,0.060,0.020,0.030,0.024,0.013,0.004,0.006,-0.006,-0.003,-0.001,-0.001,0.981,50.120
2610323027,2026-10-09 21:30:00,234.450,233.480,233.850,0.000,0.000,0.000,0.000,0.000,0.000,0.000,0.000,0.000,0.000,0.000,1.000,50.160
2510203104,2026-10-09 21:31:00,227.370,227.540,228.040,0.480,0.430,0.390,0.298,0.120,0.093,0.084,0.047,0.004,0.016,0.027,0.986,50.120
2510317537,2026-10-09 21:31:00,233.040,233.260,233.670,2.750,2.650,2.560,1.930,0.630,0.620,0.630,-0.180,-0.050,-0.060,-0.060,0.995,50.120
2510389559,2026-10-09 21:31:00,237.330,237.220,238.070,0.000,0.000,0.000,0.000,0.000,0.000,0.000,0.000,0.000,0.000,0.000,1.000,50.120
2510633382,2026-10-09 21:31:00,237.280,238.120,237.360,0.140,0.150,0.180,0.095,0.027,0.031,0.036,-0.056,-0.018,-0.018,-0.020,0.860,50.140
2610126451,2026-10-09 21:31:00,234.670,235.030,234.310,0.010,0.000,0.080,0.021,0.001,0.000,0.019,0.000,0.000,0.000,0.000,0.992,50.110
2410320615,2026-10-09 21:32:00,236.610,237.130,236.920,1.320,1.330,1.320,1.016,0.339,0.336,0.377,0.176,0.040,0.073,0.062,0.984,50.130
2510633386,2026-10-09 21:32:00,220.610,220.750,221.330,0.380,0.380,0.350,0.127,0.042,0.044,0.039,-0.206,-0.070,-0.069,-0.065,0.516,50.190
2246006313,2026-10-09 22:00:00,59.200,59.100,59.000,1.003,1.004,0.973,0.168,0.056,0.056,0.055,0.038,0.013,0.012,0.012,0.977,50.130
2410121326,2026-10-09 22:00:00,237.010,236.300,236.580,0.050,0.030,0.040,0.024,0.009,0.005,0.009,-0.002,-0.002,-0.002,0.001,0.997,50.170
2410121353,2026-10-09 22:00:00,237.030,236.420,236.640,0.000,0.010,0.050,0.014,0.000,0.002,0.011,-0.001,0.000,0.000,0.000,0.967,50.210
2410121371,2026-10-09 22:00:00,237.170,236.440,236.740,0.030,0.010,0.060,0.021,0.007,0.000,0.013,-0.003,0.000,-0.001,-0.001,0.977,50.180
2410121424,2026-10-09 22:00:00,236.900,236.220,236.440,0.010,0.010,0.010,0.004,0.000,0.001,0.002,-0.003,-0.001,-0.001,0.000,0.764,50.160
2410121454,2026-10-09 22:00:00,236.480,236.950,236.260,0.070,0.160,0.150,0.089,0.016,0.038,0.035,0.017,0.006,0.006,0.004,0.980,50.170
2410121457,2026-10-09 22:00:00,234.950,234.150,234.740,1.920,2.000,1.830,1.262,0.421,0.436,0.404,0.381,0.132,0.140,0.108,0.957,50.170
2410121574,2026-10-09 22:00:00,237.050,236.210,236.480,0.130,0.110,0.090,0.061,0.027,0.020,0.013,-0.044,-0.012,-0.016,-0.014,0.807,50.210
2410131378,2026-10-09 22:00:00,236.650,236.890,236.390,0.290,0.390,0.420,0.258,0.074,0.096,0.087,0.074,0.021,0.025,0.027,0.958,50.180
2410131383,2026-10-09 22:00:00,238.980,238.040,238.010,0.040,0.030,0.060,0.030,0.009,0.008,0.013,-0.003,0.000,-0.001,-0.001,0.995,50.160
2410131384,2026-10-09 22:00:00,234.370,234.800,234.220,0.970,1.160,0.950,0.607,0.186,0.220,0.200,0.127,0.033,0.051,0.043,0.978,50.180
2410131387,2026-10-09 22:00:00,238.000,238.890,238.270,0.070,0.060,0.030,0.034,0.014,0.013,0.006,-0.009,-0.007,0.001,-0.003,0.976,50.200
2410320615,2026-10-09 22:00:00,237.150,237.900,237.680,1.200,1.190,1.210,0.858,0.271,0.290,0.294,0.176,0.044,0.068,0.063,0.978,50.160
2410883988,2026-10-09 22:00:00,235.780,236.090,235.690,0.410,0.400,0.470,0.283,0.090,0.086,0.106,0.101,0.033,0.034,0.033,0.942,50.180
2410883990,2026-10-09 22:00:00,236.100,235.570,235.690,0.070,0.000,0.040,0.024,0.016,0.000,0.008,0.000,0.002,0.000,-0.001,0.999,50.200
2410883991,2026-10-09 22:00:00,234.250,234.510,235.030,0.080,0.070,0.240,0.090,0.018,0.015,0.056,-0.003,-0.002,0.000,0.000,0.996,50.180
2410883993,2026-10-09 22:00:00,235.000,234.280,234.570,1.100,0.930,1.060,0.714,0.256,0.215,0.242,-0.064,-0.017,-0.024,-0.022,0.995,50.200
2410883994,2026-10-09 22:00:00,235.060,234.220,234.630,0.010,0.040,0.010,0.015,0.002,0.010,0.003,-0.001,0.000,0.000,0.000,0.987,50.160
2410932742,2026-10-09 22:00:00,234.070,232.310,232.340,2.250,2.170,2.320,1.398,0.470,0.447,0.480,0.545,0.184,0.172,0.188,0.931,50.150
2411087432,2026-10-09 22:00:00,236.170,236.630,235.990,0.030,0.090,0.090,0.048,0.007,0.021,0.020,-0.009,-0.002,-0.003,-0.004,0.973,50.170
2411087433,2026-10-09 22:00:00,234.850,235.050,235.610,0.300,0.280,0.300,0.202,0.069,0.065,0.065,0.036,0.010,0.012,0.014,0.981,50.190
2411290205,2026-10-09 22:00:00,237.440,237.230,238.190,0.190,0.140,0.150,0.112,0.044,0.033,0.035,0.007,0.002,0.002,0.002,0.998,50.180
2510014481,2026-10-09 22:00:00,233.190,233.170,234.680,2.030,2.060,2.090,1.235,0.416,0.433,0.440,0.450,0.145,0.158,0.146,0.943,50.200
2510014482,2026-10-09 22:00:00,236.280,236.570,235.960,0.010,0.080,0.000,0.020,0.002,0.017,0.000,-0.003,-0.002,-0.001,0.000,1.000,50.190
2510014483,2026-10-09 22:00:00,234.540,234.750,235.300,0.050,0.040,0.060,0.027,0.010,0.007,0.010,-0.020,-0.006,-0.006,-0.008,0.791,50.180
2510014484,2026-10-09 22:00:00,236.470,236.270,237.390,1.690,2.110,1.770,1.254,0.388,0.469,0.397,0.446,0.154,0.137,0.153,0.941,50.200
2510178139,2026-10-09 22:00:00,236.620,237.090,236.340,0.070,0.040,0.080,0.046,0.016,0.009,0.019,0.000,0.001,0.000,-0.002,0.989,50.200
2510178141,2026-10-09 22:00:00,236.080,236.270,236.640,0.020,0.010,0.010,0.005,0.002,0.000,0.002,-0.008,-0.004,-0.001,-0.002,0.515,50.200
2510203103,2026-10-09 22:00:00,230.290,228.850,228.840,0.070,0.110,0.080,0.056,0.015,0.024,0.016,-0.021,-0.006,-0.008,-0.006,0.934,50.170
2510203104,2026-10-09 22:00:00,228.610,228.750,229.210,0.380,0.360,0.360,0.242,0.085,0.095,0.078,0.045,0.004,0.013,0.026,0.983,50.180
2510203105,2026-10-09 22:00:00,236.460,234.840,235.110,0.070,0.220,0.030,0.072,0.015,0.050,0.006,0.013,0.006,0.004,0.001,0.987,50.200
2510203106,2026-10-09 22:00:00,237.890,237.590,238.700,0.030,0.010,0.000,0.009,0.005,0.003,0.000,-0.004,-0.003,0.000,0.000,0.930,50.180
2510203108,2026-10-09 22:00:00,236.080,236.380,235.710,0.860,1.090,1.120,0.711,0.199,0.256,0.255,0.054,0.011,0.024,0.018,0.995,50.150
2510203109,2026-10-09 22:00:00,234.870,235.400,234.550,0.030,0.040,0.080,0.033,0.005,0.009,0.018,0.007,0.004,0.001,0.001,0.984,50.190
2510203111,2026-10-09 22:00:00,235.540,235.840,236.250,1.230,1.070,1.360,0.785,0.262,0.224,0.298,0.251,0.095,0.078,0.077,0.952,50.170
2510203113,2026-10-09 22:00:00,238.620,237.740,237.770,0.270,0.290,0.310,0.204,0.063,0.068,0.072,0.001,0.003,0.002,-0.005,1.000,50.180
2510203114,2026-10-09 22:00:00,228.880,229.210,229.550,0.260,0.190,0.220,0.149,0.057,0.044,0.047,0.019,0.004,0.001,0.013,0.991,50.160
2510203117,2026-10-09 22:00:00,236.160,235.570,235.610,0.230,0.430,0.180,0.189,0.050,0.099,0.039,-0.041,-0.016,-0.013,-0.011,0.976,50.140
2510203118,2026-10-09 22:00:00,122.920,122.970,123.260,0.160,0.130,0.150,0.053,0.019,0.017,0.016,-0.025,-0.008,-0.006,-0.009,0.880,50.200
2510203120,2026-10-09 22:00:00,234.710,233.900,234.160,0.700,0.510,0.610,0.395,0.152,0.109,0.132,0.153,0.058,0.047,0.048,0.931,50.140
2510203121,2026-10-09 22:00:00,235.890,235.960,236.340,0.200,0.050,0.160,0.089,0.047,0.007,0.033,-0.027,-0.007,-0.007,-0.012,0.951,50.190
2510203122,2026-10-09 22:00:00,236.280,236.770,236.060,0.060,0.020,0.000,0.015,0.011,0.003,0.000,0.003,0.006,-0.002,-0.001,0.992,50.180
2510203123,2026-10-09 22:00:00,235.640,235.860,236.320,0.970,1.010,0.650,0.589,0.247,0.183,0.158,0.117,0.036,0.032,0.048,0.973,50.180
2510203124,2026-10-09 22:00:00,236.580,236.620,236.010,0.190,0.200,0.210,0.129,0.041,0.042,0.047,0.054,0.017,0.018,0.018,0.926,50.180
2510203125,2026-10-09 22:00:00,237.850,238.820,238.000,0.030,0.030,0.070,0.023,0.003,0.004,0.015,-0.017,-0.006,-0.006,-0.004,0.805,50.190
2510203126,2026-10-09 22:00:00,235.830,235.840,236.310,0.470,0.410,0.400,0.282,0.106,0.089,0.086,0.100,0.032,0.032,0.034,0.943,50.170
2510203127,2026-10-09 22:00:00,236.430,236.830,236.280,0.030,0.010,0.030,0.015,0.008,0.001,0.005,-0.006,0.000,0.000,-0.005,0.900,50.170
2510203128,2026-10-09 22:00:00,234.070,234.320,232.950,2.220,2.080,2.190,1.484,0.509,0.474,0.497,0.140,0.027,0.046,0.066,0.995,50.150
2510203130,2026-10-09 22:00:00,247.330,247.230,248.970,0.000,0.000,0.010,0.004,0.000,0.000,0.003,-0.001,0.000,0.000,0.000,0.978,50.190
2510203133,2026-10-09 22:00:00,236.160,236.490,235.880,0.020,0.020,0.000,0.009,0.004,0.003,0.000,-0.002,0.000,-0.002,0.000,0.972,50.140
2510203134,2026-10-09 22:00:00,235.520,234.580,234.770,0.020,0.010,0.010,0.007,0.004,0.002,0.001,-0.001,0.000,-0.001,0.000,0.971,50.140
2510224049,2026-10-09 22:00:00,235.340,235.890,235.330,15.470,12.090,7.560,6.750,2.730,2.460,1.550,-2.110,-0.670,-0.870,-0.560,0.954,50.190
2510224167,2026-10-09 22:00:00,235.450,235.380,235.900,5.770,4.500,4.800,2.680,1.180,0.730,0.760,-2.010,-0.580,-0.690,-0.730,0.799,50.190
2510317505,2026-10-09 22:00:00,235.490,235.640,235.990,19.580,3.680,5.090,5.750,4.410,0.590,0.750,-1.990,-0.660,-0.580,-0.740,0.944,50.190
2510317516,2026-10-09 22:00:00,235.450,235.490,235.850,0.000,0.000,0.000,0.000,0.000,0.000,0.000,0.000,0.000,0.000,0.000,1.000,50.190
2510317537,2026-10-09 22:00:00,234.170,234.320,234.830,3.670,3.680,3.590,1.990,0.740,0.770,0.730,-0.190,-0.060,-0.060,-0.060,0.994,50.190
2510389559,2026-10-09 22:00:00,238.340,238.000,239.090,0.000,0.000,0.000,0.000,0.000,0.000,0.000,0.000,0.000,0.000,0.000,1.000,50.180
2510389643,2026-10-09 22:00:00,238.290,237.910,239.140,16.310,21.330,20.220,13.140,3.390,4.980,4.750,-1.360,-0.190,-0.630,-0.530,0.994,50.200
2510389931,2026-10-09 22:00:00,237.700,237.280,238.500,0.000,0.000,0.000,0.000,0.000,0.000,0.000,0.000,0.000,0.000,0.000,1.000,50.200
2510633381,2026-10-09 22:00:00,235.380,234.520,234.790,0.050,0.070,0.020,0.029,0.010,0.015,0.003,-0.011,-0.005,-0.004,-0.001,0.944,50.180
2510633382,2026-10-09 22:00:00,237.510,238.590,237.790,0.180,0.150,0.180,0.108,0.038,0.031,0.039,-0.036,-0.011,-0.011,-0.013,0.953,50.160
2510633383,2026-10-09 22:00:00,236.080,236.190,236.650,0.110,0.080,0.090,0.018,0.007,0.002,0.008,-0.062,-0.024,-0.019,-0.018,0.276,50.170
2510633385,2026-10-09 22:00:00,238.240,238.040,239.070,0.280,0.490,0.450,0.288,0.066,0.114,0.107,-0.036,-0.006,-0.016,-0.013,0.991,50.160
2510633386,2026-10-09 22:00:00,221.840,222.010,222.540,0.380,0.380,0.350,0.131,0.044,0.046,0.043,-0.205,-0.070,-0.069,-0.065,0.540,50.170
2510633387,2026-10-09 22:00:00,236.530,236.970,236.360,0.010,0.000,0.000,0.002,0.002,0.000,0.000,0.000,0.000,0.000,0.000,0.817,50.180
2510633389,2026-10-09 22:00:00,238.750,237.930,237.660,0.410,0.390,0.410,0.278,0.092,0.088,0.096,0.050,0.015,0.017,0.017,0.983,50.180
2510633390,2026-10-09 22:00:00,234.890,235.550,234.650,0.030,0.020,0.010,0.012,0.005,0.003,0.002,-0.004,-0.003,0.000,0.000,0.929,50.180
2510633391,2026-10-09 22:00:00,124.250,123.920,124.030,0.000,0.000,0.000,0.000,0.000,0.000,0.000,0.000,0.000,0.000,0.000,1.000,50.160
2510633393,2026-10-09 22:00:00,236.570,237.540,236.710,1.520,1.490,1.450,0.941,0.307,0.322,0.311,0.214,0.071,0.065,0.077,0.975,50.170
2510633395,2026-10-09 22:00:00,236.380,236.780,236.190,0.000,0.000,0.000,0.000,0.000,0.000,0.000,0.000,0.000,0.000,0.000,1.000,50.190
2510633396,2026-10-09 22:00:00,236.500,235.850,236.420,0.360,0.400,0.350,0.241,0.077,0.088,0.076,0.108,0.036,0.036,0.035,0.913,50.170
2510633397,2026-10-09 22:00:00,241.800,240.790,241.170,0.030,0.030,0.040,0.022,0.006,0.007,0.008,-0.006,-0.002,-0.002,-0.001,0.980,50.170
2510633399,2026-10-09 22:00:00,235.690,235.670,236.170,0.450,0.500,0.500,0.339,0.105,0.116,0.117,0.010,0.004,0.002,0.003,0.999,50.160
2510633400,2026-10-09 22:00:00,235.020,235.430,234.940,0.470,0.510,0.500,0.301,0.094,0.100,0.099,0.153,0.049,0.054,0.049,0.893,50.150
2510633402,2026-10-09 22:00:00,233.840,233.890,235.250,0.940,0.960,1.040,0.575,0.182,0.188,0.160,0.262,0.085,0.085,0.091,0.911,50.170
2510633406,2026-10-09 22:00:00,235.720,235.700,236.260,0.090,0.080,0.080,0.045,0.019,0.012,0.012,-0.034,-0.010,-0.012,-0.012,0.797,50.190
2510633411,2026-10-09 22:00:00,233.430,232.740,232.610,1.800,1.770,1.810,1.119,0.379,0.366,0.373,0.548,0.174,0.178,0.194,0.899,50.160
2510814977,2026-10-09 22:00:00,234.770,236.130,234.640,0.010,0.010,0.010,0.005,0.002,0.001,0.002,-0.001,0.001,-0.001,-0.001,0.993,50.190
2610026952,2026-10-09 22:00:00,235.190,234.520,234.730,1.510,1.470,1.500,0.975,0.329,0.318,0.327,0.298,0.105,0.099,0.094,0.955,50.190
2610026953,2026-10-09 22:00:00,237.440,237.030,238.060,0.480,0.480,0.480,0.348,0.115,0.115,0.117,0.155,0.060,0.053,0.051,0.893,50.200
2610026963,2026-10-09 22:00:00,236.480,236.460,237.020,0.190,0.150,0.120,0.102,0.041,0.034,0.025,-0.041,-0.018,-0.010,-0.012,0.925,50.180
2610026966,2026-10-09 22:00:00,232.770,233.380,232.710,0.050,0.050,0.060,0.031,0.010,0.009,0.011,0.016,0.004,0.004,0.007,0.877,50.190
2610026976,2026-10-09 22:00:00,236.130,236.310,236.830,0.500,0.250,0.810,0.365,0.118,0.059,0.187,-0.043,-0.011,0.000,-0.032,0.994,50.180
2610026977,2026-10-09 22:00:00,244.290,244.700,243.950,0.080,0.460,0.580,0.269,0.018,0.110,0.140,-0.048,-0.004,-0.020,-0.023,0.984,50.160
2610126270,2026-10-09 22:00:00,235.570,235.930,235.560,0.010,0.030,0.010,0.013,0.003,0.007,0.002,-0.003,0.000,-0.001,-0.001,0.960,50.190
2610159557,2026-10-09 22:00:00,235.430,234.570,234.850,0.020,0.010,0.010,0.006,0.003,0.000,0.002,-0.004,-0.002,0.000,-0.001,0.865,50.200
2610159558,2026-10-09 22:00:00,234.570,234.890,235.430,0.000,0.000,0.010,0.003,0.000,0.000,0.002,0.000,0.000,0.000,0.000,1.000,50.190
2610170785,2026-10-09 22:00:00,235.110,234.290,234.610,0.000,0.000,0.000,0.000,0.000,0.000,0.000,0.000,0.000,0.000,0.000,0.920,50.180
2610170786,2026-10-09 22:00:00,234.170,234.340,234.770,0.940,0.980,1.030,0.676,0.218,0.213,0.247,0.145,0.041,0.050,0.053,0.975,50.190
2610170837,2026-10-09 22:00:00,235.890,234.230,234.410,0.000,0.000,0.010,0.002,0.000,0.000,0.001,0.000,0.000,0.000,0.000,1.000,50.190
2610170838,2026-10-09 22:00:00,235.150,234.180,234.570,0.020,0.050,0.100,0.040,0.004,0.012,0.024,0.000,0.000,0.001,-0.001,0.996,50.180
2610170839,2026-10-09 22:00:00,234.230,234.500,235.100,0.000,0.020,0.010,0.008,0.001,0.004,0.003,0.000,0.000,0.000,0.000,0.998,50.190
2610170840,2026-10-09 22:00:00,237.800,237.350,238.580,0.010,0.000,0.000,0.001,0.001,0.000,0.000,0.000,0.000,0.000,0.000,0.917,50.190
2610322967,2026-10-09 22:00:00,235.670,234.720,234.770,0.010,0.000,0.000,0.002,0.002,0.000,0.000,0.000,0.000,0.000,0.000,0.886,50.190
2610322969,2026-10-09 22:00:00,235.940,235.420,235.530,0.290,0.120,0.180,0.111,0.058,0.012,0.039,0.068,0.033,0.025,0.010,0.849,50.190
2610322992,2026-10-09 22:00:00,234.460,235.020,235.930,0.100,0.420,0.210,0.170,0.023,0.097,0.049,0.014,0.005,0.001,0.007,0.997,50.200
2610322995,2026-10-09 22:00:00,234.480,234.690,235.260,0.000,0.000,0.000,0.000,0.000,0.000,0.000,0.000,0.000,0.000,0.000,1.000,50.190
2610322997,2026-10-09 22:00:00,233.620,234.080,233.180,1.150,1.280,0.950,0.794,0.288,0.291,0.214,0.334,0.061,0.163,0.109,0.905,50.180
2610323001,2026-10-09 22:00:00,234.060,232.580,232.460,1.620,1.560,1.840,1.021,0.327,0.310,0.382,0.442,0.146,0.145,0.151,0.924,50.190
2610323004,2026-10-09 22:00:00,65.120,64.550,65.030,0.110,0.100,0.130,0.019,0.006,0.005,0.007,-0.009,-0.001,-0.003,-0.003,0.886,50.180
2610323005,2026-10-09 22:00:00,235.640,236.050,235.550,0.000,0.030,0.000,0.005,0.000,0.005,0.000,0.003,0.000,0.003,0.000,0.861,50.190
2610323010,2026-10-09 22:00:00,238.440,237.710,237.500,0.220,0.010,0.000,0.054,0.051,0.003,0.000,-0.007,-0.006,-0.001,0.000,0.997,50.190
2610323014,2026-10-09 22:00:00,236.110,236.250,236.710,0.010,0.000,0.000,0.000,0.000,0.000,0.000,-0.001,-0.001,0.000,0.000,0.513,50.190
2610323016,2026-10-09 22:00:00,232.560,231.410,231.450,2.890,2.790,2.790,1.803,0.621,0.590,0.590,0.745,0.246,0.249,0.249,0.923,50.200
2610323017,2026-10-09 22:00:00,234.490,235.020,234.360,0.000,0.000,0.000,0.000,0.000,0.000,0.000,0.000,0.000,0.000,0.000,1.000,50.190
2610323019,2026-10-09 22:00:00,235.440,236.060,235.600,0.020,0.020,0.030,0.015,0.004,0.004,0.005,-0.006,-0.001,-0.001,-0.003,0.911,50.200
2610323027,2026-10-09 22:00:00,235.360,234.410,234.800,0.000,0.000,0.000,0.000,0.000,0.000,0.000,0.000,0.000,0.000,0.000,1.000,50.200
2410121440,2026-10-09 22:01:00,236.330,235.700,235.870,0.010,0.010,0.010,0.005,0.002,0.000,0.001,-0.003,-0.001,-0.001,0.000,0.902,50.160
2510203107,2026-10-09 22:01:00,225.500,224.950,226.180,1.280,1.380,1.180,0.779,0.259,0.281,0.237,0.225,0.061,0.088,0.075,0.960,50.200
2610026950,2026-10-09 22:01:00,236.540,235.940,236.120,0.010,0.000,0.010,0.005,0.002,0.000,0.002,0.000,0.000,0.000,0.000,0.939,50.200
2610126451,2026-10-09 22:01:00,236.770,237.080,236.490,0.010,0.000,0.070,0.018,0.001,0.000,0.016,0.000,0.000,0.000,0.000,0.985,50.200
2246006313,2026-10-09 22:30:00,59.000,58.900,58.800,0.966,0.960,0.950,0.167,0.056,0.056,0.055,0.039,0.013,0.013,0.013,0.971,49.950
2410121326,2026-10-09 22:30:00,236.370,235.660,235.860,0.030,0.030,0.050,0.024,0.007,0.005,0.010,-0.001,-0.002,-0.002,0.003,1.000,50.120
2410121353,2026-10-09 22:30:00,235.720,235.070,235.290,0.000,0.010,0.050,0.014,0.000,0.002,0.011,-0.001,0.000,0.000,0.000,0.969,50.130
2410121371,2026-10-09 22:30:00,235.880,235.140,235.350,0.040,0.010,0.060,0.022,0.008,0.000,0.013,-0.002,0.000,-0.001,-0.001,1.000,50.130
2410121440,2026-10-09 22:30:00,235.550,234.890,235.050,0.010,0.010,0.010,0.005,0.002,0.000,0.001,-0.003,-0.001,-0.001,0.000,0.896,50.130
2410121457,2026-10-09 22:30:00,233.640,232.840,233.280,2.060,2.120,2.020,1.362,0.452,0.463,0.446,0.393,0.135,0.141,0.117,0.960,50.140
2410121574,2026-10-09 22:30:00,236.100,235.200,235.410,0.100,0.090,0.070,0.046,0.019,0.009,0.018,-0.047,-0.013,-0.019,-0.014,0.611,50.140
2410131378,2026-10-09 22:30:00,235.500,235.890,235.280,0.420,0.450,0.480,0.232,0.060,0.080,0.091,0.070,0.020,0.026,0.028,0.970,50.140
2410131383,2026-10-09 22:30:00,237.300,236.170,236.010,0.060,0.030,0.050,0.033,0.013,0.007,0.012,-0.004,0.000,-0.001,-0.002,1.000,50.140
2410131384,2026-10-09 22:30:00,233.850,234.260,233.710,0.640,0.830,0.690,0.664,0.209,0.236,0.217,0.095,0.025,0.039,0.028,0.984,50.080
2410131387,2026-10-09 22:30:00,234.150,235.360,234.500,0.030,0.030,0.030,0.018,0.006,0.006,0.006,-0.009,-0.002,-0.003,-0.003,0.881,50.110
2410320615,2026-10-09 22:30:00,235.450,236.400,236.110,1.360,1.360,1.460,0.931,0.308,0.317,0.350,0.185,0.040,0.077,0.067,0.983,49.980
2410883988,2026-10-09 22:30:00,235.290,235.710,235.320,0.280,0.270,0.350,0.202,0.063,0.059,0.079,0.052,0.017,0.017,0.016,0.968,50.020
2410883990,2026-10-09 22:30:00,235.500,235.030,235.000,0.070,0.000,0.030,0.023,0.016,0.000,0.007,0.001,0.002,0.000,-0.001,0.991,50.070
2410883991,2026-10-09 22:30:00,233.130,233.330,233.830,0.080,0.060,0.210,0.079,0.017,0.013,0.048,-0.005,-0.002,-0.002,0.000,0.998,50.020
2410883993,2026-10-09 22:30:00,234.160,233.530,233.790,1.150,0.930,1.020,0.714,0.267,0.215,0.232,-0.063,-0.017,-0.023,-0.022,0.995,50.090
2410883994,2026-10-09 22:30:00,233.690,232.890,233.300,0.010,0.040,0.010,0.014,0.001,0.009,0.002,-0.001,0.000,0.000,0.000,1.000,49.970
2410932742,2026-10-09 22:30:00,233.060,231.470,231.300,2.250,2.200,2.330,1.407,0.471,0.453,0.482,0.541,0.177,0.174,0.188,0.932,49.950
2411087433,2026-10-09 22:30:00,234.090,234.220,234.760,0.320,0.310,0.330,0.219,0.075,0.070,0.074,0.043,0.012,0.014,0.016,0.986,50.090
2411290205,2026-10-09 22:30:00,235.920,235.670,236.870,0.230,0.140,0.140,0.107,0.054,0.020,0.033,0.004,0.002,0.000,0.002,0.992,50.010
2510014481,2026-10-09 22:30:00,232.760,232.580,234.110,2.000,1.990,2.000,1.264,0.415,0.417,0.431,0.455,0.159,0.157,0.138,0.940,50.090
2510014482,2026-10-09 22:30:00,235.590,236.000,235.360,0.010,0.040,0.000,0.011,0.002,0.008,0.000,-0.001,-0.002,0.001,0.000,1.000,50.020
2510014483,2026-10-09 22:30:00,233.640,233.840,234.370,0.050,0.040,0.050,0.026,0.009,0.006,0.009,-0.020,-0.005,-0.005,-0.008,0.783,50.080
2510014484,2026-10-09 22:30:00,234.650,234.410,235.750,1.510,1.700,1.360,0.997,0.326,0.381,0.323,0.389,0.136,0.117,0.135,0.930,50.030
2510178139,2026-10-09 22:30:00,235.930,236.430,235.690,0.090,0.040,0.080,0.051,0.020,0.010,0.021,0.001,0.002,0.000,-0.001,1.000,50.090
2510178141,2026-10-09 22:30:00,235.450,235.580,235.950,0.020,0.010,0.090,0.024,0.002,0.000,0.020,-0.009,-0.004,-0.001,-0.002,0.923,50.040
2510203103,2026-10-09 22:30:00,229.670,228.100,228.150,0.070,0.110,0.090,0.055,0.014,0.022,0.018,-0.020,-0.005,-0.008,-0.006,0.937,49.980
2510203104,2026-10-09 22:30:00,227.580,227.610,228.110,0.340,0.390,0.350,0.239,0.077,0.087,0.074,0.045,0.003,0.016,0.025,0.983,49.990
2510203106,2026-10-09 22:30:00,236.220,235.950,237.200,0.030,0.010,0.000,0.009,0.005,0.003,0.000,-0.003,-0.003,0.000,0.000,0.929,49.980
2510203107,2026-10-09 22:30:00,223.810,223.150,224.540,1.230,1.310,1.140,0.740,0.247,0.262,0.230,0.211,0.058,0.080,0.071,0.961,50.070
2510203109,2026-10-09 22:30:00,233.810,234.350,233.570,0.040,0.040,0.090,0.036,0.007,0.009,0.019,0.007,0.004,0.001,0.001,0.985,50.090
2510203111,2026-10-09 22:30:00,234.430,234.740,235.140,1.210,1.060,1.360,0.775,0.257,0.220,0.297,0.250,0.097,0.077,0.075,0.950,49.980
2510203113,2026-10-09 22:30:00,237.430,236.490,236.480,0.330,0.320,0.310,0.224,0.077,0.074,0.073,0.005,0.006,0.004,-0.005,1.000,50.010
2510203114,2026-10-09 22:30:00,227.730,228.080,228.530,0.420,0.300,0.320,0.245,0.091,0.074,0.079,0.024,0.006,0.005,0.012,0.994,50.080
2510203117,2026-10-09 22:30:00,235.080,234.520,234.370,0.200,0.330,0.190,0.162,0.044,0.075,0.043,-0.039,-0.013,-0.015,-0.010,0.973,49.960
2510203118,2026-10-09 22:30:00,122.400,122.440,122.710,0.100,0.090,0.080,0.032,0.012,0.011,0.009,0.002,0.000,0.002,0.000,0.994,50.090
2510203120,2026-10-09 22:30:00,233.270,232.490,232.880,0.690,0.510,0.580,0.389,0.151,0.109,0.130,0.142,0.054,0.044,0.043,0.942,49.960
2510203121,2026-10-09 22:30:00,235.240,235.150,235.630,0.120,0.050,0.150,0.067,0.027,0.007,0.033,-0.025,-0.006,-0.007,-0.011,0.928,50.090
2510203122,2026-10-09 22:30:00,235.480,236.020,235.370,0.110,0.020,0.010,0.024,0.019,0.003,0.000,0.012,0.016,-0.002,0.000,0.893,50.010
2510203123,2026-10-09 22:30:00,234.370,234.570,235.050,0.800,1.110,0.990,0.675,0.219,0.236,0.230,0.129,0.039,0.036,0.053,0.972,49.990
2510203124,2026-10-09 22:30:00,235.940,236.040,235.440,0.190,0.200,0.220,0.132,0.041,0.043,0.047,0.054,0.017,0.018,0.018,0.927,50.090
2510203125,2026-10-09 22:30:00,236.030,237.260,236.270,0.030,0.030,0.080,0.025,0.003,0.003,0.018,-0.017,-0.006,-0.006,-0.004,0.817,50.090
2510203126,2026-10-09 22:30:00,235.320,235.190,235.710,0.350,0.280,0.260,0.201,0.079,0.062,0.059,0.051,0.016,0.017,0.017,0.970,50.110
2510203127,2026-10-09 22:30:00,235.750,236.240,235.670,0.030,0.010,0.030,0.015,0.008,0.001,0.005,-0.006,0.000,0.000,-0.005,0.896,50.100
2510203128,2026-10-09 22:30:00,232.860,232.980,231.610,2.210,2.110,2.290,1.490,0.499,0.475,0.514,0.147,0.026,0.051,0.069,0.995,49.970
2510203130,2026-10-09 22:30:00,246.970,246.900,248.490,0.000,0.000,0.010,0.004,0.000,0.001,0.003,-0.001,0.000,0.000,0.000,0.968,50.090
2510203133,2026-10-09 22:30:00,234.910,235.370,234.690,0.020,0.020,0.000,0.009,0.004,0.003,0.000,-0.002,0.000,-0.002,0.000,0.964,49.980
2510203134,2026-10-09 22:30:00,234.000,233.120,233.270,0.020,0.010,0.010,0.007,0.004,0.002,0.001,-0.001,0.000,-0.001,0.000,0.967,49.950
2510224049,2026-10-09 22:30:00,234.660,235.300,234.850,15.510,12.090,7.560,6.750,2.730,2.460,1.550,-2.100,-0.670,-0.860,-0.560,0.954,50.070
2510224167,2026-10-09 22:30:00,234.690,234.500,235.190,5.770,4.490,4.800,2.680,1.180,0.730,0.760,-1.990,-0.570,-0.680,-0.730,0.803,50.030
2510317505,2026-10-09 22:30:00,234.950,234.890,235.410,11.860,3.670,5.150,3.780,2.400,0.590,0.780,-1.850,-0.550,-0.570,-0.720,0.897,50.050
2510317516,2026-10-09 22:30:00,234.940,234.790,235.360,0.000,0.000,0.000,0.000,0.000,0.000,0.000,0.000,0.000,0.000,0.000,1.000,50.030
2510317537,2026-10-09 22:30:00,233.250,233.310,233.780,2.670,2.820,2.510,1.930,0.660,0.700,0.630,-0.180,-0.050,-0.060,-0.060,0.995,50.030
2510389559,2026-10-09 22:30:00,236.370,236.150,237.430,0.000,0.000,0.000,0.000,0.000,0.000,0.000,0.000,0.000,0.000,0.000,1.000,50.020
2510389643,2026-10-09 22:30:00,236.400,236.250,237.540,16.460,15.820,15.100,10.490,3.410,3.600,3.470,-1.290,-0.180,-0.580,-0.520,0.992,50.050
2510389931,2026-10-09 22:30:00,235.940,235.310,236.830,0.000,0.000,0.000,0.000,0.000,0.000,0.000,0.000,0.000,0.000,0.000,1.000,50.060
2510633381,2026-10-09 22:30:00,234.470,233.560,233.800,0.050,0.080,0.010,0.031,0.010,0.018,0.002,-0.009,-0.004,-0.004,0.000,0.952,50.100
2510633382,2026-10-09 22:30:00,234.890,236.110,235.130,0.120,0.130,0.160,0.070,0.018,0.022,0.029,-0.058,-0.018,-0.018,-0.020,0.789,50.150
2510633383,2026-10-09 22:30:00,235.610,235.740,236.100,0.110,0.080,0.090,0.019,0.007,0.002,0.009,-0.062,-0.024,-0.019,-0.018,0.295,50.090
2510633385,2026-10-09 22:30:00,235.380,235.170,236.400,0.270,0.360,0.360,0.230,0.063,0.082,0.084,-0.033,-0.005,-0.014,-0.013,0.989,50.140
2510633386,2026-10-09 22:30:00,220.440,220.550,221.090,0.360,0.360,0.340,0.119,0.040,0.042,0.037,-0.206,-0.067,-0.067,-0.062,0.478,50.130
2510633387,2026-10-09 22:30:00,235.170,235.680,235.120,0.010,0.000,0.000,0.002,0.002,0.000,0.000,0.000,0.000,0.000,0.000,0.809,50.140
2510633389,2026-10-09 22:30:00,236.300,234.640,234.320,0.720,0.690,0.700,0.477,0.162,0.154,0.160,0.043,0.013,0.014,0.014,0.996,50.140
2510633390,2026-10-09 22:30:00,233.400,234.010,233.180,0.030,0.050,0.110,0.042,0.005,0.011,0.024,-0.002,-0.003,0.000,0.001,1.000,50.130
2510633391,2026-10-09 22:30:00,123.870,123.560,123.640,0.000,0.000,0.000,0.000,0.000,0.000,0.000,0.000,0.000,0.000,0.000,1.000,50.130
2510633393,2026-10-09 22:30:00,233.460,234.650,233.680,1.420,1.490,1.420,1.020,0.332,0.353,0.334,0.206,0.068,0.063,0.074,0.979,50.130
2510633395,2026-10-09 22:30:00,235.720,236.130,235.560,0.000,0.000,0.000,0.000,0.000,0.000,0.000,0.000,0.000,0.000,0.000,1.000,50.090
2510633396,2026-10-09 22:30:00,236.040,235.370,235.860,0.360,0.410,0.360,0.243,0.077,0.089,0.076,0.107,0.036,0.036,0.034,0.913,50.100
2510633397,2026-10-09 22:30:00,240.500,239.570,239.780,0.030,0.030,0.040,0.022,0.006,0.007,0.008,-0.006,-0.002,-0.002,-0.001,0.943,50.140
2510633399,2026-10-09 22:30:00,234.840,234.660,235.240,0.290,0.370,0.370,0.242,0.067,0.087,0.086,0.007,0.002,0.002,0.002,0.999,50.120
2510633400,2026-10-09 22:30:00,234.200,234.700,234.230,0.430,0.470,0.470,0.268,0.083,0.090,0.094,0.155,0.051,0.053,0.049,0.875,50.140
2510633402,2026-10-09 22:30:00,233.320,233.220,234.700,0.710,0.730,0.830,0.429,0.132,0.169,0.187,0.199,0.064,0.064,0.071,0.945,50.150
2510633406,2026-10-09 22:30:00,235.190,234.970,235.620,0.090,0.080,0.080,0.045,0.019,0.012,0.012,-0.034,-0.009,-0.012,-0.012,0.797,50.090
2510814977,2026-10-09 22:30:00,234.240,235.610,234.280,0.010,0.010,0.010,0.004,0.001,0.001,0.002,-0.003,0.000,-0.001,-0.001,0.767,50.090
2610026950,2026-10-09 22:30:00,235.650,235.080,235.010,0.010,0.000,0.020,0.007,0.002,0.000,0.003,0.000,0.000,0.000,0.000,1.000,50.090
2610026952,2026-10-09 22:30:00,234.170,233.620,233.770,1.870,1.830,1.870,1.218,0.409,0.399,0.410,0.402,0.140,0.133,0.127,0.949,50.090
2610026953,2026-10-09 22:30:00,235.530,235.080,236.420,0.540,0.550,0.510,0.326,0.103,0.114,0.108,0.149,0.053,0.049,0.046,0.911,50.090
2610026963,2026-10-09 22:30:00,235.950,235.930,236.540,0.210,0.180,0.130,0.115,0.046,0.040,0.028,-0.037,-0.017,-0.008,-0.011,0.954,50.090
2610026966,2026-10-09 22:30:00,231.840,232.260,231.570,0.040,0.050,0.050,0.028,0.008,0.009,0.010,0.014,0.003,0.004,0.007,0.886,50.090
2610026976,2026-10-09 22:30:00,235.620,235.890,236.380,0.500,0.190,0.780,0.341,0.115,0.044,0.180,-0.045,-0.011,-0.003,-0.031,0.991,50.090
2610026977,2026-10-09 22:30:00,242.610,243.580,242.910,0.420,0.460,0.590,0.341,0.090,0.110,0.140,0.003,0.045,-0.020,-0.022,0.999,50.140
2610126270,2026-10-09 22:30:00,234.850,235.340,235.000,0.020,0.030,0.010,0.012,0.003,0.007,0.002,-0.003,0.000,-0.001,-0.001,0.974,50.070
2610126451,2026-10-09 22:30:00,236.080,236.440,235.850,0.010,0.000,0.070,0.018,0.001,0.000,0.016,0.000,0.000,0.000,0.000,1.000,50.090
2610159557,2026-10-09 22:30:00,234.580,233.820,234.010,0.020,0.000,0.010,0.006,0.003,0.000,0.001,-0.004,-0.002,0.000,-0.001,0.749,50.090
2610159558,2026-10-09 22:30:00,233.800,234.050,234.540,0.000,0.000,0.020,0.004,0.000,0.000,0.003,0.000,0.000,0.000,0.000,1.000,50.090
2610170785,2026-10-09 22:30:00,234.480,233.630,233.970,0.000,0.000,0.000,0.000,0.000,0.000,0.000,0.000,0.000,0.000,0.000,0.939,50.080
2610170786,2026-10-09 22:30:00,233.490,233.730,234.220,0.490,0.500,0.620,0.393,0.125,0.116,0.150,0.078,0.029,0.023,0.027,0.978,50.040
2610170837,2026-10-09 22:30:00,235.450,233.910,233.940,0.000,0.000,0.010,0.002,0.000,0.000,0.001,0.000,0.000,0.000,0.000,1.000,50.070
2610170838,2026-10-09 22:30:00,234.250,233.310,233.760,0.020,0.050,0.090,0.037,0.004,0.011,0.021,-0.001,0.000,0.000,-0.001,0.996,50.020
2610170839,2026-10-09 22:30:00,233.420,233.690,234.300,0.000,0.020,0.010,0.009,0.000,0.005,0.003,0.000,0.000,0.000,0.000,1.000,50.070
2610170840,2026-10-09 22:30:00,235.840,235.260,236.800,0.000,0.000,0.000,0.000,0.000,0.000,0.000,0.000,0.000,0.000,0.000,0.500,50.070
2610322967,2026-10-09 22:30:00,234.940,234.000,234.040,0.010,0.000,0.000,0.002,0.002,0.000,0.000,0.000,0.000,0.000,0.000,0.889,50.080
2610322969,2026-10-09 22:30:00,235.420,234.990,234.910,0.290,0.120,0.170,0.110,0.058,0.012,0.039,0.068,0.032,0.025,0.010,0.852,50.090
2610322992,2026-10-09 22:30:00,234.050,234.420,235.410,0.090,0.330,0.200,0.145,0.021,0.077,0.046,0.011,0.004,0.000,0.006,0.996,50.050
2610322995,2026-10-09 22:30:00,233.790,234.000,234.530,0.000,0.000,0.000,0.000,0.000,0.000,0.000,0.000,0.000,0.000,0.000,1.000,50.080
2610322997,2026-10-09 22:30:00,233.150,233.640,232.740,1.120,1.270,0.930,0.787,0.271,0.285,0.206,0.304,0.043,0.150,0.111,0.921,50.080
2610323001,2026-10-09 22:30:00,233.360,232.010,231.700,1.770,1.650,2.000,1.135,0.365,0.343,0.420,0.506,0.167,0.166,0.173,0.913,50.060
2610323004,2026-10-09 22:30:00,65.000,64.430,64.870,0.100,0.100,0.120,0.018,0.006,0.005,0.006,-0.008,-0.002,-0.003,-0.003,0.884,50.090
2610323005,2026-10-09 22:30:00,234.760,235.270,234.860,0.000,0.000,0.000,0.001,0.000,0.001,0.000,0.000,0.000,0.000,0.000,0.982,50.070
2610323010,2026-10-09 22:30:00,237.030,236.010,235.750,0.040,0.010,0.000,0.011,0.008,0.003,0.000,-0.007,-0.006,-0.001,0.000,0.802,50.080
2610323014,2026-10-09 22:30:00,235.550,235.650,236.070,0.010,0.000,0.000,0.000,0.000,0.000,0.000,-0.001,-0.001,0.000,0.000,0.503,50.070
2610323016,2026-10-09 22:30:00,232.820,231.600,231.560,2.120,2.040,2.000,1.265,0.440,0.415,0.409,0.611,0.203,0.206,0.200,0.899,50.060
2610323017,2026-10-09 22:30:00,233.780,234.240,233.600,0.000,0.000,0.000,0.000,0.000,0.000,0.000,0.000,0.000,0.000,0.000,1.000,50.050
2610323027,2026-10-09 22:30:00,234.380,233.470,233.820,0.000,0.000,0.000,0.000,0.000,0.000,0.000,0.000,0.000,0.000,0.000,1.000,50.040
2410121424,2026-10-09 22:31:00,234.570,233.940,234.130,0.010,0.010,0.010,0.004,0.000,0.001,0.002,-0.003,-0.001,-0.001,0.000,0.764,50.090
2510203108,2026-10-09 22:31:00,235.030,235.360,234.750,0.770,0.990,0.910,0.594,0.171,0.220,0.194,0.050,0.011,0.021,0.018,0.997,50.130
2510633411,2026-10-09 22:31:00,231.760,231.020,230.870,2.030,1.950,2.010,1.250,0.425,0.409,0.415,0.545,0.173,0.177,0.196,0.915,50.120
2410121454,2026-10-09 22:32:00,234.130,234.670,233.880,0.090,0.190,0.170,0.098,0.018,0.041,0.037,0.022,0.008,0.008,0.006,0.973,50.070
2411087432,2026-10-09 22:32:00,235.150,235.680,235.010,0.030,0.090,0.090,0.048,0.007,0.019,0.021,-0.013,-0.002,-0.006,-0.004,0.970,50.120
2510203105,2026-10-09 22:32:00,234.810,233.160,233.430,0.050,0.100,0.020,0.038,0.011,0.023,0.003,0.009,0.003,0.005,0.000,0.972,50.110
2610323019,2026-10-09 22:32:00,234.470,235.210,234.740,0.060,0.020,0.030,0.023,0.012,0.004,0.005,-0.007,-0.003,-0.002,-0.002,0.959,50.110
2246006313,2026-10-09 23:00:00,58.100,58.100,58.000,0.989,1.008,0.972,0.167,0.055,0.056,0.055,0.035,0.012,0.011,0.010,0.979,50.200
2410121353,2026-10-09 23:00:00,236.910,236.250,236.430,0.000,0.010,0.050,0.014,0.000,0.002,0.011,-0.001,0.000,0.000,0.000,1.000,50.140
2410121371,2026-10-09 23:00:00,237.230,236.430,236.620,0.030,0.010,0.030,0.016,0.007,0.000,0.007,-0.002,0.000,-0.001,0.000,1.000,50.170
2410121424,2026-10-09 23:00:00,237.040,236.370,236.600,0.010,0.010,0.010,0.004,0.000,0.001,0.002,-0.003,-0.001,-0.001,0.000,0.776,50.160
2410121440,2026-10-09 23:00:00,237.150,236.560,236.590,0.010,0.010,0.010,0.005,0.002,0.000,0.001,-0.003,-0.001,-0.001,0.000,0.905,50.190
2410121454,2026-10-09 23:00:00,236.620,237.170,236.490,0.070,0.180,0.120,0.084,0.014,0.041,0.028,0.013,0.005,0.004,0.003,0.993,50.150
2410121457,2026-10-09 23:00:00,235.180,234.450,234.780,1.750,1.750,1.670,1.128,0.381,0.379,0.368,0.367,0.128,0.129,0.109,0.950,50.230
2410121574,2026-10-09 23:00:00,237.190,236.170,236.380,0.110,0.120,0.080,0.057,0.023,0.021,0.012,-0.046,-0.012,-0.018,-0.014,0.783,50.130
2410131378,2026-10-09 23:00:00,236.680,237.000,236.490,0.410,0.560,0.460,0.342,0.094,0.132,0.110,0.058,0.015,0.020,0.022,0.983,50.160
2410131384,2026-10-09 23:00:00,233.240,233.730,233.070,0.840,0.850,0.750,0.469,0.142,0.184,0.142,0.094,0.022,0.040,0.031,0.986,50.180
2410131387,2026-10-09 23:00:00,236.480,237.590,236.780,0.070,0.060,0.030,0.036,0.015,0.014,0.006,-0.008,-0.006,0.001,-0.003,0.965,50.140
2410320615,2026-10-09 23:00:00,235.980,236.850,236.460,1.330,1.300,1.400,1.030,0.348,0.344,0.349,0.180,0.038,0.077,0.064,0.986,50.180
2410883988,2026-10-09 23:00:00,231.650,232.100,231.560,0.430,0.410,0.480,0.285,0.091,0.087,0.105,0.109,0.035,0.038,0.035,0.935,50.220
2410883990,2026-10-09 23:00:00,232.000,231.440,231.450,0.070,0.000,0.030,0.023,0.016,0.000,0.007,0.000,0.002,0.000,-0.001,1.000,50.160
2410883991,2026-10-09 23:00:00,233.180,233.540,234.090,0.170,0.160,0.330,0.152,0.038,0.036,0.077,-0.002,0.000,-0.002,0.000,1.000,50.200
2410883993,2026-10-09 23:00:00,233.900,233.250,233.460,1.060,0.840,0.960,0.663,0.246,0.195,0.221,-0.066,-0.019,-0.025,-0.021,0.994,50.170
2410883994,2026-10-09 23:00:00,234.070,233.070,233.510,0.010,0.040,0.010,0.014,0.001,0.009,0.002,-0.001,0.000,0.000,0.000,1.000,50.230
2410932742,2026-10-09 23:00:00,234.060,232.470,232.400,2.270,2.210,2.350,1.418,0.475,0.456,0.486,0.547,0.182,0.174,0.190,0.932,50.200
2411087432,2026-10-09 23:00:00,236.350,236.870,236.210,0.020,0.030,0.080,0.030,0.004,0.007,0.017,-0.002,0.000,0.000,-0.003,0.989,50.230
2411087433,2026-10-09 23:00:00,233.670,233.850,234.400,0.300,0.300,0.310,0.193,0.063,0.063,0.065,0.036,0.009,0.012,0.014,0.989,50.170
2411290205,2026-10-09 23:00:00,236.740,236.490,237.620,0.200,0.190,0.150,0.125,0.046,0.043,0.035,0.009,0.003,0.001,0.003,0.996,50.200
2510014481,2026-10-09 23:00:00,233.400,233.260,234.720,1.960,1.970,1.970,1.350,0.513,0.517,0.527,0.508,0.169,0.180,0.159,0.938,50.180
2510014482,2026-10-09 23:00:00,236.470,236.900,236.260,0.010,0.030,0.000,0.008,0.002,0.006,0.000,-0.005,-0.002,-0.003,0.000,0.820,50.210
2510014483,2026-10-09 23:00:00,233.360,233.580,234.100,0.040,0.030,0.050,0.019,0.006,0.005,0.007,-0.019,-0.006,-0.005,-0.008,0.714,50.170
2510014484,2026-10-09 23:00:00,235.030,234.900,236.150,1.720,1.810,1.520,1.096,0.334,0.406,0.323,0.397,0.139,0.119,0.137,0.941,50.190
2510178139,2026-10-09 23:00:00,236.640,237.080,236.360,0.070,0.040,0.080,0.046,0.017,0.008,0.019,0.001,0.002,0.000,-0.002,0.998,50.180
2510178141,2026-10-09 23:00:00,236.180,236.280,236.740,0.020,0.010,0.020,0.007,0.002,0.000,0.003,-0.009,-0.004,-0.001,-0.002,0.640,50.180
2510203103,2026-10-09 23:00:00,230.410,228.790,228.860,0.080,0.130,0.090,0.060,0.016,0.027,0.016,-0.021,-0.006,-0.007,-0.007,0.946,50.180
2510203104,2026-10-09 23:00:00,227.470,227.610,228.030,0.410,0.420,0.400,0.252,0.081,0.083,0.088,0.041,0.003,0.012,0.025,0.985,50.200
2510203105,2026-10-09 23:00:00,236.670,235.030,235.110,0.050,0.110,0.020,0.039,0.011,0.024,0.003,0.010,0.004,0.006,0.000,0.965,50.180
2510203106,2026-10-09 23:00:00,236.670,236.390,237.640,0.030,0.010,0.000,0.009,0.005,0.003,0.000,-0.004,-0.003,0.000,0.000,0.933,50.190
2510203107,2026-10-09 23:00:00,224.950,224.770,225.780,0.360,0.410,0.370,0.249,0.077,0.090,0.081,0.056,0.018,0.017,0.020,0.973,50.170
2510203108,2026-10-09 23:00:00,236.270,236.470,235.960,0.670,1.080,0.920,0.621,0.157,0.257,0.213,0.049,0.007,0.024,0.016,0.995,50.190
2510203109,2026-10-09 23:00:00,233.490,234.000,233.140,0.030,0.050,0.080,0.034,0.005,0.011,0.017,0.008,0.004,0.002,0.001,0.982,50.180
2510203111,2026-10-09 23:00:00,235.780,236.080,236.460,1.230,1.070,1.360,0.789,0.263,0.225,0.300,0.253,0.097,0.078,0.077,0.951,50.180
2510203113,2026-10-09 23:00:00,237.770,236.810,236.840,0.330,0.310,0.310,0.214,0.069,0.072,0.073,0.022,0.012,0.010,0.000,0.994,50.220
2510203114,2026-10-09 23:00:00,227.290,227.710,228.030,0.420,0.270,0.370,0.228,0.083,0.061,0.082,0.023,0.006,0.002,0.015,0.994,50.180
2510203117,2026-10-09 23:00:00,231.830,231.200,231.240,0.230,0.330,0.160,0.162,0.051,0.075,0.035,-0.040,-0.014,-0.015,-0.010,0.969,50.200
2510203120,2026-10-09 23:00:00,233.450,232.640,232.990,0.720,0.500,0.560,0.389,0.156,0.108,0.124,0.141,0.057,0.041,0.042,0.940,50.190
2510203121,2026-10-09 23:00:00,231.340,231.340,231.870,0.120,0.050,0.160,0.067,0.026,0.007,0.032,-0.024,-0.005,-0.007,-0.011,0.936,50.180
2510203122,2026-10-09 23:00:00,236.450,237.060,236.360,0.130,0.020,0.010,0.026,0.022,0.003,0.000,0.017,0.021,-0.002,-0.001,0.828,50.220
2510203123,2026-10-09 23:00:00,235.940,236.110,236.520,0.430,0.470,0.740,0.553,0.204,0.198,0.150,0.029,0.004,0.007,0.017,0.990,50.190
2510203124,2026-10-09 23:00:00,236.540,236.700,236.120,0.190,0.190,0.210,0.132,0.042,0.042,0.047,0.054,0.017,0.018,0.018,0.927,50.180
2510203125,2026-10-09 23:00:00,237.030,238.190,237.200,0.030,0.030,0.080,0.025,0.003,0.003,0.017,-0.017,-0.006,-0.006,-0.004,0.837,50.180
2510203126,2026-10-09 23:00:00,231.380,231.300,231.910,0.480,0.420,0.410,0.284,0.105,0.090,0.087,0.107,0.034,0.034,0.037,0.936,50.180
2510203127,2026-10-09 23:00:00,236.450,237.020,236.400,0.040,0.010,0.030,0.016,0.009,0.001,0.005,-0.006,0.000,0.000,-0.005,0.927,50.180
2510203128,2026-10-09 23:00:00,232.830,232.830,231.400,2.240,2.170,2.350,1.513,0.505,0.484,0.523,0.153,0.027,0.054,0.072,0.994,50.180
2510203130,2026-10-09 23:00:00,247.580,247.420,249.090,0.000,0.000,0.010,0.004,0.000,0.001,0.002,-0.001,0.000,0.000,0.000,0.941,50.190
2510203133,2026-10-09 23:00:00,236.400,236.910,236.260,0.030,0.020,0.000,0.011,0.006,0.004,0.000,-0.002,0.000,-0.002,0.000,1.000,50.250
2510203134,2026-10-09 23:00:00,234.290,233.310,233.510,0.020,0.010,0.010,0.007,0.004,0.002,0.001,-0.001,0.000,-0.001,0.000,0.969,50.210
2510224049,2026-10-09 23:00:00,231.080,231.790,231.240,15.710,12.280,7.650,6.770,2.740,2.480,1.550,-2.070,-0.660,-0.850,-0.550,0.955,50.160
2510224167,2026-10-09 23:00:00,231.030,230.990,231.620,5.830,4.500,4.800,2.680,1.180,0.730,0.770,-1.920,-0.560,-0.660,-0.690,0.812,50.200
2510317505,2026-10-09 23:00:00,231.260,231.220,231.770,11.660,3.680,5.220,3.710,2.330,0.590,0.790,-1.780,-0.520,-0.560,-0.700,0.901,50.180
2510317516,2026-10-09 23:00:00,231.310,231.300,231.700,0.000,0.000,0.000,0.000,0.000,0.000,0.000,0.000,0.000,0.000,0.000,1.000,50.210
2510317537,2026-10-09 23:00:00,232.950,232.980,233.470,2.630,2.680,2.470,1.520,0.520,0.520,0.470,-0.100,-0.010,-0.040,-0.040,0.995,50.200
2510389559,2026-10-09 23:00:00,237.280,236.930,238.110,0.000,0.000,0.000,0.000,0.000,0.000,0.000,0.000,0.000,0.000,0.000,1.000,50.220
2510389643,2026-10-09 23:00:00,237.010,236.630,237.900,5.370,15.880,15.120,8.270,1.160,3.620,3.480,-1.310,-0.180,-0.610,-0.510,0.987,50.180
2510389931,2026-10-09 23:00:00,236.600,236.120,237.550,0.000,0.000,0.000,0.000,0.000,0.000,0.000,0.000,0.000,0.000,0.000,1.000,50.170
2510633382,2026-10-09 23:00:00,236.240,237.750,236.790,0.110,0.120,0.150,0.071,0.019,0.022,0.030,-0.054,-0.017,-0.018,-0.018,0.797,50.190
2510633383,2026-10-09 23:00:00,236.360,236.420,236.930,0.110,0.080,0.090,0.016,0.006,0.002,0.008,-0.062,-0.024,-0.019,-0.018,0.262,50.190
2510633385,2026-10-09 23:00:00,237.130,236.810,238.120,0.110,0.360,0.360,0.192,0.025,0.082,0.084,-0.034,-0.005,-0.015,-0.013,0.984,50.220
2510633386,2026-10-09 23:00:00,220.060,220.270,220.790,0.280,0.300,0.280,0.121,0.039,0.040,0.041,-0.146,-0.047,-0.051,-0.046,0.630,50.200
2510633387,2026-10-09 23:00:00,236.460,237.070,236.430,0.010,0.000,0.000,0.002,0.002,0.000,0.000,0.000,0.000,0.000,0.000,0.837,50.210
2510633389,2026-10-09 23:00:00,237.610,236.620,236.300,0.240,0.230,0.260,0.180,0.061,0.055,0.063,0.041,0.012,0.014,0.014,0.976,50.230
2510633390,2026-10-09 23:00:00,233.680,234.350,233.490,0.030,0.010,0.010,0.011,0.005,0.002,0.002,-0.004,-0.003,0.000,0.000,0.943,50.240
2510633391,2026-10-09 23:00:00,124.430,124.110,124.140,0.000,0.000,0.000,0.000,0.000,0.000,0.000,0.000,0.000,0.000,0.000,1.000,50.240
2510633393,2026-10-09 23:00:00,235.370,236.540,235.580,1.480,1.540,1.480,0.988,0.324,0.340,0.323,0.224,0.070,0.067,0.078,0.975,50.180
2510633395,2026-10-09 23:00:00,236.500,236.770,236.270,0.000,0.000,0.000,0.000,0.000,0.000,0.000,0.000,0.000,0.000,0.000,1.000,50.190
2510633396,2026-10-09 23:00:00,236.680,236.070,236.570,0.360,0.400,0.360,0.244,0.078,0.088,0.077,0.108,0.036,0.035,0.034,0.915,50.180
2510633397,2026-10-09 23:00:00,240.550,239.590,239.960,0.030,0.030,0.050,0.024,0.006,0.007,0.010,-0.006,-0.002,-0.002,-0.001,0.950,50.260
2510633399,2026-10-09 23:00:00,230.990,230.860,231.610,0.260,0.360,0.330,0.217,0.059,0.082,0.075,0.010,0.004,0.003,0.002,0.998,50.180
2510633400,2026-10-09 23:00:00,230.500,231.180,230.610,0.450,0.480,0.480,0.305,0.097,0.105,0.103,0.136,0.044,0.049,0.044,0.906,50.250
2510633402,2026-10-09 23:00:00,234.870,234.760,236.350,0.600,0.620,0.690,0.440,0.138,0.139,0.155,0.064,0.020,0.021,0.022,0.989,50.190
2510633406,2026-10-09 23:00:00,231.480,231.320,232.050,0.090,0.080,0.080,0.045,0.019,0.012,0.012,-0.033,-0.009,-0.011,-0.011,0.810,50.170
2510633411,2026-10-09 23:00:00,228.970,228.280,228.030,2.030,1.970,2.030,1.255,0.428,0.409,0.417,0.536,0.172,0.174,0.189,0.918,50.210
2610026950,2026-10-09 23:00:00,232.090,231.370,231.330,0.010,0.000,0.010,0.004,0.001,0.000,0.002,0.000,0.000,0.000,0.000,0.967,50.180
2610026952,2026-10-09 23:00:00,236.420,235.890,235.930,0.670,0.650,0.670,0.439,0.148,0.142,0.148,0.110,0.040,0.036,0.033,0.969,50.170
2610026953,2026-10-09 23:00:00,236.410,235.990,237.180,0.420,0.500,0.450,0.285,0.085,0.101,0.098,0.147,0.052,0.047,0.047,0.902,50.170
2610026963,2026-10-09 23:00:00,236.740,236.580,237.290,0.180,0.150,0.100,0.093,0.038,0.034,0.020,-0.045,-0.020,-0.011,-0.013,0.896,50.180
2610026966,2026-10-09 23:00:00,233.470,233.960,233.420,0.050,0.040,0.040,0.026,0.010,0.008,0.007,0.012,0.003,0.004,0.004,0.909,50.190
2610026976,2026-10-09 23:00:00,236.380,236.530,237.060,0.440,0.190,0.740,0.319,0.101,0.045,0.171,-0.046,-0.012,-0.003,-0.030,0.989,50.180
2610026977,2026-10-09 23:00:00,244.370,245.420,244.870,0.420,0.400,0.550,0.318,0.090,0.095,0.132,0.005,0.047,-0.019,-0.022,0.998,50.240
2610126451,2026-10-09 23:00:00,236.710,237.130,236.540,0.010,0.000,0.050,0.014,0.001,0.000,0.012,0.000,0.000,0.000,0.000,0.966,50.180
2610159557,2026-10-09 23:00:00,234.220,233.390,233.610,0.020,0.010,0.010,0.006,0.003,0.000,0.001,-0.004,-0.002,0.000,-0.001,0.762,50.170
2610159558,2026-10-09 23:00:00,233.360,233.670,234.150,0.000,0.000,0.010,0.002,0.000,0.000,0.001,0.000,0.000,0.000,0.000,0.836,50.170
2610170785,2026-10-09 23:00:00,234.010,233.200,233.590,0.000,0.000,0.000,0.000,0.000,0.000,0.000,0.000,0.000,0.000,0.000,0.951,50.170
2610170786,2026-10-09 23:00:00,232.730,232.900,233.330,1.100,1.220,1.270,0.644,0.203,0.205,0.235,0.164,0.049,0.054,0.058,0.978,50.190
2610170837,2026-10-09 23:00:00,236.300,234.750,234.890,0.000,0.000,0.010,0.002,0.000,0.000,0.001,0.000,0.000,0.000,0.000,1.000,50.170
2610170838,2026-10-09 23:00:00,234.070,233.030,233.470,0.020,0.060,0.090,0.040,0.004,0.014,0.021,-0.001,0.000,0.000,-0.001,1.000,50.220
2610170839,2026-10-09 23:00:00,233.140,233.450,234.030,0.000,0.020,0.010,0.009,0.001,0.004,0.003,0.000,0.000,0.000,0.000,1.000,50.170
2610170840,2026-10-09 23:00:00,236.550,236.140,237.480,0.000,0.000,0.000,0.000,0.000,0.000,0.000,0.000,0.000,0.000,0.000,0.505,50.160
2610322967,2026-10-09 23:00:00,234.610,233.610,233.770,0.000,0.000,0.000,0.000,0.000,0.000,0.000,0.000,0.000,0.000,0.000,0.930,50.170
2610322969,2026-10-09 23:00:00,231.850,231.280,231.300,0.230,0.120,0.170,0.092,0.040,0.012,0.038,0.066,0.032,0.024,0.009,0.809,50.170
2610322992,2026-10-09 23:00:00,234.770,235.230,236.180,0.090,0.310,0.290,0.163,0.024,0.073,0.068,0.003,0.000,-0.002,0.005,0.998,50.170
2610322995,2026-10-09 23:00:00,233.380,233.660,234.130,0.000,0.000,0.000,0.000,0.000,0.000,0.000,0.000,0.000,0.000,0.000,1.000,50.170
2610322997,2026-10-09 23:00:00,234.010,234.520,233.730,1.040,1.150,0.860,0.652,0.242,0.236,0.172,0.308,0.057,0.151,0.102,0.902,50.170
2610323001,2026-10-09 23:00:00,234.040,232.790,232.740,1.920,1.860,1.880,1.203,0.413,0.393,0.396,0.512,0.175,0.168,0.169,0.919,50.160
2610323004,2026-10-09 23:00:00,65.190,64.630,65.080,0.100,0.090,0.110,0.018,0.006,0.005,0.006,-0.006,-0.001,-0.002,-0.002,0.955,50.160
2610323005,2026-10-09 23:00:00,231.280,231.950,231.300,0.000,0.000,0.000,0.001,0.000,0.001,0.000,0.000,0.000,0.000,0.000,0.964,50.170
2610323010,2026-10-09 23:00:00,237.670,236.650,236.540,0.050,0.010,0.000,0.012,0.009,0.003,0.000,-0.007,-0.006,-0.001,0.000,0.857,50.170
2610323016,2026-10-09 23:00:00,232.710,231.610,231.590,2.790,2.620,2.610,1.654,0.577,0.539,0.537,0.783,0.258,0.261,0.262,0.903,50.170
2610323019,2026-10-09 23:00:00,231.180,231.970,231.400,0.020,0.020,0.030,0.015,0.004,0.005,0.005,-0.005,-0.001,-0.001,-0.002,0.919,50.170
2610323027,2026-10-09 23:00:00,233.960,233.040,233.410,0.000,0.000,0.000,0.000,0.000,0.000,0.000,0.000,0.000,0.000,0.000,1.000,50.180
2410121326,2026-10-09 23:01:00,236.910,236.260,236.430,0.020,0.020,0.060,0.023,0.004,0.005,0.013,0.003,-0.001,-0.002,0.006,1.000,50.140
2410131383,2026-10-09 23:01:00,238.070,236.940,236.850,0.050,0.030,0.050,0.032,0.012,0.007,0.011,-0.003,0.000,0.000,-0.001,1.000,50.140
2510814977,2026-10-09 23:01:00,234.880,236.370,234.920,0.010,0.010,0.010,0.005,0.002,0.001,0.001,-0.001,0.001,-0.001,-0.001,0.982,50.140
2610126270,2026-10-09 23:01:00,231.510,232.020,231.590,0.010,0.030,0.010,0.012,0.003,0.007,0.001,-0.003,0.000,-0.001,-0.001,0.942,50.160
2610323014,2026-10-09 23:01:00,236.350,236.420,236.980,0.010,0.000,0.000,0.000,0.000,0.000,0.000,-0.001,-0.001,0.000,0.000,0.310,50.140
2510203118,2026-10-09 23:02:00,121.960,122.060,122.230,0.100,0.100,0.080,0.033,0.012,0.011,0.009,0.004,0.000,0.003,0.000,0.985,50.130
2510633381,2026-10-09 23:03:00,233.720,232.750,233.100,0.050,0.060,0.010,0.026,0.009,0.014,0.002,-0.012,-0.005,-0.005,-0.001,0.897,50.130
2610323017,2026-10-09 23:04:00,233.030,233.530,232.850,0.000,0.000,0.000,0.000,0.000,0.000,0.000,0.000,0.000,0.000,0.000,1.000,50.080
2246006313,2026-10-09 23:30:00,58.300,58.300,58.200,0.998,0.978,0.970,0.165,0.055,0.055,0.054,0.028,0.009,0.009,0.009,0.984,50.210
2410121326,2026-10-09 23:30:00,236.300,235.690,235.980,0.020,0.020,0.040,0.018,0.004,0.004,0.008,-0.001,-0.001,-0.002,0.002,1.000,50.190
2410121353,2026-10-09 23:30:00,236.590,235.970,236.130,0.000,0.010,0.050,0.014,0.000,0.002,0.011,-0.001,0.000,0.000,0.000,1.000,50.220
2410121371,2026-10-09 23:30:00,236.720,235.960,236.150,0.030,0.010,0.030,0.016,0.007,0.000,0.007,-0.002,0.000,-0.001,0.000,1.000,50.230
2410121424,2026-10-09 23:30:00,236.780,236.120,236.270,0.010,0.010,0.010,0.004,0.000,0.001,0.002,-0.003,-0.001,-0.001,0.000,0.772,50.220
2410121440,2026-10-09 23:30:00,236.450,235.820,236.050,0.010,0.010,0.010,0.005,0.002,0.000,0.001,-0.003,-0.001,-0.001,0.000,0.900,50.220
2410121454,2026-10-09 23:30:00,236.250,236.800,236.080,0.070,0.170,0.130,0.085,0.016,0.039,0.030,0.016,0.006,0.006,0.004,0.977,50.230
2410121457,2026-10-09 23:30:00,234.730,234.010,234.390,1.700,1.700,1.630,1.096,0.371,0.365,0.357,0.362,0.129,0.129,0.104,0.950,50.200
2410121574,2026-10-09 23:30:00,236.880,235.990,236.210,0.110,0.120,0.080,0.050,0.021,0.017,0.011,-0.046,-0.013,-0.018,-0.015,0.763,50.220
2410131378,2026-10-09 23:30:00,235.950,236.310,235.780,0.410,0.520,0.470,0.286,0.084,0.102,0.099,0.092,0.028,0.030,0.033,0.943,50.240
2410131383,2026-10-09 23:30:00,237.220,236.120,235.870,0.080,0.060,0.090,0.054,0.019,0.014,0.019,-0.004,0.000,-0.002,-0.002,0.989,50.170
2410131384,2026-10-09 23:30:00,233.240,233.580,233.030,0.940,1.170,1.020,0.705,0.202,0.241,0.212,0.094,0.026,0.039,0.029,0.989,50.210
2410131387,2026-10-09 23:30:00,236.140,237.480,236.610,0.030,0.030,0.020,0.015,0.005,0.005,0.004,-0.009,-0.002,-0.003,-0.003,0.851,50.250
2410320615,2026-10-09 23:30:00,235.100,236.160,235.800,1.310,1.410,1.450,0.844,0.264,0.277,0.302,0.161,0.037,0.062,0.060,0.985,50.200
2410883988,2026-10-09 23:30:00,232.570,233.000,232.510,0.280,0.270,0.350,0.202,0.062,0.059,0.079,0.051,0.016,0.017,0.016,0.966,50.230
2410883990,2026-10-09 23:30:00,232.670,231.980,232.170,0.020,0.000,0.040,0.012,0.002,0.000,0.009,0.000,0.002,0.000,-0.002,1.000,50.180
2410883991,2026-10-09 23:30:00,233.220,233.450,234.070,0.100,0.060,0.200,0.084,0.022,0.014,0.047,-0.002,-0.002,0.000,0.000,1.000,50.200
2410883993,2026-10-09 23:30:00,233.660,232.910,233.210,0.810,0.640,0.820,0.517,0.185,0.146,0.185,-0.084,-0.026,-0.031,-0.027,0.987,50.180
2410883994,2026-10-09 23:30:00,234.020,233.180,233.550,0.010,0.040,0.010,0.013,0.001,0.009,0.002,0.000,0.000,0.000,0.000,1.000,50.210
2410932742,2026-10-09 23:30:00,229.870,228.400,228.260,3.230,3.200,3.310,2.060,0.691,0.673,0.695,0.631,0.206,0.205,0.219,0.956,50.210
2411087432,2026-10-09 23:30:00,236.200,236.740,236.070,0.020,0.030,0.070,0.025,0.004,0.005,0.015,-0.005,0.000,-0.002,-0.003,0.971,50.240
2411087433,2026-10-09 23:30:00,233.360,233.640,234.160,0.280,0.270,0.300,0.198,0.066,0.063,0.068,0.033,0.008,0.011,0.013,0.985,50.180
2411290205,2026-10-09 23:30:00,236.010,235.550,236.910,0.190,0.180,0.120,0.113,0.045,0.040,0.027,0.012,0.003,0.008,0.000,0.990,50.210
2510014481,2026-10-09 23:30:00,229.510,229.500,230.790,1.800,1.780,1.790,1.499,0.497,0.489,0.512,0.464,0.160,0.157,0.134,0.943,50.190
2510014482,2026-10-09 23:30:00,236.370,236.700,236.090,0.010,0.040,0.000,0.011,0.002,0.008,0.000,-0.001,-0.002,0.000,0.000,1.000,50.230
2510014483,2026-10-09 23:30:00,233.090,233.300,233.790,0.040,0.040,0.050,0.024,0.008,0.006,0.009,-0.020,-0.006,-0.005,-0.008,0.774,50.170
2510014484,2026-10-09 23:30:00,234.590,234.220,235.640,1.740,2.020,1.750,1.113,0.357,0.412,0.326,0.398,0.139,0.119,0.139,0.943,50.220
2510178139,2026-10-09 23:30:00,236.520,236.940,236.230,0.070,0.040,0.080,0.045,0.016,0.009,0.019,0.000,0.001,0.000,-0.002,0.999,50.240
2510178141,2026-10-09 23:30:00,236.140,236.260,236.650,0.020,0.010,0.010,0.005,0.002,0.000,0.002,-0.008,-0.004,-0.001,-0.002,0.511,50.220
2510203103,2026-10-09 23:30:00,226.890,225.440,225.500,0.090,0.130,0.080,0.062,0.019,0.027,0.016,-0.019,-0.005,-0.007,-0.006,0.954,50.200
2510203104,2026-10-09 23:30:00,227.280,227.470,227.870,0.350,0.340,0.350,0.235,0.084,0.076,0.073,0.042,0.004,0.012,0.025,0.981,50.210
2510203105,2026-10-09 23:30:00,232.610,231.010,231.260,0.050,0.100,0.020,0.038,0.011,0.023,0.003,0.008,0.003,0.005,0.000,0.964,50.240
2510203106,2026-10-09 23:30:00,235.960,235.560,236.960,0.030,0.010,0.000,0.009,0.005,0.003,0.000,-0.004,-0.003,0.000,0.000,0.930,50.210
2510203107,2026-10-09 23:30:00,223.990,223.540,224.940,0.490,0.550,0.500,0.321,0.100,0.115,0.104,0.127,0.043,0.041,0.043,0.930,50.190
2510203108,2026-10-09 23:30:00,236.160,236.350,235.880,0.690,1.010,0.900,0.588,0.160,0.229,0.198,0.063,0.015,0.030,0.016,0.994,50.190
2510203109,2026-10-09 23:30:00,233.600,234.040,233.190,0.020,0.040,0.080,0.032,0.004,0.009,0.017,0.004,0.002,0.001,0.001,0.978,50.250
2510203111,2026-10-09 23:30:00,235.580,235.860,236.290,1.250,1.070,1.370,0.805,0.278,0.226,0.300,0.256,0.100,0.078,0.078,0.951,50.210
2510203113,2026-10-09 23:30:00,236.920,235.930,235.770,0.270,0.310,0.340,0.215,0.064,0.072,0.077,-0.004,0.001,0.001,-0.006,1.000,50.230
2510203114,2026-10-09 23:30:00,227.420,227.830,228.160,0.360,0.200,0.240,0.169,0.073,0.044,0.052,0.024,0.005,0.004,0.013,0.992,50.260
2510203117,2026-10-09 23:30:00,232.770,232.190,232.150,0.220,0.240,0.160,0.138,0.049,0.051,0.037,-0.041,-0.013,-0.017,-0.010,0.956,50.200
2510203118,2026-10-09 23:30:00,122.040,122.140,122.390,0.100,0.100,0.080,0.037,0.013,0.012,0.010,0.003,0.000,0.002,0.000,0.991,50.190
2510203121,2026-10-09 23:30:00,232.210,232.310,232.780,0.120,0.050,0.140,0.067,0.026,0.007,0.033,-0.025,-0.005,-0.007,-0.011,0.933,50.210
2510203122,2026-10-09 23:30:00,236.290,236.860,236.160,0.060,0.020,0.010,0.019,0.011,0.007,0.000,0.004,0.006,-0.001,-0.001,0.972,50.220
2510203123,2026-10-09 23:30:00,235.550,235.790,236.200,0.720,0.670,0.810,0.208,0.046,0.063,0.079,0.218,0.066,0.071,0.080,0.779,50.210
2510203125,2026-10-09 23:30:00,235.840,237.200,236.360,0.030,0.030,0.080,0.025,0.003,0.003,0.017,-0.017,-0.006,-0.006,-0.004,0.837,50.190
2510203126,2026-10-09 23:30:00,232.190,232.200,232.730,0.350,0.280,0.270,0.201,0.079,0.062,0.059,0.050,0.016,0.016,0.017,0.967,50.220
2510203127,2026-10-09 23:30:00,236.110,236.550,236.000,0.040,0.010,0.030,0.016,0.009,0.001,0.005,-0.006,0.000,0.000,-0.005,0.916,50.210
2510203128,2026-10-09 23:30:00,232.820,232.940,231.510,2.210,2.100,2.280,1.494,0.505,0.473,0.514,0.158,0.032,0.053,0.072,0.994,50.190
2510203130,2026-10-09 23:30:00,243.530,243.500,244.960,0.000,0.000,0.010,0.004,0.000,0.001,0.002,-0.001,0.000,0.000,0.000,0.925,50.260
2510203133,2026-10-09 23:30:00,236.530,236.970,236.420,0.020,0.020,0.000,0.009,0.004,0.004,0.000,-0.002,0.000,-0.002,0.000,0.971,50.210
2510203134,2026-10-09 23:30:00,234.330,233.400,233.730,0.020,0.010,0.010,0.007,0.004,0.002,0.001,-0.001,0.000,-0.001,0.000,0.970,50.210
2510224049,2026-10-09 23:30:00,231.800,232.430,231.790,15.680,12.200,7.630,6.770,2.730,2.480,1.550,-2.080,-0.660,-0.860,-0.550,0.955,50.180
2510224167,2026-10-09 23:30:00,231.990,231.990,232.580,5.810,4.500,4.800,2.680,1.180,0.730,0.770,-1.940,-0.560,-0.670,-0.700,0.810,50.220
2510317505,2026-10-09 23:30:00,232.110,232.270,232.690,11.700,3.680,5.290,3.730,2.340,0.590,0.800,-1.790,-0.520,-0.560,-0.700,0.901,50.210
2510317516,2026-10-09 23:30:00,232.130,232.140,232.730,0.000,0.000,0.000,0.000,0.000,0.000,0.000,0.000,0.000,0.000,0.000,1.000,50.230
2510317537,2026-10-09 23:30:00,233.060,233.150,233.690,2.750,2.930,2.820,1.920,0.590,0.650,0.630,-0.150,-0.030,-0.060,-0.050,0.995,50.220
2510389559,2026-10-09 23:30:00,236.560,236.060,237.560,0.000,0.000,0.000,0.000,0.000,0.000,0.000,0.000,0.000,0.000,0.000,1.000,50.230
2510389643,2026-10-09 23:30:00,236.360,235.820,237.290,5.380,15.940,15.150,8.280,1.160,3.620,3.480,-1.300,-0.180,-0.610,-0.500,0.987,50.220
2510389931,2026-10-09 23:30:00,235.730,235.050,236.730,0.000,0.000,0.000,0.000,0.000,0.000,0.000,0.000,0.000,0.000,0.000,1.000,50.180
2510633381,2026-10-09 23:30:00,233.920,233.120,233.400,0.050,0.070,0.010,0.027,0.010,0.014,0.002,-0.013,-0.005,-0.005,-0.002,0.897,50.230
2510633382,2026-10-09 23:30:00,235.580,237.040,236.020,0.110,0.120,0.160,0.073,0.019,0.022,0.031,-0.060,-0.019,-0.020,-0.020,0.762,50.210
2510633383,2026-10-09 23:30:00,235.910,236.000,236.370,0.110,0.080,0.090,0.019,0.007,0.002,0.009,-0.062,-0.024,-0.019,-0.018,0.291,50.230
2510633385,2026-10-09 23:30:00,236.490,236.030,237.470,0.120,0.360,0.360,0.194,0.028,0.082,0.083,-0.031,-0.002,-0.015,-0.013,0.985,50.220
2510633386,2026-10-09 23:30:00,219.730,219.960,220.480,0.290,0.300,0.280,0.122,0.045,0.040,0.041,-0.142,-0.046,-0.050,-0.045,0.626,50.220
2510633387,2026-10-09 23:30:00,236.030,236.510,235.880,0.010,0.000,0.000,0.002,0.002,0.000,0.000,0.000,0.000,0.000,0.000,0.815,50.210
2510633390,2026-10-09 23:30:00,233.290,233.950,233.100,0.030,0.020,0.010,0.012,0.005,0.003,0.002,-0.004,-0.003,0.000,0.000,0.945,50.200
2510633391,2026-10-09 23:30:00,124.000,123.700,123.780,0.000,0.000,0.000,0.000,0.000,0.000,0.000,0.000,0.000,0.000,0.000,1.000,50.170
2510633393,2026-10-09 23:30:00,234.520,235.860,234.910,1.360,1.380,1.360,0.920,0.303,0.315,0.301,0.197,0.064,0.060,0.072,0.977,50.220
2510633395,2026-10-09 23:30:00,236.440,236.780,236.260,0.000,0.000,0.000,0.000,0.000,0.000,0.000,0.000,0.000,0.000,0.000,1.000,50.250
2510633396,2026-10-09 23:30:00,236.260,235.770,236.260,0.370,0.410,0.360,0.245,0.078,0.089,0.077,0.108,0.036,0.036,0.035,0.912,50.240
2510633397,2026-10-09 23:30:00,240.030,239.090,239.470,0.030,0.030,0.040,0.023,0.007,0.007,0.008,-0.005,-0.001,-0.002,-0.001,0.971,50.190
2510633399,2026-10-09 23:30:00,231.900,231.810,232.440,0.280,0.360,0.370,0.234,0.065,0.084,0.085,0.001,0.001,0.000,0.000,0.997,50.210
2510633402,2026-10-09 23:30:00,230.340,230.250,231.640,0.560,0.600,0.660,0.361,0.109,0.148,0.163,0.160,0.051,0.052,0.055,0.943,50.200
2510633406,2026-10-09 23:30:00,231.960,231.920,232.540,0.100,0.080,0.080,0.045,0.019,0.012,0.012,-0.033,-0.009,-0.011,-0.011,0.810,50.190
2510633411,2026-10-09 23:30:00,229.840,229.120,228.910,1.920,1.870,1.930,1.207,0.406,0.391,0.397,0.460,0.146,0.147,0.166,0.934,50.180
2510814977,2026-10-09 23:30:00,230.770,232.080,230.800,0.010,0.010,0.010,0.005,0.002,0.001,0.001,-0.002,0.000,-0.001,-0.001,0.969,50.180
2610026950,2026-10-09 23:30:00,232.610,231.920,231.960,0.010,0.000,0.010,0.007,0.002,0.000,0.003,-0.001,0.000,0.000,0.000,0.997,50.190
2610026953,2026-10-09 23:30:00,235.910,235.350,236.830,0.500,0.560,0.540,0.324,0.100,0.114,0.109,0.142,0.050,0.046,0.045,0.922,50.200
2610026963,2026-10-09 23:30:00,236.350,236.260,236.800,0.180,0.150,0.100,0.089,0.036,0.032,0.019,-0.046,-0.020,-0.011,-0.013,0.882,50.240
2610026966,2026-10-09 23:30:00,233.630,234.080,233.550,0.050,0.040,0.050,0.029,0.010,0.009,0.009,0.015,0.004,0.004,0.007,0.885,50.250
2610026976,2026-10-09 23:30:00,236.010,236.140,236.640,0.430,0.250,0.710,0.322,0.099,0.058,0.164,-0.041,-0.012,0.000,-0.029,0.992,50.240
2610026977,2026-10-09 23:30:00,243.820,244.860,244.240,0.550,0.500,0.640,0.390,0.114,0.120,0.154,0.078,0.070,0.005,0.003,0.980,50.170
2610126270,2026-10-09 23:30:00,232.090,232.470,232.010,0.010,0.020,0.010,0.007,0.002,0.003,0.001,-0.003,0.000,-0.001,-0.001,0.884,50.180
2610126451,2026-10-09 23:30:00,236.620,236.890,236.310,0.010,0.000,0.050,0.014,0.001,0.000,0.012,0.000,0.000,0.000,0.000,1.000,50.210
2610159557,2026-10-09 23:30:00,233.880,233.000,233.340,0.020,0.010,0.010,0.006,0.003,0.001,0.001,-0.004,-0.002,0.000,-0.001,0.771,50.180
2610159558,2026-10-09 23:30:00,233.170,233.550,234.060,0.000,0.000,0.000,0.001,0.000,0.000,0.000,0.000,0.000,0.000,0.000,0.907,50.200
2610170785,2026-10-09 23:30:00,233.790,232.910,233.340,0.000,0.000,0.000,0.000,0.000,0.000,0.000,0.000,0.000,0.000,0.000,0.943,50.170
2610170786,2026-10-09 23:30:00,232.760,233.000,233.380,1.190,1.200,1.270,0.774,0.251,0.262,0.270,0.145,0.042,0.050,0.052,0.983,50.210
2610170837,2026-10-09 23:30:00,232.110,230.720,230.650,0.000,0.000,0.010,0.002,0.000,0.000,0.001,0.000,0.000,0.000,0.000,1.000,50.180
2610170838,2026-10-09 23:30:00,233.970,232.970,233.420,0.020,0.050,0.090,0.035,0.004,0.010,0.020,0.000,0.000,0.001,-0.001,0.997,50.230
2610170839,2026-10-09 23:30:00,232.870,233.180,233.740,0.000,0.020,0.010,0.008,0.000,0.005,0.002,0.000,0.000,0.000,0.000,0.983,50.180
2610170840,2026-10-09 23:30:00,235.830,235.130,236.830,0.000,0.000,0.000,0.000,0.000,0.000,0.000,0.000,0.000,0.000,0.000,0.504,50.170
2610322967,2026-10-09 23:30:00,234.270,233.300,233.370,0.000,0.000,0.000,0.000,0.000,0.000,0.000,0.000,0.000,0.000,0.000,0.908,50.170
2610322969,2026-10-09 23:30:00,232.560,231.880,231.910,0.070,0.030,0.040,0.033,0.016,0.007,0.009,-0.004,-0.001,-0.001,-0.001,1.000,50.180
2610322992,2026-10-09 23:30:00,230.900,231.220,232.150,0.100,0.380,0.200,0.156,0.022,0.088,0.046,0.014,0.005,0.003,0.005,0.992,50.190
2610322995,2026-10-09 23:30:00,233.130,233.380,233.850,0.000,0.000,0.000,0.000,0.000,0.000,0.000,0.000,0.000,0.000,0.000,1.000,50.160
2610322997,2026-10-09 23:30:00,230.110,230.500,229.690,1.130,1.270,0.940,0.674,0.242,0.247,0.189,0.271,0.042,0.130,0.097,0.935,50.170
2610323001,2026-10-09 23:30:00,230.000,228.840,228.590,1.960,1.860,2.100,1.162,0.384,0.362,0.415,0.472,0.159,0.153,0.158,0.934,50.170
2610323004,2026-10-09 23:30:00,64.020,63.480,63.900,0.100,0.090,0.120,0.017,0.006,0.005,0.006,-0.007,-0.001,-0.002,-0.003,0.926,50.180
2610323010,2026-10-09 23:30:00,236.830,235.760,235.550,0.040,0.010,0.000,0.011,0.008,0.003,0.000,-0.007,-0.006,-0.001,0.000,0.807,50.170
2610323014,2026-10-09 23:30:00,235.910,236.030,236.490,0.010,0.000,0.000,0.000,0.000,0.000,0.000,-0.001,-0.001,0.000,0.000,0.332,50.180
2610323016,2026-10-09 23:30:00,229.510,228.470,228.330,2.130,1.990,2.010,1.230,0.434,0.396,0.402,0.610,0.202,0.203,0.204,0.896,50.200
2610323017,2026-10-09 23:30:00,233.350,233.940,233.200,0.000,0.000,0.000,0.000,0.000,0.000,0.000,0.000,0.000,0.000,0.000,1.000,50.210
2610323019,2026-10-09 23:30:00,232.110,232.840,232.170,0.020,0.060,0.030,0.024,0.004,0.013,0.006,-0.007,-0.001,-0.004,-0.001,0.972,50.200
2610323027,2026-10-09 23:30:00,234.060,233.090,233.530,0.000,0.000,0.000,0.000,0.000,0.000,0.000,0.000,0.000,0.000,0.000,1.000,50.220
2510203120,2026-10-09 23:31:00,233.300,232.470,232.770,0.680,0.490,0.570,0.380,0.145,0.103,0.124,0.146,0.057,0.044,0.044,0.929,50.210
2510203124,2026-10-09 23:31:00,236.340,236.480,235.880,0.200,0.200,0.220,0.134,0.043,0.043,0.047,0.054,0.017,0.018,0.018,0.923,50.250
2510633389,2026-10-09 23:31:00,237.090,236.040,235.590,0.740,0.720,0.720,0.506,0.171,0.164,0.172,0.043,0.014,0.014,0.014,0.996,50.250
2510633400,2026-10-09 23:31:00,231.220,231.780,231.090,0.550,0.620,0.590,0.385,0.121,0.135,0.129,0.156,0.047,0.055,0.051,0.921,50.240
2610026952,2026-10-09 23:31:00,235.460,234.950,234.970,1.020,0.970,1.010,0.649,0.219,0.209,0.220,0.258,0.093,0.084,0.080,0.928,50.220
2610323005,2026-10-09 23:31:00,232.150,232.740,232.150,0.000,0.000,0.000,0.001,0.000,0.001,0.000,0.000,0.000,0.000,0.000,0.978,50.240
