METER_NO,DATE_TIME,U_A,U_B,U_C,I_A,I_B,I_C,P,P_A,P_B,P_C,Q,Q_A,Q_B,Q_C,PF,F
2246006313,2026-10-04 00:00:00,57.600,57.400,57.800,0.707,0.703,0.701,0.119,0.040,0.039,0.039,0.014,0.005,0.004,0.005,0.992,50.120
2410121326,2026-10-04 00:00:00,237.850,237.120,237.420,0.080,0.090,0.080,0.055,0.017,0.020,0.016,0.019,0.007,0.003,0.009,0.938,50.130
2410121353,2026-10-04 00:00:00,236.480,235.820,236.100,0.000,0.010,0.040,0.011,0.000,0.002,0.008,-0.002,0.000,0.000,0.000,0.966,50.110
2410121371,2026-10-04 00:00:00,237.210,236.400,236.630,0.010,0.010,0.060,0.015,0.000,0.000,0.013,-0.004,0.000,-0.001,-0.001,0.947,50.100
2410121424,2026-10-04 00:00:00,236.630,236.000,236.240,0.010,0.010,0.010,0.004,0.000,0.001,0.002,-0.003,-0.001,-0.001,0.000,0.781,50.070
2410121440,2026-10-04 00:00:00,236.260,235.640,235.820,0.010,0.000,0.010,0.004,0.002,0.000,0.001,-0.003,-0.001,-0.001,0.000,0.799,50.100
2410121454,2026-10-04 00:00:00,236.230,236.730,236.030,0.080,0.170,0.150,0.092,0.017,0.040,0.035,0.015,0.006,0.004,0.004,0.982,50.080
2410121457,2026-10-04 00:00:00,235.410,234.640,235.020,2.030,2.020,1.960,1.317,0.446,0.438,0.432,0.440,0.147,0.156,0.135,0.948,50.160
2410121574,2026-10-04 00:00:00,236.600,235.730,235.940,0.210,0.170,0.150,0.117,0.048,0.035,0.032,-0.038,-0.010,-0.015,-0.012,0.952,50.090
2410131378,2026-10-04 00:00:00,236.630,237.080,236.540,0.010,0.010,0.040,0.013,0.001,0.001,0.009,-0.004,-0.001,-0.001,0.000,0.956,50.100
2410131383,2026-10-04 00:00:00,238.690,238.690,237.810,0.040,0.040,0.060,0.032,0.009,0.009,0.013,-0.003,0.000,-0.001,-0.001,0.984,50.150
2410131384,2026-10-04 00:00:00,237.280,238.060,237.220,0.040,0.110,0.090,0.056,0.009,0.025,0.021,0.000,0.000,-0.002,0.003,0.993,50.140
2410883988,2026-10-04 00:00:00,230.020,228.870,230.370,0.020,0.000,0.090,0.025,0.004,0.000,0.021,-0.002,0.000,0.000,-0.001,0.989,50.100
2410883990,2026-10-04 00:00:00,228.730,230.140,229.740,0.080,0.000,0.180,0.058,0.018,0.000,0.040,0.003,0.001,0.000,0.001,0.999,50.170
2410883991,2026-10-04 00:00:00,237.280,237.470,238.200,0.070,0.100,0.230,0.093,0.015,0.022,0.055,-0.006,-0.002,0.000,-0.003,1.000,50.150
2410883993,2026-10-04 00:00:00,237.360,236.590,236.650,0.950,0.700,1.000,0.611,0.218,0.160,0.232,-0.085,-0.027,-0.032,-0.025,0.990,50.130
2410883994,2026-10-04 00:00:00,237.930,236.960,237.310,0.020,0.050,0.030,0.022,0.004,0.011,0.006,-0.004,-0.001,-0.001,-0.001,1.000,50.090
2410932742,2026-10-04 00:00:00,233.980,232.050,232.320,2.560,2.460,2.510,1.574,0.543,0.505,0.527,0.528,0.178,0.185,0.164,0.948,50.130
2411087432,2026-10-04 00:00:00,237.510,237.990,237.290,0.040,0.030,0.090,0.037,0.009,0.008,0.020,0.000,0.004,0.000,-0.003,0.993,50.120
2411087433,2026-10-04 00:00:00,236.920,237.110,237.780,0.580,0.600,0.660,0.440,0.144,0.145,0.150,-0.052,-0.016,-0.021,-0.014,0.993,50.170
2411290205,2026-10-04 00:00:00,238.280,237.330,238.070,0.150,0.130,0.140,0.099,0.036,0.030,0.032,0.009,0.003,0.002,0.002,0.997,50.160
2510014482,2026-10-04 00:00:00,238.140,238.450,237.810,0.010,0.040,0.000,0.011,0.002,0.008,0.000,-0.001,-0.002,0.000,0.000,1.000,50.140
2510014483,2026-10-04 00:00:00,236.560,236.760,237.540,0.050,0.040,0.060,0.025,0.009,0.006,0.010,-0.022,-0.006,-0.006,-0.009,0.748,50.120
2510014484,2026-10-04 00:00:00,238.470,237.540,238.420,0.100,0.070,0.090,0.061,0.024,0.016,0.021,-0.004,0.000,0.000,-0.003,0.990,50.150
2510178139,2026-10-04 00:00:00,237.560,238.050,237.290,0.190,0.170,0.180,0.116,0.040,0.036,0.040,0.052,0.019,0.018,0.014,0.911,50.120
2510178141,2026-10-04 00:00:00,237.880,238.050,238.440,0.020,0.010,0.020,0.007,0.002,0.000,0.004,-0.009,-0.004,-0.001,-0.003,0.601,50.150
2510203103,2026-10-04 00:00:00,229.880,228.040,228.080,0.110,0.130,0.120,0.070,0.021,0.025,0.024,-0.026,-0.009,-0.009,-0.007,0.941,50.140
2510203104,2026-10-04 00:00:00,230.970,231.010,231.640,0.350,0.290,0.370,0.234,0.083,0.066,0.084,0.048,0.003,0.018,0.026,0.977,50.110
2510203105,2026-10-04 00:00:00,235.350,233.530,233.770,0.050,0.080,0.070,0.035,0.008,0.016,0.010,0.032,0.008,0.010,0.013,0.741,50.130
2510203106,2026-10-04 00:00:00,238.020,236.970,237.770,0.030,0.030,0.010,0.015,0.006,0.006,0.002,-0.005,-0.003,-0.001,0.000,0.949,50.120
2510203108,2026-10-04 00:00:00,237.370,237.790,237.050,0.780,0.730,1.180,0.623,0.177,0.169,0.279,0.067,0.027,0.023,0.016,0.993,50.130
2510203109,2026-10-04 00:00:00,236.710,237.350,236.430,0.030,0.070,0.080,0.040,0.005,0.017,0.018,0.006,0.004,0.000,0.001,0.997,50.130
2510203111,2026-10-04 00:00:00,237.630,237.920,238.420,0.010,0.020,0.000,0.006,0.002,0.004,0.000,-0.002,-0.001,0.000,0.000,0.973,50.140
2510203113,2026-10-04 00:00:00,237.990,238.140,237.360,0.240,0.340,0.410,0.237,0.056,0.079,0.102,-0.044,-0.012,-0.018,-0.014,0.981,50.110
2510203117,2026-10-04 00:00:00,228.780,230.240,229.770,0.260,0.220,0.200,0.143,0.057,0.047,0.037,-0.037,-0.010,-0.017,-0.009,0.973,50.120
2510203120,2026-10-04 00:00:00,237.010,236.130,236.350,1.050,0.840,0.890,0.608,0.231,0.182,0.195,0.216,0.082,0.068,0.065,0.942,50.130
2510203121,2026-10-04 00:00:00,230.100,229.680,228.660,0.120,0.050,0.150,0.068,0.026,0.008,0.032,-0.024,-0.006,-0.007,-0.011,0.942,50.130
2510203122,2026-10-04 00:00:00,236.970,237.430,236.790,0.030,0.010,0.010,0.007,0.004,0.002,0.000,0.002,0.005,-0.002,-0.001,0.934,50.100
2510203123,2026-10-04 00:00:00,237.670,237.900,238.410,0.010,0.010,0.000,0.005,0.002,0.002,0.000,-0.003,-0.001,-0.001,0.000,0.804,50.120
2510203124,2026-10-04 00:00:00,237.620,237.740,237.050,0.010,0.010,0.030,0.011,0.001,0.001,0.007,-0.001,0.000,0.000,0.000,0.967,50.170
2510203126,2026-10-04 00:00:00,230.280,229.810,228.870,0.090,0.020,0.000,0.025,0.021,0.004,0.000,-0.002,-0.002,0.000,0.000,0.981,50.170
2510203127,2026-10-04 00:00:00,237.160,237.620,237.020,0.240,0.310,0.220,0.155,0.048,0.063,0.044,0.094,0.032,0.035,0.027,0.855,50.170
2510203128,2026-10-04 00:00:00,236.100,236.450,234.820,2.330,2.280,2.390,1.600,0.536,0.521,0.543,0.220,0.047,0.073,0.100,0.990,50.130
2510203133,2026-10-04 00:00:00,237.410,237.860,237.230,0.030,0.020,0.000,0.011,0.006,0.004,0.000,-0.002,0.000,-0.002,0.000,0.946,50.100
2510203134,2026-10-04 00:00:00,238.520,237.500,237.610,0.020,0.010,0.010,0.007,0.004,0.001,0.001,-0.001,0.000,-0.001,0.000,0.974,50.130
2510224049,2026-10-04 00:00:00,229.500,228.470,230.050,16.190,14.610,7.690,7.450,2.790,3.110,1.550,-1.770,-0.710,-0.510,-0.550,0.972,50.170
2510224167,2026-10-04 00:00:00,230.060,229.590,228.650,6.010,4.500,4.800,2.710,1.210,0.720,0.770,-1.920,-0.580,-0.660,-0.680,0.815,50.140
2510317505,2026-10-04 00:00:00,229.920,229.540,228.530,11.780,3.670,5.300,3.740,2.340,0.590,0.800,-1.770,-0.530,-0.550,-0.690,0.903,50.120
2510317537,2026-10-04 00:00:00,237.070,236.960,237.770,2.460,2.380,2.200,1.630,0.580,0.530,0.510,-0.270,-0.090,-0.080,-0.080,0.984,50.150
2510389559,2026-10-04 00:00:00,238.840,237.660,238.450,0.000,0.000,0.000,0.000,0.000,0.000,0.000,0.000,0.000,0.000,0.000,1.000,50.120
2510389931,2026-10-04 00:00:00,238.000,236.770,237.750,8.710,4.940,15.090,6.690,2.020,1.130,3.530,-1.230,-0.430,-0.260,-0.530,0.983,50.160
2510633385,2026-10-04 00:00:00,238.710,237.520,238.350,0.120,0.460,0.480,0.251,0.027,0.108,0.114,-0.008,-0.004,-0.008,0.004,1.000,50.150
2510633386,2026-10-04 00:00:00,221.960,222.200,222.880,0.070,0.020,0.010,0.022,0.015,0.004,0.002,0.004,0.004,0.000,0.001,0.984,50.130
2510633387,2026-10-04 00:00:00,236.080,236.590,235.940,0.010,0.020,0.160,0.040,0.002,0.002,0.036,0.000,0.000,0.003,-0.004,0.992,50.110
2510633389,2026-10-04 00:00:00,238.520,238.630,237.500,0.130,0.120,0.120,0.032,0.009,0.009,0.013,-0.083,-0.029,-0.027,-0.026,0.364,50.160
2510633390,2026-10-04 00:00:00,236.000,237.020,235.870,1.530,1.780,1.690,1.029,0.316,0.381,0.344,0.331,0.089,0.101,0.141,0.957,50.110
2510633391,2026-10-04 00:00:00,124.640,124.270,124.390,0.000,0.000,0.000,0.000,0.000,0.000,0.000,0.000,0.000,0.000,0.000,1.000,50.160
2510633393,2026-10-04 00:00:00,236.790,237.680,237.830,0.000,0.000,0.000,0.000,0.000,0.000,0.000,0.000,0.000,0.000,0.000,1.000,50.100
2510633395,2026-10-04 00:00:00,235.870,236.260,235.720,0.000,0.000,0.000,0.000,0.000,0.000,0.000,0.000,0.000,0.000,0.000,1.000,50.100
2510633399,2026-10-04 00:00:00,229.740,229.210,228.320,0.330,0.410,0.370,0.250,0.074,0.092,0.083,0.007,0.002,0.003,0.002,0.998,50.100
2510633400,2026-10-04 00:00:00,228.790,227.910,229.240,0.380,0.380,0.420,0.240,0.075,0.079,0.085,0.108,0.038,0.034,0.035,0.912,50.160
2510633402,2026-10-04 00:00:00,231.950,231.890,233.580,0.510,0.590,0.660,0.450,0.140,0.146,0.163,0.081,0.028,0.024,0.027,0.982,50.110
2510633411,2026-10-04 00:00:00,226.720,228.000,227.350,1.230,1.210,1.260,0.763,0.256,0.250,0.256,0.336,0.104,0.106,0.124,0.915,50.150
2510814977,2026-10-04 00:00:00,232.730,234.290,232.660,0.020,0.010,0.010,0.005,0.003,0.000,0.001,-0.002,0.000,-0.001,-0.001,0.938,50.170
2610026950,2026-10-04 00:00:00,228.810,230.000,229.690,0.010,0.000,0.010,0.006,0.002,0.000,0.002,0.000,0.000,0.000,0.000,1.000,50.130
2610026952,2026-10-04 00:00:00,235.600,235.040,235.100,1.250,1.210,1.260,0.770,0.256,0.252,0.262,0.394,0.138,0.127,0.128,0.889,50.140
2610026953,2026-10-04 00:00:00,237.640,236.520,237.460,0.510,0.540,0.540,0.367,0.121,0.123,0.121,0.182,0.066,0.057,0.058,0.879,50.150
2610026963,2026-10-04 00:00:00,237.670,237.740,238.330,0.170,0.100,0.110,0.082,0.037,0.021,0.023,-0.037,-0.016,-0.010,-0.010,0.913,50.120
2610026966,2026-10-04 00:00:00,233.370,233.680,232.790,0.060,0.040,0.080,0.035,0.012,0.008,0.014,0.018,0.005,0.004,0.009,0.890,50.120
2610026976,2026-10-04 00:00:00,237.430,237.370,238.030,0.270,0.670,0.750,0.385,0.063,0.143,0.177,-0.037,-0.013,-0.002,-0.021,0.995,50.120
2610026977,2026-10-04 00:00:00,244.600,244.680,243.890,0.180,0.510,0.550,0.297,0.039,0.123,0.134,0.027,0.020,0.004,0.002,0.994,50.150
2610126270,2026-10-04 00:00:00,229.520,228.380,229.940,0.030,0.030,0.020,0.018,0.006,0.007,0.004,-0.004,-0.001,0.000,-0.001,0.963,50.110
2610126451,2026-10-04 00:00:00,237.800,238.160,237.610,0.000,0.010,0.040,0.012,0.001,0.001,0.010,0.000,0.000,0.000,0.000,0.965,50.120
2610159558,2026-10-04 00:00:00,236.470,236.740,237.460,0.000,0.000,0.000,0.000,0.000,0.000,0.000,0.000,0.000,0.000,0.000,0.980,50.130
2610170785,2026-10-04 00:00:00,237.400,236.480,236.790,0.000,0.010,0.000,0.002,0.000,0.001,0.000,0.001,0.000,0.000,0.000,0.766,50.120
2610170786,2026-10-04 00:00:00,236.890,237.070,237.750,0.630,0.610,0.700,0.514,0.165,0.171,0.177,0.107,0.035,0.033,0.040,0.971,50.150
2610170836,2026-10-04 00:00:00,236.750,237.080,237.560,0.000,0.010,0.000,0.001,0.000,0.001,0.000,0.000,0.000,0.000,0.000,1.000,50.140
2610170837,2026-10-04 00:00:00,234.940,233.140,233.200,0.000,0.000,0.020,0.005,0.000,0.000,0.004,0.000,0.000,0.000,0.000,1.000,50.110
2610170838,2026-10-04 00:00:00,237.930,236.840,237.180,0.010,0.050,0.080,0.031,0.002,0.010,0.018,0.000,0.000,0.000,0.000,0.987,50.140
2610170839,2026-10-04 00:00:00,236.110,236.320,237.090,0.030,0.050,0.040,0.027,0.006,0.011,0.009,-0.002,0.000,0.000,0.000,0.983,50.150
2610170840,2026-10-04 00:00:00,237.980,236.780,237.780,0.230,0.120,0.380,0.170,0.053,0.028,0.088,-0.031,-0.011,-0.006,-0.013,0.985,50.140
2610322967,2026-10-04 00:00:00,237.490,236.420,236.410,0.000,0.000,0.030,0.006,0.000,0.000,0.006,0.000,0.000,0.000,0.000,0.951,50.120
2610322969,2026-10-04 00:00:00,228.350,229.660,229.490,0.460,0.230,0.110,0.136,0.101,0.010,0.023,0.075,0.025,0.052,-0.002,0.873,50.140
2610322982,2026-10-04 00:00:00,236.500,236.640,237.380,0.020,0.020,0.030,0.013,0.003,0.003,0.006,-0.006,-0.001,-0.002,-0.003,0.909,50.170
2610322992,2026-10-04 00:00:00,233.560,234.060,235.160,0.080,0.360,0.250,0.160,0.017,0.084,0.058,0.012,0.004,0.000,0.008,0.996,50.130
2610322995,2026-10-04 00:00:00,236.190,236.360,237.090,0.000,0.030,0.040,0.014,0.000,0.006,0.007,-0.008,0.000,-0.004,-0.003,0.830,50.130
2610322997,2026-10-04 00:00:00,233.770,235.380,233.650,0.070,0.100,0.100,0.060,0.015,0.021,0.023,0.021,0.005,0.008,0.007,0.939,50.140
2610323001,2026-10-04 00:00:00,233.180,231.360,231.390,0.980,1.080,1.130,0.686,0.209,0.233,0.244,0.241,0.078,0.084,0.079,0.942,50.170
2610323004,2026-10-04 00:00:00,64.870,64.270,64.780,0.130,0.100,0.130,0.021,0.007,0.006,0.007,0.007,0.003,0.002,0.001,0.925,50.130
2610323014,2026-10-04 00:00:00,236.870,237.020,237.500,0.000,0.000,0.000,0.000,0.000,0.000,0.000,-0.001,0.000,0.000,0.000,0.756,50.140
2610323016,2026-10-04 00:00:00,233.630,232.040,232.200,1.450,1.380,1.350,0.832,0.293,0.271,0.267,0.478,0.160,0.163,0.154,0.866,50.140
2610323017,2026-10-04 00:00:00,237.040,237.820,237.030,0.040,0.020,0.020,0.017,0.008,0.004,0.004,-0.010,-0.004,-0.003,-0.002,0.842,50.150
2610323027,2026-10-04 00:00:00,237.950,236.880,237.200,0.020,0.040,0.020,0.017,0.004,0.008,0.003,-0.010,-0.003,-0.003,-0.003,0.843,50.150
2410131387,2026-10-04 00:01:00,235.110,235.960,236.270,0.120,0.110,0.080,0.071,0.026,0.026,0.018,-0.005,-0.005,0.002,-0.002,0.999,50.140
2410320615,2026-10-04 00:01:00,236.720,237.490,238.040,1.400,1.350,1.520,0.928,0.302,0.303,0.323,0.125,0.026,0.048,0.049,0.991,50.170
2510014481,2026-10-04 00:01:00,230.240,230.280,231.600,1.780,1.740,2.030,1.168,0.389,0.375,0.402,0.610,0.207,0.196,0.206,0.879,50.120
2510203107,2026-10-04 00:01:00,222.970,221.820,222.930,1.710,1.700,1.630,1.041,0.354,0.348,0.337,0.280,0.089,0.103,0.087,0.965,50.100
2510203114,2026-10-04 00:01:00,229.820,230.090,230.580,0.260,0.160,0.170,0.134,0.047,0.036,0.037,0.021,0.004,0.002,0.013,0.985,50.110
2510203125,2026-10-04 00:01:00,234.820,235.700,235.800,0.090,0.040,0.100,0.050,0.020,0.008,0.022,0.009,0.002,0.003,0.003,0.990,50.110
2510203130,2026-10-04 00:01:00,244.460,244.430,246.280,0.000,0.010,0.020,0.006,0.000,0.002,0.004,-0.002,0.000,0.000,-0.001,0.990,50.110
2510317516,2026-10-04 00:01:00,230.090,229.570,228.550,0.000,0.000,0.000,0.000,0.000,0.000,0.000,0.000,0.000,0.000,0.000,1.000,50.110
2510633381,2026-10-04 00:01:00,236.370,235.400,235.710,0.050,0.090,0.020,0.035,0.011,0.020,0.003,-0.011,-0.004,-0.004,-0.001,0.954,50.070
2510633382,2026-10-04 00:01:00,234.960,235.970,236.050,0.130,0.160,0.170,0.094,0.024,0.033,0.036,-0.055,-0.017,-0.019,-0.018,0.866,50.060
2510633383,2026-10-04 00:01:00,235.740,235.890,236.360,0.110,0.080,0.090,0.024,0.006,0.007,0.009,-0.060,-0.024,-0.017,-0.018,0.369,50.080
2510633396,2026-10-04 00:01:00,236.510,235.850,236.420,0.010,0.060,0.010,0.019,0.002,0.014,0.002,0.000,0.000,0.000,0.000,1.000,50.080
2510633406,2026-10-04 00:01:00,229.870,229.320,228.460,0.100,0.080,0.080,0.045,0.020,0.012,0.012,-0.033,-0.009,-0.011,-0.011,0.804,50.120
2610159557,2026-10-04 00:01:00,236.440,235.540,235.710,0.020,0.010,0.010,0.006,0.003,0.001,0.001,-0.005,-0.002,0.000,-0.001,0.772,50.080
2610323005,2026-10-04 00:01:00,229.400,228.430,229.870,0.000,0.000,0.000,0.001,0.000,0.000,0.000,0.000,0.000,0.000,0.000,0.940,50.110
2610323010,2026-10-04 00:01:00,235.800,235.870,234.870,0.070,0.000,0.000,0.014,0.014,0.000,0.000,-0.006,-0.006,0.000,0.000,0.899,50.100
2610323019,2026-10-04 00:01:00,229.300,228.490,229.910,0.020,0.060,0.030,0.024,0.004,0.013,0.005,-0.008,-0.001,-0.004,-0.002,0.928,50.100
2510389643,2026-10-04 00:02:00,236.330,235.000,235.880,5.380,15.960,15.220,8.270,1.170,3.610,3.480,-1.290,-0.180,-0.610,-0.490,0.987,50.060
2510633397,2026-10-04 00:02:00,242.840,241.800,242.080,0.030,0.030,0.030,0.019,0.006,0.006,0.006,-0.006,-0.002,-0.001,-0.002,0.937,50.080
2246006313,2026-10-04 00:30:00,57.600,57.500,57.800,0.742,0.748,0.757,0.126,0.042,0.041,0.042,0.019,0.006,0.006,0.006,0.988,49.900
2410121353,2026-10-04 00:30:00,237.280,236.720,236.950,0.000,0.010,0.040,0.011,0.000,0.002,0.008,-0.001,0.000,0.000,0.000,1.000,50.090
2410121371,2026-10-04 00:30:00,237.320,236.660,236.800,0.040,0.010,0.060,0.022,0.008,0.000,0.013,-0.002,0.001,-0.001,-0.001,0.981,50.090
2410121424,2026-10-04 00:30:00,237.290,236.790,236.920,0.010,0.010,0.010,0.004,0.000,0.001,0.002,-0.003,-0.001,-0.001,0.000,0.778,50.090
2410121440,2026-10-04 00:30:00,237.040,236.550,236.640,0.010,0.010,0.010,0.004,0.002,0.000,0.001,-0.003,-0.001,-0.001,0.000,0.806,50.090
2410121454,2026-10-04 00:30:00,236.920,237.400,236.820,0.090,0.190,0.160,0.103,0.020,0.045,0.037,0.021,0.008,0.006,0.006,0.982,50.090
2410121457,2026-10-04 00:30:00,235.380,234.650,234.940,1.920,1.960,1.870,1.253,0.420,0.423,0.409,0.426,0.139,0.153,0.132,0.946,50.070
2410121574,2026-10-04 00:30:00,237.280,236.480,236.630,0.220,0.170,0.150,0.125,0.050,0.038,0.037,-0.034,-0.010,-0.013,-0.011,0.959,50.080
2410131378,2026-10-04 00:30:00,237.020,237.420,236.980,0.010,0.010,0.050,0.016,0.001,0.001,0.012,-0.004,-0.001,-0.001,0.000,0.948,50.090
2410131383,2026-10-04 00:30:00,235.660,235.580,234.650,0.050,0.030,0.050,0.031,0.011,0.006,0.012,-0.004,0.000,-0.001,-0.001,0.981,50.020
2410131384,2026-10-04 00:30:00,236.620,237.270,236.480,0.040,0.120,0.110,0.069,0.015,0.027,0.025,0.006,0.003,0.000,0.003,0.989,49.880
2410131387,2026-10-04 00:30:00,234.500,235.450,235.670,0.060,0.050,0.030,0.030,0.013,0.012,0.004,-0.009,-0.007,0.001,-0.003,0.956,50.090
2410320615,2026-10-04 00:30:00,233.660,234.570,234.850,1.170,1.190,1.420,0.896,0.289,0.287,0.320,0.113,0.026,0.041,0.047,0.992,49.890
2410883988,2026-10-04 00:30:00,230.180,229.200,230.460,0.020,0.000,0.090,0.024,0.004,0.000,0.020,-0.002,0.000,0.000,-0.001,0.993,49.910
2410883990,2026-10-04 00:30:00,229.010,230.170,229.880,0.080,0.000,0.180,0.059,0.018,0.000,0.041,0.003,0.001,0.000,0.001,1.000,49.920
2410883991,2026-10-04 00:30:00,236.330,236.640,237.320,0.070,0.100,0.190,0.084,0.016,0.022,0.045,-0.006,-0.001,-0.002,-0.001,1.000,49.950
2410883993,2026-10-04 00:30:00,236.770,235.970,236.050,0.800,0.720,0.990,0.583,0.187,0.164,0.231,-0.077,-0.027,-0.032,-0.016,0.991,49.930
2410883994,2026-10-04 00:30:00,237.150,236.370,236.760,0.020,0.050,0.030,0.021,0.004,0.011,0.005,-0.004,-0.001,-0.001,-0.001,0.979,49.940
2410932742,2026-10-04 00:30:00,232.250,230.300,230.650,2.520,2.410,2.460,1.538,0.532,0.494,0.512,0.519,0.173,0.184,0.161,0.947,49.910
2411087432,2026-10-04 00:30:00,236.440,236.920,236.290,0.040,0.030,0.090,0.035,0.009,0.004,0.021,0.000,0.004,-0.003,0.000,0.998,49.900
2411087433,2026-10-04 00:30:00,236.470,236.700,237.330,0.630,0.620,0.690,0.428,0.140,0.138,0.150,-0.035,-0.008,-0.016,-0.009,0.997,49.930
2411290205,2026-10-04 00:30:00,235.040,233.930,234.900,0.120,0.160,0.140,0.096,0.027,0.036,0.032,0.007,0.001,0.002,0.002,0.999,49.970
2510014481,2026-10-04 00:30:00,230.270,230.460,231.720,1.800,1.680,2.060,1.179,0.380,0.325,0.417,0.610,0.210,0.192,0.206,0.866,49.930
2510014482,2026-10-04 00:30:00,236.610,236.910,236.330,0.010,0.040,0.000,0.011,0.002,0.008,0.000,-0.001,-0.002,0.000,0.000,1.000,49.900
2510014483,2026-10-04 00:30:00,236.190,236.360,236.960,0.050,0.040,0.060,0.026,0.009,0.006,0.010,-0.022,-0.006,-0.006,-0.009,0.759,49.920
2510014484,2026-10-04 00:30:00,234.660,233.640,234.690,0.100,0.070,0.090,0.059,0.023,0.015,0.020,-0.005,-0.001,-0.001,-0.002,1.000,49.900
2510178139,2026-10-04 00:30:00,236.550,236.970,236.330,0.170,0.170,0.180,0.110,0.035,0.034,0.038,0.050,0.017,0.018,0.014,0.909,49.940
2510178141,2026-10-04 00:30:00,236.570,236.660,237.110,0.020,0.010,0.020,0.007,0.002,0.000,0.004,-0.009,-0.004,-0.001,-0.002,0.604,49.910
2510203103,2026-10-04 00:30:00,228.570,226.770,226.890,0.120,0.130,0.090,0.072,0.025,0.027,0.019,-0.027,-0.010,-0.009,-0.007,0.938,49.880
2510203104,2026-10-04 00:30:00,230.560,230.640,231.190,0.500,0.420,0.440,0.266,0.088,0.088,0.089,0.052,0.007,0.018,0.027,0.985,49.900
2510203105,2026-10-04 00:30:00,234.150,232.300,232.560,0.050,0.090,0.070,0.035,0.009,0.016,0.010,0.032,0.008,0.011,0.012,0.742,49.940
2510203106,2026-10-04 00:30:00,234.890,233.800,234.900,0.030,0.020,0.010,0.012,0.006,0.005,0.001,-0.005,-0.003,-0.001,0.000,0.922,49.900
2510203107,2026-10-04 00:30:00,222.640,221.440,222.680,1.510,1.500,1.430,0.910,0.311,0.304,0.295,0.276,0.089,0.101,0.086,0.956,50.030
2510203108,2026-10-04 00:30:00,236.340,236.890,236.210,0.830,0.740,0.980,0.544,0.173,0.155,0.215,0.056,0.029,0.014,0.012,0.995,49.900
2510203109,2026-10-04 00:30:00,236.360,236.940,236.100,0.040,0.080,0.080,0.045,0.006,0.018,0.019,0.009,0.005,0.001,0.002,0.983,49.940
2510203111,2026-10-04 00:30:00,236.480,236.710,237.150,0.020,0.020,0.000,0.008,0.004,0.003,0.000,-0.002,-0.001,0.000,0.000,1.000,49.890
2510203113,2026-10-04 00:30:00,234.940,234.990,234.090,0.270,0.370,0.430,0.246,0.062,0.084,0.099,-0.042,-0.011,-0.016,-0.014,0.986,49.920
2510203114,2026-10-04 00:30:00,230.200,230.490,230.930,0.260,0.150,0.160,0.122,0.055,0.033,0.033,0.026,0.007,0.005,0.013,0.979,49.930
2510203117,2026-10-04 00:30:00,229.040,230.260,229.880,0.260,0.220,0.170,0.142,0.058,0.047,0.036,-0.038,-0.010,-0.017,-0.010,0.966,49.900
2510203120,2026-10-04 00:30:00,236.440,235.630,235.820,1.050,0.800,0.840,0.577,0.222,0.171,0.183,0.228,0.085,0.072,0.070,0.930,49.890
2510203121,2026-10-04 00:30:00,230.170,229.810,228.940,0.120,0.050,0.130,0.061,0.026,0.008,0.026,-0.024,-0.006,-0.007,-0.011,0.934,49.930
2510203122,2026-10-04 00:30:00,236.560,237.020,236.390,0.030,0.010,0.010,0.007,0.004,0.002,0.000,0.002,0.005,-0.002,-0.001,0.951,49.910
2510203123,2026-10-04 00:30:00,236.680,236.860,237.330,0.060,0.010,0.000,0.017,0.014,0.002,0.000,-0.003,-0.001,-0.001,0.000,0.995,49.900
2510203124,2026-10-04 00:30:00,236.930,237.020,236.440,0.010,0.010,0.030,0.011,0.001,0.001,0.007,-0.001,0.000,0.000,0.000,1.000,49.940
2510203127,2026-10-04 00:30:00,236.470,236.870,236.380,0.240,0.350,0.220,0.160,0.047,0.068,0.044,0.107,0.032,0.047,0.027,0.830,49.960
2510203128,2026-10-04 00:30:00,235.680,235.910,234.350,2.330,2.260,2.360,1.590,0.536,0.518,0.535,0.222,0.048,0.074,0.099,0.990,49.880
2510203130,2026-10-04 00:30:00,244.740,244.760,246.590,0.000,0.010,0.020,0.006,0.000,0.002,0.004,-0.002,0.000,0.000,-0.001,0.975,49.940
2510203133,2026-10-04 00:30:00,236.650,237.060,236.520,0.020,0.020,0.000,0.009,0.004,0.004,0.000,-0.002,0.000,-0.002,0.000,0.995,50.010
2510203134,2026-10-04 00:30:00,237.550,236.560,236.690,0.020,0.010,0.010,0.007,0.004,0.002,0.001,-0.001,0.000,-0.001,0.000,0.974,49.900
2510224049,2026-10-04 00:30:00,229.620,228.790,230.110,16.160,14.480,7.680,7.470,2.790,3.110,1.550,-1.760,-0.710,-0.500,-0.550,0.973,49.920
2510224167,2026-10-04 00:30:00,229.950,229.540,228.820,5.820,4.490,4.790,2.670,1.170,0.720,0.770,-1.890,-0.550,-0.650,-0.680,0.815,49.910
2510317505,2026-10-04 00:30:00,230.090,229.800,228.960,11.770,3.660,5.290,3.740,2.350,0.590,0.800,-1.770,-0.530,-0.550,-0.690,0.903,49.910
2510317516,2026-10-04 00:30:00,230.260,229.860,229.020,0.000,0.000,0.000,0.000,0.000,0.000,0.000,0.000,0.000,0.000,0.000,1.000,49.900
2510317537,2026-10-04 00:30:00,236.150,236.000,236.830,2.450,2.280,2.400,1.600,0.540,0.510,0.540,-0.280,-0.090,-0.090,-0.100,0.987,49.900
2510389559,2026-10-04 00:30:00,235.440,234.240,235.430,0.000,0.000,0.000,0.000,0.000,0.000,0.000,0.000,0.000,0.000,0.000,1.000,49.900
2510389643,2026-10-04 00:30:00,235.530,234.260,235.450,5.420,13.910,13.290,7.290,1.180,3.100,3.000,-1.190,-0.130,-0.570,-0.480,0.986,49.920
2510389931,2026-10-04 00:30:00,234.850,233.600,234.740,5.650,3.170,12.130,4.740,1.250,0.690,2.790,-1.110,-0.390,-0.230,-0.480,0.973,49.920
2510633381,2026-10-04 00:30:00,236.980,236.110,236.370,0.050,0.090,0.010,0.033,0.010,0.020,0.002,-0.011,-0.005,-0.004,-0.001,0.937,49.950
2510633382,2026-10-04 00:30:00,234.200,235.280,235.260,0.120,0.130,0.180,0.085,0.021,0.026,0.038,-0.052,-0.018,-0.017,-0.017,0.852,50.070
2510633383,2026-10-04 00:30:00,236.340,236.360,236.840,0.110,0.080,0.090,0.025,0.006,0.007,0.010,-0.061,-0.024,-0.017,-0.019,0.386,49.940
2510633385,2026-10-04 00:30:00,235.980,234.750,235.930,0.160,0.430,0.330,0.212,0.036,0.100,0.075,-0.029,-0.007,-0.008,-0.012,0.992,50.070
2510633386,2026-10-04 00:30:00,222.320,222.540,223.160,0.030,0.020,0.010,0.012,0.006,0.004,0.002,0.003,0.002,0.000,0.001,1.000,50.080
2510633387,2026-10-04 00:30:00,236.870,237.090,236.650,0.010,0.020,0.150,0.041,0.002,0.002,0.036,0.000,0.000,0.002,-0.004,1.000,50.070
2510633389,2026-10-04 00:30:00,235.620,235.610,234.600,0.130,0.120,0.120,0.031,0.010,0.009,0.012,-0.081,-0.028,-0.027,-0.026,0.363,50.070
2510633390,2026-10-04 00:30:00,236.710,237.670,236.560,1.430,1.620,1.630,1.118,0.335,0.405,0.392,0.352,0.094,0.092,0.165,0.944,50.060
2510633391,2026-10-04 00:30:00,124.500,124.200,124.260,0.000,0.000,0.000,0.000,0.000,0.000,0.000,0.000,0.000,0.000,0.000,1.000,50.020
2510633393,2026-10-04 00:30:00,234.230,235.270,235.320,0.000,0.000,0.000,0.000,0.000,0.000,0.000,0.000,0.000,0.000,0.000,1.000,50.080
2510633395,2026-10-04 00:30:00,236.400,236.810,236.310,0.000,0.000,0.000,0.000,0.000,0.000,0.000,0.000,0.000,0.000,0.000,1.000,49.930
2510633396,2026-10-04 00:30:00,236.850,236.300,236.780,0.010,0.060,0.010,0.019,0.003,0.014,0.002,0.000,0.000,0.000,0.000,0.989,49.950
2510633397,2026-10-04 00:30:00,243.540,242.560,242.870,0.040,0.030,0.030,0.023,0.010,0.006,0.006,-0.006,-0.002,-0.001,-0.002,0.966,50.050
2510633399,2026-10-04 00:30:00,230.020,229.540,228.870,0.270,0.400,0.330,0.226,0.060,0.089,0.074,0.013,0.004,0.005,0.003,0.997,49.970
2510633400,2026-10-04 00:30:00,229.530,228.730,229.850,0.360,0.360,0.400,0.212,0.066,0.069,0.076,0.114,0.040,0.037,0.038,0.889,50.040
2510633402,2026-10-04 00:30:00,232.220,232.210,233.750,0.650,0.670,0.760,0.444,0.116,0.121,0.142,0.090,0.029,0.029,0.032,0.980,50.090
2510814977,2026-10-04 00:30:00,232.300,233.830,232.160,0.010,0.010,0.010,0.004,0.002,0.000,0.002,-0.004,-0.001,-0.001,-0.001,0.737,49.920
2610026950,2026-10-04 00:30:00,229.030,230.040,229.670,0.010,0.000,0.020,0.006,0.001,0.000,0.003,0.000,0.000,0.000,0.000,1.000,49.930
2610026952,2026-10-04 00:30:00,235.560,235.040,235.030,0.970,0.950,0.960,0.605,0.202,0.199,0.203,0.279,0.095,0.092,0.091,0.907,49.940
2610026953,2026-10-04 00:30:00,234.120,232.970,234.060,0.620,0.570,0.590,0.356,0.117,0.120,0.118,0.175,0.063,0.056,0.055,0.904,49.930
2610026963,2026-10-04 00:30:00,236.580,236.560,237.110,0.170,0.130,0.100,0.084,0.037,0.027,0.019,-0.041,-0.016,-0.012,-0.013,0.893,49.950
2610026966,2026-10-04 00:30:00,233.230,233.440,232.640,0.040,0.050,0.070,0.033,0.008,0.011,0.013,0.018,0.004,0.005,0.008,0.891,49.930
2610026976,2026-10-04 00:30:00,236.480,236.310,237.000,0.270,0.650,0.640,0.348,0.061,0.138,0.148,-0.036,-0.013,0.001,-0.024,0.993,49.940
2610026977,2026-10-04 00:30:00,244.580,244.580,243.810,0.180,0.510,0.550,0.296,0.039,0.123,0.133,0.027,0.020,0.004,0.002,0.995,50.020
2610126270,2026-10-04 00:30:00,229.810,228.870,230.190,0.020,0.030,0.020,0.016,0.005,0.007,0.004,-0.004,-0.001,0.000,-0.001,0.959,49.930
2610126451,2026-10-04 00:30:00,236.730,237.050,236.510,0.000,0.010,0.030,0.008,0.001,0.001,0.006,0.001,0.000,0.000,0.002,0.959,49.940
2610159557,2026-10-04 00:30:00,236.970,236.120,236.290,0.020,0.010,0.010,0.006,0.003,0.001,0.001,-0.005,-0.002,0.000,-0.001,0.762,49.940
2610159558,2026-10-04 00:30:00,236.120,236.340,236.970,0.000,0.000,0.000,0.000,0.000,0.000,0.000,0.000,0.000,0.000,0.000,0.976,49.940
2610170785,2026-10-04 00:30:00,236.750,235.870,236.180,0.000,0.010,0.000,0.002,0.000,0.001,0.000,0.001,0.000,0.000,0.000,0.775,49.920
2610170786,2026-10-04 00:30:00,236.100,236.280,236.890,0.480,0.470,0.610,0.419,0.130,0.131,0.148,0.094,0.031,0.028,0.034,0.981,49.910
2610170836,2026-10-04 00:30:00,236.330,236.560,237.020,0.000,0.010,0.000,0.001,0.000,0.001,0.000,0.000,0.000,0.000,0.000,0.703,49.920
2610170837,2026-10-04 00:30:00,233.980,232.150,232.400,0.000,0.000,0.010,0.001,0.000,0.000,0.001,0.000,0.000,0.000,0.000,0.865,49.920
2610170838,2026-10-04 00:30:00,236.910,235.850,236.250,0.010,0.070,0.080,0.036,0.002,0.015,0.018,0.001,0.000,0.001,0.000,0.995,49.900
2610170839,2026-10-04 00:30:00,236.130,236.330,236.960,0.010,0.030,0.020,0.012,0.001,0.006,0.004,-0.001,0.000,0.000,0.000,0.970,49.930
2610170840,2026-10-04 00:30:00,234.770,233.530,234.720,0.150,0.080,0.310,0.121,0.033,0.017,0.070,-0.028,-0.010,-0.006,-0.012,0.970,49.930
2610322967,2026-10-04 00:30:00,237.310,236.320,236.330,0.000,0.000,0.020,0.005,0.000,0.000,0.004,0.000,0.000,0.000,0.000,1.000,49.930
2610322969,2026-10-04 00:30:00,229.480,230.510,230.470,0.350,0.240,0.100,0.114,0.077,0.013,0.023,0.073,0.022,0.053,-0.002,0.840,50.060
2610322982,2026-10-04 00:30:00,236.270,236.410,237.080,0.010,0.020,0.030,0.012,0.003,0.003,0.006,-0.006,-0.001,-0.002,-0.003,0.904,49.930
2610322992,2026-10-04 00:30:00,232.260,232.860,233.870,0.080,0.350,0.260,0.157,0.017,0.080,0.059,0.012,0.004,0.000,0.007,0.995,49.930
2610322995,2026-10-04 00:30:00,236.070,236.250,236.870,0.000,0.030,0.040,0.014,0.000,0.006,0.007,-0.008,0.000,-0.004,-0.003,0.831,49.930
2610322997,2026-10-04 00:30:00,232.370,233.970,232.270,0.080,0.090,0.060,0.047,0.016,0.019,0.011,0.022,0.006,0.008,0.007,0.901,49.930
2610323001,2026-10-04 00:30:00,233.020,231.140,231.330,0.810,0.940,0.990,0.575,0.168,0.196,0.210,0.256,0.082,0.089,0.084,0.913,49.930
2610323004,2026-10-04 00:30:00,64.450,63.850,64.370,0.190,0.170,0.180,0.032,0.011,0.009,0.011,0.010,0.004,0.003,0.002,0.963,49.930
2610323005,2026-10-04 00:30:00,229.760,228.880,230.090,0.000,0.000,0.000,0.001,0.000,0.000,0.000,0.000,0.000,0.000,0.000,0.948,49.940
2610323014,2026-10-04 00:30:00,236.440,236.520,237.020,0.000,0.000,0.000,0.000,0.000,0.000,0.000,-0.001,0.000,0.000,0.000,0.768,49.920
2610323016,2026-10-04 00:30:00,232.170,230.620,230.870,1.430,1.360,1.290,0.807,0.288,0.266,0.253,0.459,0.153,0.156,0.148,0.868,49.910
2610323017,2026-10-04 00:30:00,236.220,237.080,236.300,0.040,0.020,0.020,0.017,0.008,0.004,0.004,-0.010,-0.004,-0.002,-0.002,0.849,49.910
2610323019,2026-10-04 00:30:00,229.710,229.120,230.240,0.060,0.020,0.030,0.024,0.013,0.004,0.006,-0.006,-0.003,-0.001,-0.001,0.962,49.930
2610323027,2026-10-04 00:30:00,237.170,236.200,236.490,0.020,0.040,0.020,0.017,0.004,0.008,0.003,-0.010,-0.003,-0.003,-0.003,0.857,49.910
2510203126,2026-10-04 00:31:00,231.020,230.550,229.740,0.090,0.020,0.000,0.024,0.020,0.004,0.000,-0.002,-0.001,0.000,0.000,0.998,50.120
2510633411,2026-10-04 00:31:00,226.820,227.850,227.180,1.600,1.590,1.610,0.983,0.331,0.325,0.321,0.423,0.128,0.137,0.156,0.921,50.030
2610323010,2026-10-04 00:31:00,235.420,235.330,234.370,0.060,0.000,0.000,0.012,0.012,0.000,0.000,-0.006,-0.006,0.000,0.000,0.911,50.080
2410121326,2026-10-04 00:32:00,236.550,235.930,236.120,0.080,0.090,0.100,0.059,0.018,0.020,0.020,0.026,0.008,0.004,0.014,0.913,49.850
2510633406,2026-10-04 00:32:00,230.710,230.210,229.460,0.100,0.080,0.080,0.045,0.019,0.012,0.012,-0.032,-0.009,-0.011,-0.011,0.808,50.080
2510203125,2026-10-04 00:45:00,234.190,235.260,235.110,0.090,0.040,0.090,0.050,0.020,0.008,0.021,0.009,0.002,0.003,0.003,0.985,49.940
2246006313,2026-10-04 01:00:00,57.800,57.700,58.000,0.872,0.855,0.863,0.152,0.050,0.050,0.050,0.022,0.007,0.007,0.008,0.987,50.120
2410121326,2026-10-04 01:00:00,238.030,237.410,237.620,0.080,0.090,0.090,0.055,0.017,0.020,0.017,0.020,0.006,0.003,0.010,0.942,50.100
2410121353,2026-10-04 01:00:00,238.340,237.710,237.990,0.000,0.030,0.040,0.014,0.000,0.006,0.008,-0.002,0.000,0.000,0.000,0.988,50.100
2410121371,2026-10-04 01:00:00,238.050,237.390,237.590,0.040,0.010,0.030,0.016,0.008,0.000,0.007,-0.001,0.000,-0.001,0.000,0.996,50.110
2410121424,2026-10-04 01:00:00,238.330,237.730,237.980,0.010,0.010,0.010,0.004,0.000,0.001,0.002,-0.003,-0.001,-0.001,0.000,0.788,50.120
2410121440,2026-10-04 01:00:00,237.970,237.340,237.560,0.010,0.000,0.010,0.004,0.002,0.000,0.001,-0.003,-0.002,-0.001,0.000,0.813,50.120
2410121454,2026-10-04 01:00:00,237.960,238.420,237.660,0.080,0.190,0.150,0.097,0.018,0.044,0.034,0.016,0.006,0.005,0.004,0.981,50.120
2410121457,2026-10-04 01:00:00,235.880,235.030,235.610,1.840,1.950,1.760,1.210,0.401,0.422,0.386,0.420,0.144,0.155,0.120,0.944,50.090
2410131378,2026-10-04 01:00:00,237.720,238.100,237.600,0.010,0.010,0.040,0.013,0.001,0.001,0.009,-0.004,-0.001,-0.001,0.000,0.912,50.090
2410131383,2026-10-04 01:00:00,236.360,236.110,235.270,0.060,0.040,0.060,0.036,0.013,0.009,0.014,-0.003,-0.001,-0.001,-0.001,0.989,50.100
2410131384,2026-10-04 01:00:00,237.340,237.940,237.220,0.040,0.110,0.100,0.057,0.008,0.025,0.023,0.000,0.000,-0.002,0.002,1.000,50.040
2410131387,2026-10-04 01:00:00,234.870,235.880,235.970,0.080,0.050,0.030,0.034,0.016,0.012,0.005,-0.009,-0.007,0.001,-0.003,0.954,50.090
2410320615,2026-10-04 01:00:00,234.250,235.090,235.570,1.370,1.410,1.430,0.908,0.296,0.287,0.325,0.084,0.013,0.033,0.039,0.995,50.110
2410883988,2026-10-04 01:00:00,230.850,229.790,230.990,0.020,0.000,0.090,0.024,0.004,0.000,0.019,-0.002,0.000,0.000,-0.001,1.000,50.040
2410883990,2026-10-04 01:00:00,229.540,230.700,230.520,0.020,0.000,0.180,0.044,0.003,0.000,0.040,0.003,0.002,0.000,0.001,0.986,50.070
2410883991,2026-10-04 01:00:00,237.870,238.180,238.730,0.070,0.060,0.190,0.075,0.016,0.013,0.045,-0.006,-0.001,-0.002,-0.002,1.000,50.130
2410883993,2026-10-04 01:00:00,237.840,237.180,237.330,0.870,0.650,0.930,0.568,0.202,0.150,0.215,-0.083,-0.027,-0.032,-0.022,0.989,50.090
2410883994,2026-10-04 01:00:00,238.360,237.550,237.880,0.020,0.050,0.030,0.021,0.004,0.011,0.005,-0.004,-0.001,-0.001,-0.001,0.970,50.130
2410932742,2026-10-04 01:00:00,233.430,231.620,231.910,2.520,2.410,2.460,1.548,0.535,0.495,0.518,0.522,0.176,0.184,0.161,0.949,50.120
2411087432,2026-10-04 01:00:00,237.410,237.930,237.310,0.030,0.030,0.080,0.034,0.007,0.008,0.018,-0.002,0.002,0.000,-0.004,1.000,50.040
2411087433,2026-10-04 01:00:00,237.500,237.660,238.290,0.540,0.520,0.560,0.385,0.128,0.123,0.133,0.042,0.015,0.010,0.014,0.994,50.090
2411290205,2026-10-04 01:00:00,236.490,235.410,236.480,0.120,0.140,0.120,0.086,0.027,0.032,0.027,0.006,0.002,0.002,0.002,0.998,50.130
2510014481,2026-10-04 01:00:00,231.600,231.670,232.830,2.020,2.000,2.190,1.386,0.440,0.429,0.516,0.668,0.220,0.213,0.207,0.892,50.090
2510014482,2026-10-04 01:00:00,237.650,238.010,237.400,0.010,0.040,0.000,0.011,0.002,0.008,0.000,-0.001,-0.002,0.000,0.000,1.000,50.040
2510014483,2026-10-04 01:00:00,237.210,237.330,237.940,0.050,0.040,0.060,0.026,0.010,0.006,0.009,-0.021,-0.006,-0.006,-0.009,0.782,50.080
2510014484,2026-10-04 01:00:00,235.740,234.770,235.940,0.110,0.070,0.090,0.064,0.027,0.016,0.021,-0.005,-0.001,0.000,-0.003,1.000,50.040
2510178139,2026-10-04 01:00:00,237.910,238.360,237.660,0.170,0.190,0.200,0.118,0.035,0.038,0.044,0.051,0.016,0.019,0.015,0.919,50.110
2510178141,2026-10-04 01:00:00,237.430,237.520,237.930,0.020,0.010,0.020,0.005,0.002,0.000,0.002,-0.009,-0.004,-0.001,-0.002,0.480,50.050
2510203103,2026-10-04 01:00:00,229.370,227.690,227.780,0.100,0.120,0.110,0.068,0.020,0.024,0.023,-0.026,-0.009,-0.009,-0.007,0.928,50.090
2510203104,2026-10-04 01:00:00,231.190,231.320,231.860,0.410,0.280,0.360,0.167,0.057,0.046,0.063,0.049,0.004,0.018,0.026,0.976,50.020
2510203105,2026-10-04 01:00:00,235.330,233.630,233.880,0.050,0.080,0.070,0.035,0.008,0.016,0.010,0.033,0.008,0.010,0.013,0.725,50.100
2510203106,2026-10-04 01:00:00,235.510,234.480,235.580,0.030,0.020,0.010,0.012,0.006,0.004,0.001,-0.005,-0.003,-0.001,0.000,0.929,50.010
2510203108,2026-10-04 01:00:00,237.930,238.440,237.810,0.880,0.780,1.010,0.575,0.187,0.168,0.216,0.042,0.024,0.010,0.007,0.998,50.150
2510203109,2026-10-04 01:00:00,237.540,238.060,237.240,0.030,0.070,0.080,0.040,0.005,0.016,0.018,0.006,0.004,0.000,0.001,0.986,50.100
2510203113,2026-10-04 01:00:00,235.980,236.030,235.230,0.240,0.350,0.410,0.230,0.055,0.079,0.094,-0.045,-0.012,-0.018,-0.015,0.980,50.030
2510203114,2026-10-04 01:00:00,231.370,231.630,232.040,0.340,0.220,0.230,0.212,0.090,0.059,0.070,0.026,0.007,0.005,0.013,0.990,50.110
2510203117,2026-10-04 01:00:00,229.930,231.160,230.890,0.260,0.220,0.170,0.143,0.058,0.047,0.036,-0.038,-0.010,-0.017,-0.010,0.965,50.150
2510203120,2026-10-04 01:00:00,237.750,237.000,237.240,1.060,0.810,0.840,0.588,0.231,0.175,0.182,0.203,0.078,0.062,0.061,0.945,50.150
2510203121,2026-10-04 01:00:00,230.830,230.610,229.680,0.120,0.050,0.110,0.059,0.026,0.008,0.023,-0.025,-0.006,-0.007,-0.011,0.924,50.110
2510203122,2026-10-04 01:00:00,237.620,238.110,237.470,0.080,0.010,0.010,0.016,0.012,0.002,0.000,0.012,0.015,-0.002,-0.001,0.804,50.030
2510203123,2026-10-04 01:00:00,237.760,237.950,238.450,0.010,0.010,0.000,0.005,0.002,0.002,0.000,-0.003,-0.001,-0.001,0.000,0.803,50.110
2510203124,2026-10-04 01:00:00,238.230,238.290,237.670,0.010,0.010,0.030,0.011,0.001,0.001,0.007,-0.001,0.000,0.000,0.000,1.000,50.100
2510203125,2026-10-04 01:00:00,235.170,236.200,236.070,0.090,0.040,0.090,0.050,0.020,0.008,0.021,0.009,0.002,0.003,0.003,0.991,50.090
2510203126,2026-10-04 01:00:00,231.110,230.730,229.860,0.090,0.020,0.000,0.024,0.019,0.004,0.000,-0.002,-0.001,0.000,0.000,1.000,50.100
2510203127,2026-10-04 01:00:00,237.740,238.140,237.600,0.250,0.310,0.220,0.156,0.048,0.063,0.044,0.096,0.032,0.036,0.027,0.852,50.100
2510203128,2026-10-04 01:00:00,236.760,236.990,235.500,2.230,2.140,2.260,1.519,0.515,0.489,0.515,0.202,0.043,0.066,0.092,0.991,50.110
2510203130,2026-10-04 01:00:00,246.010,246.060,247.690,0.000,0.010,0.020,0.006,0.000,0.002,0.004,-0.002,0.000,0.000,-0.001,0.990,50.110
2510203133,2026-10-04 01:00:00,238.120,238.450,238.010,0.030,0.020,0.000,0.011,0.006,0.004,0.000,-0.002,0.000,-0.002,0.000,0.953,50.150
2510203134,2026-10-04 01:00:00,238.310,237.390,237.520,0.020,0.010,0.010,0.007,0.004,0.002,0.001,-0.001,0.000,-0.001,0.000,0.973,50.040
2510224049,2026-10-04 01:00:00,230.240,229.260,230.630,16.200,14.540,7.680,7.490,2.790,3.130,1.550,-1.750,-0.700,-0.500,-0.540,0.973,50.070
2510224167,2026-10-04 01:00:00,230.420,230.130,229.260,5.820,4.510,4.810,2.670,1.170,0.730,0.770,-1.900,-0.560,-0.660,-0.680,0.814,50.040
2510317505,2026-10-04 01:00:00,230.630,230.450,229.460,11.830,3.670,5.310,3.760,2.360,0.590,0.800,-1.780,-0.530,-0.550,-0.690,0.903,50.060
2510317516,2026-10-04 01:00:00,230.820,230.540,229.570,0.000,0.000,0.000,0.000,0.000,0.000,0.000,0.000,0.000,0.000,0.000,1.000,50.050
2510317537,2026-10-04 01:00:00,237.180,237.050,237.740,2.120,2.190,2.190,2.040,0.680,0.680,0.670,-0.360,-0.120,-0.110,-0.110,0.989,50.050
2510389559,2026-10-04 01:00:00,236.660,235.560,236.780,0.000,0.000,0.000,0.000,0.000,0.000,0.000,0.000,0.000,0.000,0.000,1.000,50.040
2510389643,2026-10-04 01:00:00,236.410,235.240,236.460,5.550,13.850,13.240,7.330,1.220,3.100,3.000,-1.220,-0.150,-0.570,-0.490,0.986,50.050
2510389931,2026-10-04 01:00:00,235.590,234.400,235.580,5.650,3.170,12.080,4.740,1.250,0.690,2.790,-1.120,-0.400,-0.230,-0.480,0.972,50.070
2510633381,2026-10-04 01:00:00,238.060,237.230,237.450,0.050,0.090,0.010,0.031,0.009,0.019,0.002,-0.013,-0.005,-0.005,-0.001,0.914,50.100
2510633382,2026-10-04 01:00:00,235.030,236.210,235.930,0.160,0.150,0.170,0.104,0.034,0.031,0.038,-0.040,-0.013,-0.013,-0.013,0.936,50.140
2510633383,2026-10-04 01:00:00,237.580,237.700,238.180,0.110,0.080,0.090,0.023,0.005,0.007,0.009,-0.062,-0.024,-0.018,-0.019,0.355,50.100
2510633385,2026-10-04 01:00:00,236.520,235.450,236.700,0.120,0.430,0.330,0.205,0.028,0.100,0.076,-0.023,-0.002,-0.008,-0.012,0.992,50.130
2510633387,2026-10-04 01:00:00,237.720,238.120,237.620,0.010,0.000,0.150,0.038,0.002,0.000,0.036,-0.004,0.000,0.000,-0.004,0.996,50.140
2510633389,2026-10-04 01:00:00,236.340,236.290,235.240,0.130,0.120,0.120,0.033,0.010,0.009,0.013,-0.081,-0.028,-0.027,-0.025,0.380,50.130
2510633390,2026-10-04 01:00:00,237.420,238.270,237.290,1.700,1.780,1.800,1.104,0.338,0.409,0.356,0.339,0.081,0.115,0.139,0.952,50.120
2510633391,2026-10-04 01:00:00,124.910,124.570,124.680,0.000,0.000,0.000,0.000,0.000,0.000,0.000,0.000,0.000,0.000,0.000,1.000,50.090
2510633393,2026-10-04 01:00:00,234.750,235.850,235.770,0.000,0.000,0.000,0.000,0.000,0.000,0.000,0.000,0.000,0.000,0.000,1.000,50.120
2510633395,2026-10-04 01:00:00,237.820,238.190,237.660,0.000,0.000,0.000,0.000,0.000,0.000,0.000,0.000,0.000,0.000,0.000,1.000,50.110
2510633396,2026-10-04 01:00:00,238.260,237.640,238.200,0.010,0.060,0.010,0.019,0.002,0.014,0.002,0.000,0.000,0.000,0.000,1.000,50.140
2510633397,2026-10-04 01:00:00,244.260,243.340,243.620,0.030,0.030,0.030,0.019,0.006,0.006,0.006,-0.006,-0.002,-0.001,-0.002,0.944,50.100
2510633399,2026-10-04 01:00:00,230.620,230.180,229.390,0.250,0.370,0.360,0.223,0.056,0.085,0.081,0.013,0.003,0.005,0.003,1.000,50.100
2510633400,2026-10-04 01:00:00,229.520,228.740,229.870,0.410,0.420,0.440,0.228,0.079,0.082,0.089,0.113,0.039,0.036,0.036,0.898,50.100
2510633402,2026-10-04 01:00:00,233.070,233.080,234.570,0.610,0.650,0.700,0.371,0.112,0.122,0.129,0.130,0.041,0.042,0.045,0.977,50.150
2510633406,2026-10-04 01:00:00,230.700,230.370,229.510,0.100,0.080,0.080,0.045,0.019,0.012,0.012,-0.032,-0.009,-0.011,-0.011,0.808,50.090
2510633411,2026-10-04 01:00:00,227.120,228.130,227.460,1.740,1.770,1.800,1.151,0.382,0.386,0.382,0.439,0.134,0.140,0.164,0.930,50.090
2510814977,2026-10-04 01:00:00,233.540,234.960,233.450,0.020,0.010,0.010,0.005,0.003,0.000,0.002,-0.002,0.000,-0.001,-0.001,0.993,50.090
2610026950,2026-10-04 01:00:00,229.600,230.590,230.420,0.010,0.000,0.020,0.007,0.002,0.001,0.003,0.000,0.000,0.000,0.000,0.953,50.090
2610026952,2026-10-04 01:00:00,237.640,237.100,237.150,0.610,0.610,0.580,0.402,0.135,0.134,0.131,0.120,0.038,0.042,0.039,0.958,50.100
2610026953,2026-10-04 01:00:00,235.270,234.200,235.380,0.630,0.640,0.590,0.391,0.126,0.125,0.130,0.177,0.063,0.056,0.057,0.900,50.100
2610026963,2026-10-04 01:00:00,237.930,237.890,238.470,0.180,0.120,0.110,0.084,0.038,0.024,0.021,-0.044,-0.018,-0.012,-0.013,0.885,50.100
2610026966,2026-10-04 01:00:00,233.710,233.890,233.110,0.050,0.040,0.070,0.032,0.011,0.008,0.012,0.016,0.004,0.003,0.008,0.899,50.110
2610026976,2026-10-04 01:00:00,237.720,237.640,238.300,0.250,0.600,0.730,0.357,0.058,0.125,0.172,-0.036,-0.012,0.000,-0.023,0.995,50.100
2610126270,2026-10-04 01:00:00,230.440,229.470,230.790,0.020,0.030,0.020,0.016,0.005,0.006,0.004,-0.004,-0.001,-0.001,-0.001,0.940,50.110
2610126451,2026-10-04 01:00:00,238.170,238.490,237.870,0.000,0.010,0.050,0.013,0.001,0.001,0.011,0.001,0.000,0.000,0.002,0.963,50.100
2610159557,2026-10-04 01:00:00,238.050,237.280,237.450,0.020,0.010,0.010,0.006,0.003,0.001,0.001,-0.005,-0.002,0.000,-0.001,0.758,50.100
2610170785,2026-10-04 01:00:00,237.820,236.980,237.270,0.010,0.010,0.000,0.003,0.002,0.001,0.000,0.001,0.000,0.000,0.000,0.937,50.080
2610170786,2026-10-04 01:00:00,237.040,237.180,237.730,0.740,0.740,0.800,0.447,0.143,0.149,0.168,0.113,0.036,0.035,0.041,0.973,50.050
2610170836,2026-10-04 01:00:00,237.530,237.810,238.300,0.000,0.010,0.000,0.001,0.000,0.001,0.000,0.000,0.000,0.000,0.000,0.713,50.080
2610170837,2026-10-04 01:00:00,234.800,233.110,233.250,0.000,0.000,0.010,0.001,0.000,0.000,0.001,0.000,0.000,0.000,0.000,0.866,50.070
2610170838,2026-10-04 01:00:00,237.920,236.920,237.280,0.010,0.060,0.080,0.034,0.002,0.013,0.018,0.001,0.000,0.001,0.000,0.992,50.040
2610170840,2026-10-04 01:00:00,235.690,234.500,235.750,0.150,0.080,0.300,0.121,0.033,0.017,0.070,-0.028,-0.010,-0.006,-0.012,0.969,50.070
2610322967,2026-10-04 01:00:00,238.440,237.520,237.500,0.000,0.000,0.010,0.003,0.000,0.000,0.003,0.000,0.000,0.000,0.000,0.963,50.090
2610322969,2026-10-04 01:00:00,229.330,230.360,230.400,0.330,0.230,0.020,0.080,0.070,0.003,0.005,0.078,0.024,0.053,0.000,0.716,50.100
2610322982,2026-10-04 01:00:00,237.520,237.680,238.290,0.010,0.020,0.030,0.012,0.002,0.003,0.006,-0.006,-0.001,-0.002,-0.003,0.882,50.100
2610322992,2026-10-04 01:00:00,233.220,233.670,234.670,0.070,0.340,0.280,0.160,0.016,0.080,0.063,0.014,0.003,0.000,0.010,0.996,50.070
2610322995,2026-10-04 01:00:00,237.160,237.330,237.930,0.000,0.030,0.030,0.012,0.000,0.006,0.006,-0.008,0.000,-0.004,-0.003,0.807,50.080
2610322997,2026-10-04 01:00:00,233.360,234.880,233.310,0.070,0.090,0.060,0.046,0.016,0.019,0.011,0.022,0.006,0.008,0.007,0.902,50.080
2610323001,2026-10-04 01:00:00,233.720,231.880,232.000,0.820,1.010,1.040,0.588,0.164,0.205,0.218,0.285,0.091,0.098,0.094,0.900,50.070
2610323004,2026-10-04 01:00:00,64.760,64.190,64.670,0.190,0.160,0.190,0.032,0.011,0.009,0.011,0.010,0.004,0.003,0.002,0.959,50.080
2610323005,2026-10-04 01:00:00,230.430,229.540,230.690,0.000,0.000,0.000,0.001,0.000,0.001,0.000,0.000,0.000,0.000,0.000,0.946,50.080
2610323010,2026-10-04 01:00:00,235.990,235.840,234.910,0.050,0.000,0.000,0.009,0.009,0.000,0.000,-0.006,-0.006,0.000,0.000,0.777,50.080
2610323014,2026-10-04 01:00:00,237.570,237.660,238.150,0.000,0.000,0.000,0.000,0.000,0.000,0.000,-0.001,0.000,0.000,0.000,0.676,50.070
2610323016,2026-10-04 01:00:00,232.820,231.390,231.510,1.460,1.390,1.320,0.797,0.285,0.262,0.249,0.461,0.155,0.157,0.148,0.862,50.060
2610323017,2026-10-04 01:00:00,237.200,237.900,237.250,0.040,0.020,0.020,0.017,0.008,0.004,0.004,-0.010,-0.004,-0.003,-0.002,0.877,50.050
2610323027,2026-10-04 01:00:00,238.050,237.110,237.420,0.020,0.040,0.020,0.016,0.004,0.007,0.003,-0.010,-0.003,-0.003,-0.003,0.856,50.050
2510633386,2026-10-04 01:01:00,222.790,223.000,223.600,0.040,0.020,0.010,0.015,0.008,0.004,0.002,0.003,0.002,0.000,0.001,1.000,50.130
2610159558,2026-10-04 01:01:00,237.510,237.780,238.390,0.000,0.000,0.000,0.000,0.000,0.000,0.000,0.000,0.000,0.000,0.000,0.873,50.130
2610170839,2026-10-04 01:01:00,237.210,237.380,238.010,0.010,0.020,0.040,0.015,0.002,0.004,0.008,-0.001,0.000,0.000,0.000,0.974,50.120
2410121574,2026-10-04 01:02:00,238.000,237.180,237.420,0.210,0.170,0.150,0.120,0.049,0.037,0.033,-0.038,-0.010,-0.015,-0.012,0.952,49.990
2510203107,2026-10-04 01:02:00,223.360,222.270,223.490,1.340,1.340,1.230,0.799,0.275,0.270,0.252,0.251,0.081,0.093,0.076,0.953,50.140
2510203111,2026-10-04 01:02:00,237.820,238.050,238.460,0.020,0.020,0.000,0.008,0.004,0.004,0.000,-0.002,-0.001,0.000,0.000,1.000,50.110
2610026977,2026-10-04 01:02:00,244.890,244.920,244.210,0.180,0.450,0.520,0.275,0.039,0.110,0.126,0.027,0.019,0.005,0.002,0.996,50.120
2610323019,2026-10-04 01:02:00,230.330,229.690,230.730,0.060,0.060,0.030,0.033,0.012,0.013,0.006,-0.010,-0.003,-0.004,-0.001,0.952,50.090
2246006313,2026-10-04 01:30:00,57.800,57.700,58.100,0.834,0.826,0.834,0.141,0.047,0.046,0.045,0.021,0.006,0.006,0.007,0.988,50.110
2410121326,2026-10-04 01:30:00,237.640,237.070,237.280,0.080,0.090,0.100,0.058,0.017,0.020,0.020,0.024,0.007,0.003,0.013,0.924,50.120
2410121353,2026-10-04 01:30:00,237.400,236.820,237.110,0.000,0.010,0.040,0.011,0.000,0.002,0.008,-0.002,0.000,0.000,0.000,0.980,50.110
2410121424,2026-10-04 01:30:00,235.940,235.310,235.570,0.010,0.010,0.010,0.004,0.000,0.001,0.002,-0.003,-0.001,-0.001,0.000,0.778,49.890
2410121440,2026-10-04 01:30:00,237.380,236.840,237.020,0.010,0.000,0.010,0.004,0.002,0.000,0.001,-0.003,-0.001,-0.001,0.000,0.805,50.080
2410121454,2026-10-04 01:30:00,236.690,237.090,236.380,0.080,0.160,0.140,0.089,0.016,0.038,0.033,0.012,0.006,0.003,0.003,0.984,50.070
2410121457,2026-10-04 01:30:00,235.360,234.610,235.330,1.920,1.950,1.780,1.232,0.420,0.420,0.391,0.422,0.145,0.155,0.121,0.946,50.090
2410121574,2026-10-04 01:30:00,237.340,236.540,236.770,0.220,0.170,0.150,0.120,0.050,0.036,0.033,-0.038,-0.010,-0.015,-0.012,0.952,50.100
2410131378,2026-10-04 01:30:00,237.260,237.600,237.140,0.010,0.010,0.050,0.016,0.001,0.001,0.012,-0.004,-0.001,-0.001,0.000,0.954,50.090
2410131383,2026-10-04 01:30:00,236.640,236.530,235.660,0.060,0.040,0.070,0.038,0.013,0.009,0.015,-0.004,-0.001,-0.001,-0.002,1.000,50.090
2410131384,2026-10-04 01:30:00,238.230,238.740,238.100,0.040,0.150,0.120,0.071,0.008,0.035,0.027,0.006,0.000,0.003,0.003,0.994,50.140
2410131387,2026-10-04 01:30:00,234.560,235.460,235.600,0.070,0.060,0.030,0.033,0.015,0.013,0.005,-0.008,-0.006,0.001,-0.003,0.963,49.950
2410320615,2026-10-04 01:30:00,235.150,236.090,236.410,1.260,1.260,1.460,0.914,0.290,0.306,0.317,0.138,0.036,0.055,0.056,0.989,50.130
2410883988,2026-10-04 01:30:00,231.390,230.400,231.640,0.020,0.000,0.090,0.024,0.004,0.000,0.020,-0.002,0.000,0.000,-0.001,0.975,50.130
2410883990,2026-10-04 01:30:00,230.140,231.260,231.050,0.020,0.000,0.180,0.058,0.017,0.000,0.040,0.008,0.006,0.000,0.001,1.000,50.090
2410883991,2026-10-04 01:30:00,237.690,237.890,238.560,0.070,0.100,0.130,0.070,0.016,0.022,0.031,-0.002,-0.001,0.000,0.000,0.992,50.090
2410883993,2026-10-04 01:30:00,238.140,237.400,237.480,0.870,0.650,0.980,0.581,0.201,0.150,0.230,-0.082,-0.027,-0.033,-0.022,0.989,50.110
2410883994,2026-10-04 01:30:00,238.500,237.620,238.000,0.020,0.050,0.020,0.021,0.004,0.011,0.005,-0.004,-0.001,-0.001,-0.001,0.962,50.120
2411087432,2026-10-04 01:30:00,237.020,237.490,236.920,0.030,0.030,0.090,0.032,0.007,0.004,0.019,-0.005,0.001,-0.003,-0.004,0.991,50.110
2411087433,2026-10-04 01:30:00,237.550,237.730,238.350,0.620,0.570,0.630,0.387,0.130,0.123,0.134,0.029,0.011,0.008,0.009,0.997,50.080
2411290205,2026-10-04 01:30:00,236.430,235.540,236.550,0.150,0.160,0.110,0.097,0.034,0.036,0.026,0.007,0.002,0.003,0.001,0.997,50.090
2510014481,2026-10-04 01:30:00,231.530,231.680,232.970,2.090,1.990,2.130,1.224,0.403,0.397,0.423,0.570,0.191,0.185,0.189,0.909,50.110
2510014483,2026-10-04 01:30:00,237.510,237.710,238.240,0.050,0.040,0.050,0.025,0.009,0.006,0.009,-0.021,-0.006,-0.006,-0.009,0.747,50.100
2510014484,2026-10-04 01:30:00,236.340,235.360,236.480,0.100,0.070,0.100,0.063,0.023,0.015,0.024,-0.004,0.000,-0.001,-0.001,0.995,50.100
2510178139,2026-10-04 01:30:00,237.490,237.870,237.230,0.160,0.140,0.160,0.096,0.033,0.027,0.035,0.049,0.017,0.017,0.013,0.895,50.130
2510178141,2026-10-04 01:30:00,237.160,237.290,237.660,0.020,0.010,0.020,0.007,0.002,0.000,0.003,-0.009,-0.004,-0.001,-0.003,0.602,50.100
2510203103,2026-10-04 01:30:00,229.750,228.110,228.220,0.090,0.130,0.090,0.064,0.017,0.027,0.019,-0.028,-0.009,-0.009,-0.008,0.914,50.130
2510203104,2026-10-04 01:30:00,231.870,231.980,232.470,0.380,0.240,0.310,0.221,0.091,0.057,0.072,0.052,0.006,0.017,0.028,0.968,50.170
2510203105,2026-10-04 01:30:00,235.290,233.580,233.830,0.050,0.090,0.070,0.033,0.008,0.014,0.010,0.033,0.008,0.011,0.012,0.715,50.120
2510203106,2026-10-04 01:30:00,236.550,235.540,236.640,0.060,0.040,0.050,0.032,0.013,0.008,0.010,-0.007,-0.004,-0.001,-0.002,0.981,50.150
2510203107,2026-10-04 01:30:00,223.730,222.680,223.910,1.390,1.360,1.270,0.814,0.282,0.273,0.258,0.280,0.091,0.102,0.086,0.945,50.090
2510203108,2026-10-04 01:30:00,237.590,238.050,237.300,0.680,0.620,1.050,0.576,0.164,0.154,0.256,0.029,0.018,0.002,0.009,0.997,50.120
2510203109,2026-10-04 01:30:00,237.670,238.190,237.340,0.040,0.070,0.090,0.044,0.007,0.016,0.021,0.007,0.005,0.000,0.002,0.990,50.120
2510203111,2026-10-04 01:30:00,237.650,237.880,238.300,0.010,0.020,0.010,0.006,0.002,0.004,0.000,-0.003,-0.001,0.000,-0.001,0.858,50.140
2510203113,2026-10-04 01:30:00,236.420,236.380,235.550,0.250,0.350,0.410,0.231,0.056,0.079,0.095,-0.046,-0.011,-0.018,-0.015,0.980,50.140
2510203114,2026-10-04 01:30:00,231.640,231.800,232.220,0.210,0.150,0.180,0.138,0.063,0.033,0.041,0.025,0.006,0.004,0.014,0.987,50.120
2510203117,2026-10-04 01:30:00,230.130,231.370,230.950,0.260,0.220,0.170,0.144,0.058,0.047,0.037,-0.037,-0.010,-0.017,-0.009,0.967,50.120
2510203120,2026-10-04 01:30:00,237.860,237.120,237.370,1.040,0.800,0.830,0.582,0.227,0.173,0.181,0.223,0.085,0.069,0.068,0.933,50.120
2510203121,2026-10-04 01:30:00,231.310,231.010,230.120,0.120,0.050,0.120,0.061,0.026,0.008,0.025,-0.025,-0.006,-0.007,-0.011,0.924,50.120
2510203122,2026-10-04 01:30:00,237.310,237.770,237.170,0.160,0.010,0.010,0.026,0.023,0.002,0.000,0.026,0.029,-0.002,-0.001,0.698,50.140
2510203123,2026-10-04 01:30:00,237.600,237.740,238.210,0.010,0.010,0.000,0.005,0.002,0.002,0.000,-0.003,-0.001,-0.001,0.000,0.806,50.160
2510203124,2026-10-04 01:30:00,237.660,237.690,237.110,0.010,0.010,0.030,0.010,0.001,0.001,0.007,-0.001,0.000,0.000,0.000,1.000,50.130
2510203125,2026-10-04 01:30:00,235.830,236.820,236.750,0.050,0.040,0.090,0.042,0.012,0.008,0.021,0.008,0.002,0.003,0.003,0.983,50.110
2510203126,2026-10-04 01:30:00,231.510,231.120,230.300,0.090,0.020,0.000,0.025,0.020,0.004,0.000,-0.002,-0.001,0.000,0.000,1.000,50.120
2510203127,2026-10-04 01:30:00,236.650,237.010,236.530,0.250,0.340,0.220,0.159,0.048,0.066,0.044,0.104,0.032,0.044,0.027,0.838,50.130
2510203128,2026-10-04 01:30:00,237.130,237.300,235.760,2.280,2.190,2.350,1.564,0.528,0.500,0.535,0.208,0.043,0.068,0.095,0.991,50.130
2510203130,2026-10-04 01:30:00,246.050,246.040,247.680,0.000,0.010,0.020,0.006,0.000,0.002,0.004,-0.002,0.000,0.000,-0.001,0.963,50.120
2510203133,2026-10-04 01:30:00,236.980,237.330,236.870,0.020,0.020,0.000,0.009,0.004,0.004,0.000,-0.002,0.000,-0.002,0.000,0.995,50.120
2510203134,2026-10-04 01:30:00,238.740,237.830,238.000,0.020,0.010,0.010,0.007,0.004,0.002,0.001,-0.001,0.000,-0.001,0.000,0.975,50.110
2510224049,2026-10-04 01:30:00,230.780,229.850,231.180,16.140,14.550,7.690,7.490,2.790,3.140,1.550,-1.750,-0.700,-0.500,-0.550,0.973,50.100
2510224167,2026-10-04 01:30:00,231.080,230.730,229.880,5.820,4.500,4.800,2.680,1.170,0.730,0.770,-1.910,-0.560,-0.660,-0.680,0.813,50.100
2510317505,2026-10-04 01:30:00,231.170,230.890,229.960,11.830,3.670,5.310,3.760,2.360,0.590,0.800,-1.790,-0.530,-0.560,-0.690,0.902,50.090
2510317516,2026-10-04 01:30:00,231.380,231.060,230.120,0.000,0.000,0.000,0.000,0.000,0.000,0.000,0.000,0.000,0.000,0.000,1.000,50.100
2510317537,2026-10-04 01:30:00,237.420,237.320,238.010,2.100,2.190,2.050,1.500,0.490,0.510,0.490,-0.250,-0.070,-0.090,-0.090,0.985,50.100
2510389559,2026-10-04 01:30:00,236.800,235.520,236.750,0.000,0.000,0.000,0.000,0.000,0.000,0.000,0.000,0.000,0.000,0.000,1.000,50.120
2510389643,2026-10-04 01:30:00,236.900,235.690,236.850,5.540,13.830,13.220,7.330,1.220,3.100,3.000,-1.230,-0.160,-0.580,-0.490,0.986,50.090
2510389931,2026-10-04 01:30:00,236.360,234.970,236.440,3.130,16.020,6.410,5.970,0.730,3.740,1.490,-0.660,-0.090,-0.360,-0.190,0.993,50.090
2510633381,2026-10-04 01:30:00,238.160,237.310,237.560,0.050,0.090,0.010,0.031,0.009,0.019,0.002,-0.013,-0.005,-0.005,-0.001,0.910,50.130
2510633382,2026-10-04 01:30:00,235.530,236.590,236.510,0.110,0.130,0.150,0.066,0.017,0.020,0.029,-0.062,-0.020,-0.021,-0.020,0.727,50.080
2510633383,2026-10-04 01:30:00,236.350,236.510,236.880,0.110,0.080,0.090,0.024,0.007,0.007,0.009,-0.061,-0.024,-0.018,-0.019,0.371,50.130
2510633385,2026-10-04 01:30:00,237.150,236.000,237.160,0.120,0.430,0.320,0.203,0.028,0.100,0.074,-0.026,-0.005,-0.008,-0.012,0.990,50.080
2510633386,2026-10-04 01:30:00,223.150,223.360,223.950,0.040,0.020,0.010,0.015,0.008,0.004,0.002,0.003,0.002,0.000,0.001,0.971,50.080
2510633387,2026-10-04 01:30:00,237.020,237.430,236.830,0.010,0.000,0.150,0.038,0.002,0.000,0.036,-0.004,0.000,0.000,-0.004,0.988,50.080
2510633389,2026-10-04 01:30:00,236.750,236.890,235.800,0.130,0.120,0.120,0.033,0.010,0.009,0.012,-0.082,-0.028,-0.027,-0.026,0.372,50.080
2510633390,2026-10-04 01:30:00,237.290,238.090,237.070,1.070,1.430,1.360,0.831,0.261,0.283,0.286,0.216,0.075,0.064,0.087,0.963,50.080
2510633391,2026-10-04 01:30:00,124.610,124.290,124.410,0.000,0.000,0.000,0.000,0.000,0.000,0.000,0.000,0.000,0.000,0.000,1.000,50.090
2510633393,2026-10-04 01:30:00,235.600,236.670,236.650,0.000,0.000,0.000,0.000,0.000,0.000,0.000,0.000,0.000,0.000,0.000,1.000,50.080
2510633395,2026-10-04 01:30:00,237.320,237.690,237.160,0.000,0.000,0.000,0.000,0.000,0.000,0.000,0.000,0.000,0.000,0.000,1.000,50.120
2510633396,2026-10-04 01:30:00,236.820,236.230,236.950,0.010,0.060,0.010,0.019,0.002,0.014,0.002,0.000,0.000,0.000,0.000,0.980,50.120
2510633399,2026-10-04 01:30:00,231.070,230.650,229.890,0.230,0.340,0.330,0.203,0.052,0.076,0.074,0.011,0.004,0.004,0.002,0.997,50.120
2510633400,2026-10-04 01:30:00,230.080,229.270,230.350,0.350,0.360,0.380,0.236,0.074,0.078,0.084,0.131,0.045,0.042,0.042,0.880,50.080
2510633402,2026-10-04 01:30:00,232.770,232.680,234.210,0.650,0.690,0.760,0.477,0.147,0.157,0.172,0.145,0.047,0.046,0.052,0.955,50.080
2510633406,2026-10-04 01:30:00,231.230,230.860,230.100,0.090,0.080,0.080,0.045,0.019,0.012,0.012,-0.033,-0.009,-0.011,-0.011,0.808,50.100
2510633411,2026-10-04 01:30:00,227.730,228.770,228.170,1.630,1.600,1.650,1.029,0.345,0.341,0.339,0.388,0.122,0.120,0.145,0.934,50.100
2510814977,2026-10-04 01:30:00,233.540,234.990,233.440,0.010,0.010,0.010,0.005,0.003,0.000,0.001,-0.002,0.000,-0.001,-0.001,0.870,50.120
2610026950,2026-10-04 01:30:00,230.180,231.090,230.920,0.010,0.000,0.010,0.005,0.002,0.000,0.002,-0.001,0.000,0.000,0.000,0.960,50.110
2610026952,2026-10-04 01:30:00,235.780,235.270,235.340,1.290,1.250,1.290,0.789,0.262,0.258,0.268,0.419,0.146,0.136,0.136,0.882,50.110
2610026953,2026-10-04 01:30:00,236.000,234.880,235.920,0.560,0.550,0.570,0.345,0.115,0.117,0.112,0.170,0.061,0.055,0.054,0.890,50.120
2610026963,2026-10-04 01:30:00,236.610,236.700,237.100,0.160,0.100,0.090,0.074,0.035,0.020,0.018,-0.037,-0.016,-0.010,-0.010,0.897,50.130
2610026966,2026-10-04 01:30:00,232.850,232.970,232.110,0.050,0.050,0.080,0.035,0.010,0.009,0.015,0.018,0.004,0.004,0.008,0.891,50.130
2610026976,2026-10-04 01:30:00,236.390,236.390,236.870,0.270,0.460,0.740,0.343,0.062,0.109,0.172,-0.034,-0.012,0.002,-0.024,0.994,50.130
2610026977,2026-10-04 01:30:00,243.890,243.850,243.000,0.180,0.450,0.520,0.274,0.039,0.109,0.126,0.027,0.019,0.005,0.002,0.995,50.100
2610126270,2026-10-04 01:30:00,230.970,229.870,231.190,0.020,0.030,0.020,0.016,0.004,0.007,0.004,-0.004,-0.001,0.000,-0.001,0.962,50.090
2610126451,2026-10-04 01:30:00,237.630,237.850,237.330,0.000,0.010,0.030,0.008,0.001,0.001,0.006,0.001,0.000,0.000,0.002,0.960,50.120
2610159557,2026-10-04 01:30:00,238.310,237.480,237.670,0.020,0.010,0.010,0.006,0.003,0.001,0.001,-0.005,-0.003,0.000,-0.001,0.856,50.110
2610159558,2026-10-04 01:30:00,237.370,237.650,238.260,0.000,0.000,0.000,0.000,0.000,0.000,0.000,0.000,0.000,0.000,0.000,0.876,50.120
2610170785,2026-10-04 01:30:00,238.240,237.430,237.740,0.000,0.000,0.000,0.000,0.000,0.000,0.000,0.000,0.000,0.000,0.000,0.652,50.100
2610170786,2026-10-04 01:30:00,237.300,237.560,238.120,0.490,0.500,0.490,0.282,0.086,0.086,0.110,0.072,0.024,0.020,0.024,0.972,50.100
2610170836,2026-10-04 01:30:00,236.980,237.330,237.740,0.000,0.010,0.000,0.001,0.000,0.001,0.000,0.000,0.000,0.000,0.000,1.000,50.080
2610170837,2026-10-04 01:30:00,234.950,233.250,233.400,0.000,0.000,0.020,0.005,0.000,0.000,0.004,0.000,0.000,0.000,0.000,1.000,50.090
2610170838,2026-10-04 01:30:00,238.130,237.090,237.460,0.010,0.070,0.080,0.036,0.002,0.015,0.018,0.000,0.000,0.001,0.000,0.986,50.110
2610170839,2026-10-04 01:30:00,237.320,237.580,238.200,0.010,0.020,0.020,0.010,0.002,0.004,0.003,-0.002,0.000,0.000,0.000,0.983,50.090
2610170840,2026-10-04 01:30:00,236.290,234.980,236.380,0.090,0.400,0.160,0.152,0.020,0.094,0.037,-0.017,-0.002,-0.009,-0.005,0.993,50.090
2610322967,2026-10-04 01:30:00,238.740,237.740,237.800,0.000,0.000,0.010,0.003,0.000,0.000,0.003,0.000,0.000,0.000,0.000,0.945,50.100
2610322982,2026-10-04 01:30:00,237.550,237.730,238.360,0.010,0.020,0.030,0.012,0.002,0.003,0.006,-0.006,-0.001,-0.002,-0.003,0.860,50.120
2610322992,2026-10-04 01:30:00,233.330,233.760,234.830,0.080,0.340,0.260,0.156,0.016,0.079,0.059,0.011,0.004,0.000,0.007,0.995,50.090
2610322995,2026-10-04 01:30:00,237.610,237.800,238.330,0.000,0.030,0.030,0.012,0.000,0.006,0.006,-0.008,0.000,-0.004,-0.003,0.805,50.110
2610322997,2026-10-04 01:30:00,233.530,235.030,233.450,0.080,0.080,0.060,0.045,0.017,0.016,0.011,0.022,0.005,0.009,0.007,0.893,50.100
2610323001,2026-10-04 01:30:00,233.350,231.650,231.750,1.350,1.450,1.450,0.882,0.279,0.299,0.304,0.390,0.129,0.135,0.126,0.914,50.090
2610323004,2026-10-04 01:30:00,64.770,64.200,64.680,0.130,0.110,0.130,0.021,0.007,0.006,0.007,0.007,0.003,0.002,0.001,0.953,50.100
2610323005,2026-10-04 01:30:00,231.040,230.000,231.210,0.000,0.000,0.000,0.001,0.000,0.001,0.000,0.000,0.000,0.000,0.000,0.939,50.110
2610323010,2026-10-04 01:30:00,236.550,236.460,235.520,0.060,0.000,0.000,0.013,0.012,0.000,0.000,-0.006,-0.006,0.000,0.000,0.871,50.100
2610323017,2026-10-04 01:30:00,237.460,238.140,237.530,0.040,0.020,0.020,0.016,0.007,0.004,0.004,-0.010,-0.005,-0.003,-0.002,0.846,50.100
2610323019,2026-10-04 01:30:00,230.770,230.050,231.270,0.020,0.060,0.030,0.022,0.004,0.013,0.005,-0.008,-0.001,-0.003,-0.003,0.951,50.090
2610323027,2026-10-04 01:30:00,238.300,237.300,237.690,0.020,0.030,0.020,0.015,0.004,0.006,0.003,-0.010,-0.003,-0.004,-0.003,0.804,50.100
2410932742,2026-10-04 01:31:00,233.080,231.330,231.650,2.510,2.430,2.490,1.562,0.534,0.502,0.524,0.510,0.171,0.176,0.161,0.950,50.130
2510633397,2026-10-04 01:31:00,243.710,242.710,243.040,0.030,0.030,0.030,0.019,0.006,0.006,0.006,-0.006,-0.002,-0.001,-0.002,0.935,49.890
2610323014,2026-10-04 01:31:00,236.920,237.050,237.470,0.000,0.000,0.000,0.000,0.000,0.000,0.000,-0.001,0.000,0.000,0.000,0.745,50.080
2610323016,2026-10-04 01:31:00,232.510,231.170,231.320,1.610,1.540,1.510,0.918,0.319,0.300,0.293,0.482,0.162,0.162,0.157,0.883,50.100
2410121371,2026-10-04 01:32:00,237.760,237.030,237.230,0.000,0.010,0.030,0.009,0.000,0.000,0.007,-0.002,0.000,-0.001,0.000,0.925,50.010
2510014482,2026-10-04 01:32:00,236.440,236.740,236.120,0.010,0.040,0.000,0.011,0.002,0.008,0.000,-0.001,-0.002,0.000,0.000,1.000,50.030
2610322969,2026-10-04 01:32:00,229.410,230.370,230.410,0.300,0.250,0.020,0.087,0.063,0.019,0.004,0.076,0.023,0.053,0.000,0.756,49.920
2246006313,2026-10-04 02:00:00,58.000,57.900,58.200,0.836,0.829,0.827,0.134,0.045,0.044,0.045,0.019,0.006,0.006,0.006,0.990,50.100
2410121326,2026-10-04 02:00:00,238.960,238.370,238.690,0.080,0.090,0.090,0.057,0.017,0.020,0.019,0.020,0.006,0.004,0.009,0.934,50.140
2410121353,2026-10-04 02:00:00,238.700,238.170,238.380,0.000,0.010,0.040,0.011,0.000,0.002,0.008,-0.002,0.000,0.000,0.000,0.987,50.160
2410121371,2026-10-04 02:00:00,238.700,237.990,238.220,0.010,0.010,0.060,0.014,0.000,0.000,0.013,-0.003,0.000,-0.001,-0.001,0.996,50.120
2410121424,2026-10-04 02:00:00,238.350,237.840,238.030,0.010,0.010,0.010,0.004,0.000,0.001,0.002,-0.003,-0.001,-0.001,0.000,0.782,50.130
2410121440,2026-10-04 02:00:00,238.440,237.870,238.060,0.010,0.010,0.010,0.004,0.002,0.000,0.001,-0.003,-0.002,-0.001,0.000,0.812,50.130
2410121454,2026-10-04 02:00:00,238.000,238.430,237.850,0.090,0.170,0.150,0.096,0.019,0.041,0.035,0.022,0.009,0.006,0.005,0.978,50.120
2410121457,2026-10-04 02:00:00,236.550,235.830,236.450,1.860,1.910,1.750,1.201,0.404,0.412,0.385,0.424,0.144,0.156,0.122,0.943,50.150
2410121574,2026-10-04 02:00:00,238.830,238.050,238.230,0.200,0.160,0.150,0.115,0.046,0.035,0.033,-0.039,-0.011,-0.015,-0.012,0.943,50.160
2410131378,2026-10-04 02:00:00,238.370,238.700,238.240,0.010,0.010,0.040,0.013,0.001,0.001,0.009,-0.004,-0.001,-0.001,0.000,0.915,50.120
2410131383,2026-10-04 02:00:00,236.980,236.630,235.890,0.060,0.040,0.050,0.036,0.013,0.010,0.012,-0.003,0.000,-0.001,-0.001,0.988,50.150
2410131384,2026-10-04 02:00:00,238.200,238.680,238.010,0.040,0.150,0.140,0.076,0.008,0.029,0.032,0.003,0.000,0.000,0.003,1.000,50.130
2410131387,2026-10-04 02:00:00,234.820,235.800,235.780,0.070,0.060,0.020,0.032,0.015,0.012,0.004,-0.009,-0.007,0.001,-0.003,0.968,50.080
2410320615,2026-10-04 02:00:00,234.680,235.520,235.820,1.360,1.350,1.470,0.999,0.325,0.307,0.343,0.184,0.049,0.067,0.067,0.981,50.110
2410883988,2026-10-04 02:00:00,231.960,231.060,232.150,0.020,0.000,0.090,0.024,0.004,0.000,0.019,-0.002,0.000,0.000,-0.001,1.000,50.100
2410883990,2026-10-04 02:00:00,230.910,231.920,231.770,0.080,0.000,0.180,0.059,0.018,0.000,0.041,0.003,0.001,0.000,0.001,1.000,50.130
2410883991,2026-10-04 02:00:00,237.440,237.670,238.260,0.080,0.120,0.150,0.082,0.019,0.026,0.036,0.018,0.004,0.006,0.007,0.980,50.080
2410883993,2026-10-04 02:00:00,238.410,237.730,237.840,0.870,0.720,1.010,0.598,0.200,0.165,0.233,-0.084,-0.028,-0.032,-0.023,0.990,50.130
2410883994,2026-10-04 02:00:00,238.430,237.550,237.990,0.020,0.050,0.020,0.018,0.004,0.011,0.003,-0.004,-0.001,-0.001,0.000,0.986,50.110
2410932742,2026-10-04 02:00:00,233.470,231.640,231.980,2.530,2.430,2.480,1.561,0.538,0.501,0.521,0.512,0.171,0.180,0.160,0.950,50.100
2411087432,2026-10-04 02:00:00,237.930,238.320,237.780,0.040,0.030,0.090,0.039,0.009,0.008,0.022,0.003,0.004,0.000,0.000,0.994,50.090
2411087433,2026-10-04 02:00:00,238.070,238.230,238.840,0.540,0.520,0.560,0.389,0.130,0.128,0.130,0.037,0.009,0.015,0.014,0.995,50.140
2411290205,2026-10-04 02:00:00,235.620,234.730,235.760,0.140,0.160,0.140,0.104,0.032,0.038,0.033,0.009,0.002,0.003,0.002,0.992,50.090
2510014481,2026-10-04 02:00:00,232.150,232.240,233.490,2.100,2.080,2.300,1.242,0.395,0.341,0.390,0.497,0.172,0.157,0.167,0.915,50.130
2510014482,2026-10-04 02:00:00,238.090,238.300,237.790,0.010,0.040,0.000,0.011,0.002,0.008,0.000,-0.001,-0.002,0.000,0.000,1.000,50.090
2510014483,2026-10-04 02:00:00,237.820,238.020,238.530,0.050,0.040,0.060,0.025,0.009,0.006,0.009,-0.022,-0.006,-0.006,-0.009,0.755,50.130
2510014484,2026-10-04 02:00:00,236.100,235.220,236.410,0.100,0.080,0.090,0.063,0.023,0.018,0.022,-0.004,-0.001,0.000,-0.002,0.992,50.100
2510178139,2026-10-04 02:00:00,238.490,238.830,238.180,0.180,0.180,0.180,0.115,0.039,0.035,0.040,0.054,0.019,0.019,0.014,0.906,50.120
2510178141,2026-10-04 02:00:00,238.280,238.380,238.730,0.020,0.010,0.020,0.005,0.002,0.000,0.002,-0.009,-0.004,-0.001,-0.002,0.481,50.110
2510203103,2026-10-04 02:00:00,229.890,228.150,228.330,0.100,0.120,0.100,0.064,0.020,0.025,0.018,-0.027,-0.009,-0.008,-0.008,0.917,50.120
2510203104,2026-10-04 02:00:00,231.750,231.870,232.350,0.470,0.330,0.430,0.227,0.091,0.057,0.080,0.051,0.007,0.016,0.026,0.982,50.130
2510203105,2026-10-04 02:00:00,235.780,234.110,234.300,0.050,0.080,0.070,0.033,0.008,0.014,0.010,0.033,0.008,0.010,0.013,0.706,50.130
2510203106,2026-10-04 02:00:00,235.830,234.910,236.030,0.060,0.040,0.050,0.032,0.012,0.008,0.010,-0.007,-0.004,-0.001,-0.002,0.976,50.140
2510203107,2026-10-04 02:00:00,224.210,223.360,224.460,0.530,0.560,0.520,0.346,0.114,0.120,0.110,0.101,0.033,0.033,0.034,0.960,50.130
2510203108,2026-10-04 02:00:00,237.710,238.110,237.430,0.690,0.630,0.970,0.561,0.167,0.157,0.236,0.028,0.017,0.003,0.007,0.997,50.090
2510203109,2026-10-04 02:00:00,238.130,238.640,237.840,0.030,0.070,0.080,0.039,0.004,0.015,0.018,0.006,0.004,0.000,0.001,0.991,50.170
2510203111,2026-10-04 02:00:00,238.120,238.340,238.730,0.020,0.020,0.000,0.008,0.004,0.004,0.000,-0.002,-0.001,0.000,0.000,1.000,50.140
2510203113,2026-10-04 02:00:00,235.920,235.730,235.010,0.250,0.350,0.410,0.230,0.056,0.079,0.094,-0.046,-0.010,-0.018,-0.015,0.979,50.100
2510203114,2026-10-04 02:00:00,231.840,232.100,232.430,0.270,0.260,0.240,0.171,0.075,0.046,0.049,0.024,0.006,0.003,0.014,0.988,50.120
2510203117,2026-10-04 02:00:00,230.560,231.680,231.350,0.270,0.220,0.180,0.145,0.060,0.048,0.036,-0.035,-0.007,-0.017,-0.010,0.975,50.080
2510203120,2026-10-04 02:00:00,237.530,236.750,237.020,0.890,0.690,0.720,0.506,0.198,0.149,0.158,0.208,0.082,0.063,0.063,0.927,50.100
2510203121,2026-10-04 02:00:00,231.990,231.720,230.840,0.120,0.050,0.120,0.062,0.026,0.008,0.026,-0.025,-0.006,-0.007,-0.011,0.930,50.120
2510203122,2026-10-04 02:00:00,238.030,238.360,237.810,0.030,0.010,0.010,0.007,0.004,0.002,0.000,0.002,0.005,-0.002,-0.001,0.954,50.110
2510203123,2026-10-04 02:00:00,238.080,238.190,238.670,0.010,0.010,0.000,0.005,0.002,0.002,0.000,-0.003,-0.001,-0.001,0.000,0.810,50.120
2510203124,2026-10-04 02:00:00,238.790,238.820,238.260,0.010,0.010,0.030,0.009,0.000,0.001,0.006,-0.001,0.000,0.000,0.000,1.000,50.110
2510203125,2026-10-04 02:00:00,235.230,236.230,236.050,0.060,0.010,0.070,0.031,0.012,0.002,0.016,-0.007,-0.002,-0.002,-0.002,0.988,50.130
2510203126,2026-10-04 02:00:00,232.250,231.970,231.130,0.080,0.020,0.000,0.024,0.019,0.004,0.000,-0.002,-0.001,0.000,0.000,1.000,50.130
2510203127,2026-10-04 02:00:00,238.500,238.880,238.360,0.240,0.310,0.220,0.155,0.046,0.063,0.044,0.097,0.033,0.036,0.027,0.847,50.130
2510203128,2026-10-04 02:00:00,237.120,237.280,235.790,2.190,2.100,2.240,1.497,0.508,0.480,0.511,0.199,0.041,0.064,0.093,0.991,50.110
2510203130,2026-10-04 02:00:00,246.520,246.480,248.150,0.000,0.010,0.020,0.006,0.000,0.002,0.003,-0.001,0.000,0.000,-0.001,0.911,50.110
2510203133,2026-10-04 02:00:00,237.630,237.900,237.470,0.020,0.020,0.000,0.010,0.004,0.004,0.000,-0.002,0.000,-0.002,0.000,0.999,50.100
2510203134,2026-10-04 02:00:00,238.520,237.630,237.790,0.020,0.010,0.010,0.007,0.004,0.001,0.001,-0.001,0.000,-0.001,0.000,0.972,50.100
2510224049,2026-10-04 02:00:00,231.490,230.640,231.870,15.950,14.530,7.670,7.440,2.740,3.140,1.550,-1.740,-0.680,-0.500,-0.550,0.973,50.130
2510224167,2026-10-04 02:00:00,231.760,231.420,230.690,5.800,4.500,4.790,2.680,1.170,0.730,0.770,-1.920,-0.560,-0.660,-0.690,0.812,50.100
2510317516,2026-10-04 02:00:00,232.090,231.760,230.930,0.000,0.000,0.000,0.000,0.000,0.000,0.000,0.000,0.000,0.000,0.000,1.000,50.100
2510317537,2026-10-04 02:00:00,237.800,237.680,238.380,2.130,2.170,2.010,1.450,0.460,0.510,0.480,-0.250,-0.070,-0.080,-0.090,0.984,50.110
2510389559,2026-10-04 02:00:00,236.120,235.060,236.300,0.000,0.000,0.000,0.000,0.000,0.000,0.000,0.000,0.000,0.000,0.000,1.000,50.100
2510389643,2026-10-04 02:00:00,236.620,235.520,236.720,5.540,13.840,13.220,7.330,1.220,3.100,3.000,-1.230,-0.160,-0.570,-0.490,0.986,50.110
2510389931,2026-10-04 02:00:00,235.990,234.660,236.180,3.120,15.980,6.390,5.940,0.720,3.720,1.490,-0.650,-0.090,-0.360,-0.190,0.993,50.130
2510633381,2026-10-04 02:00:00,238.620,237.810,238.130,0.050,0.090,0.010,0.033,0.010,0.020,0.002,-0.011,-0.005,-0.004,-0.001,0.946,50.110
2510633382,2026-10-04 02:00:00,235.160,236.250,235.970,0.140,0.160,0.190,0.110,0.030,0.036,0.043,-0.032,-0.011,-0.011,-0.009,0.959,50.160
2510633383,2026-10-04 02:00:00,238.290,238.390,238.790,0.110,0.080,0.090,0.024,0.006,0.007,0.010,-0.062,-0.024,-0.018,-0.019,0.366,50.120
2510633385,2026-10-04 02:00:00,236.560,235.500,236.770,0.130,0.430,0.330,0.206,0.029,0.100,0.076,-0.025,-0.004,-0.008,-0.013,0.991,50.160
2510633386,2026-10-04 02:00:00,223.550,223.780,224.340,0.060,0.020,0.010,0.018,0.011,0.004,0.002,0.005,0.004,0.000,0.001,0.985,50.170
2510633387,2026-10-04 02:00:00,238.240,238.610,238.140,0.010,0.000,0.150,0.038,0.002,0.000,0.036,-0.004,0.000,0.000,-0.004,0.994,50.160
2510633389,2026-10-04 02:00:00,236.470,236.310,235.340,0.130,0.120,0.120,0.032,0.009,0.009,0.012,-0.083,-0.029,-0.027,-0.026,0.367,50.150
2510633390,2026-10-04 02:00:00,237.930,238.720,237.650,1.580,1.900,1.840,1.063,0.331,0.382,0.349,0.324,0.080,0.104,0.138,0.958,50.130
2510633391,2026-10-04 02:00:00,125.410,125.110,125.220,0.000,0.000,0.000,0.000,0.000,0.000,0.000,0.000,0.000,0.000,0.000,1.000,50.150
2510633393,2026-10-04 02:00:00,234.760,235.900,235.740,0.000,0.000,0.000,0.000,0.000,0.000,0.000,0.000,0.000,0.000,0.000,1.000,50.120
2510633395,2026-10-04 02:00:00,238.370,238.720,238.200,0.000,0.000,0.000,0.000,0.000,0.000,0.000,0.000,0.000,0.000,0.000,1.000,50.110
2510633396,2026-10-04 02:00:00,238.800,238.180,238.790,0.010,0.060,0.000,0.015,0.001,0.013,0.000,0.000,0.000,0.000,0.000,1.000,50.110
2510633397,2026-10-04 02:00:00,244.820,243.860,244.230,0.040,0.030,0.030,0.023,0.010,0.006,0.006,-0.006,-0.002,-0.001,-0.002,0.971,50.130
2510633399,2026-10-04 02:00:00,231.820,231.480,230.750,0.230,0.320,0.310,0.197,0.052,0.074,0.070,0.009,0.003,0.003,0.002,0.999,50.130
2510633400,2026-10-04 02:00:00,230.770,230.050,231.040,0.400,0.400,0.420,0.247,0.078,0.081,0.087,0.125,0.042,0.040,0.040,0.891,50.140
2510633402,2026-10-04 02:00:00,233.210,233.210,234.680,0.770,0.820,0.860,0.417,0.126,0.138,0.153,0.189,0.062,0.061,0.065,0.957,50.160
2510633406,2026-10-04 02:00:00,231.940,231.550,230.950,0.090,0.080,0.080,0.045,0.019,0.012,0.012,-0.033,-0.009,-0.011,-0.011,0.808,50.150
2510633411,2026-10-04 02:00:00,228.840,229.750,229.130,1.580,1.560,1.630,1.040,0.346,0.344,0.349,0.377,0.117,0.117,0.143,0.939,50.150
2510814977,2026-10-04 02:00:00,234.090,235.550,234.010,0.020,0.010,0.010,0.005,0.003,0.000,0.002,-0.002,0.000,-0.001,-0.001,0.971,50.130
2610026950,2026-10-04 02:00:00,230.940,231.920,231.660,0.010,0.000,0.010,0.005,0.001,0.000,0.003,-0.001,0.000,0.000,0.000,0.948,50.140
2610026952,2026-10-04 02:00:00,238.300,237.760,237.810,0.540,0.550,0.520,0.351,0.118,0.117,0.114,0.118,0.038,0.041,0.038,0.944,50.140
2610026953,2026-10-04 02:00:00,235.290,234.300,235.440,0.580,0.630,0.580,0.385,0.120,0.134,0.127,0.181,0.065,0.058,0.058,0.904,50.130
2610026963,2026-10-04 02:00:00,238.640,238.600,239.090,0.170,0.110,0.100,0.078,0.035,0.023,0.020,-0.047,-0.019,-0.013,-0.014,0.850,50.110
2610026966,2026-10-04 02:00:00,233.440,233.700,232.790,0.050,0.060,0.070,0.037,0.010,0.012,0.014,0.015,0.003,0.004,0.006,0.931,50.110
2610026976,2026-10-04 02:00:00,238.340,238.260,238.930,0.280,0.530,0.610,0.333,0.065,0.125,0.142,-0.035,-0.012,0.003,-0.025,0.994,50.120
2610126270,2026-10-04 02:00:00,231.720,230.800,231.960,0.020,0.030,0.020,0.015,0.004,0.005,0.004,-0.005,-0.001,-0.001,-0.001,0.939,50.120
2610126451,2026-10-04 02:00:00,238.690,238.910,238.440,0.000,0.010,0.040,0.012,0.001,0.001,0.010,0.000,0.000,0.000,0.001,0.965,50.130
2610159557,2026-10-04 02:00:00,238.620,237.850,238.000,0.020,0.010,0.010,0.006,0.003,0.001,0.001,-0.005,-0.003,0.000,-0.001,0.854,50.140
2610159558,2026-10-04 02:00:00,237.890,238.120,238.670,0.000,0.000,0.010,0.002,0.000,0.000,0.001,0.000,0.000,0.000,0.000,0.827,50.130
2610170785,2026-10-04 02:00:00,238.470,237.700,238.000,0.010,0.000,0.000,0.002,0.002,0.000,0.000,0.000,0.000,0.000,0.000,1.000,50.130
2610170786,2026-10-04 02:00:00,237.510,237.670,238.150,0.780,0.840,0.890,0.503,0.161,0.163,0.178,0.163,0.052,0.051,0.058,0.961,50.100
2610170836,2026-10-04 02:00:00,238.160,238.510,238.880,0.000,0.010,0.000,0.001,0.000,0.001,0.000,0.000,0.000,0.000,0.000,0.722,50.130
2610170837,2026-10-04 02:00:00,235.510,233.780,233.960,0.000,0.000,0.020,0.005,0.000,0.000,0.005,0.000,0.000,0.000,0.000,1.000,50.130
2610170838,2026-10-04 02:00:00,238.240,237.370,237.760,0.010,0.030,0.080,0.027,0.002,0.006,0.018,0.000,0.000,0.001,0.000,0.995,50.090
2610170839,2026-10-04 02:00:00,237.620,237.860,238.470,0.010,0.020,0.020,0.010,0.002,0.004,0.003,-0.002,0.000,0.000,0.000,0.945,50.130
2610170840,2026-10-04 02:00:00,236.170,234.940,236.440,0.090,0.400,0.160,0.151,0.020,0.093,0.037,-0.017,-0.002,-0.009,-0.005,0.996,50.130
2610322967,2026-10-04 02:00:00,239.000,238.120,238.160,0.000,0.000,0.010,0.003,0.000,0.000,0.003,0.000,0.000,0.000,0.000,0.941,50.140
2610322969,2026-10-04 02:00:00,230.790,231.600,231.660,0.330,0.250,0.020,0.089,0.071,0.012,0.005,0.079,0.024,0.053,0.000,0.740,50.130
2610322982,2026-10-04 02:00:00,237.970,238.140,238.700,0.010,0.020,0.030,0.011,0.002,0.003,0.005,-0.006,-0.001,-0.002,-0.003,0.876,50.130
2610322992,2026-10-04 02:00:00,233.930,234.380,235.380,0.070,0.420,0.280,0.179,0.016,0.097,0.065,0.014,0.004,0.000,0.010,0.999,50.130
2610322995,2026-10-04 02:00:00,237.820,237.980,238.560,0.000,0.030,0.030,0.012,0.000,0.006,0.006,-0.009,0.000,-0.004,-0.003,0.810,50.130
2610322997,2026-10-04 02:00:00,234.170,235.680,234.110,0.080,0.090,0.060,0.046,0.016,0.018,0.011,0.023,0.005,0.009,0.007,0.897,50.130
2610323001,2026-10-04 02:00:00,233.820,232.120,232.260,1.490,1.610,1.580,0.995,0.314,0.342,0.336,0.418,0.137,0.144,0.135,0.922,50.130
2610323004,2026-10-04 02:00:00,64.960,64.390,64.870,0.190,0.170,0.190,0.033,0.011,0.010,0.011,0.010,0.004,0.003,0.002,0.952,50.140
2610323005,2026-10-04 02:00:00,231.800,230.850,231.940,0.000,0.000,0.000,0.001,0.000,0.001,0.000,0.000,0.000,0.000,0.000,0.932,50.130
2610323010,2026-10-04 02:00:00,236.170,235.940,235.140,0.060,0.000,0.000,0.012,0.012,0.000,0.000,-0.006,-0.006,0.000,0.000,0.909,50.140
2610323014,2026-10-04 02:00:00,238.220,238.360,238.790,0.000,0.000,0.000,0.000,0.000,0.000,0.000,-0.001,0.000,0.000,0.000,0.632,50.130
2610323016,2026-10-04 02:00:00,233.520,232.130,232.270,1.540,1.480,1.410,0.886,0.313,0.292,0.282,0.497,0.167,0.169,0.161,0.872,50.120
2610323017,2026-10-04 02:00:00,237.920,238.590,237.920,0.040,0.020,0.020,0.016,0.007,0.004,0.003,-0.010,-0.005,-0.003,-0.002,0.815,50.110
2610323019,2026-10-04 02:00:00,231.600,230.880,231.970,0.060,0.020,0.030,0.023,0.012,0.004,0.005,-0.008,-0.004,-0.001,-0.002,0.965,50.120
2610323027,2026-10-04 02:00:00,238.670,237.730,238.060,0.020,0.030,0.020,0.014,0.004,0.005,0.003,-0.010,-0.003,-0.004,-0.003,0.808,50.110
2510317505,2026-10-04 02:01:00,231.690,231.370,230.560,11.860,3.670,5.310,3.770,2.370,0.590,0.800,-1.800,-0.530,-0.560,-0.690,0.902,50.140
2610026977,2026-10-04 02:02:00,244.090,244.110,243.220,0.180,0.440,0.520,0.272,0.039,0.107,0.126,0.027,0.019,0.005,0.002,0.994,50.070
2246006313,2026-10-04 02:30:00,58.000,57.900,58.200,0.887,0.862,0.883,0.149,0.050,0.048,0.050,0.026,0.007,0.008,0.009,0.984,49.920
2410121326,2026-10-04 02:30:00,238.120,237.640,237.760,0.090,0.090,0.090,0.058,0.020,0.020,0.017,0.021,0.006,0.003,0.011,0.937,50.100
2410121353,2026-10-04 02:30:00,238.990,238.420,238.640,0.000,0.010,0.050,0.014,0.000,0.002,0.012,-0.001,0.000,0.000,0.000,0.997,50.140
2410121371,2026-10-04 02:30:00,239.160,238.450,238.640,0.010,0.010,0.030,0.009,0.000,0.000,0.007,-0.002,0.000,-0.001,0.000,0.931,50.120
2410121424,2026-10-04 02:30:00,239.150,238.620,238.750,0.010,0.010,0.010,0.004,0.000,0.001,0.002,-0.003,-0.001,-0.001,0.000,0.787,50.120
2410121440,2026-10-04 02:30:00,238.040,237.520,237.670,0.010,0.010,0.010,0.004,0.002,0.000,0.001,-0.003,-0.002,-0.001,0.000,0.805,50.140
2410121454,2026-10-04 02:30:00,238.760,239.260,238.650,0.080,0.160,0.140,0.089,0.017,0.038,0.033,0.014,0.006,0.004,0.003,0.986,50.130
2410121574,2026-10-04 02:30:00,238.300,237.540,237.630,0.220,0.170,0.150,0.121,0.050,0.037,0.033,-0.039,-0.010,-0.015,-0.012,0.952,50.130
2410131378,2026-10-04 02:30:00,238.770,239.180,238.820,0.010,0.010,0.040,0.013,0.001,0.001,0.009,-0.004,-0.001,-0.001,0.000,0.966,50.130
2410131383,2026-10-04 02:30:00,237.140,236.760,236.060,0.060,0.030,0.060,0.035,0.013,0.007,0.014,-0.003,0.000,-0.001,-0.001,0.985,50.110
2410131384,2026-10-04 02:30:00,238.120,238.620,237.940,0.040,0.140,0.110,0.064,0.008,0.030,0.024,0.005,0.000,-0.001,0.003,0.993,49.950
2410320615,2026-10-04 02:30:00,235.210,236.130,236.350,1.210,1.230,1.400,0.931,0.311,0.298,0.321,0.080,0.012,0.032,0.031,0.996,49.920
2410883988,2026-10-04 02:30:00,232.040,231.090,232.240,0.020,0.000,0.090,0.025,0.004,0.000,0.020,-0.002,0.000,0.000,-0.001,1.000,49.980
2410883990,2026-10-04 02:30:00,230.720,231.770,231.580,0.080,0.000,0.180,0.058,0.017,0.000,0.040,0.003,0.001,0.000,0.001,0.994,50.000
2410883991,2026-10-04 02:30:00,237.350,237.520,238.130,0.090,0.120,0.160,0.082,0.019,0.027,0.035,0.018,0.004,0.007,0.007,0.980,49.930
2410883993,2026-10-04 02:30:00,238.380,237.680,237.840,0.800,0.700,0.850,0.545,0.182,0.165,0.200,-0.084,-0.027,-0.032,-0.024,0.988,50.010
2410883994,2026-10-04 02:30:00,238.230,237.420,237.830,0.020,0.050,0.020,0.018,0.004,0.011,0.003,-0.004,-0.001,-0.001,0.000,0.983,49.920
2410932742,2026-10-04 02:30:00,233.270,231.580,231.940,2.520,2.450,2.510,1.566,0.533,0.505,0.526,0.515,0.172,0.176,0.165,0.949,49.920
2411087432,2026-10-04 02:30:00,237.330,237.780,237.260,0.040,0.080,0.080,0.047,0.009,0.019,0.018,-0.003,0.004,-0.003,-0.004,1.000,49.970
2411087433,2026-10-04 02:30:00,237.990,238.200,238.790,0.550,0.510,0.570,0.396,0.132,0.128,0.135,0.040,0.013,0.013,0.012,0.992,50.010
2411290205,2026-10-04 02:30:00,236.180,235.390,236.370,0.140,0.130,0.140,0.096,0.033,0.030,0.032,0.008,0.003,0.002,0.002,0.993,49.930
2510014481,2026-10-04 02:30:00,232.230,232.350,233.510,1.450,1.490,1.920,1.306,0.414,0.421,0.471,0.596,0.188,0.192,0.191,0.881,50.010
2510014482,2026-10-04 02:30:00,237.440,237.750,237.260,0.010,0.030,0.000,0.009,0.002,0.006,0.000,-0.005,-0.002,-0.003,0.000,0.830,49.970
2510014483,2026-10-04 02:30:00,237.780,238.020,238.550,0.050,0.040,0.060,0.023,0.009,0.005,0.008,-0.021,-0.006,-0.006,-0.009,0.760,50.000
2510178139,2026-10-04 02:30:00,238.150,238.590,237.990,0.160,0.150,0.170,0.095,0.031,0.029,0.042,0.054,0.019,0.020,0.015,0.891,50.040
2510178141,2026-10-04 02:30:00,237.990,238.020,238.380,0.020,0.010,0.020,0.007,0.002,0.000,0.003,-0.009,-0.004,-0.001,-0.003,0.601,49.970
2510203103,2026-10-04 02:30:00,229.490,227.850,228.070,0.090,0.120,0.100,0.066,0.019,0.026,0.021,-0.025,-0.009,-0.007,-0.008,0.937,49.930
2510203104,2026-10-04 02:30:00,231.900,231.840,232.280,0.380,0.270,0.340,0.261,0.103,0.069,0.089,0.054,0.008,0.018,0.028,0.978,49.970
2510203105,2026-10-04 02:30:00,235.760,234.100,234.420,0.050,0.090,0.070,0.035,0.008,0.016,0.010,0.034,0.008,0.012,0.013,0.725,50.030
2510203106,2026-10-04 02:30:00,236.510,235.630,236.900,0.060,0.040,0.050,0.032,0.012,0.008,0.010,-0.007,-0.004,-0.001,-0.002,0.976,49.950
2510203107,2026-10-04 02:30:00,224.970,224.200,225.200,0.290,0.310,0.270,0.195,0.065,0.069,0.060,-0.022,-0.008,-0.007,-0.006,0.994,49.990
2510203108,2026-10-04 02:30:00,237.310,237.850,237.210,0.740,0.610,0.830,0.485,0.161,0.135,0.188,0.034,0.022,0.004,0.007,0.998,49.910
2510203109,2026-10-04 02:30:00,238.100,238.560,237.810,0.040,0.070,0.080,0.044,0.006,0.017,0.019,0.009,0.005,0.001,0.002,0.980,50.030
2510203111,2026-10-04 02:30:00,237.980,238.150,238.600,0.020,0.020,0.000,0.008,0.004,0.004,0.000,-0.001,-0.001,0.000,0.000,1.000,49.950
2510203113,2026-10-04 02:30:00,236.630,236.370,235.710,0.250,0.350,0.360,0.218,0.056,0.079,0.082,-0.044,-0.011,-0.018,-0.014,0.979,49.980
2510203114,2026-10-04 02:30:00,231.900,232.170,232.480,0.430,0.340,0.390,0.282,0.102,0.092,0.088,0.035,0.010,0.006,0.016,0.995,50.040
2510203117,2026-10-04 02:30:00,230.530,231.700,231.380,0.240,0.220,0.160,0.138,0.054,0.048,0.036,-0.035,-0.006,-0.017,-0.010,0.966,49.920
2510203120,2026-10-04 02:30:00,237.380,236.610,236.900,0.990,0.790,0.840,0.562,0.215,0.166,0.180,0.233,0.087,0.074,0.071,0.925,49.910
2510203121,2026-10-04 02:30:00,231.820,231.700,230.820,0.100,0.050,0.110,0.054,0.022,0.008,0.023,-0.025,-0.006,-0.007,-0.011,0.904,50.020
2510203122,2026-10-04 02:30:00,237.630,238.150,237.600,0.090,0.010,0.010,0.016,0.012,0.002,0.000,0.012,0.015,-0.002,-0.001,0.805,49.980
2510203123,2026-10-04 02:30:00,237.760,237.890,238.360,0.010,0.010,0.000,0.005,0.002,0.002,0.000,-0.003,-0.001,-0.001,0.000,0.812,49.970
2510203124,2026-10-04 02:30:00,238.360,238.420,237.860,0.010,0.010,0.030,0.011,0.001,0.001,0.007,-0.001,0.000,0.000,0.000,0.956,50.060
2510203125,2026-10-04 02:30:00,235.640,236.670,236.410,0.060,0.010,0.070,0.031,0.013,0.002,0.016,-0.007,-0.002,-0.002,-0.002,0.961,50.010
2510203126,2026-10-04 02:30:00,232.260,231.960,231.100,0.090,0.020,0.000,0.025,0.020,0.004,0.000,-0.002,-0.001,0.000,0.000,1.000,50.090
2510203127,2026-10-04 02:30:00,237.870,238.300,237.840,0.240,0.340,0.220,0.158,0.046,0.066,0.044,0.104,0.032,0.044,0.027,0.833,50.090
2510203128,2026-10-04 02:30:00,236.880,237.110,235.700,2.110,2.040,2.130,1.444,0.489,0.468,0.487,0.185,0.039,0.061,0.083,0.992,49.910
2510203130,2026-10-04 02:30:00,246.740,246.790,248.350,0.000,0.010,0.020,0.006,0.000,0.002,0.003,-0.001,0.000,0.000,-0.001,0.907,50.050
2510203133,2026-10-04 02:30:00,237.210,237.600,237.080,0.030,0.020,0.000,0.011,0.006,0.004,0.000,-0.002,0.000,-0.002,0.000,0.953,49.970
2510203134,2026-10-04 02:30:00,238.610,237.750,237.850,0.020,0.010,0.010,0.007,0.004,0.001,0.001,-0.001,0.000,-0.001,0.000,0.976,49.930
2510224049,2026-10-04 02:30:00,231.360,230.500,231.760,15.970,14.550,7.670,7.440,2.750,3.130,1.550,-1.720,-0.680,-0.480,-0.550,0.974,50.000
2510224167,2026-10-04 02:30:00,231.670,231.340,230.530,5.800,4.490,4.790,2.680,1.170,0.730,0.770,-1.920,-0.560,-0.660,-0.680,0.812,49.960
2510317505,2026-10-04 02:30:00,231.810,231.590,230.730,10.040,3.670,5.300,3.360,1.960,0.590,0.810,-1.800,-0.540,-0.560,-0.690,0.881,49.980
2510317516,2026-10-04 02:30:00,232.000,231.690,230.780,0.000,0.000,0.000,0.000,0.000,0.000,0.000,0.000,0.000,0.000,0.000,1.000,49.970
2510317537,2026-10-04 02:30:00,237.660,237.710,238.210,2.610,2.670,2.520,1.630,0.530,0.540,0.500,-0.260,-0.070,-0.100,-0.080,0.984,49.970
2510389559,2026-10-04 02:30:00,236.760,235.760,236.750,0.000,0.000,0.000,0.000,0.000,0.000,0.000,0.000,0.000,0.000,0.000,1.000,49.980
2510389643,2026-10-04 02:30:00,236.920,235.770,236.820,5.550,13.820,13.220,7.330,1.220,3.100,3.000,-1.230,-0.160,-0.580,-0.490,0.986,49.980
2510389931,2026-10-04 02:30:00,236.230,235.010,236.500,3.110,15.920,6.370,5.930,0.720,3.720,1.490,-0.660,-0.090,-0.360,-0.190,0.993,49.990
2510633381,2026-10-04 02:30:00,238.720,237.910,238.150,0.050,0.090,0.010,0.032,0.010,0.019,0.002,-0.011,-0.005,-0.004,-0.001,0.945,50.070
2510633383,2026-10-04 02:30:00,238.400,238.400,238.880,0.110,0.080,0.090,0.023,0.007,0.008,0.008,-0.062,-0.024,-0.018,-0.019,0.358,50.120
2510633385,2026-10-04 02:30:00,236.910,235.900,236.870,0.120,0.430,0.460,0.235,0.027,0.100,0.107,-0.011,-0.006,-0.008,0.003,0.999,50.120
2510633386,2026-10-04 02:30:00,223.570,223.880,224.430,0.040,0.020,0.010,0.014,0.007,0.004,0.002,0.004,0.003,0.000,0.001,0.975,50.110
2510633387,2026-10-04 02:30:00,238.180,238.650,238.130,0.010,0.000,0.150,0.038,0.002,0.000,0.036,-0.004,0.000,0.000,-0.004,0.997,50.120
2510633389,2026-10-04 02:30:00,237.190,236.910,235.830,0.130,0.120,0.120,0.031,0.009,0.009,0.012,-0.082,-0.028,-0.027,-0.026,0.353,50.120
2510633390,2026-10-04 02:30:00,238.070,238.900,237.890,1.450,1.630,1.490,1.002,0.318,0.362,0.321,0.306,0.073,0.088,0.144,0.954,50.120
2510633391,2026-10-04 02:30:00,125.430,125.130,125.190,0.000,0.000,0.000,0.000,0.000,0.000,0.000,0.000,0.000,0.000,0.000,1.000,50.100
2510633393,2026-10-04 02:30:00,235.710,236.800,236.600,0.000,0.000,0.000,0.000,0.000,0.000,0.000,0.000,0.000,0.000,0.000,1.000,50.120
2510633395,2026-10-04 02:30:00,237.880,238.280,237.790,0.000,0.000,0.000,0.000,0.000,0.000,0.000,0.000,0.000,0.000,0.000,1.000,50.050
2510633397,2026-10-04 02:30:00,244.970,244.030,244.380,0.040,0.030,0.030,0.022,0.009,0.006,0.006,-0.006,-0.002,-0.001,-0.002,0.941,50.110
2510633399,2026-10-04 02:30:00,231.770,231.440,230.670,0.250,0.340,0.340,0.213,0.057,0.078,0.077,0.009,0.003,0.004,0.002,0.997,50.090
2510633400,2026-10-04 02:30:00,230.870,230.100,231.070,0.530,0.500,0.520,0.333,0.106,0.110,0.116,0.145,0.053,0.050,0.050,0.912,50.110
2510633402,2026-10-04 02:30:00,233.670,233.710,235.060,0.860,0.900,0.990,0.490,0.150,0.161,0.178,0.234,0.077,0.076,0.079,0.932,50.110
2510633406,2026-10-04 02:30:00,231.790,231.430,230.730,0.090,0.080,0.080,0.045,0.019,0.012,0.012,-0.033,-0.009,-0.011,-0.011,0.808,50.010
2510633411,2026-10-04 02:30:00,228.220,229.100,228.510,1.940,1.980,2.010,1.258,0.415,0.425,0.417,0.478,0.144,0.152,0.181,0.933,50.110
2510814977,2026-10-04 02:30:00,234.160,235.510,234.000,0.010,0.010,0.010,0.005,0.003,0.000,0.002,-0.002,0.000,-0.001,-0.001,0.897,50.010
2610026950,2026-10-04 02:30:00,230.730,231.710,231.490,0.010,0.000,0.010,0.006,0.002,0.000,0.003,-0.001,0.000,0.000,0.000,0.937,50.010
2610026952,2026-10-04 02:30:00,236.110,235.680,235.550,1.450,1.400,1.460,0.881,0.292,0.288,0.301,0.493,0.173,0.158,0.161,0.872,50.010
2610026953,2026-10-04 02:30:00,235.630,234.730,235.840,0.510,0.560,0.550,0.337,0.107,0.119,0.109,0.181,0.065,0.058,0.058,0.882,50.010
2610026963,2026-10-04 02:30:00,238.250,238.180,238.750,0.180,0.110,0.100,0.088,0.041,0.024,0.021,-0.032,-0.013,-0.008,-0.010,0.937,50.070
2610026966,2026-10-04 02:30:00,234.100,234.300,233.360,0.050,0.040,0.060,0.032,0.011,0.008,0.012,0.016,0.004,0.003,0.008,0.894,50.050
2610026976,2026-10-04 02:30:00,238.110,237.930,238.550,0.210,0.460,0.720,0.326,0.048,0.109,0.168,-0.034,-0.012,0.002,-0.024,0.995,50.080
2610026977,2026-10-04 02:30:00,245.360,245.410,244.560,0.180,0.440,0.520,0.272,0.039,0.107,0.126,0.028,0.020,0.005,0.002,0.995,50.100
2610126270,2026-10-04 02:30:00,231.520,230.600,231.780,0.020,0.030,0.020,0.015,0.005,0.005,0.004,-0.005,-0.001,-0.001,-0.001,0.962,49.990
2610126451,2026-10-04 02:30:00,238.300,238.620,237.960,0.000,0.010,0.030,0.008,0.001,0.001,0.006,0.001,0.000,0.000,0.002,0.942,50.020
2610159557,2026-10-04 02:30:00,238.590,237.790,237.980,0.020,0.010,0.030,0.011,0.003,0.001,0.006,-0.005,-0.003,0.000,-0.001,0.884,50.010
2610159558,2026-10-04 02:30:00,237.740,238.010,238.610,0.000,0.000,0.010,0.002,0.000,0.000,0.001,0.000,0.000,0.000,0.000,1.000,50.000
2610170785,2026-10-04 02:30:00,238.490,237.670,238.020,0.000,0.000,0.000,0.000,0.000,0.000,0.000,0.000,0.000,0.000,0.000,0.617,50.000
2610170786,2026-10-04 02:30:00,237.580,237.830,238.340,0.550,0.410,0.500,0.294,0.085,0.095,0.113,0.072,0.023,0.021,0.025,0.971,49.970
2610170836,2026-10-04 02:30:00,237.700,237.970,238.430,0.000,0.010,0.000,0.001,0.000,0.001,0.000,0.000,0.000,0.000,0.000,0.707,50.000
2610170837,2026-10-04 02:30:00,235.420,233.820,234.060,0.000,0.000,0.020,0.005,0.000,0.000,0.004,0.000,0.000,0.000,0.000,1.000,50.000
2610170838,2026-10-04 02:30:00,238.440,237.430,237.840,0.010,0.060,0.080,0.036,0.002,0.015,0.018,0.000,0.000,0.000,0.000,1.000,49.970
2610170839,2026-10-04 02:30:00,237.640,237.920,238.500,0.010,0.020,0.020,0.010,0.002,0.004,0.003,-0.002,0.000,0.000,0.000,0.959,50.000
2610170840,2026-10-04 02:30:00,236.310,235.150,236.590,0.090,0.400,0.160,0.151,0.020,0.093,0.037,-0.017,-0.002,-0.009,-0.005,0.994,50.100
2610322967,2026-10-04 02:30:00,239.060,238.070,238.140,0.000,0.000,0.010,0.003,0.000,0.000,0.003,0.000,0.000,0.000,0.000,0.927,50.000
2610322969,2026-10-04 02:30:00,230.570,231.470,231.490,0.300,0.240,0.020,0.082,0.063,0.014,0.004,0.077,0.024,0.053,0.000,0.729,50.010
2610322982,2026-10-04 02:30:00,237.920,238.120,238.750,0.010,0.020,0.030,0.011,0.002,0.003,0.005,-0.006,-0.001,-0.002,-0.003,0.879,50.020
2610322992,2026-10-04 02:30:00,234.020,234.640,235.380,0.070,0.340,0.260,0.154,0.016,0.078,0.059,0.013,0.004,0.001,0.008,0.998,49.980
2610322995,2026-10-04 02:30:00,237.810,238.020,238.590,0.000,0.030,0.030,0.012,0.000,0.006,0.006,-0.008,0.000,-0.004,-0.003,0.805,50.000
2610322997,2026-10-04 02:30:00,234.100,235.470,233.930,0.070,0.080,0.060,0.044,0.015,0.017,0.011,0.022,0.006,0.008,0.007,0.883,50.000
2610323001,2026-10-04 02:30:00,233.850,232.230,232.520,1.310,1.460,1.410,0.866,0.270,0.303,0.293,0.392,0.128,0.136,0.127,0.909,50.000
2610323004,2026-10-04 02:30:00,64.900,64.390,64.870,0.190,0.170,0.190,0.032,0.011,0.009,0.011,0.011,0.004,0.003,0.002,0.944,50.010
2610323005,2026-10-04 02:30:00,231.620,230.700,231.810,0.000,0.000,0.000,0.001,0.000,0.001,0.000,0.000,0.000,0.000,0.000,0.936,50.010
2610323010,2026-10-04 02:30:00,236.750,236.450,235.650,0.060,0.000,0.000,0.013,0.013,0.000,0.000,-0.006,-0.006,0.000,0.000,0.925,50.010
2610323014,2026-10-04 02:30:00,237.850,237.920,238.400,0.000,0.000,0.000,0.000,0.000,0.000,0.000,-0.001,0.000,0.000,0.000,0.612,50.000
2610323017,2026-10-04 02:30:00,237.900,238.490,237.940,0.040,0.020,0.020,0.016,0.007,0.004,0.003,-0.010,-0.004,-0.003,-0.002,0.816,50.020
2610323019,2026-10-04 02:30:00,231.430,230.710,231.840,0.020,0.060,0.030,0.023,0.004,0.013,0.005,-0.008,-0.001,-0.004,-0.002,0.926,49.990
2610323027,2026-10-04 02:30:00,238.510,237.550,238.020,0.020,0.030,0.020,0.014,0.004,0.005,0.003,-0.010,-0.003,-0.004,-0.003,0.810,49.980
2410121457,2026-10-04 02:31:00,236.980,236.220,236.730,1.890,1.960,1.760,1.232,0.414,0.428,0.389,0.423,0.145,0.154,0.123,0.944,50.150
2410131387,2026-10-04 02:31:00,235.770,236.800,236.760,0.070,0.050,0.030,0.032,0.015,0.012,0.004,-0.009,-0.007,0.001,-0.003,0.971,50.130
2510633396,2026-10-04 02:31:00,239.220,238.620,239.160,0.010,0.060,0.010,0.020,0.002,0.015,0.002,0.000,0.000,0.000,0.000,1.000,50.120
2610323016,2026-10-04 02:31:00,233.910,232.560,232.820,1.570,1.500,1.450,0.890,0.314,0.291,0.283,0.533,0.179,0.180,0.173,0.857,50.140
2510014484,2026-10-04 02:32:00,236.590,235.540,236.770,0.100,0.070,0.090,0.060,0.023,0.015,0.021,-0.004,-0.001,-0.001,-0.001,0.990,50.140
2510633382,2026-10-04 02:32:00,235.120,236.350,236.110,0.130,0.150,0.180,0.107,0.030,0.034,0.042,-0.024,-0.008,-0.008,-0.008,0.972,50.110
2246006313,2026-10-04 03:00:00,58.000,57.900,58.200,0.896,0.877,0.898,0.156,0.052,0.050,0.052,0.027,0.008,0.008,0.009,0.985,50.070
2410121326,2026-10-04 03:00:00,239.230,238.700,238.870,0.080,0.110,0.090,0.061,0.017,0.026,0.017,0.021,0.005,0.004,0.011,0.943,50.170
2410121353,2026-10-04 03:00:00,238.630,238.140,238.310,0.000,0.010,0.040,0.011,0.000,0.002,0.008,-0.001,0.000,0.000,0.000,0.952,50.060
2410121371,2026-10-04 03:00:00,239.340,238.720,238.840,0.040,0.010,0.060,0.021,0.008,0.000,0.012,-0.001,0.000,-0.001,0.000,0.986,50.120
2410121440,2026-10-04 03:00:00,239.210,238.690,238.810,0.010,0.000,0.010,0.004,0.002,0.000,0.001,-0.003,-0.002,-0.001,0.000,0.814,50.120
2410121454,2026-10-04 03:00:00,237.800,238.210,237.930,0.090,0.180,0.160,0.115,0.029,0.051,0.046,0.000,0.001,0.000,0.000,1.000,50.060
2410121457,2026-10-04 03:00:00,237.040,236.380,236.830,1.880,1.960,1.760,1.226,0.410,0.426,0.390,0.421,0.145,0.155,0.120,0.945,50.110
2410121574,2026-10-04 03:00:00,238.920,238.150,238.250,0.210,0.170,0.150,0.120,0.049,0.036,0.033,-0.038,-0.010,-0.015,-0.012,0.955,50.050
2410131378,2026-10-04 03:00:00,238.920,239.290,238.920,0.010,0.010,0.030,0.010,0.001,0.001,0.006,-0.004,-0.001,-0.001,0.000,0.926,50.090
2410131383,2026-10-04 03:00:00,237.100,236.730,236.000,0.100,0.080,0.100,0.065,0.023,0.018,0.023,-0.005,0.000,-0.001,-0.002,0.994,50.150
2410131384,2026-10-04 03:00:00,238.570,239.080,238.490,0.040,0.110,0.100,0.059,0.008,0.027,0.023,0.000,0.000,-0.001,0.001,0.999,50.070
2410131387,2026-10-04 03:00:00,235.790,236.700,236.750,0.070,0.050,0.030,0.017,0.007,0.005,0.004,-0.009,-0.002,-0.003,-0.003,0.966,50.110
2410320615,2026-10-04 03:00:00,235.470,236.440,236.750,0.690,0.700,0.680,0.481,0.155,0.166,0.158,0.043,0.012,0.017,0.013,0.995,50.070
2410883988,2026-10-04 03:00:00,232.350,231.460,232.560,0.020,0.000,0.090,0.024,0.004,0.000,0.019,-0.002,0.000,0.000,-0.001,1.000,50.100
2410883990,2026-10-04 03:00:00,231.300,232.290,232.090,0.020,0.000,0.120,0.029,0.003,0.000,0.026,0.004,0.002,0.000,0.002,0.999,50.130
2410883991,2026-10-04 03:00:00,237.990,238.250,238.770,0.070,0.090,0.230,0.092,0.015,0.022,0.054,-0.005,-0.001,-0.002,-0.001,0.998,50.080
2410883993,2026-10-04 03:00:00,238.910,238.290,238.390,0.880,0.640,0.870,0.554,0.202,0.149,0.203,-0.080,-0.028,-0.033,-0.019,0.989,50.120
2410883994,2026-10-04 03:00:00,238.790,238.000,238.380,0.020,0.040,0.030,0.020,0.004,0.010,0.005,-0.004,-0.001,-0.001,-0.001,0.977,50.080
2410932742,2026-10-04 03:00:00,234.140,232.420,232.800,2.530,2.450,2.500,1.569,0.537,0.505,0.526,0.522,0.174,0.183,0.164,0.948,50.080
2411087432,2026-10-04 03:00:00,238.670,239.010,238.510,0.030,0.030,0.090,0.035,0.007,0.005,0.022,-0.002,0.002,-0.003,0.000,0.998,50.100
2411087433,2026-10-04 03:00:00,238.780,238.960,239.540,0.600,0.580,0.610,0.414,0.138,0.135,0.141,-0.046,-0.015,-0.018,-0.012,0.993,50.120
2411290205,2026-10-04 03:00:00,236.520,235.710,236.760,0.140,0.130,0.140,0.096,0.033,0.030,0.032,0.009,0.003,0.002,0.002,0.993,50.070
2510014481,2026-10-04 03:00:00,232.870,233.040,234.040,1.910,1.900,2.140,1.214,0.380,0.366,0.467,0.649,0.224,0.209,0.215,0.895,50.120
2510014482,2026-10-04 03:00:00,238.780,239.000,238.570,0.010,0.040,0.000,0.011,0.002,0.008,0.000,-0.001,-0.002,0.000,0.000,1.000,50.110
2510014483,2026-10-04 03:00:00,238.390,238.590,239.140,0.050,0.040,0.050,0.024,0.009,0.005,0.009,-0.021,-0.006,-0.006,-0.009,0.733,50.120
2510014484,2026-10-04 03:00:00,236.610,235.640,236.810,0.090,0.060,0.080,0.053,0.020,0.013,0.019,-0.002,0.000,0.000,-0.001,1.000,50.120
2510178139,2026-10-04 03:00:00,238.860,239.230,238.620,0.140,0.140,0.160,0.101,0.031,0.031,0.037,0.003,0.002,0.001,0.000,1.000,50.090
2510178141,2026-10-04 03:00:00,238.700,238.770,239.140,0.020,0.010,0.020,0.005,0.002,0.000,0.002,-0.009,-0.004,-0.001,-0.002,0.485,50.120
2510203103,2026-10-04 03:00:00,230.440,228.840,228.990,0.120,0.120,0.120,0.075,0.024,0.025,0.025,-0.026,-0.009,-0.008,-0.008,0.943,50.060
2510203104,2026-10-04 03:00:00,232.350,232.400,232.870,0.270,0.250,0.300,0.189,0.079,0.045,0.064,0.051,0.006,0.017,0.027,0.964,50.080
2510203105,2026-10-04 03:00:00,236.340,234.810,235.120,0.120,0.080,0.070,0.051,0.025,0.016,0.010,0.039,0.014,0.011,0.014,0.798,50.100
2510203106,2026-10-04 03:00:00,236.540,235.670,236.840,0.030,0.040,0.050,0.024,0.005,0.008,0.010,-0.006,-0.003,-0.001,-0.002,0.957,50.070
2510203107,2026-10-04 03:00:00,224.910,224.070,225.140,0.290,0.320,0.260,0.189,0.062,0.070,0.056,0.039,0.012,0.013,0.013,0.976,50.120
2510203108,2026-10-04 03:00:00,238.300,238.590,238.040,0.600,0.620,0.920,0.481,0.130,0.139,0.211,0.035,0.018,0.005,0.011,0.998,50.080
2510203109,2026-10-04 03:00:00,238.400,238.900,238.120,0.030,0.060,0.080,0.038,0.005,0.014,0.018,0.007,0.005,0.000,0.001,0.992,50.090
2510203111,2026-10-04 03:00:00,239.000,239.190,239.560,0.010,0.020,0.000,0.006,0.002,0.004,0.000,-0.002,-0.001,0.000,0.000,0.978,50.060
2510203113,2026-10-04 03:00:00,236.910,236.660,236.020,0.250,0.350,0.370,0.223,0.056,0.080,0.086,-0.045,-0.011,-0.018,-0.015,0.979,50.090
2510203114,2026-10-04 03:00:00,232.310,232.520,232.870,0.140,0.080,0.120,0.075,0.046,0.037,0.036,0.022,0.005,0.002,0.014,0.962,50.100
2510203117,2026-10-04 03:00:00,230.940,232.080,231.720,0.230,0.220,0.170,0.138,0.053,0.047,0.037,-0.034,-0.006,-0.017,-0.009,0.971,50.080
2510203120,2026-10-04 03:00:00,238.290,237.530,237.780,0.980,0.810,0.850,0.576,0.214,0.174,0.186,0.223,0.082,0.072,0.068,0.931,50.080
2510203121,2026-10-04 03:00:00,232.340,232.040,231.250,0.120,0.050,0.120,0.061,0.027,0.008,0.025,-0.025,-0.006,-0.007,-0.011,0.928,50.110
2510203122,2026-10-04 03:00:00,238.760,239.120,238.630,0.090,0.010,0.010,0.015,0.012,0.002,0.000,0.012,0.015,-0.002,-0.001,0.797,50.090
2510203123,2026-10-04 03:00:00,238.630,238.780,239.120,0.010,0.010,0.000,0.005,0.002,0.002,0.000,-0.003,-0.001,-0.001,0.000,0.816,50.070
2510203124,2026-10-04 03:00:00,239.020,239.060,238.570,0.010,0.010,0.030,0.010,0.001,0.001,0.007,-0.001,0.000,0.000,0.000,1.000,50.110
2510203125,2026-10-04 03:00:00,235.830,236.900,236.670,0.090,0.040,0.090,0.050,0.020,0.008,0.021,0.009,0.002,0.003,0.003,0.989,50.120
2510203126,2026-10-04 03:00:00,232.820,232.510,231.750,0.080,0.020,0.000,0.024,0.019,0.004,0.000,-0.002,-0.001,0.000,0.000,1.000,50.160
2510203127,2026-10-04 03:00:00,238.780,239.210,238.760,0.240,0.310,0.220,0.156,0.047,0.063,0.045,0.097,0.033,0.036,0.027,0.848,50.160
2510203128,2026-10-04 03:00:00,237.540,237.880,236.520,2.080,1.970,2.060,1.413,0.485,0.454,0.472,0.179,0.043,0.056,0.079,0.992,50.070
2510203130,2026-10-04 03:00:00,247.270,247.350,248.860,0.000,0.010,0.020,0.006,0.000,0.002,0.004,-0.002,0.000,0.000,-0.001,0.959,50.090
2510203133,2026-10-04 03:00:00,238.510,238.780,238.380,0.020,0.020,0.000,0.010,0.005,0.004,0.000,-0.002,0.000,-0.002,0.000,1.000,50.080
2510203134,2026-10-04 03:00:00,239.010,238.120,238.280,0.020,0.010,0.010,0.007,0.004,0.002,0.001,-0.001,0.000,-0.001,0.000,0.974,50.080
2510224049,2026-10-04 03:00:00,231.830,231.020,232.250,15.910,14.340,7.650,7.400,2.740,3.090,1.550,-1.730,-0.680,-0.480,-0.560,0.973,50.130
2510224167,2026-10-04 03:00:00,232.150,231.790,231.150,5.790,4.500,4.790,2.670,1.170,0.730,0.770,-1.930,-0.560,-0.670,-0.690,0.811,50.120
2510317505,2026-10-04 03:00:00,232.280,232.060,231.280,11.840,3.670,5.290,3.770,2.370,0.590,0.800,-1.800,-0.540,-0.560,-0.700,0.902,50.120
2510317516,2026-10-04 03:00:00,232.490,232.140,231.360,0.000,0.000,0.000,0.000,0.000,0.000,0.000,0.000,0.000,0.000,0.000,1.000,50.120
2510317537,2026-10-04 03:00:00,238.320,238.170,238.850,2.040,2.140,2.030,1.500,0.500,0.500,0.490,-0.250,-0.070,-0.090,-0.090,0.984,50.120
2510389559,2026-10-04 03:00:00,237.290,236.160,237.350,0.000,0.000,0.000,0.000,0.000,0.000,0.000,0.000,0.000,0.000,0.000,1.000,50.110
2510389643,2026-10-04 03:00:00,237.180,235.920,237.130,5.380,13.820,13.200,7.300,1.180,3.100,3.000,-1.220,-0.140,-0.580,-0.490,0.986,50.120
2510389931,2026-10-04 03:00:00,236.350,235.080,236.620,3.110,15.930,6.360,5.930,0.720,3.720,1.480,-0.660,-0.100,-0.360,-0.200,0.993,50.120
2510633381,2026-10-04 03:00:00,239.240,238.480,238.780,0.050,0.090,0.010,0.031,0.009,0.019,0.002,-0.013,-0.005,-0.005,-0.001,0.925,50.130
2510633382,2026-10-04 03:00:00,235.890,237.050,236.840,0.130,0.140,0.180,0.098,0.026,0.031,0.040,-0.040,-0.013,-0.013,-0.013,0.927,50.100
2510633383,2026-10-04 03:00:00,238.820,238.860,239.260,0.110,0.080,0.090,0.024,0.006,0.007,0.010,-0.062,-0.025,-0.018,-0.019,0.366,50.140
2510633385,2026-10-04 03:00:00,236.980,235.760,236.860,0.120,0.640,0.460,0.284,0.028,0.147,0.108,-0.010,-0.004,-0.009,0.003,0.998,50.100
2510633386,2026-10-04 03:00:00,224.030,224.290,224.800,0.040,0.020,0.010,0.015,0.008,0.004,0.002,0.003,0.002,0.000,0.001,0.975,50.100
2510633387,2026-10-04 03:00:00,238.600,239.010,238.560,0.010,0.000,0.150,0.038,0.002,0.000,0.036,-0.004,0.000,0.000,-0.004,0.995,50.100
2510633389,2026-10-04 03:00:00,236.880,236.660,235.710,0.130,0.120,0.120,0.032,0.010,0.009,0.013,-0.081,-0.028,-0.026,-0.025,0.375,50.110
2510633390,2026-10-04 03:00:00,238.210,239.110,238.130,1.530,1.770,1.700,1.072,0.337,0.375,0.358,0.367,0.107,0.118,0.148,0.944,50.120
2510633391,2026-10-04 03:00:00,125.510,125.240,125.310,0.000,0.000,0.000,0.000,0.000,0.000,0.000,0.000,0.000,0.000,0.000,1.000,50.150
2510633393,2026-10-04 03:00:00,236.070,237.230,237.110,0.000,0.000,0.000,0.000,0.000,0.000,0.000,0.000,0.000,0.000,0.000,1.000,50.120
2510633395,2026-10-04 03:00:00,238.710,239.030,238.620,0.000,0.000,0.000,0.000,0.000,0.000,0.000,0.000,0.000,0.000,0.000,1.000,50.090
2510633396,2026-10-04 03:00:00,239.170,238.700,239.190,0.010,0.060,0.010,0.019,0.002,0.013,0.002,0.000,0.000,0.000,0.000,1.000,50.130
2510633397,2026-10-04 03:00:00,245.190,244.230,244.590,0.040,0.030,0.030,0.023,0.010,0.006,0.006,-0.006,-0.002,-0.001,-0.002,0.978,50.130
2510633399,2026-10-04 03:00:00,232.350,231.970,231.310,0.260,0.340,0.340,0.217,0.060,0.078,0.078,0.011,0.004,0.004,0.002,0.996,50.150
2510633400,2026-10-04 03:00:00,231.270,230.570,231.560,0.350,0.360,0.380,0.235,0.073,0.075,0.082,0.118,0.040,0.039,0.038,0.904,50.130
2510633402,2026-10-04 03:00:00,234.230,234.390,235.740,0.730,0.760,0.840,0.488,0.151,0.159,0.177,0.102,0.033,0.033,0.036,0.964,50.110
2510633406,2026-10-04 03:00:00,232.350,231.990,231.350,0.090,0.080,0.080,0.045,0.019,0.012,0.012,-0.033,-0.009,-0.011,-0.011,0.809,50.120
2510633411,2026-10-04 03:00:00,228.950,229.750,229.180,1.670,1.690,1.720,1.068,0.355,0.358,0.354,0.441,0.134,0.140,0.167,0.923,50.150
2510814977,2026-10-04 03:00:00,234.990,236.250,234.820,0.010,0.010,0.010,0.004,0.002,0.000,0.002,-0.004,-0.001,-0.001,-0.001,0.754,50.120
2610026950,2026-10-04 03:00:00,231.290,232.200,231.960,0.010,0.000,0.010,0.004,0.001,0.001,0.002,0.000,0.000,0.000,0.000,0.952,50.120
2610026952,2026-10-04 03:00:00,238.070,237.600,237.640,0.870,0.860,0.860,0.549,0.184,0.182,0.182,0.242,0.082,0.081,0.079,0.914,50.120
2610026953,2026-10-04 03:00:00,236.510,235.240,236.370,0.230,0.260,0.240,0.163,0.055,0.055,0.051,0.052,0.016,0.018,0.016,0.949,50.100
2610026963,2026-10-04 03:00:00,239.070,239.000,239.470,0.190,0.110,0.100,0.084,0.040,0.024,0.019,-0.043,-0.017,-0.012,-0.013,0.893,50.130
2610026966,2026-10-04 03:00:00,233.920,234.100,233.200,0.040,0.050,0.070,0.033,0.009,0.011,0.013,0.017,0.004,0.005,0.008,0.894,50.100
2610026976,2026-10-04 03:00:00,238.820,238.660,239.270,0.200,0.460,0.710,0.323,0.046,0.109,0.167,-0.033,-0.011,0.002,-0.024,0.993,50.130
2610026977,2026-10-04 03:00:00,245.650,245.620,244.710,0.060,0.400,0.510,0.232,0.014,0.096,0.121,-0.047,-0.004,-0.019,-0.023,0.980,50.150
2610126270,2026-10-04 03:00:00,232.020,231.100,232.340,0.020,0.030,0.020,0.016,0.004,0.007,0.004,-0.004,-0.001,0.000,-0.001,0.964,50.120
2610126451,2026-10-04 03:00:00,239.020,239.210,238.760,0.000,0.010,0.070,0.017,0.001,0.001,0.015,0.001,0.000,0.000,0.002,0.992,50.110
2610159557,2026-10-04 03:00:00,239.070,238.330,238.490,0.020,0.010,0.010,0.006,0.003,0.001,0.001,-0.005,-0.003,0.000,-0.001,0.776,50.120
2610159558,2026-10-04 03:00:00,238.240,238.490,239.030,0.000,0.000,0.000,0.000,0.000,0.000,0.000,0.000,0.000,0.000,0.000,0.853,50.110
2610170785,2026-10-04 03:00:00,239.000,238.250,238.520,0.010,0.000,0.000,0.002,0.002,0.000,0.000,0.000,0.000,0.000,0.000,1.000,50.120
2610170786,2026-10-04 03:00:00,238.120,238.260,238.800,0.750,0.770,0.830,0.492,0.153,0.158,0.179,0.120,0.038,0.037,0.044,0.972,50.110
2610170836,2026-10-04 03:00:00,238.720,238.960,239.370,0.000,0.010,0.000,0.001,0.000,0.001,0.000,0.000,0.000,0.000,0.000,0.721,50.120
2610170837,2026-10-04 03:00:00,236.130,234.540,234.790,0.000,0.000,0.020,0.005,0.000,0.000,0.005,0.000,0.000,0.000,0.000,1.000,50.120
2610170838,2026-10-04 03:00:00,239.020,238.070,238.420,0.010,0.040,0.080,0.029,0.002,0.008,0.018,0.000,0.000,0.001,0.000,0.985,50.110
2610170839,2026-10-04 03:00:00,238.150,238.430,239.000,0.010,0.020,0.020,0.010,0.002,0.004,0.004,-0.002,0.000,0.000,0.000,0.973,50.120
2610170840,2026-10-04 03:00:00,236.420,235.250,236.710,0.080,0.400,0.160,0.149,0.018,0.093,0.037,-0.017,-0.002,-0.009,-0.005,0.995,50.120
2610322967,2026-10-04 03:00:00,239.570,238.650,238.660,0.000,0.000,0.010,0.003,0.000,0.000,0.003,0.000,0.000,0.000,0.000,0.925,50.120
2610322969,2026-10-04 03:00:00,231.110,231.980,231.990,0.300,0.240,0.020,0.082,0.064,0.012,0.005,0.079,0.024,0.054,0.000,0.721,50.110
2610322995,2026-10-04 03:00:00,238.380,238.540,239.110,0.000,0.030,0.030,0.012,0.000,0.006,0.006,-0.009,0.000,-0.004,-0.003,0.810,50.120
2610322997,2026-10-04 03:00:00,234.920,236.220,234.740,0.080,0.090,0.060,0.046,0.016,0.017,0.011,0.022,0.005,0.009,0.007,0.900,50.120
2610323001,2026-10-04 03:00:00,234.650,233.090,233.310,1.290,1.380,1.360,0.842,0.267,0.286,0.287,0.367,0.120,0.126,0.121,0.916,50.130
2610323004,2026-10-04 03:00:00,65.130,64.600,65.050,0.130,0.110,0.130,0.022,0.007,0.006,0.007,0.008,0.003,0.002,0.002,0.933,50.120
2610323005,2026-10-04 03:00:00,232.050,231.280,232.270,0.000,0.000,0.000,0.001,0.000,0.001,0.000,0.000,0.000,0.000,0.000,0.946,50.120
2610323010,2026-10-04 03:00:00,236.660,236.380,235.540,0.050,0.000,0.000,0.009,0.009,0.000,0.000,-0.006,-0.006,0.000,0.000,0.781,50.120
2610323014,2026-10-04 03:00:00,238.740,238.790,239.170,0.000,0.000,0.000,0.000,0.000,0.000,0.000,-0.001,0.000,0.000,0.000,0.611,50.120
2610323016,2026-10-04 03:00:00,233.500,232.250,232.500,2.090,2.030,1.990,0.956,0.334,0.315,0.305,0.549,0.183,0.183,0.179,0.895,50.120
2610323017,2026-10-04 03:00:00,238.230,238.960,238.360,0.040,0.020,0.020,0.016,0.007,0.004,0.003,-0.010,-0.004,-0.003,-0.002,0.849,50.120
2610323019,2026-10-04 03:00:00,231.970,231.360,232.400,0.020,0.020,0.030,0.015,0.004,0.004,0.006,-0.005,-0.001,-0.001,-0.001,0.944,50.120
2610323027,2026-10-04 03:00:00,239.060,238.130,238.420,0.020,0.030,0.020,0.014,0.004,0.005,0.003,-0.010,-0.003,-0.004,-0.003,0.810,50.120
2410121424,2026-10-04 03:01:00,238.350,237.870,237.990,0.010,0.010,0.010,0.004,0.000,0.001,0.002,-0.003,-0.001,-0.001,0.000,0.791,50.010
2610322982,2026-10-04 03:01:00,238.320,238.470,239.050,0.010,0.020,0.030,0.011,0.002,0.003,0.005,-0.006,-0.001,-0.002,-0.003,0.878,50.060
2610322992,2026-10-04 03:01:00,234.180,234.780,235.540,0.070,0.330,0.240,0.150,0.016,0.076,0.056,0.012,0.003,0.000,0.008,0.994,50.050
2246006313,2026-10-04 03:30:00,58.200,58.100,58.400,0.885,0.874,0.893,0.155,0.051,0.050,0.051,0.027,0.008,0.009,0.009,0.985,50.100
2410121326,2026-10-04 03:30:00,237.590,237.000,237.230,0.070,0.090,0.080,0.053,0.016,0.020,0.015,0.017,0.005,0.003,0.008,0.949,50.150
2410121353,2026-10-04 03:30:00,236.920,236.230,236.430,0.000,0.010,0.040,0.011,0.000,0.002,0.008,-0.002,0.000,0.000,0.000,0.948,50.100
2410121371,2026-10-04 03:30:00,237.220,236.430,236.600,0.040,0.020,0.060,0.027,0.009,0.004,0.013,-0.001,0.001,-0.001,-0.001,1.000,50.100
2410121424,2026-10-04 03:30:00,236.620,235.920,236.090,0.010,0.010,0.010,0.004,0.000,0.001,0.002,-0.003,-0.001,-0.001,0.000,0.775,50.080
2410121440,2026-10-04 03:30:00,236.980,236.300,236.410,0.010,0.010,0.010,0.004,0.002,0.000,0.001,-0.003,-0.001,-0.001,0.000,0.799,50.110
2410121454,2026-10-04 03:30:00,236.120,236.740,235.980,0.080,0.170,0.150,0.090,0.017,0.039,0.033,0.013,0.005,0.004,0.003,0.994,50.080
2410121457,2026-10-04 03:30:00,235.130,234.290,234.870,2.230,2.250,2.100,1.457,0.498,0.492,0.470,0.437,0.150,0.165,0.121,0.957,50.110
2410121574,2026-10-04 03:30:00,236.990,236.030,236.220,0.200,0.170,0.150,0.116,0.046,0.037,0.032,-0.038,-0.011,-0.013,-0.013,0.950,50.100
2410131378,2026-10-04 03:30:00,236.560,237.060,236.530,0.010,0.010,0.030,0.009,0.001,0.001,0.006,-0.004,-0.001,-0.001,0.000,0.894,50.090
2410131383,2026-10-04 03:30:00,237.040,236.670,236.060,0.100,0.080,0.100,0.063,0.022,0.018,0.022,-0.004,0.000,-0.002,-0.002,0.993,50.140
2410131384,2026-10-04 03:30:00,236.530,237.090,236.390,0.050,0.120,0.090,0.060,0.010,0.027,0.021,0.001,0.000,0.000,0.003,1.000,50.160
2410131387,2026-10-04 03:30:00,235.110,235.940,235.990,0.070,0.050,0.020,0.032,0.015,0.012,0.004,-0.009,-0.007,0.001,-0.003,0.956,50.030
2410320615,2026-10-04 03:30:00,236.100,237.060,237.350,0.280,0.240,0.240,0.174,0.061,0.056,0.056,0.039,0.013,0.011,0.013,0.976,50.140
2410883988,2026-10-04 03:30:00,232.680,231.550,232.760,0.020,0.000,0.090,0.024,0.004,0.000,0.019,-0.002,0.000,0.000,-0.001,1.000,50.120
2410883990,2026-10-04 03:30:00,231.360,232.460,232.350,0.020,0.000,0.180,0.044,0.003,0.000,0.040,0.003,0.002,0.000,0.001,1.000,50.160
2410883991,2026-10-04 03:30:00,235.920,236.180,236.760,0.070,0.100,0.220,0.085,0.016,0.022,0.046,-0.003,-0.001,0.000,-0.001,1.000,50.100
2410883993,2026-10-04 03:30:00,236.570,235.800,235.950,0.870,0.660,1.050,0.597,0.201,0.151,0.244,-0.089,-0.029,-0.032,-0.027,0.989,50.180
2410932742,2026-10-04 03:30:00,232.550,230.790,231.150,2.510,2.420,2.500,1.557,0.532,0.500,0.524,0.508,0.171,0.175,0.161,0.950,50.110
2411087432,2026-10-04 03:30:00,237.030,237.430,236.910,0.030,0.030,0.090,0.032,0.007,0.004,0.019,-0.005,0.001,-0.003,-0.004,0.983,50.140
2411087433,2026-10-04 03:30:00,236.240,236.510,237.100,0.510,0.490,0.520,0.369,0.123,0.117,0.123,0.027,0.009,0.007,0.010,0.996,50.180
2411290205,2026-10-04 03:30:00,236.700,235.920,236.920,0.160,0.130,0.140,0.100,0.037,0.031,0.032,0.010,0.005,0.002,0.002,0.998,50.090
2510014481,2026-10-04 03:30:00,230.930,231.120,232.220,1.910,1.900,2.300,1.624,0.498,0.500,0.625,0.651,0.223,0.208,0.226,0.904,50.180
2510014482,2026-10-04 03:30:00,237.270,237.440,236.960,0.010,0.040,0.000,0.011,0.002,0.008,0.000,-0.001,-0.002,0.000,0.000,1.000,50.130
2510014483,2026-10-04 03:30:00,235.870,236.130,236.710,0.050,0.040,0.060,0.025,0.009,0.006,0.009,-0.022,-0.006,-0.006,-0.009,0.737,50.180
2510178139,2026-10-04 03:30:00,237.140,237.540,236.900,0.160,0.160,0.170,0.097,0.031,0.030,0.035,0.048,0.016,0.017,0.014,0.903,50.140
2510178141,2026-10-04 03:30:00,237.310,237.390,237.710,0.020,0.010,0.020,0.007,0.002,0.000,0.004,-0.009,-0.004,-0.001,-0.003,0.592,50.160
2510203103,2026-10-04 03:30:00,229.000,227.300,227.480,0.090,0.120,0.100,0.061,0.016,0.023,0.020,-0.026,-0.009,-0.008,-0.008,0.929,50.150
2510203104,2026-10-04 03:30:00,230.000,230.130,230.600,0.380,0.380,0.380,0.248,0.098,0.068,0.080,0.054,0.007,0.019,0.027,0.976,50.140
2510203105,2026-10-04 03:30:00,234.390,232.670,232.970,0.050,0.090,0.070,0.037,0.008,0.018,0.010,0.030,0.008,0.009,0.012,0.776,50.150
2510203106,2026-10-04 03:30:00,236.480,235.640,236.720,0.030,0.040,0.050,0.024,0.005,0.008,0.010,-0.006,-0.003,-0.001,-0.002,0.954,50.150
2510203107,2026-10-04 03:30:00,225.150,224.400,225.390,0.230,0.250,0.190,0.149,0.050,0.056,0.042,0.000,-0.001,0.000,0.000,0.996,50.160
2510203108,2026-10-04 03:30:00,237.040,237.490,236.860,0.710,0.630,0.840,0.504,0.162,0.147,0.194,0.028,0.016,0.004,0.007,0.996,50.120
2510203109,2026-10-04 03:30:00,235.910,236.400,235.550,0.040,0.060,0.090,0.042,0.007,0.015,0.020,0.007,0.005,0.000,0.001,0.992,50.150
2510203111,2026-10-04 03:30:00,237.360,237.570,237.920,0.020,0.020,0.000,0.008,0.004,0.003,0.000,-0.002,-0.001,0.000,0.000,0.999,50.160
2510203114,2026-10-04 03:30:00,229.730,230.040,230.400,0.230,0.190,0.190,0.135,0.051,0.042,0.041,0.025,0.005,0.005,0.014,0.980,50.150
2510203117,2026-10-04 03:30:00,231.280,232.460,232.230,0.230,0.220,0.160,0.137,0.053,0.047,0.036,-0.035,-0.007,-0.018,-0.010,0.964,50.110
2510203120,2026-10-04 03:30:00,236.100,235.290,235.580,0.950,0.710,0.770,0.531,0.209,0.154,0.168,0.199,0.078,0.060,0.060,0.935,50.100
2510203121,2026-10-04 03:30:00,232.670,232.500,231.430,0.100,0.050,0.130,0.059,0.022,0.008,0.027,-0.025,-0.006,-0.007,-0.011,0.912,50.170
2510203122,2026-10-04 03:30:00,237.000,237.340,236.830,0.030,0.010,0.010,0.007,0.004,0.002,0.000,0.002,0.005,-0.002,-0.001,0.937,50.110
2510203123,2026-10-04 03:30:00,237.180,237.320,237.640,0.010,0.010,0.000,0.005,0.002,0.002,0.000,-0.003,-0.001,-0.001,0.000,0.804,50.140
2510203125,2026-10-04 03:30:00,236.130,237.150,236.900,0.050,0.040,0.090,0.042,0.012,0.008,0.021,0.008,0.002,0.003,0.003,0.982,50.180
2510203126,2026-10-04 03:30:00,232.910,232.680,231.740,0.090,0.020,0.000,0.024,0.019,0.004,0.000,-0.002,-0.001,0.000,0.000,1.000,50.150
2510203127,2026-10-04 03:30:00,237.120,237.630,237.120,0.240,0.310,0.220,0.155,0.047,0.063,0.044,0.095,0.032,0.035,0.027,0.855,50.140
2510203128,2026-10-04 03:30:00,235.770,236.140,234.840,1.700,1.610,1.700,1.150,0.390,0.369,0.390,0.125,0.029,0.039,0.056,0.993,50.130
2510203130,2026-10-04 03:30:00,244.970,245.010,246.580,0.000,0.010,0.050,0.015,0.000,0.002,0.012,0.000,0.000,0.000,0.001,0.999,50.120
2510203133,2026-10-04 03:30:00,236.930,237.200,236.700,0.020,0.020,0.000,0.010,0.004,0.004,0.000,-0.002,0.000,-0.002,0.000,1.000,50.080
2510203134,2026-10-04 03:30:00,237.140,236.220,236.310,0.020,0.010,0.010,0.007,0.004,0.001,0.001,-0.001,0.000,-0.001,0.000,0.969,50.120
2510224049,2026-10-04 03:30:00,232.110,231.080,232.410,15.940,14.330,7.650,7.390,2.750,3.080,1.550,-1.710,-0.680,-0.480,-0.550,0.973,50.160
2510317505,2026-10-04 03:30:00,232.500,232.320,231.310,10.020,3.670,5.300,3.360,1.960,0.590,0.800,-1.810,-0.540,-0.560,-0.700,0.879,50.160
2510317516,2026-10-04 03:30:00,232.640,232.420,231.410,0.000,0.000,0.000,0.000,0.000,0.000,0.000,0.000,0.000,0.000,0.000,1.000,50.160
2510317537,2026-10-04 03:30:00,235.940,235.890,236.590,2.170,2.290,2.200,1.750,0.560,0.610,0.560,-0.270,-0.080,-0.100,-0.100,0.988,50.150
2510389559,2026-10-04 03:30:00,236.920,236.270,237.310,0.000,0.000,0.000,0.000,0.000,0.000,0.000,0.000,0.000,0.000,0.000,1.000,50.120
2510389643,2026-10-04 03:30:00,237.290,236.280,237.240,5.370,13.790,13.190,7.290,1.180,3.100,3.000,-1.220,-0.140,-0.580,-0.490,0.986,50.160
2510389931,2026-10-04 03:30:00,236.520,235.280,236.790,3.110,15.910,6.360,5.930,0.720,3.720,1.480,-0.660,-0.100,-0.360,-0.200,0.993,50.150
2510633381,2026-10-04 03:30:00,236.430,235.500,235.870,0.050,0.090,0.010,0.031,0.009,0.019,0.002,-0.013,-0.005,-0.005,-0.001,0.916,50.130
2510633382,2026-10-04 03:30:00,235.750,236.820,236.580,0.160,0.160,0.190,0.116,0.036,0.036,0.043,-0.029,-0.010,-0.009,-0.009,0.967,50.110
2510633383,2026-10-04 03:30:00,237.000,237.080,237.520,0.110,0.080,0.090,0.024,0.006,0.008,0.009,-0.061,-0.024,-0.017,-0.019,0.378,50.140
2510633385,2026-10-04 03:30:00,237.070,236.190,237.080,0.180,0.430,0.460,0.250,0.041,0.100,0.108,-0.007,-0.003,-0.008,0.003,0.998,50.110
2510633386,2026-10-04 03:30:00,221.280,221.580,222.150,0.030,0.020,0.010,0.014,0.007,0.004,0.002,0.002,0.002,0.000,0.001,1.000,50.120
2510633387,2026-10-04 03:30:00,236.880,237.270,236.740,0.010,0.000,0.150,0.038,0.002,0.000,0.036,-0.004,0.000,0.000,-0.004,0.990,50.120
2510633389,2026-10-04 03:30:00,237.080,236.810,235.980,0.130,0.120,0.130,0.036,0.011,0.009,0.014,-0.082,-0.028,-0.027,-0.026,0.400,50.120
2510633390,2026-10-04 03:30:00,235.390,236.210,235.160,1.310,1.570,1.420,1.142,0.356,0.399,0.386,0.241,0.073,0.068,0.113,0.967,50.110
2510633391,2026-10-04 03:30:00,124.550,124.230,124.300,0.000,0.000,0.000,0.000,0.000,0.000,0.000,0.000,0.000,0.000,0.000,1.000,50.140
2510633393,2026-10-04 03:30:00,235.830,236.860,236.700,0.000,0.000,0.000,0.000,0.000,0.000,0.000,0.000,0.000,0.000,0.000,1.000,50.110
2510633396,2026-10-04 03:30:00,237.480,236.860,237.440,0.010,0.060,0.010,0.020,0.003,0.015,0.002,0.000,0.000,0.000,0.000,0.993,50.140
2510633397,2026-10-04 03:30:00,242.500,241.450,241.880,0.040,0.030,0.030,0.022,0.009,0.006,0.006,-0.006,-0.002,-0.001,-0.002,0.942,50.100
2510633399,2026-10-04 03:30:00,232.420,232.150,231.300,0.210,0.300,0.280,0.182,0.048,0.068,0.064,0.000,0.000,0.000,-0.001,1.000,50.150
2510633400,2026-10-04 03:30:00,231.250,230.360,231.440,0.450,0.450,0.480,0.268,0.085,0.087,0.101,0.138,0.048,0.044,0.045,0.908,50.120
2510633402,2026-10-04 03:30:00,231.780,231.920,233.380,0.610,0.650,0.730,0.427,0.151,0.163,0.180,0.161,0.052,0.052,0.056,0.914,50.110
2510633406,2026-10-04 03:30:00,232.570,232.280,231.410,0.090,0.080,0.080,0.045,0.019,0.012,0.012,-0.033,-0.009,-0.011,-0.011,0.809,50.190
2510633411,2026-10-04 03:30:00,228.760,229.720,229.220,1.800,1.800,1.830,1.131,0.377,0.379,0.385,0.465,0.142,0.147,0.174,0.927,50.140
2510814977,2026-10-04 03:30:00,233.120,234.440,232.890,0.010,0.010,0.010,0.004,0.001,0.000,0.002,-0.004,-0.001,-0.001,-0.001,0.666,50.190
2610026950,2026-10-04 03:30:00,231.550,232.560,232.440,0.010,0.000,0.010,0.006,0.002,0.000,0.003,-0.001,0.000,0.000,0.000,0.961,50.190
2610026952,2026-10-04 03:30:00,237.380,236.850,236.760,0.570,0.580,0.560,0.380,0.128,0.128,0.123,0.128,0.041,0.044,0.041,0.948,50.180
2610026963,2026-10-04 03:30:00,237.260,237.220,237.750,0.180,0.110,0.110,0.079,0.037,0.021,0.020,-0.046,-0.019,-0.013,-0.013,0.857,50.130
2610026966,2026-10-04 03:30:00,234.840,235.060,234.100,0.050,0.040,0.070,0.033,0.011,0.007,0.014,0.017,0.004,0.003,0.009,0.889,50.130
2610026976,2026-10-04 03:30:00,237.050,236.940,237.640,0.200,0.600,0.600,0.309,0.044,0.125,0.139,-0.035,-0.011,0.002,-0.025,0.994,50.130
2610026977,2026-10-04 03:30:00,246.510,246.460,245.620,0.070,0.410,0.510,0.237,0.017,0.098,0.122,-0.048,-0.004,-0.019,-0.023,0.981,50.130
2610126270,2026-10-04 03:30:00,232.270,231.220,232.470,0.020,0.030,0.020,0.015,0.005,0.006,0.004,-0.005,-0.001,-0.001,-0.001,0.963,50.170
2610126451,2026-10-04 03:30:00,237.670,237.920,237.440,0.000,0.010,0.030,0.008,0.001,0.001,0.006,0.001,0.000,0.000,0.002,0.964,50.160
2610159557,2026-10-04 03:30:00,236.780,235.880,236.150,0.020,0.010,0.010,0.006,0.003,0.001,0.001,-0.005,-0.002,0.000,-0.001,0.758,50.180
2610159558,2026-10-04 03:30:00,235.860,236.240,236.770,0.000,0.000,0.000,0.000,0.000,0.000,0.000,0.000,0.000,0.000,0.000,0.709,50.180
2610170785,2026-10-04 03:30:00,236.640,235.840,236.210,0.000,0.010,0.000,0.002,0.000,0.001,0.000,0.001,0.000,0.000,0.000,0.783,50.180
2610170786,2026-10-04 03:30:00,235.800,236.110,236.640,0.510,0.470,0.610,0.388,0.117,0.117,0.153,0.131,0.044,0.040,0.046,0.938,50.150
2610170836,2026-10-04 03:30:00,237.160,237.450,237.830,0.000,0.010,0.000,0.001,0.000,0.001,0.000,0.000,0.000,0.000,0.000,0.701,50.180
2610170837,2026-10-04 03:30:00,234.290,232.630,232.860,0.000,0.000,0.020,0.005,0.000,0.000,0.005,0.000,0.000,0.000,0.000,1.000,50.170
2610170839,2026-10-04 03:30:00,235.720,236.070,236.630,0.010,0.020,0.030,0.012,0.002,0.004,0.006,-0.002,0.000,0.000,0.000,0.981,50.160
2610170840,2026-10-04 03:30:00,236.480,235.330,236.740,0.080,0.400,0.160,0.149,0.018,0.093,0.037,-0.017,-0.002,-0.009,-0.005,0.995,50.160
2610322967,2026-10-04 03:30:00,237.310,236.250,236.370,0.000,0.000,0.010,0.003,0.000,0.000,0.003,0.000,0.000,0.000,0.000,0.927,50.190
2610322969,2026-10-04 03:30:00,231.220,232.190,232.270,0.330,0.240,0.020,0.088,0.071,0.010,0.005,0.079,0.024,0.054,0.000,0.740,50.180
2610322982,2026-10-04 03:30:00,236.020,236.260,236.860,0.010,0.020,0.030,0.011,0.002,0.003,0.005,-0.006,-0.001,-0.002,-0.003,0.880,50.170
2610322992,2026-10-04 03:30:00,232.750,233.270,234.170,0.070,0.340,0.250,0.154,0.016,0.079,0.058,0.012,0.004,0.001,0.007,0.998,50.150
2610322995,2026-10-04 03:30:00,235.970,236.210,236.820,0.000,0.030,0.030,0.012,0.000,0.006,0.006,-0.008,0.000,-0.004,-0.003,0.804,50.180
2610322997,2026-10-04 03:30:00,232.930,234.340,232.810,0.080,0.090,0.060,0.045,0.016,0.017,0.011,0.022,0.005,0.009,0.007,0.896,50.170
2610323001,2026-10-04 03:30:00,232.790,231.150,231.350,1.330,1.480,1.410,0.901,0.284,0.314,0.302,0.348,0.114,0.121,0.112,0.932,50.160
2610323004,2026-10-04 03:30:00,64.610,64.070,64.550,0.080,0.060,0.080,0.023,0.008,0.007,0.008,0.003,0.001,0.001,0.000,1.000,50.180
2610323005,2026-10-04 03:30:00,232.550,231.460,232.670,0.000,0.000,0.000,0.001,0.000,0.001,0.000,0.000,0.000,0.000,0.000,0.941,50.180
2610323010,2026-10-04 03:30:00,237.030,236.710,235.970,0.060,0.000,0.000,0.012,0.012,0.000,0.000,-0.007,-0.007,0.000,0.000,0.849,50.180
2610323014,2026-10-04 03:30:00,237.240,237.340,237.740,0.000,0.000,0.000,0.000,0.000,0.000,0.000,-0.001,0.000,0.000,0.000,0.600,50.170
2610323017,2026-10-04 03:30:00,236.110,236.750,236.040,0.040,0.020,0.020,0.016,0.007,0.004,0.003,-0.010,-0.004,-0.003,-0.002,0.853,50.160
2610323019,2026-10-04 03:30:00,232.200,231.420,232.570,0.060,0.060,0.030,0.032,0.012,0.013,0.005,-0.010,-0.003,-0.003,-0.002,0.932,50.160
2510203124,2026-10-04 03:31:00,236.630,236.760,236.040,0.010,0.010,0.030,0.011,0.001,0.001,0.007,-0.001,0.000,0.000,0.000,1.000,50.080
2510224167,2026-10-04 03:31:00,232.140,231.920,231.010,5.790,4.500,4.790,2.680,1.170,0.730,0.770,-1.930,-0.560,-0.670,-0.690,0.811,50.090
2510633395,2026-10-04 03:31:00,236.200,236.710,236.100,0.000,0.000,0.000,0.000,0.000,0.000,0.000,0.000,0.000,0.000,0.000,1.000,50.090
2610026953,2026-10-04 03:31:00,236.420,235.470,236.430,0.020,0.010,0.020,0.009,0.004,0.001,0.003,-0.002,0.000,0.000,-0.001,0.968,50.060
2610170838,2026-10-04 03:31:00,236.010,234.970,235.380,0.010,0.050,0.080,0.031,0.002,0.010,0.018,0.000,0.000,0.000,0.000,0.988,50.100
2610323016,2026-10-04 03:31:00,231.150,229.720,229.920,2.160,2.100,2.050,1.294,0.448,0.429,0.417,0.624,0.206,0.210,0.207,0.901,50.110
2610323027,2026-10-04 03:31:00,236.070,235.070,235.430,0.020,0.030,0.020,0.014,0.004,0.005,0.003,-0.010,-0.003,-0.003,-0.003,0.809,50.100
2410883994,2026-10-04 03:32:00,235.880,234.950,235.420,0.020,0.050,0.030,0.020,0.004,0.010,0.005,-0.004,-0.001,-0.001,-0.001,0.979,50.090
2510014484,2026-10-04 03:32:00,235.980,235.170,236.230,0.100,0.070,0.090,0.061,0.023,0.015,0.021,-0.003,0.000,-0.001,-0.001,1.000,50.040
2510203113,2026-10-04 03:32:00,236.600,236.250,235.610,0.240,0.350,0.380,0.224,0.056,0.080,0.087,-0.046,-0.012,-0.018,-0.015,0.980,50.080
2246006313,2026-10-04 04:00:00,58.200,58.200,58.500,0.875,0.865,0.906,0.148,0.049,0.048,0.050,0.026,0.008,0.009,0.009,0.985,50.110
2410121326,2026-10-04 04:00:00,237.700,237.110,237.260,0.080,0.090,0.080,0.053,0.017,0.020,0.016,0.017,0.004,0.003,0.009,0.944,50.120
2410121353,2026-10-04 04:00:00,237.230,236.680,236.840,0.000,0.010,0.040,0.011,0.000,0.002,0.008,-0.002,0.000,0.000,0.000,0.980,50.040
2410121371,2026-10-04 04:00:00,237.570,236.930,237.050,0.030,0.010,0.030,0.016,0.007,0.000,0.007,-0.001,0.000,-0.001,0.000,1.000,50.090
2410121424,2026-10-04 04:00:00,237.330,236.820,236.960,0.010,0.010,0.010,0.004,0.000,0.001,0.002,-0.003,-0.001,-0.001,0.000,0.777,50.010
2410121440,2026-10-04 04:00:00,237.510,236.980,237.110,0.010,0.010,0.010,0.004,0.002,0.000,0.001,-0.003,-0.001,-0.001,0.000,0.808,50.110
2410121454,2026-10-04 04:00:00,236.950,237.420,236.830,0.080,0.160,0.140,0.089,0.017,0.038,0.033,0.013,0.005,0.004,0.003,0.985,50.010
2410121457,2026-10-04 04:00:00,235.640,234.860,235.410,1.860,1.910,1.740,1.196,0.406,0.410,0.382,0.410,0.139,0.154,0.117,0.945,50.100
2410121574,2026-10-04 04:00:00,237.560,236.740,236.900,0.210,0.190,0.150,0.124,0.049,0.042,0.032,-0.037,-0.010,-0.014,-0.012,0.956,50.030
2410131378,2026-10-04 04:00:00,237.150,237.580,237.130,0.010,0.010,0.030,0.010,0.001,0.001,0.006,-0.004,-0.001,-0.001,0.000,0.937,50.080
2410131383,2026-10-04 04:00:00,237.420,237.100,236.450,0.100,0.080,0.130,0.073,0.023,0.018,0.030,-0.004,0.000,-0.001,-0.002,1.000,50.090
2410131384,2026-10-04 04:00:00,236.530,237.080,236.310,0.040,0.110,0.100,0.059,0.009,0.025,0.024,0.000,0.000,-0.002,0.003,1.000,50.120
2410131387,2026-10-04 04:00:00,235.870,236.780,236.740,0.090,0.080,0.080,0.059,0.021,0.018,0.018,-0.006,-0.001,-0.002,-0.002,0.999,49.940
2410320615,2026-10-04 04:00:00,236.210,237.240,237.380,0.240,0.190,0.180,0.141,0.053,0.048,0.042,0.022,0.007,0.006,0.008,0.985,50.120
2410883988,2026-10-04 04:00:00,233.160,231.980,233.050,0.020,0.000,0.090,0.025,0.004,0.000,0.020,-0.002,0.000,0.000,-0.001,1.000,50.130
2410883990,2026-10-04 04:00:00,231.550,232.590,232.620,0.080,0.000,0.180,0.059,0.018,0.000,0.041,0.003,0.001,0.000,0.001,0.993,50.130
2410883991,2026-10-04 04:00:00,236.080,236.310,236.900,0.080,0.100,0.190,0.085,0.017,0.023,0.044,-0.004,-0.001,0.000,-0.003,0.996,50.120
2410883993,2026-10-04 04:00:00,236.830,236.020,236.170,0.790,0.710,1.030,0.586,0.182,0.163,0.240,-0.081,-0.027,-0.032,-0.021,0.989,50.140
2410883994,2026-10-04 04:00:00,236.850,235.970,236.400,0.020,0.050,0.030,0.020,0.004,0.010,0.005,-0.004,-0.001,-0.001,-0.001,0.978,50.120
2410932742,2026-10-04 04:00:00,232.570,230.930,231.220,2.500,2.440,2.500,1.559,0.529,0.504,0.524,0.501,0.167,0.171,0.162,0.951,50.120
2411087432,2026-10-04 04:00:00,237.130,237.590,237.010,0.040,0.030,0.080,0.033,0.009,0.005,0.018,-0.003,0.004,-0.003,-0.004,0.984,50.120
2411087433,2026-10-04 04:00:00,236.430,236.660,237.250,0.620,0.590,0.650,0.410,0.138,0.129,0.143,0.040,0.015,0.011,0.013,0.995,50.140
2411290205,2026-10-04 04:00:00,237.020,236.160,237.180,0.150,0.130,0.110,0.094,0.035,0.030,0.027,0.009,0.004,0.002,0.002,0.989,50.120
2510014481,2026-10-04 04:00:00,231.770,231.880,232.960,1.670,1.690,1.680,1.129,0.357,0.365,0.406,0.493,0.142,0.146,0.152,0.916,50.140
2510014482,2026-10-04 04:00:00,237.300,237.650,237.090,0.010,0.050,0.000,0.012,0.002,0.010,0.000,-0.005,-0.002,-0.003,0.000,0.919,50.130
2510014483,2026-10-04 04:00:00,236.130,236.350,236.890,0.050,0.040,0.050,0.023,0.008,0.005,0.008,-0.022,-0.006,-0.006,-0.009,0.733,50.130
2510178139,2026-10-04 04:00:00,237.430,237.930,237.300,0.170,0.170,0.180,0.109,0.035,0.034,0.038,0.050,0.017,0.018,0.014,0.910,50.140
2510178141,2026-10-04 04:00:00,237.240,237.270,237.710,0.020,0.010,0.020,0.005,0.002,0.000,0.002,-0.009,-0.004,-0.001,-0.002,0.471,50.120
2510203103,2026-10-04 04:00:00,228.940,227.340,227.560,0.110,0.120,0.100,0.072,0.024,0.025,0.022,-0.027,-0.010,-0.008,-0.008,0.937,50.120
2510203104,2026-10-04 04:00:00,229.990,230.120,230.630,0.680,0.620,0.690,0.444,0.160,0.130,0.147,0.045,0.007,0.013,0.024,0.995,50.110
2510203105,2026-10-04 04:00:00,234.800,233.190,233.510,0.050,0.080,0.070,0.033,0.008,0.014,0.010,0.032,0.008,0.010,0.013,0.717,50.140
2510203106,2026-10-04 04:00:00,236.970,236.080,237.240,0.030,0.040,0.050,0.024,0.005,0.008,0.010,-0.006,-0.003,-0.001,-0.002,0.955,50.120
2510203107,2026-10-04 04:00:00,225.300,224.590,225.560,0.250,0.270,0.230,0.168,0.056,0.060,0.051,0.026,0.008,0.008,0.009,0.986,50.130
2510203108,2026-10-04 04:00:00,236.900,237.390,236.740,0.690,0.570,0.940,0.503,0.152,0.134,0.217,0.035,0.020,0.006,0.008,0.998,50.120
2510203109,2026-10-04 04:00:00,236.390,236.950,236.080,0.030,0.060,0.080,0.039,0.005,0.014,0.019,0.007,0.004,0.000,0.002,0.981,50.140
2510203111,2026-10-04 04:00:00,237.140,237.330,237.780,0.020,0.020,0.000,0.008,0.004,0.003,0.000,-0.002,-0.001,0.000,0.000,1.000,50.120
2510203113,2026-10-04 04:00:00,237.370,237.080,236.420,0.240,0.340,0.350,0.216,0.056,0.079,0.080,-0.047,-0.011,-0.018,-0.016,0.976,50.130
2510203114,2026-10-04 04:00:00,230.290,230.610,230.980,0.240,0.170,0.180,0.129,0.052,0.038,0.038,0.027,0.009,0.003,0.015,0.979,50.150
2510203117,2026-10-04 04:00:00,231.680,232.790,232.780,0.240,0.220,0.160,0.138,0.053,0.048,0.036,-0.035,-0.006,-0.018,-0.010,0.966,50.120
2510203120,2026-10-04 04:00:00,236.130,235.230,235.580,1.080,0.840,0.890,0.617,0.238,0.182,0.196,0.226,0.088,0.069,0.069,0.938,50.120
2510203121,2026-10-04 04:00:00,232.690,232.670,231.610,0.050,0.060,0.120,0.045,0.009,0.010,0.025,-0.024,-0.005,-0.007,-0.011,0.879,50.130
2510203122,2026-10-04 04:00:00,237.110,237.600,236.990,0.030,0.010,0.010,0.007,0.004,0.002,0.000,0.002,0.005,-0.002,-0.001,0.947,50.120
2510203123,2026-10-04 04:00:00,237.040,237.150,237.650,0.010,0.010,0.000,0.005,0.002,0.002,0.000,-0.003,-0.001,-0.001,0.000,0.800,50.120
2510203124,2026-10-04 04:00:00,237.890,238.040,237.440,0.010,0.010,0.030,0.011,0.001,0.001,0.007,-0.001,0.000,0.000,0.000,1.000,50.150
2510203125,2026-10-04 04:00:00,236.340,237.430,237.090,0.090,0.040,0.090,0.050,0.020,0.008,0.021,0.009,0.002,0.003,0.003,0.987,50.130
2510203126,2026-10-04 04:00:00,233.010,232.970,231.980,0.090,0.020,0.000,0.025,0.020,0.004,0.000,-0.002,-0.001,0.000,0.000,1.000,50.120
2510203127,2026-10-04 04:00:00,237.220,237.690,237.090,0.240,0.310,0.220,0.155,0.047,0.063,0.044,0.095,0.032,0.035,0.027,0.851,50.130
2510203128,2026-10-04 04:00:00,235.670,236.020,234.760,1.710,1.570,1.690,1.144,0.394,0.359,0.390,0.109,0.025,0.033,0.050,0.995,50.120
2510203130,2026-10-04 04:00:00,245.740,245.800,247.240,0.000,0.010,0.020,0.006,0.000,0.002,0.004,-0.002,0.000,0.000,-0.001,0.961,50.140
2510203133,2026-10-04 04:00:00,237.080,237.490,236.970,0.030,0.020,0.000,0.011,0.006,0.004,0.000,-0.002,0.000,-0.002,0.000,0.958,50.100
2510203134,2026-10-04 04:00:00,237.150,236.190,236.430,0.020,0.010,0.010,0.007,0.004,0.001,0.001,-0.001,0.000,-0.001,0.000,0.964,50.120
2510224167,2026-10-04 04:00:00,232.370,232.280,231.410,5.790,4.610,5.160,2.930,1.220,0.820,0.880,-1.950,-0.570,-0.680,-0.700,0.824,50.130
2510317505,2026-10-04 04:00:00,232.620,232.620,231.530,3.430,3.680,5.300,2.020,0.570,0.630,0.810,-1.770,-0.500,-0.570,-0.690,0.749,50.120
2510317516,2026-10-04 04:00:00,232.710,232.600,231.620,0.000,0.000,0.000,0.000,0.000,0.000,0.000,0.000,0.000,0.000,0.000,1.000,50.120
2510317537,2026-10-04 04:00:00,235.940,235.890,236.650,2.050,2.080,2.060,1.500,0.490,0.510,0.490,-0.240,-0.060,-0.080,-0.080,0.984,50.120
2510389559,2026-10-04 04:00:00,237.560,236.520,237.540,0.000,0.000,0.000,0.000,0.000,0.000,0.000,0.000,0.000,0.000,0.000,1.000,50.130
2510389643,2026-10-04 04:00:00,237.150,236.080,237.050,5.380,13.810,13.200,7.290,1.180,3.100,3.000,-1.220,-0.140,-0.580,-0.490,0.986,50.110
2510389931,2026-10-04 04:00:00,236.670,235.510,236.970,3.110,15.900,6.350,5.930,0.720,3.720,1.480,-0.660,-0.100,-0.360,-0.200,0.993,50.120
2510633381,2026-10-04 04:00:00,236.960,236.060,236.370,0.050,0.090,0.010,0.032,0.010,0.019,0.002,-0.010,-0.004,-0.004,-0.001,0.945,50.130
2510633382,2026-10-04 04:00:00,235.850,236.860,236.660,0.130,0.160,0.170,0.091,0.024,0.031,0.034,-0.054,-0.017,-0.018,-0.018,0.860,50.110
2510633383,2026-10-04 04:00:00,237.130,237.130,237.630,0.110,0.080,0.090,0.023,0.006,0.008,0.008,-0.061,-0.024,-0.017,-0.019,0.357,50.120
2510633385,2026-10-04 04:00:00,237.880,236.940,237.850,0.130,0.430,0.470,0.241,0.029,0.100,0.111,-0.011,-0.006,-0.008,0.003,0.999,50.100
2510633386,2026-10-04 04:00:00,221.990,222.270,222.860,0.040,0.020,0.010,0.015,0.008,0.004,0.002,0.002,0.002,0.000,0.001,1.000,50.110
2510633387,2026-10-04 04:00:00,237.080,237.590,237.030,0.010,0.000,0.150,0.037,0.002,0.000,0.035,-0.004,0.000,0.000,-0.003,0.990,50.100
2510633390,2026-10-04 04:00:00,235.990,236.820,235.790,1.240,1.540,1.500,1.060,0.314,0.386,0.359,0.262,0.072,0.062,0.126,0.963,50.080
2510633391,2026-10-04 04:00:00,124.640,124.330,124.360,0.000,0.000,0.000,0.000,0.000,0.000,0.000,0.000,0.000,0.000,0.000,1.000,50.080
2510633393,2026-10-04 04:00:00,235.880,236.690,236.480,0.000,0.000,0.000,0.000,0.000,0.000,0.000,0.000,0.000,0.000,0.000,1.000,50.100
2510633395,2026-10-04 04:00:00,237.350,237.820,237.330,0.000,0.000,0.000,0.000,0.000,0.000,0.000,0.000,0.000,0.000,0.000,1.000,50.140
2510633396,2026-10-04 04:00:00,237.790,237.230,237.690,0.010,0.060,0.010,0.021,0.003,0.015,0.002,0.000,0.000,0.000,0.000,1.000,50.130
2510633397,2026-10-04 04:00:00,243.120,242.110,242.500,0.030,0.030,0.030,0.019,0.006,0.006,0.006,-0.006,-0.002,-0.001,-0.002,0.932,50.080
2510633399,2026-10-04 04:00:00,232.530,232.410,231.630,0.230,0.300,0.290,0.190,0.052,0.070,0.066,-0.001,0.000,0.000,0.000,0.998,50.130
2510633400,2026-10-04 04:00:00,231.720,230.780,231.760,0.360,0.350,0.370,0.227,0.072,0.074,0.081,0.122,0.042,0.040,0.039,0.881,50.080
2510633402,2026-10-04 04:00:00,232.820,232.890,234.110,0.770,0.810,0.890,0.464,0.140,0.150,0.172,0.186,0.062,0.059,0.076,0.947,50.110
2510633406,2026-10-04 04:00:00,232.740,232.700,231.670,0.110,0.090,0.100,0.063,0.024,0.019,0.019,-0.034,-0.010,-0.012,-0.012,0.863,50.140
2510633411,2026-10-04 04:00:00,229.010,229.870,229.490,1.900,1.910,1.950,1.174,0.392,0.393,0.390,0.467,0.143,0.148,0.176,0.931,50.100
2510814977,2026-10-04 04:00:00,233.390,234.590,233.180,0.010,0.010,0.010,0.004,0.001,0.000,0.001,-0.004,-0.001,-0.001,-0.001,0.674,50.130
2610026950,2026-10-04 04:00:00,231.760,232.610,232.770,0.010,0.000,0.010,0.004,0.001,0.001,0.002,0.000,0.000,0.000,0.000,0.933,50.140
2610026952,2026-10-04 04:00:00,235.940,235.510,235.430,1.310,1.270,1.320,0.808,0.267,0.264,0.276,0.412,0.145,0.132,0.134,0.890,50.140
2610026953,2026-10-04 04:00:00,237.010,236.040,237.120,0.020,0.010,0.020,0.011,0.005,0.001,0.003,-0.002,0.000,0.000,-0.001,0.935,50.140
2610026963,2026-10-04 04:00:00,237.600,237.470,238.050,0.170,0.100,0.090,0.075,0.036,0.020,0.018,-0.037,-0.016,-0.010,-0.010,0.900,50.130
2610026966,2026-10-04 04:00:00,235.320,235.410,234.600,0.050,0.050,0.070,0.035,0.010,0.009,0.014,0.018,0.004,0.005,0.009,0.888,50.150
2610026976,2026-10-04 04:00:00,237.180,237.020,237.720,0.180,0.460,0.600,0.291,0.042,0.110,0.138,-0.034,-0.011,0.002,-0.025,0.994,50.100
2610026977,2026-10-04 04:00:00,246.880,246.700,245.890,0.080,0.410,0.550,0.248,0.018,0.097,0.132,-0.048,-0.004,-0.020,-0.023,0.982,50.100
2610126270,2026-10-04 04:00:00,232.650,231.480,232.660,0.020,0.030,0.020,0.015,0.005,0.006,0.004,-0.004,-0.001,-0.001,-0.001,0.972,50.120
2610126451,2026-10-04 04:00:00,237.640,237.980,237.490,0.000,0.010,0.040,0.016,0.001,0.001,0.013,0.001,0.000,0.000,0.001,0.980,50.130
2610159557,2026-10-04 04:00:00,237.060,236.190,236.450,0.020,0.010,0.010,0.006,0.003,0.001,0.001,-0.005,-0.002,0.000,-0.001,0.839,50.140
2610159558,2026-10-04 04:00:00,236.050,236.350,236.890,0.000,0.000,0.000,0.000,0.000,0.000,0.000,0.000,0.000,0.000,0.000,0.850,50.140
2610170785,2026-10-04 04:00:00,236.960,236.110,236.450,0.010,0.010,0.000,0.003,0.001,0.001,0.000,0.001,0.000,0.000,0.000,0.939,50.140
2610170786,2026-10-04 04:00:00,235.860,236.060,236.600,0.670,0.680,0.750,0.484,0.153,0.157,0.174,0.113,0.036,0.034,0.041,0.971,50.120
2610170836,2026-10-04 04:00:00,237.200,237.430,237.920,0.000,0.010,0.000,0.001,0.000,0.001,0.000,0.000,0.000,0.000,0.000,0.700,50.130
2610170837,2026-10-04 04:00:00,234.370,232.770,233.040,0.000,0.000,0.020,0.005,0.000,0.000,0.005,0.000,0.000,0.000,0.000,1.000,50.120
2610170838,2026-10-04 04:00:00,236.800,235.780,236.200,0.010,0.050,0.080,0.031,0.002,0.010,0.018,0.000,0.000,0.001,0.000,0.994,50.130
2610170839,2026-10-04 04:00:00,235.830,236.110,236.730,0.010,0.030,0.020,0.012,0.002,0.006,0.003,-0.001,0.000,0.000,0.000,0.955,50.120
2610170840,2026-10-04 04:00:00,236.720,235.600,237.030,0.090,0.400,0.160,0.151,0.020,0.093,0.037,-0.017,-0.002,-0.009,-0.005,0.994,50.130
2610322967,2026-10-04 04:00:00,237.460,236.500,236.540,0.000,0.000,0.010,0.003,0.000,0.000,0.003,0.000,0.000,0.000,0.000,0.918,50.140
2610322969,2026-10-04 04:00:00,231.490,232.360,232.640,0.300,0.240,0.020,0.073,0.064,0.004,0.004,0.077,0.024,0.054,-0.001,0.689,50.140
2610322982,2026-10-04 04:00:00,236.180,236.380,236.990,0.010,0.020,0.030,0.011,0.002,0.003,0.005,-0.006,-0.001,-0.002,-0.003,0.877,50.140
2610322992,2026-10-04 04:00:00,232.990,233.570,234.350,0.070,0.330,0.250,0.150,0.016,0.075,0.058,0.010,0.004,-0.001,0.007,0.999,50.120
2610322995,2026-10-04 04:00:00,236.190,236.390,237.000,0.000,0.030,0.030,0.012,0.000,0.006,0.006,-0.008,0.000,-0.004,-0.003,0.798,50.130
2610322997,2026-10-04 04:00:00,233.140,234.460,232.950,0.070,0.080,0.060,0.044,0.014,0.017,0.012,0.022,0.006,0.009,0.007,0.890,50.140
2610323001,2026-10-04 04:00:00,232.950,231.340,231.510,1.290,1.400,1.400,0.858,0.267,0.294,0.296,0.363,0.119,0.124,0.118,0.922,50.120
2610323004,2026-10-04 04:00:00,64.670,64.150,64.610,0.140,0.120,0.140,0.024,0.008,0.007,0.008,0.004,0.002,0.001,0.000,0.994,50.130
2610323010,2026-10-04 04:00:00,237.280,237.080,236.320,0.060,0.000,0.000,0.013,0.013,0.000,0.000,-0.007,-0.007,0.000,0.000,0.910,50.080
2610323014,2026-10-04 04:00:00,237.210,237.240,237.730,0.000,0.000,0.000,0.000,0.000,0.000,0.000,-0.001,0.000,0.000,0.000,0.604,50.130
2610323016,2026-10-04 04:00:00,231.530,230.430,230.560,2.090,2.040,1.990,1.261,0.435,0.418,0.406,0.611,0.202,0.205,0.203,0.899,50.120
2610323017,2026-10-04 04:00:00,236.080,236.800,236.050,0.040,0.020,0.020,0.016,0.007,0.004,0.003,-0.010,-0.004,-0.003,-0.002,0.857,50.120
2610323019,2026-10-04 04:00:00,232.470,231.610,232.600,0.020,0.020,0.030,0.015,0.004,0.005,0.005,-0.007,-0.001,-0.002,-0.003,0.907,50.120
2610323027,2026-10-04 04:00:00,236.890,235.930,236.240,0.020,0.030,0.020,0.014,0.004,0.005,0.003,-0.010,-0.003,-0.003,-0.003,0.808,50.120
2510014484,2026-10-04 04:01:00,236.710,235.920,236.960,0.100,0.120,0.170,0.092,0.024,0.028,0.039,-0.005,-0.002,0.000,-0.002,0.997,50.030
2610323005,2026-10-04 04:01:00,232.320,231.390,232.360,0.000,0.000,0.000,0.001,0.000,0.001,0.000,0.000,0.000,0.000,0.000,0.927,49.980
2510224049,2026-10-04 04:02:00,232.170,231.220,232.400,20.230,20.060,12.350,11.200,3.990,4.470,2.730,-1.920,-0.770,-0.520,-0.610,0.985,49.960
2510633389,2026-10-04 04:02:00,237.510,237.280,236.460,0.130,0.120,0.120,0.034,0.010,0.010,0.014,-0.080,-0.028,-0.027,-0.024,0.397,50.000
2246006313,2026-10-04 04:30:00,58.200,58.200,58.400,0.834,0.833,0.840,0.149,0.049,0.047,0.048,0.020,0.006,0.007,0.007,0.989,49.940
2410121326,2026-10-04 04:30:00,236.870,236.170,236.520,0.080,0.090,0.090,0.055,0.017,0.020,0.017,0.022,0.008,0.003,0.011,0.932,50.080
2410121353,2026-10-04 04:30:00,237.360,236.660,237.060,0.000,0.010,0.030,0.010,0.000,0.002,0.008,-0.001,0.000,0.000,0.000,0.975,50.110
2410121371,2026-10-04 04:30:00,236.980,236.160,236.440,0.030,0.010,0.030,0.016,0.008,0.000,0.007,-0.002,0.000,-0.001,0.000,0.964,50.120
2410121424,2026-10-04 04:30:00,237.410,236.750,237.090,0.010,0.010,0.010,0.004,0.000,0.001,0.002,-0.003,-0.001,-0.001,0.000,0.779,50.150
2410121440,2026-10-04 04:30:00,236.890,236.240,236.540,0.010,0.000,0.010,0.004,0.002,0.000,0.001,-0.003,-0.001,-0.001,0.000,0.801,50.120
2410121454,2026-10-04 04:30:00,237.080,237.510,236.750,0.080,0.170,0.140,0.089,0.017,0.039,0.033,0.014,0.005,0.004,0.003,0.987,50.150
2410121457,2026-10-04 04:30:00,234.650,233.790,234.440,1.870,1.880,1.700,1.186,0.406,0.407,0.373,0.395,0.138,0.143,0.113,0.949,50.100
2410121574,2026-10-04 04:30:00,237.060,236.130,236.460,0.210,0.170,0.150,0.118,0.049,0.036,0.033,-0.038,-0.010,-0.015,-0.013,0.947,50.110
2410131378,2026-10-04 04:30:00,236.930,237.280,236.670,0.010,0.010,0.030,0.010,0.001,0.001,0.007,-0.002,-0.001,-0.001,0.000,0.983,50.110
2410131384,2026-10-04 04:30:00,236.260,236.800,236.010,0.040,0.120,0.100,0.058,0.008,0.027,0.022,0.002,0.000,0.000,0.003,0.997,49.950
2410131387,2026-10-04 04:30:00,237.840,238.700,238.450,0.030,0.030,0.030,0.018,0.006,0.006,0.005,-0.009,-0.002,-0.003,-0.003,0.875,50.100
2410883988,2026-10-04 04:30:00,233.140,231.990,233.110,0.020,0.000,0.080,0.023,0.004,0.000,0.019,-0.002,0.000,0.000,-0.001,0.986,50.010
2410883990,2026-10-04 04:30:00,232.110,233.100,233.090,0.080,0.000,0.180,0.059,0.018,0.000,0.041,0.003,0.001,0.000,0.001,0.989,50.150
2410883991,2026-10-04 04:30:00,235.440,235.750,236.350,0.070,0.100,0.190,0.085,0.016,0.023,0.045,-0.003,-0.002,0.000,-0.002,0.999,49.970
2410883993,2026-10-04 04:30:00,236.730,235.900,236.120,0.870,0.710,1.030,0.600,0.200,0.162,0.238,-0.088,-0.028,-0.032,-0.026,0.990,50.120
2410883994,2026-10-04 04:30:00,236.530,235.610,236.090,0.020,0.010,0.030,0.013,0.004,0.003,0.006,-0.004,-0.001,-0.001,-0.001,0.987,49.970
2410932742,2026-10-04 04:30:00,232.910,231.300,231.670,2.510,2.440,2.530,1.564,0.529,0.504,0.529,0.505,0.169,0.172,0.164,0.951,49.940
2411087432,2026-10-04 04:30:00,236.090,236.530,235.840,0.040,0.030,0.090,0.036,0.009,0.006,0.020,0.000,0.003,0.000,-0.003,1.000,50.050
2411087433,2026-10-04 04:30:00,236.430,236.770,237.290,0.630,0.600,0.650,0.426,0.143,0.138,0.145,-0.045,-0.014,-0.017,-0.013,0.993,50.140
2510014481,2026-10-04 04:30:00,231.990,232.180,233.070,1.700,1.700,1.990,1.188,0.384,0.382,0.425,0.551,0.187,0.177,0.186,0.900,50.130
2510014482,2026-10-04 04:30:00,236.170,236.480,235.850,0.010,0.040,0.000,0.011,0.002,0.009,0.000,-0.001,-0.002,0.000,0.000,0.951,50.050
2510014483,2026-10-04 04:30:00,236.070,236.360,236.870,0.050,0.040,0.050,0.023,0.008,0.005,0.008,-0.022,-0.006,-0.006,-0.009,0.725,50.150
2510178139,2026-10-04 04:30:00,236.820,237.240,236.450,0.060,0.060,0.070,0.045,0.014,0.013,0.018,0.005,0.003,0.002,0.000,0.992,50.090
2510178141,2026-10-04 04:30:00,236.220,236.380,236.760,0.020,0.010,0.090,0.024,0.002,0.000,0.021,-0.009,-0.004,-0.001,-0.003,0.931,50.130
2510203103,2026-10-04 04:30:00,229.230,227.570,227.900,0.090,0.110,0.090,0.062,0.018,0.023,0.019,-0.026,-0.009,-0.008,-0.007,0.927,49.950
2510203104,2026-10-04 04:30:00,229.890,230.070,230.510,0.360,0.270,0.370,0.226,0.081,0.065,0.079,0.052,0.006,0.018,0.028,0.975,49.960
2510203105,2026-10-04 04:30:00,235.330,233.780,234.100,0.050,0.080,0.070,0.034,0.008,0.015,0.010,0.032,0.008,0.010,0.012,0.741,50.110
2510203108,2026-10-04 04:30:00,235.740,236.220,235.510,0.730,0.670,0.930,0.560,0.165,0.153,0.214,0.034,0.018,0.007,0.008,0.997,49.950
2510203109,2026-10-04 04:30:00,236.410,236.920,236.000,0.040,0.060,0.080,0.040,0.006,0.014,0.018,0.007,0.005,0.000,0.001,0.984,50.100
2510203111,2026-10-04 04:30:00,235.820,236.170,236.610,0.010,0.020,0.000,0.006,0.002,0.003,0.000,-0.002,-0.001,0.000,0.000,0.966,49.950
2510203114,2026-10-04 04:30:00,230.130,230.560,230.860,0.300,0.150,0.200,0.128,0.052,0.034,0.041,0.031,0.007,0.006,0.016,0.971,50.090
2510203117,2026-10-04 04:30:00,231.700,232.700,232.550,0.290,0.280,0.270,0.188,0.064,0.063,0.060,-0.040,-0.011,-0.018,-0.010,0.977,49.950
2510203120,2026-10-04 04:30:00,235.980,235.070,235.440,0.890,0.670,0.720,0.500,0.195,0.146,0.158,0.185,0.073,0.056,0.055,0.937,49.940
2510203121,2026-10-04 04:30:00,233.010,233.010,231.980,0.100,0.110,0.170,0.083,0.021,0.024,0.037,-0.027,-0.006,-0.008,-0.012,0.947,50.120
2510203122,2026-10-04 04:30:00,236.400,236.850,236.150,0.100,0.010,0.010,0.019,0.015,0.002,0.000,0.012,0.015,-0.001,0.000,0.845,50.000
2510203123,2026-10-04 04:30:00,235.180,235.470,235.870,0.010,0.010,0.000,0.005,0.002,0.002,0.000,-0.003,-0.001,-0.001,0.000,0.928,49.950
2510203124,2026-10-04 04:30:00,236.640,236.600,235.890,0.010,0.010,0.030,0.011,0.001,0.001,0.007,-0.001,0.000,0.000,0.000,1.000,50.070
2510203126,2026-10-04 04:30:00,233.320,233.210,232.210,0.080,0.020,0.000,0.023,0.018,0.004,0.000,-0.002,-0.001,0.000,0.000,0.978,50.070
2510203127,2026-10-04 04:30:00,236.500,236.830,236.230,0.240,0.310,0.220,0.155,0.047,0.063,0.044,0.094,0.032,0.035,0.026,0.854,50.070
2510203128,2026-10-04 04:30:00,235.540,235.790,234.460,1.840,1.760,1.900,1.259,0.425,0.400,0.432,0.142,0.033,0.046,0.062,0.993,49.950
2510203130,2026-10-04 04:30:00,246.350,246.450,247.860,0.000,0.010,0.020,0.006,0.000,0.002,0.003,-0.001,0.000,0.000,-0.001,0.913,50.090
2510203133,2026-10-04 04:30:00,235.780,236.080,235.460,0.020,0.020,0.000,0.010,0.004,0.004,0.000,-0.002,0.000,-0.002,0.000,1.000,49.980
2510203134,2026-10-04 04:30:00,236.930,235.920,236.220,0.020,0.010,0.010,0.007,0.004,0.001,0.001,-0.001,0.000,-0.001,0.000,0.970,49.940
2510224167,2026-10-04 04:30:00,232.750,232.580,231.680,10.170,11.630,11.880,7.400,2.250,2.550,2.590,-2.280,-0.650,-0.810,-0.810,0.955,50.100
2510317505,2026-10-04 04:30:00,232.960,232.960,231.980,8.180,9.650,9.830,6.000,1.790,2.140,2.060,-2.000,-0.590,-0.640,-0.770,0.948,50.130
2510317516,2026-10-04 04:30:00,233.080,233.020,231.970,0.000,0.000,0.000,0.000,0.000,0.000,0.000,0.000,0.000,0.000,0.000,1.000,50.110
2510317537,2026-10-04 04:30:00,236.160,236.220,236.840,2.060,1.930,1.910,1.340,0.480,0.410,0.430,-0.250,-0.060,-0.090,-0.090,0.982,50.110
2510633381,2026-10-04 04:30:00,236.950,236.050,236.390,0.050,0.090,0.010,0.032,0.009,0.019,0.002,-0.010,-0.004,-0.004,-0.001,0.952,50.070
2510633383,2026-10-04 04:30:00,236.240,236.480,236.890,0.110,0.080,0.090,0.026,0.006,0.008,0.010,-0.060,-0.024,-0.017,-0.019,0.393,50.070
2510633386,2026-10-04 04:30:00,222.070,222.400,222.930,0.030,0.020,0.010,0.012,0.006,0.004,0.002,0.003,0.002,0.000,0.001,0.992,50.100
2510633387,2026-10-04 04:30:00,236.500,236.830,236.230,0.010,0.020,0.150,0.039,0.002,0.002,0.034,0.000,0.000,0.003,-0.004,0.995,50.110
2510633390,2026-10-04 04:30:00,236.530,237.380,236.310,1.440,1.510,1.500,0.956,0.302,0.335,0.318,0.319,0.096,0.092,0.130,0.949,50.100
2510633391,2026-10-04 04:30:00,124.350,123.980,124.170,0.000,0.000,0.000,0.000,0.000,0.000,0.000,0.000,0.000,0.000,0.000,1.000,50.090
2510633395,2026-10-04 04:30:00,236.530,236.690,236.050,0.000,0.000,0.000,0.000,0.000,0.000,0.000,0.000,0.000,0.000,0.000,1.000,50.080
2510633396,2026-10-04 04:30:00,236.640,236.240,236.930,0.010,0.060,0.010,0.019,0.003,0.014,0.002,0.000,0.000,0.000,0.000,1.000,50.070
2510633397,2026-10-04 04:30:00,243.340,242.330,242.770,0.030,0.030,0.030,0.020,0.006,0.006,0.006,-0.005,-0.001,-0.001,-0.002,0.949,50.100
2510633399,2026-10-04 04:30:00,232.920,232.730,231.830,0.240,0.330,0.330,0.209,0.056,0.077,0.075,0.004,0.001,0.002,0.000,0.999,50.080
2510633400,2026-10-04 04:30:00,232.190,231.260,232.230,0.410,0.400,0.430,0.243,0.077,0.079,0.086,0.130,0.045,0.043,0.041,0.889,50.110
2510633402,2026-10-04 04:30:00,233.450,233.570,234.800,0.540,0.580,0.730,0.452,0.138,0.148,0.165,0.167,0.054,0.054,0.057,0.933,50.110
2510633406,2026-10-04 04:30:00,232.960,232.800,231.930,0.170,0.200,0.200,0.124,0.037,0.043,0.043,-0.039,-0.011,-0.014,-0.013,0.949,50.130
2510633411,2026-10-04 04:30:00,229.680,230.610,230.260,1.640,1.640,1.690,1.045,0.348,0.345,0.345,0.406,0.125,0.126,0.154,0.932,50.090
2510814977,2026-10-04 04:30:00,233.850,234.970,233.620,0.010,0.010,0.010,0.006,0.003,0.000,0.002,-0.002,0.000,-0.001,-0.001,0.900,50.140
2610026950,2026-10-04 04:30:00,231.970,232.910,232.910,0.010,0.000,0.010,0.005,0.002,0.000,0.002,-0.001,0.000,0.000,0.000,0.950,50.130
2610026952,2026-10-04 04:30:00,236.210,235.520,235.720,0.540,0.540,0.530,0.367,0.123,0.123,0.120,0.090,0.029,0.032,0.029,0.970,50.130
2610026963,2026-10-04 04:30:00,236.330,236.440,236.960,0.180,0.120,0.100,0.083,0.039,0.024,0.019,-0.041,-0.016,-0.012,-0.013,0.894,50.080
2610026966,2026-10-04 04:30:00,235.620,235.650,234.920,0.040,0.050,0.060,0.032,0.009,0.011,0.012,0.016,0.004,0.005,0.006,0.895,50.080
2610026976,2026-10-04 04:30:00,236.300,236.410,237.090,0.300,0.470,0.530,0.303,0.070,0.110,0.123,-0.037,-0.011,0.002,-0.029,0.993,50.070
2610026977,2026-10-04 04:30:00,246.700,247.340,246.530,0.420,0.410,0.550,0.321,0.090,0.097,0.132,0.008,0.051,-0.020,-0.022,1.000,50.090
2610126270,2026-10-04 04:30:00,232.970,231.880,233.050,0.020,0.030,0.020,0.016,0.005,0.006,0.004,-0.005,-0.001,-0.001,-0.001,0.943,50.150
2610126451,2026-10-04 04:30:00,236.540,236.780,236.100,0.000,0.010,0.070,0.018,0.001,0.001,0.015,0.001,0.000,0.000,0.002,1.000,50.110
2610159557,2026-10-04 04:30:00,236.890,236.000,236.310,0.020,0.010,0.010,0.005,0.003,0.000,0.001,-0.005,-0.002,-0.001,-0.001,0.737,50.130
2610159558,2026-10-04 04:30:00,236.410,236.760,237.290,0.000,0.000,0.010,0.002,0.000,0.000,0.001,0.000,0.000,0.000,0.000,1.000,50.120
2610170785,2026-10-04 04:30:00,236.740,235.840,236.270,0.000,0.010,0.000,0.002,0.000,0.001,0.000,0.001,0.000,0.000,0.000,0.779,50.140
2610170786,2026-10-04 04:30:00,236.100,236.430,236.880,0.460,0.460,0.570,0.363,0.110,0.109,0.143,0.090,0.029,0.026,0.031,0.967,50.100
2610170836,2026-10-04 04:30:00,235.750,236.210,236.600,0.000,0.010,0.000,0.001,0.000,0.001,0.000,0.000,0.000,0.000,0.000,1.000,50.150
2610170837,2026-10-04 04:30:00,235.060,233.520,233.810,0.000,0.000,0.020,0.005,0.000,0.000,0.005,0.000,0.000,0.000,0.000,1.000,50.150
2610170838,2026-10-04 04:30:00,237.030,235.950,236.490,0.010,0.040,0.080,0.030,0.002,0.009,0.018,0.000,0.000,0.000,0.000,0.995,50.070
2610170839,2026-10-04 04:30:00,235.950,236.280,236.870,0.010,0.020,0.020,0.010,0.002,0.004,0.003,-0.002,0.000,0.000,0.000,0.968,50.150
2610322967,2026-10-04 04:30:00,237.240,236.170,236.350,0.000,0.000,0.010,0.003,0.000,0.000,0.003,0.000,0.000,0.000,0.000,0.924,50.140
2610322969,2026-10-04 04:30:00,231.770,232.620,232.850,0.300,0.240,0.020,0.083,0.064,0.014,0.004,0.077,0.024,0.054,0.000,0.732,50.130
2610322982,2026-10-04 04:30:00,236.200,236.460,237.070,0.010,0.020,0.030,0.011,0.002,0.003,0.005,-0.006,-0.001,-0.002,-0.003,0.877,50.110
2610322992,2026-10-04 04:30:00,233.680,234.290,235.040,0.080,0.350,0.250,0.157,0.016,0.082,0.058,0.010,0.004,0.000,0.006,0.996,50.150
2610322995,2026-10-04 04:30:00,236.030,236.340,236.860,0.000,0.030,0.030,0.012,0.000,0.006,0.006,-0.008,0.000,-0.004,-0.003,0.805,50.140
2610322997,2026-10-04 04:30:00,233.900,235.160,233.710,0.070,0.080,0.060,0.043,0.014,0.017,0.011,0.022,0.006,0.008,0.007,0.896,50.150
2610323001,2026-10-04 04:30:00,233.640,232.070,232.310,1.280,1.370,1.420,0.872,0.272,0.293,0.306,0.369,0.121,0.126,0.121,0.919,50.150
2610323004,2026-10-04 04:30:00,64.760,64.290,64.720,0.090,0.070,0.090,0.014,0.005,0.004,0.005,0.002,0.001,0.000,0.000,1.000,50.150
2610323005,2026-10-04 04:30:00,232.980,232.000,233.030,0.000,0.000,0.000,0.001,0.000,0.001,0.000,0.000,0.000,0.000,0.000,0.942,50.150
2610323014,2026-10-04 04:30:00,236.210,236.440,236.870,0.000,0.000,0.000,0.000,0.000,0.000,0.000,-0.001,0.000,0.000,0.000,0.631,50.150
2610323016,2026-10-04 04:30:00,233.120,231.880,232.150,1.480,1.400,1.350,0.840,0.297,0.275,0.267,0.476,0.159,0.160,0.155,0.868,50.150
2610323017,2026-10-04 04:30:00,236.420,237.040,236.260,0.040,0.020,0.020,0.016,0.007,0.004,0.003,-0.010,-0.004,-0.002,-0.002,0.845,50.120
2610323019,2026-10-04 04:30:00,233.030,232.170,233.250,0.020,0.060,0.030,0.023,0.004,0.013,0.005,-0.009,-0.001,-0.004,-0.003,0.960,50.150
2610323027,2026-10-04 04:30:00,237.130,236.090,236.610,0.020,0.030,0.020,0.014,0.004,0.005,0.003,-0.010,-0.003,-0.003,-0.003,0.808,50.120
2510224049,2026-10-04 04:31:00,233.290,232.270,233.500,20.350,20.080,12.300,11.250,4.040,4.480,2.720,-1.950,-0.790,-0.540,-0.620,0.985,50.150
2246006313,2026-10-04 05:00:00,58.400,58.400,58.700,0.784,0.781,0.795,0.136,0.044,0.044,0.045,0.022,0.007,0.007,0.007,0.986,50.080
2410121326,2026-10-04 05:00:00,236.910,236.190,236.260,0.090,0.100,0.090,0.058,0.018,0.022,0.017,0.021,0.007,0.003,0.010,0.931,50.140
2410121353,2026-10-04 05:00:00,237.360,236.700,236.820,0.000,0.010,0.040,0.012,0.000,0.002,0.009,-0.002,0.000,0.000,0.000,1.000,50.150
2410121371,2026-10-04 05:00:00,237.560,236.740,236.840,0.040,0.010,0.030,0.017,0.008,0.000,0.007,-0.001,0.000,-0.001,0.000,1.000,50.190
2410121424,2026-10-04 05:00:00,237.670,236.990,237.130,0.010,0.010,0.010,0.004,0.000,0.001,0.002,-0.003,-0.001,-0.001,0.000,0.780,50.180
2410121440,2026-10-04 05:00:00,237.130,236.500,236.540,0.010,0.000,0.010,0.004,0.002,0.000,0.001,-0.003,-0.001,-0.001,0.000,0.798,50.200
2410121454,2026-10-04 05:00:00,237.100,237.770,236.980,0.090,0.170,0.150,0.096,0.020,0.040,0.036,0.019,0.008,0.005,0.005,0.978,50.190
2410121457,2026-10-04 05:00:00,235.210,234.400,234.830,1.810,1.850,1.690,1.164,0.396,0.396,0.371,0.381,0.133,0.138,0.109,0.950,50.180
2410121574,2026-10-04 05:00:00,237.740,236.810,236.910,0.220,0.170,0.150,0.117,0.049,0.036,0.031,-0.039,-0.011,-0.015,-0.013,0.950,50.170
2410131378,2026-10-04 05:00:00,237.040,237.650,237.030,0.010,0.010,0.030,0.010,0.001,0.001,0.006,-0.004,-0.001,-0.001,0.000,0.915,50.170
2410131384,2026-10-04 05:00:00,237.140,237.720,236.950,0.040,0.120,0.090,0.056,0.008,0.027,0.020,0.002,0.000,0.000,0.003,1.000,50.150
2410131387,2026-10-04 05:00:00,232.770,234.060,233.470,0.030,0.040,0.030,0.022,0.007,0.007,0.006,-0.009,-0.002,-0.003,-0.003,0.929,50.190
2410883988,2026-10-04 05:00:00,233.900,232.650,233.770,0.020,0.000,0.080,0.023,0.004,0.000,0.019,-0.002,0.000,0.000,-0.001,0.985,50.110
2410883990,2026-10-04 05:00:00,232.350,233.470,233.510,0.020,0.000,0.180,0.044,0.003,0.000,0.041,0.004,0.002,0.000,0.001,0.996,50.160
2410883991,2026-10-04 05:00:00,236.760,236.990,237.630,0.090,0.100,0.190,0.087,0.020,0.023,0.044,-0.004,-0.002,0.000,-0.002,0.998,50.100
2410883993,2026-10-04 05:00:00,237.380,236.640,236.770,0.610,0.370,0.650,0.374,0.138,0.085,0.150,-0.042,-0.018,-0.018,-0.006,0.994,50.160
2410883994,2026-10-04 05:00:00,237.600,236.680,237.110,0.020,0.020,0.030,0.014,0.004,0.003,0.006,-0.004,-0.001,-0.001,-0.001,0.945,50.120
2410932742,2026-10-04 05:00:00,234.000,232.370,232.640,2.510,2.440,2.500,1.564,0.533,0.506,0.525,0.513,0.170,0.176,0.165,0.949,50.080
2411087432,2026-10-04 05:00:00,236.080,236.700,236.020,0.030,0.030,0.090,0.033,0.007,0.005,0.020,-0.005,0.001,-0.003,-0.004,0.986,50.110
2411087433,2026-10-04 05:00:00,237.120,237.420,237.950,0.560,0.560,0.590,0.404,0.131,0.133,0.138,-0.042,-0.013,-0.017,-0.011,0.994,50.170
2510014481,2026-10-04 05:00:00,233.040,233.130,234.150,1.450,1.410,1.620,0.924,0.302,0.284,0.365,0.481,0.176,0.147,0.156,0.892,50.170
2510014482,2026-10-04 05:00:00,236.250,236.730,236.090,0.010,0.040,0.000,0.011,0.002,0.009,0.000,-0.001,-0.002,0.000,0.000,1.000,50.110
2510014483,2026-10-04 05:00:00,236.670,236.880,237.450,0.040,0.030,0.050,0.017,0.005,0.004,0.007,-0.020,-0.006,-0.005,-0.008,0.635,50.160
2510178139,2026-10-04 05:00:00,236.450,237.110,236.180,0.190,0.180,0.190,0.120,0.041,0.038,0.043,0.054,0.019,0.019,0.015,0.914,50.160
2510178141,2026-10-04 05:00:00,236.360,236.330,236.930,0.020,0.010,0.020,0.005,0.002,0.000,0.002,-0.009,-0.004,-0.001,-0.002,0.469,50.140
2510203103,2026-10-04 05:00:00,230.360,228.780,228.930,0.100,0.140,0.120,0.074,0.020,0.029,0.024,-0.027,-0.009,-0.008,-0.008,0.936,50.130
2510203104,2026-10-04 05:00:00,230.570,230.680,231.150,0.360,0.330,0.450,0.283,0.092,0.081,0.109,0.057,0.009,0.017,0.029,0.975,50.130
2510203105,2026-10-04 05:00:00,236.050,234.490,234.690,0.050,0.080,0.070,0.035,0.008,0.016,0.010,0.033,0.008,0.010,0.014,0.728,50.160
2510203108,2026-10-04 05:00:00,236.200,236.820,236.080,0.660,0.560,0.820,0.469,0.147,0.136,0.186,0.033,0.017,0.008,0.006,0.996,50.110
2510203109,2026-10-04 05:00:00,236.900,237.490,236.670,0.030,0.070,0.070,0.038,0.005,0.016,0.017,0.008,0.005,0.001,0.001,0.981,50.160
2510203111,2026-10-04 05:00:00,236.460,236.610,237.250,0.010,0.020,0.000,0.006,0.002,0.003,0.000,-0.002,-0.001,0.000,0.000,0.960,50.150
2510203114,2026-10-04 05:00:00,230.760,231.110,231.450,0.310,0.190,0.210,0.147,0.056,0.044,0.046,0.031,0.009,0.004,0.017,0.979,50.160
2510203117,2026-10-04 05:00:00,232.420,233.550,233.590,0.290,0.280,0.230,0.182,0.066,0.063,0.052,-0.042,-0.010,-0.019,-0.012,0.972,50.080
2510203120,2026-10-04 05:00:00,236.930,236.120,236.430,0.890,0.650,0.720,0.498,0.195,0.144,0.158,0.186,0.074,0.056,0.055,0.935,50.100
2510203121,2026-10-04 05:00:00,233.500,233.510,232.390,0.100,0.110,0.180,0.085,0.021,0.024,0.039,-0.027,-0.007,-0.008,-0.012,0.949,50.170
2510203122,2026-10-04 05:00:00,236.050,236.660,235.960,0.080,0.020,0.010,0.017,0.012,0.004,0.000,0.011,0.014,-0.002,-0.001,0.851,50.110
2510203123,2026-10-04 05:00:00,236.210,236.290,236.930,0.010,0.010,0.000,0.005,0.002,0.002,0.000,-0.003,-0.001,-0.001,0.000,0.797,50.130
2510203124,2026-10-04 05:00:00,236.770,237.010,236.250,0.010,0.010,0.030,0.010,0.001,0.001,0.007,-0.001,0.000,0.000,0.000,0.992,50.140
2510203126,2026-10-04 05:00:00,233.780,233.800,232.660,0.080,0.020,0.000,0.023,0.018,0.004,0.000,-0.002,-0.001,0.000,0.000,0.975,50.140
2510203127,2026-10-04 05:00:00,236.370,236.930,236.310,0.240,0.350,0.220,0.161,0.047,0.069,0.044,0.105,0.031,0.047,0.026,0.834,50.130
2510203128,2026-10-04 05:00:00,236.480,236.800,235.370,1.790,1.720,1.840,1.229,0.412,0.395,0.419,0.138,0.028,0.042,0.067,0.993,50.120
2510203130,2026-10-04 05:00:00,247.080,247.090,248.570,0.000,0.010,0.040,0.012,0.000,0.002,0.010,-0.002,0.000,0.000,-0.001,0.981,50.160
2510203134,2026-10-04 05:00:00,237.660,236.670,236.980,0.020,0.010,0.010,0.007,0.004,0.002,0.001,-0.001,0.000,-0.001,0.000,0.969,50.090
2510224049,2026-10-04 05:00:00,233.300,232.100,233.390,20.340,20.240,12.300,11.310,4.040,4.540,2.720,-1.970,-0.790,-0.550,-0.620,0.985,50.160
2510224167,2026-10-04 05:00:00,233.290,233.220,232.180,10.150,11.600,11.850,7.390,2.250,2.550,2.590,-2.290,-0.660,-0.820,-0.810,0.954,50.130
2510317505,2026-10-04 05:00:00,233.410,233.370,232.250,8.170,9.630,9.820,6.000,1.790,2.140,2.060,-2.010,-0.590,-0.640,-0.770,0.947,50.150
2510317516,2026-10-04 05:00:00,233.640,233.640,232.480,0.000,0.000,0.000,0.000,0.000,0.000,0.000,0.000,0.000,0.000,0.000,1.000,50.130
2510317537,2026-10-04 05:00:00,236.680,236.600,237.320,2.570,2.580,2.660,1.500,0.480,0.500,0.500,-0.240,-0.060,-0.080,-0.080,0.983,50.130
2510633381,2026-10-04 05:00:00,237.480,236.610,236.920,0.050,0.070,0.010,0.029,0.010,0.015,0.003,-0.010,-0.004,-0.004,-0.001,0.950,50.140
2510633383,2026-10-04 05:00:00,236.230,236.260,236.910,0.110,0.080,0.090,0.024,0.006,0.007,0.009,-0.061,-0.024,-0.017,-0.018,0.366,50.130
2510633387,2026-10-04 05:00:00,236.410,237.020,236.380,0.010,0.000,0.150,0.037,0.002,0.000,0.034,-0.004,0.000,0.000,-0.004,0.983,50.180
2510633390,2026-10-04 05:00:00,236.880,237.780,236.740,1.320,1.340,1.430,0.899,0.276,0.313,0.310,0.282,0.082,0.072,0.128,0.952,50.180
2510633391,2026-10-04 05:00:00,124.380,123.990,124.040,0.000,0.000,0.000,0.000,0.000,0.000,0.000,0.000,0.000,0.000,0.000,1.000,50.140
2510633395,2026-10-04 05:00:00,236.310,236.840,236.230,0.000,0.000,0.000,0.000,0.000,0.000,0.000,0.000,0.000,0.000,0.000,1.000,50.150
2510633396,2026-10-04 05:00:00,236.940,236.210,236.700,0.010,0.060,0.010,0.019,0.003,0.013,0.002,0.000,0.000,0.000,0.000,1.000,50.150
2510633397,2026-10-04 05:00:00,244.030,243.050,243.390,0.030,0.030,0.030,0.019,0.006,0.006,0.006,-0.006,-0.002,-0.001,-0.002,0.934,50.170
2510633399,2026-10-04 05:00:00,233.350,233.320,232.320,0.230,0.320,0.310,0.198,0.054,0.074,0.070,0.001,0.000,0.001,0.000,0.999,50.140
2510633400,2026-10-04 05:00:00,232.620,231.620,232.670,0.360,0.360,0.390,0.230,0.073,0.075,0.084,0.119,0.041,0.039,0.038,0.892,50.160
2510633402,2026-10-04 05:00:00,233.930,234.060,235.370,0.650,0.700,0.760,0.484,0.153,0.163,0.180,0.237,0.077,0.077,0.081,0.926,50.190
2510633406,2026-10-04 05:00:00,233.450,233.510,232.430,0.170,0.200,0.200,0.124,0.037,0.043,0.043,-0.039,-0.011,-0.014,-0.014,0.949,50.170
2510633411,2026-10-04 05:00:00,229.990,230.950,230.570,1.560,1.570,1.630,1.016,0.336,0.339,0.340,0.436,0.134,0.137,0.164,0.916,50.140
2510814977,2026-10-04 05:00:00,234.500,235.800,234.440,0.010,0.010,0.010,0.005,0.003,0.000,0.002,-0.002,0.000,-0.001,-0.001,0.888,50.170
2610026950,2026-10-04 05:00:00,232.310,233.390,233.520,0.010,0.000,0.010,0.005,0.001,0.001,0.003,-0.001,0.000,0.000,0.000,0.993,50.170
2610026952,2026-10-04 05:00:00,235.010,234.440,234.440,1.320,1.260,1.320,0.812,0.270,0.262,0.278,0.403,0.145,0.129,0.127,0.895,50.170
2610026963,2026-10-04 05:00:00,236.570,236.480,237.180,0.180,0.110,0.110,0.084,0.038,0.024,0.021,-0.044,-0.018,-0.012,-0.013,0.884,50.140
2610026966,2026-10-04 05:00:00,235.070,235.200,234.380,0.050,0.040,0.070,0.030,0.009,0.008,0.013,0.017,0.004,0.003,0.008,0.880,50.150
2610026976,2026-10-04 05:00:00,236.340,236.140,237.090,0.190,0.650,0.520,0.301,0.042,0.138,0.119,-0.037,-0.011,0.000,-0.026,0.991,50.140
2610026977,2026-10-04 05:00:00,245.570,246.340,245.480,0.510,0.150,0.350,0.210,0.100,0.027,0.083,0.117,0.074,0.024,0.018,0.872,50.140
2610126270,2026-10-04 05:00:00,233.460,232.210,233.430,0.020,0.030,0.020,0.015,0.004,0.006,0.004,-0.004,-0.001,-0.001,-0.001,0.969,50.160
2610126451,2026-10-04 05:00:00,236.550,237.060,236.380,0.000,0.000,0.060,0.014,0.000,0.000,0.013,0.000,0.000,0.000,0.001,0.995,50.160
2610159557,2026-10-04 05:00:00,237.540,236.750,236.970,0.020,0.010,0.010,0.005,0.003,0.000,0.001,-0.005,-0.003,-0.001,-0.001,0.736,50.170
2610159558,2026-10-04 05:00:00,236.740,237.060,237.610,0.000,0.000,0.000,0.000,0.000,0.000,0.000,0.000,0.000,0.000,0.000,0.840,50.170
2610170785,2026-10-04 05:00:00,237.360,236.500,236.860,0.010,0.010,0.000,0.003,0.002,0.001,0.000,0.000,0.000,0.000,0.000,0.949,50.160
2610170786,2026-10-04 05:00:00,236.350,236.590,237.050,0.750,0.750,0.850,0.591,0.182,0.181,0.196,0.166,0.054,0.052,0.059,0.952,50.140
2610170836,2026-10-04 05:00:00,236.220,236.470,237.090,0.000,0.010,0.000,0.001,0.000,0.001,0.000,0.000,0.000,0.000,0.000,0.707,50.160
2610170837,2026-10-04 05:00:00,235.890,234.350,234.570,0.000,0.000,0.020,0.005,0.000,0.000,0.005,0.000,0.000,0.000,0.000,1.000,50.160
2610170838,2026-10-04 05:00:00,237.330,236.260,236.700,0.010,0.030,0.080,0.029,0.002,0.008,0.018,0.000,0.000,0.001,0.000,1.000,50.120
2610170839,2026-10-04 05:00:00,236.520,236.760,237.400,0.010,0.020,0.020,0.010,0.002,0.004,0.003,-0.002,0.000,0.000,0.000,0.966,50.160
2610322967,2026-10-04 05:00:00,237.960,236.980,237.060,0.000,0.000,0.010,0.003,0.000,0.000,0.003,0.000,0.000,0.000,0.000,0.923,50.170
2610322969,2026-10-04 05:00:00,232.320,233.210,233.570,0.300,0.240,0.020,0.072,0.064,0.003,0.004,0.077,0.023,0.054,0.000,0.686,50.160
2610322982,2026-10-04 05:00:00,236.830,237.020,237.630,0.010,0.020,0.030,0.011,0.002,0.003,0.005,-0.006,-0.001,-0.002,-0.003,0.880,50.170
2610322992,2026-10-04 05:00:00,234.650,235.190,235.940,0.070,0.320,0.250,0.150,0.016,0.075,0.057,0.010,0.004,0.000,0.006,1.000,50.150
2610322995,2026-10-04 05:00:00,236.840,237.000,237.540,0.000,0.030,0.030,0.012,0.000,0.006,0.006,-0.008,0.000,-0.003,-0.003,0.858,50.170
2610322997,2026-10-04 05:00:00,234.600,236.060,234.620,0.070,0.080,0.060,0.045,0.016,0.017,0.011,0.023,0.006,0.009,0.007,0.888,50.150
2610323001,2026-10-04 05:00:00,235.040,233.510,233.460,0.910,1.000,1.000,0.621,0.194,0.213,0.213,0.248,0.078,0.086,0.083,0.928,50.160
2610323004,2026-10-04 05:00:00,65.060,64.550,64.970,0.080,0.060,0.080,0.014,0.005,0.003,0.005,0.002,0.001,0.000,0.000,0.959,50.170
2610323005,2026-10-04 05:00:00,233.610,232.460,233.460,0.000,0.000,0.000,0.001,0.000,0.001,0.000,0.000,0.000,0.000,0.000,0.953,50.170
2610323014,2026-10-04 05:00:00,236.340,236.320,236.980,0.000,0.000,0.000,0.000,0.000,0.000,0.000,-0.001,0.000,0.000,0.000,0.635,50.170
2610323016,2026-10-04 05:00:00,233.840,232.670,232.830,1.500,1.430,1.380,0.856,0.302,0.281,0.272,0.502,0.168,0.170,0.163,0.862,50.150
2610323017,2026-10-04 05:00:00,236.810,237.520,236.770,0.040,0.020,0.020,0.016,0.007,0.004,0.003,-0.010,-0.004,-0.003,-0.002,0.857,50.140
2610323019,2026-10-04 05:00:00,233.400,232.500,233.600,0.060,0.020,0.030,0.025,0.013,0.005,0.006,-0.007,-0.003,-0.002,-0.001,0.971,50.150
2610323027,2026-10-04 05:00:00,237.550,236.550,236.940,0.020,0.030,0.020,0.014,0.004,0.005,0.003,-0.010,-0.003,-0.003,-0.003,0.804,50.130
2510203133,2026-10-04 05:01:00,236.110,236.680,236.080,0.020,0.020,0.000,0.021,0.004,0.004,0.012,-0.002,0.000,-0.002,0.000,1.000,50.120
2510633386,2026-10-04 05:02:00,222.360,222.560,223.200,0.030,0.020,0.010,0.014,0.007,0.005,0.002,0.003,0.002,0.000,0.001,0.998,50.150
2246006313,2026-10-04 05:30:00,58.400,58.500,58.700,0.740,0.741,0.753,0.132,0.043,0.043,0.044,0.020,0.006,0.007,0.007,0.987,50.220
2410121326,2026-10-04 05:30:00,237.220,236.540,236.570,0.080,0.090,0.090,0.056,0.017,0.019,0.019,0.018,0.006,0.003,0.009,0.949,50.230
2410121353,2026-10-04 05:30:00,237.510,236.840,236.900,0.000,0.010,0.030,0.011,0.000,0.002,0.008,-0.002,0.000,0.000,0.000,1.000,50.250
2410121371,2026-10-04 05:30:00,237.990,237.210,237.210,0.040,0.010,0.030,0.016,0.008,0.000,0.007,-0.001,0.000,-0.001,0.000,0.991,50.280
2410121424,2026-10-04 05:30:00,237.520,236.860,236.860,0.010,0.010,0.010,0.004,0.000,0.001,0.002,-0.003,-0.001,-0.001,0.000,0.782,50.240
2410121440,2026-10-04 05:30:00,237.730,237.090,237.050,0.010,0.000,0.010,0.004,0.002,0.000,0.001,-0.003,-0.001,-0.001,0.000,0.790,50.260
2410121454,2026-10-04 05:30:00,236.860,237.480,236.760,0.080,0.170,0.140,0.089,0.017,0.039,0.033,0.013,0.005,0.004,0.003,0.986,50.240
2410121457,2026-10-04 05:30:00,235.570,234.660,235.070,2.110,2.140,1.900,1.348,0.463,0.465,0.418,0.421,0.143,0.156,0.121,0.954,50.240
2410121574,2026-10-04 05:30:00,237.740,236.840,236.820,0.210,0.170,0.150,0.118,0.047,0.037,0.033,-0.038,-0.010,-0.014,-0.012,0.952,50.250
2410131378,2026-10-04 05:30:00,237.130,237.790,237.100,0.010,0.010,0.030,0.010,0.001,0.001,0.006,-0.004,-0.001,-0.001,0.000,0.911,50.230
2410131384,2026-10-04 05:30:00,237.390,238.140,237.320,0.040,0.110,0.110,0.061,0.008,0.025,0.026,0.000,0.000,0.000,0.003,0.992,50.250
2410131387,2026-10-04 05:30:00,233.010,234.310,233.630,0.040,0.010,0.020,0.013,0.008,0.002,0.002,-0.006,-0.001,-0.001,-0.002,0.895,50.230
2410883988,2026-10-04 05:30:00,234.240,233.000,233.920,0.020,0.000,0.080,0.023,0.004,0.000,0.019,-0.002,0.000,0.000,-0.001,0.987,50.240
2410883990,2026-10-04 05:30:00,232.650,233.500,233.820,0.020,0.000,0.100,0.025,0.003,0.000,0.022,0.000,0.001,0.000,-0.001,1.000,50.240
2410883991,2026-10-04 05:30:00,237.150,237.300,238.040,0.090,0.090,0.250,0.102,0.021,0.021,0.060,-0.006,-0.002,0.000,-0.005,0.997,50.230
2410883993,2026-10-04 05:30:00,237.530,236.730,236.760,0.690,0.360,0.710,0.406,0.156,0.085,0.164,-0.045,-0.016,-0.018,-0.010,0.994,50.230
2410883994,2026-10-04 05:30:00,237.880,236.960,237.240,0.020,0.020,0.060,0.022,0.005,0.003,0.013,-0.004,-0.001,-0.001,-0.001,0.970,50.240
2410932742,2026-10-04 05:30:00,234.230,232.440,232.520,2.540,2.460,2.510,1.576,0.541,0.505,0.529,0.514,0.170,0.182,0.161,0.950,50.220
2411087432,2026-10-04 05:30:00,236.690,237.490,236.780,0.030,0.030,0.080,0.032,0.007,0.006,0.017,-0.002,0.001,0.000,-0.004,1.000,50.240
2411087433,2026-10-04 05:30:00,237.290,237.430,238.190,0.580,0.570,0.610,0.383,0.123,0.125,0.132,0.016,0.007,0.001,0.008,0.991,50.220
2510014482,2026-10-04 05:30:00,236.910,237.490,236.730,0.010,0.040,0.000,0.011,0.002,0.008,0.000,-0.001,-0.002,0.000,0.000,1.000,50.250
2510014483,2026-10-04 05:30:00,236.920,237.030,237.750,0.040,0.030,0.050,0.019,0.006,0.005,0.008,-0.021,-0.006,-0.006,-0.009,0.678,50.230
2510178139,2026-10-04 05:30:00,237.100,237.800,237.040,0.080,0.050,0.040,0.042,0.018,0.012,0.011,0.004,0.002,0.002,0.000,0.993,50.230
2510178141,2026-10-04 05:30:00,236.870,236.800,237.420,0.020,0.010,0.020,0.007,0.002,0.000,0.003,-0.009,-0.004,-0.001,-0.002,0.588,50.230
2510203103,2026-10-04 05:30:00,230.550,228.840,228.900,0.090,0.120,0.080,0.062,0.019,0.026,0.016,-0.026,-0.009,-0.007,-0.008,0.919,50.240
2510203104,2026-10-04 05:30:00,231.040,231.050,231.650,0.390,0.290,0.430,0.267,0.095,0.070,0.101,0.060,0.009,0.021,0.029,0.971,50.230
2510203105,2026-10-04 05:30:00,236.240,234.560,234.740,0.050,0.080,0.070,0.034,0.009,0.015,0.010,0.032,0.008,0.010,0.013,0.728,50.230
2510203108,2026-10-04 05:30:00,236.480,237.380,236.530,0.840,0.550,1.000,0.573,0.196,0.137,0.239,0.035,0.022,0.004,0.008,0.997,50.240
2510203109,2026-10-04 05:30:00,237.000,237.650,236.820,0.040,0.060,0.090,0.042,0.007,0.014,0.020,0.007,0.005,0.000,0.001,0.983,50.230
2510203111,2026-10-04 05:30:00,236.860,236.920,237.650,0.020,0.020,0.000,0.007,0.004,0.003,0.000,-0.001,-0.001,0.000,0.000,0.999,50.250
2510203114,2026-10-04 05:30:00,230.960,231.240,231.680,0.270,0.130,0.160,0.160,0.065,0.046,0.049,0.024,0.007,0.002,0.013,0.981,50.240
2510203117,2026-10-04 05:30:00,232.720,233.690,233.850,0.250,0.260,0.110,0.138,0.057,0.056,0.023,-0.035,-0.008,-0.018,-0.008,0.966,50.220
2510203120,2026-10-04 05:30:00,237.140,236.290,236.530,0.880,0.640,0.670,0.497,0.199,0.145,0.152,0.218,0.083,0.068,0.065,0.914,50.220
2510203121,2026-10-04 05:30:00,233.510,233.760,232.600,0.330,0.350,0.450,0.260,0.075,0.081,0.103,0.004,0.000,0.004,0.000,1.000,50.230
2510203122,2026-10-04 05:30:00,236.650,237.360,236.700,0.040,0.020,0.010,0.010,0.006,0.003,0.000,0.005,0.008,-0.002,-0.001,0.917,50.240
2510203123,2026-10-04 05:30:00,236.900,236.880,237.580,0.010,0.010,0.000,0.005,0.002,0.002,0.000,-0.003,-0.001,-0.001,0.000,0.925,50.230
2510203124,2026-10-04 05:30:00,237.020,237.330,236.640,0.030,0.040,0.050,0.026,0.006,0.007,0.012,0.011,0.003,0.003,0.004,0.923,50.240
2510203126,2026-10-04 05:30:00,233.910,234.080,233.020,0.080,0.020,0.000,0.023,0.018,0.004,0.000,-0.002,-0.001,0.000,0.000,0.978,50.230
2510203127,2026-10-04 05:30:00,236.630,237.290,236.680,0.250,0.310,0.220,0.157,0.048,0.064,0.045,0.094,0.031,0.035,0.026,0.856,50.240
2510203128,2026-10-04 05:30:00,236.750,237.180,235.720,1.700,1.610,1.790,1.179,0.395,0.372,0.412,0.122,0.025,0.036,0.060,0.994,50.230
2510203130,2026-10-04 05:30:00,247.150,247.060,248.720,0.000,0.010,0.100,0.027,0.000,0.002,0.024,0.000,0.000,0.000,0.001,1.000,50.240
2510203133,2026-10-04 05:30:00,236.920,237.500,236.910,0.030,0.020,0.000,0.011,0.006,0.004,0.000,-0.002,0.000,-0.002,0.000,0.952,50.260
2510203134,2026-10-04 05:30:00,238.190,237.220,237.290,0.020,0.010,0.010,0.007,0.004,0.001,0.001,-0.001,0.000,-0.001,0.000,0.971,50.230
2510224167,2026-10-04 05:30:00,233.360,233.490,232.460,4.590,7.580,7.150,4.170,0.990,1.600,1.560,-1.280,-0.300,-0.490,-0.480,0.955,50.230
2510317516,2026-10-04 05:30:00,233.730,233.890,232.770,0.000,0.000,0.000,0.000,0.000,0.000,0.000,0.000,0.000,0.000,0.000,1.000,50.230
2510317537,2026-10-04 05:30:00,236.970,236.800,237.630,1.660,2.100,1.990,1.310,0.390,0.460,0.450,-0.250,-0.070,-0.080,-0.090,0.983,50.240
2510633381,2026-10-04 05:30:00,237.830,236.920,237.140,0.060,0.070,0.010,0.033,0.013,0.016,0.003,-0.009,-0.004,-0.003,-0.001,0.967,50.240
2510633383,2026-10-04 05:30:00,236.640,236.600,237.330,0.110,0.080,0.130,0.032,0.005,0.003,0.022,-0.063,-0.024,-0.019,-0.019,0.438,50.240
2510633386,2026-10-04 05:30:00,222.830,223.000,223.710,0.030,0.020,0.010,0.012,0.005,0.004,0.002,0.003,0.002,0.000,0.001,0.943,50.220
2510633387,2026-10-04 05:30:00,236.790,237.430,236.820,0.010,0.000,0.150,0.037,0.002,0.000,0.034,-0.004,0.000,0.000,-0.004,0.987,50.230
2510633390,2026-10-04 05:30:00,236.770,237.760,236.610,1.360,1.520,1.540,1.023,0.325,0.352,0.367,0.303,0.107,0.081,0.114,0.958,50.240
2510633391,2026-10-04 05:30:00,124.540,124.190,124.190,0.000,0.000,0.000,0.000,0.000,0.000,0.000,0.000,0.000,0.000,0.000,1.000,50.220
2510633395,2026-10-04 05:30:00,236.650,237.270,236.650,0.000,0.000,0.000,0.000,0.000,0.000,0.000,0.000,0.000,0.000,0.000,1.000,50.240
2510633396,2026-10-04 05:30:00,237.390,236.670,237.070,0.070,0.110,0.060,0.049,0.013,0.024,0.012,0.025,0.008,0.008,0.007,0.889,50.240
2510633397,2026-10-04 05:30:00,244.170,243.130,243.410,0.030,0.020,0.030,0.019,0.007,0.004,0.007,-0.004,-0.001,-0.001,-0.001,0.981,50.230
2510633399,2026-10-04 05:30:00,233.500,233.640,232.660,0.210,0.320,0.280,0.189,0.049,0.074,0.064,0.002,0.001,0.001,0.000,0.997,50.230
2510633400,2026-10-04 05:30:00,232.960,231.930,232.740,0.330,0.340,0.360,0.217,0.069,0.070,0.077,0.116,0.040,0.038,0.037,0.869,50.220
2510633402,2026-10-04 05:30:00,234.440,234.420,235.940,0.490,0.490,0.590,0.335,0.104,0.115,0.138,0.076,0.024,0.024,0.026,0.978,50.240
2510633406,2026-10-04 05:30:00,233.550,233.690,232.720,0.060,0.110,0.100,0.054,0.013,0.021,0.019,-0.018,-0.004,-0.007,-0.007,0.954,50.220
2510633411,2026-10-04 05:30:00,230.240,231.050,230.970,1.550,1.560,1.590,0.997,0.329,0.335,0.326,0.433,0.136,0.135,0.161,0.914,50.220
2510814977,2026-10-04 05:30:00,234.310,235.790,234.310,0.010,0.010,0.010,0.005,0.003,0.000,0.002,-0.002,0.000,-0.001,-0.001,0.891,50.230
2610026950,2026-10-04 05:30:00,232.770,233.500,233.770,0.010,0.000,0.010,0.005,0.002,0.000,0.002,0.000,0.000,0.000,0.000,0.927,50.230
2610026952,2026-10-04 05:30:00,235.670,235.070,235.250,0.920,0.900,0.900,0.585,0.197,0.192,0.194,0.230,0.079,0.078,0.072,0.930,50.220
2610026963,2026-10-04 05:30:00,237.030,236.830,237.650,0.160,0.100,0.090,0.076,0.035,0.021,0.019,-0.037,-0.016,-0.010,-0.010,0.894,50.240
2610026966,2026-10-04 05:30:00,235.950,235.970,235.150,0.040,0.050,0.070,0.033,0.007,0.011,0.014,0.019,0.004,0.005,0.009,0.858,50.240
2610026976,2026-10-04 05:30:00,236.860,236.610,237.520,0.180,0.620,0.640,0.319,0.040,0.130,0.148,-0.037,-0.012,0.000,-0.024,0.992,50.240
2610026977,2026-10-04 05:30:00,246.550,247.270,246.420,0.500,0.150,0.140,0.147,0.096,0.026,0.024,0.127,0.077,0.023,0.025,0.755,50.210
2610126270,2026-10-04 05:30:00,233.810,232.590,233.530,0.020,0.030,0.020,0.014,0.004,0.006,0.004,-0.004,-0.001,-0.001,-0.001,0.926,50.230
2610126451,2026-10-04 05:30:00,237.130,237.690,237.000,0.000,0.000,0.090,0.022,0.000,0.000,0.021,0.001,0.000,0.000,0.002,1.000,50.230
2610159557,2026-10-04 05:30:00,237.750,236.860,236.970,0.010,0.010,0.010,0.002,0.000,0.000,0.001,-0.004,-0.002,-0.001,-0.001,0.445,50.230
2610159558,2026-10-04 05:30:00,236.740,236.950,237.680,0.000,0.000,0.010,0.002,0.000,0.000,0.001,0.000,0.000,0.000,0.000,1.000,50.230
2610170785,2026-10-04 05:30:00,237.490,236.580,236.800,0.000,0.010,0.000,0.002,0.000,0.001,0.000,0.000,0.000,0.000,0.000,1.000,50.230
2610170786,2026-10-04 05:30:00,236.820,236.920,237.600,0.660,0.710,0.760,0.493,0.162,0.158,0.172,0.108,0.034,0.034,0.041,0.976,50.230
2610170836,2026-10-04 05:30:00,236.180,236.290,236.940,0.000,0.010,0.000,0.001,0.000,0.001,0.000,0.000,0.000,0.000,0.000,1.000,50.230
2610170837,2026-10-04 05:30:00,236.280,234.640,234.810,0.000,0.000,0.010,0.001,0.000,0.000,0.001,0.000,0.000,0.000,0.000,0.848,50.240
2610170838,2026-10-04 05:30:00,237.850,236.760,237.070,0.010,0.030,0.080,0.028,0.002,0.007,0.018,0.000,0.000,0.001,0.000,0.986,50.240
2610170839,2026-10-04 05:30:00,236.930,237.120,237.880,0.010,0.020,0.020,0.010,0.002,0.004,0.003,-0.002,0.000,0.000,0.000,0.943,50.230
2610322967,2026-10-04 05:30:00,238.080,237.080,237.050,0.000,0.000,0.010,0.003,0.000,0.000,0.003,0.000,0.000,0.000,0.000,0.925,50.230
2610322969,2026-10-04 05:30:00,232.540,233.260,233.770,0.330,0.240,0.030,0.090,0.071,0.012,0.006,0.080,0.025,0.054,0.000,0.751,50.230
2610322982,2026-10-04 05:30:00,236.990,237.130,237.870,0.010,0.020,0.030,0.011,0.002,0.003,0.005,-0.006,-0.001,-0.002,-0.003,0.873,50.230
2610322992,2026-10-04 05:30:00,234.700,235.200,236.160,0.080,0.330,0.220,0.146,0.016,0.078,0.051,0.013,0.004,0.000,0.008,0.996,50.230
2610322995,2026-10-04 05:30:00,236.850,236.860,237.630,0.000,0.030,0.030,0.012,0.000,0.006,0.006,-0.008,0.000,-0.004,-0.003,0.799,50.240
2610322997,2026-10-04 05:30:00,234.620,236.140,234.620,0.070,0.080,0.060,0.041,0.013,0.017,0.011,0.024,0.006,0.010,0.007,0.873,50.230
2610323001,2026-10-04 05:30:00,235.350,233.570,233.690,0.820,0.980,1.010,0.594,0.171,0.207,0.215,0.258,0.081,0.090,0.086,0.916,50.230
2610323004,2026-10-04 05:30:00,65.000,64.430,64.890,0.140,0.120,0.140,0.024,0.008,0.007,0.008,0.004,0.002,0.001,0.000,0.996,50.230
2610323005,2026-10-04 05:30:00,233.830,232.620,233.530,0.000,0.000,0.000,0.001,0.000,0.001,0.000,0.000,0.000,0.000,0.000,0.930,50.230
2610323014,2026-10-04 05:30:00,236.970,236.870,237.590,0.000,0.000,0.000,0.000,0.000,0.000,0.000,-0.001,0.000,0.000,0.000,0.600,50.230
2610323016,2026-10-04 05:30:00,234.260,232.880,233.040,1.430,1.360,1.300,0.816,0.291,0.268,0.256,0.467,0.157,0.159,0.151,0.867,50.240
2610323017,2026-10-04 05:30:00,236.970,237.810,237.090,0.040,0.020,0.020,0.016,0.007,0.004,0.003,-0.010,-0.004,-0.003,-0.002,0.853,50.230
2610323019,2026-10-04 05:30:00,233.710,232.880,233.680,0.020,0.020,0.030,0.016,0.004,0.004,0.006,-0.005,-0.001,-0.001,-0.001,0.937,50.240
2610323027,2026-10-04 05:30:00,237.930,236.860,237.140,0.020,0.030,0.020,0.014,0.004,0.005,0.003,-0.010,-0.003,-0.004,-0.003,0.807,50.230
2510014481,2026-10-04 05:31:00,233.060,233.080,234.130,1.690,1.640,2.130,1.434,0.460,0.458,0.449,0.596,0.196,0.186,0.213,0.899,50.260
2510224049,2026-10-04 05:31:00,233.920,232.580,233.750,0.360,8.200,3.820,2.790,0.050,1.860,0.860,-0.240,-0.060,0.010,-0.190,0.995,50.230
2510317505,2026-10-04 05:31:00,233.710,233.900,232.790,0.720,0.650,3.000,0.530,0.110,0.050,0.370,-0.520,-0.090,-0.100,-0.320,0.716,50.260
2246006313,2026-10-04 06:00:00,58.700,58.700,59.000,0.774,0.763,0.780,0.131,0.043,0.043,0.044,0.021,0.006,0.007,0.007,0.987,50.350
2410121326,2026-10-04 06:00:00,235.370,234.620,234.760,0.090,0.090,0.090,0.058,0.019,0.020,0.018,0.019,0.005,0.003,0.011,0.951,50.280
2410121353,2026-10-04 06:00:00,235.690,234.990,235.210,0.000,0.010,0.040,0.011,0.000,0.002,0.008,-0.002,0.000,0.000,0.000,0.942,50.270
2410121371,2026-10-04 06:00:00,235.820,234.990,235.150,0.010,0.010,0.030,0.008,0.000,0.000,0.007,-0.002,0.000,-0.001,0.000,0.999,50.270
2410121424,2026-10-04 06:00:00,235.620,234.980,235.090,0.010,0.010,0.010,0.004,0.000,0.001,0.002,-0.003,-0.001,-0.001,0.000,0.731,50.270
2410121440,2026-10-04 06:00:00,235.570,234.920,235.010,0.010,0.000,0.010,0.004,0.002,0.000,0.001,-0.003,-0.001,-0.001,0.000,0.763,50.270
2410121454,2026-10-04 06:00:00,235.000,235.690,234.930,0.070,0.160,0.140,0.086,0.016,0.037,0.033,0.011,0.005,0.003,0.002,0.994,50.270
2410121574,2026-10-04 06:00:00,235.880,234.980,235.090,0.220,0.170,0.150,0.122,0.051,0.037,0.033,-0.037,-0.009,-0.014,-0.012,0.954,50.250
2410131378,2026-10-04 06:00:00,235.250,235.850,235.230,0.010,0.010,0.030,0.009,0.001,0.001,0.006,-0.004,-0.001,-0.001,0.000,0.888,50.260
2410131384,2026-10-04 06:00:00,236.990,237.850,237.030,0.040,0.050,0.050,0.031,0.008,0.012,0.009,0.004,0.000,0.000,0.004,0.979,50.290
2410131387,2026-10-04 06:00:00,232.720,234.190,233.620,0.020,0.010,0.020,0.010,0.005,0.002,0.002,-0.007,-0.002,-0.002,-0.002,0.847,50.250
2410883988,2026-10-04 06:00:00,234.810,233.590,234.760,0.020,0.080,0.080,0.023,0.004,0.000,0.018,-0.002,0.000,0.000,-0.001,0.999,50.250
2410883990,2026-10-04 06:00:00,233.100,234.110,234.150,0.090,0.000,0.070,0.035,0.020,0.000,0.015,0.001,0.001,0.000,0.000,0.996,50.260
2410883991,2026-10-04 06:00:00,236.780,236.840,237.710,0.060,0.110,0.230,0.091,0.013,0.022,0.054,0.007,-0.002,0.010,-0.001,0.996,50.340
2410883993,2026-10-04 06:00:00,235.460,234.490,234.720,0.280,0.240,0.370,0.211,0.069,0.055,0.086,0.006,0.001,0.000,0.005,0.999,50.250
2410883994,2026-10-04 06:00:00,237.820,236.880,237.160,0.020,0.010,0.010,0.007,0.003,0.001,0.002,-0.002,-0.001,0.000,0.000,0.980,50.330
2410932742,2026-10-04 06:00:00,234.160,232.490,232.550,2.530,2.460,2.490,1.573,0.540,0.509,0.523,0.506,0.165,0.180,0.160,0.951,50.340
2411087432,2026-10-04 06:00:00,235.900,236.540,235.860,0.040,0.030,0.090,0.035,0.009,0.005,0.020,-0.004,0.003,-0.003,-0.004,1.000,50.250
2411087433,2026-10-04 06:00:00,234.940,235.140,235.930,0.530,0.510,0.560,0.361,0.118,0.113,0.128,0.038,0.015,0.009,0.013,0.996,50.250
2510014481,2026-10-04 06:00:00,231.450,231.310,232.630,1.940,1.900,1.950,1.106,0.357,0.356,0.392,0.427,0.145,0.137,0.145,0.936,50.240
2510014482,2026-10-04 06:00:00,236.140,236.620,235.900,0.010,0.030,0.000,0.010,0.002,0.008,0.000,-0.001,-0.002,0.000,0.000,0.951,50.240
2510178139,2026-10-04 06:00:00,234.840,235.510,234.730,0.050,0.040,0.030,0.027,0.011,0.009,0.006,0.006,0.002,0.003,0.000,0.980,50.240
2510178141,2026-10-04 06:00:00,235.990,235.980,236.530,0.020,0.010,0.020,0.005,0.002,0.000,0.002,-0.009,-0.004,-0.001,-0.002,0.465,50.250
2510203103,2026-10-04 06:00:00,230.150,228.560,228.520,0.080,0.110,0.070,0.056,0.017,0.025,0.013,-0.018,-0.007,-0.005,-0.005,0.947,50.290
2510203104,2026-10-04 06:00:00,230.870,230.870,231.490,0.280,0.270,0.330,0.200,0.067,0.060,0.072,0.050,0.007,0.015,0.026,0.969,50.290
2510203105,2026-10-04 06:00:00,234.580,233.000,233.070,0.050,0.080,0.070,0.035,0.009,0.015,0.010,0.032,0.008,0.011,0.013,0.726,50.240
2510203108,2026-10-04 06:00:00,236.530,237.100,236.410,0.720,0.780,0.810,0.497,0.150,0.170,0.172,0.039,0.018,0.010,0.010,0.998,50.290
2510203109,2026-10-04 06:00:00,235.080,235.700,234.760,0.030,0.020,0.030,0.014,0.004,0.005,0.004,0.010,0.004,0.001,0.004,0.819,50.240
2510203111,2026-10-04 06:00:00,236.590,236.790,237.410,0.010,0.010,0.000,0.006,0.002,0.003,0.000,-0.001,-0.001,0.000,0.000,1.000,50.300
2510203114,2026-10-04 06:00:00,228.960,229.270,229.780,0.190,0.090,0.110,0.086,0.044,0.020,0.022,0.022,0.007,0.001,0.013,0.966,50.240
2510203117,2026-10-04 06:00:00,233.840,235.000,234.870,0.080,0.120,0.010,0.046,0.018,0.026,0.001,-0.011,0.000,-0.010,-0.001,0.964,50.330
2510203120,2026-10-04 06:00:00,237.140,236.300,236.450,0.880,0.660,0.720,0.489,0.191,0.140,0.157,0.201,0.076,0.063,0.061,0.924,50.310
2510203121,2026-10-04 06:00:00,234.000,233.860,232.880,0.210,0.210,0.260,0.157,0.048,0.048,0.059,0.013,0.003,0.008,0.001,0.998,50.240
2510203122,2026-10-04 06:00:00,236.220,236.860,236.180,0.110,0.010,0.010,0.018,0.015,0.002,0.000,0.016,0.019,-0.002,-0.001,0.754,50.270
2510203123,2026-10-04 06:00:00,236.620,236.730,237.340,0.010,0.010,0.000,0.004,0.002,0.002,0.000,-0.003,-0.001,0.000,0.000,0.829,50.300
2510203124,2026-10-04 06:00:00,235.330,235.570,234.870,0.110,0.110,0.130,0.076,0.023,0.023,0.029,0.029,0.009,0.009,0.009,0.925,50.250
2510203126,2026-10-04 06:00:00,234.230,234.020,233.040,0.080,0.020,0.000,0.024,0.019,0.004,0.000,-0.002,-0.001,0.000,0.000,0.978,50.270
2510203127,2026-10-04 06:00:00,234.380,235.020,234.380,0.250,0.360,0.220,0.169,0.048,0.076,0.044,0.091,0.030,0.034,0.025,0.881,50.260
2510203128,2026-10-04 06:00:00,236.530,237.000,235.520,1.630,1.580,1.740,1.131,0.375,0.359,0.396,0.123,0.023,0.037,0.062,0.993,50.300
2510203130,2026-10-04 06:00:00,245.450,245.230,246.910,0.000,0.010,0.050,0.013,0.000,0.002,0.011,0.000,0.000,0.000,0.001,0.968,50.240
2510203133,2026-10-04 06:00:00,236.370,236.920,236.280,0.020,0.020,0.000,0.009,0.004,0.003,0.000,-0.002,0.000,-0.002,0.000,0.968,50.370
2510203134,2026-10-04 06:00:00,238.180,237.170,237.250,0.020,0.010,0.010,0.007,0.004,0.001,0.001,-0.002,0.000,-0.001,0.000,0.969,50.360
2510224049,2026-10-04 06:00:00,234.070,232.960,234.130,0.050,3.730,0.020,0.820,0.000,0.810,0.000,0.220,0.000,0.240,0.000,0.963,50.270
2510224167,2026-10-04 06:00:00,234.240,234.010,233.110,0.740,0.120,0.360,0.170,0.090,0.010,0.050,-0.160,-0.080,-0.020,-0.050,0.722,50.260
2510317505,2026-10-04 06:00:00,234.250,234.150,233.120,0.090,0.030,2.200,0.280,0.010,0.000,0.260,-0.260,-0.010,0.000,-0.250,0.723,50.260
2510317516,2026-10-04 06:00:00,234.470,234.310,233.270,0.000,0.000,0.000,0.000,0.000,0.000,0.000,0.000,0.000,0.000,0.000,1.000,50.250
2510317537,2026-10-04 06:00:00,235.970,235.940,236.780,1.950,1.950,1.700,1.250,0.450,0.440,0.360,-0.250,-0.070,-0.090,-0.090,0.981,50.260
2510633381,2026-10-04 06:00:00,235.780,234.730,235.040,0.040,0.060,0.020,0.027,0.009,0.014,0.003,-0.007,-0.003,-0.003,0.000,0.951,50.270
2510633383,2026-10-04 06:00:00,234.250,234.260,234.920,0.110,0.080,0.090,0.024,0.006,0.008,0.009,-0.060,-0.024,-0.017,-0.018,0.372,50.260
2510633386,2026-10-04 06:00:00,220.710,220.880,221.630,0.030,0.020,0.010,0.013,0.006,0.005,0.002,0.002,0.002,0.000,0.001,0.990,50.250
2510633387,2026-10-04 06:00:00,234.780,235.480,234.780,0.010,0.000,0.150,0.037,0.002,0.000,0.034,-0.004,0.000,0.000,-0.004,0.982,50.250
2510633390,2026-10-04 06:00:00,234.560,235.480,234.360,1.440,1.600,1.500,1.032,0.321,0.378,0.332,0.318,0.082,0.107,0.128,0.954,50.270
2510633391,2026-10-04 06:00:00,123.550,123.150,123.200,0.000,0.000,0.000,0.000,0.000,0.000,0.000,0.000,0.000,0.000,0.000,1.000,50.280
2510633395,2026-10-04 06:00:00,235.080,235.660,235.010,0.000,0.000,0.000,0.000,0.000,0.000,0.000,0.000,0.000,0.000,0.000,1.000,50.240
2510633396,2026-10-04 06:00:00,234.890,234.190,234.620,0.220,0.260,0.210,0.149,0.046,0.058,0.045,0.061,0.020,0.020,0.019,0.925,50.260
2510633397,2026-10-04 06:00:00,241.860,240.690,241.090,0.010,0.000,0.010,0.006,0.002,0.000,0.003,-0.003,-0.001,0.000,-0.001,0.817,50.270
2510633399,2026-10-04 06:00:00,233.850,233.640,232.750,0.180,0.290,0.240,0.165,0.043,0.066,0.056,-0.001,0.000,0.000,-0.001,1.000,50.260
2510633400,2026-10-04 06:00:00,233.090,232.240,233.190,0.470,0.450,0.490,0.280,0.090,0.089,0.100,0.133,0.046,0.043,0.042,0.913,50.280
2510633402,2026-10-04 06:00:00,232.320,232.130,233.700,0.470,0.490,0.670,0.471,0.146,0.151,0.173,0.200,0.056,0.056,0.061,0.879,50.260
2510633406,2026-10-04 06:00:00,234.070,233.860,232.980,0.010,0.010,0.010,0.003,0.001,0.001,0.000,-0.003,-0.001,0.000,-0.001,0.692,50.240
2510633411,2026-10-04 06:00:00,230.590,231.450,230.990,1.560,1.580,1.600,0.989,0.337,0.342,0.338,0.436,0.134,0.140,0.161,0.920,50.290
2510814977,2026-10-04 06:00:00,232.840,234.290,232.910,0.010,0.010,0.010,0.005,0.003,0.000,0.002,-0.002,0.000,-0.001,-0.001,0.922,50.250
2610026950,2026-10-04 06:00:00,232.990,234.000,233.900,0.010,0.000,0.020,0.006,0.002,0.000,0.003,-0.001,0.000,0.000,0.000,0.970,50.240
2610026952,2026-10-04 06:00:00,235.270,234.550,234.570,0.510,0.520,0.490,0.347,0.117,0.117,0.112,0.066,0.020,0.024,0.021,0.982,50.250
2610026963,2026-10-04 06:00:00,234.580,234.470,235.160,0.160,0.100,0.100,0.071,0.033,0.020,0.018,-0.045,-0.019,-0.012,-0.013,0.843,50.250
2610026966,2026-10-04 06:00:00,233.870,234.020,233.070,0.040,0.040,0.070,0.031,0.009,0.007,0.014,0.017,0.004,0.003,0.008,0.865,50.240
2610026976,2026-10-04 06:00:00,234.410,234.110,235.080,0.380,0.520,0.500,0.324,0.087,0.121,0.115,-0.037,-0.011,0.003,-0.028,0.993,50.250
2610026977,2026-10-04 06:00:00,245.140,245.190,244.310,0.140,0.140,0.140,0.076,0.025,0.026,0.025,0.071,0.023,0.023,0.024,0.730,50.280
2610126270,2026-10-04 06:00:00,234.030,232.940,234.100,0.020,0.030,0.020,0.015,0.004,0.007,0.003,-0.004,-0.001,-0.001,-0.001,0.927,50.270
2610126451,2026-10-04 06:00:00,234.630,235.140,234.530,0.000,0.000,0.050,0.012,0.000,0.000,0.013,0.001,0.000,0.000,0.001,0.973,50.240
2610159557,2026-10-04 06:00:00,235.720,234.750,234.960,0.010,0.010,0.010,0.002,0.000,0.000,0.001,-0.004,-0.002,-0.001,-0.001,0.523,50.240
2610159558,2026-10-04 06:00:00,234.700,235.000,235.690,0.000,0.000,0.010,0.002,0.000,0.000,0.001,0.000,0.000,0.000,0.000,1.000,50.240
2610170785,2026-10-04 06:00:00,235.740,234.630,234.940,0.010,0.010,0.000,0.003,0.001,0.001,0.000,0.001,0.000,0.000,0.000,0.867,50.260
2610170786,2026-10-04 06:00:00,235.860,236.020,236.670,0.780,0.790,0.830,0.572,0.189,0.191,0.191,0.125,0.040,0.039,0.046,0.975,50.260
2610170836,2026-10-04 06:00:00,235.060,235.310,235.970,0.000,0.010,0.000,0.001,0.000,0.001,0.000,0.000,0.000,0.000,0.000,1.000,50.260
2610170837,2026-10-04 06:00:00,234.410,232.840,232.880,0.000,0.000,0.020,0.005,0.000,0.000,0.005,0.000,0.000,0.000,0.000,1.000,50.260
2610170838,2026-10-04 06:00:00,236.890,235.770,236.100,0.000,0.060,0.010,0.020,0.000,0.020,0.000,0.006,0.000,0.004,0.001,0.929,50.250
2610170839,2026-10-04 06:00:00,234.850,235.120,235.880,0.010,0.010,0.010,0.008,0.002,0.002,0.003,-0.001,0.000,0.000,0.000,1.000,50.270
2610322967,2026-10-04 06:00:00,236.140,235.010,235.070,0.000,0.000,0.010,0.003,0.000,0.000,0.003,0.000,0.000,0.000,0.000,0.927,50.250
2610322969,2026-10-04 06:00:00,232.820,233.720,233.900,0.370,0.250,0.190,0.132,0.078,0.004,0.028,0.081,0.027,0.055,-0.001,0.846,50.250
2610322982,2026-10-04 06:00:00,234.920,235.100,235.880,0.020,0.020,0.030,0.013,0.003,0.003,0.006,-0.006,-0.001,-0.002,-0.002,0.908,50.250
2610322997,2026-10-04 06:00:00,233.000,234.530,233.090,0.060,0.090,0.060,0.041,0.013,0.017,0.010,0.023,0.006,0.010,0.007,0.873,50.250
2610323001,2026-10-04 06:00:00,233.670,232.010,232.070,0.910,1.020,0.960,0.607,0.188,0.215,0.202,0.240,0.074,0.085,0.082,0.929,50.270
2610323004,2026-10-04 06:00:00,64.620,64.050,64.480,0.080,0.060,0.080,0.013,0.004,0.003,0.004,0.001,0.001,0.000,0.000,1.000,50.230
2610323005,2026-10-04 06:00:00,234.120,233.070,234.100,0.000,0.000,0.000,0.001,0.000,0.001,0.000,0.000,0.000,0.000,0.000,0.950,50.260
2610323014,2026-10-04 06:00:00,235.190,235.120,235.750,0.000,0.000,0.000,0.000,0.000,0.000,0.000,-0.001,0.000,0.000,0.000,0.609,50.260
2610323016,2026-10-04 06:00:00,233.030,231.790,231.840,1.550,1.480,1.430,0.890,0.313,0.292,0.283,0.493,0.164,0.168,0.159,0.873,50.270
2610323017,2026-10-04 06:00:00,236.080,236.980,236.090,0.050,0.030,0.020,0.019,0.009,0.005,0.004,-0.010,-0.004,-0.003,-0.002,0.884,50.270
2610323027,2026-10-04 06:00:00,237.050,236.020,236.280,0.030,0.030,0.030,0.018,0.005,0.007,0.005,-0.010,-0.003,-0.003,-0.003,0.864,50.250
2510014483,2026-10-04 06:01:00,235.140,235.390,236.130,0.040,0.030,0.050,0.020,0.007,0.005,0.008,-0.021,-0.006,-0.005,-0.009,0.689,50.290
2610322992,2026-10-04 06:01:00,233.100,233.500,234.460,0.060,0.250,0.190,0.118,0.016,0.058,0.042,0.012,0.004,-0.001,0.009,0.995,50.260
2610322995,2026-10-04 06:01:00,234.890,235.010,235.880,0.000,0.040,0.040,0.015,0.000,0.008,0.007,-0.008,0.000,-0.004,-0.003,0.862,50.250
2410121457,2026-10-04 06:02:00,233.710,232.860,233.260,1.900,1.860,1.760,1.190,0.412,0.397,0.381,0.409,0.142,0.147,0.120,0.946,50.270
2610323019,2026-10-04 06:02:00,234.350,233.490,234.510,0.020,0.020,0.030,0.015,0.004,0.004,0.005,-0.006,-0.002,-0.001,-0.002,0.887,50.270
2246006313,2026-10-04 06:30:00,58.600,58.600,58.800,0.710,0.724,0.736,0.125,0.041,0.041,0.042,0.020,0.006,0.006,0.006,0.986,50.280
2410121326,2026-10-04 06:30:00,235.630,234.890,235.010,0.080,0.090,0.090,0.055,0.017,0.020,0.017,0.020,0.005,0.003,0.010,0.945,50.300
2410121353,2026-10-04 06:30:00,235.490,234.730,234.920,0.000,0.010,0.040,0.010,0.000,0.002,0.008,-0.002,0.000,0.000,0.000,0.984,50.290
2410121371,2026-10-04 06:30:00,235.700,234.780,234.960,0.030,0.010,0.060,0.021,0.008,0.000,0.013,-0.003,0.000,-0.001,-0.001,0.994,50.300
2410121424,2026-10-04 06:30:00,235.490,234.780,234.930,0.010,0.010,0.010,0.004,0.000,0.001,0.002,-0.003,-0.001,-0.001,0.000,0.871,50.310
2410121440,2026-10-04 06:30:00,235.330,234.590,234.670,0.010,0.000,0.010,0.004,0.002,0.000,0.001,-0.003,-0.001,-0.001,0.000,0.880,50.280
2410121454,2026-10-04 06:30:00,234.990,235.800,234.950,0.060,0.110,0.120,0.069,0.015,0.026,0.028,0.000,0.001,0.000,-0.001,0.995,50.320
2410121457,2026-10-04 06:30:00,233.360,232.440,232.870,1.870,1.910,1.730,1.186,0.403,0.407,0.375,0.397,0.136,0.145,0.113,0.948,50.300
2410121574,2026-10-04 06:30:00,235.770,234.770,234.910,0.220,0.170,0.150,0.121,0.050,0.037,0.033,-0.036,-0.009,-0.014,-0.012,0.960,50.300
2410131378,2026-10-04 06:30:00,235.270,235.870,235.190,0.010,0.010,0.050,0.015,0.001,0.001,0.012,-0.004,-0.001,-0.002,0.000,0.984,50.290
2410131384,2026-10-04 06:30:00,235.380,236.090,235.230,0.030,0.060,0.060,0.036,0.007,0.013,0.014,0.002,-0.001,0.000,0.003,1.000,50.260
2410883988,2026-10-04 06:30:00,234.650,233.590,234.710,0.000,0.000,0.070,0.016,0.000,0.000,0.015,-0.001,0.000,0.000,0.000,1.000,50.280
2410883990,2026-10-04 06:30:00,233.170,234.200,234.090,0.090,0.000,0.070,0.038,0.021,0.000,0.016,-0.001,-0.001,0.000,0.000,1.000,50.270
2410883991,2026-10-04 06:30:00,234.810,234.980,235.750,0.020,0.100,0.220,0.075,0.004,0.022,0.048,0.011,0.000,0.009,0.002,0.985,50.270
2410883993,2026-10-04 06:30:00,235.600,234.690,234.770,0.230,0.140,0.520,0.210,0.056,0.033,0.122,0.006,0.000,0.000,0.007,0.999,50.280
2410883994,2026-10-04 06:30:00,236.070,235.070,235.440,0.020,0.010,0.010,0.007,0.003,0.001,0.002,-0.002,-0.001,0.000,0.000,0.981,50.290
2410932742,2026-10-04 06:30:00,232.710,231.110,231.270,2.540,2.470,2.520,1.580,0.539,0.511,0.530,0.502,0.166,0.174,0.161,0.952,50.290
2411087432,2026-10-04 06:30:00,235.010,235.700,234.960,0.040,0.030,0.090,0.038,0.009,0.006,0.021,0.003,0.004,0.000,0.000,0.999,50.280
2411087433,2026-10-04 06:30:00,235.090,235.390,236.060,0.470,0.460,0.560,0.346,0.110,0.109,0.126,0.016,0.006,0.003,0.006,0.997,50.300
2510014481,2026-10-04 06:30:00,231.040,231.000,232.200,1.930,1.890,2.060,1.240,0.402,0.445,0.520,0.562,0.198,0.176,0.187,0.910,50.280
2510014482,2026-10-04 06:30:00,235.120,235.650,234.940,0.010,0.030,0.000,0.010,0.002,0.007,0.000,-0.001,-0.002,0.000,0.000,1.000,50.300
2510014483,2026-10-04 06:30:00,234.650,234.870,235.570,0.040,0.040,0.050,0.021,0.007,0.005,0.008,-0.020,-0.006,-0.005,-0.008,0.736,50.280
2510178139,2026-10-04 06:30:00,235.310,236.000,235.220,0.040,0.040,0.030,0.024,0.009,0.008,0.006,0.006,0.003,0.003,0.000,0.949,50.310
2510178141,2026-10-04 06:30:00,235.020,234.970,235.640,0.020,0.010,0.020,0.006,0.002,0.000,0.003,-0.009,-0.004,-0.001,-0.003,0.580,50.290
2510203103,2026-10-04 06:30:00,228.930,227.370,227.480,0.030,0.050,0.030,0.015,0.000,0.009,0.006,-0.015,-0.006,-0.004,-0.004,0.710,50.270
2510203104,2026-10-04 06:30:00,229.130,229.210,229.830,0.280,0.250,0.250,0.161,0.053,0.056,0.051,0.051,0.006,0.017,0.027,0.955,50.260
2510203105,2026-10-04 06:30:00,234.570,233.120,233.240,0.050,0.070,0.070,0.028,0.007,0.012,0.008,0.030,0.008,0.009,0.012,0.669,50.310
2510203108,2026-10-04 06:30:00,234.950,235.630,234.770,0.680,0.540,0.750,0.441,0.148,0.132,0.160,0.088,0.027,0.024,0.036,0.976,50.270
2510203109,2026-10-04 06:30:00,235.110,235.820,234.810,0.040,0.020,0.030,0.017,0.006,0.004,0.005,0.011,0.004,0.001,0.004,0.822,50.320
2510203111,2026-10-04 06:30:00,235.090,235.180,235.860,0.010,0.010,0.000,0.005,0.002,0.002,0.000,-0.001,-0.001,0.000,0.000,0.943,50.260
2510203114,2026-10-04 06:30:00,229.040,229.390,229.980,0.250,0.220,0.200,0.149,0.060,0.048,0.041,0.022,0.005,0.002,0.013,0.985,50.320
2510203117,2026-10-04 06:30:00,233.180,234.140,234.040,0.110,0.470,0.140,0.167,0.024,0.108,0.033,-0.003,0.000,-0.004,0.001,1.000,50.290
2510203120,2026-10-04 06:30:00,235.060,234.200,234.480,1.190,0.890,0.950,0.663,0.261,0.193,0.207,0.229,0.087,0.070,0.071,0.945,50.280
2510203121,2026-10-04 06:30:00,234.190,233.990,233.100,0.210,0.210,0.280,0.161,0.048,0.048,0.063,0.013,0.003,0.008,0.001,0.993,50.310
2510203122,2026-10-04 06:30:00,234.970,235.640,234.880,0.090,0.010,0.010,0.016,0.013,0.002,0.000,0.011,0.014,-0.002,-0.001,0.805,50.260
2510203123,2026-10-04 06:30:00,235.100,235.180,235.840,0.010,0.010,0.000,0.004,0.002,0.001,0.000,-0.003,-0.001,0.000,0.000,0.878,50.260
2510203124,2026-10-04 06:30:00,235.220,235.510,234.810,0.100,0.100,0.130,0.072,0.022,0.022,0.027,0.029,0.009,0.009,0.009,0.929,50.310
2510203126,2026-10-04 06:30:00,234.550,234.360,233.440,0.070,0.000,0.000,0.015,0.015,0.000,0.000,-0.001,0.000,0.000,0.000,0.998,50.300
2510203127,2026-10-04 06:30:00,234.790,235.470,234.920,0.250,0.310,0.220,0.157,0.048,0.064,0.044,0.091,0.030,0.034,0.025,0.864,50.310
2510203128,2026-10-04 06:30:00,234.880,235.350,233.910,1.440,1.350,1.530,0.990,0.333,0.308,0.348,0.098,0.020,0.028,0.049,0.995,50.270
2510203130,2026-10-04 06:30:00,245.590,245.520,247.010,0.000,0.010,0.050,0.012,0.000,0.001,0.011,0.000,0.000,0.000,0.001,0.965,50.320
2510203133,2026-10-04 06:30:00,234.730,235.340,234.690,0.030,0.020,0.000,0.010,0.006,0.003,0.000,-0.002,0.000,-0.001,0.000,0.989,50.240
2510203134,2026-10-04 06:30:00,236.340,235.270,235.470,0.020,0.010,0.010,0.007,0.004,0.001,0.001,-0.002,0.000,-0.001,0.000,0.963,50.280
2510224049,2026-10-04 06:30:00,233.970,233.000,234.040,0.270,3.960,0.020,0.920,0.050,0.860,0.000,0.190,-0.020,0.210,0.000,0.978,50.300
2510224167,2026-10-04 06:30:00,234.120,233.830,232.970,0.740,0.120,0.360,0.170,0.090,0.010,0.050,-0.160,-0.080,-0.020,-0.050,0.724,50.300
2510317505,2026-10-04 06:30:00,234.180,234.000,233.050,0.090,0.030,2.210,0.280,0.010,0.000,0.250,-0.260,-0.010,0.000,-0.240,0.725,50.280
2510317516,2026-10-04 06:30:00,234.430,234.220,233.240,0.000,0.000,0.000,0.000,0.000,0.000,0.000,0.000,0.000,0.000,0.000,1.000,50.300
2510317537,2026-10-04 06:30:00,234.830,234.710,235.680,2.090,2.160,2.020,1.390,0.450,0.490,0.460,-0.240,-0.060,-0.080,-0.080,0.986,50.290
2510633381,2026-10-04 06:30:00,235.680,234.680,234.980,0.040,0.070,0.020,0.029,0.009,0.015,0.003,-0.008,-0.004,-0.003,0.000,0.970,50.310
2510633383,2026-10-04 06:30:00,234.810,234.820,235.580,0.110,0.080,0.090,0.023,0.005,0.008,0.008,-0.060,-0.024,-0.017,-0.019,0.358,50.310
2510633386,2026-10-04 06:30:00,220.620,220.870,221.550,0.030,0.020,0.010,0.012,0.005,0.005,0.002,0.003,0.002,0.000,0.001,0.988,50.270
2510633387,2026-10-04 06:30:00,234.520,235.160,234.520,0.010,0.000,0.150,0.037,0.002,0.000,0.034,-0.004,0.000,0.000,-0.004,0.985,50.290
2510633390,2026-10-04 06:30:00,234.820,235.720,234.680,0.920,1.170,1.020,0.684,0.208,0.261,0.213,0.187,0.036,0.062,0.089,0.962,50.300
2510633391,2026-10-04 06:30:00,123.650,123.230,123.280,0.000,0.000,0.000,0.000,0.000,0.000,0.000,0.000,0.000,0.000,0.000,1.000,50.300
2510633395,2026-10-04 06:30:00,235.120,235.750,235.060,0.000,0.000,0.000,0.000,0.000,0.000,0.000,0.000,0.000,0.000,0.000,1.000,50.310
2510633396,2026-10-04 06:30:00,235.380,234.640,235.110,0.210,0.250,0.200,0.141,0.043,0.054,0.043,0.060,0.020,0.020,0.019,0.920,50.300
2510633397,2026-10-04 06:30:00,242.040,240.930,241.280,0.020,0.000,0.010,0.008,0.005,0.000,0.002,-0.004,-0.002,0.000,-0.001,0.884,50.300
2510633399,2026-10-04 06:30:00,234.200,233.930,233.130,0.190,0.280,0.250,0.168,0.045,0.065,0.057,0.002,0.000,0.002,0.000,0.998,50.300
2510633400,2026-10-04 06:30:00,233.390,232.590,233.490,0.360,0.360,0.380,0.227,0.082,0.083,0.091,0.125,0.043,0.041,0.040,0.879,50.300
2510633402,2026-10-04 06:30:00,231.890,231.880,233.240,0.720,0.690,0.780,0.435,0.137,0.138,0.160,0.220,0.072,0.071,0.075,0.886,50.270
2510633406,2026-10-04 06:30:00,234.240,233.950,233.180,0.010,0.010,0.010,0.003,0.001,0.001,0.000,-0.003,-0.001,0.000,-0.001,0.695,50.290
2510633411,2026-10-04 06:30:00,231.070,231.960,231.610,1.390,1.360,1.410,0.870,0.292,0.286,0.285,0.375,0.118,0.121,0.136,0.918,50.300
2510814977,2026-10-04 06:30:00,232.790,234.140,232.900,0.010,0.010,0.010,0.004,0.002,0.000,0.001,-0.002,0.000,-0.001,-0.001,0.920,50.300
2610026950,2026-10-04 06:30:00,233.260,234.190,234.090,0.000,0.000,0.010,0.005,0.001,0.000,0.002,0.000,0.000,0.000,0.000,1.000,50.290
2610026952,2026-10-04 06:30:00,233.390,232.810,232.720,1.440,1.390,1.460,0.893,0.295,0.291,0.306,0.425,0.152,0.135,0.137,0.902,50.300
2610026963,2026-10-04 06:30:00,235.140,234.990,235.770,0.140,0.050,0.060,0.049,0.030,0.010,0.010,-0.031,-0.012,-0.008,-0.010,0.853,50.300
2610026966,2026-10-04 06:30:00,234.900,234.910,233.860,0.040,0.040,0.070,0.031,0.009,0.009,0.013,0.016,0.004,0.004,0.008,0.875,50.310
2610026976,2026-10-04 06:30:00,234.720,234.690,235.710,0.400,0.690,0.500,0.365,0.100,0.148,0.115,-0.008,0.011,0.003,-0.024,0.999,50.300
2610026977,2026-10-04 06:30:00,245.830,245.840,244.720,0.140,0.150,0.140,0.076,0.025,0.026,0.025,0.072,0.023,0.023,0.024,0.729,50.310
2610126270,2026-10-04 06:30:00,234.120,233.130,234.280,0.020,0.030,0.020,0.015,0.004,0.006,0.004,-0.005,-0.001,-0.001,-0.001,0.942,50.270
2610126451,2026-10-04 06:30:00,235.280,235.820,235.090,0.000,0.000,0.090,0.020,0.000,0.000,0.019,0.002,0.000,0.000,0.003,1.000,50.300
2610159557,2026-10-04 06:30:00,235.770,234.850,235.090,0.010,0.010,0.020,0.004,0.000,0.000,0.003,-0.004,-0.002,-0.001,-0.001,0.677,50.290
2610159558,2026-10-04 06:30:00,234.810,235.130,235.800,0.000,0.000,0.000,0.000,0.000,0.000,0.000,0.000,0.000,0.000,0.000,0.947,50.300
2610170785,2026-10-04 06:30:00,235.500,234.560,234.860,0.010,0.010,0.010,0.006,0.001,0.001,0.003,0.002,0.000,0.000,0.000,0.952,50.290
2610170786,2026-10-04 06:30:00,234.550,234.730,235.370,0.700,0.730,0.810,0.514,0.160,0.178,0.174,0.150,0.047,0.047,0.040,0.950,50.290
2610170836,2026-10-04 06:30:00,234.550,234.800,235.480,0.000,0.010,0.000,0.001,0.000,0.001,0.000,0.000,0.000,0.000,0.000,1.000,50.280
2610170837,2026-10-04 06:30:00,234.110,232.660,232.740,0.000,0.000,0.040,0.009,0.000,0.000,0.009,0.000,0.000,0.000,0.000,0.987,50.280
2610170838,2026-10-04 06:30:00,235.780,234.630,235.170,0.010,0.070,0.010,0.020,0.001,0.019,0.000,0.012,0.001,0.008,0.003,0.925,50.290
2610170839,2026-10-04 06:30:00,234.570,234.850,235.620,0.030,0.020,0.020,0.012,0.004,0.003,0.004,0.007,0.003,0.002,0.001,0.877,50.270
2610322967,2026-10-04 06:30:00,235.990,234.950,234.980,0.000,0.000,0.000,0.001,0.000,0.000,0.000,0.000,0.000,0.000,0.000,1.000,50.290
2610322969,2026-10-04 06:30:00,232.990,233.890,234.050,0.420,0.260,0.020,0.120,0.092,0.022,0.006,0.089,0.032,0.056,0.000,0.806,50.290
2610322982,2026-10-04 06:30:00,234.860,235.060,235.770,0.020,0.020,0.030,0.013,0.003,0.003,0.006,-0.006,-0.001,-0.001,-0.002,0.915,50.300
2610322992,2026-10-04 06:30:00,232.770,233.180,234.070,0.060,0.310,0.140,0.117,0.013,0.072,0.032,0.013,0.004,0.000,0.008,0.991,50.280
2610322995,2026-10-04 06:30:00,234.760,234.880,235.640,0.000,0.040,0.040,0.015,0.000,0.008,0.007,-0.008,0.000,-0.003,-0.003,0.860,50.270
2610322997,2026-10-04 06:30:00,232.670,234.080,232.740,0.070,0.080,0.060,0.042,0.014,0.017,0.011,0.023,0.006,0.009,0.007,0.884,50.270
2610323001,2026-10-04 06:30:00,232.560,231.180,231.200,1.420,1.500,1.510,0.958,0.307,0.323,0.327,0.342,0.112,0.117,0.112,0.941,50.270
2610323004,2026-10-04 06:30:00,64.560,64.040,64.440,0.140,0.110,0.130,0.023,0.008,0.007,0.008,0.004,0.002,0.001,0.000,0.998,50.280
2610323005,2026-10-04 06:30:00,234.090,233.280,234.240,0.000,0.000,0.000,0.001,0.000,0.001,0.000,0.000,0.000,0.000,0.000,0.958,50.280
2610323014,2026-10-04 06:30:00,234.870,234.880,235.580,0.000,0.000,0.000,0.000,0.000,0.000,0.000,-0.001,0.000,0.000,0.000,0.614,50.270
2610323016,2026-10-04 06:30:00,231.340,230.220,230.240,2.180,2.210,2.160,1.307,0.449,0.435,0.422,0.631,0.207,0.212,0.212,0.901,50.280
2610323017,2026-10-04 06:30:00,234.900,235.830,234.910,0.050,0.030,0.020,0.019,0.009,0.005,0.003,-0.009,-0.004,-0.002,-0.002,0.879,50.290
2610323019,2026-10-04 06:30:00,234.100,233.280,234.370,0.060,0.020,0.030,0.022,0.013,0.004,0.005,-0.008,-0.003,-0.001,-0.002,0.952,50.280
2610323027,2026-10-04 06:30:00,235.930,234.810,235.140,0.030,0.030,0.030,0.018,0.005,0.007,0.005,-0.010,-0.003,-0.003,-0.003,0.863,50.290
2410131387,2026-10-04 06:31:00,233.060,234.690,233.850,0.030,0.010,0.020,0.011,0.005,0.002,0.003,-0.007,-0.002,-0.002,-0.002,0.866,50.330
2246006313,2026-10-04 07:00:00,58.600,58.500,58.800,0.664,0.664,0.676,0.115,0.038,0.037,0.038,0.016,0.005,0.005,0.005,0.989,50.040
2410121326,2026-10-04 07:00:00,234.940,234.260,234.420,0.080,0.090,0.090,0.054,0.017,0.019,0.017,0.019,0.005,0.003,0.010,0.946,50.080
2410121353,2026-10-04 07:00:00,235.380,234.740,234.920,0.000,0.030,0.040,0.014,0.000,0.006,0.008,-0.002,0.000,0.000,0.000,0.989,49.900
2410121371,2026-10-04 07:00:00,235.780,235.030,235.170,0.030,0.010,0.060,0.022,0.008,0.000,0.013,-0.002,0.000,-0.001,-0.001,0.999,49.960
2410121424,2026-10-04 07:00:00,235.440,234.730,234.940,0.010,0.010,0.010,0.004,0.000,0.001,0.002,-0.003,-0.001,-0.001,0.000,0.883,49.900
2410121440,2026-10-04 07:00:00,235.600,234.960,235.060,0.010,0.000,0.010,0.004,0.002,0.000,0.001,-0.002,-0.001,-0.001,0.000,0.883,49.970
2410121454,2026-10-04 07:00:00,235.390,235.970,235.270,0.070,0.140,0.130,0.077,0.015,0.031,0.029,0.013,0.005,0.004,0.003,0.982,50.110
2410121457,2026-10-04 07:00:00,233.620,232.740,233.520,1.870,1.920,1.700,1.192,0.406,0.414,0.370,0.397,0.136,0.147,0.112,0.948,50.060
2410121574,2026-10-04 07:00:00,235.600,234.740,234.850,0.220,0.180,0.160,0.125,0.050,0.039,0.034,-0.035,-0.009,-0.013,-0.011,0.965,49.900
2410131378,2026-10-04 07:00:00,235.190,235.710,235.120,0.130,0.120,0.180,0.098,0.029,0.027,0.041,-0.002,0.000,-0.003,0.001,0.995,49.940
2410131384,2026-10-04 07:00:00,235.740,236.400,235.430,0.030,0.050,0.040,0.029,0.007,0.012,0.009,0.003,0.000,0.000,0.004,0.978,50.050
2410131387,2026-10-04 07:00:00,234.400,235.760,234.920,0.020,0.010,0.020,0.010,0.005,0.002,0.002,-0.007,-0.002,-0.002,-0.002,0.841,50.070
2410883988,2026-10-04 07:00:00,234.620,233.410,234.700,0.000,0.000,0.070,0.017,0.000,0.000,0.016,-0.001,0.000,0.000,0.000,1.000,50.090
2410883990,2026-10-04 07:00:00,232.880,234.070,233.900,0.090,0.000,0.150,0.053,0.019,0.000,0.034,0.005,0.001,0.000,0.004,0.997,50.060
2410883991,2026-10-04 07:00:00,234.930,235.190,235.700,0.040,0.110,0.240,0.078,0.008,0.023,0.047,0.039,0.000,0.010,0.028,0.897,50.100
2410883993,2026-10-04 07:00:00,235.570,234.710,234.920,1.030,0.740,1.070,0.618,0.229,0.158,0.230,0.035,0.010,0.014,0.016,0.997,50.070
2410883994,2026-10-04 07:00:00,235.990,234.940,235.360,0.020,0.010,0.010,0.007,0.003,0.001,0.002,-0.002,-0.001,0.000,0.000,0.984,50.080
2410932742,2026-10-04 07:00:00,232.110,230.460,230.600,2.740,2.660,2.830,1.739,0.583,0.555,0.598,0.565,0.190,0.186,0.188,0.950,50.040
2411087432,2026-10-04 07:00:00,235.210,235.830,235.040,0.030,0.030,0.080,0.031,0.007,0.005,0.018,-0.006,0.002,-0.004,-0.004,0.967,50.080
2411087433,2026-10-04 07:00:00,235.470,235.770,236.420,0.370,0.400,0.460,0.296,0.092,0.093,0.109,-0.022,-0.009,-0.008,-0.003,0.995,50.060
2510014481,2026-10-04 07:00:00,230.980,231.050,232.160,1.870,1.890,2.070,1.223,0.395,0.355,0.424,0.524,0.177,0.171,0.175,0.914,50.060
2510014482,2026-10-04 07:00:00,235.280,235.760,235.060,0.010,0.030,0.000,0.011,0.002,0.009,0.000,-0.001,-0.001,0.001,0.000,1.000,50.080
2510014483,2026-10-04 07:00:00,235.120,235.420,236.060,0.040,0.030,0.050,0.021,0.007,0.005,0.008,-0.020,-0.005,-0.005,-0.008,0.714,50.060
2510178139,2026-10-04 07:00:00,234.780,235.330,234.590,0.050,0.040,0.030,0.023,0.010,0.007,0.005,0.006,0.003,0.003,0.000,0.976,50.080
2510178141,2026-10-04 07:00:00,235.110,235.220,235.730,0.020,0.010,0.020,0.005,0.002,0.000,0.002,-0.009,-0.004,-0.001,-0.002,0.466,50.060
2510203103,2026-10-04 07:00:00,228.700,226.980,227.140,0.030,0.030,0.030,0.004,-0.001,0.003,0.003,-0.016,-0.006,-0.005,-0.004,0.259,50.050
2510203104,2026-10-04 07:00:00,229.450,229.490,230.020,0.400,0.350,0.400,0.258,0.088,0.080,0.089,0.052,0.008,0.015,0.028,0.981,50.080
2510203105,2026-10-04 07:00:00,234.440,232.800,233.090,0.130,0.080,0.070,0.052,0.026,0.015,0.010,0.039,0.014,0.011,0.013,0.791,50.070
2510203108,2026-10-04 07:00:00,234.840,235.080,234.310,0.720,1.040,1.150,0.662,0.160,0.233,0.267,0.239,0.068,0.088,0.083,0.928,50.050
2510203109,2026-10-04 07:00:00,235.390,236.020,234.980,0.030,0.020,0.030,0.014,0.004,0.004,0.004,0.012,0.004,0.002,0.005,0.769,50.070
2510203111,2026-10-04 07:00:00,235.060,235.280,235.900,0.020,0.010,0.000,0.006,0.004,0.002,0.000,-0.001,-0.001,0.000,0.000,0.986,50.060
2510203114,2026-10-04 07:00:00,229.180,229.610,230.070,0.260,0.200,0.200,0.133,0.055,0.038,0.033,0.022,0.007,0.001,0.013,0.984,50.080
2510203117,2026-10-04 07:00:00,233.090,234.230,234.160,0.060,0.220,0.010,0.068,0.014,0.051,0.002,-0.009,0.000,-0.007,-0.001,0.990,50.050
2510203120,2026-10-04 07:00:00,235.470,234.550,234.910,0.920,0.690,0.740,0.507,0.201,0.147,0.160,0.202,0.077,0.062,0.061,0.930,50.050
2510203121,2026-10-04 07:00:00,234.220,234.010,233.060,0.210,0.210,0.270,0.159,0.048,0.048,0.062,0.013,0.003,0.008,0.001,0.998,50.070
2510203122,2026-10-04 07:00:00,235.330,235.920,235.170,0.080,0.010,0.010,0.015,0.012,0.002,0.000,0.011,0.014,-0.002,0.000,0.792,50.080
2510203123,2026-10-04 07:00:00,235.180,235.330,235.970,0.050,0.170,0.000,0.050,0.010,0.039,0.000,0.001,-0.003,0.005,0.000,1.000,50.080
2510203124,2026-10-04 07:00:00,235.420,235.630,234.980,0.100,0.100,0.120,0.068,0.020,0.022,0.025,0.028,0.009,0.009,0.009,0.925,50.080
2510203126,2026-10-04 07:00:00,234.460,234.240,233.280,0.070,0.000,0.000,0.016,0.016,0.000,0.000,-0.001,0.000,0.000,0.000,0.996,50.080
2510203127,2026-10-04 07:00:00,235.060,235.650,235.010,0.250,0.310,0.220,0.156,0.048,0.063,0.044,0.091,0.031,0.034,0.026,0.861,50.080
2510203130,2026-10-04 07:00:00,245.090,245.120,246.720,0.020,0.040,0.060,0.028,0.006,0.010,0.012,0.011,0.003,-0.001,0.001,0.898,50.080
2510203133,2026-10-04 07:00:00,234.670,235.260,234.560,0.030,0.020,0.000,0.010,0.006,0.003,0.000,-0.002,0.000,-0.001,0.000,0.986,50.090
2510203134,2026-10-04 07:00:00,236.390,235.300,235.570,0.020,0.010,0.010,0.007,0.004,0.001,0.001,-0.001,0.000,-0.001,0.000,0.965,50.040
2510224049,2026-10-04 07:00:00,233.790,232.690,233.960,0.270,3.950,0.020,0.910,0.050,0.850,0.000,0.200,-0.020,0.220,0.000,0.974,50.060
2510224167,2026-10-04 07:00:00,234.210,233.950,232.950,0.730,0.120,0.360,0.170,0.090,0.010,0.050,-0.160,-0.080,-0.020,-0.050,0.724,50.080
2510317505,2026-10-04 07:00:00,234.020,233.900,232.840,0.090,0.030,2.180,0.280,0.010,0.000,0.250,-0.260,-0.010,0.000,-0.240,0.725,50.060
2510317516,2026-10-04 07:00:00,234.400,234.210,233.130,0.000,0.000,0.000,0.000,0.000,0.000,0.000,0.000,0.000,0.000,0.000,1.000,50.080
2510317537,2026-10-04 07:00:00,234.830,234.830,235.560,1.970,2.170,1.970,1.310,0.420,0.460,0.450,-0.240,-0.060,-0.080,-0.080,0.984,50.080
2510633381,2026-10-04 07:00:00,236.130,235.060,235.430,0.040,0.070,0.020,0.028,0.009,0.014,0.003,-0.007,-0.003,-0.003,0.000,0.958,50.080
2510633383,2026-10-04 07:00:00,235.390,235.420,236.030,0.110,0.080,0.090,0.024,0.006,0.007,0.010,-0.060,-0.024,-0.017,-0.019,0.380,50.080
2510633386,2026-10-04 07:00:00,220.880,221.200,221.910,0.040,0.020,0.010,0.014,0.007,0.004,0.002,0.004,0.003,0.000,0.001,0.964,50.020
2510633387,2026-10-04 07:00:00,235.060,235.620,235.000,0.010,0.000,0.150,0.037,0.002,0.000,0.034,-0.004,0.000,0.000,-0.004,0.984,50.050
2510633390,2026-10-04 07:00:00,235.350,236.180,235.200,0.430,0.530,0.420,0.310,0.097,0.120,0.090,0.080,0.016,0.031,0.032,0.966,50.080
2510633391,2026-10-04 07:00:00,123.660,123.300,123.370,0.000,0.000,0.000,0.000,0.000,0.000,0.000,0.000,0.000,0.000,0.000,1.000,50.080
2510633395,2026-10-04 07:00:00,234.520,235.020,234.400,0.000,0.000,0.000,0.000,0.000,0.000,0.000,0.000,0.000,0.000,0.000,1.000,50.070
2510633396,2026-10-04 07:00:00,235.890,235.240,235.690,0.210,0.230,0.190,0.134,0.044,0.050,0.039,0.059,0.019,0.019,0.019,0.912,50.080
2510633397,2026-10-04 07:00:00,242.230,241.110,241.520,0.010,0.000,0.010,0.006,0.002,0.000,0.002,-0.003,-0.001,0.000,-0.001,0.925,50.070
2510633399,2026-10-04 07:00:00,234.110,233.800,233.000,0.200,0.310,0.250,0.177,0.047,0.071,0.058,0.003,0.000,0.002,0.000,0.998,50.080
2510633400,2026-10-04 07:00:00,233.240,232.290,233.430,0.330,0.330,0.360,0.218,0.070,0.069,0.081,0.125,0.043,0.041,0.040,0.853,50.070
2510633402,2026-10-04 07:00:00,231.970,232.100,233.400,0.760,0.770,0.850,0.478,0.151,0.152,0.174,0.195,0.064,0.061,0.066,0.924,50.000
2510633406,2026-10-04 07:00:00,234.190,233.950,233.050,0.010,0.010,0.010,0.003,0.001,0.001,0.000,-0.003,-0.001,0.000,-0.001,0.689,50.070
2510633411,2026-10-04 07:00:00,231.010,232.130,231.760,1.280,1.220,1.270,0.788,0.271,0.255,0.259,0.363,0.115,0.115,0.132,0.907,50.090
2510814977,2026-10-04 07:00:00,232.870,234.190,232.740,0.010,0.020,0.010,0.007,0.001,0.004,0.001,-0.003,0.000,-0.001,-0.001,0.923,50.070
2610026950,2026-10-04 07:00:00,233.030,234.050,233.930,0.010,0.000,0.010,0.005,0.002,0.000,0.001,0.000,0.000,0.000,0.000,0.993,50.070
2610026952,2026-10-04 07:00:00,235.070,234.390,234.520,0.660,0.660,0.650,0.428,0.143,0.143,0.141,0.128,0.043,0.044,0.041,0.958,50.070
2610026963,2026-10-04 07:00:00,235.810,235.690,236.310,0.070,0.050,0.050,0.001,0.006,-0.001,-0.003,-0.037,-0.014,-0.010,-0.012,0.046,50.080
2610026966,2026-10-04 07:00:00,235.150,234.910,234.040,0.030,0.050,0.060,0.029,0.006,0.010,0.011,0.016,0.004,0.005,0.006,0.868,50.070
2610026976,2026-10-04 07:00:00,235.260,235.280,236.010,0.360,0.840,0.780,0.440,0.083,0.174,0.174,0.002,0.013,0.001,-0.012,1.000,50.080
2610026977,2026-10-04 07:00:00,246.520,246.280,245.330,0.140,0.140,0.140,0.074,0.024,0.024,0.024,0.073,0.024,0.024,0.024,0.710,50.080
2610126270,2026-10-04 07:00:00,233.980,232.900,234.180,0.020,0.040,0.020,0.016,0.004,0.008,0.004,-0.004,-0.001,0.000,-0.001,0.943,50.060
2610126451,2026-10-04 07:00:00,235.580,235.970,235.370,0.000,0.040,0.030,0.017,0.000,0.009,0.007,0.007,0.000,0.004,0.001,0.873,50.070
2610159557,2026-10-04 07:00:00,236.080,235.060,235.350,0.020,0.030,0.050,0.019,0.003,0.005,0.010,-0.006,-0.002,-0.001,-0.001,0.946,50.060
2610159558,2026-10-04 07:00:00,235.050,235.390,236.100,0.010,0.010,0.010,0.005,0.001,0.002,0.001,0.004,0.001,0.002,0.000,0.799,50.070
2610170785,2026-10-04 07:00:00,235.880,234.860,235.260,0.010,0.010,0.000,0.004,0.002,0.001,0.000,0.001,0.000,0.000,0.000,0.879,50.060
2610170786,2026-10-04 07:00:00,234.900,235.180,235.780,0.740,0.800,0.800,0.460,0.152,0.150,0.157,0.109,0.034,0.033,0.042,0.978,50.070
2610170836,2026-10-04 07:00:00,235.020,235.300,235.910,0.000,0.010,0.000,0.001,0.000,0.001,0.000,0.000,0.000,0.000,0.000,1.000,50.060
2610170837,2026-10-04 07:00:00,234.090,232.390,232.660,0.000,0.030,0.090,0.024,0.000,0.003,0.021,0.006,0.000,0.005,0.001,0.961,50.060
2610170838,2026-10-04 07:00:00,236.050,234.790,235.280,0.000,0.070,0.030,0.021,0.000,0.010,0.009,0.007,0.000,0.007,0.000,0.937,50.080
2610170839,2026-10-04 07:00:00,234.820,235.150,235.890,0.020,0.020,0.020,0.012,0.003,0.003,0.005,0.005,0.001,0.002,0.001,0.887,50.060
2610322967,2026-10-04 07:00:00,236.450,235.280,235.400,0.000,0.000,0.010,0.005,0.000,0.000,0.005,0.001,0.000,0.000,0.001,0.895,50.060
2610322969,2026-10-04 07:00:00,232.820,233.850,233.590,0.350,0.420,0.580,0.256,0.063,0.085,0.107,0.127,0.034,0.039,0.049,0.904,50.070
2610322982,2026-10-04 07:00:00,235.230,235.470,236.200,0.020,0.020,0.030,0.013,0.003,0.003,0.006,-0.006,-0.001,-0.001,-0.002,0.917,50.070
2610322992,2026-10-04 07:00:00,232.760,233.350,234.170,0.060,0.330,0.150,0.125,0.013,0.076,0.035,0.013,0.003,0.000,0.008,0.996,50.060
2610322995,2026-10-04 07:00:00,235.050,235.250,235.700,0.000,0.040,0.040,0.015,0.000,0.008,0.007,-0.008,0.000,-0.004,-0.003,0.858,50.060
2610322997,2026-10-04 07:00:00,232.690,234.200,232.480,0.360,0.460,0.410,0.287,0.083,0.109,0.091,0.058,0.015,0.014,0.028,0.977,50.060
2610323001,2026-10-04 07:00:00,232.680,231.120,231.260,1.330,1.370,1.390,0.875,0.286,0.292,0.297,0.337,0.110,0.115,0.110,0.933,50.060
2610323004,2026-10-04 07:00:00,64.560,64.040,64.500,0.140,0.120,0.140,0.025,0.008,0.007,0.008,0.004,0.002,0.001,0.000,0.977,50.060
2610323005,2026-10-04 07:00:00,234.050,232.990,234.220,0.000,0.000,0.000,0.001,0.000,0.001,0.000,0.000,0.000,0.000,0.000,0.942,50.060
2610323014,2026-10-04 07:00:00,235.080,235.160,235.740,0.000,0.000,0.000,0.000,0.000,0.000,0.000,-0.001,0.000,0.000,0.000,0.589,50.060
2610323016,2026-10-04 07:00:00,231.390,230.140,230.310,2.150,2.070,2.020,1.256,0.432,0.417,0.406,0.599,0.198,0.201,0.199,0.899,50.060
2610323017,2026-10-04 07:00:00,234.960,235.710,234.950,0.050,0.030,0.020,0.019,0.009,0.005,0.004,-0.011,-0.005,-0.003,-0.002,0.882,50.070
2610323019,2026-10-04 07:00:00,233.910,233.170,234.250,0.020,0.060,0.030,0.022,0.004,0.013,0.005,-0.007,-0.001,-0.003,-0.002,0.919,50.070
2610323027,2026-10-04 07:00:00,236.170,235.030,235.450,0.030,0.040,0.030,0.018,0.005,0.007,0.005,-0.010,-0.003,-0.003,-0.003,0.863,50.070
2510203128,2026-10-04 07:02:00,235.070,235.720,234.250,0.970,0.840,1.140,0.680,0.224,0.192,0.264,0.044,0.011,0.005,0.026,0.998,49.910
2246006313,2026-10-04 07:30:00,58.000,58.000,58.300,0.584,0.600,0.611,0.101,0.033,0.033,0.034,0.005,0.001,0.002,0.002,0.998,50.150
2410121326,2026-10-04 07:30:00,238.420,237.750,237.990,0.080,0.090,0.080,0.057,0.017,0.023,0.016,0.021,0.007,0.004,0.009,0.929,50.040
2410121353,2026-10-04 07:30:00,237.970,237.390,237.550,0.000,0.010,0.030,0.011,0.000,0.002,0.008,-0.001,0.000,0.000,0.000,1.000,49.900
2410121371,2026-10-04 07:30:00,238.300,237.500,237.660,0.040,0.010,0.060,0.023,0.009,0.000,0.013,0.000,0.001,-0.001,-0.001,1.000,49.990
2410121424,2026-10-04 07:30:00,238.290,237.640,237.790,0.010,0.010,0.010,0.004,0.000,0.001,0.002,-0.003,-0.001,-0.001,0.000,0.744,49.890
2410121440,2026-10-04 07:30:00,238.220,237.580,237.710,0.010,0.000,0.010,0.004,0.002,0.000,0.001,-0.002,-0.001,-0.001,0.000,0.902,50.010
2410121454,2026-10-04 07:30:00,237.770,238.310,237.630,0.080,0.120,0.150,0.080,0.017,0.027,0.036,0.019,0.007,0.007,0.005,0.969,49.890
2410121574,2026-10-04 07:30:00,238.200,237.330,237.460,0.220,0.190,0.160,0.129,0.051,0.042,0.035,-0.036,-0.009,-0.014,-0.011,0.962,49.880
2410131378,2026-10-04 07:30:00,237.480,237.810,237.340,0.720,0.820,0.720,0.514,0.168,0.180,0.171,0.096,0.026,0.033,0.036,0.984,49.960
2410131384,2026-10-04 07:30:00,235.840,236.480,235.550,0.030,0.060,0.060,0.034,0.007,0.014,0.012,0.004,0.000,0.001,0.003,0.990,50.100
2410131387,2026-10-04 07:30:00,237.110,238.270,237.380,0.020,0.010,0.020,0.010,0.005,0.002,0.002,-0.006,-0.002,-0.002,-0.002,0.850,49.910
2410883988,2026-10-04 07:30:00,232.190,231.130,232.330,0.000,0.050,0.060,0.024,0.000,0.011,0.013,0.000,0.000,0.000,0.000,0.984,50.120
2410883990,2026-10-04 07:30:00,230.720,231.830,231.680,0.080,0.160,0.070,0.070,0.019,0.034,0.016,0.011,0.001,0.010,0.000,0.992,50.060
2410883991,2026-10-04 07:30:00,235.820,236.240,236.640,0.130,0.070,0.360,0.122,0.029,0.016,0.076,0.034,-0.001,0.001,0.034,0.960,50.090
2410883993,2026-10-04 07:30:00,235.760,234.610,235.040,0.920,0.660,1.100,0.605,0.207,0.144,0.253,0.025,0.000,0.022,0.002,0.998,50.020
2410883994,2026-10-04 07:30:00,236.650,235.610,236.100,0.020,0.010,0.020,0.010,0.003,0.001,0.004,-0.003,-0.001,0.000,0.000,0.923,50.140
2410932742,2026-10-04 07:30:00,232.090,230.440,230.620,3.290,3.240,3.430,2.140,0.711,0.693,0.735,0.627,0.207,0.199,0.220,0.959,50.150
2411087432,2026-10-04 07:30:00,237.710,238.190,237.500,0.040,0.030,0.090,0.035,0.008,0.005,0.022,-0.001,0.002,-0.003,0.000,1.000,50.110
2411087433,2026-10-04 07:30:00,235.590,235.990,236.630,0.400,0.390,0.370,0.259,0.090,0.086,0.081,-0.042,-0.013,-0.018,-0.011,0.988,50.020
2510014481,2026-10-04 07:30:00,230.950,231.250,232.300,1.670,1.680,1.780,1.164,0.362,0.375,0.434,0.582,0.192,0.182,0.207,0.886,50.020
2510014482,2026-10-04 07:30:00,237.900,238.250,237.370,0.010,0.030,0.000,0.009,0.002,0.006,0.000,-0.004,-0.001,-0.002,0.000,0.866,50.110
2510014483,2026-10-04 07:30:00,235.330,235.670,236.290,0.040,0.040,0.050,0.023,0.007,0.006,0.008,-0.021,-0.006,-0.006,-0.009,0.733,50.040
2510178139,2026-10-04 07:30:00,237.620,238.160,237.420,0.070,0.050,0.030,0.035,0.017,0.011,0.006,0.008,0.004,0.003,0.000,0.980,50.000
2510178141,2026-10-04 07:30:00,237.380,237.500,237.960,0.020,0.010,0.020,0.007,0.002,0.000,0.003,-0.009,-0.004,-0.001,-0.003,0.594,50.080
2510203103,2026-10-04 07:30:00,228.880,227.230,227.490,0.030,0.040,0.040,0.010,-0.002,0.006,0.006,-0.016,-0.006,-0.005,-0.004,0.556,50.080
2510203104,2026-10-04 07:30:00,229.850,229.910,230.600,0.130,0.310,0.160,0.133,0.028,0.069,0.035,0.016,-0.004,0.011,0.009,0.996,50.120
2510203105,2026-10-04 07:30:00,233.970,232.230,232.740,0.480,0.610,0.500,0.276,0.080,0.111,0.084,0.254,0.078,0.090,0.084,0.747,50.000
2510203108,2026-10-04 07:30:00,237.190,237.510,236.410,1.040,1.290,1.610,0.914,0.238,0.302,0.376,0.286,0.070,0.084,0.132,0.952,50.090
2510203109,2026-10-04 07:30:00,235.600,236.210,235.110,0.020,0.030,0.050,0.019,0.004,0.006,0.008,0.013,0.002,0.003,0.007,0.808,50.000
2510203114,2026-10-04 07:30:00,229.390,229.690,230.370,0.030,0.050,0.020,0.014,0.002,0.010,0.000,-0.016,-0.005,-0.006,-0.004,0.663,50.000
2510203117,2026-10-04 07:30:00,230.970,232.080,231.890,0.060,0.230,0.010,0.067,0.013,0.051,0.002,-0.009,0.000,-0.008,-0.001,0.990,50.120
2510203120,2026-10-04 07:30:00,235.450,234.480,234.860,1.010,0.830,0.880,0.592,0.220,0.179,0.192,0.209,0.079,0.067,0.063,0.942,50.080
2510203121,2026-10-04 07:30:00,231.530,231.400,230.510,0.020,0.020,0.100,0.029,0.003,0.003,0.022,-0.008,0.000,-0.001,-0.005,0.978,50.020
2510203122,2026-10-04 07:30:00,237.830,238.320,237.660,0.030,0.010,0.010,0.007,0.004,0.002,0.000,0.002,0.005,-0.002,-0.001,0.950,50.130
2510203123,2026-10-04 07:30:00,237.670,237.980,238.380,1.670,1.330,1.170,0.830,0.256,0.315,0.258,0.018,-0.007,0.013,0.011,0.999,50.130
2510203124,2026-10-04 07:30:00,237.780,237.920,237.280,0.330,0.320,0.330,0.222,0.076,0.071,0.074,0.075,0.024,0.025,0.025,0.945,50.000
2510203126,2026-10-04 07:30:00,231.820,231.530,230.700,0.060,0.000,0.050,0.024,0.013,0.000,0.010,0.000,0.000,0.000,0.000,1.000,50.030
2510203127,2026-10-04 07:30:00,237.880,238.340,237.780,0.250,0.340,0.220,0.161,0.048,0.067,0.045,0.105,0.033,0.044,0.027,0.836,50.030
2510203128,2026-10-04 07:30:00,235.570,236.220,234.740,0.950,0.880,1.090,0.673,0.218,0.202,0.252,0.043,0.012,0.005,0.026,0.998,50.090
2510203130,2026-10-04 07:30:00,245.190,245.310,246.810,0.020,0.070,0.070,0.055,0.005,0.012,0.038,0.010,0.000,0.010,0.001,0.977,50.000
2510203133,2026-10-04 07:30:00,238.380,238.870,238.260,0.020,0.020,0.000,0.009,0.005,0.003,0.000,-0.002,0.000,-0.001,0.000,0.956,50.080
2510203134,2026-10-04 07:30:00,236.700,235.590,235.890,0.020,0.010,0.010,0.007,0.004,0.001,0.001,-0.001,0.000,-0.001,0.000,0.964,50.150
2510224049,2026-10-04 07:30:00,231.350,230.430,231.730,0.270,3.770,0.020,0.840,0.050,0.800,0.000,0.200,-0.020,0.230,0.000,0.972,50.070
2510224167,2026-10-04 07:30:00,231.720,231.360,230.520,0.730,0.120,0.360,0.170,0.090,0.010,0.050,-0.160,-0.080,-0.020,-0.050,0.734,50.110
2510317505,2026-10-04 07:30:00,231.730,231.430,230.520,0.090,0.030,2.170,0.270,0.010,0.000,0.250,-0.250,-0.010,0.000,-0.230,0.739,50.080
2510317516,2026-10-04 07:30:00,231.720,231.400,230.500,0.000,0.000,0.000,0.000,0.000,0.000,0.000,0.000,0.000,0.000,0.000,1.000,50.070
2510633381,2026-10-04 07:30:00,236.420,235.340,235.730,0.040,0.060,0.010,0.023,0.007,0.013,0.002,-0.011,-0.005,-0.004,-0.001,0.909,50.000
2510633383,2026-10-04 07:30:00,237.670,237.790,238.330,0.110,0.080,0.090,0.023,0.006,0.008,0.009,-0.061,-0.024,-0.017,-0.019,0.358,50.020
2510633386,2026-10-04 07:30:00,221.190,221.590,222.230,0.030,0.020,0.010,0.013,0.006,0.004,0.002,0.004,0.003,0.000,0.001,0.935,50.050
2510633387,2026-10-04 07:30:00,237.890,238.360,237.790,0.010,0.020,0.150,0.040,0.002,0.002,0.035,0.000,0.000,0.003,-0.003,1.000,50.070
2510633390,2026-10-04 07:30:00,235.550,236.400,235.030,0.030,0.020,0.010,0.010,0.005,0.003,0.001,-0.004,-0.003,0.000,0.000,0.939,49.890
2510633391,2026-10-04 07:30:00,125.130,124.830,124.890,0.000,0.000,0.000,0.000,0.000,0.000,0.000,0.000,0.000,0.000,0.000,1.000,50.050
2510633395,2026-10-04 07:30:00,237.480,237.970,237.340,0.000,0.000,0.000,0.000,0.000,0.000,0.000,0.000,0.000,0.000,0.000,1.000,50.000
2510633396,2026-10-04 07:30:00,237.940,237.340,237.810,0.390,0.430,0.380,0.267,0.087,0.096,0.084,0.088,0.029,0.030,0.028,0.949,50.000
2510633397,2026-10-04 07:30:00,242.540,241.360,241.830,0.010,0.000,0.010,0.005,0.002,0.000,0.002,-0.004,-0.001,0.000,-0.001,0.806,50.050
2510633399,2026-10-04 07:30:00,231.490,231.230,230.520,0.220,0.300,0.240,0.175,0.051,0.068,0.056,0.001,0.000,0.001,0.000,1.000,50.030
2510633400,2026-10-04 07:30:00,230.490,229.710,230.790,0.480,0.470,0.510,0.301,0.097,0.096,0.107,0.139,0.048,0.044,0.044,0.910,50.040
2510633402,2026-10-04 07:30:00,232.450,232.540,233.870,0.560,0.570,0.680,0.469,0.145,0.143,0.169,0.074,0.023,0.025,0.025,0.984,50.030
2510633406,2026-10-04 07:30:00,231.600,231.310,230.500,0.010,0.010,0.010,0.003,0.001,0.001,0.000,-0.003,-0.001,0.000,-0.001,0.684,50.030
2510633411,2026-10-04 07:30:00,228.890,229.900,229.450,1.150,1.100,1.150,0.724,0.246,0.235,0.242,0.265,0.082,0.084,0.099,0.937,50.050
2510814977,2026-10-04 07:30:00,233.030,234.210,232.790,0.010,0.010,0.010,0.006,0.003,0.000,0.002,-0.002,0.000,-0.002,-0.001,0.878,50.030
2610026950,2026-10-04 07:30:00,230.790,231.650,231.430,0.000,0.000,0.030,0.009,0.000,0.001,0.007,0.000,0.000,0.000,0.000,0.998,50.020
2610026952,2026-10-04 07:30:00,236.130,235.510,235.620,1.140,1.100,1.140,0.708,0.236,0.231,0.241,0.351,0.124,0.114,0.113,0.895,50.020
2610026963,2026-10-04 07:30:00,238.080,238.030,238.640,0.080,0.050,0.060,0.010,0.010,0.000,0.001,-0.042,-0.017,-0.011,-0.013,0.247,50.010
2610026966,2026-10-04 07:30:00,234.440,234.220,233.150,0.050,0.050,0.080,0.036,0.010,0.009,0.016,0.020,0.005,0.004,0.009,0.868,49.990
2610026976,2026-10-04 07:30:00,237.850,237.290,238.110,0.220,1.070,1.000,0.581,0.062,0.240,0.278,0.009,-0.007,0.025,-0.011,1.000,50.010
2610026977,2026-10-04 07:30:00,245.700,245.380,244.400,0.140,0.140,0.140,0.074,0.024,0.024,0.024,0.072,0.024,0.024,0.024,0.715,50.050
2610126270,2026-10-04 07:30:00,231.600,230.600,231.860,0.030,0.040,0.020,0.020,0.005,0.007,0.004,-0.004,-0.001,0.000,-0.001,0.979,50.060
2610126451,2026-10-04 07:30:00,237.700,238.030,237.400,0.000,0.040,0.060,0.015,0.000,0.003,0.011,0.014,0.000,0.007,0.006,0.715,50.000
2610159557,2026-10-04 07:30:00,236.210,235.140,235.500,0.030,0.030,0.030,0.019,0.004,0.006,0.007,-0.006,-0.003,-0.001,-0.001,0.930,50.020
2610159558,2026-10-04 07:30:00,234.980,235.410,236.170,0.010,0.020,0.000,0.006,0.001,0.004,0.000,0.003,0.001,0.001,0.000,0.820,50.010
2610170785,2026-10-04 07:30:00,236.310,235.240,235.680,0.020,0.000,0.000,0.004,0.004,0.000,0.000,0.000,0.000,0.000,0.000,1.000,50.030
2610170786,2026-10-04 07:30:00,235.080,235.450,236.020,0.780,0.760,0.770,0.459,0.153,0.147,0.157,0.133,0.040,0.041,0.048,0.965,50.090
2610170836,2026-10-04 07:30:00,237.220,237.530,238.010,0.000,0.010,0.000,0.001,0.000,0.001,0.000,0.000,0.000,0.000,0.000,0.717,50.050
2610170837,2026-10-04 07:30:00,234.280,232.640,232.950,0.000,0.030,0.020,0.009,0.000,0.004,0.004,0.004,0.000,0.004,0.000,0.916,50.060
2610170838,2026-10-04 07:30:00,236.260,234.960,235.580,0.010,0.130,0.120,0.052,0.003,0.018,0.030,0.015,0.003,0.009,0.001,0.985,50.110
2610170839,2026-10-04 07:30:00,235.030,235.390,236.170,0.000,0.000,0.010,0.004,0.000,0.000,0.003,-0.001,0.000,0.000,0.000,0.884,50.060
2610322967,2026-10-04 07:30:00,236.760,235.520,235.720,0.000,0.000,0.020,0.003,0.000,0.000,0.003,0.000,0.000,0.000,0.000,0.864,50.040
2610322969,2026-10-04 07:30:00,230.410,231.460,231.280,0.290,0.200,0.200,0.206,0.084,0.061,0.060,0.077,0.029,0.023,0.055,0.942,50.010
2610322982,2026-10-04 07:30:00,235.330,235.630,236.400,0.020,0.020,0.030,0.013,0.003,0.003,0.006,-0.006,-0.001,-0.001,-0.002,0.918,50.010
2610322992,2026-10-04 07:30:00,232.810,233.360,234.130,0.060,0.270,0.180,0.119,0.013,0.063,0.041,0.012,0.003,-0.001,0.009,0.990,50.070
2610322995,2026-10-04 07:30:00,235.370,235.710,236.100,0.000,0.040,0.040,0.015,0.000,0.008,0.007,-0.008,0.000,-0.003,-0.003,0.868,50.030
2610323001,2026-10-04 07:30:00,232.850,231.310,231.440,1.260,1.320,1.310,0.832,0.264,0.285,0.280,0.333,0.108,0.113,0.110,0.927,50.070
2610323004,2026-10-04 07:30:00,64.550,64.070,64.520,0.100,0.080,0.090,0.016,0.006,0.004,0.005,0.001,0.001,0.000,0.000,0.986,50.030
2610323014,2026-10-04 07:30:00,237.260,237.360,237.910,0.000,0.000,0.000,0.000,0.000,0.000,0.000,-0.001,0.000,0.000,0.000,0.610,50.060
2610323016,2026-10-04 07:30:00,231.540,230.320,230.490,2.120,2.080,2.020,1.284,0.443,0.427,0.413,0.614,0.202,0.207,0.204,0.902,50.070
2610323017,2026-10-04 07:30:00,235.280,236.070,234.990,0.050,0.030,0.020,0.019,0.009,0.005,0.004,-0.010,-0.004,-0.003,-0.002,0.890,50.090
2610323019,2026-10-04 07:30:00,231.420,230.770,231.970,0.060,0.020,0.030,0.023,0.012,0.004,0.006,-0.006,-0.003,-0.001,0.000,0.978,50.080
2610323027,2026-10-04 07:30:00,236.390,235.250,235.680,0.030,0.030,0.030,0.018,0.005,0.007,0.005,-0.010,-0.003,-0.003,-0.003,0.864,50.090
2510203111,2026-10-04 07:31:00,237.730,238.020,238.480,0.020,0.010,0.330,0.083,0.004,0.002,0.076,-0.014,-0.001,0.000,-0.013,0.981,50.050
2510317537,2026-10-04 07:31:00,234.880,235.130,235.850,2.050,2.370,2.300,1.490,0.470,0.520,0.490,-0.240,-0.070,-0.080,-0.080,0.988,49.880
2610322997,2026-10-04 07:31:00,232.520,232.780,231.890,1.030,1.200,0.850,0.578,0.212,0.217,0.148,0.235,0.038,0.120,0.077,0.935,49.880
2410121457,2026-10-04 07:32:00,237.690,236.940,237.400,1.810,1.850,1.630,1.154,0.396,0.401,0.357,0.410,0.142,0.150,0.117,0.942,50.100
2610323005,2026-10-04 07:32:00,231.430,230.570,231.640,0.000,0.000,0.000,0.001,0.000,0.001,0.000,0.000,0.000,0.000,0.000,0.917,49.910
2246006313,2026-10-04 08:00:00,57.800,57.800,58.100,0.554,0.538,0.550,0.096,0.031,0.031,0.031,0.000,0.000,0.000,0.000,0.998,50.100
2410121326,2026-10-04 08:00:00,236.210,235.510,235.690,0.080,0.090,0.080,0.055,0.018,0.020,0.016,0.018,0.006,0.003,0.009,0.954,50.120
2410121353,2026-10-04 08:00:00,235.460,234.710,234.940,0.000,0.010,0.030,0.010,0.000,0.002,0.008,-0.002,0.000,0.000,0.000,0.959,50.060
2410121371,2026-10-04 08:00:00,235.630,234.750,234.900,0.030,0.010,0.060,0.022,0.008,0.000,0.013,-0.003,0.000,-0.001,-0.001,1.000,50.070
2410121424,2026-10-04 08:00:00,236.140,235.390,235.540,0.010,0.010,0.010,0.004,0.000,0.001,0.002,-0.003,-0.001,-0.001,0.000,0.739,50.050
2410121440,2026-10-04 08:00:00,235.550,234.800,234.940,0.010,0.000,0.010,0.004,0.002,0.000,0.001,-0.003,-0.001,-0.001,0.000,0.887,50.080
2410121457,2026-10-04 08:00:00,234.410,233.680,234.120,1.300,1.280,1.120,0.807,0.285,0.277,0.244,0.287,0.103,0.102,0.081,0.941,50.090
2410121574,2026-10-04 08:00:00,236.270,235.260,235.480,0.270,0.210,0.190,0.152,0.062,0.046,0.043,-0.034,-0.009,-0.012,-0.012,0.973,50.050
2410131378,2026-10-04 08:00:00,234.770,235.210,234.410,0.760,0.840,0.850,0.626,0.204,0.214,0.207,0.137,0.033,0.044,0.057,0.968,50.080
2410131384,2026-10-04 08:00:00,234.560,235.220,234.220,0.040,0.100,0.060,0.047,0.010,0.024,0.013,0.027,0.006,0.011,0.009,0.918,50.120
2410131387,2026-10-04 08:00:00,237.200,238.160,237.300,0.030,0.010,0.020,0.010,0.005,0.002,0.002,-0.007,-0.002,-0.002,-0.002,0.796,50.040
2410883988,2026-10-04 08:00:00,231.480,230.260,231.480,0.000,0.050,0.060,0.024,0.000,0.011,0.013,0.000,0.000,0.000,0.000,0.985,50.100
2410883990,2026-10-04 08:00:00,230.070,231.120,230.970,0.090,0.110,0.270,0.103,0.020,0.025,0.058,0.024,0.001,0.003,0.021,0.969,50.160
2410883991,2026-10-04 08:00:00,233.860,234.220,234.690,0.230,0.210,0.490,0.215,0.053,0.047,0.114,0.041,0.000,0.009,0.031,0.976,50.130
2410883993,2026-10-04 08:00:00,234.280,233.210,233.730,0.860,0.660,0.810,0.527,0.198,0.144,0.184,0.040,0.016,0.020,0.004,0.998,50.150
2410883994,2026-10-04 08:00:00,234.970,233.860,234.380,0.020,0.010,0.020,0.010,0.003,0.001,0.005,-0.003,-0.001,0.000,0.000,0.947,50.150
2410932742,2026-10-04 08:00:00,230.580,228.860,229.060,3.340,3.280,3.480,2.155,0.715,0.697,0.742,0.631,0.209,0.199,0.222,0.959,50.110
2411087432,2026-10-04 08:00:00,235.560,236.180,235.450,0.030,0.040,0.090,0.036,0.007,0.008,0.020,-0.005,0.002,-0.003,-0.004,0.982,50.110
2411087433,2026-10-04 08:00:00,234.060,234.520,235.130,0.560,0.530,0.620,0.374,0.123,0.115,0.134,-0.030,-0.007,-0.019,-0.003,0.999,50.150
2510014481,2026-10-04 08:00:00,229.750,229.700,230.790,1.820,1.820,1.920,0.968,0.304,0.317,0.346,0.546,0.173,0.179,0.192,0.898,50.150
2510014482,2026-10-04 08:00:00,235.750,236.220,235.790,0.010,0.040,0.000,0.011,0.002,0.009,0.000,0.000,-0.001,0.001,0.000,0.972,50.110
2510014483,2026-10-04 08:00:00,233.890,234.350,234.720,0.040,0.040,0.060,0.025,0.008,0.006,0.010,-0.020,-0.005,-0.006,-0.008,0.775,50.150
2510178139,2026-10-04 08:00:00,236.120,236.750,235.930,0.070,0.040,0.100,0.050,0.016,0.009,0.024,0.005,0.002,0.003,0.000,0.991,50.150
2510178141,2026-10-04 08:00:00,235.860,235.940,236.490,0.020,0.010,0.020,0.005,0.002,0.000,0.002,-0.009,-0.004,-0.001,-0.003,0.472,50.130
2510203103,2026-10-04 08:00:00,227.520,225.720,226.080,0.030,0.030,0.020,0.009,-0.003,0.008,0.004,-0.007,-0.003,-0.002,-0.001,0.714,50.120
2510203104,2026-10-04 08:00:00,228.110,228.320,229.010,0.180,0.230,0.220,0.154,0.041,0.052,0.061,0.019,0.000,0.010,0.009,0.987,50.100
2510203108,2026-10-04 08:00:00,235.170,235.680,234.880,1.360,1.530,1.670,1.007,0.296,0.380,0.365,0.258,0.093,0.069,0.096,0.966,50.130
2510203109,2026-10-04 08:00:00,234.310,234.950,233.780,0.020,0.020,0.060,0.021,0.003,0.005,0.013,0.011,0.002,0.002,0.007,0.858,50.150
2510203111,2026-10-04 08:00:00,235.070,235.510,235.860,1.760,1.550,1.920,1.156,0.385,0.336,0.434,0.290,0.120,0.084,0.084,0.969,50.110
2510203114,2026-10-04 08:00:00,228.150,228.560,229.190,0.030,0.050,0.020,0.012,0.002,0.008,0.000,-0.018,-0.005,-0.008,-0.004,0.557,50.150
2510203117,2026-10-04 08:00:00,229.960,231.100,231.010,0.080,0.340,0.010,0.097,0.018,0.077,0.002,-0.008,0.000,-0.006,-0.001,0.997,50.110
2510203120,2026-10-04 08:00:00,234.290,233.350,233.830,1.010,0.770,0.830,0.565,0.219,0.166,0.179,0.209,0.082,0.064,0.063,0.937,50.120
2510203121,2026-10-04 08:00:00,231.280,231.140,230.140,0.020,0.020,0.100,0.029,0.003,0.003,0.022,-0.008,0.000,-0.001,-0.005,0.969,50.160
2510203122,2026-10-04 08:00:00,235.950,236.530,235.840,0.040,0.010,0.010,0.009,0.006,0.002,0.000,0.005,0.008,-0.002,-0.001,0.832,50.110
2510203123,2026-10-04 08:00:00,234.810,235.280,235.750,1.770,2.010,1.580,0.907,0.252,0.392,0.262,0.353,0.123,0.112,0.117,0.940,50.100
2510203126,2026-10-04 08:00:00,231.550,231.440,230.450,0.060,0.000,0.050,0.025,0.014,0.000,0.011,0.000,0.000,0.000,0.000,1.000,50.140
2510203127,2026-10-04 08:00:00,236.010,236.560,235.920,0.250,0.310,0.220,0.158,0.049,0.064,0.045,0.093,0.031,0.034,0.026,0.861,50.150
2510203128,2026-10-04 08:00:00,233.770,234.220,232.570,1.610,1.540,1.670,1.096,0.367,0.349,0.379,0.112,0.021,0.035,0.055,0.995,50.120
2510203130,2026-10-04 08:00:00,243.960,244.120,245.590,0.000,0.060,0.130,0.053,0.000,0.007,0.045,0.017,0.000,0.012,0.005,0.957,50.150
2510203133,2026-10-04 08:00:00,236.300,236.800,236.190,0.030,0.020,0.000,0.010,0.006,0.003,0.000,-0.002,0.000,-0.001,0.000,0.989,50.100
2510203134,2026-10-04 08:00:00,235.150,233.920,234.320,0.020,0.010,0.010,0.007,0.004,0.001,0.001,-0.001,0.000,-0.001,0.000,0.960,50.100
2510224049,2026-10-04 08:00:00,231.030,229.850,230.940,0.280,3.720,8.680,2.840,0.060,0.780,1.990,0.330,0.000,0.220,0.100,0.993,50.150
2510224167,2026-10-04 08:00:00,231.030,230.730,229.830,0.740,0.120,0.360,0.170,0.090,0.010,0.050,-0.150,-0.080,-0.020,-0.050,0.735,50.110
2510317505,2026-10-04 08:00:00,231.020,230.780,229.930,0.090,0.030,2.170,0.270,0.010,0.000,0.250,-0.250,-0.010,0.000,-0.230,0.739,50.140
2510317516,2026-10-04 08:00:00,231.180,230.980,229.960,0.000,0.000,0.000,0.000,0.000,0.000,0.000,0.000,0.000,0.000,0.000,1.000,50.110
2510317537,2026-10-04 08:00:00,233.230,233.540,234.200,2.240,2.490,2.450,1.570,0.480,0.540,0.560,-0.250,-0.060,-0.080,-0.100,0.986,50.130
2510633381,2026-10-04 08:00:00,234.920,233.730,234.210,0.040,0.060,0.010,0.024,0.008,0.014,0.002,-0.009,-0.004,-0.003,-0.001,0.923,50.160
2510633383,2026-10-04 08:00:00,235.770,235.950,236.520,0.110,0.080,0.120,0.031,0.006,0.002,0.021,-0.063,-0.024,-0.019,-0.019,0.449,50.150
2510633386,2026-10-04 08:00:00,219.130,219.590,220.300,0.040,0.020,0.020,0.015,0.007,0.004,0.003,0.003,0.003,0.000,0.000,0.962,50.100
2510633387,2026-10-04 08:00:00,235.190,235.810,235.090,0.010,0.020,0.150,0.040,0.002,0.002,0.035,0.000,0.000,0.002,-0.004,1.000,50.090
2510633390,2026-10-04 08:00:00,234.010,234.780,233.410,0.500,0.660,0.510,0.371,0.115,0.142,0.112,0.080,0.012,0.028,0.039,0.977,50.080
2510633391,2026-10-04 08:00:00,123.920,123.530,123.630,0.000,0.000,0.000,0.000,0.000,0.000,0.000,0.000,0.000,0.000,0.000,1.000,50.100
2510633395,2026-10-04 08:00:00,235.990,236.550,235.890,0.000,0.000,0.000,0.000,0.000,0.000,0.000,0.000,0.000,0.000,0.000,1.000,50.160
2510633396,2026-10-04 08:00:00,235.900,235.300,235.740,0.800,0.780,0.760,0.535,0.182,0.177,0.175,0.098,0.036,0.035,0.026,0.983,50.160
2510633397,2026-10-04 08:00:00,240.710,239.390,239.960,0.040,0.010,0.080,0.029,0.010,0.002,0.017,-0.003,-0.001,0.000,-0.001,0.985,50.080
2510633399,2026-10-04 08:00:00,231.290,231.110,230.220,0.320,0.400,0.380,0.254,0.074,0.092,0.087,-0.011,-0.003,-0.002,-0.006,0.998,50.140
2510633400,2026-10-04 08:00:00,230.380,229.460,230.520,0.290,0.290,0.310,0.194,0.064,0.063,0.069,0.072,0.024,0.024,0.023,0.944,50.080
2510633402,2026-10-04 08:00:00,230.640,230.870,232.240,0.060,0.100,0.190,0.077,0.012,0.022,0.042,0.020,0.005,0.005,0.008,0.973,50.090
2510633406,2026-10-04 08:00:00,231.270,231.160,230.110,0.010,0.010,0.010,0.003,0.001,0.000,0.000,-0.003,-0.001,0.000,-0.001,0.684,50.150
2510633411,2026-10-04 08:00:00,228.880,229.890,229.670,0.830,0.810,0.800,0.528,0.182,0.175,0.170,0.183,0.057,0.058,0.068,0.943,50.100
2510814977,2026-10-04 08:00:00,231.730,232.970,231.470,0.010,0.010,0.010,0.006,0.003,0.000,0.002,-0.002,0.000,-0.002,-0.001,0.874,50.150
2610026950,2026-10-04 08:00:00,230.510,231.310,231.340,0.010,0.000,0.030,0.010,0.002,0.000,0.007,0.000,0.000,0.000,0.000,0.979,50.150
2610026952,2026-10-04 08:00:00,235.280,234.590,234.640,0.950,0.950,0.950,0.607,0.202,0.202,0.203,0.248,0.083,0.084,0.080,0.924,50.150
2610026963,2026-10-04 08:00:00,236.090,236.040,236.740,0.260,0.020,0.100,0.079,0.058,0.000,0.020,-0.027,-0.014,-0.004,-0.008,0.945,50.160
2610026966,2026-10-04 08:00:00,233.630,233.170,232.280,0.030,0.050,0.080,0.033,0.006,0.010,0.015,0.018,0.004,0.005,0.009,0.881,50.160
2610026976,2026-10-04 08:00:00,235.440,235.400,236.170,0.710,0.940,1.340,0.701,0.185,0.208,0.307,0.036,0.016,0.027,-0.007,0.999,50.160
2610026977,2026-10-04 08:00:00,244.410,243.800,242.910,0.140,0.140,0.140,0.074,0.025,0.024,0.024,0.071,0.024,0.023,0.023,0.723,50.110
2610126451,2026-10-04 08:00:00,236.210,236.560,235.970,0.000,0.080,0.050,0.028,0.000,0.016,0.012,0.013,0.000,0.008,0.004,0.884,50.150
2610159557,2026-10-04 08:00:00,235.010,233.710,234.080,0.030,0.050,0.030,0.022,0.005,0.009,0.007,-0.007,-0.003,-0.002,-0.001,0.941,50.150
2610159558,2026-10-04 08:00:00,233.770,234.220,234.950,0.010,0.020,0.010,0.008,0.002,0.003,0.002,0.004,0.001,0.002,0.000,0.840,50.160
2610170785,2026-10-04 08:00:00,234.840,233.670,234.210,0.020,0.010,0.000,0.006,0.004,0.001,0.000,0.001,0.000,0.000,0.000,0.997,50.150
2610170786,2026-10-04 08:00:00,233.640,234.030,234.720,0.740,0.730,0.710,0.413,0.134,0.147,0.131,0.118,0.037,0.032,0.041,0.964,50.110
2610170836,2026-10-04 08:00:00,235.790,236.090,236.680,0.000,0.010,0.000,0.001,0.000,0.001,0.000,0.000,0.000,0.000,0.000,1.000,50.160
2610170837,2026-10-04 08:00:00,232.920,231.160,231.560,0.000,0.030,0.020,0.010,0.000,0.005,0.004,0.005,0.000,0.005,0.000,0.902,50.160
2610170838,2026-10-04 08:00:00,234.840,233.410,234.130,0.000,0.090,0.040,0.029,0.000,0.018,0.001,0.012,0.000,0.012,0.000,0.928,50.110
2610170839,2026-10-04 08:00:00,233.580,234.080,234.800,0.020,0.010,0.040,0.020,0.006,0.003,0.011,0.006,0.001,0.002,0.002,0.982,50.150
2610322967,2026-10-04 08:00:00,235.260,233.970,234.190,0.000,0.000,0.020,0.003,0.000,0.000,0.003,0.000,0.000,0.000,0.000,0.944,50.150
2610322969,2026-10-04 08:00:00,229.790,230.780,230.760,0.470,0.540,0.370,0.177,0.061,0.078,0.037,0.054,0.018,0.021,0.019,0.837,50.150
2610322982,2026-10-04 08:00:00,233.940,234.370,235.140,0.020,0.020,0.030,0.013,0.003,0.003,0.006,-0.006,-0.001,-0.001,-0.002,0.920,50.150
2610322992,2026-10-04 08:00:00,231.660,232.330,233.100,0.590,0.850,0.750,0.422,0.108,0.167,0.146,-0.050,-0.017,-0.023,-0.011,0.996,50.150
2610322995,2026-10-04 08:00:00,233.700,234.140,234.680,0.000,0.040,0.040,0.015,0.000,0.008,0.007,-0.008,0.000,-0.003,-0.003,0.862,50.160
2610322997,2026-10-04 08:00:00,230.930,231.250,230.360,1.050,1.200,0.820,0.627,0.229,0.233,0.164,0.250,0.039,0.131,0.076,0.931,50.160
2610323001,2026-10-04 08:00:00,229.760,228.320,228.400,2.490,2.380,2.560,1.492,0.497,0.475,0.518,0.775,0.256,0.256,0.259,0.887,50.150
2610323004,2026-10-04 08:00:00,64.160,63.650,64.190,0.150,0.130,0.140,0.025,0.009,0.007,0.008,0.002,0.001,0.001,0.000,0.988,50.160
2610323005,2026-10-04 08:00:00,231.140,230.170,231.270,0.000,0.000,0.000,0.001,0.000,0.001,0.000,0.000,0.000,0.000,0.000,0.946,50.150
2610323014,2026-10-04 08:00:00,236.080,236.130,236.750,0.050,0.000,0.010,0.014,0.012,0.000,0.002,-0.003,-0.002,0.000,0.000,0.951,50.160
2610323016,2026-10-04 08:00:00,230.900,229.460,230.030,1.500,1.450,1.410,0.868,0.302,0.286,0.278,0.481,0.160,0.162,0.158,0.874,50.140
2610323017,2026-10-04 08:00:00,233.800,234.400,233.350,0.050,0.030,0.020,0.019,0.009,0.005,0.004,-0.010,-0.004,-0.003,-0.002,0.877,50.130
2610323019,2026-10-04 08:00:00,230.840,230.240,231.230,0.020,0.050,0.030,0.022,0.004,0.012,0.005,-0.008,-0.001,-0.004,-0.002,0.916,50.140
2610323027,2026-10-04 08:00:00,234.930,233.670,234.180,0.030,0.040,0.030,0.018,0.005,0.007,0.005,-0.010,-0.003,-0.003,-0.003,0.864,50.110
2410121454,2026-10-04 08:01:00,235.340,235.960,235.180,0.070,0.100,0.130,0.069,0.015,0.023,0.029,0.014,0.005,0.005,0.003,0.974,49.880
2510203124,2026-10-04 08:01:00,235.460,235.610,234.980,0.580,0.620,0.570,0.401,0.133,0.139,0.128,0.097,0.027,0.035,0.034,0.970,50.050
2510203105,2026-10-04 08:02:00,231.930,230.200,230.910,1.360,1.610,1.360,0.960,0.298,0.360,0.302,0.249,0.084,0.083,0.080,0.972,49.920
2610126270,2026-10-04 08:02:00,230.650,229.530,230.710,0.050,0.030,0.030,0.024,0.010,0.007,0.006,-0.005,-0.002,-0.001,-0.001,0.979,50.050
2246006313,2026-10-04 08:30:00,57.800,57.700,57.900,0.701,0.689,0.692,0.118,0.039,0.039,0.039,0.001,0.000,0.000,0.001,0.999,50.010
2410121326,2026-10-04 08:30:00,235.490,234.690,234.980,0.080,0.090,0.080,0.055,0.017,0.020,0.016,0.018,0.006,0.003,0.009,0.953,50.060
2410121371,2026-10-04 08:30:00,235.890,234.990,235.210,0.040,0.010,0.060,0.022,0.008,0.000,0.013,-0.003,0.000,-0.001,-0.001,0.979,50.080
2410121424,2026-10-04 08:30:00,235.790,235.120,235.340,0.010,0.010,0.010,0.004,0.000,0.001,0.002,-0.003,-0.001,-0.001,0.000,0.742,50.100
2410121440,2026-10-04 08:30:00,235.760,234.940,235.120,0.010,0.010,0.010,0.004,0.002,0.000,0.001,-0.003,-0.001,-0.001,0.000,0.888,50.070
2410121454,2026-10-04 08:30:00,235.340,235.910,235.110,0.090,0.120,0.150,0.079,0.015,0.025,0.031,0.020,0.007,0.007,0.005,0.941,50.100
2410121457,2026-10-04 08:30:00,233.790,232.950,233.430,1.490,1.520,1.380,0.954,0.327,0.329,0.300,0.339,0.115,0.121,0.102,0.942,50.060
2410121574,2026-10-04 08:30:00,235.750,234.840,235.050,0.270,0.210,0.200,0.154,0.063,0.047,0.044,-0.034,-0.009,-0.013,-0.011,0.976,50.070
2410131378,2026-10-04 08:30:00,234.750,235.100,234.360,0.810,0.850,0.840,0.544,0.168,0.190,0.185,0.161,0.042,0.055,0.064,0.958,50.080
2410131384,2026-10-04 08:30:00,237.880,238.540,237.510,0.030,0.100,0.060,0.039,0.007,0.017,0.014,0.007,0.000,0.001,0.005,0.957,50.000
2410131387,2026-10-04 08:30:00,239.310,240.240,239.350,0.020,0.010,0.020,0.009,0.005,0.002,0.002,-0.007,-0.002,-0.002,-0.002,0.835,50.120
2410883988,2026-10-04 08:30:00,231.050,230.120,231.300,0.000,0.000,0.060,0.014,0.000,0.000,0.013,0.000,0.000,0.000,0.000,0.973,49.960
2410883991,2026-10-04 08:30:00,236.800,237.200,237.890,0.130,0.160,0.230,0.115,0.030,0.035,0.048,0.025,0.000,0.011,0.014,0.977,50.070
2410883993,2026-10-04 08:30:00,237.800,236.510,237.040,0.910,0.500,0.620,0.464,0.213,0.106,0.144,0.053,-0.005,0.035,0.023,0.993,50.000
2410883994,2026-10-04 08:30:00,237.950,236.770,237.330,0.020,0.010,0.030,0.013,0.004,0.002,0.006,-0.002,-0.001,0.000,0.000,0.960,50.080
2410932742,2026-10-04 08:30:00,233.790,232.170,232.190,3.230,3.220,3.380,2.125,0.704,0.693,0.729,0.569,0.183,0.179,0.205,0.965,50.010
2411087432,2026-10-04 08:30:00,238.450,238.960,238.220,0.050,0.030,0.090,0.037,0.009,0.007,0.020,-0.002,0.004,-0.003,-0.004,1.000,49.960
2411087433,2026-10-04 08:30:00,237.420,237.890,238.460,0.550,0.530,0.580,0.369,0.119,0.114,0.126,-0.036,-0.012,-0.021,-0.003,0.996,50.010
2510014481,2026-10-04 08:30:00,232.550,232.790,233.830,2.100,2.080,2.180,1.277,0.424,0.405,0.425,0.594,0.197,0.197,0.199,0.901,50.000
2510014482,2026-10-04 08:30:00,238.570,238.950,238.240,0.010,0.040,0.000,0.011,0.002,0.009,0.000,0.000,-0.001,0.001,0.000,0.981,49.950
2510014483,2026-10-04 08:30:00,237.080,237.510,238.170,0.040,0.040,0.050,0.023,0.008,0.005,0.009,-0.020,-0.005,-0.006,-0.009,0.756,50.000
2510178139,2026-10-04 08:30:00,238.970,239.460,238.660,0.040,0.050,0.130,0.053,0.010,0.010,0.032,0.002,0.000,0.003,-0.001,1.000,50.030
2510178141,2026-10-04 08:30:00,238.290,238.440,238.930,0.020,0.010,0.090,0.024,0.002,0.000,0.021,-0.009,-0.004,-0.001,-0.003,0.948,49.960
2510203103,2026-10-04 08:30:00,230.430,228.780,228.870,0.030,0.030,0.010,0.003,-0.005,0.006,0.002,-0.006,-0.003,-0.001,-0.001,0.487,49.990
2510203104,2026-10-04 08:30:00,231.240,231.490,232.170,0.130,0.370,0.150,0.115,0.029,0.096,0.033,0.005,-0.002,0.000,0.009,0.996,49.970
2510203105,2026-10-04 08:30:00,235.260,233.730,234.230,1.330,1.520,1.320,0.939,0.298,0.345,0.295,0.241,0.083,0.077,0.080,0.968,50.020
2510203108,2026-10-04 08:30:00,237.990,238.400,237.280,0.910,1.140,1.430,0.836,0.215,0.251,0.369,0.211,0.050,0.056,0.104,0.966,49.980
2510203109,2026-10-04 08:30:00,237.350,238.000,236.820,0.090,0.040,0.080,0.047,0.017,0.009,0.020,0.015,0.010,0.000,0.004,0.947,50.020
2510203111,2026-10-04 08:30:00,237.550,238.300,238.560,1.740,1.500,1.890,1.142,0.382,0.331,0.429,0.304,0.128,0.085,0.091,0.967,50.000
2510203114,2026-10-04 08:30:00,231.230,231.670,232.270,0.020,0.050,0.020,0.014,0.004,0.008,0.000,-0.017,-0.003,-0.008,-0.004,0.637,50.030
2510203117,2026-10-04 08:30:00,229.860,230.840,230.650,0.070,0.340,0.010,0.094,0.015,0.076,0.002,-0.007,0.000,-0.006,-0.001,0.991,49.990
2510203120,2026-10-04 08:30:00,237.460,236.350,236.850,1.010,0.780,0.860,0.575,0.217,0.168,0.188,0.212,0.082,0.065,0.065,0.937,49.980
2510203121,2026-10-04 08:30:00,230.920,230.630,229.790,0.020,0.020,0.100,0.030,0.003,0.003,0.023,-0.008,0.000,-0.001,-0.005,0.964,50.000
2510203122,2026-10-04 08:30:00,238.360,238.960,238.240,0.040,0.010,0.010,0.008,0.005,0.002,0.000,0.003,0.006,-0.002,-0.001,0.890,49.970
2510203123,2026-10-04 08:30:00,237.480,238.080,238.430,1.360,1.720,1.290,0.427,0.120,0.172,0.134,0.217,0.087,0.048,0.081,0.960,49.980
2510203126,2026-10-04 08:30:00,231.280,230.900,230.220,0.060,0.000,0.000,0.014,0.013,0.000,0.000,0.000,0.000,0.000,0.000,1.000,50.060
2510203127,2026-10-04 08:30:00,234.690,235.160,234.540,0.250,0.330,0.220,0.159,0.047,0.066,0.045,0.095,0.031,0.038,0.026,0.857,50.050
2510203128,2026-10-04 08:30:00,237.050,237.530,235.930,1.820,1.720,1.760,1.217,0.422,0.394,0.400,0.151,0.036,0.049,0.065,0.992,49.990
2510203130,2026-10-04 08:30:00,247.180,247.400,248.730,0.000,0.000,0.100,0.026,0.000,0.000,0.028,0.000,0.000,0.000,0.000,1.000,50.050
2510203133,2026-10-04 08:30:00,237.680,238.120,237.540,0.020,0.020,0.000,0.009,0.005,0.003,0.000,-0.002,0.000,-0.002,0.000,0.988,49.910
2510203134,2026-10-04 08:30:00,238.390,237.120,237.480,0.020,0.010,0.010,0.007,0.004,0.001,0.001,-0.001,0.000,-0.001,0.000,0.973,50.020
2510224049,2026-10-04 08:30:00,230.630,229.580,230.700,0.280,3.880,8.600,2.850,0.060,0.820,1.970,0.330,0.000,0.200,0.110,0.993,49.990
2510224167,2026-10-04 08:30:00,230.720,230.360,229.610,0.730,0.120,0.360,0.170,0.090,0.010,0.050,-0.150,-0.080,-0.020,-0.050,0.738,49.950
2510317505,2026-10-04 08:30:00,230.780,230.540,229.660,0.090,0.030,2.180,0.270,0.010,0.000,0.250,-0.250,-0.010,0.000,-0.230,0.742,49.970
2510317516,2026-10-04 08:30:00,230.970,230.660,229.810,0.000,0.000,0.000,0.000,0.000,0.000,0.000,0.000,0.000,0.000,0.000,1.000,49.950
2510317537,2026-10-04 08:30:00,236.820,237.090,237.730,2.110,2.280,2.290,1.470,0.460,0.490,0.510,-0.250,-0.070,-0.080,-0.080,0.984,50.060
2510633381,2026-10-04 08:30:00,238.270,237.080,237.610,0.060,0.060,0.010,0.029,0.012,0.014,0.002,-0.010,-0.005,-0.003,-0.001,0.950,50.050
2510633383,2026-10-04 08:30:00,234.520,234.660,235.140,0.110,0.080,0.090,0.024,0.006,0.007,0.010,-0.060,-0.024,-0.017,-0.019,0.381,50.050
2510633386,2026-10-04 08:30:00,222.860,223.310,224.060,0.080,0.050,0.050,0.038,0.014,0.008,0.007,0.003,0.003,0.000,0.000,0.984,50.050
2510633387,2026-10-04 08:30:00,234.870,235.340,234.680,0.010,0.000,0.160,0.038,0.002,0.000,0.036,-0.004,0.000,0.000,-0.003,0.987,50.050
2510633390,2026-10-04 08:30:00,237.660,238.310,237.010,0.500,0.610,0.450,0.393,0.129,0.153,0.116,0.088,0.016,0.032,0.039,0.972,50.070
2510633391,2026-10-04 08:30:00,123.690,123.280,123.440,0.000,0.000,0.000,0.000,0.000,0.000,0.000,0.000,0.000,0.000,0.000,1.000,50.090
2510633395,2026-10-04 08:30:00,238.740,239.230,238.510,0.000,0.000,0.000,0.000,0.000,0.000,0.000,0.000,0.000,0.000,0.000,1.000,50.040
2510633396,2026-10-04 08:30:00,238.650,235.790,236.280,0.830,0.810,0.790,0.556,0.189,0.184,0.182,0.094,0.035,0.033,0.024,0.986,50.060
2510633397,2026-10-04 08:30:00,244.660,243.340,243.900,0.030,0.010,0.070,0.027,0.008,0.003,0.016,-0.002,0.000,-0.001,0.000,0.996,50.080
2510633399,2026-10-04 08:30:00,230.980,230.510,229.960,0.480,0.580,0.560,0.371,0.110,0.133,0.128,-0.007,-0.003,0.000,-0.003,0.999,50.050
2510633400,2026-10-04 08:30:00,230.430,229.650,230.680,0.310,0.310,0.330,0.211,0.069,0.068,0.073,0.072,0.025,0.024,0.024,0.950,50.080
2510633402,2026-10-04 08:30:00,234.550,234.670,236.050,0.060,0.100,0.200,0.084,0.013,0.023,0.047,0.021,0.006,0.007,0.007,0.966,50.060
2510633406,2026-10-04 08:30:00,231.020,230.630,229.910,0.010,0.010,0.010,0.003,0.001,0.000,0.000,-0.003,-0.001,0.000,-0.001,0.684,50.000
2510633411,2026-10-04 08:30:00,228.810,229.740,229.300,1.050,1.050,1.040,0.650,0.220,0.219,0.211,0.207,0.062,0.065,0.079,0.955,50.080
2510814977,2026-10-04 08:30:00,234.820,235.980,234.550,0.020,0.010,0.010,0.006,0.003,0.000,0.002,-0.002,0.000,-0.002,-0.001,0.923,50.010
2610026950,2026-10-04 08:30:00,230.030,230.970,230.650,0.010,0.000,0.030,0.010,0.002,0.000,0.007,-0.001,0.000,0.000,0.000,0.960,50.010
2610026952,2026-10-04 08:30:00,236.290,235.570,235.800,1.890,1.850,1.870,1.144,0.385,0.376,0.383,0.634,0.216,0.211,0.205,0.873,50.010
2610026966,2026-10-04 08:30:00,236.960,236.450,235.730,0.050,0.040,0.170,0.059,0.009,0.008,0.041,0.019,0.005,0.004,0.009,0.941,50.040
2610026976,2026-10-04 08:30:00,236.830,236.390,237.320,0.500,1.140,1.240,0.734,0.120,0.328,0.286,-0.020,-0.013,0.011,-0.018,1.000,50.060
2610126270,2026-10-04 08:30:00,230.690,229.720,230.950,0.040,0.030,0.030,0.020,0.008,0.005,0.005,-0.005,-0.002,-0.001,-0.001,0.966,49.990
2610126451,2026-10-04 08:30:00,238.940,239.200,238.620,0.000,0.050,0.050,0.017,0.000,0.007,0.010,0.011,0.000,0.008,0.003,0.917,50.010
2610159557,2026-10-04 08:30:00,238.030,236.880,237.400,0.040,0.030,0.030,0.024,0.006,0.006,0.007,-0.006,-0.003,-0.001,-0.001,0.967,50.010
2610159558,2026-10-04 08:30:00,236.960,237.390,238.080,0.000,0.000,0.010,0.003,0.000,0.000,0.002,0.000,0.000,0.000,0.000,1.000,50.010
2610170785,2026-10-04 08:30:00,238.080,236.900,237.430,0.020,0.000,0.000,0.004,0.004,0.000,0.000,0.000,0.000,0.000,0.000,1.000,50.010
2610170786,2026-10-04 08:30:00,236.880,237.250,237.920,0.560,0.550,0.550,0.409,0.134,0.133,0.141,0.124,0.039,0.037,0.047,0.957,49.950
2610170836,2026-10-04 08:30:00,238.430,238.790,239.290,0.000,0.010,0.000,0.001,0.000,0.001,0.000,0.000,0.000,0.000,0.000,0.706,50.000
2610170837,2026-10-04 08:30:00,236.090,234.360,234.770,0.000,0.030,0.030,0.010,0.000,0.003,0.006,0.006,0.000,0.005,0.001,0.869,50.000
2610170838,2026-10-04 08:30:00,238.110,236.660,237.350,0.000,0.080,0.080,0.026,0.000,0.017,0.008,0.009,0.000,0.007,0.000,0.967,49.950
2610170839,2026-10-04 08:30:00,236.930,237.410,238.090,0.030,0.030,0.050,0.017,0.005,0.004,0.007,0.009,0.001,0.003,0.004,0.728,49.990
2610322967,2026-10-04 08:30:00,238.600,237.290,237.550,0.000,0.000,0.020,0.003,0.000,0.000,0.003,0.000,0.000,0.000,0.000,0.990,50.010
2610322969,2026-10-04 08:30:00,229.840,230.780,230.650,0.210,0.410,0.110,0.495,0.148,0.216,0.130,0.268,0.045,0.058,0.041,0.995,50.010
2610322982,2026-10-04 08:30:00,237.060,237.410,238.130,0.020,0.020,0.040,0.019,0.004,0.005,0.010,-0.006,-0.001,-0.001,-0.002,0.945,50.010
2610322992,2026-10-04 08:30:00,234.370,235.030,235.770,0.170,0.380,0.300,0.187,0.036,0.086,0.064,0.059,0.018,0.016,0.025,0.953,49.980
2610322995,2026-10-04 08:30:00,237.100,237.540,238.010,0.000,0.050,0.060,0.024,0.000,0.010,0.013,-0.008,0.000,-0.003,-0.003,0.929,50.000
2610322997,2026-10-04 08:30:00,234.150,234.560,233.570,0.960,1.080,0.810,0.570,0.209,0.204,0.178,0.265,0.044,0.132,0.088,0.917,50.000
2610323001,2026-10-04 08:30:00,232.850,231.510,231.560,2.370,2.190,2.450,1.395,0.468,0.433,0.494,0.819,0.274,0.272,0.272,0.863,49.990
2610323004,2026-10-04 08:30:00,65.040,64.570,65.020,0.190,0.170,0.190,0.033,0.011,0.010,0.011,0.007,0.003,0.002,0.001,0.960,50.010
2610323005,2026-10-04 08:30:00,230.690,229.850,230.910,0.000,0.000,0.000,0.001,0.000,0.001,0.000,0.000,0.000,0.000,0.000,0.949,50.000
2610323014,2026-10-04 08:30:00,238.390,238.500,239.020,0.050,0.000,0.010,0.013,0.011,0.000,0.002,-0.003,-0.002,0.000,0.000,0.950,49.990
2610323016,2026-10-04 08:30:00,235.550,234.040,234.380,0.390,0.360,0.290,0.234,0.089,0.078,0.065,0.064,0.022,0.025,0.016,0.965,49.970
2610323017,2026-10-04 08:30:00,237.070,237.920,236.580,0.060,0.040,0.030,0.029,0.014,0.009,0.005,-0.009,-0.004,-0.002,-0.002,0.942,49.960
2610323019,2026-10-04 08:30:00,230.560,229.820,230.990,0.060,0.060,0.030,0.032,0.013,0.013,0.005,-0.009,-0.003,-0.003,-0.002,0.942,49.970
2610323027,2026-10-04 08:30:00,238.290,236.970,237.530,0.040,0.040,0.030,0.023,0.008,0.009,0.005,-0.010,-0.003,-0.003,-0.003,0.921,49.960
2410883990,2026-10-04 08:31:00,230.160,231.150,231.070,0.090,0.110,0.080,0.064,0.019,0.026,0.018,0.005,0.001,0.003,0.000,1.000,50.080
2610026963,2026-10-04 08:31:00,235.390,235.280,235.960,0.190,0.030,0.050,0.044,0.041,-0.002,0.005,-0.034,-0.017,-0.005,-0.011,0.776,50.080
2610026977,2026-10-04 08:31:00,248.320,247.760,246.960,0.150,0.140,0.140,0.075,0.025,0.024,0.025,0.076,0.026,0.025,0.025,0.703,50.090
2410121353,2026-10-04 08:32:00,235.270,234.600,234.780,0.000,0.010,0.030,0.010,0.000,0.002,0.007,-0.002,0.000,0.000,0.000,0.961,50.020
2510203124,2026-10-04 08:32:00,234.770,234.800,234.250,0.640,0.660,0.620,0.427,0.146,0.145,0.136,0.098,0.027,0.036,0.034,0.973,50.020
2246006313,2026-10-04 09:00:00,57.600,57.500,57.800,0.678,0.662,0.679,0.116,0.038,0.038,0.039,0.000,0.000,0.000,0.000,0.999,50.110
2410121326,2026-10-04 09:00:00,234.250,233.480,233.670,0.080,0.090,0.090,0.057,0.017,0.020,0.018,0.016,0.005,0.003,0.008,0.967,50.170
2410121353,2026-10-04 09:00:00,234.180,233.500,233.740,0.000,0.030,0.030,0.014,0.000,0.006,0.007,-0.002,0.000,-0.001,0.000,0.963,50.240
2410121371,2026-10-04 09:00:00,234.390,233.550,233.750,0.040,0.010,0.060,0.022,0.008,0.000,0.013,-0.003,0.000,-0.001,-0.001,0.979,50.220
2410121424,2026-10-04 09:00:00,234.210,233.550,233.780,0.010,0.010,0.010,0.004,0.000,0.001,0.002,-0.003,-0.001,-0.001,0.000,0.874,50.210
2410121440,2026-10-04 09:00:00,234.110,233.450,233.580,0.010,0.000,0.010,0.004,0.002,0.000,0.001,-0.003,-0.001,-0.001,0.000,0.890,50.220
2410121454,2026-10-04 09:00:00,233.770,234.330,233.630,0.080,0.110,0.140,0.074,0.017,0.025,0.031,0.018,0.007,0.006,0.004,0.976,50.210
2410121457,2026-10-04 09:00:00,232.420,231.730,232.050,1.470,1.460,1.380,0.928,0.318,0.312,0.297,0.357,0.120,0.124,0.112,0.933,50.190
2410121574,2026-10-04 09:00:00,234.390,233.470,233.680,0.280,0.210,0.210,0.159,0.064,0.047,0.047,-0.034,-0.009,-0.012,-0.012,0.975,50.230
2410131378,2026-10-04 09:00:00,233.550,233.860,233.090,0.680,0.790,0.810,0.499,0.161,0.172,0.166,0.130,0.032,0.044,0.053,0.970,50.230
2410131384,2026-10-04 09:00:00,236.430,237.230,236.120,0.040,0.050,0.110,0.044,0.008,0.012,0.023,0.003,0.000,0.000,0.003,1.000,50.160
2410131387,2026-10-04 09:00:00,235.120,235.940,235.600,0.020,0.010,0.020,0.009,0.005,0.002,0.002,-0.007,-0.002,-0.002,-0.002,0.822,50.220
2410883988,2026-10-04 09:00:00,230.500,229.560,230.700,0.000,0.000,0.070,0.015,0.000,0.000,0.015,0.000,0.000,0.000,0.000,0.970,50.170
2410883990,2026-10-04 09:00:00,229.430,230.400,230.210,0.090,0.110,0.080,0.065,0.021,0.025,0.018,0.004,0.001,0.003,0.000,0.992,50.140
2410883991,2026-10-04 09:00:00,235.600,235.970,236.660,0.270,0.290,0.410,0.236,0.063,0.067,0.105,0.040,0.000,0.011,0.023,0.993,50.140
2410883993,2026-10-04 09:00:00,236.350,235.370,235.670,0.770,0.510,0.840,0.508,0.175,0.136,0.211,0.038,0.018,0.010,0.010,0.997,50.150
2410883994,2026-10-04 09:00:00,236.690,235.520,236.060,0.030,0.010,0.030,0.014,0.005,0.002,0.006,-0.002,-0.001,0.000,0.000,0.992,50.120
2410932742,2026-10-04 09:00:00,232.090,230.390,230.560,3.320,3.300,3.480,2.170,0.718,0.705,0.745,0.583,0.189,0.186,0.208,0.966,50.120
2411087432,2026-10-04 09:00:00,233.570,234.070,233.400,0.030,0.040,0.090,0.035,0.007,0.007,0.020,-0.006,0.002,-0.004,-0.004,0.986,50.170
2411087433,2026-10-04 09:00:00,236.140,236.550,237.220,0.540,0.520,0.590,0.370,0.123,0.114,0.133,-0.026,-0.006,-0.016,-0.003,0.998,50.150
2510014481,2026-10-04 09:00:00,231.150,231.420,232.470,1.800,1.750,1.980,1.247,0.403,0.383,0.425,0.500,0.168,0.168,0.163,0.916,50.140
2510014482,2026-10-04 09:00:00,233.760,234.150,233.520,0.010,0.040,0.000,0.011,0.002,0.009,0.000,-0.001,-0.001,0.001,0.000,0.961,50.160
2510014483,2026-10-04 09:00:00,235.800,236.160,236.920,0.050,0.040,0.060,0.024,0.008,0.006,0.009,-0.020,-0.005,-0.005,-0.008,0.785,50.130
2510178139,2026-10-04 09:00:00,234.090,234.670,233.850,0.070,0.050,0.140,0.057,0.015,0.011,0.030,0.003,0.002,0.002,-0.001,1.000,50.170
2510178141,2026-10-04 09:00:00,233.710,233.820,234.310,0.020,0.010,0.020,0.007,0.002,0.000,0.004,-0.009,-0.004,-0.001,-0.003,0.604,50.150
2510203103,2026-10-04 09:00:00,228.690,227.090,227.390,0.020,0.020,0.010,0.000,-0.001,0.003,-0.001,-0.007,-0.003,-0.002,-0.001,0.056,50.140
2510203104,2026-10-04 09:00:00,230.130,230.290,231.070,0.170,0.340,0.210,0.167,0.038,0.080,0.048,0.009,-0.001,0.008,0.007,0.992,50.200
2510203105,2026-10-04 09:00:00,233.460,231.980,232.550,2.270,2.470,2.230,1.669,0.548,0.588,0.531,0.283,0.099,0.098,0.085,0.986,50.170
2510203108,2026-10-04 09:00:00,233.070,233.550,232.520,1.250,1.370,1.900,1.027,0.265,0.324,0.437,0.237,0.080,0.066,0.091,0.972,50.130
2510203109,2026-10-04 09:00:00,236.200,237.010,235.720,0.080,0.030,0.060,0.035,0.015,0.006,0.013,0.013,0.009,-0.001,0.004,0.948,50.170
2510203111,2026-10-04 09:00:00,232.800,233.390,233.680,1.340,1.150,1.520,0.864,0.285,0.326,0.426,0.280,0.118,0.079,0.083,0.958,50.170
2510203114,2026-10-04 09:00:00,230.010,230.410,231.080,0.030,0.050,0.020,0.014,0.004,0.008,0.000,-0.017,-0.004,-0.008,-0.004,0.647,50.170
2510203117,2026-10-04 09:00:00,229.260,230.270,230.000,0.060,0.340,0.010,0.105,0.016,0.076,0.012,-0.007,0.000,-0.006,-0.001,0.996,50.120
2510203120,2026-10-04 09:00:00,236.020,234.970,235.470,1.240,0.980,1.030,0.716,0.274,0.215,0.226,0.227,0.088,0.069,0.069,0.952,50.120
2510203122,2026-10-04 09:00:00,233.660,234.240,233.510,0.030,0.010,0.010,0.007,0.004,0.002,0.000,0.002,0.005,-0.002,-0.001,0.904,50.180
2510203123,2026-10-04 09:00:00,232.830,233.410,233.730,1.560,1.120,1.490,0.971,0.276,0.378,0.316,0.455,0.161,0.123,0.142,0.930,50.200
2510203124,2026-10-04 09:00:00,233.770,233.920,233.270,0.530,0.550,0.540,0.377,0.126,0.127,0.131,0.103,0.030,0.034,0.037,0.964,50.190
2510203126,2026-10-04 09:00:00,230.620,230.260,229.610,0.070,0.000,0.000,0.014,0.014,0.000,0.000,-0.001,0.000,0.000,0.000,1.000,50.190
2510203127,2026-10-04 09:00:00,233.720,234.270,233.650,0.250,0.310,0.220,0.158,0.048,0.064,0.045,0.090,0.030,0.033,0.025,0.869,50.190
2510203128,2026-10-04 09:00:00,235.490,235.980,234.330,1.760,1.700,1.820,1.208,0.403,0.381,0.424,0.141,0.032,0.043,0.065,0.993,50.130
2510203130,2026-10-04 09:00:00,245.350,245.530,246.860,0.010,0.000,0.090,0.026,0.002,0.000,0.023,0.004,0.000,0.000,0.003,0.976,50.180
2510203133,2026-10-04 09:00:00,233.580,234.040,233.410,0.020,0.020,0.000,0.009,0.004,0.003,0.000,-0.002,0.000,-0.002,0.000,0.965,50.160
2510203134,2026-10-04 09:00:00,237.140,235.940,236.100,0.020,0.010,0.010,0.007,0.004,0.001,0.001,-0.001,0.000,-0.001,0.000,0.969,50.120
2510224049,2026-10-04 09:00:00,230.130,229.140,230.190,0.280,3.840,8.710,2.890,0.060,0.830,1.990,0.310,0.000,0.190,0.100,0.994,50.140
2510224167,2026-10-04 09:00:00,230.250,230.030,229.310,0.740,0.120,0.360,0.170,0.090,0.010,0.050,-0.150,-0.080,-0.020,-0.050,0.736,50.150
2510317505,2026-10-04 09:00:00,230.310,230.040,229.200,0.090,0.030,0.810,0.110,0.010,0.000,0.090,-0.090,-0.010,0.000,-0.070,0.773,50.140
2510317516,2026-10-04 09:00:00,230.600,230.290,229.490,0.000,0.000,0.000,0.000,0.000,0.000,0.000,0.000,0.000,0.000,0.000,1.000,50.150
2510317537,2026-10-04 09:00:00,235.810,235.730,236.390,2.060,2.370,2.540,1.570,0.480,0.520,0.560,-0.260,-0.080,-0.090,-0.100,0.987,50.150
2510633381,2026-10-04 09:00:00,236.990,235.760,236.190,0.060,0.060,0.010,0.027,0.012,0.013,0.001,-0.012,-0.006,-0.004,-0.001,0.921,50.190
2510633383,2026-10-04 09:00:00,233.680,233.800,234.350,0.110,0.080,0.090,0.023,0.006,0.008,0.008,-0.059,-0.023,-0.017,-0.018,0.362,50.190
2510633386,2026-10-04 09:00:00,221.660,222.050,222.800,0.040,0.030,0.020,0.018,0.008,0.005,0.003,0.004,0.003,0.000,0.001,0.971,50.200
2510633387,2026-10-04 09:00:00,233.680,234.230,233.600,0.010,0.000,0.160,0.038,0.001,0.000,0.036,-0.004,0.000,0.000,-0.004,0.990,50.200
2510633390,2026-10-04 09:00:00,236.300,237.190,235.960,0.650,0.760,0.680,0.445,0.141,0.164,0.139,0.123,0.030,0.043,0.050,0.963,50.170
2510633391,2026-10-04 09:00:00,122.900,122.450,122.540,0.000,0.000,0.000,0.000,0.000,0.000,0.000,0.000,0.000,0.000,0.000,1.000,50.160
2510633395,2026-10-04 09:00:00,233.680,234.100,233.480,0.000,0.000,0.000,0.000,0.000,0.000,0.000,0.000,0.000,0.000,0.000,1.000,50.180
2510633396,2026-10-04 09:00:00,233.800,233.190,233.640,0.660,0.660,0.570,0.386,0.127,0.137,0.121,0.105,0.033,0.037,0.033,0.967,50.190
2510633397,2026-10-04 09:00:00,243.310,242.000,242.470,0.030,0.020,0.070,0.028,0.007,0.003,0.016,-0.003,0.000,-0.001,-0.001,0.978,50.160
2510633399,2026-10-04 09:00:00,230.310,229.880,229.250,0.470,0.560,0.600,0.367,0.106,0.125,0.136,-0.003,-0.002,0.001,-0.002,0.998,50.190
2510633400,2026-10-04 09:00:00,229.350,228.700,229.630,0.280,0.280,0.290,0.202,0.065,0.067,0.069,0.071,0.024,0.024,0.023,0.944,50.150
2510633402,2026-10-04 09:00:00,232.690,232.960,234.250,0.030,0.080,0.170,0.064,0.007,0.018,0.039,0.009,0.002,0.002,0.004,0.983,50.210
2510633406,2026-10-04 09:00:00,230.470,230.050,229.340,0.010,0.010,0.010,0.003,0.001,0.000,0.000,-0.003,-0.001,0.000,-0.001,0.678,50.140
2510633411,2026-10-04 09:00:00,228.060,228.800,228.360,1.100,1.130,1.110,0.715,0.237,0.243,0.234,0.219,0.065,0.069,0.084,0.957,50.160
2510814977,2026-10-04 09:00:00,233.110,234.250,232.870,0.020,0.010,0.010,0.006,0.003,0.000,0.002,-0.002,0.000,-0.001,-0.001,0.924,50.130
2610026950,2026-10-04 09:00:00,229.410,230.370,230.080,0.000,0.000,0.040,0.011,0.001,0.000,0.009,0.000,0.000,0.000,0.000,0.988,50.140
2610026952,2026-10-04 09:00:00,231.620,230.820,231.020,1.840,1.800,1.780,1.097,0.374,0.360,0.362,0.568,0.191,0.195,0.181,0.887,50.140
2610026963,2026-10-04 09:00:00,234.030,233.940,234.650,0.170,0.010,0.030,0.038,0.037,0.000,0.001,-0.024,-0.015,-0.001,-0.007,0.838,50.190
2610026966,2026-10-04 09:00:00,236.210,235.760,234.970,0.040,0.050,0.120,0.032,0.007,0.009,0.014,0.016,0.004,0.004,0.008,0.893,50.210
2610026976,2026-10-04 09:00:00,233.440,233.270,234.150,0.900,1.590,1.330,0.844,0.196,0.391,0.256,0.008,0.005,0.003,0.000,1.000,50.180
2610026977,2026-10-04 09:00:00,247.600,247.010,246.180,0.000,0.060,0.000,0.014,0.000,0.014,0.000,-0.001,0.000,0.000,0.000,1.000,50.160
2610126270,2026-10-04 09:00:00,230.220,229.320,230.500,0.030,0.030,0.030,0.019,0.006,0.006,0.006,-0.004,-0.001,0.000,-0.001,0.951,50.140
2610126451,2026-10-04 09:00:00,234.150,234.560,233.910,0.000,0.050,0.050,0.015,0.000,0.005,0.010,0.001,0.000,0.000,0.002,0.994,50.160
2610159557,2026-10-04 09:00:00,236.890,235.750,236.090,0.030,0.030,0.030,0.018,0.005,0.005,0.007,-0.007,-0.003,-0.001,-0.001,0.930,50.150
2610159558,2026-10-04 09:00:00,235.670,236.220,236.970,0.010,0.000,0.020,0.009,0.000,0.001,0.006,0.000,0.000,0.000,0.000,1.000,50.150
2610170785,2026-10-04 09:00:00,236.740,235.520,236.020,0.020,0.010,0.000,0.005,0.004,0.001,0.000,0.001,0.000,0.000,0.000,0.987,50.140
2610170786,2026-10-04 09:00:00,235.390,235.970,236.730,0.890,0.900,0.880,0.504,0.161,0.174,0.168,0.128,0.039,0.040,0.048,0.975,50.140
2610170836,2026-10-04 09:00:00,233.550,233.910,234.470,0.010,0.010,0.000,0.002,0.001,0.001,0.000,0.000,0.000,0.000,0.000,0.984,50.140
2610170837,2026-10-04 09:00:00,234.180,232.540,233.000,0.000,0.030,0.030,0.012,0.000,0.005,0.006,0.006,0.000,0.005,0.000,0.866,50.130
2610170838,2026-10-04 09:00:00,236.810,235.510,236.060,0.000,0.100,0.090,0.041,0.000,0.024,0.016,0.000,0.000,0.000,-0.001,1.000,50.160
2610170839,2026-10-04 09:00:00,235.530,235.940,236.710,0.020,0.010,0.030,0.013,0.004,0.001,0.007,0.000,-0.003,0.000,0.000,0.997,50.140
2610322967,2026-10-04 09:00:00,237.300,235.970,236.170,0.000,0.000,0.020,0.003,0.000,0.000,0.003,0.000,0.000,0.000,0.000,0.991,50.140
2610322969,2026-10-04 09:00:00,229.290,230.310,229.920,0.230,0.230,0.200,0.229,0.079,0.079,0.070,0.057,0.020,0.018,0.018,0.974,50.150
2610322982,2026-10-04 09:00:00,235.920,236.270,237.090,0.020,0.030,0.050,0.023,0.004,0.006,0.011,-0.005,-0.001,-0.001,-0.002,0.969,50.160
2610322992,2026-10-04 09:00:00,232.790,233.550,234.130,0.130,0.370,0.230,0.165,0.027,0.086,0.052,0.034,0.010,0.008,0.015,0.981,50.140
2610322995,2026-10-04 09:00:00,235.720,235.950,236.840,0.000,0.050,0.060,0.025,0.000,0.011,0.013,-0.008,0.000,-0.003,-0.003,0.940,50.130
2610322997,2026-10-04 09:00:00,232.470,232.760,231.970,1.090,1.140,0.830,0.645,0.243,0.226,0.177,0.264,0.045,0.138,0.080,0.924,50.130
2610323001,2026-10-04 09:00:00,231.110,229.750,229.780,2.430,2.340,2.700,1.535,0.494,0.478,0.562,0.760,0.250,0.253,0.255,0.896,50.140
2610323004,2026-10-04 09:00:00,64.580,64.110,64.540,0.220,0.190,0.210,0.035,0.011,0.011,0.012,0.018,0.006,0.005,0.005,0.897,50.150
2610323005,2026-10-04 09:00:00,230.260,229.430,230.430,0.000,0.000,0.000,0.001,0.000,0.001,0.000,0.000,0.000,0.000,0.000,0.926,50.130
2610323016,2026-10-04 09:00:00,233.990,232.580,232.980,0.390,0.350,0.270,0.224,0.087,0.077,0.059,0.063,0.021,0.024,0.017,0.962,50.140
2610323017,2026-10-04 09:00:00,235.890,236.490,235.750,0.080,0.040,0.030,0.033,0.017,0.009,0.006,-0.010,-0.004,-0.002,-0.002,0.967,50.140
2610323019,2026-10-04 09:00:00,230.040,229.350,230.480,0.060,0.020,0.020,0.023,0.013,0.004,0.005,-0.008,-0.003,-0.001,-0.002,0.935,50.140
2610323027,2026-10-04 09:00:00,237.140,235.710,236.210,0.040,0.060,0.040,0.031,0.008,0.013,0.009,-0.009,-0.003,-0.003,-0.002,0.964,50.140
2510203121,2026-10-04 09:01:00,230.450,230.200,229.380,0.020,0.020,0.090,0.027,0.003,0.003,0.021,-0.006,0.000,-0.001,-0.003,0.967,50.230
2610323014,2026-10-04 09:01:00,233.610,233.750,234.350,0.050,0.000,0.010,0.013,0.011,0.000,0.002,-0.003,-0.002,0.000,0.000,0.945,50.220
2246006313,2026-10-04 09:30:00,57.700,57.600,57.900,0.673,0.667,0.657,0.114,0.037,0.038,0.038,0.000,0.000,0.000,0.000,0.999,50.210
2410121326,2026-10-04 09:30:00,233.310,232.470,232.760,0.080,0.100,0.080,0.055,0.017,0.022,0.016,0.016,0.005,0.002,0.008,0.956,50.210
2410121353,2026-10-04 09:30:00,233.850,233.040,233.320,0.000,0.010,0.050,0.014,0.000,0.002,0.011,-0.002,0.000,0.000,0.000,0.969,50.210
2410121371,2026-10-04 09:30:00,233.970,233.060,233.320,0.010,0.010,0.030,0.010,0.002,0.000,0.007,-0.001,0.000,-0.001,0.000,1.000,50.230
2410121424,2026-10-04 09:30:00,233.560,232.740,232.970,0.010,0.010,0.010,0.004,0.000,0.001,0.002,-0.003,-0.001,-0.001,0.000,0.867,50.220
2410121440,2026-10-04 09:30:00,233.760,232.920,233.190,0.010,0.000,0.010,0.004,0.002,0.000,0.001,-0.003,-0.001,-0.001,0.000,0.874,50.240
2410121454,2026-10-04 09:30:00,232.980,233.630,232.760,0.080,0.120,0.140,0.077,0.018,0.026,0.032,0.016,0.006,0.006,0.003,0.976,50.220
2410121457,2026-10-04 09:30:00,231.940,230.970,231.460,1.470,1.500,1.370,0.930,0.315,0.318,0.295,0.357,0.120,0.127,0.110,0.932,50.230
2410121574,2026-10-04 09:30:00,234.030,233.050,233.140,0.280,0.250,0.210,0.167,0.065,0.055,0.046,-0.034,-0.008,-0.012,-0.012,0.980,50.230
2410131378,2026-10-04 09:30:00,232.970,233.350,232.560,0.820,0.940,0.960,0.585,0.177,0.202,0.181,0.096,0.022,0.035,0.039,0.991,50.220
2410131384,2026-10-04 09:30:00,235.740,236.580,235.430,0.050,0.070,0.090,0.044,0.010,0.016,0.018,0.018,0.003,0.005,0.009,0.953,50.220
2410131387,2026-10-04 09:30:00,235.200,235.810,235.600,0.040,0.030,0.030,0.023,0.010,0.006,0.007,-0.005,-0.001,-0.001,-0.002,0.993,50.240
2410883988,2026-10-04 09:30:00,230.620,229.570,230.730,0.000,0.000,0.060,0.014,0.000,0.000,0.014,0.000,0.000,0.000,0.000,1.000,50.190
2410883990,2026-10-04 09:30:00,229.510,230.520,230.340,0.090,0.120,0.080,0.064,0.020,0.026,0.018,0.004,0.001,0.003,0.000,0.997,50.200
2410883991,2026-10-04 09:30:00,235.460,235.760,236.680,0.260,0.260,0.440,0.229,0.062,0.060,0.106,0.002,0.000,0.002,0.000,0.999,50.230
2410883993,2026-10-04 09:30:00,235.680,234.790,235.190,1.010,0.830,0.920,0.625,0.233,0.174,0.219,0.050,0.038,0.004,0.007,0.997,50.210
2410883994,2026-10-04 09:30:00,236.580,235.320,235.800,0.030,0.010,0.030,0.015,0.005,0.002,0.006,-0.002,-0.001,0.000,0.000,1.000,50.220
2411087432,2026-10-04 09:30:00,232.530,233.110,232.290,0.030,0.030,0.120,0.041,0.007,0.006,0.026,-0.007,0.001,-0.003,-0.005,0.980,50.200
2411087433,2026-10-04 09:30:00,235.590,236.060,236.750,0.550,0.510,0.580,0.388,0.128,0.119,0.138,-0.021,-0.006,-0.015,0.000,0.998,50.210
2510014481,2026-10-04 09:30:00,230.130,230.440,231.700,2.250,2.070,2.160,1.333,0.442,0.385,0.455,0.568,0.194,0.189,0.185,0.919,50.210
2510014482,2026-10-04 09:30:00,232.910,233.350,232.550,0.010,0.040,0.000,0.011,0.002,0.009,0.000,-0.001,-0.001,0.001,0.000,0.958,50.210
2510014483,2026-10-04 09:30:00,235.280,235.660,236.500,0.040,0.040,0.060,0.025,0.008,0.006,0.009,-0.020,-0.005,-0.005,-0.008,0.778,50.210
2510178139,2026-10-04 09:30:00,233.500,234.030,233.150,0.060,0.050,0.120,0.054,0.016,0.010,0.027,0.003,0.002,0.002,-0.001,1.000,50.240
2510178141,2026-10-04 09:30:00,232.420,232.620,233.170,0.020,0.010,0.020,0.006,0.002,0.000,0.004,-0.009,-0.004,-0.001,-0.003,0.579,50.200
2510203103,2026-10-04 09:30:00,228.150,226.470,226.690,0.020,0.020,0.020,-0.001,-0.003,0.004,-0.003,-0.008,-0.003,-0.002,-0.002,0.212,50.220
2510203104,2026-10-04 09:30:00,229.450,229.600,230.470,0.140,0.200,0.150,0.108,0.030,0.043,0.034,0.016,-0.003,0.011,0.008,0.984,50.210
2510203105,2026-10-04 09:30:00,233.360,231.770,232.210,1.430,1.480,1.200,0.963,0.337,0.343,0.289,0.120,0.041,0.039,0.040,0.986,50.200
2510203108,2026-10-04 09:30:00,232.080,232.670,231.570,0.850,0.950,1.460,0.732,0.182,0.220,0.327,0.155,0.055,0.040,0.059,0.977,50.220
2510203109,2026-10-04 09:30:00,235.500,236.330,235.080,0.080,0.060,0.060,0.043,0.017,0.012,0.013,0.019,0.009,0.004,0.005,0.908,50.200
2510203114,2026-10-04 09:30:00,229.430,229.800,230.560,0.030,0.030,0.020,0.008,0.004,0.003,0.000,-0.014,-0.003,-0.006,-0.004,0.529,50.200
2510203117,2026-10-04 09:30:00,229.410,230.630,230.240,0.160,0.230,0.030,0.078,0.024,0.051,0.002,-0.010,0.000,-0.008,-0.001,0.995,50.220
2510203120,2026-10-04 09:30:00,235.770,234.570,234.990,0.940,0.730,0.770,0.537,0.208,0.159,0.169,0.187,0.073,0.058,0.055,0.944,50.210
2510203121,2026-10-04 09:30:00,230.590,230.290,229.490,0.020,0.020,0.090,0.027,0.003,0.003,0.020,-0.007,0.000,-0.001,-0.005,0.970,50.200
2510203122,2026-10-04 09:30:00,232.550,233.230,232.300,0.030,0.010,0.010,0.007,0.004,0.002,0.000,0.001,0.005,-0.002,-0.001,1.000,50.200
2510203123,2026-10-04 09:30:00,231.640,232.300,232.660,2.070,1.960,2.190,1.224,0.409,0.317,0.278,0.329,0.126,0.086,0.116,0.972,50.210
2510203124,2026-10-04 09:30:00,232.450,232.550,231.830,0.740,0.770,0.730,0.493,0.167,0.168,0.157,0.115,0.032,0.039,0.039,0.974,50.200
2510203126,2026-10-04 09:30:00,230.640,230.360,229.690,0.060,0.000,0.000,0.014,0.013,0.000,0.000,0.000,0.000,0.000,0.000,1.000,50.200
2510203127,2026-10-04 09:30:00,232.760,233.340,232.560,0.250,0.310,0.220,0.158,0.048,0.064,0.045,0.088,0.030,0.033,0.024,0.874,50.200
2510203128,2026-10-04 09:30:00,235.110,235.750,234.040,1.740,1.670,1.740,1.172,0.397,0.380,0.395,0.134,0.030,0.043,0.061,0.993,50.220
2510203130,2026-10-04 09:30:00,244.550,244.740,246.190,0.000,0.000,0.050,0.012,0.000,0.000,0.012,0.001,0.000,0.000,0.001,0.994,50.200
2510203133,2026-10-04 09:30:00,232.610,233.180,232.440,0.030,0.020,0.000,0.010,0.006,0.003,0.000,-0.002,0.000,-0.002,0.000,0.999,50.230
2510203134,2026-10-04 09:30:00,236.870,235.550,235.780,0.020,0.010,0.010,0.007,0.004,0.001,0.001,-0.001,0.000,-0.001,0.000,0.967,50.210
2510224049,2026-10-04 09:30:00,230.100,229.140,230.380,0.280,3.750,0.130,0.870,0.060,0.790,0.010,0.190,0.000,0.210,-0.020,0.975,50.210
2510224167,2026-10-04 09:30:00,230.490,230.080,229.370,0.730,0.120,0.360,0.170,0.090,0.010,0.050,-0.150,-0.080,-0.020,-0.050,0.735,50.200
2510317505,2026-10-04 09:30:00,230.390,230.200,229.400,0.090,0.030,1.700,0.220,0.010,0.000,0.200,-0.210,-0.010,0.000,-0.190,0.727,50.200
2510317516,2026-10-04 09:30:00,230.690,230.330,229.540,0.000,0.000,0.000,0.000,0.000,0.000,0.000,0.000,0.000,0.000,0.000,1.000,50.190
2510317537,2026-10-04 09:30:00,234.920,234.910,235.790,2.200,2.290,2.410,1.630,0.530,0.530,0.560,-0.260,-0.070,-0.080,-0.100,0.987,50.200
2510633381,2026-10-04 09:30:00,236.390,235.080,235.550,0.060,0.060,0.010,0.028,0.012,0.013,0.002,-0.012,-0.006,-0.004,-0.001,0.917,50.200
2510633383,2026-10-04 09:30:00,232.610,232.800,233.410,0.110,0.080,0.090,0.025,0.006,0.008,0.010,-0.059,-0.023,-0.016,-0.018,0.391,50.190
2510633386,2026-10-04 09:30:00,221.240,221.630,222.490,0.050,0.040,0.040,0.030,0.011,0.009,0.009,0.003,0.003,0.000,0.000,1.000,50.240
2510633387,2026-10-04 09:30:00,232.870,233.470,232.680,0.010,0.000,0.160,0.038,0.001,0.000,0.035,-0.004,0.000,0.000,-0.004,0.980,50.240
2510633390,2026-10-04 09:30:00,235.980,236.680,235.390,0.430,0.480,0.430,0.291,0.093,0.103,0.093,0.098,0.029,0.035,0.033,0.947,50.230
2510633391,2026-10-04 09:30:00,122.450,122.010,122.150,0.000,0.000,0.000,0.000,0.000,0.000,0.000,0.000,0.000,0.000,0.000,1.000,50.230
2510633395,2026-10-04 09:30:00,232.480,232.980,232.190,0.000,0.000,0.000,0.000,0.000,0.000,0.000,0.000,0.000,0.000,0.000,1.000,50.200
2510633396,2026-10-04 09:30:00,232.580,231.900,232.390,0.940,0.910,0.900,0.616,0.210,0.204,0.201,0.125,0.046,0.045,0.034,0.979,50.200
2510633397,2026-10-04 09:30:00,242.860,241.410,241.970,0.020,0.010,0.010,0.010,0.005,0.001,0.002,-0.004,-0.001,-0.001,-0.001,0.913,50.230
2510633399,2026-10-04 09:30:00,230.370,230.020,229.330,0.430,0.540,0.550,0.345,0.097,0.122,0.125,-0.008,-0.003,-0.001,-0.004,0.999,50.190
2510633400,2026-10-04 09:30:00,229.700,228.960,229.900,0.260,0.250,0.270,0.171,0.055,0.055,0.060,0.057,0.019,0.018,0.018,0.953,50.240
2510633406,2026-10-04 09:30:00,230.600,230.270,229.570,0.010,0.010,0.010,0.003,0.001,0.001,0.000,-0.003,-0.001,0.000,-0.001,0.683,50.230
2510633411,2026-10-04 09:30:00,228.120,228.950,228.580,1.110,1.110,1.100,0.714,0.239,0.241,0.229,0.232,0.070,0.074,0.087,0.953,50.220
2510814977,2026-10-04 09:30:00,232.410,233.660,232.150,0.010,0.010,0.010,0.005,0.002,0.000,0.002,-0.004,-0.001,-0.002,-0.001,0.732,50.210
2610026950,2026-10-04 09:30:00,229.620,230.520,230.310,0.000,0.000,0.020,0.007,0.001,0.000,0.004,-0.001,0.000,0.000,0.000,1.000,50.210
2610026952,2026-10-04 09:30:00,231.290,230.460,230.620,1.550,1.540,1.540,0.983,0.328,0.326,0.328,0.428,0.145,0.142,0.140,0.915,50.200
2610026963,2026-10-04 09:30:00,232.840,232.860,233.580,0.230,0.050,0.070,0.078,0.051,0.012,0.014,-0.029,-0.016,-0.004,-0.008,0.935,50.200
2610026966,2026-10-04 09:30:00,236.310,236.090,235.000,0.170,0.050,0.170,0.089,0.040,0.011,0.038,0.018,0.005,0.005,0.007,0.976,50.200
2610026976,2026-10-04 09:30:00,232.400,232.240,233.160,0.790,1.290,1.480,0.841,0.214,0.281,0.346,-0.018,-0.007,0.014,-0.025,1.000,50.200
2610026977,2026-10-04 09:30:00,247.830,247.520,246.440,0.000,0.010,0.000,0.001,0.000,0.001,0.000,-0.001,0.000,0.000,0.000,0.736,50.220
2610126270,2026-10-04 09:30:00,230.270,229.400,230.590,0.040,0.030,0.030,0.022,0.010,0.005,0.006,-0.005,-0.002,-0.001,-0.001,0.955,50.210
2610126451,2026-10-04 09:30:00,233.070,233.550,232.670,0.000,0.010,0.170,0.030,0.000,0.002,0.028,0.003,0.000,0.000,0.003,0.986,50.200
2610159557,2026-10-04 09:30:00,236.490,235.250,235.620,0.050,0.050,0.050,0.035,0.010,0.012,0.012,-0.006,-0.003,-0.001,-0.002,0.982,50.200
2610159558,2026-10-04 09:30:00,235.110,235.600,236.420,0.010,0.000,0.030,0.007,0.001,0.000,0.009,0.001,0.001,0.000,0.000,1.000,50.200
2610170785,2026-10-04 09:30:00,236.320,235.020,235.510,0.030,0.010,0.000,0.007,0.005,0.001,0.000,0.000,0.000,0.000,0.000,0.957,50.210
2610170786,2026-10-04 09:30:00,235.130,235.540,236.370,0.550,0.550,0.560,0.338,0.108,0.111,0.118,0.086,0.027,0.028,0.036,0.973,50.190
2610170836,2026-10-04 09:30:00,232.460,232.870,233.500,0.010,0.010,0.000,0.002,0.001,0.001,0.000,0.000,0.000,0.000,0.000,0.965,50.210
2610170837,2026-10-04 09:30:00,233.810,232.150,232.490,0.000,0.000,0.020,0.004,0.000,0.000,0.004,0.000,0.000,0.000,0.000,0.974,50.210
2610170838,2026-10-04 09:30:00,236.270,234.790,235.440,0.000,0.120,0.090,0.039,0.000,0.027,0.011,0.006,0.000,0.007,0.000,0.990,50.190
2610170839,2026-10-04 09:30:00,235.040,235.450,236.310,0.040,0.010,0.070,0.014,0.008,0.001,0.004,0.000,-0.001,0.000,0.000,0.985,50.210
2610322967,2026-10-04 09:30:00,236.810,235.420,235.650,0.000,0.000,0.030,0.007,0.000,0.000,0.007,0.000,0.000,0.000,0.000,1.000,50.210
2610322969,2026-10-04 09:30:00,229.290,230.170,230.150,0.590,0.620,0.490,0.336,0.121,0.102,0.112,0.122,0.040,0.075,0.016,0.931,50.200
2610322982,2026-10-04 09:30:00,235.280,235.620,236.490,0.020,0.030,0.050,0.023,0.004,0.006,0.011,-0.005,-0.001,-0.001,-0.002,0.968,50.200
2610322992,2026-10-04 09:30:00,232.230,232.790,233.580,0.090,0.420,0.190,0.158,0.019,0.097,0.042,0.014,0.005,-0.001,0.009,0.997,50.200
2610322995,2026-10-04 09:30:00,235.220,235.510,236.360,0.000,0.050,0.060,0.025,0.000,0.011,0.013,-0.008,0.000,-0.003,-0.003,0.945,50.210
2610322997,2026-10-04 09:30:00,231.790,232.170,231.240,1.130,1.170,0.860,0.722,0.269,0.266,0.207,0.269,0.040,0.136,0.093,0.937,50.210
2610323001,2026-10-04 09:30:00,230.610,229.200,229.430,2.240,2.110,2.330,1.318,0.437,0.415,0.466,0.757,0.254,0.250,0.251,0.866,50.210
2610323004,2026-10-04 09:30:00,64.410,63.900,64.370,0.250,0.220,0.230,0.037,0.012,0.011,0.012,0.025,0.009,0.008,0.007,0.813,50.210
2610323005,2026-10-04 09:30:00,230.310,229.560,230.640,0.000,0.000,0.000,0.001,0.000,0.001,0.000,0.000,0.000,0.000,0.000,0.925,50.210
2610323014,2026-10-04 09:30:00,232.540,232.710,233.340,0.050,0.000,0.010,0.013,0.011,0.000,0.002,-0.003,-0.002,0.000,0.000,0.945,50.200
2610323016,2026-10-04 09:30:00,233.340,231.820,232.190,0.360,0.320,0.240,0.205,0.081,0.070,0.052,0.061,0.020,0.023,0.016,0.956,50.200
2610323017,2026-10-04 09:30:00,235.060,235.930,234.890,0.080,0.040,0.030,0.033,0.017,0.009,0.006,-0.010,-0.004,-0.003,-0.002,0.943,50.190
2610323019,2026-10-04 09:30:00,230.120,229.530,230.590,0.020,0.020,0.030,0.015,0.004,0.004,0.005,-0.004,-0.001,-0.001,-0.001,0.941,50.200
2610323027,2026-10-04 09:30:00,236.550,235.150,235.620,0.050,0.060,0.040,0.034,0.010,0.013,0.009,-0.009,-0.003,-0.003,-0.002,0.972,50.200
2410932742,2026-10-04 09:31:00,231.440,229.760,229.870,3.230,3.180,3.350,2.077,0.692,0.673,0.710,0.622,0.204,0.200,0.218,0.958,50.200
2510203111,2026-10-04 09:31:00,232.060,232.680,233.060,1.780,1.570,1.960,1.167,0.386,0.341,0.439,0.280,0.116,0.080,0.083,0.972,50.240
2510633402,2026-10-04 09:31:00,232.170,232.150,233.660,0.060,0.100,0.200,0.081,0.013,0.022,0.045,0.019,0.005,0.005,0.008,0.976,50.250
2246006313,2026-10-04 10:00:00,57.500,57.400,57.700,0.615,0.608,0.617,0.104,0.034,0.034,0.036,0.000,0.000,0.000,0.000,0.998,50.020
2410121326,2026-10-04 10:00:00,233.220,232.340,232.560,0.090,0.090,0.080,0.056,0.020,0.020,0.015,0.017,0.006,0.003,0.008,0.963,49.900
2410121353,2026-10-04 10:00:00,233.730,232.830,233.070,0.000,0.010,0.040,0.011,0.000,0.002,0.008,-0.002,0.000,0.000,0.000,1.000,49.880
2410121371,2026-10-04 10:00:00,233.630,232.650,232.850,0.040,0.010,0.030,0.016,0.008,0.000,0.007,-0.001,0.000,-0.001,0.000,1.000,49.880
2410121424,2026-10-04 10:00:00,233.910,233.100,233.320,0.010,0.010,0.010,0.004,0.000,0.001,0.002,-0.003,-0.001,-0.001,0.000,0.874,49.960
2410121440,2026-10-04 10:00:00,233.320,232.440,232.620,0.010,0.000,0.010,0.004,0.002,0.000,0.001,-0.002,-0.001,-0.001,0.000,0.884,49.880
2410121454,2026-10-04 10:00:00,233.350,234.140,233.150,0.070,0.110,0.130,0.072,0.015,0.026,0.029,0.012,0.005,0.003,0.003,0.986,49.960
2410121574,2026-10-04 10:00:00,233.930,232.790,232.990,0.290,0.220,0.210,0.163,0.067,0.048,0.047,-0.031,-0.008,-0.011,-0.011,0.984,49.900
2410131378,2026-10-04 10:00:00,232.740,233.240,232.350,0.620,0.720,0.740,0.642,0.189,0.221,0.232,0.116,0.023,0.040,0.052,0.974,49.880
2410131384,2026-10-04 10:00:00,235.890,236.660,235.460,0.040,0.060,0.100,0.047,0.008,0.014,0.024,0.003,-0.001,0.000,0.005,0.987,50.030
2410131387,2026-10-04 10:00:00,234.340,234.860,234.690,0.020,0.010,0.020,0.009,0.004,0.002,0.003,-0.006,-0.001,-0.002,-0.002,0.806,50.050
2410883988,2026-10-04 10:00:00,230.110,229.080,230.340,0.000,0.000,0.060,0.014,0.000,0.000,0.013,0.000,0.000,0.000,0.000,1.000,50.030
2410883990,2026-10-04 10:00:00,228.850,230.000,229.790,0.090,0.150,0.110,0.078,0.019,0.033,0.025,0.010,0.001,0.009,0.000,0.987,49.980
2410883991,2026-10-04 10:00:00,234.830,235.330,236.000,0.260,0.260,0.660,0.273,0.061,0.060,0.151,0.017,0.001,0.002,0.014,0.999,49.990
2410883993,2026-10-04 10:00:00,236.140,234.960,235.170,0.820,0.570,1.100,0.593,0.190,0.147,0.255,0.024,0.010,0.005,0.008,0.999,49.950
2410883994,2026-10-04 10:00:00,236.260,234.940,235.500,0.030,0.010,0.030,0.015,0.005,0.002,0.006,-0.002,-0.001,0.000,0.000,1.000,50.000
2410932742,2026-10-04 10:00:00,231.310,229.740,229.760,3.200,3.170,3.330,2.063,0.685,0.672,0.705,0.621,0.201,0.199,0.220,0.957,50.030
2411087432,2026-10-04 10:00:00,232.430,233.150,232.250,0.030,0.040,0.090,0.036,0.007,0.008,0.020,-0.002,0.002,0.000,-0.004,1.000,50.030
2411087433,2026-10-04 10:00:00,235.710,236.180,236.930,0.560,0.480,0.570,0.392,0.133,0.117,0.140,-0.026,-0.006,-0.018,-0.001,0.996,49.960
2510014481,2026-10-04 10:00:00,230.770,230.840,231.940,1.870,1.850,2.140,1.172,0.386,0.367,0.394,0.513,0.168,0.171,0.173,0.909,49.960
2510014482,2026-10-04 10:00:00,232.670,233.250,232.400,0.010,0.040,0.000,0.011,0.002,0.009,0.000,0.000,-0.001,0.001,0.000,1.000,49.970
2510014483,2026-10-04 10:00:00,235.340,235.670,236.560,0.050,0.040,0.060,0.026,0.009,0.006,0.010,-0.020,-0.005,-0.005,-0.008,0.784,49.970
2510178139,2026-10-04 10:00:00,232.780,233.490,232.510,0.070,0.050,0.120,0.054,0.015,0.010,0.028,0.003,0.002,0.003,-0.002,0.991,49.930
2510178141,2026-10-04 10:00:00,232.660,232.770,233.480,0.020,0.010,0.020,0.007,0.002,0.000,0.004,-0.009,-0.004,-0.001,-0.003,0.644,50.000
2510203103,2026-10-04 10:00:00,228.060,226.490,226.610,0.020,0.020,0.010,0.004,0.000,0.004,0.000,-0.007,-0.003,-0.002,-0.001,0.474,50.030
2510203104,2026-10-04 10:00:00,229.590,229.770,230.670,0.160,0.260,0.170,0.129,0.037,0.053,0.038,0.019,-0.002,0.011,0.010,0.989,50.030
2510203105,2026-10-04 10:00:00,233.720,232.150,232.490,1.180,1.360,1.120,0.835,0.269,0.310,0.255,0.065,0.019,0.022,0.023,0.997,49.930
2510203108,2026-10-04 10:00:00,231.930,232.630,231.290,1.060,1.020,1.820,0.872,0.241,0.224,0.406,0.231,0.073,0.062,0.095,0.966,50.030
2510203109,2026-10-04 10:00:00,235.560,236.470,235.090,0.080,0.040,0.060,0.037,0.015,0.008,0.013,0.015,0.010,0.000,0.005,0.937,49.940
2510203111,2026-10-04 10:00:00,230.940,231.530,232.030,1.350,1.140,1.480,0.886,0.298,0.251,0.337,0.258,0.117,0.080,0.083,0.956,50.030
2510203114,2026-10-04 10:00:00,229.470,229.810,230.630,0.050,0.060,0.030,0.031,0.011,0.013,0.005,-0.010,-0.002,-0.005,-0.001,0.937,49.940
2510203117,2026-10-04 10:00:00,228.630,229.750,229.390,0.070,0.230,0.010,0.073,0.020,0.051,0.002,-0.009,0.000,-0.008,-0.001,0.991,50.030
2510203120,2026-10-04 10:00:00,235.530,234.300,234.740,1.110,0.860,0.910,0.629,0.242,0.187,0.199,0.213,0.083,0.065,0.065,0.945,50.030
2510203121,2026-10-04 10:00:00,229.880,229.660,228.690,0.020,0.020,0.100,0.030,0.003,0.003,0.023,-0.007,0.000,-0.001,-0.004,0.970,49.950
2510203122,2026-10-04 10:00:00,232.410,233.120,232.230,0.030,0.010,0.010,0.007,0.004,0.002,0.000,0.002,0.005,-0.001,0.000,1.000,50.030
2510203123,2026-10-04 10:00:00,231.960,232.470,232.970,1.070,1.270,1.160,1.415,0.441,0.512,0.461,0.310,0.110,0.086,0.112,0.905,50.040
2510203124,2026-10-04 10:00:00,232.380,232.610,231.830,0.680,0.710,0.660,0.463,0.156,0.159,0.146,0.104,0.029,0.038,0.036,0.973,49.920
2510203126,2026-10-04 10:00:00,230.320,230.000,229.080,0.060,0.000,0.000,0.014,0.013,0.000,0.000,0.000,0.000,0.000,0.000,1.000,49.900
2510203127,2026-10-04 10:00:00,232.480,233.150,232.350,0.250,0.310,0.220,0.157,0.048,0.064,0.045,0.089,0.030,0.034,0.025,0.870,49.900
2510203128,2026-10-04 10:00:00,234.860,235.400,233.690,1.720,1.690,1.740,1.171,0.393,0.383,0.394,0.138,0.028,0.046,0.063,0.993,50.030
2510203130,2026-10-04 10:00:00,244.930,244.990,246.400,0.000,0.000,0.080,0.019,0.000,0.000,0.019,0.002,0.000,0.000,0.002,0.979,49.920
2510203133,2026-10-04 10:00:00,232.910,233.520,232.710,0.020,0.020,0.000,0.009,0.004,0.003,0.000,-0.002,0.000,-0.001,0.000,0.934,50.020
2510203134,2026-10-04 10:00:00,236.670,235.290,235.610,0.020,0.010,0.010,0.007,0.004,0.001,0.001,-0.001,0.000,-0.001,0.000,0.965,50.030
2510224049,2026-10-04 10:00:00,229.660,228.680,229.980,0.280,3.740,0.130,0.870,0.060,0.790,0.010,0.200,0.000,0.210,-0.020,0.972,49.990
2510224167,2026-10-04 10:00:00,229.930,229.500,228.690,0.740,0.120,0.360,0.170,0.090,0.010,0.050,-0.150,-0.080,-0.020,-0.050,0.737,50.020
2510317505,2026-10-04 10:00:00,229.960,229.730,228.780,0.090,0.030,1.710,0.220,0.010,0.000,0.200,-0.200,-0.010,0.000,-0.190,0.729,50.000
2510317516,2026-10-04 10:00:00,230.130,229.780,228.870,0.000,0.000,0.000,0.000,0.000,0.000,0.000,0.000,0.000,0.000,0.000,1.000,50.020
2510317537,2026-10-04 10:00:00,235.240,235.120,236.000,2.240,2.640,2.550,1.840,0.550,0.660,0.620,-0.290,-0.080,-0.100,-0.100,0.986,50.010
2510633381,2026-10-04 10:00:00,236.450,235.310,235.720,0.060,0.060,0.010,0.029,0.012,0.013,0.002,-0.009,-0.004,-0.003,-0.001,0.947,49.900
2510633383,2026-10-04 10:00:00,232.400,232.490,233.300,0.100,0.080,0.090,0.024,0.005,0.008,0.010,-0.058,-0.023,-0.016,-0.018,0.381,49.910
2510633386,2026-10-04 10:00:00,221.380,221.790,222.630,0.030,0.030,0.020,0.016,0.006,0.006,0.003,0.003,0.002,0.000,0.000,0.956,49.890
2510633387,2026-10-04 10:00:00,232.380,233.100,232.360,0.010,0.000,0.160,0.038,0.001,0.000,0.035,-0.004,0.000,0.000,-0.003,0.982,49.890
2510633390,2026-10-04 10:00:00,235.840,236.650,235.330,0.630,0.770,0.710,0.441,0.133,0.164,0.142,0.152,0.035,0.053,0.062,0.945,49.900
2510633391,2026-10-04 10:00:00,122.450,122.000,122.060,0.000,0.000,0.000,0.000,0.000,0.000,0.000,0.000,0.000,0.000,0.000,1.000,49.910
2510633395,2026-10-04 10:00:00,232.540,233.280,232.360,0.000,0.000,0.000,0.000,0.000,0.000,0.000,0.000,0.000,0.000,0.000,1.000,49.930
2510633396,2026-10-04 10:00:00,232.680,231.990,232.380,0.910,0.900,0.870,0.619,0.210,0.210,0.205,0.135,0.049,0.047,0.037,0.977,49.890
2510633397,2026-10-04 10:00:00,242.810,241.430,241.890,0.020,0.010,0.010,0.009,0.005,0.001,0.002,-0.004,-0.002,-0.001,0.000,0.893,49.920
2510633399,2026-10-04 10:00:00,230.050,229.650,228.820,0.470,0.540,0.540,0.354,0.107,0.123,0.123,-0.004,-0.001,0.000,-0.002,1.000,49.890
2510633400,2026-10-04 10:00:00,229.350,228.490,229.540,0.220,0.230,0.250,0.149,0.052,0.053,0.058,0.045,0.016,0.014,0.014,0.962,49.920
2510633402,2026-10-04 10:00:00,232.630,232.780,234.020,0.060,0.100,0.210,0.085,0.013,0.023,0.048,0.020,0.005,0.005,0.009,0.970,49.880
2510633406,2026-10-04 10:00:00,230.000,229.630,228.850,0.010,0.010,0.010,0.003,0.001,0.000,0.000,-0.003,-0.001,0.000,-0.001,0.672,49.960
2510633411,2026-10-04 10:00:00,227.640,228.650,228.230,1.020,1.040,1.030,0.655,0.219,0.221,0.214,0.236,0.070,0.075,0.090,0.940,49.920
2510814977,2026-10-04 10:00:00,232.740,233.950,232.570,0.010,0.010,0.010,0.006,0.002,0.000,0.002,-0.005,-0.001,-0.002,-0.001,0.765,49.960
2610026950,2026-10-04 10:00:00,228.820,229.900,229.630,0.010,0.000,0.030,0.009,0.002,0.000,0.006,-0.001,0.000,0.000,0.000,0.941,49.960
2610026952,2026-10-04 10:00:00,229.950,228.990,229.200,2.260,2.210,2.210,1.331,0.450,0.438,0.442,0.730,0.248,0.244,0.235,0.876,49.970
2610026963,2026-10-04 10:00:00,232.660,232.640,233.470,0.230,0.030,0.080,0.062,0.049,-0.001,0.014,-0.036,-0.017,-0.007,-0.011,0.865,49.910
2610026966,2026-10-04 10:00:00,235.380,234.900,233.760,0.050,0.040,0.080,0.033,0.009,0.008,0.015,0.018,0.005,0.004,0.009,0.891,49.920
2610026976,2026-10-04 10:00:00,232.420,232.280,232.800,0.560,0.980,1.590,0.619,0.138,0.208,0.312,-0.013,-0.010,0.003,-0.006,1.000,49.890
2610126270,2026-10-04 10:00:00,229.770,228.770,230.060,0.040,0.030,0.020,0.021,0.009,0.007,0.004,-0.004,-0.002,0.000,-0.001,0.976,49.970
2610126451,2026-10-04 10:00:00,232.870,233.500,232.600,0.010,0.050,0.060,0.038,0.001,0.022,0.014,0.000,0.000,-0.001,0.001,0.991,49.950
2610159557,2026-10-04 10:00:00,236.630,235.330,235.700,0.020,0.030,0.030,0.018,0.004,0.006,0.006,-0.006,-0.003,-0.001,-0.001,0.951,49.960
2610170785,2026-10-04 10:00:00,236.450,235.220,235.670,0.010,0.000,0.000,0.002,0.002,0.000,0.000,0.000,0.000,0.000,0.000,0.875,49.970
2610170786,2026-10-04 10:00:00,235.100,235.480,236.280,0.840,0.850,0.740,0.495,0.164,0.166,0.164,0.127,0.039,0.039,0.048,0.968,50.010
2610170837,2026-10-04 10:00:00,234.060,232.450,232.770,0.000,0.030,0.020,0.008,0.000,0.003,0.004,0.005,0.000,0.005,0.000,0.863,49.990
2610170839,2026-10-04 10:00:00,235.210,235.590,236.510,0.020,0.010,0.020,0.010,0.004,0.001,0.004,-0.001,0.000,0.000,0.000,0.988,49.980
2610322969,2026-10-04 10:00:00,228.710,229.810,229.620,0.490,0.450,0.400,0.389,0.176,0.107,0.105,0.035,0.012,0.018,0.004,0.993,49.960
2610322982,2026-10-04 10:00:00,235.360,235.690,236.620,0.020,0.030,0.050,0.023,0.004,0.006,0.011,-0.005,-0.001,-0.001,-0.002,0.970,49.940
2610322992,2026-10-04 10:00:00,232.690,233.270,234.010,0.080,0.460,0.180,0.166,0.018,0.106,0.041,0.005,0.002,-0.002,0.006,0.997,49.990
2610322995,2026-10-04 10:00:00,235.280,235.680,236.280,0.000,0.050,0.060,0.025,0.000,0.011,0.013,-0.008,0.000,-0.003,-0.003,0.943,49.970
2610322997,2026-10-04 10:00:00,231.940,232.420,231.560,1.140,1.200,0.930,0.652,0.251,0.235,0.189,0.253,0.042,0.128,0.081,0.935,49.970
2610323004,2026-10-04 10:00:00,64.500,64.000,64.440,0.210,0.190,0.190,0.027,0.010,0.008,0.007,0.027,0.008,0.010,0.008,0.699,49.970
2610323005,2026-10-04 10:00:00,229.800,228.780,229.910,0.000,0.000,0.000,0.001,0.000,0.001,0.000,0.000,0.000,0.000,0.000,0.918,49.970
2610323014,2026-10-04 10:00:00,232.540,232.650,233.400,0.050,0.000,0.010,0.013,0.011,0.000,0.002,-0.003,-0.002,0.000,0.000,0.945,49.990
2610323016,2026-10-04 10:00:00,233.820,232.470,232.740,0.320,0.290,0.210,0.179,0.071,0.062,0.045,0.059,0.021,0.021,0.016,0.951,50.000
2610323017,2026-10-04 10:00:00,235.250,236.050,235.190,0.080,0.040,0.030,0.033,0.017,0.009,0.006,-0.010,-0.004,-0.003,-0.002,0.963,50.010
2610323019,2026-10-04 10:00:00,229.580,228.920,230.060,0.060,0.060,0.030,0.032,0.013,0.013,0.005,-0.010,-0.003,-0.004,-0.002,0.960,50.000
2610323027,2026-10-04 10:00:00,236.700,235.280,235.750,0.050,0.060,0.040,0.034,0.010,0.013,0.009,-0.009,-0.003,-0.003,-0.002,0.977,50.010
2410121457,2026-10-04 10:01:00,232.190,231.220,231.790,1.710,1.660,1.450,1.050,0.374,0.358,0.318,0.336,0.119,0.123,0.093,0.952,50.030
2610170836,2026-10-04 10:01:00,233.140,233.450,234.150,0.010,0.010,0.000,0.002,0.001,0.001,0.000,0.000,0.000,0.000,0.000,0.975,50.040
2610323001,2026-10-04 10:01:00,231.000,229.640,229.720,2.470,2.410,2.520,1.474,0.486,0.479,0.508,0.774,0.259,0.256,0.258,0.887,49.890
2610159558,2026-10-04 10:02:00,235.960,236.420,237.230,0.000,0.010,0.030,0.009,0.000,0.003,0.006,0.000,0.000,0.000,0.000,1.000,50.070
2610170838,2026-10-04 10:02:00,237.040,235.470,236.190,0.030,0.200,0.050,0.056,0.005,0.040,0.010,0.028,0.005,0.018,0.004,0.901,50.000
2610322967,2026-10-04 10:02:00,237.580,236.150,236.310,0.000,0.000,0.040,0.008,0.000,0.000,0.008,0.001,0.000,0.000,0.001,0.996,50.060
2610026977,2026-10-04 10:03:00,247.080,246.620,245.520,0.000,0.010,0.000,0.001,0.000,0.001,0.000,-0.001,0.000,0.000,0.000,0.729,49.870
2246006313,2026-10-04 10:30:00,57.600,57.400,57.800,0.501,0.508,0.512,0.087,0.028,0.029,0.029,0.000,0.000,0.000,0.000,0.986,50.110
2410121326,2026-10-04 10:30:00,234.240,233.450,233.550,0.080,0.100,0.110,0.060,0.017,0.022,0.020,0.023,0.006,0.002,0.013,0.931,50.100
2410121353,2026-10-04 10:30:00,234.180,233.400,233.570,0.000,0.010,0.040,0.010,0.000,0.002,0.008,-0.002,0.000,0.000,0.000,0.994,50.060
2410121371,2026-10-04 10:30:00,234.440,233.490,233.640,0.040,0.010,0.030,0.016,0.008,0.000,0.007,-0.001,0.000,-0.001,0.000,0.969,50.070
2410121424,2026-10-04 10:30:00,234.230,233.420,233.540,0.010,0.010,0.010,0.004,0.000,0.001,0.002,-0.003,-0.001,-0.001,0.000,0.873,50.090
2410121440,2026-10-04 10:30:00,234.120,233.410,233.460,0.010,0.000,0.010,0.004,0.002,0.000,0.001,-0.003,-0.001,-0.001,0.000,0.880,50.080
2410121454,2026-10-04 10:30:00,233.530,234.330,233.450,0.080,0.110,0.140,0.073,0.017,0.024,0.031,0.015,0.006,0.005,0.003,0.977,50.080
2410121457,2026-10-04 10:30:00,232.560,231.530,232.010,1.690,1.680,1.450,1.053,0.371,0.365,0.318,0.358,0.125,0.134,0.098,0.946,50.110
2410121574,2026-10-04 10:30:00,234.510,233.440,233.570,0.300,0.220,0.230,0.166,0.069,0.048,0.048,-0.033,-0.008,-0.012,-0.011,0.981,50.080
2410131378,2026-10-04 10:30:00,233.190,233.700,232.830,1.000,0.990,1.040,0.565,0.174,0.199,0.191,0.160,0.040,0.053,0.065,0.967,50.050
2410131384,2026-10-04 10:30:00,236.290,237.070,235.980,0.030,0.060,0.110,0.046,0.007,0.014,0.023,0.007,0.000,0.001,0.006,0.980,50.070
2410131387,2026-10-04 10:30:00,234.890,235.350,235.210,0.020,0.020,0.020,0.012,0.005,0.005,0.002,-0.006,-0.002,-0.002,-0.002,0.858,50.070
2410883988,2026-10-04 10:30:00,230.050,229.140,230.350,0.000,0.000,0.070,0.015,0.000,0.000,0.014,0.000,0.000,0.000,0.000,1.000,50.090
2410883990,2026-10-04 10:30:00,229.150,230.420,230.090,0.090,0.000,0.080,0.038,0.019,0.000,0.018,0.000,0.001,0.000,-0.001,0.991,50.120
2410883991,2026-10-04 10:30:00,236.170,236.480,237.300,0.070,0.120,0.380,0.135,0.017,0.028,0.090,0.004,-0.001,0.001,0.004,0.999,50.140
2410883993,2026-10-04 10:30:00,236.380,235.310,235.550,0.710,0.490,0.880,0.483,0.163,0.114,0.205,0.011,0.008,-0.003,0.006,0.999,50.090
2410883994,2026-10-04 10:30:00,237.200,235.950,236.450,0.030,0.010,0.060,0.022,0.005,0.002,0.013,-0.002,-0.001,0.000,0.000,1.000,50.130
2410932742,2026-10-04 10:30:00,232.000,230.380,230.450,3.220,3.180,3.350,2.082,0.692,0.677,0.712,0.628,0.206,0.200,0.220,0.957,50.120
2411087432,2026-10-04 10:30:00,233.540,234.350,233.520,0.040,0.030,0.120,0.042,0.009,0.006,0.027,-0.006,0.004,-0.004,-0.006,0.981,50.090
2411087433,2026-10-04 10:30:00,236.170,236.570,237.290,0.540,0.490,0.540,0.389,0.129,0.111,0.128,-0.018,-0.006,-0.011,0.000,0.997,50.120
2510014481,2026-10-04 10:30:00,231.600,231.690,232.760,1.400,1.380,1.670,1.189,0.369,0.361,0.458,0.459,0.148,0.154,0.152,0.905,50.120
2510014482,2026-10-04 10:30:00,233.490,234.170,233.380,0.010,0.040,0.000,0.011,0.002,0.009,0.000,-0.001,-0.001,0.001,0.000,0.957,50.100
2510014483,2026-10-04 10:30:00,235.740,236.110,236.920,0.040,0.040,0.060,0.024,0.008,0.006,0.009,-0.020,-0.005,-0.005,-0.008,0.773,50.110
2510178139,2026-10-04 10:30:00,233.890,234.590,233.720,0.070,0.060,0.120,0.055,0.015,0.012,0.027,0.003,0.003,0.002,-0.002,0.991,50.110
2510178141,2026-10-04 10:30:00,234.100,234.130,234.780,0.020,0.010,0.020,0.007,0.002,0.000,0.004,-0.009,-0.004,-0.001,-0.003,0.607,50.110
2510203103,2026-10-04 10:30:00,228.800,227.230,227.510,0.020,0.020,0.030,0.007,-0.003,0.004,0.006,-0.008,-0.003,-0.002,-0.002,0.751,50.080
2510203104,2026-10-04 10:30:00,230.070,230.230,231.080,0.190,0.240,0.180,0.134,0.042,0.052,0.038,0.025,0.001,0.011,0.012,0.983,50.080
2510203105,2026-10-04 10:30:00,233.880,232.290,232.720,1.570,1.650,1.410,1.063,0.364,0.376,0.322,0.123,0.039,0.043,0.040,0.993,50.120
2510203109,2026-10-04 10:30:00,236.020,236.870,235.610,0.090,0.030,0.070,0.038,0.017,0.006,0.015,0.013,0.009,-0.001,0.004,0.944,50.120
2510203117,2026-10-04 10:30:00,228.990,230.290,229.800,0.060,0.230,0.010,0.067,0.013,0.051,0.002,-0.010,-0.001,-0.008,-0.001,0.992,50.100
2510203120,2026-10-04 10:30:00,236.340,235.180,235.550,1.060,0.840,0.880,0.613,0.234,0.183,0.196,0.214,0.083,0.067,0.067,0.943,50.090
2510203121,2026-10-04 10:30:00,230.450,230.080,229.130,0.020,0.020,0.100,0.029,0.003,0.003,0.022,-0.007,0.000,-0.001,-0.005,0.956,50.120
2510203122,2026-10-04 10:30:00,233.510,234.340,233.520,0.170,0.010,0.010,0.028,0.025,0.002,0.000,0.027,0.030,-0.001,0.000,0.705,50.090
2510203123,2026-10-04 10:30:00,232.690,233.150,233.790,1.770,2.090,1.500,0.592,0.174,0.231,0.187,0.416,0.155,0.115,0.146,0.927,50.080
2510203124,2026-10-04 10:30:00,233.360,233.590,232.930,0.680,0.700,0.660,0.452,0.150,0.155,0.146,0.109,0.031,0.039,0.039,0.971,50.100
2510203126,2026-10-04 10:30:00,230.600,230.200,229.280,0.060,0.000,0.000,0.015,0.014,0.000,0.000,0.000,0.000,0.000,0.000,1.000,50.090
2510203127,2026-10-04 10:30:00,233.540,234.330,233.620,0.250,0.310,0.230,0.162,0.048,0.067,0.045,0.098,0.030,0.041,0.025,0.856,50.100
2510203128,2026-10-04 10:30:00,235.540,236.170,234.480,1.770,1.670,1.760,1.191,0.408,0.383,0.400,0.136,0.031,0.041,0.062,0.993,50.080
2510203130,2026-10-04 10:30:00,245.140,245.260,246.710,0.010,0.020,0.230,0.053,0.003,0.004,0.045,-0.002,0.000,0.001,-0.003,1.000,50.110
2510203133,2026-10-04 10:30:00,233.720,234.450,233.740,0.020,0.020,0.000,0.009,0.004,0.003,0.000,-0.002,0.000,-0.001,0.000,0.934,50.020
2510224049,2026-10-04 10:30:00,229.940,228.930,230.310,0.280,3.790,0.120,0.910,0.060,0.830,0.010,0.170,0.000,0.190,-0.020,0.980,50.120
2510224167,2026-10-04 10:30:00,230.210,229.760,228.900,0.730,0.120,0.360,0.170,0.090,0.010,0.050,-0.150,-0.080,-0.020,-0.050,0.739,50.110
2510317505,2026-10-04 10:30:00,230.200,229.960,229.040,0.090,0.020,2.140,0.270,0.010,0.000,0.250,-0.250,-0.010,0.000,-0.230,0.739,50.110
2510317516,2026-10-04 10:30:00,230.330,229.970,228.950,0.000,0.000,0.000,0.000,0.000,0.000,0.000,0.000,0.000,0.000,0.000,1.000,50.090
2510317537,2026-10-04 10:30:00,235.650,235.630,236.650,2.260,2.560,2.530,1.770,0.560,0.630,0.630,-0.310,-0.090,-0.100,-0.100,0.987,50.110
2510633381,2026-10-04 10:30:00,236.790,235.510,235.910,0.060,0.060,0.010,0.030,0.013,0.014,0.002,-0.010,-0.005,-0.003,-0.001,0.958,50.100
2510633383,2026-10-04 10:30:00,233.490,233.500,234.260,0.110,0.080,0.090,0.023,0.006,0.008,0.008,-0.059,-0.023,-0.017,-0.018,0.365,50.100
2510633386,2026-10-04 10:30:00,221.510,221.900,222.740,0.030,0.020,0.020,0.013,0.006,0.003,0.003,0.004,0.003,0.000,0.000,0.956,50.090
2510633387,2026-10-04 10:30:00,233.220,234.020,233.310,0.010,0.000,0.160,0.039,0.001,0.000,0.036,-0.004,0.000,0.000,-0.004,1.000,50.100
2510633390,2026-10-04 10:30:00,236.090,236.980,235.670,0.550,0.720,0.640,0.423,0.133,0.158,0.132,0.091,0.019,0.030,0.041,0.978,50.120
2510633391,2026-10-04 10:30:00,123.040,122.600,122.650,0.000,0.000,0.000,0.000,0.000,0.000,0.000,0.000,0.000,0.000,0.000,1.000,50.100
2510633395,2026-10-04 10:30:00,233.440,234.180,233.380,0.000,0.000,0.000,0.000,0.000,0.000,0.000,0.000,0.000,0.000,0.000,1.000,50.110
2510633396,2026-10-04 10:30:00,233.520,232.880,233.230,0.940,0.930,0.900,0.631,0.214,0.209,0.203,0.119,0.042,0.043,0.033,0.981,50.110
2510633397,2026-10-04 10:30:00,243.110,241.740,242.270,0.010,0.010,0.010,0.006,0.002,0.001,0.002,-0.004,-0.001,-0.001,-0.001,0.792,50.120
2510633399,2026-10-04 10:30:00,230.430,229.900,229.070,0.430,0.560,0.560,0.352,0.097,0.126,0.127,-0.004,-0.002,0.000,-0.002,0.998,50.100
2510633402,2026-10-04 10:30:00,232.670,232.860,234.140,0.060,0.100,0.200,0.083,0.013,0.023,0.047,0.020,0.005,0.005,0.009,0.976,50.080
2510633406,2026-10-04 10:30:00,230.440,229.950,229.170,0.010,0.010,0.010,0.003,0.001,0.000,0.000,-0.003,-0.001,0.000,-0.001,0.675,50.120
2510633411,2026-10-04 10:30:00,227.980,229.170,228.800,0.850,0.820,0.840,0.543,0.185,0.179,0.179,0.152,0.046,0.047,0.058,0.962,50.100
2510814977,2026-10-04 10:30:00,233.180,234.370,232.970,0.010,0.010,0.040,0.012,0.002,0.000,0.009,-0.002,0.000,-0.001,-0.001,0.991,50.110
2610026950,2026-10-04 10:30:00,229.300,230.400,230.050,0.000,0.000,0.020,0.006,0.000,0.000,0.005,0.000,0.000,0.000,0.000,0.970,50.120
2610026952,2026-10-04 10:30:00,232.540,231.730,231.720,1.470,1.450,1.440,0.890,0.300,0.296,0.293,0.418,0.141,0.140,0.136,0.905,50.120
2610026963,2026-10-04 10:30:00,233.900,233.900,234.730,0.230,0.010,0.040,0.052,0.049,0.000,0.002,-0.025,-0.015,-0.002,-0.008,0.895,50.070
2610026966,2026-10-04 10:30:00,235.520,235.210,234.240,0.050,0.050,0.070,0.036,0.012,0.010,0.013,0.017,0.004,0.004,0.008,0.904,50.110
2610026976,2026-10-04 10:30:00,233.550,233.170,234.100,0.520,1.370,1.350,0.676,0.123,0.304,0.248,-0.025,-0.014,0.004,-0.015,0.998,50.100
2610026977,2026-10-04 10:30:00,246.940,246.490,245.690,0.000,0.140,0.000,0.034,0.000,0.034,0.000,-0.001,0.000,0.000,0.000,0.988,50.110
2610126270,2026-10-04 10:30:00,230.050,229.030,230.420,0.040,0.030,0.020,0.019,0.008,0.006,0.004,-0.005,-0.002,-0.001,-0.001,0.983,50.120
2610126451,2026-10-04 10:30:00,233.960,234.530,233.780,0.000,0.030,0.120,0.036,0.000,0.008,0.028,0.001,0.000,0.000,0.001,1.000,50.120
2610159557,2026-10-04 10:30:00,237.010,235.800,236.180,0.030,0.020,0.030,0.018,0.006,0.005,0.006,-0.005,-0.001,-0.001,-0.001,0.958,50.120
2610159558,2026-10-04 10:30:00,235.590,236.080,236.910,0.010,0.000,0.030,0.008,0.001,0.000,0.006,0.000,0.000,0.000,0.000,0.989,50.120
2610170785,2026-10-04 10:30:00,236.710,235.480,235.960,0.020,0.000,0.000,0.004,0.004,0.000,0.000,0.000,0.000,0.000,0.000,1.000,50.120
2610170786,2026-10-04 10:30:00,235.360,235.770,236.480,0.950,0.970,0.950,0.597,0.192,0.201,0.203,0.189,0.059,0.058,0.070,0.956,50.100
2610170836,2026-10-04 10:30:00,233.590,233.780,234.520,0.010,0.010,0.000,0.002,0.001,0.001,0.000,0.000,0.000,0.000,0.000,0.968,50.120
2610170837,2026-10-04 10:30:00,234.320,232.790,233.150,0.020,0.000,0.060,0.016,0.003,0.000,0.012,0.001,0.001,0.000,0.000,0.979,50.120
2610170838,2026-10-04 10:30:00,236.790,235.290,235.920,0.000,0.070,0.080,0.023,0.000,0.015,0.007,0.005,0.000,0.005,0.000,0.978,50.100
2610170839,2026-10-04 10:30:00,235.470,235.900,236.780,0.020,0.010,0.020,0.010,0.004,0.001,0.004,-0.001,0.000,0.000,0.000,0.986,50.090
2610322967,2026-10-04 10:30:00,237.390,236.020,236.210,0.000,0.000,0.020,0.004,0.000,0.000,0.004,0.001,0.000,0.000,0.001,1.000,50.120
2610322969,2026-10-04 10:30:00,229.170,230.400,229.930,0.230,0.210,0.430,0.202,0.053,0.049,0.099,0.014,0.004,0.001,0.008,0.998,50.120
2610322982,2026-10-04 10:30:00,235.870,236.200,237.080,0.020,0.030,0.050,0.023,0.004,0.006,0.011,-0.005,-0.001,-0.001,-0.002,0.969,50.120
2610322992,2026-10-04 10:30:00,232.890,233.600,234.200,0.120,0.320,0.350,0.183,0.026,0.074,0.081,0.019,0.007,0.002,0.009,0.994,50.110
2610322995,2026-10-04 10:30:00,235.690,236.030,236.760,0.000,0.050,0.060,0.025,0.000,0.011,0.013,-0.008,0.000,-0.003,-0.003,0.939,50.120
2610322997,2026-10-04 10:30:00,232.320,232.690,231.940,1.080,1.130,0.760,0.549,0.217,0.189,0.143,0.255,0.053,0.130,0.071,0.912,50.120
2610323001,2026-10-04 10:30:00,231.140,229.840,229.940,2.440,2.340,2.550,1.475,0.487,0.471,0.516,0.789,0.261,0.263,0.262,0.881,50.120
2610323004,2026-10-04 10:30:00,64.610,64.120,64.570,0.280,0.250,0.260,0.030,0.010,0.009,0.010,0.025,0.009,0.008,0.007,0.799,50.110
2610323005,2026-10-04 10:30:00,230.140,229.190,230.480,0.000,0.000,0.000,0.001,0.000,0.001,0.000,0.000,0.000,0.000,0.000,0.905,50.120
2610323014,2026-10-04 10:30:00,233.990,234.010,234.740,0.060,0.000,0.010,0.016,0.014,0.000,0.002,-0.003,-0.002,0.000,0.000,1.000,50.120
2610323016,2026-10-04 10:30:00,233.970,232.550,232.890,0.400,0.360,0.290,0.230,0.089,0.076,0.064,0.065,0.022,0.024,0.018,0.962,50.120
2610323017,2026-10-04 10:30:00,235.760,236.740,235.680,0.080,0.040,0.030,0.033,0.017,0.009,0.006,-0.010,-0.004,-0.003,-0.002,0.963,50.110
2610323019,2026-10-04 10:30:00,229.880,229.120,230.490,0.020,0.020,0.030,0.013,0.004,0.004,0.005,-0.006,-0.001,-0.001,-0.002,0.955,50.110
2610323027,2026-10-04 10:30:00,237.090,235.700,236.200,0.050,0.060,0.040,0.034,0.010,0.013,0.009,-0.009,-0.003,-0.003,-0.002,0.977,50.110
2510203108,2026-10-04 10:31:00,233.020,233.820,233.070,1.450,1.000,1.310,0.867,0.325,0.228,0.312,0.124,0.043,0.038,0.042,0.989,50.070
2510203111,2026-10-04 10:31:00,232.700,233.250,233.790,1.440,1.200,1.590,0.905,0.302,0.254,0.348,0.268,0.111,0.075,0.081,0.959,50.110
2510203134,2026-10-04 10:31:00,237.220,236.020,236.290,0.020,0.010,0.010,0.007,0.004,0.002,0.001,-0.001,0.000,-0.001,0.000,0.971,50.120
2510203114,2026-10-04 10:32:00,230.060,230.400,231.260,0.030,0.050,0.020,0.013,0.003,0.009,0.000,-0.017,-0.004,-0.008,-0.004,0.619,50.050
2510633393,2026-10-04 10:37:00,235.000,235.780,235.460,0.000,0.000,0.000,0.000,0.000,0.000,0.000,0.000,0.000,0.000,0.000,1.000,50.110
2410131383,2026-10-04 10:38:00,235.800,235.280,235.150,0.100,0.040,0.100,0.056,0.022,0.009,0.023,-0.001,0.000,-0.001,-0.001,1.000,50.080
2510633385,2026-10-04 10:38:00,235.450,235.110,235.970,0.140,0.490,0.180,0.188,0.032,0.115,0.041,-0.006,0.001,-0.003,-0.004,0.997,50.070
2510014484,2026-10-04 10:39:00,235.290,234.910,235.680,0.280,0.240,0.310,0.196,0.066,0.055,0.074,-0.001,-0.002,0.000,0.000,1.000,50.120
2510203107,2026-10-04 10:39:00,223.580,223.320,223.970,0.290,0.330,0.260,0.185,0.060,0.071,0.053,0.074,0.023,0.024,0.025,0.930,50.030
2510633382,2026-10-04 10:39:00,234.860,235.630,235.190,0.000,0.000,0.000,0.000,0.000,0.000,0.000,0.000,0.000,0.000,0.000,1.000,49.990
2610170840,2026-10-04 10:39:00,235.080,234.650,235.530,0.900,0.910,0.900,0.571,0.187,0.190,0.192,-0.249,-0.082,-0.085,-0.080,0.916,50.080
2510203106,2026-10-04 10:40:00,235.120,234.840,235.560,0.030,0.020,0.010,0.013,0.006,0.004,0.001,-0.004,-0.004,0.000,0.000,0.932,50.020
2510203113,2026-10-04 10:40:00,235.520,235.230,235.140,0.280,0.220,0.360,0.201,0.065,0.052,0.083,-0.010,0.003,-0.006,-0.007,0.999,49.880
2510203125,2026-10-04 10:40:00,235.120,235.700,235.320,0.040,0.010,0.140,0.043,0.008,0.002,0.032,-0.006,-0.003,-0.002,-0.001,0.994,49.890
2510389559,2026-10-04 10:40:00,235.550,235.140,236.070,0.000,0.000,0.000,0.000,0.000,0.000,0.000,0.000,0.000,0.000,0.000,1.000,50.000
2510389643,2026-10-04 10:40:00,235.570,235.110,236.020,0.290,0.000,0.000,0.060,0.060,0.000,0.000,-0.010,-0.010,0.000,0.000,0.964,50.000
2510389931,2026-10-04 10:40:00,234.130,233.700,234.460,0.050,0.000,0.000,0.000,0.000,0.000,0.000,-0.010,-0.010,0.000,0.000,0.265,49.920
2610323010,2026-10-04 10:40:00,235.390,234.950,234.730,0.050,0.000,0.000,0.008,0.008,0.000,0.000,-0.007,-0.007,0.000,0.000,0.733,49.960
2411290205,2026-10-04 10:41:00,234.920,234.670,235.320,0.280,0.180,0.070,0.125,0.065,0.042,0.017,0.010,0.003,0.005,0.001,0.992,50.070
2246006313,2026-10-04 11:00:00,57.800,57.700,58.100,0.431,0.448,0.441,0.074,0.024,0.025,0.024,0.000,0.000,0.000,0.000,0.967,50.070
2410121326,2026-10-04 11:00:00,234.270,233.350,233.520,0.080,0.100,0.090,0.058,0.017,0.022,0.017,0.020,0.006,0.003,0.010,0.941,50.040
2410121353,2026-10-04 11:00:00,235.100,234.020,234.210,0.000,0.030,0.040,0.014,0.000,0.006,0.008,-0.002,0.000,0.000,0.000,0.967,50.090
2410121371,2026-10-04 11:00:00,235.200,234.160,234.310,0.040,0.020,0.030,0.020,0.008,0.004,0.007,-0.002,0.000,-0.001,0.000,0.978,50.110
2410121424,2026-10-04 11:00:00,235.280,234.360,234.560,0.010,0.010,0.010,0.004,0.000,0.001,0.002,-0.003,-0.001,-0.001,0.000,0.875,50.030
2410121440,2026-10-04 11:00:00,234.500,233.600,233.850,0.010,0.000,0.010,0.004,0.002,0.000,0.001,-0.002,-0.001,-0.001,0.000,0.880,50.100
2410121454,2026-10-04 11:00:00,234.620,235.450,234.430,0.060,0.100,0.130,0.068,0.014,0.023,0.030,0.000,0.000,0.000,-0.001,1.000,50.020
2410121457,2026-10-04 11:00:00,232.650,231.690,232.180,1.780,1.690,1.520,1.089,0.390,0.364,0.334,0.370,0.130,0.136,0.104,0.946,50.070
2410121574,2026-10-04 11:00:00,235.360,234.210,234.380,0.310,0.230,0.230,0.175,0.072,0.051,0.051,-0.032,-0.008,-0.012,-0.011,0.985,50.070
2410131378,2026-10-04 11:00:00,233.970,234.630,233.640,0.990,1.020,1.020,0.686,0.232,0.226,0.227,0.151,0.038,0.046,0.060,0.976,50.120
2410131383,2026-10-04 11:00:00,237.530,237.060,236.810,0.050,0.030,0.050,0.031,0.010,0.007,0.012,-0.003,0.000,-0.001,-0.001,1.000,50.040
2410131384,2026-10-04 11:00:00,236.670,237.570,236.330,0.040,0.060,0.080,0.041,0.008,0.014,0.025,0.007,0.000,0.001,0.005,0.976,50.090
2410131387,2026-10-04 11:00:00,238.540,239.320,239.070,0.030,0.010,0.020,0.010,0.005,0.002,0.002,-0.007,-0.002,-0.002,-0.002,0.815,50.000
2410883988,2026-10-04 11:00:00,231.820,230.360,231.860,0.000,0.000,0.060,0.015,0.000,0.000,0.014,0.000,0.000,0.000,0.000,1.000,50.050
2410883990,2026-10-04 11:00:00,230.410,231.850,231.750,0.090,0.000,0.080,0.039,0.021,0.000,0.018,0.001,0.001,0.000,0.000,0.995,50.030
2410883991,2026-10-04 11:00:00,235.550,235.860,236.680,0.080,0.070,0.190,0.086,0.018,0.017,0.050,0.009,0.000,0.001,0.008,0.993,49.920
2410883993,2026-10-04 11:00:00,237.090,235.980,236.150,0.350,0.240,0.650,0.288,0.083,0.056,0.148,0.008,0.007,-0.004,0.006,1.000,50.040
2410883994,2026-10-04 11:00:00,237.010,235.660,236.180,0.030,0.010,0.030,0.015,0.005,0.002,0.006,-0.002,-0.001,0.000,0.000,1.000,49.970
2410932742,2026-10-04 11:00:00,232.280,230.440,230.530,3.240,3.180,3.380,2.083,0.693,0.673,0.717,0.632,0.211,0.200,0.226,0.956,50.070
2411087432,2026-10-04 11:00:00,232.960,233.740,232.820,0.030,0.030,0.130,0.044,0.007,0.007,0.029,-0.001,0.002,0.000,-0.002,1.000,50.030
2411087433,2026-10-04 11:00:00,236.480,236.880,237.680,0.590,0.580,0.640,0.423,0.138,0.135,0.149,-0.028,-0.007,-0.018,-0.002,0.997,50.040
2411290205,2026-10-04 11:00:00,235.830,235.500,236.290,0.160,0.160,0.110,0.097,0.036,0.035,0.025,0.016,0.006,0.008,0.000,0.988,49.920
2510014481,2026-10-04 11:00:00,231.500,231.600,232.860,1.610,1.630,1.780,1.253,0.405,0.402,0.445,0.601,0.196,0.202,0.212,0.856,50.040
2510014482,2026-10-04 11:00:00,233.620,234.280,233.390,0.010,0.030,0.000,0.009,0.002,0.007,0.000,-0.005,-0.001,-0.002,0.000,0.871,50.040
2510014483,2026-10-04 11:00:00,236.110,236.460,237.360,0.050,0.040,0.060,0.024,0.008,0.006,0.009,-0.020,-0.005,-0.005,-0.008,0.762,50.030
2510014484,2026-10-04 11:00:00,236.650,236.360,237.270,0.100,0.150,0.070,0.078,0.024,0.036,0.017,0.000,-0.001,0.001,0.000,1.000,50.020
2510178139,2026-10-04 11:00:00,233.630,234.390,233.410,0.060,0.090,0.120,0.063,0.014,0.020,0.029,0.003,0.002,0.003,-0.002,0.991,50.030
2510178141,2026-10-04 11:00:00,233.220,233.300,234.030,0.020,0.010,0.020,0.007,0.002,0.000,0.004,-0.009,-0.004,-0.001,-0.002,0.592,50.020
2510203103,2026-10-04 11:00:00,229.200,227.380,227.620,0.030,0.020,0.010,0.000,-0.006,0.004,0.000,-0.006,-0.003,-0.001,-0.002,0.098,50.110
2510203104,2026-10-04 11:00:00,230.350,230.580,231.430,0.210,0.230,0.160,0.139,0.053,0.051,0.035,0.014,-0.002,0.008,0.008,0.992,50.030
2510203105,2026-10-04 11:00:00,234.390,232.630,233.100,1.390,1.600,1.420,0.998,0.318,0.365,0.314,0.289,0.093,0.091,0.086,0.981,50.040
2510203106,2026-10-04 11:00:00,236.190,235.690,236.550,0.040,0.020,0.010,0.015,0.009,0.004,0.001,-0.004,-0.003,0.000,0.000,0.937,50.080
2510203108,2026-10-04 11:00:00,232.920,233.570,232.680,1.210,1.240,1.650,0.934,0.272,0.290,0.371,0.084,0.032,0.033,0.018,0.995,50.100
2510203109,2026-10-04 11:00:00,236.350,237.280,235.900,0.080,0.030,0.070,0.035,0.015,0.006,0.014,0.014,0.010,-0.001,0.005,0.918,50.040
2510203111,2026-10-04 11:00:00,232.090,232.570,233.240,1.780,1.540,1.930,1.146,0.385,0.330,0.430,0.283,0.120,0.081,0.081,0.970,50.090
2510203113,2026-10-04 11:00:00,236.580,236.230,235.910,0.310,0.350,0.380,0.245,0.072,0.082,0.090,0.004,0.007,-0.001,-0.001,1.000,50.040
2510203114,2026-10-04 11:00:00,230.360,230.750,231.580,0.030,0.050,0.020,0.012,0.002,0.008,0.000,-0.019,-0.005,-0.008,-0.004,0.559,50.030
2510203117,2026-10-04 11:00:00,229.900,231.560,231.360,0.140,0.220,0.030,0.084,0.030,0.050,0.007,-0.011,-0.002,-0.008,-0.001,0.991,50.080
2510203120,2026-10-04 11:00:00,236.420,235.160,235.630,1.060,0.820,0.840,0.591,0.231,0.175,0.183,0.231,0.091,0.072,0.068,0.931,50.090
2510203121,2026-10-04 11:00:00,231.710,231.540,230.340,0.020,0.020,0.100,0.029,0.003,0.003,0.023,-0.007,-0.001,-0.001,-0.005,0.972,50.030
2510203122,2026-10-04 11:00:00,233.060,233.900,232.940,0.080,0.010,0.010,0.015,0.012,0.002,0.000,0.011,0.014,-0.001,0.000,0.814,50.060
2510203123,2026-10-04 11:00:00,232.380,232.840,233.500,1.060,1.490,1.210,0.881,0.255,0.412,0.213,0.290,0.111,0.082,0.100,0.942,50.080
2510203124,2026-10-04 11:00:00,233.400,233.750,232.910,0.520,0.540,0.530,0.349,0.114,0.118,0.116,0.106,0.032,0.035,0.038,0.957,50.040
2510203125,2026-10-04 11:00:00,236.510,237.320,236.860,0.110,0.040,0.120,0.062,0.025,0.008,0.028,0.009,0.002,0.003,0.003,0.995,50.040
2510203126,2026-10-04 11:00:00,231.940,231.740,230.670,0.060,0.000,0.000,0.014,0.014,0.000,0.000,0.000,0.000,0.000,0.000,0.996,50.100
2510203127,2026-10-04 11:00:00,233.350,234.140,233.290,0.250,0.330,0.220,0.161,0.048,0.067,0.045,0.093,0.030,0.037,0.025,0.862,50.050
2510203128,2026-10-04 11:00:00,235.920,236.580,234.770,1.720,1.660,1.710,1.165,0.395,0.380,0.390,0.130,0.027,0.042,0.060,0.994,50.100
2510203130,2026-10-04 11:00:00,245.880,245.960,247.540,0.000,0.030,0.070,0.025,0.000,0.007,0.017,0.001,0.000,0.000,0.002,1.000,50.040
2510203133,2026-10-04 11:00:00,233.180,233.880,233.070,0.030,0.020,0.000,0.010,0.006,0.003,0.000,-0.002,0.000,-0.001,0.000,0.976,49.980
2510203134,2026-10-04 11:00:00,237.590,236.200,236.480,0.020,0.010,0.010,0.007,0.004,0.002,0.001,-0.001,0.000,-0.001,0.000,0.967,50.070
2510224049,2026-10-04 11:00:00,231.640,230.220,231.800,0.280,3.870,0.130,0.920,0.060,0.840,0.010,0.180,0.000,0.200,-0.020,0.978,50.040
2510224167,2026-10-04 11:00:00,231.510,231.290,230.060,0.720,0.120,0.350,0.170,0.090,0.010,0.050,-0.150,-0.080,-0.020,-0.050,0.738,50.020
2510317505,2026-10-04 11:00:00,231.630,231.500,230.160,0.090,0.030,2.140,0.270,0.010,0.000,0.250,-0.240,-0.010,0.000,-0.230,0.736,50.030
2510317516,2026-10-04 11:00:00,231.670,231.450,230.250,0.000,0.000,0.000,0.000,0.000,0.000,0.000,0.000,0.000,0.000,0.000,1.000,50.020
2510317537,2026-10-04 11:00:00,236.060,236.000,237.080,2.700,2.720,2.840,1.700,0.540,0.560,0.600,-0.310,-0.090,-0.100,-0.100,0.985,50.030
2510389559,2026-10-04 11:00:00,236.860,236.280,237.120,0.000,0.000,0.000,0.000,0.000,0.000,0.000,0.000,0.000,0.000,0.000,1.000,50.030
2510389643,2026-10-04 11:00:00,237.160,236.590,237.350,0.290,0.000,0.000,0.060,0.060,0.000,0.000,-0.020,-0.020,0.000,0.000,0.944,50.030
2510389931,2026-10-04 11:00:00,236.610,236.110,237.110,0.050,0.000,0.000,0.000,0.000,0.000,0.000,-0.010,-0.010,0.000,0.000,0.202,50.030
2510633381,2026-10-04 11:00:00,237.550,236.190,236.650,0.060,0.060,0.010,0.028,0.012,0.013,0.002,-0.012,-0.006,-0.004,-0.001,0.930,50.040
2510633382,2026-10-04 11:00:00,236.510,237.380,237.020,0.000,0.000,0.000,0.000,0.000,0.000,0.000,0.000,0.000,0.000,0.000,1.000,50.090
2510633383,2026-10-04 11:00:00,233.290,233.370,234.210,0.110,0.080,0.090,0.023,0.005,0.008,0.009,-0.059,-0.023,-0.017,-0.018,0.361,50.050
2510633385,2026-10-04 11:00:00,237.560,237.040,237.750,0.090,0.140,0.170,0.092,0.022,0.032,0.037,0.019,-0.001,0.006,0.014,0.974,50.070
2510633386,2026-10-04 11:00:00,222.270,222.660,223.520,0.030,0.020,0.020,0.015,0.006,0.005,0.003,0.003,0.002,0.000,0.001,0.948,50.090
2510633387,2026-10-04 11:00:00,233.690,234.460,233.650,0.010,0.020,0.160,0.041,0.001,0.002,0.036,0.000,0.000,0.003,-0.004,1.000,50.080
2510633390,2026-10-04 11:00:00,236.800,237.690,236.360,0.630,0.720,0.630,0.407,0.126,0.154,0.126,0.089,0.018,0.032,0.039,0.972,50.050
2510633391,2026-10-04 11:00:00,122.970,122.470,122.560,0.000,0.000,0.000,0.000,0.000,0.000,0.000,0.000,0.000,0.000,0.000,1.000,50.040
2510633393,2026-10-04 11:00:00,238.560,239.400,239.080,0.000,0.000,0.000,0.000,0.000,0.000,0.000,0.000,0.000,0.000,0.000,1.000,50.100
2510633395,2026-10-04 11:00:00,233.380,234.140,233.240,0.000,0.000,0.000,0.000,0.000,0.000,0.000,0.000,0.000,0.000,0.000,1.000,50.040
2510633396,2026-10-04 11:00:00,233.620,232.770,233.260,0.560,0.620,0.540,0.372,0.122,0.132,0.117,0.120,0.039,0.041,0.038,0.951,50.050
2510633397,2026-10-04 11:00:00,243.870,242.470,242.940,0.010,0.010,0.010,0.006,0.002,0.001,0.002,-0.003,-0.001,-0.001,-0.001,0.840,50.040
2510633399,2026-10-04 11:00:00,231.610,231.290,230.160,0.400,0.560,0.550,0.348,0.091,0.131,0.126,-0.002,-0.001,0.000,-0.001,1.000,50.050
2510633402,2026-10-04 11:00:00,233.610,233.750,235.230,0.080,0.130,0.220,0.096,0.017,0.029,0.049,0.029,0.009,0.008,0.011,0.956,50.100
2510633406,2026-10-04 11:00:00,231.830,231.630,230.420,0.010,0.010,0.010,0.003,0.001,0.001,0.000,-0.003,-0.001,0.000,-0.001,0.679,50.040
2510633411,2026-10-04 11:00:00,229.400,230.710,230.380,0.730,0.710,0.720,0.467,0.159,0.153,0.154,0.120,0.036,0.036,0.048,0.969,50.040
2510814977,2026-10-04 11:00:00,233.440,234.870,233.280,0.020,0.010,0.010,0.007,0.003,0.001,0.002,-0.002,0.000,-0.001,-0.001,0.996,50.040
2610026950,2026-10-04 11:00:00,230.420,231.730,231.620,0.010,0.000,0.030,0.010,0.001,0.000,0.007,0.000,0.000,0.000,0.000,0.980,50.040
2610026952,2026-10-04 11:00:00,231.620,230.760,230.810,1.750,1.720,1.720,1.048,0.354,0.344,0.350,0.523,0.177,0.175,0.170,0.895,50.040
2610026963,2026-10-04 11:00:00,233.660,233.560,234.470,0.160,0.040,0.050,0.045,0.033,0.008,0.003,-0.034,-0.017,-0.005,-0.011,0.800,50.050
2610026966,2026-10-04 11:00:00,236.260,236.070,234.800,0.050,0.040,0.070,0.033,0.010,0.008,0.014,0.019,0.005,0.004,0.009,0.854,50.040
2610026976,2026-10-04 11:00:00,233.310,233.240,234.070,0.890,1.030,1.260,0.732,0.202,0.236,0.293,-0.044,-0.023,0.000,-0.021,0.997,50.050
2610026977,2026-10-04 11:00:00,247.820,247.530,246.340,0.000,0.060,0.000,0.014,0.000,0.014,0.000,-0.001,0.000,0.000,0.000,1.000,50.040
2610126270,2026-10-04 11:00:00,231.710,230.320,231.900,0.040,0.040,0.020,0.021,0.009,0.008,0.004,-0.005,-0.002,-0.001,-0.002,0.974,50.040
2610126451,2026-10-04 11:00:00,233.700,234.360,233.480,0.000,0.010,0.140,0.035,0.000,0.003,0.031,0.001,0.000,0.000,0.001,1.000,50.030
2610159557,2026-10-04 11:00:00,237.400,236.120,236.450,0.020,0.020,0.030,0.016,0.004,0.005,0.006,-0.006,-0.003,-0.001,-0.001,0.900,50.030
2610159558,2026-10-04 11:00:00,236.110,236.500,237.420,0.000,0.010,0.020,0.007,0.000,0.001,0.005,0.000,0.000,0.000,0.000,1.000,50.040
2610170785,2026-10-04 11:00:00,237.220,235.940,236.400,0.030,0.000,0.000,0.007,0.007,0.000,0.000,0.000,0.000,0.000,0.000,1.000,50.030
2610170786,2026-10-04 11:00:00,235.930,236.290,237.130,0.640,0.610,0.650,0.578,0.211,0.207,0.209,0.137,0.042,0.042,0.052,0.972,50.020
2610170836,2026-10-04 11:00:00,233.100,233.390,234.210,0.000,0.010,0.000,0.001,0.000,0.001,0.000,0.000,0.000,0.000,0.000,1.000,50.030
2610170837,2026-10-04 11:00:00,234.870,233.070,233.330,0.000,0.000,0.020,0.005,0.000,0.000,0.004,0.000,0.000,0.000,0.000,1.000,50.030
2610170838,2026-10-04 11:00:00,237.190,235.730,236.320,0.000,0.110,0.050,0.038,0.000,0.025,0.011,-0.001,0.000,0.000,-0.001,1.000,50.020
2610170839,2026-10-04 11:00:00,235.970,236.340,237.380,0.020,0.010,0.020,0.011,0.004,0.001,0.005,-0.001,0.000,0.000,0.000,0.982,50.040
2610170840,2026-10-04 11:00:00,236.680,236.190,237.180,1.010,0.860,0.860,0.611,0.229,0.190,0.192,-0.204,-0.068,-0.069,-0.066,0.948,50.030
2610322967,2026-10-04 11:00:00,237.770,236.340,236.480,0.000,0.000,0.030,0.007,0.000,0.000,0.006,0.001,0.000,0.000,0.001,0.968,50.040
2610322969,2026-10-04 11:00:00,230.280,231.690,231.660,0.240,0.210,0.260,0.163,0.054,0.049,0.059,0.005,0.004,0.001,-0.001,1.000,50.040
2610322982,2026-10-04 11:00:00,236.250,236.530,237.500,0.020,0.030,0.050,0.023,0.004,0.006,0.011,-0.005,-0.001,-0.001,-0.002,0.971,50.030
2610322992,2026-10-04 11:00:00,233.130,233.860,234.830,0.110,0.310,0.280,0.157,0.025,0.068,0.063,0.022,0.007,0.005,0.010,0.989,50.030
2610322995,2026-10-04 11:00:00,236.120,236.490,237.310,0.000,0.050,0.060,0.025,0.000,0.011,0.013,-0.008,0.000,-0.003,-0.003,0.938,50.030
2610322997,2026-10-04 11:00:00,232.850,233.960,232.610,0.780,0.730,0.600,0.466,0.171,0.156,0.137,0.183,0.041,0.081,0.056,0.910,50.030
2610323001,2026-10-04 11:00:00,231.580,230.090,230.010,2.610,2.450,2.750,1.589,0.530,0.493,0.565,0.802,0.267,0.267,0.267,0.892,50.030
2610323004,2026-10-04 11:00:00,64.730,64.170,64.680,0.220,0.190,0.220,0.039,0.013,0.012,0.013,0.014,0.005,0.004,0.004,0.945,50.040
2610323005,2026-10-04 11:00:00,231.660,230.420,231.900,0.000,0.000,0.000,0.001,0.000,0.001,0.000,0.000,0.000,0.000,0.000,0.936,50.030
2610323010,2026-10-04 11:00:00,236.890,236.520,236.100,0.160,0.000,0.000,0.036,0.036,0.000,0.000,-0.011,-0.011,0.000,0.000,0.943,50.030
2610323014,2026-10-04 11:00:00,233.290,233.370,234.180,0.050,0.000,0.010,0.013,0.010,0.000,0.002,-0.003,-0.002,0.000,0.000,1.000,50.030
2610323016,2026-10-04 11:00:00,234.640,232.970,233.280,0.410,0.380,0.280,0.239,0.094,0.082,0.062,0.066,0.021,0.026,0.017,0.963,50.030
2610323017,2026-10-04 11:00:00,236.300,237.320,236.200,0.080,0.040,0.030,0.033,0.017,0.009,0.006,-0.009,-0.003,-0.002,-0.002,0.963,50.030
2610323019,2026-10-04 11:00:00,231.530,230.440,231.820,0.020,0.020,0.030,0.014,0.004,0.004,0.005,-0.006,-0.001,-0.002,-0.002,0.936,50.030
2610323027,2026-10-04 11:00:00,237.530,236.100,236.600,0.050,0.060,0.040,0.034,0.010,0.013,0.009,-0.009,-0.002,-0.003,-0.002,0.974,50.020
2510203107,2026-10-04 11:01:00,227.330,226.820,227.570,0.360,0.380,0.310,0.233,0.078,0.085,0.069,0.043,0.014,0.013,0.014,0.983,50.100
2246006313,2026-10-04 11:30:00,58.400,58.300,58.700,0.462,0.485,0.483,0.080,0.025,0.027,0.026,0.000,0.000,0.000,0.000,0.971,50.230
2410121353,2026-10-04 11:30:00,235.320,234.450,234.660,0.000,0.010,0.040,0.011,0.000,0.002,0.008,-0.002,0.000,0.000,0.000,1.000,50.140
2410121371,2026-10-04 11:30:00,235.250,234.250,234.400,0.040,0.010,0.030,0.016,0.008,0.000,0.007,-0.001,0.000,-0.001,0.000,0.994,50.140
2410121440,2026-10-04 11:30:00,235.110,234.190,234.310,0.010,0.010,0.010,0.004,0.002,0.000,0.001,-0.003,-0.001,-0.001,0.000,0.889,50.160
2410121454,2026-10-04 11:30:00,234.870,235.660,234.670,0.080,0.110,0.140,0.073,0.016,0.024,0.031,0.015,0.006,0.005,0.004,0.980,50.170
2410121457,2026-10-04 11:30:00,233.660,232.590,233.230,1.740,1.740,1.510,1.091,0.383,0.376,0.331,0.368,0.127,0.140,0.100,0.947,50.210
2410121574,2026-10-04 11:30:00,235.940,234.830,234.990,0.300,0.220,0.210,0.166,0.069,0.048,0.048,-0.033,-0.009,-0.012,-0.012,0.981,50.140
2410131378,2026-10-04 11:30:00,234.310,234.870,233.900,0.750,0.840,0.840,0.625,0.201,0.216,0.207,0.117,0.026,0.038,0.051,0.979,50.130
2410131383,2026-10-04 11:30:00,237.400,236.770,236.720,0.030,0.020,0.040,0.022,0.007,0.004,0.010,-0.004,0.000,-0.001,-0.002,0.990,50.180
2410131384,2026-10-04 11:30:00,235.760,236.560,235.520,0.040,0.060,0.050,0.032,0.008,0.014,0.009,0.005,0.000,0.001,0.004,0.970,50.210
2410131387,2026-10-04 11:30:00,235.850,236.660,236.300,0.020,0.020,0.020,0.010,0.004,0.002,0.003,-0.006,-0.002,-0.002,-0.002,0.898,50.230
2410883988,2026-10-04 11:30:00,233.740,232.370,233.320,0.000,0.000,0.060,0.014,0.000,0.000,0.014,0.000,0.000,0.000,0.000,1.000,50.190
2410883990,2026-10-04 11:30:00,232.040,233.330,233.370,0.090,0.000,0.160,0.059,0.020,0.000,0.037,0.005,0.001,0.000,0.003,0.992,50.170
2410883991,2026-10-04 11:30:00,235.530,235.780,236.710,0.080,0.130,0.100,0.073,0.018,0.030,0.023,0.000,-0.001,0.001,0.000,0.993,50.270
2410883993,2026-10-04 11:30:00,236.280,235.240,235.300,0.530,0.300,0.850,0.390,0.127,0.073,0.200,0.002,0.002,-0.004,0.004,0.999,50.190
2410883994,2026-10-04 11:30:00,236.330,235.130,235.610,0.030,0.010,0.030,0.014,0.005,0.002,0.006,-0.002,-0.001,0.000,0.000,0.999,50.230
2410932742,2026-10-04 11:30:00,231.700,229.850,229.930,3.420,3.260,3.480,2.181,0.739,0.698,0.743,0.646,0.217,0.203,0.225,0.959,50.250
2411087432,2026-10-04 11:30:00,234.460,235.150,234.280,0.030,0.030,0.110,0.038,0.007,0.006,0.025,-0.007,0.002,-0.004,-0.005,0.971,50.200
2411087433,2026-10-04 11:30:00,235.780,236.110,236.800,0.560,0.540,0.610,0.416,0.136,0.130,0.150,-0.004,0.000,-0.012,0.007,0.999,50.190
2411290205,2026-10-04 11:30:00,236.550,236.060,236.930,0.100,0.190,0.120,0.097,0.025,0.043,0.028,0.012,0.002,0.009,0.001,0.988,50.240
2510014481,2026-10-04 11:30:00,230.970,231.080,232.260,1.990,1.950,2.160,1.174,0.384,0.361,0.447,0.584,0.188,0.195,0.199,0.905,50.180
2510014482,2026-10-04 11:30:00,234.590,235.120,234.280,0.010,0.040,0.000,0.011,0.002,0.009,0.000,-0.001,-0.001,0.001,0.000,0.964,50.200
2510014483,2026-10-04 11:30:00,235.350,235.660,236.430,0.060,0.040,0.060,0.031,0.012,0.007,0.011,-0.021,-0.006,-0.005,-0.008,0.827,50.170
2510014484,2026-10-04 11:30:00,236.390,236.040,236.860,0.080,0.120,0.070,0.062,0.018,0.028,0.015,0.000,0.000,0.000,0.000,0.996,50.180
2510178139,2026-10-04 11:30:00,234.810,235.520,234.550,0.040,0.090,0.120,0.058,0.010,0.021,0.027,0.002,0.000,0.003,-0.001,1.000,50.200
2510178141,2026-10-04 11:30:00,234.320,234.410,235.140,0.020,0.010,0.020,0.005,0.002,0.000,0.002,-0.009,-0.004,-0.001,-0.002,0.465,50.190
2510203103,2026-10-04 11:30:00,228.570,226.890,227.060,0.020,0.030,0.030,0.010,-0.001,0.007,0.005,-0.008,-0.003,-0.001,-0.002,0.807,50.230
2510203104,2026-10-04 11:30:00,229.680,229.770,230.590,0.160,0.300,0.160,0.142,0.037,0.069,0.036,0.016,-0.002,0.010,0.009,0.994,50.190
2510203105,2026-10-04 11:30:00,234.540,232.770,233.280,0.900,1.200,0.890,0.700,0.211,0.281,0.207,-0.008,-0.004,-0.001,-0.002,0.999,50.200
2510203106,2026-10-04 11:30:00,236.470,236.150,237.060,0.010,0.020,0.000,0.006,0.002,0.003,0.000,-0.002,-0.001,0.000,0.000,0.966,50.190
2510203107,2026-10-04 11:30:00,224.500,224.180,225.070,0.480,0.510,0.430,0.292,0.098,0.106,0.087,0.126,0.040,0.043,0.041,0.918,50.180
2510203108,2026-10-04 11:30:00,234.160,234.670,233.480,0.550,1.010,1.460,0.686,0.125,0.227,0.333,0.077,0.014,0.021,0.042,0.994,50.240
2510203109,2026-10-04 11:30:00,235.710,236.510,235.370,0.080,0.040,0.050,0.036,0.017,0.008,0.010,0.013,0.009,0.000,0.002,0.945,50.210
2510203111,2026-10-04 11:30:00,233.200,233.820,234.340,1.790,1.530,1.950,1.153,0.387,0.331,0.434,0.283,0.122,0.078,0.083,0.970,50.210
2510203113,2026-10-04 11:30:00,236.930,236.440,236.370,0.250,0.290,0.340,0.206,0.058,0.069,0.079,-0.019,0.000,-0.009,-0.009,0.996,50.200
2510203114,2026-10-04 11:30:00,229.640,229.970,230.680,0.030,0.050,0.020,0.015,0.005,0.009,0.000,-0.015,-0.002,-0.007,-0.004,0.720,50.200
2510203117,2026-10-04 11:30:00,232.070,233.470,233.300,0.170,0.230,0.060,0.082,0.027,0.052,0.002,-0.008,0.001,-0.008,-0.001,0.998,50.250
2510203120,2026-10-04 11:30:00,235.540,234.450,234.840,1.050,0.800,0.850,0.595,0.232,0.175,0.186,0.195,0.077,0.058,0.058,0.950,50.240
2510203121,2026-10-04 11:30:00,233.490,233.460,232.090,0.020,0.020,0.100,0.029,0.003,0.003,0.022,-0.008,-0.001,-0.001,-0.005,0.967,50.190
2510203122,2026-10-04 11:30:00,234.480,235.240,234.350,0.030,0.010,0.010,0.007,0.004,0.002,0.000,0.002,0.005,-0.002,-0.001,0.918,50.190
2510203123,2026-10-04 11:30:00,233.540,234.030,234.680,0.760,0.950,0.650,0.872,0.269,0.341,0.261,0.346,0.129,0.096,0.120,0.820,50.190
2510203124,2026-10-04 11:30:00,234.500,234.840,233.950,0.480,0.520,0.510,0.336,0.104,0.112,0.109,0.103,0.031,0.034,0.036,0.953,50.180
2510203125,2026-10-04 11:30:00,236.370,237.140,236.560,0.110,0.040,0.100,0.058,0.025,0.008,0.023,0.009,0.002,0.003,0.003,0.985,50.190
2510203126,2026-10-04 11:30:00,233.670,233.580,232.330,0.060,0.000,0.000,0.014,0.014,0.000,0.000,0.000,0.000,0.000,0.000,0.988,50.170
2510203127,2026-10-04 11:30:00,234.450,235.120,234.280,0.250,0.310,0.230,0.160,0.050,0.065,0.045,0.091,0.030,0.034,0.025,0.870,50.180
2510203128,2026-10-04 11:30:00,234.960,235.620,233.980,1.720,1.620,1.710,1.152,0.394,0.370,0.388,0.123,0.027,0.038,0.058,0.994,50.240
2510203130,2026-10-04 11:30:00,245.150,245.270,246.840,0.000,0.030,0.070,0.023,0.000,0.007,0.016,0.001,0.000,0.000,0.001,0.981,50.180
2510203133,2026-10-04 11:30:00,234.620,235.340,234.530,0.020,0.020,0.000,0.009,0.004,0.003,0.000,-0.002,0.000,-0.002,0.000,0.933,50.290
2510203134,2026-10-04 11:30:00,236.890,235.650,235.890,0.020,0.010,0.010,0.007,0.004,0.001,0.001,-0.001,0.000,-0.001,0.000,0.965,50.240
2510224049,2026-10-04 11:30:00,233.240,231.800,233.200,0.280,3.900,0.130,0.920,0.060,0.840,0.010,0.190,0.000,0.210,-0.020,0.978,50.180
2510224167,2026-10-04 11:30:00,233.350,233.180,231.990,0.730,0.120,0.360,0.170,0.090,0.010,0.050,-0.160,-0.080,-0.020,-0.050,0.730,50.190
2510317505,2026-10-04 11:30:00,232.960,232.900,231.550,0.090,0.030,2.130,0.270,0.010,0.000,0.250,-0.250,-0.010,0.000,-0.230,0.731,50.180
2510317516,2026-10-04 11:30:00,233.520,233.410,232.160,0.000,0.000,0.000,0.000,0.000,0.000,0.000,0.000,0.000,0.000,0.000,1.000,50.190
2510317537,2026-10-04 11:30:00,235.390,235.240,236.240,2.990,2.940,3.140,1.590,0.510,0.510,0.550,-0.260,-0.070,-0.080,-0.100,0.984,50.190
2510389559,2026-10-04 11:30:00,236.870,236.490,237.220,0.000,0.000,0.000,0.000,0.000,0.000,0.000,0.000,0.000,0.000,0.000,1.000,50.190
2510389643,2026-10-04 11:30:00,236.670,236.200,237.010,0.260,0.000,0.000,0.050,0.050,0.000,0.000,-0.020,-0.020,0.000,0.000,0.939,50.180
2510389931,2026-10-04 11:30:00,235.200,234.680,235.750,0.050,0.000,0.000,0.000,0.000,0.000,0.000,-0.010,-0.010,0.000,0.000,0.217,50.170
2510633381,2026-10-04 11:30:00,236.510,235.360,235.720,0.060,0.050,0.010,0.027,0.012,0.011,0.002,-0.012,-0.005,-0.004,-0.001,0.906,50.180
2510633382,2026-10-04 11:30:00,235.910,236.790,236.270,0.000,0.000,0.000,0.000,0.000,0.000,0.000,0.000,0.000,0.000,0.000,1.000,50.190
2510633383,2026-10-04 11:30:00,234.260,234.330,235.130,0.110,0.080,0.090,0.025,0.006,0.008,0.010,-0.060,-0.023,-0.017,-0.018,0.392,50.180
2510633385,2026-10-04 11:30:00,237.120,236.760,237.510,0.130,0.140,0.160,0.098,0.030,0.031,0.035,0.018,-0.001,0.005,0.014,0.984,50.210
2510633386,2026-10-04 11:30:00,221.410,221.760,222.510,0.030,0.020,0.020,0.014,0.006,0.004,0.003,0.004,0.003,0.000,0.001,0.968,50.210
2510633387,2026-10-04 11:30:00,234.530,235.390,234.550,0.010,0.020,0.160,0.040,0.001,0.002,0.036,-0.001,0.000,0.002,-0.004,0.997,50.210
2510633390,2026-10-04 11:30:00,235.890,236.660,235.560,0.650,0.760,0.680,0.439,0.137,0.164,0.139,0.123,0.029,0.043,0.050,0.963,50.200
2510633391,2026-10-04 11:30:00,123.510,123.050,123.120,0.000,0.000,0.000,0.000,0.000,0.000,0.000,0.000,0.000,0.000,0.000,1.000,50.180
2510633393,2026-10-04 11:30:00,235.790,236.620,236.140,0.000,0.000,0.000,0.000,0.000,0.000,0.000,0.000,0.000,0.000,0.000,1.000,50.160
2510633395,2026-10-04 11:30:00,234.560,235.330,234.410,0.000,0.000,0.000,0.000,0.000,0.000,0.000,0.000,0.000,0.000,0.000,1.000,50.190
2510633396,2026-10-04 11:30:00,234.620,233.770,234.210,0.490,0.540,0.470,0.338,0.111,0.120,0.106,0.112,0.036,0.038,0.035,0.948,50.170
2510633397,2026-10-04 11:30:00,242.960,241.680,242.140,0.020,0.010,0.010,0.009,0.005,0.001,0.002,-0.004,-0.002,-0.001,-0.001,0.935,50.190
2510633399,2026-10-04 11:30:00,233.420,233.290,232.110,0.510,0.640,0.630,0.413,0.118,0.149,0.146,-0.002,-0.002,0.000,-0.001,0.999,50.170
2510633402,2026-10-04 11:30:00,232.620,232.640,234.200,0.060,0.110,0.200,0.082,0.013,0.023,0.045,0.019,0.005,0.006,0.007,0.969,50.190
2510633406,2026-10-04 11:30:00,233.520,233.420,232.150,0.010,0.010,0.010,0.003,0.001,0.001,0.000,-0.003,-0.001,0.000,-0.001,0.684,50.180
2510633411,2026-10-04 11:30:00,231.370,232.660,232.520,0.740,0.700,0.720,0.479,0.164,0.157,0.158,0.125,0.038,0.036,0.051,0.966,50.180
2510814977,2026-10-04 11:30:00,233.080,234.410,232.760,0.020,0.010,0.010,0.005,0.003,0.000,0.001,-0.002,0.000,-0.001,-0.001,0.979,50.190
2610026950,2026-10-04 11:30:00,232.200,233.340,233.430,0.010,0.000,0.030,0.009,0.002,0.001,0.006,-0.001,0.000,0.000,0.000,0.958,50.180
2610026952,2026-10-04 11:30:00,232.320,231.410,231.610,2.050,1.990,1.990,1.218,0.415,0.397,0.405,0.639,0.217,0.217,0.204,0.884,50.180
2610026963,2026-10-04 11:30:00,234.620,234.550,235.450,0.250,0.100,0.120,0.104,0.056,0.022,0.025,-0.033,-0.016,-0.006,-0.010,0.956,50.170
2610026966,2026-10-04 11:30:00,237.100,236.900,235.560,0.040,0.040,0.080,0.032,0.007,0.009,0.015,0.018,0.004,0.004,0.009,0.877,50.190
2610026976,2026-10-04 11:30:00,234.410,234.190,235.130,0.570,1.070,1.160,0.639,0.132,0.236,0.269,-0.040,-0.017,0.000,-0.022,0.997,50.180
2610026977,2026-10-04 11:30:00,248.390,247.930,246.790,0.150,0.260,0.140,0.109,0.025,0.058,0.025,0.077,0.026,0.025,0.025,0.816,50.170
2610126270,2026-10-04 11:30:00,233.310,231.900,233.380,0.040,0.030,0.020,0.019,0.009,0.006,0.004,-0.005,-0.002,-0.001,-0.002,0.978,50.170
2610126451,2026-10-04 11:30:00,234.860,235.510,234.580,0.000,0.000,0.130,0.030,0.000,0.000,0.029,0.002,0.000,0.000,0.002,0.992,50.200
2610159557,2026-10-04 11:30:00,236.640,235.520,235.790,0.020,0.030,0.030,0.015,0.003,0.005,0.006,-0.006,-0.002,-0.001,-0.001,0.931,50.190
2610159558,2026-10-04 11:30:00,235.430,235.810,236.580,0.020,0.030,0.010,0.013,0.003,0.005,0.003,0.000,0.000,0.000,0.000,1.000,50.190
2610170785,2026-10-04 11:30:00,236.320,235.180,235.580,0.010,0.000,0.000,0.003,0.003,0.000,0.000,0.000,0.000,0.000,0.000,0.899,50.170
2610170786,2026-10-04 11:30:00,235.160,235.470,236.130,0.810,0.820,0.810,0.574,0.189,0.195,0.189,0.128,0.039,0.040,0.048,0.971,50.190
2610170836,2026-10-04 11:30:00,234.280,234.590,235.330,0.000,0.010,0.000,0.001,0.000,0.001,0.000,0.000,0.000,0.000,0.000,1.000,50.170
2610170837,2026-10-04 11:30:00,234.260,232.580,232.850,0.000,0.000,0.020,0.005,0.000,0.000,0.005,0.000,0.000,0.000,0.000,1.000,50.170
2610170838,2026-10-04 11:30:00,236.470,235.170,235.690,0.000,0.100,0.050,0.034,0.000,0.023,0.010,-0.001,0.000,0.000,-0.001,0.993,50.200
2610170839,2026-10-04 11:30:00,235.210,235.520,236.350,0.040,0.030,0.040,0.027,0.009,0.008,0.009,-0.001,-0.001,0.000,0.000,1.000,50.180
2610170840,2026-10-04 11:30:00,235.260,234.750,235.800,0.900,0.890,0.910,0.567,0.187,0.188,0.191,0.285,0.096,0.091,0.097,0.894,50.170
2610322969,2026-10-04 11:30:00,231.990,233.280,233.320,0.150,0.210,0.250,0.140,0.034,0.049,0.057,0.002,0.002,0.002,-0.002,1.000,50.170
2610322982,2026-10-04 11:30:00,235.570,235.810,236.650,0.020,0.030,0.050,0.023,0.004,0.006,0.011,-0.005,-0.001,-0.001,-0.002,0.970,50.200
2610322992,2026-10-04 11:30:00,232.700,233.320,234.130,0.120,0.300,0.270,0.159,0.026,0.070,0.062,0.019,0.007,0.001,0.010,0.996,50.180
2610322995,2026-10-04 11:30:00,235.410,235.670,236.480,0.000,0.050,0.060,0.025,0.000,0.011,0.013,-0.008,0.000,-0.003,-0.003,0.939,50.180
2610322997,2026-10-04 11:30:00,232.650,233.720,232.020,0.690,0.720,0.580,0.551,0.195,0.195,0.161,0.143,0.025,0.067,0.049,0.969,50.180
2610323001,2026-10-04 11:30:00,230.910,229.550,229.580,2.550,2.400,2.630,1.547,0.518,0.487,0.540,0.786,0.262,0.262,0.261,0.891,50.180
2610323004,2026-10-04 11:30:00,64.580,64.050,64.550,0.170,0.150,0.160,0.029,0.010,0.009,0.010,0.004,0.002,0.001,0.000,0.975,50.180
2610323005,2026-10-04 11:30:00,233.210,231.910,233.160,0.000,0.000,0.000,0.001,0.000,0.001,0.000,0.000,0.000,0.000,0.000,0.935,50.170
2610323010,2026-10-04 11:30:00,236.800,236.220,235.950,0.130,0.000,0.000,0.028,0.028,0.000,0.000,-0.011,-0.011,0.000,0.000,0.940,50.170
2610323014,2026-10-04 11:30:00,234.320,234.400,235.200,0.050,0.000,0.010,0.012,0.010,0.000,0.002,-0.003,-0.002,0.000,0.000,1.000,50.180
2610323016,2026-10-04 11:30:00,233.830,232.330,232.610,0.410,0.370,0.280,0.236,0.092,0.082,0.061,0.064,0.020,0.026,0.017,0.963,50.170
2610323017,2026-10-04 11:30:00,235.260,236.200,235.280,0.080,0.040,0.030,0.033,0.017,0.009,0.006,-0.009,-0.004,-0.002,-0.002,0.956,50.190
2610323019,2026-10-04 11:30:00,232.950,231.890,233.240,0.060,0.060,0.030,0.032,0.013,0.013,0.006,-0.009,-0.003,-0.004,-0.001,0.957,50.190
2610323027,2026-10-04 11:30:00,236.590,235.320,235.770,0.050,0.060,0.040,0.034,0.010,0.013,0.009,-0.009,-0.002,-0.003,-0.002,0.974,50.190
2410121326,2026-10-04 11:31:00,236.230,235.340,235.550,0.090,0.090,0.080,0.056,0.018,0.021,0.016,0.019,0.007,0.002,0.008,0.945,50.240
2610322967,2026-10-04 11:31:00,237.020,235.710,235.880,0.000,0.000,0.020,0.003,0.000,0.000,0.003,0.000,0.000,0.000,0.000,0.956,50.160
2410121424,2026-10-04 11:32:00,235.100,234.220,234.440,0.010,0.010,0.010,0.004,0.000,0.001,0.002,-0.003,-0.001,-0.001,0.000,0.875,49.830
2246006313,2026-10-04 12:00:00,58.500,58.500,58.800,0.422,0.441,0.438,0.073,0.023,0.024,0.024,0.000,0.000,0.000,0.000,0.967,49.900
2410121326,2026-10-04 12:00:00,238.930,238.040,238.300,0.080,0.090,0.080,0.054,0.017,0.020,0.016,0.019,0.005,0.004,0.009,0.943,50.110
2410121353,2026-10-04 12:00:00,234.640,233.810,234.080,0.000,0.010,0.040,0.011,0.000,0.002,0.008,-0.002,0.000,0.000,0.000,0.948,50.120
2410121371,2026-10-04 12:00:00,238.020,237.030,237.280,0.040,0.010,0.030,0.017,0.009,0.000,0.007,0.000,0.001,-0.001,0.000,1.000,50.150
2410121424,2026-10-04 12:00:00,234.540,233.680,233.920,0.010,0.010,0.010,0.004,0.000,0.001,0.002,-0.003,-0.001,-0.001,0.000,0.867,50.120
2410121440,2026-10-04 12:00:00,238.670,237.790,237.980,0.010,0.020,0.010,0.009,0.002,0.005,0.002,-0.004,-0.001,-0.002,0.000,0.923,50.150
2410121454,2026-10-04 12:00:00,233.940,234.690,233.700,0.080,0.110,0.130,0.073,0.017,0.025,0.030,0.016,0.007,0.005,0.003,0.971,50.130
2410121457,2026-10-04 12:00:00,237.140,236.080,236.820,1.780,1.710,1.460,1.090,0.394,0.370,0.324,0.391,0.136,0.147,0.105,0.941,50.110
2410121574,2026-10-04 12:00:00,234.810,233.630,233.900,0.290,0.210,0.210,0.160,0.067,0.047,0.046,-0.033,-0.008,-0.011,-0.012,0.981,50.120
2410131378,2026-10-04 12:00:00,234.080,234.600,233.690,0.670,0.750,0.710,0.470,0.146,0.166,0.157,0.085,0.016,0.026,0.042,0.986,50.130
2410131383,2026-10-04 12:00:00,237.380,236.840,236.590,0.040,0.020,0.050,0.025,0.009,0.005,0.010,-0.004,0.000,-0.001,-0.001,0.979,50.100
2410131384,2026-10-04 12:00:00,237.620,238.380,237.370,0.040,0.060,0.070,0.036,0.008,0.014,0.014,0.007,0.000,0.001,0.006,0.985,50.010
2410131387,2026-10-04 12:00:00,235.450,236.640,236.340,0.030,0.010,0.020,0.010,0.005,0.002,0.002,-0.007,-0.002,-0.002,-0.002,0.806,50.080
2410883988,2026-10-04 12:00:00,234.620,233.500,234.630,0.000,0.000,0.060,0.014,0.000,0.000,0.013,0.000,0.000,0.000,0.000,1.000,50.120
2410883990,2026-10-04 12:00:00,233.230,234.290,234.430,0.080,0.000,0.170,0.059,0.019,0.000,0.038,0.005,0.001,0.000,0.003,0.993,50.120
2410883991,2026-10-04 12:00:00,236.920,237.230,238.020,0.070,0.080,0.200,0.080,0.015,0.018,0.046,-0.002,-0.001,-0.001,0.000,0.998,49.920
2410883993,2026-10-04 12:00:00,238.130,237.080,237.000,0.200,0.110,0.900,0.285,0.047,0.025,0.212,0.007,0.003,-0.002,0.005,1.000,50.110
2410883994,2026-10-04 12:00:00,238.360,237.090,237.540,0.020,0.010,0.020,0.014,0.005,0.002,0.005,-0.002,-0.001,0.000,0.000,1.000,50.060
2410932742,2026-10-04 12:00:00,233.580,231.940,232.070,3.100,3.070,3.240,2.015,0.668,0.657,0.686,0.569,0.185,0.179,0.204,0.962,49.910
2411087432,2026-10-04 12:00:00,237.940,238.630,237.740,0.040,0.030,0.090,0.035,0.008,0.005,0.022,-0.001,0.002,-0.004,0.000,1.000,50.130
2411290205,2026-10-04 12:00:00,236.250,235.760,236.650,0.090,0.150,0.110,0.082,0.021,0.034,0.025,0.010,0.001,0.008,0.000,0.990,49.920
2510014481,2026-10-04 12:00:00,233.680,233.700,234.930,1.400,1.450,1.520,0.970,0.310,0.315,0.344,0.312,0.096,0.109,0.101,0.946,50.110
2510014482,2026-10-04 12:00:00,238.230,238.750,237.920,0.010,0.040,0.000,0.011,0.002,0.009,0.000,0.000,-0.001,0.001,0.000,0.996,50.140
2510014483,2026-10-04 12:00:00,237.060,237.340,238.040,0.060,0.040,0.060,0.028,0.011,0.006,0.010,-0.020,-0.006,-0.005,-0.008,0.816,50.120
2510014484,2026-10-04 12:00:00,236.760,236.280,237.090,0.080,0.130,0.050,0.062,0.018,0.031,0.012,0.000,0.000,0.001,0.000,1.000,50.150
2510178139,2026-10-04 12:00:00,238.600,239.240,238.370,0.060,0.110,0.140,0.074,0.015,0.026,0.033,0.005,0.003,0.003,-0.001,1.000,50.100
2510178141,2026-10-04 12:00:00,238.210,238.290,238.960,0.020,0.010,0.020,0.007,0.002,0.000,0.004,-0.009,-0.004,-0.001,-0.003,0.605,50.140
2510203103,2026-10-04 12:00:00,230.200,228.600,228.840,0.100,0.110,0.110,0.074,0.023,0.025,0.025,-0.008,-0.003,-0.002,-0.002,0.994,49.980
2510203104,2026-10-04 12:00:00,231.480,231.610,232.370,0.130,0.180,0.140,0.101,0.028,0.040,0.032,0.013,-0.005,0.010,0.008,0.990,50.080
2510203105,2026-10-04 12:00:00,236.420,234.710,235.220,0.880,1.000,0.880,0.637,0.202,0.229,0.205,0.000,-0.004,0.006,-0.001,1.000,50.100
2510203106,2026-10-04 12:00:00,236.550,236.140,236.990,0.010,0.020,0.000,0.006,0.001,0.003,0.000,-0.002,-0.001,0.000,0.000,0.882,50.070
2510203107,2026-10-04 12:00:00,224.810,224.400,225.250,0.360,0.390,0.320,0.229,0.076,0.084,0.068,0.064,0.019,0.022,0.021,0.961,50.120
2510203108,2026-10-04 12:00:00,237.680,238.160,237.150,0.700,1.100,1.350,0.722,0.159,0.253,0.309,0.097,0.024,0.028,0.043,0.991,49.960
2510203109,2026-10-04 12:00:00,237.580,238.370,237.280,0.080,0.070,0.050,0.044,0.015,0.017,0.011,0.010,0.010,-0.001,0.001,0.978,50.120
2510203111,2026-10-04 12:00:00,236.920,237.550,238.070,1.470,1.270,1.630,0.931,0.308,0.266,0.357,0.283,0.117,0.080,0.086,0.957,50.020
2510203113,2026-10-04 12:00:00,236.750,236.330,236.140,0.220,0.270,0.300,0.184,0.052,0.061,0.070,-0.031,-0.004,-0.013,-0.013,0.987,50.120
2510203117,2026-10-04 12:00:00,232.980,234.060,233.950,0.090,0.320,0.120,0.123,0.021,0.073,0.028,-0.002,0.000,-0.004,0.002,0.996,49.930
2510203120,2026-10-04 12:00:00,237.550,236.520,236.890,0.910,0.690,0.740,0.508,0.200,0.145,0.160,0.212,0.082,0.066,0.063,0.922,49.960
2510203121,2026-10-04 12:00:00,234.410,234.240,233.220,0.020,0.020,0.100,0.030,0.003,0.003,0.023,-0.008,0.000,-0.001,-0.005,0.962,50.110
2510203122,2026-10-04 12:00:00,238.080,238.750,237.890,0.030,0.010,0.010,0.007,0.004,0.002,0.000,0.002,0.005,-0.002,-0.001,0.950,50.110
2510203124,2026-10-04 12:00:00,238.150,238.320,237.560,0.570,0.620,0.570,0.399,0.132,0.139,0.128,0.105,0.029,0.038,0.037,0.966,50.110
2510203125,2026-10-04 12:00:00,236.150,236.920,236.450,0.070,0.010,0.070,0.035,0.017,0.002,0.016,-0.007,-0.003,-0.002,-0.001,0.992,50.110
2510203126,2026-10-04 12:00:00,234.530,234.440,233.400,0.060,0.000,0.000,0.014,0.013,0.000,0.000,0.000,0.000,0.000,0.000,1.000,50.120
2510203127,2026-10-04 12:00:00,238.340,239.010,238.170,0.250,0.310,0.220,0.160,0.049,0.065,0.045,0.097,0.033,0.036,0.027,0.855,50.120
2510203128,2026-10-04 12:00:00,236.850,237.410,235.840,1.590,1.530,1.640,1.090,0.365,0.350,0.375,0.114,0.025,0.034,0.054,0.994,49.970
2510203130,2026-10-04 12:00:00,247.270,247.480,248.840,0.000,0.030,0.060,0.023,0.000,0.007,0.015,0.001,0.000,0.000,0.002,1.000,50.100
2510203133,2026-10-04 12:00:00,237.510,238.210,237.360,0.020,0.020,0.000,0.009,0.004,0.003,0.000,-0.001,0.000,-0.001,0.000,0.949,49.950
2510203134,2026-10-04 12:00:00,238.280,237.090,237.370,0.020,0.010,0.010,0.007,0.004,0.002,0.001,-0.001,0.000,-0.001,0.000,0.973,49.900
2510224049,2026-10-04 12:00:00,234.150,232.990,234.160,0.280,3.880,0.130,0.920,0.060,0.850,0.010,0.210,0.000,0.230,-0.020,0.974,50.120
2510224167,2026-10-04 12:00:00,234.400,234.190,233.210,0.730,0.120,0.360,0.170,0.090,0.010,0.050,-0.160,-0.080,-0.020,-0.050,0.727,50.150
2510317505,2026-10-04 12:00:00,234.330,234.250,233.170,0.090,0.030,2.140,0.270,0.010,0.000,0.250,-0.260,-0.010,0.000,-0.240,0.727,50.140
2510317516,2026-10-04 12:00:00,234.520,234.390,233.350,0.000,0.000,0.000,0.000,0.000,0.000,0.000,0.000,0.000,0.000,0.000,1.000,50.140
2510317537,2026-10-04 12:00:00,237.280,237.050,238.220,2.760,2.560,2.570,1.550,0.540,0.490,0.510,-0.290,-0.090,-0.080,-0.080,0.985,50.140
2510389559,2026-10-04 12:00:00,236.830,236.350,237.120,0.000,0.000,0.000,0.000,0.000,0.000,0.000,0.000,0.000,0.000,0.000,1.000,50.130
2510389643,2026-10-04 12:00:00,236.900,236.340,237.110,0.490,0.000,0.000,0.110,0.110,0.000,0.000,0.000,0.000,0.000,0.000,1.000,50.150
2510389931,2026-10-04 12:00:00,236.010,235.440,236.760,0.050,0.000,0.000,0.000,0.000,0.000,0.000,-0.010,-0.010,0.000,0.000,0.189,50.120
2510633381,2026-10-04 12:00:00,238.460,237.360,237.740,0.060,0.050,0.010,0.026,0.012,0.011,0.002,-0.010,-0.005,-0.003,-0.001,0.926,50.120
2510633382,2026-10-04 12:00:00,236.400,237.280,236.850,0.290,0.350,0.350,0.235,0.069,0.083,0.082,-0.002,0.000,0.001,-0.003,1.000,50.140
2510633383,2026-10-04 12:00:00,238.180,238.190,238.930,0.110,0.080,0.120,0.035,0.006,0.008,0.021,-0.061,-0.024,-0.017,-0.019,0.499,50.120
2510633385,2026-10-04 12:00:00,237.160,236.690,237.460,0.090,0.140,0.170,0.090,0.021,0.031,0.037,0.019,-0.001,0.006,0.014,0.977,50.110
2510633386,2026-10-04 12:00:00,223.150,223.470,224.250,0.030,0.020,0.010,0.013,0.006,0.003,0.003,0.003,0.002,0.000,0.001,0.981,50.140
2510633387,2026-10-04 12:00:00,237.950,238.650,237.770,0.010,0.000,0.150,0.037,0.002,0.000,0.035,-0.003,0.000,0.000,-0.003,0.990,50.110
2510633390,2026-10-04 12:00:00,237.570,238.410,237.280,0.500,0.690,0.650,0.398,0.117,0.148,0.132,0.116,0.023,0.044,0.050,0.958,50.110
2510633391,2026-10-04 12:00:00,125.320,124.840,124.950,0.000,0.000,0.000,0.000,0.000,0.000,0.000,0.000,0.000,0.000,0.000,1.000,50.100
2510633393,2026-10-04 12:00:00,236.230,237.060,236.650,0.000,0.000,0.000,0.000,0.000,0.000,0.000,0.000,0.000,0.000,0.000,1.000,50.150
2510633395,2026-10-04 12:00:00,238.220,238.860,238.040,0.000,0.000,0.000,0.000,0.000,0.000,0.000,0.000,0.000,0.000,0.000,1.000,50.110
2510633396,2026-10-04 12:00:00,238.340,237.580,238.080,0.810,0.780,0.760,0.536,0.184,0.176,0.177,0.115,0.043,0.041,0.031,0.978,50.110
2510633397,2026-10-04 12:00:00,244.720,243.490,243.900,0.010,0.010,0.010,0.007,0.002,0.001,0.002,-0.003,-0.001,-0.001,0.000,0.945,50.120
2510633399,2026-10-04 12:00:00,234.360,234.190,233.310,0.440,0.560,0.550,0.364,0.103,0.132,0.128,-0.009,-0.002,-0.001,-0.004,0.998,50.120
2510633402,2026-10-04 12:00:00,234.750,234.860,236.200,0.060,0.080,0.180,0.073,0.012,0.018,0.042,0.022,0.006,0.006,0.009,0.951,50.150
2510633406,2026-10-04 12:00:00,234.480,234.280,233.330,0.010,0.010,0.010,0.003,0.001,0.001,0.000,-0.003,-0.001,0.000,-0.001,0.688,50.100
2510633411,2026-10-04 12:00:00,232.310,233.250,233.080,0.760,0.740,0.770,0.498,0.168,0.163,0.166,0.165,0.051,0.050,0.063,0.949,50.110
2510814977,2026-10-04 12:00:00,234.830,236.100,234.690,0.010,0.010,0.010,0.004,0.002,0.000,0.001,-0.004,-0.001,-0.001,-0.001,0.716,50.100
2610026950,2026-10-04 12:00:00,233.300,234.280,234.310,0.010,0.000,0.010,0.004,0.001,0.000,0.001,0.000,0.000,0.000,0.000,1.000,50.110
2610026952,2026-10-04 12:00:00,237.300,236.440,236.580,1.370,1.350,1.350,0.868,0.293,0.286,0.287,0.336,0.114,0.112,0.110,0.933,50.110
2610026963,2026-10-04 12:00:00,238.480,238.470,239.250,0.180,0.170,0.150,0.117,0.039,0.040,0.034,-0.030,-0.012,-0.008,-0.009,0.967,50.130
2610026966,2026-10-04 12:00:00,237.710,237.490,236.250,0.040,0.050,0.080,0.034,0.007,0.011,0.016,0.020,0.004,0.005,0.009,0.874,50.110
2610026977,2026-10-04 12:00:00,248.920,248.590,247.330,0.150,0.260,0.140,0.110,0.025,0.059,0.024,0.077,0.026,0.025,0.025,0.816,50.110
2610126270,2026-10-04 12:00:00,234.340,233.190,234.410,0.040,0.020,0.020,0.019,0.009,0.005,0.004,-0.005,-0.002,-0.001,-0.002,0.953,50.120
2610126451,2026-10-04 12:00:00,238.510,239.060,238.200,0.000,0.000,0.060,0.013,0.000,0.000,0.013,0.002,0.000,0.000,0.002,0.959,50.110
2610159557,2026-10-04 12:00:00,238.330,237.250,237.530,0.010,0.010,0.040,0.010,0.000,0.001,0.008,-0.004,-0.002,0.000,-0.001,0.938,50.100
2610159558,2026-10-04 12:00:00,237.200,237.570,238.310,0.010,0.020,0.010,0.010,0.003,0.004,0.002,0.000,0.000,0.000,0.000,1.000,50.110
2610170785,2026-10-04 12:00:00,238.170,237.080,237.440,0.010,0.000,0.000,0.001,0.001,0.000,0.000,0.000,0.000,0.000,0.000,0.967,50.110
2610170786,2026-10-04 12:00:00,237.110,237.360,238.090,0.720,0.740,0.750,0.537,0.173,0.176,0.174,0.112,0.035,0.035,0.041,0.975,50.140
2610170836,2026-10-04 12:00:00,237.890,238.190,238.880,0.000,0.010,0.000,0.001,0.000,0.001,0.000,0.000,0.000,0.000,0.000,0.711,50.120
2610170837,2026-10-04 12:00:00,236.070,234.440,234.560,0.000,0.000,0.040,0.008,0.000,0.000,0.008,0.000,0.000,0.000,0.000,1.000,50.120
2610170838,2026-10-04 12:00:00,238.180,236.980,237.470,0.000,0.060,0.050,0.026,0.000,0.015,0.011,0.000,0.000,0.000,-0.001,0.993,50.140
2610170839,2026-10-04 12:00:00,237.020,237.340,238.100,0.040,0.030,0.050,0.027,0.009,0.006,0.011,-0.001,-0.001,0.000,0.000,0.981,50.130
2610170840,2026-10-04 12:00:00,236.340,235.740,236.840,0.010,0.000,0.000,0.002,0.001,0.000,0.000,0.000,0.000,0.000,0.000,1.000,50.120
2610322967,2026-10-04 12:00:00,238.730,237.510,237.610,0.000,0.000,0.020,0.003,0.000,0.000,0.003,0.000,0.000,0.000,0.000,0.908,50.110
2610322969,2026-10-04 12:00:00,233.300,234.360,234.300,0.140,0.200,0.240,0.135,0.033,0.046,0.055,0.005,0.003,0.002,0.000,0.995,50.100
2610322982,2026-10-04 12:00:00,237.420,237.670,238.470,0.020,0.030,0.050,0.022,0.004,0.006,0.011,-0.005,-0.001,-0.001,-0.002,0.960,50.110
2610322992,2026-10-04 12:00:00,234.380,234.970,236.050,0.090,0.390,0.270,0.173,0.020,0.090,0.062,0.020,0.005,0.003,0.011,0.993,50.130
2610322995,2026-10-04 12:00:00,237.110,237.410,238.160,0.000,0.050,0.050,0.022,0.000,0.010,0.012,-0.008,0.000,-0.003,-0.003,0.948,50.110
2610322997,2026-10-04 12:00:00,233.900,234.400,233.530,1.080,1.130,0.820,0.640,0.247,0.221,0.170,0.254,0.043,0.134,0.075,0.927,50.120
2610323001,2026-10-04 12:00:00,233.350,231.920,231.980,1.890,1.800,1.920,1.108,0.373,0.354,0.380,0.662,0.222,0.220,0.222,0.858,50.120
2610323004,2026-10-04 12:00:00,65.080,64.590,65.040,0.100,0.080,0.100,0.017,0.006,0.005,0.006,0.002,0.001,0.000,0.000,1.000,50.110
2610323005,2026-10-04 12:00:00,234.470,233.430,234.530,0.000,0.000,0.000,0.001,0.000,0.001,0.000,0.000,0.000,0.000,0.000,0.960,50.110
2610323010,2026-10-04 12:00:00,236.870,236.410,236.040,0.090,0.000,0.000,0.018,0.018,0.000,0.000,-0.008,-0.008,0.000,0.000,0.927,50.110
2610323014,2026-10-04 12:00:00,237.970,238.090,238.810,0.070,0.000,0.010,0.018,0.015,0.000,0.002,-0.003,-0.002,0.000,-0.001,0.971,50.130
2610323016,2026-10-04 12:00:00,235.320,233.920,234.170,0.610,0.560,0.500,0.364,0.133,0.122,0.108,0.142,0.049,0.048,0.044,0.931,50.130
2610323017,2026-10-04 12:00:00,237.260,238.310,237.320,0.070,0.040,0.030,0.032,0.016,0.009,0.006,-0.009,-0.003,-0.002,-0.002,0.965,50.130
2610323019,2026-10-04 12:00:00,234.320,233.410,234.510,0.020,0.020,0.030,0.015,0.004,0.004,0.006,-0.004,-0.001,-0.001,-0.001,0.935,50.130
2610323027,2026-10-04 12:00:00,238.420,237.200,237.620,0.050,0.060,0.040,0.033,0.010,0.012,0.009,-0.009,-0.003,-0.003,-0.002,0.973,50.140
2411087433,2026-10-04 12:01:00,237.390,237.710,238.400,0.490,0.470,0.540,0.374,0.121,0.116,0.136,-0.001,0.000,-0.005,0.004,0.999,50.130
2510203114,2026-10-04 12:01:00,230.570,230.850,231.590,0.030,0.030,0.020,0.007,0.003,0.003,0.000,-0.016,-0.005,-0.007,-0.004,0.401,50.080
2510203123,2026-10-04 12:01:00,233.460,233.990,234.530,0.850,1.120,0.670,0.550,0.108,0.234,0.108,0.100,0.050,0.015,0.034,0.986,50.130
2610026976,2026-10-04 12:02:00,233.170,233.030,233.940,0.520,1.040,1.180,0.619,0.119,0.213,0.279,-0.038,-0.017,-0.001,-0.019,0.998,50.110
2246006313,2026-10-04 12:30:00,58.800,58.700,59.000,0.418,0.428,0.425,0.072,0.023,0.024,0.024,0.000,0.000,0.000,0.000,0.972,50.280
2410121326,2026-10-04 12:30:00,235.360,234.500,234.730,0.080,0.090,0.090,0.055,0.017,0.019,0.018,0.019,0.005,0.003,0.010,0.938,50.280
2410121353,2026-10-04 12:30:00,234.950,234.060,234.320,0.000,0.010,0.040,0.010,0.000,0.002,0.008,-0.002,0.000,0.000,0.000,0.995,50.250
2410121371,2026-10-04 12:30:00,235.230,234.240,234.460,0.030,0.010,0.030,0.016,0.007,0.000,0.007,-0.002,0.000,-0.001,0.000,1.000,50.280
2410121424,2026-10-04 12:30:00,235.120,234.270,234.490,0.010,0.010,0.010,0.004,0.000,0.001,0.002,-0.003,-0.001,-0.001,0.000,0.874,50.270
2410121440,2026-10-04 12:30:00,235.180,234.340,234.210,0.010,0.020,0.080,0.026,0.002,0.005,0.019,-0.001,-0.001,-0.002,0.002,0.989,50.280
2410121454,2026-10-04 12:30:00,234.530,235.240,234.360,0.080,0.110,0.130,0.073,0.018,0.025,0.030,0.015,0.006,0.006,0.003,0.979,50.280
2410121457,2026-10-04 12:30:00,233.290,232.330,232.900,1.660,1.580,1.430,1.024,0.365,0.341,0.316,0.335,0.116,0.124,0.093,0.950,50.290
2410121574,2026-10-04 12:30:00,235.210,234.100,234.340,0.280,0.200,0.200,0.156,0.065,0.045,0.045,-0.032,-0.008,-0.010,-0.013,0.981,50.260
2410131378,2026-10-04 12:30:00,234.180,234.680,233.820,0.650,0.730,0.720,0.486,0.151,0.164,0.162,0.100,0.022,0.030,0.046,0.986,50.270
2410131383,2026-10-04 12:30:00,237.880,237.110,236.890,0.040,0.020,0.040,0.024,0.009,0.005,0.009,-0.004,0.000,-0.001,-0.002,0.967,50.300
2410131384,2026-10-04 12:30:00,238.330,239.110,238.110,0.030,0.060,0.060,0.034,0.007,0.014,0.012,0.005,0.000,0.001,0.003,0.983,50.310
2410883988,2026-10-04 12:30:00,235.340,234.090,235.280,0.000,0.000,0.060,0.014,0.000,0.000,0.014,0.000,0.000,0.000,0.000,0.984,50.300
2410883990,2026-10-04 12:30:00,233.710,234.840,234.900,0.080,0.000,0.070,0.037,0.019,0.000,0.017,0.001,0.001,0.000,0.000,0.991,50.250
2410883991,2026-10-04 12:30:00,238.270,238.540,239.400,0.060,0.110,0.110,0.065,0.013,0.026,0.025,0.000,-0.001,0.001,0.000,1.000,50.300
2410883993,2026-10-04 12:30:00,238.410,237.390,237.620,0.420,0.260,0.490,0.277,0.100,0.062,0.116,0.003,0.000,-0.002,0.006,0.999,50.270
2410883994,2026-10-04 12:30:00,239.130,237.970,238.450,0.020,0.010,0.020,0.010,0.003,0.002,0.004,-0.003,-0.001,0.000,0.000,0.960,50.310
2410932742,2026-10-04 12:30:00,231.030,229.470,229.390,3.270,3.220,3.320,2.103,0.707,0.689,0.706,0.558,0.183,0.178,0.196,0.966,50.290
2411087432,2026-10-04 12:30:00,235.440,236.130,235.310,0.040,0.030,0.090,0.035,0.009,0.006,0.019,-0.003,0.004,-0.004,-0.004,1.000,50.300
2411087433,2026-10-04 12:30:00,238.020,238.330,239.000,0.440,0.440,0.480,0.305,0.096,0.097,0.104,-0.015,-0.007,-0.007,0.000,0.997,50.280
2411290205,2026-10-04 12:30:00,237.190,236.610,237.670,0.120,0.200,0.120,0.104,0.028,0.046,0.028,0.010,0.001,0.007,0.001,0.994,50.290
2510014481,2026-10-04 12:30:00,229.760,229.760,231.030,1.890,1.900,2.040,1.232,0.400,0.398,0.432,0.416,0.133,0.142,0.134,0.945,50.270
2510014482,2026-10-04 12:30:00,235.640,236.190,235.410,0.010,0.040,0.000,0.011,0.002,0.009,0.000,0.000,-0.001,0.001,0.000,0.973,50.290
2510014483,2026-10-04 12:30:00,237.630,237.940,238.700,0.050,0.040,0.050,0.023,0.009,0.005,0.007,-0.021,-0.006,-0.006,-0.008,0.738,50.260
2510014484,2026-10-04 12:30:00,236.960,236.380,237.600,0.080,0.100,0.050,0.054,0.018,0.024,0.012,0.000,0.000,0.000,0.000,0.999,50.280
2510178139,2026-10-04 12:30:00,235.400,236.090,235.190,0.080,0.090,0.110,0.065,0.017,0.021,0.026,0.005,0.003,0.003,-0.001,0.999,50.290
2510203103,2026-10-04 12:30:00,227.580,226.020,226.040,0.090,0.110,0.130,0.073,0.019,0.025,0.028,-0.010,-0.003,-0.003,-0.003,0.986,50.320
2510203104,2026-10-04 12:30:00,231.920,232.140,232.910,0.140,0.200,0.160,0.113,0.033,0.044,0.036,0.020,-0.002,0.011,0.010,0.985,50.290
2510203105,2026-10-04 12:30:00,232.960,231.280,231.540,0.850,1.010,0.870,0.645,0.203,0.237,0.204,-0.011,-0.007,0.000,-0.004,1.000,50.290
2510203106,2026-10-04 12:30:00,236.620,236.110,237.230,0.010,0.010,0.000,0.006,0.001,0.003,0.000,-0.002,-0.001,0.000,0.000,0.860,50.280
2510203107,2026-10-04 12:30:00,224.710,224.250,225.280,0.490,0.520,0.440,0.296,0.100,0.107,0.089,0.131,0.042,0.045,0.043,0.914,50.250
2510203108,2026-10-04 12:30:00,235.450,235.940,235.060,0.580,0.820,1.100,0.575,0.126,0.194,0.254,0.068,0.020,0.024,0.023,0.993,50.350
2510203109,2026-10-04 12:30:00,237.890,238.720,237.570,0.090,0.070,0.060,0.046,0.017,0.015,0.013,0.010,0.010,-0.002,0.002,0.974,50.300
2510203111,2026-10-04 12:30:00,234.450,234.930,235.440,1.810,1.580,1.990,1.176,0.390,0.340,0.447,0.296,0.128,0.083,0.085,0.970,50.310
2510203113,2026-10-04 12:30:00,237.660,237.060,236.810,0.220,0.260,0.300,0.181,0.052,0.060,0.069,-0.034,-0.005,-0.014,-0.014,0.980,50.300
2510203114,2026-10-04 12:30:00,231.730,232.070,232.790,0.030,0.050,0.020,0.013,0.004,0.008,0.000,-0.017,-0.004,-0.008,-0.004,0.627,50.290
2510203117,2026-10-04 12:30:00,234.000,235.130,235.130,0.120,0.320,0.010,0.106,0.028,0.075,0.002,-0.009,-0.001,-0.006,-0.001,0.995,50.320
2510203120,2026-10-04 12:30:00,238.490,237.410,237.720,0.910,0.740,0.790,0.539,0.201,0.161,0.176,0.210,0.076,0.067,0.065,0.931,50.340
2510203121,2026-10-04 12:30:00,234.780,234.740,233.630,0.020,0.020,0.100,0.029,0.003,0.003,0.022,-0.008,-0.001,-0.001,-0.005,0.961,50.260
2510203122,2026-10-04 12:30:00,235.120,235.950,235.350,0.090,0.010,0.010,0.016,0.013,0.002,0.000,0.011,0.015,-0.002,-0.001,0.791,50.290
2510203123,2026-10-04 12:30:00,234.240,234.740,235.300,1.810,1.990,1.560,0.891,0.307,0.359,0.206,0.551,0.195,0.171,0.184,0.854,50.300
2510203124,2026-10-04 12:30:00,235.010,235.290,234.470,0.520,0.540,0.550,0.408,0.177,0.182,0.167,0.106,0.028,0.040,0.037,0.958,50.310
2510203125,2026-10-04 12:30:00,236.670,237.660,237.070,0.070,0.010,0.070,0.035,0.016,0.002,0.016,-0.007,-0.003,-0.002,-0.001,0.973,50.270
2510203126,2026-10-04 12:30:00,234.980,234.900,233.940,0.060,0.000,0.000,0.014,0.014,0.000,0.000,0.000,0.000,0.000,0.000,0.974,50.270
2510203127,2026-10-04 12:30:00,234.800,235.300,234.510,0.250,0.310,0.220,0.157,0.048,0.064,0.044,0.091,0.030,0.034,0.025,0.866,50.270
2510203128,2026-10-04 12:30:00,237.850,238.390,236.730,1.540,1.530,1.630,1.079,0.355,0.351,0.373,0.114,0.022,0.034,0.057,0.994,50.340
2510203130,2026-10-04 12:30:00,243.650,243.620,245.200,0.000,0.030,0.060,0.023,0.000,0.007,0.015,0.000,0.000,0.000,0.001,1.000,50.310
2510203133,2026-10-04 12:30:00,235.310,235.940,235.160,0.030,0.020,0.000,0.010,0.006,0.003,0.000,-0.002,0.000,-0.001,0.000,0.989,50.300
2510203134,2026-10-04 12:30:00,239.470,238.220,238.490,0.020,0.010,0.010,0.007,0.004,0.002,0.001,-0.001,0.000,-0.001,0.000,0.977,50.280
2510224049,2026-10-04 12:30:00,234.770,233.470,234.690,0.340,3.710,0.130,0.900,0.070,0.810,0.010,0.230,0.000,0.250,-0.020,0.967,50.260
2510224167,2026-10-04 12:30:00,234.710,234.550,233.460,0.730,0.120,0.360,0.170,0.090,0.010,0.050,-0.160,-0.080,-0.020,-0.050,0.724,50.280
2510317505,2026-10-04 12:30:00,234.740,234.650,233.530,0.090,0.030,2.120,0.270,0.010,0.000,0.250,-0.260,-0.010,0.000,-0.240,0.724,50.270
2510317516,2026-10-04 12:30:00,234.910,234.790,233.660,0.000,0.000,0.000,0.000,0.000,0.000,0.000,0.000,0.000,0.000,0.000,1.000,50.290
2510317537,2026-10-04 12:30:00,237.280,237.340,238.220,2.570,2.200,2.280,1.460,0.530,0.440,0.480,-0.270,-0.070,-0.090,-0.090,0.985,50.280
2510389559,2026-10-04 12:30:00,237.500,236.930,237.960,0.000,0.000,0.000,0.000,0.000,0.000,0.000,0.000,0.000,0.000,0.000,1.000,50.310
2510389643,2026-10-04 12:30:00,237.280,236.680,237.690,1.970,0.000,0.000,0.340,0.340,0.000,0.000,-0.040,-0.040,0.000,0.000,0.992,50.260
2510389931,2026-10-04 12:30:00,236.390,235.750,237.000,0.050,0.000,0.000,0.000,0.000,0.000,0.000,-0.010,-0.010,0.000,0.000,0.177,50.250
2510633381,2026-10-04 12:30:00,238.700,237.540,237.950,0.060,0.040,0.010,0.024,0.012,0.009,0.001,-0.010,-0.005,-0.003,-0.001,0.933,50.280
2510633382,2026-10-04 12:30:00,235.790,236.820,236.220,0.540,0.630,0.610,0.387,0.114,0.137,0.135,0.075,0.025,0.026,0.024,0.985,50.260
2510633383,2026-10-04 12:30:00,234.820,234.880,235.490,0.110,0.080,0.080,0.024,0.006,0.007,0.009,-0.058,-0.024,-0.017,-0.017,0.384,50.270
2510633385,2026-10-04 12:30:00,236.970,236.350,237.310,0.070,0.130,0.160,0.078,0.015,0.028,0.033,0.019,0.000,0.005,0.014,0.968,50.270
2510633386,2026-10-04 12:30:00,222.690,223.060,223.800,0.030,0.020,0.010,0.012,0.005,0.003,0.003,0.003,0.002,0.000,0.000,0.925,50.250
2510633390,2026-10-04 12:30:00,237.140,238.080,236.870,0.120,0.170,0.160,0.095,0.025,0.035,0.034,0.047,0.012,0.017,0.017,0.896,50.300
2510633391,2026-10-04 12:30:00,123.470,123.020,123.110,0.000,0.000,0.000,0.000,0.000,0.000,0.000,0.000,0.000,0.000,0.000,1.000,50.300
2510633393,2026-10-04 12:30:00,235.730,236.760,235.140,0.000,0.000,0.000,0.000,0.000,0.000,0.000,0.000,0.000,0.000,0.000,1.000,50.280
2510633395,2026-10-04 12:30:00,235.120,235.770,234.860,0.000,0.000,0.000,0.000,0.000,0.000,0.000,0.000,0.000,0.000,0.000,1.000,50.290
2510633396,2026-10-04 12:30:00,234.590,233.900,234.330,0.870,0.870,0.840,0.585,0.199,0.196,0.190,0.112,0.042,0.040,0.031,0.982,50.280
2510633402,2026-10-04 12:30:00,230.700,230.570,232.140,0.060,0.060,0.140,0.057,0.012,0.013,0.031,0.019,0.004,0.006,0.008,0.951,50.270
2510633406,2026-10-04 12:30:00,234.900,234.780,233.750,0.010,0.010,0.010,0.003,0.001,0.001,0.000,-0.003,-0.001,0.000,-0.001,0.689,50.280
2510633411,2026-10-04 12:30:00,232.920,234.040,233.900,0.640,0.610,0.630,0.410,0.141,0.133,0.135,0.130,0.039,0.040,0.050,0.953,50.300
2510814977,2026-10-04 12:30:00,231.380,232.720,231.340,0.020,0.010,0.010,0.005,0.003,0.000,0.001,-0.002,0.000,-0.001,-0.001,0.931,50.270
2610026950,2026-10-04 12:30:00,233.660,234.820,234.820,0.010,0.000,0.010,0.005,0.002,0.000,0.002,0.000,0.000,0.000,0.000,1.000,50.270
2610026952,2026-10-04 12:30:00,234.590,233.600,233.810,1.210,1.170,1.160,0.739,0.253,0.241,0.244,0.291,0.098,0.100,0.091,0.930,50.270
2610026963,2026-10-04 12:30:00,235.240,235.180,236.000,0.130,0.100,0.080,0.071,0.029,0.023,0.018,-0.020,-0.009,-0.004,-0.006,0.968,50.280
2610026976,2026-10-04 12:30:00,234.940,234.840,235.700,0.630,0.890,1.010,0.577,0.144,0.197,0.235,-0.039,-0.018,0.000,-0.022,0.998,50.280
2610026977,2026-10-04 12:30:00,248.040,247.650,246.370,0.150,0.260,0.140,0.110,0.025,0.059,0.025,0.074,0.026,0.024,0.024,0.829,50.290
2610126451,2026-10-04 12:30:00,235.360,235.950,235.090,0.000,0.000,0.080,0.019,0.000,0.000,0.019,0.001,0.000,0.000,0.001,0.975,50.290
2610159558,2026-10-04 12:30:00,237.600,237.990,238.750,0.040,0.020,0.010,0.014,0.008,0.003,0.002,0.000,0.000,0.000,0.000,1.000,50.270
2610170785,2026-10-04 12:30:00,238.610,237.470,237.890,0.010,0.000,0.000,0.001,0.001,0.000,0.000,0.000,0.000,0.000,0.000,0.919,50.260
2610170786,2026-10-04 12:30:00,237.650,237.950,238.670,0.700,0.700,0.770,0.502,0.161,0.169,0.171,0.106,0.033,0.032,0.039,0.972,50.270
2610170836,2026-10-04 12:30:00,235.050,235.380,236.070,0.000,0.010,0.000,0.001,0.000,0.001,0.000,0.000,0.000,0.000,0.000,1.000,50.260
2610170837,2026-10-04 12:30:00,232.850,231.250,231.250,0.000,0.000,0.020,0.005,0.000,0.000,0.004,0.000,0.000,0.000,0.000,0.999,50.250
2610170838,2026-10-04 12:30:00,238.990,237.560,238.050,0.000,0.060,0.040,0.023,0.000,0.013,0.010,0.000,0.000,0.000,-0.001,0.984,50.290
2610170839,2026-10-04 12:30:00,237.450,237.750,238.580,0.040,0.030,0.050,0.028,0.009,0.007,0.011,-0.001,-0.001,0.000,0.000,0.998,50.250
2610170840,2026-10-04 12:30:00,236.440,235.810,237.070,0.010,0.000,0.000,0.002,0.001,0.000,0.000,0.000,0.000,0.000,0.000,1.000,50.250
2610322967,2026-10-04 12:30:00,239.160,237.900,238.020,0.000,0.000,0.010,0.002,0.000,0.000,0.002,0.000,0.000,0.000,0.000,1.000,50.270
2610322969,2026-10-04 12:30:00,233.680,234.720,234.750,0.110,0.150,0.150,0.097,0.026,0.036,0.035,0.002,0.002,0.001,-0.001,1.000,50.270
2610322982,2026-10-04 12:30:00,237.700,237.910,238.750,0.020,0.020,0.030,0.014,0.003,0.003,0.007,-0.006,-0.001,-0.002,-0.002,0.903,50.280
2610322992,2026-10-04 12:30:00,231.310,231.690,232.650,0.100,0.350,0.210,0.146,0.020,0.079,0.046,0.030,0.010,0.005,0.014,0.981,50.260
2610322995,2026-10-04 12:30:00,237.640,237.930,238.750,0.000,0.040,0.040,0.015,0.000,0.008,0.007,-0.008,0.000,-0.004,-0.003,0.860,50.260
2610322997,2026-10-04 12:30:00,230.730,231.340,230.540,1.000,1.090,0.730,0.580,0.221,0.211,0.146,0.239,0.041,0.124,0.073,0.922,50.260
2610323001,2026-10-04 12:30:00,230.470,228.990,228.960,1.650,1.620,1.690,0.938,0.311,0.303,0.324,0.638,0.211,0.215,0.211,0.827,50.260
2610323004,2026-10-04 12:30:00,64.180,63.660,64.110,0.090,0.070,0.090,0.015,0.005,0.004,0.005,0.000,0.000,0.000,0.000,0.994,50.270
2610323005,2026-10-04 12:30:00,234.820,233.680,234.900,0.000,0.000,0.000,0.001,0.000,0.001,0.000,0.000,0.000,0.000,0.000,0.944,50.260
2610323010,2026-10-04 12:30:00,237.050,236.460,235.980,0.090,0.000,0.000,0.019,0.019,0.000,0.000,-0.007,-0.007,0.000,0.000,0.926,50.270
2610323014,2026-10-04 12:30:00,235.220,235.340,236.070,0.070,0.000,0.010,0.018,0.016,0.000,0.002,-0.003,-0.002,0.000,0.000,0.961,50.250
2610323016,2026-10-04 12:30:00,232.200,230.850,230.900,0.630,0.580,0.520,0.373,0.137,0.125,0.110,0.136,0.045,0.047,0.043,0.940,50.260
2610323017,2026-10-04 12:30:00,237.820,238.700,237.730,0.050,0.020,0.020,0.018,0.009,0.004,0.004,-0.010,-0.004,-0.003,-0.002,0.890,50.280
2610323019,2026-10-04 12:30:00,234.610,233.760,234.910,0.020,0.060,0.030,0.022,0.003,0.013,0.005,-0.008,-0.001,-0.003,-0.002,0.951,50.270
2610323027,2026-10-04 12:30:00,238.930,237.660,238.100,0.030,0.030,0.030,0.018,0.005,0.007,0.005,-0.010,-0.003,-0.003,-0.003,0.864,50.280
2410131387,2026-10-04 12:31:00,234.840,236.130,235.840,0.030,0.010,0.020,0.010,0.005,0.002,0.002,-0.007,-0.002,-0.002,-0.002,0.794,50.170
2510178141,2026-10-04 12:31:00,234.020,234.170,234.810,0.020,0.010,0.020,0.007,0.002,0.000,0.004,-0.009,-0.004,-0.001,-0.003,0.592,50.280
2510633387,2026-10-04 12:31:00,234.200,234.920,234.100,0.010,0.000,0.150,0.036,0.001,0.000,0.034,-0.004,0.000,0.000,-0.004,0.985,50.240
2610159557,2026-10-04 12:31:00,237.810,236.700,237.070,0.010,0.010,0.020,0.005,0.000,0.001,0.003,-0.004,-0.002,0.000,-0.001,0.755,50.230
2510633397,2026-10-04 12:32:00,244.110,242.810,243.310,0.010,0.010,0.010,0.006,0.001,0.001,0.002,-0.004,-0.001,0.000,-0.001,0.797,50.180
2510633399,2026-10-04 12:32:00,234.340,234.150,233.120,0.440,0.550,0.560,0.359,0.102,0.127,0.129,-0.010,-0.003,-0.002,-0.004,0.998,50.210
2610026966,2026-10-04 12:32:00,236.770,236.530,235.120,0.050,0.040,0.080,0.033,0.009,0.008,0.015,0.018,0.005,0.003,0.009,0.880,50.160
2610126270,2026-10-04 12:32:00,234.510,233.400,234.660,0.040,0.030,0.020,0.019,0.008,0.005,0.004,-0.005,-0.002,-0.001,-0.002,0.956,50.230
2246006313,2026-10-04 13:00:00,58.800,58.700,59.000,0.385,0.391,0.389,0.066,0.021,0.022,0.022,0.000,0.000,0.000,0.000,0.956,50.260
2410121326,2026-10-04 13:00:00,233.240,232.340,232.570,0.080,0.080,0.090,0.054,0.017,0.019,0.017,0.020,0.006,0.002,0.010,0.938,50.270
2410121353,2026-10-04 13:00:00,232.800,231.850,232.160,0.000,0.010,0.030,0.010,0.000,0.002,0.007,-0.002,0.000,0.000,0.000,0.961,50.250
2410121371,2026-10-04 13:00:00,232.840,231.760,231.980,0.030,0.010,0.030,0.015,0.007,0.000,0.007,-0.002,0.000,-0.001,0.000,0.975,50.240
2410121424,2026-10-04 13:00:00,232.590,231.690,231.890,0.010,0.010,0.010,0.004,0.000,0.001,0.002,-0.003,-0.001,-0.001,0.000,0.853,50.240
2410121440,2026-10-04 13:00:00,232.670,231.760,231.960,0.010,0.020,0.010,0.009,0.002,0.005,0.002,-0.003,-0.001,-0.002,0.000,0.950,50.250
2410121454,2026-10-04 13:00:00,231.890,232.690,231.720,0.080,0.110,0.130,0.069,0.016,0.023,0.028,0.011,0.004,0.004,0.002,0.992,50.240
2410121457,2026-10-04 13:00:00,231.190,230.210,230.790,1.610,1.560,1.390,0.997,0.353,0.337,0.305,0.294,0.104,0.110,0.079,0.959,50.250
2410121574,2026-10-04 13:00:00,232.990,231.750,232.000,0.200,0.170,0.160,0.115,0.045,0.036,0.033,-0.036,-0.010,-0.013,-0.012,0.956,50.250
2410131378,2026-10-04 13:00:00,231.560,232.090,231.190,0.730,0.880,0.780,0.532,0.147,0.188,0.173,0.159,0.039,0.053,0.065,0.960,50.240
2410131383,2026-10-04 13:00:00,236.250,235.170,234.850,0.040,0.020,0.040,0.022,0.009,0.003,0.009,-0.004,0.000,-0.001,-0.002,0.975,50.290
2410131384,2026-10-04 13:00:00,237.010,237.840,236.710,0.070,0.060,0.050,0.041,0.015,0.014,0.011,0.009,0.003,0.001,0.004,0.984,50.260
2410131387,2026-10-04 13:00:00,234.000,235.150,234.510,0.020,0.010,0.020,0.009,0.005,0.002,0.002,-0.007,-0.002,-0.002,-0.002,0.824,50.270
2410883988,2026-10-04 13:00:00,235.200,234.040,235.180,0.000,0.000,0.070,0.017,0.000,0.000,0.016,-0.001,0.000,0.000,-0.001,1.000,50.250
2410883990,2026-10-04 13:00:00,233.530,234.660,234.680,0.080,0.000,0.070,0.036,0.019,0.000,0.015,0.001,0.001,0.000,0.000,1.000,50.230
2410883991,2026-10-04 13:00:00,236.430,236.750,237.560,0.020,0.030,0.070,0.028,0.004,0.006,0.017,0.003,0.000,0.001,0.002,1.000,50.300
2410883993,2026-10-04 13:00:00,237.180,236.190,236.430,0.340,0.230,0.450,0.238,0.078,0.052,0.107,0.009,0.006,-0.003,0.003,0.997,50.250
2410883994,2026-10-04 13:00:00,237.560,236.440,236.880,0.010,0.010,0.050,0.015,0.003,0.001,0.010,-0.002,-0.001,0.000,0.000,0.962,50.260
2410932742,2026-10-04 13:00:00,229.510,227.830,227.970,3.170,3.180,3.310,2.055,0.680,0.675,0.702,0.548,0.182,0.173,0.193,0.966,50.270
2411087433,2026-10-04 13:00:00,236.810,237.190,237.820,0.400,0.400,0.420,0.306,0.100,0.100,0.106,-0.032,-0.009,-0.019,-0.002,0.992,50.250
2411290205,2026-10-04 13:00:00,235.330,234.840,236.060,0.130,0.170,0.120,0.097,0.031,0.038,0.028,0.012,0.003,0.007,0.001,0.988,50.300
2510014481,2026-10-04 13:00:00,228.690,228.730,230.040,1.640,1.640,1.730,0.988,0.326,0.322,0.340,0.310,0.092,0.106,0.108,0.952,50.240
2510014482,2026-10-04 13:00:00,232.840,233.490,232.550,0.010,0.040,0.000,0.011,0.002,0.009,0.000,-0.001,-0.001,0.001,0.000,0.966,50.250
2510014483,2026-10-04 13:00:00,236.200,236.540,237.270,0.050,0.040,0.060,0.027,0.009,0.007,0.010,-0.021,-0.006,-0.006,-0.009,0.795,50.230
2510014484,2026-10-04 13:00:00,235.300,234.790,236.180,0.070,0.100,0.050,0.051,0.016,0.023,0.011,0.001,0.000,0.001,0.000,1.000,50.250
2510178139,2026-10-04 13:00:00,233.050,233.760,232.770,0.070,0.090,0.110,0.064,0.016,0.020,0.026,0.002,0.001,0.003,-0.002,1.000,50.250
2510178141,2026-10-04 13:00:00,232.640,232.810,233.470,0.020,0.010,0.020,0.006,0.002,0.000,0.003,-0.009,-0.004,-0.001,-0.002,0.576,50.250
2510203104,2026-10-04 13:00:00,230.690,230.820,231.560,0.130,0.200,0.140,0.105,0.028,0.044,0.032,0.012,-0.005,0.009,0.008,0.994,50.260
2510203105,2026-10-04 13:00:00,231.460,229.640,230.160,0.850,1.150,0.930,0.670,0.195,0.262,0.211,-0.027,-0.009,-0.007,-0.010,0.998,50.250
2510203106,2026-10-04 13:00:00,234.910,234.450,235.730,0.010,0.010,0.000,0.006,0.001,0.003,0.000,-0.002,-0.001,0.000,0.000,0.864,50.260
2510203107,2026-10-04 13:00:00,222.610,221.860,223.290,1.650,1.650,1.500,0.973,0.336,0.333,0.304,0.268,0.077,0.103,0.088,0.964,50.230
2510203108,2026-10-04 13:00:00,232.780,233.240,232.410,0.520,0.790,0.750,0.513,0.135,0.191,0.186,0.096,0.025,0.042,0.028,0.988,50.250
2510203109,2026-10-04 13:00:00,236.560,237.350,236.200,0.080,0.070,0.050,0.042,0.015,0.015,0.011,0.009,0.009,-0.002,0.001,0.973,50.250
2510203111,2026-10-04 13:00:00,232.100,232.700,233.160,1.790,1.580,2.000,1.164,0.382,0.338,0.443,0.283,0.123,0.076,0.083,0.971,50.260
2510203114,2026-10-04 13:00:00,230.510,230.800,231.510,0.030,0.040,0.020,0.011,0.003,0.007,0.000,-0.017,-0.005,-0.007,-0.004,0.554,50.250
2510203117,2026-10-04 13:00:00,233.920,235.070,234.950,0.080,0.220,0.050,0.078,0.017,0.050,0.010,-0.007,0.000,-0.008,0.000,0.999,50.260
2510203120,2026-10-04 13:00:00,236.880,235.740,236.120,1.010,0.840,0.900,0.593,0.220,0.177,0.195,0.231,0.086,0.073,0.071,0.932,50.250
2510203121,2026-10-04 13:00:00,234.820,234.770,233.620,0.020,0.020,0.110,0.029,0.003,0.003,0.023,-0.008,-0.001,-0.001,-0.005,0.965,50.250
2510203122,2026-10-04 13:00:00,232.830,233.570,232.680,0.100,0.010,0.010,0.017,0.014,0.002,0.000,0.013,0.016,-0.001,0.000,0.780,50.260
2510203123,2026-10-04 13:00:00,231.880,232.430,232.990,1.610,1.970,1.940,0.704,0.314,0.216,0.173,0.202,0.079,0.049,0.066,0.977,50.260
2510203124,2026-10-04 13:00:00,232.380,232.600,231.820,0.740,0.770,0.720,0.483,0.158,0.168,0.155,0.112,0.031,0.040,0.040,0.974,50.250
2510203125,2026-10-04 13:00:00,235.140,236.380,235.500,0.070,0.010,0.060,0.033,0.015,0.002,0.015,-0.007,-0.003,-0.002,-0.001,0.971,50.250
2510203126,2026-10-04 13:00:00,234.920,234.850,233.820,0.070,0.000,0.000,0.016,0.016,0.000,0.000,-0.001,-0.001,0.000,0.000,0.993,50.270
2510203127,2026-10-04 13:00:00,232.570,233.260,232.440,0.240,0.330,0.220,0.158,0.048,0.066,0.043,0.095,0.029,0.040,0.024,0.856,50.280
2510203128,2026-10-04 13:00:00,236.320,236.900,235.320,1.560,1.530,1.600,1.076,0.360,0.351,0.365,0.116,0.023,0.035,0.057,0.994,50.260
2510203130,2026-10-04 13:00:00,241.850,241.950,243.530,0.000,0.030,0.060,0.023,0.000,0.007,0.015,0.000,0.000,0.000,0.001,1.000,50.250
2510203133,2026-10-04 13:00:00,232.760,233.420,232.590,0.020,0.020,0.050,0.020,0.004,0.003,0.012,-0.002,0.000,-0.001,0.000,0.978,50.240
2510203134,2026-10-04 13:00:00,237.990,236.740,237.040,0.020,0.010,0.010,0.007,0.004,0.001,0.001,-0.001,0.000,-0.001,0.000,0.975,50.260
2510224049,2026-10-04 13:00:00,234.520,233.320,234.590,0.340,3.920,0.130,0.940,0.070,0.850,0.010,0.200,0.000,0.230,-0.020,0.975,50.230
2510224167,2026-10-04 13:00:00,234.760,234.560,233.600,0.730,0.120,0.360,0.170,0.090,0.010,0.050,-0.160,-0.080,-0.020,-0.050,0.723,50.250
2510317505,2026-10-04 13:00:00,234.740,234.680,233.570,0.090,0.030,2.130,0.270,0.010,0.000,0.250,-0.260,-0.010,0.000,-0.240,0.724,50.250
2510317516,2026-10-04 13:00:00,234.870,234.840,233.640,0.000,0.000,0.000,0.000,0.000,0.000,0.000,0.000,0.000,0.000,0.000,1.000,50.250
2510317537,2026-10-04 13:00:00,236.410,236.460,237.280,2.420,2.520,2.210,1.720,0.590,0.590,0.520,-0.290,-0.090,-0.100,-0.080,0.984,50.250
2510389559,2026-10-04 13:00:00,235.590,235.150,236.250,0.000,0.000,0.000,0.000,0.000,0.000,0.000,0.000,0.000,0.000,0.000,1.000,50.240
2510389643,2026-10-04 13:00:00,235.670,235.220,236.270,1.710,0.000,0.000,0.250,0.250,0.000,0.000,-0.070,-0.070,0.000,0.000,0.962,50.240
2510633381,2026-10-04 13:00:00,237.320,236.160,236.560,0.060,0.040,0.010,0.023,0.012,0.008,0.001,-0.012,-0.005,-0.004,-0.001,0.885,50.250
2510633382,2026-10-04 13:00:00,233.500,234.820,233.930,0.750,0.820,0.880,0.501,0.152,0.168,0.172,0.232,0.077,0.077,0.076,0.914,50.240
2510633383,2026-10-04 13:00:00,232.370,232.560,233.290,0.110,0.080,0.090,0.023,0.006,0.007,0.009,-0.059,-0.023,-0.017,-0.018,0.369,50.260
2510633385,2026-10-04 13:00:00,234.930,234.540,235.640,0.100,0.030,0.150,0.061,0.024,0.005,0.031,0.010,-0.002,-0.001,0.014,0.989,50.240
2510633386,2026-10-04 13:00:00,221.540,221.890,222.650,0.030,0.020,0.020,0.014,0.006,0.003,0.003,0.003,0.002,0.000,0.000,1.000,50.230
2510633387,2026-10-04 13:00:00,231.860,232.600,231.740,0.010,0.000,0.140,0.035,0.001,0.000,0.033,-0.004,0.000,0.000,-0.004,0.983,50.230
2510633390,2026-10-04 13:00:00,236.140,236.890,235.680,0.140,0.100,0.150,0.091,0.032,0.023,0.034,0.008,0.000,0.005,0.002,0.996,50.260
2510633391,2026-10-04 13:00:00,122.280,121.770,121.860,0.000,0.000,0.000,0.000,0.000,0.000,0.000,0.000,0.000,0.000,0.000,1.000,50.280
2510633393,2026-10-04 13:00:00,234.360,235.590,234.810,0.000,0.000,0.000,0.000,0.000,0.000,0.000,0.000,0.000,0.000,0.000,1.000,50.250
2510633395,2026-10-04 13:00:00,232.640,233.330,232.450,0.000,0.000,0.000,0.000,0.000,0.000,0.000,0.000,0.000,0.000,0.000,1.000,50.250
2510633396,2026-10-04 13:00:00,232.470,231.760,232.260,0.940,0.910,0.920,0.635,0.219,0.207,0.208,0.132,0.050,0.050,0.035,0.978,50.270
2510633397,2026-10-04 13:00:00,243.080,241.790,242.230,0.020,0.010,0.010,0.009,0.004,0.001,0.002,-0.004,-0.002,-0.001,-0.001,0.907,50.270
2510633399,2026-10-04 13:00:00,234.780,234.630,233.640,0.410,0.510,0.530,0.337,0.095,0.118,0.123,-0.003,0.000,0.000,-0.002,0.998,50.260
2510633402,2026-10-04 13:00:00,229.380,229.470,230.990,0.030,0.040,0.110,0.040,0.007,0.008,0.024,0.010,0.001,0.003,0.005,0.967,50.240
2510633406,2026-10-04 13:00:00,234.840,234.700,233.710,0.010,0.010,0.010,0.003,0.001,0.001,0.000,-0.003,-0.001,0.000,-0.001,0.689,50.250
2510633411,2026-10-04 13:00:00,232.850,233.860,233.750,0.620,0.590,0.590,0.395,0.135,0.131,0.128,0.119,0.035,0.037,0.046,0.957,50.280
2510814977,2026-10-04 13:00:00,230.080,231.380,229.860,0.010,0.010,0.010,0.005,0.003,0.000,0.001,-0.002,0.000,-0.001,-0.001,0.904,50.260
2610026950,2026-10-04 13:00:00,233.730,234.780,234.750,0.000,0.000,0.010,0.005,0.001,0.000,0.003,0.000,0.000,0.000,0.000,1.000,50.250
2610026952,2026-10-04 13:00:00,231.190,230.320,230.480,1.720,1.670,1.700,1.044,0.353,0.341,0.350,0.480,0.164,0.161,0.155,0.908,50.250
2610026963,2026-10-04 13:00:00,232.690,232.650,233.530,0.270,0.170,0.250,0.157,0.061,0.039,0.056,-0.030,-0.013,-0.006,-0.010,0.980,50.260
2610026966,2026-10-04 13:00:00,236.240,235.980,234.630,0.040,0.050,0.070,0.033,0.007,0.011,0.014,0.017,0.003,0.005,0.008,0.904,50.240
2610026976,2026-10-04 13:00:00,232.540,232.470,233.300,0.360,0.700,0.860,0.433,0.082,0.151,0.199,-0.035,-0.013,-0.002,-0.019,0.997,50.260
2610026977,2026-10-04 13:00:00,247.340,246.900,245.720,0.150,0.260,0.140,0.109,0.025,0.058,0.025,0.073,0.025,0.023,0.024,0.830,50.270
2610126270,2026-10-04 13:00:00,234.630,233.450,234.740,0.030,0.030,0.020,0.017,0.007,0.005,0.004,-0.005,-0.002,-0.001,-0.002,0.939,50.240
2610126451,2026-10-04 13:00:00,233.130,233.640,232.780,0.000,0.030,0.070,0.018,0.000,0.003,0.014,0.009,0.000,0.006,0.002,0.901,50.250
2610159557,2026-10-04 13:00:00,237.480,236.360,236.690,0.020,0.030,0.030,0.016,0.003,0.006,0.007,-0.006,-0.002,-0.001,-0.002,0.937,50.250
2610159558,2026-10-04 13:00:00,236.300,236.670,237.450,0.000,0.010,0.010,0.005,0.001,0.002,0.001,0.000,0.000,0.000,0.000,1.000,50.250
2610170785,2026-10-04 13:00:00,237.210,236.060,236.520,0.010,0.010,0.000,0.003,0.001,0.001,0.000,0.001,0.000,0.000,0.000,0.882,50.240
2610170786,2026-10-04 13:00:00,236.410,236.780,237.480,0.380,0.360,0.430,0.327,0.092,0.090,0.098,0.068,0.023,0.020,0.025,0.980,50.250
2610170836,2026-10-04 13:00:00,232.420,232.790,233.490,0.000,0.010,0.000,0.001,0.000,0.001,0.000,0.000,0.000,0.000,0.000,1.000,50.230
2610170837,2026-10-04 13:00:00,231.200,229.490,229.770,0.000,0.000,0.020,0.004,0.000,0.000,0.004,0.000,0.000,0.000,0.000,0.906,50.240
2610170838,2026-10-04 13:00:00,237.490,236.220,236.720,0.000,0.050,0.120,0.040,0.000,0.011,0.028,0.000,0.000,0.000,-0.001,0.993,50.250
2610170839,2026-10-04 13:00:00,236.080,236.420,237.280,0.020,0.000,0.020,0.009,0.004,0.001,0.003,0.000,0.000,0.000,0.000,0.972,50.230
2610170840,2026-10-04 13:00:00,234.940,234.300,235.780,0.000,0.000,0.000,0.000,0.000,0.000,0.000,0.000,0.000,0.000,0.000,0.411,50.230
2610322967,2026-10-04 13:00:00,237.860,236.610,236.780,0.000,0.000,0.010,0.002,0.000,0.000,0.002,0.000,0.000,0.000,0.000,1.000,50.250
2610322969,2026-10-04 13:00:00,233.420,234.450,234.460,0.400,0.500,0.460,0.246,0.069,0.089,0.086,0.076,0.028,0.025,0.008,0.911,50.250
2610322982,2026-10-04 13:00:00,236.500,236.760,237.580,0.010,0.020,0.030,0.012,0.002,0.003,0.006,-0.006,-0.001,-0.001,-0.003,0.891,50.250
2610322992,2026-10-04 13:00:00,229.650,230.250,231.120,0.070,0.350,0.190,0.139,0.015,0.081,0.043,0.013,0.004,0.000,0.008,0.997,50.230
2610322995,2026-10-04 13:00:00,236.340,236.680,237.410,0.000,0.030,0.040,0.014,0.000,0.006,0.007,-0.008,0.000,-0.003,-0.003,0.835,50.250
2610322997,2026-10-04 13:00:00,229.150,229.610,228.630,1.120,1.250,0.940,0.727,0.257,0.266,0.207,0.258,0.037,0.133,0.087,0.942,50.230
2610323001,2026-10-04 13:00:00,228.870,227.270,227.370,1.800,1.690,1.830,1.037,0.350,0.322,0.360,0.613,0.203,0.205,0.203,0.861,50.250
2610323004,2026-10-04 13:00:00,63.770,63.260,63.730,0.150,0.130,0.150,0.026,0.008,0.007,0.009,0.003,0.001,0.001,0.000,1.000,50.250
2610323014,2026-10-04 13:00:00,232.520,232.700,233.390,0.070,0.000,0.010,0.017,0.015,0.000,0.002,-0.003,-0.002,0.000,0.000,0.962,50.240
2610323016,2026-10-04 13:00:00,230.530,229.080,229.300,0.620,0.570,0.510,0.326,0.121,0.108,0.095,0.211,0.071,0.072,0.067,0.838,50.240
2610323017,2026-10-04 13:00:00,236.590,237.360,236.440,0.050,0.020,0.020,0.018,0.009,0.004,0.004,-0.010,-0.004,-0.003,-0.002,0.888,50.250
2610323019,2026-10-04 13:00:00,234.680,233.830,234.960,0.060,0.020,0.030,0.022,0.012,0.004,0.005,-0.008,-0.003,-0.001,-0.002,0.938,50.250
2610323027,2026-10-04 13:00:00,237.570,236.320,236.800,0.030,0.030,0.030,0.018,0.005,0.007,0.005,-0.010,-0.003,-0.003,-0.003,0.863,50.240
2510203113,2026-10-04 13:01:00,235.450,234.670,234.460,0.200,0.230,0.270,0.156,0.045,0.050,0.059,-0.041,-0.007,-0.016,-0.017,0.965,50.250
2610323005,2026-10-04 13:01:00,234.650,233.420,234.580,0.000,0.000,0.000,0.001,0.000,0.001,0.000,0.000,0.000,0.000,0.000,0.969,50.280
2610323010,2026-10-04 13:01:00,235.530,234.620,234.220,0.070,0.000,0.000,0.014,0.014,0.000,0.000,-0.007,-0.007,0.000,0.000,0.857,50.250
2411087432,2026-10-04 13:02:00,231.860,232.660,231.650,0.040,0.030,0.130,0.032,0.008,0.005,0.019,-0.001,0.003,-0.004,0.000,0.998,50.270
2510203103,2026-10-04 13:02:00,225.320,223.590,223.770,0.040,0.060,0.080,0.037,0.007,0.012,0.017,-0.016,-0.006,-0.006,-0.004,0.906,50.240
2510389931,2026-10-04 13:02:00,234.400,233.680,235.190,0.050,0.000,0.000,0.000,0.000,0.000,0.000,-0.010,-0.010,0.000,0.000,0.169,50.270
2410320615,2026-10-04 13:28:00,233.750,234.830,234.590,0.220,0.250,0.190,0.153,0.052,0.057,0.043,0.022,0.006,0.008,0.007,0.991,50.030
2610026953,2026-10-04 13:28:00,234.300,233.740,234.920,0.000,0.000,0.000,0.022,0.010,0.006,0.011,0.000,0.000,0.000,0.000,0.965,50.060
2246006313,2026-10-04 13:30:00,58.600,58.500,58.800,0.372,0.387,0.375,0.064,0.020,0.021,0.020,0.000,0.000,0.000,0.000,0.954,50.100
2410121326,2026-10-04 13:30:00,233.590,232.700,233.010,0.080,0.080,0.080,0.052,0.017,0.019,0.015,0.016,0.004,0.002,0.008,0.958,50.130
2410121353,2026-10-04 13:30:00,233.370,232.580,232.870,0.000,0.010,0.040,0.011,0.000,0.002,0.008,-0.002,0.000,0.000,0.000,0.939,50.120
2410121371,2026-10-04 13:30:00,233.850,232.910,233.130,0.010,0.010,0.030,0.009,0.000,0.000,0.007,-0.002,0.000,-0.001,0.000,1.000,50.140
2410121424,2026-10-04 13:30:00,233.380,232.530,232.790,0.010,0.010,0.010,0.004,0.000,0.001,0.002,-0.003,-0.001,-0.001,0.000,0.862,50.060
2410121440,2026-10-04 13:30:00,233.630,232.780,233.000,0.010,0.020,0.010,0.009,0.002,0.004,0.002,-0.004,-0.001,-0.002,0.000,0.961,50.120
2410121454,2026-10-04 13:30:00,232.790,233.500,232.590,0.080,0.120,0.140,0.075,0.018,0.026,0.031,0.018,0.008,0.008,0.008,0.967,50.060
2410121457,2026-10-04 13:30:00,231.610,230.580,231.240,1.830,1.820,1.640,1.155,0.402,0.393,0.359,0.352,0.122,0.132,0.096,0.956,50.090
2410121574,2026-10-04 13:30:00,233.750,232.680,232.920,0.210,0.170,0.150,0.117,0.048,0.037,0.031,-0.036,-0.009,-0.013,-0.012,0.953,50.090
2410131383,2026-10-04 13:30:00,234.940,233.970,233.840,0.040,0.020,0.050,0.024,0.008,0.004,0.010,-0.004,0.000,-0.001,-0.002,0.985,50.110
2410131384,2026-10-04 13:30:00,235.260,235.980,234.900,0.030,0.050,0.040,0.028,0.007,0.012,0.008,0.001,0.000,-0.001,0.002,1.000,50.110
2410131387,2026-10-04 13:30:00,233.430,234.510,233.900,0.050,0.030,0.030,0.024,0.010,0.007,0.006,-0.005,-0.001,-0.001,-0.001,0.989,50.000
2410320615,2026-10-04 13:30:00,234.180,235.170,234.910,0.260,0.260,0.200,0.166,0.060,0.060,0.046,0.029,0.009,0.010,0.009,0.988,50.060
2410883988,2026-10-04 13:30:00,234.100,232.910,234.150,0.000,0.000,0.100,0.023,0.000,0.000,0.022,-0.001,0.000,0.000,0.000,1.000,50.060
2410883990,2026-10-04 13:30:00,232.810,233.930,233.910,0.080,0.000,0.000,0.020,0.018,0.000,0.000,0.001,0.001,0.000,0.000,0.976,50.070
2410883991,2026-10-04 13:30:00,234.800,235.100,235.870,0.020,0.020,0.110,0.035,0.003,0.005,0.025,0.004,0.000,0.001,0.003,0.979,50.060
2410883993,2026-10-04 13:30:00,235.350,234.310,234.560,0.270,0.170,0.470,0.188,0.061,0.019,0.107,0.014,0.003,0.000,0.011,0.995,50.100
2410883994,2026-10-04 13:30:00,235.970,234.780,235.320,0.010,0.010,0.010,0.006,0.003,0.001,0.002,-0.002,-0.001,0.000,0.000,0.873,50.070
2410932742,2026-10-04 13:30:00,231.650,230.090,230.050,3.110,3.130,3.270,2.039,0.674,0.669,0.695,0.555,0.178,0.176,0.201,0.965,50.110
2411087432,2026-10-04 13:30:00,233.270,233.890,233.040,0.030,0.030,0.080,0.032,0.007,0.006,0.018,-0.005,0.002,-0.004,-0.003,0.974,50.050
2411087433,2026-10-04 13:30:00,234.870,235.260,235.870,0.470,0.480,0.510,0.339,0.107,0.109,0.121,-0.023,-0.008,-0.016,0.001,0.996,50.100
2411290205,2026-10-04 13:30:00,234.260,233.830,235.070,0.120,0.140,0.110,0.083,0.026,0.031,0.025,0.010,0.002,0.007,0.000,0.988,50.060
2510014481,2026-10-04 13:30:00,230.220,230.380,231.490,2.250,2.170,2.330,1.203,0.392,0.390,0.420,0.519,0.167,0.173,0.179,0.912,50.100
2510014482,2026-10-04 13:30:00,233.340,233.880,233.010,0.010,0.040,0.000,0.011,0.002,0.009,0.000,0.000,-0.001,0.001,0.000,0.967,50.060
2510014483,2026-10-04 13:30:00,234.480,234.880,235.580,0.040,0.040,0.050,0.022,0.007,0.006,0.008,-0.020,-0.005,-0.005,-0.008,0.725,50.080
2510014484,2026-10-04 13:30:00,234.490,234.100,235.320,0.070,0.070,0.040,0.040,0.015,0.016,0.008,0.000,0.000,0.000,0.000,0.994,50.070
2510178139,2026-10-04 13:30:00,233.340,233.900,233.020,0.060,0.060,0.100,0.053,0.013,0.014,0.024,0.002,0.000,0.002,-0.001,0.996,50.110
2510178141,2026-10-04 13:30:00,233.110,233.320,233.880,0.020,0.010,0.020,0.007,0.002,0.000,0.004,-0.009,-0.004,-0.001,-0.003,0.599,50.050
2510203103,2026-10-04 13:30:00,228.010,226.560,226.630,0.050,0.070,0.070,0.041,0.011,0.014,0.016,-0.010,-0.004,-0.003,-0.002,0.975,50.130
2510203104,2026-10-04 13:30:00,229.060,229.260,230.000,0.180,0.210,0.140,0.116,0.036,0.047,0.032,0.014,-0.003,0.010,0.008,0.990,50.080
2510203105,2026-10-04 13:30:00,232.670,231.170,231.580,1.040,1.270,1.020,0.727,0.223,0.281,0.222,0.238,0.084,0.079,0.072,0.954,50.090
2510203106,2026-10-04 13:30:00,233.960,233.640,234.800,0.010,0.020,0.000,0.005,0.001,0.003,0.000,-0.002,-0.001,0.000,0.000,0.983,50.080
2510203107,2026-10-04 13:30:00,221.980,221.370,222.620,1.640,1.630,1.480,0.958,0.331,0.327,0.299,0.270,0.078,0.102,0.088,0.962,50.080
2510203108,2026-10-04 13:30:00,233.620,234.090,233.190,0.810,1.050,0.880,0.658,0.191,0.259,0.199,0.096,0.019,0.031,0.045,0.988,50.140
2510203109,2026-10-04 13:30:00,234.700,235.370,234.260,0.020,0.070,0.090,0.043,0.004,0.016,0.022,0.004,0.002,0.000,0.002,0.997,50.100
2510203111,2026-10-04 13:30:00,232.620,233.310,233.720,1.340,1.160,1.540,0.862,0.282,0.243,0.334,0.258,0.106,0.072,0.080,0.958,50.110
2510203113,2026-10-04 13:30:00,235.070,234.360,234.210,0.170,0.210,0.240,0.131,0.037,0.043,0.051,-0.055,-0.012,-0.021,-0.021,0.923,50.060
2510203114,2026-10-04 13:30:00,228.630,228.950,229.620,0.030,0.050,0.020,0.014,0.004,0.009,0.000,-0.016,-0.003,-0.007,-0.004,0.682,50.100
2510203117,2026-10-04 13:30:00,233.110,234.270,234.050,0.090,0.120,0.010,0.048,0.020,0.025,0.002,-0.008,0.002,-0.010,-0.001,0.977,50.130
2510203120,2026-10-04 13:30:00,235.310,234.130,234.790,0.780,0.610,0.670,0.441,0.169,0.128,0.144,0.180,0.067,0.057,0.054,0.925,50.130
2510203121,2026-10-04 13:30:00,234.040,233.980,232.850,0.020,0.020,0.100,0.030,0.003,0.003,0.023,-0.008,-0.001,-0.001,-0.005,0.960,50.090
2510203122,2026-10-04 13:30:00,233.460,234.100,233.240,0.030,0.010,0.010,0.007,0.004,0.002,0.000,0.002,0.005,-0.001,-0.001,0.905,50.070
2510203123,2026-10-04 13:30:00,232.650,233.200,233.680,1.380,0.880,0.810,1.005,0.312,0.353,0.339,0.220,0.104,0.060,0.097,0.941,50.080
2510203125,2026-10-04 13:30:00,234.180,235.230,234.440,0.080,0.030,0.090,0.046,0.018,0.007,0.020,0.008,0.002,0.003,0.003,0.984,50.100
2510203126,2026-10-04 13:30:00,234.020,233.930,232.920,0.100,0.000,0.000,0.023,0.023,0.000,0.000,-0.001,-0.001,0.000,0.000,1.000,50.130
2510203127,2026-10-04 13:30:00,233.100,233.740,232.910,0.240,0.310,0.220,0.153,0.047,0.062,0.043,0.089,0.030,0.033,0.025,0.865,50.130
2510203128,2026-10-04 13:30:00,234.810,235.250,233.710,1.580,1.580,1.600,1.084,0.360,0.361,0.360,0.116,0.025,0.038,0.052,0.994,50.130
2510203130,2026-10-04 13:30:00,244.220,244.300,245.710,0.000,0.030,0.010,0.009,0.000,0.006,0.002,0.000,0.000,0.000,0.000,1.000,50.120
2510203133,2026-10-04 13:30:00,233.260,233.880,233.080,0.020,0.020,0.000,0.009,0.004,0.003,0.000,-0.002,0.000,-0.001,0.000,0.939,50.050
2510224049,2026-10-04 13:30:00,233.780,232.550,233.870,0.340,3.830,0.130,0.930,0.070,0.840,0.010,0.210,0.000,0.230,-0.020,0.974,50.070
2510224167,2026-10-04 13:30:00,233.990,233.700,232.750,0.880,0.120,0.360,0.210,0.130,0.010,0.050,-0.180,-0.100,-0.020,-0.050,0.763,50.060
2510317505,2026-10-04 13:30:00,233.910,233.760,232.670,0.090,0.030,2.150,0.270,0.010,0.000,0.250,-0.250,-0.010,0.000,-0.240,0.734,50.130
2510317516,2026-10-04 13:30:00,234.160,233.990,232.930,0.000,0.000,0.000,0.000,0.000,0.000,0.000,0.000,0.000,0.000,0.000,1.000,50.060
2510317537,2026-10-04 13:30:00,234.660,234.660,235.560,2.480,2.420,2.320,1.470,0.490,0.500,0.480,-0.250,-0.060,-0.080,-0.080,0.985,50.060
2510389559,2026-10-04 13:30:00,234.650,234.320,235.470,0.000,0.000,0.000,0.000,0.000,0.000,0.000,0.000,0.000,0.000,0.000,1.000,50.060
2510389643,2026-10-04 13:30:00,234.780,234.450,235.590,1.750,0.000,0.000,0.250,0.250,0.000,0.000,-0.070,-0.070,0.000,0.000,0.958,50.070
2510633381,2026-10-04 13:30:00,235.470,234.300,234.660,0.060,0.040,0.020,0.023,0.012,0.008,0.002,-0.012,-0.006,-0.004,-0.001,0.945,50.130
2510633382,2026-10-04 13:30:00,232.760,233.870,233.030,0.660,0.710,0.750,0.476,0.146,0.160,0.170,0.166,0.056,0.055,0.054,0.942,50.120
2510633383,2026-10-04 13:30:00,232.750,232.930,233.590,0.110,0.080,0.090,0.025,0.006,0.007,0.010,-0.059,-0.023,-0.017,-0.018,0.387,50.130
2510633385,2026-10-04 13:30:00,234.430,234.090,235.240,0.060,0.020,0.020,0.022,0.013,0.005,0.004,-0.004,-0.001,-0.001,-0.001,0.987,50.090
2510633386,2026-10-04 13:30:00,220.090,220.480,221.180,0.030,0.020,0.020,0.012,0.005,0.003,0.003,0.003,0.002,0.000,0.000,0.953,50.110
2510633387,2026-10-04 13:30:00,232.700,233.310,232.570,0.010,0.000,0.150,0.035,0.001,0.000,0.033,-0.004,0.000,0.000,-0.004,0.992,50.090
2510633390,2026-10-04 13:30:00,234.380,235.140,233.960,0.630,0.750,0.670,0.499,0.156,0.184,0.158,0.105,0.022,0.037,0.046,0.977,50.080
2510633391,2026-10-04 13:30:00,122.490,122.020,122.130,0.000,0.000,0.000,0.000,0.000,0.000,0.000,0.000,0.000,0.000,0.000,1.000,50.100
2510633393,2026-10-04 13:30:00,233.170,234.230,233.530,0.680,0.720,0.650,0.464,0.153,0.164,0.146,0.090,0.028,0.029,0.031,0.981,50.120
2510633395,2026-10-04 13:30:00,232.970,233.550,232.710,0.000,0.000,0.000,0.000,0.000,0.000,0.000,0.000,0.000,0.000,0.000,1.000,50.120
2510633396,2026-10-04 13:30:00,232.960,232.240,232.760,1.040,1.010,0.990,0.677,0.231,0.223,0.221,0.126,0.046,0.046,0.034,0.984,50.130
2510633397,2026-10-04 13:30:00,241.300,240.000,240.510,0.010,0.010,0.010,0.006,0.002,0.001,0.002,-0.003,-0.001,-0.001,-0.001,0.848,50.080
2510633399,2026-10-04 13:30:00,233.870,233.660,232.730,0.390,0.500,0.490,0.323,0.091,0.117,0.114,0.000,0.000,0.001,-0.001,1.000,50.130
2510633402,2026-10-04 13:30:00,231.590,231.590,233.010,0.060,0.100,0.160,0.071,0.012,0.021,0.036,0.017,0.005,0.005,0.007,0.975,50.120
2510633406,2026-10-04 13:30:00,233.990,233.790,232.830,0.010,0.010,0.010,0.004,0.002,0.001,0.000,-0.004,-0.001,0.000,-0.001,0.685,50.100
2510633411,2026-10-04 13:30:00,231.860,232.940,232.720,0.660,0.640,0.660,0.431,0.149,0.140,0.142,0.143,0.043,0.044,0.055,0.948,50.120
2510814977,2026-10-04 13:30:00,232.090,233.280,231.950,0.010,0.010,0.010,0.005,0.002,0.000,0.001,-0.002,0.000,-0.001,-0.001,0.992,50.090
2610026952,2026-10-04 13:30:00,232.540,231.790,231.950,1.160,1.140,1.130,0.724,0.246,0.239,0.239,0.251,0.084,0.086,0.081,0.943,50.100
2610026953,2026-10-04 13:30:00,234.510,234.040,235.130,0.030,0.030,0.040,0.023,0.007,0.006,0.008,-0.004,-0.001,0.000,-0.001,1.000,50.100
2610026963,2026-10-04 13:30:00,233.100,233.100,233.870,0.330,0.230,0.300,0.194,0.074,0.051,0.068,-0.022,-0.010,-0.003,-0.008,0.995,50.130
2610026966,2026-10-04 13:30:00,235.890,235.650,234.450,0.040,0.040,0.080,0.032,0.008,0.008,0.015,0.019,0.005,0.004,0.009,0.859,50.130
2610026976,2026-10-04 13:30:00,232.960,232.630,233.580,0.420,0.870,0.930,0.479,0.096,0.166,0.215,0.013,-0.015,0.034,-0.005,1.000,50.130
2610026977,2026-10-04 13:30:00,246.720,246.440,245.230,0.150,0.140,0.140,0.076,0.025,0.025,0.024,0.074,0.025,0.024,0.024,0.717,50.110
2610126270,2026-10-04 13:30:00,233.900,232.730,234.000,0.030,0.030,0.020,0.019,0.006,0.008,0.004,-0.004,-0.001,0.000,-0.002,0.972,50.070
2610159557,2026-10-04 13:30:00,235.620,234.470,234.880,0.030,0.060,0.040,0.021,0.005,0.007,0.008,-0.006,-0.003,-0.001,-0.002,0.959,50.090
2610159558,2026-10-04 13:30:00,234.430,234.870,235.660,0.000,0.010,0.010,0.005,0.000,0.002,0.002,0.000,0.000,0.000,0.000,0.921,50.090
2610170785,2026-10-04 13:30:00,235.480,234.330,234.840,0.000,0.000,0.000,0.000,0.000,0.000,0.000,0.000,0.000,0.000,0.000,0.418,50.080
2610170786,2026-10-04 13:30:00,234.460,234.710,235.350,0.800,0.760,0.850,0.514,0.168,0.167,0.178,0.131,0.041,0.041,0.048,0.969,50.060
2610170836,2026-10-04 13:30:00,232.920,233.290,233.960,0.010,0.010,0.000,0.003,0.001,0.001,0.000,0.000,0.000,0.000,0.000,1.000,50.080
2610170838,2026-10-04 13:30:00,235.600,234.300,234.810,0.010,0.020,0.090,0.029,0.001,0.005,0.022,0.000,0.000,0.000,-0.001,0.994,50.050
2610170840,2026-10-04 13:30:00,234.200,233.690,235.000,0.000,0.000,0.000,0.000,0.000,0.000,0.000,0.000,0.000,0.000,0.000,0.429,50.070
2610322967,2026-10-04 13:30:00,235.880,234.610,234.850,0.000,0.000,0.010,0.002,0.000,0.000,0.002,0.000,0.000,0.000,0.000,1.000,50.090
2610322969,2026-10-04 13:30:00,232.710,233.840,233.750,0.250,0.150,0.290,0.156,0.057,0.033,0.065,0.021,0.014,0.005,0.001,0.988,50.090
2610322982,2026-10-04 13:30:00,234.680,234.890,235.650,0.010,0.020,0.030,0.012,0.002,0.003,0.006,-0.006,-0.001,-0.001,-0.002,0.891,50.090
2610322995,2026-10-04 13:30:00,234.520,234.860,235.530,0.000,0.030,0.040,0.014,0.000,0.006,0.007,-0.008,0.000,-0.003,-0.003,0.836,50.080
2610322997,2026-10-04 13:30:00,231.330,231.690,230.900,1.070,1.240,0.860,0.656,0.233,0.249,0.173,0.234,0.034,0.123,0.077,0.944,50.080
2610323001,2026-10-04 13:30:00,230.130,228.930,228.900,2.440,2.320,2.480,1.463,0.490,0.469,0.503,0.749,0.251,0.248,0.249,0.889,50.070
2610323004,2026-10-04 13:30:00,64.290,63.830,64.250,0.210,0.180,0.210,0.034,0.011,0.009,0.012,0.017,0.006,0.005,0.004,0.874,50.080
2610323005,2026-10-04 13:30:00,233.910,232.850,233.980,0.000,0.000,0.000,0.001,0.000,0.001,0.000,0.000,0.000,0.000,0.000,0.943,50.080
2610323010,2026-10-04 13:30:00,235.220,234.360,234.050,0.060,0.000,0.000,0.012,0.012,0.000,0.000,-0.007,-0.007,0.000,0.000,0.823,50.080
2610323014,2026-10-04 13:30:00,233.130,233.300,233.950,0.060,0.000,0.010,0.014,0.012,0.000,0.002,-0.003,-0.002,0.000,0.000,0.995,50.070
2610323016,2026-10-04 13:30:00,232.900,231.580,231.760,0.390,0.340,0.270,0.222,0.087,0.075,0.059,0.064,0.021,0.024,0.018,0.960,50.060
2610323017,2026-10-04 13:30:00,234.790,235.630,234.680,0.050,0.020,0.020,0.018,0.009,0.004,0.003,-0.009,-0.004,-0.002,-0.002,0.882,50.060
2610323019,2026-10-04 13:30:00,233.710,232.790,234.050,0.060,0.060,0.020,0.031,0.012,0.013,0.005,-0.010,-0.003,-0.003,-0.002,0.947,50.070
2610323027,2026-10-04 13:30:00,235.810,234.560,235.050,0.030,0.030,0.030,0.018,0.005,0.007,0.005,-0.010,-0.003,-0.003,-0.003,0.861,50.060
2410131378,2026-10-04 13:31:00,232.460,232.860,232.000,0.550,0.780,0.750,0.492,0.157,0.191,0.171,0.097,0.020,0.032,0.044,0.975,49.920
2510203124,2026-10-04 13:31:00,232.640,232.740,232.000,0.770,0.810,0.760,0.495,0.159,0.166,0.155,0.108,0.030,0.039,0.038,0.976,50.000
2510203134,2026-10-04 13:31:00,235.530,234.230,234.570,0.020,0.010,0.010,0.007,0.004,0.001,0.001,-0.001,0.000,-0.001,0.000,0.961,50.080
2510389931,2026-10-04 13:31:00,233.790,233.200,234.590,0.050,0.000,0.000,0.000,0.000,0.000,0.000,-0.010,-0.010,0.000,0.000,0.180,50.140
2610170837,2026-10-04 13:31:00,232.770,231.230,231.520,0.000,0.000,0.000,0.001,0.000,0.000,0.001,0.000,0.000,0.000,0.000,1.000,50.020
2610170839,2026-10-04 13:31:00,233.820,234.220,235.000,0.020,0.000,0.030,0.013,0.004,0.001,0.008,0.000,0.000,0.000,0.000,1.000,50.080
2610322992,2026-10-04 13:31:00,231.430,231.980,232.820,0.090,0.390,0.190,0.151,0.019,0.089,0.042,0.017,0.005,0.002,0.009,0.995,50.040
2610026950,2026-10-04 13:32:00,232.310,233.380,233.230,0.010,0.000,0.030,0.009,0.002,0.000,0.006,-0.001,0.000,0.000,0.000,1.000,49.930
2610126451,2026-10-04 13:32:00,232.830,233.380,232.510,0.000,0.000,0.060,0.014,0.000,0.000,0.014,0.002,0.000,0.000,0.002,0.959,49.980
2246006313,2026-10-04 14:00:00,58.400,58.300,58.600,0.391,0.405,0.396,0.067,0.021,0.022,0.022,0.000,0.000,0.000,0.000,0.964,49.920
2410121326,2026-10-04 14:00:00,236.230,235.350,235.590,0.080,0.080,0.090,0.054,0.017,0.019,0.018,0.021,0.006,0.003,0.011,0.931,49.880
2410121353,2026-10-04 14:00:00,236.960,236.110,236.360,0.000,0.010,0.040,0.011,0.000,0.002,0.008,-0.002,0.000,0.000,0.000,1.000,50.070
2410121371,2026-10-04 14:00:00,237.180,236.180,236.340,0.010,0.010,0.060,0.014,0.001,0.000,0.013,-0.003,0.000,-0.001,-0.001,0.993,50.040
2410121424,2026-10-04 14:00:00,237.030,236.160,236.380,0.010,0.010,0.010,0.004,0.000,0.001,0.002,-0.003,-0.001,-0.001,0.000,0.877,50.130
2410121440,2026-10-04 14:00:00,236.880,236.040,236.100,0.010,0.020,0.080,0.026,0.002,0.005,0.018,0.000,-0.001,-0.002,0.003,1.000,50.030
2410121454,2026-10-04 14:00:00,236.360,237.080,236.110,0.080,0.130,0.140,0.079,0.018,0.029,0.031,0.019,0.006,0.007,0.005,0.974,50.120
2410121457,2026-10-04 14:00:00,235.130,234.180,234.740,1.630,1.640,1.470,1.052,0.362,0.359,0.329,0.324,0.115,0.121,0.088,0.955,49.940
2410121574,2026-10-04 14:00:00,237.270,236.170,236.350,0.210,0.170,0.150,0.117,0.048,0.035,0.032,-0.038,-0.009,-0.015,-0.012,0.953,50.130
2410131378,2026-10-04 14:00:00,236.140,236.660,235.810,0.630,0.810,0.760,0.514,0.156,0.174,0.182,0.090,0.023,0.031,0.042,0.979,50.040
2410131383,2026-10-04 14:00:00,234.110,233.310,233.130,0.080,0.060,0.080,0.050,0.017,0.014,0.018,-0.005,-0.001,-0.001,-0.002,0.986,49.890
2410131384,2026-10-04 14:00:00,234.240,235.010,233.950,0.030,0.060,0.110,0.048,0.007,0.014,0.026,0.004,0.000,0.001,0.003,1.000,49.920
2410131387,2026-10-04 14:00:00,232.850,233.860,233.260,0.020,0.010,0.020,0.009,0.005,0.002,0.002,-0.006,-0.002,-0.002,-0.002,0.811,50.020
2410320615,2026-10-04 14:00:00,233.370,234.360,234.090,0.310,0.300,0.270,0.202,0.071,0.068,0.062,0.023,0.007,0.007,0.008,0.993,49.940
2410883988,2026-10-04 14:00:00,233.430,232.280,233.400,0.000,0.000,0.070,0.015,0.000,0.000,0.015,-0.001,0.000,0.000,0.000,0.988,49.880
2410883990,2026-10-04 14:00:00,231.980,232.990,232.970,0.080,0.000,0.350,0.020,0.018,0.000,0.001,0.001,0.001,0.000,0.000,0.983,49.890
2410883991,2026-10-04 14:00:00,233.860,234.210,234.840,0.010,0.030,0.120,0.030,0.002,0.005,0.021,0.018,-0.001,0.001,0.018,0.856,49.920
2410883993,2026-10-04 14:00:00,234.500,233.470,233.860,0.380,0.140,0.180,0.155,0.088,0.026,0.040,0.008,0.003,0.001,0.003,0.996,49.870
2410883994,2026-10-04 14:00:00,234.890,233.730,234.300,0.010,0.010,0.010,0.007,0.003,0.001,0.003,-0.003,-0.001,0.000,0.000,0.973,49.930
2410932742,2026-10-04 14:00:00,230.590,229.040,228.970,3.150,3.130,3.300,2.043,0.677,0.666,0.700,0.554,0.181,0.175,0.198,0.965,49.930
2411087432,2026-10-04 14:00:00,235.710,236.420,235.560,0.040,0.020,0.080,0.030,0.007,0.004,0.018,-0.004,0.002,-0.003,-0.003,0.982,49.870
2411290205,2026-10-04 14:00:00,233.820,233.430,234.460,0.110,0.100,0.100,0.071,0.025,0.022,0.022,0.004,0.001,0.001,0.000,0.997,49.920
2510014481,2026-10-04 14:00:00,229.540,229.530,230.600,1.830,2.030,2.140,1.306,0.427,0.420,0.458,0.568,0.186,0.190,0.190,0.907,49.870
2510014482,2026-10-04 14:00:00,235.930,236.510,235.700,0.010,0.050,0.000,0.013,0.002,0.010,0.000,-0.004,-0.001,-0.002,0.000,0.953,49.890
2510014483,2026-10-04 14:00:00,233.760,234.080,234.800,0.040,0.030,0.050,0.021,0.007,0.005,0.007,-0.019,-0.005,-0.005,-0.008,0.711,49.880
2510014484,2026-10-04 14:00:00,233.700,233.300,234.480,0.060,0.070,0.050,0.042,0.015,0.016,0.010,0.000,0.000,0.000,0.000,0.996,49.900
2510178139,2026-10-04 14:00:00,236.160,236.910,235.940,0.080,0.060,0.090,0.054,0.018,0.014,0.022,0.006,0.003,0.003,0.000,1.000,49.890
2510178141,2026-10-04 14:00:00,235.820,235.910,236.580,0.020,0.010,0.020,0.007,0.002,0.000,0.003,-0.009,-0.004,-0.001,-0.002,0.587,49.890
2510203103,2026-10-04 14:00:00,227.260,225.760,225.890,0.050,0.030,0.030,0.021,0.010,0.004,0.005,-0.008,-0.003,-0.003,-0.001,0.929,49.940
2510203104,2026-10-04 14:00:00,228.040,228.240,228.930,0.150,0.190,0.190,0.111,0.034,0.041,0.035,0.016,-0.004,0.010,0.009,0.993,49.910
2510203105,2026-10-04 14:00:00,232.280,230.810,231.200,1.540,1.760,1.570,1.095,0.341,0.397,0.356,0.327,0.111,0.112,0.103,0.970,49.890
2510203106,2026-10-04 14:00:00,233.480,233.070,234.250,0.010,0.010,0.000,0.005,0.001,0.003,0.000,-0.002,-0.001,0.000,0.000,0.969,49.920
2510203107,2026-10-04 14:00:00,220.800,220.200,221.430,1.650,1.670,1.530,0.973,0.331,0.334,0.307,0.291,0.085,0.108,0.096,0.957,49.890
2510203108,2026-10-04 14:00:00,235.680,236.130,235.270,0.640,0.980,1.140,0.587,0.145,0.226,0.215,0.174,0.048,0.063,0.062,0.968,49.940
2510203109,2026-10-04 14:00:00,234.140,234.810,233.670,0.020,0.030,0.080,0.028,0.003,0.007,0.017,0.006,0.002,0.001,0.002,0.966,49.870
2510203111,2026-10-04 14:00:00,235.100,235.490,236.140,1.810,1.550,1.950,1.165,0.392,0.333,0.440,0.296,0.128,0.083,0.084,0.969,49.930
2510203113,2026-10-04 14:00:00,234.180,233.330,233.190,0.200,0.230,0.260,0.156,0.046,0.051,0.058,-0.044,-0.008,-0.018,-0.018,0.962,49.880
2510203114,2026-10-04 14:00:00,228.010,228.390,229.030,0.040,0.030,0.020,0.011,0.007,0.003,0.000,-0.016,-0.005,-0.006,-0.004,0.580,49.880
2510203117,2026-10-04 14:00:00,232.310,233.520,233.310,0.090,0.220,0.010,0.072,0.020,0.049,0.002,-0.006,0.002,-0.007,-0.001,1.000,49.930
2510203120,2026-10-04 14:00:00,234.210,233.170,233.580,0.890,0.670,0.710,0.473,0.187,0.137,0.147,0.185,0.073,0.055,0.056,0.934,49.940
2510203121,2026-10-04 14:00:00,233.120,232.960,231.910,0.020,0.020,0.100,0.030,0.003,0.003,0.023,-0.007,-0.001,-0.001,-0.005,0.980,49.870
2510203122,2026-10-04 14:00:00,235.750,236.470,235.640,0.030,0.010,0.010,0.007,0.004,0.002,0.000,0.002,0.005,-0.001,-0.001,0.917,49.890
2510203123,2026-10-04 14:00:00,234.970,235.410,235.930,1.420,1.260,1.650,0.768,0.289,0.249,0.229,0.228,0.090,0.050,0.087,0.966,49.910
2510203124,2026-10-04 14:00:00,235.730,235.880,235.170,0.690,0.720,0.710,0.460,0.152,0.159,0.148,0.106,0.029,0.038,0.038,0.974,49.900
2510203125,2026-10-04 14:00:00,233.010,234.070,233.250,0.020,0.010,0.070,0.022,0.004,0.002,0.015,-0.007,-0.003,-0.002,-0.002,0.944,49.870
2510203126,2026-10-04 14:00:00,233.000,232.780,231.840,0.070,0.000,0.000,0.015,0.015,0.000,0.000,-0.001,0.000,0.000,0.000,0.974,49.880
2510203127,2026-10-04 14:00:00,235.600,236.240,235.450,0.240,0.330,0.220,0.155,0.046,0.065,0.042,0.102,0.031,0.044,0.026,0.835,49.880
2510203128,2026-10-04 14:00:00,233.720,234.210,232.760,1.640,1.610,1.580,1.103,0.378,0.366,0.358,0.128,0.032,0.042,0.056,0.993,49.930
2510203130,2026-10-04 14:00:00,244.040,243.980,245.450,0.000,0.060,0.070,0.023,0.000,0.008,0.017,0.010,0.000,0.011,-0.001,0.906,49.890
2510203133,2026-10-04 14:00:00,235.760,236.390,235.710,0.030,0.020,0.000,0.010,0.006,0.003,0.000,-0.002,0.000,-0.001,0.000,0.994,49.950
2510203134,2026-10-04 14:00:00,235.180,233.960,234.300,0.020,0.010,0.010,0.007,0.004,0.001,0.001,-0.001,0.000,-0.001,0.000,0.957,49.930
2510224049,2026-10-04 14:00:00,232.960,231.760,233.010,0.340,3.750,0.130,0.880,0.070,0.800,0.010,0.230,0.000,0.250,-0.020,0.966,49.890
2510224167,2026-10-04 14:00:00,233.070,232.860,231.860,0.880,0.120,0.360,0.210,0.130,0.010,0.050,-0.180,-0.100,-0.020,-0.050,0.760,49.890
2510317505,2026-10-04 14:00:00,233.060,233.060,231.960,0.090,0.030,2.110,0.270,0.010,0.000,0.250,-0.250,-0.010,0.000,-0.230,0.732,49.900
2510317516,2026-10-04 14:00:00,233.200,233.030,231.970,0.000,0.000,0.000,0.000,0.000,0.000,0.000,0.000,0.000,0.000,0.000,1.000,49.890
2510317537,2026-10-04 14:00:00,233.880,234.110,234.740,2.810,2.670,2.550,1.620,0.620,0.560,0.570,-0.260,-0.090,-0.080,-0.080,0.984,49.890
2510389559,2026-10-04 14:00:00,233.700,233.380,234.670,0.000,0.000,0.000,0.000,0.000,0.000,0.000,0.000,0.000,0.000,0.000,1.000,49.880
2510389643,2026-10-04 14:00:00,233.960,233.530,234.720,0.080,0.000,0.000,0.000,0.000,0.000,0.000,-0.010,-0.010,0.000,0.000,0.451,49.900
2510389931,2026-10-04 14:00:00,233.110,232.590,233.910,0.050,0.000,0.000,0.000,0.000,0.000,0.000,-0.010,-0.010,0.000,0.000,0.176,49.890
2510633381,2026-10-04 14:00:00,234.910,233.660,234.020,0.040,0.040,0.010,0.018,0.007,0.008,0.002,-0.009,-0.004,-0.004,-0.001,0.885,49.890
2510633382,2026-10-04 14:00:00,231.740,232.860,232.020,0.850,0.900,0.940,0.510,0.156,0.173,0.180,0.304,0.102,0.099,0.102,0.870,50.000
2510633385,2026-10-04 14:00:00,234.100,233.750,234.880,0.040,0.020,0.010,0.017,0.010,0.005,0.002,-0.003,0.000,-0.001,-0.001,0.978,49.960
2510633386,2026-10-04 14:00:00,220.010,220.410,221.110,0.060,0.040,0.040,0.027,0.011,0.008,0.008,0.002,0.002,0.000,0.000,0.994,50.000
2510633387,2026-10-04 14:00:00,235.980,236.750,235.970,0.010,0.000,0.140,0.035,0.002,0.000,0.033,-0.004,0.000,0.000,-0.003,0.989,49.960
2510633390,2026-10-04 14:00:00,234.330,235.100,234.050,0.610,0.710,0.640,0.408,0.125,0.152,0.129,0.097,0.018,0.036,0.042,0.972,49.920
2510633391,2026-10-04 14:00:00,124.100,123.650,123.720,0.000,0.000,0.000,0.000,0.000,0.000,0.000,0.000,0.000,0.000,0.000,1.000,49.880
2510633393,2026-10-04 14:00:00,232.430,233.580,232.800,0.730,0.710,0.720,0.483,0.161,0.160,0.161,0.119,0.043,0.032,0.043,0.969,50.030
2510633395,2026-10-04 14:00:00,235.940,236.550,235.760,0.000,0.000,0.000,0.000,0.000,0.000,0.000,0.000,0.000,0.000,0.000,1.000,49.890
2510633396,2026-10-04 14:00:00,235.790,235.100,235.540,0.870,0.840,0.830,0.640,0.219,0.211,0.209,0.124,0.045,0.045,0.033,0.980,49.900
2510633399,2026-10-04 14:00:00,232.840,232.490,231.630,0.390,0.500,0.490,0.318,0.091,0.114,0.112,0.000,0.000,0.002,-0.001,0.998,49.880
2510633402,2026-10-04 14:00:00,232.000,232.020,233.350,0.030,0.090,0.170,0.066,0.007,0.019,0.039,0.010,0.002,0.002,0.005,0.981,50.020
2510633406,2026-10-04 14:00:00,233.050,232.840,231.870,0.010,0.010,0.010,0.004,0.002,0.001,0.000,-0.004,-0.001,0.000,-0.001,0.682,49.880
2510633411,2026-10-04 14:00:00,231.060,232.130,231.880,0.580,0.560,0.580,0.387,0.132,0.126,0.128,0.112,0.034,0.033,0.044,0.956,49.880
2510814977,2026-10-04 14:00:00,231.570,232.710,231.450,0.010,0.010,0.010,0.004,0.002,0.000,0.002,-0.004,-0.001,-0.001,-0.001,0.685,49.870
2610026950,2026-10-04 14:00:00,231.980,232.950,232.860,0.010,0.000,0.040,0.011,0.002,0.001,0.008,0.000,0.000,0.000,0.000,0.983,49.870
2610026952,2026-10-04 14:00:00,235.060,234.270,234.310,1.220,1.210,1.220,0.780,0.261,0.258,0.260,0.285,0.096,0.094,0.094,0.939,49.870
2610026953,2026-10-04 14:00:00,233.360,232.880,233.970,0.020,0.010,0.010,0.008,0.004,0.001,0.002,-0.002,0.000,0.000,-0.001,1.000,49.870
2610026963,2026-10-04 14:00:00,236.090,236.010,236.870,0.310,0.200,0.240,0.173,0.071,0.047,0.055,-0.034,-0.015,-0.006,-0.012,0.983,49.890
2610026966,2026-10-04 14:00:00,235.870,235.720,234.690,0.030,0.040,0.080,0.031,0.006,0.009,0.015,0.018,0.004,0.004,0.009,0.851,49.890
2610026976,2026-10-04 14:00:00,235.930,235.760,236.500,0.350,1.020,1.260,0.637,0.081,0.195,0.360,-0.037,-0.013,-0.001,-0.009,0.999,49.890
2610026977,2026-10-04 14:00:00,247.000,246.840,245.790,0.150,0.140,0.140,0.075,0.024,0.025,0.024,0.075,0.026,0.024,0.025,0.703,49.880
2610126270,2026-10-04 14:00:00,232.950,231.830,233.060,0.030,0.030,0.020,0.017,0.006,0.006,0.004,-0.004,-0.002,0.000,-0.002,0.974,49.880
2610126451,2026-10-04 14:00:00,236.160,236.680,235.960,0.000,0.050,0.060,0.022,0.000,0.009,0.012,0.009,0.000,0.007,0.002,0.915,49.870
2610159557,2026-10-04 14:00:00,234.770,233.650,233.990,0.020,0.030,0.040,0.018,0.004,0.006,0.007,-0.006,-0.003,-0.001,-0.001,0.927,49.870
2610159558,2026-10-04 14:00:00,233.680,234.020,234.820,0.000,0.010,0.010,0.004,0.000,0.002,0.002,0.002,0.000,0.002,0.000,0.964,49.870
2610170785,2026-10-04 14:00:00,234.670,233.550,233.990,0.000,0.010,0.000,0.002,0.001,0.001,0.000,0.001,0.000,0.000,0.000,0.870,49.880
2610170786,2026-10-04 14:00:00,233.750,234.130,234.750,0.690,0.730,0.780,0.459,0.154,0.144,0.160,0.105,0.033,0.032,0.040,0.978,49.890
2610170836,2026-10-04 14:00:00,235.730,236.000,236.750,0.010,0.010,0.000,0.003,0.001,0.001,0.000,0.000,0.000,0.000,0.000,1.000,49.890
2610170837,2026-10-04 14:00:00,232.870,231.450,231.550,0.000,0.000,0.000,0.000,0.000,0.000,0.000,0.000,0.000,0.000,0.000,0.791,49.880
2610170838,2026-10-04 14:00:00,234.740,233.440,234.110,0.000,0.070,0.090,0.040,0.000,0.019,0.020,0.005,0.000,0.005,-0.001,1.000,49.890
2610170839,2026-10-04 14:00:00,233.670,234.010,234.690,0.030,0.020,0.040,0.016,0.005,0.003,0.007,0.007,0.001,0.002,0.003,0.897,49.890
2610170840,2026-10-04 14:00:00,233.020,232.520,233.820,0.000,0.000,0.000,0.000,0.000,0.000,0.000,0.000,0.000,0.000,0.000,0.411,49.890
2610322967,2026-10-04 14:00:00,235.210,233.950,234.130,0.000,0.000,0.010,0.001,0.000,0.000,0.002,0.000,0.000,0.000,0.000,1.000,49.880
2610322969,2026-10-04 14:00:00,231.590,232.710,232.510,0.440,0.470,0.550,0.245,0.083,0.068,0.093,0.147,0.052,0.045,0.048,0.902,49.870
2610322982,2026-10-04 14:00:00,233.880,234.180,234.970,0.010,0.020,0.030,0.012,0.002,0.003,0.006,-0.006,-0.001,-0.001,-0.002,0.892,49.870
2610322992,2026-10-04 14:00:00,231.550,232.130,232.790,0.090,0.290,0.170,0.125,0.019,0.066,0.038,0.005,0.002,-0.002,0.006,1.000,49.900
2610322995,2026-10-04 14:00:00,233.780,234.090,234.730,0.000,0.030,0.040,0.014,0.000,0.006,0.007,-0.008,0.000,-0.003,-0.003,0.884,49.880
2610322997,2026-10-04 14:00:00,230.990,231.410,230.720,0.950,1.020,0.700,0.541,0.197,0.196,0.146,0.213,0.035,0.111,0.067,0.928,49.880
2610323001,2026-10-04 14:00:00,229.770,228.580,228.470,2.350,2.270,2.510,1.445,0.475,0.460,0.517,0.755,0.251,0.252,0.251,0.886,49.890
2610323004,2026-10-04 14:00:00,64.160,63.680,64.090,0.380,0.330,0.370,0.060,0.020,0.018,0.021,0.020,0.008,0.005,0.005,0.922,49.880
2610323005,2026-10-04 14:00:00,233.020,231.920,233.120,0.000,0.000,0.000,0.001,0.000,0.001,0.000,0.000,0.000,0.000,0.000,0.954,49.880
2610323010,2026-10-04 14:00:00,233.950,233.070,232.760,0.060,0.000,0.000,0.010,0.010,0.000,0.000,-0.008,-0.008,0.000,0.000,0.787,49.880
2610323014,2026-10-04 14:00:00,235.810,235.850,236.600,0.100,0.000,0.010,0.023,0.021,0.000,0.002,-0.004,-0.003,0.000,0.000,0.975,49.890
2610323016,2026-10-04 14:00:00,232.570,231.320,231.470,0.380,0.340,0.270,0.217,0.084,0.073,0.058,0.064,0.021,0.024,0.019,0.957,49.900
2610323017,2026-10-04 14:00:00,234.170,234.790,233.870,0.050,0.020,0.020,0.018,0.009,0.004,0.003,-0.009,-0.004,-0.002,-0.002,0.881,49.900
2610323019,2026-10-04 14:00:00,233.020,232.280,233.270,0.020,0.060,0.030,0.024,0.004,0.013,0.006,-0.006,-0.001,-0.004,-0.001,0.976,49.900
2610323027,2026-10-04 14:00:00,235.090,233.830,234.300,0.030,0.030,0.030,0.018,0.005,0.007,0.005,-0.010,-0.003,-0.003,-0.003,0.863,49.890
2411087433,2026-10-04 14:01:00,234.530,234.930,235.510,0.460,0.480,0.530,0.386,0.120,0.128,0.142,-0.012,-0.005,-0.014,0.007,0.998,50.140
2510633397,2026-10-04 14:01:00,240.880,239.720,240.210,0.030,0.010,0.020,0.015,0.008,0.001,0.005,-0.002,0.000,0.000,0.000,0.985,50.050
2510633383,2026-10-04 14:02:00,235.890,235.940,236.680,0.110,0.080,0.120,0.036,0.006,0.008,0.020,-0.060,-0.024,-0.017,-0.018,0.513,50.050
2246006313,2026-10-04 14:30:00,58.200,58.200,58.500,0.405,0.415,0.406,0.067,0.022,0.023,0.022,0.000,0.000,0.000,0.000,0.962,50.060
2410121326,2026-10-04 14:30:00,236.190,235.420,235.710,0.090,0.080,0.080,0.053,0.018,0.018,0.016,0.021,0.008,0.003,0.009,0.933,50.020
2410121353,2026-10-04 14:30:00,236.160,235.400,235.690,0.000,0.010,0.030,0.010,0.000,0.002,0.008,-0.002,0.000,0.000,0.000,0.968,50.060
2410121371,2026-10-04 14:30:00,236.320,235.440,235.680,0.010,0.010,0.060,0.015,0.001,0.000,0.013,-0.002,0.000,-0.001,-0.001,1.000,50.060
2410121424,2026-10-04 14:30:00,235.970,235.250,235.490,0.010,0.010,0.010,0.004,0.000,0.001,0.002,-0.003,-0.001,-0.001,0.000,0.875,50.100
2410121440,2026-10-04 14:30:00,236.140,235.360,235.460,0.010,0.020,0.010,0.010,0.002,0.005,0.002,-0.004,-0.001,-0.002,0.000,0.916,50.120
2410121454,2026-10-04 14:30:00,235.520,236.130,235.330,0.070,0.100,0.130,0.073,0.017,0.026,0.030,0.007,0.004,0.002,0.000,0.992,50.100
2410121457,2026-10-04 14:30:00,234.560,233.730,234.290,1.560,1.530,1.380,0.987,0.345,0.334,0.306,0.315,0.111,0.115,0.088,0.952,50.060
2410121574,2026-10-04 14:30:00,236.320,235.330,235.570,0.210,0.170,0.150,0.118,0.048,0.036,0.033,-0.037,-0.010,-0.015,-0.012,0.950,50.080
2410131378,2026-10-04 14:30:00,235.340,235.710,234.940,0.670,0.770,0.750,0.487,0.133,0.182,0.169,0.099,0.021,0.033,0.044,0.977,50.050
2410131383,2026-10-04 14:30:00,234.950,234.090,234.040,0.080,0.060,0.090,0.055,0.018,0.014,0.021,-0.005,0.000,-0.001,-0.003,0.992,50.030
2410131384,2026-10-04 14:30:00,233.720,234.410,233.410,0.030,0.060,0.070,0.051,0.007,0.014,0.029,0.004,0.000,0.001,0.003,0.981,49.980
2410131387,2026-10-04 14:30:00,233.650,234.510,233.910,0.030,0.010,0.020,0.010,0.006,0.002,0.002,-0.007,-0.002,-0.002,-0.002,0.835,50.120
2410320615,2026-10-04 14:30:00,233.730,234.610,234.400,0.270,0.260,0.240,0.176,0.061,0.059,0.055,0.020,0.008,0.005,0.007,0.995,50.010
2410883988,2026-10-04 14:30:00,232.900,231.630,232.860,0.000,0.000,0.070,0.015,0.000,0.000,0.015,-0.001,0.000,0.000,0.000,0.972,49.920
2410883990,2026-10-04 14:30:00,231.800,232.910,233.080,0.020,0.000,0.000,0.005,0.004,0.000,0.001,0.001,0.001,0.000,0.000,1.000,50.040
2410883991,2026-10-04 14:30:00,233.830,234.190,234.830,0.010,0.030,0.160,0.036,0.002,0.005,0.028,0.016,-0.001,0.001,0.016,0.936,50.130
2410883994,2026-10-04 14:30:00,234.630,233.480,234.030,0.010,0.010,0.020,0.008,0.003,0.001,0.003,-0.003,-0.001,0.000,-0.001,0.926,50.090
2410932742,2026-10-04 14:30:00,230.470,228.940,228.960,3.180,3.140,3.330,2.055,0.680,0.665,0.706,0.548,0.182,0.170,0.195,0.965,50.060
2411087432,2026-10-04 14:30:00,235.470,236.010,235.200,0.040,0.030,0.070,0.032,0.009,0.007,0.015,0.000,0.004,0.000,-0.004,0.985,49.930
2411087433,2026-10-04 14:30:00,233.380,233.790,234.370,0.520,0.540,0.580,0.383,0.121,0.124,0.137,-0.016,-0.003,-0.017,0.005,1.000,49.990
2411290205,2026-10-04 14:30:00,234.180,233.960,234.910,0.120,0.050,0.080,0.056,0.026,0.012,0.017,0.001,0.002,0.000,0.000,1.000,50.140
2510014481,2026-10-04 14:30:00,229.690,229.730,230.850,1.690,1.540,1.640,0.974,0.318,0.322,0.385,0.402,0.120,0.139,0.143,0.920,49.990
2510014482,2026-10-04 14:30:00,235.570,235.980,235.230,0.010,0.040,0.000,0.012,0.002,0.009,0.000,0.000,-0.001,0.001,0.000,1.000,49.920
2510014483,2026-10-04 14:30:00,233.240,233.620,234.250,0.040,0.030,0.050,0.021,0.007,0.005,0.008,-0.019,-0.005,-0.005,-0.008,0.724,50.000
2510014484,2026-10-04 14:30:00,233.900,233.700,234.600,0.100,0.070,0.050,0.051,0.023,0.017,0.010,-0.002,0.000,0.000,0.000,1.000,49.940
2510178139,2026-10-04 14:30:00,235.820,236.400,235.500,0.080,0.060,0.120,0.061,0.017,0.015,0.028,0.004,0.002,0.002,-0.001,1.000,49.990
2510178141,2026-10-04 14:30:00,235.500,235.700,236.230,0.020,0.010,0.020,0.007,0.002,0.000,0.003,-0.009,-0.004,-0.001,-0.002,0.592,49.950
2510203103,2026-10-04 14:30:00,226.960,225.380,225.630,0.070,0.070,0.080,0.034,0.007,0.009,0.010,-0.017,-0.005,-0.006,-0.005,0.920,50.000
2510203104,2026-10-04 14:30:00,227.510,227.720,228.340,0.190,0.210,0.150,0.119,0.042,0.045,0.031,0.026,0.001,0.012,0.011,0.980,49.950
2510203105,2026-10-04 14:30:00,232.000,230.340,230.860,1.550,1.800,1.620,1.154,0.360,0.431,0.392,0.177,0.059,0.064,0.054,0.986,49.990
2510203106,2026-10-04 14:30:00,233.500,233.250,234.310,0.010,0.010,0.000,0.005,0.001,0.003,0.000,-0.002,-0.001,0.000,0.000,0.954,49.950
2510203107,2026-10-04 14:30:00,222.570,222.360,223.240,0.330,0.360,0.310,0.214,0.071,0.077,0.065,0.083,0.026,0.028,0.028,0.929,50.000
2510203109,2026-10-04 14:30:00,233.680,234.340,233.230,0.020,0.040,0.070,0.031,0.004,0.009,0.017,0.006,0.002,0.002,0.001,0.974,49.990
2510203111,2026-10-04 14:30:00,234.510,235.090,235.470,1.420,1.230,1.600,0.917,0.301,0.260,0.353,0.270,0.113,0.076,0.081,0.958,49.990
2510203113,2026-10-04 14:30:00,234.330,233.630,233.560,0.170,0.210,0.240,0.138,0.039,0.045,0.053,-0.046,-0.009,-0.018,-0.018,0.952,49.920
2510203114,2026-10-04 14:30:00,227.550,227.980,228.610,0.030,0.030,0.020,0.008,0.004,0.003,0.000,-0.015,-0.003,-0.007,-0.004,0.474,49.990
2510203117,2026-10-04 14:30:00,231.840,233.030,233.040,0.070,0.120,0.020,0.045,0.016,0.025,0.003,-0.009,0.000,-0.010,0.000,0.971,50.050
2510203120,2026-10-04 14:30:00,233.770,232.730,233.160,0.900,0.670,0.730,0.501,0.197,0.144,0.160,0.177,0.071,0.052,0.053,0.943,50.030
2510203121,2026-10-04 14:30:00,232.830,232.870,231.730,0.020,0.010,0.090,0.026,0.003,0.002,0.020,-0.008,0.000,-0.001,-0.005,0.942,49.990
2510203122,2026-10-04 14:30:00,235.650,236.170,235.390,0.030,0.020,0.010,0.009,0.004,0.004,0.000,0.001,0.005,-0.002,-0.001,1.000,49.930
2510203123,2026-10-04 14:30:00,234.730,235.230,235.640,1.110,1.340,1.120,0.706,0.232,0.195,0.287,0.317,0.115,0.083,0.117,0.826,49.960
2510203124,2026-10-04 14:30:00,235.510,235.580,234.920,0.710,0.740,0.700,0.492,0.164,0.168,0.160,0.111,0.032,0.039,0.038,0.974,49.990
2510203125,2026-10-04 14:30:00,233.410,234.320,233.560,0.060,0.040,0.140,0.055,0.013,0.009,0.033,0.012,0.002,0.004,0.006,0.970,50.000
2510203126,2026-10-04 14:30:00,233.060,233.070,231.960,0.060,0.000,0.000,0.015,0.015,0.000,0.000,-0.001,-0.001,0.000,0.000,1.000,50.020
2510203127,2026-10-04 14:30:00,235.600,236.110,235.460,0.240,0.320,0.210,0.155,0.047,0.065,0.042,0.105,0.031,0.047,0.026,0.845,50.010
2510203130,2026-10-04 14:30:00,243.650,243.620,245.120,0.010,0.060,0.050,0.023,0.003,0.008,0.011,0.013,0.000,0.011,0.002,0.848,49.990
2510203133,2026-10-04 14:30:00,235.530,236.140,235.400,0.020,0.020,0.000,0.009,0.004,0.003,0.000,-0.002,0.000,-0.001,0.000,0.951,50.100
2510203134,2026-10-04 14:30:00,234.860,233.700,234.020,0.020,0.010,0.010,0.007,0.004,0.001,0.001,-0.001,0.000,-0.001,0.000,0.957,50.070
2510224049,2026-10-04 14:30:00,232.840,231.580,232.840,0.320,3.740,0.130,0.870,0.070,0.780,0.010,0.230,0.000,0.250,-0.020,0.968,50.000
2510224167,2026-10-04 14:30:00,232.560,232.470,231.300,0.720,0.120,0.350,0.170,0.090,0.010,0.050,-0.160,-0.080,-0.020,-0.050,0.732,49.940
2510317505,2026-10-04 14:30:00,232.660,232.700,231.500,0.090,0.030,2.110,0.270,0.010,0.000,0.250,-0.250,-0.010,0.000,-0.230,0.731,49.960
2510317516,2026-10-04 14:30:00,232.610,232.600,231.420,0.000,0.000,0.000,0.000,0.000,0.000,0.000,0.000,0.000,0.000,0.000,1.000,49.930
2510317537,2026-10-04 14:30:00,232.950,233.340,233.980,2.400,2.360,2.290,1.700,0.580,0.550,0.560,-0.280,-0.090,-0.100,-0.100,0.986,49.930
2510389559,2026-10-04 14:30:00,234.240,234.080,235.100,0.000,0.000,0.000,0.000,0.000,0.000,0.000,0.000,0.000,0.000,0.000,1.000,50.010
2510389643,2026-10-04 14:30:00,234.540,234.240,235.270,1.120,0.000,0.000,0.180,0.180,0.000,0.000,-0.060,-0.060,0.000,0.000,0.943,49.970
2510389931,2026-10-04 14:30:00,233.750,233.510,234.690,0.050,0.000,0.000,0.000,0.000,0.000,0.000,-0.010,-0.010,0.000,0.000,0.198,49.990
2510633381,2026-10-04 14:30:00,234.490,233.400,233.840,0.040,0.040,0.010,0.018,0.007,0.008,0.002,-0.009,-0.003,-0.004,-0.001,0.900,50.000
2510633382,2026-10-04 14:30:00,232.510,233.560,232.680,0.840,0.880,0.920,0.524,0.163,0.176,0.189,0.285,0.097,0.093,0.094,0.872,50.070
2510633383,2026-10-04 14:30:00,235.440,235.580,236.170,0.110,0.080,0.090,0.022,0.005,0.008,0.008,-0.060,-0.024,-0.017,-0.018,0.355,50.000
2510633385,2026-10-04 14:30:00,234.460,234.300,235.290,0.090,0.020,0.010,0.029,0.021,0.005,0.002,-0.006,-0.002,-0.001,-0.001,0.968,50.060
2510633386,2026-10-04 14:30:00,219.370,219.750,220.510,0.030,0.020,0.020,0.012,0.005,0.004,0.003,0.003,0.002,0.000,0.000,0.983,50.070
2510633390,2026-10-04 14:30:00,233.800,234.350,233.310,0.540,0.700,0.620,0.404,0.128,0.151,0.124,0.098,0.019,0.036,0.041,0.972,50.050
2510633391,2026-10-04 14:30:00,123.910,123.480,123.600,0.000,0.000,0.000,0.000,0.000,0.000,0.000,0.000,0.000,0.000,0.000,1.000,50.030
2510633393,2026-10-04 14:30:00,233.180,234.110,233.340,0.860,0.840,0.850,0.570,0.191,0.189,0.189,0.101,0.037,0.026,0.037,0.985,50.070
2510633395,2026-10-04 14:30:00,235.620,236.180,235.420,0.000,0.000,0.000,0.000,0.000,0.000,0.000,0.000,0.000,0.000,0.000,1.000,49.990
2510633396,2026-10-04 14:30:00,235.490,234.900,235.390,0.970,0.950,0.920,0.653,0.222,0.217,0.214,0.123,0.045,0.044,0.033,0.982,50.000
2510633397,2026-10-04 14:30:00,240.520,239.240,239.760,0.020,0.010,0.020,0.013,0.005,0.001,0.005,-0.002,0.000,-0.001,0.000,1.000,50.040
2510633399,2026-10-04 14:30:00,232.860,232.800,231.700,0.420,0.500,0.540,0.337,0.097,0.115,0.125,0.000,-0.001,0.001,-0.001,1.000,50.020
2510633402,2026-10-04 14:30:00,231.360,231.350,232.720,0.060,0.100,0.190,0.077,0.012,0.022,0.042,0.019,0.005,0.006,0.007,0.965,50.080
2510633406,2026-10-04 14:30:00,232.780,232.700,231.640,0.010,0.010,0.010,0.003,0.001,0.001,0.000,-0.003,-0.001,0.000,-0.001,0.687,49.990
2510633411,2026-10-04 14:30:00,230.940,232.150,232.100,0.640,0.580,0.620,0.403,0.140,0.129,0.134,0.117,0.036,0.034,0.046,0.958,50.040
2510814977,2026-10-04 14:30:00,231.180,232.370,231.010,0.010,0.010,0.010,0.006,0.002,0.001,0.002,-0.002,0.000,-0.002,-0.001,0.981,49.990
2610026950,2026-10-04 14:30:00,231.630,232.660,232.780,0.010,0.000,0.030,0.009,0.002,0.000,0.006,-0.001,0.000,0.000,0.000,1.000,50.000
2610026952,2026-10-04 14:30:00,234.650,233.850,234.020,1.180,1.160,1.160,0.732,0.244,0.237,0.239,0.273,0.092,0.093,0.087,0.933,50.000
2610026953,2026-10-04 14:30:00,233.750,233.350,234.310,0.030,0.020,0.030,0.018,0.006,0.005,0.006,-0.002,0.000,0.000,-0.001,1.000,49.990
2610026963,2026-10-04 14:30:00,235.700,235.690,236.360,0.330,0.220,0.240,0.183,0.076,0.051,0.055,-0.021,-0.012,-0.002,-0.007,0.993,50.000
2610026966,2026-10-04 14:30:00,235.190,234.930,233.950,0.030,0.040,0.070,0.028,0.006,0.008,0.013,0.017,0.004,0.004,0.008,0.849,49.980
2610026976,2026-10-04 14:30:00,235.210,235.410,236.050,0.460,1.090,1.060,0.636,0.139,0.217,0.280,-0.004,0.011,-0.005,-0.011,1.000,50.000
2610026977,2026-10-04 14:30:00,246.630,246.320,245.400,0.000,0.010,0.000,0.001,0.000,0.001,0.000,-0.001,0.000,0.000,0.000,0.554,50.040
2610126270,2026-10-04 14:30:00,232.910,231.690,232.920,0.030,0.030,0.020,0.016,0.005,0.006,0.004,-0.005,-0.001,-0.001,-0.002,0.936,50.000
2610126451,2026-10-04 14:30:00,235.900,236.330,235.560,0.000,0.000,0.030,0.006,0.000,0.000,0.006,0.002,0.000,0.000,0.002,0.905,49.980
2610159557,2026-10-04 14:30:00,234.140,233.040,233.380,0.030,0.030,0.040,0.021,0.005,0.007,0.008,-0.007,-0.003,-0.002,-0.002,0.943,49.990
2610159558,2026-10-04 14:30:00,233.100,233.530,234.260,0.010,0.010,0.020,0.007,0.001,0.002,0.003,0.002,0.001,0.001,0.000,0.943,49.990
2610170785,2026-10-04 14:30:00,234.040,233.020,233.470,0.050,0.050,0.060,0.033,0.010,0.010,0.012,0.025,0.008,0.008,0.008,0.767,49.990
2610170786,2026-10-04 14:30:00,233.070,233.400,234.060,0.720,0.820,0.770,0.466,0.154,0.153,0.159,0.098,0.031,0.030,0.037,0.981,49.940
2610170836,2026-10-04 14:30:00,235.500,235.850,236.430,0.010,0.010,0.000,0.003,0.001,0.001,0.000,0.000,0.000,0.000,0.000,0.995,50.060
2610170837,2026-10-04 14:30:00,232.540,230.960,231.240,0.000,0.030,0.000,0.001,0.000,0.001,0.000,0.002,0.000,0.000,0.000,0.559,50.000
2610170838,2026-10-04 14:30:00,234.180,232.890,233.470,0.000,0.060,0.110,0.031,0.000,0.012,0.018,0.006,0.000,0.006,0.000,0.974,49.920
2610170839,2026-10-04 14:30:00,233.140,233.570,234.260,0.030,0.030,0.030,0.015,0.005,0.004,0.005,0.005,0.001,0.002,0.002,0.891,50.000
2610170840,2026-10-04 14:30:00,234.040,233.600,234.780,0.000,0.000,0.000,0.000,0.000,0.000,0.000,0.000,0.000,0.000,0.000,0.436,50.000
2610322967,2026-10-04 14:30:00,234.510,233.310,233.470,0.000,0.000,0.000,0.000,0.000,0.000,0.000,0.000,0.000,0.000,0.000,0.875,50.000
2610322969,2026-10-04 14:30:00,231.320,232.460,232.410,0.530,0.440,0.680,0.414,0.150,0.117,0.146,0.263,0.093,0.074,0.092,0.893,49.990
2610322982,2026-10-04 14:30:00,233.240,233.680,234.430,0.010,0.020,0.030,0.012,0.002,0.003,0.006,-0.006,-0.001,-0.001,-0.002,0.890,49.990
2610322995,2026-10-04 14:30:00,233.160,233.460,234.040,0.000,0.030,0.040,0.014,0.000,0.006,0.007,-0.008,0.000,-0.003,-0.003,0.884,50.000
2610322997,2026-10-04 14:30:00,230.910,231.940,230.650,0.500,0.550,0.440,0.327,0.112,0.118,0.097,0.086,0.015,0.041,0.029,0.968,50.000
2610323001,2026-10-04 14:30:00,229.170,227.980,227.940,2.490,2.350,2.590,1.503,0.499,0.474,0.528,0.772,0.259,0.257,0.255,0.888,49.990
2610323004,2026-10-04 14:30:00,64.050,63.570,64.000,0.270,0.250,0.290,0.050,0.016,0.015,0.018,0.007,0.004,0.001,0.001,0.980,49.990
2610323005,2026-10-04 14:30:00,232.930,231.860,232.950,0.000,0.000,0.000,0.001,0.000,0.001,0.000,0.000,0.000,0.000,0.000,0.935,50.000
2610323010,2026-10-04 14:30:00,234.420,233.620,233.400,0.060,0.000,0.000,0.011,0.011,0.000,0.000,-0.008,-0.008,0.000,0.000,0.795,49.990
2610323014,2026-10-04 14:30:00,235.630,235.810,236.390,0.050,0.000,0.010,0.013,0.011,0.000,0.002,-0.003,-0.002,0.000,0.000,0.943,50.000
2610323016,2026-10-04 14:30:00,232.120,230.740,230.940,0.380,0.340,0.280,0.225,0.087,0.076,0.061,0.064,0.020,0.024,0.019,0.960,49.970
2610323017,2026-10-04 14:30:00,233.570,234.280,233.090,0.050,0.020,0.020,0.018,0.009,0.004,0.004,-0.009,-0.004,-0.002,-0.002,0.885,49.970
2610323019,2026-10-04 14:30:00,232.690,231.740,232.840,0.060,0.050,0.030,0.029,0.012,0.012,0.005,-0.010,-0.003,-0.003,-0.002,0.939,49.970
2610323027,2026-10-04 14:30:00,234.480,233.260,233.730,0.030,0.030,0.030,0.018,0.005,0.007,0.005,-0.009,-0.003,-0.003,-0.003,0.863,49.950
2510203108,2026-10-04 14:31:00,235.270,235.570,234.770,0.730,1.030,1.130,0.661,0.165,0.227,0.268,0.183,0.053,0.064,0.065,0.963,50.070
2510633387,2026-10-04 14:31:00,235.500,236.130,235.420,0.010,0.000,0.140,0.035,0.002,0.000,0.032,-0.004,0.000,0.000,-0.004,0.981,50.140
2610322992,2026-10-04 14:31:00,231.290,231.850,232.620,0.090,0.280,0.150,0.117,0.019,0.065,0.032,0.017,0.006,0.000,0.009,0.988,50.120
2410883993,2026-10-04 14:32:00,234.170,233.080,233.700,0.330,0.410,0.210,0.211,0.077,0.084,0.049,0.027,0.017,0.008,0.001,0.991,50.130
2510203128,2026-10-04 14:32:00,233.280,233.740,232.170,1.670,1.650,1.660,1.131,0.381,0.375,0.373,0.119,0.027,0.037,0.054,0.994,50.080
2246006313,2026-10-04 15:00:00,58.300,58.200,58.500,0.396,0.404,0.398,0.067,0.022,0.022,0.022,0.000,0.000,0.000,0.000,0.968,50.050
2410121326,2026-10-04 15:00:00,236.260,235.460,235.640,0.070,0.080,0.090,0.054,0.016,0.019,0.018,0.020,0.005,0.003,0.011,0.933,50.130
2410121353,2026-10-04 15:00:00,236.700,235.960,236.170,0.000,0.010,0.040,0.011,0.000,0.002,0.008,-0.002,0.000,0.000,0.000,0.946,50.160
2410121371,2026-10-04 15:00:00,236.770,235.900,236.050,0.010,0.010,0.060,0.014,0.000,0.000,0.013,-0.003,-0.001,-0.001,-0.001,0.953,50.120
2410121424,2026-10-04 15:00:00,236.560,235.830,236.040,0.010,0.010,0.010,0.004,0.000,0.001,0.002,-0.003,-0.001,-0.001,0.000,0.875,50.090
2410121440,2026-10-04 15:00:00,236.190,235.480,235.670,0.010,0.020,0.010,0.010,0.002,0.005,0.002,-0.004,-0.001,-0.002,0.000,0.915,50.110
2410121454,2026-10-04 15:00:00,236.060,236.680,235.880,0.070,0.110,0.130,0.069,0.015,0.024,0.029,0.013,0.005,0.004,0.003,0.980,50.100
2410121457,2026-10-04 15:00:00,233.830,232.990,233.420,2.700,2.590,2.500,1.745,0.608,0.572,0.560,0.493,0.172,0.174,0.147,0.962,50.150
2410121574,2026-10-04 15:00:00,236.690,235.720,235.890,0.210,0.180,0.150,0.120,0.048,0.038,0.033,-0.037,-0.010,-0.015,-0.012,0.955,50.130
2410131378,2026-10-04 15:00:00,235.880,236.360,235.610,0.580,0.630,0.630,0.404,0.120,0.146,0.146,0.124,0.034,0.039,0.051,0.958,50.140
2410131383,2026-10-04 15:00:00,239.480,238.510,238.810,0.080,0.070,0.090,0.055,0.019,0.015,0.020,-0.005,0.000,-0.001,-0.002,1.000,50.140
2410131384,2026-10-04 15:00:00,234.410,235.100,234.100,0.030,0.060,0.040,0.029,0.007,0.013,0.007,0.004,0.000,0.001,0.003,0.973,50.130
2410131387,2026-10-04 15:00:00,238.360,239.210,238.450,0.030,0.010,0.020,0.010,0.005,0.002,0.002,-0.007,-0.002,-0.002,-0.002,0.883,50.070
2410320615,2026-10-04 15:00:00,238.190,238.900,238.640,0.250,0.250,0.210,0.168,0.059,0.058,0.050,0.010,0.004,0.002,0.003,0.996,50.080
2410883988,2026-10-04 15:00:00,233.870,232.750,233.970,0.000,0.000,0.060,0.013,0.000,0.000,0.013,0.000,0.000,0.000,0.000,0.990,50.160
2410883990,2026-10-04 15:00:00,232.550,233.740,233.640,0.020,0.000,0.090,0.025,0.004,0.000,0.020,0.002,0.000,0.000,0.003,0.979,50.150
2410883991,2026-10-04 15:00:00,233.620,234.030,234.550,0.060,0.030,0.180,0.053,0.013,0.005,0.034,0.027,0.002,0.001,0.023,0.891,50.070
2410883993,2026-10-04 15:00:00,234.690,233.810,234.240,0.400,0.150,0.500,0.190,0.099,0.044,0.048,0.028,0.020,0.003,0.004,0.992,50.130
2410883994,2026-10-04 15:00:00,234.710,233.630,234.130,0.010,0.010,0.010,0.007,0.003,0.001,0.003,-0.003,-0.001,0.000,0.000,0.984,50.070
2410932742,2026-10-04 15:00:00,229.980,228.300,228.290,3.810,3.770,3.940,2.497,0.831,0.815,0.851,0.668,0.220,0.212,0.233,0.965,50.050
2411087432,2026-10-04 15:00:00,235.300,235.970,235.140,0.040,0.030,0.080,0.031,0.009,0.005,0.017,-0.003,0.004,-0.003,-0.004,0.996,50.160
2411087433,2026-10-04 15:00:00,234.370,234.850,235.340,0.480,0.480,0.510,0.343,0.112,0.109,0.121,-0.031,-0.007,-0.023,-0.002,0.996,50.130
2411290205,2026-10-04 15:00:00,238.060,237.910,238.670,0.090,0.060,0.110,0.061,0.021,0.014,0.025,0.003,0.000,0.000,0.002,0.998,50.070
2510014481,2026-10-04 15:00:00,229.790,229.860,231.190,1.740,1.690,1.930,1.269,0.430,0.409,0.430,0.603,0.176,0.178,0.178,0.904,50.140
2510014482,2026-10-04 15:00:00,235.610,236.120,235.360,0.010,0.040,0.000,0.011,0.002,0.009,0.000,0.000,-0.001,0.001,0.000,0.984,50.150
2510014483,2026-10-04 15:00:00,233.850,234.160,234.820,0.040,0.040,0.060,0.022,0.007,0.005,0.009,-0.019,-0.005,-0.005,-0.008,0.779,50.150
2510014484,2026-10-04 15:00:00,238.140,238.020,238.930,0.080,0.100,0.060,0.056,0.019,0.022,0.014,0.001,0.000,0.001,0.000,0.991,50.160
2510178139,2026-10-04 15:00:00,235.970,236.540,235.700,0.070,0.070,0.100,0.056,0.016,0.017,0.022,0.002,0.001,0.002,-0.001,0.990,50.110
2510178141,2026-10-04 15:00:00,235.570,235.710,236.490,0.020,0.010,0.020,0.007,0.002,0.000,0.003,-0.009,-0.004,-0.001,-0.003,0.584,50.170
2510203103,2026-10-04 15:00:00,227.400,225.750,225.930,0.020,0.030,0.020,0.000,0.001,-0.002,0.000,-0.015,-0.005,-0.005,-0.004,0.042,50.100
2510203104,2026-10-04 15:00:00,228.140,228.360,228.980,0.170,0.190,0.270,0.147,0.037,0.041,0.068,0.015,-0.001,0.010,0.007,0.991,50.160
2510203105,2026-10-04 15:00:00,233.030,231.320,231.680,1.010,1.300,1.100,0.790,0.241,0.298,0.250,0.013,0.005,0.006,0.001,1.000,50.120
2510203106,2026-10-04 15:00:00,238.270,238.210,239.050,0.010,0.010,0.000,0.005,0.001,0.003,0.000,-0.002,-0.001,0.000,0.000,0.969,50.150
2510203107,2026-10-04 15:00:00,226.270,226.220,227.020,0.320,0.350,0.300,0.191,0.064,0.070,0.056,0.108,0.034,0.035,0.037,0.869,50.150
2510203108,2026-10-04 15:00:00,235.060,235.350,234.370,0.720,1.060,1.400,0.673,0.152,0.223,0.297,0.178,0.039,0.070,0.085,0.951,50.060
2510203109,2026-10-04 15:00:00,234.250,234.850,233.770,0.020,0.030,0.070,0.025,0.003,0.007,0.015,0.005,0.002,0.001,0.001,0.988,50.110
2510203111,2026-10-04 15:00:00,234.670,235.150,235.450,1.360,1.160,1.520,1.201,0.395,0.345,0.448,0.291,0.124,0.083,0.084,0.968,50.130
2510203113,2026-10-04 15:00:00,239.090,238.320,238.450,0.180,0.220,0.250,0.148,0.042,0.049,0.056,-0.047,-0.009,-0.018,-0.019,0.954,50.120
2510203114,2026-10-04 15:00:00,228.110,228.500,229.060,0.030,0.030,0.020,0.009,0.004,0.004,0.000,-0.014,-0.003,-0.006,-0.004,0.550,50.110
2510203117,2026-10-04 15:00:00,232.250,233.510,233.250,0.070,0.120,0.050,0.055,0.017,0.026,0.011,-0.011,0.000,-0.010,-0.001,0.980,50.050
2510203120,2026-10-04 15:00:00,234.150,233.160,233.510,1.040,0.830,0.860,0.594,0.227,0.180,0.187,0.194,0.075,0.060,0.058,0.950,50.050
2510203121,2026-10-04 15:00:00,233.790,233.740,232.640,0.020,0.010,0.100,0.027,0.003,0.002,0.022,-0.008,-0.001,-0.001,-0.005,0.969,50.120
2510203122,2026-10-04 15:00:00,235.440,236.090,235.260,0.110,0.010,0.010,0.019,0.016,0.002,0.000,0.017,0.020,-0.001,0.000,0.766,50.160
2510203123,2026-10-04 15:00:00,234.600,234.950,235.520,1.310,1.650,1.460,0.845,0.258,0.314,0.272,0.558,0.199,0.164,0.195,0.832,50.160
2510203124,2026-10-04 15:00:00,235.720,235.860,235.230,0.670,0.700,0.660,0.458,0.154,0.157,0.146,0.118,0.034,0.042,0.041,0.967,50.120
2510203125,2026-10-04 15:00:00,238.430,239.210,238.390,0.020,0.010,0.070,0.023,0.004,0.002,0.016,-0.007,-0.003,-0.002,-0.002,0.962,50.130
2510203126,2026-10-04 15:00:00,233.990,233.850,232.830,0.060,0.000,0.000,0.013,0.013,0.000,0.000,0.000,0.000,0.000,0.000,0.993,50.140
2510203127,2026-10-04 15:00:00,235.750,236.360,235.670,0.240,0.300,0.210,0.149,0.045,0.061,0.042,0.092,0.031,0.035,0.026,0.851,50.130
2510203128,2026-10-04 15:00:00,233.740,234.230,232.730,1.620,1.580,1.580,1.080,0.370,0.355,0.354,0.106,0.023,0.031,0.050,0.995,50.090
2510203130,2026-10-04 15:00:00,243.860,243.720,245.470,0.000,0.100,0.050,0.011,0.000,0.000,0.011,0.002,0.000,0.000,0.002,0.868,50.120
2510203133,2026-10-04 15:00:00,235.180,235.750,235.040,0.030,0.020,0.000,0.010,0.006,0.003,0.000,-0.002,0.000,-0.001,0.000,0.990,50.170
2510203134,2026-10-04 15:00:00,234.980,233.870,234.060,0.020,0.010,0.010,0.007,0.004,0.001,0.001,-0.001,0.000,-0.001,0.000,0.959,50.050
2510224167,2026-10-04 15:00:00,233.640,233.370,232.410,0.880,0.120,0.360,0.210,0.130,0.010,0.050,-0.180,-0.100,-0.020,-0.050,0.762,50.160
2510317505,2026-10-04 15:00:00,233.660,233.490,232.450,0.090,0.030,2.120,0.270,0.010,0.000,0.250,-0.250,-0.010,0.000,-0.240,0.729,50.160
2510317516,2026-10-04 15:00:00,233.620,233.410,232.360,0.000,0.000,0.000,0.000,0.000,0.000,0.000,0.000,0.000,0.000,0.000,1.000,50.160
2510317537,2026-10-04 15:00:00,233.830,233.880,234.580,2.400,2.460,2.540,1.630,0.530,0.530,0.570,-0.260,-0.080,-0.080,-0.100,0.985,50.160
2510389559,2026-10-04 15:00:00,238.390,238.320,239.180,0.000,0.000,0.000,0.000,0.000,0.000,0.000,0.000,0.000,0.000,0.000,1.000,50.160
2510389643,2026-10-04 15:00:00,238.730,238.620,239.470,1.240,0.000,0.000,0.220,0.220,0.000,0.000,-0.060,-0.060,0.000,0.000,0.965,50.170
2510389931,2026-10-04 15:00:00,237.960,237.680,238.770,0.050,0.000,0.000,0.000,0.000,0.000,0.000,-0.010,-0.010,0.000,0.000,0.195,50.160
2510633381,2026-10-04 15:00:00,235.040,233.990,234.370,0.040,0.040,0.010,0.018,0.007,0.009,0.001,-0.011,-0.004,-0.004,-0.001,0.826,50.130
2510633382,2026-10-04 15:00:00,237.090,238.030,237.100,0.840,0.840,0.870,0.542,0.176,0.178,0.187,0.257,0.087,0.085,0.083,0.903,50.110
2510633383,2026-10-04 15:00:00,235.710,235.800,236.420,0.110,0.080,0.090,0.025,0.007,0.008,0.010,-0.061,-0.024,-0.017,-0.019,0.384,50.140
2510633385,2026-10-04 15:00:00,238.890,238.840,239.750,0.100,0.020,0.010,0.029,0.022,0.005,0.002,-0.008,-0.005,-0.001,-0.001,0.953,50.140
2510633386,2026-10-04 15:00:00,219.970,220.270,220.980,0.030,0.020,0.020,0.013,0.006,0.003,0.003,0.003,0.002,0.000,0.000,0.988,50.130
2510633387,2026-10-04 15:00:00,235.600,236.190,235.500,0.010,0.000,0.140,0.035,0.002,0.000,0.033,-0.004,0.000,0.000,-0.004,0.994,50.140
2510633390,2026-10-04 15:00:00,234.500,235.170,234.070,0.380,0.440,0.450,0.273,0.082,0.095,0.095,0.106,0.029,0.039,0.037,0.933,50.150
2510633391,2026-10-04 15:00:00,123.990,123.580,123.670,0.000,0.000,0.000,0.000,0.000,0.000,0.000,0.000,0.000,0.000,0.000,1.000,50.130
2510633393,2026-10-04 15:00:00,237.760,238.750,237.860,0.870,0.880,0.900,0.634,0.211,0.208,0.214,0.064,0.027,0.010,0.024,0.996,50.110
2510633395,2026-10-04 15:00:00,235.620,236.200,235.450,0.000,0.000,0.000,0.000,0.000,0.000,0.000,0.000,0.000,0.000,0.000,1.000,50.120
2510633396,2026-10-04 15:00:00,235.650,235.050,235.530,1.020,0.980,0.970,0.685,0.234,0.225,0.228,0.142,0.052,0.051,0.038,0.979,50.130
2510633397,2026-10-04 15:00:00,241.230,240.070,240.490,0.030,0.010,0.020,0.013,0.006,0.001,0.005,-0.001,0.000,0.000,0.000,0.979,50.140
2510633399,2026-10-04 15:00:00,233.780,233.590,232.570,0.430,0.490,0.530,0.338,0.101,0.115,0.122,-0.001,0.000,0.001,-0.001,0.999,50.130
2510633402,2026-10-04 15:00:00,231.570,231.510,233.120,0.060,0.100,0.180,0.075,0.012,0.021,0.041,0.018,0.005,0.005,0.007,0.975,50.110
2510633406,2026-10-04 15:00:00,233.800,233.640,232.630,0.010,0.010,0.010,0.004,0.002,0.001,0.000,-0.004,-0.001,0.000,-0.001,0.684,50.140
2510633411,2026-10-04 15:00:00,231.690,232.820,232.580,0.650,0.650,0.650,0.427,0.143,0.142,0.140,0.140,0.042,0.043,0.054,0.949,50.130
2510814977,2026-10-04 15:00:00,231.640,233.020,231.600,0.010,0.010,0.010,0.006,0.002,0.000,0.002,-0.002,0.000,-0.002,-0.001,0.871,50.140
2610026952,2026-10-04 15:00:00,234.540,233.700,233.900,1.490,1.440,1.420,0.898,0.310,0.293,0.294,0.417,0.141,0.144,0.130,0.906,50.140
2610026953,2026-10-04 15:00:00,238.400,238.190,239.030,0.010,0.010,0.010,0.006,0.001,0.001,0.002,-0.001,0.000,0.000,0.000,1.000,50.120
2610026963,2026-10-04 15:00:00,236.010,235.950,236.650,0.230,0.130,0.170,0.120,0.052,0.030,0.038,-0.031,-0.015,-0.005,-0.010,0.968,50.130
2610026966,2026-10-04 15:00:00,235.810,235.590,234.760,0.040,0.040,0.070,0.031,0.008,0.008,0.014,0.018,0.005,0.004,0.008,0.864,50.120
2610026976,2026-10-04 15:00:00,235.570,235.470,236.250,0.390,0.910,0.890,0.504,0.089,0.191,0.221,-0.018,-0.006,0.001,-0.012,0.999,50.130
2610026977,2026-10-04 15:00:00,247.320,247.020,246.180,0.000,0.000,0.000,0.000,0.000,0.000,0.000,-0.001,0.000,0.000,0.000,0.006,50.140
2610126270,2026-10-04 15:00:00,233.480,232.260,233.600,0.020,0.030,0.020,0.016,0.005,0.007,0.004,-0.004,-0.001,-0.001,-0.001,0.927,50.150
2610126451,2026-10-04 15:00:00,236.040,236.540,235.800,0.000,0.000,0.040,0.008,0.000,0.000,0.008,0.001,0.000,0.000,0.001,1.000,50.120
2610159557,2026-10-04 15:00:00,235.120,234.030,234.400,0.020,0.040,0.030,0.021,0.004,0.008,0.007,-0.006,-0.003,-0.001,-0.002,0.959,50.140
2610159558,2026-10-04 15:00:00,233.900,234.320,235.040,0.000,0.030,0.010,0.007,0.000,0.003,0.002,0.000,0.000,0.000,0.000,0.967,50.120
2610170785,2026-10-04 15:00:00,234.430,233.440,233.890,0.110,0.110,0.100,0.079,0.027,0.025,0.014,0.071,0.024,0.024,0.022,0.376,50.150
2610170786,2026-10-04 15:00:00,233.600,233.880,234.530,0.800,0.880,0.830,0.488,0.156,0.161,0.170,0.111,0.034,0.034,0.042,0.980,50.160
2610170836,2026-10-04 15:00:00,235.550,235.850,236.510,0.010,0.010,0.000,0.003,0.001,0.001,0.000,0.000,0.000,0.000,0.000,1.000,50.150
2610170837,2026-10-04 15:00:00,232.990,231.260,231.510,0.000,0.030,0.020,0.008,0.000,0.002,0.005,0.005,0.000,0.005,0.000,0.823,50.150
2610170838,2026-10-04 15:00:00,234.800,233.470,234.080,0.010,0.080,0.130,0.040,0.000,0.015,0.024,0.007,0.001,0.007,0.000,0.934,50.150
2610170839,2026-10-04 15:00:00,233.640,234.020,234.710,0.030,0.010,0.030,0.016,0.007,0.002,0.006,0.000,0.000,0.000,0.000,1.000,50.150
2610170840,2026-10-04 15:00:00,237.930,237.650,238.760,0.000,0.000,0.000,0.000,0.000,0.000,0.000,0.000,0.000,0.000,0.000,0.426,50.150
2610322967,2026-10-04 15:00:00,235.390,234.160,234.330,0.000,0.000,0.000,0.000,0.000,0.000,0.000,0.000,0.000,0.000,0.000,0.891,50.140
2610322969,2026-10-04 15:00:00,232.590,233.700,233.700,0.300,0.230,0.180,0.106,0.046,0.033,0.025,0.033,0.018,0.007,0.007,0.924,50.140
2610322982,2026-10-04 15:00:00,234.000,234.270,234.990,0.010,0.020,0.030,0.012,0.002,0.003,0.006,-0.006,-0.001,-0.001,-0.002,0.892,50.130
2610322992,2026-10-04 15:00:00,231.410,231.980,232.920,0.090,0.310,0.170,0.129,0.019,0.071,0.038,0.017,0.006,0.001,0.009,0.993,50.150
2610322995,2026-10-04 15:00:00,233.840,234.190,234.640,0.000,0.030,0.040,0.014,0.000,0.006,0.007,-0.008,0.000,-0.003,-0.003,0.886,50.140
2610323001,2026-10-04 15:00:00,230.050,228.610,228.540,2.120,2.020,2.210,1.251,0.415,0.397,0.442,0.721,0.240,0.240,0.239,0.866,50.150
2610323004,2026-10-04 15:00:00,64.250,63.710,64.190,0.290,0.260,0.300,0.053,0.017,0.016,0.019,0.009,0.004,0.002,0.002,0.983,50.140
2610323005,2026-10-04 15:00:00,233.660,232.560,233.740,0.000,0.000,0.000,0.001,0.000,0.001,0.000,0.000,0.000,0.000,0.000,0.947,50.140
2610323010,2026-10-04 15:00:00,238.870,237.950,237.960,0.060,0.000,0.000,0.011,0.011,0.000,0.000,-0.008,-0.008,0.000,0.000,0.794,50.140
2610323014,2026-10-04 15:00:00,235.660,235.650,236.290,0.050,0.000,0.010,0.013,0.011,0.000,0.002,-0.003,-0.002,0.000,0.000,0.949,50.160
2610323017,2026-10-04 15:00:00,234.160,234.880,234.020,0.050,0.020,0.020,0.018,0.009,0.004,0.004,-0.009,-0.004,-0.002,-0.002,0.881,50.170
2610323019,2026-10-04 15:00:00,233.440,232.630,233.820,0.020,0.060,0.030,0.028,0.010,0.012,0.005,-0.009,-0.002,-0.004,-0.002,0.944,50.160
2610323027,2026-10-04 15:00:00,234.970,233.750,234.220,0.030,0.040,0.030,0.018,0.005,0.007,0.005,-0.010,-0.003,-0.003,-0.003,0.865,50.160
2510224049,2026-10-04 15:01:00,233.680,232.510,233.740,0.290,3.780,0.130,0.880,0.060,0.800,0.010,0.230,0.000,0.250,-0.020,0.968,50.080
2610026950,2026-10-04 15:01:00,232.830,233.830,233.880,0.000,0.000,0.030,0.008,0.001,0.000,0.006,-0.001,0.000,0.000,0.000,1.000,50.060
2610322997,2026-10-04 15:01:00,232.020,233.270,231.740,0.470,0.530,0.420,0.339,0.114,0.126,0.098,0.036,-0.006,0.023,0.016,0.995,50.140
2610323016,2026-10-04 15:01:00,233.140,231.660,231.780,0.320,0.280,0.220,0.181,0.072,0.061,0.047,0.057,0.020,0.021,0.015,0.955,50.060
2246006313,2026-10-04 15:30:00,58.100,58.100,58.400,0.399,0.400,0.402,0.066,0.022,0.022,0.022,0.000,0.000,0.000,0.000,0.966,50.100
2410121326,2026-10-04 15:30:00,236.650,235.910,236.000,0.080,0.080,0.080,0.053,0.018,0.019,0.015,0.020,0.007,0.004,0.008,0.930,50.020
2410121353,2026-10-04 15:30:00,236.390,235.620,235.740,0.000,0.010,0.040,0.010,0.000,0.002,0.008,-0.002,0.000,0.000,0.000,0.990,50.040
2410121371,2026-10-04 15:30:00,236.700,235.780,235.840,0.010,0.010,0.060,0.014,0.000,0.000,0.013,-0.004,-0.001,-0.001,-0.001,0.948,50.100
2410121424,2026-10-04 15:30:00,236.610,235.880,235.950,0.010,0.010,0.010,0.004,0.000,0.001,0.002,-0.003,-0.001,-0.001,0.000,0.879,50.020
2410121440,2026-10-04 15:30:00,236.330,235.600,235.650,0.010,0.020,0.010,0.010,0.002,0.005,0.002,-0.004,-0.001,-0.002,0.000,0.920,50.110
2410121454,2026-10-04 15:30:00,235.900,236.670,235.680,0.090,0.120,0.150,0.079,0.019,0.027,0.033,0.024,0.008,0.008,0.008,0.958,50.030
2410121457,2026-10-04 15:30:00,234.310,233.420,233.840,2.770,2.690,2.530,1.799,0.624,0.602,0.571,0.457,0.159,0.167,0.130,0.969,50.070
2410121574,2026-10-04 15:30:00,236.550,235.550,235.690,0.200,0.170,0.150,0.117,0.046,0.037,0.033,-0.038,-0.010,-0.014,-0.012,0.952,50.030
2410131378,2026-10-04 15:30:00,235.540,236.130,235.360,0.500,0.610,0.580,0.317,0.108,0.106,0.098,0.100,0.026,0.031,0.042,0.967,50.070
2410131383,2026-10-04 15:30:00,239.000,238.120,238.070,0.080,0.060,0.070,0.050,0.018,0.014,0.017,-0.004,0.000,-0.001,-0.002,0.994,50.030
2410131384,2026-10-04 15:30:00,234.440,235.200,234.230,0.030,0.090,0.060,0.032,0.007,0.012,0.013,0.004,0.000,0.005,0.005,0.976,49.990
2410131387,2026-10-04 15:30:00,237.730,238.620,238.040,0.030,0.010,0.020,0.010,0.005,0.002,0.002,-0.007,-0.002,-0.002,-0.002,0.854,50.050
2410320615,2026-10-04 15:30:00,237.740,238.640,238.360,0.260,0.260,0.220,0.173,0.060,0.061,0.051,0.017,0.008,0.003,0.006,0.996,50.030
2410883988,2026-10-04 15:30:00,232.260,231.220,232.350,0.000,0.000,0.050,0.013,0.000,0.000,0.012,0.000,0.000,0.000,0.000,1.000,49.900
2410883990,2026-10-04 15:30:00,231.130,232.140,232.200,0.020,0.000,0.080,0.023,0.004,0.000,0.018,0.002,0.000,0.000,0.003,0.988,49.900
2410883991,2026-10-04 15:30:00,234.350,234.680,235.310,0.090,0.030,0.090,0.039,0.021,0.005,0.013,0.018,0.000,0.002,0.015,0.903,50.080
2410883993,2026-10-04 15:30:00,235.030,233.980,234.160,0.170,0.090,0.490,0.172,0.039,0.022,0.111,0.008,0.000,0.000,0.009,0.997,49.940
2410883994,2026-10-04 15:30:00,235.710,234.650,235.130,0.010,0.010,0.010,0.007,0.003,0.001,0.002,-0.002,-0.001,0.000,0.000,0.893,50.100
2410932742,2026-10-04 15:30:00,232.210,230.710,230.560,2.160,2.100,2.290,1.371,0.454,0.437,0.479,0.436,0.145,0.136,0.154,0.953,50.100
2411087432,2026-10-04 15:30:00,235.780,236.460,235.740,0.040,0.040,0.150,0.050,0.007,0.008,0.033,0.002,0.002,0.000,0.000,1.000,49.880
2411087433,2026-10-04 15:30:00,234.510,234.900,235.410,0.470,0.480,0.530,0.342,0.108,0.108,0.124,-0.038,-0.010,-0.023,-0.004,0.993,49.940
2411290205,2026-10-04 15:30:00,237.610,237.350,238.270,0.130,0.110,0.090,0.078,0.030,0.026,0.021,0.004,0.000,0.002,0.001,0.994,50.090
2510014481,2026-10-04 15:30:00,230.070,230.030,231.260,1.990,1.920,2.070,1.241,0.416,0.385,0.462,0.496,0.160,0.174,0.161,0.929,49.920
2510014483,2026-10-04 15:30:00,234.150,234.380,235.100,0.040,0.030,0.050,0.019,0.006,0.004,0.007,-0.020,-0.005,-0.005,-0.008,0.696,49.900
2510014484,2026-10-04 15:30:00,237.670,237.400,238.440,0.080,0.060,0.040,0.042,0.018,0.013,0.010,-0.001,-0.001,0.000,0.000,0.993,49.860
2510178139,2026-10-04 15:30:00,236.040,236.720,235.900,0.060,0.060,0.110,0.052,0.014,0.013,0.024,0.002,0.001,0.002,-0.001,0.991,49.960
2510178141,2026-10-04 15:30:00,235.630,235.590,236.280,0.020,0.010,0.020,0.007,0.002,0.000,0.003,-0.009,-0.004,-0.001,-0.003,0.589,49.860
2510203103,2026-10-04 15:30:00,227.930,226.480,226.460,0.030,0.030,0.020,0.000,-0.001,0.002,-0.001,-0.015,-0.005,-0.005,-0.004,0.008,50.020
2510203105,2026-10-04 15:30:00,232.300,230.720,231.100,1.450,1.600,1.500,0.949,0.302,0.338,0.308,0.322,0.110,0.109,0.103,0.948,49.950
2510203106,2026-10-04 15:30:00,237.700,237.500,238.520,0.010,0.010,0.000,0.005,0.001,0.003,0.000,-0.002,-0.001,0.000,0.000,0.962,49.940
2510203107,2026-10-04 15:30:00,226.360,226.190,227.110,0.160,0.190,0.150,0.108,0.035,0.040,0.031,0.032,0.009,0.010,0.013,0.955,49.890
2510203108,2026-10-04 15:30:00,235.780,236.370,235.680,1.120,1.240,1.270,0.782,0.243,0.254,0.301,0.224,0.061,0.085,0.077,0.963,50.060
2510203109,2026-10-04 15:30:00,234.310,234.920,233.880,0.020,0.030,0.070,0.027,0.004,0.007,0.015,0.005,0.002,0.001,0.001,0.982,49.960
2510203111,2026-10-04 15:30:00,235.220,235.570,236.230,1.500,1.250,1.650,0.932,0.307,0.265,0.359,0.276,0.115,0.078,0.083,0.959,49.980
2510203113,2026-10-04 15:30:00,238.420,237.710,237.690,0.180,0.220,0.230,0.141,0.042,0.048,0.050,-0.045,-0.008,-0.018,-0.019,0.948,49.900
2510203114,2026-10-04 15:30:00,228.180,228.480,229.140,0.040,0.040,0.030,0.023,0.009,0.008,0.005,-0.005,0.000,-0.003,-0.001,0.985,49.960
2510203117,2026-10-04 15:30:00,231.720,232.850,232.780,0.070,0.220,0.020,0.071,0.016,0.049,0.004,-0.009,0.000,-0.008,-0.001,0.993,50.090
2510203120,2026-10-04 15:30:00,234.740,233.800,234.120,0.890,0.700,0.740,0.501,0.192,0.148,0.161,0.175,0.068,0.053,0.052,0.943,50.070
2510203121,2026-10-04 15:30:00,232.270,232.430,231.300,0.030,0.020,0.100,0.041,0.009,0.011,0.029,-0.006,-0.001,0.000,-0.005,0.979,49.940
2510203122,2026-10-04 15:30:00,235.160,235.820,235.110,0.030,0.010,0.010,0.007,0.004,0.002,0.000,0.002,0.005,-0.001,-0.001,0.957,49.910
2510203123,2026-10-04 15:30:00,235.310,235.480,236.150,0.710,0.830,0.720,0.627,0.130,0.249,0.335,0.465,0.164,0.133,0.167,0.782,49.940
2510203124,2026-10-04 15:30:00,235.640,235.830,235.250,0.770,0.800,0.760,0.514,0.171,0.178,0.165,0.110,0.030,0.041,0.040,0.976,49.980
2510203125,2026-10-04 15:30:00,237.850,238.770,237.950,0.020,0.010,0.120,0.035,0.004,0.002,0.028,-0.004,-0.003,-0.001,0.000,0.979,49.940
2510203126,2026-10-04 15:30:00,232.550,232.500,231.530,0.050,0.000,0.000,0.013,0.012,0.000,0.000,0.000,0.000,0.000,0.000,1.000,50.000
2510203127,2026-10-04 15:30:00,235.840,236.490,235.850,0.230,0.320,0.210,0.150,0.044,0.063,0.042,0.097,0.031,0.038,0.027,0.837,49.990
2510203130,2026-10-04 15:30:00,244.620,244.330,246.100,0.000,0.180,0.070,0.049,0.000,0.031,0.017,0.020,0.000,0.023,0.003,0.933,50.100
2510203133,2026-10-04 15:30:00,236.590,237.220,236.480,0.030,0.020,0.000,0.010,0.006,0.003,0.000,-0.002,0.000,-0.001,0.000,0.971,50.090
2510203134,2026-10-04 15:30:00,236.060,234.890,235.130,0.020,0.010,0.010,0.007,0.004,0.001,0.001,-0.001,0.000,-0.001,0.000,0.962,50.100
2510224049,2026-10-04 15:30:00,232.090,230.920,232.060,0.280,3.800,0.130,0.860,0.060,0.790,0.010,0.230,0.000,0.250,-0.020,0.969,49.880
2510224167,2026-10-04 15:30:00,231.910,231.830,230.900,0.730,0.120,0.350,0.170,0.090,0.010,0.050,-0.150,-0.080,-0.020,-0.050,0.737,49.860
2510317505,2026-10-04 15:30:00,232.040,231.970,230.980,0.090,0.030,2.120,0.270,0.010,0.000,0.250,-0.250,-0.010,0.000,-0.230,0.735,49.870
2510317516,2026-10-04 15:30:00,232.000,231.940,230.950,0.000,0.000,0.000,0.000,0.000,0.000,0.000,0.000,0.000,0.000,0.000,1.000,49.860
2510317537,2026-10-04 15:30:00,233.590,233.540,234.520,2.760,2.790,2.990,1.680,0.540,0.570,0.580,-0.290,-0.080,-0.100,-0.100,0.985,49.860
2510389559,2026-10-04 15:30:00,238.050,237.840,238.880,0.000,0.000,0.000,0.000,0.000,0.000,0.000,0.000,0.000,0.000,0.000,1.000,49.880
2510389643,2026-10-04 15:30:00,238.230,237.980,238.970,1.060,0.000,0.000,0.170,0.170,0.000,0.000,-0.040,-0.040,0.000,0.000,0.968,49.860
2510389931,2026-10-04 15:30:00,237.580,237.230,238.390,0.050,0.000,0.000,0.000,0.000,0.000,0.000,-0.010,-0.010,0.000,0.000,0.202,49.890
2510633381,2026-10-04 15:30:00,235.120,234.040,234.430,0.040,0.040,0.010,0.018,0.007,0.009,0.002,-0.011,-0.004,-0.004,-0.001,0.834,49.990
2510633382,2026-10-04 15:30:00,236.990,238.070,237.220,0.730,0.770,0.800,0.499,0.155,0.176,0.183,0.239,0.081,0.079,0.078,0.898,50.100
2510633383,2026-10-04 15:30:00,235.830,235.800,236.540,0.110,0.080,0.090,0.021,0.005,0.007,0.008,-0.060,-0.024,-0.017,-0.019,0.335,49.990
2510633385,2026-10-04 15:30:00,238.920,238.730,239.780,0.080,0.020,0.010,0.026,0.019,0.005,0.002,-0.005,-0.002,-0.001,-0.001,0.959,50.080
2510633386,2026-10-04 15:30:00,220.320,220.690,221.410,0.030,0.020,0.020,0.014,0.006,0.004,0.003,0.004,0.003,0.000,0.000,0.983,50.100
2510633387,2026-10-04 15:30:00,236.010,236.670,235.960,0.010,0.020,0.140,0.037,0.002,0.002,0.033,0.000,0.000,0.003,-0.004,0.998,50.080
2510633390,2026-10-04 15:30:00,234.710,235.400,234.340,0.670,0.790,0.720,0.435,0.133,0.158,0.144,0.160,0.037,0.058,0.064,0.938,50.050
2510633391,2026-10-04 15:30:00,124.120,123.700,123.720,0.000,0.000,0.000,0.000,0.000,0.000,0.000,0.000,0.000,0.000,0.000,1.000,50.030
2510633393,2026-10-04 15:30:00,237.160,238.270,237.480,0.940,0.940,0.940,0.645,0.214,0.216,0.215,0.114,0.042,0.029,0.041,0.984,50.110
2510633395,2026-10-04 15:30:00,235.610,236.330,235.660,0.000,0.000,0.000,0.000,0.000,0.000,0.000,0.000,0.000,0.000,0.000,1.000,49.970
2510633396,2026-10-04 15:30:00,235.830,235.260,235.590,1.020,0.980,0.960,0.672,0.229,0.222,0.219,0.128,0.046,0.046,0.035,0.982,49.990
2510633397,2026-10-04 15:30:00,241.490,240.300,240.700,0.020,0.010,0.020,0.013,0.005,0.001,0.005,-0.002,0.000,0.000,0.000,1.000,50.050
2510633399,2026-10-04 15:30:00,232.260,232.130,231.280,0.450,0.500,0.510,0.334,0.103,0.114,0.115,0.000,0.000,0.002,-0.002,0.998,50.010
2510633402,2026-10-04 15:30:00,231.960,231.900,233.390,0.060,0.110,0.180,0.075,0.011,0.022,0.041,0.020,0.005,0.007,0.006,0.968,50.110
2510633406,2026-10-04 15:30:00,232.220,232.120,231.270,0.010,0.010,0.010,0.003,0.001,0.001,0.000,-0.003,-0.001,0.000,-0.001,0.687,49.940
2510633411,2026-10-04 15:30:00,230.440,231.340,231.290,0.690,0.700,0.670,0.446,0.149,0.153,0.143,0.133,0.040,0.041,0.051,0.958,50.030
2510814977,2026-10-04 15:30:00,232.370,233.630,232.280,0.010,0.010,0.010,0.005,0.001,0.001,0.001,-0.004,-0.001,-0.002,-0.001,0.749,50.070
2610026950,2026-10-04 15:30:00,231.190,232.190,232.350,0.000,0.000,0.020,0.007,0.001,0.000,0.005,0.000,0.000,0.000,0.000,0.975,49.930
2610026952,2026-10-04 15:30:00,235.130,234.430,234.330,1.240,1.220,1.220,0.785,0.264,0.259,0.260,0.282,0.095,0.094,0.092,0.942,49.940
2610026953,2026-10-04 15:30:00,238.070,237.710,238.790,0.020,0.010,0.020,0.013,0.004,0.002,0.003,-0.002,0.000,0.000,-0.001,1.000,49.940
2610026963,2026-10-04 15:30:00,236.140,236.020,236.840,0.250,0.090,0.170,0.114,0.055,0.020,0.038,-0.036,-0.016,-0.007,-0.011,0.953,49.990
2610026966,2026-10-04 15:30:00,234.890,234.760,233.930,0.030,0.040,0.080,0.030,0.006,0.009,0.015,0.018,0.004,0.004,0.009,0.852,49.970
2610026976,2026-10-04 15:30:00,235.930,235.660,236.240,0.360,0.950,1.410,0.563,0.082,0.219,0.261,-0.032,-0.013,-0.004,-0.016,0.998,49.990
2610026977,2026-10-04 15:30:00,246.530,246.260,245.500,0.000,0.000,0.000,0.000,0.000,0.000,0.000,-0.001,0.000,0.000,0.000,0.008,50.020
2610126270,2026-10-04 15:30:00,232.180,231.100,232.260,0.020,0.030,0.020,0.016,0.005,0.006,0.004,-0.004,-0.001,0.000,-0.001,0.973,49.890
2610126451,2026-10-04 15:30:00,236.160,236.690,236.050,0.000,0.030,0.040,0.013,0.000,0.003,0.009,0.009,0.000,0.007,0.003,0.812,49.950
2610159557,2026-10-04 15:30:00,235.140,234.040,234.360,0.040,0.050,0.050,0.034,0.009,0.012,0.012,-0.006,-0.003,0.000,-0.002,0.977,49.940
2610159558,2026-10-04 15:30:00,233.940,234.340,235.030,0.000,0.010,0.010,0.013,0.008,0.001,0.002,-0.002,-0.002,0.000,0.000,0.961,49.950
2610170785,2026-10-04 15:30:00,234.680,233.670,234.040,0.130,0.120,0.120,0.053,0.019,0.016,0.018,0.068,0.024,0.022,0.021,0.620,49.920
2610170786,2026-10-04 15:30:00,233.510,233.760,234.440,0.710,0.720,0.750,0.478,0.153,0.153,0.164,0.118,0.037,0.037,0.043,0.969,49.860
2610170836,2026-10-04 15:30:00,235.740,235.900,236.630,0.010,0.010,0.000,0.003,0.001,0.001,0.000,0.000,0.000,0.000,0.000,1.000,49.910
2610170837,2026-10-04 15:30:00,233.080,231.460,231.680,0.000,0.030,0.010,0.004,0.000,0.003,0.001,0.004,0.000,0.005,0.000,0.675,49.900
2610170838,2026-10-04 15:30:00,234.800,233.570,234.060,0.020,0.050,0.090,0.021,0.000,0.011,0.011,0.006,0.002,0.002,0.002,1.000,49.870
2610170839,2026-10-04 15:30:00,233.810,234.190,234.940,0.050,0.010,0.030,0.019,0.008,0.002,0.006,0.000,-0.001,0.000,0.000,0.981,49.890
2610170840,2026-10-04 15:30:00,237.630,237.320,238.650,0.180,0.000,0.000,0.042,0.042,0.000,0.000,0.000,0.000,0.000,0.000,1.000,49.890
2610322967,2026-10-04 15:30:00,235.430,234.260,234.330,0.000,0.000,0.000,0.000,0.000,0.000,0.000,0.000,0.000,0.000,0.000,0.878,49.920
2610322969,2026-10-04 15:30:00,231.190,232.130,232.370,0.100,0.170,0.120,0.088,0.021,0.040,0.027,0.017,0.005,0.004,0.007,0.985,49.930
2610322982,2026-10-04 15:30:00,234.070,234.370,235.170,0.010,0.020,0.030,0.012,0.002,0.003,0.006,-0.006,-0.001,-0.001,-0.002,0.889,49.950
2610322992,2026-10-04 15:30:00,231.660,232.120,233.020,0.090,0.340,0.170,0.136,0.019,0.078,0.038,0.020,0.006,0.002,0.010,0.987,49.870
2610322995,2026-10-04 15:30:00,234.130,234.400,235.050,0.000,0.030,0.040,0.014,0.000,0.006,0.007,-0.008,0.000,-0.003,-0.003,0.889,49.920
2610322997,2026-10-04 15:30:00,231.770,232.920,231.500,0.460,0.510,0.410,0.333,0.114,0.122,0.097,0.049,0.000,0.028,0.021,0.988,49.910
2610323001,2026-10-04 15:30:00,230.150,228.800,228.760,2.200,2.090,2.280,1.296,0.434,0.409,0.453,0.749,0.250,0.251,0.247,0.865,49.890
2610323004,2026-10-04 15:30:00,64.240,63.720,64.170,0.360,0.320,0.370,0.066,0.022,0.020,0.023,0.014,0.006,0.004,0.003,0.970,49.930
2610323005,2026-10-04 15:30:00,232.390,231.250,232.280,0.000,0.000,0.000,0.001,0.000,0.001,0.000,0.000,0.000,0.000,0.000,0.945,49.920
2610323010,2026-10-04 15:30:00,238.700,237.880,237.710,0.070,0.000,0.000,0.014,0.014,0.000,0.000,-0.008,-0.008,0.000,0.000,0.854,49.930
2610323014,2026-10-04 15:30:00,235.680,235.580,236.330,0.050,0.000,0.010,0.013,0.011,0.000,0.002,-0.003,-0.002,0.000,0.000,0.946,49.890
2610323016,2026-10-04 15:30:00,232.730,231.320,231.470,0.380,0.330,0.270,0.216,0.084,0.072,0.059,0.064,0.021,0.025,0.017,0.957,49.870
2610323017,2026-10-04 15:30:00,233.750,234.780,233.820,0.050,0.020,0.020,0.018,0.009,0.004,0.004,-0.010,-0.004,-0.002,-0.002,0.885,49.850
2610323019,2026-10-04 15:30:00,232.060,231.250,232.250,0.020,0.020,0.020,0.014,0.004,0.004,0.004,-0.005,-0.001,-0.001,-0.002,0.911,49.870
2610323027,2026-10-04 15:30:00,234.820,233.640,234.050,0.030,0.030,0.030,0.018,0.005,0.007,0.005,-0.009,-0.003,-0.003,-0.003,0.860,49.850
2510203104,2026-10-04 15:31:00,228.520,228.660,229.390,0.130,0.190,0.130,0.099,0.029,0.042,0.027,0.018,-0.002,0.011,0.009,0.988,50.070
2510203128,2026-10-04 15:31:00,234.160,234.650,233.260,1.690,1.630,1.650,1.129,0.385,0.372,0.372,0.123,0.030,0.039,0.053,0.993,50.110
2510014482,2026-10-04 15:32:00,235.970,236.540,235.790,0.010,0.040,0.000,0.011,0.002,0.009,0.000,0.000,-0.001,0.001,0.000,0.977,50.040
2246006313,2026-10-04 16:00:00,57.900,57.900,58.100,0.421,0.421,0.417,0.069,0.023,0.023,0.023,0.000,0.000,0.000,0.000,0.965,49.980
2410121326,2026-10-04 16:00:00,236.160,235.350,235.490,0.070,0.090,0.090,0.055,0.016,0.021,0.016,0.019,0.005,0.003,0.010,0.942,49.940
2410121353,2026-10-04 16:00:00,236.260,235.480,235.650,0.000,0.010,0.040,0.011,0.000,0.002,0.008,-0.002,0.000,0.000,0.000,1.000,49.970
2410121371,2026-10-04 16:00:00,236.410,235.560,235.720,0.040,0.010,0.030,0.016,0.008,0.000,0.007,-0.001,0.000,-0.001,0.000,0.985,49.940
2410121424,2026-10-04 16:00:00,236.080,235.310,235.620,0.010,0.010,0.010,0.004,0.000,0.001,0.002,-0.003,-0.001,-0.001,0.000,0.877,49.990
2410121440,2026-10-04 16:00:00,236.070,235.270,235.400,0.010,0.030,0.010,0.010,0.002,0.005,0.002,-0.004,-0.001,-0.002,0.000,0.926,49.930
2410121454,2026-10-04 16:00:00,235.570,236.380,235.470,0.060,0.100,0.130,0.066,0.014,0.023,0.029,0.013,0.005,0.004,0.003,0.973,49.990
2410121457,2026-10-04 16:00:00,234.510,233.680,234.050,2.110,1.960,1.860,1.346,0.479,0.441,0.425,0.314,0.110,0.117,0.086,0.973,49.940
2410121574,2026-10-04 16:00:00,236.400,235.420,235.540,0.220,0.170,0.150,0.119,0.049,0.036,0.033,-0.037,-0.010,-0.014,-0.011,0.957,49.980
2410131378,2026-10-04 16:00:00,235.410,236.000,235.170,0.470,0.460,0.590,0.363,0.124,0.127,0.126,0.104,0.026,0.032,0.045,0.952,49.950
2410131383,2026-10-04 16:00:00,238.770,237.980,237.920,0.080,0.060,0.080,0.053,0.019,0.014,0.019,-0.005,0.000,-0.001,-0.002,0.988,49.970
2410131384,2026-10-04 16:00:00,233.690,234.460,233.510,0.030,0.050,0.040,0.027,0.007,0.012,0.007,0.003,0.000,0.000,0.003,0.997,50.050
2410131387,2026-10-04 16:00:00,237.190,237.950,237.480,0.030,0.010,0.020,0.011,0.006,0.002,0.002,-0.007,-0.002,-0.002,-0.002,0.859,49.920
2410320615,2026-10-04 16:00:00,237.750,238.460,238.340,0.230,0.210,0.180,0.144,0.052,0.049,0.042,0.005,0.002,0.000,0.002,0.999,50.020
2410883988,2026-10-04 16:00:00,232.130,231.020,231.970,0.000,0.000,0.060,0.015,0.000,0.000,0.014,-0.001,0.000,0.000,-0.001,1.000,50.130
2410883990,2026-10-04 16:00:00,230.790,231.660,231.750,0.020,0.000,0.080,0.023,0.004,0.000,0.018,0.004,0.001,0.000,0.003,0.973,50.050
2410883991,2026-10-04 16:00:00,233.170,233.500,234.110,0.020,0.030,0.100,0.029,0.004,0.005,0.021,0.014,0.000,0.002,0.012,0.861,50.000
2410883993,2026-10-04 16:00:00,233.810,232.960,233.200,0.400,0.150,0.420,0.211,0.091,0.034,0.084,0.021,0.017,-0.001,0.006,0.995,50.030
2410883994,2026-10-04 16:00:00,234.130,232.940,233.480,0.010,0.010,0.020,0.009,0.003,0.001,0.004,-0.003,-0.001,0.000,-0.001,0.968,50.000
2410932742,2026-10-04 16:00:00,230.290,228.550,228.610,2.190,2.150,2.290,1.382,0.459,0.444,0.477,0.424,0.144,0.133,0.146,0.956,50.000
2411087432,2026-10-04 16:00:00,235.870,236.550,235.740,0.040,0.090,0.070,0.045,0.007,0.020,0.017,-0.005,0.002,-0.003,-0.003,0.999,50.120
2411087433,2026-10-04 16:00:00,233.580,233.980,234.600,0.420,0.420,0.450,0.296,0.095,0.095,0.106,-0.046,-0.013,-0.024,-0.007,0.988,50.030
2411290205,2026-10-04 16:00:00,237.470,237.340,238.030,0.110,0.100,0.100,0.073,0.026,0.023,0.023,0.006,0.002,0.002,0.001,0.999,50.000
2510014481,2026-10-04 16:00:00,228.800,229.080,230.280,2.060,2.010,2.160,1.290,0.417,0.404,0.469,0.544,0.170,0.181,0.185,0.916,50.030
2510014482,2026-10-04 16:00:00,235.860,236.420,235.470,0.010,0.040,0.000,0.011,0.002,0.009,0.000,0.000,-0.001,0.001,0.000,0.976,50.110
2510014483,2026-10-04 16:00:00,233.170,233.450,234.210,0.050,0.040,0.060,0.026,0.010,0.006,0.009,-0.021,-0.006,-0.005,-0.008,0.788,50.040
2510014484,2026-10-04 16:00:00,237.190,237.000,237.880,0.080,0.080,0.050,0.049,0.018,0.019,0.011,0.000,0.000,0.001,0.000,1.000,50.080
2510178139,2026-10-04 16:00:00,236.040,236.700,235.870,0.060,0.060,0.100,0.052,0.015,0.012,0.023,0.003,0.002,0.002,-0.001,0.991,50.020
2510178141,2026-10-04 16:00:00,235.620,235.730,236.320,0.020,0.010,0.020,0.007,0.002,0.000,0.003,-0.009,-0.004,-0.001,-0.003,0.592,50.070
2510203103,2026-10-04 16:00:00,226.680,224.880,225.040,0.030,0.020,0.030,0.009,0.003,0.000,0.004,-0.015,-0.005,-0.005,-0.004,0.578,50.020
2510203104,2026-10-04 16:00:00,227.560,227.650,228.390,0.170,0.190,0.210,0.125,0.037,0.040,0.047,0.013,-0.003,0.010,0.006,0.994,50.110
2510203105,2026-10-04 16:00:00,231.770,229.960,230.480,1.510,1.770,1.540,1.079,0.340,0.395,0.344,0.183,0.062,0.065,0.055,0.985,50.020
2510203106,2026-10-04 16:00:00,237.990,237.800,238.660,0.010,0.010,0.000,0.005,0.001,0.003,0.000,-0.002,-0.001,0.000,0.000,0.964,50.090
2510203107,2026-10-04 16:00:00,225.540,225.430,226.070,0.360,0.400,0.340,0.233,0.076,0.085,0.071,0.088,0.029,0.028,0.030,0.934,50.050
2510203109,2026-10-04 16:00:00,233.420,234.080,233.000,0.020,0.030,0.070,0.026,0.002,0.007,0.016,0.006,0.002,0.001,0.002,0.974,50.020
2510203111,2026-10-04 16:00:00,235.170,235.540,236.030,1.740,1.500,1.900,1.126,0.378,0.324,0.423,0.296,0.124,0.088,0.083,0.967,50.060
2510203113,2026-10-04 16:00:00,237.950,237.410,237.390,0.210,0.240,0.270,0.164,0.048,0.052,0.061,-0.048,-0.009,-0.019,-0.019,0.961,50.120
2510203114,2026-10-04 16:00:00,227.380,227.690,228.350,0.030,0.030,0.020,0.008,0.003,0.004,0.000,-0.016,-0.005,-0.006,-0.004,0.473,50.020
2510203117,2026-10-04 16:00:00,230.600,231.410,231.450,0.080,0.370,0.020,0.106,0.017,0.084,0.004,-0.007,0.001,-0.008,-0.001,0.995,49.990
2510203120,2026-10-04 16:00:00,233.420,232.380,232.710,0.800,0.580,0.640,0.455,0.179,0.130,0.146,0.200,0.076,0.062,0.061,0.914,49.990
2510203121,2026-10-04 16:00:00,231.550,231.630,230.660,0.210,0.210,0.260,0.154,0.047,0.046,0.060,0.010,0.002,0.006,0.000,1.000,50.030
2510203123,2026-10-04 16:00:00,234.690,235.170,235.790,2.880,3.230,2.500,0.663,0.192,0.244,0.226,0.366,0.135,0.104,0.123,0.970,50.020
2510203124,2026-10-04 16:00:00,235.540,235.700,235.090,0.810,0.820,0.780,0.486,0.161,0.166,0.158,0.114,0.034,0.040,0.040,0.973,49.950
2510203125,2026-10-04 16:00:00,237.530,238.220,237.570,0.020,0.010,0.120,0.035,0.004,0.002,0.028,-0.002,-0.002,-0.001,0.001,0.989,50.030
2510203126,2026-10-04 16:00:00,231.480,231.550,230.600,0.060,0.000,0.000,0.015,0.014,0.000,0.000,-0.001,-0.001,0.000,0.000,1.000,49.990
2510203127,2026-10-04 16:00:00,235.640,236.300,235.580,0.230,0.300,0.210,0.147,0.044,0.061,0.041,0.094,0.031,0.035,0.026,0.844,50.000
2510203128,2026-10-04 16:00:00,233.050,233.580,232.110,1.650,1.620,1.630,1.112,0.379,0.365,0.367,0.107,0.024,0.034,0.049,0.995,50.020
2510203130,2026-10-04 16:00:00,242.980,243.080,244.730,0.000,0.000,0.050,0.013,0.000,0.000,0.012,0.000,0.000,0.000,0.000,0.974,50.020
2510203133,2026-10-04 16:00:00,235.450,236.020,235.330,0.020,0.020,0.000,0.009,0.004,0.003,0.000,-0.002,0.000,-0.001,0.000,0.943,50.050
2510203134,2026-10-04 16:00:00,234.150,232.960,233.220,0.020,0.010,0.010,0.007,0.004,0.001,0.001,-0.001,0.000,-0.001,0.000,0.953,49.990
2510224049,2026-10-04 16:00:00,231.690,230.570,231.530,0.280,3.730,0.130,0.860,0.060,0.780,0.010,0.220,0.000,0.240,-0.020,0.970,50.050
2510224167,2026-10-04 16:00:00,231.590,231.560,230.660,0.730,0.120,0.360,0.170,0.090,0.010,0.050,-0.150,-0.080,-0.020,-0.050,0.733,50.090
2510317505,2026-10-04 16:00:00,231.450,231.470,230.510,0.090,0.030,2.140,0.270,0.010,0.000,0.250,-0.250,-0.010,0.000,-0.230,0.729,50.070
2510317516,2026-10-04 16:00:00,231.680,231.690,230.760,0.000,0.000,0.000,0.000,0.000,0.000,0.000,0.000,0.000,0.000,0.000,1.000,50.090
2510317537,2026-10-04 16:00:00,232.830,232.850,233.580,2.420,2.420,2.500,1.720,0.560,0.580,0.570,-0.290,-0.090,-0.100,-0.100,0.988,50.090
2510389559,2026-10-04 16:00:00,237.720,237.540,238.360,0.000,0.000,0.000,0.000,0.000,0.000,0.000,0.000,0.000,0.000,0.000,1.000,50.120
2510389643,2026-10-04 16:00:00,237.580,237.420,238.210,0.950,0.000,0.000,0.130,0.130,0.000,0.000,-0.040,-0.040,0.000,0.000,0.938,50.060
2510389931,2026-10-04 16:00:00,237.120,236.740,237.710,0.050,0.000,0.000,0.000,0.000,0.000,0.000,-0.010,-0.010,0.000,0.000,0.205,50.050
2510633381,2026-10-04 16:00:00,234.090,232.980,233.360,0.040,0.040,0.010,0.019,0.007,0.008,0.002,-0.010,-0.004,-0.004,-0.001,0.889,50.010
2510633382,2026-10-04 16:00:00,236.600,237.470,236.830,0.730,0.760,0.800,0.504,0.157,0.169,0.177,0.183,0.062,0.061,0.058,0.940,49.920
2510633383,2026-10-04 16:00:00,235.570,235.620,236.330,0.110,0.080,0.090,0.019,0.006,0.002,0.010,-0.062,-0.024,-0.019,-0.019,0.302,50.000
2510633385,2026-10-04 16:00:00,238.160,238.020,238.860,0.050,0.020,0.010,0.017,0.010,0.004,0.002,-0.004,0.000,-0.001,-0.001,0.949,49.930
2510633386,2026-10-04 16:00:00,218.930,219.260,220.010,0.030,0.020,0.020,0.013,0.006,0.003,0.003,0.003,0.002,0.000,0.000,0.956,49.930
2510633387,2026-10-04 16:00:00,235.550,236.250,235.520,0.010,0.000,0.140,0.036,0.002,0.000,0.033,-0.004,0.000,0.000,-0.003,1.000,49.930
2510633390,2026-10-04 16:00:00,233.430,234.250,233.100,0.680,0.790,0.720,0.449,0.139,0.165,0.144,0.161,0.039,0.057,0.063,0.940,49.950
2510633391,2026-10-04 16:00:00,124.160,123.740,123.810,0.000,0.000,0.000,0.000,0.000,0.000,0.000,0.000,0.000,0.000,0.000,1.000,49.970
2510633393,2026-10-04 16:00:00,237.080,238.010,237.320,0.820,0.820,0.820,0.573,0.190,0.192,0.189,0.046,0.020,0.006,0.018,0.997,49.920
2510633395,2026-10-04 16:00:00,235.690,236.280,235.560,0.000,0.000,0.000,0.000,0.000,0.000,0.000,0.000,0.000,0.000,0.000,1.000,50.020
2510633396,2026-10-04 16:00:00,235.590,235.000,235.380,0.980,0.950,0.940,0.652,0.222,0.217,0.215,0.128,0.046,0.046,0.035,0.981,50.010
2510633397,2026-10-04 16:00:00,240.220,238.980,239.410,0.010,0.010,0.010,0.007,0.002,0.001,0.002,-0.003,-0.001,-0.001,-0.001,0.882,49.950
2510633399,2026-10-04 16:00:00,231.070,231.060,230.200,0.470,0.540,0.540,0.358,0.109,0.125,0.123,-0.003,-0.001,0.000,-0.002,1.000,49.990
2510633402,2026-10-04 16:00:00,230.120,230.170,231.810,0.030,0.080,0.170,0.062,0.007,0.017,0.038,0.009,0.002,0.001,0.004,0.995,49.920
2510633411,2026-10-04 16:00:00,229.410,230.140,230.230,0.670,0.660,0.650,0.427,0.145,0.143,0.137,0.140,0.043,0.043,0.053,0.950,49.980
2510814977,2026-10-04 16:00:00,230.880,232.280,230.630,0.010,0.010,0.010,0.004,0.001,0.000,0.001,-0.004,0.000,-0.002,-0.001,0.689,50.040
2610026950,2026-10-04 16:00:00,230.850,231.630,231.750,0.010,0.000,0.060,0.016,0.002,0.001,0.013,0.000,0.000,0.000,0.000,1.000,50.040
2610026952,2026-10-04 16:00:00,235.710,234.970,234.960,0.960,0.960,0.930,0.583,0.197,0.196,0.189,0.126,0.039,0.043,0.041,0.970,49.950
2610026953,2026-10-04 16:00:00,237.610,237.280,238.020,0.030,0.020,0.020,0.016,0.006,0.003,0.005,-0.001,0.000,0.000,-0.001,1.000,50.030
2610026963,2026-10-04 16:00:00,235.880,235.790,236.540,0.230,0.080,0.170,0.107,0.052,0.017,0.038,-0.025,-0.011,-0.005,-0.008,0.970,50.000
2610026966,2026-10-04 16:00:00,233.090,232.950,232.180,0.040,0.040,0.080,0.031,0.008,0.008,0.015,0.018,0.005,0.004,0.008,0.863,50.010
2610026976,2026-10-04 16:00:00,235.670,235.530,236.030,0.620,0.930,1.540,0.709,0.142,0.199,0.334,-0.046,-0.017,-0.009,-0.018,0.997,50.010
2610026977,2026-10-04 16:00:00,244.430,244.190,243.530,0.000,0.000,0.000,0.000,0.000,0.000,0.000,-0.001,0.000,0.000,0.000,0.002,49.980
2610126270,2026-10-04 16:00:00,231.800,230.700,231.700,0.020,0.070,0.020,0.025,0.005,0.015,0.004,-0.005,-0.001,-0.002,-0.001,0.967,50.050
2610126451,2026-10-04 16:00:00,236.080,236.500,235.810,0.000,0.040,0.040,0.023,0.000,0.009,0.009,0.007,0.000,0.006,0.001,0.940,50.030
2610159557,2026-10-04 16:00:00,234.230,233.120,233.430,0.020,0.020,0.030,0.015,0.003,0.005,0.006,-0.006,-0.002,-0.001,-0.001,0.910,50.040
2610159558,2026-10-04 16:00:00,233.010,233.400,234.120,0.000,0.020,0.020,0.008,0.000,0.006,0.000,0.000,0.000,0.001,0.000,0.992,50.020
2610170785,2026-10-04 16:00:00,234.020,232.920,233.330,0.010,0.010,0.000,0.003,0.001,0.001,0.000,0.001,0.000,0.001,0.000,0.826,50.040
2610170836,2026-10-04 16:00:00,235.820,236.070,236.770,0.010,0.010,0.000,0.003,0.001,0.001,0.000,0.000,0.000,0.000,0.000,0.999,50.040
2610170837,2026-10-04 16:00:00,232.250,230.470,230.840,0.000,0.030,0.020,0.007,0.000,0.002,0.004,0.004,0.000,0.005,0.000,0.778,50.050
2610170838,2026-10-04 16:00:00,233.990,232.640,233.230,0.000,0.060,0.000,0.016,0.000,0.010,0.006,0.007,0.000,0.007,0.000,0.837,50.110
2610170839,2026-10-04 16:00:00,232.930,233.290,234.030,0.020,0.010,0.040,0.016,0.004,0.002,0.008,0.001,0.000,0.000,0.001,1.000,50.050
2610170840,2026-10-04 16:00:00,237.180,236.820,237.900,0.000,0.000,0.000,0.000,0.000,0.000,0.000,0.000,0.000,0.000,0.000,0.425,50.060
2610322967,2026-10-04 16:00:00,234.560,233.330,233.440,0.000,0.000,0.010,0.001,0.000,0.000,0.001,0.001,0.000,0.000,0.001,0.914,50.040
2610322969,2026-10-04 16:00:00,230.230,231.020,231.210,0.660,0.570,0.480,0.256,0.095,0.089,0.046,0.147,0.051,0.049,0.045,0.764,50.030
2610322982,2026-10-04 16:00:00,233.140,233.440,234.200,0.010,0.020,0.030,0.012,0.002,0.003,0.006,-0.006,-0.001,-0.001,-0.002,0.892,50.020
2610322992,2026-10-04 16:00:00,230.440,231.160,232.090,0.090,0.330,0.230,0.150,0.019,0.077,0.054,0.004,0.001,-0.002,0.005,0.998,50.060
2610322995,2026-10-04 16:00:00,233.200,233.410,233.990,0.000,0.030,0.040,0.014,0.000,0.006,0.007,-0.008,0.000,-0.003,-0.003,0.886,50.040
2610322997,2026-10-04 16:00:00,230.890,232.120,230.510,0.410,0.490,0.380,0.314,0.107,0.117,0.089,0.035,-0.006,0.024,0.017,0.994,50.050
2610323001,2026-10-04 16:00:00,229.240,227.790,227.820,2.230,2.040,2.280,1.283,0.437,0.394,0.451,0.742,0.250,0.247,0.243,0.865,50.060
2610323004,2026-10-04 16:00:00,63.990,63.440,63.960,0.370,0.340,0.400,0.069,0.022,0.021,0.024,0.009,0.004,0.001,0.002,0.982,50.030
2610323005,2026-10-04 16:00:00,231.930,230.910,231.650,0.000,0.000,0.000,0.001,0.000,0.001,0.000,0.000,0.000,0.000,0.000,0.927,50.030
2610323010,2026-10-04 16:00:00,237.960,237.420,237.300,0.230,0.000,0.000,0.054,0.054,0.000,0.000,-0.007,-0.007,0.000,0.000,0.995,50.040
2610323014,2026-10-04 16:00:00,235.820,235.950,236.630,0.070,0.000,0.010,0.018,0.016,0.000,0.002,-0.003,-0.002,0.000,0.000,0.975,50.060
2610323016,2026-10-04 16:00:00,231.660,230.040,230.350,0.520,0.460,0.400,0.312,0.118,0.104,0.090,0.057,0.020,0.022,0.015,0.984,50.060
2610323017,2026-10-04 16:00:00,233.030,233.780,232.980,0.050,0.020,0.020,0.018,0.009,0.004,0.004,-0.009,-0.004,-0.002,-0.002,0.887,50.070
2610323019,2026-10-04 16:00:00,231.510,230.880,231.640,0.060,0.060,0.030,0.031,0.012,0.012,0.006,-0.008,-0.003,-0.004,-0.001,0.967,50.060
2610323027,2026-10-04 16:00:00,234.040,232.800,233.210,0.030,0.030,0.030,0.018,0.005,0.007,0.005,-0.009,-0.003,-0.003,-0.003,0.860,50.080
2510203108,2026-10-04 16:01:00,235.580,235.920,235.090,0.640,1.040,1.310,0.733,0.146,0.258,0.328,0.104,0.015,0.048,0.039,0.992,49.930
2510203122,2026-10-04 16:01:00,235.460,236.130,235.340,0.080,0.010,0.010,0.016,0.012,0.002,0.000,0.011,0.014,-0.001,-0.001,0.799,49.990
2510633406,2026-10-04 16:01:00,231.310,231.450,230.480,0.010,0.010,0.010,0.003,0.001,0.001,0.000,-0.003,-0.001,0.000,-0.001,0.689,49.980
2610170786,2026-10-04 16:02:00,232.980,233.330,234.000,0.690,0.660,0.720,0.468,0.157,0.153,0.157,0.114,0.036,0.035,0.042,0.969,49.880
2510633400,2026-10-04 16:25:00,230.970,230.160,231.130,0.010,0.000,0.000,0.002,0.001,0.000,0.000,0.000,0.000,0.000,0.000,1.000,50.070
2246006313,2026-10-04 16:30:00,57.700,57.600,58.000,0.464,0.456,0.457,0.080,0.026,0.026,0.026,0.000,0.000,0.000,0.000,0.986,50.100
2410121326,2026-10-04 16:30:00,234.790,233.860,234.070,0.080,0.080,0.090,0.053,0.017,0.019,0.017,0.021,0.006,0.004,0.010,0.924,49.880
2410121353,2026-10-04 16:30:00,235.080,234.160,234.430,0.000,0.010,0.030,0.010,0.000,0.002,0.007,-0.002,0.000,0.000,0.000,0.987,50.040
2410121371,2026-10-04 16:30:00,235.810,234.790,235.040,0.040,0.010,0.030,0.017,0.008,0.000,0.007,0.000,0.001,-0.001,0.000,1.000,50.000
2410121424,2026-10-04 16:30:00,235.820,234.920,235.180,0.010,0.010,0.010,0.004,0.000,0.001,0.002,-0.003,-0.001,-0.001,0.000,0.876,49.970
2410121440,2026-10-04 16:30:00,235.260,234.290,234.530,0.010,0.030,0.010,0.010,0.002,0.005,0.002,-0.004,-0.001,-0.002,0.000,0.966,49.980
2410121454,2026-10-04 16:30:00,235.160,235.880,234.930,0.080,0.190,0.130,0.091,0.017,0.043,0.030,0.017,0.006,0.006,0.004,0.980,49.960
2410121457,2026-10-04 16:30:00,233.200,232.190,232.700,2.050,1.980,1.820,1.327,0.465,0.446,0.415,0.301,0.107,0.113,0.079,0.975,49.900
2410121574,2026-10-04 16:30:00,236.300,235.180,235.400,0.220,0.180,0.160,0.125,0.051,0.039,0.034,-0.036,-0.009,-0.013,-0.012,0.960,50.030
2410131378,2026-10-04 16:30:00,234.630,235.250,234.340,0.720,0.750,0.770,0.413,0.117,0.131,0.130,0.127,0.033,0.042,0.051,0.956,50.020
2410131383,2026-10-04 16:30:00,237.910,237.340,237.310,0.070,0.050,0.090,0.048,0.016,0.012,0.020,-0.004,0.000,-0.001,-0.002,1.000,49.880
2410131384,2026-10-04 16:30:00,236.420,237.270,236.150,0.040,0.050,0.060,0.041,0.008,0.019,0.012,0.009,0.000,0.004,0.004,0.995,50.100
2410131387,2026-10-04 16:30:00,237.150,237.730,237.450,0.020,0.010,0.020,0.007,0.003,0.002,0.002,-0.006,-0.001,-0.002,-0.002,0.772,49.860
2410320615,2026-10-04 16:30:00,237.140,237.730,237.780,0.210,0.210,0.180,0.136,0.048,0.048,0.040,0.036,0.013,0.010,0.012,0.963,50.110
2410883988,2026-10-04 16:30:00,230.880,229.820,231.130,0.000,0.000,0.060,0.014,0.000,0.000,0.013,-0.001,0.000,0.000,-0.001,1.000,50.030
2410883990,2026-10-04 16:30:00,229.270,230.540,230.280,0.020,0.000,0.080,0.024,0.005,0.000,0.018,0.004,0.001,0.000,0.003,1.000,49.960
2410883991,2026-10-04 16:30:00,236.310,236.650,237.370,0.010,0.030,0.380,0.098,0.002,0.005,0.089,0.005,0.000,0.002,0.003,1.000,50.050
2410883993,2026-10-04 16:30:00,236.380,235.440,235.700,0.340,0.100,0.420,0.198,0.078,0.022,0.097,0.042,0.021,0.004,0.015,0.975,49.920
2410883994,2026-10-04 16:30:00,237.300,236.060,236.580,0.010,0.010,0.020,0.009,0.003,0.001,0.005,-0.003,-0.001,0.000,-0.001,0.993,50.090
2410932742,2026-10-04 16:30:00,228.830,227.200,227.180,3.190,3.170,3.280,2.039,0.678,0.668,0.692,0.542,0.178,0.175,0.188,0.966,50.110
2411087432,2026-10-04 16:30:00,234.060,234.800,233.880,0.040,0.030,0.080,0.035,0.009,0.006,0.019,0.000,0.004,-0.003,0.000,1.000,50.020
2411087433,2026-10-04 16:30:00,236.040,236.510,237.100,0.420,0.430,0.480,0.302,0.095,0.097,0.109,-0.038,-0.010,-0.024,-0.003,0.992,49.930
2411290205,2026-10-04 16:30:00,237.620,237.390,238.000,0.200,0.090,0.090,0.089,0.048,0.020,0.021,0.008,0.005,0.002,0.001,0.998,50.050
2510014481,2026-10-04 16:30:00,226.970,227.070,228.220,2.190,2.090,2.410,1.222,0.412,0.379,0.429,0.529,0.176,0.175,0.182,0.930,49.920
2510014482,2026-10-04 16:30:00,234.240,234.890,233.970,0.010,0.040,0.000,0.011,0.002,0.009,0.000,0.000,-0.001,0.001,0.000,0.968,50.010
2510014483,2026-10-04 16:30:00,235.580,235.920,236.670,0.040,0.030,0.050,0.020,0.006,0.005,0.008,-0.020,-0.006,-0.005,-0.008,0.691,49.950
2510014484,2026-10-04 16:30:00,237.350,237.050,237.860,0.080,0.070,0.060,0.048,0.018,0.016,0.013,-0.001,-0.001,0.000,0.000,0.994,49.990
2510178139,2026-10-04 16:30:00,234.340,235.130,234.120,0.070,0.060,0.110,0.056,0.017,0.013,0.024,0.003,0.001,0.002,-0.001,0.991,49.900
2510178141,2026-10-04 16:30:00,234.310,234.400,235.070,0.020,0.010,0.090,0.023,0.002,0.000,0.019,-0.009,-0.004,-0.001,-0.003,0.919,49.990
2510203103,2026-10-04 16:30:00,225.380,223.760,223.850,0.020,0.010,0.020,0.006,0.002,0.000,0.003,-0.006,-0.003,-0.001,-0.001,0.692,50.110
2510203104,2026-10-04 16:30:00,230.160,230.310,231.070,0.130,0.290,0.160,0.128,0.028,0.065,0.035,0.012,-0.004,0.009,0.008,0.992,50.060
2510203105,2026-10-04 16:30:00,229.940,228.210,228.570,0.760,1.000,0.790,0.548,0.161,0.218,0.168,0.193,0.066,0.066,0.060,0.942,49.910
2510203106,2026-10-04 16:30:00,237.030,236.820,237.460,0.010,0.010,0.000,0.005,0.001,0.003,0.000,-0.002,-0.002,0.000,0.000,0.880,49.900
2510203107,2026-10-04 16:30:00,225.570,225.370,225.980,0.280,0.300,0.260,0.185,0.063,0.065,0.056,0.039,0.011,0.013,0.014,0.979,49.960
2510203108,2026-10-04 16:30:00,234.690,235.040,234.040,0.700,1.260,1.670,0.754,0.135,0.261,0.341,0.075,0.008,0.041,0.026,0.994,50.120
2510203109,2026-10-04 16:30:00,235.860,236.530,235.370,0.020,0.030,0.070,0.029,0.004,0.007,0.017,0.006,0.002,0.001,0.002,0.975,49.910
2510203111,2026-10-04 16:30:00,233.720,234.180,234.800,1.780,1.500,1.920,1.134,0.382,0.324,0.427,0.284,0.122,0.080,0.082,0.969,50.100
2510203113,2026-10-04 16:30:00,237.690,237.240,237.240,0.170,0.210,0.230,0.139,0.040,0.048,0.051,-0.046,-0.008,-0.018,-0.019,0.945,50.020
2510203114,2026-10-04 16:30:00,229.800,230.090,230.840,0.030,0.050,0.020,0.014,0.004,0.009,0.000,-0.018,-0.004,-0.008,-0.004,0.585,49.910
2510203117,2026-10-04 16:30:00,229.750,231.050,230.680,0.070,0.120,0.020,0.048,0.017,0.026,0.004,-0.010,0.001,-0.010,-0.001,0.973,50.110
2510203120,2026-10-04 16:30:00,236.660,235.490,235.930,0.990,0.790,0.840,0.583,0.221,0.175,0.186,0.185,0.071,0.057,0.056,0.951,50.110
2510203121,2026-10-04 16:30:00,230.510,230.150,229.190,0.210,0.210,0.270,0.163,0.050,0.048,0.064,0.012,0.002,0.008,0.000,0.998,49.900
2510203122,2026-10-04 16:30:00,234.230,235.010,234.060,0.080,0.010,0.010,0.015,0.012,0.002,0.000,0.011,0.014,-0.001,-0.001,0.787,50.040
2510203123,2026-10-04 16:30:00,233.710,234.020,234.700,2.250,1.690,1.870,0.855,0.330,0.212,0.312,0.419,0.144,0.109,0.150,0.927,50.070
2510203124,2026-10-04 16:30:00,233.930,234.190,233.390,0.730,0.760,0.720,0.511,0.168,0.176,0.166,0.110,0.031,0.039,0.039,0.977,49.900
2510203125,2026-10-04 16:30:00,237.050,237.720,237.220,0.050,0.040,0.110,0.048,0.012,0.009,0.026,0.012,0.002,0.004,0.004,0.964,49.920
2510203126,2026-10-04 16:30:00,230.540,230.200,229.310,0.060,0.000,0.000,0.013,0.013,0.000,0.000,-0.001,-0.001,0.000,0.000,0.992,49.890
2510203127,2026-10-04 16:30:00,234.030,234.740,233.870,0.230,0.320,0.210,0.148,0.044,0.063,0.041,0.095,0.030,0.038,0.026,0.841,49.880
2510203128,2026-10-04 16:30:00,235.640,236.270,234.650,1.640,1.610,1.620,1.115,0.377,0.369,0.368,0.117,0.029,0.035,0.051,0.994,50.120
2510203130,2026-10-04 16:30:00,241.080,241.060,242.670,0.000,0.000,0.080,0.019,0.000,0.000,0.018,0.001,0.000,0.000,0.002,0.974,49.890
2510203133,2026-10-04 16:30:00,234.860,235.610,234.760,0.030,0.020,0.000,0.010,0.006,0.003,0.000,-0.002,0.000,-0.001,0.000,0.982,50.110
2510203134,2026-10-04 16:30:00,237.320,236.040,236.360,0.020,0.010,0.010,0.007,0.004,0.001,0.001,-0.001,0.000,-0.001,0.000,0.964,50.110
2510224049,2026-10-04 16:30:00,230.290,229.140,230.590,0.280,3.690,0.130,0.870,0.060,0.800,0.010,0.200,0.000,0.220,-0.020,0.969,49.960
2510224167,2026-10-04 16:30:00,230.580,230.160,229.280,0.730,0.120,0.350,0.170,0.090,0.010,0.050,-0.150,-0.080,-0.020,-0.050,0.738,49.990
2510317505,2026-10-04 16:30:00,230.340,230.020,229.060,0.090,0.020,2.140,0.270,0.010,0.000,0.250,-0.250,-0.010,0.000,-0.230,0.734,49.980
2510317516,2026-10-04 16:30:00,230.720,230.340,229.380,0.000,0.000,0.000,0.000,0.000,0.000,0.000,0.000,0.000,0.000,0.000,1.000,50.000
2510317537,2026-10-04 16:30:00,235.620,235.650,236.470,2.860,2.980,2.810,1.880,0.620,0.640,0.610,-0.310,-0.100,-0.100,-0.100,0.986,49.990
2510389559,2026-10-04 16:30:00,237.670,237.420,238.190,0.000,0.000,0.000,0.000,0.000,0.000,0.000,0.000,0.000,0.000,0.000,1.000,50.020
2510389643,2026-10-04 16:30:00,237.530,237.220,237.940,0.080,0.000,0.000,0.000,0.000,0.000,0.000,-0.010,-0.010,0.000,0.000,0.493,49.980
2510389931,2026-10-04 16:30:00,236.960,236.520,237.420,0.050,0.000,0.000,0.000,0.000,0.000,0.000,-0.010,-0.010,0.000,0.000,0.195,49.960
2510633381,2026-10-04 16:30:00,236.730,235.550,236.000,0.040,0.040,0.010,0.020,0.008,0.009,0.002,-0.009,-0.004,-0.004,-0.001,0.918,49.890
2510633382,2026-10-04 16:30:00,237.020,237.760,237.320,0.220,0.260,0.260,0.170,0.051,0.059,0.060,-0.026,-0.007,-0.008,-0.009,0.989,49.960
2510633383,2026-10-04 16:30:00,233.920,234.050,234.810,0.110,0.080,0.090,0.023,0.005,0.008,0.009,-0.059,-0.023,-0.017,-0.018,0.365,49.890
2510633385,2026-10-04 16:30:00,237.790,237.500,238.250,0.030,0.020,0.010,0.009,0.005,0.003,0.000,-0.006,-0.002,-0.001,-0.001,0.831,49.910
2510633386,2026-10-04 16:30:00,222.120,222.510,223.260,0.030,0.020,0.020,0.012,0.005,0.003,0.003,0.003,0.002,0.000,0.001,0.922,49.940
2510633387,2026-10-04 16:30:00,234.160,234.910,234.110,0.010,0.000,0.140,0.035,0.002,0.000,0.033,-0.004,0.000,0.000,-0.003,0.998,49.920
2510633390,2026-10-04 16:30:00,236.320,236.970,235.760,0.660,0.770,0.690,0.446,0.142,0.164,0.139,0.140,0.032,0.052,0.055,0.953,49.890
2510633391,2026-10-04 16:30:00,123.290,122.790,122.850,0.000,0.000,0.000,0.000,0.000,0.000,0.000,0.000,0.000,0.000,0.000,1.000,49.880
2510633393,2026-10-04 16:30:00,236.330,237.120,236.710,1.020,1.010,1.010,0.689,0.230,0.231,0.227,0.145,0.052,0.041,0.051,0.977,49.990
2510633395,2026-10-04 16:30:00,234.170,234.900,233.860,0.000,0.000,0.000,0.000,0.000,0.000,0.000,0.000,0.000,0.000,0.000,1.000,49.900
2510633396,2026-10-04 16:30:00,234.160,233.370,233.850,0.980,0.960,0.930,0.648,0.221,0.215,0.211,0.125,0.045,0.044,0.033,0.981,49.890
2510633397,2026-10-04 16:30:00,243.060,241.750,242.280,0.020,0.010,0.010,0.009,0.004,0.001,0.002,-0.003,-0.002,-0.001,0.000,0.960,49.880
2510633399,2026-10-04 16:30:00,230.410,230.030,229.200,0.480,0.490,0.500,0.336,0.109,0.112,0.114,-0.003,-0.001,0.001,-0.002,0.998,49.880
2510633400,2026-10-04 16:30:00,229.740,228.890,230.060,0.110,0.150,0.120,0.084,0.024,0.033,0.026,0.023,0.007,0.008,0.006,0.958,49.870
2510633402,2026-10-04 16:30:00,229.270,229.350,230.860,0.030,0.080,0.170,0.063,0.006,0.017,0.039,0.008,0.002,0.001,0.003,0.987,49.960
2510633406,2026-10-04 16:30:00,230.490,230.090,229.200,0.010,0.010,0.010,0.003,0.001,0.001,0.000,-0.003,-0.001,0.000,-0.001,0.688,49.920
2510633411,2026-10-04 16:30:00,228.470,229.560,228.970,0.610,0.610,0.600,0.396,0.132,0.133,0.129,0.109,0.033,0.033,0.042,0.965,49.890
2510814977,2026-10-04 16:30:00,229.000,230.400,228.900,0.010,0.010,0.010,0.006,0.003,0.000,0.002,-0.002,0.000,-0.001,-0.001,0.900,49.930
2610026950,2026-10-04 16:30:00,229.300,230.420,230.220,0.010,0.000,0.030,0.009,0.001,0.001,0.006,-0.001,0.000,0.000,0.000,0.986,49.930
2610026952,2026-10-04 16:30:00,233.300,232.360,232.520,1.360,1.320,1.310,0.837,0.286,0.275,0.274,0.342,0.115,0.118,0.108,0.924,49.920
2610026953,2026-10-04 16:30:00,237.360,236.950,237.650,0.010,0.010,0.010,0.007,0.003,0.001,0.002,-0.002,0.000,0.000,-0.001,0.932,49.920
2610026963,2026-10-04 16:30:00,234.200,234.170,235.030,0.260,0.110,0.190,0.125,0.059,0.023,0.042,-0.032,-0.015,-0.006,-0.010,0.969,49.880
2610026966,2026-10-04 16:30:00,232.120,232.120,231.280,0.040,0.050,0.070,0.030,0.006,0.009,0.013,0.017,0.004,0.004,0.008,0.867,49.890
2610026976,2026-10-04 16:30:00,234.120,234.020,234.770,0.380,0.820,1.150,0.635,0.151,0.186,0.298,-0.048,-0.024,-0.007,-0.016,0.997,49.890
2610026977,2026-10-04 16:30:00,242.770,243.470,242.690,0.360,0.000,0.000,0.071,0.070,0.000,0.000,0.052,0.052,0.000,0.000,0.808,49.880
2610126270,2026-10-04 16:30:00,230.290,229.200,230.630,0.020,0.070,0.020,0.024,0.005,0.014,0.004,-0.005,-0.001,-0.001,-0.002,0.983,49.950
2610126451,2026-10-04 16:30:00,234.410,235.070,234.180,0.000,0.000,0.050,0.012,0.000,0.000,0.012,0.002,0.000,0.000,0.002,0.953,49.910
2610159557,2026-10-04 16:30:00,236.780,235.630,236.000,0.020,0.020,0.030,0.016,0.003,0.005,0.007,-0.006,-0.002,-0.001,-0.001,0.923,49.930
2610159558,2026-10-04 16:30:00,235.640,236.080,236.710,0.030,0.000,0.020,0.014,0.004,0.001,0.008,0.000,0.000,0.000,0.000,1.000,49.920
2610170785,2026-10-04 16:30:00,236.580,235.410,235.850,0.000,0.000,0.000,0.000,0.000,0.000,0.000,0.000,0.000,0.000,0.000,1.000,49.940
2610170786,2026-10-04 16:30:00,235.900,236.310,237.170,0.080,0.060,0.090,0.052,0.017,0.014,0.020,0.003,0.002,0.000,0.000,0.996,49.980
2610170836,2026-10-04 16:30:00,233.970,234.260,235.090,0.010,0.010,0.000,0.002,0.001,0.001,0.000,0.000,0.000,0.000,0.000,0.987,49.950
2610170837,2026-10-04 16:30:00,230.480,228.820,229.040,0.000,0.000,0.020,0.004,0.000,0.000,0.004,0.000,0.000,0.000,0.000,1.000,49.960
2610170838,2026-10-04 16:30:00,236.830,235.380,236.000,0.000,0.050,0.010,0.010,0.000,0.007,0.002,0.018,0.003,0.010,0.004,0.733,50.010
2610170839,2026-10-04 16:30:00,235.430,235.770,236.540,0.050,0.030,0.070,0.040,0.013,0.009,0.017,0.009,0.001,0.002,0.004,0.963,49.960
2610170840,2026-10-04 16:30:00,237.020,236.590,237.500,0.000,0.000,0.000,0.000,0.000,0.000,0.000,0.000,0.000,0.000,0.000,0.438,49.960
2610322967,2026-10-04 16:30:00,237.110,235.800,236.010,0.000,0.000,0.010,0.001,0.000,0.000,0.001,0.001,0.000,0.000,0.001,0.891,49.930
2610322969,2026-10-04 16:30:00,229.110,230.250,229.990,0.290,0.360,0.280,0.178,0.058,0.071,0.048,0.093,0.031,0.029,0.028,0.889,49.920
2610322992,2026-10-04 16:30:00,229.030,229.580,230.460,0.090,0.290,0.220,0.137,0.019,0.066,0.050,0.014,0.005,0.000,0.008,0.994,49.960
2610322997,2026-10-04 16:30:00,228.980,230.200,228.730,0.500,0.530,0.430,0.314,0.108,0.113,0.092,0.037,0.000,0.023,0.015,0.993,49.950
2610323001,2026-10-04 16:30:00,227.590,226.250,226.190,2.320,2.150,2.380,1.293,0.437,0.401,0.448,0.678,0.228,0.227,0.223,0.896,49.960
2610323004,2026-10-04 16:30:00,63.510,62.970,63.430,0.180,0.150,0.160,0.026,0.009,0.007,0.009,0.014,0.005,0.004,0.004,0.873,49.930
2610323005,2026-10-04 16:30:00,230.350,229.380,230.640,0.000,0.000,0.000,0.001,0.000,0.001,0.000,0.000,0.000,0.000,0.000,0.927,49.940
2610323010,2026-10-04 16:30:00,237.660,237.100,236.890,0.060,0.000,0.000,0.011,0.010,0.000,0.000,-0.007,-0.007,0.000,0.000,0.842,49.940
2610323014,2026-10-04 16:30:00,233.970,234.050,234.860,0.070,0.000,0.010,0.018,0.016,0.000,0.002,-0.003,-0.002,0.000,0.000,0.977,49.960
2610323016,2026-10-04 16:30:00,230.120,228.600,228.810,0.400,0.350,0.270,0.225,0.088,0.076,0.059,0.061,0.019,0.024,0.017,0.966,49.970
2610323017,2026-10-04 16:30:00,235.940,236.680,235.630,0.050,0.020,0.020,0.018,0.009,0.004,0.004,-0.010,-0.004,-0.002,-0.002,0.886,49.980
2610323019,2026-10-04 16:30:00,230.140,229.320,230.590,0.060,0.020,0.020,0.027,0.012,0.010,0.005,-0.010,-0.003,-0.003,-0.002,0.955,49.980
2610323027,2026-10-04 16:30:00,236.960,235.660,236.160,0.030,0.030,0.030,0.018,0.005,0.007,0.005,-0.010,-0.003,-0.003,-0.003,0.863,49.980
2610322982,2026-10-04 16:31:00,236.670,237.000,237.870,0.010,0.020,0.030,0.012,0.002,0.003,0.006,-0.006,-0.001,-0.002,-0.003,0.892,49.950
2610322995,2026-10-04 16:31:00,236.750,237.050,237.740,0.000,0.030,0.040,0.014,0.000,0.006,0.007,-0.008,0.000,-0.003,-0.003,0.839,49.860
2246006313,2026-10-04 17:00:00,57.800,57.700,58.100,0.435,0.434,0.436,0.073,0.024,0.024,0.024,0.000,0.000,0.000,0.000,0.973,50.000
2410121326,2026-10-04 17:00:00,237.820,237.040,237.310,0.070,0.090,0.080,0.054,0.016,0.021,0.015,0.018,0.005,0.003,0.009,0.939,50.080
2410121353,2026-10-04 17:00:00,238.010,237.150,237.500,0.000,0.010,0.030,0.010,0.000,0.002,0.007,-0.001,0.000,0.000,0.000,1.000,50.030
2410121371,2026-10-04 17:00:00,237.860,237.090,237.400,0.030,0.010,0.030,0.016,0.007,0.000,0.007,-0.001,0.000,-0.001,0.000,1.000,50.070
2410121424,2026-10-04 17:00:00,237.800,237.030,237.340,0.010,0.010,0.010,0.004,0.000,0.001,0.002,-0.003,-0.001,-0.001,0.000,0.890,50.000
2410121440,2026-10-04 17:00:00,237.550,236.740,237.020,0.010,0.020,0.010,0.009,0.002,0.005,0.002,-0.003,-0.001,-0.002,0.000,0.959,50.070
2410121454,2026-10-04 17:00:00,237.360,237.950,237.070,0.120,0.150,0.180,0.104,0.027,0.034,0.039,0.013,0.005,0.003,0.003,0.997,50.000
2410121457,2026-10-04 17:00:00,237.240,236.280,236.890,1.150,1.160,0.960,0.745,0.264,0.262,0.219,0.146,0.049,0.062,0.034,0.979,50.120
2410121574,2026-10-04 17:00:00,238.080,237.060,237.390,0.210,0.170,0.150,0.120,0.049,0.037,0.033,-0.038,-0.010,-0.015,-0.012,0.951,50.010
2410131378,2026-10-04 17:00:00,237.430,237.840,237.070,0.650,0.730,0.730,0.478,0.150,0.151,0.165,0.113,0.030,0.035,0.047,0.962,50.050
2410131383,2026-10-04 17:00:00,238.580,237.820,237.540,0.080,0.070,0.090,0.057,0.020,0.016,0.021,-0.007,-0.001,-0.002,-0.003,0.999,50.100
2410131384,2026-10-04 17:00:00,237.930,238.600,237.630,0.040,0.080,0.080,0.045,0.008,0.013,0.023,0.001,0.000,0.002,0.003,0.998,49.960
2410131387,2026-10-04 17:00:00,237.100,238.040,237.660,0.020,0.010,0.020,0.007,0.003,0.002,0.002,-0.006,-0.001,-0.002,-0.002,0.782,49.960
2410320615,2026-10-04 17:00:00,237.030,237.820,237.810,0.190,0.180,0.160,0.122,0.043,0.042,0.036,0.033,0.013,0.009,0.011,0.963,49.940
2410883988,2026-10-04 17:00:00,231.130,230.150,231.370,0.000,0.000,0.060,0.014,0.000,0.000,0.013,-0.001,0.000,0.000,-0.001,1.000,49.870
2410883990,2026-10-04 17:00:00,230.190,231.320,231.120,0.020,0.000,0.080,0.023,0.004,0.000,0.019,0.005,0.001,0.000,0.003,0.975,49.930
2410883991,2026-10-04 17:00:00,236.890,237.260,237.940,0.010,0.020,0.420,0.102,0.002,0.004,0.094,0.002,0.000,0.001,0.000,1.000,49.970
2410883993,2026-10-04 17:00:00,238.140,237.130,237.470,0.520,0.400,0.580,0.358,0.123,0.097,0.136,0.019,0.008,0.000,0.009,0.998,49.980
2410883994,2026-10-04 17:00:00,237.940,236.800,237.270,0.010,0.010,0.060,0.020,0.003,0.001,0.015,-0.003,-0.001,0.000,-0.001,1.000,50.010
2410932742,2026-10-04 17:00:00,229.580,228.020,228.160,3.250,3.140,3.360,2.064,0.692,0.662,0.709,0.604,0.203,0.188,0.212,0.960,50.000
2411087432,2026-10-04 17:00:00,236.860,237.430,236.600,0.040,0.030,0.140,0.047,0.009,0.006,0.031,-0.002,0.004,-0.003,-0.003,0.997,49.880
2411087433,2026-10-04 17:00:00,237.770,238.170,238.840,0.110,0.090,0.070,0.067,0.028,0.022,0.016,0.007,0.002,0.000,0.003,0.996,49.980
2411290205,2026-10-04 17:00:00,237.330,237.010,237.810,0.110,0.140,0.100,0.083,0.026,0.032,0.023,0.012,0.002,0.008,0.002,0.990,49.950
2510014481,2026-10-04 17:00:00,229.430,229.460,230.550,1.700,1.740,1.770,1.135,0.372,0.368,0.394,0.489,0.151,0.171,0.167,0.915,49.990
2510014482,2026-10-04 17:00:00,237.030,237.470,236.670,0.010,0.040,0.000,0.011,0.002,0.009,0.000,0.000,-0.001,0.001,0.000,0.990,49.890
2510014483,2026-10-04 17:00:00,237.320,237.690,238.360,0.040,0.030,0.050,0.018,0.005,0.005,0.007,-0.021,-0.006,-0.005,-0.008,0.662,49.950
2510014484,2026-10-04 17:00:00,237.740,237.290,238.290,0.060,0.060,0.040,0.036,0.014,0.013,0.009,0.000,0.000,0.000,0.000,0.998,49.890
2510178139,2026-10-04 17:00:00,237.530,238.030,237.200,0.050,0.090,0.090,0.053,0.012,0.021,0.019,0.003,0.000,0.003,0.000,0.998,50.030
2510178141,2026-10-04 17:00:00,236.930,237.100,237.660,0.020,0.010,0.020,0.005,0.002,0.000,0.002,-0.009,-0.004,-0.001,-0.003,0.478,49.900
2510203103,2026-10-04 17:00:00,226.430,224.810,225.120,0.020,0.020,0.010,0.004,0.003,0.000,0.000,-0.011,-0.004,-0.003,-0.003,0.384,49.930
2510203104,2026-10-04 17:00:00,231.250,231.410,232.140,0.160,0.230,0.160,0.113,0.037,0.040,0.035,0.016,-0.001,0.010,0.008,0.989,49.870
2510203106,2026-10-04 17:00:00,237.380,236.940,237.900,0.010,0.010,0.000,0.005,0.001,0.003,0.000,-0.002,-0.002,0.000,0.000,0.863,49.870
2510203107,2026-10-04 17:00:00,226.430,226.000,226.910,0.180,0.230,0.170,0.126,0.037,0.052,0.036,-0.033,-0.012,-0.011,-0.010,0.964,49.930
2510203108,2026-10-04 17:00:00,236.540,236.800,235.980,0.720,1.120,1.060,0.647,0.161,0.252,0.233,0.177,0.052,0.064,0.062,0.962,49.970
2510203109,2026-10-04 17:00:00,237.780,238.300,237.190,0.020,0.040,0.060,0.026,0.002,0.009,0.013,0.007,0.002,0.002,0.002,0.971,50.020
2510203111,2026-10-04 17:00:00,235.850,236.350,236.880,1.820,1.570,1.970,1.173,0.391,0.337,0.445,0.297,0.129,0.080,0.086,0.969,49.900
2510203113,2026-10-04 17:00:00,238.250,237.740,237.530,0.190,0.210,0.230,0.140,0.043,0.046,0.050,-0.044,-0.006,-0.018,-0.019,0.953,49.880
2510203114,2026-10-04 17:00:00,231.470,231.860,232.530,0.030,0.030,0.020,0.008,0.004,0.003,0.000,-0.016,-0.004,-0.007,-0.004,0.457,50.020
2510203117,2026-10-04 17:00:00,230.140,231.550,231.170,0.090,0.220,0.030,0.077,0.020,0.050,0.006,-0.007,0.002,-0.008,-0.001,0.999,49.990
2510203120,2026-10-04 17:00:00,237.340,236.320,236.720,1.000,0.750,0.800,0.564,0.223,0.164,0.177,0.221,0.084,0.066,0.069,0.929,49.970
2510203121,2026-10-04 17:00:00,231.480,231.230,230.370,0.220,0.210,0.270,0.160,0.050,0.047,0.062,0.013,0.003,0.008,0.001,0.999,50.000
2510203122,2026-10-04 17:00:00,236.900,237.450,236.630,0.030,0.010,0.010,0.007,0.004,0.002,0.000,0.002,0.005,-0.001,-0.001,0.935,49.880
2510203123,2026-10-04 17:00:00,235.370,236.030,236.490,2.740,2.660,2.210,1.675,0.488,0.570,0.581,0.722,0.246,0.221,0.255,0.936,49.880
2510203124,2026-10-04 17:00:00,237.090,237.160,236.500,0.720,0.750,0.720,0.486,0.161,0.165,0.158,0.112,0.032,0.039,0.040,0.973,50.050
2510203125,2026-10-04 17:00:00,237.510,238.410,237.800,0.020,0.010,0.060,0.022,0.004,0.002,0.015,-0.006,-0.003,-0.002,-0.001,0.956,50.000
2510203126,2026-10-04 17:00:00,231.860,231.550,230.700,0.060,0.000,0.000,0.014,0.013,0.000,0.000,-0.001,-0.001,0.000,0.000,1.000,50.080
2510203127,2026-10-04 17:00:00,237.220,237.840,237.110,0.230,0.300,0.210,0.148,0.045,0.061,0.041,0.095,0.032,0.036,0.027,0.840,50.080
2510203128,2026-10-04 17:00:00,236.730,237.260,235.660,1.670,1.620,1.640,1.135,0.385,0.374,0.375,0.118,0.027,0.035,0.055,0.994,49.940
2510203130,2026-10-04 17:00:00,243.240,243.350,244.780,0.010,0.000,0.030,0.012,0.004,0.000,0.007,0.000,0.000,0.000,-0.001,0.972,50.040
2510203133,2026-10-04 17:00:00,236.000,236.510,235.750,0.020,0.020,0.000,0.009,0.004,0.003,0.000,-0.002,0.000,-0.001,0.000,0.947,49.850
2510203134,2026-10-04 17:00:00,238.420,237.210,237.530,0.020,0.010,0.010,0.007,0.004,0.001,0.001,-0.001,0.000,-0.001,0.000,0.970,50.000
2510224049,2026-10-04 17:00:00,231.040,230.000,231.270,0.280,3.690,0.130,0.870,0.060,0.800,0.010,0.210,0.000,0.230,-0.020,0.968,49.930
2510224167,2026-10-04 17:00:00,231.180,230.740,229.930,0.730,0.120,0.360,0.170,0.090,0.010,0.050,-0.150,-0.080,-0.020,-0.050,0.737,49.900
2510317505,2026-10-04 17:00:00,231.130,230.850,229.950,0.090,0.030,2.150,0.270,0.010,0.000,0.250,-0.250,-0.010,0.000,-0.230,0.734,49.900
2510317516,2026-10-04 17:00:00,231.190,230.910,230.040,0.000,0.000,0.000,0.000,0.000,0.000,0.000,0.000,0.000,0.000,0.000,1.000,49.890
2510317537,2026-10-04 17:00:00,236.990,237.110,237.870,2.500,2.650,2.680,1.800,0.540,0.600,0.600,-0.310,-0.090,-0.100,-0.100,0.984,49.890
2510389559,2026-10-04 17:00:00,238.050,237.660,238.650,0.000,0.000,0.000,0.000,0.000,0.000,0.000,0.000,0.000,0.000,0.000,1.000,49.880
2510389643,2026-10-04 17:00:00,238.130,237.630,238.650,0.070,0.000,0.000,0.000,0.000,0.000,0.000,-0.010,-0.010,0.000,0.000,0.286,49.910
2510389931,2026-10-04 17:00:00,237.560,236.910,238.130,0.050,0.000,0.000,0.000,0.000,0.000,0.000,-0.010,-0.010,0.000,0.000,0.186,49.930
2510633382,2026-10-04 17:00:00,237.010,238.000,237.470,0.140,0.180,0.170,0.111,0.030,0.042,0.038,-0.040,-0.013,-0.011,-0.015,0.938,50.080
2510633383,2026-10-04 17:00:00,237.010,237.170,237.770,0.110,0.080,0.090,0.023,0.006,0.008,0.008,-0.061,-0.024,-0.017,-0.019,0.350,50.070
2510633385,2026-10-04 17:00:00,238.160,237.790,238.820,0.070,0.020,0.010,0.023,0.017,0.003,0.002,-0.003,0.000,-0.001,-0.001,0.970,50.110
2510633386,2026-10-04 17:00:00,223.280,223.660,224.370,0.030,0.020,0.020,0.013,0.006,0.003,0.003,0.003,0.002,0.000,0.001,0.941,50.090
2510633387,2026-10-04 17:00:00,237.310,237.840,237.080,0.010,0.000,0.140,0.036,0.002,0.000,0.034,-0.004,0.000,0.000,-0.004,0.987,50.110
2510633390,2026-10-04 17:00:00,238.150,238.920,237.690,0.080,0.080,0.130,0.060,0.017,0.014,0.029,0.030,0.008,0.012,0.009,0.895,50.120
2510633391,2026-10-04 17:00:00,124.870,124.470,124.570,0.000,0.000,0.000,0.000,0.000,0.000,0.000,0.000,0.000,0.000,0.000,1.000,50.100
2510633393,2026-10-04 17:00:00,236.660,237.620,237.080,0.910,0.920,0.900,0.614,0.203,0.209,0.201,0.125,0.044,0.035,0.046,0.979,50.070
2510633395,2026-10-04 17:00:00,237.240,237.740,237.010,0.000,0.000,0.000,0.000,0.000,0.000,0.000,0.000,0.000,0.000,0.000,1.000,50.040
2510633396,2026-10-04 17:00:00,237.010,236.410,236.890,0.960,0.940,0.920,0.642,0.218,0.213,0.210,0.131,0.047,0.047,0.037,0.979,50.070
2510633397,2026-10-04 17:00:00,244.970,243.730,244.200,0.020,0.010,0.010,0.008,0.004,0.001,0.002,-0.004,-0.002,-0.001,-0.001,0.903,50.110
2510633399,2026-10-04 17:00:00,231.590,231.230,230.460,0.500,0.520,0.510,0.352,0.116,0.119,0.116,-0.006,-0.003,0.000,-0.003,1.000,50.080
2510633400,2026-10-04 17:00:00,231.080,230.320,231.410,0.160,0.160,0.160,0.110,0.034,0.036,0.038,0.024,0.009,0.007,0.007,0.976,50.100
2510633402,2026-10-04 17:00:00,230.920,231.080,232.500,0.060,0.100,0.180,0.075,0.011,0.021,0.041,0.017,0.005,0.005,0.006,0.975,50.080
2510633406,2026-10-04 17:00:00,231.570,231.270,230.510,0.010,0.010,0.010,0.003,0.001,0.001,0.000,-0.003,-0.001,0.000,-0.001,0.681,49.980
2510633411,2026-10-04 17:00:00,229.770,230.780,230.510,0.460,0.450,0.460,0.295,0.100,0.098,0.096,0.103,0.031,0.032,0.039,0.944,50.090
2510814977,2026-10-04 17:00:00,231.130,232.320,230.950,0.010,0.010,0.040,0.012,0.002,0.000,0.008,-0.001,0.000,-0.001,-0.001,1.000,49.970
2610026950,2026-10-04 17:00:00,230.560,231.490,231.310,0.000,0.000,0.020,0.006,0.000,0.000,0.005,0.000,0.000,0.000,0.000,0.994,49.970
2610026952,2026-10-04 17:00:00,236.690,235.820,236.010,1.070,1.060,1.030,0.663,0.224,0.221,0.217,0.270,0.090,0.093,0.087,0.925,49.980
2610026953,2026-10-04 17:00:00,237.800,237.220,238.120,0.010,0.010,0.010,0.007,0.003,0.001,0.003,-0.002,0.000,0.000,0.000,0.977,49.990
2610026963,2026-10-04 17:00:00,237.320,237.290,238.010,0.260,0.120,0.180,0.119,0.057,0.024,0.037,-0.054,-0.023,-0.012,-0.017,0.908,50.070
2610026966,2026-10-04 17:00:00,233.550,233.530,232.750,0.000,0.000,0.000,0.000,0.000,0.000,0.000,0.000,0.000,0.000,0.000,1.000,50.050
2610026976,2026-10-04 17:00:00,236.950,236.810,237.590,0.440,1.270,1.090,0.662,0.103,0.294,0.252,-0.024,-0.006,-0.003,-0.014,0.999,50.070
2610026977,2026-10-04 17:00:00,243.860,244.580,243.890,0.500,0.140,0.150,0.145,0.095,0.025,0.024,0.125,0.075,0.024,0.025,0.755,50.100
2610126270,2026-10-04 17:00:00,231.190,230.150,231.430,0.020,0.070,0.020,0.024,0.005,0.015,0.004,-0.005,-0.001,-0.001,-0.001,0.990,49.940
2610126451,2026-10-04 17:00:00,237.570,237.940,237.230,0.010,0.050,0.100,0.034,0.001,0.008,0.025,0.003,0.000,0.000,0.002,0.954,50.010
2610159557,2026-10-04 17:00:00,238.470,237.390,237.750,0.010,0.000,0.010,0.002,0.000,0.000,0.001,-0.004,-0.002,-0.001,-0.001,0.476,50.000
2610159558,2026-10-04 17:00:00,237.320,237.760,238.470,0.000,0.020,0.010,0.007,0.000,0.005,0.001,0.000,0.000,0.000,0.000,1.000,50.000
2610170785,2026-10-04 17:00:00,238.320,237.230,237.700,0.000,0.010,0.000,0.001,0.000,0.001,0.000,0.001,0.000,0.001,0.000,0.872,49.960
2610170786,2026-10-04 17:00:00,237.360,237.770,238.560,0.040,0.030,0.030,0.021,0.008,0.006,0.007,0.010,0.004,0.002,0.002,0.914,49.900
2610170836,2026-10-04 17:00:00,236.980,237.320,237.930,0.000,0.010,0.000,0.001,0.000,0.001,0.000,0.000,0.000,0.000,0.000,0.705,49.950
2610170837,2026-10-04 17:00:00,232.160,230.520,230.830,0.000,0.030,0.040,0.011,0.000,0.004,0.006,0.005,0.000,0.004,0.000,0.904,49.930
2610170838,2026-10-04 17:00:00,238.200,236.880,237.500,0.000,0.050,0.060,0.010,0.000,0.009,0.000,0.008,0.000,0.007,0.000,0.909,49.880
2610170839,2026-10-04 17:00:00,237.090,237.510,238.210,0.050,0.040,0.070,0.035,0.011,0.008,0.016,0.009,0.001,0.002,0.005,0.957,49.940
2610170840,2026-10-04 17:00:00,237.670,237.020,238.210,0.000,0.000,0.000,0.000,0.000,0.000,0.000,0.000,0.000,0.000,0.000,0.438,49.940
2610322967,2026-10-04 17:00:00,238.900,237.640,237.840,0.000,0.000,0.010,0.001,0.000,0.000,0.001,0.001,0.000,0.000,0.001,0.877,49.970
2610322969,2026-10-04 17:00:00,230.460,231.500,231.300,0.250,0.160,0.200,0.133,0.054,0.033,0.045,0.011,0.007,0.000,0.004,0.993,49.980
2610322982,2026-10-04 17:00:00,237.440,237.730,238.520,0.010,0.020,0.030,0.012,0.002,0.003,0.006,-0.006,-0.001,-0.002,-0.003,0.894,50.000
2610322992,2026-10-04 17:00:00,230.690,231.340,232.060,0.070,0.310,0.190,0.130,0.016,0.071,0.042,0.011,0.003,-0.002,0.009,0.994,49.920
2610322995,2026-10-04 17:00:00,237.370,237.710,238.300,0.000,0.030,0.040,0.014,0.000,0.006,0.007,-0.008,0.000,-0.004,-0.003,0.838,49.950
2610322997,2026-10-04 17:00:00,231.000,231.980,230.590,0.490,0.530,0.420,0.319,0.108,0.118,0.092,0.043,-0.003,0.026,0.020,0.991,49.950
2610323001,2026-10-04 17:00:00,230.970,229.440,229.660,0.960,1.010,0.920,0.569,0.192,0.190,0.186,0.294,0.098,0.099,0.096,0.893,49.930
2610323004,2026-10-04 17:00:00,64.040,63.560,64.000,0.140,0.120,0.130,0.019,0.006,0.005,0.006,0.014,0.005,0.004,0.004,0.803,49.970
2610323005,2026-10-04 17:00:00,231.320,230.350,231.550,0.000,0.000,0.000,0.001,0.000,0.001,0.000,0.000,0.000,0.000,0.000,0.929,49.950
2610323010,2026-10-04 17:00:00,238.170,237.680,237.270,0.120,0.000,0.000,0.027,0.027,0.000,0.000,-0.007,-0.007,0.000,0.000,0.954,49.960
2610323014,2026-10-04 17:00:00,236.960,237.150,237.710,0.070,0.000,0.010,0.018,0.016,0.000,0.002,-0.003,-0.002,0.000,0.000,0.967,49.920
2610323016,2026-10-04 17:00:00,231.840,230.430,230.690,0.310,0.270,0.200,0.167,0.067,0.057,0.042,0.056,0.019,0.021,0.016,0.946,49.910
2610323017,2026-10-04 17:00:00,237.300,238.090,237.080,0.050,0.020,0.020,0.018,0.009,0.004,0.004,-0.010,-0.004,-0.003,-0.002,0.847,49.910
2610323019,2026-10-04 17:00:00,231.020,230.250,231.400,0.020,0.020,0.030,0.013,0.004,0.004,0.004,-0.005,-0.001,-0.001,-0.002,0.931,49.910
2610323027,2026-10-04 17:00:00,238.430,237.150,237.680,0.030,0.030,0.030,0.018,0.005,0.007,0.005,-0.010,-0.003,-0.003,-0.003,0.864,49.900
2510203105,2026-10-04 17:01:00,232.680,230.960,231.410,0.040,0.230,0.050,0.064,0.004,0.052,0.006,0.026,0.007,0.008,0.010,0.929,49.960
2510633381,2026-10-04 17:01:00,238.460,237.400,237.840,0.040,0.040,0.010,0.018,0.007,0.008,0.001,-0.011,-0.005,-0.004,-0.001,0.838,49.960
2246006313,2026-10-04 17:30:00,57.900,57.800,58.100,0.410,0.408,0.403,0.067,0.022,0.022,0.022,0.000,0.000,0.000,0.000,0.962,50.070
2410121326,2026-10-04 17:30:00,236.930,236.110,236.260,0.030,0.060,0.040,0.029,0.006,0.014,0.008,-0.002,-0.002,-0.002,0.002,1.000,50.150
2410121353,2026-10-04 17:30:00,236.450,235.710,235.850,0.000,0.010,0.030,0.010,0.000,0.002,0.008,-0.002,0.000,0.000,0.000,0.998,50.140
2410121424,2026-10-04 17:30:00,236.320,235.650,235.840,0.010,0.010,0.010,0.004,0.000,0.001,0.002,-0.003,-0.001,-0.001,0.000,0.880,50.140
2410121440,2026-10-04 17:30:00,236.450,235.690,235.770,0.010,0.020,0.010,0.009,0.002,0.005,0.002,-0.003,-0.001,-0.002,0.000,0.895,50.130
2410121454,2026-10-04 17:30:00,235.810,236.470,235.640,0.080,0.110,0.140,0.069,0.014,0.023,0.030,0.013,0.004,0.005,0.003,0.967,50.140
2410121457,2026-10-04 17:30:00,235.670,234.760,235.240,0.770,0.810,0.630,0.485,0.171,0.175,0.138,0.114,0.038,0.051,0.024,0.973,50.090
2410121574,2026-10-04 17:30:00,236.630,235.570,235.760,0.200,0.170,0.140,0.113,0.046,0.035,0.031,-0.038,-0.010,-0.014,-0.012,0.947,50.160
2410131378,2026-10-04 17:30:00,235.370,235.870,235.110,0.640,0.770,0.730,0.485,0.150,0.173,0.160,0.154,0.044,0.049,0.059,0.947,50.120
2410131383,2026-10-04 17:30:00,238.050,237.530,237.180,0.070,0.060,0.070,0.048,0.017,0.014,0.017,-0.005,0.000,-0.001,-0.002,0.999,50.100
2410131384,2026-10-04 17:30:00,240.660,241.470,240.530,0.030,0.130,0.040,0.039,0.008,0.032,0.009,0.012,0.000,0.006,0.004,0.980,50.140
2410131387,2026-10-04 17:30:00,236.870,237.690,237.630,0.040,0.040,0.040,0.026,0.009,0.009,0.008,-0.006,-0.001,-0.002,-0.002,0.982,50.080
2410320615,2026-10-04 17:30:00,237.070,237.960,238.220,0.200,0.190,0.160,0.128,0.046,0.043,0.037,0.027,0.009,0.007,0.009,0.976,50.120
2410883988,2026-10-04 17:30:00,231.540,230.490,231.660,0.020,0.000,0.070,0.021,0.004,0.000,0.016,-0.002,0.000,0.000,-0.001,1.000,50.140
2410883990,2026-10-04 17:30:00,230.300,231.460,231.200,0.020,0.000,0.090,0.024,0.004,0.000,0.019,0.004,0.001,0.000,0.002,0.964,50.160
2410883991,2026-10-04 17:30:00,240.590,240.780,241.610,0.140,0.160,0.470,0.185,0.033,0.037,0.113,0.000,0.001,0.001,-0.003,0.999,50.070
2410883993,2026-10-04 17:30:00,241.280,240.230,240.420,0.260,0.220,0.340,0.199,0.063,0.052,0.083,-0.007,-0.002,-0.005,0.000,1.000,50.180
2410883994,2026-10-04 17:30:00,241.440,240.300,240.650,0.010,0.010,0.020,0.009,0.003,0.001,0.005,-0.003,-0.001,0.000,0.000,0.990,50.060
2410932742,2026-10-04 17:30:00,232.330,230.580,230.760,2.390,2.220,2.470,1.487,0.505,0.463,0.518,0.522,0.180,0.162,0.179,0.945,50.080
2411087432,2026-10-04 17:30:00,235.460,236.130,235.220,0.040,0.110,0.070,0.050,0.007,0.025,0.017,-0.006,0.002,-0.005,-0.003,0.989,50.140
2411087433,2026-10-04 17:30:00,240.850,241.000,241.850,0.000,0.000,0.000,0.000,0.000,0.000,0.000,0.000,0.000,0.000,0.000,1.000,50.170
2411290205,2026-10-04 17:30:00,237.910,237.010,238.050,0.120,0.080,0.080,0.064,0.027,0.017,0.020,0.008,0.002,0.005,0.000,0.984,50.070
2510014481,2026-10-04 17:30:00,231.180,231.510,232.720,1.750,1.700,1.850,1.073,0.358,0.334,0.367,0.425,0.131,0.147,0.146,0.928,50.170
2510014482,2026-10-04 17:30:00,235.530,236.000,235.440,0.010,0.030,0.000,0.010,0.002,0.015,0.000,-0.006,-0.001,-0.004,0.000,0.873,50.150
2510014483,2026-10-04 17:30:00,240.330,240.570,241.380,0.040,0.030,0.080,0.027,0.006,0.005,0.015,-0.022,-0.006,-0.006,-0.010,0.789,50.160
2510014484,2026-10-04 17:30:00,237.580,236.900,237.940,0.070,0.040,0.040,0.035,0.016,0.008,0.010,-0.002,0.000,-0.001,0.000,0.986,50.150
2510178139,2026-10-04 17:30:00,236.230,236.910,236.060,0.070,0.060,0.030,0.038,0.017,0.014,0.006,0.005,0.002,0.002,0.000,0.977,50.180
2510178141,2026-10-04 17:30:00,236.160,236.250,236.840,0.020,0.010,0.020,0.007,0.002,0.000,0.003,-0.009,-0.004,-0.001,-0.003,0.584,50.150
2510203103,2026-10-04 17:30:00,228.760,226.860,227.350,0.110,0.130,0.110,0.080,0.025,0.029,0.024,-0.010,-0.003,-0.002,-0.003,0.993,50.130
2510203104,2026-10-04 17:30:00,234.570,234.610,235.430,0.130,0.290,0.140,0.128,0.030,0.051,0.046,0.013,-0.003,0.008,0.008,0.997,50.150
2510203105,2026-10-04 17:30:00,234.610,232.690,233.340,0.040,0.240,0.060,0.067,0.007,0.053,0.006,0.029,0.006,0.010,0.011,0.923,50.180
2510203106,2026-10-04 17:30:00,237.510,236.780,237.830,0.010,0.010,0.000,0.005,0.001,0.003,0.000,-0.002,-0.002,0.000,0.000,0.849,50.150
2510203107,2026-10-04 17:30:00,225.130,224.250,225.350,1.440,1.470,1.300,0.854,0.292,0.298,0.263,0.231,0.063,0.090,0.077,0.965,50.150
2510203108,2026-10-04 17:30:00,235.760,236.140,235.680,0.520,1.090,0.640,0.492,0.113,0.238,0.141,0.070,0.022,0.034,0.013,0.982,50.110
2510203109,2026-10-04 17:30:00,240.610,241.390,240.270,0.040,0.030,0.060,0.028,0.007,0.007,0.014,0.010,0.005,0.001,0.003,0.939,50.180
2510203111,2026-10-04 17:30:00,235.030,235.470,236.060,1.810,1.530,1.930,1.148,0.387,0.330,0.431,0.294,0.125,0.086,0.083,0.967,50.130
2510203113,2026-10-04 17:30:00,237.770,237.510,237.060,0.210,0.250,0.270,0.165,0.048,0.055,0.061,-0.044,-0.009,-0.017,-0.017,0.966,50.150
2510203114,2026-10-04 17:30:00,234.500,234.750,235.460,0.030,0.030,0.020,0.008,0.003,0.004,0.000,-0.017,-0.006,-0.006,-0.004,0.448,50.180
2510203117,2026-10-04 17:30:00,230.460,231.680,231.350,0.070,0.120,0.020,0.046,0.016,0.025,0.004,-0.011,0.000,-0.010,-0.001,0.976,50.090
2510203120,2026-10-04 17:30:00,240.680,239.700,239.990,1.050,0.800,0.840,0.595,0.233,0.175,0.187,0.221,0.087,0.067,0.066,0.936,50.100
2510203121,2026-10-04 17:30:00,231.430,231.160,230.270,0.220,0.210,0.290,0.167,0.050,0.048,0.068,0.013,0.003,0.008,0.001,0.996,50.180
2510203122,2026-10-04 17:30:00,235.920,236.640,235.760,0.040,0.010,0.010,0.009,0.006,0.002,0.000,0.004,0.007,-0.002,-0.001,0.911,50.150
2510203123,2026-10-04 17:30:00,235.060,235.530,236.060,1.770,1.870,1.450,1.699,0.558,0.574,0.566,0.565,0.218,0.180,0.218,0.934,50.150
2510203124,2026-10-04 17:30:00,236.070,236.370,235.620,0.270,0.270,0.290,0.189,0.062,0.061,0.067,0.054,0.017,0.017,0.019,0.958,50.170
2510203125,2026-10-04 17:30:00,237.250,238.110,237.780,0.020,0.010,0.090,0.027,0.004,0.002,0.019,-0.003,-0.002,-0.001,0.001,1.000,50.180
2510203126,2026-10-04 17:30:00,230.780,230.960,230.170,0.070,0.020,0.000,0.020,0.016,0.004,0.000,-0.002,-0.001,0.000,0.000,0.998,50.160
2510203127,2026-10-04 17:30:00,235.440,236.180,235.370,0.040,0.010,0.030,0.016,0.009,0.001,0.005,-0.006,0.000,0.000,-0.005,0.911,50.160
2510203128,2026-10-04 17:30:00,240.110,240.790,239.260,1.700,1.620,1.680,1.172,0.403,0.378,0.390,0.122,0.032,0.035,0.054,0.994,50.130
2510203130,2026-10-04 17:30:00,244.960,245.270,246.760,0.000,0.000,0.080,0.017,0.000,0.000,0.016,0.001,0.000,0.000,0.001,1.000,50.170
2510203133,2026-10-04 17:30:00,235.800,236.540,235.770,0.020,0.020,0.000,0.009,0.004,0.003,0.000,-0.002,0.000,-0.002,0.000,0.971,50.060
2510203134,2026-10-04 17:30:00,241.720,240.550,240.710,0.020,0.010,0.010,0.007,0.004,0.001,0.001,-0.001,0.000,-0.001,0.000,0.983,50.070
2510224049,2026-10-04 17:30:00,231.140,230.160,231.480,0.100,3.700,0.130,0.820,0.010,0.790,0.010,0.210,0.010,0.220,-0.020,0.967,50.160
2510224167,2026-10-04 17:30:00,231.370,230.980,230.210,0.720,0.120,0.360,0.170,0.090,0.010,0.050,-0.150,-0.080,-0.020,-0.050,0.737,50.150
2510317505,2026-10-04 17:30:00,231.460,231.110,230.280,0.090,0.030,2.160,0.270,0.010,0.000,0.250,-0.250,-0.010,0.000,-0.240,0.732,50.150
2510317516,2026-10-04 17:30:00,231.440,231.140,230.300,0.000,0.000,0.000,0.000,0.000,0.000,0.000,0.000,0.000,0.000,0.000,1.000,50.150
2510317537,2026-10-04 17:30:00,240.230,240.290,241.170,2.240,2.270,2.190,1.840,0.600,0.620,0.530,-0.310,-0.090,-0.110,-0.110,0.984,50.140
2510389559,2026-10-04 17:30:00,238.060,237.390,238.310,0.000,0.000,0.000,0.000,0.000,0.000,0.000,0.000,0.000,0.000,0.000,1.000,50.140
2510389643,2026-10-04 17:30:00,238.250,237.590,238.400,2.150,0.000,0.000,0.340,0.340,0.000,0.000,-0.080,-0.080,0.000,0.000,0.972,50.160
2510389931,2026-10-04 17:30:00,237.450,236.610,237.770,0.050,0.000,0.000,0.000,0.000,0.000,0.000,-0.010,-0.010,0.000,0.000,0.176,50.150
2510633381,2026-10-04 17:30:00,241.350,240.270,240.510,0.040,0.040,0.010,0.018,0.007,0.008,0.001,-0.012,-0.005,-0.005,-0.001,0.834,50.160
2510633382,2026-10-04 17:30:00,237.350,238.230,237.900,0.140,0.170,0.180,0.107,0.028,0.039,0.039,-0.039,-0.013,-0.013,-0.011,0.943,50.120
2510633383,2026-10-04 17:30:00,235.250,235.320,236.000,0.110,0.080,0.090,0.018,0.005,0.002,0.010,-0.062,-0.024,-0.019,-0.019,0.289,50.160
2510633385,2026-10-04 17:30:00,238.450,237.970,238.710,0.050,0.020,0.210,0.063,0.011,0.003,0.049,-0.007,-0.003,-0.001,-0.002,0.996,50.100
2510633386,2026-10-04 17:30:00,225.730,226.010,226.800,0.030,0.020,0.010,0.011,0.005,0.003,0.002,0.004,0.002,0.000,0.001,0.948,50.120
2510633387,2026-10-04 17:30:00,235.820,236.540,235.750,0.010,0.000,0.140,0.035,0.002,0.000,0.033,-0.004,0.000,0.000,-0.004,0.999,50.110
2510633391,2026-10-04 17:30:00,123.960,123.530,123.610,0.000,0.000,0.000,0.000,0.000,0.000,0.000,0.000,0.000,0.000,0.000,1.000,50.090
2510633393,2026-10-04 17:30:00,235.950,236.840,236.490,1.060,1.080,1.060,0.730,0.240,0.247,0.241,0.116,0.041,0.031,0.044,0.987,50.100
2510633395,2026-10-04 17:30:00,236.000,236.590,235.860,0.000,0.000,0.000,0.000,0.000,0.000,0.000,0.000,0.000,0.000,0.000,1.000,50.180
2510633396,2026-10-04 17:30:00,235.980,235.220,235.540,0.540,0.610,0.520,0.379,0.127,0.140,0.123,0.115,0.037,0.040,0.037,0.957,50.160
2510633397,2026-10-04 17:30:00,247.430,246.220,246.590,0.050,0.020,0.010,0.019,0.012,0.003,0.002,-0.004,-0.001,-0.001,-0.001,0.965,50.090
2510633399,2026-10-04 17:30:00,230.990,230.830,230.020,0.480,0.460,0.500,0.331,0.110,0.106,0.114,-0.010,-0.004,-0.001,-0.004,1.000,50.160
2510633400,2026-10-04 17:30:00,230.460,229.880,231.010,0.160,0.160,0.170,0.109,0.035,0.035,0.038,0.023,0.009,0.007,0.007,0.981,50.130
2510633402,2026-10-04 17:30:00,232.270,232.540,234.020,0.060,0.060,0.130,0.053,0.012,0.012,0.028,0.020,0.005,0.007,0.007,0.934,50.130
2510633406,2026-10-04 17:30:00,231.360,231.150,230.310,0.010,0.010,0.010,0.003,0.001,0.001,0.000,-0.003,-0.001,0.000,-0.001,0.685,50.170
2510633411,2026-10-04 17:30:00,229.480,230.510,230.250,0.470,0.440,0.450,0.295,0.103,0.096,0.096,0.103,0.031,0.032,0.039,0.942,50.100
2510814977,2026-10-04 17:30:00,233.130,234.340,232.640,0.010,0.010,0.070,0.018,0.001,0.000,0.016,-0.002,0.000,-0.001,0.000,0.972,50.160
2610026950,2026-10-04 17:30:00,230.490,231.460,231.330,0.010,0.010,0.010,0.006,0.002,0.001,0.003,-0.001,0.000,0.000,0.000,0.970,50.170
2610026952,2026-10-04 17:30:00,236.070,235.310,235.390,0.850,0.860,0.820,0.543,0.183,0.184,0.175,0.150,0.048,0.053,0.048,0.963,50.170
2610026953,2026-10-04 17:30:00,237.840,237.070,237.960,0.010,0.010,0.010,0.007,0.003,0.001,0.002,-0.002,0.000,0.000,-0.001,0.973,50.180
2610026963,2026-10-04 17:30:00,236.060,235.580,236.320,0.110,0.060,0.070,0.043,0.020,0.010,0.012,-0.034,-0.014,-0.009,-0.010,0.803,50.160
2610026966,2026-10-04 17:30:00,234.180,234.160,233.370,0.000,0.000,0.000,0.000,0.000,0.000,0.000,0.000,0.000,0.000,0.000,1.000,50.170
2610026976,2026-10-04 17:30:00,235.260,235.080,235.320,0.670,0.850,1.680,0.677,0.128,0.163,0.385,-0.012,-0.006,0.001,-0.007,0.996,50.160
2610026977,2026-10-04 17:30:00,244.170,244.750,243.920,0.500,0.190,0.140,0.158,0.095,0.038,0.024,0.123,0.075,0.023,0.025,0.787,50.110
2610126270,2026-10-04 17:30:00,231.230,230.220,231.480,0.020,0.060,0.020,0.023,0.005,0.013,0.004,-0.005,-0.001,-0.001,-0.001,0.959,50.150
2610126451,2026-10-04 17:30:00,236.380,236.910,236.170,0.000,0.020,0.050,0.017,0.000,0.004,0.011,0.003,0.000,0.000,0.003,0.980,50.180
2610159557,2026-10-04 17:30:00,241.500,240.410,240.570,0.010,0.010,0.010,0.004,0.000,0.001,0.002,-0.005,-0.002,0.000,-0.001,0.646,50.180
2610159558,2026-10-04 17:30:00,240.390,240.680,241.490,0.080,0.020,0.010,0.015,0.009,0.004,0.001,-0.001,-0.001,0.000,0.000,0.990,50.180
2610170785,2026-10-04 17:30:00,241.240,240.140,240.480,0.000,0.000,0.000,0.000,0.000,0.000,0.000,0.000,0.000,0.000,0.000,1.000,50.170
2610170786,2026-10-04 17:30:00,240.440,240.770,241.670,0.060,0.030,0.020,0.024,0.013,0.005,0.005,0.010,0.004,0.002,0.003,0.925,50.150
2610170836,2026-10-04 17:30:00,235.850,236.160,236.850,0.000,0.010,0.000,0.001,0.000,0.001,0.000,0.000,0.000,0.000,0.000,0.706,50.160
2610170837,2026-10-04 17:30:00,234.250,232.360,232.850,0.000,0.010,0.030,0.008,0.000,0.002,0.006,0.001,0.000,0.000,0.000,0.985,50.160
2610170838,2026-10-04 17:30:00,241.190,239.850,240.310,0.000,0.050,0.060,0.023,0.000,0.011,0.006,0.006,0.000,0.005,0.000,0.974,50.140
2610170839,2026-10-04 17:30:00,240.160,240.440,241.310,0.050,0.050,0.090,0.041,0.011,0.010,0.018,0.006,0.001,0.001,0.003,0.979,50.150
2610170840,2026-10-04 17:30:00,237.510,236.710,237.870,0.000,0.000,0.000,0.000,0.000,0.000,0.000,0.000,0.000,0.000,0.000,0.431,50.160
2610322967,2026-10-04 17:30:00,241.780,240.580,240.630,0.000,0.000,0.000,0.000,0.000,0.000,0.000,0.000,0.000,0.000,0.000,0.710,50.170
2610322969,2026-10-04 17:30:00,230.010,231.040,230.880,0.550,0.460,0.450,0.294,0.112,0.083,0.099,0.186,0.066,0.078,0.086,0.842,50.170
2610322982,2026-10-04 17:30:00,240.540,240.720,241.590,0.010,0.020,0.030,0.012,0.002,0.003,0.006,-0.006,-0.001,-0.002,-0.003,0.877,50.180
2610322992,2026-10-04 17:30:00,232.480,233.290,234.110,0.060,0.300,0.250,0.141,0.014,0.069,0.058,0.012,0.004,-0.001,0.009,0.998,50.150
2610322995,2026-10-04 17:30:00,240.260,240.480,241.300,0.000,0.030,0.030,0.013,0.000,0.006,0.007,-0.009,0.000,-0.004,-0.003,0.862,50.160
2610322997,2026-10-04 17:30:00,232.850,233.980,232.240,0.460,0.480,0.420,0.308,0.106,0.108,0.094,0.033,-0.003,0.021,0.015,0.994,50.160
2610323001,2026-10-04 17:30:00,234.070,232.150,232.580,0.310,0.290,0.290,0.214,0.083,0.064,0.066,0.039,0.011,0.015,0.013,0.982,50.150
2610323004,2026-10-04 17:30:00,64.560,64.060,64.580,0.140,0.110,0.120,0.017,0.006,0.005,0.006,0.015,0.005,0.005,0.004,0.747,50.160
2610323005,2026-10-04 17:30:00,231.310,230.430,231.530,0.000,0.000,0.000,0.001,0.000,0.001,0.000,0.000,0.000,0.000,0.000,0.915,50.160
2610323010,2026-10-04 17:30:00,238.000,237.630,237.060,0.060,0.000,0.000,0.011,0.011,0.000,0.000,-0.008,-0.008,0.000,0.000,0.836,50.170
2610323014,2026-10-04 17:30:00,235.990,236.080,236.790,0.100,0.000,0.000,0.024,0.024,0.000,0.000,-0.002,-0.002,0.000,0.000,0.993,50.150
2610323016,2026-10-04 17:30:00,234.170,232.490,232.910,0.110,0.080,0.020,0.047,0.024,0.018,0.005,0.007,0.004,0.002,0.001,0.990,50.150
2610323017,2026-10-04 17:30:00,240.390,241.310,240.230,0.050,0.020,0.020,0.018,0.009,0.004,0.003,-0.010,-0.004,-0.003,-0.002,0.880,50.150
2610323027,2026-10-04 17:30:00,241.510,240.130,240.520,0.030,0.030,0.020,0.017,0.005,0.006,0.004,-0.010,-0.003,-0.004,-0.003,0.867,50.160
2410121371,2026-10-04 17:31:00,236.310,235.440,235.570,0.010,0.010,0.030,0.009,0.000,0.000,0.007,-0.002,0.000,-0.001,0.000,0.909,50.080
2610323019,2026-10-04 17:31:00,231.010,230.370,231.500,0.020,0.060,0.020,0.022,0.004,0.012,0.005,-0.008,-0.001,-0.004,-0.002,0.955,50.160
2246006313,2026-10-04 18:00:00,57.900,57.700,58.100,0.404,0.404,0.392,0.066,0.022,0.022,0.021,0.000,0.000,0.000,0.000,0.960,50.100
2410121326,2026-10-04 18:00:00,236.180,235.240,235.470,0.050,0.050,0.050,0.034,0.010,0.012,0.012,-0.001,-0.002,-0.002,0.004,0.988,50.070
2410121353,2026-10-04 18:00:00,235.980,235.080,235.360,0.000,0.030,0.040,0.014,0.000,0.006,0.008,-0.002,0.000,0.000,0.000,0.992,50.090
2410121371,2026-10-04 18:00:00,236.470,235.440,235.680,0.030,0.010,0.030,0.016,0.007,0.000,0.007,-0.002,0.000,-0.001,0.000,1.000,50.120
2410121424,2026-10-04 18:00:00,236.110,235.220,235.510,0.010,0.010,0.010,0.004,0.000,0.001,0.002,-0.003,-0.001,-0.001,0.000,0.765,50.040
2410121440,2026-10-04 18:00:00,236.170,235.220,235.450,0.010,0.020,0.010,0.010,0.002,0.005,0.002,-0.004,-0.002,-0.001,0.000,0.932,50.110
2410121454,2026-10-04 18:00:00,235.520,236.260,235.290,0.070,0.120,0.140,0.076,0.016,0.028,0.031,0.001,0.003,0.000,-0.001,1.000,50.040
2410121457,2026-10-04 18:00:00,236.160,235.260,235.610,0.160,0.140,0.080,0.090,0.037,0.032,0.019,0.010,0.004,0.005,0.000,0.989,50.120
2410121574,2026-10-04 18:00:00,236.330,235.130,235.390,0.210,0.180,0.150,0.120,0.047,0.039,0.033,-0.037,-0.010,-0.014,-0.012,0.965,50.070
2410131378,2026-10-04 18:00:00,235.530,236.110,235.020,0.490,0.500,0.540,0.432,0.121,0.169,0.150,0.112,0.027,0.038,0.046,0.960,50.120
2410131383,2026-10-04 18:00:00,238.370,238.090,237.660,0.080,0.060,0.090,0.053,0.019,0.014,0.019,-0.006,0.000,-0.002,-0.003,1.000,50.090
2410131384,2026-10-04 18:00:00,240.250,241.170,240.120,0.030,0.150,0.060,0.050,0.007,0.028,0.014,0.004,0.000,0.002,0.004,0.990,50.140
2410131387,2026-10-04 18:00:00,236.840,237.480,237.670,0.040,0.040,0.030,0.024,0.009,0.007,0.007,-0.009,-0.002,-0.003,-0.003,0.919,50.020
2410320615,2026-10-04 18:00:00,236.920,237.600,237.990,0.180,0.200,0.180,0.130,0.042,0.046,0.040,0.025,0.010,0.006,0.008,0.980,50.140
2410883988,2026-10-04 18:00:00,231.510,230.270,231.870,0.020,0.000,0.110,0.030,0.004,0.000,0.025,-0.003,0.000,0.000,-0.002,1.000,50.140
2410883990,2026-10-04 18:00:00,230.060,231.600,231.220,0.020,0.000,0.110,0.030,0.005,0.000,0.025,0.003,0.001,0.000,0.001,0.995,50.140
2410883991,2026-10-04 18:00:00,240.120,240.400,241.440,0.110,0.070,0.140,0.077,0.026,0.017,0.033,-0.004,-0.002,0.002,-0.004,0.995,50.110
2410883993,2026-10-04 18:00:00,241.010,239.860,239.920,0.430,0.290,0.670,0.332,0.104,0.069,0.157,-0.018,-0.004,-0.011,-0.001,0.999,50.150
2410883994,2026-10-04 18:00:00,241.250,240.000,240.410,0.010,0.040,0.010,0.015,0.002,0.009,0.002,-0.003,-0.001,-0.001,0.000,1.000,50.100
2410932742,2026-10-04 18:00:00,230.620,229.080,229.070,3.120,3.010,3.220,1.973,0.662,0.632,0.678,0.588,0.198,0.184,0.205,0.957,50.110
2411087432,2026-10-04 18:00:00,235.600,236.360,235.380,0.030,0.030,0.080,0.032,0.007,0.006,0.018,-0.005,0.002,-0.004,-0.003,1.000,50.150
2411087433,2026-10-04 18:00:00,240.420,240.620,241.630,0.000,0.000,0.000,0.000,0.000,0.000,0.000,0.000,0.000,0.000,0.000,1.000,50.150
2411290205,2026-10-04 18:00:00,237.600,236.880,237.780,0.160,0.080,0.100,0.079,0.037,0.018,0.023,0.008,0.005,0.001,0.002,0.999,50.100
2510014481,2026-10-04 18:00:00,230.640,230.590,231.730,1.390,1.380,1.460,0.900,0.292,0.281,0.354,0.397,0.126,0.141,0.129,0.910,50.150
2510014482,2026-10-04 18:00:00,235.240,235.860,234.970,0.010,0.080,0.000,0.021,0.002,0.018,0.000,-0.003,-0.001,-0.001,0.000,1.000,50.140
2510014483,2026-10-04 18:00:00,239.980,240.150,241.170,0.040,0.040,0.080,0.030,0.007,0.006,0.017,-0.022,-0.006,-0.006,-0.010,0.793,50.140
2510014484,2026-10-04 18:00:00,237.660,236.940,237.790,0.070,0.050,0.060,0.042,0.015,0.011,0.015,-0.002,0.000,0.000,-0.001,0.997,50.130
2510178139,2026-10-04 18:00:00,235.840,236.570,235.520,0.110,0.090,0.040,0.054,0.024,0.020,0.009,0.000,0.000,0.001,-0.001,0.997,50.150
2510178141,2026-10-04 18:00:00,235.700,235.850,236.600,0.020,0.010,0.020,0.005,0.002,0.000,0.002,-0.009,-0.004,-0.001,-0.003,0.473,50.130
2510203104,2026-10-04 18:00:00,234.040,234.160,235.090,0.160,0.170,0.150,0.109,0.037,0.038,0.033,0.008,-0.004,0.005,0.007,0.997,50.130
2510203105,2026-10-04 18:00:00,233.620,232.040,232.300,0.020,0.020,0.020,0.012,0.003,0.004,0.004,0.000,0.000,0.000,0.000,0.971,50.150
2510203107,2026-10-04 18:00:00,226.100,225.470,226.220,0.260,0.320,0.250,0.179,0.056,0.069,0.052,0.049,0.016,0.016,0.017,0.962,50.140
2510203108,2026-10-04 18:00:00,235.610,236.180,235.260,0.730,1.240,1.520,0.821,0.160,0.295,0.365,0.021,0.013,0.002,0.001,0.999,50.130
2510203109,2026-10-04 18:00:00,240.220,241.210,239.940,0.020,0.060,0.030,0.022,0.003,0.014,0.005,0.007,0.002,0.000,0.004,0.943,50.150
2510203113,2026-10-04 18:00:00,237.730,237.650,237.190,0.190,0.310,0.310,0.187,0.044,0.072,0.070,-0.046,-0.009,-0.019,-0.018,0.968,50.140
2510203114,2026-10-04 18:00:00,234.140,234.400,235.310,0.050,0.060,0.020,0.022,0.011,0.009,0.001,-0.018,-0.004,-0.009,-0.004,0.764,50.150
2510203117,2026-10-04 18:00:00,230.310,231.950,231.370,0.140,0.260,0.020,0.097,0.033,0.059,0.004,-0.013,-0.001,-0.010,-0.002,0.994,50.130
2510203120,2026-10-04 18:00:00,240.460,239.360,239.580,0.890,0.680,0.740,0.500,0.194,0.144,0.160,0.210,0.081,0.065,0.063,0.921,50.140
2510203121,2026-10-04 18:00:00,231.690,231.280,230.120,0.220,0.220,0.290,0.166,0.051,0.050,0.064,0.009,0.002,0.007,0.000,0.996,50.150
2510203122,2026-10-04 18:00:00,235.640,236.420,235.500,0.130,0.090,0.010,0.050,0.027,0.020,0.001,0.007,0.015,-0.006,-0.001,0.995,50.130
2510203123,2026-10-04 18:00:00,234.710,235.140,235.770,1.300,1.470,1.280,1.003,0.362,0.301,0.339,0.358,0.132,0.092,0.133,0.918,50.140
2510203124,2026-10-04 18:00:00,235.660,235.910,235.100,0.410,0.420,0.400,0.288,0.101,0.099,0.095,0.059,0.016,0.022,0.021,0.980,50.140
2510203125,2026-10-04 18:00:00,237.240,238.000,237.830,0.060,0.040,0.110,0.049,0.013,0.009,0.025,0.012,0.003,0.004,0.005,0.960,50.150
2510203126,2026-10-04 18:00:00,231.680,231.260,230.130,0.080,0.020,0.000,0.023,0.019,0.004,0.000,-0.003,-0.002,0.000,0.000,0.980,50.090
2510203128,2026-10-04 18:00:00,239.730,240.510,238.830,1.570,1.490,1.630,1.100,0.370,0.348,0.381,0.105,0.021,0.031,0.051,0.996,50.140
2510203130,2026-10-04 18:00:00,244.240,244.260,245.730,0.000,0.000,0.090,0.022,0.000,0.000,0.021,0.001,0.000,0.000,0.001,1.000,50.150
2510203133,2026-10-04 18:00:00,235.040,235.580,234.760,0.030,0.020,0.000,0.011,0.006,0.004,0.000,-0.002,0.000,-0.002,0.000,1.000,50.100
2510203134,2026-10-04 18:00:00,241.220,240.060,240.130,0.020,0.010,0.010,0.007,0.004,0.001,0.001,-0.001,0.000,-0.001,0.000,0.983,50.100
2510224049,2026-10-04 18:00:00,231.240,229.890,231.610,0.280,6.840,0.130,1.610,0.060,1.550,0.010,0.180,0.000,0.200,-0.020,0.993,50.140
2510224167,2026-10-04 18:00:00,231.600,231.150,230.080,3.750,1.060,1.720,1.370,0.890,0.210,0.270,-0.620,-0.250,-0.170,-0.200,0.906,50.130
2510317505,2026-10-04 18:00:00,231.560,231.160,230.020,0.430,0.620,2.800,0.500,0.060,0.080,0.340,-0.500,-0.070,-0.120,-0.310,0.695,50.130
2510317516,2026-10-04 18:00:00,231.690,231.240,230.090,0.000,0.000,0.000,0.000,0.000,0.000,0.000,0.000,0.000,0.000,0.000,1.000,50.140
2510317537,2026-10-04 18:00:00,239.890,239.750,240.900,2.090,2.460,2.380,1.720,0.530,0.610,0.570,-0.260,-0.080,-0.100,-0.090,0.987,50.130
2510389643,2026-10-04 18:00:00,238.180,237.460,238.330,2.500,0.000,0.000,0.420,0.420,0.000,0.000,-0.090,-0.090,0.000,0.000,0.977,50.130
2510389931,2026-10-04 18:00:00,236.490,235.670,236.650,0.050,0.000,0.000,0.000,0.000,0.000,0.000,-0.010,-0.010,0.000,0.000,0.194,50.140
2510633381,2026-10-04 18:00:00,241.140,239.810,240.090,0.040,0.060,0.010,0.024,0.008,0.013,0.002,-0.010,-0.004,-0.004,-0.001,0.913,50.120
2510633382,2026-10-04 18:00:00,236.910,237.730,237.600,0.120,0.130,0.150,0.070,0.020,0.022,0.027,-0.064,-0.021,-0.021,-0.021,0.741,50.120
2510633383,2026-10-04 18:00:00,235.310,235.460,236.250,0.110,0.080,0.090,0.023,0.007,0.007,0.008,-0.060,-0.023,-0.017,-0.019,0.362,50.120
2510633385,2026-10-04 18:00:00,238.290,237.600,238.380,0.060,0.050,0.020,0.028,0.015,0.011,0.002,-0.008,-0.002,-0.004,-0.001,0.953,50.130
2510633386,2026-10-04 18:00:00,225.490,225.790,226.720,0.030,0.020,0.010,0.012,0.006,0.003,0.002,0.003,0.002,0.000,0.001,0.963,50.120
2510633387,2026-10-04 18:00:00,235.580,236.340,235.440,0.010,0.000,0.140,0.035,0.002,0.000,0.033,-0.004,0.000,0.000,-0.004,0.999,50.130
2510633391,2026-10-04 18:00:00,123.950,123.460,123.580,0.000,0.000,0.000,0.000,0.000,0.000,0.000,0.000,0.000,0.000,0.000,1.000,50.090
2510633393,2026-10-04 18:00:00,236.200,237.080,236.940,1.090,1.090,1.100,0.747,0.248,0.250,0.249,0.122,0.044,0.032,0.046,0.986,50.110
2510633395,2026-10-04 18:00:00,235.590,236.280,235.390,0.000,0.000,0.000,0.000,0.000,0.000,0.000,0.000,0.000,0.000,0.000,1.000,50.150
2510633397,2026-10-04 18:00:00,247.630,246.180,246.550,0.030,0.030,0.030,0.020,0.006,0.007,0.006,-0.006,-0.002,-0.002,-0.002,0.949,50.110
2510633399,2026-10-04 18:00:00,231.470,230.980,229.910,0.450,0.500,0.490,0.328,0.103,0.111,0.113,-0.002,-0.002,0.000,-0.001,0.999,50.090
2510633400,2026-10-04 18:00:00,230.820,229.770,231.240,0.160,0.160,0.170,0.108,0.035,0.034,0.038,0.022,0.009,0.006,0.006,0.981,50.100
2510633402,2026-10-04 18:00:00,231.560,231.770,233.070,0.060,0.090,0.110,0.056,0.012,0.019,0.025,0.020,0.005,0.006,0.007,0.948,50.110
2510633406,2026-10-04 18:00:00,231.710,231.210,230.160,0.090,0.040,0.040,0.037,0.019,0.008,0.009,-0.015,-0.005,-0.005,-0.004,0.931,50.150
2510633411,2026-10-04 18:00:00,229.420,230.860,230.430,0.450,0.430,0.460,0.282,0.095,0.091,0.095,0.097,0.028,0.029,0.038,0.947,50.090
2510814977,2026-10-04 18:00:00,232.100,233.380,231.980,0.010,0.010,0.010,0.005,0.002,0.000,0.002,-0.002,0.000,-0.001,-0.001,0.961,50.150
2610026950,2026-10-04 18:00:00,230.300,231.680,231.330,0.000,0.000,0.010,0.005,0.001,0.001,0.003,-0.001,0.000,0.000,0.000,0.929,50.150
2610026952,2026-10-04 18:00:00,236.930,236.110,236.180,0.160,0.160,0.160,0.013,0.003,0.006,0.003,-0.109,-0.036,-0.036,-0.036,0.122,50.150
2610026953,2026-10-04 18:00:00,238.000,237.180,237.950,0.020,0.010,0.020,0.012,0.005,0.001,0.005,-0.003,0.000,0.000,-0.001,0.969,50.150
2610026963,2026-10-04 18:00:00,235.600,235.610,236.440,0.120,0.070,0.090,0.053,0.024,0.011,0.017,-0.041,-0.016,-0.012,-0.013,0.774,50.130
2610026966,2026-10-04 18:00:00,233.680,233.670,232.830,0.000,0.000,0.000,0.000,0.000,0.000,0.000,0.000,0.000,0.000,0.000,1.000,50.150
2610026976,2026-10-04 18:00:00,235.360,235.150,236.220,0.430,1.280,0.720,0.573,0.099,0.287,0.186,-0.046,-0.014,-0.016,-0.019,0.996,50.120
2610026977,2026-10-04 18:00:00,244.590,244.340,243.490,0.220,0.580,0.870,0.403,0.051,0.141,0.210,0.024,0.019,0.004,0.000,0.998,50.080
2610126270,2026-10-04 18:00:00,231.280,230.010,231.670,0.030,0.070,0.030,0.027,0.006,0.016,0.004,-0.006,-0.002,-0.002,-0.002,0.978,50.140
2610126451,2026-10-04 18:00:00,235.840,236.420,235.520,0.010,0.010,0.060,0.018,0.001,0.003,0.014,0.000,0.000,0.000,0.001,0.977,50.150
2610159557,2026-10-04 18:00:00,241.240,240.010,240.210,0.020,0.010,0.010,0.007,0.003,0.001,0.002,-0.005,-0.003,0.000,-0.001,0.810,50.150
2610159558,2026-10-04 18:00:00,239.870,240.140,241.130,0.000,0.030,0.010,0.007,0.000,0.005,0.002,0.000,0.000,0.000,0.000,0.974,50.150
2610170785,2026-10-04 18:00:00,241.150,239.860,240.180,0.010,0.000,0.000,0.003,0.003,0.000,0.000,0.000,0.000,0.000,0.000,1.000,50.150
2610170786,2026-10-04 18:00:00,240.110,240.370,241.450,0.040,0.030,0.020,0.018,0.007,0.006,0.004,0.010,0.004,0.002,0.003,0.887,50.130
2610170836,2026-10-04 18:00:00,235.470,235.820,236.570,0.000,0.010,0.000,0.002,0.000,0.001,0.000,0.000,0.000,0.000,0.000,1.000,50.140
2610170837,2026-10-04 18:00:00,233.150,231.540,231.800,0.000,0.000,0.020,0.005,0.000,0.000,0.004,0.000,0.000,0.000,0.000,1.000,50.140
2610170838,2026-10-04 18:00:00,241.120,239.680,240.060,0.020,0.020,0.140,0.043,0.004,0.005,0.033,-0.002,0.000,0.000,-0.002,0.999,50.130
2610170839,2026-10-04 18:00:00,239.820,240.060,241.080,0.040,0.050,0.050,0.034,0.010,0.011,0.012,0.000,-0.001,0.000,0.000,1.000,50.140
2610170840,2026-10-04 18:00:00,236.580,235.730,236.740,0.910,0.900,0.920,0.571,0.188,0.188,0.193,0.296,0.101,0.095,0.099,0.888,50.140
2610322967,2026-10-04 18:00:00,241.660,240.290,240.330,0.000,0.000,0.000,0.001,0.000,0.000,0.001,0.000,0.000,0.000,0.000,1.000,50.150
2610322969,2026-10-04 18:00:00,229.830,231.250,231.150,0.520,0.420,0.180,0.177,0.097,0.055,0.024,0.128,0.032,0.061,0.010,0.855,50.150
2610322982,2026-10-04 18:00:00,240.090,240.310,241.350,0.010,0.010,0.020,0.010,0.002,0.002,0.004,-0.007,-0.001,-0.002,-0.003,0.844,50.150
2610322992,2026-10-04 18:00:00,231.690,232.310,233.110,0.080,0.380,0.210,0.153,0.017,0.088,0.047,0.012,0.004,0.000,0.007,0.998,50.140
2610322995,2026-10-04 18:00:00,240.010,240.250,241.270,0.000,0.030,0.030,0.011,0.000,0.005,0.006,-0.009,0.000,-0.004,-0.004,0.772,50.150
2610322997,2026-10-04 18:00:00,231.900,232.950,231.450,0.490,0.520,0.450,0.335,0.113,0.118,0.103,0.043,-0.003,0.025,0.019,0.992,50.140
2610323001,2026-10-04 18:00:00,233.080,231.400,231.570,0.230,0.290,0.320,0.192,0.053,0.066,0.072,0.037,0.010,0.012,0.013,0.979,50.140
2610323004,2026-10-04 18:00:00,64.350,63.840,64.260,0.130,0.110,0.120,0.017,0.006,0.004,0.006,0.014,0.005,0.004,0.004,0.749,50.140
2610323005,2026-10-04 18:00:00,231.390,230.270,231.740,0.000,0.000,0.000,0.001,0.000,0.001,0.000,0.000,0.000,0.000,0.000,0.935,50.150
2610323010,2026-10-04 18:00:00,238.200,237.950,237.350,0.060,0.000,0.000,0.012,0.012,0.000,0.000,-0.007,-0.007,0.000,0.000,0.846,50.140
2610323014,2026-10-04 18:00:00,235.740,235.890,236.610,0.100,0.000,0.000,0.024,0.024,0.000,0.000,-0.002,-0.002,0.000,0.000,0.995,50.150
2610323016,2026-10-04 18:00:00,233.140,231.650,231.920,0.100,0.080,0.020,0.046,0.024,0.018,0.004,0.006,0.003,0.002,0.000,0.988,50.130
2610323017,2026-10-04 18:00:00,239.920,241.070,239.950,0.040,0.020,0.020,0.015,0.008,0.003,0.003,-0.010,-0.004,-0.003,-0.002,0.813,50.140
2610323019,2026-10-04 18:00:00,231.310,230.340,231.810,0.060,0.020,0.030,0.023,0.012,0.004,0.006,-0.006,-0.003,-0.001,-0.001,0.957,50.140
2610323027,2026-10-04 18:00:00,241.210,239.850,240.160,0.020,0.030,0.020,0.014,0.004,0.005,0.003,-0.010,-0.003,-0.004,-0.003,0.811,50.140
2510203111,2026-10-04 18:01:00,234.470,235.040,235.560,1.770,1.510,1.920,1.124,0.377,0.322,0.424,0.292,0.124,0.086,0.081,0.968,50.100
2510203127,2026-10-04 18:01:00,235.240,235.960,235.060,0.040,0.010,0.030,0.016,0.009,0.001,0.006,-0.006,0.000,0.000,-0.005,0.921,50.010
2510389559,2026-10-04 18:01:00,237.920,237.230,238.090,0.000,0.000,0.000,0.000,0.000,0.000,0.000,0.000,0.000,0.000,0.000,1.000,50.110
2510633396,2026-10-04 18:01:00,235.630,234.820,235.370,0.860,0.850,0.820,0.570,0.193,0.190,0.185,0.116,0.043,0.040,0.031,0.980,50.030
2510203103,2026-10-04 18:02:00,227.370,225.850,226.130,0.140,0.150,0.110,0.088,0.032,0.032,0.023,-0.016,-0.005,-0.004,-0.006,0.984,50.000
2510203106,2026-10-04 18:02:00,237.350,236.570,237.360,0.030,0.010,0.000,0.008,0.005,0.003,0.000,-0.004,-0.003,0.000,0.000,0.889,50.060
2510633390,2026-10-04 18:27:00,242.770,243.750,242.490,0.060,0.060,0.010,0.029,0.014,0.013,0.001,-0.006,-0.004,0.000,0.000,0.980,50.220
2510633393,2026-10-04 18:29:00,239.110,239.990,239.550,1.260,1.250,1.240,0.861,0.288,0.290,0.283,0.156,0.054,0.044,0.057,0.983,50.240
2246006313,2026-10-04 18:30:00,58.400,58.300,58.700,0.427,0.432,0.404,0.071,0.024,0.024,0.022,0.000,0.000,0.000,0.000,0.963,50.210
2410121326,2026-10-04 18:30:00,239.270,238.280,238.500,0.100,0.080,0.100,0.061,0.022,0.019,0.019,0.019,0.004,0.003,0.011,0.946,50.250
2410121353,2026-10-04 18:30:00,239.350,238.390,238.610,0.000,0.010,0.050,0.015,0.000,0.002,0.012,-0.001,0.000,0.000,0.000,1.000,50.230
2410121371,2026-10-04 18:30:00,239.470,238.440,238.610,0.040,0.010,0.030,0.017,0.009,0.000,0.007,0.000,0.001,-0.001,0.000,0.973,50.230
2410121424,2026-10-04 18:30:00,239.270,238.340,238.520,0.010,0.010,0.010,0.004,0.000,0.001,0.002,-0.003,-0.001,-0.001,0.000,0.783,50.210
2410121440,2026-10-04 18:30:00,239.240,238.300,238.440,0.010,0.010,0.010,0.004,0.002,0.000,0.001,-0.003,-0.002,-0.001,0.000,0.829,50.250
2410121457,2026-10-04 18:30:00,239.110,238.170,238.460,0.170,0.200,0.100,0.110,0.039,0.046,0.024,0.013,0.005,0.006,0.000,0.995,50.220
2410121574,2026-10-04 18:30:00,239.640,238.470,238.620,0.220,0.170,0.150,0.122,0.050,0.038,0.033,-0.037,-0.010,-0.015,-0.012,0.956,50.240
2410131378,2026-10-04 18:30:00,238.350,239.060,238.150,0.630,0.610,0.550,0.379,0.122,0.130,0.126,0.134,0.037,0.042,0.056,0.947,50.220
2410131384,2026-10-04 18:30:00,243.010,243.930,242.800,0.040,0.150,0.110,0.069,0.008,0.035,0.025,0.009,0.000,0.004,0.005,0.993,50.220
2410131387,2026-10-04 18:30:00,240.010,240.830,240.600,0.060,0.050,0.050,0.040,0.014,0.011,0.013,-0.009,-0.002,-0.003,-0.003,0.976,50.190
2410320615,2026-10-04 18:30:00,239.490,240.280,240.510,0.200,0.190,0.170,0.129,0.045,0.044,0.038,0.033,0.011,0.010,0.011,0.966,50.230
2410883990,2026-10-04 18:30:00,232.610,233.820,233.630,0.020,0.000,0.170,0.043,0.004,0.000,0.039,0.003,0.001,0.000,0.001,0.986,50.240
2410883991,2026-10-04 18:30:00,242.400,242.670,243.660,0.110,0.100,0.190,0.098,0.026,0.024,0.046,-0.004,-0.001,0.000,-0.002,0.999,50.190
2410883993,2026-10-04 18:30:00,243.640,242.640,242.770,0.520,0.270,0.570,0.326,0.127,0.063,0.137,-0.002,0.007,-0.010,0.001,1.000,50.220
2410883994,2026-10-04 18:30:00,243.760,242.480,242.870,0.020,0.050,0.030,0.023,0.004,0.011,0.007,-0.004,-0.002,-0.001,-0.001,0.985,50.230
2410932742,2026-10-04 18:30:00,233.510,231.660,231.860,3.280,3.250,3.430,2.108,0.706,0.679,0.723,0.652,0.221,0.208,0.222,0.955,50.220
2411087432,2026-10-04 18:30:00,238.250,238.970,238.080,0.050,0.030,0.070,0.032,0.009,0.006,0.017,-0.002,0.004,-0.004,-0.003,1.000,50.240
2411087433,2026-10-04 18:30:00,243.220,243.470,244.410,0.090,0.050,0.060,0.046,0.020,0.011,0.013,-0.014,-0.005,-0.005,-0.004,0.953,50.240
2411290205,2026-10-04 18:30:00,239.650,239.030,239.880,0.170,0.160,0.120,0.108,0.040,0.037,0.030,0.005,0.002,0.002,0.000,1.000,50.200
2510014481,2026-10-04 18:30:00,233.030,233.160,234.590,1.930,1.920,2.000,1.261,0.416,0.414,0.429,0.535,0.169,0.188,0.177,0.915,50.220
2510014482,2026-10-04 18:30:00,238.310,238.960,238.030,0.010,0.070,0.000,0.020,0.002,0.017,0.000,-0.003,-0.001,-0.001,0.000,1.000,50.240
2510014483,2026-10-04 18:30:00,242.760,242.950,243.910,0.040,0.030,0.080,0.029,0.007,0.005,0.016,-0.022,-0.005,-0.006,-0.010,0.794,50.240
2510014484,2026-10-04 18:30:00,240.180,239.580,240.560,0.080,0.040,0.080,0.048,0.019,0.010,0.018,-0.005,-0.001,-0.002,-0.001,0.992,50.240
2510178139,2026-10-04 18:30:00,238.700,239.410,238.390,0.080,0.090,0.040,0.053,0.020,0.021,0.011,0.000,-0.001,0.001,0.000,1.000,50.220
2510178141,2026-10-04 18:30:00,238.270,238.400,239.180,0.020,0.010,0.020,0.007,0.002,0.000,0.003,-0.009,-0.004,-0.001,-0.003,0.595,50.230
2510203103,2026-10-04 18:30:00,230.570,228.670,229.060,0.150,0.190,0.130,0.104,0.034,0.042,0.028,-0.019,-0.007,-0.003,-0.008,0.988,50.230
2510203104,2026-10-04 18:30:00,236.740,236.850,237.740,0.200,0.220,0.210,0.144,0.046,0.050,0.047,0.020,0.000,0.009,0.011,0.993,50.230
2510203105,2026-10-04 18:30:00,236.730,234.940,235.350,0.020,0.030,0.020,0.013,0.003,0.005,0.004,0.002,0.000,0.002,0.000,0.968,50.220
2510203107,2026-10-04 18:30:00,228.350,227.800,228.640,0.230,0.260,0.220,0.147,0.047,0.054,0.044,0.068,0.022,0.022,0.024,0.908,50.240
2510203108,2026-10-04 18:30:00,238.210,238.760,237.910,0.870,1.370,1.600,0.908,0.202,0.333,0.375,0.020,0.012,0.003,0.004,1.000,50.240
2510203109,2026-10-04 18:30:00,242.980,243.950,242.740,0.020,0.060,0.080,0.038,0.005,0.014,0.019,0.005,0.002,0.000,0.001,0.992,50.220
2510203111,2026-10-04 18:30:00,237.330,237.880,238.490,1.810,1.560,1.940,1.159,0.389,0.332,0.437,0.306,0.130,0.089,0.086,0.966,50.220
2510203113,2026-10-04 18:30:00,240.350,240.050,239.690,0.220,0.320,0.350,0.206,0.052,0.073,0.080,-0.047,-0.008,-0.020,-0.018,0.976,50.230
2510203114,2026-10-04 18:30:00,236.730,236.990,237.920,0.070,0.040,0.030,0.030,0.016,0.008,0.005,-0.007,-0.001,-0.004,-0.001,0.982,50.230
2510203117,2026-10-04 18:30:00,232.590,233.890,233.610,0.380,0.420,0.260,0.249,0.093,0.096,0.059,-0.041,-0.012,-0.017,-0.011,0.986,50.230
2510203120,2026-10-04 18:30:00,243.220,242.030,242.340,0.880,0.670,0.710,0.495,0.194,0.144,0.157,0.207,0.080,0.064,0.062,0.922,50.240
2510203121,2026-10-04 18:30:00,233.880,233.580,232.620,0.460,0.300,0.390,0.266,0.107,0.068,0.090,-0.008,-0.003,0.001,-0.006,0.999,50.220
2510203122,2026-10-04 18:30:00,238.250,239.020,238.130,0.110,0.090,0.010,0.044,0.022,0.020,0.001,0.007,0.014,-0.006,-0.001,0.979,50.220
2510203123,2026-10-04 18:30:00,237.400,237.820,238.620,1.640,2.410,1.230,0.796,0.253,0.288,0.253,0.381,0.144,0.101,0.124,0.977,50.220
2510203124,2026-10-04 18:30:00,238.740,239.010,238.130,0.440,0.430,0.420,0.295,0.098,0.101,0.095,0.059,0.016,0.022,0.021,0.980,50.220
2510203125,2026-10-04 18:30:00,239.830,240.730,240.350,0.050,0.040,0.110,0.047,0.012,0.009,0.026,0.013,0.002,0.004,0.005,0.959,50.230
2510203126,2026-10-04 18:30:00,234.090,233.880,232.920,0.080,0.020,0.000,0.023,0.019,0.004,0.000,-0.003,-0.002,0.000,0.000,0.984,50.230
2510203127,2026-10-04 18:30:00,238.570,239.270,238.410,0.240,0.300,0.210,0.151,0.046,0.062,0.042,0.097,0.032,0.036,0.027,0.844,50.240
2510203128,2026-10-04 18:30:00,242.350,243.020,241.300,1.700,1.640,1.800,1.216,0.404,0.388,0.423,0.115,0.022,0.035,0.057,0.995,50.230
2510203130,2026-10-04 18:30:00,247.310,247.570,249.230,0.000,0.010,0.110,0.028,0.000,0.002,0.026,-0.001,0.000,0.000,0.000,0.998,50.220
2510203133,2026-10-04 18:30:00,238.030,238.730,237.840,0.020,0.020,0.000,0.009,0.004,0.004,0.000,-0.002,0.000,-0.002,0.000,0.990,50.230
2510203134,2026-10-04 18:30:00,243.990,242.600,242.810,0.020,0.010,0.010,0.007,0.004,0.002,0.001,-0.001,0.000,-0.001,0.000,0.996,50.220
2510224049,2026-10-04 18:30:00,233.480,232.450,233.830,20.130,20.240,12.210,11.330,4.050,4.550,2.720,-1.950,-0.780,-0.540,-0.620,0.985,50.240
2510224167,2026-10-04 18:30:00,233.700,233.340,232.450,10.140,11.620,11.860,7.410,2.250,2.550,2.600,-2.290,-0.660,-0.820,-0.810,0.955,50.240
2510317505,2026-10-04 18:30:00,233.630,233.460,232.460,24.980,9.490,9.610,9.810,5.690,2.110,2.000,-2.150,-0.710,-0.610,-0.830,0.976,50.240
2510317516,2026-10-04 18:30:00,233.900,233.520,232.580,0.000,0.000,0.000,0.000,0.000,0.000,0.000,0.000,0.000,0.000,0.000,1.000,50.240
2510317537,2026-10-04 18:30:00,242.530,242.440,243.400,2.390,2.470,2.330,1.500,0.470,0.520,0.510,-0.260,-0.080,-0.090,-0.090,0.985,50.240
2510389559,2026-10-04 18:30:00,240.410,239.880,240.980,0.000,0.000,0.000,0.000,0.000,0.000,0.000,0.000,0.000,0.000,0.000,1.000,50.240
2510389643,2026-10-04 18:30:00,240.380,239.740,240.660,19.780,21.150,20.160,14.030,4.270,4.980,4.770,-1.450,-0.250,-0.640,-0.560,0.994,50.240
2510389931,2026-10-04 18:30:00,239.970,239.130,240.140,17.460,9.890,23.540,12.100,4.150,2.340,5.600,-1.400,-0.450,-0.310,-0.640,0.993,50.240
2510633381,2026-10-04 18:30:00,243.990,242.780,243.070,0.050,0.070,0.010,0.028,0.010,0.015,0.002,-0.011,-0.005,-0.005,-0.001,0.909,50.240
2510633382,2026-10-04 18:30:00,239.940,240.890,240.550,0.140,0.150,0.150,0.089,0.028,0.031,0.029,-0.053,-0.017,-0.017,-0.018,0.861,50.250
2510633383,2026-10-04 18:30:00,238.400,238.520,239.310,0.110,0.080,0.090,0.025,0.007,0.008,0.009,-0.061,-0.024,-0.017,-0.019,0.379,50.230
2510633385,2026-10-04 18:30:00,240.690,240.210,241.210,0.350,0.400,0.360,0.264,0.083,0.095,0.085,-0.036,-0.009,-0.014,-0.011,0.989,50.230
2510633386,2026-10-04 18:30:00,228.260,228.530,229.470,0.030,0.020,0.010,0.011,0.005,0.003,0.002,0.004,0.002,0.000,0.001,0.968,50.250
2510633387,2026-10-04 18:30:00,238.350,239.130,238.220,0.010,0.000,0.140,0.036,0.002,0.000,0.033,-0.004,0.000,0.000,-0.004,0.980,50.230
2510633390,2026-10-04 18:30:00,243.120,244.030,242.780,0.060,0.020,0.010,0.020,0.014,0.004,0.001,-0.005,-0.004,0.000,0.000,0.966,50.230
2510633391,2026-10-04 18:30:00,125.660,125.130,125.250,0.000,0.000,0.000,0.000,0.000,0.000,0.000,0.000,0.000,0.000,0.000,1.000,50.250
2510633395,2026-10-04 18:30:00,238.530,239.220,238.430,0.000,0.000,0.000,0.000,0.000,0.000,0.000,0.000,0.000,0.000,0.000,1.000,50.220
2510633396,2026-10-04 18:30:00,238.860,237.980,238.540,0.840,0.820,0.800,0.580,0.197,0.195,0.192,0.125,0.046,0.044,0.034,0.979,50.230
2510633397,2026-10-04 18:30:00,250.370,248.980,249.340,0.060,0.030,0.030,0.029,0.013,0.007,0.007,-0.005,0.000,-0.002,-0.002,0.977,50.240
2510633399,2026-10-04 18:30:00,233.850,233.550,232.620,0.420,0.480,0.510,0.331,0.099,0.111,0.120,-0.002,0.000,0.002,-0.003,1.000,50.240
2510633400,2026-10-04 18:30:00,233.510,232.410,233.650,0.160,0.160,0.170,0.108,0.035,0.035,0.037,0.020,0.008,0.006,0.005,0.980,50.240
2510633402,2026-10-04 18:30:00,234.740,234.790,236.430,0.050,0.060,0.100,0.050,0.012,0.014,0.023,0.010,0.002,0.003,0.004,0.985,50.240
2510633406,2026-10-04 18:30:00,234.030,233.670,232.780,0.170,0.200,0.200,0.124,0.037,0.043,0.043,-0.039,-0.011,-0.014,-0.014,0.950,50.230
2510633411,2026-10-04 18:30:00,232.160,233.270,232.960,0.450,0.430,0.450,0.290,0.098,0.099,0.101,0.110,0.033,0.034,0.042,0.941,50.250
2510814977,2026-10-04 18:30:00,234.900,236.260,234.640,0.010,0.010,0.010,0.006,0.003,0.001,0.002,-0.002,0.001,-0.001,-0.001,0.903,50.240
2610026950,2026-10-04 18:30:00,232.830,233.950,233.740,0.010,0.000,0.010,0.005,0.002,0.000,0.002,0.000,0.000,0.000,0.000,0.928,50.240
2610026952,2026-10-04 18:30:00,239.720,238.890,238.980,0.160,0.160,0.160,0.011,0.003,0.004,0.003,-0.112,-0.037,-0.037,-0.037,0.103,50.230
2610026953,2026-10-04 18:30:00,240.480,239.710,240.650,0.020,0.010,0.010,0.010,0.005,0.002,0.003,-0.002,0.000,0.000,0.000,0.997,50.230
2610026963,2026-10-04 18:30:00,238.630,238.650,239.570,0.170,0.120,0.110,0.089,0.037,0.026,0.024,-0.032,-0.014,-0.008,-0.010,0.937,50.230
2610026966,2026-10-04 18:30:00,228.710,229.120,228.100,0.000,0.000,0.000,0.000,0.000,0.000,0.000,0.000,0.000,0.000,0.000,1.000,50.230
2610026976,2026-10-04 18:30:00,238.370,238.280,239.260,0.370,1.240,0.890,0.582,0.085,0.284,0.212,-0.049,-0.013,-0.017,-0.017,0.996,50.220
2610026977,2026-10-04 18:30:00,239.520,239.670,238.530,0.220,0.590,0.870,0.398,0.050,0.140,0.207,0.021,0.017,0.003,0.000,0.998,50.240
2610126270,2026-10-04 18:30:00,233.610,232.490,233.880,0.020,0.050,0.010,0.017,0.005,0.010,0.002,-0.005,-0.002,-0.001,-0.001,0.974,50.240
2610126451,2026-10-04 18:30:00,238.670,239.240,238.300,0.010,0.000,0.130,0.032,0.001,0.001,0.029,0.000,0.000,0.000,0.001,0.997,50.230
2610159557,2026-10-04 18:30:00,243.950,242.790,242.980,0.020,0.010,0.010,0.007,0.003,0.001,0.002,-0.005,-0.003,0.000,-0.001,0.795,50.230
2610159558,2026-10-04 18:30:00,242.650,242.970,243.950,0.000,0.010,0.000,0.003,0.000,0.001,0.000,0.000,0.000,0.000,0.000,1.000,50.220
2610170785,2026-10-04 18:30:00,243.840,242.640,242.940,0.010,0.000,0.000,0.002,0.002,0.000,0.000,0.000,0.000,0.000,0.000,1.000,50.230
2610170786,2026-10-04 18:30:00,243.060,243.330,244.390,0.040,0.030,0.020,0.019,0.008,0.006,0.004,0.011,0.004,0.002,0.003,0.869,50.230
2610170836,2026-10-04 18:30:00,238.220,238.560,239.250,0.000,0.010,0.000,0.001,0.000,0.001,0.000,0.000,0.000,0.000,0.000,0.714,50.240
2610170837,2026-10-04 18:30:00,236.180,234.380,234.690,0.000,0.000,0.010,0.001,0.000,0.000,0.001,0.000,0.000,0.000,0.000,0.873,50.240
2610170838,2026-10-04 18:30:00,243.770,242.320,242.820,0.020,0.060,0.130,0.050,0.004,0.014,0.031,-0.002,0.000,0.000,-0.001,1.000,50.240
2610170839,2026-10-04 18:30:00,242.470,242.770,243.730,0.020,0.020,0.030,0.018,0.005,0.004,0.008,0.000,-0.001,0.000,0.001,1.000,50.240
2610170840,2026-10-04 18:30:00,240.020,239.210,240.280,0.440,0.250,0.590,0.304,0.104,0.058,0.140,-0.036,-0.011,-0.007,-0.016,0.992,50.240
2610322967,2026-10-04 18:30:00,244.310,242.950,243.000,0.000,0.000,0.010,0.001,0.000,0.000,0.001,0.000,0.000,0.000,0.000,1.000,50.240
2610322969,2026-10-04 18:30:00,232.420,233.390,233.660,0.670,0.520,0.150,0.228,0.145,0.049,0.032,0.171,0.054,0.111,0.005,0.800,50.230
2610322982,2026-10-04 18:30:00,242.790,242.990,244.010,0.010,0.010,0.020,0.010,0.002,0.002,0.005,-0.007,-0.001,-0.002,-0.003,0.788,50.230
2610322992,2026-10-04 18:30:00,234.510,235.170,236.090,0.070,0.320,0.230,0.147,0.016,0.076,0.054,0.011,0.004,0.000,0.007,0.994,50.230
2610322995,2026-10-04 18:30:00,242.750,243.010,243.960,0.000,0.030,0.030,0.011,0.000,0.005,0.006,-0.009,0.000,-0.004,-0.004,0.780,50.240
2610322997,2026-10-04 18:30:00,234.830,235.980,234.400,0.460,0.530,0.420,0.320,0.106,0.120,0.093,0.042,-0.001,0.025,0.019,0.991,50.240
2610323001,2026-10-04 18:30:00,236.130,234.270,234.430,0.220,0.300,0.400,0.211,0.050,0.069,0.092,0.041,0.011,0.014,0.015,0.980,50.240
2610323004,2026-10-04 18:30:00,65.110,64.590,65.090,0.140,0.110,0.120,0.017,0.006,0.004,0.005,0.015,0.005,0.005,0.004,0.737,50.240
2610323005,2026-10-04 18:30:00,233.760,232.720,234.000,0.000,0.000,0.000,0.001,0.000,0.001,0.000,0.000,0.000,0.000,0.000,0.938,50.240
2610323010,2026-10-04 18:30:00,240.630,240.200,239.710,0.090,0.000,0.000,0.019,0.018,0.000,0.000,-0.009,-0.009,0.000,0.000,0.908,50.240
2610323014,2026-10-04 18:30:00,238.250,238.390,239.150,0.100,0.000,0.000,0.024,0.024,0.000,0.000,-0.002,-0.002,0.000,0.000,0.997,50.240
2610323016,2026-10-04 18:30:00,236.030,234.360,234.660,0.100,0.080,0.020,0.047,0.024,0.018,0.004,0.007,0.004,0.002,0.000,0.979,50.240
2610323017,2026-10-04 18:30:00,242.750,243.710,242.760,0.040,0.020,0.020,0.015,0.007,0.003,0.003,-0.010,-0.005,-0.003,-0.002,0.815,50.230
2610323019,2026-10-04 18:30:00,233.440,232.680,234.010,0.020,0.060,0.030,0.023,0.004,0.012,0.006,-0.006,-0.001,-0.003,-0.001,0.956,50.230
2610323027,2026-10-04 18:30:00,243.920,242.530,242.920,0.020,0.030,0.020,0.014,0.004,0.005,0.003,-0.011,-0.003,-0.004,-0.003,0.815,50.240
2410121454,2026-10-04 18:31:00,238.860,239.710,238.690,0.080,0.120,0.140,0.079,0.016,0.028,0.033,0.020,0.007,0.007,0.005,0.965,50.220
2410131383,2026-10-04 18:31:00,241.410,240.840,240.530,0.090,0.090,0.100,0.065,0.021,0.021,0.024,-0.007,-0.001,-0.002,-0.003,0.988,50.190
2410883988,2026-10-04 18:31:00,234.100,232.970,234.330,0.020,0.000,0.080,0.023,0.004,0.000,0.019,-0.003,0.000,0.000,-0.002,0.993,50.220
2510203106,2026-10-04 18:31:00,240.300,239.770,240.680,0.030,0.010,0.000,0.008,0.004,0.003,0.000,-0.004,-0.003,0.000,0.000,0.899,50.210
2510633393,2026-10-04 18:59:00,234.870,236.030,235.500,1.100,1.090,1.090,0.777,0.258,0.262,0.257,0.153,0.054,0.042,0.056,0.981,50.110
2246006313,2026-10-04 19:00:00,58.800,58.800,59.100,0.421,0.424,0.400,0.070,0.023,0.023,0.022,0.000,0.000,0.000,0.000,0.963,50.070
2410121326,2026-10-04 19:00:00,236.200,235.360,235.570,0.100,0.080,0.080,0.059,0.022,0.019,0.017,0.016,0.004,0.003,0.008,0.970,50.110
2410121353,2026-10-04 19:00:00,236.200,235.330,235.560,0.000,0.010,0.040,0.011,0.000,0.002,0.008,-0.002,0.000,0.000,0.000,0.970,50.090
2410121371,2026-10-04 19:00:00,236.380,235.420,235.640,0.010,0.010,0.060,0.015,0.001,0.000,0.013,-0.002,0.000,-0.001,-0.001,0.961,50.090
2410121424,2026-10-04 19:00:00,236.120,235.260,235.510,0.010,0.010,0.010,0.004,0.000,0.001,0.002,-0.003,-0.001,-0.001,0.000,0.773,50.110
2410121440,2026-10-04 19:00:00,236.040,235.190,235.390,0.010,0.010,0.010,0.005,0.002,0.000,0.001,-0.003,-0.001,-0.001,0.000,0.821,50.110
2410121454,2026-10-04 19:00:00,235.450,236.200,235.310,0.090,0.170,0.150,0.088,0.017,0.038,0.032,0.017,0.007,0.005,0.004,0.979,50.110
2410121457,2026-10-04 19:00:00,236.150,235.250,235.670,0.200,0.160,0.100,0.107,0.046,0.036,0.024,0.016,0.006,0.009,0.000,0.987,50.120
2410121574,2026-10-04 19:00:00,236.350,235.290,235.510,0.210,0.180,0.150,0.122,0.049,0.038,0.034,-0.036,-0.009,-0.014,-0.011,0.956,50.110
2410131378,2026-10-04 19:00:00,235.160,235.730,234.900,0.570,0.520,0.590,0.385,0.130,0.134,0.120,0.149,0.042,0.047,0.059,0.940,50.080
2410131383,2026-10-04 19:00:00,237.450,236.850,236.290,0.080,0.070,0.080,0.055,0.019,0.016,0.018,-0.005,-0.001,-0.002,-0.002,0.995,50.100
2410131384,2026-10-04 19:00:00,243.520,244.300,243.350,0.030,0.160,0.090,0.066,0.008,0.035,0.022,0.008,0.000,0.005,0.003,0.991,50.100
2410131387,2026-10-04 19:00:00,235.800,236.870,236.540,0.040,0.040,0.030,0.025,0.009,0.008,0.007,-0.009,-0.003,-0.003,-0.003,0.928,50.100
2410320615,2026-10-04 19:00:00,236.010,237.080,237.140,0.170,0.160,0.150,0.112,0.039,0.037,0.035,0.023,0.009,0.006,0.007,0.977,50.100
2410883988,2026-10-04 19:00:00,235.410,234.090,235.230,0.020,0.000,0.080,0.024,0.004,0.000,0.019,-0.002,0.000,0.000,-0.001,1.000,50.090
2410883990,2026-10-04 19:00:00,233.940,234.990,235.160,0.080,0.000,0.170,0.057,0.018,0.000,0.039,0.003,0.001,0.000,0.001,1.000,50.130
2410883991,2026-10-04 19:00:00,243.260,243.540,244.300,0.120,0.090,0.140,0.084,0.028,0.021,0.034,0.018,0.005,0.007,0.005,0.979,50.180
2410883993,2026-10-04 19:00:00,239.460,238.650,238.780,0.900,0.680,0.920,0.587,0.215,0.158,0.213,-0.043,-0.004,-0.023,-0.014,0.997,50.150
2410883994,2026-10-04 19:00:00,244.110,242.980,243.340,0.020,0.050,0.040,0.026,0.004,0.011,0.009,-0.001,-0.002,-0.001,0.001,0.999,50.130
2410932742,2026-10-04 19:00:00,235.280,233.660,233.820,2.940,2.870,3.030,1.870,0.626,0.604,0.639,0.637,0.215,0.200,0.215,0.946,50.080
2411087432,2026-10-04 19:00:00,235.470,236.210,235.300,0.050,0.040,0.130,0.049,0.010,0.008,0.031,0.000,0.003,0.000,-0.003,0.999,50.080
2411087433,2026-10-04 19:00:00,239.300,239.560,240.260,0.090,0.050,0.070,0.050,0.020,0.011,0.018,-0.010,-0.004,-0.003,-0.002,0.983,50.140
2411290205,2026-10-04 19:00:00,236.610,235.830,237.010,0.190,0.210,0.140,0.127,0.045,0.049,0.033,0.008,0.004,0.001,0.001,0.994,50.170
2510014481,2026-10-04 19:00:00,234.330,234.430,235.400,2.140,2.140,2.390,1.228,0.401,0.396,0.430,0.604,0.196,0.204,0.203,0.914,50.140
2510014482,2026-10-04 19:00:00,235.720,236.270,235.470,0.010,0.070,0.000,0.017,0.002,0.015,0.000,-0.007,-0.001,-0.005,0.000,0.899,50.090
2510014483,2026-10-04 19:00:00,242.710,242.910,243.690,0.050,0.040,0.080,0.032,0.009,0.005,0.017,-0.022,-0.006,-0.006,-0.009,0.820,50.140
2510014484,2026-10-04 19:00:00,236.590,235.830,237.110,0.080,0.060,0.080,0.067,0.024,0.019,0.022,-0.003,-0.001,0.000,-0.002,1.000,50.100
2510178139,2026-10-04 19:00:00,235.900,236.540,235.660,0.090,0.080,0.040,0.051,0.022,0.019,0.010,0.001,0.000,0.001,0.000,0.995,50.150
2510178141,2026-10-04 19:00:00,235.550,235.560,236.260,0.020,0.010,0.020,0.005,0.002,0.000,0.002,-0.009,-0.004,-0.001,-0.003,0.470,50.100
2510203103,2026-10-04 19:00:00,232.040,230.310,230.620,0.140,0.180,0.150,0.102,0.031,0.038,0.033,-0.016,-0.005,-0.004,-0.007,0.986,50.100
2510203105,2026-10-04 19:00:00,237.910,236.230,236.730,0.010,0.040,0.020,0.017,0.003,0.009,0.004,0.000,0.000,0.000,0.000,0.973,50.150
2510203106,2026-10-04 19:00:00,236.420,235.690,236.900,0.020,0.010,0.000,0.008,0.004,0.003,0.000,-0.003,-0.003,0.000,0.000,0.912,50.100
2510203107,2026-10-04 19:00:00,224.850,224.140,225.260,0.310,0.340,0.290,0.183,0.060,0.068,0.054,0.098,0.032,0.032,0.033,0.879,50.120
2510203108,2026-10-04 19:00:00,235.550,236.020,235.070,0.770,1.430,1.480,0.859,0.172,0.327,0.338,0.046,0.016,0.016,0.013,0.999,50.090
2510203109,2026-10-04 19:00:00,239.090,239.830,238.740,0.020,0.060,0.110,0.043,0.003,0.014,0.026,0.004,0.002,0.000,0.001,0.998,50.150
2510203113,2026-10-04 19:00:00,236.730,236.290,235.790,0.200,0.300,0.310,0.185,0.045,0.068,0.071,-0.045,-0.009,-0.018,-0.017,0.970,50.080
2510203114,2026-10-04 19:00:00,232.990,233.250,234.000,0.110,0.050,0.020,0.036,0.025,0.009,0.001,-0.018,-0.006,-0.007,-0.004,0.881,50.150
2510203117,2026-10-04 19:00:00,234.230,235.310,235.470,0.340,0.540,0.250,0.261,0.078,0.124,0.057,-0.039,-0.011,-0.014,-0.013,0.990,50.090
2510203120,2026-10-04 19:00:00,243.420,242.420,242.670,0.880,0.660,0.740,0.493,0.189,0.140,0.161,0.229,0.086,0.069,0.073,0.906,50.090
2510203121,2026-10-04 19:00:00,234.930,235.090,233.860,0.450,0.300,0.390,0.263,0.106,0.068,0.088,-0.008,-0.003,0.000,-0.005,1.000,50.150
2510203122,2026-10-04 19:00:00,235.500,236.220,235.340,0.050,0.090,0.010,0.034,0.012,0.020,0.001,-0.004,0.003,-0.006,-0.001,0.991,50.090
2510203123,2026-10-04 19:00:00,234.690,235.070,235.780,1.580,1.870,1.760,1.119,0.334,0.393,0.335,0.361,0.135,0.098,0.126,0.957,50.100
2510203124,2026-10-04 19:00:00,235.740,236.010,235.270,0.390,0.400,0.380,0.272,0.091,0.092,0.087,0.054,0.014,0.021,0.018,0.980,50.150
2510203125,2026-10-04 19:00:00,235.740,236.830,236.330,0.050,0.040,0.110,0.048,0.012,0.009,0.026,0.012,0.002,0.004,0.005,0.962,50.140
2510203126,2026-10-04 19:00:00,234.950,235.010,233.900,0.080,0.020,0.000,0.024,0.019,0.004,0.000,-0.002,-0.002,0.000,0.000,1.000,50.130
2510203127,2026-10-04 19:00:00,235.370,236.020,235.260,0.240,0.300,0.210,0.150,0.046,0.061,0.042,0.093,0.031,0.035,0.026,0.851,50.140
2510203128,2026-10-04 19:00:00,242.890,243.420,241.790,1.670,1.620,1.800,1.202,0.395,0.383,0.423,0.114,0.023,0.033,0.056,0.995,50.090
2510203130,2026-10-04 19:00:00,248.660,248.940,250.260,0.000,0.010,0.110,0.029,0.000,0.003,0.026,0.001,0.000,0.000,0.002,0.982,50.150
2510203133,2026-10-04 19:00:00,235.390,236.020,235.180,0.020,0.020,0.000,0.009,0.004,0.004,0.000,-0.002,0.000,-0.002,0.000,0.982,50.070
2510203134,2026-10-04 19:00:00,244.450,243.250,243.440,0.020,0.010,0.010,0.007,0.004,0.002,0.001,-0.001,0.000,-0.001,0.000,0.999,50.080
2510224049,2026-10-04 19:00:00,235.050,233.810,234.980,19.790,20.030,12.140,11.240,3.990,4.520,2.710,-1.920,-0.770,-0.520,-0.620,0.985,50.130
2510224167,2026-10-04 19:00:00,234.810,234.780,233.660,10.090,11.540,11.800,7.400,2.250,2.550,2.590,-2.310,-0.660,-0.820,-0.820,0.954,50.090
2510317505,2026-10-04 19:00:00,234.770,234.950,233.690,24.890,9.420,9.570,9.810,5.700,2.110,1.990,-2.170,-0.710,-0.610,-0.830,0.976,50.110
2510317516,2026-10-04 19:00:00,234.980,235.040,233.830,0.000,0.000,0.000,0.000,0.000,0.000,0.000,0.000,0.000,0.000,0.000,1.000,50.090
2510317537,2026-10-04 19:00:00,242.770,242.740,243.480,2.180,2.310,2.320,1.540,0.490,0.510,0.530,-0.260,-0.080,-0.090,-0.090,0.985,50.090
2510389559,2026-10-04 19:00:00,236.540,235.940,237.190,0.000,0.000,0.000,0.000,0.000,0.000,0.000,0.000,0.000,0.000,0.000,1.000,50.080
2510389643,2026-10-04 19:00:00,236.790,236.130,237.330,18.230,21.450,20.380,13.530,3.790,4.970,4.760,-1.370,-0.210,-0.620,-0.530,0.994,50.110
2510389931,2026-10-04 19:00:00,236.400,235.490,236.740,17.650,10.010,23.850,12.070,4.140,2.330,5.600,-1.350,-0.430,-0.290,-0.620,0.993,50.130
2510633381,2026-10-04 19:00:00,239.870,238.760,239.110,0.050,0.070,0.010,0.028,0.010,0.015,0.002,-0.013,-0.005,-0.005,-0.001,0.911,50.140
2510633382,2026-10-04 19:00:00,235.630,236.720,236.320,0.130,0.160,0.180,0.099,0.026,0.034,0.038,-0.045,-0.015,-0.014,-0.016,0.906,50.110
2510633383,2026-10-04 19:00:00,235.330,235.370,236.110,0.110,0.080,0.090,0.027,0.005,0.011,0.010,-0.058,-0.024,-0.015,-0.019,0.419,50.140
2510633386,2026-10-04 19:00:00,224.410,224.710,225.390,0.030,0.020,0.010,0.012,0.006,0.003,0.002,0.003,0.002,0.000,0.001,0.970,50.120
2510633387,2026-10-04 19:00:00,235.650,236.260,235.390,0.010,0.000,0.140,0.036,0.001,0.000,0.033,-0.004,0.000,0.000,-0.004,1.000,50.130
2510633390,2026-10-04 19:00:00,239.210,239.990,238.910,0.040,0.020,0.010,0.013,0.007,0.005,0.001,-0.005,-0.004,0.000,0.000,0.924,50.120
2510633391,2026-10-04 19:00:00,123.970,123.530,123.620,0.000,0.000,0.000,0.000,0.000,0.000,0.000,0.000,0.000,0.000,0.000,1.000,50.110
2510633395,2026-10-04 19:00:00,235.610,236.280,235.550,0.000,0.000,0.000,0.000,0.000,0.000,0.000,0.000,0.000,0.000,0.000,1.000,50.150
2510633396,2026-10-04 19:00:00,235.850,235.140,235.580,0.800,0.780,0.770,0.539,0.184,0.176,0.178,0.108,0.042,0.038,0.029,0.978,50.130
2510633397,2026-10-04 19:00:00,246.260,245.010,245.390,0.050,0.030,0.040,0.030,0.013,0.007,0.009,-0.005,-0.001,-0.001,-0.001,0.985,50.120
2510633399,2026-10-04 19:00:00,234.690,234.730,233.700,0.490,0.510,0.520,0.352,0.114,0.117,0.120,-0.005,-0.001,0.000,-0.004,1.000,50.120
2510633400,2026-10-04 19:00:00,234.580,233.490,234.460,0.150,0.160,0.160,0.109,0.035,0.037,0.037,0.019,0.007,0.006,0.005,0.986,50.110
2510633402,2026-10-04 19:00:00,235.770,235.890,237.340,0.050,0.060,0.100,0.049,0.012,0.014,0.022,0.011,0.002,0.003,0.005,0.970,50.110
2510633406,2026-10-04 19:00:00,235.090,235.160,234.000,0.170,0.200,0.200,0.124,0.037,0.043,0.043,-0.040,-0.011,-0.014,-0.014,0.949,50.150
2510633411,2026-10-04 19:00:00,233.000,233.920,234.020,0.480,0.460,0.480,0.305,0.105,0.100,0.100,0.125,0.038,0.039,0.047,0.926,50.120
2510814977,2026-10-04 19:00:00,236.510,237.700,236.230,0.010,0.010,0.010,0.003,0.001,0.000,0.002,-0.004,0.000,-0.001,-0.001,0.668,50.140
2610026950,2026-10-04 19:00:00,233.980,234.850,235.090,0.010,0.000,0.010,0.004,0.001,0.000,0.002,0.000,0.000,0.000,0.000,0.906,50.130
2610026952,2026-10-04 19:00:00,236.930,236.190,236.190,0.160,0.160,0.160,0.010,0.002,0.004,0.003,-0.109,-0.036,-0.036,-0.036,0.097,50.140
2610026953,2026-10-04 19:00:00,236.550,235.650,236.870,0.020,0.010,0.010,0.010,0.005,0.002,0.003,-0.002,0.000,0.000,0.000,0.987,50.150
2610026966,2026-10-04 19:00:00,228.680,229.120,228.180,0.000,0.000,0.000,0.000,0.000,0.000,0.000,0.000,0.000,0.000,0.000,1.000,50.150
2610026976,2026-10-04 19:00:00,235.450,235.290,236.160,0.380,1.230,0.800,0.557,0.088,0.281,0.186,-0.042,-0.008,-0.015,-0.017,0.996,50.130
2610026977,2026-10-04 19:00:00,239.540,239.660,238.530,0.220,0.590,0.870,0.397,0.050,0.140,0.206,0.021,0.017,0.002,0.000,0.997,50.100
2610126270,2026-10-04 19:00:00,235.200,233.860,235.090,0.020,0.040,0.010,0.017,0.005,0.010,0.002,-0.005,-0.002,-0.002,-0.001,0.925,50.140
2610126451,2026-10-04 19:00:00,235.850,236.440,235.660,0.010,0.000,0.060,0.016,0.001,0.001,0.013,0.000,0.000,0.000,0.000,1.000,50.140
2610159557,2026-10-04 19:00:00,239.910,238.890,239.130,0.020,0.010,0.010,0.007,0.003,0.001,0.002,-0.005,-0.003,0.000,-0.001,0.786,50.140
2610159558,2026-10-04 19:00:00,238.740,239.070,239.900,0.000,0.010,0.000,0.002,0.000,0.001,0.000,0.000,0.000,0.000,0.000,1.000,50.140
2610170785,2026-10-04 19:00:00,240.630,239.560,239.880,0.000,0.000,0.000,0.000,0.000,0.000,0.000,0.000,0.000,0.000,0.000,0.735,50.140
2610170786,2026-10-04 19:00:00,243.120,243.400,244.290,0.040,0.030,0.070,0.030,0.007,0.006,0.016,0.009,0.004,0.002,0.001,0.947,50.090
2610170836,2026-10-04 19:00:00,235.550,235.810,236.520,0.000,0.010,0.000,0.002,0.001,0.001,0.000,0.000,0.000,0.000,0.000,0.827,50.130
2610170837,2026-10-04 19:00:00,237.570,235.980,236.270,0.000,0.000,0.020,0.005,0.000,0.000,0.004,0.000,0.000,0.000,0.000,1.000,50.130
2610170838,2026-10-04 19:00:00,243.820,242.550,242.990,0.020,0.060,0.120,0.048,0.004,0.014,0.029,-0.001,0.000,0.000,-0.001,1.000,50.080
2610170839,2026-10-04 19:00:00,242.910,243.200,244.040,0.020,0.040,0.030,0.022,0.005,0.010,0.006,0.000,-0.001,0.000,0.000,0.993,50.120
2610170840,2026-10-04 19:00:00,236.400,235.550,236.790,0.450,0.250,0.600,0.305,0.105,0.058,0.140,-0.035,-0.011,-0.007,-0.016,0.994,50.120
2610322967,2026-10-04 19:00:00,240.250,239.050,239.120,0.000,0.000,0.010,0.001,0.000,0.000,0.001,0.000,0.000,0.000,0.000,1.000,50.140
2610322969,2026-10-04 19:00:00,233.490,234.260,234.980,0.710,0.490,0.160,0.226,0.155,0.033,0.038,0.166,0.055,0.110,0.000,0.807,50.130
2610322982,2026-10-04 19:00:00,238.900,239.160,239.980,0.010,0.010,0.020,0.010,0.002,0.002,0.005,-0.006,-0.001,-0.002,-0.003,0.846,50.150
2610322992,2026-10-04 19:00:00,236.050,236.720,237.530,0.080,0.320,0.230,0.147,0.017,0.075,0.054,0.014,0.004,0.000,0.009,0.997,50.120
2610322995,2026-10-04 19:00:00,242.840,239.110,239.910,0.000,0.030,0.030,0.011,0.000,0.005,0.006,-0.008,0.000,-0.004,-0.003,0.772,50.130
2610322997,2026-10-04 19:00:00,236.400,237.520,236.010,0.440,0.490,0.380,0.303,0.102,0.114,0.089,0.039,0.000,0.021,0.018,0.992,50.120
2610323001,2026-10-04 19:00:00,237.480,235.820,236.040,0.220,0.290,0.320,0.191,0.052,0.065,0.073,0.044,0.014,0.014,0.015,0.974,50.130
2610323004,2026-10-04 19:00:00,65.480,65.010,65.480,0.140,0.110,0.130,0.017,0.006,0.004,0.006,0.016,0.006,0.005,0.004,0.717,50.140
2610323005,2026-10-04 19:00:00,235.360,234.050,235.160,0.000,0.000,0.000,0.001,0.000,0.001,0.000,0.000,0.000,0.000,0.000,0.941,50.130
2610323010,2026-10-04 19:00:00,236.920,236.410,235.720,0.090,0.000,0.000,0.020,0.020,0.000,0.000,-0.008,-0.008,0.000,0.000,0.933,50.130
2610323014,2026-10-04 19:00:00,235.690,235.730,236.480,0.050,0.000,0.000,0.011,0.010,0.000,0.000,-0.002,-0.001,0.000,0.000,1.000,50.130
2610323016,2026-10-04 19:00:00,237.560,236.070,236.340,0.110,0.080,0.020,0.047,0.024,0.018,0.004,0.008,0.005,0.002,0.000,0.993,50.110
2610323017,2026-10-04 19:00:00,243.050,243.770,242.980,0.040,0.020,0.020,0.015,0.007,0.003,0.003,-0.010,-0.004,-0.003,-0.002,0.819,50.100
2610323019,2026-10-04 19:00:00,235.050,233.990,235.120,0.020,0.020,0.030,0.014,0.004,0.004,0.005,-0.006,-0.001,-0.002,-0.002,0.924,50.110
2610323027,2026-10-04 19:00:00,244.090,242.880,243.260,0.020,0.030,0.020,0.014,0.004,0.005,0.003,-0.011,-0.003,-0.004,-0.003,0.814,50.090
2510203104,2026-10-04 19:01:00,232.850,233.020,233.760,0.240,0.280,0.190,0.164,0.054,0.065,0.043,0.006,-0.006,0.005,0.007,1.000,50.110
2510203111,2026-10-04 19:01:00,234.660,235.070,235.630,1.760,1.550,1.910,1.111,0.368,0.319,0.422,0.301,0.127,0.087,0.086,0.966,50.090
2510633385,2026-10-04 19:01:00,236.480,235.980,237.090,0.380,0.410,0.350,0.267,0.089,0.095,0.082,-0.024,0.000,-0.014,-0.011,0.994,50.100
2610026963,2026-10-04 19:01:00,235.630,235.650,236.420,0.200,0.130,0.120,0.090,0.041,0.026,0.022,-0.043,-0.017,-0.012,-0.013,0.900,50.100
2510633393,2026-10-04 19:29:00,234.860,235.960,235.690,1.040,1.050,1.030,0.705,0.233,0.240,0.232,0.129,0.045,0.035,0.048,0.983,50.230
2246006313,2026-10-04 19:30:00,58.700,58.800,59.000,0.420,0.427,0.401,0.071,0.024,0.024,0.023,0.000,0.000,0.000,0.000,0.967,50.220
2410121326,2026-10-04 19:30:00,235.970,235.180,235.250,0.100,0.080,0.100,0.061,0.022,0.019,0.019,0.018,0.004,0.003,0.010,0.952,50.230
2410121353,2026-10-04 19:30:00,236.280,235.520,235.620,0.000,0.010,0.040,0.010,0.000,0.002,0.008,-0.002,0.000,0.000,0.000,0.996,50.260
2410121371,2026-10-04 19:30:00,236.470,235.570,235.710,0.030,0.010,0.060,0.021,0.007,0.000,0.013,-0.003,0.000,-0.001,-0.001,0.975,50.240
2410121424,2026-10-04 19:30:00,236.100,235.370,235.440,0.010,0.010,0.010,0.004,0.000,0.001,0.002,-0.003,-0.001,-0.001,0.000,0.771,50.230
2410121440,2026-10-04 19:30:00,236.190,235.410,235.500,0.010,0.010,0.010,0.004,0.002,0.000,0.001,-0.003,-0.001,-0.001,0.000,0.820,50.250
2410121454,2026-10-04 19:30:00,235.410,236.200,235.360,0.080,0.170,0.140,0.089,0.017,0.039,0.032,0.017,0.007,0.005,0.003,0.983,50.220
2410121457,2026-10-04 19:30:00,235.750,235.220,235.460,0.190,0.130,0.080,0.098,0.045,0.034,0.018,0.014,0.005,0.009,0.000,0.992,50.250
2410121574,2026-10-04 19:30:00,236.360,235.370,235.450,0.210,0.200,0.150,0.125,0.047,0.044,0.033,-0.035,-0.010,-0.013,-0.011,0.963,50.260
2410131378,2026-10-04 19:30:00,235.760,236.380,235.750,0.010,0.100,0.040,0.034,0.001,0.023,0.009,-0.005,-0.001,-0.002,0.000,0.990,50.240
2410131383,2026-10-04 19:30:00,236.930,236.560,236.000,0.080,0.080,0.090,0.059,0.019,0.018,0.021,-0.006,-0.001,-0.002,-0.002,0.998,50.230
2410131384,2026-10-04 19:30:00,238.990,239.710,238.840,0.040,0.140,0.090,0.067,0.008,0.034,0.022,0.007,0.000,0.003,0.003,0.995,50.210
2410131387,2026-10-04 19:30:00,235.810,236.720,236.610,0.040,0.040,0.030,0.024,0.009,0.008,0.006,-0.009,-0.003,-0.003,-0.003,0.915,50.250
2410320615,2026-10-04 19:30:00,235.420,236.360,236.450,0.200,0.180,0.170,0.126,0.046,0.041,0.038,0.023,0.008,0.006,0.007,0.981,50.210
2410883988,2026-10-04 19:30:00,235.510,234.270,235.240,0.020,0.000,0.080,0.023,0.004,0.000,0.019,-0.002,0.000,0.000,-0.001,0.993,50.220
2410883990,2026-10-04 19:30:00,233.810,234.730,235.000,0.020,0.000,0.170,0.045,0.005,0.000,0.040,0.003,0.001,0.000,0.001,1.000,50.190
2410883991,2026-10-04 19:30:00,238.560,238.890,239.670,0.120,0.130,0.150,0.094,0.028,0.031,0.035,0.016,0.004,0.007,0.004,0.989,50.220
2410883993,2026-10-04 19:30:00,239.050,238.260,238.470,1.370,1.130,1.270,0.886,0.323,0.266,0.296,-0.070,-0.017,-0.033,-0.019,0.996,50.190
2410883994,2026-10-04 19:30:00,239.650,238.520,239.000,0.020,0.050,0.030,0.023,0.004,0.011,0.006,-0.004,-0.001,-0.001,-0.001,0.977,50.230
2410932742,2026-10-04 19:30:00,235.500,234.050,234.030,2.180,2.110,2.230,1.345,0.453,0.431,0.460,0.546,0.181,0.178,0.186,0.926,50.230
2411087432,2026-10-04 19:30:00,235.320,236.090,235.330,0.040,0.030,0.080,0.032,0.008,0.005,0.017,-0.006,0.001,-0.004,-0.003,0.982,50.210
2411087433,2026-10-04 19:30:00,238.930,239.210,239.920,0.070,0.050,0.070,0.042,0.017,0.009,0.016,-0.013,-0.005,-0.004,-0.003,0.952,50.200
2411290205,2026-10-04 19:30:00,236.330,235.680,236.650,0.180,0.090,0.130,0.094,0.042,0.021,0.030,0.004,0.005,0.000,0.000,1.000,50.210
2510014481,2026-10-04 19:30:00,234.420,234.320,235.500,1.910,1.800,1.900,1.178,0.410,0.380,0.437,0.596,0.191,0.208,0.196,0.886,50.190
2510014482,2026-10-04 19:30:00,235.470,236.110,235.370,0.010,0.080,0.000,0.020,0.002,0.017,0.000,-0.003,-0.002,-0.001,0.000,1.000,50.210
2510014483,2026-10-04 19:30:00,238.530,238.800,239.560,0.050,0.040,0.080,0.031,0.008,0.005,0.016,-0.022,-0.006,-0.006,-0.010,0.799,50.190
2510014484,2026-10-04 19:30:00,236.340,235.580,236.730,0.090,0.050,0.080,0.048,0.020,0.010,0.018,-0.005,-0.001,-0.002,-0.001,0.992,50.210
2510178139,2026-10-04 19:30:00,235.330,236.050,235.170,0.060,0.060,0.040,0.037,0.013,0.013,0.010,0.003,0.001,0.002,0.000,1.000,50.230
2510178141,2026-10-04 19:30:00,235.440,235.430,236.100,0.020,0.010,0.020,0.006,0.002,0.000,0.003,-0.009,-0.004,-0.001,-0.003,0.585,50.200
2510203103,2026-10-04 19:30:00,231.690,230.330,230.300,0.140,0.170,0.160,0.105,0.031,0.038,0.036,-0.015,-0.006,-0.004,-0.005,0.985,50.210
2510203104,2026-10-04 19:30:00,232.950,233.060,233.760,0.240,0.200,0.220,0.149,0.056,0.043,0.050,0.012,-0.005,0.009,0.007,0.999,50.210
2510203105,2026-10-04 19:30:00,237.940,236.500,236.730,0.020,0.110,0.020,0.032,0.003,0.024,0.004,0.006,0.000,0.006,0.000,0.973,50.230
2510203106,2026-10-04 19:30:00,236.110,235.470,236.530,0.020,0.010,0.000,0.008,0.004,0.003,0.000,-0.003,-0.003,0.000,0.000,0.971,50.220
2510203107,2026-10-04 19:30:00,224.380,223.780,224.730,0.290,0.330,0.260,0.177,0.058,0.067,0.050,0.059,0.019,0.020,0.020,0.953,50.190
2510203108,2026-10-04 19:30:00,235.360,235.710,235.100,0.840,1.530,1.330,0.854,0.189,0.361,0.305,0.054,0.014,0.027,0.012,0.998,50.230
2510203109,2026-10-04 19:30:00,238.950,239.620,238.550,0.020,0.070,0.110,0.047,0.004,0.016,0.026,0.005,0.002,0.001,0.001,0.996,50.240
2510203111,2026-10-04 19:30:00,235.060,235.280,235.900,1.240,1.050,1.340,0.232,0.065,0.046,0.121,-0.014,-0.001,0.000,-0.013,0.952,50.210
2510203113,2026-10-04 19:30:00,236.660,236.330,235.780,0.190,0.300,0.330,0.188,0.044,0.067,0.076,-0.046,-0.010,-0.019,-0.017,0.969,50.220
2510203114,2026-10-04 19:30:00,232.860,233.190,233.770,0.110,0.060,0.020,0.038,0.025,0.011,0.001,-0.015,-0.005,-0.005,-0.004,0.918,50.230
2510203117,2026-10-04 19:30:00,234.130,235.030,235.230,0.350,0.580,0.250,0.273,0.081,0.133,0.058,-0.043,-0.012,-0.017,-0.013,0.986,50.220
2510203120,2026-10-04 19:30:00,238.860,237.910,238.250,0.910,0.690,0.750,0.512,0.200,0.148,0.164,0.212,0.081,0.064,0.066,0.924,50.230
2510203121,2026-10-04 19:30:00,234.890,235.160,233.900,0.450,0.300,0.380,0.264,0.105,0.069,0.089,-0.008,-0.003,0.000,-0.005,1.000,50.210
2510203122,2026-10-04 19:30:00,235.450,236.210,235.430,0.130,0.090,0.010,0.048,0.025,0.020,0.002,0.010,0.017,-0.006,-0.001,0.981,50.220
2510203123,2026-10-04 19:30:00,235.410,235.390,236.160,0.560,0.680,0.270,0.082,0.023,0.015,0.043,0.103,0.026,0.032,0.044,0.945,50.220
2510203124,2026-10-04 19:30:00,235.620,235.990,235.210,0.140,0.140,0.150,0.087,0.027,0.027,0.032,0.046,0.015,0.015,0.015,0.881,50.250
2510203125,2026-10-04 19:30:00,235.640,236.570,236.190,0.050,0.040,0.100,0.045,0.012,0.009,0.023,0.011,0.002,0.004,0.004,0.978,50.200
2510203126,2026-10-04 19:30:00,235.150,235.340,234.220,0.080,0.020,0.000,0.023,0.019,0.004,0.000,-0.002,-0.002,0.000,0.000,0.981,50.230
2510203127,2026-10-04 19:30:00,235.330,236.040,235.300,0.230,0.300,0.210,0.150,0.045,0.062,0.042,0.091,0.030,0.034,0.026,0.853,50.240
2510203128,2026-10-04 19:30:00,238.360,238.840,237.230,1.760,1.700,1.880,1.235,0.409,0.393,0.432,0.120,0.026,0.036,0.058,0.995,50.220
2510203130,2026-10-04 19:30:00,249.080,248.990,250.400,0.000,0.010,0.120,0.034,0.000,0.003,0.031,0.001,0.000,0.000,0.001,1.000,50.250
2510203133,2026-10-04 19:30:00,235.170,235.780,235.070,0.030,0.020,0.000,0.011,0.006,0.004,0.000,-0.002,0.000,-0.002,0.000,1.000,50.210
2510203134,2026-10-04 19:30:00,239.880,238.740,238.980,0.020,0.010,0.010,0.007,0.004,0.001,0.001,-0.001,0.000,-0.001,0.000,0.978,50.230
2510224049,2026-10-04 19:30:00,234.870,233.680,234.770,19.990,20.000,12.180,11.290,4.030,4.530,2.720,-1.940,-0.790,-0.530,-0.620,0.985,50.190
2510224167,2026-10-04 19:30:00,234.870,234.960,233.900,10.100,11.550,11.790,7.400,2.250,2.550,2.590,-2.310,-0.660,-0.820,-0.820,0.954,50.210
2510317505,2026-10-04 19:30:00,234.560,234.850,233.600,24.890,9.440,9.580,9.800,5.690,2.110,2.000,-2.170,-0.710,-0.610,-0.830,0.976,50.200
2510317516,2026-10-04 19:30:00,235.000,235.160,234.020,0.000,0.000,0.000,0.000,0.000,0.000,0.000,0.000,0.000,0.000,0.000,1.000,50.210
2510317537,2026-10-04 19:30:00,238.480,238.490,239.180,2.400,2.360,2.280,1.690,0.560,0.590,0.530,-0.290,-0.090,-0.100,-0.080,0.985,50.210
2510389559,2026-10-04 19:30:00,236.440,235.980,237.110,0.000,0.000,0.000,0.000,0.000,0.000,0.000,0.000,0.000,0.000,0.000,1.000,50.220
2510389643,2026-10-04 19:30:00,236.370,235.730,236.830,17.890,21.460,20.370,13.420,3.690,4.970,4.750,-1.360,-0.200,-0.620,-0.530,0.994,50.200
2510389931,2026-10-04 19:30:00,235.670,234.880,235.910,17.670,10.010,23.870,12.050,4.130,2.320,5.580,-1.350,-0.430,-0.290,-0.620,0.993,50.190
2510633381,2026-10-04 19:30:00,239.720,238.620,238.970,0.050,0.070,0.010,0.030,0.010,0.016,0.003,-0.011,-0.004,-0.005,-0.001,0.933,50.240
2510633382,2026-10-04 19:30:00,235.760,236.850,236.570,0.140,0.140,0.180,0.098,0.026,0.030,0.040,-0.046,-0.015,-0.015,-0.015,0.907,50.230
2510633383,2026-10-04 19:30:00,235.260,235.230,235.960,0.110,0.080,0.090,0.023,0.006,0.008,0.008,-0.060,-0.024,-0.017,-0.018,0.364,50.240
2510633385,2026-10-04 19:30:00,236.660,236.190,237.240,0.470,0.410,0.350,0.286,0.109,0.095,0.082,-0.017,0.008,-0.014,-0.010,0.999,50.240
2510633386,2026-10-04 19:30:00,224.450,224.790,225.530,0.030,0.020,0.010,0.011,0.005,0.003,0.002,0.003,0.002,0.000,0.001,0.947,50.230
2510633387,2026-10-04 19:30:00,235.410,236.140,235.400,0.010,0.020,0.140,0.037,0.001,0.002,0.033,-0.001,0.000,0.003,-0.004,0.998,50.240
2510633390,2026-10-04 19:30:00,239.080,239.840,238.800,0.030,0.020,0.010,0.012,0.006,0.004,0.001,-0.005,-0.004,0.000,0.000,0.886,50.240
2510633391,2026-10-04 19:30:00,123.900,123.510,123.550,0.000,0.000,0.000,0.000,0.000,0.000,0.000,0.000,0.000,0.000,0.000,1.000,50.230
2510633395,2026-10-04 19:30:00,235.490,236.170,235.480,0.000,0.000,0.000,0.000,0.000,0.000,0.000,0.000,0.000,0.000,0.000,1.000,50.240
2510633396,2026-10-04 19:30:00,235.820,235.040,235.490,0.260,0.300,0.260,0.165,0.051,0.064,0.054,0.092,0.031,0.030,0.030,0.876,50.240
2510633397,2026-10-04 19:30:00,246.060,244.870,245.270,0.050,0.030,0.040,0.029,0.013,0.007,0.009,-0.005,-0.001,-0.001,-0.002,0.995,50.240
2510633399,2026-10-04 19:30:00,234.960,235.070,234.010,0.440,0.520,0.510,0.343,0.103,0.120,0.118,-0.008,-0.002,0.000,-0.004,1.000,50.230
2510633400,2026-10-04 19:30:00,234.950,233.750,234.700,0.140,0.130,0.140,0.094,0.031,0.030,0.033,0.022,0.008,0.007,0.005,0.971,50.230
2510633402,2026-10-04 19:30:00,236.420,236.300,237.800,0.080,0.080,0.100,0.059,0.017,0.018,0.023,0.019,0.005,0.006,0.007,0.940,50.240
2510633406,2026-10-04 19:30:00,234.930,235.010,233.870,0.170,0.200,0.200,0.124,0.037,0.043,0.043,-0.040,-0.011,-0.014,-0.014,0.950,50.200
2510633411,2026-10-04 19:30:00,233.340,234.190,234.440,0.420,0.380,0.410,0.263,0.091,0.084,0.087,0.096,0.029,0.029,0.037,0.938,50.230
2510814977,2026-10-04 19:30:00,236.190,237.340,236.190,0.010,0.010,0.010,0.004,0.002,0.000,0.002,-0.004,-0.001,-0.001,-0.001,0.777,50.190
2610026950,2026-10-04 19:30:00,233.930,234.850,235.030,0.010,0.000,0.010,0.006,0.002,0.000,0.003,-0.001,0.000,0.000,0.000,0.951,50.190
2610026952,2026-10-04 19:30:00,236.660,235.930,235.880,0.160,0.160,0.160,0.010,0.002,0.004,0.003,-0.109,-0.036,-0.036,-0.036,0.098,50.200
2610026953,2026-10-04 19:30:00,236.360,235.580,236.560,0.020,0.010,0.010,0.009,0.003,0.001,0.003,-0.002,0.000,0.000,0.000,1.000,50.210
2610026963,2026-10-04 19:30:00,235.710,235.590,236.390,0.170,0.110,0.100,0.075,0.035,0.022,0.018,-0.047,-0.019,-0.013,-0.013,0.851,50.250
2610026966,2026-10-04 19:30:00,228.890,229.190,228.370,0.000,0.000,0.000,0.000,0.000,0.000,0.000,0.000,0.000,0.000,0.000,1.000,50.250
2610026976,2026-10-04 19:30:00,235.330,234.980,235.980,0.290,1.310,0.900,0.576,0.067,0.296,0.212,-0.045,-0.013,-0.015,-0.016,0.997,50.250
2610026977,2026-10-04 19:30:00,239.390,239.320,238.510,0.220,0.710,0.870,0.425,0.050,0.169,0.206,0.020,0.017,0.001,0.000,0.999,50.230
2610126270,2026-10-04 19:30:00,235.130,233.840,234.910,0.020,0.050,0.010,0.016,0.003,0.010,0.002,-0.005,-0.001,-0.001,-0.001,0.965,50.190
2610126451,2026-10-04 19:30:00,235.710,236.270,235.500,0.010,0.000,0.050,0.013,0.001,0.001,0.011,0.000,0.000,0.000,0.001,0.983,50.220
2610159557,2026-10-04 19:30:00,239.520,238.450,238.730,0.020,0.010,0.010,0.006,0.003,0.001,0.002,-0.005,-0.003,0.000,-0.001,0.776,50.190
2610159558,2026-10-04 19:30:00,238.610,238.950,239.710,0.000,0.000,0.000,0.001,0.000,0.000,0.000,0.000,0.000,0.000,0.000,0.877,50.200
2610170785,2026-10-04 19:30:00,239.490,238.450,238.800,0.000,0.000,0.000,0.000,0.000,0.000,0.000,0.000,0.000,0.000,0.000,0.697,50.190
2610170786,2026-10-04 19:30:00,238.920,239.250,240.080,0.040,0.030,0.070,0.030,0.007,0.006,0.016,0.008,0.004,0.002,0.001,0.972,50.210
2610170836,2026-10-04 19:30:00,235.230,235.510,236.220,0.000,0.010,0.000,0.001,0.000,0.001,0.000,0.000,0.000,0.000,0.000,1.000,50.190
2610170837,2026-10-04 19:30:00,237.330,236.020,236.110,0.000,0.000,0.020,0.005,0.000,0.000,0.004,0.000,0.000,0.000,0.000,1.000,50.190
2610170838,2026-10-04 19:30:00,239.690,238.440,238.900,0.020,0.020,0.120,0.039,0.004,0.005,0.029,-0.002,0.000,0.000,-0.001,1.000,50.200
2610170839,2026-10-04 19:30:00,238.380,238.700,239.500,0.040,0.050,0.070,0.036,0.008,0.012,0.015,-0.001,-0.001,0.000,0.000,1.000,50.190
2610170840,2026-10-04 19:30:00,235.870,235.010,236.190,0.450,0.250,0.600,0.304,0.105,0.058,0.140,-0.035,-0.011,-0.007,-0.016,0.992,50.190
2610322967,2026-10-04 19:30:00,239.960,238.770,238.820,0.000,0.000,0.010,0.001,0.000,0.000,0.001,0.000,0.000,0.000,0.000,1.000,50.180
2610322969,2026-10-04 19:30:00,233.490,234.260,235.000,0.680,0.520,0.160,0.209,0.147,0.027,0.038,0.198,0.064,0.121,0.012,0.743,50.200
2610322982,2026-10-04 19:30:00,238.750,239.010,239.780,0.010,0.010,0.020,0.010,0.002,0.002,0.004,-0.006,-0.001,-0.002,-0.003,0.843,50.200
2610322992,2026-10-04 19:30:00,236.230,236.650,237.370,0.080,0.370,0.230,0.159,0.017,0.088,0.054,0.014,0.004,0.002,0.007,0.993,50.200
2610322995,2026-10-04 19:30:00,238.520,238.770,239.570,0.000,0.030,0.030,0.011,0.000,0.005,0.006,-0.008,0.000,-0.004,-0.003,0.774,50.190
2610322997,2026-10-04 19:30:00,236.120,237.150,236.010,0.480,0.510,0.470,0.349,0.117,0.124,0.107,0.026,-0.001,0.018,0.009,0.997,50.180
2610323001,2026-10-04 19:30:00,237.260,235.920,235.890,0.250,0.300,0.350,0.206,0.056,0.068,0.081,0.043,0.014,0.014,0.014,0.978,50.190
2610323004,2026-10-04 19:30:00,65.450,64.970,65.370,0.140,0.110,0.120,0.016,0.006,0.004,0.006,0.016,0.006,0.005,0.004,0.729,50.200
2610323005,2026-10-04 19:30:00,235.190,233.960,234.930,0.000,0.000,0.000,0.001,0.000,0.001,0.000,0.000,0.000,0.000,0.000,0.957,50.180
2610323010,2026-10-04 19:30:00,236.580,236.150,235.530,0.070,0.000,0.000,0.015,0.014,0.000,0.000,-0.009,-0.009,0.000,0.000,0.881,50.190
2610323014,2026-10-04 19:30:00,235.390,235.390,236.140,0.040,0.000,0.000,0.010,0.009,0.000,0.000,-0.002,-0.001,0.000,0.000,0.941,50.190
2610323016,2026-10-04 19:30:00,237.380,236.230,236.270,0.110,0.080,0.020,0.047,0.024,0.018,0.004,0.008,0.004,0.002,0.000,0.976,50.200
2610323017,2026-10-04 19:30:00,238.620,239.310,238.510,0.040,0.020,0.020,0.015,0.008,0.003,0.003,-0.010,-0.004,-0.003,-0.002,0.818,50.220
2610323019,2026-10-04 19:30:00,234.890,233.930,234.920,0.060,0.060,0.030,0.031,0.012,0.013,0.005,-0.010,-0.003,-0.004,-0.002,0.961,50.200
2610323027,2026-10-04 19:30:00,239.800,238.600,238.980,0.020,0.030,0.020,0.014,0.004,0.005,0.003,-0.010,-0.003,-0.003,-0.003,0.803,50.210
2510633393,2026-10-04 19:59:00,235.330,236.410,235.900,1.130,1.150,1.130,0.770,0.253,0.263,0.254,0.156,0.053,0.045,0.057,0.979,50.040
2246006313,2026-10-04 20:00:00,58.600,58.600,58.600,0.356,0.371,0.337,0.059,0.020,0.020,0.018,0.000,0.000,0.000,0.000,0.952,50.050
2410121326,2026-10-04 20:00:00,236.270,235.490,235.680,0.100,0.090,0.080,0.059,0.022,0.019,0.016,0.017,0.004,0.004,0.008,0.955,50.090
2410121353,2026-10-04 20:00:00,235.900,235.130,235.320,0.000,0.010,0.040,0.011,0.000,0.002,0.008,-0.001,0.000,0.000,0.000,1.000,50.010
2410121371,2026-10-04 20:00:00,236.200,235.280,235.480,0.030,0.010,0.060,0.021,0.007,0.000,0.013,-0.003,0.000,-0.001,-0.001,0.981,50.040
2410121424,2026-10-04 20:00:00,235.770,235.040,235.160,0.010,0.010,0.010,0.004,0.000,0.001,0.002,-0.003,-0.001,-0.001,0.000,0.773,49.950
2410121440,2026-10-04 20:00:00,236.000,235.260,235.400,0.010,0.010,0.010,0.005,0.002,0.000,0.001,-0.003,-0.001,-0.001,0.000,0.825,50.040
2410121457,2026-10-04 20:00:00,235.810,235.020,235.330,0.200,0.150,0.100,0.104,0.047,0.033,0.023,0.013,0.006,0.006,0.000,0.988,50.060
2410121574,2026-10-04 20:00:00,235.960,234.950,235.100,0.210,0.180,0.150,0.120,0.047,0.039,0.033,-0.037,-0.010,-0.014,-0.011,0.954,49.970
2410131378,2026-10-04 20:00:00,235.240,235.870,235.200,0.010,0.010,0.030,0.010,0.001,0.001,0.006,-0.003,-0.001,-0.001,0.000,0.925,49.990
2410131383,2026-10-04 20:00:00,237.340,236.730,236.380,0.040,0.040,0.060,0.032,0.009,0.008,0.014,-0.005,0.000,-0.001,-0.003,1.000,50.100
2410131384,2026-10-04 20:00:00,239.890,240.620,239.680,0.050,0.150,0.130,0.070,0.011,0.038,0.030,0.017,0.003,0.006,0.006,0.985,50.110
2410131387,2026-10-04 20:00:00,236.010,237.080,236.740,0.090,0.090,0.080,0.060,0.020,0.020,0.019,-0.007,-0.002,-0.002,-0.002,0.998,50.020
2410320615,2026-10-04 20:00:00,236.310,237.220,237.340,0.190,0.180,0.160,0.122,0.043,0.041,0.037,0.030,0.011,0.008,0.010,0.972,50.100
2410883988,2026-10-04 20:00:00,233.930,234.210,233.760,0.020,0.000,0.080,0.023,0.004,0.000,0.019,-0.002,0.000,0.000,-0.001,0.990,50.110
2410883990,2026-10-04 20:00:00,233.950,233.400,233.650,0.020,0.000,0.110,0.029,0.004,0.000,0.025,0.004,0.001,0.000,0.002,0.996,50.100
2410883991,2026-10-04 20:00:00,239.460,239.720,240.520,0.120,0.090,0.160,0.086,0.027,0.021,0.037,0.020,0.005,0.007,0.007,0.969,50.100
2410883993,2026-10-04 20:00:00,239.850,239.020,239.240,1.220,1.120,1.080,0.807,0.288,0.265,0.253,-0.070,-0.018,-0.033,-0.018,0.996,50.100
2410883994,2026-10-04 20:00:00,240.430,239.370,239.790,0.020,0.050,0.030,0.023,0.004,0.011,0.006,-0.004,-0.002,-0.001,-0.001,0.964,50.060
2410932742,2026-10-04 20:00:00,232.230,230.890,230.850,2.180,2.120,2.250,1.336,0.448,0.428,0.457,0.523,0.174,0.169,0.179,0.929,50.060
2411087433,2026-10-04 20:00:00,239.780,240.020,240.720,0.070,0.040,0.050,0.039,0.016,0.009,0.012,-0.013,-0.005,-0.004,-0.003,0.957,50.110
2411290205,2026-10-04 20:00:00,236.640,236.060,236.920,0.130,0.090,0.120,0.080,0.031,0.021,0.027,0.002,0.001,0.000,0.000,0.999,50.100
2510014481,2026-10-04 20:00:00,230.240,230.280,231.430,2.290,2.190,2.230,1.286,0.445,0.408,0.432,0.680,0.230,0.236,0.229,0.893,50.090
2510014482,2026-10-04 20:00:00,236.050,236.520,235.820,0.010,0.080,0.000,0.020,0.002,0.017,0.000,-0.003,-0.001,-0.001,0.000,1.000,50.110
2510014483,2026-10-04 20:00:00,239.530,239.770,240.490,0.050,0.040,0.060,0.029,0.011,0.007,0.010,-0.022,-0.006,-0.006,-0.009,0.789,50.110
2510014484,2026-10-04 20:00:00,236.750,236.110,237.210,0.090,0.070,0.090,0.057,0.020,0.015,0.020,-0.005,-0.001,-0.001,-0.001,0.991,50.110
2510178139,2026-10-04 20:00:00,235.870,236.410,235.600,0.060,0.070,0.040,0.040,0.013,0.016,0.010,0.004,0.002,0.002,0.000,0.989,50.100
2510178141,2026-10-04 20:00:00,235.930,235.960,236.570,0.020,0.010,0.020,0.005,0.002,0.000,0.002,-0.009,-0.004,-0.001,-0.003,0.466,50.110
2510203103,2026-10-04 20:00:00,228.510,227.130,227.170,0.120,0.150,0.110,0.087,0.026,0.034,0.026,-0.015,-0.005,-0.004,-0.005,0.989,50.100
2510203104,2026-10-04 20:00:00,233.740,233.880,234.530,0.240,0.180,0.200,0.144,0.056,0.040,0.047,0.008,-0.004,0.006,0.006,1.000,50.110
2510203105,2026-10-04 20:00:00,233.880,232.540,232.770,0.020,0.110,0.020,0.031,0.003,0.024,0.004,0.005,0.000,0.005,0.000,0.994,50.100
2510203106,2026-10-04 20:00:00,236.750,236.120,237.180,0.040,0.010,0.000,0.012,0.008,0.003,0.000,-0.005,-0.004,0.000,0.000,0.954,50.110
2510203107,2026-10-04 20:00:00,224.820,224.340,225.230,0.340,0.390,0.290,0.203,0.067,0.080,0.055,0.100,0.033,0.033,0.033,0.895,50.110
2510203108,2026-10-04 20:00:00,235.340,235.730,235.160,0.830,1.660,1.210,0.858,0.188,0.393,0.276,0.014,0.009,0.004,0.000,0.999,50.090
2510203109,2026-10-04 20:00:00,239.550,240.180,239.200,0.020,0.040,0.090,0.032,0.003,0.009,0.020,0.005,0.002,0.001,0.001,0.994,50.110
2510203111,2026-10-04 20:00:00,235.550,235.680,236.350,0.020,0.020,0.000,0.007,0.004,0.003,0.000,-0.001,-0.001,0.000,0.000,0.974,50.100
2510203113,2026-10-04 20:00:00,237.310,236.920,236.480,0.200,0.300,0.340,0.190,0.044,0.067,0.078,-0.047,-0.010,-0.018,-0.017,0.972,50.120
2510203114,2026-10-04 20:00:00,233.330,233.650,234.200,0.110,0.050,0.020,0.036,0.025,0.010,0.001,-0.017,-0.005,-0.007,-0.004,0.906,50.100
2510203117,2026-10-04 20:00:00,233.980,233.490,233.620,0.320,0.430,0.260,0.234,0.074,0.097,0.063,-0.041,-0.012,-0.017,-0.011,0.981,50.070
2510203120,2026-10-04 20:00:00,239.720,238.810,239.070,1.150,0.900,0.950,0.642,0.248,0.191,0.202,0.235,0.091,0.071,0.073,0.940,50.080
2510203121,2026-10-04 20:00:00,233.530,233.680,234.000,0.450,0.290,0.420,0.270,0.106,0.067,0.097,-0.008,0.000,-0.002,-0.005,0.999,50.110
2510203123,2026-10-04 20:00:00,235.780,235.830,236.530,0.010,0.010,0.000,0.005,0.002,0.002,0.000,-0.003,-0.001,0.000,0.000,0.833,50.100
2510203124,2026-10-04 20:00:00,235.360,235.640,234.890,0.130,0.140,0.150,0.087,0.027,0.027,0.032,0.045,0.014,0.015,0.015,0.882,50.100
2510203125,2026-10-04 20:00:00,236.350,237.270,236.830,0.050,0.040,0.100,0.045,0.012,0.009,0.023,0.012,0.002,0.004,0.004,0.961,50.110
2510203126,2026-10-04 20:00:00,233.730,233.840,234.230,0.080,0.020,0.000,0.023,0.019,0.004,0.000,-0.002,-0.002,0.000,0.000,0.984,50.100
2510203127,2026-10-04 20:00:00,235.630,236.260,235.540,0.230,0.300,0.210,0.149,0.045,0.061,0.042,0.093,0.031,0.035,0.026,0.847,50.090
2510203128,2026-10-04 20:00:00,239.080,239.480,237.910,2.010,1.950,2.050,1.395,0.471,0.451,0.473,0.144,0.028,0.045,0.070,0.994,50.100
2510203130,2026-10-04 20:00:00,244.960,244.800,246.140,0.000,0.010,0.050,0.016,0.000,0.003,0.013,-0.001,0.000,0.000,0.000,0.979,50.100
2510203133,2026-10-04 20:00:00,235.940,236.550,235.800,0.020,0.020,0.000,0.009,0.004,0.004,0.000,-0.002,0.000,-0.002,0.000,0.981,50.110
2510203134,2026-10-04 20:00:00,240.850,239.750,239.950,0.020,0.010,0.010,0.007,0.004,0.002,0.001,-0.001,0.000,-0.001,0.000,0.981,50.060
2510224049,2026-10-04 20:00:00,233.590,233.950,233.510,20.010,19.920,12.240,11.250,4.020,4.510,2.710,-1.930,-0.770,-0.530,-0.620,0.985,50.080
2510224167,2026-10-04 20:00:00,233.480,233.480,233.910,10.380,11.580,11.760,7.450,2.300,2.550,2.590,-2.310,-0.670,-0.810,-0.820,0.955,50.110
2510317505,2026-10-04 20:00:00,233.220,233.500,233.810,25.770,9.460,9.580,9.950,5.850,2.110,1.990,-2.180,-0.740,-0.600,-0.840,0.976,50.110
2510317516,2026-10-04 20:00:00,233.650,233.690,234.060,0.000,0.000,0.000,0.000,0.000,0.000,0.000,0.000,0.000,0.000,0.000,1.000,50.120
2510317537,2026-10-04 20:00:00,239.380,239.340,239.980,2.390,2.450,2.430,1.720,0.560,0.610,0.580,-0.300,-0.090,-0.110,-0.100,0.984,50.120
2510389559,2026-10-04 20:00:00,237.280,236.680,237.760,0.000,0.000,0.000,0.000,0.000,0.000,0.000,0.000,0.000,0.000,0.000,1.000,50.110
2510389643,2026-10-04 20:00:00,237.110,236.440,237.480,17.590,21.450,20.380,13.370,3.620,4.980,4.760,-1.390,-0.220,-0.630,-0.530,0.994,50.100
2510389931,2026-10-04 20:00:00,235.270,234.570,235.570,17.750,10.040,24.010,12.090,4.140,2.330,5.610,-1.340,-0.430,-0.290,-0.620,0.993,50.080
2510633381,2026-10-04 20:00:00,240.150,239.150,239.420,0.050,0.070,0.020,0.031,0.011,0.016,0.003,-0.010,-0.004,-0.004,0.000,0.947,50.090
2510633382,2026-10-04 20:00:00,236.070,237.120,236.630,0.140,0.150,0.180,0.105,0.028,0.035,0.041,-0.028,-0.009,-0.008,-0.010,0.969,50.040
2510633383,2026-10-04 20:00:00,235.000,235.240,235.890,0.110,0.080,0.090,0.018,0.005,0.002,0.009,-0.062,-0.024,-0.019,-0.018,0.277,50.100
2510633385,2026-10-04 20:00:00,237.250,236.700,237.800,0.300,0.410,0.350,0.247,0.069,0.095,0.082,-0.030,-0.004,-0.014,-0.011,0.991,50.060
2510633386,2026-10-04 20:00:00,224.800,225.110,225.800,0.030,0.020,0.010,0.012,0.006,0.003,0.002,0.004,0.002,0.000,0.001,0.968,50.040
2510633387,2026-10-04 20:00:00,235.320,235.910,235.180,0.010,0.000,0.140,0.036,0.002,0.000,0.033,-0.004,0.000,0.000,-0.004,0.999,50.050
2510633391,2026-10-04 20:00:00,123.920,123.500,123.570,0.000,0.000,0.000,0.000,0.000,0.000,0.000,0.000,0.000,0.000,0.000,1.000,50.080
2510633395,2026-10-04 20:00:00,235.560,236.150,235.470,0.000,0.000,0.000,0.000,0.000,0.000,0.000,0.000,0.000,0.000,0.000,1.000,50.100
2510633396,2026-10-04 20:00:00,235.460,234.780,235.270,0.270,0.310,0.270,0.170,0.052,0.064,0.053,0.094,0.032,0.031,0.031,0.879,50.100
2510633397,2026-10-04 20:00:00,246.400,245.290,245.670,0.060,0.100,0.040,0.045,0.013,0.023,0.009,-0.007,0.000,-0.003,-0.002,0.979,50.070
2510633399,2026-10-04 20:00:00,233.500,233.580,234.000,0.370,0.390,0.400,0.272,0.088,0.091,0.092,0.006,0.002,0.002,0.001,0.999,50.090
2510633400,2026-10-04 20:00:00,233.450,233.850,233.280,0.130,0.130,0.140,0.091,0.029,0.030,0.031,0.020,0.006,0.007,0.006,0.980,50.080
2510633402,2026-10-04 20:00:00,232.230,232.240,233.410,0.080,0.090,0.100,0.059,0.017,0.018,0.023,0.019,0.005,0.006,0.007,0.955,50.040
2510633406,2026-10-04 20:00:00,233.690,233.740,234.170,0.170,0.200,0.200,0.125,0.038,0.043,0.043,-0.040,-0.011,-0.014,-0.014,0.955,50.110
2510633411,2026-10-04 20:00:00,233.580,233.020,233.210,0.350,0.320,0.340,0.217,0.076,0.068,0.072,0.090,0.028,0.029,0.031,0.923,50.090
2510814977,2026-10-04 20:00:00,232.780,233.890,232.790,0.020,0.010,0.010,0.005,0.003,0.000,0.001,-0.002,0.000,-0.001,-0.001,0.993,50.110
2610026950,2026-10-04 20:00:00,234.320,233.680,233.890,0.010,0.000,0.010,0.005,0.001,0.000,0.003,0.000,0.000,0.000,0.000,0.940,50.100
2610026952,2026-10-04 20:00:00,236.890,236.240,236.190,0.160,0.160,0.160,0.011,0.003,0.004,0.003,-0.109,-0.036,-0.036,-0.036,0.102,50.100
2610026953,2026-10-04 20:00:00,236.910,236.200,237.150,0.020,0.010,0.010,0.009,0.004,0.002,0.003,-0.002,0.000,0.000,0.000,0.965,50.110
2610026966,2026-10-04 20:00:00,228.290,228.640,227.870,0.000,0.000,0.000,0.000,0.000,0.000,0.000,0.000,0.000,0.000,0.000,1.000,50.100
2610026976,2026-10-04 20:00:00,235.000,234.700,235.780,0.280,1.280,0.720,0.528,0.064,0.294,0.169,-0.041,-0.012,-0.011,-0.017,0.997,50.100
2610026977,2026-10-04 20:00:00,238.430,238.460,237.520,0.110,0.540,0.780,0.335,0.025,0.127,0.182,-0.046,-0.004,-0.019,-0.022,0.990,50.090
2610126270,2026-10-04 20:00:00,233.780,234.040,233.650,0.010,0.050,0.010,0.016,0.002,0.011,0.002,-0.005,-0.001,-0.002,-0.001,0.931,50.070
2610126451,2026-10-04 20:00:00,235.990,236.560,235.780,0.010,0.000,0.080,0.024,0.001,0.001,0.021,0.000,0.000,0.000,0.000,1.000,50.100
2610159557,2026-10-04 20:00:00,240.310,239.350,239.540,0.020,0.010,0.010,0.006,0.003,0.001,0.002,-0.005,-0.003,0.000,-0.001,0.751,50.110
2610159558,2026-10-04 20:00:00,239.290,239.560,240.320,0.000,0.000,0.010,0.003,0.000,0.000,0.001,0.000,0.000,0.000,0.000,1.000,50.100
2610170785,2026-10-04 20:00:00,240.420,239.330,239.620,0.010,0.000,0.000,0.002,0.002,0.000,0.000,0.000,0.000,0.000,0.000,1.000,50.110
2610170786,2026-10-04 20:00:00,239.660,239.940,240.720,0.040,0.030,0.070,0.029,0.007,0.005,0.015,0.008,0.004,0.002,0.001,0.953,50.110
2610170836,2026-10-04 20:00:00,235.900,236.170,236.800,0.000,0.010,0.000,0.001,0.000,0.001,0.000,0.000,0.000,0.000,0.000,1.000,50.110
2610170837,2026-10-04 20:00:00,234.020,232.740,232.880,0.000,0.000,0.020,0.005,0.000,0.000,0.004,0.000,0.000,0.000,0.000,1.000,50.100
2610170838,2026-10-04 20:00:00,240.450,239.310,239.710,0.020,0.020,0.120,0.038,0.004,0.005,0.028,-0.002,0.000,0.000,-0.001,0.998,50.120
2610170839,2026-10-04 20:00:00,239.270,239.520,240.270,0.040,0.050,0.080,0.038,0.008,0.012,0.018,0.000,-0.001,0.000,0.001,0.996,50.100
2610170840,2026-10-04 20:00:00,235.370,234.720,235.690,1.330,1.130,1.470,0.885,0.299,0.249,0.335,0.261,0.087,0.088,0.086,0.958,50.110
2610322967,2026-10-04 20:00:00,240.830,239.630,239.670,0.000,0.000,0.010,0.001,0.000,0.000,0.001,0.000,0.000,0.000,0.000,1.000,50.100
2610322969,2026-10-04 20:00:00,233.630,232.870,233.550,0.860,0.710,0.370,0.308,0.175,0.062,0.071,0.292,0.095,0.152,0.045,0.727,50.100
2610322982,2026-10-04 20:00:00,239.460,239.630,240.430,0.010,0.010,0.020,0.010,0.002,0.002,0.004,-0.006,-0.001,-0.002,-0.003,0.843,50.100
2610322995,2026-10-04 20:00:00,239.570,239.790,240.520,0.000,0.030,0.030,0.011,0.000,0.005,0.006,-0.009,0.000,-0.004,-0.003,0.773,50.110
2610322997,2026-10-04 20:00:00,233.030,234.030,232.850,0.470,0.500,0.450,0.325,0.108,0.115,0.101,0.007,-0.006,0.008,0.005,0.998,50.110
2610323001,2026-10-04 20:00:00,233.990,232.650,232.690,0.210,0.280,0.280,0.174,0.047,0.064,0.062,0.035,0.009,0.012,0.012,0.981,50.100
2610323004,2026-10-04 20:00:00,64.490,64.020,64.400,0.130,0.110,0.110,0.016,0.005,0.004,0.005,0.014,0.005,0.004,0.004,0.730,50.110
2610323005,2026-10-04 20:00:00,233.910,234.160,233.810,0.000,0.000,0.000,0.001,0.000,0.001,0.000,0.000,0.000,0.000,0.000,0.964,50.110
2610323010,2026-10-04 20:00:00,237.300,236.820,236.270,0.080,0.000,0.000,0.016,0.016,0.000,0.000,-0.009,-0.009,0.000,0.000,0.867,50.100
2610323014,2026-10-04 20:00:00,235.930,235.960,236.620,0.040,0.000,0.000,0.009,0.008,0.000,0.000,-0.002,-0.001,0.000,0.000,1.000,50.100
2610323016,2026-10-04 20:00:00,234.040,232.880,232.890,0.100,0.080,0.020,0.046,0.023,0.018,0.004,0.007,0.004,0.002,0.000,0.989,50.100
2610323017,2026-10-04 20:00:00,239.510,240.200,239.370,0.040,0.020,0.020,0.015,0.008,0.003,0.003,-0.010,-0.004,-0.003,-0.002,0.817,50.110
2610323019,2026-10-04 20:00:00,233.500,234.140,233.580,0.060,0.020,0.030,0.023,0.012,0.005,0.005,-0.008,-0.003,-0.001,-0.003,0.950,50.100
2610323027,2026-10-04 20:00:00,240.540,239.430,239.770,0.020,0.030,0.020,0.014,0.004,0.005,0.003,-0.010,-0.003,-0.004,-0.003,0.807,50.110
2410121454,2026-10-04 20:01:00,235.430,236.180,235.380,0.140,0.220,0.190,0.089,0.018,0.039,0.032,0.016,0.007,0.005,0.003,0.955,50.120
2411087432,2026-10-04 20:01:00,235.130,235.740,235.000,0.040,0.030,0.080,0.035,0.008,0.008,0.019,0.001,0.001,0.000,0.000,0.999,49.990
2510203122,2026-10-04 20:01:00,235.330,235.960,235.180,0.050,0.090,0.010,0.033,0.011,0.020,0.001,-0.004,0.003,-0.006,-0.001,1.000,50.060
2610026963,2026-10-04 20:01:00,235.230,235.130,235.910,0.180,0.100,0.090,0.080,0.038,0.022,0.018,-0.036,-0.016,-0.009,-0.010,0.914,49.960
2610322992,2026-10-04 20:01:00,231.870,232.360,233.000,0.070,0.350,0.230,0.150,0.016,0.081,0.052,0.012,0.003,0.000,0.007,0.999,49.980
2510633390,2026-10-04 20:02:00,239.500,240.220,239.190,0.030,0.020,0.010,0.012,0.006,0.004,0.001,-0.005,-0.004,0.000,0.000,0.936,50.110
2510633393,2026-10-04 20:29:00,234.690,235.670,235.140,1.130,1.160,1.140,0.764,0.251,0.260,0.252,0.176,0.060,0.050,0.064,0.974,50.160
2246006313,2026-10-04 20:30:00,58.200,58.200,58.100,0.356,0.363,0.331,0.058,0.020,0.020,0.018,0.000,0.000,0.000,0.000,0.955,49.990
2410121326,2026-10-04 20:30:00,234.810,234.100,234.080,0.080,0.080,0.090,0.055,0.019,0.019,0.017,0.020,0.006,0.003,0.010,0.940,50.120
2410121353,2026-10-04 20:30:00,234.860,234.120,234.180,0.000,0.010,0.040,0.011,0.000,0.002,0.008,-0.002,0.000,0.000,0.000,0.968,50.090
2410121371,2026-10-04 20:30:00,235.040,234.140,234.150,0.010,0.010,0.060,0.015,0.001,0.000,0.013,-0.003,0.000,-0.001,-0.001,0.955,50.150
2410121424,2026-10-04 20:30:00,234.860,234.110,234.170,0.010,0.010,0.010,0.004,0.000,0.001,0.002,-0.003,-0.001,-0.001,0.000,0.770,50.100
2410121440,2026-10-04 20:30:00,234.890,234.180,234.150,0.010,0.010,0.010,0.004,0.002,0.000,0.001,-0.003,-0.001,-0.001,0.000,0.813,50.170
2410121457,2026-10-04 20:30:00,234.940,234.120,234.320,0.200,0.220,0.100,0.119,0.046,0.049,0.023,0.017,0.005,0.011,0.000,0.987,50.130
2410121574,2026-10-04 20:30:00,235.040,234.080,234.070,0.180,0.130,0.120,0.091,0.040,0.025,0.025,-0.040,-0.011,-0.016,-0.011,0.914,50.090
2410131384,2026-10-04 20:30:00,238.850,239.500,238.680,0.050,0.150,0.140,0.079,0.010,0.034,0.033,0.013,0.002,0.004,0.007,0.979,50.070
2410131387,2026-10-04 20:30:00,235.290,236.170,235.920,0.030,0.040,0.030,0.022,0.007,0.008,0.006,-0.009,-0.002,-0.003,-0.003,0.939,50.070
2410320615,2026-10-04 20:30:00,235.490,236.320,236.440,0.190,0.180,0.150,0.118,0.043,0.040,0.035,0.021,0.007,0.006,0.007,0.985,50.060
2410883988,2026-10-04 20:30:00,232.350,232.650,232.200,0.020,0.000,0.120,0.031,0.004,0.000,0.026,-0.002,0.000,0.000,-0.001,0.984,50.080
2410883990,2026-10-04 20:30:00,232.460,231.890,232.100,0.020,0.000,0.170,0.044,0.004,0.000,0.040,0.003,0.001,0.000,0.001,0.985,50.080
2410883991,2026-10-04 20:30:00,237.900,238.110,238.890,0.140,0.140,0.170,0.103,0.033,0.031,0.039,0.022,0.005,0.008,0.008,0.978,49.900
2410883993,2026-10-04 20:30:00,238.990,238.200,238.390,1.220,1.120,1.080,0.806,0.289,0.264,0.252,-0.071,-0.022,-0.033,-0.015,0.995,50.090
2410883994,2026-10-04 20:30:00,239.050,238.100,238.440,0.020,0.050,0.030,0.023,0.004,0.011,0.006,-0.004,-0.001,-0.001,-0.001,1.000,49.930
2410932742,2026-10-04 20:30:00,230.140,228.580,228.680,2.200,2.120,2.260,1.334,0.448,0.426,0.460,0.507,0.172,0.162,0.171,0.934,50.000
2411087432,2026-10-04 20:30:00,233.980,234.760,234.070,0.050,0.030,0.080,0.033,0.010,0.005,0.017,-0.003,0.003,-0.004,-0.003,0.999,50.080
2411087433,2026-10-04 20:30:00,238.870,239.090,239.830,0.090,0.050,0.050,0.040,0.020,0.009,0.010,-0.013,-0.004,-0.004,-0.003,0.951,50.090
2411290205,2026-10-04 20:30:00,235.800,235.200,236.130,0.140,0.170,0.100,0.094,0.032,0.038,0.024,0.008,0.001,0.007,0.000,0.997,49.900
2510014481,2026-10-04 20:30:00,229.220,229.280,230.270,1.790,1.730,1.940,1.054,0.393,0.362,0.443,0.544,0.177,0.185,0.181,0.915,50.090
2510014482,2026-10-04 20:30:00,234.090,234.720,234.050,0.010,0.070,0.000,0.017,0.002,0.015,0.000,-0.007,-0.002,-0.005,0.000,0.896,50.080
2510014483,2026-10-04 20:30:00,238.460,238.620,239.310,0.050,0.040,0.060,0.023,0.008,0.005,0.009,-0.021,-0.007,-0.006,-0.008,0.758,50.080
2510014484,2026-10-04 20:30:00,235.900,235.380,236.450,0.090,0.060,0.090,0.058,0.022,0.014,0.023,-0.004,-0.001,-0.002,-0.001,0.992,50.080
2510178139,2026-10-04 20:30:00,234.490,235.240,234.470,0.060,0.060,0.040,0.037,0.013,0.013,0.010,0.004,0.002,0.002,-0.001,1.000,50.110
2510178141,2026-10-04 20:30:00,234.210,234.050,234.780,0.020,0.010,0.020,0.006,0.002,0.000,0.003,-0.009,-0.004,-0.001,-0.003,0.581,50.070
2510203103,2026-10-04 20:30:00,226.570,224.960,225.190,0.160,0.190,0.140,0.108,0.035,0.041,0.030,-0.016,-0.006,-0.004,-0.005,0.984,50.060
2510203104,2026-10-04 20:30:00,232.680,232.730,233.420,0.260,0.210,0.200,0.151,0.059,0.047,0.044,0.008,-0.006,0.006,0.008,0.995,50.080
2510203105,2026-10-04 20:30:00,232.280,230.670,230.970,0.020,0.030,0.020,0.013,0.003,0.006,0.004,0.000,0.000,0.000,0.000,0.979,50.100
2510203106,2026-10-04 20:30:00,235.970,235.390,236.400,0.040,0.010,0.000,0.011,0.008,0.003,0.000,-0.005,-0.004,0.000,0.000,0.919,50.090
2510203107,2026-10-04 20:30:00,224.560,224.130,225.000,0.180,0.220,0.130,0.119,0.040,0.049,0.035,0.005,0.000,0.002,0.002,0.999,50.090
2510203108,2026-10-04 20:30:00,233.830,234.270,233.680,0.740,1.400,1.220,0.753,0.165,0.315,0.273,0.047,0.015,0.017,0.014,0.999,50.030
2510203109,2026-10-04 20:30:00,238.640,239.300,238.350,0.020,0.040,0.090,0.035,0.005,0.009,0.020,0.005,0.002,0.001,0.001,0.984,50.100
2510203111,2026-10-04 20:30:00,234.340,234.340,235.070,0.020,0.020,0.000,0.007,0.004,0.003,0.000,-0.001,-0.001,0.000,0.000,0.967,50.070
2510203113,2026-10-04 20:30:00,236.360,235.910,235.580,0.200,0.300,0.330,0.188,0.046,0.067,0.074,-0.043,-0.007,-0.019,-0.016,0.977,50.080
2510203114,2026-10-04 20:30:00,232.600,232.790,233.410,0.110,0.050,0.020,0.035,0.024,0.010,0.001,-0.018,-0.006,-0.007,-0.004,0.888,50.110
2510203117,2026-10-04 20:30:00,232.320,231.860,231.970,0.340,0.430,0.260,0.233,0.078,0.097,0.057,-0.041,-0.010,-0.017,-0.013,0.984,50.020
2510203120,2026-10-04 20:30:00,238.450,237.540,237.810,0.890,0.680,0.700,0.495,0.195,0.147,0.152,0.197,0.076,0.060,0.060,0.929,50.030
2510203121,2026-10-04 20:30:00,232.040,232.180,232.510,0.450,0.280,0.400,0.264,0.104,0.065,0.095,-0.009,0.000,-0.002,-0.005,1.000,50.100
2510203122,2026-10-04 20:30:00,233.990,234.760,234.050,0.080,0.020,0.010,0.016,0.012,0.003,0.000,0.011,0.014,-0.001,0.000,0.835,50.080
2510203123,2026-10-04 20:30:00,234.320,234.270,235.040,0.010,0.010,0.000,0.005,0.002,0.002,0.000,-0.003,-0.001,-0.001,0.000,0.826,50.080
2510203124,2026-10-04 20:30:00,234.330,234.750,234.010,0.140,0.130,0.150,0.086,0.028,0.027,0.032,0.046,0.015,0.015,0.015,0.887,50.120
2510203125,2026-10-04 20:30:00,235.710,236.590,236.140,0.020,0.010,0.070,0.023,0.003,0.002,0.016,-0.006,-0.003,-0.001,-0.001,0.973,50.090
2510203126,2026-10-04 20:30:00,232.390,232.370,232.780,0.090,0.020,0.000,0.024,0.020,0.004,0.000,-0.003,-0.002,0.000,0.000,0.996,50.120
2510203127,2026-10-04 20:30:00,234.190,234.960,234.370,0.230,0.330,0.210,0.153,0.044,0.065,0.042,0.099,0.030,0.042,0.026,0.841,50.120
2510203128,2026-10-04 20:30:00,237.920,238.280,236.690,2.090,2.030,2.160,1.454,0.487,0.470,0.496,0.159,0.032,0.050,0.076,0.993,50.050
2510203130,2026-10-04 20:30:00,242.980,243.030,244.480,0.000,0.010,0.110,0.029,0.000,0.003,0.026,-0.001,0.000,0.000,-0.001,0.996,50.120
2510203133,2026-10-04 20:30:00,233.450,234.180,233.550,0.030,0.020,0.000,0.011,0.006,0.004,0.000,-0.002,0.000,-0.002,0.000,1.000,50.020
2510203134,2026-10-04 20:30:00,239.440,238.440,238.570,0.020,0.010,0.010,0.007,0.004,0.002,0.001,-0.001,0.000,-0.001,0.000,0.974,49.990
2510224049,2026-10-04 20:30:00,232.010,232.350,231.980,20.200,20.040,12.310,11.280,4.030,4.520,2.720,-1.930,-0.770,-0.540,-0.610,0.985,50.080
2510224167,2026-10-04 20:30:00,231.860,231.900,232.330,10.190,11.660,11.850,7.400,2.240,2.550,2.590,-2.270,-0.650,-0.800,-0.810,0.956,50.070
2510317505,2026-10-04 20:30:00,231.900,232.130,232.400,25.850,9.520,9.610,9.940,5.830,2.110,1.990,-2.160,-0.730,-0.590,-0.830,0.977,50.080
2510317516,2026-10-04 20:30:00,232.000,232.090,232.450,0.000,0.000,0.000,0.000,0.000,0.000,0.000,0.000,0.000,0.000,0.000,1.000,50.080
2510317537,2026-10-04 20:30:00,238.160,238.150,238.810,2.600,2.590,2.700,1.710,0.550,0.570,0.580,-0.290,-0.080,-0.100,-0.100,0.982,50.080
2510389559,2026-10-04 20:30:00,236.380,235.750,236.790,0.000,0.000,0.000,0.000,0.000,0.000,0.000,0.000,0.000,0.000,0.000,1.000,50.080
2510389931,2026-10-04 20:30:00,235.710,235.060,236.020,17.720,10.020,23.940,12.080,4.140,2.330,5.610,-1.350,-0.430,-0.290,-0.620,0.993,50.090
2510633381,2026-10-04 20:30:00,239.300,238.360,238.570,0.050,0.070,0.020,0.031,0.011,0.016,0.003,-0.009,-0.004,-0.004,0.000,0.958,50.130
2510633382,2026-10-04 20:30:00,235.640,236.560,236.220,0.130,0.150,0.180,0.094,0.025,0.031,0.037,-0.047,-0.015,-0.015,-0.016,0.891,50.170
2510633383,2026-10-04 20:30:00,234.220,234.100,234.890,0.110,0.080,0.090,0.024,0.006,0.007,0.009,-0.060,-0.023,-0.017,-0.019,0.377,50.130
2510633385,2026-10-04 20:30:00,236.620,235.990,236.980,0.280,0.610,0.510,0.326,0.065,0.141,0.120,-0.030,-0.006,-0.014,-0.010,0.995,50.140
2510633386,2026-10-04 20:30:00,224.290,224.540,225.270,0.030,0.020,0.010,0.011,0.005,0.003,0.002,0.003,0.002,0.000,0.001,0.964,50.160
2510633387,2026-10-04 20:30:00,234.180,235.000,234.350,0.010,0.000,0.140,0.035,0.001,0.000,0.033,-0.004,0.000,0.000,-0.004,0.993,50.140
2510633390,2026-10-04 20:30:00,238.950,239.650,238.660,0.030,0.010,0.010,0.010,0.006,0.003,0.001,-0.005,-0.003,0.000,0.000,0.908,50.120
2510633391,2026-10-04 20:30:00,123.230,122.860,122.840,0.000,0.000,0.000,0.000,0.000,0.000,0.000,0.000,0.000,0.000,0.000,1.000,50.100
2510633395,2026-10-04 20:30:00,234.250,235.000,234.280,0.000,0.000,0.000,0.000,0.000,0.000,0.000,0.000,0.000,0.000,0.000,1.000,50.120
2510633396,2026-10-04 20:30:00,234.620,233.920,234.230,0.270,0.300,0.260,0.166,0.052,0.062,0.052,0.091,0.031,0.030,0.029,0.876,50.120
2510633397,2026-10-04 20:30:00,245.720,244.620,244.950,0.040,0.090,0.040,0.041,0.010,0.022,0.009,-0.007,-0.001,-0.003,-0.002,0.989,50.100
2510633399,2026-10-04 20:30:00,232.190,232.200,232.600,0.320,0.370,0.420,0.255,0.075,0.083,0.095,0.007,0.002,0.002,0.001,0.999,50.130
2510633400,2026-10-04 20:30:00,231.900,232.280,231.790,0.120,0.130,0.130,0.085,0.027,0.028,0.029,0.019,0.006,0.006,0.006,0.973,50.100
2510633402,2026-10-04 20:30:00,230.960,230.950,232.340,0.080,0.090,0.120,0.061,0.017,0.018,0.025,0.018,0.005,0.006,0.006,0.953,50.180
2510633406,2026-10-04 20:30:00,232.070,232.120,232.560,0.170,0.200,0.200,0.124,0.037,0.043,0.043,-0.039,-0.011,-0.014,-0.013,0.957,50.090
2510633411,2026-10-04 20:30:00,232.070,231.570,231.640,0.350,0.330,0.330,0.217,0.076,0.070,0.070,0.081,0.025,0.027,0.028,0.937,50.100
2510814977,2026-10-04 20:30:00,231.040,232.250,230.860,0.020,0.010,0.010,0.006,0.003,0.000,0.001,-0.002,0.000,-0.001,-0.001,0.863,50.090
2610026950,2026-10-04 20:30:00,232.650,232.030,232.200,0.010,0.000,0.010,0.005,0.002,0.001,0.002,0.000,0.000,0.000,0.000,0.919,50.090
2610026952,2026-10-04 20:30:00,235.550,234.930,234.750,0.150,0.160,0.160,0.011,0.003,0.004,0.003,-0.108,-0.036,-0.036,-0.036,0.102,50.090
2610026953,2026-10-04 20:30:00,236.210,235.540,236.410,0.020,0.010,0.010,0.009,0.003,0.002,0.003,-0.002,0.000,0.000,0.000,0.947,50.100
2610026963,2026-10-04 20:30:00,234.500,234.250,235.120,0.180,0.110,0.100,0.080,0.037,0.022,0.019,-0.042,-0.017,-0.012,-0.013,0.879,50.120
2610026966,2026-10-04 20:30:00,226.870,227.280,226.450,0.000,0.000,0.000,0.000,0.000,0.000,0.000,0.000,0.000,0.000,0.000,1.000,50.120
2610026976,2026-10-04 20:30:00,234.240,233.870,234.870,0.220,1.040,0.680,0.439,0.051,0.230,0.157,-0.045,-0.012,-0.014,-0.018,0.994,50.130
2610026977,2026-10-04 20:30:00,238.010,238.050,237.120,0.110,0.610,0.770,0.350,0.025,0.144,0.181,-0.047,-0.004,-0.020,-0.022,0.991,50.100
2610126270,2026-10-04 20:30:00,232.150,232.430,232.070,0.020,0.050,0.010,0.015,0.003,0.010,0.002,-0.005,-0.001,-0.001,-0.001,0.943,50.080
2610126451,2026-10-04 20:30:00,234.520,235.190,234.490,0.010,0.000,0.040,0.010,0.001,0.001,0.009,0.000,0.000,0.000,0.001,0.990,50.100
2610159557,2026-10-04 20:30:00,239.400,238.470,238.660,0.020,0.010,0.010,0.006,0.003,0.001,0.001,-0.005,-0.003,0.000,-0.001,0.821,50.100
2610159558,2026-10-04 20:30:00,238.380,238.640,239.370,0.000,0.000,0.010,0.002,0.000,0.000,0.001,0.000,0.000,0.000,0.000,0.921,50.090
2610170785,2026-10-04 20:30:00,239.270,238.330,238.630,0.010,0.000,0.000,0.001,0.001,0.000,0.000,0.000,0.000,0.000,0.000,0.995,50.080
2610170786,2026-10-04 20:30:00,238.580,238.810,239.580,0.030,0.030,0.070,0.029,0.006,0.006,0.016,0.008,0.003,0.002,0.001,0.972,50.070
2610170836,2026-10-04 20:30:00,234.280,234.400,235.160,0.000,0.010,0.000,0.001,0.000,0.001,0.000,0.000,0.000,0.000,0.000,1.000,50.080
2610170837,2026-10-04 20:30:00,232.240,230.710,230.880,0.000,0.000,0.020,0.005,0.000,0.000,0.004,0.000,0.000,0.000,0.000,1.000,50.080
2610170838,2026-10-04 20:30:00,239.260,238.130,238.520,0.020,0.030,0.120,0.038,0.004,0.006,0.028,-0.002,0.000,0.000,-0.001,0.996,50.080
2610170839,2026-10-04 20:30:00,238.290,238.550,239.240,0.040,0.050,0.080,0.038,0.008,0.012,0.017,0.000,0.000,-0.001,0.001,1.000,50.080
2610170840,2026-10-04 20:30:00,235.720,235.110,236.120,0.480,0.250,0.600,0.310,0.111,0.058,0.141,-0.037,-0.013,-0.007,-0.016,0.993,50.090
2610322967,2026-10-04 20:30:00,239.790,238.680,238.750,0.000,0.000,0.010,0.001,0.000,0.000,0.001,0.000,0.000,0.000,0.000,1.000,50.090
2610322969,2026-10-04 20:30:00,231.950,231.160,231.870,0.750,0.710,0.270,0.221,0.142,0.040,0.039,0.292,0.095,0.154,0.043,0.606,50.090
2610322982,2026-10-04 20:30:00,238.560,238.700,239.470,0.010,0.010,0.020,0.010,0.002,0.002,0.004,-0.006,-0.001,-0.002,-0.003,0.844,50.100
2610322995,2026-10-04 20:30:00,238.420,238.610,239.310,0.000,0.030,0.030,0.011,0.000,0.005,0.006,-0.008,0.000,-0.004,-0.003,0.773,50.090
2610322997,2026-10-04 20:30:00,230.990,232.240,230.800,0.360,0.410,0.330,0.249,0.079,0.095,0.075,0.004,-0.006,0.005,0.005,1.000,50.080
2610323001,2026-10-04 20:30:00,232.220,230.610,230.690,0.220,0.280,0.350,0.189,0.048,0.061,0.079,0.037,0.011,0.014,0.011,0.979,50.090
2610323004,2026-10-04 20:30:00,64.020,63.510,63.960,0.120,0.110,0.110,0.016,0.006,0.004,0.005,0.013,0.004,0.004,0.003,0.754,50.090
2610323005,2026-10-04 20:30:00,232.280,232.550,232.100,0.000,0.000,0.000,0.001,0.000,0.001,0.000,0.000,0.000,0.000,0.000,0.947,50.090
2610323010,2026-10-04 20:30:00,236.460,235.910,235.440,0.060,0.000,0.000,0.012,0.012,0.000,0.000,-0.007,-0.007,0.000,0.000,0.869,50.080
2610323014,2026-10-04 20:30:00,234.400,234.280,235.050,0.040,0.000,0.000,0.009,0.008,0.000,0.000,-0.002,-0.001,0.000,0.000,0.927,50.090
2610323016,2026-10-04 20:30:00,232.080,230.710,230.930,0.110,0.080,0.020,0.047,0.024,0.018,0.004,0.007,0.004,0.002,0.000,0.979,50.080
2610323017,2026-10-04 20:30:00,238.370,239.060,238.270,0.040,0.020,0.020,0.015,0.008,0.003,0.003,-0.010,-0.004,-0.003,-0.002,0.813,50.080
2610323019,2026-10-04 20:30:00,232.140,232.630,232.210,0.020,0.060,0.030,0.024,0.004,0.013,0.006,-0.006,-0.001,-0.003,-0.001,0.973,50.080
2610323027,2026-10-04 20:30:00,239.410,238.340,238.650,0.020,0.030,0.020,0.014,0.004,0.005,0.003,-0.010,-0.003,-0.004,-0.003,0.806,50.070
2410121454,2026-10-04 20:31:00,233.790,234.580,233.800,0.070,0.160,0.140,0.084,0.015,0.037,0.030,0.012,0.006,0.003,0.002,0.989,50.020
2410131378,2026-10-04 20:31:00,233.950,234.720,234.050,0.010,0.010,0.030,0.009,0.001,0.001,0.006,-0.004,-0.001,-0.001,0.000,0.901,50.040
2410131383,2026-10-04 20:31:00,236.610,236.070,235.680,0.040,0.020,0.050,0.025,0.008,0.005,0.012,-0.003,0.000,-0.001,-0.002,0.982,50.060
2610322992,2026-10-04 20:31:00,230.770,231.260,232.030,0.070,0.320,0.290,0.156,0.016,0.073,0.067,-0.002,0.000,-0.005,0.002,0.999,50.090
2510389643,2026-10-04 20:32:00,236.230,235.450,236.500,16.600,21.580,20.470,13.190,3.430,4.990,4.760,-1.360,-0.200,-0.630,-0.520,0.994,50.080
2510633393,2026-10-04 20:59:00,234.520,235.590,235.060,1.050,1.070,1.060,0.717,0.236,0.243,0.237,0.178,0.061,0.052,0.064,0.970,50.060
2246006313,2026-10-04 21:00:00,58.300,58.300,58.200,0.323,0.337,0.297,0.051,0.017,0.018,0.015,0.000,0.000,0.000,0.000,0.931,50.080
2410121326,2026-10-04 21:00:00,235.130,234.320,234.400,0.080,0.090,0.090,0.055,0.018,0.019,0.017,0.018,0.004,0.003,0.010,0.939,50.100
2410121353,2026-10-04 21:00:00,235.050,234.330,234.450,0.000,0.010,0.040,0.011,0.000,0.002,0.008,-0.002,0.000,0.000,0.000,1.000,50.050
2410121371,2026-10-04 21:00:00,235.230,234.410,234.550,0.040,0.010,0.030,0.017,0.008,0.000,0.007,0.000,0.001,-0.001,0.000,1.000,50.050
2410121424,2026-10-04 21:00:00,235.380,234.600,234.720,0.010,0.010,0.010,0.004,0.000,0.001,0.002,-0.003,-0.001,-0.001,0.000,0.771,50.170
2410121440,2026-10-04 21:00:00,235.080,234.330,234.410,0.010,0.010,0.010,0.005,0.002,0.000,0.001,-0.003,-0.001,-0.001,0.000,0.822,50.060
2410121454,2026-10-04 21:00:00,234.670,235.420,234.620,0.080,0.170,0.140,0.087,0.017,0.038,0.032,0.014,0.006,0.004,0.003,0.987,50.170
2410121457,2026-10-04 21:00:00,235.000,234.220,234.500,0.190,0.160,0.080,0.097,0.044,0.035,0.018,0.016,0.005,0.010,0.000,0.982,50.100
2410121574,2026-10-04 21:00:00,235.560,234.580,234.700,0.210,0.180,0.150,0.119,0.049,0.037,0.032,-0.037,-0.010,-0.015,-0.012,0.957,50.130
2410131378,2026-10-04 21:00:00,234.710,235.360,234.700,0.010,0.010,0.030,0.010,0.001,0.001,0.006,-0.004,-0.001,-0.001,0.000,0.971,50.050
2410131383,2026-10-04 21:00:00,236.910,236.280,235.900,0.080,0.030,0.060,0.038,0.018,0.006,0.013,-0.004,0.000,-0.001,-0.002,0.999,50.090
2410131384,2026-10-04 21:00:00,238.980,239.580,238.780,0.050,0.150,0.140,0.077,0.010,0.035,0.031,0.012,0.002,0.003,0.006,0.984,50.110
2410131387,2026-10-04 21:00:00,235.660,236.660,236.350,0.040,0.040,0.050,0.024,0.008,0.008,0.008,-0.009,-0.002,-0.003,-0.003,0.939,50.100
2410320615,2026-10-04 21:00:00,235.840,236.780,236.840,0.190,0.160,0.140,0.113,0.043,0.037,0.032,0.023,0.009,0.006,0.008,0.980,50.120
2410883988,2026-10-04 21:00:00,232.760,233.040,232.530,0.020,0.000,0.080,0.023,0.004,0.000,0.019,-0.002,0.000,0.000,-0.001,0.994,50.090
2410883990,2026-10-04 21:00:00,232.630,232.000,232.250,0.020,0.000,0.180,0.044,0.004,0.000,0.040,0.003,0.001,0.000,0.001,0.995,50.080
2410883991,2026-10-04 21:00:00,238.540,239.030,239.550,0.090,0.070,0.140,0.073,0.022,0.016,0.034,-0.003,-0.001,-0.001,0.000,1.000,50.130
2410883993,2026-10-04 21:00:00,238.810,237.970,238.200,1.180,1.110,1.200,0.823,0.279,0.261,0.282,-0.072,-0.021,-0.032,-0.017,0.995,50.060
2410932742,2026-10-04 21:00:00,230.430,228.870,228.890,2.160,2.080,2.230,1.318,0.444,0.419,0.454,0.508,0.173,0.163,0.172,0.933,50.090
2411087432,2026-10-04 21:00:00,234.180,234.930,234.100,0.040,0.020,0.150,0.047,0.009,0.004,0.034,-0.003,0.003,-0.003,-0.003,0.995,50.090
2411087433,2026-10-04 21:00:00,238.770,238.980,239.650,0.050,0.040,0.050,0.033,0.012,0.008,0.012,-0.011,-0.004,-0.003,-0.002,0.953,50.100
2411290205,2026-10-04 21:00:00,234.940,234.570,236.180,0.130,0.180,0.140,0.103,0.031,0.039,0.032,0.009,0.001,0.006,0.001,0.995,50.140
2510014481,2026-10-04 21:00:00,228.450,228.380,229.680,2.440,2.490,2.470,1.308,0.414,0.423,0.429,0.645,0.203,0.219,0.222,0.902,50.100
2510014482,2026-10-04 21:00:00,234.360,234.970,234.170,0.010,0.080,0.000,0.020,0.002,0.017,0.000,-0.003,-0.001,-0.001,0.000,1.000,50.090
2510014483,2026-10-04 21:00:00,238.310,238.580,239.250,0.050,0.040,0.050,0.024,0.008,0.005,0.009,-0.022,-0.007,-0.006,-0.009,0.728,50.090
2510014484,2026-10-04 21:00:00,236.200,235.660,236.780,0.080,0.060,0.080,0.053,0.019,0.014,0.019,-0.004,-0.001,-0.001,-0.001,0.998,50.090
2510178139,2026-10-04 21:00:00,234.430,235.120,234.300,0.060,0.080,0.070,0.047,0.013,0.016,0.016,0.013,0.004,0.006,0.002,0.964,50.110
2510178141,2026-10-04 21:00:00,234.390,234.410,235.120,0.020,0.010,0.020,0.006,0.002,0.000,0.003,-0.009,-0.004,-0.001,-0.003,0.582,50.080
2510203103,2026-10-04 21:00:00,226.980,225.420,225.530,0.120,0.120,0.090,0.073,0.026,0.027,0.019,-0.016,-0.005,-0.004,-0.005,0.977,50.120
2510203104,2026-10-04 21:00:00,232.820,232.930,233.560,0.250,0.220,0.200,0.152,0.056,0.049,0.046,0.010,-0.005,0.006,0.008,0.996,50.110
2510203105,2026-10-04 21:00:00,232.460,230.940,231.180,0.020,0.130,0.020,0.040,0.005,0.030,0.004,-0.002,0.000,-0.002,0.000,1.000,50.100
2510203106,2026-10-04 21:00:00,235.930,235.340,236.610,0.020,0.010,0.000,0.008,0.004,0.003,0.000,-0.003,-0.002,0.000,0.000,0.956,50.110
2510203107,2026-10-04 21:00:00,223.780,223.010,224.160,1.410,1.400,1.250,0.823,0.286,0.282,0.253,0.218,0.061,0.084,0.072,0.966,50.080
2510203108,2026-10-04 21:00:00,234.420,234.890,234.260,0.840,1.100,0.990,0.676,0.194,0.259,0.228,0.022,0.007,0.013,0.001,0.998,50.100
2510203109,2026-10-04 21:00:00,238.660,239.250,238.300,0.020,0.040,0.090,0.033,0.003,0.009,0.021,0.005,0.002,0.001,0.001,0.985,50.110
2510203111,2026-10-04 21:00:00,234.470,234.680,235.330,0.030,0.020,0.000,0.010,0.006,0.003,0.000,-0.002,-0.001,0.000,0.000,0.938,50.120
2510203113,2026-10-04 21:00:00,236.600,236.120,235.760,0.190,0.290,0.320,0.182,0.043,0.064,0.072,-0.047,-0.009,-0.019,-0.017,0.972,50.090
2510203114,2026-10-04 21:00:00,232.500,232.810,233.350,0.110,0.080,0.020,0.041,0.024,0.016,0.001,-0.018,-0.006,-0.007,-0.004,0.908,50.110
2510203117,2026-10-04 21:00:00,233.030,232.540,232.630,0.340,0.420,0.280,0.238,0.077,0.096,0.064,-0.041,-0.010,-0.017,-0.013,0.983,50.090
2510203120,2026-10-04 21:00:00,238.840,237.950,238.290,0.940,0.740,0.800,0.537,0.206,0.158,0.173,0.230,0.085,0.072,0.072,0.918,50.110
2510203121,2026-10-04 21:00:00,232.020,232.240,232.620,0.440,0.280,0.410,0.263,0.102,0.064,0.095,-0.009,0.000,-0.003,-0.005,0.997,50.100
2510203122,2026-10-04 21:00:00,234.450,235.180,234.360,0.080,0.020,0.010,0.016,0.012,0.003,0.000,0.011,0.014,-0.001,0.000,0.811,50.100
2510203123,2026-10-04 21:00:00,234.480,234.570,235.310,0.010,0.010,0.000,0.005,0.002,0.002,0.000,-0.003,-0.001,-0.001,0.000,0.819,50.120
2510203124,2026-10-04 21:00:00,234.500,234.860,234.090,0.130,0.130,0.160,0.089,0.028,0.028,0.033,0.045,0.014,0.015,0.015,0.893,50.110
2510203125,2026-10-04 21:00:00,235.750,236.730,236.240,0.020,0.010,0.070,0.023,0.003,0.002,0.016,-0.006,-0.003,-0.001,-0.001,0.964,50.100
2510203126,2026-10-04 21:00:00,232.280,232.310,232.850,0.090,0.020,0.000,0.024,0.019,0.004,0.000,-0.003,-0.002,0.000,0.000,1.000,50.100
2510203127,2026-10-04 21:00:00,234.360,235.090,234.410,0.230,0.300,0.210,0.150,0.045,0.062,0.043,0.091,0.030,0.034,0.026,0.852,50.100
2510203128,2026-10-04 21:00:00,238.320,238.640,237.120,2.030,2.000,2.100,1.410,0.471,0.458,0.478,0.156,0.030,0.050,0.074,0.994,50.110
2510203130,2026-10-04 21:00:00,243.040,243.040,244.530,0.000,0.010,0.060,0.017,0.000,0.003,0.013,-0.002,0.000,0.000,-0.001,1.000,50.110
2510203133,2026-10-04 21:00:00,233.960,234.650,233.890,0.030,0.020,0.000,0.011,0.006,0.004,0.000,-0.002,0.000,-0.002,0.000,1.000,50.000
2510203134,2026-10-04 21:00:00,239.830,238.760,238.900,0.020,0.010,0.010,0.007,0.004,0.002,0.001,-0.001,0.000,-0.001,0.000,0.977,50.090
2510224049,2026-10-04 21:00:00,232.140,232.490,232.070,20.000,20.130,12.330,11.240,3.980,4.520,2.720,-1.920,-0.760,-0.540,-0.610,0.985,50.070
2510224167,2026-10-04 21:00:00,232.220,232.200,232.720,10.200,11.660,11.830,7.400,2.250,2.550,2.590,-2.270,-0.650,-0.800,-0.810,0.955,50.080
2510317505,2026-10-04 21:00:00,232.020,232.260,232.600,25.900,9.520,9.610,9.970,5.850,2.110,1.990,-2.160,-0.730,-0.590,-0.830,0.977,50.080
2510317516,2026-10-04 21:00:00,232.300,232.330,232.810,0.000,0.000,0.000,0.000,0.000,0.000,0.000,0.000,0.000,0.000,0.000,1.000,50.080
2510317537,2026-10-04 21:00:00,238.250,238.250,238.960,2.360,2.420,2.540,1.770,0.580,0.590,0.600,-0.310,-0.090,-0.110,-0.100,0.984,50.080
2510389559,2026-10-04 21:00:00,236.360,235.880,236.950,0.000,0.000,0.000,0.000,0.000,0.000,0.000,0.000,0.000,0.000,0.000,1.000,50.090
2510389643,2026-10-04 21:00:00,236.500,235.990,237.060,16.460,21.530,20.430,13.170,3.410,4.990,4.770,-1.310,-0.150,-0.630,-0.520,0.995,50.080
2510389931,2026-10-04 21:00:00,234.780,234.160,235.090,17.800,10.070,24.090,12.100,4.150,2.330,5.620,-1.330,-0.420,-0.290,-0.610,0.993,50.080
2510633381,2026-10-04 21:00:00,239.330,238.360,238.650,0.050,0.070,0.010,0.027,0.010,0.014,0.002,-0.013,-0.005,-0.006,-0.001,0.893,50.100
2510633382,2026-10-04 21:00:00,235.460,236.530,236.080,0.130,0.140,0.170,0.093,0.026,0.029,0.036,-0.046,-0.015,-0.015,-0.016,0.895,50.060
2510633383,2026-10-04 21:00:00,234.410,234.370,235.130,0.110,0.080,0.090,0.024,0.005,0.008,0.009,-0.059,-0.023,-0.016,-0.018,0.378,50.100
2510633385,2026-10-04 21:00:00,236.320,235.820,236.850,0.270,0.410,0.360,0.242,0.064,0.094,0.082,-0.027,-0.002,-0.014,-0.010,0.993,50.070
2510633386,2026-10-04 21:00:00,224.040,224.300,224.980,0.030,0.020,0.010,0.012,0.006,0.003,0.002,0.003,0.002,0.000,0.001,0.964,50.060
2510633387,2026-10-04 21:00:00,234.200,234.910,234.180,0.010,0.000,0.150,0.036,0.001,0.000,0.033,-0.004,0.000,0.000,-0.004,1.000,50.070
2510633390,2026-10-04 21:00:00,238.630,239.370,238.410,0.030,0.010,0.010,0.010,0.006,0.003,0.001,-0.005,-0.003,0.000,0.000,0.871,50.070
2510633395,2026-10-04 21:00:00,234.220,234.910,234.310,0.000,0.000,0.000,0.000,0.000,0.000,0.000,0.000,0.000,0.000,0.000,1.000,50.100
2510633396,2026-10-04 21:00:00,234.880,234.180,234.590,0.270,0.310,0.270,0.170,0.052,0.064,0.053,0.093,0.031,0.031,0.031,0.884,50.090
2510633397,2026-10-04 21:00:00,245.590,244.500,244.860,0.040,0.090,0.040,0.042,0.010,0.022,0.009,-0.007,0.000,-0.003,-0.002,0.981,50.080
2510633399,2026-10-04 21:00:00,232.090,232.070,232.650,0.230,0.280,0.300,0.188,0.053,0.065,0.069,0.007,0.003,0.003,0.000,0.997,50.100
2510633400,2026-10-04 21:00:00,231.880,232.360,231.800,0.130,0.140,0.140,0.091,0.029,0.030,0.031,0.022,0.007,0.008,0.007,0.968,50.080
2510633402,2026-10-04 21:00:00,230.450,230.440,231.890,0.050,0.070,0.110,0.051,0.012,0.014,0.024,0.010,0.002,0.003,0.004,0.973,50.060
2510633406,2026-10-04 21:00:00,232.220,232.240,232.760,0.170,0.200,0.200,0.124,0.037,0.043,0.043,-0.039,-0.011,-0.014,-0.013,0.949,50.090
2510633411,2026-10-04 21:00:00,231.980,231.300,231.470,0.390,0.360,0.360,0.232,0.082,0.075,0.074,0.101,0.032,0.034,0.035,0.917,50.090
2510814977,2026-10-04 21:00:00,230.920,232.200,230.850,0.020,0.010,0.010,0.005,0.003,0.000,0.001,-0.002,0.000,-0.001,-0.001,0.983,50.100
2610026950,2026-10-04 21:00:00,232.890,232.190,232.440,0.010,0.000,0.010,0.005,0.001,0.000,0.003,-0.001,0.000,0.000,0.000,0.971,50.100
2610026952,2026-10-04 21:00:00,235.560,234.840,234.730,0.150,0.160,0.160,0.011,0.003,0.004,0.003,-0.108,-0.036,-0.036,-0.036,0.102,50.100
2610026963,2026-10-04 21:00:00,234.660,234.530,235.310,0.170,0.110,0.090,0.078,0.037,0.023,0.017,-0.034,-0.015,-0.009,-0.009,0.917,50.060
2610026966,2026-10-04 21:00:00,225.780,226.100,225.350,0.000,0.000,0.000,0.000,0.000,0.000,0.000,0.000,0.000,0.000,0.000,1.000,50.100
2610026976,2026-10-04 21:00:00,234.480,234.250,235.120,0.210,0.950,0.770,0.435,0.047,0.208,0.179,-0.043,-0.011,-0.013,-0.018,0.995,50.100
2610026977,2026-10-04 21:00:00,236.910,236.940,236.010,0.110,0.490,0.780,0.321,0.025,0.114,0.181,-0.045,-0.004,-0.019,-0.021,0.989,50.090
2610126270,2026-10-04 21:00:00,232.250,232.530,232.070,0.010,0.040,0.010,0.014,0.002,0.009,0.002,-0.006,-0.001,-0.002,-0.001,0.930,50.080
2610126451,2026-10-04 21:00:00,234.520,235.130,234.340,0.010,0.000,0.070,0.020,0.001,0.001,0.017,0.000,0.000,0.000,0.001,0.983,50.100
2610159557,2026-10-04 21:00:00,239.290,238.360,238.560,0.020,0.010,0.010,0.006,0.003,0.001,0.002,-0.005,-0.003,0.000,-0.001,0.740,50.090
2610159558,2026-10-04 21:00:00,238.320,238.620,239.280,0.000,0.000,0.010,0.002,0.000,0.000,0.001,0.000,0.000,0.000,0.000,0.919,50.100
2610170785,2026-10-04 21:00:00,239.260,238.300,238.640,0.000,0.000,0.000,0.000,0.000,0.000,0.000,0.000,0.000,0.000,0.000,0.631,50.090
2610170786,2026-10-04 21:00:00,238.620,238.910,239.660,0.040,0.030,0.070,0.029,0.007,0.006,0.016,0.008,0.004,0.002,0.001,0.963,50.080
2610170836,2026-10-04 21:00:00,234.170,234.430,235.140,0.000,0.010,0.000,0.001,0.000,0.001,0.000,0.000,0.000,0.000,0.000,1.000,50.090
2610170837,2026-10-04 21:00:00,232.030,230.500,230.640,0.000,0.000,0.020,0.005,0.000,0.000,0.004,0.000,0.000,0.000,0.000,1.000,50.090
2610170838,2026-10-04 21:00:00,239.330,238.240,238.640,0.020,0.020,0.120,0.038,0.004,0.005,0.028,-0.002,0.000,0.000,-0.001,0.986,50.090
2610170839,2026-10-04 21:00:00,238.180,238.460,239.100,0.040,0.050,0.080,0.038,0.008,0.012,0.017,0.000,0.000,-0.001,0.001,0.987,50.080
2610170840,2026-10-04 21:00:00,234.840,234.210,235.230,1.320,1.130,1.470,0.880,0.297,0.248,0.334,0.256,0.085,0.086,0.084,0.960,50.080
2610322967,2026-10-04 21:00:00,239.760,238.680,238.730,0.000,0.000,0.010,0.001,0.000,0.000,0.001,0.000,0.000,0.000,0.000,1.000,50.090
2610322969,2026-10-04 21:00:00,232.330,231.480,232.180,0.580,0.510,0.130,0.190,0.127,0.035,0.031,0.219,0.072,0.127,0.019,0.716,50.100
2610322982,2026-10-04 21:00:00,238.430,238.640,239.350,0.010,0.010,0.020,0.010,0.002,0.002,0.004,-0.006,-0.001,-0.002,-0.003,0.843,50.110
2610322992,2026-10-04 21:00:00,230.730,231.180,232.080,0.070,0.340,0.210,0.144,0.016,0.078,0.048,0.009,0.003,0.000,0.006,0.994,50.070
2610322995,2026-10-04 21:00:00,238.280,238.660,239.330,0.000,0.030,0.030,0.011,0.000,0.005,0.006,-0.008,0.000,-0.004,-0.003,0.773,50.080
2610322997,2026-10-04 21:00:00,230.800,232.050,230.650,0.420,0.450,0.390,0.302,0.102,0.109,0.091,0.004,-0.007,0.008,0.003,1.000,50.090
2610323001,2026-10-04 21:00:00,232.000,230.360,230.400,0.180,0.250,0.350,0.183,0.048,0.054,0.079,0.040,0.013,0.014,0.013,0.973,50.080
2610323004,2026-10-04 21:00:00,64.020,63.510,63.950,0.120,0.110,0.110,0.016,0.005,0.004,0.005,0.013,0.004,0.004,0.003,0.777,50.100
2610323005,2026-10-04 21:00:00,232.410,232.780,232.240,0.000,0.000,0.000,0.001,0.000,0.001,0.000,0.000,0.000,0.000,0.000,0.939,50.100
2610323010,2026-10-04 21:00:00,236.880,236.300,235.830,0.050,0.000,0.000,0.010,0.010,0.000,0.000,-0.007,-0.007,0.000,0.000,0.779,50.090
2610323014,2026-10-04 21:00:00,234.260,234.330,235.060,0.040,0.000,0.000,0.009,0.008,0.000,0.000,-0.002,-0.001,0.000,0.000,1.000,50.080
2610323016,2026-10-04 21:00:00,231.880,230.520,230.650,0.110,0.080,0.020,0.047,0.024,0.018,0.004,0.007,0.004,0.002,0.000,0.982,50.100
2610323017,2026-10-04 21:00:00,238.420,239.150,238.290,0.040,0.020,0.020,0.015,0.008,0.003,0.003,-0.010,-0.004,-0.003,-0.002,0.807,50.080
2610323019,2026-10-04 21:00:00,232.390,232.970,232.480,0.060,0.020,0.030,0.024,0.013,0.005,0.006,-0.007,-0.003,-0.001,-0.002,0.939,50.080
2610323027,2026-10-04 21:00:00,239.490,238.350,238.770,0.020,0.030,0.020,0.014,0.004,0.005,0.003,-0.010,-0.003,-0.003,-0.003,0.808,50.080
2610026953,2026-10-04 21:01:00,235.810,235.060,236.160,0.020,0.010,0.010,0.008,0.003,0.002,0.003,-0.002,0.000,0.000,0.000,0.978,50.110
2410883994,2026-10-04 21:02:00,239.470,238.420,238.930,0.020,0.050,0.020,0.020,0.004,0.011,0.004,-0.004,-0.002,-0.001,0.000,0.988,50.170
2510633391,2026-10-04 21:02:00,123.120,122.710,122.780,0.000,0.000,0.000,0.000,0.000,0.000,0.000,0.000,0.000,0.000,0.000,1.000,50.050
2510633393,2026-10-04 21:29:00,234.390,235.490,234.800,1.090,1.120,1.100,0.745,0.245,0.253,0.245,0.148,0.051,0.042,0.053,0.981,50.050
2246006313,2026-10-04 21:30:00,58.200,58.200,58.100,0.314,0.320,0.289,0.050,0.017,0.017,0.015,0.000,0.000,0.000,0.000,0.940,50.030
2410121326,2026-10-04 21:30:00,233.780,232.990,233.220,0.080,0.080,0.090,0.054,0.018,0.019,0.017,0.018,0.004,0.003,0.010,0.944,50.020
2410121353,2026-10-04 21:30:00,233.540,232.840,233.050,0.000,0.010,0.040,0.010,0.000,0.002,0.008,-0.001,0.000,0.000,0.000,0.988,49.980
2410121371,2026-10-04 21:30:00,233.880,233.010,233.210,0.000,0.010,0.030,0.009,0.000,0.000,0.007,-0.002,0.000,-0.001,0.000,1.000,50.040
2410121424,2026-10-04 21:30:00,233.000,232.300,232.520,0.010,0.010,0.010,0.004,0.000,0.001,0.002,-0.003,-0.001,-0.001,0.000,0.764,49.980
2410121440,2026-10-04 21:30:00,233.490,232.840,233.000,0.010,0.010,0.010,0.004,0.002,0.000,0.001,-0.003,-0.001,-0.001,0.000,0.818,50.050
2410121454,2026-10-04 21:30:00,232.540,233.340,232.550,0.080,0.160,0.130,0.084,0.016,0.037,0.030,0.011,0.005,0.002,0.002,0.988,49.980
2410121457,2026-10-04 21:30:00,233.940,233.170,233.540,0.170,0.150,0.100,0.095,0.038,0.033,0.023,0.011,0.004,0.006,0.000,0.996,50.080
2410121574,2026-10-04 21:30:00,233.810,232.900,233.050,0.230,0.190,0.170,0.134,0.052,0.042,0.038,-0.034,-0.009,-0.013,-0.011,0.964,49.980
2410131383,2026-10-04 21:30:00,237.240,236.530,236.280,0.050,0.030,0.060,0.031,0.011,0.006,0.013,-0.005,0.000,-0.001,-0.002,0.993,50.040
2410131384,2026-10-04 21:30:00,237.490,238.130,237.240,0.040,0.150,0.110,0.076,0.015,0.034,0.026,0.010,0.003,0.003,0.004,0.999,50.110
2410131387,2026-10-04 21:30:00,235.510,236.450,236.160,0.030,0.040,0.030,0.022,0.007,0.007,0.007,-0.008,-0.002,-0.002,-0.003,0.926,50.080
2410320615,2026-10-04 21:30:00,236.420,237.340,237.240,0.190,0.160,0.140,0.115,0.045,0.038,0.031,0.019,0.006,0.005,0.006,0.984,50.080
2410883988,2026-10-04 21:30:00,232.490,232.790,232.300,0.020,0.000,0.090,0.024,0.004,0.000,0.019,-0.003,0.000,0.000,-0.002,0.973,50.110
2410883990,2026-10-04 21:30:00,232.460,231.840,232.080,0.020,0.000,0.110,0.029,0.003,0.000,0.026,0.004,0.002,0.000,0.002,0.983,50.010
2410883991,2026-10-04 21:30:00,236.760,237.090,237.800,0.100,0.070,0.180,0.080,0.022,0.016,0.041,-0.004,-0.003,0.000,-0.001,0.999,50.080
2410883993,2026-10-04 21:30:00,237.220,236.360,236.680,1.240,1.110,1.140,0.821,0.294,0.260,0.265,-0.071,-0.018,-0.031,-0.021,0.996,50.000
2410883994,2026-10-04 21:30:00,237.700,236.620,237.100,0.020,0.050,0.020,0.020,0.004,0.011,0.004,-0.004,-0.001,-0.001,0.000,0.966,50.090
2410932742,2026-10-04 21:30:00,230.060,228.580,228.620,2.000,1.920,2.060,1.196,0.401,0.379,0.414,0.471,0.159,0.151,0.160,0.930,50.040
2411087432,2026-10-04 21:30:00,233.160,233.950,233.090,0.030,0.020,0.080,0.029,0.007,0.003,0.017,-0.005,0.001,-0.003,-0.003,0.972,50.090
2411290205,2026-10-04 21:30:00,236.290,235.930,236.850,0.130,0.110,0.120,0.086,0.031,0.026,0.029,0.002,0.002,0.000,0.000,0.997,50.080
2510014481,2026-10-04 21:30:00,228.680,228.800,230.160,1.850,1.870,1.640,0.978,0.328,0.326,0.322,0.527,0.168,0.179,0.162,0.879,50.010
2510014482,2026-10-04 21:30:00,233.320,233.980,233.090,0.010,0.080,0.000,0.020,0.002,0.017,0.000,-0.003,-0.002,-0.001,0.000,1.000,50.080
2510014483,2026-10-04 21:30:00,236.740,237.040,237.720,0.060,0.050,0.060,0.036,0.012,0.010,0.013,-0.017,-0.005,-0.004,-0.007,0.908,50.010
2510014484,2026-10-04 21:30:00,236.260,235.880,236.900,0.080,0.040,0.090,0.050,0.019,0.009,0.020,-0.005,-0.001,-0.003,0.000,1.000,50.040
2510178139,2026-10-04 21:30:00,233.710,234.300,233.430,0.050,0.050,0.040,0.034,0.011,0.012,0.010,0.004,0.002,0.002,0.000,0.982,50.030
2510178141,2026-10-04 21:30:00,233.570,233.640,234.180,0.020,0.010,0.020,0.006,0.002,0.000,0.003,-0.009,-0.004,-0.001,-0.002,0.577,50.040
2510203103,2026-10-04 21:30:00,226.580,225.030,225.160,0.110,0.140,0.150,0.088,0.023,0.031,0.034,-0.018,-0.006,-0.005,-0.006,0.976,50.090
2510203104,2026-10-04 21:30:00,231.230,231.350,232.010,0.240,0.180,0.190,0.138,0.054,0.040,0.043,0.008,-0.006,0.006,0.008,1.000,50.130
2510203105,2026-10-04 21:30:00,232.110,230.510,230.840,0.010,0.210,0.020,0.055,0.003,0.047,0.004,0.001,0.000,0.001,0.000,0.991,50.030
2510203106,2026-10-04 21:30:00,236.610,236.200,237.250,0.020,0.010,0.000,0.008,0.004,0.003,0.000,-0.003,-0.003,0.000,0.000,0.954,50.140
2510203107,2026-10-04 21:30:00,224.260,223.850,224.890,0.770,0.760,0.680,0.432,0.149,0.150,0.132,0.151,0.049,0.054,0.047,0.944,50.010
2510203109,2026-10-04 21:30:00,237.080,237.650,236.670,0.020,0.050,0.080,0.035,0.004,0.011,0.018,0.006,0.002,0.002,0.001,0.976,50.020
2510203111,2026-10-04 21:30:00,233.570,233.690,234.460,0.030,0.020,0.000,0.009,0.006,0.003,0.000,-0.001,-0.001,0.000,0.000,0.992,50.110
2510203113,2026-10-04 21:30:00,236.820,236.220,235.980,0.180,0.280,0.300,0.172,0.042,0.063,0.066,-0.048,-0.010,-0.019,-0.018,0.963,50.090
2510203114,2026-10-04 21:30:00,230.880,231.270,231.850,0.110,0.050,0.020,0.034,0.023,0.010,0.001,-0.019,-0.007,-0.007,-0.004,0.873,50.020
2510203117,2026-10-04 21:30:00,232.490,231.980,232.090,0.290,0.380,0.240,0.208,0.067,0.087,0.054,-0.039,-0.010,-0.016,-0.012,0.983,50.040
2510203120,2026-10-04 21:30:00,237.080,236.110,236.450,0.960,0.790,0.840,0.564,0.209,0.170,0.184,0.212,0.079,0.066,0.066,0.936,50.040
2510203121,2026-10-04 21:30:00,231.890,232.120,232.470,0.270,0.100,0.240,0.134,0.061,0.021,0.051,-0.028,-0.008,-0.008,-0.012,0.976,50.020
2510203123,2026-10-04 21:30:00,233.580,233.540,234.360,0.010,0.010,0.000,0.005,0.002,0.002,0.000,-0.002,-0.001,0.000,0.000,0.934,50.130
2510203124,2026-10-04 21:30:00,233.580,233.770,233.030,0.140,0.140,0.160,0.089,0.028,0.029,0.033,0.046,0.015,0.015,0.015,0.890,50.030
2510203125,2026-10-04 21:30:00,236.090,237.080,236.420,0.050,0.040,0.100,0.044,0.012,0.009,0.022,0.011,0.002,0.004,0.004,0.974,50.020
2510203126,2026-10-04 21:30:00,231.900,231.960,232.390,0.090,0.020,0.000,0.024,0.019,0.004,0.000,-0.003,-0.002,0.000,0.000,1.000,50.010
2510203127,2026-10-04 21:30:00,233.190,233.770,233.080,0.230,0.300,0.210,0.149,0.045,0.061,0.042,0.090,0.030,0.034,0.025,0.853,50.010
2510203128,2026-10-04 21:30:00,236.560,236.850,235.230,2.180,2.130,2.230,1.500,0.504,0.488,0.508,0.184,0.039,0.060,0.083,0.992,50.080
2510203130,2026-10-04 21:30:00,242.700,242.800,244.280,0.000,0.010,0.060,0.016,0.000,0.003,0.013,-0.001,0.000,0.000,-0.001,0.992,50.020
2510203133,2026-10-04 21:30:00,232.810,233.530,232.720,0.020,0.020,0.000,0.009,0.004,0.004,0.000,-0.002,0.000,-0.001,0.000,0.971,50.120
2510224167,2026-10-04 21:30:00,231.810,231.900,232.350,10.440,11.300,11.390,7.180,2.230,2.450,2.480,-2.250,-0.650,-0.790,-0.800,0.954,50.050
2510317505,2026-10-04 21:30:00,231.740,231.990,232.330,25.820,9.530,9.590,9.940,5.830,2.070,1.990,-2.140,-0.720,-0.590,-0.820,0.977,50.030
2510317537,2026-10-04 21:30:00,236.540,236.630,237.270,2.190,2.420,2.420,1.860,0.590,0.630,0.630,-0.310,-0.090,-0.100,-0.110,0.983,50.050
2510389559,2026-10-04 21:30:00,236.540,236.110,237.230,0.000,0.000,0.000,0.000,0.000,0.000,0.000,0.000,0.000,0.000,0.000,1.000,50.090
2510389643,2026-10-04 21:30:00,236.660,236.200,237.260,16.170,21.520,20.410,13.110,3.350,4.990,4.760,-1.330,-0.160,-0.640,-0.520,0.994,50.030
2510389931,2026-10-04 21:30:00,235.930,235.420,236.420,17.700,10.010,23.900,12.080,4.140,2.330,5.600,-1.350,-0.430,-0.300,-0.620,0.993,50.020
2510633381,2026-10-04 21:30:00,237.600,236.580,236.860,0.050,0.070,0.010,0.027,0.009,0.015,0.002,-0.013,-0.005,-0.006,-0.002,0.897,50.010
2510633382,2026-10-04 21:30:00,235.470,236.590,235.980,0.120,0.150,0.160,0.095,0.026,0.032,0.036,-0.033,-0.011,-0.010,-0.012,0.942,50.080
2510633383,2026-10-04 21:30:00,233.190,233.290,233.920,0.110,0.080,0.090,0.020,0.006,0.002,0.010,-0.061,-0.023,-0.018,-0.018,0.310,50.010
2510633385,2026-10-04 21:30:00,236.520,236.120,237.210,0.320,0.410,0.340,0.252,0.075,0.095,0.080,-0.031,-0.006,-0.014,-0.010,0.992,50.080
2510633386,2026-10-04 21:30:00,222.410,222.730,223.390,0.030,0.020,0.010,0.012,0.006,0.003,0.002,0.004,0.003,0.000,0.001,0.954,50.100
2510633387,2026-10-04 21:30:00,233.310,233.860,233.190,0.010,0.000,0.150,0.036,0.001,0.000,0.033,-0.004,0.000,0.000,-0.004,1.000,50.080
2510633390,2026-10-04 21:30:00,237.160,237.850,236.840,0.030,0.010,0.010,0.010,0.006,0.002,0.001,-0.005,-0.003,0.000,0.000,0.929,50.060
2510633391,2026-10-04 21:30:00,122.780,122.440,122.540,0.000,0.000,0.000,0.000,0.000,0.000,0.000,0.000,0.000,0.000,0.000,1.000,50.050
2510633395,2026-10-04 21:30:00,233.290,233.810,233.210,0.000,0.000,0.000,0.000,0.000,0.000,0.000,0.000,0.000,0.000,0.000,1.000,50.090
2510633396,2026-10-04 21:30:00,233.780,233.010,233.470,0.280,0.320,0.280,0.180,0.055,0.066,0.056,0.091,0.031,0.030,0.029,0.883,50.010
2510633397,2026-10-04 21:30:00,244.010,242.880,243.340,0.060,0.090,0.040,0.044,0.013,0.022,0.009,-0.007,-0.001,-0.003,-0.002,0.990,50.050
2510633399,2026-10-04 21:30:00,231.670,231.710,232.200,0.210,0.260,0.240,0.164,0.049,0.059,0.055,0.008,0.003,0.003,0.001,1.000,50.010
2510633400,2026-10-04 21:30:00,231.900,232.340,231.760,0.130,0.130,0.130,0.086,0.028,0.029,0.029,0.019,0.006,0.007,0.006,0.978,50.050
2510633402,2026-10-04 21:30:00,230.170,230.140,231.620,0.050,0.070,0.090,0.049,0.012,0.016,0.020,0.009,0.002,0.003,0.004,0.989,50.080
2510633406,2026-10-04 21:30:00,231.960,232.050,232.540,0.160,0.180,0.170,0.107,0.033,0.036,0.037,-0.038,-0.010,-0.013,-0.013,0.942,50.000
2510633411,2026-10-04 21:30:00,231.910,231.200,231.400,0.320,0.310,0.310,0.199,0.069,0.065,0.065,0.084,0.026,0.028,0.029,0.921,50.030
2510814977,2026-10-04 21:30:00,230.560,231.860,230.480,0.020,0.010,0.010,0.005,0.003,0.000,0.001,-0.002,0.000,-0.001,-0.001,0.963,50.010
2610026950,2026-10-04 21:30:00,232.670,231.850,232.160,0.010,0.000,0.010,0.005,0.002,0.000,0.002,-0.001,0.000,0.000,0.000,0.968,50.000
2610026952,2026-10-04 21:30:00,234.720,234.050,234.070,0.150,0.150,0.150,0.012,0.003,0.005,0.003,-0.106,-0.035,-0.035,-0.035,0.114,50.000
2610026953,2026-10-04 21:30:00,236.510,235.970,236.960,0.020,0.010,0.010,0.008,0.003,0.002,0.003,-0.002,0.000,0.000,0.000,0.964,50.010
2610026963,2026-10-04 21:30:00,233.530,233.500,234.120,0.170,0.110,0.100,0.081,0.036,0.024,0.020,-0.035,-0.016,-0.009,-0.010,0.920,50.020
2610026966,2026-10-04 21:30:00,226.380,226.660,225.850,0.000,0.000,0.000,0.000,0.000,0.000,0.000,0.000,0.000,0.000,0.000,1.000,50.030
2610026976,2026-10-04 21:30:00,233.320,233.190,234.010,0.150,0.960,0.710,0.407,0.033,0.209,0.164,-0.042,-0.011,-0.013,-0.017,0.994,50.020
2610026977,2026-10-04 21:30:00,237.510,237.480,236.550,0.100,0.600,0.770,0.344,0.023,0.140,0.181,-0.046,-0.003,-0.020,-0.021,0.990,50.030
2610126270,2026-10-04 21:30:00,232.040,232.350,231.910,0.010,0.050,0.010,0.015,0.002,0.011,0.002,-0.005,-0.001,-0.002,-0.001,0.927,50.010
2610126451,2026-10-04 21:30:00,233.740,234.210,233.500,0.010,0.010,0.030,0.009,0.001,0.001,0.006,0.000,0.000,0.000,0.000,1.000,50.020
2610159557,2026-10-04 21:30:00,237.720,236.760,237.010,0.020,0.010,0.010,0.006,0.003,0.001,0.002,-0.005,-0.002,0.000,-0.001,0.839,50.010
2610159558,2026-10-04 21:30:00,236.670,237.040,237.720,0.000,0.000,0.000,0.001,0.000,0.000,0.000,0.000,0.000,0.000,0.000,1.000,50.020
2610170785,2026-10-04 21:30:00,237.650,236.620,237.010,0.000,0.000,0.000,0.000,0.000,0.000,0.000,0.000,0.000,0.000,0.000,0.622,50.010
2610170786,2026-10-04 21:30:00,236.970,237.290,238.060,0.030,0.030,0.070,0.028,0.007,0.005,0.015,0.007,0.003,0.002,0.001,0.964,50.050
2610170836,2026-10-04 21:30:00,233.380,233.680,234.290,0.000,0.010,0.000,0.001,0.000,0.001,0.000,0.000,0.000,0.000,0.000,1.000,50.010
2610170837,2026-10-04 21:30:00,231.820,230.270,230.390,0.000,0.000,0.010,0.001,0.000,0.000,0.001,0.000,0.000,0.000,0.000,0.782,50.020
2610170838,2026-10-04 21:30:00,237.650,236.510,236.920,0.020,0.030,0.120,0.039,0.004,0.006,0.028,-0.001,0.000,0.000,-0.001,1.000,50.070
2610170839,2026-10-04 21:30:00,236.590,236.960,237.640,0.010,0.020,0.050,0.018,0.001,0.004,0.012,-0.001,0.000,0.000,0.000,0.991,50.010
2610170840,2026-10-04 21:30:00,236.270,235.690,236.780,0.470,0.250,0.600,0.309,0.109,0.058,0.141,-0.036,-0.012,-0.007,-0.016,0.991,50.060
2610322967,2026-10-04 21:30:00,238.110,236.990,237.120,0.000,0.000,0.010,0.001,0.000,0.000,0.001,0.000,0.000,0.000,0.000,1.000,50.010
2610322969,2026-10-04 21:30:00,232.170,231.290,232.050,0.570,0.490,0.070,0.158,0.120,0.021,0.017,0.162,0.052,0.110,0.000,0.698,50.010
2610322982,2026-10-04 21:30:00,236.810,237.110,237.820,0.010,0.010,0.020,0.010,0.002,0.002,0.004,-0.006,-0.001,-0.002,-0.003,0.844,50.020
2610322992,2026-10-04 21:30:00,230.400,230.840,231.780,0.090,0.350,0.230,0.152,0.019,0.079,0.052,0.009,0.003,0.000,0.006,0.997,50.020
2610322995,2026-10-04 21:30:00,236.730,237.000,237.710,0.000,0.030,0.030,0.011,0.000,0.005,0.006,-0.008,0.000,-0.004,-0.003,0.773,50.010
2610322997,2026-10-04 21:30:00,230.530,231.950,230.420,0.290,0.340,0.300,0.214,0.067,0.077,0.069,-0.016,-0.008,-0.006,-0.001,0.996,50.010
2610323001,2026-10-04 21:30:00,231.700,230.150,230.150,0.230,0.260,0.320,0.196,0.050,0.057,0.088,0.040,0.013,0.013,0.013,0.975,50.010
2610323004,2026-10-04 21:30:00,63.910,63.400,63.840,0.120,0.100,0.100,0.015,0.005,0.004,0.005,0.013,0.004,0.004,0.003,0.756,49.990
2610323005,2026-10-04 21:30:00,232.150,232.510,231.920,0.000,0.000,0.000,0.001,0.000,0.001,0.000,0.000,0.000,0.000,0.000,0.950,50.010
2610323010,2026-10-04 21:30:00,236.950,236.240,235.890,0.050,0.000,0.000,0.009,0.008,0.000,0.000,-0.007,-0.007,0.000,0.000,0.756,50.010
2610323014,2026-10-04 21:30:00,233.470,233.560,234.230,0.040,0.000,0.000,0.009,0.008,0.000,0.000,-0.002,-0.001,0.000,0.000,0.928,50.010
2610323016,2026-10-04 21:30:00,231.740,230.360,230.400,0.110,0.080,0.020,0.046,0.024,0.018,0.004,0.006,0.003,0.002,0.000,0.986,50.030
2610323017,2026-10-04 21:30:00,236.820,237.480,236.640,0.040,0.020,0.020,0.015,0.007,0.003,0.003,-0.010,-0.004,-0.003,-0.002,0.814,50.040
2610323019,2026-10-04 21:30:00,232.090,232.570,232.050,0.020,0.060,0.030,0.022,0.004,0.013,0.005,-0.007,-0.001,-0.003,-0.002,0.935,50.030
2610323027,2026-10-04 21:30:00,237.840,236.690,237.120,0.020,0.030,0.020,0.014,0.004,0.005,0.003,-0.010,-0.003,-0.003,-0.003,0.807,50.040
2410131378,2026-10-04 21:31:00,233.350,233.920,233.310,0.010,0.010,0.040,0.013,0.001,0.001,0.009,-0.004,-0.001,-0.001,-0.001,0.914,50.040
2411087433,2026-10-04 21:31:00,236.780,237.080,237.730,0.050,0.040,0.050,0.030,0.011,0.009,0.010,-0.012,-0.004,-0.004,-0.003,0.935,49.980
2510203108,2026-10-04 21:31:00,232.900,233.370,232.650,0.750,1.000,1.160,0.655,0.165,0.228,0.262,0.028,0.013,0.010,0.003,0.999,50.060
2510203122,2026-10-04 21:31:00,233.140,233.700,232.960,0.080,0.020,0.010,0.016,0.012,0.003,0.000,0.011,0.014,-0.002,0.000,0.822,50.090
2510203134,2026-10-04 21:31:00,238.000,236.930,237.190,0.020,0.010,0.010,0.007,0.004,0.001,0.001,-0.001,0.000,-0.001,0.000,0.967,50.060
2510224049,2026-10-04 21:31:00,231.710,232.080,231.580,15.540,14.300,7.590,7.390,2.720,3.120,1.540,-1.710,-0.670,-0.490,-0.550,0.973,50.050
2510317516,2026-10-04 21:31:00,231.600,231.720,232.140,0.000,0.000,0.000,0.000,0.000,0.000,0.000,0.000,0.000,0.000,0.000,1.000,50.050
2510633393,2026-10-04 21:59:00,231.930,233.180,232.650,0.950,0.970,0.950,0.641,0.211,0.219,0.210,0.125,0.042,0.034,0.047,0.981,50.210
2246006313,2026-10-04 22:00:00,58.200,58.200,58.100,0.304,0.307,0.276,0.048,0.016,0.016,0.014,0.000,0.000,0.000,0.000,0.935,50.220
2410121326,2026-10-04 22:00:00,233.420,232.590,232.790,0.080,0.090,0.100,0.057,0.018,0.019,0.020,0.017,0.004,0.003,0.009,0.950,50.220
2410121353,2026-10-04 22:00:00,233.390,232.630,232.830,0.000,0.010,0.040,0.011,0.000,0.002,0.008,-0.002,0.000,0.000,0.000,1.000,50.170
2410121371,2026-10-04 22:00:00,233.680,232.730,232.920,0.030,0.010,0.030,0.015,0.007,0.000,0.007,-0.002,0.000,-0.001,0.000,0.998,50.220
2410121424,2026-10-04 22:00:00,233.650,232.950,233.120,0.010,0.010,0.010,0.004,0.000,0.001,0.002,-0.003,-0.001,-0.001,0.000,0.763,50.210
2410121440,2026-10-04 22:00:00,233.490,232.730,232.860,0.010,0.010,0.010,0.005,0.002,0.000,0.001,-0.003,-0.001,-0.001,0.000,0.821,50.200
2410121454,2026-10-04 22:00:00,233.050,233.780,232.960,0.090,0.160,0.120,0.077,0.016,0.035,0.025,0.013,0.006,0.003,0.002,0.970,50.210
2410121457,2026-10-04 22:00:00,233.480,232.660,232.940,0.170,0.150,0.100,0.095,0.038,0.033,0.023,0.010,0.004,0.006,0.000,0.991,50.230
2410121574,2026-10-04 22:00:00,233.810,232.820,232.960,0.210,0.170,0.140,0.113,0.046,0.036,0.030,-0.038,-0.011,-0.015,-0.012,0.945,50.190
2410131378,2026-10-04 22:00:00,233.120,233.720,233.040,0.010,0.010,0.030,0.010,0.001,0.001,0.006,-0.004,-0.001,-0.001,0.000,0.935,50.200
2410131383,2026-10-04 22:00:00,234.130,233.430,232.920,0.040,0.030,0.050,0.027,0.009,0.006,0.010,-0.004,0.000,-0.001,-0.002,0.973,50.220
2410131384,2026-10-04 22:00:00,236.110,236.800,235.820,0.040,0.160,0.110,0.068,0.009,0.034,0.024,0.004,-0.001,0.003,0.002,0.994,50.220
2410131387,2026-10-04 22:00:00,232.700,233.780,233.360,0.030,0.030,0.030,0.018,0.006,0.006,0.005,-0.009,-0.002,-0.003,-0.003,0.894,50.210
2410320615,2026-10-04 22:00:00,233.810,234.910,234.880,0.180,0.150,0.140,0.107,0.040,0.036,0.030,0.017,0.006,0.003,0.006,0.987,50.230
2410883988,2026-10-04 22:00:00,231.980,232.490,231.940,0.020,0.000,0.090,0.024,0.004,0.000,0.020,-0.002,0.000,0.000,-0.002,0.999,50.190
2410883990,2026-10-04 22:00:00,232.380,231.760,231.930,0.020,0.000,0.170,0.043,0.003,0.000,0.040,0.003,0.002,0.000,0.001,0.992,50.240
2410883991,2026-10-04 22:00:00,235.920,236.310,237.060,0.100,0.070,0.220,0.089,0.023,0.017,0.048,-0.006,-0.003,0.000,-0.003,1.000,50.250
2410883993,2026-10-04 22:00:00,236.380,235.420,235.780,1.170,1.050,1.030,0.752,0.272,0.243,0.237,-0.073,-0.021,-0.030,-0.021,0.995,50.240
2410883994,2026-10-04 22:00:00,236.930,235.800,236.350,0.020,0.050,0.020,0.020,0.004,0.011,0.004,-0.004,-0.001,-0.001,0.000,0.967,50.220
2410932742,2026-10-04 22:00:00,229.570,227.970,228.070,2.180,2.090,2.240,1.332,0.452,0.423,0.456,0.503,0.169,0.162,0.165,0.936,50.220
2411087432,2026-10-04 22:00:00,232.490,233.160,232.370,0.030,0.020,0.080,0.031,0.007,0.004,0.019,-0.005,0.001,-0.003,-0.003,0.971,50.190
2411087433,2026-10-04 22:00:00,236.150,236.470,237.190,0.080,0.040,0.050,0.036,0.017,0.008,0.010,-0.012,-0.004,-0.004,-0.003,0.954,50.240
2411290205,2026-10-04 22:00:00,234.730,234.220,235.250,0.230,0.100,0.120,0.102,0.051,0.023,0.027,0.002,0.001,0.000,0.000,0.996,50.240
2510014481,2026-10-04 22:00:00,227.710,227.690,228.870,2.170,2.140,2.190,1.249,0.381,0.388,0.479,0.636,0.209,0.217,0.209,0.881,50.230
2510014482,2026-10-04 22:00:00,233.010,233.540,232.730,0.010,0.080,0.000,0.020,0.002,0.017,0.000,-0.003,-0.002,-0.001,0.000,1.000,50.190
2510014483,2026-10-04 22:00:00,235.650,235.960,236.690,0.050,0.040,0.060,0.026,0.009,0.006,0.010,-0.021,-0.006,-0.006,-0.008,0.785,50.240
2510014484,2026-10-04 22:00:00,233.630,232.930,234.280,0.110,0.080,0.100,0.067,0.024,0.019,0.023,-0.008,-0.002,-0.002,-0.002,0.986,50.220
2510178139,2026-10-04 22:00:00,233.120,233.810,232.910,0.060,0.050,0.050,0.035,0.012,0.012,0.010,0.004,0.002,0.002,0.000,0.999,50.230
2510178141,2026-10-04 22:00:00,233.120,233.170,233.770,0.020,0.010,0.020,0.006,0.002,0.000,0.003,-0.009,-0.004,-0.001,-0.002,0.578,50.220
2510203103,2026-10-04 22:00:00,225.850,224.220,224.350,0.100,0.140,0.110,0.076,0.021,0.030,0.024,-0.018,-0.006,-0.005,-0.006,0.975,50.230
2510203104,2026-10-04 22:00:00,229.790,229.970,230.650,0.180,0.160,0.190,0.118,0.040,0.034,0.042,0.009,-0.004,0.007,0.007,0.992,50.200
2510203105,2026-10-04 22:00:00,231.550,229.980,230.130,0.020,0.130,0.020,0.037,0.003,0.029,0.004,-0.003,0.000,-0.002,0.000,1.000,50.220
2510203106,2026-10-04 22:00:00,233.400,232.650,233.910,0.020,0.010,0.000,0.008,0.004,0.003,0.000,-0.003,-0.003,0.000,0.000,0.932,50.200
2510203107,2026-10-04 22:00:00,222.050,221.390,222.540,0.220,0.250,0.180,0.134,0.045,0.052,0.035,0.055,0.017,0.019,0.018,0.923,50.230
2510203108,2026-10-04 22:00:00,232.900,233.430,232.560,0.730,0.910,1.230,0.641,0.160,0.206,0.275,0.023,0.012,0.008,0.002,1.000,50.230
2510203109,2026-10-04 22:00:00,236.010,236.670,235.610,0.020,0.040,0.080,0.031,0.003,0.009,0.018,0.004,0.002,0.001,0.001,0.975,50.220
2510203111,2026-10-04 22:00:00,232.920,233.150,233.800,0.020,0.020,0.000,0.008,0.004,0.003,0.000,-0.002,-0.001,0.000,0.000,0.967,50.220
2510203113,2026-10-04 22:00:00,234.120,233.580,233.020,0.190,0.290,0.300,0.173,0.043,0.063,0.066,-0.046,-0.009,-0.018,-0.018,0.964,50.190
2510203114,2026-10-04 22:00:00,229.950,230.240,230.920,0.050,0.030,0.020,0.015,0.010,0.003,0.000,-0.015,-0.004,-0.007,-0.004,0.711,50.230
2510203117,2026-10-04 22:00:00,232.400,231.920,232.000,0.210,0.320,0.170,0.159,0.048,0.073,0.038,-0.036,-0.009,-0.016,-0.010,0.974,50.230
2510203120,2026-10-04 22:00:00,236.170,235.130,235.460,0.940,0.730,0.790,0.531,0.204,0.155,0.171,0.215,0.080,0.067,0.066,0.926,50.230
2510203121,2026-10-04 22:00:00,231.840,231.830,232.310,0.210,0.050,0.170,0.091,0.047,0.007,0.035,-0.026,-0.007,-0.007,-0.011,0.959,50.230
2510203122,2026-10-04 22:00:00,232.800,233.500,232.670,0.080,0.060,0.010,0.015,0.012,0.003,0.000,0.011,0.014,-0.001,-0.001,0.803,50.180
2510203123,2026-10-04 22:00:00,232.590,232.700,233.560,0.010,0.010,0.000,0.005,0.002,0.002,0.000,-0.003,-0.001,0.000,0.000,0.924,50.200
2510203124,2026-10-04 22:00:00,233.250,233.480,232.720,0.130,0.130,0.150,0.087,0.026,0.026,0.031,0.044,0.014,0.015,0.014,0.887,50.240
2510203125,2026-10-04 22:00:00,232.950,234.140,233.600,0.050,0.040,0.100,0.043,0.012,0.009,0.022,0.010,0.002,0.004,0.004,0.972,50.230
2510203126,2026-10-04 22:00:00,231.840,231.800,232.410,0.090,0.020,0.000,0.024,0.020,0.004,0.000,-0.003,-0.002,0.000,0.000,0.991,50.200
2510203127,2026-10-04 22:00:00,232.840,233.530,232.740,0.240,0.300,0.220,0.151,0.046,0.061,0.043,0.088,0.030,0.033,0.025,0.860,50.230
2510203128,2026-10-04 22:00:00,235.450,235.780,234.080,2.140,2.090,2.200,1.466,0.491,0.475,0.499,0.171,0.035,0.056,0.080,0.993,50.230
2510203130,2026-10-04 22:00:00,242.200,242.120,243.760,0.000,0.010,0.060,0.017,0.000,0.003,0.013,-0.001,0.000,0.000,-0.001,0.998,50.240
2510203133,2026-10-04 22:00:00,232.880,233.460,232.690,0.030,0.020,0.000,0.011,0.006,0.004,0.000,-0.002,0.000,-0.002,0.000,0.934,50.220
2510203134,2026-10-04 22:00:00,237.460,236.260,236.540,0.020,0.010,0.010,0.007,0.004,0.002,0.001,-0.001,0.000,-0.001,0.000,0.967,50.220
2510224049,2026-10-04 22:00:00,231.830,232.230,231.750,15.570,14.390,7.620,7.420,2.730,3.130,1.550,-1.740,-0.670,-0.510,-0.550,0.973,50.240
2510224167,2026-10-04 22:00:00,231.590,231.630,232.170,5.970,4.480,4.780,2.710,1.210,0.720,0.770,-1.950,-0.580,-0.660,-0.700,0.811,50.210
2510317505,2026-10-04 22:00:00,231.700,231.900,232.330,19.950,3.670,5.200,5.800,4.430,0.590,0.770,-1.930,-0.640,-0.560,-0.720,0.949,50.240
2510317516,2026-10-04 22:00:00,231.660,231.690,232.160,0.000,0.000,0.000,0.000,0.000,0.000,0.000,0.000,0.000,0.000,0.000,1.000,50.210
2510317537,2026-10-04 22:00:00,235.350,235.490,236.140,2.670,2.630,2.770,1.730,0.530,0.560,0.570,-0.280,-0.070,-0.100,-0.100,0.987,50.210
2510389559,2026-10-04 22:00:00,233.910,233.170,234.500,0.000,0.000,0.000,0.000,0.000,0.000,0.000,0.000,0.000,0.000,0.000,1.000,50.190
2510389643,2026-10-04 22:00:00,234.040,233.310,234.530,16.130,21.820,20.680,13.090,3.300,5.000,4.780,-1.340,-0.180,-0.630,-0.510,0.994,50.230
2510389931,2026-10-04 22:00:00,233.300,232.380,233.600,17.930,10.150,24.300,12.130,4.150,2.330,5.630,-1.320,-0.410,-0.290,-0.610,0.994,50.240
2510633381,2026-10-04 22:00:00,236.790,235.720,236.080,0.050,0.070,0.020,0.031,0.011,0.016,0.003,-0.007,-0.003,-0.003,0.000,0.976,50.240
2510633382,2026-10-04 22:00:00,232.690,234.010,233.500,0.120,0.120,0.140,0.060,0.017,0.018,0.025,-0.065,-0.020,-0.022,-0.022,0.680,50.220
2510633383,2026-10-04 22:00:00,232.960,232.980,233.700,0.110,0.080,0.090,0.024,0.006,0.008,0.008,-0.058,-0.023,-0.016,-0.018,0.374,50.240
2510633385,2026-10-04 22:00:00,233.750,233.130,234.420,0.320,0.410,0.350,0.248,0.073,0.093,0.081,-0.032,-0.006,-0.014,-0.010,0.993,50.220
2510633386,2026-10-04 22:00:00,221.480,221.820,222.540,0.030,0.020,0.010,0.012,0.006,0.003,0.002,0.003,0.002,0.000,0.001,0.982,50.220
2510633387,2026-10-04 22:00:00,232.750,233.370,232.660,0.010,0.000,0.150,0.035,0.001,0.000,0.033,-0.004,0.000,0.000,-0.004,0.999,50.220
2510633390,2026-10-04 22:00:00,236.210,236.850,235.760,0.030,0.010,0.010,0.010,0.005,0.002,0.001,-0.004,-0.003,0.000,0.000,0.914,50.220
2510633391,2026-10-04 22:00:00,122.510,122.120,122.200,0.000,0.000,0.000,0.000,0.000,0.000,0.000,0.000,0.000,0.000,0.000,1.000,50.230
2510633395,2026-10-04 22:00:00,233.030,233.650,232.940,0.000,0.000,0.000,0.000,0.000,0.000,0.000,0.000,0.000,0.000,0.000,1.000,50.230
2510633396,2026-10-04 22:00:00,233.370,232.610,233.110,0.270,0.310,0.270,0.166,0.051,0.062,0.052,0.090,0.030,0.029,0.029,0.881,50.240
2510633397,2026-10-04 22:00:00,242.960,241.830,242.320,0.040,0.030,0.040,0.026,0.010,0.007,0.008,-0.005,-0.001,-0.001,-0.002,0.961,50.230
2510633399,2026-10-04 22:00:00,231.640,231.690,232.230,0.200,0.210,0.230,0.148,0.046,0.048,0.052,0.005,0.003,0.001,0.000,1.000,50.220
2510633400,2026-10-04 22:00:00,231.500,232.060,231.470,0.120,0.130,0.130,0.084,0.026,0.028,0.028,0.018,0.005,0.006,0.006,0.978,50.210
2510633402,2026-10-04 22:00:00,229.640,229.680,231.160,0.080,0.090,0.110,0.061,0.017,0.018,0.025,0.018,0.005,0.006,0.006,0.954,50.220
2510633406,2026-10-04 22:00:00,231.890,231.910,232.490,0.100,0.080,0.080,0.045,0.020,0.012,0.012,-0.033,-0.010,-0.011,-0.011,0.806,50.230
2510633411,2026-10-04 22:00:00,231.680,230.970,231.060,0.320,0.310,0.310,0.200,0.069,0.066,0.065,0.084,0.026,0.029,0.029,0.921,50.220
2510814977,2026-10-04 22:00:00,229.870,231.180,229.730,0.010,0.010,0.010,0.005,0.002,0.000,0.001,-0.002,0.000,-0.001,-0.001,0.865,50.240
2610026950,2026-10-04 22:00:00,232.500,231.810,231.980,0.010,0.000,0.010,0.004,0.001,0.000,0.001,-0.001,0.000,0.000,0.000,0.883,50.230
2610026952,2026-10-04 22:00:00,234.200,233.440,233.460,0.150,0.150,0.150,0.012,0.003,0.005,0.003,-0.106,-0.035,-0.035,-0.035,0.112,50.240
2610026953,2026-10-04 22:00:00,233.730,232.850,234.040,0.020,0.010,0.010,0.008,0.003,0.001,0.003,-0.002,0.000,0.000,0.000,0.942,50.220
2610026963,2026-10-04 22:00:00,233.230,233.180,233.900,0.170,0.100,0.090,0.070,0.034,0.019,0.016,-0.045,-0.018,-0.013,-0.013,0.848,50.240
2610026966,2026-10-04 22:00:00,230.130,230.330,229.680,0.000,0.000,0.000,0.000,0.000,0.000,0.000,0.000,0.000,0.000,0.000,1.000,50.230
2610026976,2026-10-04 22:00:00,232.980,232.840,233.650,0.150,0.880,0.700,0.387,0.032,0.192,0.162,-0.043,-0.011,-0.015,-0.017,0.992,50.240
2610026977,2026-10-04 22:00:00,241.340,241.190,240.380,0.080,0.580,0.610,0.301,0.018,0.138,0.143,-0.047,-0.004,-0.020,-0.022,0.987,50.220
2610126270,2026-10-04 22:00:00,231.870,232.220,231.740,0.020,0.050,0.010,0.016,0.003,0.011,0.002,-0.005,-0.001,-0.002,-0.001,0.944,50.230
2610126451,2026-10-04 22:00:00,233.220,233.760,232.950,0.010,0.000,0.060,0.016,0.001,0.001,0.014,0.001,0.000,0.000,0.001,0.986,50.220
2610159557,2026-10-04 22:00:00,236.750,235.710,236.040,0.020,0.010,0.010,0.006,0.003,0.000,0.001,-0.005,-0.002,0.000,-0.001,0.774,50.230
2610159558,2026-10-04 22:00:00,235.670,236.040,236.750,0.000,0.000,0.000,0.001,0.000,0.000,0.000,0.000,0.000,0.000,0.000,1.000,50.240
2610170785,2026-10-04 22:00:00,236.640,235.510,235.940,0.010,0.000,0.000,0.002,0.001,0.000,0.000,0.000,0.000,0.000,0.000,1.000,50.240
2610170786,2026-10-04 22:00:00,235.730,236.090,236.890,0.030,0.030,0.070,0.027,0.005,0.005,0.016,0.007,0.003,0.002,0.001,0.967,50.210
2610170836,2026-10-04 22:00:00,232.820,233.160,233.820,0.000,0.010,0.000,0.001,0.000,0.001,0.000,0.000,0.000,0.000,0.000,1.000,50.240
2610170837,2026-10-04 22:00:00,231.180,229.590,229.800,0.000,0.000,0.010,0.001,0.000,0.000,0.001,0.000,0.000,0.000,0.000,0.788,50.230
2610170838,2026-10-04 22:00:00,236.640,235.370,235.840,0.020,0.040,0.120,0.043,0.004,0.009,0.028,-0.001,0.000,0.000,-0.001,1.000,50.200
2610170840,2026-10-04 22:00:00,233.340,232.500,233.790,0.470,0.260,0.610,0.308,0.107,0.058,0.141,-0.035,-0.011,-0.007,-0.015,0.994,50.230
2610322967,2026-10-04 22:00:00,237.090,235.880,236.010,0.000,0.000,0.010,0.001,0.000,0.000,0.001,0.000,0.000,0.000,0.000,1.000,50.230
2610322969,2026-10-04 22:00:00,232.080,231.230,231.980,0.570,0.470,0.070,0.154,0.120,0.017,0.015,0.160,0.054,0.106,0.000,0.691,50.230
2610322982,2026-10-04 22:00:00,235.820,236.090,236.830,0.010,0.010,0.020,0.010,0.002,0.002,0.004,-0.006,-0.001,-0.002,-0.003,0.844,50.230
2610322992,2026-10-04 22:00:00,229.820,230.360,231.240,0.080,0.360,0.240,0.154,0.017,0.082,0.054,0.010,0.004,0.000,0.005,0.995,50.240
2610322995,2026-10-04 22:00:00,235.620,235.910,236.700,0.000,0.030,0.030,0.011,0.000,0.005,0.006,-0.008,0.000,-0.004,-0.003,0.825,50.240
2610322997,2026-10-04 22:00:00,229.970,231.360,229.780,0.260,0.330,0.290,0.203,0.059,0.076,0.067,-0.019,-0.008,-0.008,-0.002,0.996,50.240
2610323001,2026-10-04 22:00:00,231.130,229.480,229.640,0.190,0.220,0.210,0.137,0.041,0.049,0.046,0.030,0.011,0.011,0.007,0.978,50.240
2610323004,2026-10-04 22:00:00,63.740,63.190,63.660,0.110,0.100,0.100,0.014,0.005,0.004,0.005,0.012,0.004,0.004,0.003,0.744,50.240
2610323005,2026-10-04 22:00:00,232.050,232.420,231.930,0.000,0.000,0.000,0.001,0.000,0.001,0.000,0.000,0.000,0.000,0.000,0.942,50.230
2610323010,2026-10-04 22:00:00,234.050,233.440,232.780,0.050,0.000,0.000,0.009,0.009,0.000,0.000,-0.007,-0.007,0.000,0.000,0.762,50.230
2610323014,2026-10-04 22:00:00,232.960,233.010,233.720,0.040,0.000,0.000,0.009,0.008,0.000,0.000,-0.002,-0.001,0.000,0.000,0.927,50.240
2610323016,2026-10-04 22:00:00,231.230,229.690,229.890,0.100,0.080,0.030,0.053,0.028,0.018,0.007,0.009,0.005,0.002,0.001,0.990,50.230
2610323017,2026-10-04 22:00:00,235.890,236.590,235.670,0.040,0.020,0.020,0.015,0.007,0.003,0.003,-0.010,-0.004,-0.002,-0.002,0.852,50.220
2610323019,2026-10-04 22:00:00,231.940,232.630,232.030,0.020,0.020,0.030,0.015,0.004,0.005,0.005,-0.006,-0.001,-0.001,-0.003,0.949,50.240
2610323027,2026-10-04 22:00:00,236.680,235.460,236.000,0.020,0.030,0.020,0.014,0.004,0.005,0.003,-0.010,-0.003,-0.003,-0.003,0.805,50.220
2610170839,2026-10-04 22:01:00,235.410,235.810,236.550,0.010,0.020,0.030,0.014,0.001,0.004,0.008,-0.001,0.000,0.000,0.000,1.000,50.210
2510633393,2026-10-04 22:29:00,235.910,237.250,236.710,1.050,1.060,1.050,0.715,0.226,0.233,0.226,0.129,0.043,0.035,0.049,0.982,50.230
2246006313,2026-10-04 22:30:00,58.600,58.600,58.500,0.289,0.298,0.262,0.044,0.015,0.015,0.013,0.000,0.000,0.000,0.000,0.906,50.220
2410121326,2026-10-04 22:30:00,235.430,234.550,234.720,0.080,0.090,0.080,0.052,0.017,0.019,0.016,0.018,0.006,0.003,0.008,0.943,50.250
2410121353,2026-10-04 22:30:00,235.430,234.520,234.750,0.000,0.010,0.040,0.011,0.000,0.002,0.008,-0.002,0.000,0.000,0.000,1.000,50.270
2410121371,2026-10-04 22:30:00,235.450,234.380,234.640,0.010,0.010,0.030,0.009,0.000,0.000,0.007,-0.002,0.000,-0.001,0.000,0.911,50.230
2410121424,2026-10-04 22:30:00,235.140,234.330,234.500,0.010,0.010,0.010,0.004,0.000,0.001,0.002,-0.003,-0.001,-0.001,0.000,0.768,50.230
2410121440,2026-10-04 22:30:00,235.330,234.440,234.630,0.010,0.010,0.010,0.004,0.002,0.000,0.001,-0.003,-0.001,-0.001,0.000,0.818,50.240
2410121454,2026-10-04 22:30:00,234.520,235.280,234.400,0.060,0.150,0.100,0.073,0.013,0.036,0.024,-0.002,0.000,-0.001,-0.002,1.000,50.240
2410121457,2026-10-04 22:30:00,235.150,234.240,234.640,0.190,0.150,0.080,0.097,0.044,0.034,0.017,0.014,0.005,0.009,0.000,0.990,50.240
2410121574,2026-10-04 22:30:00,235.520,234.360,234.540,0.220,0.180,0.150,0.124,0.050,0.039,0.034,-0.035,-0.010,-0.013,-0.011,0.962,50.270
2410131378,2026-10-04 22:30:00,234.700,235.340,234.580,0.010,0.010,0.030,0.010,0.001,0.001,0.006,-0.004,-0.001,-0.001,0.000,0.935,50.230
2410131383,2026-10-04 22:30:00,238.430,237.730,237.130,0.040,0.030,0.040,0.023,0.009,0.006,0.008,-0.005,-0.001,-0.001,-0.002,0.992,50.260
2410131384,2026-10-04 22:30:00,234.310,235.010,234.140,0.040,0.150,0.090,0.063,0.008,0.034,0.020,0.005,0.000,0.002,0.002,0.989,50.240
2410131387,2026-10-04 22:30:00,236.640,237.880,237.460,0.040,0.030,0.040,0.023,0.008,0.006,0.008,-0.009,-0.003,-0.003,-0.003,0.929,50.250
2410320615,2026-10-04 22:30:00,236.600,237.840,237.750,0.180,0.180,0.130,0.112,0.040,0.042,0.029,0.021,0.007,0.005,0.007,0.977,50.230
2410883988,2026-10-04 22:30:00,234.040,234.380,233.960,0.020,0.000,0.080,0.024,0.004,0.000,0.019,-0.002,0.000,0.000,-0.002,1.000,50.270
2410883990,2026-10-04 22:30:00,234.330,233.880,233.970,0.020,0.000,0.170,0.043,0.003,0.000,0.040,0.004,0.002,0.000,0.001,0.992,50.270
2410883991,2026-10-04 22:30:00,233.610,233.910,234.690,0.220,0.180,0.330,0.170,0.051,0.042,0.077,0.016,0.005,0.005,0.004,0.993,50.240
2410883993,2026-10-04 22:30:00,234.270,233.390,233.610,1.200,1.150,1.140,0.787,0.278,0.243,0.263,-0.070,-0.021,-0.030,-0.018,0.996,50.260
2410883994,2026-10-04 22:30:00,234.850,233.800,234.210,0.020,0.050,0.020,0.018,0.004,0.011,0.003,-0.004,-0.001,-0.001,0.000,0.988,50.280
2410932742,2026-10-04 22:30:00,231.500,229.840,229.870,2.770,2.660,2.820,1.856,0.628,0.596,0.655,0.620,0.211,0.202,0.206,0.947,50.240
2411087432,2026-10-04 22:30:00,234.570,235.320,234.460,0.040,0.020,0.080,0.034,0.009,0.005,0.019,0.000,0.003,0.000,-0.003,0.999,50.260
2411087433,2026-10-04 22:30:00,234.130,234.370,235.080,0.060,0.040,0.050,0.030,0.011,0.008,0.009,-0.012,-0.004,-0.004,-0.003,0.919,50.270
2411290205,2026-10-04 22:30:00,237.040,236.250,237.590,0.130,0.110,0.100,0.080,0.030,0.025,0.024,0.001,0.001,0.000,0.000,1.000,50.240
2510014481,2026-10-04 22:30:00,230.360,230.320,231.810,1.720,1.780,1.800,1.170,0.391,0.385,0.393,0.646,0.204,0.189,0.192,0.858,50.270
2510014483,2026-10-04 22:30:00,233.920,234.100,234.890,0.050,0.040,0.060,0.024,0.009,0.005,0.009,-0.021,-0.006,-0.006,-0.009,0.754,50.280
2510014484,2026-10-04 22:30:00,237.190,236.450,237.850,0.080,0.040,0.080,0.048,0.020,0.009,0.019,-0.005,-0.001,-0.003,0.000,0.994,50.240
2510178139,2026-10-04 22:30:00,234.840,235.570,234.660,0.060,0.060,0.040,0.035,0.012,0.012,0.009,0.003,0.001,0.002,-0.001,0.982,50.260
2510178141,2026-10-04 22:30:00,234.810,234.810,235.540,0.020,0.010,0.020,0.006,0.002,0.000,0.003,-0.009,-0.004,-0.001,-0.003,0.577,50.250
2510203103,2026-10-04 22:30:00,228.080,226.330,226.400,0.110,0.130,0.100,0.073,0.024,0.028,0.021,-0.017,-0.006,-0.004,-0.006,0.967,50.230
2510203104,2026-10-04 22:30:00,228.390,228.480,229.180,0.170,0.200,0.190,0.125,0.039,0.044,0.042,0.008,-0.005,0.006,0.007,0.999,50.280
2510203105,2026-10-04 22:30:00,233.930,232.240,232.460,0.010,0.130,0.020,0.036,0.003,0.029,0.003,-0.003,0.000,-0.003,0.000,0.990,50.250
2510203106,2026-10-04 22:30:00,237.490,236.830,238.210,0.020,0.010,0.000,0.008,0.004,0.003,0.000,-0.003,-0.003,0.000,0.000,0.948,50.260
2510203107,2026-10-04 22:30:00,225.670,224.930,226.210,0.460,0.500,0.420,0.294,0.096,0.107,0.090,0.097,0.033,0.031,0.032,0.950,50.280
2510203108,2026-10-04 22:30:00,234.930,234.950,234.130,0.670,0.910,1.010,0.576,0.145,0.204,0.227,0.023,0.011,0.009,0.002,0.998,50.250
2510203109,2026-10-04 22:30:00,233.830,234.590,233.620,0.020,0.040,0.090,0.035,0.005,0.009,0.020,0.005,0.002,0.001,0.001,0.975,50.260
2510203111,2026-10-04 22:30:00,235.130,235.340,236.060,0.020,0.020,0.000,0.008,0.004,0.003,0.000,-0.002,-0.001,0.000,0.000,0.953,50.240
2510203113,2026-10-04 22:30:00,237.890,237.180,236.610,0.210,0.290,0.320,0.189,0.048,0.066,0.074,-0.046,-0.010,-0.018,-0.017,0.972,50.260
2510203114,2026-10-04 22:30:00,227.940,228.200,228.860,0.050,0.050,0.020,0.019,0.010,0.007,0.000,-0.016,-0.004,-0.006,-0.004,0.776,50.260
2510203117,2026-10-04 22:30:00,234.240,233.840,233.840,0.210,0.220,0.170,0.135,0.048,0.048,0.038,-0.039,-0.010,-0.018,-0.010,0.957,50.260
2510203120,2026-10-04 22:30:00,234.240,233.320,233.580,1.000,0.760,0.840,0.559,0.217,0.161,0.180,0.198,0.076,0.061,0.061,0.942,50.250
2510203121,2026-10-04 22:30:00,233.690,233.740,234.080,0.120,0.050,0.160,0.072,0.027,0.007,0.037,-0.026,-0.006,-0.007,-0.012,0.938,50.260
2510203122,2026-10-04 22:30:00,234.990,235.700,234.780,0.030,0.020,0.010,0.008,0.004,0.003,0.000,0.002,0.005,-0.002,-0.001,1.000,50.280
2510203123,2026-10-04 22:30:00,234.970,235.130,235.850,0.010,0.010,0.000,0.005,0.002,0.002,0.000,-0.003,-0.001,-0.001,0.000,0.936,50.270
2510203124,2026-10-04 22:30:00,234.850,235.300,234.460,0.130,0.130,0.150,0.080,0.025,0.025,0.030,0.044,0.014,0.015,0.014,0.879,50.250
2510203125,2026-10-04 22:30:00,236.510,237.800,237.230,0.020,0.010,0.070,0.022,0.003,0.002,0.015,-0.007,-0.003,-0.002,-0.001,0.946,50.260
2510203126,2026-10-04 22:30:00,233.660,233.690,234.140,0.080,0.020,0.000,0.023,0.019,0.004,0.000,-0.003,-0.002,0.000,0.000,0.991,50.240
2510203127,2026-10-04 22:30:00,234.720,235.430,234.640,0.240,0.300,0.210,0.151,0.046,0.062,0.042,0.091,0.030,0.034,0.025,0.856,50.240
2510203128,2026-10-04 22:30:00,233.310,233.600,232.030,2.170,2.140,2.240,1.486,0.496,0.485,0.504,0.176,0.035,0.060,0.080,0.993,50.240
2510203130,2026-10-04 22:30:00,244.530,244.560,246.210,0.000,0.010,0.080,0.023,0.000,0.003,0.019,0.000,0.000,0.000,0.001,1.000,50.250
2510203133,2026-10-04 22:30:00,235.170,235.790,234.960,0.020,0.020,0.000,0.009,0.004,0.004,0.000,-0.002,0.000,-0.002,0.000,0.983,50.250
2510203134,2026-10-04 22:30:00,234.890,233.750,233.960,0.020,0.010,0.010,0.007,0.004,0.001,0.001,-0.001,0.000,-0.001,0.000,0.959,50.230
2510224049,2026-10-04 22:30:00,233.800,234.180,233.830,15.480,14.300,7.590,7.420,2.720,3.130,1.550,-1.750,-0.670,-0.500,-0.560,0.973,50.270
2510224167,2026-10-04 22:30:00,233.310,233.260,233.740,5.950,4.490,4.780,2.720,1.210,0.730,0.770,-1.990,-0.590,-0.680,-0.710,0.807,50.240
2510317505,2026-10-04 22:30:00,233.710,233.810,234.160,12.070,3.670,5.270,3.810,2.410,0.590,0.800,-1.840,-0.550,-0.570,-0.710,0.900,50.260
2510317516,2026-10-04 22:30:00,233.440,233.410,233.820,0.000,0.000,0.000,0.000,0.000,0.000,0.000,0.000,0.000,0.000,0.000,1.000,50.240
2510317537,2026-10-04 22:30:00,233.470,233.490,234.260,2.640,2.800,2.570,1.770,0.610,0.600,0.560,-0.300,-0.090,-0.100,-0.090,0.986,50.240
2510389559,2026-10-04 22:30:00,237.370,236.700,238.090,0.000,0.000,0.000,0.000,0.000,0.000,0.000,0.000,0.000,0.000,0.000,1.000,50.250
2510389643,2026-10-04 22:30:00,237.680,236.890,238.280,16.000,15.780,15.080,10.410,3.320,3.600,3.470,-1.310,-0.180,-0.590,-0.530,0.992,50.260
2510389931,2026-10-04 22:30:00,237.380,236.350,237.790,8.740,4.950,15.090,6.690,2.020,1.130,3.530,-1.240,-0.430,-0.260,-0.540,0.983,50.280
2510633381,2026-10-04 22:30:00,234.670,233.610,233.900,0.060,0.070,0.010,0.029,0.011,0.015,0.002,-0.011,-0.004,-0.005,-0.001,0.936,50.240
2510633382,2026-10-04 22:30:00,236.570,237.940,237.390,0.120,0.130,0.160,0.082,0.022,0.027,0.032,-0.048,-0.015,-0.016,-0.017,0.864,50.240
2510633383,2026-10-04 22:30:00,234.630,234.650,235.440,0.110,0.080,0.090,0.025,0.006,0.008,0.009,-0.059,-0.024,-0.016,-0.018,0.388,50.240
2510633385,2026-10-04 22:30:00,237.970,237.280,238.630,0.330,0.310,0.260,0.209,0.076,0.071,0.060,-0.032,-0.007,-0.013,-0.011,0.987,50.240
2510633386,2026-10-04 22:30:00,219.580,219.860,220.610,0.030,0.020,0.010,0.011,0.005,0.003,0.002,0.003,0.002,0.000,0.001,0.989,50.240
2510633387,2026-10-04 22:30:00,234.560,235.210,234.420,0.010,0.000,0.150,0.036,0.001,0.000,0.034,-0.004,0.000,0.000,-0.004,0.986,50.230
2510633390,2026-10-04 22:30:00,233.910,234.720,233.600,0.030,0.010,0.010,0.009,0.005,0.002,0.001,-0.004,-0.003,0.000,0.000,0.927,50.240
2510633391,2026-10-04 22:30:00,123.520,123.010,123.090,0.000,0.000,0.000,0.000,0.000,0.000,0.000,0.000,0.000,0.000,0.000,1.000,50.240
2510633395,2026-10-04 22:30:00,234.660,235.300,234.480,0.000,0.000,0.000,0.000,0.000,0.000,0.000,0.000,0.000,0.000,0.000,1.000,50.260
2510633397,2026-10-04 22:30:00,240.750,239.580,239.780,0.040,0.030,0.040,0.027,0.010,0.007,0.009,-0.004,0.000,-0.001,-0.002,0.975,50.230
2510633399,2026-10-04 22:30:00,233.440,233.520,233.960,0.230,0.210,0.250,0.160,0.053,0.049,0.057,0.008,0.004,0.002,0.001,1.000,50.240
2510633400,2026-10-04 22:30:00,233.400,233.790,233.190,0.120,0.130,0.130,0.085,0.027,0.028,0.028,0.018,0.005,0.006,0.006,0.977,50.240
2510633402,2026-10-04 22:30:00,231.970,231.870,233.530,0.080,0.090,0.120,0.064,0.017,0.018,0.027,0.018,0.004,0.006,0.007,0.958,50.240
2510633406,2026-10-04 22:30:00,233.750,233.700,234.160,0.100,0.080,0.080,0.046,0.020,0.012,0.012,-0.034,-0.010,-0.011,-0.012,0.808,50.260
2510633411,2026-10-04 22:30:00,233.640,233.090,233.190,0.320,0.320,0.300,0.200,0.068,0.067,0.063,0.084,0.026,0.028,0.029,0.921,50.250
2510814977,2026-10-04 22:30:00,232.330,233.810,232.230,0.010,0.010,0.010,0.005,0.003,0.000,0.001,-0.002,0.000,-0.001,-0.001,0.880,50.280
2610026950,2026-10-04 22:30:00,234.240,233.700,233.770,0.010,0.000,0.010,0.006,0.002,0.001,0.003,-0.001,0.000,0.000,0.000,0.996,50.270
2610026952,2026-10-04 22:30:00,236.020,235.230,235.220,0.160,0.150,0.160,0.012,0.003,0.005,0.003,-0.108,-0.036,-0.035,-0.036,0.112,50.270
2610026953,2026-10-04 22:30:00,237.260,236.310,237.660,0.020,0.010,0.010,0.008,0.003,0.001,0.003,-0.002,0.000,0.000,0.000,0.973,50.260
2610026963,2026-10-04 22:30:00,234.840,234.770,235.620,0.200,0.180,0.110,0.105,0.042,0.040,0.022,-0.035,-0.015,-0.009,-0.010,0.950,50.240
2610026966,2026-10-04 22:30:00,228.320,228.590,227.840,0.000,0.000,0.000,0.000,0.000,0.000,0.000,0.000,0.000,0.000,0.000,1.000,50.250
2610026976,2026-10-04 22:30:00,234.610,234.460,235.480,0.220,0.900,0.560,0.379,0.049,0.200,0.129,-0.041,-0.011,-0.009,-0.020,0.993,50.240
2610026977,2026-10-04 22:30:00,239.460,239.380,238.650,0.080,0.590,0.610,0.301,0.018,0.139,0.143,-0.047,-0.004,-0.020,-0.022,0.988,50.260
2610126270,2026-10-04 22:30:00,233.920,234.240,233.900,0.020,0.040,0.010,0.013,0.003,0.008,0.002,-0.005,-0.001,-0.001,-0.001,0.900,50.280
2610126451,2026-10-04 22:30:00,234.880,235.510,234.700,0.010,0.010,0.020,0.008,0.001,0.001,0.005,0.000,0.000,0.000,0.000,0.995,50.250
2610159557,2026-10-04 22:30:00,234.710,233.690,233.910,0.020,0.010,0.010,0.006,0.003,0.001,0.001,-0.005,-0.002,0.000,-0.001,0.800,50.270
2610170785,2026-10-04 22:30:00,234.690,233.660,233.990,0.000,0.000,0.000,0.000,0.000,0.000,0.000,0.000,0.000,0.000,0.000,0.595,50.280
2610170786,2026-10-04 22:30:00,233.850,234.110,234.960,0.030,0.030,0.070,0.029,0.007,0.005,0.016,0.007,0.004,0.001,0.001,0.978,50.240
2610170836,2026-10-04 22:30:00,234.800,235.070,235.820,0.000,0.010,0.000,0.001,0.000,0.001,0.000,0.000,0.000,0.000,0.000,1.000,50.270
2610170837,2026-10-04 22:30:00,233.930,232.160,232.260,0.000,0.000,0.010,0.001,0.000,0.000,0.001,0.000,0.000,0.000,0.000,0.812,50.280
2610170838,2026-10-04 22:30:00,234.520,233.360,233.740,0.020,0.040,0.120,0.042,0.004,0.009,0.028,-0.001,0.000,0.000,-0.001,0.992,50.230
2610170839,2026-10-04 22:30:00,233.790,234.080,234.880,0.010,0.020,0.030,0.011,0.001,0.004,0.005,-0.002,0.000,0.000,0.000,0.975,50.270
2610170840,2026-10-04 22:30:00,237.480,236.490,237.950,0.230,0.120,0.380,0.170,0.053,0.028,0.088,-0.032,-0.011,-0.006,-0.013,0.981,50.280
2610322967,2026-10-04 22:30:00,235.100,233.930,234.000,0.000,0.000,0.010,0.001,0.000,0.000,0.001,0.000,0.000,0.000,0.000,1.000,50.260
2610322969,2026-10-04 22:30:00,233.660,233.030,233.650,0.680,0.470,0.070,0.180,0.146,0.017,0.015,0.165,0.057,0.107,0.000,0.738,50.230
2610322992,2026-10-04 22:30:00,232.340,232.770,233.920,0.070,0.330,0.260,0.154,0.016,0.077,0.061,-0.001,0.000,-0.004,0.001,0.997,50.270
2610322995,2026-10-04 22:30:00,233.770,234.080,234.850,0.000,0.030,0.030,0.011,0.000,0.005,0.006,-0.008,0.000,-0.003,-0.003,0.827,50.270
2610322997,2026-10-04 22:30:00,232.370,234.070,232.290,0.250,0.320,0.290,0.199,0.058,0.075,0.066,-0.021,-0.009,-0.009,-0.002,0.992,50.280
2610323001,2026-10-04 22:30:00,233.840,232.030,232.120,0.250,0.260,0.200,0.161,0.058,0.058,0.044,0.032,0.011,0.012,0.008,0.982,50.280
2610323004,2026-10-04 22:30:00,64.430,63.850,64.360,0.110,0.090,0.090,0.012,0.004,0.003,0.004,0.013,0.004,0.004,0.003,0.683,50.270
2610323005,2026-10-04 22:30:00,233.960,234.210,233.820,0.000,0.000,0.000,0.001,0.000,0.001,0.000,0.000,0.000,0.000,0.000,0.961,50.270
2610323010,2026-10-04 22:30:00,238.020,237.370,236.630,0.060,0.000,0.000,0.011,0.011,0.000,0.000,-0.007,-0.007,0.000,0.000,0.850,50.270
2610323014,2026-10-04 22:30:00,234.920,234.970,235.770,0.040,0.000,0.000,0.009,0.008,0.000,0.000,-0.002,-0.001,0.000,0.000,1.000,50.280
2610323016,2026-10-04 22:30:00,233.610,232.030,232.220,0.100,0.080,0.020,0.046,0.024,0.018,0.004,0.006,0.003,0.002,0.000,0.996,50.270
2610323017,2026-10-04 22:30:00,233.680,234.480,233.580,0.040,0.020,0.020,0.015,0.007,0.003,0.003,-0.010,-0.004,-0.002,-0.002,0.853,50.260
2610323019,2026-10-04 22:30:00,233.670,234.260,233.800,0.060,0.060,0.030,0.033,0.013,0.013,0.006,-0.009,-0.003,-0.004,-0.001,0.958,50.270
2610323027,2026-10-04 22:30:00,234.780,233.650,233.970,0.020,0.030,0.020,0.014,0.004,0.005,0.003,-0.010,-0.003,-0.003,-0.003,0.805,50.250
2510014482,2026-10-04 22:31:00,234.710,235.280,234.440,0.010,0.040,0.000,0.011,0.002,0.008,0.000,-0.001,-0.002,0.000,0.000,1.000,50.280
2510633396,2026-10-04 22:31:00,235.070,234.190,234.770,0.260,0.300,0.250,0.161,0.049,0.063,0.051,0.090,0.031,0.030,0.029,0.874,50.250
2610159558,2026-10-04 22:32:00,233.710,234.050,234.800,0.000,0.000,0.000,0.001,0.000,0.000,0.000,0.000,0.000,0.000,0.000,1.000,50.210
2610322982,2026-10-04 22:32:00,233.800,233.970,234.800,0.010,0.010,0.020,0.010,0.002,0.002,0.004,-0.006,-0.001,-0.001,-0.003,0.842,50.210
2510633393,2026-10-04 22:59:00,236.840,238.190,237.500,1.120,1.140,1.120,0.776,0.255,0.262,0.257,0.163,0.056,0.047,0.060,0.978,50.220
2246006313,2026-10-04 23:00:00,59.000,59.000,58.900,0.279,0.291,0.257,0.044,0.015,0.015,0.013,0.000,0.000,0.000,0.000,0.901,50.250
2410121326,2026-10-04 23:00:00,235.450,234.650,234.780,0.070,0.080,0.080,0.051,0.016,0.019,0.015,0.017,0.005,0.003,0.008,0.953,50.250
2410121353,2026-10-04 23:00:00,234.980,234.210,234.390,0.000,0.010,0.040,0.011,0.000,0.002,0.008,-0.002,0.000,0.000,0.000,1.000,50.210
2410121371,2026-10-04 23:00:00,235.430,234.500,234.680,0.040,0.010,0.030,0.017,0.009,0.000,0.007,0.000,0.001,-0.001,0.000,1.000,50.210
2410121424,2026-10-04 23:00:00,234.850,234.150,234.300,0.010,0.010,0.010,0.004,0.000,0.001,0.002,-0.003,-0.001,-0.001,0.000,0.767,50.190
2410121440,2026-10-04 23:00:00,234.870,234.050,234.180,0.010,0.010,0.010,0.004,0.002,0.000,0.001,-0.003,-0.001,-0.001,0.000,0.818,50.180
2410121454,2026-10-04 23:00:00,234.240,234.980,234.150,0.100,0.240,0.120,0.103,0.020,0.054,0.028,0.021,0.009,0.006,0.005,0.982,50.190
2410121457,2026-10-04 23:00:00,235.320,234.520,234.770,0.160,0.140,0.100,0.095,0.038,0.033,0.023,0.010,0.004,0.005,0.000,0.994,50.230
2410121574,2026-10-04 23:00:00,235.070,234.020,234.160,0.260,0.210,0.190,0.150,0.059,0.048,0.042,-0.033,-0.009,-0.012,-0.011,0.977,50.180
2410131378,2026-10-04 23:00:00,234.670,235.350,234.620,0.010,0.010,0.030,0.010,0.002,0.001,0.006,-0.002,0.000,-0.001,0.000,1.000,50.200
2410131383,2026-10-04 23:00:00,239.260,238.490,237.920,0.040,0.030,0.050,0.029,0.010,0.006,0.012,-0.005,-0.001,-0.001,-0.002,0.991,50.240
2410131384,2026-10-04 23:00:00,235.900,236.580,235.750,0.040,0.150,0.080,0.057,0.008,0.033,0.019,0.004,0.000,0.002,0.001,1.000,50.250
2410131387,2026-10-04 23:00:00,236.990,238.260,237.790,0.030,0.030,0.030,0.018,0.007,0.005,0.005,-0.009,-0.003,-0.003,-0.003,0.900,50.190
2410320615,2026-10-04 23:00:00,238.640,239.890,239.830,0.170,0.150,0.120,0.102,0.039,0.034,0.027,0.019,0.007,0.004,0.007,0.986,50.270
2410883988,2026-10-04 23:00:00,235.310,235.580,235.160,0.020,0.000,0.090,0.024,0.004,0.000,0.019,-0.003,0.000,0.000,-0.002,0.982,50.220
2410883990,2026-10-04 23:00:00,235.330,234.870,235.140,0.020,0.000,0.110,0.029,0.003,0.000,0.026,0.004,0.002,0.000,0.001,0.989,50.260
2410883991,2026-10-04 23:00:00,235.330,235.540,236.400,0.190,0.160,0.310,0.153,0.043,0.037,0.072,-0.007,0.000,-0.002,-0.004,0.999,50.260
2410883993,2026-10-04 23:00:00,235.440,234.520,234.810,1.010,0.980,0.960,0.681,0.232,0.227,0.221,-0.086,-0.028,-0.033,-0.024,0.992,50.250
2410883994,2026-10-04 23:00:00,236.510,235.500,235.860,0.020,0.050,0.020,0.020,0.004,0.011,0.005,-0.004,-0.001,-0.001,-0.001,0.994,50.270
2410932742,2026-10-04 23:00:00,233.550,232.110,232.100,2.180,2.110,2.230,1.340,0.451,0.429,0.459,0.530,0.177,0.172,0.181,0.931,50.250
2411087432,2026-10-04 23:00:00,235.980,236.330,235.600,0.040,0.020,0.080,0.031,0.009,0.004,0.017,-0.003,0.003,-0.003,-0.003,1.000,50.230
2411087433,2026-10-04 23:00:00,235.140,235.350,236.060,0.050,0.040,0.050,0.031,0.011,0.008,0.010,-0.013,-0.004,-0.004,-0.003,0.921,50.250
2411290205,2026-10-04 23:00:00,238.770,237.990,239.270,0.120,0.120,0.140,0.088,0.027,0.027,0.032,0.004,0.001,0.000,0.001,1.000,50.260
2510014481,2026-10-04 23:00:00,231.760,231.680,232.790,1.880,1.900,2.070,1.003,0.325,0.322,0.440,0.679,0.223,0.226,0.228,0.863,50.250
2510014482,2026-10-04 23:00:00,235.760,236.360,235.640,0.010,0.040,0.000,0.011,0.002,0.008,0.000,-0.001,-0.002,0.000,0.000,1.000,50.240
2510014484,2026-10-04 23:00:00,238.890,238.120,239.560,0.090,0.070,0.100,0.060,0.020,0.017,0.023,-0.004,-0.001,-0.001,-0.001,0.991,50.260
2510178139,2026-10-04 23:00:00,235.840,236.580,235.750,0.060,0.060,0.040,0.037,0.013,0.013,0.010,0.003,0.002,0.002,-0.001,0.988,50.270
2510178141,2026-10-04 23:00:00,235.950,235.810,236.460,0.020,0.010,0.020,0.007,0.002,0.000,0.003,-0.009,-0.004,-0.001,-0.003,0.588,50.260
2510203103,2026-10-04 23:00:00,230.110,228.610,228.670,0.120,0.140,0.110,0.078,0.026,0.031,0.021,-0.017,-0.006,-0.005,-0.006,0.973,50.260
2510203104,2026-10-04 23:00:00,229.640,229.640,230.390,0.180,0.160,0.180,0.116,0.039,0.035,0.041,0.010,-0.005,0.008,0.007,0.999,50.220
2510203105,2026-10-04 23:00:00,235.580,234.070,234.320,0.020,0.210,0.020,0.055,0.003,0.048,0.003,0.002,0.000,0.003,0.000,1.000,50.280
2510203106,2026-10-04 23:00:00,238.510,237.700,239.120,0.020,0.010,0.000,0.008,0.004,0.003,0.000,-0.003,-0.003,0.000,0.000,0.948,50.240
2510203107,2026-10-04 23:00:00,226.740,226.080,227.340,0.330,0.350,0.310,0.220,0.072,0.078,0.069,0.032,0.010,0.009,0.012,0.991,50.250
2510203108,2026-10-04 23:00:00,235.810,236.310,235.570,0.690,0.850,1.080,0.591,0.153,0.197,0.241,0.019,0.005,0.011,0.005,1.000,50.240
2510203109,2026-10-04 23:00:00,235.130,235.850,234.830,0.020,0.040,0.080,0.031,0.003,0.009,0.018,0.005,0.002,0.001,0.001,0.974,50.280
2510203111,2026-10-04 23:00:00,236.010,236.130,236.780,0.020,0.020,0.000,0.008,0.004,0.004,0.000,-0.002,-0.001,0.000,0.000,1.000,50.250
2510203113,2026-10-04 23:00:00,239.430,238.870,238.290,0.180,0.280,0.290,0.174,0.043,0.064,0.066,-0.047,-0.010,-0.018,-0.018,0.961,50.220
2510203117,2026-10-04 23:00:00,235.430,235.030,235.030,0.220,0.220,0.170,0.136,0.049,0.048,0.038,-0.038,-0.008,-0.018,-0.011,0.961,50.240
2510203121,2026-10-04 23:00:00,234.970,235.080,235.360,0.120,0.050,0.150,0.067,0.027,0.007,0.033,-0.026,-0.006,-0.007,-0.011,0.937,50.250
2510203122,2026-10-04 23:00:00,236.000,236.670,235.920,0.030,0.040,0.010,0.008,0.004,0.003,0.000,0.002,0.005,-0.002,-0.001,0.917,50.220
2510203123,2026-10-04 23:00:00,235.940,235.970,236.770,0.010,0.010,0.000,0.005,0.002,0.002,0.000,-0.003,-0.001,-0.001,0.000,0.948,50.220
2510203124,2026-10-04 23:00:00,235.910,236.200,235.460,0.140,0.140,0.160,0.089,0.028,0.028,0.032,0.045,0.014,0.016,0.015,0.895,50.280
2510203125,2026-10-04 23:00:00,237.890,239.200,238.550,0.020,0.010,0.070,0.022,0.003,0.002,0.015,-0.007,-0.003,-0.002,-0.002,0.970,50.250
2510203127,2026-10-04 23:00:00,234.770,235.420,234.670,0.240,0.300,0.210,0.150,0.046,0.061,0.042,0.091,0.030,0.034,0.025,0.855,50.270
2510203128,2026-10-04 23:00:00,235.120,235.430,233.980,2.210,2.190,2.220,1.511,0.509,0.498,0.503,0.181,0.038,0.063,0.080,0.992,50.260
2510203130,2026-10-04 23:00:00,246.420,246.380,247.890,0.000,0.010,0.040,0.013,0.000,0.003,0.010,-0.001,0.000,-0.001,0.000,0.999,50.280
2510203133,2026-10-04 23:00:00,235.950,236.480,235.810,0.020,0.020,0.000,0.009,0.004,0.004,0.000,-0.002,0.000,-0.002,0.000,0.993,50.260
2510203134,2026-10-04 23:00:00,236.660,235.600,235.740,0.020,0.010,0.010,0.007,0.004,0.001,0.001,-0.001,0.000,-0.001,0.000,0.964,50.260
2510224049,2026-10-04 23:00:00,234.890,235.140,234.880,15.430,14.150,7.580,7.380,2.720,3.100,1.560,-1.730,-0.680,-0.470,-0.570,0.973,50.250
2510224167,2026-10-04 23:00:00,234.880,235.020,235.390,5.950,4.500,4.800,2.720,1.220,0.730,0.770,-2.020,-0.600,-0.690,-0.720,0.802,50.260
2510317505,2026-10-04 23:00:00,234.930,235.100,235.360,12.000,3.680,5.270,3.810,2.410,0.590,0.800,-1.850,-0.550,-0.570,-0.720,0.899,50.250
2510317516,2026-10-04 23:00:00,234.990,235.030,235.350,0.000,0.000,0.000,0.000,0.000,0.000,0.000,0.000,0.000,0.000,0.000,1.000,50.250
2510317537,2026-10-04 23:00:00,235.160,235.240,235.980,2.630,2.550,2.460,1.790,0.610,0.580,0.580,-0.310,-0.100,-0.100,-0.100,0.986,50.260
2510389559,2026-10-04 23:00:00,239.310,238.520,239.950,0.000,0.000,0.000,0.000,0.000,0.000,0.000,0.000,0.000,0.000,0.000,1.000,50.240
2510389643,2026-10-04 23:00:00,239.190,238.330,239.760,4.990,15.760,15.030,8.200,1.090,3.620,3.490,-1.310,-0.170,-0.620,-0.520,0.987,50.270
2510389931,2026-10-04 23:00:00,238.250,237.320,238.760,8.730,4.950,15.020,6.700,2.020,1.130,3.530,-1.250,-0.430,-0.260,-0.540,0.983,50.250
2510633381,2026-10-04 23:00:00,235.730,234.800,234.980,0.050,0.070,0.010,0.026,0.009,0.014,0.001,-0.012,-0.005,-0.005,-0.001,0.902,50.270
2510633382,2026-10-04 23:00:00,237.590,239.000,238.360,0.120,0.120,0.150,0.081,0.025,0.024,0.030,-0.042,-0.013,-0.013,-0.015,0.903,50.220
2510633383,2026-10-04 23:00:00,235.460,235.410,236.090,0.110,0.080,0.090,0.018,0.007,0.002,0.008,-0.062,-0.024,-0.019,-0.018,0.277,50.280
2510633385,2026-10-04 23:00:00,238.870,238.140,239.510,0.160,0.310,0.250,0.169,0.037,0.071,0.059,-0.029,-0.004,-0.014,-0.010,0.983,50.230
2510633386,2026-10-04 23:00:00,220.250,220.470,221.230,0.030,0.020,0.010,0.012,0.007,0.003,0.002,0.003,0.002,0.000,0.001,0.932,50.220
2510633387,2026-10-04 23:00:00,234.700,235.340,234.630,0.010,0.000,0.150,0.036,0.001,0.000,0.034,-0.004,0.000,0.000,-0.004,0.991,50.220
2510633390,2026-10-04 23:00:00,234.640,235.420,234.420,0.030,0.010,0.010,0.009,0.005,0.002,0.001,-0.004,-0.003,0.000,0.000,0.897,50.240
2510633391,2026-10-04 23:00:00,123.530,123.110,123.130,0.000,0.000,0.000,0.000,0.000,0.000,0.000,0.000,0.000,0.000,0.000,1.000,50.240
2510633395,2026-10-04 23:00:00,235.690,236.320,235.700,0.000,0.000,0.000,0.000,0.000,0.000,0.000,0.000,0.000,0.000,0.000,1.000,50.280
2510633396,2026-10-04 23:00:00,235.910,235.250,235.630,0.280,0.320,0.280,0.182,0.057,0.066,0.057,0.095,0.032,0.031,0.031,0.879,50.280
2510633397,2026-10-04 23:00:00,241.510,240.380,240.680,0.030,0.030,0.030,0.021,0.006,0.007,0.007,-0.006,-0.002,-0.001,-0.001,0.955,50.230
2510633399,2026-10-04 23:00:00,234.510,234.570,235.000,0.190,0.220,0.220,0.146,0.043,0.050,0.052,0.008,0.003,0.002,0.002,0.995,50.270
2510633400,2026-10-04 23:00:00,234.470,234.760,234.280,0.120,0.130,0.130,0.084,0.027,0.028,0.028,0.021,0.006,0.007,0.006,0.968,50.240
2510633402,2026-10-04 23:00:00,232.630,232.630,234.180,0.080,0.090,0.130,0.065,0.017,0.018,0.029,0.019,0.004,0.006,0.008,0.950,50.230
2510633406,2026-10-04 23:00:00,234.800,234.890,235.460,0.100,0.080,0.080,0.046,0.020,0.012,0.012,-0.034,-0.010,-0.012,-0.012,0.795,50.240
2510633411,2026-10-04 23:00:00,234.240,233.690,233.830,0.370,0.370,0.360,0.234,0.081,0.077,0.075,0.107,0.033,0.035,0.038,0.907,50.250
2510814977,2026-10-04 23:00:00,233.750,234.990,233.670,0.010,0.010,0.010,0.004,0.002,0.000,0.002,-0.004,-0.001,-0.001,-0.001,0.750,50.240
2610026950,2026-10-04 23:00:00,235.280,234.790,234.970,0.010,0.000,0.010,0.004,0.001,0.001,0.002,0.000,0.000,0.000,0.000,0.963,50.240
2610026952,2026-10-04 23:00:00,236.580,235.940,235.820,0.160,0.160,0.160,0.012,0.003,0.005,0.003,-0.109,-0.036,-0.036,-0.036,0.111,50.240
2610026953,2026-10-04 23:00:00,238.650,237.740,239.160,0.020,0.010,0.010,0.008,0.003,0.002,0.003,-0.002,0.000,0.000,0.000,0.992,50.250
2610026963,2026-10-04 23:00:00,235.780,235.630,236.370,0.180,0.120,0.100,0.080,0.036,0.024,0.019,-0.044,-0.018,-0.012,-0.013,0.870,50.270
2610026966,2026-10-04 23:00:00,231.190,231.510,230.720,0.000,0.000,0.000,0.000,0.000,0.000,0.000,0.000,0.000,0.000,0.000,1.000,50.280
2610026976,2026-10-04 23:00:00,235.480,235.280,236.170,0.190,0.890,0.630,0.391,0.044,0.198,0.147,-0.035,-0.006,-0.010,-0.019,0.995,50.280
2610026977,2026-10-04 23:00:00,242.330,242.460,241.630,0.080,0.400,0.570,0.249,0.018,0.095,0.135,-0.046,-0.004,-0.018,-0.022,0.982,50.240
2610126270,2026-10-04 23:00:00,235.090,235.270,234.980,0.030,0.050,0.010,0.018,0.005,0.010,0.002,-0.005,-0.002,-0.001,-0.001,0.929,50.250
2610126451,2026-10-04 23:00:00,235.910,236.480,235.640,0.010,0.010,0.140,0.017,0.001,0.001,0.015,0.001,0.000,0.000,0.002,0.960,50.260
2610159557,2026-10-04 23:00:00,235.650,234.690,234.880,0.020,0.010,0.010,0.006,0.003,0.001,0.001,-0.005,-0.002,0.000,-0.001,0.824,50.250
2610159558,2026-10-04 23:00:00,234.820,235.070,235.860,0.000,0.000,0.000,0.001,0.000,0.000,0.000,0.000,0.000,0.000,0.000,1.000,50.250
2610170785,2026-10-04 23:00:00,235.530,234.550,234.860,0.000,0.000,0.000,0.000,0.000,0.000,0.000,0.000,0.000,0.000,0.000,0.627,50.240
2610170786,2026-10-04 23:00:00,235.520,235.740,236.600,0.030,0.030,0.070,0.027,0.005,0.005,0.016,0.007,0.003,0.001,0.001,0.952,50.250
2610170836,2026-10-04 23:00:00,235.440,235.630,236.350,0.000,0.010,0.000,0.001,0.000,0.001,0.000,0.000,0.000,0.000,0.000,1.000,50.250
2610170837,2026-10-04 23:00:00,235.030,233.520,233.640,0.000,0.000,0.010,0.001,0.000,0.000,0.001,0.000,0.000,0.000,0.000,0.806,50.250
2610170838,2026-10-04 23:00:00,236.090,234.930,235.330,0.020,0.060,0.110,0.043,0.004,0.013,0.025,-0.001,0.000,0.000,-0.001,0.994,50.240
2610170839,2026-10-04 23:00:00,234.610,234.830,235.610,0.010,0.020,0.030,0.011,0.001,0.004,0.006,-0.001,0.000,0.000,0.000,0.977,50.250
2610170840,2026-10-04 23:00:00,238.330,237.380,238.880,0.220,0.120,0.380,0.168,0.051,0.028,0.088,-0.032,-0.011,-0.006,-0.014,0.980,50.250
2610322967,2026-10-04 23:00:00,235.960,234.870,234.890,0.000,0.000,0.010,0.001,0.000,0.000,0.001,0.000,0.000,0.000,0.000,1.000,50.240
2610322969,2026-10-04 23:00:00,234.830,234.150,234.870,0.640,0.490,0.070,0.187,0.139,0.031,0.015,0.165,0.055,0.110,0.000,0.738,50.250
2610322982,2026-10-04 23:00:00,234.930,235.090,235.920,0.010,0.010,0.020,0.010,0.002,0.002,0.004,-0.006,-0.001,-0.002,-0.003,0.842,50.260
2610322992,2026-10-04 23:00:00,233.710,234.110,234.980,0.080,0.360,0.250,0.159,0.017,0.084,0.057,0.013,0.004,0.000,0.009,0.994,50.250
2610322995,2026-10-04 23:00:00,234.740,234.930,235.660,0.000,0.030,0.030,0.011,0.000,0.005,0.006,-0.008,0.000,-0.004,-0.003,0.824,50.240
2610322997,2026-10-04 23:00:00,233.920,235.260,233.830,0.200,0.240,0.190,0.140,0.043,0.054,0.041,-0.039,-0.014,-0.013,-0.010,0.965,50.250
2610323001,2026-10-04 23:00:00,234.950,233.360,233.400,0.210,0.300,0.280,0.180,0.048,0.067,0.064,0.037,0.011,0.013,0.013,0.981,50.250
2610323004,2026-10-04 23:00:00,64.790,64.290,64.710,0.120,0.100,0.100,0.014,0.005,0.004,0.005,0.014,0.005,0.004,0.004,0.705,50.250
2610323005,2026-10-04 23:00:00,235.150,235.400,234.970,0.000,0.000,0.000,0.001,0.000,0.001,0.000,0.000,0.000,0.000,0.000,0.951,50.240
2610323010,2026-10-04 23:00:00,238.870,238.190,237.490,0.050,0.000,0.000,0.009,0.009,0.000,0.000,-0.007,-0.007,0.000,0.000,0.770,50.240
2610323014,2026-10-04 23:00:00,235.620,235.610,236.310,0.040,0.000,0.000,0.008,0.008,0.000,0.000,-0.002,-0.001,0.000,0.000,0.995,50.250
2610323016,2026-10-04 23:00:00,235.020,233.720,233.750,0.110,0.080,0.020,0.047,0.024,0.018,0.004,0.007,0.004,0.002,0.000,0.981,50.270
2610323017,2026-10-04 23:00:00,235.340,235.840,234.940,0.040,0.020,0.020,0.015,0.007,0.003,0.003,-0.010,-0.004,-0.002,-0.002,0.810,50.260
2610323019,2026-10-04 23:00:00,235.120,235.580,235.170,0.020,0.020,0.030,0.016,0.005,0.004,0.006,-0.005,-0.001,-0.001,-0.002,0.954,50.260
2610323027,2026-10-04 23:00:00,236.370,235.270,235.550,0.020,0.030,0.020,0.014,0.004,0.005,0.003,-0.010,-0.003,-0.003,-0.003,0.802,50.260
2510014483,2026-10-04 23:01:00,233.840,234.030,234.750,0.040,0.030,0.050,0.021,0.007,0.005,0.008,-0.021,-0.006,-0.005,-0.008,0.702,50.220
2510203114,2026-10-04 23:01:00,227.740,228.020,228.670,0.050,0.060,0.020,0.023,0.011,0.010,0.000,-0.014,-0.003,-0.006,-0.004,0.835,50.240
2510203120,2026-10-04 23:01:00,234.590,233.660,233.900,1.030,0.800,0.830,0.578,0.225,0.172,0.180,0.204,0.077,0.062,0.064,0.942,50.220
2510203126,2026-10-04 23:01:00,234.120,234.180,234.510,0.090,0.020,0.000,0.024,0.019,0.004,0.000,-0.003,-0.002,0.000,0.000,0.971,50.170
2510633393,2026-10-04 23:29:00,236.520,237.840,237.120,1.050,1.060,1.040,0.713,0.236,0.243,0.233,0.140,0.047,0.040,0.052,0.980,50.180
2246006313,2026-10-04 23:30:00,58.800,58.800,58.700,0.278,0.291,0.260,0.044,0.015,0.015,0.013,0.000,0.000,0.000,0.000,0.919,50.180
2410121326,2026-10-04 23:30:00,235.690,234.890,235.060,0.090,0.090,0.080,0.053,0.018,0.019,0.015,0.020,0.008,0.004,0.008,0.929,50.160
2410121353,2026-10-04 23:30:00,235.840,235.090,235.210,0.000,0.010,0.040,0.011,0.000,0.002,0.008,-0.002,0.000,0.000,0.000,0.997,50.220
2410121371,2026-10-04 23:30:00,236.190,235.260,235.400,0.010,0.010,0.030,0.009,0.001,0.000,0.007,-0.002,0.000,-0.001,0.000,0.963,50.200
2410121424,2026-10-04 23:30:00,235.820,235.030,235.130,0.010,0.010,0.010,0.004,0.000,0.001,0.002,-0.003,-0.001,-0.001,0.000,0.766,50.190
2410121440,2026-10-04 23:30:00,235.760,234.960,235.060,0.010,0.010,0.010,0.004,0.002,0.000,0.001,-0.003,-0.001,-0.001,0.000,0.823,50.190
2410121454,2026-10-04 23:30:00,235.140,235.960,235.130,0.070,0.150,0.110,0.075,0.015,0.034,0.024,0.011,0.005,0.003,0.002,0.994,50.190
2410121457,2026-10-04 23:30:00,235.700,234.910,235.130,0.160,0.140,0.100,0.094,0.038,0.033,0.023,0.010,0.004,0.005,0.000,0.998,50.210
2410121574,2026-10-04 23:30:00,236.180,235.170,235.280,0.200,0.190,0.140,0.117,0.046,0.041,0.030,-0.038,-0.011,-0.015,-0.012,0.950,50.210
2410131378,2026-10-04 23:30:00,235.430,236.100,235.460,0.010,0.010,0.030,0.010,0.001,0.001,0.006,-0.004,-0.001,-0.001,0.000,0.933,50.210
2410131383,2026-10-04 23:30:00,239.070,238.310,237.870,0.040,0.030,0.040,0.025,0.008,0.006,0.009,-0.005,0.000,-0.002,-0.002,0.987,50.170
2410131384,2026-10-04 23:30:00,234.520,235.310,234.420,0.040,0.150,0.100,0.064,0.009,0.031,0.024,0.006,0.000,0.003,0.003,0.991,50.180
2410131387,2026-10-04 23:30:00,237.750,238.940,238.430,0.040,0.030,0.030,0.018,0.007,0.005,0.004,-0.009,-0.003,-0.003,-0.003,0.861,50.210
2410320615,2026-10-04 23:30:00,237.560,238.680,238.590,0.190,0.180,0.140,0.117,0.043,0.041,0.032,0.028,0.009,0.008,0.009,0.969,50.180
2410883988,2026-10-04 23:30:00,234.810,235.130,234.700,0.020,0.000,0.090,0.024,0.004,0.000,0.019,-0.003,0.000,0.000,-0.002,0.983,50.210
2410883990,2026-10-04 23:30:00,235.050,234.550,234.720,0.020,0.000,0.110,0.029,0.003,0.000,0.026,0.004,0.002,0.000,0.001,0.977,50.170
2410883991,2026-10-04 23:30:00,234.170,234.380,235.170,0.090,0.070,0.170,0.076,0.020,0.014,0.040,-0.009,-0.002,-0.002,-0.003,0.990,50.160
2410883993,2026-10-04 23:30:00,235.290,234.440,234.580,0.880,0.790,0.800,0.566,0.204,0.179,0.182,-0.095,-0.031,-0.039,-0.024,0.986,50.190
2410883994,2026-10-04 23:30:00,235.260,234.260,234.610,0.020,0.050,0.020,0.019,0.003,0.010,0.005,-0.004,-0.001,-0.001,-0.001,0.991,50.170
2410932742,2026-10-04 23:30:00,231.830,230.300,230.250,3.180,3.110,3.290,2.046,0.690,0.664,0.692,0.636,0.212,0.217,0.224,0.954,50.190
2411087432,2026-10-04 23:30:00,234.890,235.570,234.790,0.030,0.030,0.090,0.035,0.007,0.006,0.021,0.001,0.001,0.000,0.000,1.000,50.210
2411087433,2026-10-04 23:30:00,234.970,235.140,235.910,0.050,0.040,0.050,0.030,0.011,0.008,0.010,-0.012,-0.004,-0.004,-0.003,0.911,50.190
2411290205,2026-10-04 23:30:00,237.800,237.220,238.420,0.140,0.110,0.100,0.082,0.033,0.024,0.024,0.006,0.002,0.005,0.000,1.000,50.160
2510014481,2026-10-04 23:30:00,231.830,231.670,232.960,1.690,1.680,1.950,1.083,0.386,0.370,0.417,0.584,0.187,0.198,0.197,0.906,50.190
2510014482,2026-10-04 23:30:00,234.990,235.580,234.750,0.010,0.040,0.000,0.011,0.002,0.008,0.000,-0.001,-0.002,0.000,0.000,1.000,50.200
2510014483,2026-10-04 23:30:00,234.570,234.710,235.520,0.040,0.030,0.050,0.019,0.007,0.004,0.007,-0.021,-0.006,-0.005,-0.008,0.675,50.180
2510014484,2026-10-04 23:30:00,237.730,237.120,238.390,0.070,0.030,0.080,0.041,0.016,0.007,0.017,-0.003,0.000,-0.002,0.000,0.995,50.160
2510178139,2026-10-04 23:30:00,235.210,235.920,235.070,0.050,0.050,0.040,0.032,0.010,0.011,0.010,0.003,0.001,0.002,0.000,1.000,50.190
2510178141,2026-10-04 23:30:00,234.820,234.820,235.550,0.020,0.010,0.020,0.005,0.002,0.000,0.002,-0.009,-0.004,-0.001,-0.003,0.468,50.160
2510203103,2026-10-04 23:30:00,228.820,227.230,227.250,0.100,0.120,0.090,0.068,0.022,0.027,0.018,-0.016,-0.006,-0.004,-0.005,0.968,50.190
2510203104,2026-10-04 23:30:00,228.680,228.770,229.490,0.190,0.180,0.170,0.122,0.043,0.041,0.037,0.009,-0.005,0.006,0.009,0.997,50.210
2510203105,2026-10-04 23:30:00,235.050,233.470,233.620,0.020,0.130,0.020,0.038,0.003,0.031,0.003,-0.002,0.000,-0.002,0.000,1.000,50.190
2510203106,2026-10-04 23:30:00,237.990,237.360,238.610,0.020,0.010,0.000,0.008,0.004,0.003,0.000,-0.003,-0.003,0.000,0.000,0.959,50.190
2510203107,2026-10-04 23:30:00,226.400,225.860,226.990,0.390,0.400,0.370,0.253,0.084,0.088,0.081,0.069,0.023,0.021,0.024,0.963,50.170
2510203108,2026-10-04 23:30:00,234.610,235.370,234.490,0.750,0.790,1.020,0.569,0.163,0.177,0.229,0.039,0.022,0.012,0.003,0.998,50.180
2510203109,2026-10-04 23:30:00,234.660,235.390,234.360,0.020,0.040,0.080,0.032,0.004,0.009,0.018,0.004,0.002,0.001,0.001,0.987,50.200
2510203111,2026-10-04 23:30:00,234.790,234.970,235.690,0.020,0.020,0.000,0.008,0.004,0.004,0.000,-0.002,-0.001,0.000,0.000,1.000,50.180
2510203113,2026-10-04 23:30:00,238.680,238.080,237.650,0.190,0.280,0.320,0.180,0.043,0.064,0.072,-0.047,-0.009,-0.019,-0.017,0.966,50.210
2510203114,2026-10-04 23:30:00,228.700,228.990,229.660,0.070,0.050,0.020,0.024,0.014,0.009,0.000,-0.019,-0.005,-0.008,-0.004,0.779,50.180
2510203117,2026-10-04 23:30:00,234.910,234.480,234.590,0.220,0.220,0.170,0.137,0.050,0.048,0.038,-0.038,-0.008,-0.018,-0.011,0.965,50.180
2510203120,2026-10-04 23:30:00,234.630,233.630,233.880,0.930,0.770,0.820,0.550,0.205,0.167,0.177,0.189,0.068,0.059,0.061,0.945,50.180
2510203121,2026-10-04 23:30:00,234.540,234.640,234.980,0.100,0.050,0.150,0.063,0.022,0.007,0.032,-0.025,-0.006,-0.007,-0.011,0.925,50.190
2510203122,2026-10-04 23:30:00,234.990,235.730,234.910,0.030,0.020,0.010,0.010,0.004,0.005,0.000,0.001,0.005,-0.002,-0.001,0.998,50.220
2510203123,2026-10-04 23:30:00,235.040,235.110,235.930,0.010,0.010,0.000,0.005,0.002,0.002,0.000,-0.003,-0.001,-0.001,0.000,0.942,50.200
2510203124,2026-10-04 23:30:00,235.170,235.520,234.730,0.140,0.140,0.160,0.091,0.029,0.028,0.033,0.045,0.015,0.015,0.015,0.887,50.170
2510203125,2026-10-04 23:30:00,237.660,238.830,238.180,0.050,0.040,0.090,0.043,0.012,0.009,0.021,0.012,0.002,0.004,0.004,0.968,50.210
2510203126,2026-10-04 23:30:00,234.570,234.560,234.980,0.090,0.020,0.000,0.024,0.019,0.004,0.000,-0.003,-0.002,0.000,0.000,0.972,50.150
2510203127,2026-10-04 23:30:00,235.030,235.660,234.960,0.240,0.330,0.210,0.152,0.045,0.064,0.042,0.100,0.031,0.042,0.026,0.838,50.150
2510203128,2026-10-04 23:30:00,233.750,234.140,232.620,2.290,2.210,2.270,1.529,0.519,0.498,0.511,0.185,0.041,0.063,0.080,0.992,50.180
2510203130,2026-10-04 23:30:00,245.880,245.830,247.420,0.000,0.010,0.030,0.011,0.000,0.003,0.008,-0.002,0.000,0.000,-0.001,0.945,50.180
2510203133,2026-10-04 23:30:00,234.910,235.510,234.770,0.030,0.020,0.000,0.011,0.006,0.004,0.000,-0.002,0.000,-0.002,0.000,0.956,50.150
2510203134,2026-10-04 23:30:00,235.500,234.420,234.580,0.020,0.010,0.010,0.007,0.004,0.001,0.001,-0.001,0.000,-0.001,0.000,0.961,50.180
2510224049,2026-10-04 23:30:00,234.580,234.880,234.570,15.460,14.140,7.580,7.410,2.720,3.120,1.560,-1.720,-0.680,-0.470,-0.570,0.973,50.170
2510224167,2026-10-04 23:30:00,234.300,234.310,234.750,5.950,4.490,4.800,2.720,1.210,0.730,0.770,-2.000,-0.600,-0.680,-0.710,0.805,50.180
2510317505,2026-10-04 23:30:00,234.190,234.300,234.670,9.940,3.680,5.270,3.350,1.950,0.590,0.810,-1.850,-0.550,-0.570,-0.720,0.876,50.160
2510317516,2026-10-04 23:30:00,234.360,234.380,234.740,0.000,0.000,0.000,0.000,0.000,0.000,0.000,0.000,0.000,0.000,0.000,1.000,50.170
2510317537,2026-10-04 23:30:00,234.190,234.160,234.990,2.170,2.080,2.210,1.440,0.480,0.470,0.500,-0.230,-0.060,-0.080,-0.080,0.987,50.180
2510389559,2026-10-04 23:30:00,238.460,237.850,239.180,0.000,0.000,0.000,0.000,0.000,0.000,0.000,0.000,0.000,0.000,0.000,1.000,50.210
2510389643,2026-10-04 23:30:00,238.140,237.420,238.700,5.010,15.830,15.090,8.200,1.080,3.620,3.490,-1.310,-0.170,-0.620,-0.510,0.987,50.170
2510389931,2026-10-04 23:30:00,237.970,237.130,238.470,8.740,4.950,15.050,6.700,2.030,1.130,3.530,-1.250,-0.430,-0.260,-0.540,0.983,50.170
2510633381,2026-10-04 23:30:00,235.250,234.240,234.440,0.050,0.070,0.010,0.028,0.009,0.016,0.002,-0.013,-0.005,-0.006,-0.001,0.906,50.160
2510633382,2026-10-04 23:30:00,237.350,238.690,238.060,0.130,0.120,0.140,0.060,0.019,0.016,0.024,-0.067,-0.021,-0.022,-0.023,0.671,50.210
2510633383,2026-10-04 23:30:00,234.860,234.830,235.680,0.110,0.080,0.090,0.024,0.006,0.008,0.009,-0.060,-0.024,-0.016,-0.018,0.378,50.160
2510633385,2026-10-04 23:30:00,238.620,238.010,239.330,0.160,0.350,0.260,0.178,0.037,0.080,0.060,-0.029,-0.004,-0.014,-0.010,0.986,50.220
2510633387,2026-10-04 23:30:00,235.130,235.790,235.100,0.010,0.020,0.150,0.038,0.002,0.002,0.034,0.000,0.000,0.003,-0.004,0.994,50.210
2510633390,2026-10-04 23:30:00,234.800,235.640,234.610,0.030,0.010,0.010,0.009,0.005,0.002,0.001,-0.004,-0.003,0.000,0.000,0.893,50.200
2510633391,2026-10-04 23:30:00,123.730,123.290,123.350,0.000,0.000,0.000,0.000,0.000,0.000,0.000,0.000,0.000,0.000,0.000,1.000,50.170
2510633395,2026-10-04 23:30:00,235.040,235.660,234.960,0.000,0.000,0.000,0.000,0.000,0.000,0.000,0.000,0.000,0.000,0.000,1.000,50.180
2510633396,2026-10-04 23:30:00,235.510,234.720,235.040,0.280,0.310,0.270,0.180,0.055,0.065,0.055,0.095,0.032,0.031,0.031,0.877,50.170
2510633397,2026-10-04 23:30:00,241.640,240.530,240.820,0.030,0.030,0.030,0.022,0.007,0.007,0.007,-0.005,-0.001,-0.001,-0.001,0.989,50.200
2510633399,2026-10-04 23:30:00,234.450,234.520,234.890,0.190,0.180,0.210,0.135,0.044,0.043,0.048,0.007,0.003,0.001,0.002,0.995,50.150
2510633400,2026-10-04 23:30:00,234.240,234.640,234.200,0.120,0.130,0.120,0.083,0.027,0.027,0.028,0.019,0.006,0.007,0.006,0.969,50.190
2510633402,2026-10-04 23:30:00,233.380,233.300,234.930,0.060,0.090,0.120,0.057,0.012,0.019,0.025,0.021,0.005,0.007,0.008,0.946,50.210
2510633406,2026-10-04 23:30:00,234.740,234.750,235.150,0.100,0.080,0.080,0.046,0.020,0.012,0.012,-0.034,-0.010,-0.012,-0.012,0.795,50.190
2510633411,2026-10-04 23:30:00,234.400,233.870,233.990,0.310,0.310,0.300,0.195,0.067,0.065,0.062,0.086,0.026,0.029,0.030,0.916,50.170
2510814977,2026-10-04 23:30:00,233.470,234.800,233.450,0.010,0.010,0.010,0.005,0.003,0.000,0.001,-0.002,0.000,-0.001,-0.001,0.878,50.180
2610026950,2026-10-04 23:30:00,235.230,234.690,234.860,0.010,0.000,0.010,0.004,0.001,0.000,0.002,0.000,0.000,0.000,0.000,0.913,50.190
2610026952,2026-10-04 23:30:00,236.430,235.750,235.650,0.160,0.160,0.160,0.011,0.003,0.004,0.003,-0.109,-0.036,-0.036,-0.036,0.106,50.190
2610026953,2026-10-04 23:30:00,238.330,237.540,238.780,0.020,0.010,0.010,0.008,0.003,0.001,0.003,-0.002,0.000,0.000,0.000,0.963,50.190
2610026963,2026-10-04 23:30:00,235.160,235.040,235.890,0.200,0.100,0.100,0.080,0.042,0.019,0.018,-0.045,-0.018,-0.013,-0.013,0.875,50.160
2610026966,2026-10-04 23:30:00,230.660,231.030,230.200,0.000,0.000,0.000,0.000,0.000,0.000,0.000,0.000,0.000,0.000,0.000,1.000,50.180
2610026976,2026-10-04 23:30:00,235.020,234.750,235.840,0.150,0.880,0.500,0.344,0.033,0.194,0.116,-0.041,-0.011,-0.008,-0.021,0.992,50.170
2610026977,2026-10-04 23:30:00,241.770,241.850,240.980,0.190,0.500,0.660,0.320,0.042,0.119,0.159,0.027,0.019,0.005,0.002,0.995,50.170
2610126270,2026-10-04 23:30:00,234.680,234.870,234.570,0.020,0.030,0.010,0.013,0.004,0.007,0.002,-0.006,-0.002,-0.002,-0.001,0.939,50.180
2610126451,2026-10-04 23:30:00,235.340,235.910,235.140,0.010,0.010,0.070,0.017,0.001,0.001,0.016,0.001,0.000,0.000,0.001,0.988,50.190
2610159557,2026-10-04 23:30:00,235.580,234.580,234.780,0.020,0.010,0.010,0.006,0.003,0.001,0.001,-0.004,-0.002,0.000,-0.001,0.827,50.190
2610159558,2026-10-04 23:30:00,234.450,234.710,235.460,0.000,0.000,0.010,0.002,0.000,0.000,0.001,0.000,0.000,0.000,0.000,1.000,50.190
2610170785,2026-10-04 23:30:00,235.410,234.420,234.690,0.000,0.000,0.000,0.000,0.000,0.000,0.000,0.000,0.000,0.000,0.000,0.599,50.190
2610170786,2026-10-04 23:30:00,234.460,234.660,235.520,0.040,0.030,0.070,0.029,0.007,0.005,0.016,0.007,0.004,0.001,0.001,0.981,50.180
2610170836,2026-10-04 23:30:00,235.060,235.220,235.980,0.000,0.010,0.000,0.001,0.000,0.001,0.000,0.000,0.000,0.000,0.000,1.000,50.180
2610170837,2026-10-04 23:30:00,234.590,233.020,233.090,0.000,0.000,0.010,0.001,0.000,0.000,0.001,0.000,0.000,0.000,0.000,0.821,50.170
2610170838,2026-10-04 23:30:00,235.210,234.050,234.390,0.020,0.040,0.100,0.037,0.004,0.009,0.023,-0.001,0.000,0.000,-0.001,0.989,50.190
2610170839,2026-10-04 23:30:00,234.330,234.540,235.340,0.010,0.020,0.030,0.011,0.001,0.004,0.005,-0.001,0.000,0.000,0.000,0.995,50.180
2610170840,2026-10-04 23:30:00,238.050,237.220,238.620,0.220,0.120,0.380,0.169,0.051,0.028,0.088,-0.032,-0.011,-0.006,-0.014,0.983,50.180
2610322967,2026-10-04 23:30:00,235.880,234.790,234.780,0.000,0.000,0.010,0.001,0.000,0.000,0.001,0.000,0.000,0.000,0.000,1.000,50.190
2610322969,2026-10-04 23:30:00,234.750,234.070,234.770,0.620,0.490,0.070,0.178,0.135,0.030,0.015,0.163,0.053,0.110,0.000,0.737,50.190
2610322982,2026-10-04 23:30:00,234.610,234.730,235.560,0.010,0.010,0.020,0.010,0.002,0.002,0.004,-0.006,-0.001,-0.002,-0.003,0.842,50.190
2610322992,2026-10-04 23:30:00,233.110,233.460,234.470,0.070,0.340,0.180,0.138,0.016,0.079,0.042,0.012,0.003,0.001,0.007,0.994,50.170
2610322995,2026-10-04 23:30:00,234.600,234.780,235.550,0.000,0.030,0.030,0.011,0.000,0.005,0.006,-0.008,0.000,-0.003,-0.003,0.826,50.180
2610322997,2026-10-04 23:30:00,233.100,234.600,233.120,0.090,0.120,0.110,0.055,0.016,0.022,0.016,0.047,0.013,0.017,0.016,0.764,50.180
2610323001,2026-10-04 23:30:00,234.540,232.950,232.980,0.210,0.230,0.200,0.143,0.047,0.051,0.044,0.036,0.011,0.013,0.011,0.968,50.180
2610323004,2026-10-04 23:30:00,64.730,64.200,64.650,0.110,0.100,0.090,0.012,0.004,0.003,0.004,0.014,0.005,0.004,0.004,0.651,50.200
2610323005,2026-10-04 23:30:00,234.920,235.170,234.760,0.000,0.000,0.000,0.001,0.000,0.001,0.000,0.000,0.000,0.000,0.000,0.955,50.190
2610323010,2026-10-04 23:30:00,238.850,238.160,237.580,0.050,0.000,0.000,0.009,0.009,0.000,0.000,-0.007,-0.007,0.000,0.000,0.781,50.190
2610323014,2026-10-04 23:30:00,235.050,235.070,235.790,0.020,0.000,0.000,0.004,0.003,0.000,0.000,-0.001,-0.001,0.000,0.000,0.826,50.180
2610323016,2026-10-04 23:30:00,234.700,233.310,233.350,0.100,0.080,0.020,0.046,0.024,0.018,0.004,0.007,0.004,0.002,0.000,0.996,50.200
2610323017,2026-10-04 23:30:00,234.320,235.170,234.230,0.040,0.020,0.020,0.015,0.007,0.003,0.003,-0.010,-0.004,-0.002,-0.002,0.854,50.170
2610323019,2026-10-04 23:30:00,234.400,234.870,234.460,0.020,0.020,0.030,0.014,0.004,0.005,0.005,-0.006,-0.001,-0.001,-0.002,0.892,50.170
2610323027,2026-10-04 23:30:00,235.220,234.060,234.380,0.020,0.030,0.020,0.014,0.004,0.005,0.003,-0.010,-0.003,-0.003,-0.003,0.807,50.160
2510633386,2026-10-04 23:31:00,220.550,220.780,221.580,0.030,0.020,0.010,0.011,0.005,0.003,0.002,0.003,0.002,0.000,0.001,0.956,50.220
