METER_NO,DATE_TIME,HSN,PG,BT,CD,TD,VC,NG,NVC
2310396107,2026-09-20 00:00:00,160,1230.370,905.470,151.270,173.620,341.940,0.000,24.300
2410121326,2026-09-20 00:00:00,200,1570.970,1013.370,440.540,117.050,371.270,0.000,5.450
2410121353,2026-09-20 00:00:00,120,710.170,492.170,194.080,23.910,157.140,0.000,15.360
2410121371,2026-09-20 00:00:00,120,598.650,371.150,132.190,95.300,71.360,0.000,29.540
2410121424,2026-09-20 00:00:00,120,47.880,29.430,11.170,7.270,1.600,0.000,17.640
2410121440,2026-09-20 00:00:00,120,20.920,13.740,4.220,2.950,2.470,0.000,5.870
2410121454,2026-09-20 00:00:00,160,2043.460,1288.900,441.330,313.220,332.290,0.000,76.290
2410121457,2026-09-20 00:00:00,120,1760.380,1126.760,497.990,135.620,328.640,0.000,42.560
2410121574,2026-09-20 00:00:00,120,4875.830,3518.810,1134.520,222.490,421.600,0.000,379.350
2410131378,2026-09-20 00:00:00,200,1844.230,1186.620,512.390,145.210,405.200,0.000,9.400
2410131383,2026-09-20 00:00:00,400,1059.880,701.980,226.570,131.310,47.710,0.000,65.570
2410131384,2026-09-20 00:00:00,200,9807.110,5563.990,1973.280,2269.830,2044.490,0.000,4.900
2410131387,2026-09-20 00:00:00,600,546.630,342.080,130.300,74.240,57.340,0.000,58.510
2410320615,2026-09-20 00:00:00,700,15454.820,9473.960,3771.540,2209.310,3820.650,0.000,51.450
2410883988,2026-09-20 00:00:00,100,35.730,18.160,5.360,12.200,3.390,0.000,2.120
2410883991,2026-09-20 00:00:00,100,2724.790,1639.860,613.140,471.780,255.940,0.260,74.130
2410883993,2026-09-20 00:00:00,60,3114.240,1502.050,591.860,1020.320,121.940,0.000,337.660
2410883994,2026-09-20 00:00:00,320,106.380,47.550,21.220,37.600,3.450,0.000,6.440
2410932742,2026-09-20 00:00:00,240,19853.650,11549.500,3691.880,4612.270,5032.500,0.000,5.960
2411087432,2026-09-20 00:00:00,40,3653.440,2268.590,1046.510,338.330,738.130,0.000,30.880
2411087433,2026-09-20 00:00:00,500,822.100,485.490,179.970,156.630,21.310,0.000,777.800
2411290205,2026-09-20 00:00:00,240,9632.560,6479.790,2821.920,330.840,3413.900,0.000,59.530
2510014481,2026-09-20 00:00:00,80,15344.070,8942.110,2959.770,3442.170,5765.960,0.000,5.520
2510014482,2026-09-20 00:00:00,40,1288.810,897.780,354.430,36.590,84.510,0.000,63.000
2510014483,2026-09-20 00:00:00,300,228.330,131.460,50.910,45.940,0.000,0.000,185.360
2510014484,2026-09-20 00:00:00,160,9410.800,5335.020,2082.880,1992.890,1519.510,0.000,21.390
2510178139,2026-09-20 00:00:00,300,821.890,477.090,175.350,169.450,178.660,0.000,14.140
2510178141,2026-09-20 00:00:00,40,657.460,492.150,154.330,10.980,183.110,0.000,47.120
2510203103,2026-09-20 00:00:00,400,1857.070,1105.590,417.860,333.610,61.810,3.510,329.570
2510203104,2026-09-20 00:00:00,120,3019.950,1814.100,708.160,497.690,454.190,0.000,69.190
2510203105,2026-09-20 00:00:00,100,2424.740,1685.610,685.680,53.430,570.590,0.000,70.350
2510203106,2026-09-20 00:00:00,100,98.620,45.640,16.640,36.330,0.410,0.000,37.030
2510203107,2026-09-20 00:00:00,600,605.250,385.010,164.680,55.560,175.510,0.000,12.440
2510203108,2026-09-20 00:00:00,80,3956.990,2226.450,880.320,850.210,621.450,0.000,36.690
2510203109,2026-09-20 00:00:00,160,1518.760,952.670,467.330,98.750,458.160,0.000,87.150
2510203111,2026-09-20 00:00:00,40,3927.610,2478.300,967.950,481.350,1072.330,0.000,12.640
2510203113,2026-09-20 00:00:00,160,4422.470,2813.790,1073.670,535.010,263.140,0.000,111.230
2510203114,2026-09-20 00:00:00,120,1898.890,1192.560,469.000,237.320,381.340,0.000,33.400
2510203117,2026-09-20 00:00:00,80,1654.000,881.440,359.380,413.170,281.860,0.000,164.550
2510203119,2026-09-20 00:00:00,40,480.820,323.290,123.490,34.020,180.180,0.000,14.790
2510203120,2026-09-20 00:00:00,160,4290.560,2633.190,947.700,709.650,994.890,0.000,14.900
2510203121,2026-09-20 00:00:00,100,1292.330,757.830,303.150,231.340,71.380,0.000,106.830
2510203122,2026-09-20 00:00:00,40,936.250,593.700,293.810,48.730,685.500,0.000,0.710
2510203123,2026-09-20 00:00:00,40,2653.980,1749.440,723.120,181.400,843.210,0.000,11.660
2510203124,2026-09-20 00:00:00,800,1176.430,833.470,284.790,58.160,330.620,0.000,0.360
2510203126,2026-09-20 00:00:00,100,15.690,7.000,2.270,6.410,0.310,0.000,1.270
2510203127,2026-09-20 00:00:00,40,1255.670,818.780,335.610,101.270,362.250,0.000,49.020
2510203128,2026-09-20 00:00:00,500,7925.220,4157.850,1399.270,2368.100,367.910,0.000,112.440
2510203129,2026-09-20 00:00:00,80,6.330,3.310,1.220,1.790,0.000,0.000,1.340
2510203130,2026-09-20 00:00:00,120,29.650,20.730,6.530,2.370,8.900,0.000,0.460
2510203133,2026-09-20 00:00:00,40,664.420,452.780,167.140,44.480,113.270,0.000,47.430
2510203134,2026-09-20 00:00:00,200,141.160,82.590,32.620,25.940,6.060,0.000,33.240
2510224049,2026-09-20 00:00:00,1,53283.949,20764.150,10906.000,21613.801,118.590,0.000,8940.220
2510224167,2026-09-20 00:00:00,1,20639.430,9059.450,4059.940,7520.020,819.740,0.000,5608.200
2510317505,2026-09-20 00:00:00,1,15049.930,6598.310,3195.220,5256.390,0.740,0.000,4474.270
2510317537,2026-09-20 00:00:00,1,11702.460,6717.110,2215.610,2769.740,218.560,1427.680,2127.830
2510389559,2026-09-20 00:00:00,1,36.870,20.630,14.320,1.910,30.680,0.000,5.910
2510389643,2026-09-20 00:00:00,1,42975.141,15387.390,7701.970,19885.770,22.610,0.000,4059.540
2510389931,2026-09-20 00:00:00,1,31045.980,11860.170,6569.520,12616.280,0.150,0.000,4266.180
2510633381,2026-09-20 00:00:00,320,220.050,136.830,49.580,33.630,6.270,0.000,44.840
2510633383,2026-09-20 00:00:00,40,1706.390,1278.650,393.750,33.980,52.190,0.000,308.170
2510633385,2026-09-20 00:00:00,60,1209.650,569.020,241.440,399.180,47.580,0.000,94.040
2510633386,2026-09-20 00:00:00,500,481.650,274.460,104.020,103.160,30.900,0.000,2696.530
2510633387,2026-09-20 00:00:00,40,24.270,16.290,5.860,2.110,0.790,0.000,3.260
2510633389,2026-09-20 00:00:00,500,475.060,321.040,113.540,40.460,86.460,0.000,100.580
2510633390,2026-09-20 00:00:00,80,2082.400,1248.200,466.390,367.800,538.890,0.000,6.350
2510633391,2026-09-20 00:00:00,100,246.230,190.090,56.030,0.100,3.330,0.000,1.920
2510633395,2026-09-20 00:00:00,40,1300.980,732.580,283.550,284.840,61.340,0.000,39.160
2510633396,2026-09-20 00:00:00,400,895.480,607.740,212.130,75.590,200.660,0.000,0.170
2510633397,2026-09-20 00:00:00,240,556.750,356.290,168.730,31.720,210.170,0.000,17.820
2510633399,2026-09-20 00:00:00,600,1142.970,656.440,246.440,240.080,58.040,0.000,57.000
2510633400,2026-09-20 00:00:00,800,740.090,451.060,171.500,117.510,155.870,0.000,28.000
2510633402,2026-09-20 00:00:00,300,548.600,330.520,117.000,101.060,135.110,0.000,10.400
2510633406,2026-09-20 00:00:00,60,357.270,160.960,69.820,126.480,18.020,0.000,97.310
2510633411,2026-09-20 00:00:00,800,4692.250,2675.740,983.490,1033.020,1666.360,0.000,29.340
2510814977,2026-09-20 00:00:00,400,51.690,31.880,12.250,7.550,1.840,0.000,10.450
2610026950,2026-09-20 00:00:00,600,14.280,9.120,3.300,1.850,1.280,0.000,3.080
2610026952,2026-09-20 00:00:00,200,3529.730,2297.130,1022.960,209.630,1775.780,0.000,9.750
2610026953,2026-09-20 00:00:00,700,653.430,385.700,148.300,119.430,187.660,0.000,0.670
2610026963,2026-09-20 00:00:00,200,373.350,193.240,91.590,88.500,23.630,2.230,93.900
2610026966,2026-09-20 00:00:00,240,952.260,683.420,236.300,32.530,197.850,0.000,0.000
2610026976,2026-09-20 00:00:00,60,1456.380,947.050,327.310,182.010,142.720,0.000,26.640
2610026977,2026-09-20 00:00:00,30,626.200,261.390,98.490,266.320,107.480,0.000,28.050
2610126270,2026-09-20 00:00:00,400,26.470,16.730,6.320,3.400,0.880,0.000,7.720
2610126451,2026-09-20 00:00:00,300,110.850,72.040,27.030,11.770,55.650,0.000,0.270
2610159557,2026-09-20 00:00:00,600,17.000,9.700,3.690,3.600,0.230,0.000,10.160
2610170786,2026-09-20 00:00:00,500,596.090,336.870,118.840,140.370,116.230,0.000,2.940
2610170836,2026-09-20 00:00:00,100,125.240,78.320,28.340,18.570,70.290,0.000,0.540
2610170837,2026-09-20 00:00:00,240,11.990,7.720,2.660,1.600,1.440,0.000,0.140
2610170840,2026-09-20 00:00:00,40,307.090,174.710,60.450,71.920,64.390,0.000,29.760
2610322967,2026-09-20 00:00:00,500,3.690,2.220,0.930,0.530,0.480,0.000,0.020
2610322969,2026-09-20 00:00:00,100,98.800,68.760,24.240,5.780,12.820,0.000,1.970
2610322982,2026-09-20 00:00:00,160,3.590,2.120,0.800,0.670,0.000,0.000,1.860
2610322995,2026-09-20 00:00:00,40,4.090,2.410,0.900,0.770,0.000,0.000,2.540
2610322997,2026-09-20 00:00:00,400,549.680,320.890,126.540,102.240,207.550,0.000,0.560
2610323004,2026-09-20 00:00:00,3000,90.980,68.750,11.860,10.350,21.140,0.000,1.980
2610323005,2026-09-20 00:00:00,120,11.380,7.680,2.900,0.790,1.600,0.000,0.750
2610323010,2026-09-20 00:00:00,60,15.640,10.370,3.830,1.420,1.180,0.000,4.100
2610323016,2026-09-20 00:00:00,160,1579.430,872.810,345.960,360.660,712.140,0.000,0.000
2610323017,2026-09-20 00:00:00,60,5.280,3.100,1.170,1.000,0.000,0.000,2.900
2610323019,2026-09-20 00:00:00,80,47.470,29.990,10.330,7.140,2.980,0.000,11.670
2610323027,2026-09-20 00:00:00,60,5.380,3.200,1.190,0.980,0.000,0.000,2.960
2410883990,2026-09-20 00:01:00,60,2994.870,1717.540,639.280,638.040,888.540,0.000,38.530
2510633393,2026-09-20 00:01:00,600,5919.990,3444.130,1178.680,1297.180,1260.530,0.000,0.480
2610323001,2026-09-20 00:01:00,160,1753.220,1038.710,475.940,238.560,795.090,0.000,0.000
2510203118,2026-09-20 00:02:00,640,193.970,112.170,43.680,38.110,26.990,0.010,112.240
2610170838,2026-09-20 00:02:00,240,32.200,20.390,7.210,4.590,3.620,0.000,0.310
2310396107,2026-09-20 00:30:00,160,1230.440,905.470,151.270,173.690,341.960,0.000,24.300
2410121326,2026-09-20 00:30:00,200,1571.010,1013.370,440.540,117.090,371.290,0.000,5.450
2410121353,2026-09-20 00:30:00,120,710.170,492.170,194.080,23.920,157.140,0.000,15.370
2410121371,2026-09-20 00:30:00,120,598.700,371.150,132.190,95.350,71.360,0.000,29.540
2410121424,2026-09-20 00:30:00,120,47.880,29.430,11.170,7.270,1.600,0.000,17.650
2410121440,2026-09-20 00:30:00,120,20.920,13.740,4.220,2.950,2.470,0.000,5.870
2410121454,2026-09-20 00:30:00,160,2043.500,1288.900,441.330,313.260,332.300,0.000,76.290
2410121457,2026-09-20 00:30:00,120,1760.940,1126.760,497.990,136.180,328.820,0.000,42.560
2410121574,2026-09-20 00:30:00,120,4875.850,3518.810,1134.520,222.510,421.600,0.000,379.370
2410131378,2026-09-20 00:30:00,200,1844.230,1186.620,512.390,145.220,405.200,0.000,9.410
2410131383,2026-09-20 00:30:00,400,1059.890,701.980,226.570,131.330,47.710,0.000,65.570
2410131384,2026-09-20 00:30:00,200,9807.140,5563.990,1973.280,2269.860,2044.500,0.000,4.900
2410131387,2026-09-20 00:30:00,600,546.640,342.080,130.300,74.250,57.340,0.000,58.520
2410320615,2026-09-20 00:30:00,700,15455.290,9473.960,3771.540,2209.770,3820.730,0.000,51.450
2410883988,2026-09-20 00:30:00,100,35.740,18.160,5.360,12.210,3.390,0.000,2.120
2410883990,2026-09-20 00:30:00,60,2994.890,1717.540,639.280,638.060,888.540,0.000,38.530
2410883991,2026-09-20 00:30:00,100,2724.830,1639.860,613.140,471.820,255.940,0.260,74.130
2410883993,2026-09-20 00:30:00,60,3114.550,1502.050,591.860,1020.630,121.950,0.000,337.700
2410883994,2026-09-20 00:30:00,320,106.390,47.550,21.220,37.610,3.450,0.000,6.440
2410932742,2026-09-20 00:30:00,240,19854.439,11549.500,3691.880,4613.060,5032.740,0.000,5.960
2411087432,2026-09-20 00:30:00,40,3653.460,2268.590,1046.510,338.350,738.130,0.000,30.880
2411087433,2026-09-20 00:30:00,500,822.280,485.490,179.970,156.800,21.310,0.000,777.810
2411290205,2026-09-20 00:30:00,240,9632.610,6479.790,2821.920,330.880,3413.900,0.000,59.530
2510014481,2026-09-20 00:30:00,80,15344.760,8942.110,2959.770,3442.870,5766.220,0.000,5.520
2510014482,2026-09-20 00:30:00,40,1288.810,897.780,354.430,36.590,84.510,0.000,63.000
2510014483,2026-09-20 00:30:00,300,228.340,131.460,50.910,45.960,0.000,0.000,185.370
2510014484,2026-09-20 00:30:00,160,9410.830,5335.020,2082.880,1992.930,1519.510,0.000,21.390
2510178139,2026-09-20 00:30:00,300,822.010,477.090,175.350,169.570,178.700,0.000,14.140
2510178141,2026-09-20 00:30:00,40,657.460,492.150,154.330,10.980,183.110,0.000,47.130
2510203103,2026-09-20 00:30:00,400,1857.100,1105.590,417.860,333.640,61.810,3.510,329.580
2510203105,2026-09-20 00:30:00,100,2424.750,1685.610,685.680,53.450,570.590,0.000,70.350
2510203106,2026-09-20 00:30:00,100,98.620,45.640,16.640,36.330,0.410,0.000,37.030
2510203107,2026-09-20 00:30:00,600,605.350,385.010,164.680,55.650,175.530,0.000,12.440
2510203108,2026-09-20 00:30:00,80,3957.320,2226.450,880.320,850.540,621.480,0.000,36.690
2510203109,2026-09-20 00:30:00,160,1518.780,952.670,467.330,98.760,458.160,0.000,87.150
2510203111,2026-09-20 00:30:00,40,3927.610,2478.300,967.950,481.360,1072.330,0.000,12.640
2510203113,2026-09-20 00:30:00,160,4422.650,2813.790,1073.670,535.180,263.140,0.000,111.230
2510203114,2026-09-20 00:30:00,120,1898.970,1192.560,469.000,237.400,381.350,0.000,33.400
2510203117,2026-09-20 00:30:00,80,1654.080,881.440,359.380,413.250,281.860,0.000,164.570
2510203118,2026-09-20 00:30:00,640,193.980,112.170,43.680,38.130,26.990,0.010,112.260
2510203119,2026-09-20 00:30:00,40,480.820,323.290,123.490,34.020,180.180,0.000,14.790
2510203120,2026-09-20 00:30:00,160,4290.800,2633.190,947.700,709.890,994.970,0.000,14.900
2510203121,2026-09-20 00:30:00,100,1292.360,757.830,303.150,231.370,71.380,0.000,106.840
2510203122,2026-09-20 00:30:00,40,936.260,593.700,293.810,48.740,685.500,0.000,0.710
2510203123,2026-09-20 00:30:00,40,2653.980,1749.440,723.120,181.400,843.210,0.000,11.660
2510203124,2026-09-20 00:30:00,800,1176.480,833.470,284.790,58.210,330.650,0.000,0.360
2510203126,2026-09-20 00:30:00,100,15.700,7.000,2.270,6.420,0.310,0.000,1.270
2510203127,2026-09-20 00:30:00,40,1255.810,818.780,335.610,101.410,362.350,0.000,49.020
2510203128,2026-09-20 00:30:00,500,7925.940,4157.850,1399.270,2368.810,367.970,0.000,112.440
2510203129,2026-09-20 00:30:00,80,6.340,3.310,1.220,1.800,0.000,0.000,1.350
2510203130,2026-09-20 00:30:00,120,29.650,20.730,6.530,2.370,8.900,0.000,0.470
2510203133,2026-09-20 00:30:00,40,664.420,452.780,167.140,44.490,113.270,0.000,47.440
2510203134,2026-09-20 00:30:00,200,141.160,82.590,32.620,25.940,6.060,0.000,33.240
2510224049,2026-09-20 00:30:00,1,53287.340,20764.150,10906.000,21617.189,118.590,0.000,8941.270
2510224167,2026-09-20 00:30:00,1,20640.770,9059.450,4059.940,7521.360,819.740,0.000,5609.180
2510317505,2026-09-20 00:30:00,1,15051.800,6598.310,3195.220,5258.270,0.740,0.000,4475.180
2510317537,2026-09-20 00:30:00,1,11703.320,6717.110,2215.610,2770.600,218.560,1427.680,2127.960
2510389559,2026-09-20 00:30:00,1,36.870,20.630,14.320,1.910,30.680,0.000,5.910
2510389931,2026-09-20 00:30:00,1,31048.301,11860.170,6569.520,12618.600,0.150,0.000,4266.750
2510633383,2026-09-20 00:30:00,40,1706.400,1278.650,393.750,33.990,52.190,0.000,308.200
2510633385,2026-09-20 00:30:00,60,1209.750,569.020,241.440,399.280,47.580,0.000,94.050
2510633386,2026-09-20 00:30:00,500,481.700,274.460,104.020,103.220,30.900,0.000,2696.890
2510633387,2026-09-20 00:30:00,40,24.270,16.290,5.860,2.120,0.790,0.000,3.260
2510633389,2026-09-20 00:30:00,500,475.170,321.040,113.540,40.580,86.460,0.000,100.600
2510633390,2026-09-20 00:30:00,80,2082.940,1248.200,466.390,368.340,539.040,0.000,6.350
2510633391,2026-09-20 00:30:00,100,246.230,190.090,56.030,0.100,3.330,0.000,1.920
2510633393,2026-09-20 00:30:00,600,5920.330,3444.130,1178.680,1297.520,1260.600,0.000,0.480
2510633395,2026-09-20 00:30:00,40,1300.980,732.580,283.550,284.840,61.340,0.000,39.160
2510633396,2026-09-20 00:30:00,400,895.560,607.740,212.130,75.680,200.710,0.000,0.170
2510633397,2026-09-20 00:30:00,240,556.760,356.290,168.730,31.730,210.170,0.000,17.820
2510633399,2026-09-20 00:30:00,600,1143.070,656.440,246.440,240.170,58.040,0.000,57.000
2510633400,2026-09-20 00:30:00,800,740.190,451.060,171.500,117.620,155.900,0.000,28.000
2510633402,2026-09-20 00:30:00,300,548.720,330.520,117.000,101.180,135.130,0.000,10.400
2510633406,2026-09-20 00:30:00,60,357.290,160.960,69.820,126.510,18.020,0.000,97.330
2510633411,2026-09-20 00:30:00,800,4692.670,2675.740,983.490,1033.440,1666.550,0.000,29.340
2510814977,2026-09-20 00:30:00,400,51.690,31.880,12.250,7.550,1.840,0.000,10.450
2610026950,2026-09-20 00:30:00,600,14.280,9.120,3.300,1.850,1.280,0.000,3.080
2610026952,2026-09-20 00:30:00,200,3530.290,2297.130,1022.960,210.180,1776.120,0.000,9.750
2610026963,2026-09-20 00:30:00,200,373.390,193.240,91.590,88.550,23.630,2.230,93.920
2610026966,2026-09-20 00:30:00,240,952.280,683.420,236.300,32.540,197.860,0.000,0.000
2610026976,2026-09-20 00:30:00,60,1456.510,947.050,327.310,182.130,142.740,0.000,26.640
2610026977,2026-09-20 00:30:00,30,626.340,261.390,98.490,266.460,107.490,0.000,28.060
2610126270,2026-09-20 00:30:00,400,26.470,16.730,6.320,3.410,0.880,0.000,7.720
2610126451,2026-09-20 00:30:00,300,110.860,72.040,27.030,11.780,55.660,0.000,0.270
2610159557,2026-09-20 00:30:00,600,17.000,9.700,3.690,3.600,0.230,0.000,10.170
2610170786,2026-09-20 00:30:00,500,596.310,336.870,118.840,140.590,116.270,0.000,2.940
2610170836,2026-09-20 00:30:00,100,125.240,78.320,28.340,18.570,70.290,0.000,0.540
2610170837,2026-09-20 00:30:00,240,12.000,7.720,2.660,1.610,1.440,0.000,0.140
2610170838,2026-09-20 00:30:00,240,32.210,20.390,7.210,4.600,3.620,0.000,0.310
2610170840,2026-09-20 00:30:00,40,307.150,174.710,60.450,71.980,64.390,0.000,29.770
2610322967,2026-09-20 00:30:00,500,3.690,2.220,0.930,0.530,0.480,0.000,0.020
2610322969,2026-09-20 00:30:00,100,98.810,68.760,24.240,5.800,12.820,0.000,1.970
2610322982,2026-09-20 00:30:00,160,3.600,2.120,0.800,0.670,0.000,0.000,1.870
2610322995,2026-09-20 00:30:00,40,4.090,2.410,0.900,0.770,0.000,0.000,2.550
2610322997,2026-09-20 00:30:00,400,549.710,320.890,126.540,102.270,207.570,0.000,0.560
2610323001,2026-09-20 00:30:00,160,1753.630,1038.710,475.940,238.960,795.330,0.000,0.000
2610323004,2026-09-20 00:30:00,3000,90.980,68.750,11.860,10.350,21.140,0.000,1.990
2610323005,2026-09-20 00:30:00,120,11.380,7.680,2.900,0.790,1.600,0.000,0.750
2610323010,2026-09-20 00:30:00,60,15.650,10.370,3.830,1.430,1.180,0.000,4.100
2610323016,2026-09-20 00:30:00,160,1579.840,872.810,345.960,361.070,712.370,0.000,0.000
2610323017,2026-09-20 00:30:00,60,5.290,3.100,1.170,1.000,0.000,0.000,2.910
2610323027,2026-09-20 00:30:00,60,5.380,3.200,1.190,0.980,0.000,0.000,2.960
2510203104,2026-09-20 00:31:00,120,3020.070,1814.100,708.160,497.810,454.220,0.000,69.190
2510389643,2026-09-20 00:31:00,1,42979.090,15387.390,7701.970,19889.721,22.610,0.000,4060.220
2510633381,2026-09-20 00:31:00,320,220.070,136.830,49.580,33.650,6.270,0.000,44.850
2610323019,2026-09-20 00:32:00,80,47.490,29.990,10.330,7.150,2.980,0.000,11.680
2610026953,2026-09-20 00:45:00,700,653.680,385.700,148.300,119.670,187.780,0.000,0.670
2310396107,2026-09-20 01:00:00,160,1230.520,905.470,151.270,173.770,341.980,0.000,24.300
2410121326,2026-09-20 01:00:00,200,1571.050,1013.370,440.540,117.130,371.310,0.000,5.450
2410121353,2026-09-20 01:00:00,120,710.180,492.170,194.080,23.920,157.140,0.000,15.370
2410121424,2026-09-20 01:00:00,120,47.890,29.430,11.170,7.270,1.600,0.000,17.650
2410121440,2026-09-20 01:00:00,120,20.930,13.740,4.220,2.950,2.470,0.000,5.870
2410121454,2026-09-20 01:00:00,160,2043.550,1288.900,441.330,313.310,332.310,0.000,76.290
2410121457,2026-09-20 01:00:00,120,1761.500,1126.760,497.990,136.740,329.000,0.000,42.560
2410121574,2026-09-20 01:00:00,120,4875.880,3518.810,1134.520,222.540,421.600,0.000,379.400
2410131378,2026-09-20 01:00:00,200,1844.240,1186.620,512.390,145.230,405.200,0.000,9.410
2410131383,2026-09-20 01:00:00,400,1059.910,701.980,226.570,131.340,47.710,0.000,65.570
2410131384,2026-09-20 01:00:00,200,9807.180,5563.990,1973.280,2269.890,2044.500,0.000,4.900
2410131387,2026-09-20 01:00:00,600,546.650,342.080,130.300,74.260,57.340,0.000,58.520
2410320615,2026-09-20 01:00:00,700,15455.740,9473.960,3771.540,2210.220,3820.810,0.000,51.450
2410883990,2026-09-20 01:00:00,60,2994.910,1717.540,639.280,638.080,888.540,0.000,38.530
2410883993,2026-09-20 01:00:00,60,3114.850,1502.050,591.860,1020.930,121.950,0.000,337.730
2410883994,2026-09-20 01:00:00,320,106.400,47.550,21.220,37.620,3.450,0.000,6.450
2410932742,2026-09-20 01:00:00,240,19855.180,11549.500,3691.880,4613.790,5032.980,0.000,5.960
2411087432,2026-09-20 01:00:00,40,3653.480,2268.590,1046.510,338.360,738.130,0.000,30.880
2411087433,2026-09-20 01:00:00,500,822.450,485.490,179.970,156.980,21.310,0.000,777.810
2510014481,2026-09-20 01:00:00,80,15345.430,8942.110,2959.770,3443.540,5766.460,0.000,5.520
2510014482,2026-09-20 01:00:00,40,1288.820,897.780,354.430,36.600,84.510,0.000,63.000
2510014483,2026-09-20 01:00:00,300,228.360,131.460,50.910,45.970,0.000,0.000,185.380
2510014484,2026-09-20 01:00:00,160,9410.870,5335.020,2082.880,1992.960,1519.510,0.000,21.390
2510178139,2026-09-20 01:00:00,300,822.140,477.090,175.350,169.690,178.740,0.000,14.140
2510178141,2026-09-20 01:00:00,40,657.470,492.150,154.330,10.980,183.110,0.000,47.130
2510203104,2026-09-20 01:00:00,120,3020.190,1814.100,708.160,497.920,454.240,0.000,69.190
2510203105,2026-09-20 01:00:00,100,2424.770,1685.610,685.680,53.460,570.590,0.000,70.350
2510203106,2026-09-20 01:00:00,100,98.630,45.640,16.640,36.340,0.410,0.000,37.030
2510203107,2026-09-20 01:00:00,600,605.540,385.010,164.680,55.850,175.580,0.000,12.440
2510203108,2026-09-20 01:00:00,80,3957.640,2226.450,880.320,850.860,621.500,0.000,36.690
2510203109,2026-09-20 01:00:00,160,1518.800,952.670,467.330,98.780,458.170,0.000,87.150
2510203111,2026-09-20 01:00:00,40,3927.620,2478.300,967.950,481.360,1072.330,0.000,12.640
2510203113,2026-09-20 01:00:00,160,4422.830,2813.790,1073.670,535.360,263.150,0.000,111.230
2510203114,2026-09-20 01:00:00,120,1899.050,1192.560,469.000,237.480,381.360,0.000,33.400
2510203117,2026-09-20 01:00:00,80,1654.160,881.440,359.380,413.330,281.860,0.000,164.590
2510203118,2026-09-20 01:00:00,640,194.000,112.170,43.680,38.150,26.990,0.010,112.280
2510203119,2026-09-20 01:00:00,40,480.820,323.290,123.490,34.020,180.180,0.000,14.790
2510203120,2026-09-20 01:00:00,160,4291.050,2633.190,947.700,710.140,995.070,0.000,14.900
2510203121,2026-09-20 01:00:00,100,1292.390,757.830,303.150,231.400,71.380,0.000,106.850
2510203122,2026-09-20 01:00:00,40,936.270,593.700,293.810,48.750,685.510,0.000,0.710
2510203123,2026-09-20 01:00:00,40,2653.980,1749.440,723.120,181.410,843.210,0.000,11.660
2510203126,2026-09-20 01:00:00,100,15.700,7.000,2.270,6.430,0.310,0.000,1.270
2510203127,2026-09-20 01:00:00,40,1255.950,818.780,335.610,101.550,362.450,0.000,49.020
2510203129,2026-09-20 01:00:00,80,6.340,3.310,1.220,1.800,0.000,0.000,1.350
2510203130,2026-09-20 01:00:00,120,29.650,20.730,6.530,2.380,8.900,0.000,0.470
2510203133,2026-09-20 01:00:00,40,664.430,452.780,167.140,44.490,113.270,0.000,47.440
2510203134,2026-09-20 01:00:00,200,141.160,82.590,32.620,25.950,6.060,0.000,33.240
2510224049,2026-09-20 01:00:00,1,53290.789,20764.150,10906.000,21620.641,118.590,0.000,8942.340
2510224167,2026-09-20 01:00:00,1,20642.109,9059.450,4059.940,7522.700,819.740,0.000,5610.160
2510317505,2026-09-20 01:00:00,1,15053.620,6598.310,3195.220,5260.090,0.740,0.000,4476.090
2510317537,2026-09-20 01:00:00,1,11704.180,6717.110,2215.610,2771.460,218.560,1427.680,2128.110
2510389559,2026-09-20 01:00:00,1,36.870,20.630,14.320,1.910,30.680,0.000,5.910
2510389643,2026-09-20 01:00:00,1,42982.570,15387.390,7701.970,19893.199,22.610,0.000,4060.810
2510389931,2026-09-20 01:00:00,1,31050.650,11860.170,6569.520,12620.950,0.150,0.000,4267.340
2510633381,2026-09-20 01:00:00,320,220.080,136.830,49.580,33.660,6.270,0.000,44.850
2510633383,2026-09-20 01:00:00,40,1706.410,1278.650,393.750,34.000,52.190,0.000,308.230
2510633385,2026-09-20 01:00:00,60,1209.850,569.020,241.440,399.380,47.580,0.000,94.060
2510633386,2026-09-20 01:00:00,500,481.760,274.460,104.020,103.270,30.900,0.000,2697.240
2510633387,2026-09-20 01:00:00,40,24.270,16.290,5.860,2.120,0.790,0.000,3.260
2510633390,2026-09-20 01:00:00,80,2083.500,1248.200,466.390,368.910,539.200,0.000,6.350
2510633391,2026-09-20 01:00:00,100,246.230,190.090,56.030,0.100,3.330,0.000,1.920
2510633393,2026-09-20 01:00:00,600,5920.660,3444.130,1178.680,1297.840,1260.660,0.000,0.480
2510633395,2026-09-20 01:00:00,40,1300.980,732.580,283.550,284.840,61.340,0.000,39.160
2510633396,2026-09-20 01:00:00,400,895.650,607.740,212.130,75.760,200.760,0.000,0.170
2510633397,2026-09-20 01:00:00,240,556.770,356.290,168.730,31.740,210.170,0.000,17.820
2510633399,2026-09-20 01:00:00,600,1143.160,656.440,246.440,240.270,58.050,0.000,57.000
2510633400,2026-09-20 01:00:00,800,740.300,451.060,171.500,117.730,155.930,0.000,28.000
2510633402,2026-09-20 01:00:00,300,548.830,330.520,117.000,101.290,135.160,0.000,10.400
2510633406,2026-09-20 01:00:00,60,357.310,160.960,69.820,126.530,18.020,0.000,97.350
2510633411,2026-09-20 01:00:00,800,4693.230,2675.740,983.490,1033.990,1666.780,0.000,29.340
2510814977,2026-09-20 01:00:00,400,51.690,31.880,12.250,7.550,1.840,0.000,10.450
2610026950,2026-09-20 01:00:00,600,14.290,9.120,3.300,1.850,1.280,0.000,3.080
2610026952,2026-09-20 01:00:00,200,3530.830,2297.130,1022.960,210.720,1776.450,0.000,9.750
2610026953,2026-09-20 01:00:00,700,653.760,385.700,148.300,119.750,187.810,0.000,0.670
2610026963,2026-09-20 01:00:00,200,373.440,193.240,91.590,88.590,23.630,2.230,93.940
2610026966,2026-09-20 01:00:00,240,952.290,683.420,236.300,32.550,197.860,0.000,0.000
2610026976,2026-09-20 01:00:00,60,1456.630,947.050,327.310,182.250,142.750,0.000,26.640
2610026977,2026-09-20 01:00:00,30,626.490,261.390,98.490,266.600,107.500,0.000,28.060
2610126270,2026-09-20 01:00:00,400,26.480,16.730,6.320,3.410,0.880,0.000,7.720
2610126451,2026-09-20 01:00:00,300,110.870,72.040,27.030,11.790,55.660,0.000,0.270
2610159557,2026-09-20 01:00:00,600,17.000,9.700,3.690,3.610,0.230,0.000,10.170
2610170786,2026-09-20 01:00:00,500,596.580,336.870,118.840,140.860,116.330,0.000,2.940
2610170836,2026-09-20 01:00:00,100,125.250,78.320,28.340,18.580,70.290,0.000,0.540
2610170837,2026-09-20 01:00:00,240,12.000,7.720,2.660,1.610,1.440,0.000,0.140
2610170838,2026-09-20 01:00:00,240,32.210,20.390,7.210,4.600,3.620,0.000,0.310
2610170840,2026-09-20 01:00:00,40,307.210,174.710,60.450,72.040,64.390,0.000,29.790
2610322967,2026-09-20 01:00:00,500,3.690,2.220,0.930,0.530,0.480,0.000,0.020
2610322969,2026-09-20 01:00:00,100,98.820,68.760,24.240,5.810,12.820,0.000,1.970
2610322982,2026-09-20 01:00:00,160,3.600,2.120,0.800,0.680,0.000,0.000,1.870
2610322995,2026-09-20 01:00:00,40,4.100,2.410,0.900,0.780,0.000,0.000,2.550
2610322997,2026-09-20 01:00:00,400,549.730,320.890,126.540,102.290,207.580,0.000,0.560
2610323001,2026-09-20 01:00:00,160,1754.010,1038.710,475.940,239.340,795.550,0.000,0.000
2610323004,2026-09-20 01:00:00,3000,90.990,68.750,11.860,10.360,21.140,0.000,1.990
2610323005,2026-09-20 01:00:00,120,11.380,7.680,2.900,0.790,1.600,0.000,0.750
2610323010,2026-09-20 01:00:00,60,15.650,10.370,3.830,1.430,1.180,0.000,4.110
2610323016,2026-09-20 01:00:00,160,1580.250,872.810,345.960,361.480,712.590,0.000,0.000
2610323017,2026-09-20 01:00:00,60,5.290,3.100,1.170,1.010,0.000,0.000,2.910
2610323019,2026-09-20 01:00:00,80,47.500,29.990,10.330,7.160,2.980,0.000,11.680
2610323027,2026-09-20 01:00:00,60,5.390,3.200,1.190,0.990,0.000,0.000,2.970
2410883988,2026-09-20 01:01:00,100,35.740,18.160,5.360,12.220,3.390,0.000,2.120
2410883991,2026-09-20 01:01:00,100,2724.870,1639.860,613.140,471.860,255.940,0.260,74.130
2510203103,2026-09-20 01:01:00,400,1857.140,1105.590,417.860,333.680,61.810,3.510,329.590
2510203128,2026-09-20 01:01:00,500,7926.680,4157.850,1399.270,2369.550,368.030,0.000,112.440
2510633389,2026-09-20 01:01:00,500,475.300,321.040,113.540,40.710,86.460,0.000,100.630
2410121371,2026-09-20 01:02:00,120,598.750,371.150,132.190,95.400,71.360,0.000,29.540
2510203124,2026-09-20 01:02:00,800,1176.520,833.470,284.790,58.250,330.670,0.000,0.360
2411290205,2026-09-20 01:03:00,240,9632.650,6479.790,2821.920,330.930,3413.910,0.000,59.530
2310396107,2026-09-20 01:30:00,160,1230.590,905.470,151.270,173.840,342.000,0.000,24.300
2410121326,2026-09-20 01:30:00,200,1571.080,1013.370,440.540,117.170,371.330,0.000,5.450
2410121353,2026-09-20 01:30:00,120,710.190,492.170,194.080,23.930,157.140,0.000,15.370
2410121371,2026-09-20 01:30:00,120,598.800,371.150,132.190,95.450,71.360,0.000,29.540
2410121424,2026-09-20 01:30:00,120,47.890,29.430,11.170,7.280,1.600,0.000,17.650
2410121440,2026-09-20 01:30:00,120,20.930,13.740,4.220,2.950,2.470,0.000,5.870
2410121454,2026-09-20 01:30:00,160,2043.600,1288.900,441.330,313.360,332.320,0.000,76.290
2410121457,2026-09-20 01:30:00,120,1762.070,1126.760,497.990,137.310,329.180,0.000,42.560
2410121574,2026-09-20 01:30:00,120,4875.910,3518.810,1134.520,222.570,421.600,0.000,379.420
2410131378,2026-09-20 01:30:00,200,1844.250,1186.620,512.390,145.230,405.200,0.000,9.410
2410131383,2026-09-20 01:30:00,400,1059.920,701.980,226.570,131.360,47.710,0.000,65.570
2410131384,2026-09-20 01:30:00,200,9807.210,5563.990,1973.280,2269.930,2044.500,0.000,4.900
2410131387,2026-09-20 01:30:00,600,546.660,342.080,130.300,74.270,57.340,0.000,58.520
2410320615,2026-09-20 01:30:00,700,15456.190,9473.960,3771.540,2210.670,3820.870,0.000,51.450
2410883988,2026-09-20 01:30:00,100,35.750,18.160,5.360,12.230,3.390,0.000,2.120
2410883990,2026-09-20 01:30:00,60,2994.930,1717.540,639.280,638.100,888.540,0.000,38.530
2410883991,2026-09-20 01:30:00,100,2724.900,1639.860,613.140,471.900,255.940,0.260,74.130
2410883993,2026-09-20 01:30:00,60,3115.160,1502.050,591.860,1021.240,121.960,0.000,337.770
2410883994,2026-09-20 01:30:00,320,106.410,47.550,21.220,37.630,3.450,0.000,6.450
2410932742,2026-09-20 01:30:00,240,19855.900,11549.500,3691.880,4614.520,5033.200,0.000,5.960
2411087432,2026-09-20 01:30:00,40,3653.490,2268.590,1046.510,338.380,738.130,0.000,30.880
2411087433,2026-09-20 01:30:00,500,822.620,485.490,179.970,157.150,21.310,0.000,777.820
2411290205,2026-09-20 01:30:00,240,9632.690,6479.790,2821.920,330.970,3413.910,0.000,59.530
2510014481,2026-09-20 01:30:00,80,15346.120,8942.110,2959.770,3444.220,5766.710,0.000,5.520
2510014482,2026-09-20 01:30:00,40,1288.820,897.780,354.430,36.610,84.510,0.000,63.000
2510014483,2026-09-20 01:30:00,300,228.370,131.460,50.910,45.990,0.000,0.000,185.390
2510014484,2026-09-20 01:30:00,160,9410.900,5335.020,2082.880,1992.990,1519.510,0.000,21.390
2510178139,2026-09-20 01:30:00,300,822.260,477.090,175.350,169.820,178.780,0.000,14.140
2510178141,2026-09-20 01:30:00,40,657.470,492.150,154.330,10.980,183.110,0.000,47.140
2510203103,2026-09-20 01:30:00,400,1857.170,1105.590,417.860,333.710,61.810,3.510,329.590
2510203104,2026-09-20 01:30:00,120,3020.300,1814.100,708.160,498.040,454.270,0.000,69.190
2510203105,2026-09-20 01:30:00,100,2424.780,1685.610,685.680,53.470,570.590,0.000,70.350
2510203106,2026-09-20 01:30:00,100,98.630,45.640,16.640,36.340,0.410,0.000,37.040
2510203107,2026-09-20 01:30:00,600,605.910,385.010,164.680,56.210,175.680,0.000,12.440
2510203108,2026-09-20 01:30:00,80,3957.930,2226.450,880.320,851.150,621.520,0.000,36.690
2510203109,2026-09-20 01:30:00,160,1518.810,952.670,467.330,98.800,458.170,0.000,87.150
2510203111,2026-09-20 01:30:00,40,3927.620,2478.300,967.950,481.360,1072.330,0.000,12.640
2510203113,2026-09-20 01:30:00,160,4423.010,2813.790,1073.670,535.540,263.150,0.000,111.230
2510203117,2026-09-20 01:30:00,80,1654.240,881.440,359.380,413.410,281.860,0.000,164.610
2510203118,2026-09-20 01:30:00,640,194.020,112.170,43.680,38.170,26.990,0.010,112.300
2510203119,2026-09-20 01:30:00,40,480.820,323.290,123.490,34.020,180.180,0.000,14.790
2510203120,2026-09-20 01:30:00,160,4291.300,2633.190,947.700,710.390,995.160,0.000,14.900
2510203121,2026-09-20 01:30:00,100,1292.420,757.830,303.150,231.430,71.380,0.000,106.870
2510203122,2026-09-20 01:30:00,40,936.280,593.700,293.810,48.760,685.520,0.000,0.710
2510203123,2026-09-20 01:30:00,40,2653.990,1749.440,723.120,181.410,843.210,0.000,11.660
2510203124,2026-09-20 01:30:00,800,1176.560,833.470,284.790,58.290,330.690,0.000,0.360
2510203126,2026-09-20 01:30:00,100,15.710,7.000,2.270,6.430,0.310,0.000,1.270
2510203127,2026-09-20 01:30:00,40,1256.090,818.780,335.610,101.700,362.540,0.000,49.020
2510203128,2026-09-20 01:30:00,500,7927.330,4157.850,1399.270,2370.210,368.080,0.000,112.440
2510203129,2026-09-20 01:30:00,80,6.350,3.310,1.220,1.810,0.000,0.000,1.350
2510203130,2026-09-20 01:30:00,120,29.650,20.730,6.530,2.380,8.900,0.000,0.470
2510203133,2026-09-20 01:30:00,40,664.430,452.780,167.140,44.500,113.270,0.000,47.440
2510203134,2026-09-20 01:30:00,200,141.170,82.590,32.620,25.950,6.060,0.000,33.240
2510224049,2026-09-20 01:30:00,1,53294.238,20764.150,10906.000,21624.080,118.590,0.000,8943.410
2510224167,2026-09-20 01:30:00,1,20643.449,9059.450,4059.940,7524.040,819.740,0.000,5611.140
2510317505,2026-09-20 01:30:00,1,15055.440,6598.310,3195.220,5261.900,0.740,0.000,4477.000
2510317537,2026-09-20 01:30:00,1,11705.030,6717.110,2215.610,2772.300,218.560,1427.680,2128.250
2510389559,2026-09-20 01:30:00,1,36.870,20.630,14.320,1.910,30.680,0.000,5.910
2510389643,2026-09-20 01:30:00,1,42986.250,15387.390,7701.970,19896.881,22.610,0.000,4061.450
2510389931,2026-09-20 01:30:00,1,31053.711,11860.170,6569.520,12624.010,0.150,0.000,4267.730
2510633381,2026-09-20 01:30:00,320,220.090,136.830,49.580,33.680,6.270,0.000,44.860
2510633383,2026-09-20 01:30:00,40,1706.420,1278.650,393.750,34.010,52.190,0.000,308.260
2510633385,2026-09-20 01:30:00,60,1209.950,569.020,241.440,399.470,47.580,0.000,94.070
2510633386,2026-09-20 01:30:00,500,481.810,274.460,104.020,103.320,30.900,0.000,2697.600
2510633387,2026-09-20 01:30:00,40,24.270,16.290,5.860,2.120,0.790,0.000,3.260
2510633389,2026-09-20 01:30:00,500,475.400,321.040,113.540,40.810,86.460,0.000,100.650
2510633390,2026-09-20 01:30:00,80,2084.010,1248.200,466.390,369.420,539.320,0.000,6.350
2510633391,2026-09-20 01:30:00,100,246.230,190.090,56.030,0.100,3.330,0.000,1.920
2510633393,2026-09-20 01:30:00,600,5921.010,3444.130,1178.680,1298.200,1260.730,0.000,0.480
2510633395,2026-09-20 01:30:00,40,1300.980,732.580,283.550,284.840,61.340,0.000,39.160
2510633396,2026-09-20 01:30:00,400,895.730,607.740,212.130,75.840,200.810,0.000,0.170
2510633397,2026-09-20 01:30:00,240,556.780,356.290,168.730,31.750,210.170,0.000,17.820
2510633399,2026-09-20 01:30:00,600,1143.260,656.440,246.440,240.360,58.050,0.000,57.000
2510633400,2026-09-20 01:30:00,800,740.410,451.060,171.500,117.830,155.960,0.000,28.000
2510633402,2026-09-20 01:30:00,300,548.990,330.520,117.000,101.450,135.210,0.000,10.400
2510633406,2026-09-20 01:30:00,60,357.340,160.960,69.820,126.550,18.020,0.000,97.360
2510633411,2026-09-20 01:30:00,800,4693.860,2675.740,983.490,1034.620,1667.030,0.000,29.340
2510814977,2026-09-20 01:30:00,400,51.690,31.880,12.250,7.560,1.840,0.000,10.460
2610026950,2026-09-20 01:30:00,600,14.290,9.120,3.300,1.860,1.280,0.000,3.080
2610026952,2026-09-20 01:30:00,200,3531.350,2297.130,1022.960,211.240,1776.750,0.000,9.750
2610026953,2026-09-20 01:30:00,700,653.930,385.700,148.300,119.920,187.890,0.000,0.670
2610026963,2026-09-20 01:30:00,200,373.480,193.240,91.590,88.630,23.630,2.230,93.970
2610026966,2026-09-20 01:30:00,240,952.310,683.420,236.300,32.570,197.870,0.000,0.000
2610026976,2026-09-20 01:30:00,60,1456.740,947.050,327.310,182.370,142.770,0.000,26.640
2610026977,2026-09-20 01:30:00,30,626.630,261.390,98.490,266.750,107.510,0.000,28.060
2610126270,2026-09-20 01:30:00,400,26.490,16.730,6.320,3.420,0.890,0.000,7.720
2610126451,2026-09-20 01:30:00,300,110.870,72.040,27.030,11.790,55.660,0.000,0.270
2610159557,2026-09-20 01:30:00,600,17.000,9.700,3.690,3.610,0.230,0.000,10.170
2610170786,2026-09-20 01:30:00,500,596.860,336.870,118.840,141.140,116.390,0.000,2.940
2610170836,2026-09-20 01:30:00,100,125.250,78.320,28.340,18.580,70.290,0.000,0.540
2610170837,2026-09-20 01:30:00,240,12.000,7.720,2.660,1.610,1.440,0.000,0.140
2610170838,2026-09-20 01:30:00,240,32.220,20.390,7.210,4.610,3.620,0.000,0.310
2610170840,2026-09-20 01:30:00,40,307.290,174.710,60.450,72.120,64.390,0.000,29.800
2610322967,2026-09-20 01:30:00,500,3.690,2.220,0.930,0.530,0.480,0.000,0.020
2610322969,2026-09-20 01:30:00,100,98.830,68.760,24.240,5.820,12.820,0.000,1.970
2610322982,2026-09-20 01:30:00,160,3.610,2.120,0.800,0.680,0.000,0.000,1.870
2610322995,2026-09-20 01:30:00,40,4.100,2.410,0.900,0.780,0.000,0.000,2.560
2610322997,2026-09-20 01:30:00,400,549.750,320.890,126.540,102.310,207.600,0.000,0.560
2610323001,2026-09-20 01:30:00,160,1754.620,1038.710,475.940,239.960,795.820,0.000,0.000
2610323004,2026-09-20 01:30:00,3000,91.000,68.750,11.860,10.370,21.140,0.000,2.000
2610323005,2026-09-20 01:30:00,120,11.380,7.680,2.900,0.800,1.600,0.000,0.750
2610323010,2026-09-20 01:30:00,60,15.660,10.370,3.830,1.440,1.180,0.000,4.110
2610323016,2026-09-20 01:30:00,160,1580.890,872.810,345.960,362.120,712.860,0.000,0.000
2610323017,2026-09-20 01:30:00,60,5.300,3.100,1.170,1.020,0.000,0.000,2.920
2610323019,2026-09-20 01:30:00,80,47.510,29.990,10.330,7.180,2.980,0.000,11.680
2610323027,2026-09-20 01:30:00,60,5.400,3.200,1.190,1.000,0.000,0.000,2.970
2510203114,2026-09-20 01:31:00,120,1899.130,1192.560,469.000,237.560,381.380,0.000,33.400
2310396107,2026-09-20 02:00:00,160,1230.660,905.470,151.270,173.910,342.020,0.000,24.300
2410121326,2026-09-20 02:00:00,200,1571.120,1013.370,440.540,117.200,371.350,0.000,5.450
2410121371,2026-09-20 02:00:00,120,598.840,371.150,132.190,95.500,71.360,0.000,29.540
2410121424,2026-09-20 02:00:00,120,47.890,29.430,11.170,7.280,1.600,0.000,17.650
2410121440,2026-09-20 02:00:00,120,20.930,13.740,4.220,2.960,2.470,0.000,5.870
2410121454,2026-09-20 02:00:00,160,2043.640,1288.900,441.330,313.410,332.330,0.000,76.290
2410121574,2026-09-20 02:00:00,120,4875.940,3518.810,1134.520,222.600,421.600,0.000,379.440
2410131378,2026-09-20 02:00:00,200,1844.250,1186.620,512.390,145.240,405.200,0.000,9.410
2410131383,2026-09-20 02:00:00,400,1059.940,701.980,226.570,131.370,47.710,0.000,65.570
2410131384,2026-09-20 02:00:00,200,9807.240,5563.990,1973.280,2269.960,2044.500,0.000,4.900
2410131387,2026-09-20 02:00:00,600,546.670,342.080,130.300,74.280,57.340,0.000,58.530
2410320615,2026-09-20 02:00:00,700,15456.630,9473.960,3771.540,2211.110,3820.940,0.000,51.450
2410883988,2026-09-20 02:00:00,100,35.760,18.160,5.360,12.230,3.390,0.000,2.130
2410883990,2026-09-20 02:00:00,60,2994.950,1717.540,639.280,638.120,888.540,0.000,38.530
2410883991,2026-09-20 02:00:00,100,2724.940,1639.860,613.140,471.930,255.940,0.260,74.130
2410883993,2026-09-20 02:00:00,60,3115.460,1502.050,591.860,1021.540,121.960,0.000,337.800
2410883994,2026-09-20 02:00:00,320,106.420,47.550,21.220,37.640,3.450,0.000,6.450
2410932742,2026-09-20 02:00:00,240,19856.641,11549.500,3691.880,4615.260,5033.440,0.000,5.960
2411087432,2026-09-20 02:00:00,40,3653.510,2268.590,1046.510,338.400,738.130,0.000,30.890
2411087433,2026-09-20 02:00:00,500,822.790,485.490,179.970,157.320,21.310,0.000,777.830
2411290205,2026-09-20 02:00:00,240,9632.740,6479.790,2821.920,331.010,3413.910,0.000,59.530
2510014481,2026-09-20 02:00:00,80,15346.800,8942.110,2959.770,3444.900,5766.960,0.000,5.520
2510014482,2026-09-20 02:00:00,40,1288.830,897.780,354.430,36.610,84.510,0.000,63.000
2510014483,2026-09-20 02:00:00,300,228.380,131.460,50.910,46.000,0.000,0.000,185.400
2510014484,2026-09-20 02:00:00,160,9410.930,5335.020,2082.880,1993.030,1519.510,0.000,21.400
2510178139,2026-09-20 02:00:00,300,822.380,477.090,175.350,169.940,178.820,0.000,14.140
2510178141,2026-09-20 02:00:00,40,657.470,492.150,154.330,10.990,183.110,0.000,47.140
2510203103,2026-09-20 02:00:00,400,1857.200,1105.590,417.860,333.740,61.810,3.510,329.600
2510203104,2026-09-20 02:00:00,120,3020.420,1814.100,708.160,498.150,454.290,0.000,69.190
2510203105,2026-09-20 02:00:00,100,2424.790,1685.610,685.680,53.490,570.600,0.000,70.350
2510203106,2026-09-20 02:00:00,100,98.640,45.640,16.640,36.350,0.410,0.000,37.040
2510203108,2026-09-20 02:00:00,80,3958.230,2226.450,880.320,851.450,621.540,0.000,36.690
2510203109,2026-09-20 02:00:00,160,1518.830,952.670,467.330,98.820,458.170,0.000,87.150
2510203111,2026-09-20 02:00:00,40,3927.630,2478.300,967.950,481.370,1072.330,0.000,12.640
2510203114,2026-09-20 02:00:00,120,1899.200,1192.560,469.000,237.630,381.390,0.000,33.400
2510203117,2026-09-20 02:00:00,80,1654.320,881.440,359.380,413.490,281.860,0.000,164.630
2510203118,2026-09-20 02:00:00,640,194.050,112.170,43.680,38.190,26.990,0.010,112.320
2510203119,2026-09-20 02:00:00,40,480.820,323.290,123.490,34.020,180.180,0.000,14.790
2510203120,2026-09-20 02:00:00,160,4291.540,2633.190,947.700,710.640,995.250,0.000,14.900
2510203121,2026-09-20 02:00:00,100,1292.450,757.830,303.150,231.460,71.380,0.000,106.880
2510203122,2026-09-20 02:00:00,40,936.290,593.700,293.810,48.770,685.520,0.000,0.710
2510203123,2026-09-20 02:00:00,40,2653.990,1749.440,723.120,181.410,843.210,0.000,11.660
2510203124,2026-09-20 02:00:00,800,1176.600,833.470,284.790,58.330,330.720,0.000,0.360
2510203126,2026-09-20 02:00:00,100,15.720,7.000,2.270,6.440,0.310,0.000,1.270
2510203127,2026-09-20 02:00:00,40,1256.230,818.780,335.610,101.840,362.640,0.000,49.020
2510203128,2026-09-20 02:00:00,500,7927.980,4157.850,1399.270,2370.860,368.130,0.000,112.440
2510203129,2026-09-20 02:00:00,80,6.350,3.310,1.220,1.820,0.000,0.000,1.350
2510203130,2026-09-20 02:00:00,120,29.660,20.730,6.530,2.380,8.900,0.000,0.470
2510203133,2026-09-20 02:00:00,40,664.440,452.780,167.140,44.510,113.270,0.000,47.440
2510203134,2026-09-20 02:00:00,200,141.170,82.590,32.620,25.950,6.060,0.000,33.240
2510224049,2026-09-20 02:00:00,1,53297.660,20764.150,10906.000,21627.510,118.590,0.000,8944.470
2510317505,2026-09-20 02:00:00,1,15057.280,6598.310,3195.220,5263.740,0.740,0.000,4477.910
2510317537,2026-09-20 02:00:00,1,11705.850,6717.110,2215.610,2773.130,218.560,1427.680,2128.390
2510389559,2026-09-20 02:00:00,1,36.870,20.630,14.320,1.910,30.680,0.000,5.910
2510389643,2026-09-20 02:00:00,1,42989.941,15387.390,7701.970,19900.570,22.610,0.000,4062.080
2510633381,2026-09-20 02:00:00,320,220.110,136.830,49.580,33.690,6.270,0.000,44.860
2510633383,2026-09-20 02:00:00,40,1706.430,1278.650,393.750,34.020,52.190,0.000,308.290
2510633385,2026-09-20 02:00:00,60,1210.040,569.020,241.440,399.570,47.580,0.000,94.090
2510633386,2026-09-20 02:00:00,500,481.860,274.460,104.020,103.380,30.900,0.000,2697.950
2510633387,2026-09-20 02:00:00,40,24.270,16.290,5.860,2.120,0.790,0.000,3.260
2510633389,2026-09-20 02:00:00,500,475.540,321.040,113.540,40.950,86.460,0.000,100.680
2510633390,2026-09-20 02:00:00,80,2084.520,1248.200,466.390,369.930,539.450,0.000,6.350
2510633391,2026-09-20 02:00:00,100,246.230,190.090,56.030,0.100,3.330,0.000,1.920
2510633393,2026-09-20 02:00:00,600,5921.370,3444.130,1178.680,1298.560,1260.810,0.000,0.480
2510633395,2026-09-20 02:00:00,40,1300.980,732.580,283.550,284.840,61.340,0.000,39.160
2510633396,2026-09-20 02:00:00,400,895.820,607.740,212.130,75.930,200.860,0.000,0.170
2510633397,2026-09-20 02:00:00,240,556.800,356.290,168.730,31.770,210.170,0.000,17.830
2510633399,2026-09-20 02:00:00,600,1143.350,656.440,246.440,240.460,58.060,0.000,57.000
2510633400,2026-09-20 02:00:00,800,740.520,451.060,171.500,117.940,155.980,0.000,28.000
2510633402,2026-09-20 02:00:00,300,549.150,330.520,117.000,101.620,135.260,0.000,10.400
2510633406,2026-09-20 02:00:00,60,357.360,160.960,69.820,126.580,18.020,0.000,97.380
2510633411,2026-09-20 02:00:00,800,4694.470,2675.740,983.490,1035.240,1667.280,0.000,29.340
2510814977,2026-09-20 02:00:00,400,51.700,31.880,12.250,7.560,1.840,0.000,10.460
2610026950,2026-09-20 02:00:00,600,14.290,9.120,3.300,1.860,1.280,0.000,3.080
2610026953,2026-09-20 02:00:00,700,654.090,385.700,148.300,120.090,187.970,0.000,0.670
2610026963,2026-09-20 02:00:00,200,373.520,193.240,91.590,88.680,23.630,2.230,93.990
2610026966,2026-09-20 02:00:00,240,952.320,683.420,236.300,32.580,197.880,0.000,0.000
2610026976,2026-09-20 02:00:00,60,1456.850,947.050,327.310,182.470,142.770,0.000,26.640
2610026977,2026-09-20 02:00:00,30,626.790,261.390,98.490,266.900,107.530,0.000,28.060
2610126270,2026-09-20 02:00:00,400,26.490,16.730,6.320,3.430,0.890,0.000,7.720
2610126451,2026-09-20 02:00:00,300,110.880,72.040,27.030,11.800,55.660,0.000,0.270
2610159557,2026-09-20 02:00:00,600,17.010,9.700,3.690,3.610,0.230,0.000,10.170
2610170836,2026-09-20 02:00:00,100,125.250,78.320,28.340,18.580,70.290,0.000,0.540
2610170837,2026-09-20 02:00:00,240,12.000,7.720,2.660,1.610,1.440,0.000,0.140
2610170838,2026-09-20 02:00:00,240,32.230,20.390,7.210,4.610,3.620,0.000,0.310
2610170840,2026-09-20 02:00:00,40,307.370,174.710,60.450,72.200,64.390,0.000,29.810
2610322967,2026-09-20 02:00:00,500,3.690,2.220,0.930,0.530,0.480,0.000,0.020
2610322969,2026-09-20 02:00:00,100,98.850,68.760,24.240,5.830,12.820,0.000,1.970
2610322982,2026-09-20 02:00:00,160,3.610,2.120,0.800,0.690,0.000,0.000,1.880
2610322995,2026-09-20 02:00:00,40,4.110,2.410,0.900,0.790,0.000,0.000,2.560
2610322997,2026-09-20 02:00:00,400,549.770,320.890,126.540,102.330,207.610,0.000,0.560
2610323001,2026-09-20 02:00:00,160,1755.300,1038.710,475.940,240.640,796.180,0.000,0.000
2610323004,2026-09-20 02:00:00,3000,91.010,68.750,11.860,10.380,21.140,0.000,2.000
2610323005,2026-09-20 02:00:00,120,11.380,7.680,2.900,0.800,1.600,0.000,0.750
2610323010,2026-09-20 02:00:00,60,15.660,10.370,3.830,1.440,1.180,0.000,4.110
2610323016,2026-09-20 02:00:00,160,1581.580,872.810,345.960,362.810,713.160,0.000,0.000
2610323017,2026-09-20 02:00:00,60,5.310,3.100,1.170,1.020,0.000,0.000,2.920
2610323019,2026-09-20 02:00:00,80,47.520,29.990,10.330,7.190,2.980,0.000,11.690
2610323027,2026-09-20 02:00:00,60,5.410,3.200,1.190,1.010,0.000,0.000,2.980
2510203107,2026-09-20 02:01:00,600,605.990,385.010,164.680,56.300,175.720,0.000,12.440
2510224167,2026-09-20 02:01:00,1,20644.840,9059.450,4059.940,7525.430,819.740,0.000,5612.160
2510389931,2026-09-20 02:01:00,1,31056.840,11860.170,6569.520,12627.140,0.150,0.000,4268.090
2610026952,2026-09-20 02:01:00,200,3531.940,2297.130,1022.960,211.840,1777.100,0.000,9.750
2410121353,2026-09-20 02:02:00,120,710.190,492.170,194.080,23.930,157.140,0.000,15.370
2410121457,2026-09-20 02:02:00,120,1762.680,1126.760,497.990,137.920,329.370,0.000,42.560
2510203113,2026-09-20 02:02:00,160,4423.200,2813.790,1073.670,535.730,263.160,0.000,111.230
2610170786,2026-09-20 02:02:00,500,597.160,336.870,118.840,141.440,116.460,0.000,2.940
2310396107,2026-09-20 02:30:00,160,1230.730,905.470,151.270,173.980,342.040,0.000,24.300
2410121326,2026-09-20 02:30:00,200,1571.160,1013.370,440.540,117.240,371.370,0.000,5.450
2410121353,2026-09-20 02:30:00,120,710.200,492.170,194.080,23.940,157.140,0.000,15.370
2410121371,2026-09-20 02:30:00,120,598.890,371.150,132.190,95.540,71.360,0.000,29.540
2410121424,2026-09-20 02:30:00,120,47.890,29.430,11.170,7.280,1.600,0.000,17.650
2410121440,2026-09-20 02:30:00,120,20.930,13.740,4.220,2.960,2.470,0.000,5.870
2410121454,2026-09-20 02:30:00,160,2043.690,1288.900,441.330,313.450,332.340,0.000,76.290
2410121457,2026-09-20 02:30:00,120,1763.200,1126.760,497.990,138.440,329.540,0.000,42.560
2410121574,2026-09-20 02:30:00,120,4875.960,3518.810,1134.520,222.620,421.600,0.000,379.460
2410131378,2026-09-20 02:30:00,200,1844.260,1186.620,512.390,145.240,405.200,0.000,9.410
2410131383,2026-09-20 02:30:00,400,1059.960,701.980,226.570,131.390,47.710,0.000,65.570
2410131384,2026-09-20 02:30:00,200,9807.270,5563.990,1973.280,2269.990,2044.500,0.000,4.900
2410131387,2026-09-20 02:30:00,600,546.680,342.080,130.300,74.290,57.340,0.000,58.530
2410883988,2026-09-20 02:30:00,100,35.770,18.160,5.360,12.240,3.390,0.000,2.130
2410883990,2026-09-20 02:30:00,60,2994.970,1717.540,639.280,638.140,888.540,0.000,38.530
2410883991,2026-09-20 02:30:00,100,2724.970,1639.860,613.140,471.970,255.940,0.260,74.130
2410883993,2026-09-20 02:30:00,60,3115.760,1502.050,591.860,1021.840,121.970,0.000,337.840
2410883994,2026-09-20 02:30:00,320,106.430,47.550,21.220,37.650,3.450,0.000,6.450
2410932742,2026-09-20 02:30:00,240,19857.381,11549.500,3691.880,4616.000,5033.670,0.000,5.960
2411087432,2026-09-20 02:30:00,40,3653.520,2268.590,1046.510,338.410,738.130,0.000,30.890
2411087433,2026-09-20 02:30:00,500,822.970,485.490,179.970,157.490,21.310,0.000,777.830
2411290205,2026-09-20 02:30:00,240,9632.780,6479.790,2821.920,331.050,3413.920,0.000,59.530
2510014481,2026-09-20 02:30:00,80,15347.480,8942.110,2959.770,3445.590,5767.210,0.000,5.520
2510014482,2026-09-20 02:30:00,40,1288.840,897.780,354.430,36.620,84.510,0.000,63.000
2510014483,2026-09-20 02:30:00,300,228.390,131.460,50.910,46.010,0.000,0.000,185.410
2510178139,2026-09-20 02:30:00,300,822.500,477.090,175.350,170.060,178.860,0.000,14.140
2510178141,2026-09-20 02:30:00,40,657.470,492.150,154.330,10.990,183.110,0.000,47.150
2510203103,2026-09-20 02:30:00,400,1857.230,1105.590,417.860,333.770,61.810,3.510,329.610
2510203104,2026-09-20 02:30:00,120,3020.540,1814.100,708.160,498.270,454.320,0.000,69.190
2510203105,2026-09-20 02:30:00,100,2424.810,1685.610,685.680,53.500,570.600,0.000,70.350
2510203106,2026-09-20 02:30:00,100,98.640,45.640,16.640,36.350,0.410,0.000,37.040
2510203107,2026-09-20 02:30:00,600,606.060,385.010,164.680,56.360,175.730,0.000,12.450
2510203108,2026-09-20 02:30:00,80,3958.530,2226.450,880.320,851.750,621.560,0.000,36.690
2510203109,2026-09-20 02:30:00,160,1518.850,952.670,467.330,98.840,458.180,0.000,87.150
2510203111,2026-09-20 02:30:00,40,3927.630,2478.300,967.950,481.370,1072.330,0.000,12.640
2510203113,2026-09-20 02:30:00,160,4423.370,2813.790,1073.670,535.900,263.160,0.000,111.230
2510203114,2026-09-20 02:30:00,120,1899.280,1192.560,469.000,237.710,381.400,0.000,33.400
2510203117,2026-09-20 02:30:00,80,1654.400,881.440,359.380,413.570,281.860,0.000,164.650
2510203118,2026-09-20 02:30:00,640,194.070,112.170,43.680,38.220,26.990,0.010,112.330
2510203119,2026-09-20 02:30:00,40,480.820,323.290,123.490,34.020,180.180,0.000,14.790
2510203120,2026-09-20 02:30:00,160,4291.780,2633.190,947.700,710.880,995.340,0.000,14.900
2510203121,2026-09-20 02:30:00,100,1292.480,757.830,303.150,231.490,71.380,0.000,106.890
2510203122,2026-09-20 02:30:00,40,936.300,593.700,293.810,48.790,685.530,0.000,0.710
2510203123,2026-09-20 02:30:00,40,2653.990,1749.440,723.120,181.420,843.210,0.000,11.660
2510203124,2026-09-20 02:30:00,800,1176.650,833.470,284.790,58.380,330.740,0.000,0.360
2510203126,2026-09-20 02:30:00,100,15.720,7.000,2.270,6.450,0.310,0.000,1.270
2510203127,2026-09-20 02:30:00,40,1256.370,818.780,335.610,101.980,362.740,0.000,49.020
2510203129,2026-09-20 02:30:00,80,6.360,3.310,1.220,1.820,0.000,0.000,1.350
2510203130,2026-09-20 02:30:00,120,29.660,20.730,6.530,2.380,8.900,0.000,0.470
2510203133,2026-09-20 02:30:00,40,664.440,452.780,167.140,44.510,113.270,0.000,47.440
2510203134,2026-09-20 02:30:00,200,141.180,82.590,32.620,25.960,6.060,0.000,33.240
2510224049,2026-09-20 02:30:00,1,53301.090,20764.150,10906.000,21630.939,118.590,0.000,8945.530
2510224167,2026-09-20 02:30:00,1,20646.131,9059.450,4059.940,7526.730,819.740,0.000,5613.100
2510317505,2026-09-20 02:30:00,1,15059.140,6598.310,3195.220,5265.600,0.740,0.000,4478.820
2510317537,2026-09-20 02:30:00,1,11706.660,6717.110,2215.610,2773.940,218.560,1427.680,2128.530
2510389559,2026-09-20 02:30:00,1,36.870,20.630,14.320,1.910,30.680,0.000,5.910
2510389643,2026-09-20 02:30:00,1,42993.621,15387.390,7701.970,19904.250,22.610,0.000,4062.730
2510389931,2026-09-20 02:30:00,1,31059.631,11860.170,6569.520,12629.930,0.150,0.000,4268.420
2510633381,2026-09-20 02:30:00,320,220.130,136.830,49.580,33.710,6.270,0.000,44.870
2510633383,2026-09-20 02:30:00,40,1706.440,1278.650,393.750,34.030,52.190,0.000,308.330
2510633385,2026-09-20 02:30:00,60,1210.140,569.020,241.440,399.670,47.580,0.000,94.100
2510633387,2026-09-20 02:30:00,40,24.280,16.290,5.860,2.120,0.790,0.000,3.260
2510633389,2026-09-20 02:30:00,500,475.640,321.040,113.540,41.040,86.460,0.000,100.710
2510633390,2026-09-20 02:30:00,80,2085.090,1248.200,466.390,370.490,539.610,0.000,6.350
2510633391,2026-09-20 02:30:00,100,246.230,190.090,56.030,0.100,3.330,0.000,1.920
2510633393,2026-09-20 02:30:00,600,5921.710,3444.130,1178.680,1298.900,1260.870,0.000,0.480
2510633395,2026-09-20 02:30:00,40,1300.980,732.580,283.550,284.840,61.340,0.000,39.160
2510633396,2026-09-20 02:30:00,400,895.900,607.740,212.130,76.010,200.910,0.000,0.170
2510633397,2026-09-20 02:30:00,240,556.810,356.290,168.730,31.780,210.170,0.000,17.830
2510633399,2026-09-20 02:30:00,600,1143.450,656.440,246.440,240.560,58.070,0.000,57.000
2510633400,2026-09-20 02:30:00,800,740.620,451.060,171.500,118.050,156.010,0.000,28.000
2510633406,2026-09-20 02:30:00,60,357.380,160.960,69.820,126.600,18.020,0.000,97.400
2510633411,2026-09-20 02:30:00,800,4695.090,2675.740,983.490,1035.860,1667.530,0.000,29.340
2510814977,2026-09-20 02:30:00,400,51.700,31.880,12.250,7.560,1.840,0.000,10.460
2610026950,2026-09-20 02:30:00,600,14.300,9.120,3.300,1.860,1.280,0.000,3.080
2610026952,2026-09-20 02:30:00,200,3532.490,2297.130,1022.960,212.390,1777.420,0.000,9.750
2610026953,2026-09-20 02:30:00,700,654.260,385.700,148.300,120.250,188.040,0.000,0.670
2610026963,2026-09-20 02:30:00,200,373.560,193.240,91.590,88.720,23.630,2.230,94.010
2610026966,2026-09-20 02:30:00,240,952.330,683.420,236.300,32.590,197.890,0.000,0.000
2610026976,2026-09-20 02:30:00,60,1456.920,947.050,327.310,182.550,142.770,0.000,26.650
2610026977,2026-09-20 02:30:00,30,626.950,261.390,98.490,267.060,107.540,0.000,28.060
2610126270,2026-09-20 02:30:00,400,26.500,16.730,6.320,3.430,0.890,0.000,7.720
2610126451,2026-09-20 02:30:00,300,110.880,72.040,27.030,11.800,55.660,0.000,0.270
2610159557,2026-09-20 02:30:00,600,17.010,9.700,3.690,3.610,0.230,0.000,10.180
2610170786,2026-09-20 02:30:00,500,597.410,336.870,118.840,141.690,116.520,0.000,2.940
2610170836,2026-09-20 02:30:00,100,125.250,78.320,28.340,18.580,70.290,0.000,0.540
2610170837,2026-09-20 02:30:00,240,12.010,7.720,2.660,1.620,1.440,0.000,0.140
2610170840,2026-09-20 02:30:00,40,307.440,174.710,60.450,72.270,64.390,0.000,29.810
2610322967,2026-09-20 02:30:00,500,3.690,2.220,0.930,0.530,0.480,0.000,0.020
2610322982,2026-09-20 02:30:00,160,3.620,2.120,0.800,0.690,0.000,0.000,1.880
2610322995,2026-09-20 02:30:00,40,4.110,2.410,0.900,0.800,0.000,0.000,2.560
2610322997,2026-09-20 02:30:00,400,549.800,320.890,126.540,102.350,207.620,0.000,0.560
2610323001,2026-09-20 02:30:00,160,1756.010,1038.710,475.940,241.350,796.530,0.000,0.000
2610323004,2026-09-20 02:30:00,3000,91.010,68.750,11.860,10.390,21.140,0.000,2.010
2610323005,2026-09-20 02:30:00,120,11.380,7.680,2.900,0.800,1.600,0.000,0.750
2610323010,2026-09-20 02:30:00,60,15.670,10.370,3.830,1.450,1.180,0.000,4.120
2610323016,2026-09-20 02:30:00,160,1582.300,872.810,345.960,363.530,713.480,0.000,0.000
2610323017,2026-09-20 02:30:00,60,5.320,3.100,1.170,1.030,0.000,0.000,2.930
2610323019,2026-09-20 02:30:00,80,47.530,29.990,10.330,7.200,2.980,0.000,11.690
2610323027,2026-09-20 02:30:00,60,5.410,3.200,1.190,1.010,0.000,0.000,2.990
2510014484,2026-09-20 02:31:00,160,9410.970,5335.020,2082.880,1993.060,1519.510,0.000,21.400
2510203128,2026-09-20 02:31:00,500,7928.650,4157.850,1399.270,2371.520,368.180,0.000,112.440
2510633386,2026-09-20 02:31:00,500,481.920,274.460,104.020,103.430,30.900,0.000,2698.330
2510633402,2026-09-20 02:31:00,300,549.330,330.520,117.000,101.800,135.310,0.000,10.400
2610322969,2026-09-20 02:31:00,100,98.860,68.760,24.240,5.850,12.820,0.000,1.980
2410320615,2026-09-20 02:32:00,700,15457.110,9473.960,3771.540,2211.600,3821.020,0.000,51.450
2610170838,2026-09-20 02:32:00,240,32.230,20.390,7.210,4.620,3.620,0.000,0.310
2310396107,2026-09-20 03:00:00,160,1230.790,905.470,151.270,174.040,342.050,0.000,24.300
2410121326,2026-09-20 03:00:00,200,1571.200,1013.370,440.540,117.280,371.390,0.000,5.450
2410121353,2026-09-20 03:00:00,120,710.210,492.170,194.080,23.950,157.140,0.000,15.370
2410121371,2026-09-20 03:00:00,120,598.940,371.150,132.190,95.590,71.360,0.000,29.540
2410121424,2026-09-20 03:00:00,120,47.900,29.430,11.170,7.280,1.600,0.000,17.650
2410121440,2026-09-20 03:00:00,120,20.940,13.740,4.220,2.960,2.470,0.000,5.880
2410121454,2026-09-20 03:00:00,160,2043.740,1288.900,441.330,313.500,332.350,0.000,76.290
2410121457,2026-09-20 03:00:00,120,1763.780,1126.760,497.990,139.010,329.730,0.000,42.560
2410121574,2026-09-20 03:00:00,120,4875.990,3518.810,1134.520,222.650,421.600,0.000,379.490
2410131378,2026-09-20 03:00:00,200,1844.260,1186.620,512.390,145.250,405.200,0.000,9.420
2410131383,2026-09-20 03:00:00,400,1059.970,701.980,226.570,131.410,47.710,0.000,65.580
2410131384,2026-09-20 03:00:00,200,9807.310,5563.990,1973.280,2270.020,2044.500,0.000,4.900
2410131387,2026-09-20 03:00:00,600,546.690,342.080,130.300,74.300,57.340,0.000,58.530
2410320615,2026-09-20 03:00:00,700,15457.500,9473.960,3771.540,2211.990,3821.090,0.000,51.450
2410883988,2026-09-20 03:00:00,100,35.770,18.160,5.360,12.250,3.390,0.000,2.130
2410883990,2026-09-20 03:00:00,60,2994.990,1717.540,639.280,638.160,888.540,0.000,38.530
2410883991,2026-09-20 03:00:00,100,2725.010,1639.860,613.140,472.000,255.940,0.260,74.130
2410883993,2026-09-20 03:00:00,60,3116.070,1502.050,591.860,1022.150,121.970,0.000,337.870
2410883994,2026-09-20 03:00:00,320,106.440,47.550,21.220,37.660,3.450,0.000,6.450
2410932742,2026-09-20 03:00:00,240,19858.131,11549.500,3691.880,4616.750,5033.910,0.000,5.960
2411087432,2026-09-20 03:00:00,40,3653.540,2268.590,1046.510,338.430,738.130,0.000,30.890
2411087433,2026-09-20 03:00:00,500,823.140,485.490,179.970,157.670,21.310,0.000,777.840
2411290205,2026-09-20 03:00:00,240,9632.820,6479.790,2821.920,331.100,3413.920,0.000,59.530
2510014481,2026-09-20 03:00:00,80,15348.160,8942.110,2959.770,3446.260,5767.450,0.000,5.520
2510014482,2026-09-20 03:00:00,40,1288.840,897.780,354.430,36.630,84.510,0.000,63.000
2510014483,2026-09-20 03:00:00,300,228.400,131.460,50.910,46.020,0.000,0.000,185.420
2510014484,2026-09-20 03:00:00,160,9411.000,5335.020,2082.880,1993.090,1519.510,0.000,21.400
2510178139,2026-09-20 03:00:00,300,822.660,477.090,175.350,170.210,178.910,0.000,14.140
2510178141,2026-09-20 03:00:00,40,657.470,492.150,154.330,10.990,183.110,0.000,47.150
2510203103,2026-09-20 03:00:00,400,1857.250,1105.590,417.860,333.800,61.810,3.510,329.610
2510203104,2026-09-20 03:00:00,120,3020.650,1814.100,708.160,498.390,454.340,0.000,69.190
2510203105,2026-09-20 03:00:00,100,2424.820,1685.610,685.680,53.510,570.600,0.000,70.350
2510203106,2026-09-20 03:00:00,100,98.650,45.640,16.640,36.360,0.410,0.000,37.040
2510203107,2026-09-20 03:00:00,600,606.140,385.010,164.680,56.440,175.740,0.000,12.450
2510203108,2026-09-20 03:00:00,80,3958.820,2226.450,880.320,852.040,621.580,0.000,36.690
2510203109,2026-09-20 03:00:00,160,1518.870,952.670,467.330,98.860,458.180,0.000,87.150
2510203111,2026-09-20 03:00:00,40,3927.630,2478.300,967.950,481.380,1072.330,0.000,12.650
2510203113,2026-09-20 03:00:00,160,4423.540,2813.790,1073.670,536.080,263.160,0.000,111.230
2510203114,2026-09-20 03:00:00,120,1899.360,1192.560,469.000,237.790,381.420,0.000,33.400
2510203117,2026-09-20 03:00:00,80,1654.480,881.440,359.380,413.650,281.860,0.000,164.670
2510203118,2026-09-20 03:00:00,640,194.090,112.170,43.680,38.240,26.990,0.010,112.350
2510203119,2026-09-20 03:00:00,40,480.820,323.290,123.490,34.020,180.180,0.000,14.790
2510203121,2026-09-20 03:00:00,100,1292.510,757.830,303.150,231.520,71.380,0.000,106.900
2510203122,2026-09-20 03:00:00,40,936.310,593.700,293.810,48.800,685.530,0.000,0.710
2510203123,2026-09-20 03:00:00,40,2654.000,1749.440,723.120,181.420,843.210,0.000,11.670
2510203124,2026-09-20 03:00:00,800,1176.690,833.470,284.790,58.420,330.760,0.000,0.360
2510203126,2026-09-20 03:00:00,100,15.730,7.000,2.270,6.450,0.310,0.000,1.270
2510203127,2026-09-20 03:00:00,40,1256.520,818.780,335.610,102.120,362.840,0.000,49.020
2510203128,2026-09-20 03:00:00,500,7929.240,4157.850,1399.270,2372.110,368.230,0.000,112.440
2510203129,2026-09-20 03:00:00,80,6.360,3.310,1.220,1.830,0.000,0.000,1.350
2510203130,2026-09-20 03:00:00,120,29.660,20.730,6.530,2.390,8.900,0.000,0.470
2510203133,2026-09-20 03:00:00,40,664.450,452.780,167.140,44.520,113.270,0.000,47.440
2510224049,2026-09-20 03:00:00,1,53304.520,20764.150,10906.000,21634.369,118.590,0.000,8946.590
2510224167,2026-09-20 03:00:00,1,20647.480,9059.450,4059.940,7528.070,819.740,0.000,5614.090
2510317505,2026-09-20 03:00:00,1,15060.970,6598.310,3195.220,5267.430,0.740,0.000,4479.730
2510317537,2026-09-20 03:00:00,1,11707.450,6717.110,2215.610,2774.730,218.560,1427.680,2128.660
2510389559,2026-09-20 03:00:00,1,36.870,20.630,14.320,1.910,30.680,0.000,5.910
2510389643,2026-09-20 03:00:00,1,42997.309,15387.390,7701.970,19907.939,22.610,0.000,4063.370
2510389931,2026-09-20 03:00:00,1,31062.580,11860.170,6569.520,12632.880,0.150,0.000,4268.760
2510633381,2026-09-20 03:00:00,320,220.140,136.830,49.580,33.720,6.270,0.000,44.870
2510633383,2026-09-20 03:00:00,40,1706.450,1278.650,393.750,34.040,52.190,0.000,308.360
2510633385,2026-09-20 03:00:00,60,1210.240,569.020,241.440,399.770,47.580,0.000,94.110
2510633386,2026-09-20 03:00:00,500,481.970,274.460,104.020,103.480,30.900,0.000,2698.670
2510633387,2026-09-20 03:00:00,40,24.280,16.290,5.860,2.130,0.790,0.000,3.260
2510633389,2026-09-20 03:00:00,500,475.740,321.040,113.540,41.150,86.460,0.000,100.730
2510633390,2026-09-20 03:00:00,80,2085.640,1248.200,466.390,371.050,539.780,0.000,6.350
2510633391,2026-09-20 03:00:00,100,246.230,190.090,56.030,0.100,3.330,0.000,1.920
2510633393,2026-09-20 03:00:00,600,5922.070,3444.130,1178.680,1299.260,1260.940,0.000,0.480
2510633395,2026-09-20 03:00:00,40,1300.980,732.580,283.550,284.840,61.340,0.000,39.160
2510633396,2026-09-20 03:00:00,400,895.980,607.740,212.130,76.100,200.960,0.000,0.170
2510633397,2026-09-20 03:00:00,240,556.820,356.290,168.730,31.790,210.170,0.000,17.830
2510633399,2026-09-20 03:00:00,600,1143.540,656.440,246.440,240.650,58.070,0.000,57.000
2510633400,2026-09-20 03:00:00,800,740.730,451.060,171.500,118.160,156.040,0.000,28.000
2510633402,2026-09-20 03:00:00,300,549.490,330.520,117.000,101.950,135.360,0.000,10.400
2510633406,2026-09-20 03:00:00,60,357.400,160.960,69.820,126.620,18.020,0.000,97.410
2510633411,2026-09-20 03:00:00,800,4695.710,2675.740,983.490,1036.470,1667.780,0.000,29.340
2510814977,2026-09-20 03:00:00,400,51.700,31.880,12.250,7.560,1.840,0.000,10.460
2610026950,2026-09-20 03:00:00,600,14.300,9.120,3.300,1.870,1.280,0.000,3.080
2610026952,2026-09-20 03:00:00,200,3533.020,2297.130,1022.960,212.920,1777.730,0.000,9.750
2610026953,2026-09-20 03:00:00,700,654.420,385.700,148.300,120.420,188.120,0.000,0.670
2610026963,2026-09-20 03:00:00,200,373.610,193.240,91.590,88.760,23.630,2.230,94.040
2610026966,2026-09-20 03:00:00,240,952.350,683.420,236.300,32.610,197.890,0.000,0.000
2610026976,2026-09-20 03:00:00,60,1457.000,947.050,327.310,182.630,142.770,0.000,26.650
2610026977,2026-09-20 03:00:00,30,627.110,261.390,98.490,267.220,107.550,0.000,28.060
2610126451,2026-09-20 03:00:00,300,110.890,72.040,27.030,11.810,55.660,0.000,0.270
2610159557,2026-09-20 03:00:00,600,17.010,9.700,3.690,3.610,0.230,0.000,10.180
2610170786,2026-09-20 03:00:00,500,597.690,336.870,118.840,141.970,116.580,0.000,2.940
2610170836,2026-09-20 03:00:00,100,125.250,78.320,28.340,18.580,70.290,0.000,0.540
2610170837,2026-09-20 03:00:00,240,12.010,7.720,2.660,1.620,1.440,0.000,0.140
2610170838,2026-09-20 03:00:00,240,32.240,20.390,7.210,4.620,3.620,0.000,0.310
2610170840,2026-09-20 03:00:00,40,307.520,174.710,60.450,72.350,64.390,0.000,29.820
2610322969,2026-09-20 03:00:00,100,98.880,68.760,24.240,5.860,12.820,0.000,1.980
2610322982,2026-09-20 03:00:00,160,3.620,2.120,0.800,0.700,0.000,0.000,1.880
2610322995,2026-09-20 03:00:00,40,4.120,2.410,0.900,0.800,0.000,0.000,2.570
2610323001,2026-09-20 03:00:00,160,1756.700,1038.710,475.940,242.040,796.890,0.000,0.000
2610323004,2026-09-20 03:00:00,3000,91.020,68.750,11.860,10.390,21.140,0.000,2.010
2610323005,2026-09-20 03:00:00,120,11.390,7.680,2.900,0.800,1.600,0.000,0.760
2610323016,2026-09-20 03:00:00,160,1582.920,872.810,345.960,364.150,713.790,0.000,0.000
2610323017,2026-09-20 03:00:00,60,5.320,3.100,1.170,1.040,0.000,0.000,2.930
2610323019,2026-09-20 03:00:00,80,47.540,29.990,10.330,7.210,2.980,0.000,11.690
2610323027,2026-09-20 03:00:00,60,5.420,3.200,1.190,1.020,0.000,0.000,2.990
2610322967,2026-09-20 03:01:00,500,3.690,2.220,0.930,0.530,0.480,0.000,0.020
2610322997,2026-09-20 03:01:00,400,549.820,320.890,126.540,102.380,207.640,0.000,0.560
2610323010,2026-09-20 03:01:00,60,15.670,10.370,3.830,1.460,1.180,0.000,4.120
2510203120,2026-09-20 03:02:00,160,4292.050,2633.190,947.700,711.140,995.440,0.000,14.900
2510203134,2026-09-20 03:02:00,200,141.180,82.590,32.620,25.960,6.060,0.000,33.240
2610126270,2026-09-20 03:02:00,400,26.510,16.730,6.320,3.440,0.900,0.000,7.730
2310396107,2026-09-20 03:30:00,160,1230.860,905.470,151.270,174.110,342.060,0.000,24.300
2410121326,2026-09-20 03:30:00,200,1571.230,1013.370,440.540,117.320,371.410,0.000,5.450
2410121353,2026-09-20 03:30:00,120,710.210,492.170,194.080,23.950,157.140,0.000,15.370
2410121371,2026-09-20 03:30:00,120,598.990,371.150,132.190,95.640,71.360,0.000,29.540
2410121424,2026-09-20 03:30:00,120,47.900,29.430,11.170,7.290,1.600,0.000,17.660
2410121440,2026-09-20 03:30:00,120,20.940,13.740,4.220,2.960,2.470,0.000,5.880
2410121457,2026-09-20 03:30:00,120,1764.320,1126.760,497.990,139.560,329.910,0.000,42.560
2410121574,2026-09-20 03:30:00,120,4876.010,3518.810,1134.520,222.670,421.600,0.000,379.510
2410131378,2026-09-20 03:30:00,200,1844.270,1186.620,512.390,145.260,405.200,0.000,9.420
2410131383,2026-09-20 03:30:00,400,1059.990,701.980,226.570,131.420,47.710,0.000,65.580
2410131384,2026-09-20 03:30:00,200,9807.340,5563.990,1973.280,2270.060,2044.510,0.000,4.900
2410131387,2026-09-20 03:30:00,600,546.700,342.080,130.300,74.310,57.340,0.000,58.540
2410320615,2026-09-20 03:30:00,700,15457.940,9473.960,3771.540,2212.420,3821.150,0.000,51.450
2410883988,2026-09-20 03:30:00,100,35.780,18.160,5.360,12.250,3.390,0.000,2.130
2410883990,2026-09-20 03:30:00,60,2995.010,1717.540,639.280,638.180,888.540,0.000,38.530
2410883991,2026-09-20 03:30:00,100,2725.040,1639.860,613.140,472.040,255.940,0.260,74.130
2410883993,2026-09-20 03:30:00,60,3116.380,1502.050,591.860,1022.450,121.980,0.000,337.910
2410883994,2026-09-20 03:30:00,320,106.450,47.550,21.220,37.670,3.450,0.000,6.460
2410932742,2026-09-20 03:30:00,240,19858.891,11549.500,3691.880,4617.510,5034.150,0.000,5.960
2411087432,2026-09-20 03:30:00,40,3653.560,2268.590,1046.510,338.440,738.130,0.000,30.890
2411087433,2026-09-20 03:30:00,500,823.310,485.490,179.970,157.840,21.310,0.000,777.840
2411290205,2026-09-20 03:30:00,240,9632.870,6479.790,2821.920,331.140,3413.920,0.000,59.530
2510014481,2026-09-20 03:30:00,80,15348.830,8942.110,2959.770,3446.940,5767.700,0.000,5.520
2510014482,2026-09-20 03:30:00,40,1288.850,897.780,354.430,36.630,84.510,0.000,63.010
2510014483,2026-09-20 03:30:00,300,228.420,131.460,50.910,46.030,0.000,0.000,185.430
2510014484,2026-09-20 03:30:00,160,9411.030,5335.020,2082.880,1993.120,1519.510,0.000,21.400
2510178139,2026-09-20 03:30:00,300,822.780,477.090,175.350,170.340,178.960,0.000,14.140
2510178141,2026-09-20 03:30:00,40,657.480,492.150,154.330,10.990,183.110,0.000,47.150
2510203103,2026-09-20 03:30:00,400,1857.280,1105.590,417.860,333.820,61.810,3.510,329.620
2510203104,2026-09-20 03:30:00,120,3020.770,1814.100,708.160,498.500,454.370,0.000,69.190
2510203105,2026-09-20 03:30:00,100,2424.830,1685.610,685.680,53.520,570.600,0.000,70.350
2510203106,2026-09-20 03:30:00,100,98.650,45.640,16.640,36.360,0.410,0.000,37.040
2510203107,2026-09-20 03:30:00,600,606.200,385.010,164.680,56.510,175.740,0.000,12.460
2510203108,2026-09-20 03:30:00,80,3959.100,2226.450,880.320,852.320,621.600,0.000,36.690
2510203109,2026-09-20 03:30:00,160,1518.890,952.670,467.330,98.880,458.180,0.000,87.150
2510203111,2026-09-20 03:30:00,40,3927.640,2478.300,967.950,481.380,1072.330,0.000,12.650
2510203113,2026-09-20 03:30:00,160,4423.720,2813.790,1073.670,536.250,263.170,0.000,111.230
2510203114,2026-09-20 03:30:00,120,1899.440,1192.560,469.000,237.860,381.430,0.000,33.400
2510203117,2026-09-20 03:30:00,80,1654.560,881.440,359.380,413.730,281.860,0.000,164.700
2510203118,2026-09-20 03:30:00,640,194.110,112.170,43.680,38.260,26.990,0.010,112.370
2510203119,2026-09-20 03:30:00,40,480.820,323.290,123.490,34.020,180.180,0.000,14.790
2510203120,2026-09-20 03:30:00,160,4292.270,2633.190,947.700,711.360,995.520,0.000,14.900
2510203121,2026-09-20 03:30:00,100,1292.540,757.830,303.150,231.550,71.380,0.000,106.920
2510203122,2026-09-20 03:30:00,40,936.320,593.700,293.810,48.810,685.540,0.000,0.710
2510203123,2026-09-20 03:30:00,40,2654.000,1749.440,723.120,181.420,843.210,0.000,11.670
2510203124,2026-09-20 03:30:00,800,1176.730,833.470,284.790,58.460,330.790,0.000,0.360
2510203126,2026-09-20 03:30:00,100,15.740,7.000,2.270,6.460,0.310,0.000,1.280
2510203127,2026-09-20 03:30:00,40,1256.660,818.780,335.610,102.260,362.940,0.000,49.020
2510203128,2026-09-20 03:30:00,500,7929.860,4157.850,1399.270,2372.730,368.270,0.000,112.440
2510203130,2026-09-20 03:30:00,120,29.660,20.730,6.530,2.390,8.900,0.000,0.470
2510203133,2026-09-20 03:30:00,40,664.460,452.780,167.140,44.520,113.270,0.000,47.440
2510224049,2026-09-20 03:30:00,1,53307.949,20764.150,10906.000,21637.801,118.590,0.000,8947.650
2510224167,2026-09-20 03:30:00,1,20648.820,9059.450,4059.940,7529.410,819.740,0.000,5615.060
2510317537,2026-09-20 03:30:00,1,11708.270,6717.110,2215.610,2775.540,218.560,1427.680,2128.790
2510389559,2026-09-20 03:30:00,1,36.870,20.630,14.320,1.910,30.680,0.000,5.910
2510389643,2026-09-20 03:30:00,1,43001.000,15387.390,7701.970,19911.631,22.610,0.000,4064.010
2510389931,2026-09-20 03:30:00,1,31065.539,11860.170,6569.520,12635.840,0.150,0.000,4269.100
2510633381,2026-09-20 03:30:00,320,220.160,136.830,49.580,33.740,6.270,0.000,44.880
2510633383,2026-09-20 03:30:00,40,1706.460,1278.650,393.750,34.050,52.190,0.000,308.390
2510633385,2026-09-20 03:30:00,60,1210.340,569.020,241.440,399.870,47.580,0.000,94.120
2510633386,2026-09-20 03:30:00,500,482.020,274.460,104.020,103.530,30.900,0.000,2699.020
2510633387,2026-09-20 03:30:00,40,24.280,16.290,5.860,2.130,0.790,0.000,3.260
2510633389,2026-09-20 03:30:00,500,475.870,321.040,113.540,41.280,86.460,0.000,100.760
2510633390,2026-09-20 03:30:00,80,2086.170,1248.200,466.390,371.570,539.940,0.000,6.350
2510633391,2026-09-20 03:30:00,100,246.230,190.090,56.030,0.100,3.330,0.000,1.920
2510633393,2026-09-20 03:30:00,600,5922.410,3444.130,1178.680,1299.600,1261.000,0.000,0.480
2510633395,2026-09-20 03:30:00,40,1300.980,732.580,283.550,284.840,61.340,0.000,39.160
2510633396,2026-09-20 03:30:00,400,896.070,607.740,212.130,76.180,201.010,0.000,0.170
2510633397,2026-09-20 03:30:00,240,556.830,356.290,168.730,31.800,210.170,0.000,17.840
2510633399,2026-09-20 03:30:00,600,1143.640,656.440,246.440,240.750,58.070,0.000,57.000
2510633400,2026-09-20 03:30:00,800,740.840,451.060,171.500,118.260,156.070,0.000,28.000
2510633402,2026-09-20 03:30:00,300,549.660,330.520,117.000,102.120,135.410,0.000,10.400
2510633406,2026-09-20 03:30:00,60,357.430,160.960,69.820,126.640,18.020,0.000,97.430
2510633411,2026-09-20 03:30:00,800,4696.280,2675.740,983.490,1037.040,1668.020,0.000,29.340
2510814977,2026-09-20 03:30:00,400,51.700,31.880,12.250,7.570,1.840,0.000,10.460
2610026950,2026-09-20 03:30:00,600,14.300,9.120,3.300,1.870,1.280,0.000,3.080
2610026952,2026-09-20 03:30:00,200,3533.570,2297.130,1022.960,213.460,1778.060,0.000,9.750
2610026953,2026-09-20 03:30:00,700,654.590,385.700,148.300,120.580,188.190,0.000,0.670
2610026963,2026-09-20 03:30:00,200,373.650,193.240,91.590,88.800,23.630,2.230,94.060
2610026966,2026-09-20 03:30:00,240,952.360,683.420,236.300,32.620,197.900,0.000,0.000
2610026976,2026-09-20 03:30:00,60,1457.080,947.050,327.310,182.710,142.770,0.000,26.650
2610026977,2026-09-20 03:30:00,30,627.270,261.390,98.490,267.380,107.570,0.000,28.060
2610126270,2026-09-20 03:30:00,400,26.510,16.730,6.320,3.440,0.900,0.000,7.730
2610126451,2026-09-20 03:30:00,300,110.900,72.040,27.030,11.820,55.660,0.000,0.270
2610159557,2026-09-20 03:30:00,600,17.010,9.700,3.690,3.620,0.230,0.000,10.180
2610170786,2026-09-20 03:30:00,500,597.990,336.870,118.840,142.270,116.650,0.000,2.940
2610170836,2026-09-20 03:30:00,100,125.250,78.320,28.340,18.580,70.290,0.000,0.540
2610170837,2026-09-20 03:30:00,240,12.010,7.720,2.660,1.620,1.440,0.000,0.140
2610170838,2026-09-20 03:30:00,240,32.240,20.390,7.210,4.630,3.620,0.000,0.310
2610170840,2026-09-20 03:30:00,40,307.590,174.710,60.450,72.420,64.390,0.000,29.830
2610322967,2026-09-20 03:30:00,500,3.690,2.220,0.930,0.530,0.480,0.000,0.020
2610322969,2026-09-20 03:30:00,100,98.890,68.760,24.240,5.880,12.820,0.000,1.980
2610322982,2026-09-20 03:30:00,160,3.630,2.120,0.800,0.700,0.000,0.000,1.890
2610322995,2026-09-20 03:30:00,40,4.130,2.410,0.900,0.810,0.000,0.000,2.570
2610322997,2026-09-20 03:30:00,400,549.840,320.890,126.540,102.400,207.650,0.000,0.560
2610323001,2026-09-20 03:30:00,160,1757.350,1038.710,475.940,242.690,797.230,0.000,0.000
2610323004,2026-09-20 03:30:00,3000,91.030,68.750,11.860,10.400,21.140,0.000,2.020
2610323005,2026-09-20 03:30:00,120,11.390,7.680,2.900,0.800,1.600,0.000,0.760
2610323016,2026-09-20 03:30:00,160,1583.600,872.810,345.960,364.820,714.110,0.000,0.000
2610323017,2026-09-20 03:30:00,60,5.330,3.100,1.170,1.050,0.000,0.000,2.940
2610323019,2026-09-20 03:30:00,80,47.560,29.990,10.330,7.220,2.980,0.000,11.700
2610323027,2026-09-20 03:30:00,60,5.430,3.200,1.190,1.030,0.000,0.000,3.000
2410121454,2026-09-20 03:31:00,160,2043.790,1288.900,441.330,313.550,332.360,0.000,76.290
2510203129,2026-09-20 03:31:00,80,6.370,3.310,1.220,1.830,0.000,0.000,1.360
2510203134,2026-09-20 03:31:00,200,141.180,82.590,32.620,25.970,6.060,0.000,33.240
2510317505,2026-09-20 03:32:00,1,15062.920,6598.310,3195.220,5269.380,0.740,0.000,4480.690
2610323010,2026-09-20 03:32:00,60,15.680,10.370,3.830,1.460,1.180,0.000,4.130
2310396107,2026-09-20 04:00:00,160,1230.920,905.470,151.270,174.170,342.070,0.000,24.300
2410121326,2026-09-20 04:00:00,200,1571.270,1013.370,440.540,117.350,371.430,0.000,5.450
2410121353,2026-09-20 04:00:00,120,710.220,492.170,194.080,23.960,157.140,0.000,15.370
2410121371,2026-09-20 04:00:00,120,599.040,371.150,132.190,95.690,71.370,0.000,29.540
2410121424,2026-09-20 04:00:00,120,47.900,29.430,11.170,7.290,1.600,0.000,17.660
2410121440,2026-09-20 04:00:00,120,20.940,13.740,4.220,2.970,2.470,0.000,5.880
2410121454,2026-09-20 04:00:00,160,2043.840,1288.900,441.330,313.600,332.370,0.000,76.290
2410121457,2026-09-20 04:00:00,120,1764.870,1126.770,497.990,140.100,330.090,0.000,42.560
2410121574,2026-09-20 04:00:00,120,4876.030,3518.810,1134.520,222.690,421.600,0.000,379.530
2410131378,2026-09-20 04:00:00,200,1844.270,1186.620,512.390,145.260,405.200,0.000,9.420
2410131383,2026-09-20 04:00:00,400,1060.000,701.980,226.570,131.430,47.710,0.000,65.580
2410131384,2026-09-20 04:00:00,200,9807.370,5563.990,1973.280,2270.090,2044.510,0.000,4.900
2410131387,2026-09-20 04:00:00,600,546.710,342.080,130.300,74.320,57.340,0.000,58.540
2410320615,2026-09-20 04:00:00,700,15458.370,9473.970,3771.540,2212.850,3821.210,0.000,51.450
2410883990,2026-09-20 04:00:00,60,2995.020,1717.540,639.280,638.190,888.540,0.000,38.530
2410883991,2026-09-20 04:00:00,100,2725.080,1639.860,613.140,472.070,255.950,0.260,74.130
2410883993,2026-09-20 04:00:00,60,3116.680,1502.050,591.860,1022.750,121.980,0.000,337.940
2410883994,2026-09-20 04:00:00,320,106.460,47.550,21.220,37.680,3.450,0.000,6.460
2410932742,2026-09-20 04:00:00,240,19859.619,11549.500,3691.880,4618.230,5034.380,0.000,5.960
2411087432,2026-09-20 04:00:00,40,3653.570,2268.590,1046.510,338.460,738.130,0.000,30.890
2411087433,2026-09-20 04:00:00,500,823.480,485.490,179.970,158.000,21.310,0.000,777.840
2411290205,2026-09-20 04:00:00,240,9632.910,6479.790,2821.920,331.180,3413.930,0.000,59.530
2510014481,2026-09-20 04:00:00,80,15349.520,8942.120,2959.770,3447.620,5767.950,0.000,5.520
2510014482,2026-09-20 04:00:00,40,1288.850,897.780,354.430,36.640,84.510,0.000,63.010
2510014483,2026-09-20 04:00:00,300,228.430,131.460,50.910,46.040,0.000,0.000,185.450
2510014484,2026-09-20 04:00:00,160,9411.060,5335.020,2082.880,1993.150,1519.510,0.000,21.410
2510178139,2026-09-20 04:00:00,300,822.890,477.090,175.350,170.450,178.990,0.000,14.140
2510178141,2026-09-20 04:00:00,40,657.480,492.150,154.330,11.000,183.110,0.000,47.160
2510203103,2026-09-20 04:00:00,400,1857.310,1105.590,417.860,333.850,61.810,3.510,329.630
2510203104,2026-09-20 04:00:00,120,3020.880,1814.100,708.160,498.620,454.390,0.000,69.190
2510203106,2026-09-20 04:00:00,100,98.660,45.640,16.640,36.370,0.410,0.000,37.050
2510203107,2026-09-20 04:00:00,600,606.280,385.010,164.680,56.590,175.750,0.000,12.460
2510203108,2026-09-20 04:00:00,80,3959.380,2226.450,880.320,852.600,621.610,0.000,36.690
2510203109,2026-09-20 04:00:00,160,1518.910,952.670,467.330,98.900,458.180,0.000,87.150
2510203111,2026-09-20 04:00:00,40,3927.640,2478.300,967.950,481.380,1072.330,0.000,12.650
2510203113,2026-09-20 04:00:00,160,4423.890,2813.790,1073.670,536.420,263.170,0.000,111.230
2510203114,2026-09-20 04:00:00,120,1899.510,1192.560,469.000,237.940,381.440,0.000,33.400
2510203117,2026-09-20 04:00:00,80,1654.640,881.440,359.380,413.810,281.860,0.000,164.720
2510203118,2026-09-20 04:00:00,640,194.130,112.170,43.680,38.280,26.990,0.010,112.390
2510203119,2026-09-20 04:00:00,40,480.820,323.290,123.490,34.020,180.180,0.000,14.790
2510203120,2026-09-20 04:00:00,160,4292.520,2633.200,947.700,711.610,995.610,0.000,14.900
2510203121,2026-09-20 04:00:00,100,1292.580,757.830,303.150,231.580,71.380,0.000,106.930
2510203122,2026-09-20 04:00:00,40,936.340,593.700,293.810,48.820,685.550,0.000,0.710
2510203123,2026-09-20 04:00:00,40,2654.000,1749.440,723.120,181.430,843.210,0.000,11.670
2510203124,2026-09-20 04:00:00,800,1176.770,833.470,284.790,58.500,330.810,0.000,0.360
2510203126,2026-09-20 04:00:00,100,15.740,7.000,2.270,6.470,0.310,0.000,1.280
2510203127,2026-09-20 04:00:00,40,1256.800,818.780,335.610,102.400,363.030,0.000,49.020
2510203128,2026-09-20 04:00:00,500,7930.460,4157.850,1399.270,2373.330,368.310,0.000,112.440
2510203129,2026-09-20 04:00:00,80,6.370,3.310,1.220,1.840,0.000,0.000,1.360
2510203130,2026-09-20 04:00:00,120,29.670,20.730,6.530,2.390,8.900,0.000,0.470
2510203133,2026-09-20 04:00:00,40,664.460,452.780,167.140,44.530,113.270,0.000,47.440
2510203134,2026-09-20 04:00:00,200,141.190,82.590,32.620,25.970,6.060,0.000,33.240
2510224049,2026-09-20 04:00:00,1,53311.441,20764.150,10906.000,21641.279,118.590,0.000,8948.680
2510224167,2026-09-20 04:00:00,1,20650.160,9059.460,4059.940,7530.750,819.740,0.000,5616.000
2510317505,2026-09-20 04:00:00,1,15064.550,6598.310,3195.220,5271.010,0.740,0.000,4481.500
2510317537,2026-09-20 04:00:00,1,11709.090,6717.110,2215.610,2776.370,218.560,1427.680,2128.930
2510389559,2026-09-20 04:00:00,1,36.870,20.630,14.320,1.910,30.680,0.000,5.910
2510389643,2026-09-20 04:00:00,1,43004.691,15387.400,7701.970,19915.311,22.610,0.000,4064.640
2510389931,2026-09-20 04:00:00,1,31068.500,11860.170,6569.520,12638.800,0.150,0.000,4269.440
2510633381,2026-09-20 04:00:00,320,220.170,136.830,49.580,33.750,6.270,0.000,44.880
2510633383,2026-09-20 04:00:00,40,1706.470,1278.650,393.750,34.060,52.190,0.000,308.420
2510633385,2026-09-20 04:00:00,60,1210.440,569.020,241.440,399.970,47.580,0.000,94.140
2510633386,2026-09-20 04:00:00,500,482.080,274.460,104.020,103.590,30.900,0.000,2699.380
2510633387,2026-09-20 04:00:00,40,24.280,16.290,5.860,2.130,0.790,0.000,3.260
2510633389,2026-09-20 04:00:00,500,475.980,321.040,113.540,41.380,86.460,0.000,100.780
2510633390,2026-09-20 04:00:00,80,2086.690,1248.200,466.390,372.090,540.110,0.000,6.350
2510633391,2026-09-20 04:00:00,100,246.230,190.090,56.030,0.100,3.330,0.000,1.920
2510633393,2026-09-20 04:00:00,600,5922.760,3444.130,1178.680,1299.950,1261.070,0.000,0.480
2510633395,2026-09-20 04:00:00,40,1300.980,732.580,283.550,284.840,61.340,0.000,39.160
2510633396,2026-09-20 04:00:00,400,896.150,607.740,212.130,76.260,201.050,0.000,0.170
2510633397,2026-09-20 04:00:00,240,556.850,356.290,168.730,31.810,210.170,0.000,17.840
2510633399,2026-09-20 04:00:00,600,1143.730,656.440,246.440,240.840,58.070,0.000,57.000
2510633400,2026-09-20 04:00:00,800,740.940,451.060,171.500,118.370,156.100,0.000,28.000
2510633402,2026-09-20 04:00:00,300,549.830,330.520,117.000,102.290,135.460,0.000,10.400
2510633406,2026-09-20 04:00:00,60,357.450,160.960,69.820,126.670,18.020,0.000,97.450
2510633411,2026-09-20 04:00:00,800,4696.860,2675.740,983.490,1037.620,1668.230,0.000,29.340
2510814977,2026-09-20 04:00:00,400,51.710,31.880,12.250,7.570,1.840,0.000,10.460
2610026950,2026-09-20 04:00:00,600,14.300,9.120,3.300,1.870,1.280,0.000,3.080
2610026952,2026-09-20 04:00:00,200,3534.120,2297.130,1022.960,214.020,1778.390,0.000,9.750
2610026953,2026-09-20 04:00:00,700,654.760,385.700,148.300,120.750,188.270,0.000,0.670
2610026963,2026-09-20 04:00:00,200,373.690,193.240,91.590,88.840,23.630,2.230,94.090
2610026966,2026-09-20 04:00:00,240,952.370,683.420,236.300,32.640,197.910,0.000,0.000
2610026977,2026-09-20 04:00:00,30,627.440,261.390,98.490,267.550,107.580,0.000,28.070
2610126270,2026-09-20 04:00:00,400,26.520,16.730,6.320,3.450,0.910,0.000,7.730
2610126451,2026-09-20 04:00:00,300,110.900,72.040,27.030,11.820,55.660,0.000,0.270
2610170786,2026-09-20 04:00:00,500,598.260,336.870,118.840,142.540,116.700,0.000,2.940
2610170836,2026-09-20 04:00:00,100,125.250,78.320,28.340,18.580,70.290,0.000,0.550
2610170837,2026-09-20 04:00:00,240,12.010,7.720,2.660,1.620,1.440,0.000,0.140
2610170838,2026-09-20 04:00:00,240,32.250,20.390,7.210,4.640,3.620,0.000,0.310
2610170840,2026-09-20 04:00:00,40,307.670,174.710,60.450,72.500,64.390,0.000,29.840
2610322967,2026-09-20 04:00:00,500,3.690,2.220,0.930,0.530,0.480,0.000,0.020
2610322969,2026-09-20 04:00:00,100,98.900,68.760,24.240,5.890,12.820,0.000,1.980
2610322982,2026-09-20 04:00:00,160,3.630,2.120,0.800,0.710,0.000,0.000,1.890
2610322995,2026-09-20 04:00:00,40,4.130,2.410,0.900,0.810,0.000,0.000,2.580
2610322997,2026-09-20 04:00:00,400,549.860,320.890,126.540,102.420,207.670,0.000,0.560
2610323001,2026-09-20 04:00:00,160,1758.060,1038.710,475.940,243.390,797.580,0.000,0.000
2610323004,2026-09-20 04:00:00,3000,91.040,68.750,11.860,10.410,21.140,0.000,2.020
2610323005,2026-09-20 04:00:00,120,11.390,7.680,2.900,0.810,1.600,0.000,0.760
2610323010,2026-09-20 04:00:00,60,15.680,10.370,3.830,1.470,1.180,0.000,4.130
2610323016,2026-09-20 04:00:00,160,1584.470,872.810,345.960,365.700,714.490,0.000,0.000
2610323017,2026-09-20 04:00:00,60,5.340,3.100,1.170,1.050,0.000,0.000,2.940
2610323019,2026-09-20 04:00:00,80,47.570,29.990,10.330,7.230,2.980,0.000,11.700
2610323027,2026-09-20 04:00:00,60,5.440,3.200,1.190,1.040,0.000,0.000,3.000
2410883988,2026-09-20 04:01:00,100,35.790,18.160,5.360,12.260,3.390,0.000,2.130
2510203105,2026-09-20 04:01:00,100,2424.840,1685.610,685.680,53.540,570.600,0.000,70.350
2610026976,2026-09-20 04:01:00,60,1457.160,947.050,327.310,182.780,142.770,0.000,26.650
2610159557,2026-09-20 04:01:00,600,17.010,9.700,3.690,3.620,0.230,0.000,10.180
2310396107,2026-09-20 04:30:00,160,1230.990,905.530,151.270,174.170,342.090,0.000,24.300
2410121326,2026-09-20 04:30:00,200,1571.310,1013.400,440.540,117.350,371.450,0.000,5.450
2410121353,2026-09-20 04:30:00,120,710.220,492.170,194.080,23.960,157.140,0.000,15.380
2410121371,2026-09-20 04:30:00,120,599.090,371.200,132.190,95.690,71.370,0.000,29.540
2410121424,2026-09-20 04:30:00,120,47.900,29.440,11.170,7.290,1.600,0.000,17.660
2410121440,2026-09-20 04:30:00,120,20.940,13.750,4.220,2.970,2.470,0.000,5.880
2410121454,2026-09-20 04:30:00,160,2043.880,1288.950,441.330,313.600,332.380,0.000,76.290
2410121457,2026-09-20 04:30:00,120,1765.420,1127.320,497.990,140.100,330.270,0.000,42.560
2410121574,2026-09-20 04:30:00,120,4876.060,3518.830,1134.520,222.690,421.600,0.000,379.550
2410131378,2026-09-20 04:30:00,200,1844.280,1186.620,512.390,145.260,405.200,0.000,9.420
2410131383,2026-09-20 04:30:00,400,1060.020,702.000,226.570,131.430,47.710,0.000,65.580
2410131384,2026-09-20 04:30:00,200,9807.400,5564.030,1973.280,2270.090,2044.510,0.000,4.900
2410131387,2026-09-20 04:30:00,600,546.720,342.090,130.300,74.320,57.340,0.000,58.540
2410320615,2026-09-20 04:30:00,700,15458.810,9474.410,3771.540,2212.850,3821.280,0.000,51.450
2410883988,2026-09-20 04:30:00,100,35.790,18.160,5.360,12.260,3.390,0.000,2.130
2410883990,2026-09-20 04:30:00,60,2995.030,1717.550,639.280,638.190,888.540,0.000,38.530
2410883991,2026-09-20 04:30:00,100,2725.110,1639.900,613.140,472.070,255.950,0.260,74.130
2410883993,2026-09-20 04:30:00,60,3116.980,1502.350,591.860,1022.750,121.990,0.000,337.980
2410883994,2026-09-20 04:30:00,320,106.470,47.560,21.220,37.680,3.450,0.000,6.460
2411087432,2026-09-20 04:30:00,40,3653.590,2268.610,1046.510,338.460,738.130,0.000,30.900
2411087433,2026-09-20 04:30:00,500,823.650,485.660,179.970,158.000,21.310,0.000,777.840
2411290205,2026-09-20 04:30:00,240,9632.950,6479.830,2821.920,331.180,3413.930,0.000,59.530
2510014481,2026-09-20 04:30:00,80,15350.190,8942.790,2959.770,3447.620,5768.190,0.000,5.520
2510014482,2026-09-20 04:30:00,40,1288.860,897.790,354.430,36.640,84.510,0.000,63.010
2510014483,2026-09-20 04:30:00,300,228.440,131.480,50.910,46.040,0.000,0.000,185.460
2510014484,2026-09-20 04:30:00,160,9411.090,5335.060,2082.880,1993.150,1519.510,0.000,21.410
2510178139,2026-09-20 04:30:00,300,823.010,477.200,175.350,170.450,179.020,0.000,14.140
2510178141,2026-09-20 04:30:00,40,657.480,492.150,154.330,11.000,183.110,0.000,47.160
2510203103,2026-09-20 04:30:00,400,1857.340,1105.620,417.860,333.850,61.810,3.510,329.630
2510203104,2026-09-20 04:30:00,120,3020.990,1814.210,708.160,498.620,454.410,0.000,69.190
2510203105,2026-09-20 04:30:00,100,2424.860,1685.630,685.680,53.540,570.600,0.000,70.350
2510203106,2026-09-20 04:30:00,100,98.660,45.640,16.640,36.370,0.410,0.000,37.050
2510203107,2026-09-20 04:30:00,600,606.370,385.100,164.680,56.590,175.770,0.000,12.470
2510203108,2026-09-20 04:30:00,80,3959.640,2226.710,880.320,852.600,621.630,0.000,36.690
2510203109,2026-09-20 04:30:00,160,1518.930,952.690,467.330,98.900,458.190,0.000,87.150
2510203111,2026-09-20 04:30:00,40,3927.650,2478.310,967.950,481.380,1072.330,0.000,12.650
2510203113,2026-09-20 04:30:00,160,4424.070,2813.970,1073.670,536.420,263.170,0.000,111.230
2510203114,2026-09-20 04:30:00,120,1899.590,1192.640,469.000,237.940,381.460,0.000,33.400
2510203117,2026-09-20 04:30:00,80,1654.740,881.540,359.380,413.810,281.860,0.000,164.740
2510203118,2026-09-20 04:30:00,640,194.150,112.190,43.680,38.280,26.990,0.010,112.410
2510203119,2026-09-20 04:30:00,40,480.820,323.290,123.490,34.020,180.180,0.000,14.790
2510203120,2026-09-20 04:30:00,160,4292.770,2633.450,947.700,711.610,995.710,0.000,14.900
2510203121,2026-09-20 04:30:00,100,1292.620,757.880,303.150,231.580,71.380,0.000,106.940
2510203122,2026-09-20 04:30:00,40,936.350,593.710,293.810,48.820,685.550,0.000,0.710
2510203124,2026-09-20 04:30:00,800,1176.810,833.520,284.790,58.500,330.840,0.000,0.360
2510203126,2026-09-20 04:30:00,100,15.750,7.010,2.270,6.470,0.310,0.000,1.280
2510203127,2026-09-20 04:30:00,40,1256.940,818.920,335.610,102.400,363.130,0.000,49.020
2510203128,2026-09-20 04:30:00,500,7931.000,4158.400,1399.270,2373.330,368.330,0.000,112.440
2510203129,2026-09-20 04:30:00,80,6.380,3.320,1.220,1.840,0.000,0.000,1.360
2510203130,2026-09-20 04:30:00,120,29.670,20.730,6.530,2.390,8.900,0.000,0.470
2510203133,2026-09-20 04:30:00,40,664.470,452.790,167.140,44.530,113.270,0.000,47.450
2510203134,2026-09-20 04:30:00,200,141.190,82.590,32.620,25.970,6.060,0.000,33.240
2510224049,2026-09-20 04:30:00,1,53316.762,20769.471,10906.000,21641.279,118.590,0.000,8949.810
2510224167,2026-09-20 04:30:00,1,20653.801,9063.100,4059.940,7530.750,819.740,0.000,5617.100
2510317505,2026-09-20 04:30:00,1,15067.490,6601.250,3195.220,5271.010,0.740,0.000,4482.460
2510317537,2026-09-20 04:30:00,1,11709.800,6717.820,2215.610,2776.370,218.560,1427.680,2129.060
2510389559,2026-09-20 04:30:00,1,36.870,20.630,14.320,1.910,30.680,0.000,5.910
2510389643,2026-09-20 04:30:00,1,43008.430,15391.130,7701.970,19915.311,22.610,0.000,4065.280
2510389931,2026-09-20 04:30:00,1,31071.461,11863.130,6569.520,12638.800,0.150,0.000,4269.780
2510633381,2026-09-20 04:30:00,320,220.190,136.850,49.580,33.750,6.270,0.000,44.890
2510633383,2026-09-20 04:30:00,40,1706.480,1278.660,393.750,34.060,52.190,0.000,308.450
2510633385,2026-09-20 04:30:00,60,1210.530,569.110,241.440,399.970,47.580,0.000,94.150
2510633386,2026-09-20 04:30:00,500,482.130,274.520,104.020,103.590,30.900,0.000,2699.740
2510633387,2026-09-20 04:30:00,40,24.280,16.290,5.860,2.130,0.790,0.000,3.260
2510633389,2026-09-20 04:30:00,500,476.080,321.140,113.540,41.380,86.460,0.000,100.810
2510633390,2026-09-20 04:30:00,80,2087.200,1248.710,466.390,372.090,540.270,0.000,6.350
2510633391,2026-09-20 04:30:00,100,246.230,190.090,56.030,0.100,3.330,0.000,1.920
2510633393,2026-09-20 04:30:00,600,5923.110,3444.480,1178.680,1299.950,1261.140,0.000,0.480
2510633395,2026-09-20 04:30:00,40,1300.980,732.580,283.550,284.840,61.340,0.000,39.160
2510633396,2026-09-20 04:30:00,400,896.230,607.830,212.130,76.260,201.100,0.000,0.170
2510633397,2026-09-20 04:30:00,240,556.860,356.300,168.730,31.810,210.170,0.000,17.840
2510633399,2026-09-20 04:30:00,600,1143.820,656.530,246.440,240.840,58.080,0.000,57.000
2510633400,2026-09-20 04:30:00,800,741.050,451.170,171.500,118.370,156.120,0.000,28.000
2510633402,2026-09-20 04:30:00,300,549.990,330.690,117.000,102.290,135.510,0.000,10.400
2510633406,2026-09-20 04:30:00,60,357.510,161.020,69.820,126.670,18.020,0.000,97.470
2510633411,2026-09-20 04:30:00,800,4697.370,2676.250,983.490,1037.620,1668.420,0.000,29.340
2510814977,2026-09-20 04:30:00,400,51.710,31.880,12.250,7.570,1.840,0.000,10.460
2610026950,2026-09-20 04:30:00,600,14.310,9.130,3.300,1.870,1.280,0.000,3.090
2610026952,2026-09-20 04:30:00,200,3534.670,2297.680,1022.960,214.020,1778.730,0.000,9.750
2610026953,2026-09-20 04:30:00,700,654.920,385.870,148.300,120.750,188.340,0.000,0.670
2610026963,2026-09-20 04:30:00,200,373.730,193.280,91.590,88.840,23.630,2.230,94.110
2610026966,2026-09-20 04:30:00,240,952.390,683.440,236.300,32.640,197.920,0.000,0.000
2610026976,2026-09-20 04:30:00,60,1457.230,947.120,327.310,182.780,142.770,0.000,26.650
2610026977,2026-09-20 04:30:00,30,627.580,261.530,98.490,267.550,107.580,0.000,28.090
2610126270,2026-09-20 04:30:00,400,26.520,16.740,6.320,3.450,0.910,0.000,7.730
2610126451,2026-09-20 04:30:00,300,110.910,72.050,27.030,11.820,55.660,0.000,0.270
2610159557,2026-09-20 04:30:00,600,17.020,9.700,3.690,3.620,0.230,0.000,10.190
2610170786,2026-09-20 04:30:00,500,598.550,337.160,118.840,142.540,116.770,0.000,2.940
2610170836,2026-09-20 04:30:00,100,125.250,78.320,28.340,18.580,70.290,0.000,0.550
2610170837,2026-09-20 04:30:00,240,12.020,7.720,2.660,1.620,1.440,0.000,0.140
2610170838,2026-09-20 04:30:00,240,32.250,20.400,7.210,4.640,3.620,0.000,0.310
2610170840,2026-09-20 04:30:00,40,307.740,174.790,60.450,72.500,64.390,0.000,29.850
2610322967,2026-09-20 04:30:00,500,3.690,2.220,0.930,0.530,0.480,0.000,0.020
2610322969,2026-09-20 04:30:00,100,98.920,68.780,24.240,5.890,12.820,0.000,1.980
2610322982,2026-09-20 04:30:00,160,3.640,2.120,0.800,0.710,0.000,0.000,1.900
2610322995,2026-09-20 04:30:00,40,4.140,2.410,0.900,0.810,0.000,0.000,2.580
2610322997,2026-09-20 04:30:00,400,549.880,320.910,126.540,102.420,207.680,0.000,0.560
2610323001,2026-09-20 04:30:00,160,1758.710,1039.370,475.940,243.390,797.920,0.000,0.000
2610323004,2026-09-20 04:30:00,3000,91.050,68.760,11.860,10.410,21.140,0.000,2.020
2610323005,2026-09-20 04:30:00,120,11.390,7.680,2.900,0.810,1.600,0.000,0.760
2610323010,2026-09-20 04:30:00,60,15.690,10.380,3.830,1.470,1.180,0.000,4.130
2610323016,2026-09-20 04:30:00,160,1585.060,873.400,345.960,365.700,714.770,0.000,0.000
2610323017,2026-09-20 04:30:00,60,5.340,3.110,1.170,1.050,0.000,0.000,2.950
2610323027,2026-09-20 04:30:00,60,5.440,3.210,1.190,1.040,0.000,0.000,3.010
2410932742,2026-09-20 04:31:00,240,19860.410,11550.290,3691.880,4618.230,5034.630,0.000,5.960
2510203123,2026-09-20 04:31:00,40,2654.010,1749.450,723.120,181.430,843.210,0.000,11.670
2610323019,2026-09-20 04:32:00,80,47.580,30.010,10.330,7.230,2.980,0.000,11.710
2310396107,2026-09-20 05:00:00,160,1231.050,905.600,151.270,174.170,342.110,0.000,24.300
2410121326,2026-09-20 05:00:00,200,1571.340,1013.440,440.540,117.350,371.470,0.000,5.450
2410121353,2026-09-20 05:00:00,120,710.230,492.180,194.080,23.960,157.140,0.000,15.380
2410121371,2026-09-20 05:00:00,120,599.140,371.240,132.190,95.690,71.370,0.000,29.540
2410121424,2026-09-20 05:00:00,120,47.910,29.440,11.170,7.290,1.600,0.000,17.660
2410121440,2026-09-20 05:00:00,120,20.950,13.750,4.220,2.970,2.470,0.000,5.880
2410121454,2026-09-20 05:00:00,160,2043.930,1288.990,441.330,313.600,332.390,0.000,76.290
2410121457,2026-09-20 05:00:00,120,1765.990,1127.890,497.990,140.100,330.460,0.000,42.560
2410121574,2026-09-20 05:00:00,120,4876.090,3518.860,1134.520,222.690,421.600,0.000,379.580
2410131378,2026-09-20 05:00:00,200,1844.290,1186.630,512.390,145.260,405.200,0.000,9.430
2410131383,2026-09-20 05:00:00,400,1060.040,702.020,226.570,131.430,47.710,0.000,65.580
2410131384,2026-09-20 05:00:00,200,9807.430,5564.060,1973.280,2270.090,2044.510,0.000,4.900
2410131387,2026-09-20 05:00:00,600,546.740,342.100,130.300,74.320,57.340,0.000,58.550
2410320615,2026-09-20 05:00:00,700,15459.250,9474.850,3771.540,2212.850,3821.350,0.000,51.450
2410883990,2026-09-20 05:00:00,60,2995.050,1717.560,639.280,638.190,888.540,0.000,38.530
2410883991,2026-09-20 05:00:00,100,2725.160,1639.940,613.140,472.070,255.950,0.260,74.130
2410883993,2026-09-20 05:00:00,60,3117.240,1502.620,591.860,1022.750,122.000,0.000,338.000
2410883994,2026-09-20 05:00:00,320,106.480,47.570,21.220,37.680,3.450,0.000,6.460
2410932742,2026-09-20 05:00:00,240,19861.119,11551.000,3691.880,4618.230,5034.860,0.000,5.960
2411087432,2026-09-20 05:00:00,40,3653.600,2268.620,1046.510,338.460,738.130,0.000,30.900
2411087433,2026-09-20 05:00:00,500,823.810,485.830,179.970,158.000,21.310,0.000,777.850
2411290205,2026-09-20 05:00:00,240,9632.990,6479.870,2821.920,331.180,3413.930,0.000,59.530
2510014481,2026-09-20 05:00:00,80,15350.870,8943.470,2959.770,3447.620,5768.450,0.000,5.520
2510014482,2026-09-20 05:00:00,40,1288.870,897.790,354.430,36.640,84.510,0.000,63.010
2510014483,2026-09-20 05:00:00,300,228.450,131.490,50.910,46.040,0.000,0.000,185.470
2510014484,2026-09-20 05:00:00,160,9411.120,5335.090,2082.880,1993.150,1519.510,0.000,21.410
2510178139,2026-09-20 05:00:00,300,823.100,477.290,175.350,170.450,179.050,0.000,14.140
2510178141,2026-09-20 05:00:00,40,657.480,492.150,154.330,11.000,183.110,0.000,47.170
2510203103,2026-09-20 05:00:00,400,1857.370,1105.650,417.860,333.850,61.810,3.510,329.640
2510203104,2026-09-20 05:00:00,120,3021.110,1814.330,708.160,498.620,454.440,0.000,69.190
2510203105,2026-09-20 05:00:00,100,2424.870,1685.640,685.680,53.540,570.600,0.000,70.350
2510203106,2026-09-20 05:00:00,100,98.670,45.650,16.640,36.370,0.410,0.000,37.050
2510203107,2026-09-20 05:00:00,600,606.760,385.490,164.680,56.590,175.850,0.000,12.470
2510203108,2026-09-20 05:00:00,80,3959.910,2226.980,880.320,852.600,621.650,0.000,36.690
2510203109,2026-09-20 05:00:00,160,1518.950,952.710,467.330,98.900,458.190,0.000,87.150
2510203111,2026-09-20 05:00:00,40,3927.650,2478.310,967.950,481.380,1072.330,0.000,12.650
2510203113,2026-09-20 05:00:00,160,4424.250,2814.150,1073.670,536.420,263.180,0.000,111.230
2510203114,2026-09-20 05:00:00,120,1899.670,1192.720,469.000,237.940,381.470,0.000,33.400
2510203117,2026-09-20 05:00:00,80,1654.840,881.640,359.380,413.810,281.860,0.000,164.760
2510203118,2026-09-20 05:00:00,640,194.180,112.210,43.680,38.280,26.990,0.010,112.420
2510203119,2026-09-20 05:00:00,40,480.820,323.290,123.490,34.020,180.180,0.000,14.790
2510203120,2026-09-20 05:00:00,160,4293.020,2633.690,947.700,711.610,995.800,0.000,14.900
2510203121,2026-09-20 05:00:00,100,1292.660,757.920,303.150,231.580,71.380,0.000,106.950
2510203122,2026-09-20 05:00:00,40,936.360,593.720,293.810,48.820,685.560,0.000,0.710
2510203123,2026-09-20 05:00:00,40,2654.010,1749.450,723.120,181.430,843.210,0.000,11.670
2510203124,2026-09-20 05:00:00,800,1176.860,833.560,284.790,58.500,330.860,0.000,0.360
2510203126,2026-09-20 05:00:00,100,15.760,7.010,2.270,6.470,0.310,0.000,1.280
2510203127,2026-09-20 05:00:00,40,1257.080,819.060,335.610,102.400,363.230,0.000,49.020
2510203128,2026-09-20 05:00:00,500,7931.550,4158.950,1399.270,2373.330,368.350,0.000,112.440
2510203129,2026-09-20 05:00:00,80,6.390,3.320,1.220,1.840,0.000,0.000,1.360
2510203130,2026-09-20 05:00:00,120,29.670,20.740,6.530,2.390,8.900,0.000,0.470
2510203133,2026-09-20 05:00:00,40,664.470,452.790,167.140,44.530,113.270,0.000,47.450
2510203134,2026-09-20 05:00:00,200,141.200,82.600,32.620,25.970,6.060,0.000,33.240
2510224049,2026-09-20 05:00:00,1,53322.109,20774.820,10906.000,21641.279,118.590,0.000,8950.960
2510224167,2026-09-20 05:00:00,1,20657.500,9066.800,4059.940,7530.750,819.740,0.000,5618.200
2510317505,2026-09-20 05:00:00,1,15070.410,6604.170,3195.220,5271.010,0.740,0.000,4483.410
2510317537,2026-09-20 05:00:00,1,11710.510,6718.530,2215.610,2776.370,218.560,1427.680,2129.180
2510389559,2026-09-20 05:00:00,1,36.870,20.630,14.320,1.910,30.680,0.000,5.910
2510389643,2026-09-20 05:00:00,1,43012.121,15394.830,7701.970,19915.311,22.610,0.000,4065.920
2510389931,2026-09-20 05:00:00,1,31074.430,11866.100,6569.520,12638.800,0.150,0.000,4270.120
2510633381,2026-09-20 05:00:00,320,220.200,136.860,49.580,33.750,6.270,0.000,44.890
2510633383,2026-09-20 05:00:00,40,1706.490,1278.670,393.750,34.060,52.190,0.000,308.480
2510633385,2026-09-20 05:00:00,60,1210.620,569.200,241.440,399.970,47.580,0.000,94.170
2510633386,2026-09-20 05:00:00,500,482.190,274.570,104.020,103.590,30.900,0.000,2700.090
2510633387,2026-09-20 05:00:00,40,24.280,16.290,5.860,2.130,0.790,0.000,3.260
2510633389,2026-09-20 05:00:00,500,476.180,321.240,113.540,41.380,86.460,0.000,100.840
2510633390,2026-09-20 05:00:00,80,2087.660,1249.170,466.390,372.090,540.390,0.000,6.350
2510633391,2026-09-20 05:00:00,100,246.230,190.090,56.030,0.100,3.330,0.000,1.920
2510633393,2026-09-20 05:00:00,600,5923.440,3444.810,1178.680,1299.950,1261.190,0.000,0.480
2510633395,2026-09-20 05:00:00,40,1300.980,732.580,283.550,284.840,61.340,0.000,39.160
2510633396,2026-09-20 05:00:00,400,896.320,607.910,212.130,76.260,201.150,0.000,0.170
2510633397,2026-09-20 05:00:00,240,556.870,356.320,168.730,31.810,210.170,0.000,17.840
2510633399,2026-09-20 05:00:00,600,1143.910,656.620,246.440,240.840,58.080,0.000,57.000
2510633402,2026-09-20 05:00:00,300,550.160,330.860,117.000,102.290,135.570,0.000,10.400
2510633406,2026-09-20 05:00:00,60,357.570,161.080,69.820,126.670,18.020,0.000,97.480
2510633411,2026-09-20 05:00:00,800,4697.800,2676.670,983.490,1037.620,1668.570,0.000,29.340
2510814977,2026-09-20 05:00:00,400,51.710,31.890,12.250,7.570,1.840,0.000,10.460
2610026950,2026-09-20 05:00:00,600,14.310,9.130,3.300,1.870,1.280,0.000,3.090
2610026952,2026-09-20 05:00:00,200,3535.200,2298.220,1022.960,214.020,1779.060,0.000,9.750
2610026953,2026-09-20 05:00:00,700,655.090,386.030,148.300,120.750,188.410,0.000,0.670
2610026963,2026-09-20 05:00:00,200,373.780,193.330,91.590,88.840,23.630,2.230,94.130
2610026966,2026-09-20 05:00:00,240,952.400,683.450,236.300,32.640,197.920,0.000,0.000
2610026976,2026-09-20 05:00:00,60,1457.310,947.210,327.310,182.780,142.770,0.000,26.660
2610026977,2026-09-20 05:00:00,30,627.700,261.650,98.490,267.550,107.580,0.000,28.110
2610126270,2026-09-20 05:00:00,400,26.530,16.740,6.320,3.450,0.920,0.000,7.730
2610126451,2026-09-20 05:00:00,300,110.920,72.050,27.030,11.820,55.660,0.000,0.270
2610159557,2026-09-20 05:00:00,600,17.020,9.700,3.690,3.620,0.230,0.000,10.190
2610170786,2026-09-20 05:00:00,500,598.840,337.450,118.840,142.540,116.830,0.000,2.940
2610170836,2026-09-20 05:00:00,100,125.250,78.320,28.340,18.580,70.290,0.000,0.550
2610170838,2026-09-20 05:00:00,240,32.260,20.400,7.210,4.640,3.620,0.000,0.310
2610170840,2026-09-20 05:00:00,40,307.820,174.860,60.450,72.500,64.390,0.000,29.860
2610322967,2026-09-20 05:00:00,500,3.690,2.220,0.930,0.530,0.480,0.000,0.020
2610322969,2026-09-20 05:00:00,100,98.930,68.790,24.240,5.890,12.820,0.000,1.980
2610322982,2026-09-20 05:00:00,160,3.640,2.130,0.800,0.710,0.000,0.000,1.900
2610322995,2026-09-20 05:00:00,40,4.140,2.420,0.900,0.810,0.000,0.000,2.590
2610322997,2026-09-20 05:00:00,400,549.900,320.930,126.540,102.420,207.700,0.000,0.560
2610323004,2026-09-20 05:00:00,3000,91.050,68.770,11.860,10.410,21.140,0.000,2.030
2610323005,2026-09-20 05:00:00,120,11.390,7.680,2.900,0.810,1.600,0.000,0.760
2610323016,2026-09-20 05:00:00,160,1585.480,873.820,345.960,365.700,714.980,0.000,0.000
2610323017,2026-09-20 05:00:00,60,5.350,3.110,1.170,1.050,0.000,0.000,2.950
2610323019,2026-09-20 05:00:00,80,47.590,30.020,10.330,7.230,2.980,0.000,11.710
2610323027,2026-09-20 05:00:00,60,5.450,3.220,1.190,1.040,0.000,0.000,3.010
2510633400,2026-09-20 05:01:00,800,741.160,451.280,171.500,118.370,156.150,0.000,28.000
2610323001,2026-09-20 05:01:00,160,1759.300,1039.960,475.940,243.390,798.240,0.000,0.000
2610323010,2026-09-20 05:01:00,60,15.690,10.380,3.830,1.470,1.180,0.000,4.140
2410883988,2026-09-20 05:02:00,100,35.800,18.170,5.360,12.260,3.390,0.000,2.130
2610170837,2026-09-20 05:02:00,240,12.020,7.730,2.660,1.620,1.440,0.000,0.140
2310396107,2026-09-20 05:30:00,160,1231.110,905.660,151.270,174.170,342.130,0.000,24.300
2410121326,2026-09-20 05:30:00,200,1571.380,1013.480,440.540,117.350,371.490,0.000,5.450
2410121353,2026-09-20 05:30:00,120,710.240,492.190,194.080,23.960,157.140,0.000,15.380
2410121424,2026-09-20 05:30:00,120,47.910,29.440,11.170,7.290,1.600,0.000,17.660
2410121440,2026-09-20 05:30:00,120,20.950,13.750,4.220,2.970,2.470,0.000,5.880
2410121454,2026-09-20 05:30:00,160,2043.980,1289.040,441.330,313.600,332.400,0.000,76.290
2410121457,2026-09-20 05:30:00,120,1766.530,1128.430,497.990,140.100,330.640,0.000,42.560
2410121574,2026-09-20 05:30:00,120,4876.100,3518.880,1134.520,222.690,421.600,0.000,379.600
2410131378,2026-09-20 05:30:00,200,1844.290,1186.640,512.390,145.260,405.200,0.000,9.430
2410131383,2026-09-20 05:30:00,400,1060.050,702.030,226.570,131.430,47.710,0.000,65.580
2410131384,2026-09-20 05:30:00,200,9807.470,5564.090,1973.280,2270.090,2044.510,0.000,4.900
2410131387,2026-09-20 05:30:00,600,546.740,342.110,130.300,74.320,57.340,0.000,58.550
2410320615,2026-09-20 05:30:00,700,15459.680,9475.280,3771.540,2212.850,3821.400,0.000,51.450
2410883988,2026-09-20 05:30:00,100,35.810,18.180,5.360,12.260,3.390,0.000,2.130
2410883990,2026-09-20 05:30:00,60,2995.060,1717.580,639.280,638.190,888.540,0.000,38.530
2410883991,2026-09-20 05:30:00,100,2725.210,1639.990,613.140,472.070,255.950,0.260,74.130
2410883993,2026-09-20 05:30:00,60,3117.460,1502.830,591.860,1022.750,122.000,0.000,338.020
2410883994,2026-09-20 05:30:00,320,106.490,47.580,21.220,37.680,3.450,0.000,6.470
2410932742,2026-09-20 05:30:00,240,19861.869,11551.750,3691.880,4618.230,5035.120,0.000,5.960
2411087432,2026-09-20 05:30:00,40,3653.620,2268.640,1046.510,338.460,738.130,0.000,30.900
2411087433,2026-09-20 05:30:00,500,823.970,485.990,179.970,158.000,21.310,0.000,777.860
2411290205,2026-09-20 05:30:00,240,9633.030,6479.920,2821.920,331.180,3413.940,0.000,59.530
2510014481,2026-09-20 05:30:00,80,15351.480,8944.080,2959.770,3447.620,5768.690,0.000,5.520
2510014482,2026-09-20 05:30:00,40,1288.870,897.800,354.430,36.640,84.510,0.000,63.010
2510014483,2026-09-20 05:30:00,300,228.460,131.500,50.910,46.040,0.000,0.000,185.480
2510178139,2026-09-20 05:30:00,300,823.160,477.360,175.350,170.450,179.070,0.000,14.140
2510178141,2026-09-20 05:30:00,40,657.490,492.150,154.330,11.000,183.110,0.000,47.170
2510203103,2026-09-20 05:30:00,400,1857.400,1105.680,417.860,333.850,61.810,3.510,329.650
2510203104,2026-09-20 05:30:00,120,3021.230,1814.450,708.160,498.620,454.470,0.000,69.190
2510203105,2026-09-20 05:30:00,100,2424.880,1685.650,685.680,53.540,570.610,0.000,70.350
2510203107,2026-09-20 05:30:00,600,607.100,385.820,164.680,56.590,175.950,0.000,12.470
2510203108,2026-09-20 05:30:00,80,3960.170,2227.240,880.320,852.600,621.670,0.000,36.690
2510203109,2026-09-20 05:30:00,160,1518.970,952.730,467.330,98.900,458.190,0.000,87.150
2510203111,2026-09-20 05:30:00,40,3927.650,2478.310,967.950,481.380,1072.330,0.000,12.650
2510203113,2026-09-20 05:30:00,160,4424.420,2814.320,1073.670,536.420,263.180,0.000,111.230
2510203114,2026-09-20 05:30:00,120,1899.740,1192.790,469.000,237.940,381.490,0.000,33.400
2510203117,2026-09-20 05:30:00,80,1654.930,881.730,359.380,413.810,281.860,0.000,164.780
2510203118,2026-09-20 05:30:00,640,194.200,112.240,43.680,38.280,26.990,0.010,112.440
2510203120,2026-09-20 05:30:00,160,4293.260,2633.940,947.700,711.610,995.890,0.000,14.900
2510203121,2026-09-20 05:30:00,100,1292.740,757.990,303.150,231.580,71.380,0.000,106.960
2510203122,2026-09-20 05:30:00,40,936.370,593.730,293.810,48.820,685.560,0.000,0.710
2510203123,2026-09-20 05:30:00,40,2654.010,1749.450,723.120,181.430,843.210,0.000,11.670
2510203124,2026-09-20 05:30:00,800,1176.900,833.600,284.790,58.500,330.880,0.000,0.360
2510203126,2026-09-20 05:30:00,100,15.760,7.020,2.270,6.470,0.310,0.000,1.280
2510203127,2026-09-20 05:30:00,40,1257.220,819.200,335.610,102.400,363.330,0.000,49.020
2510203128,2026-09-20 05:30:00,500,7932.110,4159.500,1399.270,2373.330,368.380,0.000,112.440
2510203130,2026-09-20 05:30:00,120,29.670,20.740,6.530,2.390,8.900,0.000,0.470
2510203133,2026-09-20 05:30:00,40,664.480,452.800,167.140,44.530,113.270,0.000,47.450
2510203134,2026-09-20 05:30:00,200,141.200,82.600,32.620,25.970,6.060,0.000,33.250
2510224049,2026-09-20 05:30:00,1,53326.762,20779.471,10906.000,21641.279,118.590,0.000,8951.950
2510224167,2026-09-20 05:30:00,1,20660.520,9069.810,4059.940,7530.750,819.740,0.000,5619.100
2510317505,2026-09-20 05:30:00,1,15072.180,6605.940,3195.220,5271.010,0.740,0.000,4484.040
2510317537,2026-09-20 05:30:00,1,11711.230,6719.240,2215.610,2776.370,218.560,1427.680,2129.310
2510389559,2026-09-20 05:30:00,1,36.870,20.630,14.320,1.910,30.680,0.000,5.910
2510389643,2026-09-20 05:30:00,1,43015.070,15397.780,7701.970,19915.311,22.610,0.000,4066.430
2510389931,2026-09-20 05:30:00,1,31075.670,11867.340,6569.520,12638.800,0.150,0.000,4270.350
2510633381,2026-09-20 05:30:00,320,220.210,136.870,49.580,33.750,6.270,0.000,44.900
2510633383,2026-09-20 05:30:00,40,1706.500,1278.680,393.750,34.060,52.190,0.000,308.520
2510633385,2026-09-20 05:30:00,60,1210.690,569.280,241.440,399.970,47.580,0.000,94.180
2510633386,2026-09-20 05:30:00,500,482.240,274.620,104.020,103.590,30.900,0.000,2700.450
2510633387,2026-09-20 05:30:00,40,24.290,16.290,5.860,2.130,0.790,0.000,3.260
2510633389,2026-09-20 05:30:00,500,476.300,321.360,113.540,41.380,86.460,0.000,100.860
2510633391,2026-09-20 05:30:00,100,246.230,190.090,56.030,0.100,3.330,0.000,1.920
2510633393,2026-09-20 05:30:00,600,5923.790,3445.160,1178.680,1299.950,1261.260,0.000,0.480
2510633395,2026-09-20 05:30:00,40,1300.980,732.580,283.550,284.840,61.340,0.000,39.160
2510633396,2026-09-20 05:30:00,400,896.400,607.990,212.130,76.260,201.200,0.000,0.170
2510633397,2026-09-20 05:30:00,240,556.880,356.330,168.730,31.810,210.170,0.000,17.850
2510633399,2026-09-20 05:30:00,600,1144.010,656.720,246.440,240.840,58.080,0.000,57.000
2510633402,2026-09-20 05:30:00,300,550.310,331.010,117.000,102.290,135.600,0.000,10.400
2510633406,2026-09-20 05:30:00,60,357.620,161.130,69.820,126.670,18.020,0.000,97.500
2510633411,2026-09-20 05:30:00,800,4698.260,2677.130,983.490,1037.620,1668.730,0.000,29.340
2510814977,2026-09-20 05:30:00,400,51.710,31.890,12.250,7.570,1.840,0.000,10.460
2610026950,2026-09-20 05:30:00,600,14.310,9.130,3.300,1.870,1.280,0.000,3.090
2610026952,2026-09-20 05:30:00,200,3535.760,2298.780,1022.960,214.020,1779.410,0.000,9.750
2610026953,2026-09-20 05:30:00,700,655.250,386.190,148.300,120.750,188.480,0.000,0.670
2610026963,2026-09-20 05:30:00,200,373.820,193.370,91.590,88.840,23.630,2.230,94.160
2610026966,2026-09-20 05:30:00,240,952.410,683.460,236.300,32.640,197.930,0.000,0.000
2610026976,2026-09-20 05:30:00,60,1457.390,947.280,327.310,182.780,142.770,0.000,26.660
2610026977,2026-09-20 05:30:00,30,627.750,261.700,98.490,267.550,107.600,0.000,28.110
2610126451,2026-09-20 05:30:00,300,110.920,72.060,27.030,11.820,55.660,0.000,0.270
2610159557,2026-09-20 05:30:00,600,17.020,9.700,3.690,3.620,0.230,0.000,10.190
2610170786,2026-09-20 05:30:00,500,599.100,337.710,118.840,142.540,116.890,0.000,2.940
2610170836,2026-09-20 05:30:00,100,125.250,78.320,28.340,18.580,70.290,0.000,0.550
2610170837,2026-09-20 05:30:00,240,12.020,7.730,2.660,1.620,1.440,0.000,0.140
2610170838,2026-09-20 05:30:00,240,32.260,20.410,7.210,4.640,3.620,0.000,0.310
2610170840,2026-09-20 05:30:00,40,307.850,174.890,60.450,72.500,64.390,0.000,29.870
2610322967,2026-09-20 05:30:00,500,3.690,2.220,0.930,0.530,0.480,0.000,0.020
2610322969,2026-09-20 05:30:00,100,98.940,68.800,24.240,5.890,12.820,0.000,1.990
2610322982,2026-09-20 05:30:00,160,3.650,2.130,0.800,0.710,0.000,0.000,1.900
2610322995,2026-09-20 05:30:00,40,4.150,2.420,0.900,0.810,0.000,0.000,2.590
2610322997,2026-09-20 05:30:00,400,549.920,320.950,126.540,102.420,207.710,0.000,0.560
2610323004,2026-09-20 05:30:00,3000,91.070,68.780,11.860,10.410,21.140,0.000,2.030
2610323005,2026-09-20 05:30:00,120,11.390,7.680,2.900,0.810,1.600,0.000,0.760
2610323010,2026-09-20 05:30:00,60,15.700,10.390,3.830,1.470,1.180,0.000,4.140
2610323016,2026-09-20 05:30:00,160,1585.800,874.140,345.960,365.700,715.130,0.000,0.000
2610323017,2026-09-20 05:30:00,60,5.360,3.120,1.170,1.050,0.000,0.000,2.960
2610323019,2026-09-20 05:30:00,80,47.600,30.030,10.330,7.230,2.980,0.000,11.710
2610323027,2026-09-20 05:30:00,60,5.460,3.230,1.190,1.040,0.000,0.000,3.020
2410121371,2026-09-20 05:31:00,120,599.190,371.300,132.190,95.690,71.370,0.000,29.540
2510203106,2026-09-20 05:31:00,100,98.670,45.650,16.640,36.370,0.410,0.000,37.050
2510203119,2026-09-20 05:31:00,40,480.820,323.290,123.490,34.020,180.180,0.000,14.790
2510633400,2026-09-20 05:31:00,800,741.270,451.380,171.500,118.370,156.180,0.000,28.000
2610323001,2026-09-20 05:31:00,160,1759.790,1040.450,475.940,243.390,798.510,0.000,0.000
2510014484,2026-09-20 05:32:00,160,9411.150,5335.120,2082.880,1993.150,1519.510,0.000,21.420
2510203129,2026-09-20 05:32:00,80,6.390,3.330,1.220,1.840,0.000,0.000,1.360
2510633390,2026-09-20 05:32:00,80,2088.170,1249.680,466.390,372.090,540.520,0.000,6.350
2610126270,2026-09-20 05:32:00,400,26.540,16.750,6.320,3.450,0.920,0.000,7.730
2310396107,2026-09-20 06:00:00,160,1231.160,905.710,151.270,174.170,342.150,0.000,24.300
2410121326,2026-09-20 06:00:00,200,1571.420,1013.520,440.540,117.350,371.510,0.000,5.450
2410121353,2026-09-20 06:00:00,120,710.240,492.190,194.080,23.960,157.140,0.000,15.380
2410121371,2026-09-20 06:00:00,120,599.230,371.340,132.190,95.690,71.370,0.000,29.540
2410121424,2026-09-20 06:00:00,120,47.910,29.440,11.170,7.290,1.600,0.000,17.660
2410121440,2026-09-20 06:00:00,120,20.950,13.750,4.220,2.970,2.470,0.000,5.880
2410121454,2026-09-20 06:00:00,160,2044.030,1289.090,441.330,313.600,332.410,0.000,76.290
2410121457,2026-09-20 06:00:00,120,1767.050,1128.950,497.990,140.100,330.820,0.000,42.560
2410121574,2026-09-20 06:00:00,120,4876.130,3518.910,1134.520,222.690,421.600,0.000,379.620
2410131378,2026-09-20 06:00:00,200,1844.300,1186.640,512.390,145.260,405.200,0.000,9.430
2410131383,2026-09-20 06:00:00,400,1060.060,702.040,226.570,131.430,47.710,0.000,65.590
2410131384,2026-09-20 06:00:00,200,9807.490,5564.110,1973.280,2270.090,2044.520,0.000,4.900
2410131387,2026-09-20 06:00:00,600,546.750,342.120,130.300,74.320,57.340,0.000,58.550
2410320615,2026-09-20 06:00:00,700,15460.100,9475.700,3771.540,2212.850,3821.460,0.000,51.450
2410883988,2026-09-20 06:00:00,100,35.810,18.180,5.360,12.260,3.390,0.000,2.130
2410883990,2026-09-20 06:00:00,60,2995.080,1717.600,639.280,638.190,888.540,0.000,38.530
2410883991,2026-09-20 06:00:00,100,2725.250,1640.040,613.140,472.070,255.950,0.260,74.130
2410883993,2026-09-20 06:00:00,60,3117.630,1503.000,591.860,1022.750,122.030,0.000,338.030
2410883994,2026-09-20 06:00:00,320,106.500,47.590,21.220,37.680,3.450,0.000,6.470
2410932742,2026-09-20 06:00:00,240,19862.609,11552.500,3691.880,4618.230,5035.390,0.000,5.960
2411087432,2026-09-20 06:00:00,40,3653.640,2268.650,1046.510,338.460,738.130,0.000,30.900
2411087433,2026-09-20 06:00:00,500,824.150,486.160,179.970,158.000,21.310,0.000,777.870
2411290205,2026-09-20 06:00:00,240,9633.070,6479.950,2821.920,331.180,3413.940,0.000,59.530
2510014481,2026-09-20 06:00:00,80,15352.030,8944.630,2959.770,3447.620,5768.900,0.000,5.520
2510014482,2026-09-20 06:00:00,40,1288.880,897.810,354.430,36.640,84.510,0.000,63.010
2510014483,2026-09-20 06:00:00,300,228.470,131.510,50.910,46.040,0.000,0.000,185.490
2510178139,2026-09-20 06:00:00,300,823.260,477.450,175.350,170.450,179.100,0.000,14.140
2510178141,2026-09-20 06:00:00,40,657.490,492.160,154.330,11.000,183.110,0.000,47.180
2510203103,2026-09-20 06:00:00,400,1857.430,1105.710,417.860,333.850,61.810,3.510,329.650
2510203104,2026-09-20 06:00:00,120,3021.330,1814.550,708.160,498.620,454.490,0.000,69.190
2510203105,2026-09-20 06:00:00,100,2424.890,1685.660,685.680,53.540,570.610,0.000,70.350
2510203106,2026-09-20 06:00:00,100,98.680,45.660,16.640,36.370,0.410,0.000,37.050
2510203107,2026-09-20 06:00:00,600,607.160,385.880,164.680,56.590,175.960,0.000,12.480
2510203108,2026-09-20 06:00:00,80,3960.440,2227.510,880.320,852.600,621.690,0.000,36.690
2510203109,2026-09-20 06:00:00,160,1518.980,952.740,467.330,98.900,458.200,0.000,87.150
2510203111,2026-09-20 06:00:00,40,3927.660,2478.320,967.950,481.380,1072.330,0.000,12.650
2510203113,2026-09-20 06:00:00,160,4424.580,2814.480,1073.670,536.420,263.180,0.000,111.230
2510203114,2026-09-20 06:00:00,120,1899.820,1192.860,469.000,237.940,381.500,0.000,33.400
2510203117,2026-09-20 06:00:00,80,1654.960,881.760,359.380,413.810,281.860,0.000,164.790
2510203118,2026-09-20 06:00:00,640,194.210,112.250,43.680,38.280,26.990,0.010,112.470
2510203119,2026-09-20 06:00:00,40,480.820,323.290,123.490,34.020,180.180,0.000,14.790
2510203120,2026-09-20 06:00:00,160,4293.500,2634.170,947.700,711.610,995.980,0.000,14.900
2510203121,2026-09-20 06:00:00,100,1292.830,758.090,303.150,231.580,71.400,0.000,106.960
2510203122,2026-09-20 06:00:00,40,936.380,593.740,293.810,48.820,685.570,0.000,0.710
2510203123,2026-09-20 06:00:00,40,2654.010,1749.460,723.120,181.430,843.210,0.000,11.670
2510203124,2026-09-20 06:00:00,800,1176.940,833.640,284.790,58.500,330.910,0.000,0.360
2510203126,2026-09-20 06:00:00,100,15.760,7.020,2.270,6.470,0.310,0.000,1.280
2510203127,2026-09-20 06:00:00,40,1257.360,819.340,335.610,102.400,363.430,0.000,49.020
2510203128,2026-09-20 06:00:00,500,7932.630,4160.020,1399.270,2373.330,368.400,0.000,112.440
2510203129,2026-09-20 06:00:00,80,6.390,3.330,1.220,1.840,0.000,0.000,1.360
2510203130,2026-09-20 06:00:00,120,29.680,20.750,6.530,2.390,8.900,0.000,0.470
2510203134,2026-09-20 06:00:00,200,141.200,82.600,32.620,25.970,6.060,0.000,33.250
2510224167,2026-09-20 06:00:00,1,20660.600,9069.900,4059.940,7530.750,819.740,0.000,5619.180
2510317505,2026-09-20 06:00:00,1,15072.320,6606.080,3195.220,5271.010,0.740,0.000,4484.170
2510317537,2026-09-20 06:00:00,1,11711.990,6720.010,2215.610,2776.370,218.560,1427.680,2129.440
2510389559,2026-09-20 06:00:00,1,36.870,20.630,14.320,1.910,30.680,0.000,5.910
2510389643,2026-09-20 06:00:00,1,43015.441,15398.140,7701.970,19915.311,22.610,0.000,4066.450
2510633381,2026-09-20 06:00:00,320,220.220,136.880,49.580,33.750,6.270,0.000,44.900
2510633383,2026-09-20 06:00:00,40,1706.510,1278.690,393.750,34.060,52.190,0.000,308.550
2510633385,2026-09-20 06:00:00,60,1210.710,569.290,241.440,399.970,47.580,0.000,94.190
2510633386,2026-09-20 06:00:00,500,482.290,274.670,104.020,103.590,30.900,0.000,2700.810
2510633387,2026-09-20 06:00:00,40,24.290,16.290,5.860,2.130,0.790,0.000,3.260
2510633389,2026-09-20 06:00:00,500,476.400,321.470,113.540,41.380,86.460,0.000,100.890
2510633391,2026-09-20 06:00:00,100,246.230,190.090,56.030,0.100,3.330,0.000,1.920
2510633393,2026-09-20 06:00:00,600,5924.140,3445.510,1178.680,1299.950,1261.330,0.000,0.480
2510633395,2026-09-20 06:00:00,40,1300.980,732.580,283.550,284.840,61.340,0.000,39.160
2510633396,2026-09-20 06:00:00,400,896.490,608.080,212.130,76.260,201.250,0.000,0.170
2510633397,2026-09-20 06:00:00,240,556.890,356.330,168.730,31.810,210.170,0.000,17.850
2510633399,2026-09-20 06:00:00,600,1144.100,656.810,246.440,240.840,58.080,0.000,57.000
2510633400,2026-09-20 06:00:00,800,741.350,451.470,171.500,118.370,156.200,0.000,28.000
2510633402,2026-09-20 06:00:00,300,550.430,331.120,117.000,102.290,135.630,0.000,10.400
2510633406,2026-09-20 06:00:00,60,357.630,161.130,69.820,126.670,18.020,0.000,97.500
2510633411,2026-09-20 06:00:00,800,4698.770,2677.650,983.490,1037.620,1668.900,0.000,29.340
2510814977,2026-09-20 06:00:00,400,51.720,31.890,12.250,7.570,1.840,0.000,10.460
2610026950,2026-09-20 06:00:00,600,14.320,9.140,3.300,1.870,1.280,0.000,3.090
2610026952,2026-09-20 06:00:00,200,3536.290,2299.300,1022.960,214.020,1779.740,0.000,9.750
2610026953,2026-09-20 06:00:00,700,655.400,386.340,148.300,120.750,188.550,0.000,0.670
2610026963,2026-09-20 06:00:00,200,373.860,193.410,91.590,88.840,23.630,2.230,94.180
2610026966,2026-09-20 06:00:00,240,952.420,683.480,236.300,32.640,197.940,0.000,0.000
2610026976,2026-09-20 06:00:00,60,1457.470,947.360,327.310,182.780,142.780,0.000,26.670
2610026977,2026-09-20 06:00:00,30,627.780,261.730,98.490,267.550,107.630,0.000,28.110
2610126270,2026-09-20 06:00:00,400,26.540,16.760,6.320,3.450,0.920,0.000,7.730
2610126451,2026-09-20 06:00:00,300,110.920,72.060,27.030,11.820,55.660,0.000,0.270
2610159557,2026-09-20 06:00:00,600,17.020,9.700,3.690,3.620,0.230,0.000,10.190
2610170786,2026-09-20 06:00:00,500,599.390,337.990,118.840,142.540,116.960,0.000,2.940
2610170836,2026-09-20 06:00:00,100,125.250,78.320,28.340,18.580,70.290,0.000,0.550
2610170837,2026-09-20 06:00:00,240,12.020,7.730,2.660,1.620,1.440,0.000,0.140
2610170838,2026-09-20 06:00:00,240,32.270,20.410,7.210,4.640,3.620,0.000,0.310
2610170840,2026-09-20 06:00:00,40,307.850,174.890,60.450,72.500,64.390,0.000,29.870
2610322967,2026-09-20 06:00:00,500,3.690,2.220,0.930,0.530,0.480,0.000,0.020
2610322969,2026-09-20 06:00:00,100,98.960,68.820,24.240,5.890,12.820,0.000,1.990
2610322982,2026-09-20 06:00:00,160,3.650,2.140,0.800,0.710,0.000,0.000,1.910
2610322995,2026-09-20 06:00:00,40,4.160,2.430,0.900,0.810,0.000,0.000,2.600
2610322997,2026-09-20 06:00:00,400,549.930,320.970,126.540,102.420,207.720,0.000,0.560
2610323001,2026-09-20 06:00:00,160,1760.400,1041.050,475.940,243.390,798.810,0.000,0.000
2610323004,2026-09-20 06:00:00,3000,91.080,68.800,11.860,10.410,21.150,0.000,2.030
2610323005,2026-09-20 06:00:00,120,11.400,7.680,2.900,0.810,1.600,0.000,0.760
2610323010,2026-09-20 06:00:00,60,15.710,10.400,3.830,1.470,1.180,0.000,4.140
2610323016,2026-09-20 06:00:00,160,1586.150,874.490,345.960,365.700,715.290,0.000,0.000
2610323017,2026-09-20 06:00:00,60,5.370,3.130,1.170,1.050,0.000,0.000,2.960
2610323019,2026-09-20 06:00:00,80,47.610,30.040,10.330,7.230,2.980,0.000,11.720
2610323027,2026-09-20 06:00:00,60,5.470,3.230,1.190,1.040,0.000,0.000,3.030
2510224049,2026-09-20 06:01:00,1,53326.859,20779.570,10906.000,21641.279,118.590,0.000,8952.030
2510389931,2026-09-20 06:01:00,1,31075.670,11867.340,6569.520,12638.800,0.150,0.000,4270.350
2510014484,2026-09-20 06:02:00,160,9411.170,5335.140,2082.880,1993.150,1519.510,0.000,21.420
2510203133,2026-09-20 06:02:00,40,664.480,452.800,167.140,44.530,113.270,0.000,47.450
2510633390,2026-09-20 06:02:00,80,2088.740,1250.250,466.390,372.090,540.700,0.000,6.350
2310396107,2026-09-20 06:30:00,160,1231.220,905.760,151.270,174.170,342.170,0.000,24.300
2410121326,2026-09-20 06:30:00,200,1571.460,1013.550,440.540,117.350,371.530,0.000,5.450
2410121353,2026-09-20 06:30:00,120,710.250,492.200,194.080,23.960,157.140,0.000,15.380
2410121371,2026-09-20 06:30:00,120,599.280,371.390,132.190,95.690,71.370,0.000,29.540
2410121424,2026-09-20 06:30:00,120,47.910,29.450,11.170,7.290,1.600,0.000,17.670
2410121440,2026-09-20 06:30:00,120,20.950,13.750,4.220,2.970,2.470,0.000,5.890
2410121454,2026-09-20 06:30:00,160,2044.070,1289.130,441.330,313.600,332.420,0.000,76.290
2410121457,2026-09-20 06:30:00,120,1767.310,1129.210,497.990,140.100,330.880,0.000,42.560
2410121574,2026-09-20 06:30:00,120,4876.160,3518.930,1134.520,222.690,421.600,0.000,379.650
2410131378,2026-09-20 06:30:00,200,1844.310,1186.650,512.390,145.260,405.200,0.000,9.430
2410131383,2026-09-20 06:30:00,400,1060.070,702.050,226.570,131.430,47.710,0.000,65.590
2410131384,2026-09-20 06:30:00,200,9807.510,5564.130,1973.280,2270.090,2044.520,0.000,4.900
2410131387,2026-09-20 06:30:00,600,546.760,342.130,130.300,74.320,57.340,0.000,58.560
2410320615,2026-09-20 06:30:00,700,15460.460,9476.060,3771.540,2212.850,3821.490,0.000,51.450
2410883988,2026-09-20 06:30:00,100,35.820,18.190,5.360,12.260,3.390,0.000,2.130
2410883990,2026-09-20 06:30:00,60,2995.100,1717.620,639.280,638.190,888.550,0.000,38.530
2410883991,2026-09-20 06:30:00,100,2725.280,1640.070,613.140,472.070,255.950,0.260,74.130
2410883993,2026-09-20 06:30:00,60,3117.760,1503.130,591.860,1022.750,122.070,0.000,338.030
2410883994,2026-09-20 06:30:00,320,106.500,47.590,21.220,37.680,3.450,0.000,6.470
2410932742,2026-09-20 06:30:00,240,19863.439,11553.330,3691.880,4618.230,5035.670,0.000,5.960
2411087432,2026-09-20 06:30:00,40,3653.650,2268.670,1046.510,338.460,738.130,0.000,30.900
2411087433,2026-09-20 06:30:00,500,824.320,486.330,179.970,158.000,21.310,0.000,777.870
2411290205,2026-09-20 06:30:00,240,9633.100,6479.980,2821.920,331.180,3413.940,0.000,59.530
2510014481,2026-09-20 06:30:00,80,15352.590,8945.190,2959.770,3447.620,5769.100,0.000,5.520
2510014482,2026-09-20 06:30:00,40,1288.890,897.810,354.430,36.640,84.510,0.000,63.010
2510014483,2026-09-20 06:30:00,300,228.480,131.520,50.910,46.040,0.000,0.000,185.500
2510014484,2026-09-20 06:30:00,160,9411.200,5335.160,2082.880,1993.150,1519.510,0.000,21.420
2510178139,2026-09-20 06:30:00,300,823.320,477.510,175.350,170.450,179.130,0.000,14.140
2510178141,2026-09-20 06:30:00,40,657.490,492.160,154.330,11.000,183.110,0.000,47.180
2510203103,2026-09-20 06:30:00,400,1857.440,1105.720,417.860,333.850,61.810,3.510,329.650
2510203104,2026-09-20 06:30:00,120,3021.440,1814.650,708.160,498.620,454.520,0.000,69.190
2510203105,2026-09-20 06:30:00,100,2424.900,1685.670,685.680,53.540,570.610,0.000,70.350
2510203106,2026-09-20 06:30:00,100,98.680,45.660,16.640,36.370,0.410,0.000,37.060
2510203107,2026-09-20 06:30:00,600,607.220,385.950,164.680,56.590,175.970,0.000,12.490
2510203108,2026-09-20 06:30:00,80,3960.650,2227.720,880.320,852.600,621.720,0.000,36.690
2510203109,2026-09-20 06:30:00,160,1518.990,952.760,467.330,98.900,458.200,0.000,87.150
2510203111,2026-09-20 06:30:00,40,3927.660,2478.320,967.950,481.380,1072.330,0.000,12.650
2510203113,2026-09-20 06:30:00,160,4424.740,2814.640,1073.670,536.420,263.190,0.000,111.230
2510203114,2026-09-20 06:30:00,120,1899.890,1192.940,469.000,237.940,381.510,0.000,33.400
2510203117,2026-09-20 06:30:00,80,1654.990,881.780,359.380,413.810,281.860,0.000,164.790
2510203118,2026-09-20 06:30:00,640,194.220,112.250,43.680,38.280,26.990,0.010,112.510
2510203119,2026-09-20 06:30:00,40,480.820,323.290,123.490,34.020,180.180,0.000,14.790
2510203120,2026-09-20 06:30:00,160,4293.750,2634.420,947.700,711.610,996.080,0.000,14.900
2510203121,2026-09-20 06:30:00,100,1292.940,758.200,303.150,231.580,71.410,0.000,106.960
2510203122,2026-09-20 06:30:00,40,936.390,593.750,293.810,48.820,685.570,0.000,0.710
2510203123,2026-09-20 06:30:00,40,2654.020,1749.460,723.120,181.430,843.210,0.000,11.680
2510203127,2026-09-20 06:30:00,40,1257.500,819.480,335.610,102.400,363.530,0.000,49.020
2510203128,2026-09-20 06:30:00,500,7933.080,4160.470,1399.270,2373.330,368.410,0.000,112.440
2510203129,2026-09-20 06:30:00,80,6.400,3.330,1.220,1.840,0.000,0.000,1.370
2510203130,2026-09-20 06:30:00,120,29.680,20.750,6.530,2.390,8.900,0.000,0.470
2510203133,2026-09-20 06:30:00,40,664.490,452.810,167.140,44.530,113.270,0.000,47.450
2510203134,2026-09-20 06:30:00,200,141.210,82.610,32.620,25.970,6.060,0.000,33.250
2510224049,2026-09-20 06:30:00,1,53326.961,20779.670,10906.000,21641.279,118.590,0.000,8952.100
2510224167,2026-09-20 06:30:00,1,20660.699,9069.990,4059.940,7530.750,819.740,0.000,5619.260
2510317505,2026-09-20 06:30:00,1,15072.460,6606.220,3195.220,5271.010,0.740,0.000,4484.300
2510317537,2026-09-20 06:30:00,1,11712.750,6720.760,2215.610,2776.370,218.560,1427.680,2129.570
2510389559,2026-09-20 06:30:00,1,36.870,20.630,14.320,1.910,30.680,0.000,5.910
2510389643,2026-09-20 06:30:00,1,43015.922,15398.630,7701.970,19915.311,22.610,0.000,4066.460
2510389931,2026-09-20 06:30:00,1,31075.670,11867.340,6569.520,12638.800,0.150,0.000,4270.360
2510633381,2026-09-20 06:30:00,320,220.230,136.890,49.580,33.750,6.270,0.000,44.910
2510633383,2026-09-20 06:30:00,40,1706.520,1278.700,393.750,34.060,52.190,0.000,308.580
2510633385,2026-09-20 06:30:00,60,1210.720,569.310,241.440,399.970,47.580,0.000,94.190
2510633386,2026-09-20 06:30:00,500,482.300,274.680,104.020,103.590,30.900,0.000,2701.200
2510633387,2026-09-20 06:30:00,40,24.290,16.290,5.860,2.130,0.790,0.000,3.260
2510633389,2026-09-20 06:30:00,500,476.510,321.580,113.540,41.380,86.460,0.000,100.920
2510633390,2026-09-20 06:30:00,80,2089.230,1250.740,466.390,372.090,540.850,0.000,6.350
2510633391,2026-09-20 06:30:00,100,246.230,190.090,56.030,0.100,3.330,0.000,1.920
2510633395,2026-09-20 06:30:00,40,1300.980,732.580,283.550,284.840,61.340,0.000,39.160
2510633396,2026-09-20 06:30:00,400,896.580,608.170,212.130,76.260,201.300,0.000,0.170
2510633397,2026-09-20 06:30:00,240,556.890,356.340,168.730,31.810,210.170,0.000,17.850
2510633399,2026-09-20 06:30:00,600,1144.180,656.890,246.440,240.840,58.080,0.000,57.000
2510633400,2026-09-20 06:30:00,800,741.390,451.510,171.500,118.370,156.210,0.000,28.000
2510633402,2026-09-20 06:30:00,300,550.590,331.290,117.000,102.290,135.680,0.000,10.400
2510633406,2026-09-20 06:30:00,60,357.630,161.130,69.820,126.670,18.020,0.000,97.500
2510633411,2026-09-20 06:30:00,800,4699.250,2678.120,983.490,1037.620,1669.050,0.000,29.340
2510814977,2026-09-20 06:30:00,400,51.720,31.890,12.250,7.570,1.840,0.000,10.470
2610026950,2026-09-20 06:30:00,600,14.320,9.140,3.300,1.870,1.280,0.000,3.090
2610026952,2026-09-20 06:30:00,200,3536.370,2299.380,1022.960,214.020,1779.740,0.000,9.750
2610026953,2026-09-20 06:30:00,700,655.500,386.440,148.300,120.750,188.590,0.000,0.670
2610026963,2026-09-20 06:30:00,200,373.870,193.430,91.590,88.840,23.630,2.230,94.200
2610026966,2026-09-20 06:30:00,240,952.440,683.490,236.300,32.640,197.940,0.000,0.000
2610026976,2026-09-20 06:30:00,60,1457.580,947.470,327.310,182.780,142.800,0.000,26.670
2610026977,2026-09-20 06:30:00,30,627.810,261.760,98.490,267.550,107.650,0.000,28.110
2610126270,2026-09-20 06:30:00,400,26.550,16.760,6.320,3.450,0.930,0.000,7.740
2610126451,2026-09-20 06:30:00,300,110.930,72.070,27.030,11.820,55.660,0.000,0.270
2610159557,2026-09-20 06:30:00,600,17.030,9.710,3.690,3.620,0.230,0.000,10.200
2610170786,2026-09-20 06:30:00,500,599.660,338.270,118.840,142.540,117.030,0.000,2.940
2610170836,2026-09-20 06:30:00,100,125.250,78.320,28.340,18.580,70.290,0.000,0.550
2610170837,2026-09-20 06:30:00,240,12.020,7.730,2.660,1.620,1.440,0.000,0.140
2610170838,2026-09-20 06:30:00,240,32.280,20.420,7.210,4.640,3.630,0.000,0.310
2610170840,2026-09-20 06:30:00,40,307.850,174.900,60.450,72.500,64.390,0.000,29.870
2610322967,2026-09-20 06:30:00,500,3.700,2.220,0.930,0.530,0.490,0.000,0.020
2610322969,2026-09-20 06:30:00,100,98.990,68.850,24.240,5.890,12.820,0.000,1.990
2610322982,2026-09-20 06:30:00,160,3.660,2.140,0.800,0.710,0.000,0.000,1.910
2610322995,2026-09-20 06:30:00,40,4.160,2.440,0.900,0.810,0.000,0.000,2.600
2610322997,2026-09-20 06:30:00,400,549.950,320.980,126.540,102.420,207.740,0.000,0.560
2610323001,2026-09-20 06:30:00,160,1761.030,1041.690,475.940,243.390,799.130,0.000,0.000
2610323004,2026-09-20 06:30:00,3000,91.100,68.820,11.860,10.410,21.160,0.000,2.030
2610323005,2026-09-20 06:30:00,120,11.400,7.680,2.900,0.810,1.600,0.000,0.760
2610323010,2026-09-20 06:30:00,60,15.720,10.410,3.830,1.470,1.180,0.000,4.140
2610323016,2026-09-20 06:30:00,160,1586.420,874.760,345.960,365.700,715.360,0.000,0.000
2610323017,2026-09-20 06:30:00,60,5.380,3.140,1.170,1.050,0.000,0.000,2.970
2610323019,2026-09-20 06:30:00,80,47.620,30.050,10.330,7.230,2.980,0.000,11.720
2610323027,2026-09-20 06:30:00,60,5.480,3.240,1.190,1.040,0.000,0.000,3.030
2510203124,2026-09-20 06:31:00,800,1176.990,833.690,284.790,58.500,330.930,0.000,0.360
2510633393,2026-09-20 06:31:00,600,5924.490,3445.860,1178.680,1299.950,1261.390,0.000,0.480
2510203126,2026-09-20 06:32:00,100,15.780,7.030,2.270,6.470,0.310,0.000,1.280
2310396107,2026-09-20 07:00:00,160,1231.320,905.870,151.270,174.170,342.210,0.000,24.300
2410121326,2026-09-20 07:00:00,200,1571.490,1013.590,440.540,117.350,371.550,0.000,5.450
2410121353,2026-09-20 07:00:00,120,710.260,492.200,194.080,23.960,157.140,0.000,15.380
2410121371,2026-09-20 07:00:00,120,599.330,371.440,132.190,95.690,71.370,0.000,29.540
2410121424,2026-09-20 07:00:00,120,47.910,29.450,11.170,7.290,1.600,0.000,17.670
2410121440,2026-09-20 07:00:00,120,20.950,13.760,4.220,2.970,2.470,0.000,5.890
2410121454,2026-09-20 07:00:00,160,2044.110,1289.170,441.330,313.600,332.430,0.000,76.290
2410121457,2026-09-20 07:00:00,120,1767.560,1129.460,497.990,140.100,330.950,0.000,42.560
2410131378,2026-09-20 07:00:00,200,1844.360,1186.700,512.390,145.260,405.200,0.000,9.440
2410131383,2026-09-20 07:00:00,400,1060.080,702.070,226.570,131.430,47.710,0.000,65.590
2410131384,2026-09-20 07:00:00,200,9807.520,5564.150,1973.280,2270.090,2044.520,0.000,4.900
2410131387,2026-09-20 07:00:00,600,546.770,342.130,130.300,74.320,57.340,0.000,58.560
2410320615,2026-09-20 07:00:00,700,15460.680,9476.280,3771.540,2212.850,3821.530,0.000,51.450
2410883988,2026-09-20 07:00:00,100,35.830,18.200,5.360,12.260,3.390,0.000,2.130
2410883990,2026-09-20 07:00:00,60,2995.110,1717.630,639.280,638.190,888.550,0.000,38.530
2410883991,2026-09-20 07:00:00,100,2725.330,1640.110,613.140,472.070,255.960,0.260,74.130
2410883993,2026-09-20 07:00:00,60,3117.970,1503.340,591.860,1022.750,122.130,0.000,338.030
2410883994,2026-09-20 07:00:00,320,106.500,47.600,21.220,37.680,3.450,0.000,6.470
2410932742,2026-09-20 07:00:00,240,19864.211,11554.090,3691.880,4618.230,5035.930,0.000,5.960
2411087432,2026-09-20 07:00:00,40,3653.670,2268.680,1046.510,338.460,738.130,0.000,30.910
2411087433,2026-09-20 07:00:00,500,824.490,486.500,179.970,158.000,21.310,0.000,777.870
2411290205,2026-09-20 07:00:00,240,9633.160,6480.040,2821.920,331.180,3413.950,0.000,59.530
2510014481,2026-09-20 07:00:00,80,15353.130,8945.730,2959.770,3447.620,5769.300,0.000,5.520
2510014482,2026-09-20 07:00:00,40,1288.890,897.820,354.430,36.640,84.510,0.000,63.020
2510014483,2026-09-20 07:00:00,300,228.490,131.530,50.910,46.040,0.000,0.000,185.510
2510014484,2026-09-20 07:00:00,160,9411.220,5335.180,2082.880,1993.150,1519.510,0.000,21.420
2510178139,2026-09-20 07:00:00,300,823.370,477.560,175.350,170.450,179.150,0.000,14.140
2510178141,2026-09-20 07:00:00,40,657.490,492.160,154.330,11.000,183.110,0.000,47.190
2510203103,2026-09-20 07:00:00,400,1857.440,1105.720,417.860,333.850,61.810,3.510,329.650
2510203104,2026-09-20 07:00:00,120,3021.530,1814.750,708.160,498.620,454.540,0.000,69.190
2510203105,2026-09-20 07:00:00,100,2424.910,1685.680,685.680,53.540,570.610,0.000,70.350
2510203106,2026-09-20 07:00:00,100,98.680,45.660,16.640,36.370,0.410,0.000,37.060
2510203107,2026-09-20 07:00:00,600,607.350,386.080,164.680,56.590,175.990,0.000,12.490
2510203108,2026-09-20 07:00:00,80,3960.950,2228.030,880.320,852.600,621.820,0.000,36.690
2510203109,2026-09-20 07:00:00,160,1519.010,952.770,467.330,98.900,458.200,0.000,87.150
2510203111,2026-09-20 07:00:00,40,3927.670,2478.320,967.950,481.380,1072.330,0.000,12.660
2510203113,2026-09-20 07:00:00,160,4424.910,2814.810,1073.670,536.420,263.190,0.000,111.230
2510203114,2026-09-20 07:00:00,120,1899.950,1193.000,469.000,237.940,381.530,0.000,33.400
2510203117,2026-09-20 07:00:00,80,1655.020,881.820,359.380,413.810,281.860,0.000,164.800
2510203118,2026-09-20 07:00:00,640,194.220,112.250,43.680,38.280,26.990,0.010,112.550
2510203119,2026-09-20 07:00:00,40,480.820,323.290,123.490,34.020,180.180,0.000,14.790
2510203120,2026-09-20 07:00:00,160,4293.990,2634.670,947.700,711.610,996.170,0.000,14.900
2510203121,2026-09-20 07:00:00,100,1293.050,758.310,303.150,231.580,71.420,0.000,106.960
2510203122,2026-09-20 07:00:00,40,936.400,593.760,293.810,48.820,685.580,0.000,0.710
2510203123,2026-09-20 07:00:00,40,2654.020,1749.460,723.120,181.430,843.210,0.000,11.680
2510203124,2026-09-20 07:00:00,800,1177.040,833.740,284.790,58.500,330.960,0.000,0.360
2510203126,2026-09-20 07:00:00,100,15.790,7.040,2.270,6.470,0.310,0.000,1.280
2510203127,2026-09-20 07:00:00,40,1257.640,819.620,335.610,102.400,363.620,0.000,49.020
2510203128,2026-09-20 07:00:00,500,7933.420,4160.820,1399.270,2373.330,368.410,0.000,112.450
2510203129,2026-09-20 07:00:00,80,6.400,3.340,1.220,1.840,0.000,0.000,1.370
2510203130,2026-09-20 07:00:00,120,29.700,20.760,6.530,2.390,8.900,0.000,0.470
2510203133,2026-09-20 07:00:00,40,664.500,452.810,167.140,44.530,113.270,0.000,47.450
2510203134,2026-09-20 07:00:00,200,141.210,82.610,32.620,25.970,6.060,0.000,33.250
2510224049,2026-09-20 07:00:00,1,53327.090,20779.801,10906.000,21641.279,118.590,0.000,8952.180
2510224167,2026-09-20 07:00:00,1,20660.801,9070.100,4059.940,7530.750,819.740,0.000,5619.350
2510317505,2026-09-20 07:00:00,1,15072.600,6606.360,3195.220,5271.010,0.740,0.000,4484.420
2510389559,2026-09-20 07:00:00,1,36.870,20.630,14.320,1.910,30.680,0.000,5.910
2510389643,2026-09-20 07:00:00,1,43016.102,15398.800,7701.970,19915.311,22.610,0.000,4066.480
2510389931,2026-09-20 07:00:00,1,31075.670,11867.340,6569.520,12638.800,0.150,0.000,4270.360
2510633381,2026-09-20 07:00:00,320,220.240,136.900,49.580,33.750,6.270,0.000,44.910
2510633383,2026-09-20 07:00:00,40,1706.530,1278.710,393.750,34.060,52.190,0.000,308.610
2510633385,2026-09-20 07:00:00,60,1210.750,569.330,241.440,399.970,47.590,0.000,94.190
2510633386,2026-09-20 07:00:00,500,482.310,274.690,104.020,103.590,30.900,0.000,2701.590
2510633387,2026-09-20 07:00:00,40,24.290,16.300,5.860,2.130,0.790,0.000,3.260
2510633389,2026-09-20 07:00:00,500,476.630,321.690,113.540,41.380,86.460,0.000,100.950
2510633390,2026-09-20 07:00:00,80,2089.750,1251.260,466.390,372.090,541.010,0.000,6.350
2510633391,2026-09-20 07:00:00,100,246.230,190.090,56.030,0.100,3.330,0.000,1.920
2510633393,2026-09-20 07:00:00,600,5924.830,3446.200,1178.680,1299.950,1261.460,0.000,0.480
2510633395,2026-09-20 07:00:00,40,1300.980,732.580,283.550,284.840,61.340,0.000,39.160
2510633396,2026-09-20 07:00:00,400,896.670,608.260,212.130,76.260,201.350,0.000,0.170
2510633397,2026-09-20 07:00:00,240,556.900,356.340,168.730,31.810,210.170,0.000,17.850
2510633399,2026-09-20 07:00:00,600,1144.270,656.980,246.440,240.840,58.080,0.000,57.000
2510633400,2026-09-20 07:00:00,800,741.420,451.540,171.500,118.370,156.220,0.000,28.000
2510633402,2026-09-20 07:00:00,300,550.770,331.470,117.000,102.290,135.740,0.000,10.400
2510633406,2026-09-20 07:00:00,60,357.630,161.140,69.820,126.670,18.020,0.000,97.510
2510633411,2026-09-20 07:00:00,800,4699.720,2678.590,983.490,1037.620,1669.190,0.000,29.340
2510814977,2026-09-20 07:00:00,400,51.720,31.900,12.250,7.570,1.840,0.000,10.470
2610026950,2026-09-20 07:00:00,600,14.320,9.140,3.300,1.870,1.280,0.000,3.090
2610026952,2026-09-20 07:00:00,200,3536.450,2299.470,1022.960,214.020,1779.740,0.000,9.750
2610026953,2026-09-20 07:00:00,700,655.600,386.540,148.300,120.750,188.620,0.000,0.670
2610026963,2026-09-20 07:00:00,200,373.880,193.430,91.590,88.840,23.630,2.230,94.220
2610026966,2026-09-20 07:00:00,240,952.450,683.500,236.300,32.640,197.950,0.000,0.000
2610026976,2026-09-20 07:00:00,60,1457.730,947.620,327.310,182.780,142.840,0.000,26.670
2610026977,2026-09-20 07:00:00,30,627.850,261.800,98.490,267.550,107.690,0.000,28.110
2610126270,2026-09-20 07:00:00,400,26.560,16.770,6.320,3.450,0.930,0.000,7.740
2610126451,2026-09-20 07:00:00,300,110.940,72.070,27.030,11.820,55.670,0.000,0.270
2610159557,2026-09-20 07:00:00,600,17.030,9.710,3.690,3.620,0.230,0.000,10.200
2610170786,2026-09-20 07:00:00,500,599.930,338.540,118.840,142.540,117.090,0.000,2.940
2610170836,2026-09-20 07:00:00,100,125.250,78.320,28.340,18.580,70.290,0.000,0.550
2610170837,2026-09-20 07:00:00,240,12.030,7.730,2.660,1.620,1.450,0.000,0.140
2610170838,2026-09-20 07:00:00,240,32.290,20.430,7.210,4.640,3.630,0.000,0.310
2610170840,2026-09-20 07:00:00,40,307.850,174.900,60.450,72.500,64.390,0.000,29.870
2610322967,2026-09-20 07:00:00,500,3.700,2.220,0.930,0.530,0.490,0.000,0.020
2610322969,2026-09-20 07:00:00,100,99.060,68.910,24.240,5.890,12.850,0.000,1.990
2610322982,2026-09-20 07:00:00,160,3.670,2.150,0.800,0.710,0.000,0.000,1.910
2610322995,2026-09-20 07:00:00,40,4.170,2.450,0.900,0.810,0.000,0.000,2.610
2610322997,2026-09-20 07:00:00,400,550.010,321.040,126.540,102.420,207.750,0.000,0.570
2610323001,2026-09-20 07:00:00,160,1761.670,1042.320,475.940,243.390,799.430,0.000,0.000
2610323004,2026-09-20 07:00:00,3000,91.120,68.840,11.860,10.410,21.170,0.000,2.030
2610323005,2026-09-20 07:00:00,120,11.400,7.680,2.900,0.810,1.600,0.000,0.760
2610323010,2026-09-20 07:00:00,60,15.740,10.430,3.830,1.470,1.200,0.000,4.140
2610323016,2026-09-20 07:00:00,160,1586.660,874.990,345.960,365.700,715.420,0.000,0.000
2610323017,2026-09-20 07:00:00,60,5.390,3.150,1.170,1.050,0.000,0.000,2.980
2610323027,2026-09-20 07:00:00,60,5.490,3.250,1.190,1.040,0.000,0.000,3.040
2410121574,2026-09-20 07:01:00,120,4876.180,3518.950,1134.520,222.690,421.600,0.000,379.670
2610323019,2026-09-20 07:01:00,80,47.630,30.060,10.330,7.230,2.980,0.000,11.730
2510317537,2026-09-20 07:02:00,1,11713.660,6721.680,2215.610,2776.370,218.560,1427.680,2129.720
2310396107,2026-09-20 07:30:00,160,1231.520,906.060,151.270,174.170,342.280,0.000,24.300
2410121326,2026-09-20 07:30:00,200,1571.530,1013.630,440.540,117.350,371.570,0.000,5.450
2410121353,2026-09-20 07:30:00,120,710.260,492.210,194.080,23.960,157.140,0.000,15.380
2410121371,2026-09-20 07:30:00,120,599.380,371.490,132.190,95.690,71.370,0.000,29.550
2410121424,2026-09-20 07:30:00,120,47.920,29.450,11.170,7.290,1.600,0.000,17.670
2410121440,2026-09-20 07:30:00,120,20.960,13.760,4.220,2.970,2.470,0.000,5.890
2410121454,2026-09-20 07:30:00,160,2044.160,1289.220,441.330,313.600,332.440,0.000,76.290
2410121457,2026-09-20 07:30:00,120,1767.810,1129.710,497.990,140.100,331.010,0.000,42.560
2410121574,2026-09-20 07:30:00,120,4876.210,3518.980,1134.520,222.690,421.600,0.000,379.690
2410131378,2026-09-20 07:30:00,200,1844.400,1186.750,512.390,145.260,405.200,0.000,9.440
2410131383,2026-09-20 07:30:00,400,1060.090,702.080,226.570,131.430,47.710,0.000,65.590
2410131384,2026-09-20 07:30:00,200,9807.540,5564.170,1973.280,2270.090,2044.530,0.000,4.900
2410131387,2026-09-20 07:30:00,600,546.770,342.140,130.300,74.320,57.340,0.000,58.560
2410320615,2026-09-20 07:30:00,700,15460.910,9476.510,3771.540,2212.850,3821.590,0.000,51.450
2410883988,2026-09-20 07:30:00,100,35.840,18.210,5.360,12.260,3.390,0.000,2.130
2410883990,2026-09-20 07:30:00,60,2995.130,1717.650,639.280,638.190,888.560,0.000,38.530
2410883991,2026-09-20 07:30:00,100,2725.380,1640.160,613.140,472.070,255.970,0.260,74.130
2410883993,2026-09-20 07:30:00,60,3118.190,1503.570,591.860,1022.750,122.180,0.000,338.030
2410883994,2026-09-20 07:30:00,320,106.510,47.600,21.220,37.680,3.450,0.000,6.470
2410932742,2026-09-20 07:30:00,240,19865.080,11554.960,3691.880,4618.230,5036.190,0.000,5.960
2411087432,2026-09-20 07:30:00,40,3653.680,2268.700,1046.510,338.460,738.130,0.000,30.910
2411087433,2026-09-20 07:30:00,500,824.670,486.680,179.970,158.000,21.310,0.000,777.880
2411290205,2026-09-20 07:30:00,240,9633.270,6480.150,2821.920,331.180,3413.960,0.000,59.530
2510014481,2026-09-20 07:30:00,80,15353.660,8946.260,2959.770,3447.620,5769.500,0.000,5.520
2510014482,2026-09-20 07:30:00,40,1288.900,897.820,354.430,36.640,84.510,0.000,63.020
2510014483,2026-09-20 07:30:00,300,228.500,131.540,50.910,46.040,0.000,0.000,185.520
2510014484,2026-09-20 07:30:00,160,9411.240,5335.200,2082.880,1993.150,1519.510,0.000,21.420
2510178139,2026-09-20 07:30:00,300,823.430,477.620,175.350,170.450,179.170,0.000,14.140
2510178141,2026-09-20 07:30:00,40,657.500,492.160,154.330,11.000,183.110,0.000,47.190
2510203103,2026-09-20 07:30:00,400,1857.450,1105.730,417.860,333.850,61.810,3.510,329.650
2510203104,2026-09-20 07:30:00,120,3021.560,1814.780,708.160,498.620,454.550,0.000,69.190
2510203105,2026-09-20 07:30:00,100,2424.990,1685.760,685.680,53.540,570.660,0.000,70.350
2510203106,2026-09-20 07:30:00,100,98.680,45.670,16.640,36.370,0.410,0.000,37.060
2510203107,2026-09-20 07:30:00,600,607.410,386.140,164.680,56.590,176.000,0.000,12.490
2510203108,2026-09-20 07:30:00,80,3961.350,2228.420,880.320,852.600,621.930,0.000,36.690
2510203109,2026-09-20 07:30:00,160,1519.020,952.780,467.330,98.900,458.210,0.000,87.150
2510203111,2026-09-20 07:30:00,40,3927.670,2478.330,967.950,481.380,1072.330,0.000,12.660
2510203114,2026-09-20 07:30:00,120,1899.950,1193.000,469.000,237.940,381.530,0.000,33.410
2510203117,2026-09-20 07:30:00,80,1655.050,881.850,359.380,413.810,281.860,0.000,164.810
2510203118,2026-09-20 07:30:00,640,194.220,112.260,43.680,38.280,26.990,0.010,112.590
2510203119,2026-09-20 07:30:00,40,480.820,323.290,123.490,34.020,180.180,0.000,14.790
2510203120,2026-09-20 07:30:00,160,4294.230,2634.910,947.700,711.610,996.250,0.000,14.900
2510203121,2026-09-20 07:30:00,100,1293.150,758.410,303.150,231.580,71.430,0.000,106.960
2510203122,2026-09-20 07:30:00,40,936.410,593.780,293.810,48.820,685.590,0.000,0.710
2510203123,2026-09-20 07:30:00,40,2654.020,1749.460,723.120,181.430,843.210,0.000,11.680
2510203126,2026-09-20 07:30:00,100,15.800,7.050,2.270,6.470,0.310,0.000,1.280
2510203127,2026-09-20 07:30:00,40,1257.780,819.770,335.610,102.400,363.720,0.000,49.020
2510203128,2026-09-20 07:30:00,500,7933.720,4161.110,1399.270,2373.330,368.410,0.000,112.470
2510203129,2026-09-20 07:30:00,80,6.400,3.340,1.220,1.840,0.000,0.000,1.370
2510203130,2026-09-20 07:30:00,120,29.760,20.820,6.530,2.390,8.920,0.000,0.470
2510203133,2026-09-20 07:30:00,40,664.500,452.820,167.140,44.530,113.270,0.000,47.450
2510203134,2026-09-20 07:30:00,200,141.210,82.620,32.620,25.970,6.060,0.000,33.250
2510224049,2026-09-20 07:30:00,1,53327.480,20780.189,10906.000,21641.279,118.590,0.000,8952.240
2510224167,2026-09-20 07:30:00,1,20665.230,9074.530,4059.940,7530.750,822.010,0.000,5619.380
2510317505,2026-09-20 07:30:00,1,15072.740,6606.500,3195.220,5271.010,0.740,0.000,4484.550
2510317537,2026-09-20 07:30:00,1,11714.410,6722.420,2215.610,2776.370,218.560,1427.680,2129.840
2510389559,2026-09-20 07:30:00,1,36.870,20.630,14.320,1.910,30.680,0.000,5.910
2510389643,2026-09-20 07:30:00,1,43016.211,15398.910,7701.970,19915.311,22.610,0.000,4066.490
2510389931,2026-09-20 07:30:00,1,31075.670,11867.340,6569.520,12638.800,0.150,0.000,4270.370
2510633381,2026-09-20 07:30:00,320,220.250,136.910,49.580,33.750,6.270,0.000,44.920
2510633383,2026-09-20 07:30:00,40,1706.540,1278.720,393.750,34.060,52.190,0.000,308.640
2510633385,2026-09-20 07:30:00,60,1210.760,569.340,241.440,399.970,47.590,0.000,94.190
2510633386,2026-09-20 07:30:00,500,482.320,274.700,104.020,103.590,30.900,0.000,2701.980
2510633387,2026-09-20 07:30:00,40,24.290,16.300,5.860,2.130,0.790,0.000,3.260
2510633389,2026-09-20 07:30:00,500,476.890,321.960,113.540,41.380,86.510,0.000,100.950
2510633390,2026-09-20 07:30:00,80,2090.280,1251.790,466.390,372.090,541.180,0.000,6.350
2510633395,2026-09-20 07:30:00,40,1300.980,732.580,283.550,284.840,61.340,0.000,39.160
2510633396,2026-09-20 07:30:00,400,896.850,608.440,212.130,76.260,201.410,0.000,0.170
2510633397,2026-09-20 07:30:00,240,556.900,356.350,168.730,31.810,210.170,0.000,17.860
2510633399,2026-09-20 07:30:00,600,1144.360,657.070,246.440,240.840,58.080,0.000,57.000
2510633400,2026-09-20 07:30:00,800,741.460,451.580,171.500,118.370,156.230,0.000,28.000
2510633402,2026-09-20 07:30:00,300,550.960,331.650,117.000,102.290,135.790,0.000,10.400
2510633406,2026-09-20 07:30:00,60,357.800,161.300,69.820,126.670,18.100,0.000,97.510
2510633411,2026-09-20 07:30:00,800,4700.160,2679.040,983.490,1037.620,1669.340,0.000,29.340
2610026950,2026-09-20 07:30:00,600,14.330,9.140,3.300,1.870,1.280,0.000,3.090
2610026952,2026-09-20 07:30:00,200,3536.530,2299.550,1022.960,214.020,1779.740,0.000,9.750
2610026953,2026-09-20 07:30:00,700,655.690,386.630,148.300,120.750,188.660,0.000,0.670
2610026963,2026-09-20 07:30:00,200,373.890,193.440,91.590,88.840,23.630,2.230,94.250
2610026976,2026-09-20 07:30:00,60,1457.950,947.840,327.310,182.780,142.880,0.000,26.670
2610126270,2026-09-20 07:30:00,400,26.560,16.780,6.320,3.450,0.940,0.000,7.740
2610126451,2026-09-20 07:30:00,300,110.940,72.080,27.030,11.820,55.670,0.000,0.270
2610159557,2026-09-20 07:30:00,600,17.040,9.720,3.690,3.620,0.230,0.000,10.200
2610170786,2026-09-20 07:30:00,500,600.210,338.820,118.840,142.540,117.170,0.000,2.940
2610170836,2026-09-20 07:30:00,100,125.250,78.320,28.340,18.580,70.290,0.000,0.550
2610170837,2026-09-20 07:30:00,240,12.030,7.740,2.660,1.620,1.450,0.000,0.140
2610170838,2026-09-20 07:30:00,240,32.300,20.440,7.210,4.640,3.630,0.000,0.310
2610170840,2026-09-20 07:30:00,40,308.110,175.150,60.450,72.500,64.510,0.000,29.880
2610322967,2026-09-20 07:30:00,500,3.700,2.220,0.930,0.530,0.490,0.000,0.020
2610322969,2026-09-20 07:30:00,100,99.130,68.980,24.240,5.890,12.890,0.000,1.990
2610322982,2026-09-20 07:30:00,160,3.670,2.160,0.800,0.710,0.000,0.000,1.920
2610322995,2026-09-20 07:30:00,40,4.180,2.450,0.900,0.810,0.000,0.000,2.610
2610322997,2026-09-20 07:30:00,400,550.300,321.330,126.540,102.420,207.850,0.000,0.570
2610323001,2026-09-20 07:30:00,160,1762.300,1042.960,475.940,243.390,799.710,0.000,0.000
2610323004,2026-09-20 07:30:00,3000,91.150,68.870,11.860,10.410,21.180,0.000,2.030
2610323005,2026-09-20 07:30:00,120,11.400,7.690,2.900,0.810,1.600,0.000,0.760
2610323016,2026-09-20 07:30:00,160,1586.850,875.190,345.960,365.700,715.470,0.000,0.000
2610323017,2026-09-20 07:30:00,60,5.400,3.160,1.170,1.050,0.000,0.000,2.980
2610323019,2026-09-20 07:30:00,80,47.640,30.070,10.330,7.230,2.980,0.000,11.730
2610323027,2026-09-20 07:30:00,60,5.500,3.260,1.190,1.040,0.000,0.000,3.040
2510203124,2026-09-20 07:31:00,800,1177.170,833.870,284.790,58.500,331.010,0.000,0.360
2510633391,2026-09-20 07:31:00,100,246.230,190.090,56.030,0.100,3.330,0.000,1.920
2510633393,2026-09-20 07:31:00,600,5925.220,3446.590,1178.680,1299.950,1261.550,0.000,0.480
2510814977,2026-09-20 07:31:00,400,51.720,31.900,12.250,7.570,1.840,0.000,10.470
2610026966,2026-09-20 07:31:00,240,952.470,683.520,236.300,32.640,197.960,0.000,0.000
2610026977,2026-09-20 07:31:00,30,627.880,261.830,98.490,267.550,107.710,0.000,28.110
2510203113,2026-09-20 07:32:00,160,4425.120,2815.020,1073.670,536.420,263.190,0.000,111.230
2610323010,2026-09-20 07:32:00,60,15.770,10.460,3.830,1.470,1.220,0.000,4.140
2310396107,2026-09-20 08:00:00,160,1231.750,906.300,151.270,174.170,342.370,0.000,24.300
2410121326,2026-09-20 08:00:00,200,1571.570,1013.670,440.540,117.350,371.590,0.000,5.450
2410121353,2026-09-20 08:00:00,120,710.320,492.270,194.080,23.960,157.150,0.000,15.380
2410121371,2026-09-20 08:00:00,120,599.430,371.540,132.190,95.690,71.380,0.000,29.550
2410121424,2026-09-20 08:00:00,120,47.920,29.450,11.170,7.290,1.600,0.000,17.670
2410121440,2026-09-20 08:00:00,120,20.960,13.760,4.220,2.970,2.470,0.000,5.890
2410121454,2026-09-20 08:00:00,160,2044.200,1289.260,441.330,313.600,332.450,0.000,76.290
2410121457,2026-09-20 08:00:00,120,1768.060,1129.950,497.990,140.100,331.070,0.000,42.560
2410121574,2026-09-20 08:00:00,120,4876.240,3519.010,1134.520,222.690,421.600,0.000,379.710
2410131378,2026-09-20 08:00:00,200,1844.450,1186.790,512.390,145.260,405.200,0.000,9.440
2410131383,2026-09-20 08:00:00,400,1060.110,702.090,226.570,131.430,47.710,0.000,65.590
2410131384,2026-09-20 08:00:00,200,9807.560,5564.190,1973.280,2270.090,2044.530,0.000,4.900
2410131387,2026-09-20 08:00:00,600,546.780,342.150,130.300,74.320,57.340,0.000,58.560
2410320615,2026-09-20 08:00:00,700,15461.120,9476.720,3771.540,2212.850,3821.630,0.000,51.450
2410883988,2026-09-20 08:00:00,100,35.850,18.220,5.360,12.260,3.390,0.000,2.130
2410883990,2026-09-20 08:00:00,60,2995.170,1717.680,639.280,638.190,888.560,0.000,38.530
2410883991,2026-09-20 08:00:00,100,2725.440,1640.220,613.140,472.070,255.980,0.260,74.130
2410883993,2026-09-20 08:00:00,60,3118.460,1503.840,591.860,1022.750,122.270,0.000,338.030
2410883994,2026-09-20 08:00:00,320,106.520,47.610,21.220,37.680,3.450,0.000,6.470
2410932742,2026-09-20 08:00:00,240,19865.980,11555.860,3691.880,4618.230,5036.440,0.000,5.960
2411087432,2026-09-20 08:00:00,40,3653.710,2268.730,1046.510,338.460,738.130,0.000,30.920
2411087433,2026-09-20 08:00:00,500,824.860,486.870,179.970,158.000,21.310,0.000,777.880
2411290205,2026-09-20 08:00:00,240,9633.470,6480.350,2821.920,331.180,3414.060,0.000,59.530
2510014481,2026-09-20 08:00:00,80,15354.210,8946.800,2959.770,3447.620,5769.700,0.000,5.520
2510014482,2026-09-20 08:00:00,40,1288.900,897.830,354.430,36.640,84.510,0.000,63.020
2510014483,2026-09-20 08:00:00,300,228.520,131.550,50.910,46.040,0.000,0.000,185.530
2510014484,2026-09-20 08:00:00,160,9411.270,5335.230,2082.880,1993.150,1519.510,0.000,21.420
2510178139,2026-09-20 08:00:00,300,823.550,477.740,175.350,170.450,179.210,0.000,14.140
2510178141,2026-09-20 08:00:00,40,657.500,492.170,154.330,11.000,183.110,0.000,47.200
2510203103,2026-09-20 08:00:00,400,1857.450,1105.730,417.860,333.850,61.810,3.510,329.660
2510203104,2026-09-20 08:00:00,120,3021.600,1814.820,708.160,498.620,454.550,0.000,69.190
2510203105,2026-09-20 08:00:00,100,2425.190,1685.960,685.680,53.540,570.710,0.000,70.350
2510203106,2026-09-20 08:00:00,100,98.690,45.670,16.640,36.370,0.410,0.000,37.060
2510203107,2026-09-20 08:00:00,600,607.500,386.230,164.680,56.590,176.010,0.000,12.490
2510203108,2026-09-20 08:00:00,80,3961.720,2228.790,880.320,852.600,622.010,0.000,36.690
2510203109,2026-09-20 08:00:00,160,1519.040,952.800,467.330,98.900,458.210,0.000,87.150
2510203111,2026-09-20 08:00:00,40,3927.670,2478.330,967.950,481.380,1072.330,0.000,12.660
2510203113,2026-09-20 08:00:00,160,4425.900,2815.800,1073.670,536.420,263.260,0.000,111.230
2510203114,2026-09-20 08:00:00,120,1899.960,1193.010,469.000,237.940,381.530,0.000,33.410
2510203117,2026-09-20 08:00:00,80,1655.090,881.890,359.380,413.810,281.860,0.000,164.820
2510203118,2026-09-20 08:00:00,640,194.220,112.260,43.680,38.280,26.990,0.010,112.630
2510203119,2026-09-20 08:00:00,40,480.820,323.290,123.490,34.020,180.180,0.000,14.790
2510203120,2026-09-20 08:00:00,160,4294.470,2635.150,947.700,711.610,996.340,0.000,14.900
2510203122,2026-09-20 08:00:00,40,936.420,593.780,293.810,48.820,685.590,0.000,0.710
2510203123,2026-09-20 08:00:00,40,2654.020,1749.470,723.120,181.430,843.210,0.000,11.680
2510203124,2026-09-20 08:00:00,800,1177.480,834.180,284.790,58.500,331.100,0.000,0.360
2510203126,2026-09-20 08:00:00,100,15.800,7.060,2.270,6.470,0.310,0.000,1.280
2510203127,2026-09-20 08:00:00,40,1257.930,819.910,335.610,102.400,363.810,0.000,49.020
2510203128,2026-09-20 08:00:00,500,7934.020,4161.410,1399.270,2373.330,368.410,0.000,112.480
2510203129,2026-09-20 08:00:00,80,6.410,3.340,1.220,1.840,0.000,0.000,1.370
2510203130,2026-09-20 08:00:00,120,29.880,20.940,6.530,2.390,8.930,0.000,0.470
2510203133,2026-09-20 08:00:00,40,664.510,452.830,167.140,44.530,113.270,0.000,47.450
2510203134,2026-09-20 08:00:00,200,141.220,82.620,32.620,25.970,6.060,0.000,33.250
2510224049,2026-09-20 08:00:00,1,53327.988,20780.699,10906.000,21641.279,118.590,0.000,8952.280
2510224167,2026-09-20 08:00:00,1,20672.381,9081.680,4059.940,7530.750,825.630,0.000,5619.380
2510317537,2026-09-20 08:00:00,1,11715.270,6723.290,2215.610,2776.370,218.560,1427.680,2129.980
2510389559,2026-09-20 08:00:00,1,36.870,20.630,14.320,1.910,30.680,0.000,5.910
2510389643,2026-09-20 08:00:00,1,43016.301,15399.010,7701.970,19915.311,22.610,0.000,4066.520
2510389931,2026-09-20 08:00:00,1,31075.670,11867.340,6569.520,12638.800,0.150,0.000,4270.380
2510633381,2026-09-20 08:00:00,320,220.260,136.920,49.580,33.750,6.270,0.000,44.930
2510633383,2026-09-20 08:00:00,40,1706.540,1278.730,393.750,34.060,52.190,0.000,308.670
2510633385,2026-09-20 08:00:00,60,1210.770,569.350,241.440,399.970,47.590,0.000,94.200
2510633386,2026-09-20 08:00:00,500,482.330,274.710,104.020,103.590,30.900,0.000,2702.360
2510633387,2026-09-20 08:00:00,40,24.300,16.300,5.860,2.130,0.790,0.000,3.260
2510633389,2026-09-20 08:00:00,500,477.420,322.480,113.540,41.380,86.650,0.000,100.950
2510633390,2026-09-20 08:00:00,80,2090.870,1252.380,466.390,372.090,541.360,0.000,6.350
2510633391,2026-09-20 08:00:00,100,246.230,190.090,56.030,0.100,3.330,0.000,1.920
2510633393,2026-09-20 08:00:00,600,5925.580,3446.950,1178.680,1299.950,1261.640,0.000,0.480
2510633395,2026-09-20 08:00:00,40,1300.980,732.580,283.550,284.840,61.340,0.000,39.160
2510633396,2026-09-20 08:00:00,400,897.140,608.740,212.130,76.260,201.500,0.000,0.170
2510633397,2026-09-20 08:00:00,240,556.920,356.360,168.730,31.810,210.170,0.000,17.860
2510633399,2026-09-20 08:00:00,600,1144.470,657.180,246.440,240.840,58.080,0.000,57.000
2510633400,2026-09-20 08:00:00,800,741.500,451.620,171.500,118.370,156.240,0.000,28.000
2510633402,2026-09-20 08:00:00,300,551.050,331.750,117.000,102.290,135.810,0.000,10.400
2510633406,2026-09-20 08:00:00,60,358.000,161.510,69.820,126.670,18.200,0.000,97.510
2510633411,2026-09-20 08:00:00,800,4700.620,2679.490,983.490,1037.620,1669.480,0.000,29.340
2510814977,2026-09-20 08:00:00,400,51.730,31.900,12.250,7.570,1.840,0.000,10.470
2610026950,2026-09-20 08:00:00,600,14.330,9.150,3.300,1.870,1.280,0.000,3.090
2610026952,2026-09-20 08:00:00,200,3536.610,2299.630,1022.960,214.020,1779.740,0.000,9.750
2610026953,2026-09-20 08:00:00,700,655.770,386.720,148.300,120.750,188.690,0.000,0.670
2610026963,2026-09-20 08:00:00,200,373.890,193.450,91.590,88.840,23.630,2.230,94.270
2610026966,2026-09-20 08:00:00,240,952.510,683.560,236.300,32.640,197.960,0.000,0.000
2610026977,2026-09-20 08:00:00,30,627.880,261.830,98.490,267.550,107.710,0.000,28.110
2610126270,2026-09-20 08:00:00,400,26.570,16.780,6.320,3.450,0.940,0.000,7.740
2610126451,2026-09-20 08:00:00,300,110.950,72.090,27.030,11.820,55.670,0.000,0.270
2610159557,2026-09-20 08:00:00,600,17.050,9.730,3.690,3.620,0.230,0.000,10.200
2610170786,2026-09-20 08:00:00,500,600.480,339.090,118.840,142.540,117.230,0.000,2.940
2610170836,2026-09-20 08:00:00,100,125.260,78.320,28.340,18.580,70.290,0.000,0.550
2610170837,2026-09-20 08:00:00,240,12.040,7.740,2.660,1.620,1.450,0.000,0.140
2610170838,2026-09-20 08:00:00,240,32.310,20.450,7.210,4.640,3.630,0.000,0.310
2610170840,2026-09-20 08:00:00,40,308.390,175.440,60.450,72.500,64.630,0.000,29.900
2610322967,2026-09-20 08:00:00,500,3.700,2.220,0.930,0.530,0.490,0.000,0.020
2610322969,2026-09-20 08:00:00,100,99.210,69.060,24.240,5.890,12.930,0.000,1.990
2610322982,2026-09-20 08:00:00,160,3.690,2.170,0.800,0.710,0.000,0.000,1.920
2610322997,2026-09-20 08:00:00,400,550.640,321.670,126.540,102.420,208.000,0.000,0.570
2610323001,2026-09-20 08:00:00,160,1762.800,1043.460,475.940,243.390,799.910,0.000,0.000
2610323004,2026-09-20 08:00:00,3000,91.190,68.900,11.860,10.410,21.190,0.000,2.030
2610323005,2026-09-20 08:00:00,120,11.400,7.690,2.900,0.810,1.600,0.000,0.760
2610323010,2026-09-20 08:00:00,60,15.790,10.480,3.830,1.470,1.240,0.000,4.140
2610323016,2026-09-20 08:00:00,160,1587.050,875.390,345.960,365.700,715.510,0.000,0.000
2610323017,2026-09-20 08:00:00,60,5.410,3.170,1.170,1.050,0.000,0.000,2.990
2610323019,2026-09-20 08:00:00,80,47.660,30.080,10.330,7.230,2.980,0.000,11.730
2610323027,2026-09-20 08:00:00,60,5.510,3.280,1.190,1.040,0.000,0.000,3.050
2510203121,2026-09-20 08:01:00,100,1293.170,758.430,303.150,231.580,71.430,0.000,106.970
2510317505,2026-09-20 08:01:00,1,15072.890,6606.650,3195.220,5271.010,0.740,0.000,4484.680
2610026976,2026-09-20 08:02:00,60,1458.250,948.140,327.310,182.780,142.920,0.000,26.670
2610322995,2026-09-20 08:02:00,40,4.190,2.460,0.900,0.810,0.000,0.000,2.620
2310396107,2026-09-20 08:30:00,160,1232.040,906.590,151.270,174.170,342.480,0.000,24.300
2410121326,2026-09-20 08:30:00,200,1571.610,1013.710,440.540,117.350,371.610,0.000,5.450
2410121353,2026-09-20 08:30:00,120,710.400,492.340,194.080,23.960,157.170,0.000,15.380
2410121371,2026-09-20 08:30:00,120,599.480,371.580,132.190,95.690,71.380,0.000,29.550
2410121424,2026-09-20 08:30:00,120,47.920,29.460,11.170,7.290,1.600,0.000,17.670
2410121440,2026-09-20 08:30:00,120,20.960,13.760,4.220,2.970,2.470,0.000,5.890
2410121454,2026-09-20 08:30:00,160,2044.240,1289.300,441.330,313.600,332.460,0.000,76.290
2410121457,2026-09-20 08:30:00,120,1768.320,1130.220,497.990,140.100,331.150,0.000,42.560
2410121574,2026-09-20 08:30:00,120,4876.280,3519.050,1134.520,222.690,421.600,0.000,379.730
2410131378,2026-09-20 08:30:00,200,1844.490,1186.840,512.390,145.260,405.200,0.000,9.440
2410131383,2026-09-20 08:30:00,400,1060.120,702.100,226.570,131.430,47.710,0.000,65.590
2410131384,2026-09-20 08:30:00,200,9807.580,5564.200,1973.280,2270.090,2044.530,0.000,4.900
2410131387,2026-09-20 08:30:00,600,546.780,342.150,130.300,74.320,57.340,0.000,58.570
2410320615,2026-09-20 08:30:00,700,15461.320,9476.920,3771.540,2212.850,3821.660,0.000,51.450
2410883988,2026-09-20 08:30:00,100,35.860,18.230,5.360,12.260,3.390,0.000,2.130
2410883991,2026-09-20 08:30:00,100,2725.520,1640.300,613.140,472.070,255.990,0.260,74.130
2410883993,2026-09-20 08:30:00,60,3118.740,1504.120,591.860,1022.750,122.330,0.000,338.030
2410883994,2026-09-20 08:30:00,320,106.520,47.620,21.220,37.680,3.450,0.000,6.480
2410932742,2026-09-20 08:30:00,240,19866.939,11556.820,3691.880,4618.230,5036.700,0.000,5.960
2411087432,2026-09-20 08:30:00,40,3653.750,2268.770,1046.510,338.460,738.130,0.000,30.920
2411087433,2026-09-20 08:30:00,500,825.060,487.070,179.970,158.000,21.310,0.000,777.880
2411290205,2026-09-20 08:30:00,240,9633.670,6480.550,2821.920,331.180,3414.170,0.000,59.530
2510014481,2026-09-20 08:30:00,80,15354.760,8947.360,2959.770,3447.620,5769.900,0.000,5.520
2510014482,2026-09-20 08:30:00,40,1288.910,897.840,354.430,36.640,84.510,0.000,63.020
2510014483,2026-09-20 08:30:00,300,228.530,131.570,50.910,46.040,0.000,0.000,185.540
2510014484,2026-09-20 08:30:00,160,9411.310,5335.270,2082.880,1993.150,1519.510,0.000,21.420
2510178139,2026-09-20 08:30:00,300,823.630,477.830,175.350,170.450,179.260,0.000,14.140
2510178141,2026-09-20 08:30:00,40,657.500,492.170,154.330,11.000,183.110,0.000,47.200
2510203103,2026-09-20 08:30:00,400,1857.460,1105.740,417.860,333.850,61.810,3.510,329.660
2510203104,2026-09-20 08:30:00,120,3021.640,1814.860,708.160,498.620,454.560,0.000,69.190
2510203105,2026-09-20 08:30:00,100,2425.490,1686.260,685.680,53.540,570.790,0.000,70.360
2510203106,2026-09-20 08:30:00,100,98.690,45.670,16.640,36.370,0.410,0.000,37.060
2510203107,2026-09-20 08:30:00,600,607.650,386.370,164.680,56.590,176.050,0.000,12.490
2510203108,2026-09-20 08:30:00,80,3962.160,2229.230,880.320,852.600,622.110,0.000,36.690
2510203109,2026-09-20 08:30:00,160,1519.110,952.870,467.330,98.900,458.210,0.000,87.150
2510203111,2026-09-20 08:30:00,40,3927.680,2478.330,967.950,481.380,1072.330,0.000,12.660
2510203113,2026-09-20 08:30:00,160,4426.850,2816.740,1073.670,536.420,263.380,0.000,111.230
2510203114,2026-09-20 08:30:00,120,1899.970,1193.020,469.000,237.940,381.530,0.000,33.420
2510203117,2026-09-20 08:30:00,80,1655.140,881.940,359.380,413.810,281.860,0.000,164.820
2510203118,2026-09-20 08:30:00,640,194.220,112.260,43.680,38.280,26.990,0.010,112.660
2510203119,2026-09-20 08:30:00,40,480.820,323.290,123.490,34.020,180.180,0.000,14.790
2510203120,2026-09-20 08:30:00,160,4294.720,2635.400,947.700,711.610,996.430,0.000,14.900
2510203122,2026-09-20 08:30:00,40,936.430,593.800,293.810,48.820,685.600,0.000,0.710
2510203123,2026-09-20 08:30:00,40,2654.030,1749.470,723.120,181.430,843.210,0.000,11.680
2510203124,2026-09-20 08:30:00,800,1177.820,834.520,284.790,58.500,331.200,0.000,0.360
2510203126,2026-09-20 08:30:00,100,15.810,7.070,2.270,6.470,0.310,0.000,1.280
2510203127,2026-09-20 08:30:00,40,1258.070,820.050,335.610,102.400,363.910,0.000,49.020
2510203128,2026-09-20 08:30:00,500,7934.530,4161.930,1399.270,2373.330,368.430,0.000,112.480
2510203129,2026-09-20 08:30:00,80,6.410,3.350,1.220,1.840,0.000,0.000,1.370
2510203130,2026-09-20 08:30:00,120,29.970,21.030,6.530,2.390,8.940,0.000,0.470
2510203133,2026-09-20 08:30:00,40,664.510,452.830,167.140,44.530,113.270,0.000,47.450
2510203134,2026-09-20 08:30:00,200,141.220,82.620,32.620,25.970,6.060,0.000,33.250
2510224167,2026-09-20 08:30:00,1,20679.400,9088.700,4059.940,7530.750,829.180,0.000,5619.380
2510317505,2026-09-20 08:30:00,1,15073.020,6606.780,3195.220,5271.010,0.740,0.000,4484.810
2510317537,2026-09-20 08:30:00,1,11716.190,6724.210,2215.610,2776.370,218.560,1427.680,2130.120
2510389559,2026-09-20 08:30:00,1,36.870,20.630,14.320,1.910,30.680,0.000,5.910
2510389643,2026-09-20 08:30:00,1,43016.449,15399.160,7701.970,19915.311,22.610,0.000,4066.540
2510389931,2026-09-20 08:30:00,1,31075.670,11867.340,6569.520,12638.800,0.150,0.000,4270.380
2510633381,2026-09-20 08:30:00,320,220.280,136.940,49.580,33.750,6.270,0.000,44.930
2510633383,2026-09-20 08:30:00,40,1706.550,1278.740,393.750,34.060,52.190,0.000,308.710
2510633385,2026-09-20 08:30:00,60,1210.780,569.360,241.440,399.970,47.590,0.000,94.200
2510633386,2026-09-20 08:30:00,500,482.340,274.720,104.020,103.590,30.900,0.000,2702.740
2510633387,2026-09-20 08:30:00,40,24.300,16.300,5.860,2.130,0.790,0.000,3.260
2510633389,2026-09-20 08:30:00,500,478.090,323.150,113.540,41.380,86.860,0.000,100.950
2510633390,2026-09-20 08:30:00,80,2091.480,1252.980,466.390,372.090,541.540,0.000,6.350
2510633393,2026-09-20 08:30:00,600,5925.980,3447.350,1178.680,1299.950,1261.730,0.000,0.480
2510633395,2026-09-20 08:30:00,40,1300.980,732.580,283.550,284.840,61.340,0.000,39.160
2510633396,2026-09-20 08:30:00,400,897.460,609.050,212.130,76.260,201.600,0.000,0.170
2510633397,2026-09-20 08:30:00,240,556.930,356.370,168.730,31.810,210.170,0.000,17.860
2510633399,2026-09-20 08:30:00,600,1144.620,657.320,246.440,240.840,58.080,0.000,57.000
2510633400,2026-09-20 08:30:00,800,741.550,451.670,171.500,118.370,156.250,0.000,28.000
2510633402,2026-09-20 08:30:00,300,551.110,331.810,117.000,102.290,135.830,0.000,10.400
2510633406,2026-09-20 08:30:00,60,358.120,161.630,69.820,126.670,18.260,0.000,97.510
2510633411,2026-09-20 08:30:00,800,4701.280,2680.160,983.490,1037.620,1669.720,0.000,29.340
2510814977,2026-09-20 08:30:00,400,51.730,31.900,12.250,7.570,1.840,0.000,10.470
2610026950,2026-09-20 08:30:00,600,14.330,9.150,3.300,1.870,1.280,0.000,3.090
2610026952,2026-09-20 08:30:00,200,3536.700,2299.720,1022.960,214.020,1779.750,0.000,9.750
2610026953,2026-09-20 08:30:00,700,655.860,386.800,148.300,120.750,188.720,0.000,0.670
2610026963,2026-09-20 08:30:00,200,373.900,193.460,91.590,88.840,23.630,2.230,94.280
2610026966,2026-09-20 08:30:00,240,952.540,683.590,236.300,32.640,197.970,0.000,0.000
2610026976,2026-09-20 08:30:00,60,1458.580,948.480,327.310,182.780,142.960,0.000,26.670
2610026977,2026-09-20 08:30:00,30,627.890,261.840,98.490,267.550,107.730,0.000,28.110
2610126270,2026-09-20 08:30:00,400,26.570,16.790,6.320,3.450,0.950,0.000,7.740
2610126451,2026-09-20 08:30:00,300,110.960,72.100,27.030,11.820,55.680,0.000,0.270
2610159557,2026-09-20 08:30:00,600,17.060,9.740,3.690,3.620,0.230,0.000,10.210
2610170786,2026-09-20 08:30:00,500,600.780,339.390,118.840,142.540,117.310,0.000,2.940
2610170836,2026-09-20 08:30:00,100,125.260,78.320,28.340,18.580,70.290,0.000,0.550
2610170837,2026-09-20 08:30:00,240,12.040,7.750,2.660,1.620,1.450,0.000,0.140
2610170838,2026-09-20 08:30:00,240,32.320,20.460,7.210,4.640,3.630,0.000,0.310
2610170840,2026-09-20 08:30:00,40,308.680,175.720,60.450,72.500,64.750,0.000,29.920
2610322967,2026-09-20 08:30:00,500,3.700,2.230,0.930,0.530,0.490,0.000,0.020
2610322969,2026-09-20 08:30:00,100,99.350,69.200,24.240,5.890,12.970,0.000,1.990
2610322982,2026-09-20 08:30:00,160,3.700,2.180,0.800,0.710,0.000,0.000,1.920
2610322995,2026-09-20 08:30:00,40,4.200,2.470,0.900,0.810,0.000,0.000,2.620
2610322997,2026-09-20 08:30:00,400,550.980,322.010,126.540,102.420,208.140,0.000,0.570
2610323001,2026-09-20 08:30:00,160,1763.640,1044.290,475.940,243.390,800.320,0.000,0.000
2610323004,2026-09-20 08:30:00,3000,91.230,68.940,11.860,10.410,21.200,0.000,2.030
2610323005,2026-09-20 08:30:00,120,11.400,7.690,2.900,0.810,1.600,0.000,0.760
2610323010,2026-09-20 08:30:00,60,15.810,10.500,3.830,1.470,1.250,0.000,4.140
2610323016,2026-09-20 08:30:00,160,1587.180,875.520,345.960,365.700,715.560,0.000,0.000
2610323017,2026-09-20 08:30:00,60,5.430,3.190,1.170,1.050,0.000,0.000,2.990
2610323019,2026-09-20 08:30:00,80,47.670,30.090,10.330,7.230,2.980,0.000,11.740
2410883990,2026-09-20 08:31:00,60,2995.210,1717.730,639.280,638.190,888.570,0.000,38.530
2510224049,2026-09-20 08:31:00,1,53328.520,20781.230,10906.000,21641.279,118.590,0.000,8952.330
2510633391,2026-09-20 08:31:00,100,246.230,190.090,56.030,0.100,3.330,0.000,1.920
2610323027,2026-09-20 08:31:00,60,5.530,3.300,1.190,1.040,0.000,0.000,3.050
2510203121,2026-09-20 08:32:00,100,1293.180,758.440,303.150,231.580,71.430,0.000,106.970
2310396107,2026-09-20 09:00:00,160,1232.330,906.870,151.270,174.170,342.580,0.000,24.300
2410121326,2026-09-20 09:00:00,200,1571.650,1013.750,440.540,117.350,371.620,0.000,5.450
2410121353,2026-09-20 09:00:00,120,710.450,492.400,194.080,23.960,157.170,0.000,15.380
2410121371,2026-09-20 09:00:00,120,599.520,371.630,132.190,95.690,71.380,0.000,29.550
2410121424,2026-09-20 09:00:00,120,47.920,29.460,11.170,7.290,1.600,0.000,17.670
2410121440,2026-09-20 09:00:00,120,20.970,13.770,4.220,2.970,2.470,0.000,5.890
2410121454,2026-09-20 09:00:00,160,2044.290,1289.350,441.330,313.600,332.470,0.000,76.290
2410121457,2026-09-20 09:00:00,120,1768.730,1130.620,497.990,140.100,331.290,0.000,42.560
2410121574,2026-09-20 09:00:00,120,4876.330,3519.110,1134.520,222.690,421.600,0.000,379.750
2410131378,2026-09-20 09:00:00,200,1844.540,1186.880,512.390,145.260,405.200,0.000,9.450
2410131383,2026-09-20 09:00:00,400,1060.130,702.120,226.570,131.430,47.710,0.000,65.590
2410131384,2026-09-20 09:00:00,200,9807.600,5564.220,1973.280,2270.090,2044.540,0.000,4.900
2410131387,2026-09-20 09:00:00,600,546.790,342.160,130.300,74.320,57.340,0.000,58.570
2410320615,2026-09-20 09:00:00,700,15461.520,9477.120,3771.540,2212.850,3821.700,0.000,51.450
2410883988,2026-09-20 09:00:00,100,35.860,18.230,5.360,12.260,3.390,0.000,2.130
2410883990,2026-09-20 09:00:00,60,2995.240,1717.760,639.280,638.190,888.570,0.000,38.530
2410883991,2026-09-20 09:00:00,100,2725.590,1640.370,613.140,472.070,256.000,0.260,74.130
2410883993,2026-09-20 09:00:00,60,3119.090,1504.460,591.860,1022.750,122.390,0.000,338.030
2410883994,2026-09-20 09:00:00,320,106.530,47.620,21.220,37.680,3.450,0.000,6.480
2410932742,2026-09-20 09:00:00,240,19867.900,11557.790,3691.880,4618.230,5036.960,0.000,5.960
2411087432,2026-09-20 09:00:00,40,3653.790,2268.810,1046.510,338.460,738.130,0.000,30.930
2411087433,2026-09-20 09:00:00,500,825.260,487.270,179.970,158.000,21.310,0.000,777.890
2411290205,2026-09-20 09:00:00,240,9633.870,6480.750,2821.920,331.180,3414.290,0.000,59.530
2510014481,2026-09-20 09:00:00,80,15355.300,8947.900,2959.770,3447.620,5770.090,0.000,5.520
2510014482,2026-09-20 09:00:00,40,1288.920,897.840,354.430,36.640,84.510,0.000,63.020
2510014483,2026-09-20 09:00:00,300,228.540,131.580,50.910,46.040,0.000,0.000,185.550
2510014484,2026-09-20 09:00:00,160,9411.370,5335.330,2082.880,1993.150,1519.510,0.000,21.430
2510178139,2026-09-20 09:00:00,300,823.720,477.920,175.350,170.450,179.300,0.000,14.140
2510178141,2026-09-20 09:00:00,40,657.500,492.170,154.330,11.000,183.110,0.000,47.200
2510203103,2026-09-20 09:00:00,400,1857.460,1105.740,417.860,333.850,61.810,3.510,329.660
2510203104,2026-09-20 09:00:00,120,3021.680,1814.900,708.160,498.620,454.560,0.000,69.190
2510203105,2026-09-20 09:00:00,100,2425.740,1686.510,685.680,53.540,570.860,0.000,70.360
2510203106,2026-09-20 09:00:00,100,98.690,45.670,16.640,36.370,0.410,0.000,37.060
2510203107,2026-09-20 09:00:00,600,607.740,386.470,164.680,56.590,176.060,0.000,12.500
2510203108,2026-09-20 09:00:00,80,3962.640,2229.710,880.320,852.600,622.200,0.000,36.690
2510203109,2026-09-20 09:00:00,160,1519.200,952.960,467.330,98.900,458.210,0.000,87.150
2510203111,2026-09-20 09:00:00,40,3927.680,2478.340,967.950,481.380,1072.330,0.000,12.660
2510203113,2026-09-20 09:00:00,160,4427.750,2817.650,1073.670,536.420,263.490,0.000,111.230
2510203114,2026-09-20 09:00:00,120,1899.970,1193.020,469.000,237.940,381.530,0.000,33.430
2510203117,2026-09-20 09:00:00,80,1655.190,881.990,359.380,413.810,281.860,0.000,164.830
2510203118,2026-09-20 09:00:00,640,194.230,112.260,43.680,38.280,26.990,0.010,112.700
2510203119,2026-09-20 09:00:00,40,480.820,323.290,123.490,34.020,180.180,0.000,14.790
2510203120,2026-09-20 09:00:00,160,4294.980,2635.650,947.700,711.610,996.510,0.000,14.900
2510203121,2026-09-20 09:00:00,100,1293.200,758.460,303.150,231.580,71.430,0.000,106.980
2510203122,2026-09-20 09:00:00,40,936.440,593.810,293.810,48.820,685.600,0.000,0.710
2510203123,2026-09-20 09:00:00,40,2654.030,1749.470,723.120,181.430,843.210,0.000,11.680
2510203124,2026-09-20 09:00:00,800,1178.180,834.880,284.790,58.500,331.310,0.000,0.360
2510203126,2026-09-20 09:00:00,100,15.820,7.080,2.270,6.470,0.320,0.000,1.280
2510203127,2026-09-20 09:00:00,40,1258.210,820.190,335.610,102.400,364.000,0.000,49.020
2510203128,2026-09-20 09:00:00,500,7935.080,4162.470,1399.270,2373.330,368.460,0.000,112.480
2510203133,2026-09-20 09:00:00,40,664.520,452.840,167.140,44.530,113.270,0.000,47.460
2510203134,2026-09-20 09:00:00,200,141.230,82.630,32.620,25.970,6.060,0.000,33.250
2510224049,2026-09-20 09:00:00,1,53328.949,20781.660,10906.000,21641.279,118.590,0.000,8952.380
2510224167,2026-09-20 09:00:00,1,20686.311,9095.610,4059.940,7530.750,832.640,0.000,5619.380
2510317505,2026-09-20 09:00:00,1,15073.160,6606.920,3195.220,5271.010,0.740,0.000,4484.930
2510317537,2026-09-20 09:00:00,1,11717.140,6725.150,2215.610,2776.370,218.560,1427.680,2130.210
2510389559,2026-09-20 09:00:00,1,36.870,20.630,14.320,1.910,30.680,0.000,5.910
2510389643,2026-09-20 09:00:00,1,43016.551,15399.260,7701.970,19915.311,22.610,0.000,4066.560
2510389931,2026-09-20 09:00:00,1,31075.670,11867.350,6569.520,12638.800,0.150,0.000,4270.390
2510633381,2026-09-20 09:00:00,320,220.290,136.950,49.580,33.750,6.270,0.000,44.940
2510633383,2026-09-20 09:00:00,40,1706.560,1278.750,393.750,34.060,52.190,0.000,308.740
2510633385,2026-09-20 09:00:00,60,1210.800,569.380,241.440,399.970,47.590,0.000,94.210
2510633386,2026-09-20 09:00:00,500,482.340,274.730,104.020,103.590,30.900,0.000,2703.120
2510633387,2026-09-20 09:00:00,40,24.300,16.300,5.860,2.130,0.790,0.000,3.260
2510633389,2026-09-20 09:00:00,500,478.550,323.620,113.540,41.380,87.040,0.000,100.950
2510633390,2026-09-20 09:00:00,80,2092.090,1253.590,466.390,372.090,541.730,0.000,6.350
2510633391,2026-09-20 09:00:00,100,246.230,190.090,56.030,0.100,3.330,0.000,1.920
2510633393,2026-09-20 09:00:00,600,5926.350,3447.720,1178.680,1299.950,1261.810,0.000,0.480
2510633395,2026-09-20 09:00:00,40,1300.980,732.580,283.550,284.840,61.340,0.000,39.160
2510633396,2026-09-20 09:00:00,400,897.790,609.380,212.130,76.260,201.710,0.000,0.170
2510633397,2026-09-20 09:00:00,240,556.950,356.390,168.730,31.810,210.170,0.000,17.860
2510633399,2026-09-20 09:00:00,600,1144.770,657.480,246.440,240.840,58.080,0.000,57.000
2510633400,2026-09-20 09:00:00,800,741.610,451.720,171.500,118.370,156.260,0.000,28.000
2510633402,2026-09-20 09:00:00,300,551.180,331.880,117.000,102.290,135.850,0.000,10.400
2510633406,2026-09-20 09:00:00,60,358.240,161.740,69.820,126.670,18.320,0.000,97.510
2510633411,2026-09-20 09:00:00,800,4702.040,2680.910,983.490,1037.620,1670.010,0.000,29.340
2510814977,2026-09-20 09:00:00,400,51.730,31.910,12.250,7.570,1.840,0.000,10.470
2610026950,2026-09-20 09:00:00,600,14.340,9.160,3.300,1.870,1.280,0.000,3.090
2610026952,2026-09-20 09:00:00,200,3537.050,2300.060,1022.960,214.020,1779.870,0.000,9.750
2610026953,2026-09-20 09:00:00,700,655.940,386.890,148.300,120.750,188.740,0.000,0.670
2610026963,2026-09-20 09:00:00,200,373.910,193.460,91.590,88.840,23.630,2.230,94.290
2610026966,2026-09-20 09:00:00,240,952.570,683.620,236.300,32.640,197.980,0.000,0.000
2610026976,2026-09-20 09:00:00,60,1458.930,948.820,327.310,182.780,142.990,0.000,26.670
2610026977,2026-09-20 09:00:00,30,627.930,261.880,98.490,267.550,107.760,0.000,28.110
2610126270,2026-09-20 09:00:00,400,26.580,16.800,6.320,3.450,0.950,0.000,7.740
2610126451,2026-09-20 09:00:00,300,110.970,72.110,27.030,11.820,55.690,0.000,0.270
2610159557,2026-09-20 09:00:00,600,17.070,9.750,3.690,3.620,0.230,0.000,10.210
2610170786,2026-09-20 09:00:00,500,601.080,339.690,118.840,142.540,117.390,0.000,2.940
2610170836,2026-09-20 09:00:00,100,125.260,78.330,28.340,18.580,70.290,0.000,0.550
2610170837,2026-09-20 09:00:00,240,12.050,7.760,2.660,1.620,1.460,0.000,0.140
2610170838,2026-09-20 09:00:00,240,32.340,20.480,7.210,4.640,3.630,0.000,0.310
2610170840,2026-09-20 09:00:00,40,308.960,176.000,60.450,72.500,64.860,0.000,29.940
2610322967,2026-09-20 09:00:00,500,3.710,2.230,0.930,0.530,0.490,0.000,0.020
2610322969,2026-09-20 09:00:00,100,99.480,69.330,24.240,5.890,13.010,0.000,1.990
2610322982,2026-09-20 09:00:00,160,3.710,2.190,0.800,0.710,0.000,0.000,1.930
2610322995,2026-09-20 09:00:00,40,4.210,2.490,0.900,0.810,0.000,0.000,2.630
2610322997,2026-09-20 09:00:00,400,551.340,322.370,126.540,102.420,208.280,0.000,0.570
2610323001,2026-09-20 09:00:00,160,1764.490,1045.140,475.940,243.390,800.730,0.000,0.000
2610323004,2026-09-20 09:00:00,3000,91.270,68.980,11.860,10.410,21.210,0.000,2.030
2610323005,2026-09-20 09:00:00,120,11.410,7.690,2.900,0.810,1.600,0.000,0.760
2610323010,2026-09-20 09:00:00,60,15.820,10.510,3.830,1.470,1.270,0.000,4.140
2610323016,2026-09-20 09:00:00,160,1587.310,875.650,345.960,365.700,715.610,0.000,0.000
2610323017,2026-09-20 09:00:00,60,5.440,3.210,1.170,1.050,0.000,0.000,3.000
2610323019,2026-09-20 09:00:00,80,47.680,30.110,10.330,7.230,2.980,0.000,11.740
2610323027,2026-09-20 09:00:00,60,5.550,3.310,1.190,1.040,0.000,0.000,3.060
2510203129,2026-09-20 09:01:00,80,6.420,3.350,1.220,1.840,0.000,0.000,1.370
2510203130,2026-09-20 09:02:00,120,30.100,21.170,6.530,2.390,8.950,0.000,0.470
2310396107,2026-09-20 09:30:00,160,1232.600,907.150,151.270,174.170,342.690,0.000,24.300
2410121326,2026-09-20 09:30:00,200,1571.700,1013.790,440.540,117.350,371.640,0.000,5.450
2410121353,2026-09-20 09:30:00,120,710.500,492.450,194.080,23.960,157.180,0.000,15.380
2410121371,2026-09-20 09:30:00,120,599.570,371.680,132.190,95.690,71.380,0.000,29.550
2410121424,2026-09-20 09:30:00,120,47.930,29.460,11.170,7.290,1.600,0.000,17.680
2410121440,2026-09-20 09:30:00,120,20.980,13.780,4.220,2.970,2.470,0.000,5.890
2410121454,2026-09-20 09:30:00,160,2044.330,1289.390,441.330,313.600,332.480,0.000,76.290
2410121457,2026-09-20 09:30:00,120,1769.130,1131.030,497.990,140.100,331.430,0.000,42.560
2410121574,2026-09-20 09:30:00,120,4876.380,3519.160,1134.520,222.690,421.600,0.000,379.770
2410131378,2026-09-20 09:30:00,200,1844.600,1186.940,512.390,145.260,405.200,0.000,9.450
2410131383,2026-09-20 09:30:00,400,1060.150,702.130,226.570,131.430,47.710,0.000,65.590
2410131384,2026-09-20 09:30:00,200,9807.620,5564.240,1973.280,2270.090,2044.540,0.000,4.900
2410131387,2026-09-20 09:30:00,600,546.800,342.160,130.300,74.320,57.340,0.000,58.570
2410320615,2026-09-20 09:30:00,700,15461.720,9477.320,3771.540,2212.850,3821.750,0.000,51.450
2410883988,2026-09-20 09:30:00,100,35.860,18.230,5.360,12.260,3.390,0.000,2.130
2410883990,2026-09-20 09:30:00,60,2995.280,1717.790,639.280,638.190,888.570,0.000,38.530
2410883991,2026-09-20 09:30:00,100,2725.680,1640.460,613.140,472.070,256.010,0.260,74.130
2410883993,2026-09-20 09:30:00,60,3119.400,1504.770,591.860,1022.750,122.470,0.000,338.030
2410883994,2026-09-20 09:30:00,320,106.540,47.630,21.220,37.680,3.450,0.000,6.480
2410932742,2026-09-20 09:30:00,240,19868.881,11558.760,3691.880,4618.230,5037.230,0.000,5.960
2411087432,2026-09-20 09:30:00,40,3653.830,2268.850,1046.510,338.460,738.130,0.000,30.940
2411087433,2026-09-20 09:30:00,500,825.460,487.470,179.970,158.000,21.310,0.000,777.890
2411290205,2026-09-20 09:30:00,240,9634.070,6480.960,2821.920,331.180,3414.400,0.000,59.530
2510014481,2026-09-20 09:30:00,80,15355.860,8948.460,2959.770,3447.620,5770.310,0.000,5.520
2510014482,2026-09-20 09:30:00,40,1288.920,897.850,354.430,36.640,84.510,0.000,63.020
2510014483,2026-09-20 09:30:00,300,228.560,131.590,50.910,46.040,0.000,0.000,185.560
2510014484,2026-09-20 09:30:00,160,9411.430,5335.400,2082.880,1993.150,1519.510,0.000,21.430
2510178139,2026-09-20 09:30:00,300,823.880,478.070,175.350,170.450,179.370,0.000,14.140
2510178141,2026-09-20 09:30:00,40,657.510,492.170,154.330,11.000,183.110,0.000,47.210
2510203103,2026-09-20 09:30:00,400,1857.470,1105.750,417.860,333.850,61.810,3.510,329.660
2510203104,2026-09-20 09:30:00,120,3021.720,1814.940,708.160,498.620,454.570,0.000,69.190
2510203105,2026-09-20 09:30:00,100,2426.020,1686.780,685.680,53.540,570.920,0.000,70.370
2510203106,2026-09-20 09:30:00,100,98.700,45.680,16.640,36.370,0.410,0.000,37.060
2510203107,2026-09-20 09:30:00,600,607.900,386.630,164.680,56.590,176.090,0.000,12.500
2510203108,2026-09-20 09:30:00,80,3963.080,2230.150,880.320,852.600,622.290,0.000,36.690
2510203109,2026-09-20 09:30:00,160,1519.290,953.050,467.330,98.900,458.210,0.000,87.150
2510203111,2026-09-20 09:30:00,40,3927.680,2478.340,967.950,481.380,1072.330,0.000,12.660
2510203113,2026-09-20 09:30:00,160,4428.630,2818.530,1073.670,536.420,263.590,0.000,111.230
2510203114,2026-09-20 09:30:00,120,1899.980,1193.030,469.000,237.940,381.530,0.000,33.430
2510203117,2026-09-20 09:30:00,80,1655.240,882.040,359.380,413.810,281.860,0.000,164.840
2510203118,2026-09-20 09:30:00,640,194.230,112.260,43.680,38.280,26.990,0.010,112.740
2510203119,2026-09-20 09:30:00,40,480.820,323.290,123.490,34.020,180.180,0.000,14.790
2510203120,2026-09-20 09:30:00,160,4295.230,2635.900,947.700,711.610,996.590,0.000,14.900
2510203122,2026-09-20 09:30:00,40,936.450,593.820,293.810,48.820,685.610,0.000,0.710
2510203123,2026-09-20 09:30:00,40,2654.030,1749.480,723.120,181.430,843.210,0.000,11.680
2510203124,2026-09-20 09:30:00,800,1178.550,835.250,284.790,58.500,331.420,0.000,0.360
2510203126,2026-09-20 09:30:00,100,15.820,7.080,2.270,6.470,0.320,0.000,1.280
2510203127,2026-09-20 09:30:00,40,1258.350,820.340,335.610,102.400,364.090,0.000,49.020
2510203128,2026-09-20 09:30:00,500,7935.630,4163.020,1399.270,2373.330,368.490,0.000,112.480
2510203129,2026-09-20 09:30:00,80,6.420,3.350,1.220,1.840,0.000,0.000,1.370
2510203130,2026-09-20 09:30:00,120,30.200,21.260,6.530,2.390,8.960,0.000,0.470
2510203133,2026-09-20 09:30:00,40,664.520,452.840,167.140,44.530,113.270,0.000,47.460
2510203134,2026-09-20 09:30:00,200,141.230,82.630,32.620,25.970,6.060,0.000,33.250
2510224049,2026-09-20 09:30:00,1,53329.391,20782.100,10906.000,21641.279,118.590,0.000,8952.430
2510224167,2026-09-20 09:30:00,1,20693.080,9102.390,4059.940,7530.750,836.030,0.000,5619.380
2510317505,2026-09-20 09:30:00,1,15073.300,6607.060,3195.220,5271.010,0.740,0.000,4485.060
2510389559,2026-09-20 09:30:00,1,36.870,20.630,14.320,1.910,30.680,0.000,5.910
2510389931,2026-09-20 09:30:00,1,31075.670,11867.350,6569.520,12638.800,0.150,0.000,4270.390
2510633381,2026-09-20 09:30:00,320,220.300,136.960,49.580,33.750,6.270,0.000,44.940
2510633383,2026-09-20 09:30:00,40,1706.570,1278.760,393.750,34.060,52.190,0.000,308.770
2510633385,2026-09-20 09:30:00,60,1210.820,569.400,241.440,399.970,47.590,0.000,94.210
2510633386,2026-09-20 09:30:00,500,482.350,274.740,104.020,103.590,30.900,0.000,2703.500
2510633387,2026-09-20 09:30:00,40,24.300,16.310,5.860,2.130,0.790,0.000,3.260
2510633389,2026-09-20 09:30:00,500,479.060,324.130,113.540,41.380,87.260,0.000,100.950
2510633390,2026-09-20 09:30:00,80,2092.650,1254.160,466.390,372.090,541.910,0.000,6.350
2510633391,2026-09-20 09:30:00,100,246.230,190.090,56.030,0.100,3.330,0.000,1.920
2510633393,2026-09-20 09:30:00,600,5926.720,3448.090,1178.680,1299.950,1261.880,0.000,0.480
2510633395,2026-09-20 09:30:00,40,1300.980,732.580,283.550,284.840,61.340,0.000,39.160
2510633396,2026-09-20 09:30:00,400,898.120,609.710,212.130,76.260,201.810,0.000,0.170
2510633397,2026-09-20 09:30:00,240,556.960,356.410,168.730,31.810,210.170,0.000,17.860
2510633399,2026-09-20 09:30:00,600,1144.930,657.640,246.440,240.840,58.090,0.000,57.000
2510633400,2026-09-20 09:30:00,800,741.660,451.780,171.500,118.370,156.270,0.000,28.000
2510633402,2026-09-20 09:30:00,300,551.280,331.980,117.000,102.290,135.870,0.000,10.400
2510633406,2026-09-20 09:30:00,60,358.350,161.860,69.820,126.670,18.370,0.000,97.510
2510633411,2026-09-20 09:30:00,800,4702.790,2681.670,983.490,1037.620,1670.290,0.000,29.340
2510814977,2026-09-20 09:30:00,400,51.740,31.910,12.250,7.570,1.840,0.000,10.470
2610026950,2026-09-20 09:30:00,600,14.340,9.160,3.300,1.870,1.280,0.000,3.090
2610026952,2026-09-20 09:30:00,200,3537.340,2300.360,1022.960,214.020,1779.970,0.000,9.750
2610026953,2026-09-20 09:30:00,700,656.030,386.970,148.300,120.750,188.770,0.000,0.670
2610026963,2026-09-20 09:30:00,200,373.920,193.470,91.590,88.840,23.630,2.230,94.300
2610026966,2026-09-20 09:30:00,240,952.600,683.650,236.300,32.640,197.980,0.000,0.000
2610026976,2026-09-20 09:30:00,60,1459.280,949.170,327.310,182.780,143.020,0.000,26.670
2610026977,2026-09-20 09:30:00,30,627.970,261.920,98.490,267.550,107.800,0.000,28.110
2610126270,2026-09-20 09:30:00,400,26.590,16.800,6.320,3.450,0.960,0.000,7.740
2610126451,2026-09-20 09:30:00,300,110.980,72.120,27.030,11.820,55.690,0.000,0.270
2610159557,2026-09-20 09:30:00,600,17.080,9.760,3.690,3.620,0.230,0.000,10.210
2610170786,2026-09-20 09:30:00,500,601.390,340.000,118.840,142.540,117.460,0.000,2.940
2610170836,2026-09-20 09:30:00,100,125.260,78.330,28.340,18.580,70.290,0.000,0.550
2610170837,2026-09-20 09:30:00,240,12.050,7.760,2.660,1.620,1.460,0.000,0.140
2610170838,2026-09-20 09:30:00,240,32.360,20.500,7.210,4.640,3.640,0.000,0.310
2610322967,2026-09-20 09:30:00,500,3.710,2.230,0.930,0.530,0.490,0.000,0.020
2610322969,2026-09-20 09:30:00,100,99.590,69.450,24.240,5.890,13.040,0.000,1.990
2610322982,2026-09-20 09:30:00,160,3.720,2.200,0.800,0.710,0.000,0.000,1.930
2610322995,2026-09-20 09:30:00,40,4.220,2.500,0.900,0.810,0.000,0.000,2.630
2610322997,2026-09-20 09:30:00,400,551.680,322.710,126.540,102.420,208.400,0.000,0.570
2610323001,2026-09-20 09:30:00,160,1765.390,1046.050,475.940,243.390,801.160,0.000,0.000
2610323004,2026-09-20 09:30:00,3000,91.310,69.030,11.860,10.410,21.220,0.000,2.030
2610323005,2026-09-20 09:30:00,120,11.410,7.690,2.900,0.810,1.600,0.000,0.760
2610323010,2026-09-20 09:30:00,60,15.830,10.530,3.830,1.470,1.290,0.000,4.140
2610323016,2026-09-20 09:30:00,160,1587.450,875.790,345.960,365.700,715.670,0.000,0.000
2610323017,2026-09-20 09:30:00,60,5.460,3.220,1.170,1.050,0.000,0.000,3.000
2610323019,2026-09-20 09:30:00,80,47.690,30.120,10.330,7.230,2.980,0.000,11.740
2610323027,2026-09-20 09:30:00,60,5.560,3.330,1.190,1.040,0.000,0.000,3.060
2510203121,2026-09-20 09:31:00,100,1293.210,758.470,303.150,231.580,71.430,0.000,106.980
2510317537,2026-09-20 09:31:00,1,11718.090,6726.100,2215.610,2776.370,218.560,1427.680,2130.310
2510389643,2026-09-20 09:31:00,1,43016.711,15399.420,7701.970,19915.311,22.610,0.000,4066.590
2610170840,2026-09-20 09:31:00,40,309.230,176.280,60.450,72.500,64.980,0.000,29.960
2310396107,2026-09-20 10:00:00,160,1232.890,907.430,151.270,174.170,342.790,0.000,24.300
2410121326,2026-09-20 10:00:00,200,1571.750,1013.850,440.540,117.350,371.660,0.000,5.450
2410121353,2026-09-20 10:00:00,120,710.560,492.510,194.080,23.960,157.190,0.000,15.380
2410121371,2026-09-20 10:00:00,120,599.620,371.730,132.190,95.690,71.380,0.000,29.550
2410121424,2026-09-20 10:00:00,120,47.930,29.460,11.170,7.290,1.600,0.000,17.680
2410121440,2026-09-20 10:00:00,120,20.990,13.790,4.220,2.970,2.470,0.000,5.890
2410121454,2026-09-20 10:00:00,160,2044.370,1289.430,441.330,313.600,332.490,0.000,76.290
2410121457,2026-09-20 10:00:00,120,1769.540,1131.430,497.990,140.100,331.580,0.000,42.560
2410121574,2026-09-20 10:00:00,120,4876.450,3519.220,1134.520,222.690,421.600,0.000,379.790
2410131378,2026-09-20 10:00:00,200,1844.650,1186.990,512.390,145.260,405.200,0.000,9.450
2410131383,2026-09-20 10:00:00,400,1060.160,702.150,226.570,131.430,47.710,0.000,65.590
2410131384,2026-09-20 10:00:00,200,9807.640,5564.260,1973.280,2270.090,2044.540,0.000,4.900
2410131387,2026-09-20 10:00:00,600,546.810,342.170,130.300,74.320,57.340,0.000,58.570
2410320615,2026-09-20 10:00:00,700,15461.930,9477.530,3771.540,2212.850,3821.790,0.000,51.450
2410883988,2026-09-20 10:00:00,100,35.870,18.240,5.360,12.260,3.390,0.000,2.130
2410883990,2026-09-20 10:00:00,60,2995.330,1717.840,639.280,638.190,888.580,0.000,38.530
2410883991,2026-09-20 10:00:00,100,2725.790,1640.570,613.140,472.070,256.020,0.260,74.130
2410883993,2026-09-20 10:00:00,60,3119.660,1505.030,591.860,1022.750,122.550,0.000,338.030
2410883994,2026-09-20 10:00:00,320,106.550,47.640,21.220,37.680,3.450,0.000,6.480
2410932742,2026-09-20 10:00:00,240,19869.850,11559.740,3691.880,4618.230,5037.500,0.000,5.960
2411087432,2026-09-20 10:00:00,40,3653.940,2268.960,1046.510,338.460,738.130,0.000,30.940
2411087433,2026-09-20 10:00:00,500,825.660,487.670,179.970,158.000,21.310,0.000,777.900
2411290205,2026-09-20 10:00:00,240,9634.270,6481.150,2821.920,331.180,3414.510,0.000,59.530
2510014481,2026-09-20 10:00:00,80,15356.400,8949.000,2959.770,3447.620,5770.520,0.000,5.520
2510014482,2026-09-20 10:00:00,40,1288.930,897.850,354.430,36.640,84.510,0.000,63.020
2510014483,2026-09-20 10:00:00,300,228.570,131.610,50.910,46.040,0.000,0.000,185.570
2510014484,2026-09-20 10:00:00,160,9411.510,5335.470,2082.880,1993.150,1519.510,0.000,21.440
2510178141,2026-09-20 10:00:00,40,657.510,492.180,154.330,11.000,183.110,0.000,47.210
2510203103,2026-09-20 10:00:00,400,1857.470,1105.750,417.860,333.850,61.810,3.510,329.660
2510203104,2026-09-20 10:00:00,120,3021.760,1814.980,708.160,498.620,454.570,0.000,69.190
2510203105,2026-09-20 10:00:00,100,2426.300,1687.070,685.680,53.540,570.990,0.000,70.380
2510203106,2026-09-20 10:00:00,100,98.700,45.680,16.640,36.370,0.410,0.000,37.070
2510203107,2026-09-20 10:00:00,600,608.260,386.990,164.680,56.590,176.170,0.000,12.500
2510203108,2026-09-20 10:00:00,80,3963.520,2230.590,880.320,852.600,622.360,0.000,36.690
2510203109,2026-09-20 10:00:00,160,1519.380,953.140,467.330,98.900,458.210,0.000,87.150
2510203111,2026-09-20 10:00:00,40,3927.690,2478.350,967.950,481.380,1072.330,0.000,12.660
2510203113,2026-09-20 10:00:00,160,4429.450,2819.350,1073.670,536.420,263.690,0.000,111.230
2510203114,2026-09-20 10:00:00,120,1899.990,1193.040,469.000,237.940,381.530,0.000,33.440
2510203117,2026-09-20 10:00:00,80,1655.290,882.080,359.380,413.810,281.860,0.000,164.840
2510203118,2026-09-20 10:00:00,640,194.230,112.270,43.680,38.280,26.990,0.010,112.780
2510203119,2026-09-20 10:00:00,40,480.820,323.290,123.490,34.020,180.180,0.000,14.790
2510203121,2026-09-20 10:00:00,100,1293.230,758.490,303.150,231.580,71.430,0.000,106.990
2510203122,2026-09-20 10:00:00,40,936.460,593.830,293.810,48.820,685.610,0.000,0.710
2510203123,2026-09-20 10:00:00,40,2654.040,1749.480,723.120,181.430,843.210,0.000,11.690
2510203124,2026-09-20 10:00:00,800,1178.930,835.630,284.790,58.500,331.540,0.000,0.360
2510203126,2026-09-20 10:00:00,100,15.820,7.080,2.270,6.470,0.320,0.000,1.280
2510203127,2026-09-20 10:00:00,40,1258.500,820.480,335.610,102.400,364.190,0.000,49.020
2510203128,2026-09-20 10:00:00,500,7936.170,4163.560,1399.270,2373.330,368.520,0.000,112.480
2510203129,2026-09-20 10:00:00,80,6.420,3.360,1.220,1.840,0.000,0.000,1.380
2510203130,2026-09-20 10:00:00,120,30.270,21.340,6.530,2.390,8.970,0.000,0.470
2510203133,2026-09-20 10:00:00,40,664.530,452.850,167.140,44.530,113.270,0.000,47.460
2510203134,2026-09-20 10:00:00,200,141.230,82.630,32.620,25.970,6.060,0.000,33.250
2510224049,2026-09-20 10:00:00,1,53329.680,20782.391,10906.000,21641.279,118.590,0.000,8952.500
2510317505,2026-09-20 10:00:00,1,15073.440,6607.200,3195.220,5271.010,0.740,0.000,4485.180
2510317537,2026-09-20 10:00:00,1,11718.970,6726.990,2215.610,2776.370,218.560,1427.680,2130.460
2510389559,2026-09-20 10:00:00,1,36.870,20.630,14.320,1.910,30.680,0.000,5.910
2510389643,2026-09-20 10:00:00,1,43016.988,15399.700,7701.970,19915.311,22.610,0.000,4066.600
2510389931,2026-09-20 10:00:00,1,31075.680,11867.350,6569.520,12638.800,0.150,0.000,4270.400
2510633381,2026-09-20 10:00:00,320,220.310,136.970,49.580,33.750,6.270,0.000,44.950
2510633383,2026-09-20 10:00:00,40,1706.580,1278.760,393.750,34.060,52.190,0.000,308.800
2510633385,2026-09-20 10:00:00,60,1210.840,569.420,241.440,399.970,47.590,0.000,94.210
2510633386,2026-09-20 10:00:00,500,482.360,274.750,104.020,103.590,30.900,0.000,2703.890
2510633387,2026-09-20 10:00:00,40,24.300,16.310,5.860,2.130,0.790,0.000,3.260
2510633389,2026-09-20 10:00:00,500,479.650,324.710,113.540,41.380,87.460,0.000,100.950
2510633390,2026-09-20 10:00:00,80,2093.220,1254.730,466.390,372.090,542.080,0.000,6.350
2510633391,2026-09-20 10:00:00,100,246.230,190.090,56.030,0.100,3.330,0.000,1.920
2510633393,2026-09-20 10:00:00,600,5927.100,3448.470,1178.680,1299.950,1261.950,0.000,0.480
2510633395,2026-09-20 10:00:00,40,1300.980,732.580,283.550,284.840,61.340,0.000,39.160
2510633396,2026-09-20 10:00:00,400,898.450,610.040,212.130,76.260,201.920,0.000,0.170
2510633397,2026-09-20 10:00:00,240,556.980,356.430,168.730,31.810,210.170,0.000,17.870
2510633399,2026-09-20 10:00:00,600,1145.080,657.790,246.440,240.840,58.090,0.000,57.000
2510633400,2026-09-20 10:00:00,800,741.710,451.830,171.500,118.370,156.280,0.000,28.000
2510633402,2026-09-20 10:00:00,300,551.370,332.070,117.000,102.290,135.900,0.000,10.400
2510633406,2026-09-20 10:00:00,60,358.460,161.970,69.820,126.670,18.430,0.000,97.510
2510633411,2026-09-20 10:00:00,800,4703.530,2682.410,983.490,1037.620,1670.580,0.000,29.340
2510814977,2026-09-20 10:00:00,400,51.740,31.920,12.250,7.570,1.840,0.000,10.470
2610026950,2026-09-20 10:00:00,600,14.350,9.170,3.300,1.870,1.280,0.000,3.090
2610026952,2026-09-20 10:00:00,200,3537.680,2300.700,1022.960,214.020,1780.100,0.000,9.750
2610026953,2026-09-20 10:00:00,700,656.110,387.060,148.300,120.750,188.800,0.000,0.670
2610026963,2026-09-20 10:00:00,200,373.920,193.480,91.590,88.840,23.630,2.230,94.310
2610026966,2026-09-20 10:00:00,240,952.630,683.680,236.300,32.640,197.990,0.000,0.000
2610026976,2026-09-20 10:00:00,60,1459.650,949.540,327.310,182.780,143.050,0.000,26.670
2610026977,2026-09-20 10:00:00,30,628.010,261.960,98.490,267.550,107.830,0.000,28.110
2610126270,2026-09-20 10:00:00,400,26.590,16.810,6.320,3.450,0.960,0.000,7.740
2610126451,2026-09-20 10:00:00,300,111.000,72.140,27.030,11.820,55.690,0.000,0.270
2610159557,2026-09-20 10:00:00,600,17.090,9.770,3.690,3.620,0.230,0.000,10.220
2610170786,2026-09-20 10:00:00,500,601.710,340.320,118.840,142.540,117.550,0.000,2.940
2610170836,2026-09-20 10:00:00,100,125.260,78.330,28.340,18.580,70.290,0.000,0.550
2610170837,2026-09-20 10:00:00,240,12.060,7.770,2.660,1.620,1.460,0.000,0.140
2610170838,2026-09-20 10:00:00,240,32.380,20.520,7.210,4.640,3.640,0.000,0.310
2610170840,2026-09-20 10:00:00,40,309.230,176.280,60.450,72.500,64.980,0.000,29.960
2610322967,2026-09-20 10:00:00,500,3.710,2.230,0.930,0.530,0.490,0.000,0.020
2610322969,2026-09-20 10:00:00,100,99.710,69.570,24.240,5.890,13.070,0.000,1.990
2610322982,2026-09-20 10:00:00,160,3.730,2.210,0.800,0.710,0.000,0.000,1.930
2610322995,2026-09-20 10:00:00,40,4.230,2.510,0.900,0.810,0.000,0.000,2.630
2610322997,2026-09-20 10:00:00,400,552.040,323.080,126.540,102.420,208.540,0.000,0.570
2610323001,2026-09-20 10:00:00,160,1766.300,1046.960,475.940,243.390,801.610,0.000,0.000
2610323004,2026-09-20 10:00:00,3000,91.350,69.070,11.860,10.410,21.240,0.000,2.030
2610323005,2026-09-20 10:00:00,120,11.410,7.690,2.900,0.810,1.600,0.000,0.770
2610323010,2026-09-20 10:00:00,60,15.850,10.540,3.830,1.470,1.300,0.000,4.140
2610323017,2026-09-20 10:00:00,60,5.470,3.240,1.170,1.050,0.000,0.000,3.010
2610323019,2026-09-20 10:00:00,80,47.700,30.130,10.330,7.230,2.980,0.000,11.750
2610323027,2026-09-20 10:00:00,60,5.580,3.350,1.190,1.040,0.000,0.000,3.070
2610323016,2026-09-20 10:01:00,160,1587.600,875.940,345.960,365.700,715.740,0.000,0.000
2510178139,2026-09-20 10:02:00,300,823.970,478.170,175.350,170.450,179.430,0.000,14.140
2510203120,2026-09-20 10:02:00,160,4295.510,2636.180,947.700,711.610,996.680,0.000,14.900
2510224167,2026-09-20 10:02:00,1,20700.420,9109.720,4059.940,7530.750,839.720,0.000,5619.380
2310396107,2026-09-20 10:30:00,160,1233.180,907.730,151.270,174.170,342.900,0.000,24.300
2410121326,2026-09-20 10:30:00,200,1571.810,1013.910,440.540,117.350,371.680,0.000,5.450
2410121353,2026-09-20 10:30:00,120,710.620,492.570,194.080,23.960,157.200,0.000,15.380
2410121371,2026-09-20 10:30:00,120,599.670,371.770,132.190,95.690,71.380,0.000,29.550
2410121424,2026-09-20 10:30:00,120,47.930,29.460,11.170,7.290,1.600,0.000,17.680
2410121440,2026-09-20 10:30:00,120,20.990,13.800,4.220,2.970,2.470,0.000,5.890
2410121454,2026-09-20 10:30:00,160,2044.420,1289.480,441.330,313.600,332.500,0.000,76.290
2410121457,2026-09-20 10:30:00,120,1769.940,1131.840,497.990,140.100,331.730,0.000,42.560
2410121574,2026-09-20 10:30:00,120,4876.520,3519.290,1134.520,222.690,421.600,0.000,379.810
2410131378,2026-09-20 10:30:00,200,1844.700,1187.040,512.390,145.260,405.200,0.000,9.450
2410131383,2026-09-20 10:30:00,400,1060.180,702.160,226.570,131.430,47.710,0.000,65.590
2410131384,2026-09-20 10:30:00,200,9807.660,5564.280,1973.280,2270.090,2044.550,0.000,4.900
2410131387,2026-09-20 10:30:00,600,546.810,342.180,130.300,74.320,57.340,0.000,58.570
2410320615,2026-09-20 10:30:00,700,15462.150,9477.750,3771.540,2212.850,3821.830,0.000,51.450
2410883988,2026-09-20 10:30:00,100,35.870,18.240,5.360,12.260,3.390,0.000,2.130
2410883990,2026-09-20 10:30:00,60,2995.370,1717.890,639.280,638.190,888.580,0.000,38.530
2410883991,2026-09-20 10:30:00,100,2725.910,1640.700,613.140,472.070,256.030,0.260,74.130
2410883993,2026-09-20 10:30:00,60,3119.920,1505.300,591.860,1022.750,122.590,0.000,338.030
2410883994,2026-09-20 10:30:00,320,106.560,47.650,21.220,37.680,3.450,0.000,6.480
2410932742,2026-09-20 10:30:00,240,19870.820,11560.710,3691.880,4618.230,5037.770,0.000,5.960
2411087432,2026-09-20 10:30:00,40,3654.060,2269.080,1046.510,338.460,738.130,0.000,30.950
2411087433,2026-09-20 10:30:00,500,825.860,487.870,179.970,158.000,21.310,0.000,777.900
2411290205,2026-09-20 10:30:00,240,9634.470,6481.350,2821.920,331.180,3414.620,0.000,59.530
2510014481,2026-09-20 10:30:00,80,15356.940,8949.540,2959.770,3447.620,5770.720,0.000,5.520
2510014482,2026-09-20 10:30:00,40,1288.930,897.860,354.430,36.640,84.510,0.000,63.030
2510014483,2026-09-20 10:30:00,300,228.580,131.620,50.910,46.040,0.000,0.000,185.580
2510014484,2026-09-20 10:30:00,160,9411.580,5335.540,2082.880,1993.150,1519.510,0.000,21.440
2510178139,2026-09-20 10:30:00,300,824.050,478.240,175.350,170.450,179.490,0.000,14.140
2510178141,2026-09-20 10:30:00,40,657.510,492.180,154.330,11.000,183.110,0.000,47.220
2510203103,2026-09-20 10:30:00,400,1857.480,1105.760,417.860,333.850,61.810,3.510,329.660
2510203104,2026-09-20 10:30:00,120,3021.800,1815.020,708.160,498.620,454.580,0.000,69.190
2510203105,2026-09-20 10:30:00,100,2426.500,1687.270,685.680,53.540,571.030,0.000,70.380
2510203106,2026-09-20 10:30:00,100,98.700,45.680,16.640,36.370,0.410,0.000,37.070
2510203107,2026-09-20 10:30:00,600,608.580,387.310,164.680,56.590,176.270,0.000,12.500
2510203108,2026-09-20 10:30:00,80,3964.000,2231.070,880.320,852.600,622.440,0.000,36.690
2510203109,2026-09-20 10:30:00,160,1519.480,953.240,467.330,98.900,458.210,0.000,87.160
2510203111,2026-09-20 10:30:00,40,3927.690,2478.350,967.950,481.380,1072.330,0.000,12.660
2510203114,2026-09-20 10:30:00,120,1900.000,1193.050,469.000,237.940,381.530,0.000,33.450
2510203117,2026-09-20 10:30:00,80,1655.330,882.130,359.380,413.810,281.860,0.000,164.850
2510203118,2026-09-20 10:30:00,640,194.230,112.270,43.680,38.280,26.990,0.010,112.820
2510203119,2026-09-20 10:30:00,40,480.820,323.290,123.490,34.020,180.180,0.000,14.790
2510203120,2026-09-20 10:30:00,160,4295.750,2636.420,947.700,711.610,996.760,0.000,14.900
2510203121,2026-09-20 10:30:00,100,1293.240,758.500,303.150,231.580,71.430,0.000,106.990
2510203122,2026-09-20 10:30:00,40,936.470,593.840,293.810,48.820,685.620,0.000,0.710
2510203123,2026-09-20 10:30:00,40,2654.040,1749.480,723.120,181.430,843.210,0.000,11.690
2510203124,2026-09-20 10:30:00,800,1179.240,835.940,284.790,58.500,331.620,0.000,0.360
2510203126,2026-09-20 10:30:00,100,15.830,7.080,2.270,6.470,0.320,0.000,1.280
2510203127,2026-09-20 10:30:00,40,1258.640,820.620,335.610,102.400,364.290,0.000,49.020
2510203128,2026-09-20 10:30:00,500,7936.700,4164.090,1399.270,2373.330,368.550,0.000,112.480
2510203129,2026-09-20 10:30:00,80,6.430,3.360,1.220,1.840,0.000,0.000,1.380
2510203133,2026-09-20 10:30:00,40,664.530,452.850,167.140,44.530,113.270,0.000,47.460
2510203134,2026-09-20 10:30:00,200,141.240,82.640,32.620,25.970,6.060,0.000,33.260
2510224049,2026-09-20 10:30:00,1,53329.809,20782.520,10906.000,21641.279,118.590,0.000,8952.580
2510224167,2026-09-20 10:30:00,1,20703.490,9112.780,4059.940,7530.750,841.260,0.000,5619.420
2510317505,2026-09-20 10:30:00,1,15073.580,6607.340,3195.220,5271.010,0.740,0.000,4485.310
2510317537,2026-09-20 10:30:00,1,11719.960,6727.970,2215.610,2776.370,218.560,1427.680,2130.620
2510389559,2026-09-20 10:30:00,1,36.870,20.630,14.320,1.910,30.680,0.000,5.910
2510389643,2026-09-20 10:30:00,1,43017.191,15399.900,7701.970,19915.311,22.610,0.000,4066.620
2510389931,2026-09-20 10:30:00,1,31075.680,11867.350,6569.520,12638.800,0.150,0.000,4270.400
2510633381,2026-09-20 10:30:00,320,220.330,136.990,49.580,33.750,6.270,0.000,44.950
2510633383,2026-09-20 10:30:00,40,1706.590,1278.770,393.750,34.060,52.190,0.000,308.830
2510633385,2026-09-20 10:30:00,60,1210.860,569.440,241.440,399.970,47.590,0.000,94.220
2510633386,2026-09-20 10:30:00,500,482.380,274.760,104.020,103.590,30.900,0.000,2704.280
2510633387,2026-09-20 10:30:00,40,24.300,16.310,5.860,2.130,0.790,0.000,3.260
2510633389,2026-09-20 10:30:00,500,480.160,325.220,113.540,41.380,87.690,0.000,100.950
2510633390,2026-09-20 10:30:00,80,2093.840,1255.340,466.390,372.090,542.270,0.000,6.350
2510633391,2026-09-20 10:30:00,100,246.230,190.090,56.030,0.100,3.330,0.000,1.920
2510633393,2026-09-20 10:30:00,600,5927.490,3448.860,1178.680,1299.950,1262.030,0.000,0.480
2510633395,2026-09-20 10:30:00,40,1300.980,732.580,283.550,284.840,61.340,0.000,39.160
2510633396,2026-09-20 10:30:00,400,898.740,610.340,212.130,76.260,202.020,0.000,0.170
2510633397,2026-09-20 10:30:00,240,557.000,356.450,168.730,31.810,210.170,0.000,17.870
2510633399,2026-09-20 10:30:00,600,1145.250,657.950,246.440,240.840,58.090,0.000,57.010
2510633400,2026-09-20 10:30:00,800,741.760,451.880,171.500,118.370,156.290,0.000,28.000
2510633402,2026-09-20 10:30:00,300,551.450,332.150,117.000,102.290,135.920,0.000,10.400
2510633406,2026-09-20 10:30:00,60,358.520,162.030,69.820,126.670,18.460,0.000,97.510
2510633411,2026-09-20 10:30:00,800,4704.250,2683.120,983.490,1037.620,1670.860,0.000,29.340
2510814977,2026-09-20 10:30:00,400,51.740,31.920,12.250,7.570,1.840,0.000,10.470
2610026950,2026-09-20 10:30:00,600,14.350,9.170,3.300,1.870,1.280,0.000,3.090
2610026952,2026-09-20 10:30:00,200,3538.000,2301.010,1022.960,214.020,1780.200,0.000,9.750
2610026953,2026-09-20 10:30:00,700,656.200,387.140,148.300,120.750,188.830,0.000,0.670
2610026963,2026-09-20 10:30:00,200,373.930,193.480,91.590,88.840,23.630,2.230,94.320
2610026966,2026-09-20 10:30:00,240,952.660,683.710,236.300,32.640,198.000,0.000,0.000
2610026976,2026-09-20 10:30:00,60,1460.040,949.930,327.310,182.780,143.080,0.000,26.670
2610026977,2026-09-20 10:30:00,30,628.040,261.990,98.490,267.550,107.840,0.000,28.110
2610126270,2026-09-20 10:30:00,400,26.600,16.820,6.320,3.450,0.960,0.000,7.750
2610126451,2026-09-20 10:30:00,300,111.010,72.150,27.030,11.820,55.690,0.000,0.270
2610159557,2026-09-20 10:30:00,600,17.100,9.780,3.690,3.620,0.230,0.000,10.220
2610170786,2026-09-20 10:30:00,500,602.010,340.620,118.840,142.540,117.620,0.000,2.940
2610170836,2026-09-20 10:30:00,100,125.260,78.330,28.340,18.580,70.290,0.000,0.550
2610170837,2026-09-20 10:30:00,240,12.070,7.770,2.660,1.620,1.460,0.000,0.140
2610170838,2026-09-20 10:30:00,240,32.390,20.530,7.210,4.640,3.640,0.000,0.310
2610322967,2026-09-20 10:30:00,500,3.710,2.240,0.930,0.530,0.490,0.000,0.020
2610322969,2026-09-20 10:30:00,100,99.820,69.680,24.240,5.890,13.090,0.000,1.990
2610322982,2026-09-20 10:30:00,160,3.740,2.230,0.800,0.710,0.000,0.000,1.940
2610322997,2026-09-20 10:30:00,400,552.420,323.450,126.540,102.420,208.700,0.000,0.570
2610323001,2026-09-20 10:30:00,160,1767.190,1047.840,475.940,243.390,802.060,0.000,0.000
2610323004,2026-09-20 10:30:00,3000,91.380,69.100,11.860,10.410,21.250,0.000,2.030
2610323005,2026-09-20 10:30:00,120,11.410,7.700,2.900,0.810,1.600,0.000,0.770
2610323010,2026-09-20 10:30:00,60,15.880,10.570,3.830,1.470,1.320,0.000,4.140
2610323016,2026-09-20 10:30:00,160,1587.740,876.080,345.960,365.700,715.800,0.000,0.000
2610323017,2026-09-20 10:30:00,60,5.490,3.250,1.170,1.050,0.000,0.000,3.010
2610323019,2026-09-20 10:30:00,80,47.710,30.140,10.330,7.230,2.980,0.000,11.750
2610323027,2026-09-20 10:30:00,60,5.600,3.360,1.190,1.040,0.000,0.000,3.070
2510203113,2026-09-20 10:31:00,160,4430.310,2820.210,1073.670,536.420,263.780,0.000,111.230
2610322995,2026-09-20 10:31:00,40,4.250,2.520,0.900,0.810,0.000,0.000,2.640
2610170840,2026-09-20 10:32:00,40,309.310,176.350,60.450,72.500,65.010,0.000,29.970
2510203130,2026-09-20 10:33:00,120,30.390,21.460,6.530,2.390,8.980,0.000,0.470
2310396107,2026-09-20 11:00:00,160,1233.470,908.010,151.270,174.170,343.000,0.000,24.300
2410121326,2026-09-20 11:00:00,200,1571.860,1013.960,440.540,117.350,371.700,0.000,5.450
2410121353,2026-09-20 11:00:00,120,710.690,492.640,194.080,23.960,157.210,0.000,15.380
2410121371,2026-09-20 11:00:00,120,599.710,371.820,132.190,95.690,71.380,0.000,29.550
2410121424,2026-09-20 11:00:00,120,47.930,29.470,11.170,7.290,1.600,0.000,17.680
2410121440,2026-09-20 11:00:00,120,21.010,13.810,4.220,2.970,2.470,0.000,5.890
2410121457,2026-09-20 11:00:00,120,1770.360,1132.260,497.990,140.100,331.880,0.000,42.560
2410121574,2026-09-20 11:00:00,120,4876.590,3519.360,1134.520,222.690,421.600,0.000,379.820
2410131378,2026-09-20 11:00:00,200,1844.750,1187.100,512.390,145.260,405.200,0.000,9.450
2410131383,2026-09-20 11:00:00,400,1060.190,702.170,226.570,131.430,47.710,0.000,65.590
2410131384,2026-09-20 11:00:00,200,9807.680,5564.300,1973.280,2270.090,2044.550,0.000,4.900
2410131387,2026-09-20 11:00:00,600,546.820,342.180,130.300,74.320,57.340,0.000,58.580
2410883990,2026-09-20 11:00:00,60,2995.410,1717.930,639.280,638.190,888.590,0.000,38.530
2410883991,2026-09-20 11:00:00,100,2726.010,1640.790,613.140,472.070,256.040,0.260,74.130
2410883993,2026-09-20 11:00:00,60,3120.120,1505.490,591.860,1022.750,122.620,0.000,338.030
2410883994,2026-09-20 11:00:00,320,106.570,47.660,21.220,37.680,3.450,0.000,6.480
2410932742,2026-09-20 11:00:00,240,19871.789,11561.680,3691.880,4618.230,5038.030,0.000,5.960
2411087432,2026-09-20 11:00:00,40,3654.150,2269.170,1046.510,338.460,738.130,0.000,30.960
2411087433,2026-09-20 11:00:00,500,826.070,488.080,179.970,158.000,21.310,0.000,777.910
2411290205,2026-09-20 11:00:00,240,9634.670,6481.550,2821.920,331.180,3414.730,0.000,59.530
2510014481,2026-09-20 11:00:00,80,15357.530,8950.130,2959.770,3447.620,5770.940,0.000,5.520
2510014482,2026-09-20 11:00:00,40,1288.940,897.860,354.430,36.640,84.510,0.000,63.030
2510014483,2026-09-20 11:00:00,300,228.590,131.630,50.910,46.040,0.000,0.000,185.590
2510014484,2026-09-20 11:00:00,160,9411.640,5335.610,2082.880,1993.150,1519.510,0.000,21.450
2510178139,2026-09-20 11:00:00,300,824.140,478.330,175.350,170.450,179.530,0.000,14.140
2510178141,2026-09-20 11:00:00,40,657.510,492.180,154.330,11.000,183.110,0.000,47.220
2510203103,2026-09-20 11:00:00,400,1857.480,1105.760,417.860,333.850,61.810,3.510,329.660
2510203104,2026-09-20 11:00:00,120,3021.850,1815.070,708.160,498.620,454.580,0.000,69.190
2510203105,2026-09-20 11:00:00,100,2426.990,1687.760,685.680,53.540,571.160,0.000,70.380
2510203106,2026-09-20 11:00:00,100,98.710,45.690,16.640,36.370,0.410,0.000,37.070
2510203107,2026-09-20 11:00:00,600,608.680,387.410,164.680,56.590,176.280,0.000,12.500
2510203109,2026-09-20 11:00:00,160,1519.580,953.340,467.330,98.900,458.220,0.000,87.160
2510203111,2026-09-20 11:00:00,40,3927.690,2478.350,967.950,481.380,1072.330,0.000,12.660
2510203113,2026-09-20 11:00:00,160,4431.100,2821.000,1073.670,536.420,263.880,0.000,111.230
2510203114,2026-09-20 11:00:00,120,1900.010,1193.060,469.000,237.940,381.530,0.000,33.460
2510203117,2026-09-20 11:00:00,80,1655.370,882.170,359.380,413.810,281.860,0.000,164.860
2510203118,2026-09-20 11:00:00,640,194.230,112.270,43.680,38.280,26.990,0.010,112.860
2510203119,2026-09-20 11:00:00,40,480.820,323.290,123.490,34.020,180.180,0.000,14.790
2510203120,2026-09-20 11:00:00,160,4296.010,2636.690,947.700,711.610,996.840,0.000,14.900
2510203121,2026-09-20 11:00:00,100,1293.260,758.520,303.150,231.580,71.430,0.000,106.990
2510203122,2026-09-20 11:00:00,40,936.490,593.860,293.810,48.820,685.620,0.000,0.710
2510203123,2026-09-20 11:00:00,40,2654.040,1749.490,723.120,181.430,843.210,0.000,11.690
2510203124,2026-09-20 11:00:00,800,1179.480,836.180,284.790,58.500,331.690,0.000,0.360
2510203126,2026-09-20 11:00:00,100,15.830,7.090,2.270,6.470,0.320,0.000,1.280
2510203127,2026-09-20 11:00:00,40,1258.780,820.770,335.610,102.400,364.380,0.000,49.020
2510203128,2026-09-20 11:00:00,500,7937.230,4164.620,1399.270,2373.330,368.570,0.000,112.480
2510203129,2026-09-20 11:00:00,80,6.430,3.360,1.220,1.840,0.000,0.000,1.380
2510203130,2026-09-20 11:00:00,120,30.490,21.560,6.530,2.390,8.980,0.000,0.470
2510203133,2026-09-20 11:00:00,40,664.540,452.860,167.140,44.530,113.270,0.000,47.460
2510203134,2026-09-20 11:00:00,200,141.240,82.640,32.620,25.970,6.060,0.000,33.260
2510224049,2026-09-20 11:00:00,1,53329.949,20782.660,10906.000,21641.279,118.590,0.000,8952.660
2510224167,2026-09-20 11:00:00,1,20703.570,9112.870,4059.940,7530.750,841.260,0.000,5619.500
2510317505,2026-09-20 11:00:00,1,15073.720,6607.480,3195.220,5271.010,0.740,0.000,4485.440
2510317537,2026-09-20 11:00:00,1,11720.890,6728.900,2215.610,2776.370,218.560,1427.680,2130.780
2510389559,2026-09-20 11:00:00,1,36.870,20.630,14.320,1.910,30.680,0.000,5.910
2510389643,2026-09-20 11:00:00,1,43017.262,15399.970,7701.970,19915.311,22.610,0.000,4066.620
2510389931,2026-09-20 11:00:00,1,31075.680,11867.350,6569.520,12638.800,0.150,0.000,4270.410
2510633381,2026-09-20 11:00:00,320,220.340,137.000,49.580,33.750,6.270,0.000,44.950
2510633383,2026-09-20 11:00:00,40,1706.600,1278.780,393.750,34.060,52.190,0.000,308.860
2510633385,2026-09-20 11:00:00,60,1210.870,569.450,241.440,399.970,47.590,0.000,94.220
2510633387,2026-09-20 11:00:00,40,24.310,16.310,5.860,2.130,0.790,0.000,3.260
2510633390,2026-09-20 11:00:00,80,2094.470,1255.980,466.390,372.090,542.470,0.000,6.350
2510633391,2026-09-20 11:00:00,100,246.230,190.090,56.030,0.100,3.330,0.000,1.920
2510633393,2026-09-20 11:00:00,600,5927.860,3449.230,1178.680,1299.950,1262.090,0.000,0.480
2510633395,2026-09-20 11:00:00,40,1300.980,732.580,283.550,284.840,61.340,0.000,39.160
2510633396,2026-09-20 11:00:00,400,899.020,610.610,212.130,76.260,202.110,0.000,0.170
2510633397,2026-09-20 11:00:00,240,557.020,356.470,168.730,31.810,210.170,0.000,17.870
2510633399,2026-09-20 11:00:00,600,1145.420,658.130,246.440,240.840,58.100,0.000,57.010
2510633400,2026-09-20 11:00:00,800,741.820,451.930,171.500,118.370,156.300,0.000,28.000
2510633402,2026-09-20 11:00:00,300,551.530,332.230,117.000,102.290,135.950,0.000,10.400
2510633406,2026-09-20 11:00:00,60,358.530,162.030,69.820,126.670,18.460,0.000,97.510
2510633411,2026-09-20 11:00:00,800,4705.020,2683.890,983.490,1037.620,1671.160,0.000,29.340
2510814977,2026-09-20 11:00:00,400,51.750,31.920,12.250,7.570,1.840,0.000,10.480
2610026950,2026-09-20 11:00:00,600,14.350,9.170,3.300,1.870,1.280,0.000,3.090
2610026952,2026-09-20 11:00:00,200,3538.310,2301.330,1022.960,214.020,1780.310,0.000,9.750
2610026953,2026-09-20 11:00:00,700,656.290,387.230,148.300,120.750,188.860,0.000,0.670
2610026963,2026-09-20 11:00:00,200,373.940,193.490,91.590,88.840,23.630,2.230,94.340
2610026966,2026-09-20 11:00:00,240,952.690,683.740,236.300,32.640,198.010,0.000,0.000
2610026976,2026-09-20 11:00:00,60,1460.400,950.290,327.310,182.780,143.090,0.000,26.670
2610026977,2026-09-20 11:00:00,30,628.040,261.990,98.490,267.550,107.840,0.000,28.110
2610126270,2026-09-20 11:00:00,400,26.610,16.820,6.320,3.450,0.970,0.000,7.750
2610126451,2026-09-20 11:00:00,300,111.020,72.160,27.030,11.820,55.690,0.000,0.270
2610159557,2026-09-20 11:00:00,600,17.110,9.790,3.690,3.620,0.230,0.000,10.220
2610170786,2026-09-20 11:00:00,500,602.320,340.930,118.840,142.540,117.700,0.000,2.940
2610170836,2026-09-20 11:00:00,100,125.260,78.330,28.340,18.580,70.290,0.000,0.550
2610170837,2026-09-20 11:00:00,240,12.070,7.780,2.660,1.620,1.460,0.000,0.140
2610170838,2026-09-20 11:00:00,240,32.400,20.550,7.210,4.640,3.640,0.000,0.310
2610170840,2026-09-20 11:00:00,40,309.380,176.430,60.450,72.500,65.040,0.000,29.970
2610322967,2026-09-20 11:00:00,500,3.720,2.240,0.930,0.530,0.490,0.000,0.020
2610322969,2026-09-20 11:00:00,100,99.940,69.800,24.240,5.890,13.110,0.000,1.990
2610322982,2026-09-20 11:00:00,160,3.750,2.240,0.800,0.710,0.000,0.000,1.940
2610322995,2026-09-20 11:00:00,40,4.260,2.530,0.900,0.810,0.000,0.000,2.640
2610322997,2026-09-20 11:00:00,400,552.740,323.770,126.540,102.420,208.830,0.000,0.570
2610323001,2026-09-20 11:00:00,160,1768.120,1048.780,475.940,243.390,802.510,0.000,0.000
2610323004,2026-09-20 11:00:00,3000,91.420,69.130,11.860,10.410,21.270,0.000,2.030
2610323005,2026-09-20 11:00:00,120,11.410,7.700,2.900,0.810,1.600,0.000,0.770
2610323010,2026-09-20 11:00:00,60,15.910,10.600,3.830,1.470,1.320,0.000,4.150
2610323016,2026-09-20 11:00:00,160,1587.890,876.230,345.960,365.700,715.860,0.000,0.000
2610323017,2026-09-20 11:00:00,60,5.500,3.270,1.170,1.050,0.000,0.000,3.020
2610323019,2026-09-20 11:00:00,80,47.720,30.150,10.330,7.230,2.980,0.000,11.750
2610323027,2026-09-20 11:00:00,60,5.610,3.380,1.190,1.040,0.000,0.000,3.080
2410121454,2026-09-20 11:01:00,160,2044.470,1289.530,441.330,313.600,332.510,0.000,76.290
2410320615,2026-09-20 11:01:00,700,15462.350,9477.950,3771.540,2212.850,3821.870,0.000,51.450
2410883988,2026-09-20 11:01:00,100,35.870,18.240,5.360,12.260,3.390,0.000,2.130
2510633386,2026-09-20 11:01:00,500,482.390,274.770,104.020,103.590,30.900,0.000,2704.680
2510633389,2026-09-20 11:01:00,500,480.750,325.820,113.540,41.380,87.870,0.000,100.950
2310396107,2026-09-20 11:30:00,160,1233.750,908.300,151.270,174.170,343.110,0.000,24.300
2410121326,2026-09-20 11:30:00,200,1571.910,1014.010,440.540,117.350,371.720,0.000,5.450
2410121353,2026-09-20 11:30:00,120,710.760,492.710,194.080,23.960,157.230,0.000,15.380
2410121371,2026-09-20 11:30:00,120,599.760,371.870,132.190,95.690,71.380,0.000,29.550
2410121424,2026-09-20 11:30:00,120,47.930,29.470,11.170,7.290,1.600,0.000,17.680
2410121440,2026-09-20 11:30:00,120,21.030,13.830,4.220,2.970,2.470,0.000,5.890
2410121454,2026-09-20 11:30:00,160,2044.510,1289.570,441.330,313.600,332.520,0.000,76.290
2410121457,2026-09-20 11:30:00,120,1770.790,1132.690,497.990,140.100,332.020,0.000,42.560
2410121574,2026-09-20 11:30:00,120,4876.660,3519.430,1134.520,222.690,421.600,0.000,379.840
2410131378,2026-09-20 11:30:00,200,1844.800,1187.150,512.390,145.260,405.200,0.000,9.460
2410131383,2026-09-20 11:30:00,400,1060.200,702.190,226.570,131.430,47.710,0.000,65.600
2410131384,2026-09-20 11:30:00,200,9807.700,5564.330,1973.280,2270.090,2044.550,0.000,4.900
2410320615,2026-09-20 11:30:00,700,15462.530,9478.130,3771.540,2212.850,3821.910,0.000,51.450
2410883988,2026-09-20 11:30:00,100,35.880,18.250,5.360,12.260,3.390,0.000,2.130
2410883990,2026-09-20 11:30:00,60,2995.460,1717.980,639.280,638.190,888.590,0.000,38.530
2410883991,2026-09-20 11:30:00,100,2726.090,1640.870,613.140,472.070,256.040,0.260,74.130
2410883993,2026-09-20 11:30:00,60,3120.310,1505.680,591.860,1022.750,122.630,0.000,338.030
2410883994,2026-09-20 11:30:00,320,106.580,47.670,21.220,37.680,3.450,0.000,6.480
2410932742,2026-09-20 11:30:00,240,19872.770,11562.650,3691.880,4618.230,5038.310,0.000,5.960
2411087432,2026-09-20 11:30:00,40,3654.210,2269.230,1046.510,338.460,738.130,0.000,30.970
2411087433,2026-09-20 11:30:00,500,826.270,488.280,179.970,158.000,21.310,0.000,777.910
2411290205,2026-09-20 11:30:00,240,9634.860,6481.740,2821.920,331.180,3414.850,0.000,59.530
2510014481,2026-09-20 11:30:00,80,15358.100,8950.700,2959.770,3447.620,5771.160,0.000,5.520
2510014482,2026-09-20 11:30:00,40,1288.950,897.870,354.430,36.640,84.510,0.000,63.030
2510014483,2026-09-20 11:30:00,300,228.610,131.650,50.910,46.040,0.000,0.000,185.600
2510014484,2026-09-20 11:30:00,160,9411.720,5335.680,2082.880,1993.150,1519.510,0.000,21.460
2510178139,2026-09-20 11:30:00,300,824.230,478.420,175.350,170.450,179.570,0.000,14.140
2510178141,2026-09-20 11:30:00,40,657.520,492.180,154.330,11.000,183.110,0.000,47.230
2510203103,2026-09-20 11:30:00,400,1857.480,1105.760,417.860,333.850,61.810,3.510,329.670
2510203105,2026-09-20 11:30:00,100,2427.490,1688.260,685.680,53.540,571.290,0.000,70.380
2510203106,2026-09-20 11:30:00,100,98.710,45.690,16.640,36.370,0.410,0.000,37.070
2510203107,2026-09-20 11:30:00,600,608.790,387.520,164.680,56.590,176.300,0.000,12.500
2510203109,2026-09-20 11:30:00,160,1519.680,953.440,467.330,98.900,458.220,0.000,87.160
2510203111,2026-09-20 11:30:00,40,3927.700,2478.360,967.950,481.380,1072.330,0.000,12.670
2510203114,2026-09-20 11:30:00,120,1900.020,1193.070,469.000,237.940,381.530,0.000,33.460
2510203117,2026-09-20 11:30:00,80,1655.420,882.220,359.380,413.810,281.860,0.000,164.860
2510203118,2026-09-20 11:30:00,640,194.240,112.270,43.680,38.280,26.990,0.010,112.900
2510203119,2026-09-20 11:30:00,40,480.820,323.290,123.490,34.020,180.180,0.000,14.790
2510203120,2026-09-20 11:30:00,160,4296.290,2636.970,947.700,711.610,996.930,0.000,14.900
2510203121,2026-09-20 11:30:00,100,1293.280,758.530,303.150,231.580,71.430,0.000,107.000
2510203122,2026-09-20 11:30:00,40,936.500,593.870,293.810,48.820,685.630,0.000,0.710
2510203123,2026-09-20 11:30:00,40,2654.050,1749.490,723.120,181.430,843.210,0.000,11.690
2510203124,2026-09-20 11:30:00,800,1179.680,836.380,284.790,58.500,331.750,0.000,0.360
2510203126,2026-09-20 11:30:00,100,15.830,7.090,2.270,6.470,0.320,0.000,1.280
2510203127,2026-09-20 11:30:00,40,1258.930,820.910,335.610,102.400,364.480,0.000,49.020
2510203128,2026-09-20 11:30:00,500,7937.780,4165.170,1399.270,2373.330,368.600,0.000,112.480
2510203129,2026-09-20 11:30:00,80,6.430,3.370,1.220,1.840,0.000,0.000,1.380
2510203130,2026-09-20 11:30:00,120,30.520,21.580,6.530,2.390,8.980,0.000,0.470
2510203133,2026-09-20 11:30:00,40,664.540,452.860,167.140,44.530,113.270,0.000,47.460
2510203134,2026-09-20 11:30:00,200,141.250,82.650,32.620,25.970,6.060,0.000,33.260
2510224049,2026-09-20 11:30:00,1,53330.078,20782.789,10906.000,21641.279,118.590,0.000,8952.750
2510224167,2026-09-20 11:30:00,1,20703.660,9112.960,4059.940,7530.750,841.260,0.000,5619.580
2510317505,2026-09-20 11:30:00,1,15073.860,6607.620,3195.220,5271.010,0.740,0.000,4485.570
2510317537,2026-09-20 11:30:00,1,11721.840,6729.860,2215.610,2776.370,218.560,1427.680,2130.940
2510389559,2026-09-20 11:30:00,1,36.870,20.630,14.320,1.910,30.680,0.000,5.910
2510389643,2026-09-20 11:30:00,1,43017.289,15400.000,7701.970,19915.311,22.610,0.000,4066.630
2510389931,2026-09-20 11:30:00,1,31075.680,11867.350,6569.520,12638.800,0.150,0.000,4270.420
2510633381,2026-09-20 11:30:00,320,220.360,137.020,49.580,33.750,6.270,0.000,44.960
2510633383,2026-09-20 11:30:00,40,1706.610,1278.790,393.750,34.060,52.190,0.000,308.890
2510633385,2026-09-20 11:30:00,60,1210.880,569.460,241.440,399.970,47.590,0.000,94.220
2510633386,2026-09-20 11:30:00,500,482.400,274.780,104.020,103.590,30.900,0.000,2705.050
2510633387,2026-09-20 11:30:00,40,24.310,16.310,5.860,2.130,0.790,0.000,3.260
2510633389,2026-09-20 11:30:00,500,481.250,326.310,113.540,41.380,88.030,0.000,100.950
2510633390,2026-09-20 11:30:00,80,2095.080,1256.590,466.390,372.090,542.660,0.000,6.350
2510633391,2026-09-20 11:30:00,100,246.230,190.090,56.030,0.100,3.330,0.000,1.920
2510633393,2026-09-20 11:30:00,600,5928.240,3449.610,1178.680,1299.950,1262.160,0.000,0.480
2510633395,2026-09-20 11:30:00,40,1300.980,732.580,283.550,284.840,61.340,0.000,39.160
2510633396,2026-09-20 11:30:00,400,899.250,610.850,212.130,76.260,202.180,0.000,0.170
2510633397,2026-09-20 11:30:00,240,557.040,356.490,168.730,31.810,210.170,0.000,17.870
2510633399,2026-09-20 11:30:00,600,1145.630,658.340,246.440,240.840,58.100,0.000,57.010
2510633400,2026-09-20 11:30:00,800,741.860,451.980,171.500,118.370,156.320,0.000,28.000
2510633402,2026-09-20 11:30:00,300,551.630,332.330,117.000,102.290,136.000,0.000,10.400
2510633406,2026-09-20 11:30:00,60,358.530,162.030,69.820,126.670,18.460,0.000,97.510
2510633411,2026-09-20 11:30:00,800,4705.690,2684.570,983.490,1037.620,1671.420,0.000,29.340
2510814977,2026-09-20 11:30:00,400,51.750,31.930,12.250,7.570,1.840,0.000,10.480
2610026950,2026-09-20 11:30:00,600,14.360,9.180,3.300,1.870,1.280,0.000,3.090
2610026952,2026-09-20 11:30:00,200,3538.660,2301.680,1022.960,214.020,1780.450,0.000,9.750
2610026953,2026-09-20 11:30:00,700,656.370,387.310,148.300,120.750,188.900,0.000,0.670
2610026963,2026-09-20 11:30:00,200,373.950,193.500,91.590,88.840,23.630,2.230,94.350
2610026966,2026-09-20 11:30:00,240,952.720,683.770,236.300,32.640,198.020,0.000,0.000
2610026976,2026-09-20 11:30:00,60,1460.740,950.630,327.310,182.780,143.110,0.000,26.670
2610026977,2026-09-20 11:30:00,30,628.050,262.000,98.490,267.550,107.840,0.000,28.110
2610126270,2026-09-20 11:30:00,400,26.610,16.830,6.320,3.450,0.970,0.000,7.750
2610126451,2026-09-20 11:30:00,300,111.030,72.170,27.030,11.820,55.700,0.000,0.270
2610159557,2026-09-20 11:30:00,600,17.110,9.800,3.690,3.620,0.230,0.000,10.220
2610170786,2026-09-20 11:30:00,500,602.630,341.240,118.840,142.540,117.780,0.000,2.940
2610170836,2026-09-20 11:30:00,100,125.260,78.330,28.340,18.580,70.290,0.000,0.550
2610170837,2026-09-20 11:30:00,240,12.080,7.790,2.660,1.620,1.460,0.000,0.140
2610170838,2026-09-20 11:30:00,240,32.410,20.560,7.210,4.640,3.640,0.000,0.310
2610170840,2026-09-20 11:30:00,40,309.460,176.510,60.450,72.500,65.080,0.000,29.970
2610322967,2026-09-20 11:30:00,500,3.720,2.240,0.930,0.530,0.490,0.000,0.020
2610322969,2026-09-20 11:30:00,100,100.050,69.910,24.240,5.890,13.140,0.000,1.990
2610322982,2026-09-20 11:30:00,160,3.770,2.250,0.800,0.710,0.000,0.000,1.940
2610322995,2026-09-20 11:30:00,40,4.270,2.550,0.900,0.810,0.000,0.000,2.650
2610322997,2026-09-20 11:30:00,400,552.950,323.990,126.540,102.420,208.910,0.000,0.570
2610323001,2026-09-20 11:30:00,160,1768.970,1049.620,475.940,243.390,802.970,0.000,0.000
2610323004,2026-09-20 11:30:00,3000,91.450,69.160,11.860,10.410,21.280,0.000,2.030
2610323005,2026-09-20 11:30:00,120,11.410,7.700,2.900,0.810,1.600,0.000,0.770
2610323010,2026-09-20 11:30:00,60,15.930,10.620,3.830,1.470,1.320,0.000,4.160
2610323016,2026-09-20 11:30:00,160,1588.020,876.360,345.960,365.700,715.930,0.000,0.000
2610323017,2026-09-20 11:30:00,60,5.520,3.280,1.170,1.050,0.000,0.000,3.020
2610323019,2026-09-20 11:30:00,80,47.730,30.160,10.330,7.230,2.980,0.000,11.760
2610323027,2026-09-20 11:30:00,60,5.630,3.400,1.190,1.040,0.000,0.000,3.080
2410131387,2026-09-20 11:31:00,600,546.830,342.190,130.300,74.320,57.340,0.000,58.580
2510203104,2026-09-20 11:32:00,120,3021.900,1815.120,708.160,498.620,454.590,0.000,69.190
2510203113,2026-09-20 11:32:00,160,4432.010,2821.900,1073.670,536.420,263.980,0.000,111.230
2510203108,2026-09-20 11:38:00,80,3964.060,2231.130,880.320,852.600,622.450,0.000,36.690
2310396107,2026-09-20 12:00:00,160,1234.030,908.570,151.270,174.170,343.230,0.000,24.300
2410121326,2026-09-20 12:00:00,200,1571.960,1014.050,440.540,117.350,371.740,0.000,5.450
2410121353,2026-09-20 12:00:00,120,710.850,492.800,194.080,23.960,157.250,0.000,15.380
2410121371,2026-09-20 12:00:00,120,599.810,371.920,132.190,95.690,71.390,0.000,29.550
2410121424,2026-09-20 12:00:00,120,47.940,29.470,11.170,7.290,1.600,0.000,17.680
2410121440,2026-09-20 12:00:00,120,21.040,13.840,4.220,2.970,2.480,0.000,5.900
2410121454,2026-09-20 12:00:00,160,2044.560,1289.620,441.330,313.600,332.540,0.000,76.290
2410121457,2026-09-20 12:00:00,120,1771.250,1133.150,497.990,140.100,332.180,0.000,42.560
2410121574,2026-09-20 12:00:00,120,4876.730,3519.500,1134.520,222.690,421.600,0.000,379.860
2410131378,2026-09-20 12:00:00,200,1844.860,1187.200,512.390,145.260,405.200,0.000,9.460
2410131383,2026-09-20 12:00:00,400,1060.220,702.200,226.570,131.430,47.710,0.000,65.600
2410131384,2026-09-20 12:00:00,200,9807.720,5564.350,1973.280,2270.090,2044.560,0.000,4.900
2410131387,2026-09-20 12:00:00,600,546.830,342.200,130.300,74.320,57.340,0.000,58.580
2410320615,2026-09-20 12:00:00,700,15462.720,9478.320,3771.540,2212.850,3821.960,0.000,51.450
2410883988,2026-09-20 12:00:00,100,35.880,18.250,5.360,12.260,3.390,0.000,2.130
2410883990,2026-09-20 12:00:00,60,2995.490,1718.010,639.280,638.190,888.600,0.000,38.530
2410883991,2026-09-20 12:00:00,100,2726.180,1640.960,613.140,472.070,256.050,0.260,74.130
2410883993,2026-09-20 12:00:00,60,3120.510,1505.880,591.860,1022.750,122.650,0.000,338.030
2410883994,2026-09-20 12:00:00,320,106.580,47.680,21.220,37.680,3.450,0.000,6.490
2410932742,2026-09-20 12:00:00,240,19873.750,11563.630,3691.880,4618.230,5038.590,0.000,5.960
2411087432,2026-09-20 12:00:00,40,3654.260,2269.280,1046.510,338.460,738.130,0.000,30.970
2411087433,2026-09-20 12:00:00,500,826.400,488.420,179.970,158.000,21.310,0.000,777.930
2411290205,2026-09-20 12:00:00,240,9635.050,6481.930,2821.920,331.180,3414.960,0.000,59.530
2510014481,2026-09-20 12:00:00,80,15358.640,8951.240,2959.770,3447.620,5771.360,0.000,5.520
2510014482,2026-09-20 12:00:00,40,1288.950,897.880,354.430,36.640,84.510,0.000,63.030
2510014483,2026-09-20 12:00:00,300,228.620,131.660,50.910,46.040,0.000,0.000,185.610
2510014484,2026-09-20 12:00:00,160,9411.790,5335.750,2082.880,1993.150,1519.510,0.000,21.460
2510178139,2026-09-20 12:00:00,300,824.320,478.520,175.350,170.450,179.610,0.000,14.140
2510178141,2026-09-20 12:00:00,40,657.520,492.190,154.330,11.000,183.110,0.000,47.230
2510203103,2026-09-20 12:00:00,400,1857.490,1105.770,417.860,333.850,61.810,3.510,329.670
2510203104,2026-09-20 12:00:00,120,3021.940,1815.160,708.160,498.620,454.590,0.000,69.190
2510203105,2026-09-20 12:00:00,100,2427.830,1688.600,685.680,53.540,571.300,0.000,70.380
2510203106,2026-09-20 12:00:00,100,98.710,45.690,16.640,36.370,0.410,0.000,37.070
2510203107,2026-09-20 12:00:00,600,608.890,387.610,164.680,56.590,176.310,0.000,12.500
2510203108,2026-09-20 12:00:00,80,3964.330,2231.400,880.320,852.600,622.480,0.000,36.690
2510203109,2026-09-20 12:00:00,160,1519.770,953.540,467.330,98.900,458.220,0.000,87.160
2510203111,2026-09-20 12:00:00,40,3927.700,2478.360,967.950,481.380,1072.330,0.000,12.670
2510203113,2026-09-20 12:00:00,160,4432.770,2822.670,1073.670,536.420,264.080,0.000,111.230
2510203114,2026-09-20 12:00:00,120,1900.030,1193.080,469.000,237.940,381.530,0.000,33.470
2510203117,2026-09-20 12:00:00,80,1655.470,882.260,359.380,413.810,281.860,0.000,164.870
2510203118,2026-09-20 12:00:00,640,194.240,112.270,43.680,38.280,26.990,0.010,112.940
2510203119,2026-09-20 12:00:00,40,480.820,323.290,123.490,34.020,180.180,0.000,14.790
2510203120,2026-09-20 12:00:00,160,4296.570,2637.250,947.700,711.610,997.020,0.000,14.900
2510203122,2026-09-20 12:00:00,40,936.520,593.880,293.810,48.820,685.630,0.000,0.710
2510203123,2026-09-20 12:00:00,40,2654.050,1749.490,723.120,181.430,843.210,0.000,11.690
2510203124,2026-09-20 12:00:00,800,1179.920,836.620,284.790,58.500,331.820,0.000,0.360
2510203126,2026-09-20 12:00:00,100,15.840,7.090,2.270,6.470,0.320,0.000,1.280
2510203127,2026-09-20 12:00:00,40,1259.070,821.060,335.610,102.400,364.580,0.000,49.020
2510203128,2026-09-20 12:00:00,500,7938.320,4165.710,1399.270,2373.330,368.630,0.000,112.480
2510203129,2026-09-20 12:00:00,80,6.440,3.370,1.220,1.840,0.000,0.000,1.380
2510203130,2026-09-20 12:00:00,120,30.520,21.590,6.530,2.390,8.980,0.000,0.470
2510203133,2026-09-20 12:00:00,40,664.550,452.870,167.140,44.530,113.270,0.000,47.460
2510203134,2026-09-20 12:00:00,200,141.250,82.650,32.620,25.970,6.060,0.000,33.260
2510224049,2026-09-20 12:00:00,1,53330.219,20782.930,10906.000,21641.279,118.590,0.000,8952.840
2510224167,2026-09-20 12:00:00,1,20703.770,9113.070,4059.940,7530.750,841.260,0.000,5619.670
2510317505,2026-09-20 12:00:00,1,15074.000,6607.760,3195.220,5271.010,0.740,0.000,4485.700
2510317537,2026-09-20 12:00:00,1,11722.740,6730.750,2215.610,2776.370,218.560,1427.680,2131.090
2510389559,2026-09-20 12:00:00,1,36.870,20.630,14.320,1.910,30.680,0.000,5.910
2510389643,2026-09-20 12:00:00,1,43017.301,15400.010,7701.970,19915.311,22.610,0.000,4066.640
2510389931,2026-09-20 12:00:00,1,31075.680,11867.350,6569.520,12638.800,0.150,0.000,4270.420
2510633381,2026-09-20 12:00:00,320,220.370,137.030,49.580,33.750,6.270,0.000,44.960
2510633383,2026-09-20 12:00:00,40,1706.620,1278.800,393.750,34.060,52.190,0.000,308.930
2510633385,2026-09-20 12:00:00,60,1210.900,569.480,241.440,399.970,47.590,0.000,94.220
2510633386,2026-09-20 12:00:00,500,482.410,274.790,104.020,103.590,30.900,0.000,2705.450
2510633387,2026-09-20 12:00:00,40,24.310,16.310,5.860,2.130,0.790,0.000,3.260
2510633389,2026-09-20 12:00:00,500,481.540,326.600,113.540,41.380,88.150,0.000,100.950
2510633390,2026-09-20 12:00:00,80,2095.680,1257.190,466.390,372.090,542.860,0.000,6.350
2510633391,2026-09-20 12:00:00,100,246.230,190.090,56.030,0.100,3.330,0.000,1.920
2510633393,2026-09-20 12:00:00,600,5928.630,3450.000,1178.680,1299.950,1262.250,0.000,0.480
2510633395,2026-09-20 12:00:00,40,1300.980,732.580,283.550,284.840,61.340,0.000,39.160
2510633396,2026-09-20 12:00:00,400,899.490,611.080,212.130,76.260,202.260,0.000,0.170
2510633397,2026-09-20 12:00:00,240,557.070,356.520,168.730,31.810,210.170,0.000,17.870
2510633399,2026-09-20 12:00:00,600,1145.870,658.570,246.440,240.840,58.110,0.000,57.010
2510633400,2026-09-20 12:00:00,800,741.910,452.030,171.500,118.370,156.330,0.000,28.000
2510633402,2026-09-20 12:00:00,300,551.730,332.430,117.000,102.290,136.040,0.000,10.400
2510633406,2026-09-20 12:00:00,60,358.530,162.040,69.820,126.670,18.460,0.000,97.510
2510633411,2026-09-20 12:00:00,800,4706.290,2685.160,983.490,1037.620,1671.650,0.000,29.340
2510814977,2026-09-20 12:00:00,400,51.750,31.930,12.250,7.570,1.840,0.000,10.480
2610026950,2026-09-20 12:00:00,600,14.360,9.180,3.300,1.870,1.280,0.000,3.090
2610026952,2026-09-20 12:00:00,200,3538.980,2301.990,1022.960,214.020,1780.560,0.000,9.750
2610026953,2026-09-20 12:00:00,700,656.450,387.390,148.300,120.750,188.930,0.000,0.670
2610026963,2026-09-20 12:00:00,200,373.960,193.510,91.590,88.840,23.630,2.230,94.360
2610026966,2026-09-20 12:00:00,240,952.740,683.790,236.300,32.640,198.030,0.000,0.000
2610026976,2026-09-20 12:00:00,60,1461.100,950.990,327.310,182.780,143.120,0.000,26.670
2610026977,2026-09-20 12:00:00,30,628.070,262.020,98.490,267.550,107.840,0.000,28.120
2610126270,2026-09-20 12:00:00,400,26.620,16.840,6.320,3.450,0.980,0.000,7.750
2610126451,2026-09-20 12:00:00,300,111.050,72.180,27.030,11.820,55.700,0.000,0.270
2610159557,2026-09-20 12:00:00,600,17.120,9.800,3.690,3.620,0.230,0.000,10.230
2610170786,2026-09-20 12:00:00,500,602.930,341.530,118.840,142.540,117.850,0.000,2.940
2610170836,2026-09-20 12:00:00,100,125.260,78.330,28.340,18.580,70.290,0.000,0.550
2610170837,2026-09-20 12:00:00,240,12.080,7.790,2.660,1.620,1.460,0.000,0.140
2610170838,2026-09-20 12:00:00,240,32.430,20.570,7.210,4.640,3.640,0.000,0.310
2610170840,2026-09-20 12:00:00,40,309.470,176.510,60.450,72.500,65.080,0.000,29.970
2610322967,2026-09-20 12:00:00,500,3.720,2.240,0.930,0.530,0.490,0.000,0.020
2610322969,2026-09-20 12:00:00,100,100.150,70.000,24.240,5.890,13.150,0.000,1.990
2610322982,2026-09-20 12:00:00,160,3.780,2.260,0.800,0.710,0.000,0.000,1.950
2610322995,2026-09-20 12:00:00,40,4.280,2.560,0.900,0.810,0.000,0.000,2.650
2610322997,2026-09-20 12:00:00,400,553.290,324.330,126.540,102.420,209.030,0.000,0.570
2610323001,2026-09-20 12:00:00,160,1769.790,1050.450,475.940,243.390,803.420,0.000,0.000
2610323005,2026-09-20 12:00:00,120,11.410,7.700,2.900,0.810,1.600,0.000,0.770
2610323010,2026-09-20 12:00:00,60,15.950,10.640,3.830,1.470,1.320,0.000,4.160
2610323016,2026-09-20 12:00:00,160,1588.150,876.490,345.960,365.700,715.990,0.000,0.000
2610323017,2026-09-20 12:00:00,60,5.540,3.300,1.170,1.050,0.000,0.000,3.030
2610323019,2026-09-20 12:00:00,80,47.750,30.170,10.330,7.230,2.980,0.000,11.760
2610323027,2026-09-20 12:00:00,60,5.650,3.410,1.190,1.040,0.000,0.000,3.090
2510203121,2026-09-20 12:01:00,100,1293.290,758.550,303.150,231.580,71.430,0.000,107.000
2610323004,2026-09-20 12:01:00,3000,91.480,69.190,11.860,10.410,21.300,0.000,2.030
2310396107,2026-09-20 12:30:00,160,1234.240,908.780,151.270,174.170,343.330,0.000,24.300
2410121326,2026-09-20 12:30:00,200,1572.000,1014.100,440.540,117.350,371.760,0.000,5.450
2410121353,2026-09-20 12:30:00,120,710.940,492.890,194.080,23.960,157.280,0.000,15.380
2410121371,2026-09-20 12:30:00,120,599.870,371.970,132.190,95.690,71.390,0.000,29.550
2410121424,2026-09-20 12:30:00,120,47.940,29.470,11.170,7.290,1.600,0.000,17.690
2410121440,2026-09-20 12:30:00,120,21.060,13.870,4.220,2.970,2.490,0.000,5.900
2410121454,2026-09-20 12:30:00,160,2044.600,1289.660,441.330,313.600,332.550,0.000,76.290
2410121457,2026-09-20 12:30:00,120,1771.650,1133.550,497.990,140.100,332.310,0.000,42.560
2410121574,2026-09-20 12:30:00,120,4876.800,3519.580,1134.520,222.690,421.600,0.000,379.880
2410131383,2026-09-20 12:30:00,400,1060.240,702.220,226.570,131.430,47.710,0.000,65.600
2410131387,2026-09-20 12:30:00,600,546.830,342.200,130.300,74.320,57.340,0.000,58.580
2410320615,2026-09-20 12:30:00,700,15462.900,9478.500,3771.540,2212.850,3822.000,0.000,51.450
2410883988,2026-09-20 12:30:00,100,35.880,18.250,5.360,12.260,3.390,0.000,2.130
2410883990,2026-09-20 12:30:00,60,2995.520,1718.040,639.280,638.190,888.600,0.000,38.530
2410883991,2026-09-20 12:30:00,100,2726.250,1641.030,613.140,472.070,256.050,0.260,74.130
2410883993,2026-09-20 12:30:00,60,3120.700,1506.080,591.860,1022.750,122.670,0.000,338.030
2410883994,2026-09-20 12:30:00,320,106.590,47.690,21.220,37.680,3.450,0.000,6.490
2410932742,2026-09-20 12:30:00,240,19874.711,11564.600,3691.880,4618.230,5038.840,0.000,5.960
2411087432,2026-09-20 12:30:00,40,3654.320,2269.340,1046.510,338.460,738.130,0.000,30.980
2411087433,2026-09-20 12:30:00,500,826.550,488.570,179.970,158.000,21.310,0.000,777.940
2411290205,2026-09-20 12:30:00,240,9635.130,6482.010,2821.920,331.180,3414.980,0.000,59.530
2510014481,2026-09-20 12:30:00,80,15359.150,8951.750,2959.770,3447.620,5771.550,0.000,5.520
2510014482,2026-09-20 12:30:00,40,1288.960,897.880,354.430,36.640,84.510,0.000,63.030
2510014483,2026-09-20 12:30:00,300,228.640,131.680,50.910,46.040,0.000,0.000,185.620
2510014484,2026-09-20 12:30:00,160,9411.860,5335.820,2082.880,1993.150,1519.510,0.000,21.470
2510178139,2026-09-20 12:30:00,300,824.430,478.620,175.350,170.450,179.660,0.000,14.140
2510178141,2026-09-20 12:30:00,40,657.520,492.190,154.330,11.000,183.110,0.000,47.240
2510203103,2026-09-20 12:30:00,400,1857.490,1105.770,417.860,333.850,61.810,3.510,329.670
2510203104,2026-09-20 12:30:00,120,3021.980,1815.200,708.160,498.620,454.600,0.000,69.190
2510203106,2026-09-20 12:30:00,100,98.710,45.690,16.640,36.370,0.410,0.000,37.070
2510203107,2026-09-20 12:30:00,600,609.320,388.050,164.680,56.590,176.420,0.000,12.500
2510203108,2026-09-20 12:30:00,80,3964.740,2231.810,880.320,852.600,622.530,0.000,36.690
2510203109,2026-09-20 12:30:00,160,1519.840,953.600,467.330,98.900,458.220,0.000,87.160
2510203111,2026-09-20 12:30:00,40,3927.700,2478.360,967.950,481.380,1072.330,0.000,12.670
2510203113,2026-09-20 12:30:00,160,4433.580,2823.480,1073.670,536.420,264.190,0.000,111.230
2510203114,2026-09-20 12:30:00,120,1900.040,1193.090,469.000,237.940,381.530,0.000,33.480
2510203117,2026-09-20 12:30:00,80,1655.510,882.310,359.380,413.810,281.860,0.000,164.880
2510203118,2026-09-20 12:30:00,640,194.240,112.280,43.680,38.280,26.990,0.010,112.980
2510203119,2026-09-20 12:30:00,40,480.820,323.290,123.490,34.020,180.180,0.000,14.790
2510203120,2026-09-20 12:30:00,160,4296.850,2637.520,947.700,711.610,997.110,0.000,14.900
2510203121,2026-09-20 12:30:00,100,1293.310,758.570,303.150,231.580,71.430,0.000,107.000
2510203122,2026-09-20 12:30:00,40,936.530,593.900,293.810,48.820,685.640,0.000,0.710
2510203123,2026-09-20 12:30:00,40,2654.050,1749.500,723.120,181.430,843.210,0.000,11.690
2510203124,2026-09-20 12:30:00,800,1180.180,836.880,284.790,58.500,331.890,0.000,0.360
2510203126,2026-09-20 12:30:00,100,15.840,7.090,2.270,6.470,0.320,0.000,1.280
2510203129,2026-09-20 12:30:00,80,6.440,3.380,1.220,1.840,0.000,0.000,1.380
2510203130,2026-09-20 12:30:00,120,30.530,21.590,6.530,2.390,8.980,0.000,0.470
2510203133,2026-09-20 12:30:00,40,664.560,452.880,167.140,44.530,113.270,0.000,47.460
2510203134,2026-09-20 12:30:00,200,141.250,82.650,32.620,25.970,6.060,0.000,33.260
2510224049,2026-09-20 12:30:00,1,53330.352,20783.061,10906.000,21641.279,118.590,0.000,8952.920
2510224167,2026-09-20 12:30:00,1,20703.881,9113.180,4059.940,7530.750,841.260,0.000,5619.750
2510317505,2026-09-20 12:30:00,1,15074.140,6607.900,3195.220,5271.010,0.740,0.000,4485.830
2510317537,2026-09-20 12:30:00,1,11723.690,6731.710,2215.610,2776.370,218.560,1427.680,2131.250
2510389559,2026-09-20 12:30:00,1,36.870,20.630,14.320,1.910,30.680,0.000,5.910
2510389643,2026-09-20 12:30:00,1,43017.391,15400.090,7701.970,19915.311,22.610,0.000,4066.640
2510389931,2026-09-20 12:30:00,1,31075.680,11867.350,6569.520,12638.800,0.150,0.000,4270.430
2510633381,2026-09-20 12:30:00,320,220.380,137.040,49.580,33.750,6.270,0.000,44.970
2510633383,2026-09-20 12:30:00,40,1706.630,1278.810,393.750,34.060,52.190,0.000,308.960
2510633385,2026-09-20 12:30:00,60,1210.930,569.510,241.440,399.970,47.590,0.000,94.230
2510633386,2026-09-20 12:30:00,500,482.420,274.800,104.020,103.590,30.900,0.000,2705.840
2510633387,2026-09-20 12:30:00,40,24.310,16.320,5.860,2.130,0.790,0.000,3.260
2510633389,2026-09-20 12:30:00,500,481.870,326.930,113.540,41.380,88.290,0.000,100.950
2510633390,2026-09-20 12:30:00,80,2096.220,1257.730,466.390,372.090,543.040,0.000,6.350
2510633391,2026-09-20 12:30:00,100,246.230,190.090,56.030,0.100,3.330,0.000,1.920
2510633393,2026-09-20 12:30:00,600,5929.020,3450.390,1178.680,1299.950,1262.320,0.000,0.480
2510633395,2026-09-20 12:30:00,40,1300.980,732.580,283.550,284.840,61.340,0.000,39.160
2510633396,2026-09-20 12:30:00,400,899.730,611.320,212.130,76.260,202.350,0.000,0.170
2510633397,2026-09-20 12:30:00,240,557.100,356.540,168.730,31.810,210.170,0.000,17.870
2510633399,2026-09-20 12:30:00,600,1146.070,658.780,246.440,240.840,58.110,0.000,57.010
2510633400,2026-09-20 12:30:00,800,741.950,452.070,171.500,118.370,156.340,0.000,28.000
2510633402,2026-09-20 12:30:00,300,551.810,332.500,117.000,102.290,136.070,0.000,10.400
2510633406,2026-09-20 12:30:00,60,358.530,162.040,69.820,126.670,18.460,0.000,97.510
2510633411,2026-09-20 12:30:00,800,4706.870,2685.750,983.490,1037.620,1671.900,0.000,29.340
2510814977,2026-09-20 12:30:00,400,51.760,31.930,12.250,7.570,1.840,0.000,10.480
2610026950,2026-09-20 12:30:00,600,14.370,9.190,3.300,1.870,1.280,0.000,3.100
2610026952,2026-09-20 12:30:00,200,3539.310,2302.330,1022.960,214.020,1780.690,0.000,9.750
2610026953,2026-09-20 12:30:00,700,656.530,387.470,148.300,120.750,188.960,0.000,0.670
2610026963,2026-09-20 12:30:00,200,373.960,193.520,91.590,88.840,23.630,2.230,94.370
2610026966,2026-09-20 12:30:00,240,952.760,683.810,236.300,32.640,198.040,0.000,0.000
2610026976,2026-09-20 12:30:00,60,1461.470,951.360,327.310,182.780,143.140,0.000,26.670
2610026977,2026-09-20 12:30:00,30,628.090,262.040,98.490,267.550,107.850,0.000,28.120
2610126270,2026-09-20 12:30:00,400,26.630,16.850,6.320,3.450,0.980,0.000,7.750
2610126451,2026-09-20 12:30:00,300,111.060,72.200,27.030,11.820,55.700,0.000,0.270
2610159557,2026-09-20 12:30:00,600,17.130,9.810,3.690,3.620,0.230,0.000,10.230
2610170786,2026-09-20 12:30:00,500,603.220,341.820,118.840,142.540,117.930,0.000,2.940
2610170836,2026-09-20 12:30:00,100,125.260,78.330,28.340,18.580,70.290,0.000,0.550
2610170837,2026-09-20 12:30:00,240,12.080,7.790,2.660,1.620,1.460,0.000,0.140
2610170838,2026-09-20 12:30:00,240,32.440,20.580,7.210,4.640,3.650,0.000,0.310
2610170840,2026-09-20 12:30:00,40,309.540,176.580,60.450,72.500,65.110,0.000,29.980
2610322967,2026-09-20 12:30:00,500,3.720,2.240,0.930,0.530,0.490,0.000,0.020
2610322969,2026-09-20 12:30:00,100,100.230,70.090,24.240,5.890,13.160,0.000,1.990
2610322982,2026-09-20 12:30:00,160,3.790,2.270,0.800,0.710,0.000,0.000,1.950
2610322995,2026-09-20 12:30:00,40,4.300,2.570,0.900,0.810,0.000,0.000,2.660
2610322997,2026-09-20 12:30:00,400,553.660,324.690,126.540,102.420,209.180,0.000,0.570
2610323001,2026-09-20 12:30:00,160,1770.520,1051.180,475.940,243.390,803.830,0.000,0.000
2610323004,2026-09-20 12:30:00,3000,91.500,69.220,11.860,10.410,21.310,0.000,2.030
2610323005,2026-09-20 12:30:00,120,11.420,7.700,2.900,0.810,1.600,0.000,0.770
2610323010,2026-09-20 12:30:00,60,15.970,10.660,3.830,1.470,1.320,0.000,4.170
2610323016,2026-09-20 12:30:00,160,1588.260,876.600,345.960,365.700,716.020,0.000,0.000
2610323017,2026-09-20 12:30:00,60,5.550,3.310,1.170,1.050,0.000,0.000,3.030
2610323019,2026-09-20 12:30:00,80,47.760,30.180,10.330,7.230,2.980,0.000,11.760
2610323027,2026-09-20 12:30:00,60,5.660,3.430,1.190,1.040,0.000,0.000,3.100
2410131378,2026-09-20 12:31:00,200,1844.920,1187.260,512.390,145.260,405.200,0.000,9.460
2410131384,2026-09-20 12:31:00,200,9807.750,5564.370,1973.280,2270.090,2044.560,0.000,4.900
2510203128,2026-09-20 12:31:00,500,7938.830,4166.220,1399.270,2373.330,368.650,0.000,112.480
2510203105,2026-09-20 12:32:00,100,2428.170,1688.940,685.680,53.540,571.320,0.000,70.380
2510203127,2026-09-20 12:32:00,40,1259.230,821.210,335.610,102.400,364.690,0.000,49.020
2310396107,2026-09-20 13:00:00,160,1234.450,908.990,151.270,174.170,343.420,0.000,24.300
2410121326,2026-09-20 13:00:00,200,1572.040,1014.140,440.540,117.350,371.780,0.000,5.450
2410121353,2026-09-20 13:00:00,120,711.030,492.980,194.080,23.960,157.300,0.000,15.380
2410121371,2026-09-20 13:00:00,120,599.920,372.020,132.190,95.690,71.390,0.000,29.550
2410121424,2026-09-20 13:00:00,120,47.940,29.480,11.170,7.290,1.600,0.000,17.690
2410121440,2026-09-20 13:00:00,120,21.080,13.890,4.220,2.970,2.490,0.000,5.900
2410121454,2026-09-20 13:00:00,160,2044.650,1289.710,441.330,313.600,332.560,0.000,76.290
2410121457,2026-09-20 13:00:00,120,1772.080,1133.980,497.990,140.100,332.450,0.000,42.560
2410121574,2026-09-20 13:00:00,120,4876.870,3519.650,1134.520,222.690,421.600,0.000,379.900
2410131378,2026-09-20 13:00:00,200,1844.970,1187.320,512.390,145.260,405.200,0.000,9.460
2410131383,2026-09-20 13:00:00,400,1060.250,702.240,226.570,131.430,47.710,0.000,65.600
2410131384,2026-09-20 13:00:00,200,9807.770,5564.390,1973.280,2270.090,2044.560,0.000,4.900
2410131387,2026-09-20 13:00:00,600,546.850,342.210,130.300,74.320,57.340,0.000,58.580
2410320615,2026-09-20 13:00:00,700,15463.100,9478.700,3771.540,2212.850,3822.040,0.000,51.450
2410883988,2026-09-20 13:00:00,100,35.880,18.250,5.360,12.260,3.390,0.000,2.130
2410883990,2026-09-20 13:00:00,60,2995.550,1718.070,639.280,638.190,888.600,0.000,38.530
2410883991,2026-09-20 13:00:00,100,2726.330,1641.110,613.140,472.070,256.050,0.260,74.130
2410883993,2026-09-20 13:00:00,60,3120.880,1506.260,591.860,1022.750,122.670,0.000,338.030
2410883994,2026-09-20 13:00:00,320,106.600,47.690,21.220,37.680,3.450,0.000,6.490
2410932742,2026-09-20 13:00:00,240,19875.680,11565.560,3691.880,4618.230,5039.080,0.000,5.960
2411087432,2026-09-20 13:00:00,40,3654.350,2269.370,1046.510,338.460,738.130,0.000,30.980
2411087433,2026-09-20 13:00:00,500,826.700,488.710,179.970,158.000,21.310,0.000,777.950
2510014481,2026-09-20 13:00:00,80,15359.660,8952.260,2959.770,3447.620,5771.740,0.000,5.520
2510014482,2026-09-20 13:00:00,40,1288.960,897.890,354.430,36.640,84.510,0.000,63.030
2510014483,2026-09-20 13:00:00,300,228.650,131.690,50.910,46.040,0.000,0.000,185.630
2510014484,2026-09-20 13:00:00,160,9411.920,5335.890,2082.880,1993.150,1519.510,0.000,21.480
2510178139,2026-09-20 13:00:00,300,824.530,478.720,175.350,170.450,179.700,0.000,14.140
2510178141,2026-09-20 13:00:00,40,657.520,492.190,154.330,11.000,183.110,0.000,47.240
2510203103,2026-09-20 13:00:00,400,1857.490,1105.770,417.860,333.850,61.810,3.510,329.670
2510203104,2026-09-20 13:00:00,120,3022.030,1815.240,708.160,498.620,454.600,0.000,69.190
2510203105,2026-09-20 13:00:00,100,2428.460,1689.230,685.680,53.540,571.330,0.000,70.380
2510203106,2026-09-20 13:00:00,100,98.720,45.700,16.640,36.370,0.410,0.000,37.070
2510203107,2026-09-20 13:00:00,600,609.470,388.190,164.680,56.590,176.480,0.000,12.500
2510203108,2026-09-20 13:00:00,80,3965.120,2232.190,880.320,852.600,622.570,0.000,36.690
2510203109,2026-09-20 13:00:00,160,1519.910,953.670,467.330,98.900,458.220,0.000,87.160
2510203111,2026-09-20 13:00:00,40,3927.710,2478.370,967.950,481.380,1072.330,0.000,12.670
2510203113,2026-09-20 13:00:00,160,4434.400,2824.300,1073.670,536.420,264.300,0.000,111.230
2510203114,2026-09-20 13:00:00,120,1900.050,1193.100,469.000,237.940,381.530,0.000,33.490
2510203117,2026-09-20 13:00:00,80,1655.560,882.360,359.380,413.810,281.860,0.000,164.890
2510203118,2026-09-20 13:00:00,640,194.240,112.280,43.680,38.280,26.990,0.010,113.020
2510203119,2026-09-20 13:00:00,40,480.820,323.290,123.490,34.020,180.180,0.000,14.790
2510203120,2026-09-20 13:00:00,160,4297.130,2637.810,947.700,711.610,997.200,0.000,14.900
2510203121,2026-09-20 13:00:00,100,1293.320,758.580,303.150,231.580,71.430,0.000,107.010
2510203122,2026-09-20 13:00:00,40,936.540,593.910,293.810,48.820,685.650,0.000,0.710
2510203123,2026-09-20 13:00:00,40,2654.060,1749.500,723.120,181.430,843.210,0.000,11.690
2510203124,2026-09-20 13:00:00,800,1180.460,837.170,284.790,58.500,331.970,0.000,0.360
2510203126,2026-09-20 13:00:00,100,15.840,7.100,2.270,6.470,0.320,0.000,1.280
2510203127,2026-09-20 13:00:00,40,1259.360,821.350,335.610,102.400,364.780,0.000,49.020
2510203128,2026-09-20 13:00:00,500,7939.290,4166.680,1399.270,2373.330,368.660,0.000,112.480
2510203129,2026-09-20 13:00:00,80,6.440,3.380,1.220,1.840,0.000,0.000,1.390
2510203130,2026-09-20 13:00:00,120,30.540,21.600,6.530,2.390,8.990,0.000,0.470
2510203133,2026-09-20 13:00:00,40,664.560,452.880,167.140,44.530,113.270,0.000,47.470
2510203134,2026-09-20 13:00:00,200,141.260,82.660,32.620,25.970,6.060,0.000,33.260
2510224049,2026-09-20 13:00:00,1,53330.488,20783.199,10906.000,21641.279,118.590,0.000,8953.010
2510224167,2026-09-20 13:00:00,1,20704.000,9113.290,4059.940,7530.750,841.260,0.000,5619.840
2510317505,2026-09-20 13:00:00,1,15074.280,6608.040,3195.220,5271.010,0.740,0.000,4485.960
2510317537,2026-09-20 13:00:00,1,11724.630,6732.640,2215.610,2776.370,218.560,1427.680,2131.410
2510389559,2026-09-20 13:00:00,1,36.870,20.630,14.320,1.910,30.680,0.000,5.910
2510389643,2026-09-20 13:00:00,1,43017.422,15400.130,7701.970,19915.311,22.610,0.000,4066.660
2510389931,2026-09-20 13:00:00,1,31075.680,11867.350,6569.520,12638.800,0.150,0.000,4270.430
2510633381,2026-09-20 13:00:00,320,220.400,137.050,49.580,33.750,6.270,0.000,44.970
2510633383,2026-09-20 13:00:00,40,1706.640,1278.820,393.750,34.060,52.190,0.000,308.990
2510633385,2026-09-20 13:00:00,60,1210.960,569.540,241.440,399.970,47.600,0.000,94.230
2510633386,2026-09-20 13:00:00,500,482.430,274.810,104.020,103.590,30.900,0.000,2706.230
2510633387,2026-09-20 13:00:00,40,24.310,16.320,5.860,2.130,0.800,0.000,3.260
2510633389,2026-09-20 13:00:00,500,482.340,327.410,113.540,41.380,88.460,0.000,100.950
2510633391,2026-09-20 13:00:00,100,246.230,190.090,56.030,0.100,3.330,0.000,1.920
2510633393,2026-09-20 13:00:00,600,5929.410,3450.780,1178.680,1299.950,1262.380,0.000,0.480
2510633395,2026-09-20 13:00:00,40,1300.980,732.580,283.550,284.840,61.340,0.000,39.160
2510633396,2026-09-20 13:00:00,400,900.000,611.590,212.130,76.260,202.450,0.000,0.170
2510633397,2026-09-20 13:00:00,240,557.120,356.570,168.730,31.810,210.170,0.000,17.870
2510633399,2026-09-20 13:00:00,600,1146.260,658.970,246.440,240.840,58.110,0.000,57.010
2510633400,2026-09-20 13:00:00,800,742.000,452.110,171.500,118.370,156.350,0.000,28.000
2510633402,2026-09-20 13:00:00,300,551.870,332.570,117.000,102.290,136.110,0.000,10.400
2510633406,2026-09-20 13:00:00,60,358.530,162.040,69.820,126.670,18.460,0.000,97.520
2510633411,2026-09-20 13:00:00,800,4707.520,2686.390,983.490,1037.620,1672.170,0.000,29.340
2510814977,2026-09-20 13:00:00,400,51.760,31.930,12.250,7.570,1.840,0.000,10.480
2610026950,2026-09-20 13:00:00,600,14.370,9.190,3.300,1.870,1.280,0.000,3.100
2610026952,2026-09-20 13:00:00,200,3539.660,2302.670,1022.960,214.020,1780.820,0.000,9.750
2610026953,2026-09-20 13:00:00,700,656.620,387.560,148.300,120.750,188.990,0.000,0.670
2610026963,2026-09-20 13:00:00,200,373.970,193.520,91.590,88.840,23.630,2.230,94.380
2610026966,2026-09-20 13:00:00,240,952.780,683.830,236.300,32.640,198.050,0.000,0.000
2610026976,2026-09-20 13:00:00,60,1461.830,951.720,327.310,182.780,143.150,0.000,26.670
2610026977,2026-09-20 13:00:00,30,628.120,262.070,98.490,267.550,107.870,0.000,28.120
2610126270,2026-09-20 13:00:00,400,26.640,16.850,6.320,3.450,0.990,0.000,7.750
2610126451,2026-09-20 13:00:00,300,111.070,72.210,27.030,11.820,55.700,0.000,0.270
2610159557,2026-09-20 13:00:00,600,17.140,9.820,3.690,3.620,0.230,0.000,10.230
2610170786,2026-09-20 13:00:00,500,603.490,342.090,118.840,142.540,118.000,0.000,2.940
2610170836,2026-09-20 13:00:00,100,125.260,78.330,28.340,18.580,70.290,0.000,0.550
2610170837,2026-09-20 13:00:00,240,12.090,7.800,2.660,1.620,1.460,0.000,0.140
2610170838,2026-09-20 13:00:00,240,32.450,20.600,7.210,4.640,3.650,0.000,0.310
2610170840,2026-09-20 13:00:00,40,309.620,176.660,60.450,72.500,65.140,0.000,29.990
2610322967,2026-09-20 13:00:00,500,3.720,2.240,0.930,0.530,0.490,0.000,0.020
2610322969,2026-09-20 13:00:00,100,100.320,70.180,24.240,5.890,13.160,0.000,1.990
2610322982,2026-09-20 13:00:00,160,3.800,2.280,0.800,0.710,0.000,0.000,1.950
2610322995,2026-09-20 13:00:00,40,4.310,2.580,0.900,0.810,0.000,0.000,2.660
2610322997,2026-09-20 13:00:00,400,554.030,325.060,126.540,102.420,209.340,0.000,0.570
2610323001,2026-09-20 13:00:00,160,1771.270,1051.920,475.940,243.390,804.250,0.000,0.000
2610323004,2026-09-20 13:00:00,3000,91.510,69.230,11.860,10.410,21.310,0.000,2.030
2610323005,2026-09-20 13:00:00,120,11.420,7.700,2.900,0.810,1.600,0.000,0.770
2610323010,2026-09-20 13:00:00,60,15.980,10.670,3.830,1.470,1.320,0.000,4.180
2610323016,2026-09-20 13:00:00,160,1588.380,876.720,345.960,365.700,716.060,0.000,0.000
2610323019,2026-09-20 13:00:00,80,47.770,30.190,10.330,7.230,2.980,0.000,11.770
2610323027,2026-09-20 13:00:00,60,5.680,3.450,1.190,1.040,0.000,0.000,3.100
2610323017,2026-09-20 13:01:00,60,5.570,3.330,1.170,1.050,0.000,0.000,3.040
2510633390,2026-09-20 13:02:00,80,2096.790,1258.300,466.390,372.090,543.230,0.000,6.350
2411290205,2026-09-20 13:03:00,240,9635.330,6482.210,2821.920,331.180,3415.090,0.000,59.530
2310396107,2026-09-20 13:30:00,160,1234.750,909.300,151.270,174.170,343.520,0.000,24.300
2410121326,2026-09-20 13:30:00,200,1572.080,1014.180,440.540,117.350,371.790,0.000,5.450
2410121371,2026-09-20 13:30:00,120,599.970,372.080,132.190,95.690,71.390,0.000,29.550
2410121424,2026-09-20 13:30:00,120,47.940,29.480,11.170,7.290,1.600,0.000,17.690
2410121440,2026-09-20 13:30:00,120,21.100,13.900,4.220,2.970,2.500,0.000,5.900
2410121454,2026-09-20 13:30:00,160,2044.700,1289.760,441.330,313.600,332.580,0.000,76.290
2410121457,2026-09-20 13:30:00,120,1772.520,1134.420,497.990,140.100,332.600,0.000,42.560
2410121574,2026-09-20 13:30:00,120,4876.950,3519.730,1134.520,222.690,421.600,0.000,379.910
2410131378,2026-09-20 13:30:00,200,1845.030,1187.370,512.390,145.260,405.200,0.000,9.460
2410131383,2026-09-20 13:30:00,400,1060.270,702.250,226.570,131.430,47.710,0.000,65.600
2410131384,2026-09-20 13:30:00,200,9807.790,5564.420,1973.280,2270.090,2044.560,0.000,4.900
2410131387,2026-09-20 13:30:00,600,546.850,342.220,130.300,74.320,57.340,0.000,58.590
2410320615,2026-09-20 13:30:00,700,15463.300,9478.900,3771.540,2212.850,3822.080,0.000,51.450
2410883990,2026-09-20 13:30:00,60,2995.580,1718.100,639.280,638.190,888.610,0.000,38.530
2410883991,2026-09-20 13:30:00,100,2726.400,1641.180,613.140,472.070,256.060,0.260,74.130
2410883993,2026-09-20 13:30:00,60,3121.110,1506.480,591.860,1022.750,122.690,0.000,338.030
2410883994,2026-09-20 13:30:00,320,106.610,47.700,21.220,37.680,3.450,0.000,6.490
2410932742,2026-09-20 13:30:00,240,19876.641,11566.520,3691.880,4618.230,5039.320,0.000,5.960
2411087432,2026-09-20 13:30:00,40,3654.390,2269.410,1046.510,338.460,738.130,0.000,30.990
2411087433,2026-09-20 13:30:00,500,826.850,488.860,179.970,158.000,21.310,0.000,777.960
2411290205,2026-09-20 13:30:00,240,9635.490,6482.380,2821.920,331.180,3415.190,0.000,59.530
2510014481,2026-09-20 13:30:00,80,15360.280,8952.880,2959.770,3447.620,5771.920,0.000,5.520
2510014482,2026-09-20 13:30:00,40,1288.970,897.890,354.430,36.640,84.510,0.000,63.030
2510014483,2026-09-20 13:30:00,300,228.660,131.700,50.910,46.040,0.000,0.000,185.640
2510014484,2026-09-20 13:30:00,160,9412.000,5335.960,2082.880,1993.150,1519.510,0.000,21.480
2510178139,2026-09-20 13:30:00,300,824.630,478.820,175.350,170.450,179.740,0.000,14.140
2510178141,2026-09-20 13:30:00,40,657.530,492.190,154.330,11.000,183.110,0.000,47.240
2510203103,2026-09-20 13:30:00,400,1857.500,1105.780,417.860,333.850,61.810,3.510,329.670
2510203104,2026-09-20 13:30:00,120,3022.070,1815.290,708.160,498.620,454.610,0.000,69.190
2510203105,2026-09-20 13:30:00,100,2428.660,1689.430,685.680,53.540,571.380,0.000,70.380
2510203106,2026-09-20 13:30:00,100,98.720,45.700,16.640,36.370,0.410,0.000,37.070
2510203107,2026-09-20 13:30:00,600,609.610,388.330,164.680,56.590,176.520,0.000,12.500
2510203108,2026-09-20 13:30:00,80,3965.540,2232.610,880.320,852.600,622.610,0.000,36.690
2510203109,2026-09-20 13:30:00,160,1519.990,953.750,467.330,98.900,458.220,0.000,87.160
2510203111,2026-09-20 13:30:00,40,3927.710,2478.370,967.950,481.380,1072.330,0.000,12.670
2510203113,2026-09-20 13:30:00,160,4435.250,2825.150,1073.670,536.420,264.400,0.000,111.230
2510203114,2026-09-20 13:30:00,120,1900.060,1193.110,469.000,237.940,381.530,0.000,33.490
2510203117,2026-09-20 13:30:00,80,1655.610,882.400,359.380,413.810,281.860,0.000,164.890
2510203118,2026-09-20 13:30:00,640,194.240,112.280,43.680,38.280,26.990,0.010,113.050
2510203119,2026-09-20 13:30:00,40,480.820,323.290,123.490,34.020,180.180,0.000,14.790
2510203120,2026-09-20 13:30:00,160,4297.400,2638.080,947.700,711.610,997.270,0.000,14.900
2510203121,2026-09-20 13:30:00,100,1293.340,758.600,303.150,231.580,71.430,0.000,107.010
2510203122,2026-09-20 13:30:00,40,936.560,593.920,293.810,48.820,685.650,0.000,0.710
2510203123,2026-09-20 13:30:00,40,2654.060,1749.500,723.120,181.430,843.210,0.000,11.690
2510203124,2026-09-20 13:30:00,800,1180.760,837.460,284.790,58.500,332.050,0.000,0.360
2510203126,2026-09-20 13:30:00,100,15.850,7.100,2.270,6.470,0.320,0.000,1.280
2510203127,2026-09-20 13:30:00,40,1259.510,821.490,335.610,102.400,364.870,0.000,49.020
2510203128,2026-09-20 13:30:00,500,7939.820,4167.210,1399.270,2373.330,368.690,0.000,112.480
2510203129,2026-09-20 13:30:00,80,6.450,3.380,1.220,1.840,0.000,0.000,1.390
2510203130,2026-09-20 13:30:00,120,30.600,21.660,6.530,2.390,8.990,0.000,0.470
2510203133,2026-09-20 13:30:00,40,664.570,452.890,167.140,44.530,113.270,0.000,47.470
2510203134,2026-09-20 13:30:00,200,141.260,82.660,32.620,25.970,6.060,0.000,33.260
2510224049,2026-09-20 13:30:00,1,53330.621,20783.330,10906.000,21641.279,118.590,0.000,8953.090
2510224167,2026-09-20 13:30:00,1,20704.109,9113.410,4059.940,7530.750,841.260,0.000,5619.930
2510317505,2026-09-20 13:30:00,1,15074.420,6608.180,3195.220,5271.010,0.740,0.000,4486.090
2510317537,2026-09-20 13:30:00,1,11725.490,6733.510,2215.610,2776.370,218.560,1427.680,2131.550
2510389559,2026-09-20 13:30:00,1,36.870,20.630,14.320,1.910,30.680,0.000,5.910
2510389643,2026-09-20 13:30:00,1,43017.449,15400.160,7701.970,19915.311,22.610,0.000,4066.670
2510389931,2026-09-20 13:30:00,1,31075.680,11867.360,6569.520,12638.800,0.150,0.000,4270.440
2510633381,2026-09-20 13:30:00,320,220.410,137.070,49.580,33.750,6.270,0.000,44.980
2510633383,2026-09-20 13:30:00,40,1706.650,1278.830,393.750,34.060,52.190,0.000,309.020
2510633385,2026-09-20 13:30:00,60,1211.000,569.580,241.440,399.970,47.600,0.000,94.230
2510633386,2026-09-20 13:30:00,500,482.440,274.830,104.020,103.590,30.900,0.000,2706.610
2510633387,2026-09-20 13:30:00,40,24.310,16.320,5.860,2.130,0.800,0.000,3.260
2510633389,2026-09-20 13:30:00,500,482.890,327.950,113.540,41.380,88.660,0.000,100.950
2510633390,2026-09-20 13:30:00,80,2097.340,1258.840,466.390,372.090,543.400,0.000,6.350
2510633391,2026-09-20 13:30:00,100,246.230,190.090,56.030,0.100,3.330,0.000,1.920
2510633393,2026-09-20 13:30:00,600,5929.790,3451.160,1178.680,1299.950,1262.460,0.000,0.480
2510633395,2026-09-20 13:30:00,40,1300.980,732.580,283.550,284.840,61.340,0.000,39.160
2510633396,2026-09-20 13:30:00,400,900.290,611.890,212.130,76.260,202.570,0.000,0.170
2510633397,2026-09-20 13:30:00,240,557.150,356.590,168.730,31.810,210.170,0.000,17.880
2510633399,2026-09-20 13:30:00,600,1146.440,659.150,246.440,240.840,58.110,0.000,57.010
2510633400,2026-09-20 13:30:00,800,742.040,452.160,171.500,118.370,156.370,0.000,28.000
2510633402,2026-09-20 13:30:00,300,551.950,332.650,117.000,102.290,136.140,0.000,10.400
2510633406,2026-09-20 13:30:00,60,358.540,162.040,69.820,126.670,18.460,0.000,97.520
2510633411,2026-09-20 13:30:00,800,4708.250,2687.120,983.490,1037.620,1672.450,0.000,29.340
2510814977,2026-09-20 13:30:00,400,51.760,31.940,12.250,7.570,1.840,0.000,10.480
2610026950,2026-09-20 13:30:00,600,14.370,9.190,3.300,1.870,1.280,0.000,3.100
2610026952,2026-09-20 13:30:00,200,3539.980,2302.990,1022.960,214.020,1780.930,0.000,9.750
2610026953,2026-09-20 13:30:00,700,656.700,387.640,148.300,120.750,189.020,0.000,0.670
2610026963,2026-09-20 13:30:00,200,373.980,193.530,91.590,88.840,23.630,2.230,94.400
2610026966,2026-09-20 13:30:00,240,952.810,683.860,236.300,32.640,198.060,0.000,0.000
2610026976,2026-09-20 13:30:00,60,1462.190,952.080,327.310,182.780,143.180,0.000,26.670
2610026977,2026-09-20 13:30:00,30,628.160,262.110,98.490,267.550,107.910,0.000,28.120
2610126270,2026-09-20 13:30:00,400,26.650,16.860,6.320,3.450,0.990,0.000,7.750
2610126451,2026-09-20 13:30:00,300,111.090,72.220,27.030,11.820,55.700,0.000,0.270
2610159557,2026-09-20 13:30:00,600,17.150,9.830,3.690,3.620,0.230,0.000,10.240
2610170786,2026-09-20 13:30:00,500,603.770,342.380,118.840,142.540,118.070,0.000,2.940
2610170836,2026-09-20 13:30:00,100,125.260,78.330,28.340,18.580,70.290,0.000,0.550
2610170837,2026-09-20 13:30:00,240,12.090,7.800,2.660,1.620,1.470,0.000,0.140
2610170838,2026-09-20 13:30:00,240,32.470,20.610,7.210,4.640,3.650,0.000,0.310
2610170840,2026-09-20 13:30:00,40,309.690,176.740,60.450,72.500,65.170,0.000,29.990
2610322967,2026-09-20 13:30:00,500,3.720,2.250,0.930,0.530,0.490,0.000,0.020
2610322969,2026-09-20 13:30:00,100,100.410,70.270,24.240,5.890,13.160,0.000,1.990
2610322982,2026-09-20 13:30:00,160,3.810,2.290,0.800,0.710,0.000,0.000,1.960
2610322995,2026-09-20 13:30:00,40,4.320,2.600,0.900,0.810,0.000,0.000,2.670
2610322997,2026-09-20 13:30:00,400,554.360,325.390,126.540,102.420,209.470,0.000,0.570
2610323001,2026-09-20 13:30:00,160,1772.170,1052.830,475.940,243.390,804.680,0.000,0.000
2610323004,2026-09-20 13:30:00,3000,91.530,69.240,11.860,10.410,21.320,0.000,2.030
2610323005,2026-09-20 13:30:00,120,11.420,7.700,2.900,0.810,1.600,0.000,0.770
2610323010,2026-09-20 13:30:00,60,16.000,10.690,3.830,1.470,1.320,0.000,4.180
2610323016,2026-09-20 13:30:00,160,1588.540,876.880,345.960,365.700,716.110,0.000,0.000
2610323017,2026-09-20 13:30:00,60,5.580,3.340,1.170,1.050,0.000,0.000,3.040
2610323019,2026-09-20 13:30:00,80,47.780,30.210,10.330,7.230,2.980,0.000,11.770
2610323027,2026-09-20 13:30:00,60,5.700,3.460,1.190,1.040,0.000,0.000,3.110
2410121353,2026-09-20 13:31:00,120,711.130,493.080,194.080,23.960,157.340,0.000,15.380
2410883988,2026-09-20 13:31:00,100,35.890,18.260,5.360,12.260,3.390,0.000,2.130
2310396107,2026-09-20 14:00:00,160,1235.060,909.610,151.270,174.170,343.630,0.000,24.300
2410121326,2026-09-20 14:00:00,200,1572.110,1014.210,440.540,117.350,371.800,0.000,5.450
2410121353,2026-09-20 14:00:00,120,711.220,493.170,194.080,23.960,157.370,0.000,15.380
2410121371,2026-09-20 14:00:00,120,600.020,372.130,132.190,95.690,71.390,0.000,29.550
2410121424,2026-09-20 14:00:00,120,47.950,29.480,11.170,7.290,1.600,0.000,17.690
2410121440,2026-09-20 14:00:00,120,21.120,13.920,4.220,2.970,2.510,0.000,5.900
2410121454,2026-09-20 14:00:00,160,2044.740,1289.800,441.330,313.600,332.580,0.000,76.290
2410121457,2026-09-20 14:00:00,120,1772.950,1134.850,497.990,140.100,332.740,0.000,42.560
2410121574,2026-09-20 14:00:00,120,4877.040,3519.810,1134.520,222.690,421.600,0.000,379.930
2410131378,2026-09-20 14:00:00,200,1845.090,1187.430,512.390,145.260,405.200,0.000,9.460
2410131383,2026-09-20 14:00:00,400,1060.280,702.270,226.570,131.430,47.710,0.000,65.600
2410131384,2026-09-20 14:00:00,200,9807.810,5564.440,1973.280,2270.090,2044.570,0.000,4.900
2410131387,2026-09-20 14:00:00,600,546.860,342.230,130.300,74.320,57.340,0.000,58.590
2410320615,2026-09-20 14:00:00,700,15463.500,9479.100,3771.540,2212.850,3822.120,0.000,51.450
2410883988,2026-09-20 14:00:00,100,35.900,18.270,5.360,12.260,3.390,0.000,2.130
2410883990,2026-09-20 14:00:00,60,2995.610,1718.130,639.280,638.190,888.610,0.000,38.530
2410883991,2026-09-20 14:00:00,100,2726.470,1641.250,613.140,472.070,256.060,0.260,74.130
2410883993,2026-09-20 14:00:00,60,3121.320,1506.700,591.860,1022.750,122.720,0.000,338.030
2410932742,2026-09-20 14:00:00,240,19877.590,11567.470,3691.880,4618.230,5039.550,0.000,5.960
2411087432,2026-09-20 14:00:00,40,3654.440,2269.460,1046.510,338.460,738.130,0.000,31.000
2411087433,2026-09-20 14:00:00,500,827.030,489.040,179.970,158.000,21.310,0.000,777.960
2411290205,2026-09-20 14:00:00,240,9635.680,6482.560,2821.920,331.180,3415.300,0.000,59.530
2510014481,2026-09-20 14:00:00,80,15360.880,8953.480,2959.770,3447.620,5772.110,0.000,5.520
2510014482,2026-09-20 14:00:00,40,1288.970,897.900,354.430,36.640,84.510,0.000,63.040
2510014483,2026-09-20 14:00:00,300,228.680,131.720,50.910,46.040,0.000,0.000,185.650
2510014484,2026-09-20 14:00:00,160,9412.060,5336.030,2082.880,1993.150,1519.510,0.000,21.490
2510178139,2026-09-20 14:00:00,300,824.740,478.940,175.350,170.450,179.780,0.000,14.140
2510178141,2026-09-20 14:00:00,40,657.530,492.200,154.330,11.000,183.110,0.000,47.250
2510203103,2026-09-20 14:00:00,400,1857.500,1105.780,417.860,333.850,61.810,3.510,329.670
2510203104,2026-09-20 14:00:00,120,3022.110,1815.330,708.160,498.620,454.610,0.000,69.190
2510203106,2026-09-20 14:00:00,100,98.720,45.700,16.640,36.370,0.410,0.000,37.080
2510203107,2026-09-20 14:00:00,600,610.110,388.840,164.680,56.590,176.670,0.000,12.500
2510203108,2026-09-20 14:00:00,80,3965.990,2233.060,880.320,852.600,622.660,0.000,36.690
2510203109,2026-09-20 14:00:00,160,1520.080,953.840,467.330,98.900,458.220,0.000,87.160
2510203111,2026-09-20 14:00:00,40,3927.720,2478.370,967.950,481.380,1072.330,0.000,12.670
2510203113,2026-09-20 14:00:00,160,4436.120,2826.020,1073.670,536.420,264.510,0.000,111.230
2510203114,2026-09-20 14:00:00,120,1900.070,1193.120,469.000,237.940,381.530,0.000,33.500
2510203117,2026-09-20 14:00:00,80,1655.650,882.450,359.380,413.810,281.860,0.000,164.900
2510203118,2026-09-20 14:00:00,640,194.250,112.280,43.680,38.280,26.990,0.010,113.090
2510203119,2026-09-20 14:00:00,40,480.820,323.290,123.490,34.020,180.180,0.000,14.790
2510203120,2026-09-20 14:00:00,160,4297.700,2638.370,947.700,711.610,997.360,0.000,14.900
2510203121,2026-09-20 14:00:00,100,1293.350,758.610,303.150,231.580,71.430,0.000,107.020
2510203122,2026-09-20 14:00:00,40,936.570,593.930,293.810,48.820,685.660,0.000,0.710
2510203123,2026-09-20 14:00:00,40,2654.060,1749.500,723.120,181.430,843.210,0.000,11.690
2510203124,2026-09-20 14:00:00,800,1181.050,837.750,284.790,58.500,332.130,0.000,0.360
2510203126,2026-09-20 14:00:00,100,15.850,7.110,2.270,6.470,0.320,0.000,1.280
2510203127,2026-09-20 14:00:00,40,1259.590,821.570,335.610,102.400,364.920,0.000,49.020
2510203128,2026-09-20 14:00:00,500,7940.360,4167.750,1399.270,2373.330,368.720,0.000,112.480
2510203129,2026-09-20 14:00:00,80,6.450,3.390,1.220,1.840,0.000,0.000,1.390
2510203130,2026-09-20 14:00:00,120,30.740,21.800,6.530,2.390,8.990,0.000,0.470
2510203133,2026-09-20 14:00:00,40,664.570,452.890,167.140,44.530,113.270,0.000,47.470
2510203134,2026-09-20 14:00:00,200,141.260,82.670,32.620,25.970,6.060,0.000,33.260
2510224049,2026-09-20 14:00:00,1,53330.750,20783.461,10906.000,21641.279,118.590,0.000,8953.180
2510224167,2026-09-20 14:00:00,1,20704.221,9113.520,4059.940,7530.750,841.260,0.000,5620.010
2510317505,2026-09-20 14:00:00,1,15074.560,6608.320,3195.220,5271.010,0.740,0.000,4486.210
2510317537,2026-09-20 14:00:00,1,11726.370,6734.380,2215.610,2776.370,218.560,1427.680,2131.650
2510389559,2026-09-20 14:00:00,1,36.870,20.630,14.320,1.910,30.680,0.000,5.910
2510389643,2026-09-20 14:00:00,1,43017.469,15400.180,7701.970,19915.311,22.610,0.000,4066.680
2510389931,2026-09-20 14:00:00,1,31075.680,11867.360,6569.520,12638.800,0.150,0.000,4270.440
2510633381,2026-09-20 14:00:00,320,220.420,137.080,49.580,33.750,6.270,0.000,44.980
2510633383,2026-09-20 14:00:00,40,1706.660,1278.840,393.750,34.060,52.190,0.000,309.050
2510633385,2026-09-20 14:00:00,60,1211.020,569.600,241.440,399.970,47.600,0.000,94.230
2510633386,2026-09-20 14:00:00,500,482.450,274.840,104.020,103.590,30.900,0.000,2706.990
2510633387,2026-09-20 14:00:00,40,24.320,16.320,5.860,2.130,0.800,0.000,3.260
2510633389,2026-09-20 14:00:00,500,483.360,328.420,113.540,41.380,88.860,0.000,100.950
2510633390,2026-09-20 14:00:00,80,2097.930,1259.440,466.390,372.090,543.580,0.000,6.350
2510633391,2026-09-20 14:00:00,100,246.230,190.090,56.030,0.100,3.330,0.000,1.920
2510633393,2026-09-20 14:00:00,600,5930.170,3451.540,1178.680,1299.950,1262.530,0.000,0.480
2510633395,2026-09-20 14:00:00,40,1300.980,732.580,283.550,284.840,61.340,0.000,39.160
2510633396,2026-09-20 14:00:00,400,900.570,612.170,212.130,76.260,202.670,0.000,0.170
2510633397,2026-09-20 14:00:00,240,557.160,356.610,168.730,31.810,210.170,0.000,17.880
2510633399,2026-09-20 14:00:00,600,1146.630,659.330,246.440,240.840,58.110,0.000,57.010
2510633400,2026-09-20 14:00:00,800,742.090,452.210,171.500,118.370,156.380,0.000,28.000
2510633402,2026-09-20 14:00:00,300,552.040,332.740,117.000,102.290,136.170,0.000,10.400
2510633406,2026-09-20 14:00:00,60,358.540,162.050,69.820,126.670,18.460,0.000,97.520
2510633411,2026-09-20 14:00:00,800,4709.010,2687.890,983.490,1037.620,1672.730,0.000,29.340
2510814977,2026-09-20 14:00:00,400,51.770,31.940,12.250,7.570,1.840,0.000,10.480
2610026950,2026-09-20 14:00:00,600,14.380,9.190,3.300,1.870,1.280,0.000,3.100
2610026952,2026-09-20 14:00:00,200,3540.350,2303.360,1022.960,214.020,1781.060,0.000,9.750
2610026953,2026-09-20 14:00:00,700,656.790,387.730,148.300,120.750,189.050,0.000,0.670
2610026963,2026-09-20 14:00:00,200,373.990,193.540,91.590,88.840,23.630,2.230,94.420
2610026966,2026-09-20 14:00:00,240,952.840,683.890,236.300,32.640,198.070,0.000,0.000
2610026977,2026-09-20 14:00:00,30,628.200,262.150,98.490,267.550,107.940,0.000,28.120
2610126270,2026-09-20 14:00:00,400,26.650,16.870,6.320,3.450,1.000,0.000,7.760
2610126451,2026-09-20 14:00:00,300,111.100,72.240,27.030,11.820,55.700,0.000,0.270
2610159557,2026-09-20 14:00:00,600,17.160,9.840,3.690,3.620,0.230,0.000,10.240
2610170786,2026-09-20 14:00:00,500,604.030,342.630,118.840,142.540,118.140,0.000,2.940
2610170836,2026-09-20 14:00:00,100,125.260,78.330,28.340,18.580,70.290,0.000,0.550
2610170837,2026-09-20 14:00:00,240,12.100,7.810,2.660,1.620,1.470,0.000,0.140
2610170838,2026-09-20 14:00:00,240,32.480,20.630,7.210,4.640,3.660,0.000,0.310
2610170840,2026-09-20 14:00:00,40,309.730,176.770,60.450,72.500,65.190,0.000,29.990
2610322967,2026-09-20 14:00:00,500,3.720,2.250,0.930,0.530,0.490,0.000,0.020
2610322969,2026-09-20 14:00:00,100,100.510,70.370,24.240,5.890,13.170,0.000,1.990
2610322982,2026-09-20 14:00:00,160,3.820,2.310,0.800,0.710,0.000,0.000,1.960
2610322995,2026-09-20 14:00:00,40,4.330,2.610,0.900,0.810,0.000,0.000,2.670
2610322997,2026-09-20 14:00:00,400,554.650,325.680,126.540,102.420,209.580,0.000,0.570
2610323001,2026-09-20 14:00:00,160,1773.100,1053.760,475.940,243.390,805.110,0.000,0.000
2610323004,2026-09-20 14:00:00,3000,91.540,69.250,11.860,10.410,21.320,0.000,2.030
2610323005,2026-09-20 14:00:00,120,11.420,7.710,2.900,0.810,1.600,0.000,0.770
2610323010,2026-09-20 14:00:00,60,16.020,10.710,3.830,1.470,1.340,0.000,4.180
2610323016,2026-09-20 14:00:00,160,1588.750,877.080,345.960,365.700,716.190,0.000,0.000
2610323019,2026-09-20 14:00:00,80,47.790,30.220,10.330,7.230,2.980,0.000,11.780
2610323027,2026-09-20 14:00:00,60,5.710,3.480,1.190,1.040,0.000,0.000,3.110
2510203105,2026-09-20 14:02:00,100,2429.020,1689.790,685.680,53.540,571.470,0.000,70.380
2610026976,2026-09-20 14:02:00,60,1462.560,952.450,327.310,182.780,143.220,0.000,26.670
2610323017,2026-09-20 14:02:00,60,5.600,3.360,1.170,1.050,0.000,0.000,3.050
2410883994,2026-09-20 14:03:00,320,106.610,47.710,21.220,37.680,3.450,0.000,6.490
2310396107,2026-09-20 14:30:00,160,1235.350,909.890,151.270,174.170,343.730,0.000,24.300
2410121326,2026-09-20 14:30:00,200,1572.150,1014.250,440.540,117.350,371.820,0.000,5.450
2410121353,2026-09-20 14:30:00,120,711.310,493.250,194.080,23.960,157.390,0.000,15.380
2410121371,2026-09-20 14:30:00,120,600.070,372.180,132.190,95.690,71.390,0.000,29.550
2410121424,2026-09-20 14:30:00,120,47.950,29.480,11.170,7.290,1.600,0.000,17.690
2410121440,2026-09-20 14:30:00,120,21.130,13.930,4.220,2.970,2.510,0.000,5.900
2410121454,2026-09-20 14:30:00,160,2044.780,1289.840,441.330,313.600,332.600,0.000,76.290
2410121457,2026-09-20 14:30:00,120,1773.380,1135.280,497.990,140.100,332.880,0.000,42.560
2410121574,2026-09-20 14:30:00,120,4877.120,3519.900,1134.520,222.690,421.600,0.000,379.950
2410131378,2026-09-20 14:30:00,200,1845.150,1187.490,512.390,145.260,405.200,0.000,9.460
2410131383,2026-09-20 14:30:00,400,1060.300,702.280,226.570,131.430,47.710,0.000,65.600
2410131384,2026-09-20 14:30:00,200,9807.830,5564.460,1973.280,2270.090,2044.570,0.000,4.900
2410131387,2026-09-20 14:30:00,600,546.860,342.230,130.300,74.320,57.340,0.000,58.590
2410320615,2026-09-20 14:30:00,700,15463.710,9479.310,3771.540,2212.850,3822.160,0.000,51.450
2410883988,2026-09-20 14:30:00,100,35.900,18.270,5.360,12.260,3.390,0.000,2.130
2410883990,2026-09-20 14:30:00,60,2995.650,1718.170,639.280,638.190,888.620,0.000,38.530
2410883991,2026-09-20 14:30:00,100,2726.550,1641.330,613.140,472.070,256.080,0.260,74.130
2410883993,2026-09-20 14:30:00,60,3121.580,1506.960,591.860,1022.750,122.760,0.000,338.030
2410883994,2026-09-20 14:30:00,320,106.620,47.720,21.220,37.680,3.450,0.000,6.490
2410932742,2026-09-20 14:30:00,240,19878.561,11568.440,3691.880,4618.230,5039.810,0.000,5.960
2411087432,2026-09-20 14:30:00,40,3654.490,2269.500,1046.510,338.460,738.130,0.000,31.000
2411087433,2026-09-20 14:30:00,500,827.230,489.240,179.970,158.000,21.310,0.000,777.970
2411290205,2026-09-20 14:30:00,240,9635.870,6482.750,2821.920,331.180,3415.410,0.000,59.530
2510014481,2026-09-20 14:30:00,80,15361.460,8954.060,2959.770,3447.620,5772.310,0.000,5.520
2510014482,2026-09-20 14:30:00,40,1288.980,897.910,354.430,36.640,84.510,0.000,63.040
2510014483,2026-09-20 14:30:00,300,228.690,131.730,50.910,46.040,0.000,0.000,185.660
2510014484,2026-09-20 14:30:00,160,9412.130,5336.090,2082.880,1993.150,1519.510,0.000,21.500
2510178139,2026-09-20 14:30:00,300,824.860,479.050,175.350,170.450,179.820,0.000,14.140
2510203103,2026-09-20 14:30:00,400,1857.500,1105.780,417.860,333.850,61.810,3.510,329.680
2510203104,2026-09-20 14:30:00,120,3022.150,1815.360,708.160,498.620,454.620,0.000,69.190
2510203105,2026-09-20 14:30:00,100,2429.300,1690.070,685.680,53.540,571.550,0.000,70.390
2510203106,2026-09-20 14:30:00,100,98.730,45.710,16.640,36.370,0.410,0.000,37.080
2510203107,2026-09-20 14:30:00,600,610.300,389.020,164.680,56.590,176.730,0.000,12.500
2510203109,2026-09-20 14:30:00,160,1520.180,953.940,467.330,98.900,458.220,0.000,87.160
2510203111,2026-09-20 14:30:00,40,3927.720,2478.380,967.950,481.380,1072.330,0.000,12.670
2510203113,2026-09-20 14:30:00,160,4436.990,2826.890,1073.670,536.420,264.620,0.000,111.230
2510203114,2026-09-20 14:30:00,120,1900.080,1193.130,469.000,237.940,381.530,0.000,33.510
2510203117,2026-09-20 14:30:00,80,1655.710,882.510,359.380,413.810,281.860,0.000,164.910
2510203118,2026-09-20 14:30:00,640,194.250,112.280,43.680,38.280,26.990,0.010,113.130
2510203119,2026-09-20 14:30:00,40,480.820,323.290,123.490,34.020,180.180,0.000,14.790
2510203120,2026-09-20 14:30:00,160,4297.990,2638.670,947.700,711.610,997.450,0.000,14.900
2510203122,2026-09-20 14:30:00,40,936.580,593.940,293.810,48.820,685.660,0.000,0.710
2510203123,2026-09-20 14:30:00,40,2654.070,1749.510,723.120,181.430,843.210,0.000,11.700
2510203124,2026-09-20 14:30:00,800,1181.320,838.020,284.790,58.500,332.200,0.000,0.360
2510203126,2026-09-20 14:30:00,100,15.860,7.110,2.270,6.470,0.320,0.000,1.280
2510203127,2026-09-20 14:30:00,40,1259.700,821.690,335.610,102.400,364.990,0.000,49.020
2510203130,2026-09-20 14:30:00,120,30.860,21.920,6.530,2.390,9.010,0.000,0.470
2510203133,2026-09-20 14:30:00,40,664.580,452.900,167.140,44.530,113.270,0.000,47.470
2510203134,2026-09-20 14:30:00,200,141.270,82.670,32.620,25.970,6.060,0.000,33.260
2510224049,2026-09-20 14:30:00,1,53330.980,20783.689,10906.000,21641.279,118.590,0.000,8953.250
2510224167,2026-09-20 14:30:00,1,20704.330,9113.630,4059.940,7530.750,841.260,0.000,5620.090
2510317505,2026-09-20 14:30:00,1,15074.700,6608.460,3195.220,5271.010,0.740,0.000,4486.340
2510317537,2026-09-20 14:30:00,1,11727.260,6735.270,2215.610,2776.370,218.560,1427.680,2131.750
2510389559,2026-09-20 14:30:00,1,36.870,20.630,14.320,1.910,30.680,0.000,5.910
2510389643,2026-09-20 14:30:00,1,43017.480,15400.190,7701.970,19915.311,22.610,0.000,4066.690
2510389931,2026-09-20 14:30:00,1,31075.689,11867.360,6569.520,12638.800,0.150,0.000,4270.450
2510633381,2026-09-20 14:30:00,320,220.430,137.090,49.580,33.750,6.270,0.000,44.990
2510633383,2026-09-20 14:30:00,40,1706.670,1278.850,393.750,34.060,52.190,0.000,309.080
2510633385,2026-09-20 14:30:00,60,1211.030,569.610,241.440,399.970,47.600,0.000,94.230
2510633386,2026-09-20 14:30:00,500,482.460,274.850,104.020,103.590,30.900,0.000,2707.370
2510633387,2026-09-20 14:30:00,40,24.320,16.320,5.860,2.130,0.800,0.000,3.260
2510633389,2026-09-20 14:30:00,500,483.820,328.890,113.540,41.380,89.030,0.000,100.950
2510633390,2026-09-20 14:30:00,80,2098.480,1259.990,466.390,372.090,543.720,0.000,6.350
2510633391,2026-09-20 14:30:00,100,246.230,190.090,56.030,0.100,3.330,0.000,1.920
2510633393,2026-09-20 14:30:00,600,5930.580,3451.950,1178.680,1299.950,1262.600,0.000,0.480
2510633395,2026-09-20 14:30:00,40,1300.980,732.580,283.550,284.840,61.340,0.000,39.160
2510633396,2026-09-20 14:30:00,400,900.830,612.420,212.130,76.260,202.760,0.000,0.170
2510633397,2026-09-20 14:30:00,240,557.180,356.630,168.730,31.810,210.170,0.000,17.880
2510633399,2026-09-20 14:30:00,600,1146.810,659.510,246.440,240.840,58.110,0.000,57.010
2510633400,2026-09-20 14:30:00,800,742.130,452.250,171.500,118.370,156.390,0.000,28.000
2510633402,2026-09-20 14:30:00,300,552.120,332.820,117.000,102.290,136.200,0.000,10.400
2510633406,2026-09-20 14:30:00,60,358.540,162.050,69.820,126.670,18.460,0.000,97.520
2510633411,2026-09-20 14:30:00,800,4709.780,2688.650,983.490,1037.620,1673.020,0.000,29.340
2510814977,2026-09-20 14:30:00,400,51.770,31.940,12.250,7.570,1.840,0.000,10.480
2610026950,2026-09-20 14:30:00,600,14.380,9.200,3.300,1.870,1.280,0.000,3.100
2610026952,2026-09-20 14:30:00,200,3540.650,2303.660,1022.960,214.020,1781.160,0.000,9.750
2610026953,2026-09-20 14:30:00,700,656.870,387.810,148.300,120.750,189.080,0.000,0.670
2610026963,2026-09-20 14:30:00,200,374.000,193.550,91.590,88.840,23.630,2.230,94.430
2610026966,2026-09-20 14:30:00,240,952.870,683.920,236.300,32.640,198.080,0.000,0.000
2610026976,2026-09-20 14:30:00,60,1462.870,952.760,327.310,182.780,143.250,0.000,26.670
2610026977,2026-09-20 14:30:00,30,628.230,262.180,98.490,267.550,107.980,0.000,28.120
2610126270,2026-09-20 14:30:00,400,26.660,16.880,6.320,3.450,1.000,0.000,7.760
2610126451,2026-09-20 14:30:00,300,111.110,72.250,27.030,11.820,55.700,0.000,0.270
2610159557,2026-09-20 14:30:00,600,17.170,9.850,3.690,3.620,0.230,0.000,10.240
2610170786,2026-09-20 14:30:00,500,604.230,342.840,118.840,142.540,118.180,0.000,2.940
2610170836,2026-09-20 14:30:00,100,125.260,78.330,28.340,18.580,70.290,0.000,0.550
2610170837,2026-09-20 14:30:00,240,12.110,7.820,2.660,1.620,1.470,0.000,0.140
2610170838,2026-09-20 14:30:00,240,32.500,20.640,7.210,4.640,3.660,0.000,0.310
2610170840,2026-09-20 14:30:00,40,309.770,176.810,60.450,72.500,65.200,0.000,30.000
2610322967,2026-09-20 14:30:00,500,3.720,2.250,0.930,0.530,0.490,0.000,0.020
2610322969,2026-09-20 14:30:00,100,100.640,70.500,24.240,5.890,13.200,0.000,1.990
2610322982,2026-09-20 14:30:00,160,3.830,2.320,0.800,0.710,0.000,0.000,1.960
2610322995,2026-09-20 14:30:00,40,4.350,2.620,0.900,0.810,0.000,0.000,2.680
2610322997,2026-09-20 14:30:00,400,554.910,325.950,126.540,102.420,209.680,0.000,0.570
2610323001,2026-09-20 14:30:00,160,1774.030,1054.690,475.940,243.390,805.570,0.000,0.000
2610323004,2026-09-20 14:30:00,3000,91.550,69.260,11.860,10.410,21.320,0.000,2.030
2610323005,2026-09-20 14:30:00,120,11.420,7.710,2.900,0.810,1.600,0.000,0.770
2610323010,2026-09-20 14:30:00,60,16.040,10.730,3.830,1.470,1.350,0.000,4.180
2610323016,2026-09-20 14:30:00,160,1588.890,877.230,345.960,365.700,716.250,0.000,0.000
2610323017,2026-09-20 14:30:00,60,5.610,3.380,1.170,1.050,0.000,0.000,3.050
2610323019,2026-09-20 14:30:00,80,47.800,30.230,10.330,7.230,2.980,0.000,11.780
2610323027,2026-09-20 14:30:00,60,5.730,3.500,1.190,1.040,0.000,0.000,3.120
2510178141,2026-09-20 14:31:00,40,657.530,492.200,154.330,11.000,183.110,0.000,47.250
2510203108,2026-09-20 14:31:00,80,3966.480,2233.550,880.320,852.600,622.750,0.000,36.690
2510203128,2026-09-20 14:31:00,500,7940.920,4168.310,1399.270,2373.330,368.750,0.000,112.480
2510203129,2026-09-20 14:31:00,80,6.450,3.390,1.220,1.840,0.000,0.000,1.390
2510203121,2026-09-20 14:32:00,100,1293.370,758.630,303.150,231.580,71.430,0.000,107.020
2310396107,2026-09-20 15:00:00,160,1235.620,910.170,151.270,174.170,343.830,0.000,24.300
2410121326,2026-09-20 15:00:00,200,1572.190,1014.290,440.540,117.350,371.830,0.000,5.450
2410121353,2026-09-20 15:00:00,120,711.410,493.350,194.080,23.960,157.420,0.000,15.380
2410121371,2026-09-20 15:00:00,120,600.120,372.230,132.190,95.690,71.390,0.000,29.550
2410121424,2026-09-20 15:00:00,120,47.950,29.480,11.170,7.290,1.600,0.000,17.690
2410121440,2026-09-20 15:00:00,120,21.140,13.940,4.220,2.970,2.510,0.000,5.900
2410121454,2026-09-20 15:00:00,160,2044.820,1289.880,441.330,313.600,332.600,0.000,76.290
2410121457,2026-09-20 15:00:00,120,1773.800,1135.700,497.990,140.100,333.020,0.000,42.560
2410121574,2026-09-20 15:00:00,120,4877.210,3519.980,1134.520,222.690,421.600,0.000,379.960
2410131378,2026-09-20 15:00:00,200,1845.200,1187.540,512.390,145.260,405.200,0.000,9.470
2410131383,2026-09-20 15:00:00,400,1060.320,702.300,226.570,131.430,47.710,0.000,65.600
2410131384,2026-09-20 15:00:00,200,9807.850,5564.470,1973.280,2270.090,2044.570,0.000,4.900
2410131387,2026-09-20 15:00:00,600,546.870,342.230,130.300,74.320,57.340,0.000,58.590
2410320615,2026-09-20 15:00:00,700,15463.910,9479.510,3771.540,2212.850,3822.200,0.000,51.450
2410883988,2026-09-20 15:00:00,100,35.900,18.270,5.360,12.260,3.390,0.000,2.130
2410883990,2026-09-20 15:00:00,60,2995.680,1718.200,639.280,638.190,888.620,0.000,38.530
2410883991,2026-09-20 15:00:00,100,2726.620,1641.400,613.140,472.070,256.090,0.260,74.130
2410883993,2026-09-20 15:00:00,60,3121.780,1507.160,591.860,1022.750,122.790,0.000,338.030
2410883994,2026-09-20 15:00:00,320,106.630,47.720,21.220,37.680,3.450,0.000,6.490
2410932742,2026-09-20 15:00:00,240,19879.539,11569.420,3691.880,4618.230,5040.100,0.000,5.960
2411087432,2026-09-20 15:00:00,40,3654.540,2269.560,1046.510,338.460,738.130,0.000,31.010
2411087433,2026-09-20 15:00:00,500,827.430,489.440,179.970,158.000,21.320,0.000,777.970
2411290205,2026-09-20 15:00:00,240,9636.060,6482.940,2821.920,331.180,3415.520,0.000,59.530
2510014481,2026-09-20 15:00:00,80,15361.980,8954.580,2959.770,3447.620,5772.500,0.000,5.520
2510014482,2026-09-20 15:00:00,40,1288.990,897.910,354.430,36.640,84.510,0.000,63.040
2510014483,2026-09-20 15:00:00,300,228.710,131.740,50.910,46.040,0.000,0.000,185.670
2510178139,2026-09-20 15:00:00,300,824.970,479.160,175.350,170.450,179.860,0.000,14.140
2510203103,2026-09-20 15:00:00,400,1857.510,1105.790,417.860,333.850,61.810,3.510,329.680
2510203104,2026-09-20 15:00:00,120,3022.190,1815.400,708.160,498.620,454.620,0.000,69.190
2510203105,2026-09-20 15:00:00,100,2429.570,1690.340,685.680,53.540,571.620,0.000,70.400
2510203106,2026-09-20 15:00:00,100,98.730,45.710,16.640,36.370,0.410,0.000,37.080
2510203107,2026-09-20 15:00:00,600,610.380,389.110,164.680,56.590,176.740,0.000,12.500
2510203108,2026-09-20 15:00:00,80,3966.910,2233.980,880.320,852.600,622.830,0.000,36.690
2510203109,2026-09-20 15:00:00,160,1520.280,954.040,467.330,98.900,458.220,0.000,87.160
2510203113,2026-09-20 15:00:00,160,4437.860,2827.760,1073.670,536.420,264.730,0.000,111.230
2510203114,2026-09-20 15:00:00,120,1900.090,1193.140,469.000,237.940,381.530,0.000,33.510
2510203117,2026-09-20 15:00:00,80,1655.760,882.560,359.380,413.810,281.860,0.000,164.910
2510203118,2026-09-20 15:00:00,640,194.250,112.290,43.680,38.280,26.990,0.010,113.170
2510203119,2026-09-20 15:00:00,40,480.820,323.290,123.490,34.020,180.180,0.000,14.790
2510203120,2026-09-20 15:00:00,160,4298.250,2638.930,947.700,711.610,997.520,0.000,14.900
2510203121,2026-09-20 15:00:00,100,1293.460,758.720,303.150,231.580,71.440,0.000,107.020
2510203122,2026-09-20 15:00:00,40,936.590,593.950,293.810,48.820,685.670,0.000,0.710
2510203123,2026-09-20 15:00:00,40,2654.070,1749.510,723.120,181.430,843.210,0.000,11.700
2510203126,2026-09-20 15:00:00,100,15.860,7.110,2.270,6.470,0.320,0.000,1.280
2510203127,2026-09-20 15:00:00,40,1259.820,821.800,335.610,102.400,365.070,0.000,49.020
2510203128,2026-09-20 15:00:00,500,7941.440,4168.830,1399.270,2373.330,368.770,0.000,112.480
2510203129,2026-09-20 15:00:00,80,6.460,3.390,1.220,1.840,0.000,0.000,1.390
2510203130,2026-09-20 15:00:00,120,31.000,22.070,6.530,2.390,9.030,0.000,0.470
2510203133,2026-09-20 15:00:00,40,664.580,452.900,167.140,44.530,113.270,0.000,47.470
2510203134,2026-09-20 15:00:00,200,141.270,82.670,32.620,25.970,6.060,0.000,33.260
2510224049,2026-09-20 15:00:00,1,53331.199,20783.910,10906.000,21641.279,118.590,0.000,8953.320
2510224167,2026-09-20 15:00:00,1,20704.439,9113.740,4059.940,7530.750,841.260,0.000,5620.180
2510317505,2026-09-20 15:00:00,1,15074.840,6608.600,3195.220,5271.010,0.740,0.000,4486.470
2510317537,2026-09-20 15:00:00,1,11728.200,6736.220,2215.610,2776.370,218.560,1427.680,2131.860
2510389559,2026-09-20 15:00:00,1,36.870,20.630,14.320,1.910,30.680,0.000,5.910
2510389643,2026-09-20 15:00:00,1,43017.512,15400.220,7701.970,19915.311,22.610,0.000,4066.700
2510389931,2026-09-20 15:00:00,1,31075.689,11867.360,6569.520,12638.800,0.150,0.000,4270.450
2510633381,2026-09-20 15:00:00,320,220.440,137.100,49.580,33.750,6.270,0.000,44.990
2510633383,2026-09-20 15:00:00,40,1706.680,1278.860,393.750,34.060,52.190,0.000,309.110
2510633385,2026-09-20 15:00:00,60,1211.050,569.630,241.440,399.970,47.600,0.000,94.240
2510633386,2026-09-20 15:00:00,500,482.470,274.860,104.020,103.590,30.900,0.000,2707.760
2510633387,2026-09-20 15:00:00,40,24.320,16.320,5.860,2.130,0.800,0.000,3.260
2510633389,2026-09-20 15:00:00,500,484.320,329.380,113.540,41.380,89.210,0.000,100.950
2510633390,2026-09-20 15:00:00,80,2099.020,1260.530,466.390,372.090,543.860,0.000,6.350
2510633391,2026-09-20 15:00:00,100,246.230,190.090,56.030,0.100,3.330,0.000,1.920
2510633393,2026-09-20 15:00:00,600,5930.960,3452.330,1178.680,1299.950,1262.670,0.000,0.480
2510633395,2026-09-20 15:00:00,40,1300.980,732.580,283.550,284.840,61.340,0.000,39.160
2510633396,2026-09-20 15:00:00,400,901.000,612.590,212.130,76.260,202.830,0.000,0.170
2510633397,2026-09-20 15:00:00,240,557.200,356.650,168.730,31.810,210.170,0.000,17.880
2510633399,2026-09-20 15:00:00,600,1147.000,659.710,246.440,240.840,58.110,0.000,57.010
2510633400,2026-09-20 15:00:00,800,742.180,452.300,171.500,118.370,156.400,0.000,28.000
2510633402,2026-09-20 15:00:00,300,552.200,332.900,117.000,102.290,136.240,0.000,10.400
2510633406,2026-09-20 15:00:00,60,358.540,162.050,69.820,126.670,18.460,0.000,97.520
2510633411,2026-09-20 15:00:00,800,4710.540,2689.420,983.490,1037.620,1673.320,0.000,29.340
2510814977,2026-09-20 15:00:00,400,51.770,31.950,12.250,7.570,1.840,0.000,10.490
2610026950,2026-09-20 15:00:00,600,14.380,9.200,3.300,1.870,1.280,0.000,3.100
2610026952,2026-09-20 15:00:00,200,3541.020,2304.030,1022.960,214.020,1781.300,0.000,9.750
2610026953,2026-09-20 15:00:00,700,656.960,387.900,148.300,120.750,189.110,0.000,0.670
2610026963,2026-09-20 15:00:00,200,374.010,193.560,91.590,88.840,23.630,2.230,94.450
2610026966,2026-09-20 15:00:00,240,952.900,683.950,236.300,32.640,198.090,0.000,0.000
2610026976,2026-09-20 15:00:00,60,1463.220,953.110,327.310,182.780,143.280,0.000,26.670
2610026977,2026-09-20 15:00:00,30,628.270,262.230,98.490,267.550,108.010,0.000,28.120
2610126270,2026-09-20 15:00:00,400,26.670,16.880,6.320,3.450,1.010,0.000,7.760
2610126451,2026-09-20 15:00:00,300,111.130,72.270,27.030,11.820,55.700,0.000,0.270
2610159557,2026-09-20 15:00:00,600,17.180,9.860,3.690,3.620,0.230,0.000,10.240
2610170786,2026-09-20 15:00:00,500,604.510,343.120,118.840,142.540,118.250,0.000,2.940
2610170836,2026-09-20 15:00:00,100,125.260,78.330,28.340,18.580,70.290,0.000,0.550
2610170837,2026-09-20 15:00:00,240,12.120,7.830,2.660,1.620,1.480,0.000,0.140
2610170838,2026-09-20 15:00:00,240,32.510,20.650,7.210,4.640,3.660,0.000,0.310
2610170840,2026-09-20 15:00:00,40,309.860,176.900,60.450,72.500,65.240,0.000,30.010
2610322967,2026-09-20 15:00:00,500,3.730,2.250,0.930,0.530,0.490,0.000,0.020
2610322969,2026-09-20 15:00:00,100,100.780,70.640,24.240,5.890,13.230,0.000,1.990
2610322982,2026-09-20 15:00:00,160,3.850,2.330,0.800,0.710,0.000,0.000,1.970
2610322995,2026-09-20 15:00:00,40,4.360,2.630,0.900,0.810,0.000,0.000,2.680
2610322997,2026-09-20 15:00:00,400,555.070,326.100,126.540,102.420,209.720,0.000,0.570
2610323001,2026-09-20 15:00:00,160,1774.930,1055.590,475.940,243.390,806.030,0.000,0.000
2610323004,2026-09-20 15:00:00,3000,91.560,69.270,11.860,10.410,21.320,0.000,2.040
2610323005,2026-09-20 15:00:00,120,11.420,7.710,2.900,0.810,1.600,0.000,0.770
2610323010,2026-09-20 15:00:00,60,16.050,10.740,3.830,1.470,1.370,0.000,4.180
2610323016,2026-09-20 15:00:00,160,1589.090,877.430,345.960,365.700,716.320,0.000,0.000
2610323017,2026-09-20 15:00:00,60,5.630,3.390,1.170,1.050,0.000,0.000,3.060
2610323019,2026-09-20 15:00:00,80,47.810,30.240,10.330,7.230,2.980,0.000,11.780
2610323027,2026-09-20 15:00:00,60,5.750,3.510,1.190,1.040,0.000,0.000,3.120
2510014484,2026-09-20 15:01:00,160,9412.210,5336.170,2082.880,1993.150,1519.510,0.000,21.510
2510203111,2026-09-20 15:01:00,40,3927.720,2478.380,967.950,481.380,1072.330,0.000,12.670
2510203124,2026-09-20 15:01:00,800,1181.570,838.270,284.790,58.500,332.270,0.000,0.360
2510178141,2026-09-20 15:02:00,40,657.530,492.200,154.330,11.000,183.110,0.000,47.260
2310396107,2026-09-20 15:30:00,160,1235.880,910.430,151.270,174.170,343.920,0.000,24.300
2410121326,2026-09-20 15:30:00,200,1572.230,1014.320,440.540,117.350,371.850,0.000,5.450
2410121353,2026-09-20 15:30:00,120,711.500,493.440,194.080,23.960,157.450,0.000,15.380
2410121371,2026-09-20 15:30:00,120,600.170,372.280,132.190,95.690,71.390,0.000,29.550
2410121424,2026-09-20 15:30:00,120,47.950,29.490,11.170,7.290,1.600,0.000,17.700
2410121440,2026-09-20 15:30:00,120,21.150,13.950,4.220,2.970,2.510,0.000,5.900
2410121454,2026-09-20 15:30:00,160,2044.860,1289.920,441.330,313.600,332.610,0.000,76.290
2410121457,2026-09-20 15:30:00,120,1774.220,1136.120,497.990,140.100,333.160,0.000,42.560
2410121574,2026-09-20 15:30:00,120,4877.300,3520.070,1134.520,222.690,421.600,0.000,379.980
2410131378,2026-09-20 15:30:00,200,1845.200,1187.550,512.390,145.260,405.200,0.000,9.470
2410131383,2026-09-20 15:30:00,400,1060.340,702.320,226.570,131.430,47.710,0.000,65.600
2410131384,2026-09-20 15:30:00,200,9807.870,5564.490,1973.280,2270.090,2044.580,0.000,4.900
2410131387,2026-09-20 15:30:00,600,546.880,342.240,130.300,74.320,57.340,0.000,58.600
2410320615,2026-09-20 15:30:00,700,15464.110,9479.710,3771.540,2212.850,3822.240,0.000,51.450
2410883988,2026-09-20 15:30:00,100,35.910,18.270,5.360,12.260,3.390,0.000,2.130
2410883990,2026-09-20 15:30:00,60,2995.720,1718.240,639.280,638.190,888.630,0.000,38.530
2410883991,2026-09-20 15:30:00,100,2726.710,1641.490,613.140,472.070,256.100,0.260,74.130
2410883993,2026-09-20 15:30:00,60,3122.070,1507.450,591.860,1022.750,122.820,0.000,338.030
2410883994,2026-09-20 15:30:00,320,106.640,47.730,21.220,37.680,3.450,0.000,6.500
2410932742,2026-09-20 15:30:00,240,19880.529,11570.410,3691.880,4618.230,5040.380,0.000,5.960
2411087432,2026-09-20 15:30:00,40,3654.590,2269.600,1046.510,338.460,738.130,0.000,31.010
2411290205,2026-09-20 15:30:00,240,9636.250,6483.130,2821.920,331.180,3415.640,0.000,59.530
2510014481,2026-09-20 15:30:00,80,15362.500,8955.100,2959.770,3447.620,5772.690,0.000,5.520
2510014482,2026-09-20 15:30:00,40,1288.990,897.920,354.430,36.640,84.510,0.000,63.040
2510014483,2026-09-20 15:30:00,300,228.720,131.760,50.910,46.040,0.000,0.000,185.680
2510014484,2026-09-20 15:30:00,160,9412.270,5336.240,2082.880,1993.150,1519.510,0.000,21.510
2510178139,2026-09-20 15:30:00,300,825.070,479.270,175.350,170.450,179.900,0.000,14.140
2510178141,2026-09-20 15:30:00,40,657.540,492.200,154.330,11.000,183.110,0.000,47.260
2510203103,2026-09-20 15:30:00,400,1857.510,1105.790,417.860,333.850,61.810,3.510,329.680
2510203104,2026-09-20 15:30:00,120,3022.230,1815.440,708.160,498.620,454.630,0.000,69.190
2510203105,2026-09-20 15:30:00,100,2429.800,1690.570,685.680,53.540,571.680,0.000,70.400
2510203106,2026-09-20 15:30:00,100,98.730,45.710,16.640,36.370,0.410,0.000,37.080
2510203107,2026-09-20 15:30:00,600,610.470,389.200,164.680,56.590,176.750,0.000,12.510
2510203108,2026-09-20 15:30:00,80,3967.340,2234.410,880.320,852.600,622.890,0.000,36.690
2510203109,2026-09-20 15:30:00,160,1520.370,954.130,467.330,98.900,458.220,0.000,87.160
2510203111,2026-09-20 15:30:00,40,3927.730,2478.390,967.950,481.380,1072.330,0.000,12.670
2510203113,2026-09-20 15:30:00,160,4438.720,2828.620,1073.670,536.420,264.830,0.000,111.230
2510203114,2026-09-20 15:30:00,120,1900.100,1193.140,469.000,237.940,381.530,0.000,33.520
2510203117,2026-09-20 15:30:00,80,1655.820,882.620,359.380,413.810,281.860,0.000,164.920
2510203118,2026-09-20 15:30:00,640,194.250,112.290,43.680,38.280,26.990,0.010,113.210
2510203119,2026-09-20 15:30:00,40,480.820,323.290,123.490,34.020,180.180,0.000,14.790
2510203120,2026-09-20 15:30:00,160,4298.540,2639.210,947.700,711.610,997.610,0.000,14.900
2510203121,2026-09-20 15:30:00,100,1293.570,758.820,303.150,231.580,71.460,0.000,107.020
2510203122,2026-09-20 15:30:00,40,936.600,593.970,293.810,48.820,685.670,0.000,0.710
2510203123,2026-09-20 15:30:00,40,2654.070,1749.510,723.120,181.430,843.210,0.000,11.700
2510203124,2026-09-20 15:30:00,800,1181.790,838.500,284.790,58.500,332.320,0.000,0.360
2510203126,2026-09-20 15:30:00,100,15.860,7.120,2.270,6.470,0.320,0.000,1.280
2510203127,2026-09-20 15:30:00,40,1259.920,821.910,335.610,102.400,365.130,0.000,49.020
2510203129,2026-09-20 15:30:00,80,6.460,3.400,1.220,1.840,0.000,0.000,1.390
2510203130,2026-09-20 15:30:00,120,31.130,22.190,6.530,2.390,9.040,0.000,0.470
2510203133,2026-09-20 15:30:00,40,664.590,452.910,167.140,44.530,113.270,0.000,47.470
2510203134,2026-09-20 15:30:00,200,141.280,82.680,32.620,25.970,6.060,0.000,33.270
2510224049,2026-09-20 15:30:00,1,53331.641,20784.350,10906.000,21641.279,118.590,0.000,8953.370
2510224167,2026-09-20 15:30:00,1,20704.561,9113.850,4059.940,7530.750,841.260,0.000,5620.260
2510317537,2026-09-20 15:30:00,1,11729.190,6737.210,2215.610,2776.370,218.560,1427.680,2132.010
2510389559,2026-09-20 15:30:00,1,36.870,20.630,14.320,1.910,30.680,0.000,5.910
2510389643,2026-09-20 15:30:00,1,43017.621,15400.330,7701.970,19915.311,22.610,0.000,4066.700
2510389931,2026-09-20 15:30:00,1,31075.689,11867.360,6569.520,12638.800,0.150,0.000,4270.460
2510633381,2026-09-20 15:30:00,320,220.460,137.120,49.580,33.750,6.270,0.000,45.000
2510633383,2026-09-20 15:30:00,40,1706.680,1278.870,393.750,34.060,52.190,0.000,309.140
2510633385,2026-09-20 15:30:00,60,1211.070,569.650,241.440,399.970,47.600,0.000,94.240
2510633386,2026-09-20 15:30:00,500,482.490,274.870,104.020,103.590,30.900,0.000,2708.150
2510633387,2026-09-20 15:30:00,40,24.320,16.330,5.860,2.130,0.800,0.000,3.260
2510633389,2026-09-20 15:30:00,500,484.830,329.890,113.540,41.380,89.370,0.000,100.950
2510633390,2026-09-20 15:30:00,80,2099.640,1261.150,466.390,372.090,544.070,0.000,6.350
2510633393,2026-09-20 15:30:00,600,5931.380,3452.750,1178.680,1299.950,1262.750,0.000,0.480
2510633395,2026-09-20 15:30:00,40,1300.980,732.580,283.550,284.840,61.340,0.000,39.160
2510633396,2026-09-20 15:30:00,400,901.170,612.760,212.130,76.260,202.900,0.000,0.170
2510633397,2026-09-20 15:30:00,240,557.220,356.670,168.730,31.810,210.170,0.000,17.890
2510633399,2026-09-20 15:30:00,600,1147.200,659.900,246.440,240.840,58.110,0.000,57.010
2510633400,2026-09-20 15:30:00,800,742.230,452.350,171.500,118.370,156.410,0.000,28.000
2510633402,2026-09-20 15:30:00,300,552.280,332.970,117.000,102.290,136.270,0.000,10.400
2510633406,2026-09-20 15:30:00,60,358.540,162.050,69.820,126.670,18.460,0.000,97.530
2510633411,2026-09-20 15:30:00,800,4711.280,2690.150,983.490,1037.620,1673.610,0.000,29.340
2510814977,2026-09-20 15:30:00,400,51.770,31.950,12.250,7.570,1.840,0.000,10.490
2610026950,2026-09-20 15:30:00,600,14.390,9.210,3.300,1.870,1.280,0.000,3.100
2610026952,2026-09-20 15:30:00,200,3541.310,2304.320,1022.960,214.020,1781.400,0.000,9.750
2610026953,2026-09-20 15:30:00,700,657.050,387.990,148.300,120.750,189.140,0.000,0.670
2610026963,2026-09-20 15:30:00,200,374.020,193.580,91.590,88.840,23.630,2.230,94.470
2610026966,2026-09-20 15:30:00,240,952.920,683.980,236.300,32.640,198.110,0.000,0.000
2610026976,2026-09-20 15:30:00,60,1463.570,953.460,327.310,182.780,143.330,0.000,26.670
2610026977,2026-09-20 15:30:00,30,628.320,262.270,98.490,267.550,108.050,0.000,28.120
2610126270,2026-09-20 15:30:00,400,26.670,16.890,6.320,3.450,1.010,0.000,7.760
2610126451,2026-09-20 15:30:00,300,111.140,72.280,27.030,11.820,55.700,0.000,0.270
2610159557,2026-09-20 15:30:00,600,17.190,9.870,3.690,3.620,0.230,0.000,10.250
2610170786,2026-09-20 15:30:00,500,604.780,343.380,118.840,142.540,118.320,0.000,2.940
2610170836,2026-09-20 15:30:00,100,125.270,78.330,28.340,18.580,70.290,0.000,0.550
2610170837,2026-09-20 15:30:00,240,12.130,7.840,2.660,1.620,1.480,0.000,0.140
2610170838,2026-09-20 15:30:00,240,32.530,20.670,7.210,4.640,3.660,0.000,0.310
2610170840,2026-09-20 15:30:00,40,310.020,177.060,60.450,72.500,65.310,0.000,30.020
2610322967,2026-09-20 15:30:00,500,3.730,2.250,0.930,0.530,0.490,0.000,0.020
2610322969,2026-09-20 15:30:00,100,100.920,70.780,24.240,5.890,13.260,0.000,1.990
2610322982,2026-09-20 15:30:00,160,3.860,2.340,0.800,0.710,0.000,0.000,1.970
2610322995,2026-09-20 15:30:00,40,4.370,2.650,0.900,0.810,0.000,0.000,2.690
2610322997,2026-09-20 15:30:00,400,555.230,326.260,126.540,102.420,209.760,0.000,0.570
2610323001,2026-09-20 15:30:00,160,1775.850,1056.510,475.940,243.390,806.490,0.000,0.000
2610323004,2026-09-20 15:30:00,3000,91.570,69.280,11.860,10.410,21.320,0.000,2.040
2610323005,2026-09-20 15:30:00,120,11.420,7.710,2.900,0.810,1.600,0.000,0.770
2610323010,2026-09-20 15:30:00,60,16.070,10.760,3.830,1.470,1.380,0.000,4.180
2610323016,2026-09-20 15:30:00,160,1589.280,877.610,345.960,365.700,716.370,0.000,0.000
2610323017,2026-09-20 15:30:00,60,5.640,3.410,1.170,1.050,0.000,0.000,3.060
2610323019,2026-09-20 15:30:00,80,47.820,30.250,10.330,7.230,2.980,0.000,11.790
2610323027,2026-09-20 15:30:00,60,5.770,3.530,1.190,1.040,0.000,0.000,3.130
2411087433,2026-09-20 15:31:00,500,827.640,489.650,179.970,158.000,21.320,0.000,777.970
2510203128,2026-09-20 15:32:00,500,7942.020,4169.410,1399.270,2373.330,368.810,0.000,112.480
2510317505,2026-09-20 15:32:00,1,15074.990,6608.750,3195.220,5271.010,0.740,0.000,4486.610
2510633391,2026-09-20 15:32:00,100,246.230,190.090,56.030,0.100,3.330,0.000,1.920
2310396107,2026-09-20 16:00:00,160,1236.160,910.700,151.270,174.170,344.020,0.000,24.300
2410121326,2026-09-20 16:00:00,200,1572.280,1014.380,440.540,117.350,371.860,0.000,5.450
2410121353,2026-09-20 16:00:00,120,711.580,493.530,194.080,23.960,157.470,0.000,15.380
2410121371,2026-09-20 16:00:00,120,600.220,372.330,132.190,95.690,71.400,0.000,29.550
2410121424,2026-09-20 16:00:00,120,47.960,29.490,11.170,7.290,1.600,0.000,17.700
2410121440,2026-09-20 16:00:00,120,21.150,13.950,4.220,2.970,2.510,0.000,5.900
2410121454,2026-09-20 16:00:00,160,2044.900,1289.960,441.330,313.600,332.620,0.000,76.290
2410121457,2026-09-20 16:00:00,120,1774.660,1136.560,497.990,140.100,333.300,0.000,42.560
2410121574,2026-09-20 16:00:00,120,4877.390,3520.170,1134.520,222.690,421.600,0.000,379.990
2410131378,2026-09-20 16:00:00,200,1845.210,1187.550,512.390,145.260,405.200,0.000,9.470
2410131383,2026-09-20 16:00:00,400,1060.370,702.350,226.570,131.430,47.710,0.000,65.610
2410131384,2026-09-20 16:00:00,200,9807.890,5564.510,1973.280,2270.090,2044.580,0.000,4.900
2410320615,2026-09-20 16:00:00,700,15464.320,9479.920,3771.540,2212.850,3822.280,0.000,51.450
2410883988,2026-09-20 16:00:00,100,35.910,18.280,5.360,12.260,3.390,0.000,2.130
2410883990,2026-09-20 16:00:00,60,2995.760,1718.280,639.280,638.190,888.640,0.000,38.530
2410883991,2026-09-20 16:00:00,100,2726.780,1641.570,613.140,472.070,256.120,0.260,74.130
2410883993,2026-09-20 16:00:00,60,3122.320,1507.690,591.860,1022.750,122.860,0.000,338.030
2410883994,2026-09-20 16:00:00,320,106.640,47.740,21.220,37.680,3.450,0.000,6.500
2410932742,2026-09-20 16:00:00,240,19881.520,11571.400,3691.880,4618.230,5040.670,0.000,5.960
2411087432,2026-09-20 16:00:00,40,3654.690,2269.710,1046.510,338.460,738.130,0.000,31.010
2411087433,2026-09-20 16:00:00,500,827.840,489.850,179.970,158.000,21.320,0.000,777.980
2411290205,2026-09-20 16:00:00,240,9636.420,6483.300,2821.920,331.180,3415.750,0.000,59.530
2510014481,2026-09-20 16:00:00,80,15363.020,8955.620,2959.770,3447.620,5772.880,0.000,5.520
2510014482,2026-09-20 16:00:00,40,1289.000,897.920,354.430,36.640,84.510,0.000,63.040
2510014483,2026-09-20 16:00:00,300,228.730,131.770,50.910,46.040,0.000,0.000,185.690
2510014484,2026-09-20 16:00:00,160,9412.340,5336.300,2082.880,1993.150,1519.510,0.000,21.520
2510178139,2026-09-20 16:00:00,300,825.170,479.370,175.350,170.450,179.950,0.000,14.140
2510178141,2026-09-20 16:00:00,40,657.540,492.210,154.330,11.000,183.110,0.000,47.270
2510203103,2026-09-20 16:00:00,400,1857.510,1105.790,417.860,333.850,61.810,3.510,329.680
2510203104,2026-09-20 16:00:00,120,3022.260,1815.480,708.160,498.620,454.630,0.000,69.190
2510203105,2026-09-20 16:00:00,100,2430.090,1690.860,685.680,53.540,571.750,0.000,70.410
2510203106,2026-09-20 16:00:00,100,98.740,45.720,16.640,36.370,0.410,0.000,37.080
2510203107,2026-09-20 16:00:00,600,610.590,389.320,164.680,56.590,176.770,0.000,12.510
2510203108,2026-09-20 16:00:00,80,3967.770,2234.840,880.320,852.600,622.990,0.000,36.690
2510203109,2026-09-20 16:00:00,160,1520.450,954.210,467.330,98.900,458.220,0.000,87.160
2510203111,2026-09-20 16:00:00,40,3927.730,2478.390,967.950,481.380,1072.330,0.000,12.680
2510203113,2026-09-20 16:00:00,160,4439.560,2829.460,1073.670,536.420,264.920,0.000,111.230
2510203114,2026-09-20 16:00:00,120,1900.110,1193.150,469.000,237.940,381.530,0.000,33.530
2510203117,2026-09-20 16:00:00,80,1655.880,882.680,359.380,413.810,281.860,0.000,164.920
2510203118,2026-09-20 16:00:00,640,194.250,112.290,43.680,38.280,26.990,0.010,113.250
2510203119,2026-09-20 16:00:00,40,480.820,323.290,123.490,34.020,180.180,0.000,14.790
2510203120,2026-09-20 16:00:00,160,4298.810,2639.480,947.700,711.610,997.690,0.000,14.900
2510203121,2026-09-20 16:00:00,100,1293.670,758.930,303.150,231.580,71.470,0.000,107.020
2510203122,2026-09-20 16:00:00,40,936.610,593.980,293.810,48.820,685.680,0.000,0.710
2510203123,2026-09-20 16:00:00,40,2654.070,1749.520,723.120,181.430,843.210,0.000,11.700
2510203124,2026-09-20 16:00:00,800,1182.010,838.710,284.790,58.500,332.390,0.000,0.360
2510203126,2026-09-20 16:00:00,100,15.860,7.120,2.270,6.470,0.320,0.000,1.280
2510203127,2026-09-20 16:00:00,40,1260.050,822.030,335.610,102.400,365.210,0.000,49.020
2510203128,2026-09-20 16:00:00,500,7942.520,4169.910,1399.270,2373.330,368.830,0.000,112.480
2510203129,2026-09-20 16:00:00,80,6.460,3.400,1.220,1.840,0.000,0.000,1.400
2510203130,2026-09-20 16:00:00,120,31.210,22.270,6.530,2.390,9.050,0.000,0.470
2510203133,2026-09-20 16:00:00,40,664.590,452.910,167.140,44.530,113.270,0.000,47.470
2510203134,2026-09-20 16:00:00,200,141.280,82.680,32.620,25.970,6.060,0.000,33.270
2510224049,2026-09-20 16:00:00,1,53333.000,20785.711,10906.000,21641.279,118.590,0.000,8953.390
2510224167,2026-09-20 16:00:00,1,20704.670,9113.970,4059.940,7530.750,841.260,0.000,5620.350
2510317505,2026-09-20 16:00:00,1,15075.120,6608.890,3195.220,5271.010,0.740,0.000,4486.730
2510317537,2026-09-20 16:00:00,1,11730.200,6738.220,2215.610,2776.370,218.560,1427.680,2132.180
2510389559,2026-09-20 16:00:00,1,36.870,20.630,14.320,1.910,30.680,0.000,5.910
2510389643,2026-09-20 16:00:00,1,43017.629,15400.330,7701.970,19915.311,22.610,0.000,4066.710
2510389931,2026-09-20 16:00:00,1,31075.689,11867.360,6569.520,12638.800,0.150,0.000,4270.470
2510633381,2026-09-20 16:00:00,320,220.470,137.130,49.580,33.750,6.270,0.000,45.000
2510633383,2026-09-20 16:00:00,40,1706.690,1278.880,393.750,34.060,52.190,0.000,309.180
2510633385,2026-09-20 16:00:00,60,1211.080,569.660,241.440,399.970,47.600,0.000,94.240
2510633387,2026-09-20 16:00:00,40,24.320,16.330,5.860,2.130,0.800,0.000,3.270
2510633390,2026-09-20 16:00:00,80,2100.250,1261.760,466.390,372.090,544.260,0.000,6.350
2510633391,2026-09-20 16:00:00,100,246.230,190.090,56.030,0.100,3.330,0.000,1.920
2510633393,2026-09-20 16:00:00,600,5931.780,3453.150,1178.680,1299.950,1262.840,0.000,0.480
2510633395,2026-09-20 16:00:00,40,1300.980,732.580,283.550,284.840,61.340,0.000,39.160
2510633396,2026-09-20 16:00:00,400,901.350,612.940,212.130,76.260,202.980,0.000,0.170
2510633397,2026-09-20 16:00:00,240,557.240,356.690,168.730,31.810,210.170,0.000,17.890
2510633399,2026-09-20 16:00:00,600,1147.410,660.120,246.440,240.840,58.120,0.000,57.010
2510633400,2026-09-20 16:00:00,800,742.270,452.390,171.500,118.370,156.430,0.000,28.000
2510633402,2026-09-20 16:00:00,300,552.350,333.040,117.000,102.290,136.290,0.000,10.400
2510633406,2026-09-20 16:00:00,60,358.550,162.050,69.820,126.670,18.460,0.000,97.530
2510633411,2026-09-20 16:00:00,800,4712.080,2690.950,983.490,1037.620,1673.930,0.000,29.340
2510814977,2026-09-20 16:00:00,400,51.780,31.950,12.250,7.570,1.840,0.000,10.490
2610026950,2026-09-20 16:00:00,600,14.390,9.210,3.300,1.870,1.280,0.000,3.100
2610026952,2026-09-20 16:00:00,200,3541.670,2304.680,1022.960,214.020,1781.530,0.000,9.750
2610026953,2026-09-20 16:00:00,700,657.140,388.080,148.300,120.750,189.170,0.000,0.670
2610026963,2026-09-20 16:00:00,200,374.040,193.590,91.590,88.840,23.630,2.230,94.490
2610026966,2026-09-20 16:00:00,240,952.950,684.000,236.300,32.640,198.110,0.000,0.000
2610026976,2026-09-20 16:00:00,60,1463.940,953.830,327.310,182.780,143.380,0.000,26.670
2610026977,2026-09-20 16:00:00,30,628.360,262.310,98.490,267.550,108.080,0.000,28.120
2610126270,2026-09-20 16:00:00,400,26.680,16.900,6.320,3.450,1.020,0.000,7.760
2610126451,2026-09-20 16:00:00,300,111.160,72.290,27.030,11.820,55.710,0.000,0.270
2610159557,2026-09-20 16:00:00,600,17.200,9.880,3.690,3.620,0.230,0.000,10.250
2610170786,2026-09-20 16:00:00,500,605.060,343.670,118.840,142.540,118.390,0.000,2.940
2610170836,2026-09-20 16:00:00,100,125.270,78.330,28.340,18.580,70.290,0.000,0.550
2610170837,2026-09-20 16:00:00,240,12.140,7.850,2.660,1.620,1.480,0.000,0.140
2610170838,2026-09-20 16:00:00,240,32.540,20.690,7.210,4.640,3.670,0.000,0.310
2610170840,2026-09-20 16:00:00,40,310.120,177.170,60.450,72.500,65.350,0.000,30.020
2610322967,2026-09-20 16:00:00,500,3.730,2.260,0.930,0.530,0.490,0.000,0.020
2610322969,2026-09-20 16:00:00,100,101.100,70.950,24.240,5.890,13.320,0.000,1.990
2610322982,2026-09-20 16:00:00,160,3.870,2.350,0.800,0.710,0.000,0.000,1.970
2610322995,2026-09-20 16:00:00,40,4.380,2.660,0.900,0.810,0.000,0.000,2.690
2610322997,2026-09-20 16:00:00,400,555.380,326.420,126.540,102.420,209.800,0.000,0.570
2610323001,2026-09-20 16:00:00,160,1776.790,1057.450,475.940,243.390,806.950,0.000,0.000
2610323004,2026-09-20 16:00:00,3000,91.580,69.290,11.860,10.410,21.330,0.000,2.040
2610323005,2026-09-20 16:00:00,120,11.430,7.710,2.900,0.810,1.600,0.000,0.770
2610323010,2026-09-20 16:00:00,60,16.080,10.770,3.830,1.470,1.400,0.000,4.180
2610323016,2026-09-20 16:00:00,160,1589.430,877.770,345.960,365.700,716.440,0.000,0.000
2610323017,2026-09-20 16:00:00,60,5.660,3.420,1.170,1.050,0.000,0.000,3.070
2610323019,2026-09-20 16:00:00,80,47.840,30.260,10.330,7.230,2.980,0.000,11.790
2610323027,2026-09-20 16:00:00,60,5.780,3.550,1.190,1.040,0.000,0.000,3.130
2410131387,2026-09-20 16:01:00,600,546.890,342.250,130.300,74.320,57.340,0.000,58.600
2510633386,2026-09-20 16:01:00,500,482.500,274.890,104.020,103.590,30.900,0.000,2708.570
2510633389,2026-09-20 16:02:00,500,485.320,330.380,113.540,41.380,89.550,0.000,100.950
2310396107,2026-09-20 16:30:00,160,1236.420,910.970,151.270,174.170,344.110,0.000,24.300
2410121326,2026-09-20 16:30:00,200,1572.340,1014.430,440.540,117.350,371.880,0.000,5.450
2410121353,2026-09-20 16:30:00,120,711.680,493.630,194.080,23.960,157.500,0.000,15.380
2410121371,2026-09-20 16:30:00,120,600.280,372.390,132.190,95.690,71.400,0.000,29.550
2410121424,2026-09-20 16:30:00,120,47.960,29.490,11.170,7.290,1.600,0.000,17.700
2410121440,2026-09-20 16:30:00,120,21.160,13.970,4.220,2.970,2.510,0.000,5.900
2410121454,2026-09-20 16:30:00,160,2044.940,1290.000,441.330,313.600,332.640,0.000,76.290
2410121457,2026-09-20 16:30:00,120,1775.010,1136.910,497.990,140.100,333.420,0.000,42.560
2410121574,2026-09-20 16:30:00,120,4877.490,3520.260,1134.520,222.690,421.600,0.000,380.010
2410131378,2026-09-20 16:30:00,200,1845.210,1187.560,512.390,145.260,405.200,0.000,9.470
2410131384,2026-09-20 16:30:00,200,9807.910,5564.540,1973.280,2270.090,2044.580,0.000,4.900
2410131387,2026-09-20 16:30:00,600,546.890,342.260,130.300,74.320,57.340,0.000,58.600
2410320615,2026-09-20 16:30:00,700,15464.510,9480.110,3771.540,2212.850,3822.310,0.000,51.450
2410883988,2026-09-20 16:30:00,100,35.920,18.290,5.360,12.260,3.400,0.000,2.130
2410883990,2026-09-20 16:30:00,60,2995.800,1718.320,639.280,638.190,888.640,0.000,38.530
2410883991,2026-09-20 16:30:00,100,2726.860,1641.640,613.140,472.070,256.130,0.260,74.130
2410883993,2026-09-20 16:30:00,60,3122.530,1507.900,591.860,1022.750,122.900,0.000,338.030
2410883994,2026-09-20 16:30:00,320,106.650,47.750,21.220,37.680,3.450,0.000,6.500
2410932742,2026-09-20 16:30:00,240,19882.529,11572.410,3691.880,4618.230,5040.950,0.000,5.960
2411087432,2026-09-20 16:30:00,40,3654.850,2269.870,1046.510,338.460,738.140,0.000,31.010
2411087433,2026-09-20 16:30:00,500,828.040,490.050,179.970,158.000,21.320,0.000,777.980
2411290205,2026-09-20 16:30:00,240,9636.470,6483.350,2821.920,331.180,3415.760,0.000,59.530
2510014481,2026-09-20 16:30:00,80,15363.540,8956.140,2959.770,3447.620,5773.080,0.000,5.520
2510014482,2026-09-20 16:30:00,40,1289.010,897.930,354.430,36.640,84.510,0.000,63.040
2510014483,2026-09-20 16:30:00,300,228.750,131.780,50.910,46.040,0.000,0.000,185.700
2510014484,2026-09-20 16:30:00,160,9412.410,5336.370,2082.880,1993.150,1519.510,0.000,21.530
2510178139,2026-09-20 16:30:00,300,825.270,479.470,175.350,170.450,179.990,0.000,14.140
2510178141,2026-09-20 16:30:00,40,657.540,492.210,154.330,11.000,183.110,0.000,47.270
2510203103,2026-09-20 16:30:00,400,1857.510,1105.790,417.860,333.850,61.810,3.510,329.680
2510203104,2026-09-20 16:30:00,120,3022.310,1815.520,708.160,498.620,454.640,0.000,69.190
2510203105,2026-09-20 16:30:00,100,2430.350,1691.120,685.680,53.540,571.820,0.000,70.430
2510203106,2026-09-20 16:30:00,100,98.740,45.720,16.640,36.370,0.410,0.000,37.080
2510203107,2026-09-20 16:30:00,600,610.860,389.590,164.680,56.590,176.820,0.000,12.510
2510203108,2026-09-20 16:30:00,80,3968.180,2235.250,880.320,852.600,623.060,0.000,36.690
2510203109,2026-09-20 16:30:00,160,1520.510,954.280,467.330,98.900,458.220,0.000,87.160
2510203111,2026-09-20 16:30:00,40,3927.730,2478.390,967.950,481.380,1072.330,0.000,12.680
2510203113,2026-09-20 16:30:00,160,4440.390,2830.290,1073.670,536.420,265.020,0.000,111.230
2510203114,2026-09-20 16:30:00,120,1900.110,1193.160,469.000,237.940,381.530,0.000,33.540
2510203117,2026-09-20 16:30:00,80,1655.940,882.740,359.380,413.810,281.860,0.000,164.930
2510203119,2026-09-20 16:30:00,40,480.820,323.290,123.490,34.020,180.180,0.000,14.790
2510203120,2026-09-20 16:30:00,160,4299.080,2639.760,947.700,711.610,997.770,0.000,14.900
2510203121,2026-09-20 16:30:00,100,1293.780,759.040,303.150,231.580,71.480,0.000,107.020
2510203122,2026-09-20 16:30:00,40,936.620,593.990,293.810,48.820,685.690,0.000,0.710
2510203123,2026-09-20 16:30:00,40,2654.080,1749.520,723.120,181.430,843.210,0.000,11.700
2510203124,2026-09-20 16:30:00,800,1182.190,838.890,284.790,58.500,332.450,0.000,0.360
2510203126,2026-09-20 16:30:00,100,15.870,7.130,2.270,6.470,0.320,0.000,1.280
2510203127,2026-09-20 16:30:00,40,1260.150,822.140,335.610,102.400,365.280,0.000,49.020
2510203128,2026-09-20 16:30:00,500,7943.080,4170.470,1399.270,2373.330,368.870,0.000,112.480
2510203129,2026-09-20 16:30:00,80,6.470,3.400,1.220,1.840,0.000,0.000,1.400
2510203130,2026-09-20 16:30:00,120,31.330,22.390,6.530,2.390,9.060,0.000,0.470
2510203133,2026-09-20 16:30:00,40,664.600,452.920,167.140,44.530,113.270,0.000,47.470
2510203134,2026-09-20 16:30:00,200,141.280,82.680,32.620,25.970,6.060,0.000,33.270
2510224049,2026-09-20 16:30:00,1,53334.430,20787.141,10906.000,21641.279,118.590,0.000,8953.400
2510224167,2026-09-20 16:30:00,1,20704.779,9114.080,4059.940,7530.750,841.260,0.000,5620.440
2510317505,2026-09-20 16:30:00,1,15075.270,6609.030,3195.220,5271.010,0.740,0.000,4486.860
2510317537,2026-09-20 16:30:00,1,11731.180,6739.190,2215.610,2776.370,218.560,1427.680,2132.340
2510389559,2026-09-20 16:30:00,1,36.870,20.630,14.320,1.910,30.680,0.000,5.910
2510389643,2026-09-20 16:30:00,1,43017.629,15400.340,7701.970,19915.311,22.610,0.000,4066.720
2510389931,2026-09-20 16:30:00,1,31075.689,11867.360,6569.520,12638.800,0.150,0.000,4270.470
2510633381,2026-09-20 16:30:00,320,220.480,137.140,49.580,33.750,6.270,0.000,45.010
2510633383,2026-09-20 16:30:00,40,1706.700,1278.890,393.750,34.060,52.190,0.000,309.210
2510633385,2026-09-20 16:30:00,60,1211.100,569.680,241.440,399.970,47.600,0.000,94.250
2510633386,2026-09-20 16:30:00,500,482.510,274.900,104.020,103.590,30.900,0.000,2708.940
2510633387,2026-09-20 16:30:00,40,24.320,16.330,5.860,2.130,0.800,0.000,3.270
2510633389,2026-09-20 16:30:00,500,485.700,330.770,113.540,41.380,89.660,0.000,100.950
2510633390,2026-09-20 16:30:00,80,2100.870,1262.370,466.390,372.090,544.450,0.000,6.350
2510633391,2026-09-20 16:30:00,100,246.230,190.090,56.030,0.100,3.330,0.000,1.920
2510633393,2026-09-20 16:30:00,600,5932.160,3453.530,1178.680,1299.950,1262.920,0.000,0.480
2510633395,2026-09-20 16:30:00,40,1300.980,732.580,283.550,284.840,61.340,0.000,39.160
2510633396,2026-09-20 16:30:00,400,901.530,613.120,212.130,76.260,203.060,0.000,0.170
2510633397,2026-09-20 16:30:00,240,557.260,356.700,168.730,31.810,210.170,0.000,17.890
2510633399,2026-09-20 16:30:00,600,1147.630,660.330,246.440,240.840,58.120,0.000,57.010
2510633400,2026-09-20 16:30:00,800,742.320,452.440,171.500,118.370,156.440,0.000,28.000
2510633402,2026-09-20 16:30:00,300,552.420,333.110,117.000,102.290,136.320,0.000,10.400
2510633406,2026-09-20 16:30:00,60,358.550,162.060,69.820,126.670,18.460,0.000,97.530
2510633411,2026-09-20 16:30:00,800,4712.860,2691.730,983.490,1037.620,1674.240,0.000,29.340
2510814977,2026-09-20 16:30:00,400,51.780,31.950,12.250,7.570,1.840,0.000,10.490
2610026950,2026-09-20 16:30:00,600,14.400,9.220,3.300,1.870,1.280,0.000,3.100
2610026952,2026-09-20 16:30:00,200,3541.920,2304.930,1022.960,214.020,1781.610,0.000,9.750
2610026953,2026-09-20 16:30:00,700,657.230,388.170,148.300,120.750,189.200,0.000,0.670
2610026963,2026-09-20 16:30:00,200,374.060,193.610,91.590,88.840,23.630,2.230,94.510
2610026966,2026-09-20 16:30:00,240,952.970,684.030,236.300,32.640,198.120,0.000,0.000
2610026976,2026-09-20 16:30:00,60,1464.310,954.200,327.310,182.780,143.430,0.000,26.670
2610026977,2026-09-20 16:30:00,30,628.380,262.330,98.490,267.550,108.090,0.000,28.120
2610126270,2026-09-20 16:30:00,400,26.690,16.910,6.320,3.450,1.020,0.000,7.760
2610126451,2026-09-20 16:30:00,300,111.170,72.310,27.030,11.820,55.710,0.000,0.270
2610159557,2026-09-20 16:30:00,600,17.210,9.890,3.690,3.620,0.230,0.000,10.250
2610170786,2026-09-20 16:30:00,500,605.340,343.940,118.840,142.540,118.470,0.000,2.940
2610170836,2026-09-20 16:30:00,100,125.270,78.340,28.340,18.580,70.290,0.000,0.550
2610170837,2026-09-20 16:30:00,240,12.150,7.860,2.660,1.620,1.480,0.000,0.140
2610170838,2026-09-20 16:30:00,240,32.560,20.700,7.210,4.640,3.670,0.000,0.310
2610170840,2026-09-20 16:30:00,40,310.220,177.260,60.450,72.500,65.390,0.000,30.030
2610322967,2026-09-20 16:30:00,500,3.730,2.260,0.930,0.530,0.490,0.000,0.020
2610322969,2026-09-20 16:30:00,100,101.250,71.110,24.240,5.890,13.370,0.000,1.990
2610322982,2026-09-20 16:30:00,160,3.880,2.360,0.800,0.710,0.000,0.000,1.980
2610322995,2026-09-20 16:30:00,40,4.390,2.670,0.900,0.810,0.000,0.000,2.700
2610322997,2026-09-20 16:30:00,400,555.550,326.590,126.540,102.420,209.850,0.000,0.570
2610323004,2026-09-20 16:30:00,3000,91.580,69.300,11.860,10.410,21.340,0.000,2.040
2610323005,2026-09-20 16:30:00,120,11.430,7.710,2.900,0.810,1.600,0.000,0.770
2610323010,2026-09-20 16:30:00,60,16.100,10.790,3.830,1.470,1.410,0.000,4.180
2610323016,2026-09-20 16:30:00,160,1589.590,877.920,345.960,365.700,716.510,0.000,0.000
2610323017,2026-09-20 16:30:00,60,5.670,3.440,1.170,1.050,0.000,0.000,3.070
2610323019,2026-09-20 16:30:00,80,47.850,30.270,10.330,7.230,2.980,0.000,11.790
2610323027,2026-09-20 16:30:00,60,5.800,3.560,1.190,1.040,0.000,0.000,3.140
2410131383,2026-09-20 16:31:00,400,1060.390,702.380,226.570,131.430,47.710,0.000,65.610
2510203118,2026-09-20 16:31:00,640,194.260,112.290,43.680,38.280,26.990,0.010,113.290
2610323001,2026-09-20 16:31:00,160,1777.750,1058.410,475.940,243.390,807.420,0.000,0.000
2310396107,2026-09-20 17:00:00,160,1236.570,911.120,151.270,174.170,344.170,0.000,24.300
2410121326,2026-09-20 17:00:00,200,1572.410,1014.510,440.540,117.350,371.900,0.000,5.450
2410121353,2026-09-20 17:00:00,120,711.770,493.720,194.080,23.960,157.540,0.000,15.380
2410121371,2026-09-20 17:00:00,120,600.330,372.440,132.190,95.690,71.400,0.000,29.550
2410121424,2026-09-20 17:00:00,120,47.960,29.490,11.170,7.290,1.600,0.000,17.700
2410121440,2026-09-20 17:00:00,120,21.170,13.970,4.220,2.970,2.510,0.000,5.900
2410121454,2026-09-20 17:00:00,160,2044.980,1290.040,441.330,313.600,332.650,0.000,76.290
2410121457,2026-09-20 17:00:00,120,1775.090,1136.990,497.990,140.100,333.420,0.000,42.560
2410121574,2026-09-20 17:00:00,120,4877.580,3520.350,1134.520,222.690,421.600,0.000,380.030
2410131378,2026-09-20 17:00:00,200,1845.220,1187.560,512.390,145.260,405.200,0.000,9.470
2410131383,2026-09-20 17:00:00,400,1060.410,702.390,226.570,131.430,47.710,0.000,65.610
2410131384,2026-09-20 17:00:00,200,9807.930,5564.550,1973.280,2270.090,2044.590,0.000,4.900
2410131387,2026-09-20 17:00:00,600,546.900,342.270,130.300,74.320,57.340,0.000,58.600
2410320615,2026-09-20 17:00:00,700,15464.700,9480.300,3771.540,2212.850,3822.330,0.000,51.450
2410883988,2026-09-20 17:00:00,100,35.930,18.290,5.360,12.260,3.400,0.000,2.130
2410883990,2026-09-20 17:00:00,60,2995.830,1718.350,639.280,638.190,888.650,0.000,38.530
2410883991,2026-09-20 17:00:00,100,2726.950,1641.730,613.140,472.070,256.140,0.260,74.130
2410883993,2026-09-20 17:00:00,60,3122.720,1508.090,591.860,1022.750,122.930,0.000,338.030
2410883994,2026-09-20 17:00:00,320,106.660,47.750,21.220,37.680,3.450,0.000,6.500
2410932742,2026-09-20 17:00:00,240,19883.529,11573.410,3691.880,4618.230,5041.230,0.000,5.960
2411087432,2026-09-20 17:00:00,40,3655.090,2270.110,1046.510,338.460,738.140,0.000,31.010
2411087433,2026-09-20 17:00:00,500,828.240,490.250,179.970,158.000,21.320,0.000,777.980
2411290205,2026-09-20 17:00:00,240,9636.510,6483.390,2821.920,331.180,3415.770,0.000,59.530
2510014482,2026-09-20 17:00:00,40,1289.010,897.940,354.430,36.640,84.510,0.000,63.040
2510014483,2026-09-20 17:00:00,300,228.760,131.800,50.910,46.040,0.000,0.000,185.720
2510178139,2026-09-20 17:00:00,300,825.440,479.630,175.350,170.450,180.060,0.000,14.140
2510178141,2026-09-20 17:00:00,40,657.540,492.210,154.330,11.000,183.110,0.000,47.280
2510203103,2026-09-20 17:00:00,400,1857.520,1105.800,417.860,333.850,61.810,3.510,329.690
2510203104,2026-09-20 17:00:00,120,3022.350,1815.570,708.160,498.620,454.640,0.000,69.190
2510203105,2026-09-20 17:00:00,100,2430.470,1691.240,685.680,53.540,571.830,0.000,70.440
2510203106,2026-09-20 17:00:00,100,98.740,45.720,16.640,36.370,0.410,0.000,37.080
2510203107,2026-09-20 17:00:00,600,611.150,389.880,164.680,56.590,176.900,0.000,12.510
2510203108,2026-09-20 17:00:00,80,3968.610,2235.680,880.320,852.600,623.130,0.000,36.690
2510203109,2026-09-20 17:00:00,160,1520.570,954.340,467.330,98.900,458.220,0.000,87.160
2510203111,2026-09-20 17:00:00,40,3927.740,2478.400,967.950,481.380,1072.330,0.000,12.680
2510203113,2026-09-20 17:00:00,160,4441.220,2831.120,1073.670,536.420,265.120,0.000,111.230
2510203114,2026-09-20 17:00:00,120,1900.120,1193.170,469.000,237.940,381.530,0.000,33.540
2510203117,2026-09-20 17:00:00,80,1656.000,882.800,359.380,413.810,281.860,0.000,164.940
2510203118,2026-09-20 17:00:00,640,194.260,112.290,43.680,38.280,26.990,0.010,113.330
2510203119,2026-09-20 17:00:00,40,480.820,323.290,123.490,34.020,180.180,0.000,14.790
2510203120,2026-09-20 17:00:00,160,4299.350,2640.020,947.700,711.610,997.850,0.000,14.900
2510203121,2026-09-20 17:00:00,100,1293.890,759.150,303.150,231.580,71.500,0.000,107.020
2510203122,2026-09-20 17:00:00,40,936.630,594.000,293.810,48.820,685.690,0.000,0.710
2510203123,2026-09-20 17:00:00,40,2654.080,1749.520,723.120,181.430,843.210,0.000,11.700
2510203124,2026-09-20 17:00:00,800,1182.370,839.070,284.790,58.500,332.510,0.000,0.360
2510203126,2026-09-20 17:00:00,100,15.880,7.140,2.270,6.470,0.320,0.000,1.280
2510203127,2026-09-20 17:00:00,40,1260.260,822.240,335.610,102.400,365.350,0.000,49.020
2510203130,2026-09-20 17:00:00,120,31.460,22.530,6.530,2.390,9.070,0.000,0.470
2510203133,2026-09-20 17:00:00,40,664.610,452.920,167.140,44.530,113.270,0.000,47.480
2510203134,2026-09-20 17:00:00,200,141.290,82.690,32.620,25.970,6.060,0.000,33.270
2510224049,2026-09-20 17:00:00,1,53335.859,20788.570,10906.000,21641.279,118.590,0.000,8953.410
2510224167,2026-09-20 17:00:00,1,20704.900,9114.190,4059.940,7530.750,841.260,0.000,5620.520
2510317537,2026-09-20 17:00:00,1,11732.150,6740.170,2215.610,2776.370,218.560,1427.680,2132.510
2510389559,2026-09-20 17:00:00,1,36.870,20.630,14.320,1.910,30.680,0.000,5.910
2510389643,2026-09-20 17:00:00,1,43017.641,15400.350,7701.970,19915.311,22.610,0.000,4066.730
2510633383,2026-09-20 17:00:00,40,1706.710,1278.900,393.750,34.060,52.190,0.000,309.240
2510633385,2026-09-20 17:00:00,60,1211.110,569.690,241.440,399.970,47.600,0.000,94.250
2510633386,2026-09-20 17:00:00,500,482.530,274.910,104.020,103.590,30.900,0.000,2709.330
2510633387,2026-09-20 17:00:00,40,24.330,16.330,5.860,2.130,0.800,0.000,3.270
2510633389,2026-09-20 17:00:00,500,485.870,330.930,113.540,41.380,89.670,0.000,100.950
2510633390,2026-09-20 17:00:00,80,2101.470,1262.980,466.390,372.090,544.630,0.000,6.350
2510633391,2026-09-20 17:00:00,100,246.230,190.090,56.030,0.100,3.330,0.000,1.920
2510633393,2026-09-20 17:00:00,600,5932.510,3453.880,1178.680,1299.950,1262.980,0.000,0.480
2510633395,2026-09-20 17:00:00,40,1300.980,732.580,283.550,284.840,61.340,0.000,39.160
2510633396,2026-09-20 17:00:00,400,901.710,613.300,212.130,76.260,203.130,0.000,0.170
2510633397,2026-09-20 17:00:00,240,557.270,356.720,168.730,31.810,210.170,0.000,17.890
2510633399,2026-09-20 17:00:00,600,1147.840,660.550,246.440,240.840,58.120,0.000,57.010
2510633400,2026-09-20 17:00:00,800,742.360,452.480,171.500,118.370,156.450,0.000,28.000
2510633402,2026-09-20 17:00:00,300,552.470,333.160,117.000,102.290,136.330,0.000,10.400
2510633406,2026-09-20 17:00:00,60,358.550,162.060,69.820,126.670,18.460,0.000,97.530
2510633411,2026-09-20 17:00:00,800,4713.490,2692.360,983.490,1037.620,1674.460,0.000,29.340
2610026950,2026-09-20 17:00:00,600,14.400,9.220,3.300,1.870,1.280,0.000,3.100
2610026952,2026-09-20 17:00:00,200,3542.030,2305.040,1022.960,214.020,1781.630,0.000,9.750
2610026953,2026-09-20 17:00:00,700,657.320,388.260,148.300,120.750,189.230,0.000,0.670
2610026963,2026-09-20 17:00:00,200,374.080,193.630,91.590,88.840,23.630,2.230,94.530
2610026966,2026-09-20 17:00:00,240,952.990,684.040,236.300,32.640,198.130,0.000,0.000
2610026976,2026-09-20 17:00:00,60,1464.680,954.570,327.310,182.780,143.460,0.000,26.670
2610126270,2026-09-20 17:00:00,400,26.700,16.910,6.320,3.450,1.020,0.000,7.760
2610126451,2026-09-20 17:00:00,300,111.190,72.330,27.030,11.820,55.710,0.000,0.270
2610159557,2026-09-20 17:00:00,600,17.220,9.900,3.690,3.620,0.230,0.000,10.260
2610170786,2026-09-20 17:00:00,500,605.610,344.220,118.840,142.540,118.540,0.000,2.940
2610170836,2026-09-20 17:00:00,100,125.270,78.340,28.340,18.580,70.290,0.000,0.550
2610170837,2026-09-20 17:00:00,240,12.170,7.870,2.660,1.620,1.490,0.000,0.140
2610170838,2026-09-20 17:00:00,240,32.580,20.720,7.210,4.640,3.670,0.000,0.310
2610170840,2026-09-20 17:00:00,40,310.290,177.340,60.450,72.500,65.420,0.000,30.040
2610322967,2026-09-20 17:00:00,500,3.740,2.260,0.930,0.530,0.490,0.000,0.020
2610322969,2026-09-20 17:00:00,100,101.390,71.250,24.240,5.890,13.390,0.000,1.990
2610322982,2026-09-20 17:00:00,160,3.890,2.370,0.800,0.710,0.000,0.000,1.980
2610322995,2026-09-20 17:00:00,40,4.410,2.680,0.900,0.810,0.000,0.000,2.700
2610322997,2026-09-20 17:00:00,400,555.720,326.750,126.540,102.420,209.890,0.000,0.570
2610323001,2026-09-20 17:00:00,160,1778.520,1059.180,475.940,243.390,807.810,0.000,0.000
2610323004,2026-09-20 17:00:00,3000,91.590,69.310,11.860,10.410,21.340,0.000,2.040
2610323005,2026-09-20 17:00:00,120,11.430,7.720,2.900,0.810,1.600,0.000,0.780
2610323010,2026-09-20 17:00:00,60,16.130,10.820,3.830,1.470,1.430,0.000,4.180
2610323016,2026-09-20 17:00:00,160,1589.720,878.060,345.960,365.700,716.560,0.000,0.000
2610323017,2026-09-20 17:00:00,60,5.690,3.450,1.170,1.050,0.000,0.000,3.080
2610323019,2026-09-20 17:00:00,80,47.860,30.290,10.330,7.230,2.980,0.000,11.800
2610323027,2026-09-20 17:00:00,60,5.820,3.580,1.190,1.040,0.000,0.000,3.140
2510014481,2026-09-20 17:01:00,80,15364.080,8956.680,2959.770,3447.620,5773.280,0.000,5.520
2510389931,2026-09-20 17:01:00,1,31075.689,11867.360,6569.520,12638.800,0.150,0.000,4270.480
2510633381,2026-09-20 17:01:00,320,220.500,137.160,49.580,33.750,6.270,0.000,45.010
2510814977,2026-09-20 17:01:00,400,51.780,31.950,12.250,7.570,1.840,0.000,10.490
2610026977,2026-09-20 17:01:00,30,628.420,262.370,98.490,267.550,108.110,0.000,28.120
2510203128,2026-09-20 17:02:00,500,7943.670,4171.060,1399.270,2373.330,368.900,0.000,112.480
2510203129,2026-09-20 17:02:00,80,6.470,3.410,1.220,1.840,0.000,0.000,1.400
2510317505,2026-09-20 17:02:00,1,15075.420,6609.180,3195.220,5271.010,0.740,0.000,4487.000
2510014484,2026-09-20 17:03:00,160,9412.480,5336.440,2082.880,1993.150,1519.510,0.000,21.530
2410121326,2026-09-20 17:30:00,200,1572.490,1014.590,440.540,117.350,371.920,0.000,5.450
2410121353,2026-09-20 17:30:00,120,711.850,493.800,194.080,23.960,157.590,0.000,15.380
2410121371,2026-09-20 17:30:00,120,600.380,372.490,132.190,95.690,71.400,0.000,29.550
2410121424,2026-09-20 17:30:00,120,47.960,29.500,11.170,7.290,1.600,0.000,17.700
2410121440,2026-09-20 17:30:00,120,21.170,13.970,4.220,2.970,2.510,0.000,5.900
2410121454,2026-09-20 17:30:00,160,2045.020,1290.090,441.330,313.600,332.660,0.000,76.290
2410121457,2026-09-20 17:30:00,120,1775.150,1137.050,497.990,140.100,333.430,0.000,42.560
2410121574,2026-09-20 17:30:00,120,4877.670,3520.440,1134.520,222.690,421.600,0.000,380.040
2410131378,2026-09-20 17:30:00,200,1845.230,1187.570,512.390,145.260,405.200,0.000,9.480
2410131383,2026-09-20 17:30:00,400,1060.430,702.410,226.570,131.430,47.710,0.000,65.610
2410131384,2026-09-20 17:30:00,200,9807.950,5564.570,1973.280,2270.090,2044.590,0.000,4.900
2410131387,2026-09-20 17:30:00,600,546.900,342.270,130.300,74.320,57.340,0.000,58.600
2410320615,2026-09-20 17:30:00,700,15464.870,9480.470,3771.540,2212.850,3822.360,0.000,51.450
2410883988,2026-09-20 17:30:00,100,35.930,18.300,5.360,12.260,3.400,0.000,2.130
2410883990,2026-09-20 17:30:00,60,2995.870,1718.390,639.280,638.190,888.650,0.000,38.530
2410883991,2026-09-20 17:30:00,100,2727.080,1641.860,613.140,472.070,256.140,0.260,74.130
2410883993,2026-09-20 17:30:00,60,3122.960,1508.340,591.860,1022.750,122.970,0.000,338.030
2410932742,2026-09-20 17:30:00,240,19884.510,11574.390,3691.880,4618.230,5041.510,0.000,5.960
2411087432,2026-09-20 17:30:00,40,3655.310,2270.330,1046.510,338.460,738.140,0.000,31.020
2411087433,2026-09-20 17:30:00,500,828.400,490.420,179.970,158.000,21.320,0.000,777.990
2411290205,2026-09-20 17:30:00,240,9636.550,6483.430,2821.920,331.180,3415.770,0.000,59.530
2510014481,2026-09-20 17:30:00,80,15364.560,8957.160,2959.770,3447.620,5773.460,0.000,5.520
2510014482,2026-09-20 17:30:00,40,1289.020,897.940,354.430,36.640,84.510,0.000,63.040
2510014483,2026-09-20 17:30:00,300,228.770,131.810,50.910,46.040,0.000,0.000,185.730
2510014484,2026-09-20 17:30:00,160,9412.530,5336.490,2082.880,1993.150,1519.510,0.000,21.540
2510178139,2026-09-20 17:30:00,300,825.540,479.740,175.350,170.450,180.100,0.000,14.140
2510178141,2026-09-20 17:30:00,40,657.550,492.210,154.330,11.000,183.110,0.000,47.280
2510203103,2026-09-20 17:30:00,400,1857.520,1105.800,417.860,333.850,61.810,3.510,329.690
2510203104,2026-09-20 17:30:00,120,3022.390,1815.610,708.160,498.620,454.650,0.000,69.190
2510203105,2026-09-20 17:30:00,100,2430.500,1691.270,685.680,53.540,571.840,0.000,70.440
2510203106,2026-09-20 17:30:00,100,98.740,45.720,16.640,36.370,0.410,0.000,37.080
2510203107,2026-09-20 17:30:00,600,611.230,389.950,164.680,56.590,176.920,0.000,12.510
2510203108,2026-09-20 17:30:00,80,3969.110,2236.180,880.320,852.600,623.210,0.000,36.690
2510203109,2026-09-20 17:30:00,160,1520.630,954.390,467.330,98.900,458.220,0.000,87.160
2510203111,2026-09-20 17:30:00,40,3927.740,2478.400,967.950,481.380,1072.330,0.000,12.680
2510203113,2026-09-20 17:30:00,160,4441.980,2831.880,1073.670,536.420,265.210,0.000,111.230
2510203114,2026-09-20 17:30:00,120,1900.130,1193.180,469.000,237.940,381.530,0.000,33.550
2510203117,2026-09-20 17:30:00,80,1656.050,882.850,359.380,413.810,281.860,0.000,164.940
2510203118,2026-09-20 17:30:00,640,194.260,112.300,43.680,38.280,26.990,0.010,113.370
2510203119,2026-09-20 17:30:00,40,480.820,323.290,123.490,34.020,180.180,0.000,14.790
2510203120,2026-09-20 17:30:00,160,4299.590,2640.260,947.700,711.610,997.920,0.000,14.900
2510203121,2026-09-20 17:30:00,100,1293.990,759.250,303.150,231.580,71.510,0.000,107.020
2510203122,2026-09-20 17:30:00,40,936.640,594.010,293.810,48.820,685.700,0.000,0.710
2510203123,2026-09-20 17:30:00,40,2654.080,1749.530,723.120,181.430,843.210,0.000,11.700
2510203124,2026-09-20 17:30:00,800,1182.460,839.160,284.790,58.500,332.550,0.000,0.360
2510203126,2026-09-20 17:30:00,100,15.890,7.140,2.270,6.470,0.320,0.000,1.280
2510203127,2026-09-20 17:30:00,40,1260.400,822.390,335.610,102.400,365.450,0.000,49.020
2510203128,2026-09-20 17:30:00,500,7944.180,4171.580,1399.270,2373.330,368.930,0.000,112.480
2510203129,2026-09-20 17:30:00,80,6.470,3.410,1.220,1.840,0.000,0.000,1.400
2510203130,2026-09-20 17:30:00,120,31.590,22.650,6.530,2.390,9.070,0.000,0.470
2510203133,2026-09-20 17:30:00,40,664.610,452.930,167.140,44.530,113.270,0.000,47.480
2510224049,2026-09-20 17:30:00,1,53336.609,20789.320,10906.000,21641.279,118.590,0.000,8953.440
2510224167,2026-09-20 17:30:00,1,20704.990,9114.280,4059.940,7530.750,841.260,0.000,5620.610
2510317505,2026-09-20 17:30:00,1,15075.550,6609.310,3195.220,5271.010,0.740,0.000,4487.130
2510317537,2026-09-20 17:30:00,1,11733.090,6741.110,2215.610,2776.370,218.560,1427.680,2132.660
2510389559,2026-09-20 17:30:00,1,36.870,20.630,14.320,1.910,30.680,0.000,5.910
2510389643,2026-09-20 17:30:00,1,43017.840,15400.550,7701.970,19915.311,22.610,0.000,4066.750
2510389931,2026-09-20 17:30:00,1,31075.689,11867.360,6569.520,12638.800,0.150,0.000,4270.480
2510633381,2026-09-20 17:30:00,320,220.520,137.180,49.580,33.750,6.270,0.000,45.020
2510633383,2026-09-20 17:30:00,40,1706.720,1278.910,393.750,34.060,52.190,0.000,309.270
2510633385,2026-09-20 17:30:00,60,1211.140,569.730,241.440,399.970,47.600,0.000,94.250
2510633386,2026-09-20 17:30:00,500,482.540,274.920,104.020,103.590,30.900,0.000,2709.710
2510633387,2026-09-20 17:30:00,40,24.330,16.330,5.860,2.130,0.800,0.000,3.270
2510633389,2026-09-20 17:30:00,500,486.010,331.080,113.540,41.380,89.670,0.000,100.960
2510633390,2026-09-20 17:30:00,80,2102.070,1263.580,466.390,372.090,544.820,0.000,6.350
2510633391,2026-09-20 17:30:00,100,246.230,190.090,56.030,0.100,3.330,0.000,1.920
2510633395,2026-09-20 17:30:00,40,1300.980,732.580,283.550,284.840,61.340,0.000,39.160
2510633396,2026-09-20 17:30:00,400,901.860,613.460,212.130,76.260,203.200,0.000,0.170
2510633397,2026-09-20 17:30:00,240,557.280,356.730,168.730,31.810,210.170,0.000,17.900
2510633399,2026-09-20 17:30:00,600,1148.050,660.760,246.440,240.840,58.120,0.000,57.010
2510633400,2026-09-20 17:30:00,800,742.400,452.520,171.500,118.370,156.460,0.000,28.000
2510633402,2026-09-20 17:30:00,300,552.500,333.200,117.000,102.290,136.340,0.000,10.400
2510633406,2026-09-20 17:30:00,60,358.550,162.060,69.820,126.670,18.460,0.000,97.530
2510633411,2026-09-20 17:30:00,800,4713.930,2692.800,983.490,1037.620,1674.610,0.000,29.340
2510814977,2026-09-20 17:30:00,400,51.780,31.960,12.250,7.570,1.840,0.000,10.490
2610026950,2026-09-20 17:30:00,600,14.410,9.230,3.300,1.870,1.280,0.000,3.100
2610026952,2026-09-20 17:30:00,200,3542.030,2305.050,1022.960,214.020,1781.630,0.000,9.750
2610026953,2026-09-20 17:30:00,700,657.410,388.350,148.300,120.750,189.260,0.000,0.670
2610026963,2026-09-20 17:30:00,200,374.090,193.640,91.590,88.840,23.630,2.230,94.550
2610026966,2026-09-20 17:30:00,240,953.000,684.050,236.300,32.640,198.140,0.000,0.000
2610026976,2026-09-20 17:30:00,60,1465.010,954.900,327.310,182.780,143.490,0.000,26.670
2610026977,2026-09-20 17:30:00,30,628.420,262.370,98.490,267.550,108.110,0.000,28.120
2610126270,2026-09-20 17:30:00,400,26.700,16.920,6.320,3.450,1.020,0.000,7.770
2610126451,2026-09-20 17:30:00,300,111.200,72.340,27.030,11.820,55.710,0.000,0.270
2610159557,2026-09-20 17:30:00,600,17.240,9.920,3.690,3.620,0.230,0.000,10.260
2610170786,2026-09-20 17:30:00,500,605.890,344.500,118.840,142.540,118.610,0.000,2.940
2610170837,2026-09-20 17:30:00,240,12.180,7.890,2.660,1.620,1.490,0.000,0.140
2610170838,2026-09-20 17:30:00,240,32.590,20.740,7.210,4.640,3.680,0.000,0.310
2610170840,2026-09-20 17:30:00,40,310.370,177.410,60.450,72.500,65.450,0.000,30.040
2610322967,2026-09-20 17:30:00,500,3.740,2.270,0.930,0.530,0.500,0.000,0.020
2610322969,2026-09-20 17:30:00,100,101.540,71.400,24.240,5.890,13.440,0.000,1.990
2610322982,2026-09-20 17:30:00,160,3.900,2.390,0.800,0.710,0.000,0.000,1.980
2610322995,2026-09-20 17:30:00,40,4.420,2.690,0.900,0.810,0.000,0.000,2.710
2610322997,2026-09-20 17:30:00,400,555.870,326.910,126.540,102.420,209.940,0.000,0.570
2610323001,2026-09-20 17:30:00,160,1778.730,1059.390,475.940,243.390,807.850,0.000,0.000
2610323004,2026-09-20 17:30:00,3000,91.600,69.310,11.860,10.410,21.350,0.000,2.040
2610323005,2026-09-20 17:30:00,120,11.430,7.720,2.900,0.810,1.600,0.000,0.780
2610323010,2026-09-20 17:30:00,60,16.140,10.840,3.830,1.470,1.440,0.000,4.180
2610323016,2026-09-20 17:30:00,160,1589.800,878.140,345.960,365.700,716.590,0.000,0.000
2610323017,2026-09-20 17:30:00,60,5.700,3.470,1.170,1.050,0.000,0.000,3.090
2610323019,2026-09-20 17:30:00,80,47.870,30.300,10.330,7.230,2.980,0.000,11.800
2610323027,2026-09-20 17:30:00,60,5.830,3.600,1.190,1.040,0.000,0.000,3.150
2410883994,2026-09-20 17:31:00,320,106.670,47.760,21.220,37.680,3.450,0.000,6.500
2510203134,2026-09-20 17:31:00,200,141.290,82.690,32.620,25.970,6.060,0.000,33.270
2510633393,2026-09-20 17:31:00,600,5932.910,3454.280,1178.680,1299.950,1263.060,0.000,0.480
2610170836,2026-09-20 17:31:00,100,125.270,78.340,28.340,18.580,70.290,0.000,0.550
2410121326,2026-09-20 18:00:00,200,1572.560,1014.650,440.540,117.350,371.940,0.000,5.450
2410121353,2026-09-20 18:00:00,120,711.920,493.870,194.080,23.960,157.620,0.000,15.380
2410121371,2026-09-20 18:00:00,120,600.430,372.540,132.190,95.690,71.400,0.000,29.550
2410121424,2026-09-20 18:00:00,120,47.960,29.500,11.170,7.290,1.600,0.000,17.700
2410121440,2026-09-20 18:00:00,120,21.170,13.980,4.220,2.970,2.510,0.000,5.900
2410121454,2026-09-20 18:00:00,160,2045.070,1290.130,441.330,313.600,332.670,0.000,76.290
2410121457,2026-09-20 18:00:00,120,1775.210,1137.100,497.990,140.100,333.440,0.000,42.560
2410121574,2026-09-20 18:00:00,120,4877.760,3520.530,1134.520,222.690,421.600,0.000,380.060
2410131378,2026-09-20 18:00:00,200,1845.230,1187.570,512.390,145.260,405.200,0.000,9.480
2410131383,2026-09-20 18:00:00,400,1060.440,702.420,226.570,131.430,47.710,0.000,65.610
2410131384,2026-09-20 18:00:00,200,9807.970,5564.590,1973.280,2270.090,2044.590,0.000,4.900
2410131387,2026-09-20 18:00:00,600,546.910,342.280,130.300,74.320,57.340,0.000,58.610
2410320615,2026-09-20 18:00:00,700,15465.070,9480.670,3771.540,2212.850,3822.390,0.000,51.450
2410883988,2026-09-20 18:00:00,100,35.930,18.300,5.360,12.260,3.400,0.000,2.130
2410883990,2026-09-20 18:00:00,60,2995.900,1718.420,639.280,638.190,888.660,0.000,38.530
2410883991,2026-09-20 18:00:00,100,2727.220,1642.000,613.140,472.070,256.140,0.260,74.130
2410883993,2026-09-20 18:00:00,60,3123.140,1508.510,591.860,1022.750,122.990,0.000,338.030
2410883994,2026-09-20 18:00:00,320,106.680,47.770,21.220,37.680,3.450,0.000,6.500
2410932742,2026-09-20 18:00:00,240,19885.480,11575.370,3691.880,4618.230,5041.790,0.000,5.960
2411087432,2026-09-20 18:00:00,40,3655.480,2270.500,1046.510,338.460,738.140,0.000,31.020
2411087433,2026-09-20 18:00:00,500,828.520,490.540,179.970,158.000,21.330,0.000,778.010
2411290205,2026-09-20 18:00:00,240,9636.590,6483.470,2821.920,331.180,3415.770,0.000,59.530
2510014481,2026-09-20 18:00:00,80,15365.070,8957.670,2959.770,3447.620,5773.650,0.000,5.520
2510014482,2026-09-20 18:00:00,40,1289.030,897.950,354.430,36.640,84.510,0.000,63.050
2510014483,2026-09-20 18:00:00,300,228.790,131.820,50.910,46.040,0.000,0.000,185.740
2510014484,2026-09-20 18:00:00,160,9412.570,5336.540,2082.880,1993.150,1519.510,0.000,21.540
2510178139,2026-09-20 18:00:00,300,825.650,479.840,175.350,170.450,180.150,0.000,14.140
2510178141,2026-09-20 18:00:00,40,657.550,492.220,154.330,11.000,183.110,0.000,47.280
2510203103,2026-09-20 18:00:00,400,1857.560,1105.840,417.860,333.850,61.810,3.510,329.690
2510203104,2026-09-20 18:00:00,120,3022.440,1815.660,708.160,498.620,454.650,0.000,69.190
2510203105,2026-09-20 18:00:00,100,2430.540,1691.310,685.680,53.540,571.840,0.000,70.440
2510203106,2026-09-20 18:00:00,100,98.750,45.730,16.640,36.370,0.410,0.000,37.090
2510203107,2026-09-20 18:00:00,600,611.350,390.080,164.680,56.590,176.950,0.000,12.510
2510203108,2026-09-20 18:00:00,80,3969.710,2236.780,880.320,852.600,623.280,0.000,36.690
2510203109,2026-09-20 18:00:00,160,1520.690,954.450,467.330,98.900,458.230,0.000,87.160
2510203111,2026-09-20 18:00:00,40,3927.740,2478.400,967.950,481.380,1072.330,0.000,12.680
2510203113,2026-09-20 18:00:00,160,4442.730,2832.630,1073.670,536.420,265.300,0.000,111.230
2510203114,2026-09-20 18:00:00,120,1900.150,1193.200,469.000,237.940,381.530,0.000,33.560
2510203117,2026-09-20 18:00:00,80,1656.100,882.900,359.380,413.810,281.860,0.000,164.950
2510203118,2026-09-20 18:00:00,640,194.260,112.300,43.680,38.280,26.990,0.010,113.410
2510203119,2026-09-20 18:00:00,40,480.820,323.290,123.490,34.020,180.180,0.000,14.790
2510203120,2026-09-20 18:00:00,160,4299.820,2640.500,947.700,711.610,997.990,0.000,14.900
2510203121,2026-09-20 18:00:00,100,1294.100,759.360,303.150,231.580,71.520,0.000,107.020
2510203122,2026-09-20 18:00:00,40,936.650,594.020,293.810,48.820,685.700,0.000,0.710
2510203123,2026-09-20 18:00:00,40,2654.090,1749.530,723.120,181.430,843.210,0.000,11.700
2510203124,2026-09-20 18:00:00,800,1182.530,839.230,284.790,58.500,332.580,0.000,0.360
2510203126,2026-09-20 18:00:00,100,15.890,7.140,2.270,6.470,0.320,0.000,1.280
2510203127,2026-09-20 18:00:00,40,1260.550,822.530,335.610,102.400,365.550,0.000,49.020
2510203128,2026-09-20 18:00:00,500,7944.730,4172.120,1399.270,2373.330,368.950,0.000,112.480
2510203129,2026-09-20 18:00:00,80,6.480,3.410,1.220,1.840,0.000,0.000,1.400
2510203130,2026-09-20 18:00:00,120,31.720,22.780,6.530,2.390,9.080,0.000,0.470
2510203133,2026-09-20 18:00:00,40,664.620,452.940,167.140,44.530,113.270,0.000,47.480
2510203134,2026-09-20 18:00:00,200,141.300,82.700,32.620,25.970,6.060,0.000,33.270
2510224049,2026-09-20 18:00:00,1,53336.828,20789.539,10906.000,21641.279,118.590,0.000,8953.510
2510224167,2026-09-20 18:00:00,1,20705.080,9114.370,4059.940,7530.750,841.260,0.000,5620.690
2510317505,2026-09-20 18:00:00,1,15075.690,6609.450,3195.220,5271.010,0.740,0.000,4487.260
2510317537,2026-09-20 18:00:00,1,11734.040,6742.050,2215.610,2776.370,218.560,1427.680,2132.820
2510389559,2026-09-20 18:00:00,1,36.870,20.630,14.320,1.910,30.680,0.000,5.910
2510389643,2026-09-20 18:00:00,1,43017.980,15400.690,7701.970,19915.311,22.610,0.000,4066.780
2510389931,2026-09-20 18:00:00,1,31075.689,11867.360,6569.520,12638.800,0.150,0.000,4270.490
2510633381,2026-09-20 18:00:00,320,220.530,137.190,49.580,33.750,6.270,0.000,45.020
2510633383,2026-09-20 18:00:00,40,1706.730,1278.920,393.750,34.060,52.190,0.000,309.300
2510633385,2026-09-20 18:00:00,60,1211.180,569.760,241.440,399.970,47.610,0.000,94.250
2510633386,2026-09-20 18:00:00,500,482.550,274.930,104.020,103.590,30.900,0.000,2710.100
2510633387,2026-09-20 18:00:00,40,24.330,16.340,5.860,2.130,0.800,0.000,3.270
2510633389,2026-09-20 18:00:00,500,486.140,331.210,113.540,41.380,89.670,0.000,100.970
2510633390,2026-09-20 18:00:00,80,2102.610,1264.120,466.390,372.090,545.000,0.000,6.350
2510633391,2026-09-20 18:00:00,100,246.230,190.090,56.030,0.100,3.330,0.000,1.920
2510633393,2026-09-20 18:00:00,600,5933.260,3454.630,1178.680,1299.950,1263.130,0.000,0.480
2510633395,2026-09-20 18:00:00,40,1300.980,732.580,283.550,284.840,61.340,0.000,39.160
2510633396,2026-09-20 18:00:00,400,902.000,613.590,212.130,76.260,203.260,0.000,0.170
2510633397,2026-09-20 18:00:00,240,557.300,356.740,168.730,31.810,210.170,0.000,17.900
2510633399,2026-09-20 18:00:00,600,1148.240,660.950,246.440,240.840,58.120,0.000,57.020
2510633400,2026-09-20 18:00:00,800,742.440,452.560,171.500,118.370,156.480,0.000,28.000
2510633402,2026-09-20 18:00:00,300,552.530,333.220,117.000,102.290,136.350,0.000,10.400
2510633406,2026-09-20 18:00:00,60,358.550,162.060,69.820,126.670,18.460,0.000,97.540
2510633411,2026-09-20 18:00:00,800,4714.410,2693.280,983.490,1037.620,1674.750,0.000,29.340
2510814977,2026-09-20 18:00:00,400,51.790,31.960,12.250,7.570,1.840,0.000,10.490
2610026950,2026-09-20 18:00:00,600,14.420,9.240,3.300,1.870,1.280,0.000,3.100
2610026952,2026-09-20 18:00:00,200,3542.030,2305.050,1022.960,214.020,1781.630,0.000,9.750
2610026953,2026-09-20 18:00:00,700,657.490,388.430,148.300,120.750,189.290,0.000,0.670
2610026963,2026-09-20 18:00:00,200,374.110,193.660,91.590,88.840,23.630,2.230,94.560
2610026966,2026-09-20 18:00:00,240,953.010,684.060,236.300,32.640,198.140,0.000,0.000
2610026976,2026-09-20 18:00:00,60,1465.310,955.200,327.310,182.780,143.510,0.000,26.670
2610026977,2026-09-20 18:00:00,30,628.430,262.380,98.490,267.550,108.110,0.000,28.120
2610159557,2026-09-20 18:00:00,600,17.240,9.920,3.690,3.620,0.230,0.000,10.260
2610170786,2026-09-20 18:00:00,500,606.200,344.810,118.840,142.540,118.690,0.000,2.940
2610170836,2026-09-20 18:00:00,100,125.270,78.340,28.340,18.580,70.290,0.000,0.550
2610170837,2026-09-20 18:00:00,240,12.180,7.890,2.660,1.620,1.490,0.000,0.140
2610170838,2026-09-20 18:00:00,240,32.600,20.750,7.210,4.640,3.680,0.000,0.310
2610170840,2026-09-20 18:00:00,40,310.440,177.480,60.450,72.500,65.490,0.000,30.040
2610322967,2026-09-20 18:00:00,500,3.750,2.270,0.930,0.530,0.500,0.000,0.020
2610322969,2026-09-20 18:00:00,100,101.680,71.540,24.240,5.890,13.490,0.000,1.990
2610322982,2026-09-20 18:00:00,160,3.910,2.400,0.800,0.710,0.000,0.000,1.990
2610322995,2026-09-20 18:00:00,40,4.430,2.710,0.900,0.810,0.000,0.000,2.710
2610322997,2026-09-20 18:00:00,400,556.050,327.080,126.540,102.420,209.980,0.000,0.570
2610323001,2026-09-20 18:00:00,160,1778.890,1059.550,475.940,243.390,807.870,0.000,0.000
2610323004,2026-09-20 18:00:00,3000,91.600,69.320,11.860,10.410,21.350,0.000,2.040
2610323005,2026-09-20 18:00:00,120,11.430,7.720,2.900,0.810,1.600,0.000,0.780
2610323010,2026-09-20 18:00:00,60,16.150,10.840,3.830,1.470,1.440,0.000,4.190
2610323016,2026-09-20 18:00:00,160,1589.880,878.220,345.960,365.700,716.620,0.000,0.000
2610323017,2026-09-20 18:00:00,60,5.720,3.480,1.170,1.050,0.000,0.000,3.090
2610323019,2026-09-20 18:00:00,80,47.880,30.310,10.330,7.230,2.980,0.000,11.800
2610323027,2026-09-20 18:00:00,60,5.850,3.610,1.190,1.040,0.000,0.000,3.150
2610126270,2026-09-20 18:01:00,400,26.710,16.920,6.320,3.450,1.020,0.000,7.770
2610126451,2026-09-20 18:01:00,300,111.210,72.350,27.030,11.820,55.710,0.000,0.270
2410121326,2026-09-20 18:30:00,200,1572.620,1014.720,440.540,117.350,371.960,0.000,5.450
2410121353,2026-09-20 18:30:00,120,711.930,493.870,194.080,23.960,157.620,0.000,15.380
2410121371,2026-09-20 18:30:00,120,600.480,372.590,132.190,95.690,71.400,0.000,29.550
2410121424,2026-09-20 18:30:00,120,47.970,29.500,11.170,7.290,1.600,0.000,17.710
2410121440,2026-09-20 18:30:00,120,21.180,13.980,4.220,2.970,2.510,0.000,5.910
2410121454,2026-09-20 18:30:00,160,2045.110,1290.180,441.330,313.600,332.680,0.000,76.290
2410121457,2026-09-20 18:30:00,120,1775.260,1137.160,497.990,140.100,333.440,0.000,42.560
2410121574,2026-09-20 18:30:00,120,4877.830,3520.600,1134.520,222.690,421.600,0.000,380.070
2410131378,2026-09-20 18:30:00,200,1845.240,1187.580,512.390,145.260,405.200,0.000,9.480
2410131383,2026-09-20 18:30:00,400,1060.460,702.440,226.570,131.430,47.710,0.000,65.610
2410131384,2026-09-20 18:30:00,200,9808.000,5564.620,1973.280,2270.090,2044.600,0.000,4.900
2410131387,2026-09-20 18:30:00,600,546.920,342.290,130.300,74.320,57.340,0.000,58.610
2410320615,2026-09-20 18:30:00,700,15465.250,9480.850,3771.540,2212.850,3822.420,0.000,51.450
2410883988,2026-09-20 18:30:00,100,35.940,18.310,5.360,12.260,3.400,0.000,2.130
2410883990,2026-09-20 18:30:00,60,2995.930,1718.450,639.280,638.190,888.660,0.000,38.530
2410883991,2026-09-20 18:30:00,100,2727.370,1642.150,613.140,472.070,256.140,0.260,74.140
2410883993,2026-09-20 18:30:00,60,3123.320,1508.690,591.860,1022.750,122.990,0.000,338.040
2410932742,2026-09-20 18:30:00,240,19886.449,11576.330,3691.880,4618.230,5042.070,0.000,5.960
2411087432,2026-09-20 18:30:00,40,3655.650,2270.660,1046.510,338.460,738.140,0.000,31.020
2411087433,2026-09-20 18:30:00,500,828.640,490.650,179.970,158.000,21.340,0.000,778.020
2411290205,2026-09-20 18:30:00,240,9636.640,6483.520,2821.920,331.180,3415.780,0.000,59.530
2510014481,2026-09-20 18:30:00,80,15365.670,8958.270,2959.770,3447.620,5773.840,0.000,5.520
2510014482,2026-09-20 18:30:00,40,1289.040,897.970,354.430,36.640,84.510,0.000,63.050
2510014483,2026-09-20 18:30:00,300,228.800,131.840,50.910,46.040,0.000,0.000,185.750
2510014484,2026-09-20 18:30:00,160,9412.610,5336.570,2082.880,1993.150,1519.510,0.000,21.540
2510178139,2026-09-20 18:30:00,300,825.730,479.920,175.350,170.450,180.180,0.000,14.140
2510178141,2026-09-20 18:30:00,40,657.550,492.220,154.330,11.000,183.110,0.000,47.290
2510203103,2026-09-20 18:30:00,400,1857.600,1105.880,417.860,333.850,61.810,3.510,329.700
2510203104,2026-09-20 18:30:00,120,3022.500,1815.720,708.160,498.620,454.670,0.000,69.190
2510203106,2026-09-20 18:30:00,100,98.750,45.730,16.640,36.370,0.410,0.000,37.090
2510203107,2026-09-20 18:30:00,600,611.460,390.190,164.680,56.590,176.970,0.000,12.510
2510203108,2026-09-20 18:30:00,80,3970.370,2237.440,880.320,852.600,623.350,0.000,36.690
2510203109,2026-09-20 18:30:00,160,1520.760,954.520,467.330,98.900,458.230,0.000,87.160
2510203111,2026-09-20 18:30:00,40,3927.750,2478.410,967.950,481.380,1072.330,0.000,12.680
2510203113,2026-09-20 18:30:00,160,4443.470,2833.370,1073.670,536.420,265.380,0.000,111.230
2510203114,2026-09-20 18:30:00,120,1900.170,1193.220,469.000,237.940,381.530,0.000,33.560
2510203117,2026-09-20 18:30:00,80,1656.190,882.990,359.380,413.810,281.860,0.000,164.970
2510203118,2026-09-20 18:30:00,640,194.270,112.300,43.680,38.280,26.990,0.010,113.450
2510203119,2026-09-20 18:30:00,40,480.820,323.290,123.490,34.020,180.180,0.000,14.790
2510203120,2026-09-20 18:30:00,160,4300.060,2640.740,947.700,711.610,998.070,0.000,14.900
2510203121,2026-09-20 18:30:00,100,1294.230,759.490,303.150,231.580,71.530,0.000,107.020
2510203122,2026-09-20 18:30:00,40,936.660,594.030,293.810,48.820,685.710,0.000,0.710
2510203123,2026-09-20 18:30:00,40,2654.090,1749.530,723.120,181.430,843.210,0.000,11.710
2510203124,2026-09-20 18:30:00,800,1182.610,839.310,284.790,58.500,332.610,0.000,0.360
2510203126,2026-09-20 18:30:00,100,15.890,7.150,2.270,6.470,0.320,0.000,1.280
2510203127,2026-09-20 18:30:00,40,1260.690,822.670,335.610,102.400,365.650,0.000,49.020
2510203128,2026-09-20 18:30:00,500,7945.310,4172.700,1399.270,2373.330,368.970,0.000,112.480
2510203129,2026-09-20 18:30:00,80,6.480,3.420,1.220,1.840,0.000,0.000,1.400
2510203130,2026-09-20 18:30:00,120,31.810,22.880,6.530,2.390,9.090,0.000,0.470
2510203133,2026-09-20 18:30:00,40,664.620,452.940,167.140,44.530,113.270,0.000,47.480
2510203134,2026-09-20 18:30:00,200,141.300,82.700,32.620,25.970,6.060,0.000,33.270
2510224049,2026-09-20 18:30:00,1,53339.488,20792.199,10906.000,21641.279,118.590,0.000,8954.080
2510224167,2026-09-20 18:30:00,1,20706.850,9116.150,4059.940,7530.750,841.260,0.000,5621.280
2510317505,2026-09-20 18:30:00,1,15078.250,6612.010,3195.220,5271.010,0.740,0.000,4487.890
2510317537,2026-09-20 18:30:00,1,11735.000,6743.020,2215.610,2776.370,218.560,1427.680,2132.980
2510389559,2026-09-20 18:30:00,1,36.870,20.630,14.320,1.910,30.680,0.000,5.910
2510389643,2026-09-20 18:30:00,1,43023.070,15405.780,7701.970,19915.311,22.610,0.000,4067.360
2510389931,2026-09-20 18:30:00,1,31081.240,11872.910,6569.520,12638.800,0.150,0.000,4271.070
2510633381,2026-09-20 18:30:00,320,220.550,137.210,49.580,33.750,6.270,0.000,45.030
2510633383,2026-09-20 18:30:00,40,1706.740,1278.930,393.750,34.060,52.190,0.000,309.330
2510633385,2026-09-20 18:30:00,60,1211.310,569.890,241.440,399.970,47.610,0.000,94.250
2510633386,2026-09-20 18:30:00,500,482.560,274.940,104.020,103.590,30.900,0.000,2710.480
2510633387,2026-09-20 18:30:00,40,24.330,16.340,5.860,2.130,0.800,0.000,3.270
2510633389,2026-09-20 18:30:00,500,486.260,331.320,113.540,41.380,89.670,0.000,101.000
2510633390,2026-09-20 18:30:00,80,2103.140,1264.650,466.390,372.090,545.130,0.000,6.350
2510633391,2026-09-20 18:30:00,100,246.230,190.090,56.030,0.100,3.330,0.000,1.920
2510633393,2026-09-20 18:30:00,600,5933.620,3454.990,1178.680,1299.950,1263.200,0.000,0.480
2510633395,2026-09-20 18:30:00,40,1300.980,732.580,283.550,284.840,61.340,0.000,39.160
2510633396,2026-09-20 18:30:00,400,902.160,613.750,212.130,76.260,203.320,0.000,0.170
2510633400,2026-09-20 18:30:00,800,742.480,452.600,171.500,118.370,156.490,0.000,28.000
2510633406,2026-09-20 18:30:00,60,358.590,162.090,69.820,126.670,18.460,0.000,97.550
2510633411,2026-09-20 18:30:00,800,4714.860,2693.730,983.490,1037.620,1674.870,0.000,29.340
2510814977,2026-09-20 18:30:00,400,51.790,31.960,12.250,7.570,1.840,0.000,10.490
2610026950,2026-09-20 18:30:00,600,14.420,9.240,3.300,1.870,1.280,0.000,3.100
2610026952,2026-09-20 18:30:00,200,3542.040,2305.050,1022.960,214.020,1781.630,0.000,9.760
2610026953,2026-09-20 18:30:00,700,657.570,388.510,148.300,120.750,189.320,0.000,0.670
2610026963,2026-09-20 18:30:00,200,374.150,193.700,91.590,88.840,23.630,2.230,94.580
2610026966,2026-09-20 18:30:00,240,953.020,684.080,236.300,32.640,198.150,0.000,0.000
2610026976,2026-09-20 18:30:00,60,1465.580,955.470,327.310,182.780,143.520,0.000,26.670
2610026977,2026-09-20 18:30:00,30,628.440,262.390,98.490,267.550,108.110,0.000,28.120
2610126270,2026-09-20 18:30:00,400,26.720,16.930,6.320,3.450,1.020,0.000,7.770
2610126451,2026-09-20 18:30:00,300,111.220,72.350,27.030,11.820,55.710,0.000,0.270
2610159557,2026-09-20 18:30:00,600,17.250,9.930,3.690,3.620,0.230,0.000,10.270
2610170786,2026-09-20 18:30:00,500,606.510,345.110,118.840,142.540,118.760,0.000,2.940
2610170836,2026-09-20 18:30:00,100,125.270,78.340,28.340,18.580,70.290,0.000,0.550
2610170837,2026-09-20 18:30:00,240,12.190,7.890,2.660,1.620,1.490,0.000,0.140
2610170838,2026-09-20 18:30:00,240,32.610,20.760,7.210,4.640,3.680,0.000,0.320
2610170840,2026-09-20 18:30:00,40,310.600,177.640,60.450,72.500,65.490,0.000,30.060
2610322967,2026-09-20 18:30:00,500,3.750,2.270,0.930,0.530,0.500,0.000,0.020
2610322969,2026-09-20 18:30:00,100,101.750,71.610,24.240,5.890,13.500,0.000,1.990
2610322982,2026-09-20 18:30:00,160,3.920,2.410,0.800,0.710,0.000,0.000,1.990
2610322995,2026-09-20 18:30:00,40,4.440,2.720,0.900,0.810,0.000,0.000,2.720
2610322997,2026-09-20 18:30:00,400,556.220,327.250,126.540,102.420,210.020,0.000,0.570
2610323001,2026-09-20 18:30:00,160,1779.060,1059.710,475.940,243.390,807.890,0.000,0.000
2610323004,2026-09-20 18:30:00,3000,91.610,69.320,11.860,10.410,21.360,0.000,2.040
2610323005,2026-09-20 18:30:00,120,11.430,7.720,2.900,0.810,1.600,0.000,0.780
2610323010,2026-09-20 18:30:00,60,16.170,10.860,3.830,1.470,1.440,0.000,4.190
2610323016,2026-09-20 18:30:00,160,1589.970,878.300,345.960,365.700,716.650,0.000,0.000
2610323019,2026-09-20 18:30:00,80,47.890,30.320,10.330,7.230,2.980,0.000,11.810
2610323027,2026-09-20 18:30:00,60,5.860,3.630,1.190,1.040,0.000,0.000,3.160
2410883994,2026-09-20 18:31:00,320,106.690,47.790,21.220,37.680,3.450,0.000,6.510
2510203105,2026-09-20 18:31:00,100,2430.580,1691.350,685.680,53.540,571.840,0.000,70.440
2510633397,2026-09-20 18:31:00,240,557.310,356.760,168.730,31.810,210.170,0.000,17.900
2510633402,2026-09-20 18:31:00,300,552.550,333.250,117.000,102.290,136.360,0.000,10.400
2610323017,2026-09-20 18:31:00,60,5.730,3.500,1.170,1.050,0.000,0.000,3.100
2510633399,2026-09-20 18:32:00,600,1148.450,661.160,246.440,240.840,58.120,0.000,57.030
2410121326,2026-09-20 19:00:00,200,1572.700,1014.800,440.540,117.350,371.980,0.000,5.450
2410121353,2026-09-20 19:00:00,120,711.930,493.880,194.080,23.960,157.620,0.000,15.380
2410121371,2026-09-20 19:00:00,120,600.530,372.640,132.190,95.690,71.410,0.000,29.550
2410121424,2026-09-20 19:00:00,120,47.970,29.500,11.170,7.290,1.600,0.000,17.710
2410121440,2026-09-20 19:00:00,120,21.180,13.980,4.220,2.970,2.510,0.000,5.910
2410121454,2026-09-20 19:00:00,160,2045.160,1290.220,441.330,313.600,332.690,0.000,76.290
2410121457,2026-09-20 19:00:00,120,1775.310,1137.210,497.990,140.100,333.450,0.000,42.560
2410121574,2026-09-20 19:00:00,120,4877.890,3520.670,1134.520,222.690,421.600,0.000,380.090
2410131378,2026-09-20 19:00:00,200,1845.240,1187.590,512.390,145.260,405.200,0.000,9.480
2410131383,2026-09-20 19:00:00,400,1060.480,702.460,226.570,131.430,47.710,0.000,65.610
2410131384,2026-09-20 19:00:00,200,9808.030,5564.650,1973.280,2270.090,2044.600,0.000,4.900
2410131387,2026-09-20 19:00:00,600,546.940,342.310,130.300,74.320,57.340,0.000,58.610
2410320615,2026-09-20 19:00:00,700,15465.410,9481.010,3771.540,2212.850,3822.450,0.000,51.450
2410883988,2026-09-20 19:00:00,100,35.940,18.310,5.360,12.260,3.400,0.000,2.130
2410883990,2026-09-20 19:00:00,60,2995.960,1718.480,639.280,638.190,888.660,0.000,38.530
2410883991,2026-09-20 19:00:00,100,2727.480,1642.260,613.140,472.070,256.140,0.260,74.140
2410883993,2026-09-20 19:00:00,60,3123.530,1508.900,591.860,1022.750,123.000,0.000,338.040
2410883994,2026-09-20 19:00:00,320,106.710,47.800,21.220,37.680,3.450,0.000,6.510
2410932742,2026-09-20 19:00:00,240,19887.359,11577.240,3691.880,4618.230,5042.350,0.000,5.960
2411087432,2026-09-20 19:00:00,40,3655.820,2270.840,1046.510,338.460,738.150,0.000,31.020
2411087433,2026-09-20 19:00:00,500,828.760,490.770,179.970,158.000,21.350,0.000,778.020
2411290205,2026-09-20 19:00:00,240,9636.680,6483.560,2821.920,331.180,3415.780,0.000,59.530
2510014481,2026-09-20 19:00:00,80,15366.230,8958.830,2959.770,3447.620,5774.030,0.000,5.520
2510014482,2026-09-20 19:00:00,40,1289.080,898.000,354.430,36.640,84.510,0.000,63.050
2510014484,2026-09-20 19:00:00,160,9412.650,5336.610,2082.880,1993.150,1519.510,0.000,21.550
2510178139,2026-09-20 19:00:00,300,825.800,480.000,175.350,170.450,180.190,0.000,14.140
2510178141,2026-09-20 19:00:00,40,657.550,492.220,154.330,11.000,183.110,0.000,47.290
2510203103,2026-09-20 19:00:00,400,1857.640,1105.920,417.860,333.850,61.810,3.510,329.700
2510203104,2026-09-20 19:00:00,120,3022.580,1815.800,708.160,498.620,454.680,0.000,69.190
2510203105,2026-09-20 19:00:00,100,2430.640,1691.410,685.680,53.540,571.870,0.000,70.440
2510203106,2026-09-20 19:00:00,100,98.760,45.740,16.640,36.370,0.410,0.000,37.090
2510203107,2026-09-20 19:00:00,600,611.570,390.300,164.680,56.590,176.990,0.000,12.510
2510203108,2026-09-20 19:00:00,80,3970.960,2238.030,880.320,852.600,623.390,0.000,36.690
2510203109,2026-09-20 19:00:00,160,1520.830,954.590,467.330,98.900,458.230,0.000,87.160
2510203111,2026-09-20 19:00:00,40,3927.750,2478.410,967.950,481.380,1072.330,0.000,12.680
2510203113,2026-09-20 19:00:00,160,4444.090,2833.990,1073.670,536.420,265.440,0.000,111.230
2510203114,2026-09-20 19:00:00,120,1900.200,1193.250,469.000,237.940,381.530,0.000,33.560
2510203117,2026-09-20 19:00:00,80,1656.310,883.110,359.380,413.810,281.860,0.000,164.990
2510203118,2026-09-20 19:00:00,640,194.270,112.300,43.680,38.280,26.990,0.010,113.490
2510203119,2026-09-20 19:00:00,40,480.820,323.290,123.490,34.020,180.180,0.000,14.790
2510203120,2026-09-20 19:00:00,160,4300.290,2640.970,947.700,711.610,998.140,0.000,14.900
2510203121,2026-09-20 19:00:00,100,1294.390,759.650,303.150,231.580,71.530,0.000,107.020
2510203122,2026-09-20 19:00:00,40,936.670,594.040,293.810,48.820,685.720,0.000,0.710
2510203123,2026-09-20 19:00:00,40,2654.090,1749.540,723.120,181.430,843.210,0.000,11.710
2510203124,2026-09-20 19:00:00,800,1182.690,839.390,284.790,58.500,332.650,0.000,0.360
2510203126,2026-09-20 19:00:00,100,15.890,7.150,2.270,6.470,0.320,0.000,1.280
2510203127,2026-09-20 19:00:00,40,1260.830,822.810,335.610,102.400,365.740,0.000,49.020
2510203128,2026-09-20 19:00:00,500,7945.910,4173.300,1399.270,2373.330,369.000,0.000,112.480
2510203129,2026-09-20 19:00:00,80,6.490,3.420,1.220,1.840,0.000,0.000,1.410
2510203130,2026-09-20 19:00:00,120,31.920,22.980,6.530,2.390,9.090,0.000,0.470
2510203133,2026-09-20 19:00:00,40,664.630,452.950,167.140,44.530,113.270,0.000,47.480
2510203134,2026-09-20 19:00:00,200,141.300,82.700,32.620,25.970,6.060,0.000,33.270
2510224049,2026-09-20 19:00:00,1,53344.820,20797.529,10906.000,21641.279,118.590,0.000,8955.240
2510224167,2026-09-20 19:00:00,1,20710.539,9119.840,4059.940,7530.750,841.260,0.000,5622.440
2510317505,2026-09-20 19:00:00,1,15083.300,6617.060,3195.220,5271.010,0.740,0.000,4489.020
2510317537,2026-09-20 19:00:00,1,11735.960,6743.970,2215.610,2776.370,218.560,1427.680,2133.140
2510389559,2026-09-20 19:00:00,1,36.870,20.630,14.320,1.910,30.680,0.000,5.910
2510389643,2026-09-20 19:00:00,1,43029.949,15412.660,7701.970,19915.311,22.610,0.000,4068.070
2510389931,2026-09-20 19:00:00,1,31087.289,11878.960,6569.520,12638.800,0.150,0.000,4271.740
2510633381,2026-09-20 19:00:00,320,220.570,137.230,49.580,33.750,6.270,0.000,45.040
2510633383,2026-09-20 19:00:00,40,1706.750,1278.940,393.750,34.060,52.190,0.000,309.370
2510633385,2026-09-20 19:00:00,60,1211.480,570.070,241.440,399.970,47.610,0.000,94.260
2510633386,2026-09-20 19:00:00,500,482.570,274.950,104.020,103.590,30.900,0.000,2710.870
2510633387,2026-09-20 19:00:00,40,24.330,16.340,5.860,2.130,0.800,0.000,3.270
2510633389,2026-09-20 19:00:00,500,486.380,331.440,113.540,41.380,89.670,0.000,101.020
2510633390,2026-09-20 19:00:00,80,2103.660,1265.170,466.390,372.090,545.260,0.000,6.350
2510633391,2026-09-20 19:00:00,100,246.230,190.090,56.030,0.100,3.330,0.000,1.920
2510633393,2026-09-20 19:00:00,600,5933.990,3455.350,1178.680,1299.950,1263.280,0.000,0.480
2510633395,2026-09-20 19:00:00,40,1300.980,732.580,283.550,284.840,61.340,0.000,39.160
2510633396,2026-09-20 19:00:00,400,902.310,613.910,212.130,76.260,203.400,0.000,0.170
2510633397,2026-09-20 19:00:00,240,557.330,356.770,168.730,31.810,210.170,0.000,17.900
2510633399,2026-09-20 19:00:00,600,1148.630,661.340,246.440,240.840,58.120,0.000,57.030
2510633402,2026-09-20 19:00:00,300,552.580,333.280,117.000,102.290,136.370,0.000,10.400
2510633406,2026-09-20 19:00:00,60,358.650,162.150,69.820,126.670,18.460,0.000,97.570
2510633411,2026-09-20 19:00:00,800,4715.310,2694.180,983.490,1037.620,1674.990,0.000,29.340
2510814977,2026-09-20 19:00:00,400,51.790,31.970,12.250,7.570,1.840,0.000,10.490
2610026950,2026-09-20 19:00:00,600,14.420,9.240,3.300,1.870,1.280,0.000,3.100
2610026952,2026-09-20 19:00:00,200,3542.040,2305.060,1022.960,214.020,1781.630,0.000,9.760
2610026953,2026-09-20 19:00:00,700,657.640,388.580,148.300,120.750,189.340,0.000,0.670
2610026963,2026-09-20 19:00:00,200,374.180,193.740,91.590,88.840,23.630,2.230,94.600
2610026966,2026-09-20 19:00:00,240,953.040,684.090,236.300,32.640,198.160,0.000,0.000
2610026976,2026-09-20 19:00:00,60,1465.820,955.710,327.310,182.780,143.520,0.000,26.680
2610026977,2026-09-20 19:00:00,30,628.620,262.570,98.490,267.550,108.110,0.000,28.150
2610126270,2026-09-20 19:00:00,400,26.730,16.940,6.320,3.450,1.020,0.000,7.770
2610126451,2026-09-20 19:00:00,300,111.220,72.360,27.030,11.820,55.710,0.000,0.270
2610159557,2026-09-20 19:00:00,600,17.260,9.940,3.690,3.620,0.230,0.000,10.270
2610170786,2026-09-20 19:00:00,500,606.830,345.440,118.840,142.540,118.840,0.000,2.940
2610170836,2026-09-20 19:00:00,100,125.270,78.340,28.340,18.580,70.290,0.000,0.550
2610170837,2026-09-20 19:00:00,240,12.190,7.900,2.660,1.620,1.490,0.000,0.140
2610170838,2026-09-20 19:00:00,240,32.620,20.760,7.210,4.640,3.680,0.000,0.320
2610170840,2026-09-20 19:00:00,40,310.810,177.850,60.450,72.500,65.510,0.000,30.080
2610322969,2026-09-20 19:00:00,100,101.800,71.660,24.240,5.890,13.500,0.000,1.990
2610322982,2026-09-20 19:00:00,160,3.930,2.420,0.800,0.710,0.000,0.000,1.990
2610322995,2026-09-20 19:00:00,40,4.450,2.730,0.900,0.810,0.000,0.000,2.720
2610322997,2026-09-20 19:00:00,400,556.380,327.420,126.540,102.420,210.050,0.000,0.570
2610323001,2026-09-20 19:00:00,160,1779.220,1059.870,475.940,243.390,807.910,0.000,0.000
2610323005,2026-09-20 19:00:00,120,11.440,7.720,2.900,0.810,1.600,0.000,0.780
2610323010,2026-09-20 19:00:00,60,16.180,10.870,3.830,1.470,1.440,0.000,4.200
2610323016,2026-09-20 19:00:00,160,1590.050,878.390,345.960,365.700,716.680,0.000,0.000
2610323017,2026-09-20 19:00:00,60,5.750,3.510,1.170,1.050,0.000,0.000,3.100
2610323019,2026-09-20 19:00:00,80,47.900,30.330,10.330,7.230,2.980,0.000,11.810
2610323027,2026-09-20 19:00:00,60,5.880,3.640,1.190,1.040,0.000,0.000,3.160
2510014483,2026-09-20 19:01:00,300,228.810,131.850,50.910,46.040,0.000,0.000,185.760
2610322967,2026-09-20 19:01:00,500,3.750,2.270,0.930,0.530,0.500,0.000,0.020
2610323004,2026-09-20 19:01:00,3000,91.610,69.330,11.860,10.410,21.360,0.000,2.040
2510633400,2026-09-20 19:02:00,800,742.530,452.650,171.500,118.370,156.500,0.000,28.000
2410121326,2026-09-20 19:30:00,200,1572.770,1014.870,440.540,117.350,372.000,0.000,5.450
2410121353,2026-09-20 19:30:00,120,711.940,493.890,194.080,23.960,157.620,0.000,15.390
2410121371,2026-09-20 19:30:00,120,600.580,372.690,132.190,95.690,71.410,0.000,29.550
2410121454,2026-09-20 19:30:00,160,2045.210,1290.270,441.330,313.600,332.700,0.000,76.290
2410121457,2026-09-20 19:30:00,120,1775.370,1137.270,497.990,140.100,333.460,0.000,42.560
2410121574,2026-09-20 19:30:00,120,4877.950,3520.730,1134.520,222.690,421.600,0.000,380.110
2410131378,2026-09-20 19:30:00,200,1845.250,1187.590,512.390,145.260,405.200,0.000,9.490
2410131383,2026-09-20 19:30:00,400,1060.490,702.480,226.570,131.430,47.710,0.000,65.620
2410131384,2026-09-20 19:30:00,200,9808.060,5564.690,1973.280,2270.090,2044.600,0.000,4.900
2410131387,2026-09-20 19:30:00,600,546.950,342.320,130.300,74.320,57.340,0.000,58.620
2410320615,2026-09-20 19:30:00,700,15465.530,9481.130,3771.540,2212.850,3822.480,0.000,51.450
2410883988,2026-09-20 19:30:00,100,35.940,18.310,5.360,12.260,3.400,0.000,2.130
2410883990,2026-09-20 19:30:00,60,2996.000,1718.520,639.280,638.190,888.660,0.000,38.530
2410883991,2026-09-20 19:30:00,100,2727.560,1642.340,613.140,472.070,256.140,0.260,74.150
2410883994,2026-09-20 19:30:00,320,106.720,47.820,21.220,37.680,3.450,0.000,6.510
2410932742,2026-09-20 19:30:00,240,19888.270,11578.150,3691.880,4618.230,5042.650,0.000,5.960
2411087432,2026-09-20 19:30:00,40,3655.990,2271.010,1046.510,338.460,738.150,0.000,31.020
2411087433,2026-09-20 19:30:00,500,828.880,490.890,179.970,158.000,21.360,0.000,778.040
2411290205,2026-09-20 19:30:00,240,9636.730,6483.610,2821.920,331.180,3415.790,0.000,59.530
2510014481,2026-09-20 19:30:00,80,15366.850,8959.450,2959.770,3447.620,5774.260,0.000,5.520
2510014482,2026-09-20 19:30:00,40,1289.120,898.050,354.430,36.640,84.520,0.000,63.050
2510014483,2026-09-20 19:30:00,300,228.830,131.870,50.910,46.040,0.000,0.000,185.770
2510014484,2026-09-20 19:30:00,160,9412.680,5336.640,2082.880,1993.150,1519.510,0.000,21.550
2510178139,2026-09-20 19:30:00,300,825.870,480.070,175.350,170.450,180.210,0.000,14.140
2510178141,2026-09-20 19:30:00,40,657.560,492.220,154.330,11.000,183.110,0.000,47.300
2510203104,2026-09-20 19:30:00,120,3022.640,1815.860,708.160,498.620,454.680,0.000,69.190
2510203105,2026-09-20 19:30:00,100,2430.690,1691.460,685.680,53.540,571.900,0.000,70.440
2510203106,2026-09-20 19:30:00,100,98.760,45.740,16.640,36.370,0.410,0.000,37.090
2510203107,2026-09-20 19:30:00,600,611.680,390.410,164.680,56.590,177.010,0.000,12.510
2510203108,2026-09-20 19:30:00,80,3971.490,2238.560,880.320,852.600,623.440,0.000,36.690
2510203109,2026-09-20 19:30:00,160,1520.890,954.650,467.330,98.900,458.230,0.000,87.160
2510203111,2026-09-20 19:30:00,40,3927.760,2478.420,967.950,481.380,1072.330,0.000,12.680
2510203113,2026-09-20 19:30:00,160,4444.700,2834.600,1073.670,536.420,265.510,0.000,111.230
2510203114,2026-09-20 19:30:00,120,1900.220,1193.270,469.000,237.940,381.530,0.000,33.570
2510203117,2026-09-20 19:30:00,80,1656.420,883.220,359.380,413.810,281.860,0.000,165.010
2510203119,2026-09-20 19:30:00,40,480.820,323.290,123.490,34.020,180.180,0.000,14.790
2510203120,2026-09-20 19:30:00,160,4300.530,2641.210,947.700,711.610,998.220,0.000,14.900
2510203121,2026-09-20 19:30:00,100,1294.550,759.800,303.150,231.580,71.530,0.000,107.020
2510203122,2026-09-20 19:30:00,40,936.690,594.050,293.810,48.820,685.720,0.000,0.710
2510203123,2026-09-20 19:30:00,40,2654.100,1749.540,723.120,181.430,843.210,0.000,11.710
2510203124,2026-09-20 19:30:00,800,1182.760,839.470,284.790,58.500,332.680,0.000,0.360
2510203126,2026-09-20 19:30:00,100,15.900,7.150,2.270,6.470,0.320,0.000,1.280
2510203127,2026-09-20 19:30:00,40,1260.970,822.950,335.610,102.400,365.850,0.000,49.020
2510203128,2026-09-20 19:30:00,500,7946.510,4173.900,1399.270,2373.330,369.030,0.000,112.480
2510203129,2026-09-20 19:30:00,80,6.490,3.430,1.220,1.840,0.000,0.000,1.410
2510203130,2026-09-20 19:30:00,120,32.020,23.090,6.530,2.390,9.090,0.000,0.470
2510203133,2026-09-20 19:30:00,40,664.630,452.950,167.140,44.530,113.270,0.000,47.480
2510203134,2026-09-20 19:30:00,200,141.310,82.710,32.620,25.970,6.060,0.000,33.270
2510224049,2026-09-20 19:30:00,1,53350.141,20802.850,10906.000,21641.279,118.590,0.000,8956.390
2510224167,2026-09-20 19:30:00,1,20714.230,9123.520,4059.940,7530.750,841.260,0.000,5623.590
2510317505,2026-09-20 19:30:00,1,15088.200,6621.960,3195.220,5271.010,0.740,0.000,4490.100
2510317537,2026-09-20 19:30:00,1,11736.910,6744.920,2215.610,2776.370,218.560,1427.680,2133.300
2510389559,2026-09-20 19:30:00,1,36.870,20.630,14.320,1.910,30.680,0.000,5.910
2510389643,2026-09-20 19:30:00,1,43036.820,15419.530,7701.970,19915.311,22.610,0.000,4068.770
2510389931,2026-09-20 19:30:00,1,31093.330,11885.000,6569.520,12638.800,0.150,0.000,4272.420
2510633381,2026-09-20 19:30:00,320,220.590,137.250,49.580,33.750,6.270,0.000,45.040
2510633383,2026-09-20 19:30:00,40,1706.760,1278.950,393.750,34.060,52.190,0.000,309.400
2510633385,2026-09-20 19:30:00,60,1211.660,570.240,241.440,399.970,47.610,0.000,94.270
2510633386,2026-09-20 19:30:00,500,482.580,274.960,104.020,103.590,30.900,0.000,2711.270
2510633387,2026-09-20 19:30:00,40,24.330,16.340,5.860,2.130,0.800,0.000,3.270
2510633389,2026-09-20 19:30:00,500,486.520,331.580,113.540,41.380,89.670,0.000,101.040
2510633390,2026-09-20 19:30:00,80,2104.170,1265.680,466.390,372.090,545.420,0.000,6.350
2510633391,2026-09-20 19:30:00,100,246.230,190.090,56.030,0.100,3.330,0.000,1.920
2510633393,2026-09-20 19:30:00,600,5934.360,3455.730,1178.680,1299.950,1263.370,0.000,0.480
2510633395,2026-09-20 19:30:00,40,1300.980,732.580,283.550,284.840,61.340,0.000,39.160
2510633396,2026-09-20 19:30:00,400,902.470,614.060,212.130,76.260,203.460,0.000,0.170
2510633397,2026-09-20 19:30:00,240,557.350,356.790,168.730,31.810,210.170,0.000,17.910
2510633399,2026-09-20 19:30:00,600,1148.820,661.530,246.440,240.840,58.120,0.000,57.040
2510633400,2026-09-20 19:30:00,800,742.570,452.690,171.500,118.370,156.520,0.000,28.000
2510633402,2026-09-20 19:30:00,300,552.600,333.300,117.000,102.290,136.370,0.000,10.400
2510633406,2026-09-20 19:30:00,60,358.710,162.220,69.820,126.670,18.460,0.000,97.590
2510633411,2026-09-20 19:30:00,800,4715.750,2694.620,983.490,1037.620,1675.110,0.000,29.340
2510814977,2026-09-20 19:30:00,400,51.800,31.970,12.250,7.570,1.840,0.000,10.500
2610026950,2026-09-20 19:30:00,600,14.430,9.250,3.300,1.870,1.280,0.000,3.100
2610026952,2026-09-20 19:30:00,200,3542.050,2305.060,1022.960,214.020,1781.630,0.000,9.760
2610026953,2026-09-20 19:30:00,700,657.710,388.650,148.300,120.750,189.370,0.000,0.670
2610026963,2026-09-20 19:30:00,200,374.230,193.780,91.590,88.840,23.630,2.230,94.620
2610026966,2026-09-20 19:30:00,240,953.050,684.100,236.300,32.640,198.170,0.000,0.000
2610026976,2026-09-20 19:30:00,60,1466.040,955.930,327.310,182.780,143.520,0.000,26.690
2610026977,2026-09-20 19:30:00,30,628.780,262.730,98.490,267.550,108.110,0.000,28.170
2610126270,2026-09-20 19:30:00,400,26.740,16.950,6.320,3.450,1.020,0.000,7.770
2610126451,2026-09-20 19:30:00,300,111.230,72.370,27.030,11.820,55.710,0.000,0.270
2610159557,2026-09-20 19:30:00,600,17.260,9.940,3.690,3.620,0.230,0.000,10.270
2610170786,2026-09-20 19:30:00,500,607.160,345.760,118.840,142.540,118.920,0.000,2.940
2610170836,2026-09-20 19:30:00,100,125.270,78.340,28.340,18.580,70.290,0.000,0.550
2610170838,2026-09-20 19:30:00,240,32.630,20.770,7.210,4.640,3.680,0.000,0.320
2610170840,2026-09-20 19:30:00,40,311.080,178.120,60.450,72.500,65.550,0.000,30.100
2610322967,2026-09-20 19:30:00,500,3.750,2.280,0.930,0.530,0.500,0.000,0.020
2610322969,2026-09-20 19:30:00,100,101.850,71.700,24.240,5.890,13.500,0.000,1.990
2610322982,2026-09-20 19:30:00,160,3.940,2.430,0.800,0.710,0.000,0.000,2.000
2610322995,2026-09-20 19:30:00,40,4.460,2.740,0.900,0.810,0.000,0.000,2.720
2610322997,2026-09-20 19:30:00,400,556.520,327.560,126.540,102.420,210.070,0.000,0.570
2610323001,2026-09-20 19:30:00,160,1779.380,1060.030,475.940,243.390,807.930,0.000,0.000
2610323004,2026-09-20 19:30:00,3000,91.620,69.330,11.860,10.410,21.370,0.000,2.040
2610323005,2026-09-20 19:30:00,120,11.440,7.720,2.900,0.810,1.600,0.000,0.780
2610323010,2026-09-20 19:30:00,60,16.190,10.880,3.830,1.470,1.440,0.000,4.200
2610323016,2026-09-20 19:30:00,160,1590.130,878.470,345.960,365.700,716.710,0.000,0.000
2610323017,2026-09-20 19:30:00,60,5.760,3.520,1.170,1.050,0.000,0.000,3.110
2610323019,2026-09-20 19:30:00,80,47.920,30.340,10.330,7.230,2.980,0.000,11.820
2610323027,2026-09-20 19:30:00,60,5.890,3.660,1.190,1.040,0.000,0.000,3.170
2410121440,2026-09-20 19:31:00,120,21.180,13.980,4.220,2.970,2.510,0.000,5.910
2410883993,2026-09-20 19:31:00,60,3123.930,1509.310,591.860,1022.750,123.000,0.000,338.070
2510203103,2026-09-20 19:31:00,400,1857.680,1105.960,417.860,333.850,61.810,3.510,329.710
2510203118,2026-09-20 19:31:00,640,194.270,112.300,43.680,38.280,26.990,0.010,113.530
2610170837,2026-09-20 19:31:00,240,12.190,7.900,2.660,1.620,1.490,0.000,0.150
2410121424,2026-09-20 19:32:00,120,47.970,29.510,11.170,7.290,1.600,0.000,17.710
2410121353,2026-09-20 20:00:00,120,711.950,493.890,194.080,23.960,157.620,0.000,15.390
2410121371,2026-09-20 20:00:00,120,600.630,372.740,132.190,95.690,71.410,0.000,29.550
2410121424,2026-09-20 20:00:00,120,47.970,29.510,11.170,7.290,1.600,0.000,17.710
2410121440,2026-09-20 20:00:00,120,21.180,13.990,4.220,2.970,2.510,0.000,5.910
2410121454,2026-09-20 20:00:00,160,2045.250,1290.320,441.330,313.600,332.710,0.000,76.290
2410121457,2026-09-20 20:00:00,120,1775.420,1137.320,497.990,140.100,333.470,0.000,42.560
2410121574,2026-09-20 20:00:00,120,4878.010,3520.790,1134.520,222.690,421.600,0.000,380.130
2410131378,2026-09-20 20:00:00,200,1845.260,1187.600,512.390,145.260,405.200,0.000,9.490
2410131383,2026-09-20 20:00:00,400,1060.510,702.500,226.570,131.430,47.710,0.000,65.620
2410131384,2026-09-20 20:00:00,200,9808.100,5564.720,1973.280,2270.090,2044.600,0.000,4.900
2410131387,2026-09-20 20:00:00,600,546.970,342.330,130.300,74.320,57.340,0.000,58.620
2410320615,2026-09-20 20:00:00,700,15465.640,9481.240,3771.540,2212.850,3822.500,0.000,51.450
2410883988,2026-09-20 20:00:00,100,35.950,18.320,5.360,12.260,3.400,0.000,2.140
2410883990,2026-09-20 20:00:00,60,2996.030,1718.540,639.280,638.190,888.670,0.000,38.530
2410883991,2026-09-20 20:00:00,100,2727.650,1642.430,613.140,472.070,256.140,0.260,74.150
2410883993,2026-09-20 20:00:00,60,3124.320,1509.690,591.860,1022.750,123.010,0.000,338.110
2410883994,2026-09-20 20:00:00,320,106.740,47.830,21.220,37.680,3.450,0.000,6.510
2410932742,2026-09-20 20:00:00,240,19889.211,11579.090,3691.880,4618.230,5042.950,0.000,5.960
2411087432,2026-09-20 20:00:00,40,3656.160,2271.180,1046.510,338.460,738.150,0.000,31.020
2411087433,2026-09-20 20:00:00,500,829.000,491.010,179.970,158.000,21.370,0.000,778.050
2411290205,2026-09-20 20:00:00,240,9636.780,6483.660,2821.920,331.180,3415.790,0.000,59.530
2510014481,2026-09-20 20:00:00,80,15367.460,8960.060,2959.770,3447.620,5774.500,0.000,5.520
2510014482,2026-09-20 20:00:00,40,1289.160,898.080,354.430,36.640,84.520,0.000,63.050
2510014484,2026-09-20 20:00:00,160,9412.710,5336.680,2082.880,1993.150,1519.510,0.000,21.550
2510178139,2026-09-20 20:00:00,300,825.930,480.130,175.350,170.450,180.230,0.000,14.140
2510178141,2026-09-20 20:00:00,40,657.560,492.230,154.330,11.000,183.110,0.000,47.300
2510203103,2026-09-20 20:00:00,400,1857.720,1106.000,417.860,333.850,61.810,3.510,329.720
2510203104,2026-09-20 20:00:00,120,3022.710,1815.920,708.160,498.620,454.690,0.000,69.190
2510203105,2026-09-20 20:00:00,100,2430.710,1691.480,685.680,53.540,571.900,0.000,70.440
2510203106,2026-09-20 20:00:00,100,98.770,45.750,16.640,36.370,0.410,0.000,37.090
2510203108,2026-09-20 20:00:00,80,3972.020,2239.100,880.320,852.600,623.500,0.000,36.690
2510203109,2026-09-20 20:00:00,160,1520.910,954.670,467.330,98.900,458.230,0.000,87.160
2510203111,2026-09-20 20:00:00,40,3927.760,2478.420,967.950,481.380,1072.330,0.000,12.690
2510203113,2026-09-20 20:00:00,160,4445.280,2835.180,1073.670,536.420,265.560,0.000,111.230
2510203114,2026-09-20 20:00:00,120,1900.240,1193.290,469.000,237.940,381.530,0.000,33.570
2510203117,2026-09-20 20:00:00,80,1656.540,883.340,359.380,413.810,281.860,0.000,165.030
2510203118,2026-09-20 20:00:00,640,194.270,112.310,43.680,38.280,26.990,0.010,113.570
2510203119,2026-09-20 20:00:00,40,480.820,323.290,123.490,34.020,180.180,0.000,14.790
2510203120,2026-09-20 20:00:00,160,4300.770,2641.450,947.700,711.610,998.300,0.000,14.900
2510203121,2026-09-20 20:00:00,100,1294.700,759.960,303.150,231.580,71.530,0.000,107.020
2510203122,2026-09-20 20:00:00,40,936.690,594.060,293.810,48.820,685.730,0.000,0.710
2510203123,2026-09-20 20:00:00,40,2654.100,1749.540,723.120,181.430,843.210,0.000,11.710
2510203124,2026-09-20 20:00:00,800,1182.810,839.510,284.790,58.500,332.700,0.000,0.360
2510203126,2026-09-20 20:00:00,100,15.910,7.160,2.270,6.470,0.320,0.000,1.280
2510203127,2026-09-20 20:00:00,40,1261.110,823.090,335.610,102.400,365.950,0.000,49.020
2510203128,2026-09-20 20:00:00,500,7947.150,4174.540,1399.270,2373.330,369.070,0.000,112.480
2510203129,2026-09-20 20:00:00,80,6.500,3.430,1.220,1.840,0.000,0.000,1.410
2510203130,2026-09-20 20:00:00,120,32.090,23.150,6.530,2.390,9.090,0.000,0.470
2510203133,2026-09-20 20:00:00,40,664.640,452.960,167.140,44.530,113.270,0.000,47.480
2510203134,2026-09-20 20:00:00,200,141.310,82.710,32.620,25.970,6.060,0.000,33.270
2510224049,2026-09-20 20:00:00,1,53355.461,20808.170,10906.000,21641.279,118.590,0.000,8957.540
2510224167,2026-09-20 20:00:00,1,20717.910,9127.210,4059.940,7530.750,841.260,0.000,5624.730
2510317505,2026-09-20 20:00:00,1,15093.160,6626.920,3195.220,5271.010,0.740,0.000,4491.200
2510389559,2026-09-20 20:00:00,1,36.870,20.630,14.320,1.910,30.680,0.000,5.910
2510389643,2026-09-20 20:00:00,1,43043.691,15426.390,7701.970,19915.311,22.610,0.000,4069.470
2510389931,2026-09-20 20:00:00,1,31099.350,11891.020,6569.520,12638.800,0.150,0.000,4273.090
2510633381,2026-09-20 20:00:00,320,220.600,137.260,49.580,33.750,6.270,0.000,45.050
2510633383,2026-09-20 20:00:00,40,1706.770,1278.960,393.750,34.060,52.190,0.000,309.430
2510633385,2026-09-20 20:00:00,60,1211.830,570.410,241.440,399.970,47.610,0.000,94.270
2510633386,2026-09-20 20:00:00,500,482.580,274.970,104.020,103.590,30.900,0.000,2711.670
2510633387,2026-09-20 20:00:00,40,24.340,16.340,5.860,2.130,0.800,0.000,3.270
2510633389,2026-09-20 20:00:00,500,486.670,331.740,113.540,41.380,89.670,0.000,101.060
2510633390,2026-09-20 20:00:00,80,2104.700,1266.210,466.390,372.090,545.580,0.000,6.350
2510633391,2026-09-20 20:00:00,100,246.230,190.090,56.030,0.100,3.330,0.000,1.920
2510633393,2026-09-20 20:00:00,600,5934.730,3456.100,1178.680,1299.950,1263.470,0.000,0.480
2510633396,2026-09-20 20:00:00,400,902.550,614.140,212.130,76.260,203.500,0.000,0.170
2510633397,2026-09-20 20:00:00,240,557.360,356.810,168.730,31.810,210.170,0.000,17.910
2510633400,2026-09-20 20:00:00,800,742.610,452.730,171.500,118.370,156.530,0.000,28.000
2510633402,2026-09-20 20:00:00,300,552.630,333.320,117.000,102.290,136.380,0.000,10.400
2510633406,2026-09-20 20:00:00,60,358.770,162.280,69.820,126.670,18.460,0.000,97.610
2510633411,2026-09-20 20:00:00,800,4716.170,2695.040,983.490,1037.620,1675.220,0.000,29.340
2510814977,2026-09-20 20:00:00,400,51.800,31.970,12.250,7.570,1.840,0.000,10.500
2610026950,2026-09-20 20:00:00,600,14.430,9.250,3.300,1.870,1.280,0.000,3.100
2610026952,2026-09-20 20:00:00,200,3542.050,2305.060,1022.960,214.020,1781.630,0.000,9.760
2610026953,2026-09-20 20:00:00,700,657.780,388.720,148.300,120.750,189.390,0.000,0.670
2610026963,2026-09-20 20:00:00,200,374.260,193.820,91.590,88.840,23.630,2.230,94.650
2610026966,2026-09-20 20:00:00,240,953.070,684.120,236.300,32.640,198.170,0.000,0.000
2610026977,2026-09-20 20:00:00,30,628.940,262.900,98.490,267.550,108.110,0.000,28.190
2610126270,2026-09-20 20:00:00,400,26.750,16.960,6.320,3.450,1.020,0.000,7.770
2610126451,2026-09-20 20:00:00,300,111.240,72.380,27.030,11.820,55.710,0.000,0.270
2610159557,2026-09-20 20:00:00,600,17.270,9.950,3.690,3.620,0.230,0.000,10.270
2610170786,2026-09-20 20:00:00,500,607.480,346.080,118.840,142.540,118.980,0.000,2.940
2610170836,2026-09-20 20:00:00,100,125.270,78.340,28.340,18.580,70.290,0.000,0.550
2610170837,2026-09-20 20:00:00,240,12.190,7.900,2.660,1.620,1.490,0.000,0.150
2610170838,2026-09-20 20:00:00,240,32.640,20.780,7.210,4.640,3.680,0.000,0.320
2610170840,2026-09-20 20:00:00,40,311.370,178.410,60.450,72.500,65.600,0.000,30.130
2610322967,2026-09-20 20:00:00,500,3.750,2.280,0.930,0.530,0.500,0.000,0.020
2610322982,2026-09-20 20:00:00,160,3.950,2.440,0.800,0.710,0.000,0.000,2.000
2610322995,2026-09-20 20:00:00,40,4.470,2.750,0.900,0.810,0.000,0.000,2.730
2610322997,2026-09-20 20:00:00,400,556.680,327.720,126.540,102.420,210.100,0.000,0.570
2610323001,2026-09-20 20:00:00,160,1779.560,1060.210,475.940,243.390,807.960,0.000,0.000
2610323004,2026-09-20 20:00:00,3000,91.620,69.340,11.860,10.410,21.370,0.000,2.040
2610323005,2026-09-20 20:00:00,120,11.440,7.720,2.900,0.810,1.600,0.000,0.780
2610323016,2026-09-20 20:00:00,160,1590.220,878.550,345.960,365.700,716.730,0.000,0.000
2610323017,2026-09-20 20:00:00,60,5.770,3.530,1.170,1.050,0.000,0.000,3.110
2610323019,2026-09-20 20:00:00,80,47.930,30.350,10.330,7.230,2.980,0.000,11.820
2610323027,2026-09-20 20:00:00,60,5.910,3.670,1.190,1.040,0.000,0.000,3.170
2410121326,2026-09-20 20:01:00,200,1572.850,1014.950,440.540,117.350,372.020,0.000,5.450
2510203107,2026-09-20 20:01:00,600,611.980,390.710,164.680,56.590,177.080,0.000,12.510
2510317537,2026-09-20 20:01:00,1,11737.880,6745.900,2215.610,2776.370,218.560,1427.680,2133.470
2510633399,2026-09-20 20:01:00,600,1149.010,661.720,246.440,240.840,58.120,0.000,57.050
2610026976,2026-09-20 20:01:00,60,1466.260,956.150,327.310,182.780,143.520,0.000,26.700
2610322969,2026-09-20 20:01:00,100,101.900,71.750,24.240,5.890,13.510,0.000,1.990
2610323010,2026-09-20 20:01:00,60,16.210,10.900,3.830,1.470,1.440,0.000,4.210
2510014483,2026-09-20 20:02:00,300,228.840,131.880,50.910,46.040,0.000,0.000,185.780
2510633395,2026-09-20 20:02:00,40,1300.980,732.580,283.550,284.840,61.340,0.000,39.160
2410121326,2026-09-20 20:30:00,200,1572.920,1015.020,440.540,117.350,372.040,0.000,5.450
2410121353,2026-09-20 20:30:00,120,711.950,493.900,194.080,23.960,157.620,0.000,15.390
2410121371,2026-09-20 20:30:00,120,600.680,372.790,132.190,95.690,71.410,0.000,29.550
2410121424,2026-09-20 20:30:00,120,47.980,29.510,11.170,7.290,1.600,0.000,17.710
2410121440,2026-09-20 20:30:00,120,21.190,13.990,4.220,2.970,2.510,0.000,5.910
2410121454,2026-09-20 20:30:00,160,2045.300,1290.360,441.330,313.600,332.720,0.000,76.290
2410121457,2026-09-20 20:30:00,120,1775.470,1137.370,497.990,140.100,333.480,0.000,42.560
2410121574,2026-09-20 20:30:00,120,4878.060,3520.840,1134.520,222.690,421.600,0.000,380.150
2410131378,2026-09-20 20:30:00,200,1845.260,1187.610,512.390,145.260,405.200,0.000,9.490
2410131383,2026-09-20 20:30:00,400,1060.540,702.520,226.570,131.430,47.710,0.000,65.620
2410131384,2026-09-20 20:30:00,200,9808.130,5564.760,1973.280,2270.090,2044.600,0.000,4.900
2410131387,2026-09-20 20:30:00,600,546.980,342.350,130.300,74.320,57.340,0.000,58.620
2410320615,2026-09-20 20:30:00,700,15465.750,9481.350,3771.540,2212.850,3822.530,0.000,51.450
2410883988,2026-09-20 20:30:00,100,35.960,18.330,5.360,12.260,3.400,0.000,2.140
2410883990,2026-09-20 20:30:00,60,2996.050,1718.570,639.280,638.190,888.670,0.000,38.530
2410883991,2026-09-20 20:30:00,100,2727.720,1642.500,613.140,472.070,256.140,0.260,74.150
2410883993,2026-09-20 20:30:00,60,3124.710,1510.090,591.860,1022.750,123.010,0.000,338.140
2410883994,2026-09-20 20:30:00,320,106.750,47.850,21.220,37.680,3.450,0.000,6.510
2410932742,2026-09-20 20:30:00,240,19890.150,11580.030,3691.880,4618.230,5043.240,0.000,5.960
2411087432,2026-09-20 20:30:00,40,3656.330,2271.340,1046.510,338.460,738.160,0.000,31.020
2411087433,2026-09-20 20:30:00,500,829.120,491.130,179.970,158.000,21.370,0.000,778.070
2411290205,2026-09-20 20:30:00,240,9636.820,6483.710,2821.920,331.180,3415.790,0.000,59.530
2510014481,2026-09-20 20:30:00,80,15368.070,8960.670,2959.770,3447.620,5774.760,0.000,5.520
2510014482,2026-09-20 20:30:00,40,1289.200,898.120,354.430,36.640,84.520,0.000,63.050
2510014483,2026-09-20 20:30:00,300,228.860,131.900,50.910,46.040,0.000,0.000,185.790
2510014484,2026-09-20 20:30:00,160,9412.740,5336.710,2082.880,1993.150,1519.510,0.000,21.550
2510178141,2026-09-20 20:30:00,40,657.560,492.230,154.330,11.000,183.110,0.000,47.310
2510203103,2026-09-20 20:30:00,400,1857.760,1106.040,417.860,333.850,61.810,3.510,329.720
2510203104,2026-09-20 20:30:00,120,3022.770,1815.980,708.160,498.620,454.690,0.000,69.190
2510203105,2026-09-20 20:30:00,100,2430.730,1691.500,685.680,53.540,571.910,0.000,70.440
2510203106,2026-09-20 20:30:00,100,98.770,45.750,16.640,36.370,0.410,0.000,37.100
2510203107,2026-09-20 20:30:00,600,612.320,391.050,164.680,56.590,177.200,0.000,12.510
2510203108,2026-09-20 20:30:00,80,3972.500,2239.570,880.320,852.600,623.540,0.000,36.690
2510203109,2026-09-20 20:30:00,160,1520.920,954.680,467.330,98.900,458.230,0.000,87.160
2510203111,2026-09-20 20:30:00,40,3927.760,2478.420,967.950,481.380,1072.330,0.000,12.690
2510203113,2026-09-20 20:30:00,160,4445.540,2835.440,1073.670,536.420,265.570,0.000,111.230
2510203114,2026-09-20 20:30:00,120,1900.260,1193.310,469.000,237.940,381.530,0.000,33.580
2510203117,2026-09-20 20:30:00,80,1656.660,883.450,359.380,413.810,281.860,0.000,165.060
2510203118,2026-09-20 20:30:00,640,194.270,112.310,43.680,38.280,26.990,0.010,113.610
2510203119,2026-09-20 20:30:00,40,480.820,323.290,123.490,34.020,180.180,0.000,14.790
2510203120,2026-09-20 20:30:00,160,4301.010,2641.690,947.700,711.610,998.370,0.000,14.900
2510203121,2026-09-20 20:30:00,100,1294.860,760.120,303.150,231.580,71.530,0.000,107.020
2510203122,2026-09-20 20:30:00,40,936.710,594.070,293.810,48.820,685.730,0.000,0.710
2510203123,2026-09-20 20:30:00,40,2654.100,1749.550,723.120,181.430,843.210,0.000,11.710
2510203124,2026-09-20 20:30:00,800,1182.850,839.550,284.790,58.500,332.720,0.000,0.360
2510203126,2026-09-20 20:30:00,100,15.910,7.170,2.270,6.470,0.320,0.000,1.280
2510203127,2026-09-20 20:30:00,40,1261.250,823.230,335.610,102.400,366.050,0.000,49.020
2510203128,2026-09-20 20:30:00,500,7947.830,4175.220,1399.270,2373.330,369.110,0.000,112.480
2510203129,2026-09-20 20:30:00,80,6.500,3.440,1.220,1.840,0.000,0.000,1.410
2510203130,2026-09-20 20:30:00,120,32.090,23.160,6.530,2.390,9.090,0.000,0.470
2510203133,2026-09-20 20:30:00,40,664.650,452.960,167.140,44.530,113.270,0.000,47.480
2510203134,2026-09-20 20:30:00,200,141.320,82.720,32.620,25.970,6.060,0.000,33.280
2510224049,2026-09-20 20:30:00,1,53360.801,20813.510,10906.000,21641.279,118.590,0.000,8958.690
2510224167,2026-09-20 20:30:00,1,20721.600,9130.900,4059.940,7530.750,841.260,0.000,5625.870
2510317505,2026-09-20 20:30:00,1,15098.080,6631.840,3195.220,5271.010,0.740,0.000,4492.270
2510317537,2026-09-20 20:30:00,1,11738.760,6746.770,2215.610,2776.370,218.560,1427.680,2133.620
2510389559,2026-09-20 20:30:00,1,36.870,20.630,14.320,1.910,30.680,0.000,5.910
2510389643,2026-09-20 20:30:00,1,43050.531,15433.240,7701.970,19915.311,22.610,0.000,4070.160
2510389931,2026-09-20 20:30:00,1,31105.359,11897.030,6569.520,12638.800,0.150,0.000,4273.770
2510633381,2026-09-20 20:30:00,320,220.620,137.280,49.580,33.750,6.270,0.000,45.050
2510633383,2026-09-20 20:30:00,40,1706.780,1278.970,393.750,34.060,52.190,0.000,309.460
2510633386,2026-09-20 20:30:00,500,482.590,274.980,104.020,103.590,30.900,0.000,2712.060
2510633387,2026-09-20 20:30:00,40,24.340,16.340,5.860,2.130,0.800,0.000,3.270
2510633389,2026-09-20 20:30:00,500,486.810,331.870,113.540,41.380,89.670,0.000,101.080
2510633391,2026-09-20 20:30:00,100,246.230,190.090,56.030,0.100,3.330,0.000,1.920
2510633396,2026-09-20 20:30:00,400,902.630,614.220,212.130,76.260,203.550,0.000,0.170
2510633397,2026-09-20 20:30:00,240,557.380,356.830,168.730,31.810,210.170,0.000,17.920
2510633399,2026-09-20 20:30:00,600,1149.160,661.870,246.440,240.840,58.130,0.000,57.050
2510633400,2026-09-20 20:30:00,800,742.650,452.770,171.500,118.370,156.540,0.000,28.000
2510633402,2026-09-20 20:30:00,300,552.650,333.350,117.000,102.290,136.380,0.000,10.400
2510633406,2026-09-20 20:30:00,60,358.830,162.340,69.820,126.670,18.460,0.000,97.630
2510633411,2026-09-20 20:30:00,800,4716.690,2695.560,983.490,1037.620,1675.420,0.000,29.340
2510814977,2026-09-20 20:30:00,400,51.800,31.980,12.250,7.570,1.840,0.000,10.500
2610026950,2026-09-20 20:30:00,600,14.440,9.250,3.300,1.870,1.280,0.000,3.100
2610026952,2026-09-20 20:30:00,200,3542.050,2305.070,1022.960,214.020,1781.630,0.000,9.760
2610026953,2026-09-20 20:30:00,700,657.850,388.790,148.300,120.750,189.420,0.000,0.670
2610026963,2026-09-20 20:30:00,200,374.300,193.860,91.590,88.840,23.630,2.230,94.670
2610026966,2026-09-20 20:30:00,240,953.080,684.130,236.300,32.640,198.180,0.000,0.000
2610026976,2026-09-20 20:30:00,60,1466.430,956.320,327.310,182.780,143.520,0.000,26.700
2610026977,2026-09-20 20:30:00,30,629.110,263.060,98.490,267.550,108.110,0.000,28.220
2610126270,2026-09-20 20:30:00,400,26.760,16.980,6.320,3.450,1.020,0.000,7.780
2610126451,2026-09-20 20:30:00,300,111.240,72.380,27.030,11.820,55.710,0.000,0.270
2610159557,2026-09-20 20:30:00,600,17.270,9.950,3.690,3.620,0.230,0.000,10.280
2610170786,2026-09-20 20:30:00,500,607.800,346.410,118.840,142.540,119.060,0.000,2.940
2610170837,2026-09-20 20:30:00,240,12.200,7.910,2.660,1.620,1.490,0.000,0.150
2610170838,2026-09-20 20:30:00,240,32.650,20.790,7.210,4.640,3.680,0.000,0.320
2610170840,2026-09-20 20:30:00,40,311.610,178.660,60.450,72.500,65.640,0.000,30.140
2610322967,2026-09-20 20:30:00,500,3.750,2.280,0.930,0.530,0.500,0.000,0.020
2610322969,2026-09-20 20:30:00,100,101.930,71.790,24.240,5.890,13.510,0.000,1.990
2610322982,2026-09-20 20:30:00,160,3.960,2.440,0.800,0.710,0.000,0.000,2.000
2610322995,2026-09-20 20:30:00,40,4.480,2.760,0.900,0.810,0.000,0.000,2.730
2610322997,2026-09-20 20:30:00,400,556.850,327.880,126.540,102.420,210.120,0.000,0.570
2610323001,2026-09-20 20:30:00,160,1779.870,1060.530,475.940,243.390,808.060,0.000,0.000
2610323004,2026-09-20 20:30:00,3000,91.630,69.340,11.860,10.410,21.380,0.000,2.040
2610323005,2026-09-20 20:30:00,120,11.440,7.730,2.900,0.810,1.600,0.000,0.780
2610323010,2026-09-20 20:30:00,60,16.220,10.910,3.830,1.470,1.440,0.000,4.210
2610323016,2026-09-20 20:30:00,160,1590.310,878.650,345.960,365.700,716.760,0.000,0.000
2610323017,2026-09-20 20:30:00,60,5.780,3.540,1.170,1.050,0.000,0.000,3.120
2610323019,2026-09-20 20:30:00,80,47.940,30.370,10.330,7.230,2.980,0.000,11.820
2610323027,2026-09-20 20:30:00,60,5.920,3.690,1.190,1.040,0.000,0.000,3.180
2510178139,2026-09-20 20:31:00,300,826.000,480.190,175.350,170.450,180.250,0.000,14.140
2510633393,2026-09-20 20:31:00,600,5935.110,3456.480,1178.680,1299.950,1263.560,0.000,0.480
2510633395,2026-09-20 20:31:00,40,1300.980,732.580,283.550,284.840,61.340,0.000,39.160
2610170836,2026-09-20 20:31:00,100,125.270,78.340,28.340,18.580,70.290,0.000,0.550
2510633390,2026-09-20 20:32:00,80,2105.310,1266.820,466.390,372.090,545.780,0.000,6.350
2510633385,2026-09-20 20:33:00,60,1212.020,570.600,241.440,399.970,47.610,0.000,94.280
2410121326,2026-09-20 21:00:00,200,1572.990,1015.090,440.540,117.350,372.060,0.000,5.450
2410121353,2026-09-20 21:00:00,120,711.960,493.910,194.080,23.960,157.620,0.000,15.390
2410121371,2026-09-20 21:00:00,120,600.740,372.840,132.190,95.690,71.410,0.000,29.550
2410121440,2026-09-20 21:00:00,120,21.190,13.990,4.220,2.970,2.510,0.000,5.910
2410121454,2026-09-20 21:00:00,160,2045.350,1290.410,441.330,313.600,332.730,0.000,76.290
2410121457,2026-09-20 21:00:00,120,1775.520,1137.420,497.990,140.100,333.480,0.000,42.560
2410121574,2026-09-20 21:00:00,120,4878.110,3520.880,1134.520,222.690,421.600,0.000,380.170
2410131378,2026-09-20 21:00:00,200,1845.270,1187.610,512.390,145.260,405.200,0.000,9.490
2410131383,2026-09-20 21:00:00,400,1060.560,702.540,226.570,131.430,47.710,0.000,65.620
2410131384,2026-09-20 21:00:00,200,9808.160,5564.790,1973.280,2270.090,2044.600,0.000,4.900
2410131387,2026-09-20 21:00:00,600,546.990,342.360,130.300,74.320,57.340,0.000,58.630
2410320615,2026-09-20 21:00:00,700,15465.850,9481.450,3771.540,2212.850,3822.550,0.000,51.450
2410883990,2026-09-20 21:00:00,60,2996.080,1718.600,639.280,638.190,888.670,0.000,38.530
2410883991,2026-09-20 21:00:00,100,2727.780,1642.560,613.140,472.070,256.140,0.260,74.150
2410883993,2026-09-20 21:00:00,60,3125.120,1510.490,591.860,1022.750,123.020,0.000,338.170
2410932742,2026-09-20 21:00:00,240,19891.090,11580.970,3691.880,4618.230,5043.530,0.000,5.960
2411087432,2026-09-20 21:00:00,40,3656.490,2271.510,1046.510,338.460,738.160,0.000,31.020
2411290205,2026-09-20 21:00:00,240,9636.870,6483.750,2821.920,331.180,3415.800,0.000,59.530
2510014481,2026-09-20 21:00:00,80,15368.670,8961.260,2959.770,3447.620,5775.000,0.000,5.520
2510014482,2026-09-20 21:00:00,40,1289.210,898.130,354.430,36.640,84.520,0.000,63.050
2510014483,2026-09-20 21:00:00,300,228.870,131.910,50.910,46.040,0.000,0.000,185.800
2510014484,2026-09-20 21:00:00,160,9412.780,5336.740,2082.880,1993.150,1519.510,0.000,21.560
2510178139,2026-09-20 21:00:00,300,826.060,480.250,175.350,170.450,180.270,0.000,14.140
2510178141,2026-09-20 21:00:00,40,657.560,492.230,154.330,11.000,183.110,0.000,47.310
2510203103,2026-09-20 21:00:00,400,1857.810,1106.090,417.860,333.850,61.810,3.510,329.730
2510203104,2026-09-20 21:00:00,120,3022.830,1816.050,708.160,498.620,454.690,0.000,69.190
2510203105,2026-09-20 21:00:00,100,2430.750,1691.520,685.680,53.540,571.910,0.000,70.440
2510203106,2026-09-20 21:00:00,100,98.780,45.760,16.640,36.370,0.410,0.000,37.100
2510203107,2026-09-20 21:00:00,600,612.420,391.150,164.680,56.590,177.220,0.000,12.510
2510203108,2026-09-20 21:00:00,80,3972.960,2240.030,880.320,852.600,623.580,0.000,36.690
2510203109,2026-09-20 21:00:00,160,1520.940,954.700,467.330,98.900,458.240,0.000,87.160
2510203111,2026-09-20 21:00:00,40,3927.770,2478.430,967.950,481.380,1072.330,0.000,12.690
2510203113,2026-09-20 21:00:00,160,4445.780,2835.680,1073.670,536.420,265.580,0.000,111.230
2510203114,2026-09-20 21:00:00,120,1900.280,1193.330,469.000,237.940,381.530,0.000,33.590
2510203117,2026-09-20 21:00:00,80,1656.770,883.570,359.380,413.810,281.860,0.000,165.080
2510203118,2026-09-20 21:00:00,640,194.280,112.310,43.680,38.280,26.990,0.010,113.650
2510203119,2026-09-20 21:00:00,40,480.820,323.290,123.490,34.020,180.180,0.000,14.790
2510203120,2026-09-20 21:00:00,160,4301.250,2641.920,947.700,711.610,998.450,0.000,14.900
2510203121,2026-09-20 21:00:00,100,1295.020,760.280,303.150,231.580,71.530,0.000,107.020
2510203122,2026-09-20 21:00:00,40,936.720,594.080,293.810,48.820,685.740,0.000,0.710
2510203123,2026-09-20 21:00:00,40,2654.110,1749.550,723.120,181.430,843.210,0.000,11.710
2510203124,2026-09-20 21:00:00,800,1182.890,839.590,284.790,58.500,332.750,0.000,0.360
2510203126,2026-09-20 21:00:00,100,15.920,7.180,2.270,6.470,0.320,0.000,1.290
2510203127,2026-09-20 21:00:00,40,1261.390,823.370,335.610,102.400,366.150,0.000,49.020
2510203129,2026-09-20 21:00:00,80,6.510,3.440,1.220,1.840,0.000,0.000,1.410
2510203130,2026-09-20 21:00:00,120,32.100,23.160,6.530,2.390,9.090,0.000,0.470
2510203133,2026-09-20 21:00:00,40,664.650,452.970,167.140,44.530,113.270,0.000,47.490
2510203134,2026-09-20 21:00:00,200,141.320,82.720,32.620,25.970,6.060,0.000,33.280
2510224049,2026-09-20 21:00:00,1,53366.141,20818.850,10906.000,21641.279,118.590,0.000,8959.830
2510224167,2026-09-20 21:00:00,1,20725.301,9134.600,4059.940,7530.750,841.260,0.000,5627.000
2510317505,2026-09-20 21:00:00,1,15102.980,6636.740,3195.220,5271.010,0.740,0.000,4493.340
2510317537,2026-09-20 21:00:00,1,11739.730,6747.750,2215.610,2776.370,218.560,1427.680,2133.780
2510389559,2026-09-20 21:00:00,1,36.870,20.630,14.320,1.910,30.680,0.000,5.910
2510389643,2026-09-20 21:00:00,1,43057.270,15439.980,7701.970,19915.311,22.610,0.000,4070.840
2510389931,2026-09-20 21:00:00,1,31111.369,11903.040,6569.520,12638.800,0.150,0.000,4274.440
2510633381,2026-09-20 21:00:00,320,220.640,137.300,49.580,33.750,6.270,0.000,45.060
2510633385,2026-09-20 21:00:00,60,1212.170,570.760,241.440,399.970,47.610,0.000,94.280
2510633386,2026-09-20 21:00:00,500,482.600,274.990,104.020,103.590,30.900,0.000,2712.460
2510633387,2026-09-20 21:00:00,40,24.340,16.350,5.860,2.130,0.800,0.000,3.270
2510633389,2026-09-20 21:00:00,500,486.960,332.030,113.540,41.380,89.670,0.000,101.110
2510633390,2026-09-20 21:00:00,80,2105.830,1267.330,466.390,372.090,545.940,0.000,6.350
2510633391,2026-09-20 21:00:00,100,246.230,190.090,56.030,0.100,3.330,0.000,1.920
2510633393,2026-09-20 21:00:00,600,5935.470,3456.840,1178.680,1299.950,1263.650,0.000,0.480
2510633395,2026-09-20 21:00:00,40,1300.980,732.580,283.550,284.840,61.340,0.000,39.160
2510633396,2026-09-20 21:00:00,400,902.710,614.300,212.130,76.260,203.590,0.000,0.170
2510633397,2026-09-20 21:00:00,240,557.400,356.840,168.730,31.810,210.170,0.000,17.920
2510633399,2026-09-20 21:00:00,600,1149.310,662.020,246.440,240.840,58.130,0.000,57.050
2510633400,2026-09-20 21:00:00,800,742.700,452.810,171.500,118.370,156.550,0.000,28.000
2510633402,2026-09-20 21:00:00,300,552.670,333.370,117.000,102.290,136.390,0.000,10.400
2510633406,2026-09-20 21:00:00,60,358.900,162.400,69.820,126.670,18.460,0.000,97.650
2510633411,2026-09-20 21:00:00,800,4717.270,2696.150,983.490,1037.620,1675.640,0.000,29.340
2510814977,2026-09-20 21:00:00,400,51.810,31.980,12.250,7.570,1.840,0.000,10.500
2610026950,2026-09-20 21:00:00,600,14.440,9.260,3.300,1.870,1.280,0.000,3.100
2610026953,2026-09-20 21:00:00,700,657.920,388.860,148.300,120.750,189.440,0.000,0.670
2610026963,2026-09-20 21:00:00,200,374.350,193.900,91.590,88.840,23.630,2.230,94.680
2610026966,2026-09-20 21:00:00,240,953.090,684.140,236.300,32.640,198.190,0.000,0.000
2610026976,2026-09-20 21:00:00,60,1466.600,956.490,327.310,182.780,143.520,0.000,26.710
2610026977,2026-09-20 21:00:00,30,629.270,263.220,98.490,267.550,108.110,0.000,28.240
2610126270,2026-09-20 21:00:00,400,26.770,16.980,6.320,3.450,1.020,0.000,7.780
2610126451,2026-09-20 21:00:00,300,111.250,72.390,27.030,11.820,55.710,0.000,0.270
2610159557,2026-09-20 21:00:00,600,17.270,9.950,3.690,3.620,0.230,0.000,10.280
2610170786,2026-09-20 21:00:00,500,608.130,346.740,118.840,142.540,119.140,0.000,2.940
2610170836,2026-09-20 21:00:00,100,125.270,78.340,28.340,18.580,70.290,0.000,0.550
2610170837,2026-09-20 21:00:00,240,12.200,7.910,2.660,1.620,1.490,0.000,0.150
2610170838,2026-09-20 21:00:00,240,32.660,20.810,7.210,4.640,3.680,0.000,0.320
2610170840,2026-09-20 21:00:00,40,311.910,178.960,60.450,72.500,65.690,0.000,30.170
2610322967,2026-09-20 21:00:00,500,3.750,2.280,0.930,0.530,0.500,0.000,0.020
2610322969,2026-09-20 21:00:00,100,101.970,71.830,24.240,5.890,13.510,0.000,1.990
2610322982,2026-09-20 21:00:00,160,3.970,2.450,0.800,0.710,0.000,0.000,2.010
2610322995,2026-09-20 21:00:00,40,4.490,2.760,0.900,0.810,0.000,0.000,2.740
2610322997,2026-09-20 21:00:00,400,557.000,328.030,126.540,102.420,210.150,0.000,0.570
2610323001,2026-09-20 21:00:00,160,1780.210,1060.870,475.940,243.390,808.190,0.000,0.000
2610323004,2026-09-20 21:00:00,3000,91.630,69.350,11.860,10.410,21.380,0.000,2.040
2610323005,2026-09-20 21:00:00,120,11.440,7.730,2.900,0.810,1.600,0.000,0.780
2610323010,2026-09-20 21:00:00,60,16.230,10.920,3.830,1.470,1.440,0.000,4.220
2610323016,2026-09-20 21:00:00,160,1590.410,878.750,345.960,365.700,716.790,0.000,0.000
2610323017,2026-09-20 21:00:00,60,5.790,3.550,1.170,1.050,0.000,0.000,3.120
2610323019,2026-09-20 21:00:00,80,47.950,30.380,10.330,7.230,2.980,0.000,11.830
2610323027,2026-09-20 21:00:00,60,5.930,3.700,1.190,1.040,0.000,0.000,3.190
2410121424,2026-09-20 21:01:00,120,47.980,29.510,11.170,7.290,1.600,0.000,17.720
2410883988,2026-09-20 21:01:00,100,35.960,18.330,5.360,12.260,3.400,0.000,2.140
2410883994,2026-09-20 21:01:00,320,106.770,47.860,21.220,37.680,3.450,0.000,6.520
2411087433,2026-09-20 21:01:00,500,829.240,491.250,179.970,158.000,21.380,0.000,778.080
2510203128,2026-09-20 21:01:00,500,7948.560,4175.950,1399.270,2373.330,369.170,0.000,112.480
2510633383,2026-09-20 21:01:00,40,1706.790,1278.980,393.750,34.060,52.190,0.000,309.490
2610026952,2026-09-20 21:01:00,200,3542.060,2305.070,1022.960,214.020,1781.630,0.000,9.770
2410121326,2026-09-20 21:30:00,200,1573.060,1015.150,440.540,117.350,372.090,0.000,5.450
2410121353,2026-09-20 21:30:00,120,711.960,493.910,194.080,23.960,157.620,0.000,15.390
2410121371,2026-09-20 21:30:00,120,600.780,372.890,132.190,95.690,71.410,0.000,29.550
2410121424,2026-09-20 21:30:00,120,47.980,29.510,11.170,7.290,1.600,0.000,17.720
2410121440,2026-09-20 21:30:00,120,21.190,13.990,4.220,2.970,2.510,0.000,5.910
2410121454,2026-09-20 21:30:00,160,2045.390,1290.450,441.330,313.600,332.740,0.000,76.290
2410121457,2026-09-20 21:30:00,120,1775.580,1137.470,497.990,140.100,333.490,0.000,42.560
2410121574,2026-09-20 21:30:00,120,4878.140,3520.920,1134.520,222.690,421.600,0.000,380.190
2410131378,2026-09-20 21:30:00,200,1845.270,1187.620,512.390,145.260,405.200,0.000,9.490
2410131383,2026-09-20 21:30:00,400,1060.580,702.560,226.570,131.430,47.710,0.000,65.620
2410131384,2026-09-20 21:30:00,200,9808.200,5564.820,1973.280,2270.090,2044.610,0.000,4.900
2410131387,2026-09-20 21:30:00,600,547.010,342.380,130.300,74.320,57.340,0.000,58.630
2410320615,2026-09-20 21:30:00,700,15465.960,9481.560,3771.540,2212.850,3822.580,0.000,51.450
2410883988,2026-09-20 21:30:00,100,35.970,18.340,5.360,12.260,3.400,0.000,2.140
2410883990,2026-09-20 21:30:00,60,2996.100,1718.620,639.280,638.190,888.670,0.000,38.530
2410883991,2026-09-20 21:30:00,100,2727.850,1642.630,613.140,472.070,256.140,0.260,74.150
2410883993,2026-09-20 21:30:00,60,3125.520,1510.890,591.860,1022.750,123.020,0.000,338.200
2410883994,2026-09-20 21:30:00,320,106.780,47.870,21.220,37.680,3.450,0.000,6.520
2410932742,2026-09-20 21:30:00,240,19892.020,11581.910,3691.880,4618.230,5043.830,0.000,5.960
2411087432,2026-09-20 21:30:00,40,3656.660,2271.680,1046.510,338.460,738.160,0.000,31.020
2411087433,2026-09-20 21:30:00,500,829.350,491.360,179.970,158.000,21.390,0.000,778.090
2411290205,2026-09-20 21:30:00,240,9636.920,6483.800,2821.920,331.180,3415.800,0.000,59.530
2510014481,2026-09-20 21:30:00,80,15369.250,8961.850,2959.770,3447.620,5775.250,0.000,5.520
2510014482,2026-09-20 21:30:00,40,1289.220,898.140,354.430,36.640,84.520,0.000,63.060
2510014483,2026-09-20 21:30:00,300,228.890,131.930,50.910,46.040,0.000,0.000,185.810
2510014484,2026-09-20 21:30:00,160,9412.810,5336.770,2082.880,1993.150,1519.510,0.000,21.560
2510178139,2026-09-20 21:30:00,300,826.140,480.330,175.350,170.450,180.290,0.000,14.140
2510178141,2026-09-20 21:30:00,40,657.570,492.230,154.330,11.000,183.110,0.000,47.320
2510203103,2026-09-20 21:30:00,400,1857.840,1106.120,417.860,333.850,61.810,3.510,329.740
2510203104,2026-09-20 21:30:00,120,3022.890,1816.110,708.160,498.620,454.700,0.000,69.190
2510203105,2026-09-20 21:30:00,100,2430.770,1691.540,685.680,53.540,571.910,0.000,70.440
2510203106,2026-09-20 21:30:00,100,98.780,45.760,16.640,36.370,0.410,0.000,37.100
2510203107,2026-09-20 21:30:00,600,612.560,391.290,164.680,56.590,177.250,0.000,12.510
2510203108,2026-09-20 21:30:00,80,3973.380,2240.450,880.320,852.600,623.620,0.000,36.690
2510203109,2026-09-20 21:30:00,160,1520.950,954.710,467.330,98.900,458.240,0.000,87.160
2510203111,2026-09-20 21:30:00,40,3927.770,2478.430,967.950,481.380,1072.330,0.000,12.690
2510203113,2026-09-20 21:30:00,160,4445.970,2835.860,1073.670,536.420,265.580,0.000,111.230
2510203114,2026-09-20 21:30:00,120,1900.300,1193.350,469.000,237.940,381.530,0.000,33.600
2510203117,2026-09-20 21:30:00,80,1656.910,883.710,359.380,413.810,281.860,0.000,165.100
2510203118,2026-09-20 21:30:00,640,194.280,112.310,43.680,38.280,26.990,0.010,113.680
2510203119,2026-09-20 21:30:00,40,480.820,323.290,123.490,34.020,180.180,0.000,14.790
2510203120,2026-09-20 21:30:00,160,4301.500,2642.180,947.700,711.610,998.540,0.000,14.900
2510203121,2026-09-20 21:30:00,100,1295.180,760.440,303.150,231.580,71.540,0.000,107.020
2510203122,2026-09-20 21:30:00,40,936.730,594.090,293.810,48.820,685.740,0.000,0.710
2510203123,2026-09-20 21:30:00,40,2654.110,1749.550,723.120,181.430,843.210,0.000,11.710
2510203124,2026-09-20 21:30:00,800,1182.930,839.630,284.790,58.500,332.770,0.000,0.360
2510203126,2026-09-20 21:30:00,100,15.930,7.180,2.270,6.470,0.320,0.000,1.290
2510203128,2026-09-20 21:30:00,500,7949.250,4176.640,1399.270,2373.330,369.220,0.000,112.480
2510203129,2026-09-20 21:30:00,80,6.510,3.450,1.220,1.840,0.000,0.000,1.410
2510203130,2026-09-20 21:30:00,120,32.100,23.160,6.530,2.390,9.090,0.000,0.470
2510203133,2026-09-20 21:30:00,40,664.660,452.980,167.140,44.530,113.270,0.000,47.490
2510203134,2026-09-20 21:30:00,200,141.320,82.720,32.620,25.970,6.060,0.000,33.280
2510224049,2026-09-20 21:30:00,1,53371.469,20824.180,10906.000,21641.279,118.590,0.000,8960.980
2510224167,2026-09-20 21:30:00,1,20728.990,9138.290,4059.940,7530.750,841.260,0.000,5628.130
2510317505,2026-09-20 21:30:00,1,15107.850,6641.610,3195.220,5271.010,0.740,0.000,4494.400
2510317537,2026-09-20 21:30:00,1,11740.700,6748.720,2215.610,2776.370,218.560,1427.680,2133.940
2510389559,2026-09-20 21:30:00,1,36.870,20.630,14.320,1.910,30.680,0.000,5.910
2510389643,2026-09-20 21:30:00,1,43064.000,15446.700,7701.970,19915.311,22.610,0.000,4071.520
2510389931,2026-09-20 21:30:00,1,31117.381,11909.050,6569.520,12638.800,0.150,0.000,4275.110
2510633381,2026-09-20 21:30:00,320,220.660,137.320,49.580,33.750,6.270,0.000,45.070
2510633383,2026-09-20 21:30:00,40,1706.800,1278.990,393.750,34.060,52.190,0.000,309.520
2510633385,2026-09-20 21:30:00,60,1212.340,570.920,241.440,399.970,47.610,0.000,94.290
2510633386,2026-09-20 21:30:00,500,482.610,274.990,104.020,103.590,30.900,0.000,2712.850
2510633387,2026-09-20 21:30:00,40,24.340,16.350,5.860,2.130,0.800,0.000,3.270
2510633389,2026-09-20 21:30:00,500,487.080,332.140,113.540,41.380,89.670,0.000,101.130
2510633390,2026-09-20 21:30:00,80,2106.370,1267.880,466.390,372.090,546.100,0.000,6.350
2510633391,2026-09-20 21:30:00,100,246.230,190.090,56.030,0.100,3.330,0.000,1.920
2510633393,2026-09-20 21:30:00,600,5935.830,3457.200,1178.680,1299.950,1263.750,0.000,0.480
2510633395,2026-09-20 21:30:00,40,1300.980,732.580,283.550,284.840,61.340,0.000,39.160
2510633396,2026-09-20 21:30:00,400,902.790,614.380,212.130,76.260,203.640,0.000,0.170
2510633397,2026-09-20 21:30:00,240,557.410,356.860,168.730,31.810,210.170,0.000,17.920
2510633399,2026-09-20 21:30:00,600,1149.440,662.150,246.440,240.840,58.140,0.000,57.050
2510633400,2026-09-20 21:30:00,800,742.740,452.860,171.500,118.370,156.560,0.000,28.000
2510633402,2026-09-20 21:30:00,300,552.700,333.390,117.000,102.290,136.400,0.000,10.400
2510633406,2026-09-20 21:30:00,60,358.960,162.460,69.820,126.670,18.460,0.000,97.670
2510633411,2026-09-20 21:30:00,800,4717.870,2696.740,983.490,1037.620,1675.860,0.000,29.340
2510814977,2026-09-20 21:30:00,400,51.810,31.980,12.250,7.570,1.840,0.000,10.500
2610026950,2026-09-20 21:30:00,600,14.440,9.260,3.300,1.870,1.280,0.000,3.100
2610026952,2026-09-20 21:30:00,200,3542.060,2305.080,1022.960,214.020,1781.630,0.000,9.770
2610026953,2026-09-20 21:30:00,700,657.990,388.930,148.300,120.750,189.460,0.000,0.670
2610026963,2026-09-20 21:30:00,200,374.390,193.940,91.590,88.840,23.630,2.230,94.710
2610026966,2026-09-20 21:30:00,240,953.110,684.160,236.300,32.640,198.200,0.000,0.000
2610026976,2026-09-20 21:30:00,60,1466.750,956.640,327.310,182.780,143.520,0.000,26.710
2610026977,2026-09-20 21:30:00,30,629.430,263.380,98.490,267.550,108.110,0.000,28.270
2610126270,2026-09-20 21:30:00,400,26.780,16.990,6.320,3.450,1.020,0.000,7.780
2610126451,2026-09-20 21:30:00,300,111.260,72.400,27.030,11.820,55.710,0.000,0.270
2610159557,2026-09-20 21:30:00,600,17.280,9.960,3.690,3.620,0.230,0.000,10.280
2610170786,2026-09-20 21:30:00,500,608.430,347.040,118.840,142.540,119.210,0.000,2.940
2610170837,2026-09-20 21:30:00,240,12.200,7.910,2.660,1.620,1.490,0.000,0.150
2610170838,2026-09-20 21:30:00,240,32.670,20.810,7.210,4.640,3.680,0.000,0.320
2610170840,2026-09-20 21:30:00,40,312.180,179.230,60.450,72.500,65.740,0.000,30.180
2610322967,2026-09-20 21:30:00,500,3.760,2.280,0.930,0.530,0.500,0.000,0.020
2610322969,2026-09-20 21:30:00,100,102.000,71.850,24.240,5.890,13.510,0.000,1.990
2610322982,2026-09-20 21:30:00,160,3.980,2.460,0.800,0.710,0.000,0.000,2.010
2610322995,2026-09-20 21:30:00,40,4.500,2.770,0.900,0.810,0.000,0.000,2.740
2610322997,2026-09-20 21:30:00,400,557.130,328.160,126.540,102.420,210.170,0.000,0.570
2610323001,2026-09-20 21:30:00,160,1780.550,1061.210,475.940,243.390,808.320,0.000,0.000
2610323004,2026-09-20 21:30:00,3000,91.630,69.350,11.860,10.410,21.390,0.000,2.040
2610323005,2026-09-20 21:30:00,120,11.440,7.730,2.900,0.810,1.600,0.000,0.780
2610323010,2026-09-20 21:30:00,60,16.230,10.920,3.830,1.470,1.440,0.000,4.220
2610323017,2026-09-20 21:30:00,60,5.800,3.560,1.170,1.050,0.000,0.000,3.130
2610323019,2026-09-20 21:30:00,80,47.960,30.390,10.330,7.230,2.980,0.000,11.830
2610323027,2026-09-20 21:30:00,60,5.940,3.710,1.190,1.040,0.000,0.000,3.190
2610170836,2026-09-20 21:31:00,100,125.270,78.340,28.340,18.580,70.290,0.000,0.550
2610323016,2026-09-20 21:31:00,160,1590.510,878.850,345.960,365.700,716.820,0.000,0.000
2510203127,2026-09-20 21:32:00,40,1261.540,823.520,335.610,102.400,366.250,0.000,49.020
2410121326,2026-09-20 22:00:00,200,1573.120,1015.220,440.540,117.350,372.110,0.000,5.450
2410121353,2026-09-20 22:00:00,120,711.970,493.920,194.080,23.960,157.620,0.000,15.390
2410121371,2026-09-20 22:00:00,120,600.830,372.940,132.190,95.690,71.420,0.000,29.550
2410121424,2026-09-20 22:00:00,120,47.980,29.520,11.170,7.290,1.600,0.000,17.720
2410121440,2026-09-20 22:00:00,120,21.190,13.990,4.220,2.970,2.510,0.000,5.920
2410121454,2026-09-20 22:00:00,160,2045.440,1290.500,441.330,313.600,332.750,0.000,76.290
2410121457,2026-09-20 22:00:00,120,1775.620,1137.520,497.990,140.100,333.500,0.000,42.560
2410121574,2026-09-20 22:00:00,120,4878.170,3520.940,1134.520,222.690,421.600,0.000,380.220
2410131378,2026-09-20 22:00:00,200,1845.280,1187.620,512.390,145.260,405.200,0.000,9.500
2410131383,2026-09-20 22:00:00,400,1060.600,702.580,226.570,131.430,47.710,0.000,65.620
2410131384,2026-09-20 22:00:00,200,9808.230,5564.850,1973.280,2270.090,2044.610,0.000,4.900
2410131387,2026-09-20 22:00:00,600,547.020,342.390,130.300,74.320,57.340,0.000,58.630
2410320615,2026-09-20 22:00:00,700,15466.050,9481.650,3771.540,2212.850,3822.600,0.000,51.450
2410883988,2026-09-20 22:00:00,100,35.980,18.350,5.360,12.260,3.400,0.000,2.140
2410883991,2026-09-20 22:00:00,100,2727.910,1642.690,613.140,472.070,256.140,0.260,74.150
2410883993,2026-09-20 22:00:00,60,3125.910,1511.280,591.860,1022.760,123.020,0.000,338.230
2410883994,2026-09-20 22:00:00,320,106.790,47.880,21.220,37.680,3.450,0.000,6.520
2410932742,2026-09-20 22:00:00,240,19892.910,11582.780,3691.880,4618.250,5044.120,0.000,5.960
2411087432,2026-09-20 22:00:00,40,3656.820,2271.840,1046.510,338.460,738.160,0.000,31.020
2411087433,2026-09-20 22:00:00,500,829.450,491.460,179.970,158.000,21.400,0.000,778.100
2411290205,2026-09-20 22:00:00,240,9636.960,6483.840,2821.920,331.180,3415.810,0.000,59.530
2510014481,2026-09-20 22:00:00,80,15369.870,8962.470,2959.770,3447.620,5775.510,0.000,5.520
2510014482,2026-09-20 22:00:00,40,1289.230,898.160,354.430,36.640,84.520,0.000,63.060
2510014483,2026-09-20 22:00:00,300,228.900,131.940,50.910,46.040,0.000,0.000,185.820
2510014484,2026-09-20 22:00:00,160,9412.840,5336.800,2082.880,1993.150,1519.510,0.000,21.560
2510178139,2026-09-20 22:00:00,300,826.260,480.450,175.350,170.450,180.320,0.000,14.140
2510178141,2026-09-20 22:00:00,40,657.570,492.240,154.330,11.000,183.110,0.000,47.320
2510203103,2026-09-20 22:00:00,400,1857.880,1106.160,417.860,333.850,61.810,3.510,329.750
2510203104,2026-09-20 22:00:00,120,3022.940,1816.160,708.160,498.620,454.700,0.000,69.190
2510203106,2026-09-20 22:00:00,100,98.790,45.770,16.640,36.370,0.410,0.000,37.100
2510203107,2026-09-20 22:00:00,600,612.670,391.390,164.680,56.590,177.270,0.000,12.510
2510203108,2026-09-20 22:00:00,80,3973.800,2240.880,880.320,852.600,623.670,0.000,36.690
2510203109,2026-09-20 22:00:00,160,1520.970,954.730,467.330,98.900,458.240,0.000,87.160
2510203111,2026-09-20 22:00:00,40,3927.780,2478.430,967.950,481.380,1072.330,0.000,12.690
2510203113,2026-09-20 22:00:00,160,4446.140,2836.040,1073.670,536.420,265.580,0.000,111.230
2510203114,2026-09-20 22:00:00,120,1900.310,1193.360,469.000,237.940,381.530,0.000,33.610
2510203117,2026-09-20 22:00:00,80,1657.020,883.820,359.380,413.810,281.860,0.000,165.120
2510203118,2026-09-20 22:00:00,640,194.280,112.320,43.680,38.280,26.990,0.010,113.720
2510203119,2026-09-20 22:00:00,40,480.820,323.290,123.490,34.020,180.180,0.000,14.790
2510203120,2026-09-20 22:00:00,160,4301.740,2642.410,947.700,711.610,998.620,0.000,14.900
2510203121,2026-09-20 22:00:00,100,1295.280,760.540,303.150,231.580,71.540,0.000,107.030
2510203122,2026-09-20 22:00:00,40,936.740,594.100,293.810,48.820,685.750,0.000,0.710
2510203123,2026-09-20 22:00:00,40,2654.110,1749.560,723.120,181.430,843.210,0.000,11.710
2510203124,2026-09-20 22:00:00,800,1182.970,839.670,284.790,58.500,332.790,0.000,0.360
2510203126,2026-09-20 22:00:00,100,15.930,7.190,2.270,6.470,0.320,0.000,1.290
2510203127,2026-09-20 22:00:00,40,1261.670,823.650,335.610,102.400,366.340,0.000,49.020
2510203128,2026-09-20 22:00:00,500,7949.970,4177.360,1399.270,2373.330,369.290,0.000,112.480
2510203129,2026-09-20 22:00:00,80,6.510,3.450,1.220,1.840,0.000,0.000,1.420
2510203130,2026-09-20 22:00:00,120,32.100,23.170,6.530,2.390,9.090,0.000,0.470
2510203133,2026-09-20 22:00:00,40,664.660,452.980,167.140,44.530,113.270,0.000,47.490
2510203134,2026-09-20 22:00:00,200,141.330,82.730,32.620,25.970,6.060,0.000,33.280
2510224049,2026-09-20 22:00:00,1,53374.941,20827.641,10906.000,21641.289,118.590,0.000,8962.020
2510224167,2026-09-20 22:00:00,1,20730.391,9139.680,4059.940,7530.750,841.260,0.000,5629.100
2510317505,2026-09-20 22:00:00,1,15110.750,6644.510,3195.220,5271.010,0.740,0.000,4495.360
2510317537,2026-09-20 22:00:00,1,11741.710,6749.720,2215.610,2776.370,218.560,1427.680,2134.110
2510389559,2026-09-20 22:00:00,1,36.870,20.630,14.320,1.910,30.680,0.000,5.910
2510389643,2026-09-20 22:00:00,1,43070.699,15453.400,7701.970,19915.320,22.610,0.000,4072.210
2510389931,2026-09-20 22:00:00,1,31123.391,11915.060,6569.520,12638.800,0.150,0.000,4275.780
2510633381,2026-09-20 22:00:00,320,220.680,137.340,49.580,33.750,6.270,0.000,45.070
2510633383,2026-09-20 22:00:00,40,1706.810,1279.000,393.750,34.060,52.190,0.000,309.550
2510633385,2026-09-20 22:00:00,60,1212.510,571.090,241.440,399.970,47.610,0.000,94.290
2510633386,2026-09-20 22:00:00,500,482.620,275.000,104.020,103.590,30.900,0.000,2713.240
2510633387,2026-09-20 22:00:00,40,24.340,16.350,5.860,2.130,0.800,0.000,3.270
2510633389,2026-09-20 22:00:00,500,487.200,332.270,113.540,41.380,89.670,0.000,101.150
2510633390,2026-09-20 22:00:00,80,2106.870,1268.380,466.390,372.090,546.240,0.000,6.350
2510633391,2026-09-20 22:00:00,100,246.230,190.090,56.030,0.100,3.330,0.000,1.920
2510633393,2026-09-20 22:00:00,600,5936.170,3457.540,1178.680,1299.950,1263.820,0.000,0.480
2510633396,2026-09-20 22:00:00,400,902.870,614.460,212.130,76.260,203.680,0.000,0.170
2510633397,2026-09-20 22:00:00,240,557.430,356.880,168.730,31.810,210.170,0.000,17.930
2510633400,2026-09-20 22:00:00,800,742.780,452.900,171.500,118.370,156.580,0.000,28.000
2510633402,2026-09-20 22:00:00,300,552.720,333.420,117.000,102.290,136.400,0.000,10.400
2510633406,2026-09-20 22:00:00,60,358.980,162.490,69.820,126.670,18.460,0.000,97.680
2510633411,2026-09-20 22:00:00,800,4718.470,2697.340,983.490,1037.630,1676.090,0.000,29.340
2510814977,2026-09-20 22:00:00,400,51.810,31.990,12.250,7.570,1.840,0.000,10.500
2610026950,2026-09-20 22:00:00,600,14.450,9.260,3.300,1.870,1.280,0.000,3.100
2610026952,2026-09-20 22:00:00,200,3542.060,2305.080,1022.960,214.020,1781.630,0.000,9.770
2610026953,2026-09-20 22:00:00,700,658.050,389.000,148.300,120.750,189.490,0.000,0.670
2610026963,2026-09-20 22:00:00,200,374.430,193.980,91.590,88.840,23.630,2.230,94.720
2610026966,2026-09-20 22:00:00,240,953.120,684.170,236.300,32.640,198.200,0.000,0.000
2610026976,2026-09-20 22:00:00,60,1466.880,956.780,327.310,182.780,143.520,0.000,26.720
2610026977,2026-09-20 22:00:00,30,629.590,263.540,98.490,267.550,108.110,0.000,28.290
2610126270,2026-09-20 22:00:00,400,26.790,17.000,6.320,3.450,1.020,0.000,7.780
2610126451,2026-09-20 22:00:00,300,111.270,72.410,27.030,11.820,55.710,0.000,0.270
2610159557,2026-09-20 22:00:00,600,17.280,9.960,3.690,3.620,0.230,0.000,10.280
2610170786,2026-09-20 22:00:00,500,608.720,347.330,118.840,142.540,119.270,0.000,2.940
2610170836,2026-09-20 22:00:00,100,125.270,78.340,28.340,18.580,70.290,0.000,0.550
2610170838,2026-09-20 22:00:00,240,32.680,20.820,7.210,4.640,3.680,0.000,0.320
2610170840,2026-09-20 22:00:00,40,312.420,179.470,60.450,72.500,65.770,0.000,30.210
2610322967,2026-09-20 22:00:00,500,3.760,2.280,0.930,0.530,0.500,0.000,0.020
2610322969,2026-09-20 22:00:00,100,102.020,71.880,24.240,5.890,13.510,0.000,1.990
2610322982,2026-09-20 22:00:00,160,3.980,2.460,0.800,0.710,0.000,0.000,2.010
2610322995,2026-09-20 22:00:00,40,4.500,2.780,0.900,0.810,0.000,0.000,2.750
2610322997,2026-09-20 22:00:00,400,557.240,328.270,126.540,102.420,210.170,0.000,0.570
2610323001,2026-09-20 22:00:00,160,1780.890,1061.540,475.940,243.390,808.460,0.000,0.000
2610323004,2026-09-20 22:00:00,3000,91.640,69.360,11.860,10.410,21.390,0.000,2.040
2610323005,2026-09-20 22:00:00,120,11.440,7.730,2.900,0.810,1.600,0.000,0.780
2610323010,2026-09-20 22:00:00,60,16.240,10.930,3.830,1.470,1.440,0.000,4.230
2610323016,2026-09-20 22:00:00,160,1590.610,878.940,345.960,365.700,716.860,0.000,0.000
2610323017,2026-09-20 22:00:00,60,5.810,3.570,1.170,1.050,0.000,0.000,3.130
2610323019,2026-09-20 22:00:00,80,47.970,30.400,10.330,7.230,2.980,0.000,11.830
2610323027,2026-09-20 22:00:00,60,5.950,3.720,1.190,1.040,0.000,0.000,3.200
2410883990,2026-09-20 22:01:00,60,2996.120,1718.640,639.280,638.190,888.670,0.000,38.530
2510203105,2026-09-20 22:01:00,100,2430.790,1691.560,685.680,53.540,571.920,0.000,70.440
2510633395,2026-09-20 22:01:00,40,1300.980,732.580,283.550,284.840,61.340,0.000,39.160
2610170837,2026-09-20 22:01:00,240,12.200,7.910,2.660,1.620,1.490,0.000,0.150
2510633399,2026-09-20 22:02:00,600,1149.550,662.250,246.440,240.850,58.140,0.000,57.050
2410121326,2026-09-20 22:30:00,200,1573.190,1015.220,440.540,117.420,372.130,0.000,5.450
2410121353,2026-09-20 22:30:00,120,711.980,493.920,194.080,23.960,157.620,0.000,15.390
2410121371,2026-09-20 22:30:00,120,600.880,372.940,132.190,95.740,71.420,0.000,29.550
2410121424,2026-09-20 22:30:00,120,47.990,29.520,11.170,7.290,1.600,0.000,17.720
2410121440,2026-09-20 22:30:00,120,21.190,13.990,4.220,2.970,2.510,0.000,5.920
2410121454,2026-09-20 22:30:00,160,2045.480,1290.500,441.330,313.640,332.760,0.000,76.290
2410121457,2026-09-20 22:30:00,120,1775.670,1137.520,497.990,140.150,333.500,0.000,42.560
2410121574,2026-09-20 22:30:00,120,4878.200,3520.940,1134.520,222.720,421.600,0.000,380.240
2410131378,2026-09-20 22:30:00,200,1845.290,1187.620,512.390,145.270,405.200,0.000,9.500
2410131383,2026-09-20 22:30:00,400,1060.620,702.580,226.570,131.450,47.710,0.000,65.630
2410131384,2026-09-20 22:30:00,200,9808.260,5564.850,1973.280,2270.120,2044.610,0.000,4.900
2410131387,2026-09-20 22:30:00,600,547.030,342.390,130.300,74.330,57.340,0.000,58.640
2410320615,2026-09-20 22:30:00,700,15466.120,9481.650,3771.540,2212.930,3822.620,0.000,51.450
2410883988,2026-09-20 22:30:00,100,35.990,18.350,5.360,12.270,3.400,0.000,2.140
2410883990,2026-09-20 22:30:00,60,2996.140,1718.640,639.280,638.210,888.680,0.000,38.530
2410883991,2026-09-20 22:30:00,100,2727.970,1642.690,613.140,472.130,256.140,0.260,74.150
2410883993,2026-09-20 22:30:00,60,3126.270,1511.280,591.860,1023.120,123.030,0.000,338.260
2410883994,2026-09-20 22:30:00,320,106.800,47.880,21.220,37.690,3.450,0.000,6.520
2410932742,2026-09-20 22:30:00,240,19893.820,11582.780,3691.880,4619.160,5044.410,0.000,5.960
2411087432,2026-09-20 22:30:00,40,3656.980,2271.840,1046.510,338.620,738.160,0.000,31.030
2411087433,2026-09-20 22:30:00,500,829.550,491.460,179.970,158.100,21.410,0.000,778.110
2411290205,2026-09-20 22:30:00,240,9637.010,6483.840,2821.920,331.230,3415.810,0.000,59.530
2510014481,2026-09-20 22:30:00,80,15370.480,8962.470,2959.770,3448.230,5775.770,0.000,5.520
2510014482,2026-09-20 22:30:00,40,1289.240,898.160,354.430,36.650,84.520,0.000,63.060
2510014483,2026-09-20 22:30:00,300,228.920,131.940,50.910,46.060,0.000,0.000,185.830
2510014484,2026-09-20 22:30:00,160,9412.870,5336.800,2082.880,1993.180,1519.510,0.000,21.560
2510178139,2026-09-20 22:30:00,300,826.330,480.450,175.350,170.520,180.350,0.000,14.140
2510178141,2026-09-20 22:30:00,40,657.570,492.240,154.330,11.000,183.110,0.000,47.330
2510203103,2026-09-20 22:30:00,400,1857.920,1106.160,417.860,333.890,61.810,3.510,329.750
2510203104,2026-09-20 22:30:00,120,3022.990,1816.160,708.160,498.670,454.700,0.000,69.190
2510203105,2026-09-20 22:30:00,100,2430.810,1691.560,685.680,53.550,571.920,0.000,70.440
2510203106,2026-09-20 22:30:00,100,98.790,45.770,16.640,36.370,0.410,0.000,37.100
2510203107,2026-09-20 22:30:00,600,612.770,391.390,164.680,56.690,177.290,0.000,12.510
2510203108,2026-09-20 22:30:00,80,3974.200,2240.880,880.320,852.990,623.720,0.000,36.690
2510203109,2026-09-20 22:30:00,160,1520.980,954.730,467.330,98.920,458.250,0.000,87.160
2510203111,2026-09-20 22:30:00,40,3927.780,2478.430,967.950,481.390,1072.330,0.000,12.690
2510203113,2026-09-20 22:30:00,160,4446.320,2836.040,1073.670,536.600,265.580,0.000,111.240
2510203114,2026-09-20 22:30:00,120,1900.320,1193.360,469.000,237.950,381.530,0.000,33.610
2510203118,2026-09-20 22:30:00,640,194.280,112.320,43.680,38.280,26.990,0.010,113.760
2510203119,2026-09-20 22:30:00,40,480.820,323.290,123.490,34.020,180.180,0.000,14.790
2510203120,2026-09-20 22:30:00,160,4301.980,2642.410,947.700,711.860,998.710,0.000,14.900
2510203121,2026-09-20 22:30:00,100,1295.320,760.540,303.150,231.620,71.540,0.000,107.040
2510203122,2026-09-20 22:30:00,40,936.750,594.100,293.810,48.830,685.750,0.000,0.710
2510203123,2026-09-20 22:30:00,40,2654.120,1749.560,723.120,181.430,843.210,0.000,11.720
2510203124,2026-09-20 22:30:00,800,1183.010,839.670,284.790,58.540,332.810,0.000,0.360
2510203126,2026-09-20 22:30:00,100,15.940,7.190,2.270,6.470,0.320,0.000,1.290
2510203127,2026-09-20 22:30:00,40,1261.810,823.650,335.610,102.540,366.440,0.000,49.020
2510203128,2026-09-20 22:30:00,500,7950.690,4177.360,1399.270,2374.050,369.350,0.000,112.480
2510203129,2026-09-20 22:30:00,80,6.520,3.450,1.220,1.840,0.000,0.000,1.420
2510203133,2026-09-20 22:30:00,40,664.670,452.980,167.140,44.530,113.270,0.000,47.490
2510203134,2026-09-20 22:30:00,200,141.330,82.730,32.620,25.970,6.060,0.000,33.280
2510224049,2026-09-20 22:30:00,1,53378.422,20827.641,10906.000,21644.770,118.590,0.000,8963.090
2510224167,2026-09-20 22:30:00,1,20731.721,9139.680,4059.940,7532.090,841.260,0.000,5630.050
2510317505,2026-09-20 22:30:00,1,15112.670,6644.510,3195.220,5272.920,0.740,0.000,4496.260
2510317537,2026-09-20 22:30:00,1,11742.660,6749.720,2215.610,2777.320,218.560,1427.680,2134.270
2510389559,2026-09-20 22:30:00,1,36.870,20.630,14.320,1.910,30.680,0.000,5.910
2510389643,2026-09-20 22:30:00,1,43076.180,15453.400,7701.970,19920.801,22.610,0.000,4072.860
2510389931,2026-09-20 22:30:00,1,31126.910,11915.060,6569.520,12642.320,0.150,0.000,4276.380
2510633381,2026-09-20 22:30:00,320,220.690,137.340,49.580,33.770,6.270,0.000,45.080
2510633383,2026-09-20 22:30:00,40,1706.820,1279.000,393.750,34.070,52.190,0.000,309.590
2510633385,2026-09-20 22:30:00,60,1212.660,571.090,241.440,400.110,47.610,0.000,94.300
2510633386,2026-09-20 22:30:00,500,482.620,275.000,104.020,103.600,30.900,0.000,2713.640
2510633387,2026-09-20 22:30:00,40,24.350,16.350,5.860,2.130,0.800,0.000,3.270
2510633389,2026-09-20 22:30:00,500,487.310,332.270,113.540,41.490,89.670,0.000,101.170
2510633390,2026-09-20 22:30:00,80,2107.350,1268.380,466.390,372.570,546.350,0.000,6.350
2510633391,2026-09-20 22:30:00,100,246.230,190.090,56.030,0.100,3.330,0.000,1.920
2510633393,2026-09-20 22:30:00,600,5936.520,3457.540,1178.680,1300.290,1263.890,0.000,0.480
2510633395,2026-09-20 22:30:00,40,1300.980,732.580,283.550,284.840,61.340,0.000,39.160
2510633396,2026-09-20 22:30:00,400,902.950,614.460,212.130,76.340,203.730,0.000,0.170
2510633397,2026-09-20 22:30:00,240,557.450,356.880,168.730,31.830,210.170,0.000,17.930
2510633399,2026-09-20 22:30:00,600,1149.650,662.250,246.440,240.950,58.150,0.000,57.050
2510633400,2026-09-20 22:30:00,800,742.820,452.900,171.500,118.410,156.590,0.000,28.000
2510633402,2026-09-20 22:30:00,300,552.740,333.420,117.000,102.310,136.410,0.000,10.400
2510633406,2026-09-20 22:30:00,60,359.000,162.490,69.820,126.690,18.460,0.000,97.700
2510633411,2026-09-20 22:30:00,800,4719.050,2697.340,983.490,1038.210,1676.320,0.000,29.340
2510814977,2026-09-20 22:30:00,400,51.810,31.990,12.250,7.570,1.840,0.000,10.500
2610026950,2026-09-20 22:30:00,600,14.450,9.260,3.300,1.880,1.280,0.000,3.100
2610026952,2026-09-20 22:30:00,200,3542.070,2305.080,1022.960,214.020,1781.630,0.000,9.770
2610026953,2026-09-20 22:30:00,700,658.120,389.000,148.300,120.820,189.510,0.000,0.670
2610026963,2026-09-20 22:30:00,200,374.470,193.980,91.590,88.890,23.630,2.230,94.740
2610026966,2026-09-20 22:30:00,240,953.130,684.170,236.300,32.650,198.210,0.000,0.000
2610026976,2026-09-20 22:30:00,60,1467.010,956.780,327.310,182.910,143.520,0.000,26.720
2610026977,2026-09-20 22:30:00,30,629.740,263.540,98.490,267.690,108.110,0.000,28.320
2610126270,2026-09-20 22:30:00,400,26.790,17.000,6.320,3.460,1.020,0.000,7.780
2610126451,2026-09-20 22:30:00,300,111.280,72.410,27.030,11.830,55.710,0.000,0.270
2610159557,2026-09-20 22:30:00,600,17.280,9.960,3.690,3.620,0.230,0.000,10.290
2610170786,2026-09-20 22:30:00,500,609.010,347.330,118.840,142.840,119.340,0.000,2.940
2610170836,2026-09-20 22:30:00,100,125.280,78.340,28.340,18.580,70.290,0.000,0.550
2610170838,2026-09-20 22:30:00,240,32.690,20.820,7.210,4.640,3.680,0.000,0.320
2610170840,2026-09-20 22:30:00,40,312.590,179.470,60.450,72.660,65.800,0.000,30.220
2610322967,2026-09-20 22:30:00,500,3.760,2.280,0.930,0.530,0.500,0.000,0.020
2610322969,2026-09-20 22:30:00,100,102.050,71.880,24.240,5.920,13.510,0.000,1.990
2610322995,2026-09-20 22:30:00,40,4.510,2.780,0.900,0.820,0.000,0.000,2.750
2610322997,2026-09-20 22:30:00,400,557.340,328.270,126.540,102.520,210.170,0.000,0.570
2610323001,2026-09-20 22:30:00,160,1781.220,1061.540,475.940,243.730,808.600,0.000,0.000
2610323004,2026-09-20 22:30:00,3000,91.640,69.360,11.860,10.410,21.400,0.000,2.040
2610323005,2026-09-20 22:30:00,120,11.450,7.730,2.900,0.810,1.600,0.000,0.780
2610323010,2026-09-20 22:30:00,60,16.250,10.930,3.830,1.470,1.440,0.000,4.230
2610323016,2026-09-20 22:30:00,160,1590.700,878.940,345.960,365.790,716.890,0.000,0.000
2610323017,2026-09-20 22:30:00,60,5.810,3.570,1.170,1.060,0.000,0.000,3.140
2610323019,2026-09-20 22:30:00,80,47.990,30.400,10.330,7.240,2.980,0.000,11.840
2610323027,2026-09-20 22:30:00,60,5.960,3.720,1.190,1.040,0.000,0.000,3.200
2510203130,2026-09-20 22:31:00,120,32.100,23.170,6.530,2.390,9.090,0.000,0.470
2610170837,2026-09-20 22:31:00,240,12.200,7.910,2.660,1.620,1.490,0.000,0.150
2510203117,2026-09-20 22:32:00,80,1657.120,883.820,359.380,413.910,281.860,0.000,165.140
2610322982,2026-09-20 22:32:00,160,3.990,2.460,0.800,0.710,0.000,0.000,2.020
2410121326,2026-09-20 23:00:00,200,1573.250,1015.220,440.540,117.480,372.150,0.000,5.450
2410121353,2026-09-20 23:00:00,120,711.980,493.920,194.080,23.970,157.620,0.000,15.390
2410121371,2026-09-20 23:00:00,120,600.930,372.940,132.190,95.790,71.420,0.000,29.550
2410121424,2026-09-20 23:00:00,120,47.990,29.520,11.170,7.290,1.600,0.000,17.720
2410121440,2026-09-20 23:00:00,120,21.200,13.990,4.220,2.970,2.510,0.000,5.920
2410121454,2026-09-20 23:00:00,160,2045.530,1290.500,441.330,313.690,332.770,0.000,76.290
2410121457,2026-09-20 23:00:00,120,1775.720,1137.520,497.990,140.200,333.510,0.000,42.560
2410121574,2026-09-20 23:00:00,120,4878.230,3520.940,1134.520,222.750,421.600,0.000,380.260
2410131378,2026-09-20 23:00:00,200,1845.290,1187.620,512.390,145.270,405.200,0.000,9.500
2410131384,2026-09-20 23:00:00,200,9808.290,5564.850,1973.280,2270.150,2044.610,0.000,4.900
2410131387,2026-09-20 23:00:00,600,547.040,342.390,130.300,74.350,57.340,0.000,58.640
2410320615,2026-09-20 23:00:00,700,15466.200,9481.650,3771.540,2213.000,3822.620,0.000,51.450
2410883990,2026-09-20 23:00:00,60,2996.160,1718.640,639.280,638.230,888.680,0.000,38.530
2410883991,2026-09-20 23:00:00,100,2728.010,1642.690,613.140,472.180,256.140,0.260,74.150
2410883993,2026-09-20 23:00:00,60,3126.620,1511.280,591.860,1023.470,123.030,0.000,338.300
2410883994,2026-09-20 23:00:00,320,106.810,47.880,21.220,37.700,3.450,0.000,6.530
2410932742,2026-09-20 23:00:00,240,19894.689,11582.780,3691.880,4620.020,5044.700,0.000,5.960
2411087432,2026-09-20 23:00:00,40,3657.140,2271.840,1046.510,338.780,738.160,0.000,31.030
2411087433,2026-09-20 23:00:00,500,829.650,491.460,179.970,158.200,21.420,0.000,778.110
2411290205,2026-09-20 23:00:00,240,9637.050,6483.840,2821.920,331.270,3415.810,0.000,59.530
2510014481,2026-09-20 23:00:00,80,15371.110,8962.470,2959.770,3448.860,5776.040,0.000,5.520
2510014482,2026-09-20 23:00:00,40,1289.250,898.160,354.430,36.660,84.520,0.000,63.060
2510014483,2026-09-20 23:00:00,300,228.930,131.940,50.910,46.070,0.000,0.000,185.850
2510014484,2026-09-20 23:00:00,160,9412.900,5336.800,2082.880,1993.210,1519.510,0.000,21.570
2510178139,2026-09-20 23:00:00,300,826.390,480.450,175.350,170.590,180.380,0.000,14.140
2510178141,2026-09-20 23:00:00,40,657.570,492.240,154.330,11.000,183.110,0.000,47.330
2510203103,2026-09-20 23:00:00,400,1857.960,1106.160,417.860,333.930,61.810,3.510,329.760
2510203104,2026-09-20 23:00:00,120,3023.050,1816.160,708.160,498.720,454.710,0.000,69.190
2510203105,2026-09-20 23:00:00,100,2430.820,1691.560,685.680,53.570,571.920,0.000,70.440
2510203106,2026-09-20 23:00:00,100,98.790,45.770,16.640,36.380,0.410,0.000,37.110
2510203107,2026-09-20 23:00:00,600,612.890,391.390,164.680,56.810,177.310,0.000,12.510
2510203108,2026-09-20 23:00:00,80,3974.570,2240.880,880.320,853.360,623.760,0.000,36.690
2510203109,2026-09-20 23:00:00,160,1521.000,954.730,467.330,98.930,458.250,0.000,87.160
2510203111,2026-09-20 23:00:00,40,3927.780,2478.430,967.950,481.390,1072.330,0.000,12.690
2510203113,2026-09-20 23:00:00,160,4446.480,2836.040,1073.670,536.770,265.580,0.000,111.240
2510203114,2026-09-20 23:00:00,120,1900.330,1193.360,469.000,237.960,381.530,0.000,33.620
2510203117,2026-09-20 23:00:00,80,1657.210,883.820,359.380,414.000,281.860,0.000,165.160
2510203118,2026-09-20 23:00:00,640,194.280,112.320,43.680,38.280,26.990,0.010,113.800
2510203119,2026-09-20 23:00:00,40,480.820,323.290,123.490,34.020,180.180,0.000,14.790
2510203121,2026-09-20 23:00:00,100,1295.360,760.540,303.150,231.660,71.540,0.000,107.050
2510203123,2026-09-20 23:00:00,40,2654.120,1749.560,723.120,181.430,843.210,0.000,11.720
2510203124,2026-09-20 23:00:00,800,1183.050,839.670,284.790,58.590,332.830,0.000,0.360
2510203126,2026-09-20 23:00:00,100,15.950,7.190,2.270,6.480,0.320,0.000,1.290
2510203127,2026-09-20 23:00:00,40,1261.950,823.650,335.610,102.680,366.540,0.000,49.020
2510203128,2026-09-20 23:00:00,500,7951.410,4177.360,1399.270,2374.770,369.420,0.000,112.480
2510203129,2026-09-20 23:00:00,80,6.520,3.450,1.220,1.850,0.000,0.000,1.420
2510203130,2026-09-20 23:00:00,120,32.110,23.170,6.530,2.400,9.090,0.000,0.470
2510203133,2026-09-20 23:00:00,40,664.670,452.980,167.140,44.540,113.270,0.000,47.490
2510203134,2026-09-20 23:00:00,200,141.330,82.730,32.620,25.980,6.060,0.000,33.280
2510224049,2026-09-20 23:00:00,1,53381.781,20827.641,10906.000,21648.131,118.590,0.000,8964.120
2510317505,2026-09-20 23:00:00,1,15114.540,6644.510,3195.220,5274.800,0.740,0.000,4497.160
2510317537,2026-09-20 23:00:00,1,11743.590,6749.720,2215.610,2778.250,218.560,1427.680,2134.420
2510389559,2026-09-20 23:00:00,1,36.870,20.630,14.320,1.910,30.680,0.000,5.910
2510389643,2026-09-20 23:00:00,1,43081.410,15453.400,7701.970,19926.020,22.610,0.000,4073.510
2510389931,2026-09-20 23:00:00,1,31130.240,11915.060,6569.520,12645.650,0.150,0.000,4276.980
2510633381,2026-09-20 23:00:00,320,220.710,137.340,49.580,33.790,6.270,0.000,45.090
2510633383,2026-09-20 23:00:00,40,1706.830,1279.000,393.750,34.080,52.190,0.000,309.620
2510633385,2026-09-20 23:00:00,60,1212.800,571.090,241.440,400.260,47.610,0.000,94.300
2510633386,2026-09-20 23:00:00,500,482.630,275.000,104.020,103.600,30.900,0.000,2714.020
2510633387,2026-09-20 23:00:00,40,24.350,16.350,5.860,2.130,0.800,0.000,3.270
2510633389,2026-09-20 23:00:00,500,487.440,332.270,113.540,41.620,89.670,0.000,101.200
2510633390,2026-09-20 23:00:00,80,2107.830,1268.380,466.390,373.040,546.480,0.000,6.350
2510633393,2026-09-20 23:00:00,600,5936.850,3457.540,1178.680,1300.630,1263.960,0.000,0.480
2510633395,2026-09-20 23:00:00,40,1300.980,732.580,283.550,284.840,61.340,0.000,39.160
2510633396,2026-09-20 23:00:00,400,903.030,614.460,212.130,76.420,203.770,0.000,0.170
2510633397,2026-09-20 23:00:00,240,557.470,356.880,168.730,31.850,210.170,0.000,17.930
2510633400,2026-09-20 23:00:00,800,742.860,452.900,171.500,118.450,156.600,0.000,28.000
2510633402,2026-09-20 23:00:00,300,552.760,333.420,117.000,102.340,136.410,0.000,10.400
2510633406,2026-09-20 23:00:00,60,359.030,162.490,69.820,126.710,18.460,0.000,97.710
2510633411,2026-09-20 23:00:00,800,4719.680,2697.340,983.490,1038.840,1676.560,0.000,29.340
2510814977,2026-09-20 23:00:00,400,51.820,31.990,12.250,7.570,1.840,0.000,10.500
2610026950,2026-09-20 23:00:00,600,14.450,9.260,3.300,1.880,1.280,0.000,3.100
2610026952,2026-09-20 23:00:00,200,3542.070,2305.080,1022.960,214.020,1781.630,0.000,9.770
2610026953,2026-09-20 23:00:00,700,658.190,389.000,148.300,120.890,189.530,0.000,0.670
2610026963,2026-09-20 23:00:00,200,374.520,193.980,91.590,88.930,23.630,2.230,94.770
2610026966,2026-09-20 23:00:00,240,953.150,684.170,236.300,32.660,198.220,0.000,0.000
2610026976,2026-09-20 23:00:00,60,1467.130,956.780,327.310,183.030,143.530,0.000,26.720
2610026977,2026-09-20 23:00:00,30,629.870,263.540,98.490,267.830,108.110,0.000,28.340
2610126270,2026-09-20 23:00:00,400,26.800,17.000,6.320,3.470,1.020,0.000,7.780
2610126451,2026-09-20 23:00:00,300,111.280,72.410,27.030,11.840,55.710,0.000,0.270
2610159557,2026-09-20 23:00:00,600,17.280,9.960,3.690,3.620,0.230,0.000,10.290
2610170786,2026-09-20 23:00:00,500,609.280,347.330,118.840,143.100,119.400,0.000,2.940
2610170836,2026-09-20 23:00:00,100,125.280,78.340,28.340,18.580,70.290,0.000,0.560
2610170837,2026-09-20 23:00:00,240,12.200,7.910,2.660,1.620,1.490,0.000,0.150
2610170838,2026-09-20 23:00:00,240,32.690,20.820,7.210,4.650,3.680,0.000,0.320
2610170840,2026-09-20 23:00:00,40,312.750,179.470,60.450,72.820,65.830,0.000,30.240
2610322967,2026-09-20 23:00:00,500,3.760,2.280,0.930,0.530,0.500,0.000,0.020
2610322969,2026-09-20 23:00:00,100,102.070,71.880,24.240,5.940,13.510,0.000,1.990
2610322982,2026-09-20 23:00:00,160,3.990,2.460,0.800,0.720,0.000,0.000,2.020
2610322995,2026-09-20 23:00:00,40,4.510,2.780,0.900,0.820,0.000,0.000,2.760
2610322997,2026-09-20 23:00:00,400,557.420,328.270,126.540,102.610,210.170,0.000,0.580
2610323001,2026-09-20 23:00:00,160,1781.560,1061.540,475.940,244.070,808.730,0.000,0.000
2610323004,2026-09-20 23:00:00,3000,91.650,69.360,11.860,10.420,21.400,0.000,2.040
2610323005,2026-09-20 23:00:00,120,11.450,7.730,2.900,0.810,1.600,0.000,0.780
2610323010,2026-09-20 23:00:00,60,16.260,10.930,3.830,1.480,1.440,0.000,4.230
2610323016,2026-09-20 23:00:00,160,1590.790,878.940,345.960,365.880,716.920,0.000,0.000
2610323017,2026-09-20 23:00:00,60,5.820,3.570,1.170,1.070,0.000,0.000,3.140
2610323019,2026-09-20 23:00:00,80,48.000,30.400,10.330,7.260,2.980,0.000,11.840
2610323027,2026-09-20 23:00:00,60,5.970,3.720,1.190,1.050,0.000,0.000,3.210
2410883988,2026-09-20 23:01:00,100,35.990,18.350,5.360,12.270,3.400,0.000,2.140
2510203120,2026-09-20 23:01:00,160,4302.240,2642.410,947.700,712.110,998.800,0.000,14.900
2510203122,2026-09-20 23:01:00,40,936.760,594.100,293.810,48.840,685.760,0.000,0.710
2510224167,2026-09-20 23:01:00,1,20733.119,9139.680,4059.940,7533.490,841.260,0.000,5631.060
2510633391,2026-09-20 23:01:00,100,246.230,190.090,56.030,0.100,3.330,0.000,1.920
2410131383,2026-09-20 23:02:00,400,1060.640,702.580,226.570,131.470,47.710,0.000,65.630
2510633399,2026-09-20 23:02:00,600,1149.780,662.250,246.440,241.080,58.150,0.000,57.050
2410121326,2026-09-20 23:30:00,200,1573.320,1015.220,440.540,117.550,372.170,0.000,5.450
2410121353,2026-09-20 23:30:00,120,711.990,493.920,194.080,23.980,157.620,0.000,15.390
2410121371,2026-09-20 23:30:00,120,600.980,372.940,132.190,95.840,71.420,0.000,29.550
2410121424,2026-09-20 23:30:00,120,47.990,29.520,11.170,7.290,1.600,0.000,17.720
2410121440,2026-09-20 23:30:00,120,21.200,13.990,4.220,2.970,2.510,0.000,5.920
2410121454,2026-09-20 23:30:00,160,2045.570,1290.500,441.330,313.730,332.780,0.000,76.290
2410121457,2026-09-20 23:30:00,120,1775.770,1137.520,497.990,140.240,333.520,0.000,42.560
2410121574,2026-09-20 23:30:00,120,4878.260,3520.940,1134.520,222.780,421.600,0.000,380.280
2410131378,2026-09-20 23:30:00,200,1845.300,1187.620,512.390,145.280,405.200,0.000,9.500
2410131383,2026-09-20 23:30:00,400,1060.650,702.580,226.570,131.490,47.710,0.000,65.630
2410131384,2026-09-20 23:30:00,200,9808.320,5564.850,1973.280,2270.180,2044.610,0.000,4.900
2410131387,2026-09-20 23:30:00,600,547.050,342.390,130.300,74.360,57.340,0.000,58.640
2410320615,2026-09-20 23:30:00,700,15466.270,9481.650,3771.540,2213.070,3822.630,0.000,51.450
2410883988,2026-09-20 23:30:00,100,36.000,18.350,5.360,12.280,3.400,0.000,2.140
2410883990,2026-09-20 23:30:00,60,2996.180,1718.640,639.280,638.250,888.680,0.000,38.530
2410883991,2026-09-20 23:30:00,100,2728.060,1642.690,613.140,472.230,256.140,0.260,74.150
2410883993,2026-09-20 23:30:00,60,3126.910,1511.280,591.860,1023.760,123.040,0.000,338.340
2410883994,2026-09-20 23:30:00,320,106.820,47.880,21.220,37.710,3.450,0.000,6.530
2410932742,2026-09-20 23:30:00,240,19895.480,11582.780,3691.880,4620.810,5044.950,0.000,5.960
2411087432,2026-09-20 23:30:00,40,3657.300,2271.840,1046.510,338.940,738.160,0.000,31.030
2411087433,2026-09-20 23:30:00,500,829.760,491.460,179.970,158.310,21.430,0.000,778.130
2411290205,2026-09-20 23:30:00,240,9637.100,6483.840,2821.920,331.320,3415.820,0.000,59.530
2510014481,2026-09-20 23:30:00,80,15371.720,8962.470,2959.770,3449.460,5776.310,0.000,5.520
2510014482,2026-09-20 23:30:00,40,1289.250,898.160,354.430,36.660,84.520,0.000,63.060
2510014483,2026-09-20 23:30:00,300,228.940,131.940,50.910,46.080,0.000,0.000,185.860
2510014484,2026-09-20 23:30:00,160,9412.940,5336.800,2082.880,1993.250,1519.510,0.000,21.570
2510178139,2026-09-20 23:30:00,300,826.450,480.450,175.350,170.650,180.390,0.000,14.140
2510178141,2026-09-20 23:30:00,40,657.580,492.240,154.330,11.000,183.110,0.000,47.330
2510203103,2026-09-20 23:30:00,400,1858.000,1106.160,417.860,333.970,61.810,3.510,329.770
2510203104,2026-09-20 23:30:00,120,3023.100,1816.160,708.160,498.770,454.710,0.000,69.190
2510203105,2026-09-20 23:30:00,100,2430.840,1691.560,685.680,53.590,571.930,0.000,70.440
2510203106,2026-09-20 23:30:00,100,98.800,45.770,16.640,36.380,0.410,0.000,37.110
2510203107,2026-09-20 23:30:00,600,613.200,391.390,164.680,57.110,177.400,0.000,12.510
2510203108,2026-09-20 23:30:00,80,3974.910,2240.880,880.320,853.710,623.800,0.000,36.690
2510203109,2026-09-20 23:30:00,160,1521.020,954.730,467.330,98.950,458.250,0.000,87.160
2510203111,2026-09-20 23:30:00,40,3927.790,2478.430,967.950,481.400,1072.330,0.000,12.690
2510203113,2026-09-20 23:30:00,160,4446.650,2836.040,1073.670,536.940,265.580,0.000,111.240
2510203114,2026-09-20 23:30:00,120,1900.350,1193.360,469.000,237.970,381.530,0.000,33.630
2510203117,2026-09-20 23:30:00,80,1657.300,883.820,359.380,414.090,281.860,0.000,165.170
2510203118,2026-09-20 23:30:00,640,194.290,112.320,43.680,38.290,26.990,0.010,113.840
2510203119,2026-09-20 23:30:00,40,480.820,323.290,123.490,34.020,180.180,0.000,14.790
2510203120,2026-09-20 23:30:00,160,4302.480,2642.410,947.700,712.350,998.890,0.000,14.900
2510203121,2026-09-20 23:30:00,100,1295.390,760.540,303.150,231.690,71.540,0.000,107.060
2510203122,2026-09-20 23:30:00,40,936.770,594.100,293.810,48.850,685.760,0.000,0.710
2510203123,2026-09-20 23:30:00,40,2654.120,1749.560,723.120,181.440,843.210,0.000,11.720
2510203124,2026-09-20 23:30:00,800,1183.090,839.670,284.790,58.630,332.860,0.000,0.360
2510203126,2026-09-20 23:30:00,100,15.950,7.190,2.270,6.490,0.320,0.000,1.290
2510203127,2026-09-20 23:30:00,40,1262.090,823.650,335.610,102.820,366.640,0.000,49.020
2510203128,2026-09-20 23:30:00,500,7952.130,4177.360,1399.270,2375.490,369.480,0.000,112.480
2510203129,2026-09-20 23:30:00,80,6.530,3.450,1.220,1.850,0.000,0.000,1.420
2510203130,2026-09-20 23:30:00,120,32.110,23.170,6.530,2.400,9.090,0.000,0.480
2510203133,2026-09-20 23:30:00,40,664.680,452.980,167.140,44.550,113.270,0.000,47.490
2510203134,2026-09-20 23:30:00,200,141.340,82.730,32.620,25.980,6.060,0.000,33.280
2510224049,2026-09-20 23:30:00,1,53385.199,20827.641,10906.000,21651.551,118.590,0.000,8965.190
2510224167,2026-09-20 23:30:00,1,20734.400,9139.680,4059.940,7534.770,841.260,0.000,5631.990
2510317505,2026-09-20 23:30:00,1,15116.380,6644.510,3195.220,5276.630,0.740,0.000,4498.080
2510317537,2026-09-20 23:30:00,1,11744.540,6749.720,2215.610,2779.200,218.560,1427.680,2134.580
2510389559,2026-09-20 23:30:00,1,36.870,20.630,14.320,1.910,30.680,0.000,5.910
2510389643,2026-09-20 23:30:00,1,43085.602,15453.400,7701.970,19930.221,22.610,0.000,4074.150
2510389931,2026-09-20 23:30:00,1,31133.570,11915.060,6569.520,12648.980,0.150,0.000,4277.580
2510633381,2026-09-20 23:30:00,320,220.730,137.340,49.580,33.800,6.270,0.000,45.090
2510633383,2026-09-20 23:30:00,40,1706.840,1279.000,393.750,34.090,52.190,0.000,309.650
2510633385,2026-09-20 23:30:00,60,1212.920,571.090,241.440,400.380,47.610,0.000,94.310
2510633386,2026-09-20 23:30:00,500,482.640,275.000,104.020,103.610,30.900,0.000,2714.420
2510633387,2026-09-20 23:30:00,40,24.350,16.350,5.860,2.130,0.800,0.000,3.270
2510633389,2026-09-20 23:30:00,500,487.580,332.270,113.540,41.760,89.670,0.000,101.220
2510633391,2026-09-20 23:30:00,100,246.230,190.090,56.030,0.100,3.330,0.000,1.920
2510633393,2026-09-20 23:30:00,600,5937.180,3457.540,1178.680,1300.950,1264.030,0.000,0.480
2510633395,2026-09-20 23:30:00,40,1300.980,732.580,283.550,284.840,61.340,0.000,39.160
2510633396,2026-09-20 23:30:00,400,903.110,614.460,212.130,76.500,203.820,0.000,0.170
2510633397,2026-09-20 23:30:00,240,557.480,356.880,168.730,31.860,210.170,0.000,17.940
2510633399,2026-09-20 23:30:00,600,1149.880,662.250,246.440,241.180,58.150,0.000,57.050
2510633400,2026-09-20 23:30:00,800,742.910,452.900,171.500,118.490,156.610,0.000,28.000
2510633402,2026-09-20 23:30:00,300,552.780,333.420,117.000,102.360,136.420,0.000,10.400
2510633406,2026-09-20 23:30:00,60,359.050,162.490,69.820,126.730,18.460,0.000,97.730
2510633411,2026-09-20 23:30:00,800,4720.290,2697.340,983.490,1039.450,1676.810,0.000,29.340
2510814977,2026-09-20 23:30:00,400,51.820,31.990,12.250,7.580,1.840,0.000,10.510
2610026950,2026-09-20 23:30:00,600,14.460,9.260,3.300,1.880,1.280,0.000,3.100
2610026952,2026-09-20 23:30:00,200,3542.080,2305.080,1022.960,214.030,1781.630,0.000,9.770
2610026953,2026-09-20 23:30:00,700,658.260,389.000,148.300,120.960,189.560,0.000,0.670
2610026963,2026-09-20 23:30:00,200,374.560,193.980,91.590,88.970,23.630,2.230,94.780
2610026966,2026-09-20 23:30:00,240,953.160,684.170,236.300,32.680,198.230,0.000,0.000
2610026976,2026-09-20 23:30:00,60,1467.240,956.780,327.310,183.140,143.530,0.000,26.730
2610026977,2026-09-20 23:30:00,30,630.010,263.540,98.490,267.970,108.110,0.000,28.370
2610126270,2026-09-20 23:30:00,400,26.810,17.000,6.320,3.470,1.020,0.000,7.780
2610126451,2026-09-20 23:30:00,300,111.290,72.410,27.030,11.840,55.710,0.000,0.270
2610159557,2026-09-20 23:30:00,600,17.280,9.960,3.690,3.620,0.230,0.000,10.290
2610170786,2026-09-20 23:30:00,500,609.530,347.330,118.840,143.350,119.450,0.000,2.940
2610170836,2026-09-20 23:30:00,100,125.280,78.340,28.340,18.580,70.290,0.000,0.560
2610170837,2026-09-20 23:30:00,240,12.200,7.910,2.660,1.620,1.490,0.000,0.150
2610170838,2026-09-20 23:30:00,240,32.700,20.820,7.210,4.660,3.680,0.000,0.320
2610170840,2026-09-20 23:30:00,40,312.860,179.470,60.450,72.930,65.840,0.000,30.250
2610322967,2026-09-20 23:30:00,500,3.760,2.280,0.930,0.540,0.500,0.000,0.020
2610322969,2026-09-20 23:30:00,100,102.100,71.880,24.240,5.970,13.510,0.000,2.000
2610322982,2026-09-20 23:30:00,160,4.000,2.460,0.800,0.720,0.000,0.000,2.020
2610322995,2026-09-20 23:30:00,40,4.520,2.780,0.900,0.830,0.000,0.000,2.760
2610322997,2026-09-20 23:30:00,400,557.460,328.270,126.540,102.640,210.190,0.000,0.590
2610323001,2026-09-20 23:30:00,160,1781.900,1061.540,475.940,244.400,808.870,0.000,0.000
2610323004,2026-09-20 23:30:00,3000,91.650,69.360,11.860,10.420,21.410,0.000,2.040
2610323005,2026-09-20 23:30:00,120,11.450,7.730,2.900,0.810,1.600,0.000,0.780
2610323010,2026-09-20 23:30:00,60,16.260,10.930,3.830,1.490,1.440,0.000,4.240
2610323016,2026-09-20 23:30:00,160,1590.890,878.940,345.960,365.980,716.950,0.000,0.000
2610323017,2026-09-20 23:30:00,60,5.830,3.570,1.170,1.080,0.000,0.000,3.150
2610323019,2026-09-20 23:30:00,80,48.010,30.400,10.330,7.270,2.980,0.000,11.850
2610323027,2026-09-20 23:30:00,60,5.970,3.720,1.190,1.060,0.000,0.000,3.210
2510633390,2026-09-20 23:31:00,80,2108.400,1268.380,466.390,373.620,546.680,0.000,6.350
