METER_NO,DATE_TIME,HSN,PG,BT,CD,TD,VC,NG,NVC
2246006313,2026-09-24 00:00:00,8800,952.718,537.380,197.339,217.998,127.829,8.999,180.553
2410121326,2026-09-24 00:00:00,200,1597.850,1030.500,448.430,118.910,377.820,0.000,5.460
2410121353,2026-09-24 00:00:00,120,724.960,502.870,197.830,24.250,161.390,0.000,15.480
2410121371,2026-09-24 00:00:00,120,608.420,377.670,133.710,97.030,72.110,0.000,29.630
2410121424,2026-09-24 00:00:00,120,48.350,29.710,11.240,7.380,1.600,0.000,17.950
2410121440,2026-09-24 00:00:00,120,22.390,14.900,4.420,3.060,2.690,0.000,6.080
2410121454,2026-09-24 00:00:00,160,2062.830,1302.630,445.040,315.150,335.630,0.000,76.690
2410121457,2026-09-24 00:00:00,120,1871.300,1192.110,521.570,157.610,353.900,0.000,42.560
2410131378,2026-09-24 00:00:00,200,1867.500,1202.120,519.860,145.510,410.100,0.000,9.700
2410131383,2026-09-24 00:00:00,400,1069.140,708.270,228.400,132.470,48.270,0.000,65.750
2410131384,2026-09-24 00:00:00,200,9855.910,5591.900,1984.370,2279.640,2055.440,0.000,4.900
2410131387,2026-09-24 00:00:00,600,552.550,345.700,131.880,74.960,57.790,0.000,59.080
2410883988,2026-09-24 00:00:00,100,37.060,18.990,5.510,12.550,3.520,0.000,2.200
2410883990,2026-09-24 00:00:00,60,3000.130,1720.920,640.200,639.000,889.110,0.000,38.530
2410883991,2026-09-24 00:00:00,100,2742.750,1651.030,617.240,474.470,257.030,0.260,74.280
2410883993,2026-09-24 00:00:00,60,3166.220,1531.650,599.990,1034.570,125.710,0.000,340.680
2410883994,2026-09-24 00:00:00,320,108.020,48.480,21.510,38.020,3.450,0.000,6.790
2410932742,2026-09-24 00:00:00,240,20033.471,11658.090,3721.950,4653.410,5085.850,0.000,5.960
2411087432,2026-09-24 00:00:00,40,3713.470,2304.420,1066.130,342.910,747.510,0.000,31.140
2411087433,2026-09-24 00:00:00,500,859.490,507.950,187.130,164.390,22.480,0.000,779.280
2411290205,2026-09-24 00:00:00,240,9712.810,6532.130,2847.500,333.160,3443.140,0.000,59.540
2510014481,2026-09-24 00:00:00,80,15470.520,9016.410,2981.480,3472.610,5814.830,0.000,5.520
2510014482,2026-09-24 00:00:00,40,1303.060,907.770,358.370,36.920,85.260,0.000,63.610
2510014483,2026-09-24 00:00:00,300,232.140,133.810,51.750,46.570,0.000,0.000,187.490
2510014484,2026-09-24 00:00:00,160,9494.960,5383.290,2101.410,2010.250,1544.680,0.000,21.600
2510178139,2026-09-24 00:00:00,300,838.970,487.800,178.190,172.970,183.600,0.000,14.140
2510178141,2026-09-24 00:00:00,40,671.220,502.860,157.250,11.100,186.770,0.000,47.720
2510203103,2026-09-24 00:00:00,400,1865.820,1110.700,419.620,335.480,65.230,3.580,330.530
2510203104,2026-09-24 00:00:00,120,3056.730,1836.570,716.920,503.230,463.630,0.000,69.190
2510203105,2026-09-24 00:00:00,100,2457.890,1709.350,694.470,54.050,577.620,0.000,70.680
2510203106,2026-09-24 00:00:00,100,99.680,46.140,16.830,36.690,0.410,0.000,37.400
2510203108,2026-09-24 00:00:00,80,4037.470,2275.740,896.630,865.100,631.190,0.000,36.690
2510203111,2026-09-24 00:00:00,40,3965.680,2503.040,981.100,481.540,1082.200,0.000,12.780
2510203113,2026-09-24 00:00:00,160,4545.470,2899.650,1102.160,543.650,277.400,0.000,111.260
2510203114,2026-09-24 00:00:00,120,1927.030,1210.000,476.240,240.780,388.640,0.000,33.730
2510203117,2026-09-24 00:00:00,80,1669.570,890.420,361.920,417.210,284.780,0.000,166.640
2510203118,2026-09-24 00:00:00,640,197.940,114.500,44.620,38.820,26.990,0.010,115.930
2510203119,2026-09-24 00:00:00,40,480.830,323.310,123.490,34.030,180.180,0.000,14.800
2510203120,2026-09-24 00:00:00,160,4362.420,2678.820,961.650,721.940,1013.840,0.000,14.900
2510203121,2026-09-24 00:00:00,100,1303.940,765.480,305.510,232.940,71.900,0.000,107.920
2510203122,2026-09-24 00:00:00,40,948.740,601.660,297.640,49.430,693.870,0.000,0.710
2510203123,2026-09-24 00:00:00,40,2684.510,1769.680,733.260,181.560,853.450,0.000,11.830
2510203124,2026-09-24 00:00:00,800,1199.910,850.250,289.440,60.210,339.000,0.000,0.360
2510203126,2026-09-24 00:00:00,100,17.000,7.820,2.420,6.750,0.440,0.000,1.350
2510203127,2026-09-24 00:00:00,40,1293.420,844.320,344.750,104.330,375.990,0.000,49.240
2510203128,2026-09-24 00:00:00,500,8037.940,4220.040,1416.510,2401.380,374.870,0.000,112.570
2510203129,2026-09-24 00:00:00,80,7.120,3.750,1.350,2.020,0.000,0.000,1.660
2510203130,2026-09-24 00:00:00,120,33.580,24.160,6.890,2.510,9.730,0.000,0.510
2510203133,2026-09-24 00:00:00,40,672.220,457.780,169.670,44.760,114.680,0.000,47.680
2510203134,2026-09-24 00:00:00,200,141.900,83.030,32.740,26.130,6.060,0.000,33.430
2510224049,2026-09-24 00:00:00,1,53730.090,20976.721,10976.270,21777.090,118.600,0.000,9041.790
2510224167,2026-09-24 00:00:00,1,21021.551,9317.640,4122.020,7581.880,904.010,0.000,5707.330
2510317505,2026-09-24 00:00:00,1,15324.300,6729.020,3249.980,5345.290,0.740,0.000,4573.440
2510317537,2026-09-24 00:00:00,1,11881.060,6822.850,2245.800,2812.400,218.560,1427.680,2156.150
2510389643,2026-09-24 00:00:00,1,43435.238,15572.340,7781.970,20080.920,22.630,0.000,4120.360
2510389931,2026-09-24 00:00:00,1,31410.320,12008.940,6640.400,12760.970,0.150,0.000,4314.020
2510633381,2026-09-24 00:00:00,320,225.060,140.050,50.650,34.360,6.310,0.000,46.070
2510633383,2026-09-24 00:00:00,40,1744.790,1308.190,402.140,34.450,53.810,0.000,312.290
2510633385,2026-09-24 00:00:00,60,1228.890,579.190,245.240,404.450,48.530,0.000,95.430
2510633386,2026-09-24 00:00:00,500,493.000,280.820,106.410,105.750,30.900,0.000,2764.420
2510633387,2026-09-24 00:00:00,40,25.980,17.470,6.310,2.200,0.840,0.000,3.400
2510633389,2026-09-24 00:00:00,500,533.030,361.640,124.480,46.900,100.680,0.000,102.480
2510633390,2026-09-24 00:00:00,80,2191.060,1313.980,484.290,392.780,570.090,0.000,6.350
2510633391,2026-09-24 00:00:00,100,254.300,196.370,57.820,0.100,3.450,0.000,1.940
2510633395,2026-09-24 00:00:00,40,1300.980,732.580,283.550,284.840,61.340,0.000,39.160
2510633396,2026-09-24 00:00:00,400,925.570,627.790,218.180,79.600,212.420,0.000,0.170
2510633397,2026-09-24 00:00:00,240,569.920,364.570,172.970,32.370,216.010,0.000,18.130
2510633399,2026-09-24 00:00:00,600,1171.080,673.790,251.940,245.350,58.820,0.000,57.110
2510633400,2026-09-24 00:00:00,800,772.190,469.050,179.580,123.550,169.960,0.000,28.000
2510633402,2026-09-24 00:00:00,300,585.690,352.530,124.610,108.540,146.370,0.000,10.400
2510633406,2026-09-24 00:00:00,60,364.510,165.980,70.990,127.530,19.800,0.000,99.060
2510633411,2026-09-24 00:00:00,800,4818.490,2749.980,1007.140,1061.360,1713.060,0.000,29.340
2510814977,2026-09-24 00:00:00,400,52.250,32.210,12.350,7.680,1.840,0.000,10.680
2610026950,2026-09-24 00:00:00,600,15.640,10.020,3.610,2.000,1.420,0.000,3.160
2610026952,2026-09-24 00:00:00,200,3645.340,2366.500,1050.070,228.770,1837.620,0.000,9.810
2610026953,2026-09-24 00:00:00,700,686.380,404.990,155.010,126.370,200.780,0.000,0.670
2610026963,2026-09-24 00:00:00,200,382.520,197.500,94.500,90.510,23.710,2.230,97.090
2610026966,2026-09-24 00:00:00,240,971.160,697.140,240.820,33.190,200.540,0.000,0.000
2610026976,2026-09-24 00:00:00,60,1509.620,983.240,338.810,187.560,148.050,0.000,27.050
2610026977,2026-09-24 00:00:00,30,642.470,268.250,101.120,273.090,110.730,0.000,29.220
2610126270,2026-09-24 00:00:00,400,28.450,18.050,6.720,3.670,1.060,0.000,8.130
2610126451,2026-09-24 00:00:00,300,113.160,73.440,27.600,12.110,55.870,0.000,0.280
2610159557,2026-09-24 00:00:00,600,18.560,10.760,4.060,3.720,0.230,0.000,10.740
2610170786,2026-09-24 00:00:00,500,653.510,370.820,128.370,154.310,129.920,0.000,2.940
2610170836,2026-09-24 00:00:00,100,125.850,78.700,28.530,18.610,70.390,0.000,0.590
2610170837,2026-09-24 00:00:00,240,12.730,8.260,2.800,1.670,1.590,0.000,0.160
2610170838,2026-09-24 00:00:00,240,34.560,21.900,7.710,4.940,3.820,0.000,0.350
2610170839,2026-09-24 00:00:00,400,5.840,3.630,1.600,0.600,1.560,0.000,0.280
2610170840,2026-09-24 00:00:00,40,327.350,187.240,63.820,76.270,68.780,0.000,31.740
2610322969,2026-09-24 00:00:00,100,111.880,78.330,26.660,6.880,14.690,0.000,2.090
2610322982,2026-09-24 00:00:00,160,5.250,3.200,1.120,0.930,0.000,0.000,2.510
2610322995,2026-09-24 00:00:00,40,5.870,3.560,1.230,1.070,0.000,0.000,3.440
2610322997,2026-09-24 00:00:00,400,597.570,350.150,136.250,111.160,227.590,0.000,0.590
2610323001,2026-09-24 00:00:00,160,1909.560,1133.380,510.690,265.480,869.200,0.000,0.000
2610323004,2026-09-24 00:00:00,3000,98.380,74.490,12.860,11.020,22.790,0.000,2.160
2610323005,2026-09-24 00:00:00,120,12.420,8.390,3.160,0.870,1.640,0.000,0.910
2610323010,2026-09-24 00:00:00,60,18.780,12.510,4.540,1.720,1.560,0.000,4.880
2610323016,2026-09-24 00:00:00,160,1682.660,929.930,368.650,384.070,758.770,0.000,0.000
2610323017,2026-09-24 00:00:00,60,7.530,4.560,1.600,1.360,0.000,0.000,3.900
2610323019,2026-09-24 00:00:00,80,51.410,32.420,11.250,7.740,3.040,0.000,12.420
2610323027,2026-09-24 00:00:00,60,7.810,4.780,1.650,1.360,0.000,0.000,3.990
2510203107,2026-09-24 00:01:00,600,673.480,425.190,183.170,65.110,196.710,0.000,12.620
2510203109,2026-09-24 00:01:00,160,1541.190,966.740,474.890,99.550,462.700,0.000,87.190
2510389559,2026-09-24 00:01:00,1,36.870,20.630,14.320,1.910,30.680,0.000,5.910
2510633393,2026-09-24 00:01:00,600,6014.940,3501.270,1196.110,1317.540,1282.910,0.000,0.480
2410121574,2026-09-24 00:02:00,120,4925.680,3554.660,1146.230,224.770,426.220,0.000,381.740
2410320615,2026-09-24 00:02:00,700,15597.290,9564.290,3805.610,2227.380,3856.560,0.000,51.460
2610170785,2026-09-24 00:02:00,640,10.030,6.720,2.880,0.420,10.850,0.000,0.000
2610322967,2026-09-24 00:02:00,500,4.020,2.430,1.010,0.560,0.540,0.000,0.020
2610322992,2026-09-24 00:02:00,320,94.790,63.420,28.280,3.080,24.460,0.000,0.010
2246006313,2026-09-24 00:30:00,8800,952.783,537.380,197.339,218.063,127.836,8.999,180.553
2410121326,2026-09-24 00:30:00,200,1597.890,1030.500,448.430,118.950,377.830,0.000,5.460
2410121353,2026-09-24 00:30:00,120,724.970,502.870,197.830,24.260,161.390,0.000,15.480
2410121371,2026-09-24 00:30:00,120,608.430,377.670,133.710,97.040,72.110,0.000,29.630
2410121424,2026-09-24 00:30:00,120,48.350,29.710,11.240,7.380,1.600,0.000,17.950
2410121440,2026-09-24 00:30:00,120,22.390,14.900,4.420,3.070,2.690,0.000,6.080
2410121454,2026-09-24 00:30:00,160,2062.870,1302.630,445.040,315.200,335.630,0.000,76.690
2410121457,2026-09-24 00:30:00,120,1871.880,1192.110,521.570,158.190,353.940,0.000,42.560
2410121574,2026-09-24 00:30:00,120,4925.730,3554.660,1146.230,224.820,426.220,0.000,381.760
2410131378,2026-09-24 00:30:00,200,1867.510,1202.120,519.860,145.520,410.100,0.000,9.710
2410131383,2026-09-24 00:30:00,400,1069.160,708.270,228.400,132.490,48.270,0.000,65.750
2410131384,2026-09-24 00:30:00,200,9856.250,5591.900,1984.370,2279.970,2055.550,0.000,4.900
2410131387,2026-09-24 00:30:00,600,552.570,345.700,131.880,74.980,57.790,0.000,59.080
2410320615,2026-09-24 00:30:00,700,15597.730,9564.290,3805.610,2227.820,3856.610,0.000,51.460
2410883991,2026-09-24 00:30:00,100,2742.810,1651.030,617.240,474.530,257.030,0.260,74.280
2410883993,2026-09-24 00:30:00,60,3166.500,1531.650,599.990,1034.850,125.710,0.000,340.720
2410883994,2026-09-24 00:30:00,320,108.030,48.480,21.510,38.030,3.450,0.000,6.790
2410932742,2026-09-24 00:30:00,240,20034.381,11658.090,3721.950,4654.330,5086.130,0.000,5.960
2411087432,2026-09-24 00:30:00,40,3713.630,2304.420,1066.130,343.080,747.520,0.000,31.140
2411087433,2026-09-24 00:30:00,500,859.660,507.950,187.130,164.560,22.490,0.000,779.280
2411290205,2026-09-24 00:30:00,240,9712.860,6532.130,2847.500,333.220,3443.150,0.000,59.540
2510014481,2026-09-24 00:30:00,80,15471.160,9016.410,2981.480,3473.250,5815.070,0.000,5.520
2510014482,2026-09-24 00:30:00,40,1303.070,907.770,358.370,36.920,85.260,0.000,63.610
2510014483,2026-09-24 00:30:00,300,232.160,133.810,51.750,46.580,0.000,0.000,187.500
2510014484,2026-09-24 00:30:00,160,9495.560,5383.290,2101.410,2010.850,1544.870,0.000,21.600
2510178139,2026-09-24 00:30:00,300,838.990,487.800,178.190,172.990,183.600,0.000,14.140
2510178141,2026-09-24 00:30:00,40,671.230,502.860,157.250,11.100,186.770,0.000,47.720
2510203103,2026-09-24 00:30:00,400,1865.860,1110.700,419.620,335.520,65.230,3.580,330.540
2510203104,2026-09-24 00:30:00,120,3056.860,1836.570,716.920,503.360,463.650,0.000,69.190
2510203105,2026-09-24 00:30:00,100,2457.900,1709.350,694.470,54.060,577.620,0.000,70.680
2510203106,2026-09-24 00:30:00,100,99.680,46.140,16.830,36.700,0.410,0.000,37.410
2510203107,2026-09-24 00:30:00,600,673.790,425.190,183.170,65.410,196.800,0.000,12.620
2510203108,2026-09-24 00:30:00,80,4037.780,2275.740,896.630,865.410,631.230,0.000,36.690
2510203109,2026-09-24 00:30:00,160,1541.200,966.740,474.890,99.560,462.710,0.000,87.190
2510203111,2026-09-24 00:30:00,40,3965.690,2503.040,981.100,481.540,1082.200,0.000,12.780
2510203113,2026-09-24 00:30:00,160,4545.680,2899.650,1102.160,543.860,277.410,0.000,111.260
2510203117,2026-09-24 00:30:00,80,1669.640,890.420,361.920,417.280,284.780,0.000,166.660
2510203118,2026-09-24 00:30:00,640,197.960,114.500,44.620,38.840,26.990,0.010,115.940
2510203119,2026-09-24 00:30:00,40,480.830,323.310,123.490,34.030,180.180,0.000,14.800
2510203120,2026-09-24 00:30:00,160,4362.670,2678.820,961.650,722.190,1013.930,0.000,14.900
2510203121,2026-09-24 00:30:00,100,1303.970,765.480,305.510,232.970,71.900,0.000,107.930
2510203122,2026-09-24 00:30:00,40,948.750,601.660,297.640,49.440,693.870,0.000,0.710
2510203123,2026-09-24 00:30:00,40,2684.510,1769.680,733.260,181.560,853.450,0.000,11.830
2510203124,2026-09-24 00:30:00,800,1199.960,850.250,289.440,60.260,339.030,0.000,0.360
2510203126,2026-09-24 00:30:00,100,17.010,7.820,2.420,6.760,0.440,0.000,1.360
2510203127,2026-09-24 00:30:00,40,1293.420,844.320,344.750,104.340,375.990,0.000,49.250
2510203128,2026-09-24 00:30:00,500,8038.670,4220.040,1416.510,2402.110,374.940,0.000,112.570
2510203129,2026-09-24 00:30:00,80,7.130,3.750,1.350,2.030,0.000,0.000,1.670
2510203130,2026-09-24 00:30:00,120,33.580,24.160,6.890,2.520,9.730,0.000,0.510
2510203133,2026-09-24 00:30:00,40,672.220,457.780,169.670,44.770,114.680,0.000,47.680
2510203134,2026-09-24 00:30:00,200,141.910,83.030,32.740,26.130,6.060,0.000,33.430
2510224049,2026-09-24 00:30:00,1,53733.422,20976.721,10976.270,21780.420,118.600,0.000,9042.820
2510224167,2026-09-24 00:30:00,1,21022.920,9317.640,4122.020,7583.250,904.010,0.000,5708.310
2510317505,2026-09-24 00:30:00,1,15326.170,6729.020,3249.980,5347.150,0.740,0.000,4574.340
2510317537,2026-09-24 00:30:00,1,11882.020,6822.850,2245.800,2813.360,218.560,1427.680,2156.310
2510389559,2026-09-24 00:30:00,1,36.870,20.630,14.320,1.910,30.680,0.000,5.910
2510389643,2026-09-24 00:30:00,1,43439.012,15572.340,7781.970,20084.689,22.630,0.000,4120.990
2510389931,2026-09-24 00:30:00,1,31412.689,12008.940,6640.400,12763.340,0.150,0.000,4314.580
2510633381,2026-09-24 00:30:00,320,225.080,140.050,50.650,34.370,6.310,0.000,46.070
2510633383,2026-09-24 00:30:00,40,1744.800,1308.190,402.140,34.460,53.810,0.000,312.320
2510633385,2026-09-24 00:30:00,60,1228.990,579.190,245.240,404.550,48.530,0.000,95.450
2510633389,2026-09-24 00:30:00,500,533.160,361.640,124.480,47.030,100.680,0.000,102.500
2510633390,2026-09-24 00:30:00,80,2191.500,1313.980,484.290,393.220,570.200,0.000,6.350
2510633391,2026-09-24 00:30:00,100,254.300,196.370,57.820,0.100,3.450,0.000,1.940
2510633393,2026-09-24 00:30:00,600,6015.330,3501.270,1196.110,1317.940,1282.990,0.000,0.480
2510633395,2026-09-24 00:30:00,40,1300.980,732.580,283.550,284.840,61.340,0.000,39.160
2510633396,2026-09-24 00:30:00,400,925.660,627.790,218.180,79.680,212.470,0.000,0.170
2510633397,2026-09-24 00:30:00,240,569.940,364.570,172.970,32.390,216.010,0.000,18.140
2510633399,2026-09-24 00:30:00,600,1171.180,673.790,251.940,245.450,58.820,0.000,57.110
2510633400,2026-09-24 00:30:00,800,772.360,469.050,179.580,123.710,170.020,0.000,28.000
2510633402,2026-09-24 00:30:00,300,585.840,352.530,124.610,108.690,146.400,0.000,10.400
2510633406,2026-09-24 00:30:00,60,364.530,165.980,70.990,127.550,19.800,0.000,99.070
2510633411,2026-09-24 00:30:00,800,4818.920,2749.980,1007.140,1061.790,1713.240,0.000,29.340
2510814977,2026-09-24 00:30:00,400,52.250,32.210,12.350,7.680,1.840,0.000,10.680
2610026950,2026-09-24 00:30:00,600,15.640,10.020,3.610,2.000,1.420,0.000,3.170
2610026952,2026-09-24 00:30:00,200,3645.860,2366.500,1050.070,229.290,1837.960,0.000,9.810
2610026953,2026-09-24 00:30:00,700,686.540,404.990,155.010,126.530,200.850,0.000,0.670
2610026963,2026-09-24 00:30:00,200,382.560,197.500,94.500,90.550,23.710,2.230,97.110
2610026966,2026-09-24 00:30:00,240,971.170,697.140,240.820,33.210,200.540,0.000,0.000
2610026976,2026-09-24 00:30:00,60,1509.790,983.240,338.810,187.730,148.060,0.000,27.060
2610026977,2026-09-24 00:30:00,30,642.620,268.250,101.120,273.240,110.750,0.000,29.220
2610126270,2026-09-24 00:30:00,400,28.460,18.050,6.720,3.680,1.060,0.000,8.140
2610126451,2026-09-24 00:30:00,300,113.170,73.440,27.600,12.120,55.870,0.000,0.280
2610159557,2026-09-24 00:30:00,600,18.560,10.760,4.060,3.730,0.230,0.000,10.740
2610170786,2026-09-24 00:30:00,500,653.760,370.820,128.370,154.560,129.980,0.000,2.940
2610170836,2026-09-24 00:30:00,100,125.850,78.700,28.530,18.610,70.390,0.000,0.590
2610170837,2026-09-24 00:30:00,240,12.730,8.260,2.800,1.670,1.590,0.000,0.160
2610170838,2026-09-24 00:30:00,240,34.570,21.900,7.710,4.940,3.820,0.000,0.350
2610170839,2026-09-24 00:30:00,400,5.840,3.630,1.600,0.610,1.560,0.000,0.280
2610170840,2026-09-24 00:30:00,40,327.410,187.240,63.820,76.340,68.780,0.000,31.750
2610322967,2026-09-24 00:30:00,500,4.020,2.430,1.010,0.560,0.540,0.000,0.020
2610322982,2026-09-24 00:30:00,160,5.260,3.200,1.120,0.940,0.000,0.000,2.520
2610322992,2026-09-24 00:30:00,320,94.860,63.420,28.280,3.150,24.460,0.000,0.010
2610322995,2026-09-24 00:30:00,40,5.880,3.560,1.230,1.080,0.000,0.000,3.450
2610322997,2026-09-24 00:30:00,400,597.910,350.150,136.250,111.490,227.750,0.000,0.590
2610323001,2026-09-24 00:30:00,160,1910.020,1133.380,510.690,265.940,869.490,0.000,0.000
2610323004,2026-09-24 00:30:00,3000,98.380,74.490,12.860,11.020,22.790,0.000,2.170
2610323005,2026-09-24 00:30:00,120,12.420,8.390,3.160,0.870,1.640,0.000,0.910
2610323010,2026-09-24 00:30:00,60,18.780,12.510,4.540,1.730,1.560,0.000,4.880
2610323016,2026-09-24 00:30:00,160,1682.870,929.930,368.650,384.280,758.840,0.000,0.000
2610323017,2026-09-24 00:30:00,60,7.540,4.560,1.600,1.370,0.000,0.000,3.900
2610323019,2026-09-24 00:30:00,80,51.430,32.420,11.250,7.750,3.040,0.000,12.420
2610323027,2026-09-24 00:30:00,60,7.820,4.780,1.650,1.370,0.000,0.000,4.000
2510203114,2026-09-24 00:31:00,120,1927.130,1210.000,476.240,240.880,388.650,0.000,33.730
2510633386,2026-09-24 00:31:00,500,493.080,280.820,106.410,105.840,30.900,0.000,2764.780
2510633387,2026-09-24 00:31:00,40,25.990,17.470,6.310,2.200,0.840,0.000,3.400
2610170785,2026-09-24 00:32:00,640,10.030,6.720,2.880,0.420,10.850,0.000,0.000
2610322969,2026-09-24 00:32:00,100,111.900,78.330,26.660,6.900,14.690,0.000,2.090
2410883988,2026-09-24 00:45:00,100,37.070,18.990,5.510,12.560,3.520,0.000,2.200
2410883990,2026-09-24 00:45:00,60,3000.160,1720.920,640.200,639.030,889.110,0.000,38.530
2246006313,2026-09-24 01:00:00,8800,952.859,537.380,197.339,218.140,127.849,8.999,180.553
2410121326,2026-09-24 01:00:00,200,1597.930,1030.500,448.430,118.990,377.830,0.000,5.460
2410121353,2026-09-24 01:00:00,120,724.980,502.870,197.830,24.270,161.390,0.000,15.480
2410121371,2026-09-24 01:00:00,120,608.440,377.670,133.710,97.050,72.110,0.000,29.630
2410121424,2026-09-24 01:00:00,120,48.350,29.710,11.240,7.390,1.600,0.000,17.950
2410121440,2026-09-24 01:00:00,120,22.400,14.900,4.420,3.070,2.690,0.000,6.080
2410121454,2026-09-24 01:00:00,160,2062.920,1302.630,445.040,315.240,335.640,0.000,76.690
2410121457,2026-09-24 01:00:00,120,1872.640,1192.110,521.570,158.950,354.040,0.000,42.560
2410121574,2026-09-24 01:00:00,120,4925.770,3554.660,1146.230,224.870,426.220,0.000,381.780
2410131378,2026-09-24 01:00:00,200,1867.520,1202.120,519.860,145.520,410.100,0.000,9.710
2410131383,2026-09-24 01:00:00,400,1069.180,708.270,228.400,132.500,48.270,0.000,65.750
2410131384,2026-09-24 01:00:00,200,9856.570,5591.900,1984.370,2280.290,2055.650,0.000,4.900
2410131387,2026-09-24 01:00:00,600,552.590,345.700,131.880,75.000,57.790,0.000,59.090
2410320615,2026-09-24 01:00:00,700,15598.200,9564.290,3805.610,2228.280,3856.660,0.000,51.460
2410883988,2026-09-24 01:00:00,100,37.070,18.990,5.510,12.560,3.520,0.000,2.200
2410883990,2026-09-24 01:00:00,60,3000.170,1720.920,640.200,639.040,889.110,0.000,38.530
2410883991,2026-09-24 01:00:00,100,2742.860,1651.030,617.240,474.580,257.030,0.260,74.280
2410883993,2026-09-24 01:00:00,60,3166.780,1531.650,599.990,1035.130,125.710,0.000,340.760
2410883994,2026-09-24 01:00:00,320,108.040,48.480,21.510,38.030,3.450,0.000,6.790
2410932742,2026-09-24 01:00:00,240,20035.240,11658.090,3721.950,4655.190,5086.390,0.000,5.960
2411087432,2026-09-24 01:00:00,40,3713.790,2304.420,1066.130,343.240,747.520,0.000,31.140
2411087433,2026-09-24 01:00:00,500,859.830,507.950,187.130,164.740,22.500,0.000,779.290
2411290205,2026-09-24 01:00:00,240,9712.910,6532.130,2847.500,333.260,3443.150,0.000,59.540
2510014481,2026-09-24 01:00:00,80,15471.800,9016.410,2981.480,3473.890,5815.320,0.000,5.520
2510014482,2026-09-24 01:00:00,40,1303.080,907.770,358.370,36.930,85.260,0.000,63.610
2510014483,2026-09-24 01:00:00,300,232.170,133.810,51.750,46.590,0.000,0.000,187.510
2510014484,2026-09-24 01:00:00,160,9496.160,5383.290,2101.410,2011.450,1545.050,0.000,21.600
2510178139,2026-09-24 01:00:00,300,839.010,487.800,178.190,173.010,183.600,0.000,14.140
2510178141,2026-09-24 01:00:00,40,671.230,502.860,157.250,11.100,186.770,0.000,47.730
2510203104,2026-09-24 01:00:00,120,3057.000,1836.570,716.920,503.500,463.680,0.000,69.190
2510203105,2026-09-24 01:00:00,100,2457.910,1709.350,694.470,54.070,577.620,0.000,70.680
2510203106,2026-09-24 01:00:00,100,99.690,46.140,16.830,36.710,0.410,0.000,37.410
2510203107,2026-09-24 01:00:00,600,673.900,425.190,183.170,65.520,196.820,0.000,12.620
2510203108,2026-09-24 01:00:00,80,4038.080,2275.740,896.630,865.710,631.260,0.000,36.690
2510203109,2026-09-24 01:00:00,160,1541.220,966.740,474.890,99.580,462.710,0.000,87.190
2510203111,2026-09-24 01:00:00,40,3965.690,2503.040,981.100,481.550,1082.200,0.000,12.780
2510203113,2026-09-24 01:00:00,160,4545.880,2899.650,1102.160,544.060,277.430,0.000,111.260
2510203114,2026-09-24 01:00:00,120,1927.210,1210.000,476.240,240.960,388.670,0.000,33.730
2510203117,2026-09-24 01:00:00,80,1669.710,890.420,361.920,417.350,284.780,0.000,166.680
2510203118,2026-09-24 01:00:00,640,197.990,114.500,44.620,38.860,26.990,0.010,115.960
2510203119,2026-09-24 01:00:00,40,480.840,323.310,123.490,34.030,180.180,0.000,14.800
2510203120,2026-09-24 01:00:00,160,4362.920,2678.820,961.650,722.440,1014.020,0.000,14.900
2510203121,2026-09-24 01:00:00,100,1304.000,765.480,305.510,233.000,71.900,0.000,107.940
2510203122,2026-09-24 01:00:00,40,948.760,601.660,297.640,49.450,693.880,0.000,0.710
2510203123,2026-09-24 01:00:00,40,2684.510,1769.680,733.260,181.560,853.450,0.000,11.830
2510203124,2026-09-24 01:00:00,800,1200.010,850.250,289.440,60.310,339.050,0.000,0.360
2510203126,2026-09-24 01:00:00,100,17.010,7.820,2.420,6.760,0.440,0.000,1.360
2510203127,2026-09-24 01:00:00,40,1293.430,844.320,344.750,104.350,375.990,0.000,49.250
2510203128,2026-09-24 01:00:00,500,8039.380,4220.040,1416.510,2402.820,375.000,0.000,112.570
2510203130,2026-09-24 01:00:00,120,33.580,24.160,6.890,2.520,9.730,0.000,0.510
2510203133,2026-09-24 01:00:00,40,672.230,457.780,169.670,44.770,114.680,0.000,47.680
2510203134,2026-09-24 01:00:00,200,141.910,83.030,32.740,26.140,6.060,0.000,33.430
2510224049,2026-09-24 01:00:00,1,53736.828,20976.721,10976.270,21783.830,118.600,0.000,9043.860
2510224167,2026-09-24 01:00:00,1,21024.301,9317.640,4122.020,7584.620,904.010,0.000,5709.280
2510317505,2026-09-24 01:00:00,1,15328.030,6729.020,3249.980,5349.020,0.740,0.000,4575.230
2510317537,2026-09-24 01:00:00,1,11882.930,6822.850,2245.800,2814.270,218.560,1427.680,2156.460
2510389559,2026-09-24 01:00:00,1,36.870,20.630,14.320,1.910,30.680,0.000,5.910
2510389643,2026-09-24 01:00:00,1,43442.699,15572.340,7781.970,20088.381,22.630,0.000,4121.620
2510389931,2026-09-24 01:00:00,1,31415.051,12008.940,6640.400,12765.710,0.150,0.000,4315.140
2510633381,2026-09-24 01:00:00,320,225.090,140.050,50.650,34.390,6.310,0.000,46.080
2510633383,2026-09-24 01:00:00,40,1744.810,1308.190,402.140,34.470,53.810,0.000,312.360
2510633385,2026-09-24 01:00:00,60,1229.080,579.190,245.240,404.650,48.530,0.000,95.470
2510633386,2026-09-24 01:00:00,500,493.150,280.820,106.410,105.910,30.900,0.000,2765.110
2510633387,2026-09-24 01:00:00,40,25.990,17.470,6.310,2.200,0.840,0.000,3.400
2510633389,2026-09-24 01:00:00,500,533.300,361.640,124.480,47.170,100.680,0.000,102.520
2510633391,2026-09-24 01:00:00,100,254.300,196.370,57.820,0.100,3.450,0.000,1.940
2510633393,2026-09-24 01:00:00,600,6015.730,3501.270,1196.110,1318.340,1283.060,0.000,0.480
2510633395,2026-09-24 01:00:00,40,1300.980,732.580,283.550,284.840,61.340,0.000,39.160
2510633396,2026-09-24 01:00:00,400,925.740,627.790,218.180,79.760,212.520,0.000,0.170
2510633397,2026-09-24 01:00:00,240,569.950,364.570,172.970,32.400,216.010,0.000,18.140
2510633399,2026-09-24 01:00:00,600,1171.280,673.790,251.940,245.550,58.820,0.000,57.110
2510633400,2026-09-24 01:00:00,800,772.520,469.050,179.580,123.870,170.090,0.000,28.000
2510633402,2026-09-24 01:00:00,300,585.990,352.530,124.610,108.830,146.430,0.000,10.400
2510633406,2026-09-24 01:00:00,60,364.550,165.980,70.990,127.580,19.800,0.000,99.090
2510633411,2026-09-24 01:00:00,800,4819.490,2749.980,1007.140,1062.370,1713.480,0.000,29.340
2510814977,2026-09-24 01:00:00,400,52.250,32.210,12.350,7.680,1.840,0.000,10.680
2610026950,2026-09-24 01:00:00,600,15.640,10.020,3.610,2.000,1.420,0.000,3.170
2610026952,2026-09-24 01:00:00,200,3646.360,2366.500,1050.070,229.780,1838.280,0.000,9.810
2610026953,2026-09-24 01:00:00,700,686.710,404.990,155.010,126.700,200.930,0.000,0.670
2610026963,2026-09-24 01:00:00,200,382.600,197.500,94.500,90.590,23.710,2.230,97.130
2610026966,2026-09-24 01:00:00,240,971.190,697.140,240.820,33.220,200.550,0.000,0.000
2610026976,2026-09-24 01:00:00,60,1509.980,983.240,338.810,187.920,148.070,0.000,27.060
2610026977,2026-09-24 01:00:00,30,642.760,268.250,101.120,273.380,110.760,0.000,29.220
2610126270,2026-09-24 01:00:00,400,28.460,18.050,6.720,3.680,1.060,0.000,8.140
2610126451,2026-09-24 01:00:00,300,113.180,73.440,27.600,12.120,55.870,0.000,0.280
2610159557,2026-09-24 01:00:00,600,18.560,10.760,4.060,3.730,0.230,0.000,10.740
2610170785,2026-09-24 01:00:00,640,10.030,6.720,2.880,0.420,10.850,0.000,0.000
2610170786,2026-09-24 01:00:00,500,654.000,370.820,128.370,154.800,130.030,0.000,2.940
2610170836,2026-09-24 01:00:00,100,125.850,78.700,28.530,18.610,70.390,0.000,0.590
2610170837,2026-09-24 01:00:00,240,12.740,8.260,2.800,1.670,1.590,0.000,0.170
2610170838,2026-09-24 01:00:00,240,34.570,21.900,7.710,4.950,3.820,0.000,0.350
2610170839,2026-09-24 01:00:00,400,5.850,3.630,1.600,0.610,1.560,0.000,0.280
2610170840,2026-09-24 01:00:00,40,327.480,187.240,63.820,76.400,68.780,0.000,31.770
2610322967,2026-09-24 01:00:00,500,4.020,2.430,1.010,0.570,0.540,0.000,0.020
2610322969,2026-09-24 01:00:00,100,111.920,78.330,26.660,6.920,14.690,0.000,2.090
2610322982,2026-09-24 01:00:00,160,5.260,3.200,1.120,0.940,0.000,0.000,2.520
2610322992,2026-09-24 01:00:00,320,94.930,63.420,28.280,3.220,24.470,0.000,0.010
2610322995,2026-09-24 01:00:00,40,5.890,3.560,1.230,1.080,0.000,0.000,3.450
2610322997,2026-09-24 01:00:00,400,598.210,350.150,136.250,111.790,227.880,0.000,0.590
2610323001,2026-09-24 01:00:00,160,1910.450,1133.380,510.690,266.370,869.780,0.000,0.000
2610323004,2026-09-24 01:00:00,3000,98.390,74.490,12.860,11.030,22.790,0.000,2.170
2610323005,2026-09-24 01:00:00,120,12.420,8.390,3.160,0.870,1.640,0.000,0.920
2610323010,2026-09-24 01:00:00,60,18.790,12.510,4.540,1.730,1.560,0.000,4.890
2610323016,2026-09-24 01:00:00,160,1683.080,929.930,368.650,384.490,758.920,0.000,0.000
2610323017,2026-09-24 01:00:00,60,7.540,4.560,1.600,1.380,0.000,0.000,3.910
2610323019,2026-09-24 01:00:00,80,51.440,32.420,11.250,7.760,3.040,0.000,12.430
2610323027,2026-09-24 01:00:00,60,7.820,4.780,1.650,1.380,0.000,0.000,4.000
2510203103,2026-09-24 01:01:00,400,1865.900,1110.700,419.620,335.570,65.230,3.580,330.540
2510203129,2026-09-24 01:01:00,80,7.130,3.750,1.350,2.030,0.000,0.000,1.670
2510633390,2026-09-24 01:01:00,80,2192.020,1313.980,484.290,393.730,570.370,0.000,6.350
2246006313,2026-09-24 01:30:00,8800,952.944,537.380,197.339,218.224,127.865,8.999,180.553
2410121326,2026-09-24 01:30:00,200,1597.970,1030.500,448.430,119.030,377.830,0.000,5.460
2410121353,2026-09-24 01:30:00,120,724.990,502.870,197.830,24.290,161.390,0.000,15.480
2410121371,2026-09-24 01:30:00,120,608.450,377.670,133.710,97.060,72.110,0.000,29.640
2410121424,2026-09-24 01:30:00,120,48.350,29.710,11.240,7.390,1.600,0.000,17.960
2410121440,2026-09-24 01:30:00,120,22.400,14.900,4.420,3.070,2.690,0.000,6.090
2410121454,2026-09-24 01:30:00,160,2062.960,1302.630,445.040,315.290,335.650,0.000,76.690
2410121457,2026-09-24 01:30:00,120,1873.440,1192.110,521.570,159.750,354.240,0.000,42.560
2410121574,2026-09-24 01:30:00,120,4925.830,3554.660,1146.230,224.930,426.220,0.000,381.800
2410131378,2026-09-24 01:30:00,200,1867.520,1202.120,519.860,145.530,410.100,0.000,9.710
2410131383,2026-09-24 01:30:00,400,1069.200,708.270,228.400,132.520,48.270,0.000,65.760
2410131384,2026-09-24 01:30:00,200,9856.870,5591.900,1984.370,2280.590,2055.750,0.000,4.900
2410131387,2026-09-24 01:30:00,600,552.610,345.700,131.880,75.020,57.790,0.000,59.090
2410320615,2026-09-24 01:30:00,700,15598.670,9564.290,3805.610,2228.750,3856.730,0.000,51.460
2410883988,2026-09-24 01:30:00,100,37.080,18.990,5.510,12.570,3.520,0.000,2.200
2410883991,2026-09-24 01:30:00,100,2742.920,1651.030,617.240,474.640,257.030,0.260,74.280
2410883993,2026-09-24 01:30:00,60,3167.060,1531.650,599.990,1035.410,125.720,0.000,340.800
2410883994,2026-09-24 01:30:00,320,108.040,48.480,21.510,38.040,3.450,0.000,6.800
2410932742,2026-09-24 01:30:00,240,20036.160,11658.090,3721.950,4656.110,5086.670,0.000,5.960
2411087432,2026-09-24 01:30:00,40,3713.950,2304.420,1066.130,343.400,747.520,0.000,31.150
2411087433,2026-09-24 01:30:00,500,860.010,507.950,187.130,164.920,22.510,0.000,779.290
2411290205,2026-09-24 01:30:00,240,9712.960,6532.130,2847.500,333.310,3443.160,0.000,59.540
2510014481,2026-09-24 01:30:00,80,15472.420,9016.410,2981.480,3474.520,5815.560,0.000,5.520
2510014482,2026-09-24 01:30:00,40,1303.080,907.770,358.370,36.930,85.260,0.000,63.610
2510014483,2026-09-24 01:30:00,300,232.180,133.810,51.750,46.600,0.000,0.000,187.520
2510014484,2026-09-24 01:30:00,160,9496.740,5383.290,2101.410,2012.030,1545.240,0.000,21.600
2510178139,2026-09-24 01:30:00,300,839.030,487.800,178.190,173.030,183.610,0.000,14.140
2510178141,2026-09-24 01:30:00,40,671.230,502.860,157.250,11.100,186.770,0.000,47.730
2510203103,2026-09-24 01:30:00,400,1865.940,1110.700,419.620,335.600,65.230,3.580,330.550
2510203104,2026-09-24 01:30:00,120,3057.130,1836.570,716.920,503.630,463.700,0.000,69.190
2510203105,2026-09-24 01:30:00,100,2457.920,1709.350,694.470,54.080,577.620,0.000,70.680
2510203106,2026-09-24 01:30:00,100,99.700,46.140,16.830,36.720,0.410,0.000,37.410
2510203107,2026-09-24 01:30:00,600,674.020,425.190,183.170,65.640,196.850,0.000,12.620
2510203108,2026-09-24 01:30:00,80,4038.380,2275.740,896.630,866.010,631.290,0.000,36.690
2510203109,2026-09-24 01:30:00,160,1541.240,966.740,474.890,99.600,462.710,0.000,87.190
2510203111,2026-09-24 01:30:00,40,3965.690,2503.040,981.100,481.550,1082.200,0.000,12.780
2510203113,2026-09-24 01:30:00,160,4546.080,2899.650,1102.160,544.260,277.440,0.000,111.260
2510203114,2026-09-24 01:30:00,120,1927.300,1210.000,476.240,241.050,388.680,0.000,33.730
2510203117,2026-09-24 01:30:00,80,1669.780,890.420,361.920,417.420,284.780,0.000,166.700
2510203118,2026-09-24 01:30:00,640,198.010,114.500,44.620,38.890,26.990,0.010,115.980
2510203119,2026-09-24 01:30:00,40,480.840,323.310,123.490,34.030,180.180,0.000,14.800
2510203120,2026-09-24 01:30:00,160,4363.170,2678.820,961.650,722.690,1014.110,0.000,14.900
2510203121,2026-09-24 01:30:00,100,1304.040,765.480,305.510,233.030,71.900,0.000,107.960
2510203122,2026-09-24 01:30:00,40,948.770,601.660,297.640,49.460,693.880,0.000,0.710
2510203123,2026-09-24 01:30:00,40,2684.520,1769.680,733.260,181.570,853.450,0.000,11.830
2510203124,2026-09-24 01:30:00,800,1200.060,850.250,289.440,60.360,339.080,0.000,0.360
2510203126,2026-09-24 01:30:00,100,17.020,7.820,2.420,6.770,0.440,0.000,1.360
2510203127,2026-09-24 01:30:00,40,1293.440,844.320,344.750,104.360,375.990,0.000,49.250
2510203128,2026-09-24 01:30:00,500,8040.100,4220.040,1416.510,2403.540,375.070,0.000,112.570
2510203129,2026-09-24 01:30:00,80,7.140,3.750,1.350,2.040,0.000,0.000,1.670
2510203130,2026-09-24 01:30:00,120,33.590,24.160,6.890,2.520,9.730,0.000,0.510
2510203133,2026-09-24 01:30:00,40,672.230,457.780,169.670,44.780,114.680,0.000,47.680
2510203134,2026-09-24 01:30:00,200,141.920,83.030,32.740,26.140,6.060,0.000,33.430
2510224049,2026-09-24 01:30:00,1,53740.250,20976.721,10976.270,21787.240,118.600,0.000,9044.900
2510224167,2026-09-24 01:30:00,1,21025.670,9317.640,4122.020,7586.000,904.010,0.000,5710.250
2510317505,2026-09-24 01:30:00,1,15329.900,6729.020,3249.980,5350.880,0.740,0.000,4576.120
2510317537,2026-09-24 01:30:00,1,11883.860,6822.850,2245.800,2815.200,218.560,1427.680,2156.610
2510389559,2026-09-24 01:30:00,1,36.870,20.630,14.320,1.910,30.680,0.000,5.910
2510389643,2026-09-24 01:30:00,1,43446.391,15572.340,7781.970,20092.070,22.630,0.000,4122.250
2510389931,2026-09-24 01:30:00,1,31418.141,12008.940,6640.400,12768.790,0.150,0.000,4315.500
2510633381,2026-09-24 01:30:00,320,225.100,140.050,50.650,34.400,6.310,0.000,46.090
2510633383,2026-09-24 01:30:00,40,1744.820,1308.190,402.140,34.480,53.810,0.000,312.390
2510633385,2026-09-24 01:30:00,60,1229.180,579.190,245.240,404.740,48.530,0.000,95.490
2510633386,2026-09-24 01:30:00,500,493.230,280.820,106.410,105.980,30.900,0.000,2765.450
2510633387,2026-09-24 01:30:00,40,25.990,17.470,6.310,2.210,0.840,0.000,3.400
2510633389,2026-09-24 01:30:00,500,533.430,361.640,124.480,47.300,100.680,0.000,102.540
2510633390,2026-09-24 01:30:00,80,2192.490,1313.980,484.290,394.200,570.530,0.000,6.350
2510633391,2026-09-24 01:30:00,100,254.300,196.370,57.820,0.100,3.450,0.000,1.940
2510633393,2026-09-24 01:30:00,600,6016.130,3501.270,1196.110,1318.740,1283.150,0.000,0.480
2510633395,2026-09-24 01:30:00,40,1300.980,732.580,283.550,284.840,61.340,0.000,39.160
2510633396,2026-09-24 01:30:00,400,925.830,627.790,218.180,79.850,212.570,0.000,0.170
2510633397,2026-09-24 01:30:00,240,569.960,364.570,172.970,32.410,216.010,0.000,18.140
2510633399,2026-09-24 01:30:00,600,1171.380,673.790,251.940,245.650,58.820,0.000,57.110
2510633400,2026-09-24 01:30:00,800,772.680,469.050,179.580,124.040,170.150,0.000,28.000
2510633402,2026-09-24 01:30:00,300,586.190,352.530,124.610,109.040,146.510,0.000,10.400
2510633406,2026-09-24 01:30:00,60,364.580,165.980,70.990,127.600,19.800,0.000,99.110
2510633411,2026-09-24 01:30:00,800,4820.140,2749.980,1007.140,1063.010,1713.740,0.000,29.340
2510814977,2026-09-24 01:30:00,400,52.260,32.210,12.350,7.690,1.840,0.000,10.680
2610026950,2026-09-24 01:30:00,600,15.650,10.020,3.610,2.010,1.420,0.000,3.170
2610026952,2026-09-24 01:30:00,200,3646.830,2366.500,1050.070,230.260,1838.600,0.000,9.810
2610026953,2026-09-24 01:30:00,700,686.880,404.990,155.010,126.870,201.010,0.000,0.670
2610026963,2026-09-24 01:30:00,200,382.640,197.500,94.500,90.630,23.710,2.230,97.150
2610026966,2026-09-24 01:30:00,240,971.200,697.140,240.820,33.230,200.560,0.000,0.000
2610026976,2026-09-24 01:30:00,60,1510.180,983.240,338.810,188.120,148.080,0.000,27.060
2610026977,2026-09-24 01:30:00,30,642.910,268.250,101.120,273.530,110.770,0.000,29.220
2610126270,2026-09-24 01:30:00,400,28.460,18.050,6.720,3.680,1.060,0.000,8.140
2610126451,2026-09-24 01:30:00,300,113.190,73.440,27.600,12.130,55.870,0.000,0.280
2610159557,2026-09-24 01:30:00,600,18.570,10.760,4.060,3.730,0.230,0.000,10.750
2610170785,2026-09-24 01:30:00,640,10.030,6.720,2.880,0.420,10.850,0.000,0.000
2610170786,2026-09-24 01:30:00,500,654.240,370.820,128.370,155.040,130.090,0.000,2.940
2610170836,2026-09-24 01:30:00,100,125.850,78.700,28.530,18.610,70.390,0.000,0.590
2610170837,2026-09-24 01:30:00,240,12.740,8.260,2.800,1.670,1.590,0.000,0.170
2610170838,2026-09-24 01:30:00,240,34.570,21.900,7.710,4.950,3.820,0.000,0.350
2610170839,2026-09-24 01:30:00,400,5.850,3.630,1.600,0.620,1.560,0.000,0.280
2610170840,2026-09-24 01:30:00,40,327.550,187.240,63.820,76.480,68.780,0.000,31.780
2610322967,2026-09-24 01:30:00,500,4.020,2.430,1.010,0.570,0.540,0.000,0.020
2610322969,2026-09-24 01:30:00,100,111.940,78.330,26.660,6.940,14.690,0.000,2.090
2610322982,2026-09-24 01:30:00,160,5.270,3.200,1.120,0.950,0.000,0.000,2.520
2610322992,2026-09-24 01:30:00,320,95.000,63.420,28.280,3.290,24.480,0.000,0.010
2610322995,2026-09-24 01:30:00,40,5.890,3.560,1.230,1.090,0.000,0.000,3.460
2610322997,2026-09-24 01:30:00,400,598.490,350.150,136.250,112.080,228.010,0.000,0.590
2610323001,2026-09-24 01:30:00,160,1910.900,1133.380,510.690,266.820,870.030,0.000,0.000
2610323004,2026-09-24 01:30:00,3000,98.390,74.490,12.860,11.030,22.790,0.000,2.180
2610323005,2026-09-24 01:30:00,120,12.430,8.390,3.160,0.870,1.640,0.000,0.920
2610323010,2026-09-24 01:30:00,60,18.790,12.510,4.540,1.740,1.560,0.000,4.890
2610323016,2026-09-24 01:30:00,160,1683.280,929.930,368.650,384.700,758.970,0.000,0.000
2610323017,2026-09-24 01:30:00,60,7.550,4.560,1.600,1.380,0.000,0.000,3.910
2610323019,2026-09-24 01:30:00,80,51.450,32.420,11.250,7.780,3.040,0.000,12.430
2610323027,2026-09-24 01:30:00,60,7.830,4.780,1.650,1.390,0.000,0.000,4.010
2410883990,2026-09-24 01:32:00,60,3000.190,1720.920,640.200,639.060,889.120,0.000,38.530
2246006313,2026-09-24 02:00:00,8800,953.026,537.380,197.339,218.307,127.880,8.999,180.553
2410121353,2026-09-24 02:00:00,120,725.010,502.870,197.830,24.300,161.390,0.000,15.480
2410121371,2026-09-24 02:00:00,120,608.460,377.670,133.710,97.070,72.110,0.000,29.640
2410121424,2026-09-24 02:00:00,120,48.360,29.710,11.240,7.390,1.600,0.000,17.960
2410121440,2026-09-24 02:00:00,120,22.400,14.900,4.420,3.070,2.690,0.000,6.090
2410121454,2026-09-24 02:00:00,160,2063.010,1302.630,445.040,315.330,335.660,0.000,76.690
2410121457,2026-09-24 02:00:00,120,1874.120,1192.110,521.570,160.430,354.410,0.000,42.560
2410121574,2026-09-24 02:00:00,120,4925.880,3554.660,1146.230,224.980,426.220,0.000,381.820
2410131378,2026-09-24 02:00:00,200,1867.530,1202.120,519.860,145.540,410.100,0.000,9.710
2410131383,2026-09-24 02:00:00,400,1069.210,708.270,228.400,132.540,48.270,0.000,65.760
2410131384,2026-09-24 02:00:00,200,9857.180,5591.900,1984.370,2280.900,2055.850,0.000,4.900
2410131387,2026-09-24 02:00:00,600,552.630,345.700,131.880,75.040,57.790,0.000,59.090
2410883988,2026-09-24 02:00:00,100,37.080,18.990,5.510,12.580,3.520,0.000,2.200
2410883990,2026-09-24 02:00:00,60,3000.210,1720.920,640.200,639.080,889.120,0.000,38.530
2410883991,2026-09-24 02:00:00,100,2742.970,1651.030,617.240,474.690,257.030,0.260,74.290
2410883993,2026-09-24 02:00:00,60,3167.340,1531.650,599.990,1035.690,125.720,0.000,340.840
2410883994,2026-09-24 02:00:00,320,108.050,48.480,21.510,38.040,3.450,0.000,6.800
2410932742,2026-09-24 02:00:00,240,20037.080,11658.090,3721.950,4657.020,5086.940,0.000,5.960
2411087432,2026-09-24 02:00:00,40,3714.110,2304.420,1066.130,343.560,747.520,0.000,31.150
2411087433,2026-09-24 02:00:00,500,860.190,507.950,187.130,165.100,22.530,0.000,779.290
2411290205,2026-09-24 02:00:00,240,9713.000,6532.130,2847.500,333.360,3443.160,0.000,59.540
2510014481,2026-09-24 02:00:00,80,15473.060,9016.410,2981.480,3475.150,5815.800,0.000,5.520
2510014482,2026-09-24 02:00:00,40,1303.090,907.770,358.370,36.940,85.260,0.000,63.610
2510014483,2026-09-24 02:00:00,300,232.190,133.810,51.750,46.620,0.000,0.000,187.530
2510014484,2026-09-24 02:00:00,160,9497.320,5383.290,2101.410,2012.610,1545.430,0.000,21.600
2510178139,2026-09-24 02:00:00,300,839.050,487.800,178.190,173.050,183.610,0.000,14.140
2510178141,2026-09-24 02:00:00,40,671.230,502.860,157.250,11.110,186.770,0.000,47.740
2510203103,2026-09-24 02:00:00,400,1865.980,1110.700,419.620,335.640,65.230,3.580,330.550
2510203104,2026-09-24 02:00:00,120,3057.260,1836.570,716.920,503.770,463.730,0.000,69.190
2510203105,2026-09-24 02:00:00,100,2457.930,1709.350,694.470,54.090,577.630,0.000,70.680
2510203106,2026-09-24 02:00:00,100,99.710,46.140,16.830,36.730,0.410,0.000,37.410
2510203107,2026-09-24 02:00:00,600,674.130,425.190,183.170,65.760,196.870,0.000,12.620
2510203108,2026-09-24 02:00:00,80,4038.670,2275.740,896.630,866.300,631.320,0.000,36.690
2510203109,2026-09-24 02:00:00,160,1541.260,966.740,474.890,99.620,462.710,0.000,87.190
2510203111,2026-09-24 02:00:00,40,3965.700,2503.040,981.100,481.560,1082.200,0.000,12.780
2510203113,2026-09-24 02:00:00,160,4546.290,2899.650,1102.160,544.470,277.450,0.000,111.260
2510203114,2026-09-24 02:00:00,120,1927.390,1210.000,476.240,241.140,388.700,0.000,33.730
2510203117,2026-09-24 02:00:00,80,1669.850,890.420,361.920,417.490,284.780,0.000,166.720
2510203118,2026-09-24 02:00:00,640,198.030,114.500,44.620,38.910,26.990,0.010,116.000
2510203119,2026-09-24 02:00:00,40,480.840,323.310,123.490,34.030,180.180,0.000,14.800
2510203120,2026-09-24 02:00:00,160,4363.420,2678.820,961.650,722.940,1014.210,0.000,14.900
2510203121,2026-09-24 02:00:00,100,1304.070,765.480,305.510,233.060,71.900,0.000,107.970
2510203122,2026-09-24 02:00:00,40,948.780,601.660,297.640,49.470,693.880,0.000,0.710
2510203123,2026-09-24 02:00:00,40,2684.520,1769.680,733.260,181.570,853.450,0.000,11.830
2510203126,2026-09-24 02:00:00,100,17.030,7.820,2.420,6.780,0.440,0.000,1.360
2510203127,2026-09-24 02:00:00,40,1293.450,844.320,344.750,104.370,375.990,0.000,49.260
2510203128,2026-09-24 02:00:00,500,8040.780,4220.040,1416.510,2404.220,375.120,0.000,112.570
2510203129,2026-09-24 02:00:00,80,7.140,3.750,1.350,2.040,0.000,0.000,1.670
2510203130,2026-09-24 02:00:00,120,33.590,24.160,6.890,2.520,9.730,0.000,0.520
2510203133,2026-09-24 02:00:00,40,672.240,457.780,169.670,44.790,114.680,0.000,47.680
2510203134,2026-09-24 02:00:00,200,141.920,83.030,32.740,26.140,6.060,0.000,33.430
2510224049,2026-09-24 02:00:00,1,53743.672,20976.721,10976.270,21790.670,118.600,0.000,9045.930
2510224167,2026-09-24 02:00:00,1,21027.051,9317.640,4122.020,7587.370,904.010,0.000,5711.220
2510317505,2026-09-24 02:00:00,1,15331.760,6729.020,3249.980,5352.750,0.740,0.000,4577.020
2510317537,2026-09-24 02:00:00,1,11884.720,6822.850,2245.800,2816.060,218.560,1427.680,2156.750
2510389559,2026-09-24 02:00:00,1,36.870,20.630,14.320,1.910,30.680,0.000,5.910
2510389643,2026-09-24 02:00:00,1,43450.070,15572.340,7781.970,20095.750,22.630,0.000,4122.880
2510389931,2026-09-24 02:00:00,1,31421.131,12008.940,6640.400,12771.780,0.150,0.000,4315.830
2510633381,2026-09-24 02:00:00,320,225.120,140.050,50.650,34.410,6.310,0.000,46.090
2510633383,2026-09-24 02:00:00,40,1744.830,1308.190,402.140,34.490,53.810,0.000,312.420
2510633385,2026-09-24 02:00:00,60,1229.270,579.190,245.240,404.840,48.530,0.000,95.500
2510633386,2026-09-24 02:00:00,500,493.300,280.820,106.410,106.060,30.900,0.000,2765.790
2510633387,2026-09-24 02:00:00,40,25.990,17.470,6.310,2.210,0.840,0.000,3.400
2510633389,2026-09-24 02:00:00,500,533.590,361.640,124.480,47.450,100.680,0.000,102.560
2510633390,2026-09-24 02:00:00,80,2192.980,1313.980,484.290,394.700,570.690,0.000,6.350
2510633391,2026-09-24 02:00:00,100,254.300,196.370,57.820,0.100,3.450,0.000,1.940
2510633393,2026-09-24 02:00:00,600,6016.490,3501.270,1196.110,1319.100,1283.230,0.000,0.480
2510633395,2026-09-24 02:00:00,40,1300.980,732.580,283.550,284.840,61.340,0.000,39.160
2510633396,2026-09-24 02:00:00,400,925.910,627.790,218.180,79.930,212.620,0.000,0.170
2510633397,2026-09-24 02:00:00,240,569.970,364.570,172.970,32.420,216.010,0.000,18.140
2510633399,2026-09-24 02:00:00,600,1171.480,673.790,251.940,245.750,58.820,0.000,57.110
2510633400,2026-09-24 02:00:00,800,772.850,469.050,179.580,124.210,170.220,0.000,28.000
2510633402,2026-09-24 02:00:00,300,586.410,352.530,124.610,109.260,146.590,0.000,10.400
2510633406,2026-09-24 02:00:00,60,364.600,165.980,70.990,127.620,19.800,0.000,99.120
2510633411,2026-09-24 02:00:00,800,4820.750,2749.980,1007.140,1063.630,1713.990,0.000,29.340
2510814977,2026-09-24 02:00:00,400,52.260,32.210,12.350,7.690,1.840,0.000,10.690
2610026950,2026-09-24 02:00:00,600,15.650,10.020,3.610,2.010,1.420,0.000,3.170
2610026952,2026-09-24 02:00:00,200,3647.360,2366.500,1050.070,230.780,1838.950,0.000,9.810
2610026953,2026-09-24 02:00:00,700,687.050,404.990,155.010,127.040,201.080,0.000,0.670
2610026963,2026-09-24 02:00:00,200,382.680,197.500,94.500,90.670,23.710,2.230,97.180
2610026966,2026-09-24 02:00:00,240,971.210,697.140,240.820,33.250,200.560,0.000,0.000
2610026976,2026-09-24 02:00:00,60,1510.360,983.240,338.810,188.300,148.100,0.000,27.060
2610026977,2026-09-24 02:00:00,30,643.010,268.250,101.120,273.630,110.770,0.000,29.230
2610126451,2026-09-24 02:00:00,300,113.190,73.440,27.600,12.140,55.870,0.000,0.280
2610159557,2026-09-24 02:00:00,600,18.570,10.760,4.060,3.730,0.230,0.000,10.750
2610170786,2026-09-24 02:00:00,500,654.470,370.820,128.370,155.260,130.130,0.000,2.940
2610170836,2026-09-24 02:00:00,100,125.850,78.700,28.530,18.610,70.390,0.000,0.590
2610170837,2026-09-24 02:00:00,240,12.740,8.260,2.800,1.670,1.590,0.000,0.170
2610170838,2026-09-24 02:00:00,240,34.580,21.900,7.710,4.960,3.820,0.000,0.350
2610170839,2026-09-24 02:00:00,400,5.860,3.630,1.600,0.620,1.560,0.000,0.280
2610170840,2026-09-24 02:00:00,40,327.630,187.240,63.820,76.550,68.780,0.000,31.790
2610322967,2026-09-24 02:00:00,500,4.020,2.430,1.010,0.570,0.540,0.000,0.020
2610322969,2026-09-24 02:00:00,100,111.960,78.330,26.660,6.960,14.690,0.000,2.090
2610322982,2026-09-24 02:00:00,160,5.270,3.200,1.120,0.950,0.000,0.000,2.530
2610322992,2026-09-24 02:00:00,320,95.070,63.420,28.280,3.360,24.480,0.000,0.010
2610322997,2026-09-24 02:00:00,400,598.760,350.150,136.250,112.350,228.160,0.000,0.590
2610323001,2026-09-24 02:00:00,160,1911.420,1133.380,510.690,267.340,870.300,0.000,0.000
2610323004,2026-09-24 02:00:00,3000,98.400,74.490,12.860,11.040,22.790,0.000,2.190
2610323005,2026-09-24 02:00:00,120,12.430,8.390,3.160,0.870,1.640,0.000,0.920
2610323010,2026-09-24 02:00:00,60,18.800,12.510,4.540,1.740,1.560,0.000,4.890
2610323016,2026-09-24 02:00:00,160,1683.490,929.930,368.650,384.900,759.030,0.000,0.000
2610323017,2026-09-24 02:00:00,60,7.560,4.560,1.600,1.390,0.000,0.000,3.920
2610323027,2026-09-24 02:00:00,60,7.840,4.780,1.650,1.390,0.000,0.000,4.020
2410121326,2026-09-24 02:01:00,200,1598.010,1030.500,448.430,119.070,377.830,0.000,5.460
2510203124,2026-09-24 02:01:00,800,1200.110,850.250,289.440,60.410,339.100,0.000,0.360
2610126270,2026-09-24 02:01:00,400,28.470,18.050,6.720,3.690,1.060,0.000,8.140
2610170785,2026-09-24 02:01:00,640,10.030,6.720,2.880,0.420,10.850,0.000,0.000
2610322995,2026-09-24 02:01:00,40,5.900,3.560,1.230,1.090,0.000,0.000,3.460
2410320615,2026-09-24 02:02:00,700,15599.160,9564.290,3805.610,2229.250,3856.790,0.000,51.460
2610323019,2026-09-24 02:02:00,80,51.460,32.420,11.250,7.790,3.040,0.000,12.440
2246006313,2026-09-24 02:30:00,8800,953.110,537.380,197.339,218.391,127.896,8.999,180.553
2410121326,2026-09-24 02:30:00,200,1598.050,1030.500,448.430,119.110,377.830,0.000,5.460
2410121353,2026-09-24 02:30:00,120,725.020,502.870,197.830,24.310,161.390,0.000,15.480
2410121371,2026-09-24 02:30:00,120,608.470,377.670,133.710,97.080,72.110,0.000,29.640
2410121424,2026-09-24 02:30:00,120,48.360,29.710,11.240,7.390,1.600,0.000,17.960
2410121440,2026-09-24 02:30:00,120,22.400,14.900,4.420,3.080,2.690,0.000,6.090
2410121454,2026-09-24 02:30:00,160,2063.060,1302.630,445.040,315.380,335.670,0.000,76.690
2410121457,2026-09-24 02:30:00,120,1874.750,1192.110,521.570,161.060,354.520,0.000,42.560
2410121574,2026-09-24 02:30:00,120,4925.940,3554.660,1146.230,225.040,426.220,0.000,381.840
2410131378,2026-09-24 02:30:00,200,1867.530,1202.120,519.860,145.540,410.100,0.000,9.710
2410131383,2026-09-24 02:30:00,400,1069.230,708.270,228.400,132.550,48.270,0.000,65.760
2410131384,2026-09-24 02:30:00,200,9857.490,5591.900,1984.370,2281.220,2055.960,0.000,4.900
2410131387,2026-09-24 02:30:00,600,552.650,345.700,131.880,75.060,57.790,0.000,59.090
2410320615,2026-09-24 02:30:00,700,15599.590,9564.290,3805.610,2229.670,3856.840,0.000,51.460
2410883988,2026-09-24 02:30:00,100,37.090,18.990,5.510,12.580,3.520,0.000,2.200
2410883990,2026-09-24 02:30:00,60,3000.230,1720.920,640.200,639.100,889.120,0.000,38.530
2410883991,2026-09-24 02:30:00,100,2743.030,1651.030,617.240,474.750,257.030,0.260,74.290
2410883993,2026-09-24 02:30:00,60,3167.610,1531.650,599.990,1035.970,125.720,0.000,340.880
2410883994,2026-09-24 02:30:00,320,108.050,48.480,21.510,38.050,3.450,0.000,6.800
2410932742,2026-09-24 02:30:00,240,20037.980,11658.090,3721.950,4657.930,5087.220,0.000,5.960
2411087432,2026-09-24 02:30:00,40,3714.280,2304.420,1066.130,343.720,747.520,0.000,31.150
2411087433,2026-09-24 02:30:00,500,860.370,507.950,187.130,165.280,22.540,0.000,779.300
2411290205,2026-09-24 02:30:00,240,9713.050,6532.130,2847.500,333.410,3443.160,0.000,59.540
2510014481,2026-09-24 02:30:00,80,15473.690,9016.410,2981.480,3475.790,5816.050,0.000,5.520
2510014482,2026-09-24 02:30:00,40,1303.100,907.770,358.370,36.950,85.260,0.000,63.620
2510014484,2026-09-24 02:30:00,160,9497.910,5383.290,2101.410,2013.190,1545.620,0.000,21.600
2510178139,2026-09-24 02:30:00,300,839.070,487.800,178.190,173.070,183.610,0.000,14.140
2510178141,2026-09-24 02:30:00,40,671.240,502.860,157.250,11.110,186.770,0.000,47.740
2510203103,2026-09-24 02:30:00,400,1866.020,1110.700,419.620,335.680,65.230,3.580,330.560
2510203104,2026-09-24 02:30:00,120,3057.400,1836.570,716.920,503.900,463.760,0.000,69.190
2510203105,2026-09-24 02:30:00,100,2457.940,1709.350,694.470,54.100,577.630,0.000,70.680
2510203106,2026-09-24 02:30:00,100,99.730,46.140,16.830,36.740,0.410,0.000,37.420
2510203107,2026-09-24 02:30:00,600,674.240,425.190,183.170,65.870,196.890,0.000,12.620
2510203108,2026-09-24 02:30:00,80,4038.940,2275.740,896.630,866.570,631.350,0.000,36.690
2510203109,2026-09-24 02:30:00,160,1541.270,966.740,474.890,99.630,462.720,0.000,87.190
2510203111,2026-09-24 02:30:00,40,3965.700,2503.040,981.100,481.560,1082.200,0.000,12.780
2510203113,2026-09-24 02:30:00,160,4546.490,2899.650,1102.160,544.670,277.470,0.000,111.260
2510203114,2026-09-24 02:30:00,120,1927.480,1210.000,476.240,241.230,388.710,0.000,33.730
2510203117,2026-09-24 02:30:00,80,1669.920,890.420,361.920,417.560,284.780,0.000,166.740
2510203118,2026-09-24 02:30:00,640,198.050,114.500,44.620,38.930,26.990,0.010,116.020
2510203119,2026-09-24 02:30:00,40,480.840,323.310,123.490,34.030,180.180,0.000,14.800
2510203120,2026-09-24 02:30:00,160,4363.670,2678.820,961.650,723.190,1014.300,0.000,14.900
2510203121,2026-09-24 02:30:00,100,1304.100,765.480,305.510,233.090,71.900,0.000,107.980
2510203122,2026-09-24 02:30:00,40,948.790,601.660,297.640,49.480,693.890,0.000,0.710
2510203123,2026-09-24 02:30:00,40,2684.520,1769.680,733.260,181.570,853.450,0.000,11.830
2510203124,2026-09-24 02:30:00,800,1200.150,850.250,289.440,60.450,339.130,0.000,0.360
2510203126,2026-09-24 02:30:00,100,17.030,7.820,2.420,6.790,0.440,0.000,1.360
2510203127,2026-09-24 02:30:00,40,1293.460,844.320,344.750,104.380,375.990,0.000,49.260
2510203128,2026-09-24 02:30:00,500,8041.440,4220.040,1416.510,2404.880,375.180,0.000,112.570
2510203129,2026-09-24 02:30:00,80,7.150,3.750,1.350,2.050,0.000,0.000,1.670
2510203130,2026-09-24 02:30:00,120,33.590,24.160,6.890,2.520,9.730,0.000,0.520
2510203133,2026-09-24 02:30:00,40,672.250,457.780,169.670,44.790,114.680,0.000,47.690
2510203134,2026-09-24 02:30:00,200,141.920,83.030,32.740,26.150,6.060,0.000,33.430
2510224049,2026-09-24 02:30:00,1,53747.102,20976.721,10976.270,21794.090,118.600,0.000,9046.980
2510224167,2026-09-24 02:30:00,1,21028.420,9317.640,4122.020,7588.750,904.010,0.000,5712.200
2510317505,2026-09-24 02:30:00,1,15333.630,6729.020,3249.980,5354.620,0.740,0.000,4577.910
2510317537,2026-09-24 02:30:00,1,11885.580,6822.850,2245.800,2816.920,218.560,1427.680,2156.890
2510389559,2026-09-24 02:30:00,1,36.870,20.630,14.320,1.910,30.680,0.000,5.910
2510389643,2026-09-24 02:30:00,1,43453.762,15572.340,7781.970,20099.439,22.630,0.000,4123.510
2510389931,2026-09-24 02:30:00,1,31424.100,12008.940,6640.400,12774.760,0.150,0.000,4316.150
2510633381,2026-09-24 02:30:00,320,225.130,140.050,50.650,34.430,6.310,0.000,46.100
2510633383,2026-09-24 02:30:00,40,1744.840,1308.190,402.140,34.500,53.810,0.000,312.450
2510633385,2026-09-24 02:30:00,60,1229.370,579.190,245.240,404.940,48.530,0.000,95.520
2510633386,2026-09-24 02:30:00,500,493.370,280.820,106.410,106.130,30.900,0.000,2766.140
2510633387,2026-09-24 02:30:00,40,25.990,17.470,6.310,2.210,0.840,0.000,3.400
2510633389,2026-09-24 02:30:00,500,533.740,361.640,124.480,47.610,100.680,0.000,102.570
2510633390,2026-09-24 02:30:00,80,2193.490,1313.980,484.290,395.210,570.840,0.000,6.350
2510633391,2026-09-24 02:30:00,100,254.300,196.370,57.820,0.100,3.450,0.000,1.940
2510633393,2026-09-24 02:30:00,600,6016.860,3501.270,1196.110,1319.470,1283.320,0.000,0.480
2510633395,2026-09-24 02:30:00,40,1300.980,732.580,283.550,284.840,61.340,0.000,39.160
2510633396,2026-09-24 02:30:00,400,926.000,627.790,218.180,80.020,212.670,0.000,0.170
2510633397,2026-09-24 02:30:00,240,569.990,364.570,172.970,32.440,216.010,0.000,18.150
2510633400,2026-09-24 02:30:00,800,773.020,469.050,179.580,124.380,170.290,0.000,28.000
2510633402,2026-09-24 02:30:00,300,586.630,352.530,124.610,109.480,146.660,0.000,10.400
2510633406,2026-09-24 02:30:00,60,364.620,165.980,70.990,127.650,19.800,0.000,99.140
2510633411,2026-09-24 02:30:00,800,4821.390,2749.980,1007.140,1064.260,1714.250,0.000,29.340
2510814977,2026-09-24 02:30:00,400,52.260,32.210,12.350,7.690,1.840,0.000,10.690
2610026950,2026-09-24 02:30:00,600,15.650,10.020,3.610,2.010,1.420,0.000,3.170
2610026952,2026-09-24 02:30:00,200,3647.840,2366.500,1050.070,231.260,1839.270,0.000,9.810
2610026953,2026-09-24 02:30:00,700,687.210,404.990,155.010,127.200,201.160,0.000,0.670
2610026963,2026-09-24 02:30:00,200,382.720,197.500,94.500,90.710,23.710,2.230,97.200
2610026966,2026-09-24 02:30:00,240,971.230,697.140,240.820,33.260,200.570,0.000,0.000
2610026976,2026-09-24 02:30:00,60,1510.520,983.240,338.810,188.470,148.110,0.000,27.060
2610126270,2026-09-24 02:30:00,400,28.470,18.050,6.720,3.690,1.060,0.000,8.140
2610126451,2026-09-24 02:30:00,300,113.200,73.440,27.600,12.150,55.870,0.000,0.280
2610159557,2026-09-24 02:30:00,600,18.570,10.760,4.060,3.740,0.230,0.000,10.750
2610170785,2026-09-24 02:30:00,640,10.030,6.720,2.880,0.420,10.850,0.000,0.000
2610170786,2026-09-24 02:30:00,500,654.760,370.820,128.370,155.560,130.200,0.000,2.940
2610170836,2026-09-24 02:30:00,100,125.850,78.700,28.530,18.610,70.390,0.000,0.590
2610170837,2026-09-24 02:30:00,240,12.740,8.260,2.800,1.670,1.590,0.000,0.170
2610170838,2026-09-24 02:30:00,240,34.580,21.900,7.710,4.960,3.820,0.000,0.350
2610170839,2026-09-24 02:30:00,400,5.860,3.630,1.600,0.630,1.560,0.000,0.280
2610170840,2026-09-24 02:30:00,40,327.710,187.240,63.820,76.630,68.780,0.000,31.800
2610322967,2026-09-24 02:30:00,500,4.020,2.430,1.010,0.570,0.540,0.000,0.020
2610322969,2026-09-24 02:30:00,100,111.980,78.330,26.660,6.980,14.690,0.000,2.100
2610322982,2026-09-24 02:30:00,160,5.280,3.200,1.120,0.960,0.000,0.000,2.530
2610322992,2026-09-24 02:30:00,320,95.130,63.420,28.280,3.430,24.490,0.000,0.010
2610322995,2026-09-24 02:30:00,40,5.900,3.560,1.230,1.100,0.000,0.000,3.470
2610322997,2026-09-24 02:30:00,400,599.020,350.150,136.250,112.610,228.300,0.000,0.590
2610323001,2026-09-24 02:30:00,160,1912.000,1133.380,510.690,267.920,870.590,0.000,0.000
2610323004,2026-09-24 02:30:00,3000,98.400,74.490,12.860,11.040,22.790,0.000,2.190
2610323005,2026-09-24 02:30:00,120,12.430,8.390,3.160,0.880,1.640,0.000,0.920
2610323016,2026-09-24 02:30:00,160,1683.710,929.930,368.650,385.130,759.110,0.000,0.000
2610323017,2026-09-24 02:30:00,60,7.570,4.560,1.600,1.400,0.000,0.000,3.920
2610323019,2026-09-24 02:30:00,80,51.480,32.420,11.250,7.800,3.040,0.000,12.440
2610323027,2026-09-24 02:30:00,60,7.850,4.780,1.650,1.400,0.000,0.000,4.020
2510014483,2026-09-24 02:31:00,300,232.200,133.810,51.750,46.630,0.000,0.000,187.540
2510633399,2026-09-24 02:31:00,600,1171.600,673.790,251.940,245.870,58.820,0.000,57.110
2610026977,2026-09-24 02:31:00,30,643.110,268.250,101.120,273.740,110.770,0.000,29.260
2610323010,2026-09-24 02:31:00,60,18.810,12.510,4.540,1.750,1.560,0.000,4.900
2246006313,2026-09-24 03:00:00,8800,953.193,537.380,197.339,218.474,127.912,8.999,180.553
2410121326,2026-09-24 03:00:00,200,1598.090,1030.500,448.430,119.150,377.830,0.000,5.460
2410121353,2026-09-24 03:00:00,120,725.030,502.870,197.830,24.320,161.390,0.000,15.480
2410121371,2026-09-24 03:00:00,120,608.480,377.670,133.710,97.090,72.110,0.000,29.640
2410121424,2026-09-24 03:00:00,120,48.360,29.710,11.240,7.400,1.600,0.000,17.960
2410121440,2026-09-24 03:00:00,120,22.410,14.900,4.420,3.080,2.690,0.000,6.090
2410121454,2026-09-24 03:00:00,160,2063.100,1302.630,445.040,315.430,335.680,0.000,76.690
2410121574,2026-09-24 03:00:00,120,4925.990,3554.660,1146.230,225.090,426.220,0.000,381.860
2410131378,2026-09-24 03:00:00,200,1867.540,1202.120,519.860,145.550,410.100,0.000,9.720
2410131383,2026-09-24 03:00:00,400,1069.250,708.270,228.400,132.570,48.270,0.000,65.760
2410131384,2026-09-24 03:00:00,200,9857.810,5591.900,1984.370,2281.530,2056.060,0.000,4.900
2410131387,2026-09-24 03:00:00,600,552.670,345.700,131.880,75.080,57.790,0.000,59.090
2410320615,2026-09-24 03:00:00,700,15600.050,9564.290,3805.610,2230.140,3856.900,0.000,51.460
2410883988,2026-09-24 03:00:00,100,37.100,18.990,5.510,12.590,3.520,0.000,2.210
2410883990,2026-09-24 03:00:00,60,3000.250,1720.920,640.200,639.120,889.120,0.000,38.530
2410883991,2026-09-24 03:00:00,100,2743.080,1651.030,617.240,474.800,257.030,0.260,74.290
2410883993,2026-09-24 03:00:00,60,3167.890,1531.650,599.990,1036.240,125.720,0.000,340.920
2410883994,2026-09-24 03:00:00,320,108.060,48.480,21.510,38.050,3.450,0.000,6.800
2410932742,2026-09-24 03:00:00,240,20038.850,11658.090,3721.950,4658.800,5087.490,0.000,5.960
2411087432,2026-09-24 03:00:00,40,3714.440,2304.420,1066.130,343.880,747.520,0.000,31.150
2411087433,2026-09-24 03:00:00,500,860.540,507.950,187.130,165.450,22.550,0.000,779.300
2411290205,2026-09-24 03:00:00,240,9713.100,6532.130,2847.500,333.460,3443.170,0.000,59.540
2510014481,2026-09-24 03:00:00,80,15474.330,9016.410,2981.480,3476.420,5816.290,0.000,5.520
2510014482,2026-09-24 03:00:00,40,1303.100,907.770,358.370,36.950,85.260,0.000,63.620
2510014483,2026-09-24 03:00:00,300,232.210,133.810,51.750,46.640,0.000,0.000,187.550
2510014484,2026-09-24 03:00:00,160,9498.490,5383.290,2101.410,2013.770,1545.800,0.000,21.600
2510178139,2026-09-24 03:00:00,300,839.080,487.800,178.190,173.090,183.610,0.000,14.140
2510178141,2026-09-24 03:00:00,40,671.240,502.860,157.250,11.110,186.770,0.000,47.750
2510203103,2026-09-24 03:00:00,400,1866.060,1110.700,419.620,335.720,65.230,3.580,330.560
2510203104,2026-09-24 03:00:00,120,3057.530,1836.570,716.920,504.030,463.790,0.000,69.190
2510203105,2026-09-24 03:00:00,100,2457.950,1709.350,694.470,54.110,577.630,0.000,70.680
2510203106,2026-09-24 03:00:00,100,99.740,46.140,16.830,36.760,0.410,0.000,37.420
2510203107,2026-09-24 03:00:00,600,674.360,425.190,183.170,65.980,196.910,0.000,12.620
2510203108,2026-09-24 03:00:00,80,4039.200,2275.740,896.630,866.830,631.370,0.000,36.690
2510203109,2026-09-24 03:00:00,160,1541.290,966.740,474.890,99.650,462.720,0.000,87.190
2510203113,2026-09-24 03:00:00,160,4546.690,2899.650,1102.160,544.870,277.480,0.000,111.260
2510203114,2026-09-24 03:00:00,120,1927.570,1210.000,476.240,241.320,388.720,0.000,33.730
2510203117,2026-09-24 03:00:00,80,1669.990,890.420,361.920,417.630,284.780,0.000,166.760
2510203119,2026-09-24 03:00:00,40,480.840,323.310,123.490,34.030,180.180,0.000,14.800
2510203120,2026-09-24 03:00:00,160,4363.920,2678.820,961.650,723.440,1014.390,0.000,14.900
2510203121,2026-09-24 03:00:00,100,1304.130,765.480,305.510,233.130,71.900,0.000,107.990
2510203122,2026-09-24 03:00:00,40,948.800,601.660,297.640,49.490,693.890,0.000,0.710
2510203123,2026-09-24 03:00:00,40,2684.530,1769.680,733.260,181.580,853.450,0.000,11.830
2510203124,2026-09-24 03:00:00,800,1200.200,850.250,289.440,60.500,339.150,0.000,0.360
2510203126,2026-09-24 03:00:00,100,17.040,7.820,2.420,6.790,0.440,0.000,1.360
2510203127,2026-09-24 03:00:00,40,1293.470,844.320,344.750,104.380,375.990,0.000,49.260
2510203128,2026-09-24 03:00:00,500,8042.100,4220.040,1416.510,2405.540,375.230,0.000,112.570
2510203129,2026-09-24 03:00:00,80,7.150,3.750,1.350,2.050,0.000,0.000,1.670
2510203130,2026-09-24 03:00:00,120,33.590,24.160,6.890,2.530,9.730,0.000,0.520
2510203133,2026-09-24 03:00:00,40,672.250,457.780,169.670,44.800,114.680,0.000,47.690
2510203134,2026-09-24 03:00:00,200,141.930,83.030,32.740,26.150,6.060,0.000,33.430
2510224049,2026-09-24 03:00:00,1,53750.512,20976.721,10976.270,21797.510,118.600,0.000,9048.020
2510224167,2026-09-24 03:00:00,1,21029.801,9317.640,4122.020,7590.120,904.010,0.000,5713.170
2510317505,2026-09-24 03:00:00,1,15335.500,6729.020,3249.980,5356.490,0.740,0.000,4578.810
2510317537,2026-09-24 03:00:00,1,11886.440,6822.850,2245.800,2817.780,218.560,1427.680,2157.040
2510389559,2026-09-24 03:00:00,1,36.870,20.630,14.320,1.910,30.680,0.000,5.910
2510389643,2026-09-24 03:00:00,1,43457.441,15572.340,7781.970,20103.131,22.630,0.000,4124.140
2510389931,2026-09-24 03:00:00,1,31427.080,12008.940,6640.400,12777.740,0.150,0.000,4316.480
2510633381,2026-09-24 03:00:00,320,225.150,140.050,50.650,34.440,6.310,0.000,46.100
2510633383,2026-09-24 03:00:00,40,1744.850,1308.190,402.140,34.510,53.810,0.000,312.480
2510633385,2026-09-24 03:00:00,60,1229.470,579.190,245.240,405.030,48.530,0.000,95.540
2510633387,2026-09-24 03:00:00,40,25.990,17.470,6.310,2.210,0.840,0.000,3.400
2510633389,2026-09-24 03:00:00,500,533.870,361.640,124.480,47.740,100.680,0.000,102.590
2510633390,2026-09-24 03:00:00,80,2193.940,1313.980,484.290,395.650,570.950,0.000,6.350
2510633391,2026-09-24 03:00:00,100,254.300,196.370,57.820,0.100,3.450,0.000,1.940
2510633393,2026-09-24 03:00:00,600,6017.240,3501.270,1196.110,1319.850,1283.390,0.000,0.480
2510633395,2026-09-24 03:00:00,40,1300.980,732.580,283.550,284.840,61.340,0.000,39.160
2510633396,2026-09-24 03:00:00,400,926.080,627.790,218.180,80.100,212.720,0.000,0.170
2510633397,2026-09-24 03:00:00,240,570.000,364.570,172.970,32.450,216.010,0.000,18.150
2510633399,2026-09-24 03:00:00,600,1171.700,673.790,251.940,245.970,58.820,0.000,57.110
2510633400,2026-09-24 03:00:00,800,773.190,469.050,179.580,124.550,170.360,0.000,28.000
2510633402,2026-09-24 03:00:00,300,586.850,352.530,124.610,109.700,146.730,0.000,10.400
2510633406,2026-09-24 03:00:00,60,364.640,165.980,70.990,127.670,19.800,0.000,99.160
2510633411,2026-09-24 03:00:00,800,4822.010,2749.980,1007.140,1064.880,1714.510,0.000,29.340
2510814977,2026-09-24 03:00:00,400,52.270,32.210,12.350,7.690,1.840,0.000,10.690
2610026950,2026-09-24 03:00:00,600,15.650,10.020,3.610,2.010,1.420,0.000,3.170
2610026952,2026-09-24 03:00:00,200,3648.320,2366.500,1050.070,231.740,1839.590,0.000,9.810
2610026953,2026-09-24 03:00:00,700,687.380,404.990,155.010,127.360,201.230,0.000,0.670
2610026963,2026-09-24 03:00:00,200,382.770,197.500,94.500,90.760,23.710,2.230,97.220
2610026966,2026-09-24 03:00:00,240,971.240,697.140,240.820,33.270,200.580,0.000,0.000
2610026976,2026-09-24 03:00:00,60,1510.680,983.240,338.810,188.620,148.120,0.000,27.060
2610026977,2026-09-24 03:00:00,30,643.220,268.250,101.120,273.840,110.780,0.000,29.270
2610126270,2026-09-24 03:00:00,400,28.480,18.050,6.720,3.700,1.060,0.000,8.150
2610126451,2026-09-24 03:00:00,300,113.210,73.440,27.600,12.150,55.870,0.000,0.280
2610159557,2026-09-24 03:00:00,600,18.570,10.760,4.060,3.740,0.230,0.000,10.760
2610170785,2026-09-24 03:00:00,640,10.030,6.720,2.880,0.420,10.850,0.000,0.000
2610170786,2026-09-24 03:00:00,500,654.980,370.820,128.370,155.780,130.240,0.000,2.940
2610170837,2026-09-24 03:00:00,240,12.740,8.260,2.800,1.670,1.590,0.000,0.170
2610170838,2026-09-24 03:00:00,240,34.590,21.900,7.710,4.960,3.820,0.000,0.350
2610170839,2026-09-24 03:00:00,400,5.860,3.630,1.600,0.630,1.560,0.000,0.290
2610170840,2026-09-24 03:00:00,40,327.780,187.240,63.820,76.700,68.780,0.000,31.800
2610322967,2026-09-24 03:00:00,500,4.020,2.430,1.010,0.570,0.540,0.000,0.020
2610322969,2026-09-24 03:00:00,100,112.000,78.330,26.660,7.000,14.690,0.000,2.100
2610322982,2026-09-24 03:00:00,160,5.280,3.200,1.120,0.960,0.000,0.000,2.540
2610322992,2026-09-24 03:00:00,320,95.200,63.420,28.280,3.500,24.500,0.000,0.010
2610322995,2026-09-24 03:00:00,40,5.910,3.560,1.230,1.100,0.000,0.000,3.470
2610322997,2026-09-24 03:00:00,400,599.280,350.150,136.250,112.860,228.430,0.000,0.590
2610323001,2026-09-24 03:00:00,160,1912.570,1133.380,510.690,268.500,870.870,0.000,0.000
2610323004,2026-09-24 03:00:00,3000,98.410,74.490,12.860,11.050,22.790,0.000,2.200
2610323005,2026-09-24 03:00:00,120,12.430,8.390,3.160,0.880,1.640,0.000,0.920
2610323010,2026-09-24 03:00:00,60,18.810,12.510,4.540,1.750,1.560,0.000,4.900
2610323016,2026-09-24 03:00:00,160,1683.940,929.930,368.650,385.350,759.180,0.000,0.000
2610323017,2026-09-24 03:00:00,60,7.570,4.560,1.600,1.410,0.000,0.000,3.930
2610323019,2026-09-24 03:00:00,80,51.490,32.420,11.250,7.810,3.040,0.000,12.450
2610323027,2026-09-24 03:00:00,60,7.850,4.780,1.650,1.410,0.000,0.000,4.030
2510203111,2026-09-24 03:01:00,40,3965.700,2503.040,981.100,481.560,1082.200,0.000,12.780
2510203118,2026-09-24 03:01:00,640,198.070,114.500,44.620,38.950,26.990,0.010,116.040
2510633386,2026-09-24 03:01:00,500,493.460,280.820,106.410,106.210,30.900,0.000,2766.500
2410121457,2026-09-24 03:02:00,120,1875.340,1192.110,521.570,161.650,354.560,0.000,42.560
2610170836,2026-09-24 03:03:00,100,125.850,78.700,28.530,18.610,70.390,0.000,0.590
2246006313,2026-09-24 03:30:00,8800,953.273,537.380,197.339,218.553,127.927,8.999,180.553
2410121326,2026-09-24 03:30:00,200,1598.130,1030.500,448.430,119.190,377.830,0.000,5.460
2410121353,2026-09-24 03:30:00,120,725.040,502.870,197.830,24.330,161.390,0.000,15.490
2410121371,2026-09-24 03:30:00,120,608.490,377.670,133.710,97.100,72.110,0.000,29.640
2410121424,2026-09-24 03:30:00,120,48.360,29.710,11.240,7.400,1.600,0.000,17.960
2410121440,2026-09-24 03:30:00,120,22.410,14.900,4.420,3.080,2.690,0.000,6.090
2410121457,2026-09-24 03:30:00,120,1875.850,1192.110,521.570,162.160,354.580,0.000,42.560
2410121574,2026-09-24 03:30:00,120,4926.040,3554.660,1146.230,225.140,426.220,0.000,381.880
2410131383,2026-09-24 03:30:00,400,1069.260,708.270,228.400,132.590,48.270,0.000,65.760
2410131384,2026-09-24 03:30:00,200,9858.130,5591.900,1984.370,2281.850,2056.170,0.000,4.900
2410131387,2026-09-24 03:30:00,600,552.680,345.700,131.880,75.100,57.790,0.000,59.090
2410883988,2026-09-24 03:30:00,100,37.100,18.990,5.510,12.600,3.520,0.000,2.210
2410883990,2026-09-24 03:30:00,60,3000.280,1720.920,640.200,639.150,889.120,0.000,38.530
2410883991,2026-09-24 03:30:00,100,2743.130,1651.030,617.240,474.860,257.030,0.260,74.290
2410883993,2026-09-24 03:30:00,60,3168.170,1531.650,599.990,1036.520,125.730,0.000,340.960
2410883994,2026-09-24 03:30:00,320,108.060,48.480,21.510,38.060,3.450,0.000,6.800
2410932742,2026-09-24 03:30:00,240,20039.750,11658.090,3721.950,4659.700,5087.760,0.000,5.960
2411087432,2026-09-24 03:30:00,40,3714.600,2304.420,1066.130,344.040,747.520,0.000,31.150
2411087433,2026-09-24 03:30:00,500,860.730,507.950,187.130,165.630,22.560,0.000,779.300
2411290205,2026-09-24 03:30:00,240,9713.150,6532.130,2847.500,333.510,3443.170,0.000,59.540
2510014481,2026-09-24 03:30:00,80,15474.950,9016.410,2981.480,3477.050,5816.530,0.000,5.520
2510014483,2026-09-24 03:30:00,300,232.220,133.810,51.750,46.650,0.000,0.000,187.570
2510014484,2026-09-24 03:30:00,160,9499.070,5383.290,2101.410,2014.360,1545.990,0.000,21.600
2510178139,2026-09-24 03:30:00,300,839.100,487.800,178.190,173.100,183.610,0.000,14.140
2510178141,2026-09-24 03:30:00,40,671.240,502.860,157.250,11.110,186.770,0.000,47.750
2510203103,2026-09-24 03:30:00,400,1866.100,1110.700,419.620,335.760,65.230,3.580,330.570
2510203104,2026-09-24 03:30:00,120,3057.660,1836.570,716.920,504.160,463.810,0.000,69.190
2510203105,2026-09-24 03:30:00,100,2457.960,1709.350,694.470,54.120,577.630,0.000,70.680
2510203106,2026-09-24 03:30:00,100,99.750,46.140,16.830,36.770,0.410,0.000,37.420
2510203107,2026-09-24 03:30:00,600,674.480,425.190,183.170,66.100,196.940,0.000,12.620
2510203108,2026-09-24 03:30:00,80,4039.460,2275.740,896.630,867.090,631.390,0.000,36.690
2510203109,2026-09-24 03:30:00,160,1541.300,966.740,474.890,99.660,462.720,0.000,87.190
2510203113,2026-09-24 03:30:00,160,4546.890,2899.650,1102.160,545.070,277.490,0.000,111.260
2510203114,2026-09-24 03:30:00,120,1927.660,1210.000,476.240,241.410,388.740,0.000,33.730
2510203117,2026-09-24 03:30:00,80,1670.060,890.420,361.920,417.700,284.780,0.000,166.780
2510203118,2026-09-24 03:30:00,640,198.090,114.500,44.620,38.970,26.990,0.010,116.060
2510203119,2026-09-24 03:30:00,40,480.840,323.310,123.490,34.030,180.180,0.000,14.800
2510203120,2026-09-24 03:30:00,160,4364.160,2678.820,961.650,723.680,1014.480,0.000,14.900
2510203121,2026-09-24 03:30:00,100,1304.160,765.480,305.510,233.160,71.900,0.000,108.010
2510203122,2026-09-24 03:30:00,40,948.810,601.660,297.640,49.500,693.900,0.000,0.710
2510203123,2026-09-24 03:30:00,40,2684.530,1769.680,733.260,181.580,853.450,0.000,11.840
2510203124,2026-09-24 03:30:00,800,1200.250,850.250,289.440,60.550,339.180,0.000,0.360
2510203126,2026-09-24 03:30:00,100,17.050,7.820,2.420,6.800,0.440,0.000,1.360
2510203127,2026-09-24 03:30:00,40,1293.480,844.320,344.750,104.390,375.990,0.000,49.270
2510203128,2026-09-24 03:30:00,500,8042.760,4220.040,1416.510,2406.200,375.280,0.000,112.570
2510203129,2026-09-24 03:30:00,80,7.160,3.750,1.350,2.060,0.000,0.000,1.680
2510203130,2026-09-24 03:30:00,120,33.590,24.160,6.890,2.530,9.730,0.000,0.520
2510203133,2026-09-24 03:30:00,40,672.260,457.780,169.670,44.800,114.680,0.000,47.690
2510203134,2026-09-24 03:30:00,200,141.930,83.030,32.740,26.160,6.060,0.000,33.430
2510224049,2026-09-24 03:30:00,1,53753.922,20976.721,10976.270,21800.910,118.600,0.000,9049.050
2510224167,2026-09-24 03:30:00,1,21031.170,9317.640,4122.020,7591.500,904.010,0.000,5714.140
2510317505,2026-09-24 03:30:00,1,15337.370,6729.020,3249.980,5358.350,0.740,0.000,4579.700
2510317537,2026-09-24 03:30:00,1,11887.340,6822.850,2245.800,2818.680,218.560,1427.680,2157.190
2510389643,2026-09-24 03:30:00,1,43461.141,15572.340,7781.970,20106.820,22.630,0.000,4124.770
2510389931,2026-09-24 03:30:00,1,31430.061,12008.940,6640.400,12780.720,0.150,0.000,4316.800
2510633381,2026-09-24 03:30:00,320,225.160,140.050,50.650,34.460,6.310,0.000,46.110
2510633383,2026-09-24 03:30:00,40,1744.860,1308.190,402.140,34.520,53.810,0.000,312.510
2510633385,2026-09-24 03:30:00,60,1229.560,579.190,245.240,405.130,48.530,0.000,95.560
2510633386,2026-09-24 03:30:00,500,493.530,280.820,106.410,106.290,30.900,0.000,2766.820
2510633387,2026-09-24 03:30:00,40,26.000,17.470,6.310,2.210,0.840,0.000,3.400
2510633389,2026-09-24 03:30:00,500,534.010,361.640,124.480,47.880,100.680,0.000,102.610
2510633390,2026-09-24 03:30:00,80,2194.470,1313.980,484.290,396.190,571.110,0.000,6.350
2510633391,2026-09-24 03:30:00,100,254.300,196.370,57.820,0.100,3.450,0.000,1.940
2510633393,2026-09-24 03:30:00,600,6017.620,3501.270,1196.110,1320.230,1283.470,0.000,0.480
2510633395,2026-09-24 03:30:00,40,1300.980,732.580,283.550,284.840,61.340,0.000,39.160
2510633396,2026-09-24 03:30:00,400,926.170,627.790,218.180,80.190,212.770,0.000,0.170
2510633397,2026-09-24 03:30:00,240,570.010,364.570,172.970,32.460,216.010,0.000,18.150
2510633399,2026-09-24 03:30:00,600,1171.800,673.790,251.940,246.070,58.820,0.000,57.110
2510633400,2026-09-24 03:30:00,800,773.360,469.050,179.580,124.720,170.430,0.000,28.000
2510633402,2026-09-24 03:30:00,300,587.070,352.530,124.610,109.920,146.810,0.000,10.400
2510633406,2026-09-24 03:30:00,60,364.670,165.980,70.990,127.690,19.800,0.000,99.170
2510633411,2026-09-24 03:30:00,800,4822.590,2749.980,1007.140,1065.470,1714.760,0.000,29.340
2510814977,2026-09-24 03:30:00,400,52.270,32.210,12.350,7.700,1.840,0.000,10.690
2610026950,2026-09-24 03:30:00,600,15.660,10.020,3.610,2.020,1.420,0.000,3.170
2610026952,2026-09-24 03:30:00,200,3648.830,2366.500,1050.070,232.260,1839.940,0.000,9.810
2610026953,2026-09-24 03:30:00,700,687.540,404.990,155.010,127.530,201.300,0.000,0.670
2610026963,2026-09-24 03:30:00,200,382.810,197.500,94.500,90.800,23.710,2.230,97.250
2610026966,2026-09-24 03:30:00,240,971.250,697.140,240.820,33.290,200.580,0.000,0.000
2610026976,2026-09-24 03:30:00,60,1510.810,983.240,338.810,188.750,148.120,0.000,27.060
2610026977,2026-09-24 03:30:00,30,643.320,268.250,101.120,273.940,110.780,0.000,29.290
2610126270,2026-09-24 03:30:00,400,28.480,18.050,6.720,3.700,1.060,0.000,8.150
2610126451,2026-09-24 03:30:00,300,113.210,73.440,27.600,12.160,55.870,0.000,0.280
2610159557,2026-09-24 03:30:00,600,18.580,10.760,4.060,3.740,0.230,0.000,10.760
2610170785,2026-09-24 03:30:00,640,10.030,6.720,2.880,0.420,10.850,0.000,0.000
2610170786,2026-09-24 03:30:00,500,655.250,370.820,128.370,156.050,130.310,0.000,2.940
2610170836,2026-09-24 03:30:00,100,125.850,78.700,28.530,18.610,70.390,0.000,0.590
2610170837,2026-09-24 03:30:00,240,12.740,8.260,2.800,1.670,1.590,0.000,0.170
2610170838,2026-09-24 03:30:00,240,34.590,21.900,7.710,4.970,3.820,0.000,0.350
2610170839,2026-09-24 03:30:00,400,5.870,3.630,1.600,0.640,1.560,0.000,0.290
2610170840,2026-09-24 03:30:00,40,327.860,187.240,63.820,76.780,68.780,0.000,31.810
2610322967,2026-09-24 03:30:00,500,4.020,2.430,1.010,0.570,0.540,0.000,0.020
2610322969,2026-09-24 03:30:00,100,112.030,78.330,26.660,7.030,14.690,0.000,2.100
2610322982,2026-09-24 03:30:00,160,5.290,3.200,1.120,0.970,0.000,0.000,2.540
2610322992,2026-09-24 03:30:00,320,95.270,63.420,28.280,3.560,24.500,0.000,0.010
2610322995,2026-09-24 03:30:00,40,5.920,3.560,1.230,1.110,0.000,0.000,3.480
2610322997,2026-09-24 03:30:00,400,599.520,350.150,136.250,113.110,228.540,0.000,0.590
2610323001,2026-09-24 03:30:00,160,1913.130,1133.380,510.690,269.050,871.150,0.000,0.000
2610323004,2026-09-24 03:30:00,3000,98.410,74.490,12.860,11.050,22.790,0.000,2.210
2610323005,2026-09-24 03:30:00,120,12.430,8.390,3.160,0.880,1.640,0.000,0.920
2610323016,2026-09-24 03:30:00,160,1684.150,929.930,368.650,385.570,759.250,0.000,0.000
2610323017,2026-09-24 03:30:00,60,7.580,4.560,1.600,1.410,0.000,0.000,3.940
2610323019,2026-09-24 03:30:00,80,51.500,32.420,11.250,7.830,3.040,0.000,12.450
2610323027,2026-09-24 03:30:00,60,7.860,4.780,1.650,1.420,0.000,0.000,4.030
2510014482,2026-09-24 03:31:00,40,1303.110,907.770,358.370,36.960,85.260,0.000,63.620
2510203111,2026-09-24 03:31:00,40,3965.710,2503.040,981.100,481.570,1082.200,0.000,12.780
2510389559,2026-09-24 03:31:00,1,36.870,20.630,14.320,1.910,30.680,0.000,5.910
2610323010,2026-09-24 03:31:00,60,18.820,12.510,4.540,1.760,1.560,0.000,4.900
2410121454,2026-09-24 03:32:00,160,2063.150,1302.630,445.040,315.480,335.680,0.000,76.690
2410131378,2026-09-24 03:32:00,200,1867.550,1202.120,519.860,145.560,410.100,0.000,9.720
2410320615,2026-09-24 03:32:00,700,15600.560,9564.290,3805.610,2230.650,3856.960,0.000,51.460
2246006313,2026-09-24 04:00:00,8800,953.354,537.380,197.339,218.634,127.942,8.999,180.553
2410121326,2026-09-24 04:00:00,200,1598.170,1030.500,448.430,119.220,377.830,0.000,5.470
2410121353,2026-09-24 04:00:00,120,725.050,502.870,197.830,24.350,161.390,0.000,15.490
2410121371,2026-09-24 04:00:00,120,608.500,377.670,133.710,97.110,72.110,0.000,29.640
2410121424,2026-09-24 04:00:00,120,48.370,29.710,11.240,7.400,1.600,0.000,17.970
2410121440,2026-09-24 04:00:00,120,22.410,14.900,4.420,3.080,2.690,0.000,6.090
2410121454,2026-09-24 04:00:00,160,2063.200,1302.630,445.040,315.520,335.690,0.000,76.690
2410121457,2026-09-24 04:00:00,120,1876.420,1192.110,521.570,162.730,354.640,0.000,42.560
2410121574,2026-09-24 04:00:00,120,4926.090,3554.660,1146.230,225.190,426.220,0.000,381.900
2410131378,2026-09-24 04:00:00,200,1867.550,1202.120,519.860,145.560,410.100,0.000,9.720
2410131383,2026-09-24 04:00:00,400,1069.280,708.270,228.400,132.600,48.270,0.000,65.760
2410131384,2026-09-24 04:00:00,200,9858.430,5591.900,1984.370,2282.150,2056.260,0.000,4.900
2410131387,2026-09-24 04:00:00,600,552.700,345.700,131.880,75.120,57.790,0.000,59.090
2410320615,2026-09-24 04:00:00,700,15600.980,9564.300,3805.610,2231.060,3857.010,0.000,51.460
2410883988,2026-09-24 04:00:00,100,37.110,18.990,5.510,12.600,3.520,0.000,2.210
2410883991,2026-09-24 04:00:00,100,2743.190,1651.030,617.240,474.910,257.030,0.260,74.290
2410883993,2026-09-24 04:00:00,60,3168.450,1531.650,599.990,1036.800,125.730,0.000,341.000
2410883994,2026-09-24 04:00:00,320,108.070,48.480,21.510,38.070,3.450,0.000,6.810
2410932742,2026-09-24 04:00:00,240,20040.590,11658.090,3721.950,4660.540,5088.020,0.000,5.960
2411087432,2026-09-24 04:00:00,40,3714.750,2304.420,1066.130,344.200,747.520,0.000,31.150
2411087433,2026-09-24 04:00:00,500,860.910,507.950,187.130,165.820,22.580,0.000,779.300
2411290205,2026-09-24 04:00:00,240,9713.200,6532.140,2847.500,333.550,3443.180,0.000,59.540
2510014482,2026-09-24 04:00:00,40,1303.110,907.770,358.370,36.970,85.260,0.000,63.620
2510014483,2026-09-24 04:00:00,300,232.240,133.810,51.750,46.660,0.000,0.000,187.580
2510014484,2026-09-24 04:00:00,160,9499.660,5383.290,2101.410,2014.940,1546.170,0.000,21.600
2510178139,2026-09-24 04:00:00,300,839.120,487.800,178.190,173.120,183.620,0.000,14.140
2510178141,2026-09-24 04:00:00,40,671.240,502.860,157.250,11.110,186.770,0.000,47.760
2510203103,2026-09-24 04:00:00,400,1866.140,1110.700,419.620,335.800,65.230,3.580,330.580
2510203104,2026-09-24 04:00:00,120,3057.790,1836.570,716.920,504.300,463.840,0.000,69.190
2510203105,2026-09-24 04:00:00,100,2457.970,1709.350,694.470,54.130,577.630,0.000,70.680
2510203106,2026-09-24 04:00:00,100,99.760,46.140,16.830,36.780,0.410,0.000,37.430
2510203108,2026-09-24 04:00:00,80,4039.720,2275.740,896.630,867.350,631.410,0.000,36.690
2510203109,2026-09-24 04:00:00,160,1541.320,966.740,474.890,99.680,462.720,0.000,87.190
2510203111,2026-09-24 04:00:00,40,3965.710,2503.040,981.100,481.570,1082.200,0.000,12.790
2510203113,2026-09-24 04:00:00,160,4547.090,2899.650,1102.160,545.280,277.500,0.000,111.260
2510203114,2026-09-24 04:00:00,120,1927.750,1210.000,476.240,241.500,388.750,0.000,33.730
2510203117,2026-09-24 04:00:00,80,1670.130,890.420,361.920,417.770,284.780,0.000,166.800
2510203118,2026-09-24 04:00:00,640,198.110,114.500,44.620,38.990,26.990,0.010,116.080
2510203119,2026-09-24 04:00:00,40,480.840,323.310,123.490,34.030,180.180,0.000,14.800
2510203120,2026-09-24 04:00:00,160,4364.410,2678.820,961.650,723.920,1014.570,0.000,14.900
2510203121,2026-09-24 04:00:00,100,1304.190,765.480,305.510,233.190,71.900,0.000,108.020
2510203122,2026-09-24 04:00:00,40,948.820,601.660,297.640,49.510,693.900,0.000,0.710
2510203123,2026-09-24 04:00:00,40,2684.530,1769.680,733.260,181.580,853.450,0.000,11.840
2510203124,2026-09-24 04:00:00,800,1200.300,850.250,289.440,60.600,339.200,0.000,0.360
2510203126,2026-09-24 04:00:00,100,17.050,7.820,2.420,6.810,0.440,0.000,1.360
2510203127,2026-09-24 04:00:00,40,1293.490,844.320,344.750,104.400,375.990,0.000,49.270
2510203128,2026-09-24 04:00:00,500,8043.370,4220.040,1416.510,2406.810,375.320,0.000,112.570
2510203129,2026-09-24 04:00:00,80,7.160,3.750,1.350,2.060,0.000,0.000,1.680
2510203130,2026-09-24 04:00:00,120,33.600,24.160,6.890,2.530,9.730,0.000,0.520
2510203133,2026-09-24 04:00:00,40,672.260,457.780,169.670,44.810,114.680,0.000,47.690
2510203134,2026-09-24 04:00:00,200,141.940,83.030,32.740,26.160,6.060,0.000,33.430
2510224049,2026-09-24 04:00:00,1,53757.320,20976.730,10976.270,21804.311,118.600,0.000,9050.070
2510224167,2026-09-24 04:00:00,1,21032.551,9317.650,4122.020,7592.870,904.010,0.000,5715.110
2510317505,2026-09-24 04:00:00,1,15339.140,6729.030,3249.980,5360.120,0.740,0.000,4580.580
2510317537,2026-09-24 04:00:00,1,11888.180,6822.850,2245.800,2819.520,218.560,1427.680,2157.330
2510389559,2026-09-24 04:00:00,1,36.870,20.630,14.320,1.910,30.680,0.000,5.910
2510389643,2026-09-24 04:00:00,1,43464.879,15572.350,7781.970,20110.561,22.630,0.000,4125.400
2510389931,2026-09-24 04:00:00,1,31433.039,12008.940,6640.400,12783.700,0.150,0.000,4317.120
2510633381,2026-09-24 04:00:00,320,225.170,140.050,50.650,34.470,6.310,0.000,46.120
2510633383,2026-09-24 04:00:00,40,1744.870,1308.190,402.140,34.530,53.810,0.000,312.540
2510633385,2026-09-24 04:00:00,60,1229.660,579.190,245.240,405.230,48.530,0.000,95.570
2510633387,2026-09-24 04:00:00,40,26.000,17.470,6.310,2.220,0.840,0.000,3.400
2510633389,2026-09-24 04:00:00,500,534.150,361.640,124.480,48.010,100.680,0.000,102.630
2510633390,2026-09-24 04:00:00,80,2194.990,1313.990,484.290,396.700,571.270,0.000,6.350
2510633391,2026-09-24 04:00:00,100,254.300,196.370,57.820,0.100,3.450,0.000,1.940
2510633393,2026-09-24 04:00:00,600,6018.000,3501.270,1196.110,1320.610,1283.560,0.000,0.480
2510633395,2026-09-24 04:00:00,40,1300.980,732.580,283.550,284.840,61.340,0.000,39.160
2510633396,2026-09-24 04:00:00,400,926.250,627.790,218.180,80.270,212.820,0.000,0.170
2510633397,2026-09-24 04:00:00,240,570.030,364.570,172.970,32.470,216.010,0.000,18.160
2510633399,2026-09-24 04:00:00,600,1171.890,673.790,251.940,246.160,58.820,0.000,57.120
2510633400,2026-09-24 04:00:00,800,773.510,469.050,179.580,124.870,170.500,0.000,28.000
2510633402,2026-09-24 04:00:00,300,587.290,352.530,124.610,110.140,146.880,0.000,10.400
2510633406,2026-09-24 04:00:00,60,364.690,165.980,70.990,127.720,19.800,0.000,99.190
2510633411,2026-09-24 04:00:00,800,4823.220,2749.980,1007.140,1066.090,1715.010,0.000,29.340
2510814977,2026-09-24 04:00:00,400,52.270,32.210,12.350,7.700,1.840,0.000,10.690
2610026950,2026-09-24 04:00:00,600,15.660,10.020,3.610,2.020,1.420,0.000,3.170
2610026952,2026-09-24 04:00:00,200,3649.320,2366.500,1050.070,232.750,1840.260,0.000,9.810
2610026953,2026-09-24 04:00:00,700,687.700,404.990,155.010,127.690,201.370,0.000,0.670
2610026963,2026-09-24 04:00:00,200,382.840,197.500,94.500,90.830,23.710,2.230,97.270
2610026966,2026-09-24 04:00:00,240,971.270,697.140,240.820,33.300,200.590,0.000,0.000
2610026976,2026-09-24 04:00:00,60,1510.940,983.240,338.810,188.880,148.120,0.000,27.070
2610026977,2026-09-24 04:00:00,30,643.440,268.250,101.120,274.060,110.780,0.000,29.320
2610126270,2026-09-24 04:00:00,400,28.490,18.050,6.720,3.710,1.060,0.000,8.150
2610126451,2026-09-24 04:00:00,300,113.220,73.440,27.600,12.170,55.870,0.000,0.280
2610159557,2026-09-24 04:00:00,600,18.580,10.760,4.060,3.750,0.230,0.000,10.760
2610170785,2026-09-24 04:00:00,640,10.030,6.720,2.880,0.420,10.850,0.000,0.000
2610170786,2026-09-24 04:00:00,500,655.570,370.820,128.370,156.370,130.380,0.000,2.940
2610170836,2026-09-24 04:00:00,100,125.850,78.700,28.530,18.610,70.390,0.000,0.590
2610170837,2026-09-24 04:00:00,240,12.740,8.260,2.800,1.670,1.590,0.000,0.170
2610170838,2026-09-24 04:00:00,240,34.590,21.900,7.710,4.970,3.820,0.000,0.350
2610170839,2026-09-24 04:00:00,400,5.870,3.630,1.600,0.640,1.560,0.000,0.290
2610170840,2026-09-24 04:00:00,40,327.930,187.240,63.820,76.860,68.780,0.000,31.820
2610322967,2026-09-24 04:00:00,500,4.020,2.430,1.010,0.570,0.540,0.000,0.020
2610322969,2026-09-24 04:00:00,100,112.050,78.330,26.660,7.050,14.690,0.000,2.100
2610322982,2026-09-24 04:00:00,160,5.290,3.200,1.120,0.970,0.000,0.000,2.540
2610322992,2026-09-24 04:00:00,320,95.340,63.420,28.280,3.630,24.510,0.000,0.010
2610322995,2026-09-24 04:00:00,40,5.920,3.560,1.230,1.120,0.000,0.000,3.480
2610322997,2026-09-24 04:00:00,400,599.750,350.150,136.250,113.330,228.650,0.000,0.590
2610323001,2026-09-24 04:00:00,160,1913.690,1133.380,510.690,269.610,871.420,0.000,0.000
2610323004,2026-09-24 04:00:00,3000,98.420,74.490,12.860,11.060,22.790,0.000,2.210
2610323005,2026-09-24 04:00:00,120,12.430,8.390,3.160,0.880,1.640,0.000,0.920
2610323010,2026-09-24 04:00:00,60,18.820,12.510,4.540,1.760,1.560,0.000,4.910
2610323017,2026-09-24 04:00:00,60,7.590,4.560,1.600,1.420,0.000,0.000,3.940
2610323019,2026-09-24 04:00:00,80,51.510,32.420,11.250,7.840,3.040,0.000,12.450
2610323027,2026-09-24 04:00:00,60,7.870,4.780,1.650,1.420,0.000,0.000,4.040
2410883990,2026-09-24 04:01:00,60,3000.300,1720.920,640.200,639.170,889.130,0.000,38.530
2510014481,2026-09-24 04:01:00,80,15475.610,9016.440,2981.480,3477.680,5816.780,0.000,5.520
2510633386,2026-09-24 04:01:00,500,493.610,280.830,106.410,106.360,30.900,0.000,2767.170
2610323016,2026-09-24 04:01:00,160,1684.380,929.940,368.650,385.790,759.330,0.000,0.000
2510203107,2026-09-24 04:02:00,600,674.600,425.200,183.170,66.220,196.970,0.000,12.620
2246006313,2026-09-24 04:30:00,8800,953.436,537.462,197.339,218.634,127.956,8.999,180.553
2410121326,2026-09-24 04:30:00,200,1598.210,1030.540,448.430,119.220,377.830,0.000,5.470
2410121353,2026-09-24 04:30:00,120,725.070,502.880,197.830,24.350,161.390,0.000,15.490
2410121424,2026-09-24 04:30:00,120,48.370,29.710,11.240,7.400,1.600,0.000,17.970
2410121440,2026-09-24 04:30:00,120,22.410,14.900,4.420,3.080,2.690,0.000,6.090
2410121454,2026-09-24 04:30:00,160,2063.240,1302.670,445.040,315.520,335.700,0.000,76.690
2410121457,2026-09-24 04:30:00,120,1876.980,1192.680,521.570,162.730,354.820,0.000,42.560
2410131378,2026-09-24 04:30:00,200,1867.560,1202.130,519.860,145.560,410.100,0.000,9.720
2410131383,2026-09-24 04:30:00,400,1069.300,708.280,228.400,132.600,48.270,0.000,65.770
2410131384,2026-09-24 04:30:00,200,9858.730,5592.200,1984.370,2282.150,2056.360,0.000,4.900
2410131387,2026-09-24 04:30:00,600,552.730,345.720,131.880,75.120,57.790,0.000,59.090
2410320615,2026-09-24 04:30:00,700,15601.440,9564.760,3805.610,2231.060,3857.080,0.000,51.460
2410883988,2026-09-24 04:30:00,100,37.120,18.990,5.510,12.600,3.520,0.000,2.210
2410883990,2026-09-24 04:30:00,60,3000.310,1720.930,640.200,639.170,889.130,0.000,38.530
2410883991,2026-09-24 04:30:00,100,2743.240,1651.080,617.240,474.910,257.030,0.260,74.290
2410883993,2026-09-24 04:30:00,60,3168.720,1531.920,599.990,1036.800,125.730,0.000,341.040
2410883994,2026-09-24 04:30:00,320,108.080,48.490,21.510,38.070,3.450,0.000,6.810
2410932742,2026-09-24 04:30:00,240,20041.500,11659.000,3721.950,4660.540,5088.290,0.000,5.960
2411087432,2026-09-24 04:30:00,40,3714.910,2304.580,1066.130,344.200,747.520,0.000,31.150
2411087433,2026-09-24 04:30:00,500,861.100,508.140,187.130,165.820,22.590,0.000,779.300
2411290205,2026-09-24 04:30:00,240,9713.240,6532.180,2847.500,333.550,3443.180,0.000,59.540
2510014481,2026-09-24 04:30:00,80,15476.220,9017.050,2981.480,3477.680,5817.010,0.000,5.520
2510014482,2026-09-24 04:30:00,40,1303.120,907.780,358.370,36.970,85.260,0.000,63.620
2510014484,2026-09-24 04:30:00,160,9500.240,5383.880,2101.410,2014.940,1546.350,0.000,21.600
2510178139,2026-09-24 04:30:00,300,839.140,487.820,178.190,173.120,183.620,0.000,14.140
2510178141,2026-09-24 04:30:00,40,671.240,502.870,157.250,11.110,186.770,0.000,47.760
2510203103,2026-09-24 04:30:00,400,1866.180,1110.740,419.620,335.800,65.230,3.580,330.580
2510203104,2026-09-24 04:30:00,120,3057.920,1836.700,716.920,504.300,463.860,0.000,69.190
2510203105,2026-09-24 04:30:00,100,2457.980,1709.360,694.470,54.130,577.630,0.000,70.680
2510203106,2026-09-24 04:30:00,100,99.780,46.150,16.830,36.780,0.410,0.000,37.430
2510203107,2026-09-24 04:30:00,600,674.810,425.410,183.170,66.220,197.030,0.000,12.620
2510203108,2026-09-24 04:30:00,80,4039.980,2275.990,896.630,867.350,631.430,0.000,36.690
2510203109,2026-09-24 04:30:00,160,1541.340,966.760,474.890,99.680,462.730,0.000,87.190
2510203111,2026-09-24 04:30:00,40,3965.720,2503.040,981.100,481.570,1082.200,0.000,12.790
2510203113,2026-09-24 04:30:00,160,4547.300,2899.850,1102.160,545.280,277.510,0.000,111.260
2510203114,2026-09-24 04:30:00,120,1927.840,1210.090,476.240,241.500,388.760,0.000,33.730
2510203117,2026-09-24 04:30:00,80,1670.220,890.520,361.920,417.770,284.780,0.000,166.820
2510203118,2026-09-24 04:30:00,640,198.130,114.520,44.620,38.990,26.990,0.010,116.100
2510203119,2026-09-24 04:30:00,40,480.840,323.310,123.490,34.030,180.180,0.000,14.800
2510203120,2026-09-24 04:30:00,160,4364.660,2679.070,961.650,723.920,1014.660,0.000,14.900
2510203121,2026-09-24 04:30:00,100,1304.240,765.520,305.510,233.190,71.900,0.000,108.030
2510203122,2026-09-24 04:30:00,40,948.830,601.670,297.640,49.510,693.910,0.000,0.710
2510203123,2026-09-24 04:30:00,40,2684.540,1769.690,733.260,181.580,853.450,0.000,11.840
2510203124,2026-09-24 04:30:00,800,1200.340,850.300,289.440,60.600,339.230,0.000,0.360
2510203126,2026-09-24 04:30:00,100,17.060,7.830,2.420,6.810,0.440,0.000,1.360
2510203127,2026-09-24 04:30:00,40,1293.490,844.330,344.750,104.400,375.990,0.000,49.270
2510203128,2026-09-24 04:30:00,500,8043.940,4220.610,1416.510,2406.810,375.340,0.000,112.570
2510203129,2026-09-24 04:30:00,80,7.170,3.750,1.350,2.060,0.000,0.000,1.680
2510203130,2026-09-24 04:30:00,120,33.600,24.170,6.890,2.530,9.730,0.000,0.520
2510203133,2026-09-24 04:30:00,40,672.270,457.780,169.670,44.810,114.680,0.000,47.690
2510203134,2026-09-24 04:30:00,200,141.940,83.030,32.740,26.160,6.060,0.000,33.430
2510224049,2026-09-24 04:30:00,1,53762.641,20982.039,10976.270,21804.311,118.600,0.000,9051.200
2510224167,2026-09-24 04:30:00,1,21036.260,9321.360,4122.020,7592.870,904.010,0.000,5716.240
2510317505,2026-09-24 04:30:00,1,15342.100,6731.990,3249.980,5360.120,0.740,0.000,4581.550
2510317537,2026-09-24 04:30:00,1,11888.920,6823.590,2245.800,2819.520,218.560,1427.680,2157.460
2510389559,2026-09-24 04:30:00,1,36.870,20.630,14.320,1.910,30.680,0.000,5.910
2510389643,2026-09-24 04:30:00,1,43468.660,15576.130,7781.970,20110.561,22.630,0.000,4126.040
2510389931,2026-09-24 04:30:00,1,31436.029,12011.920,6640.400,12783.700,0.150,0.000,4317.440
2510633381,2026-09-24 04:30:00,320,225.190,140.060,50.650,34.470,6.310,0.000,46.120
2510633383,2026-09-24 04:30:00,40,1744.880,1308.200,402.140,34.530,53.810,0.000,312.580
2510633385,2026-09-24 04:30:00,60,1229.760,579.280,245.240,405.230,48.530,0.000,95.590
2510633386,2026-09-24 04:30:00,500,493.680,280.900,106.410,106.360,30.900,0.000,2767.490
2510633387,2026-09-24 04:30:00,40,26.000,17.470,6.310,2.220,0.840,0.000,3.400
2510633389,2026-09-24 04:30:00,500,534.280,361.780,124.480,48.010,100.680,0.000,102.650
2510633390,2026-09-24 04:30:00,80,2195.520,1314.510,484.290,396.700,571.430,0.000,6.350
2510633391,2026-09-24 04:30:00,100,254.300,196.370,57.820,0.100,3.450,0.000,1.940
2510633393,2026-09-24 04:30:00,600,6018.380,3501.650,1196.110,1320.610,1283.630,0.000,0.480
2510633395,2026-09-24 04:30:00,40,1300.980,732.580,283.550,284.840,61.340,0.000,39.160
2510633396,2026-09-24 04:30:00,400,926.340,627.870,218.180,80.270,212.870,0.000,0.170
2510633397,2026-09-24 04:30:00,240,570.040,364.580,172.970,32.470,216.010,0.000,18.160
2510633399,2026-09-24 04:30:00,600,1171.990,673.880,251.940,246.160,58.820,0.000,57.120
2510633400,2026-09-24 04:30:00,800,773.670,469.210,179.580,124.870,170.560,0.000,28.000
2510633402,2026-09-24 04:30:00,300,587.510,352.740,124.610,110.140,146.950,0.000,10.400
2510633406,2026-09-24 04:30:00,60,364.750,166.040,70.990,127.720,19.800,0.000,99.210
2510633411,2026-09-24 04:30:00,800,4823.840,2750.590,1007.140,1066.090,1715.260,0.000,29.340
2510814977,2026-09-24 04:30:00,400,52.270,32.210,12.350,7.700,1.840,0.000,10.690
2610026950,2026-09-24 04:30:00,600,15.660,10.020,3.610,2.020,1.420,0.000,3.170
2610026952,2026-09-24 04:30:00,200,3649.820,2367.000,1050.070,232.750,1840.580,0.000,9.810
2610026953,2026-09-24 04:30:00,700,687.860,405.150,155.010,127.690,201.440,0.000,0.670
2610026963,2026-09-24 04:30:00,200,382.890,197.540,94.500,90.830,23.710,2.230,97.290
2610026966,2026-09-24 04:30:00,240,971.280,697.150,240.820,33.300,200.600,0.000,0.000
2610026976,2026-09-24 04:30:00,60,1511.060,983.370,338.810,188.880,148.120,0.000,27.070
2610026977,2026-09-24 04:30:00,30,643.590,268.400,101.120,274.060,110.780,0.000,29.330
2610126270,2026-09-24 04:30:00,400,28.490,18.050,6.720,3.710,1.060,0.000,8.150
2610126451,2026-09-24 04:30:00,300,113.230,73.450,27.600,12.170,55.880,0.000,0.280
2610159557,2026-09-24 04:30:00,600,18.580,10.760,4.060,3.750,0.230,0.000,10.760
2610170785,2026-09-24 04:30:00,640,10.030,6.720,2.880,0.420,10.850,0.000,0.000
2610170786,2026-09-24 04:30:00,500,655.890,371.140,128.370,156.370,130.460,0.000,2.940
2610170836,2026-09-24 04:30:00,100,125.850,78.700,28.530,18.610,70.390,0.000,0.590
2610170837,2026-09-24 04:30:00,240,12.740,8.260,2.800,1.670,1.590,0.000,0.170
2610170838,2026-09-24 04:30:00,240,34.600,21.900,7.710,4.970,3.820,0.000,0.350
2610170839,2026-09-24 04:30:00,400,5.880,3.630,1.600,0.640,1.560,0.000,0.290
2610170840,2026-09-24 04:30:00,40,328.010,187.320,63.820,76.860,68.780,0.000,31.830
2610322967,2026-09-24 04:30:00,500,4.020,2.440,1.010,0.570,0.540,0.000,0.020
2610322969,2026-09-24 04:30:00,100,112.070,78.350,26.660,7.050,14.690,0.000,2.100
2610322982,2026-09-24 04:30:00,160,5.300,3.200,1.120,0.970,0.000,0.000,2.550
2610322992,2026-09-24 04:30:00,320,95.410,63.490,28.280,3.630,24.510,0.000,0.010
2610322995,2026-09-24 04:30:00,40,5.930,3.570,1.230,1.120,0.000,0.000,3.490
2610322997,2026-09-24 04:30:00,400,599.930,350.330,136.250,113.330,228.740,0.000,0.590
2610323001,2026-09-24 04:30:00,160,1914.260,1133.950,510.690,269.610,871.690,0.000,0.000
2610323004,2026-09-24 04:30:00,3000,98.430,74.490,12.860,11.060,22.790,0.000,2.220
2610323005,2026-09-24 04:30:00,120,12.440,8.390,3.160,0.880,1.640,0.000,0.920
2610323016,2026-09-24 04:30:00,160,1684.590,930.150,368.650,385.790,759.390,0.000,0.000
2610323017,2026-09-24 04:30:00,60,7.600,4.570,1.600,1.420,0.000,0.000,3.950
2610323019,2026-09-24 04:30:00,80,51.530,32.430,11.250,7.840,3.040,0.000,12.460
2410121371,2026-09-24 04:31:00,120,608.510,377.680,133.710,97.110,72.110,0.000,29.640
2510014483,2026-09-24 04:31:00,300,232.250,133.820,51.750,46.660,0.000,0.000,187.590
2610323010,2026-09-24 04:31:00,60,18.830,12.520,4.540,1.760,1.560,0.000,4.910
2610323027,2026-09-24 04:31:00,60,7.880,4.790,1.650,1.420,0.000,0.000,4.040
2410121574,2026-09-24 04:32:00,120,4926.150,3554.720,1146.230,225.190,426.220,0.000,381.920
2246006313,2026-09-24 05:00:00,8800,953.504,537.530,197.339,218.634,127.964,8.999,180.553
2410121326,2026-09-24 05:00:00,200,1598.240,1030.580,448.430,119.220,377.830,0.000,5.470
2410121353,2026-09-24 05:00:00,120,725.080,502.890,197.830,24.350,161.390,0.000,15.490
2410121371,2026-09-24 05:00:00,120,608.520,377.690,133.710,97.110,72.110,0.000,29.640
2410121424,2026-09-24 05:00:00,120,48.370,29.720,11.240,7.400,1.600,0.000,17.970
2410121440,2026-09-24 05:00:00,120,22.420,14.900,4.420,3.080,2.690,0.000,6.100
2410121454,2026-09-24 05:00:00,160,2063.290,1302.720,445.040,315.520,335.700,0.000,76.690
2410121457,2026-09-24 05:00:00,120,1877.570,1193.260,521.570,162.730,355.000,0.000,42.560
2410121574,2026-09-24 05:00:00,120,4926.190,3554.760,1146.230,225.190,426.220,0.000,381.940
2410131378,2026-09-24 05:00:00,200,1867.570,1202.130,519.860,145.560,410.100,0.000,9.720
2410131383,2026-09-24 05:00:00,400,1069.320,708.300,228.400,132.600,48.270,0.000,65.770
2410131384,2026-09-24 05:00:00,200,9859.020,5592.490,1984.370,2282.150,2056.450,0.000,4.900
2410131387,2026-09-24 05:00:00,600,552.740,345.740,131.880,75.120,57.790,0.000,59.100
2410320615,2026-09-24 05:00:00,700,15601.910,9565.230,3805.610,2231.060,3857.150,0.000,51.460
2410883988,2026-09-24 05:00:00,100,37.130,19.000,5.510,12.600,3.520,0.000,2.210
2410883990,2026-09-24 05:00:00,60,3000.320,1720.940,640.200,639.170,889.130,0.000,38.530
2410883991,2026-09-24 05:00:00,100,2743.290,1651.130,617.240,474.910,257.030,0.260,74.300
2410883993,2026-09-24 05:00:00,60,3168.960,1532.160,599.990,1036.800,125.730,0.000,341.070
2410883994,2026-09-24 05:00:00,320,108.080,48.490,21.510,38.070,3.450,0.000,6.810
2410932742,2026-09-24 05:00:00,240,20042.410,11659.910,3721.950,4660.540,5088.560,0.000,5.960
2411087432,2026-09-24 05:00:00,40,3715.070,2304.730,1066.130,344.200,747.520,0.000,31.160
2411087433,2026-09-24 05:00:00,500,861.280,508.310,187.130,165.820,22.600,0.000,779.300
2411290205,2026-09-24 05:00:00,240,9713.290,6532.230,2847.500,333.550,3443.180,0.000,59.540
2510014481,2026-09-24 05:00:00,80,15476.850,9017.680,2981.480,3477.680,5817.240,0.000,5.520
2510014482,2026-09-24 05:00:00,40,1303.130,907.780,358.370,36.970,85.260,0.000,63.620
2510014483,2026-09-24 05:00:00,300,232.260,133.830,51.750,46.660,0.000,0.000,187.600
2510014484,2026-09-24 05:00:00,160,9500.830,5384.460,2101.410,2014.940,1546.540,0.000,21.600
2510178139,2026-09-24 05:00:00,300,839.160,487.840,178.190,173.120,183.620,0.000,14.140
2510178141,2026-09-24 05:00:00,40,671.250,502.870,157.250,11.110,186.770,0.000,47.760
2510203103,2026-09-24 05:00:00,400,1866.210,1110.780,419.620,335.800,65.230,3.580,330.590
2510203104,2026-09-24 05:00:00,120,3058.060,1836.830,716.920,504.300,463.890,0.000,69.190
2510203105,2026-09-24 05:00:00,100,2457.990,1709.370,694.470,54.130,577.630,0.000,70.680
2510203106,2026-09-24 05:00:00,100,99.790,46.170,16.830,36.780,0.410,0.000,37.430
2510203107,2026-09-24 05:00:00,600,675.140,425.740,183.170,66.220,197.130,0.000,12.620
2510203109,2026-09-24 05:00:00,160,1541.350,966.770,474.890,99.680,462.730,0.000,87.190
2510203111,2026-09-24 05:00:00,40,3965.720,2503.040,981.100,481.570,1082.200,0.000,12.790
2510203113,2026-09-24 05:00:00,160,4547.500,2900.050,1102.160,545.280,277.520,0.000,111.260
2510203114,2026-09-24 05:00:00,120,1927.920,1210.180,476.240,241.500,388.780,0.000,33.730
2510203117,2026-09-24 05:00:00,80,1670.320,890.610,361.920,417.770,284.780,0.000,166.840
2510203118,2026-09-24 05:00:00,640,198.150,114.540,44.620,38.990,26.990,0.010,116.110
2510203119,2026-09-24 05:00:00,40,480.840,323.310,123.490,34.030,180.180,0.000,14.800
2510203120,2026-09-24 05:00:00,160,4364.900,2679.310,961.650,723.920,1014.750,0.000,14.900
2510203121,2026-09-24 05:00:00,100,1304.280,765.570,305.510,233.190,71.900,0.000,108.040
2510203122,2026-09-24 05:00:00,40,948.840,601.680,297.640,49.510,693.910,0.000,0.710
2510203123,2026-09-24 05:00:00,40,2684.540,1769.690,733.260,181.580,853.450,0.000,11.840
2510203124,2026-09-24 05:00:00,800,1200.390,850.350,289.440,60.600,339.250,0.000,0.360
2510203126,2026-09-24 05:00:00,100,17.070,7.830,2.420,6.810,0.440,0.000,1.360
2510203127,2026-09-24 05:00:00,40,1293.500,844.340,344.750,104.400,375.990,0.000,49.280
2510203128,2026-09-24 05:00:00,500,8044.480,4221.150,1416.510,2406.810,375.370,0.000,112.570
2510203129,2026-09-24 05:00:00,80,7.170,3.760,1.350,2.060,0.000,0.000,1.680
2510203130,2026-09-24 05:00:00,120,33.600,24.170,6.890,2.530,9.730,0.000,0.520
2510203133,2026-09-24 05:00:00,40,672.280,457.790,169.670,44.810,114.680,0.000,47.690
2510203134,2026-09-24 05:00:00,200,141.940,83.040,32.740,26.160,6.060,0.000,33.440
2510224049,2026-09-24 05:00:00,1,53767.988,20987.391,10976.270,21804.311,118.600,0.000,9052.340
2510224167,2026-09-24 05:00:00,1,21040.010,9325.110,4122.020,7592.870,904.010,0.000,5717.360
2510317505,2026-09-24 05:00:00,1,15345.030,6734.920,3249.980,5360.120,0.740,0.000,4582.500
2510317537,2026-09-24 05:00:00,1,11889.680,6824.360,2245.800,2819.520,218.560,1427.680,2157.580
2510389559,2026-09-24 05:00:00,1,36.870,20.630,14.320,1.910,30.680,0.000,5.910
2510389643,2026-09-24 05:00:00,1,43472.441,15579.910,7781.970,20110.561,22.630,0.000,4126.680
2510389931,2026-09-24 05:00:00,1,31439.061,12014.960,6640.400,12783.700,0.150,0.000,4317.780
2510633381,2026-09-24 05:00:00,320,225.200,140.070,50.650,34.470,6.310,0.000,46.130
2510633383,2026-09-24 05:00:00,40,1744.890,1308.210,402.140,34.530,53.810,0.000,312.610
2510633385,2026-09-24 05:00:00,60,1229.850,579.380,245.240,405.230,48.530,0.000,95.610
2510633386,2026-09-24 05:00:00,500,493.750,280.970,106.410,106.360,30.900,0.000,2767.820
2510633389,2026-09-24 05:00:00,500,534.430,361.930,124.480,48.010,100.680,0.000,102.670
2510633390,2026-09-24 05:00:00,80,2195.990,1314.990,484.290,396.700,571.550,0.000,6.350
2510633391,2026-09-24 05:00:00,100,254.300,196.370,57.820,0.100,3.450,0.000,1.940
2510633393,2026-09-24 05:00:00,600,6018.760,3502.030,1196.110,1320.610,1283.710,0.000,0.480
2510633395,2026-09-24 05:00:00,40,1300.980,732.580,283.550,284.840,61.340,0.000,39.160
2510633396,2026-09-24 05:00:00,400,926.420,627.960,218.180,80.270,212.920,0.000,0.170
2510633397,2026-09-24 05:00:00,240,570.050,364.600,172.970,32.470,216.010,0.000,18.160
2510633399,2026-09-24 05:00:00,600,1172.090,673.980,251.940,246.160,58.820,0.000,57.120
2510633400,2026-09-24 05:00:00,800,773.820,469.360,179.580,124.870,170.620,0.000,28.000
2510633402,2026-09-24 05:00:00,300,587.730,352.970,124.610,110.140,147.020,0.000,10.400
2510633406,2026-09-24 05:00:00,60,364.820,166.100,70.990,127.720,19.800,0.000,99.230
2510633411,2026-09-24 05:00:00,800,4824.310,2751.070,1007.140,1066.090,1715.430,0.000,29.340
2510814977,2026-09-24 05:00:00,400,52.280,32.210,12.350,7.700,1.840,0.000,10.690
2610026950,2026-09-24 05:00:00,600,15.670,10.030,3.610,2.020,1.420,0.000,3.170
2610026952,2026-09-24 05:00:00,200,3650.360,2367.540,1050.070,232.750,1840.920,0.000,9.810
2610026953,2026-09-24 05:00:00,700,688.020,405.310,155.010,127.690,201.510,0.000,0.670
2610026963,2026-09-24 05:00:00,200,382.930,197.580,94.500,90.830,23.710,2.230,97.320
2610026966,2026-09-24 05:00:00,240,971.290,697.170,240.820,33.300,200.610,0.000,0.000
2610026976,2026-09-24 05:00:00,60,1511.210,983.510,338.810,188.880,148.120,0.000,27.080
2610026977,2026-09-24 05:00:00,30,643.730,268.550,101.120,274.060,110.790,0.000,29.330
2610126270,2026-09-24 05:00:00,400,28.490,18.050,6.720,3.710,1.060,0.000,8.150
2610126451,2026-09-24 05:00:00,300,113.240,73.460,27.600,12.170,55.880,0.000,0.280
2610159557,2026-09-24 05:00:00,600,18.590,10.770,4.060,3.750,0.230,0.000,10.770
2610170785,2026-09-24 05:00:00,640,10.030,6.720,2.880,0.420,10.860,0.000,0.000
2610170786,2026-09-24 05:00:00,500,656.160,371.410,128.370,156.370,130.520,0.000,2.940
2610170836,2026-09-24 05:00:00,100,125.850,78.700,28.530,18.610,70.390,0.000,0.590
2610170837,2026-09-24 05:00:00,240,12.740,8.260,2.800,1.670,1.590,0.000,0.170
2610170838,2026-09-24 05:00:00,240,34.600,21.910,7.710,4.970,3.820,0.000,0.350
2610170839,2026-09-24 05:00:00,400,5.880,3.630,1.600,0.640,1.560,0.000,0.290
2610170840,2026-09-24 05:00:00,40,328.090,187.400,63.820,76.860,68.780,0.000,31.840
2610322967,2026-09-24 05:00:00,500,4.020,2.440,1.010,0.570,0.540,0.000,0.020
2610322969,2026-09-24 05:00:00,100,112.090,78.370,26.660,7.050,14.690,0.000,2.100
2610322982,2026-09-24 05:00:00,160,5.300,3.210,1.120,0.970,0.000,0.000,2.550
2610322992,2026-09-24 05:00:00,320,95.480,63.550,28.280,3.630,24.520,0.000,0.010
2610322995,2026-09-24 05:00:00,40,5.930,3.570,1.230,1.120,0.000,0.000,3.490
2610322997,2026-09-24 05:00:00,400,600.080,350.480,136.250,113.330,228.800,0.000,0.590
2610323001,2026-09-24 05:00:00,160,1914.790,1134.480,510.690,269.610,871.950,0.000,0.000
2610323004,2026-09-24 05:00:00,3000,98.430,74.500,12.860,11.060,22.790,0.000,2.230
2610323005,2026-09-24 05:00:00,120,12.440,8.390,3.160,0.880,1.640,0.000,0.920
2610323010,2026-09-24 05:00:00,60,18.830,12.520,4.540,1.760,1.560,0.000,4.910
2610323016,2026-09-24 05:00:00,160,1684.810,930.370,368.650,385.790,759.460,0.000,0.000
2610323017,2026-09-24 05:00:00,60,7.600,4.580,1.600,1.420,0.000,0.000,3.950
2610323019,2026-09-24 05:00:00,80,51.540,32.440,11.250,7.840,3.040,0.000,12.460
2610323027,2026-09-24 05:00:00,60,7.880,4.800,1.650,1.420,0.000,0.000,4.050
2510203108,2026-09-24 05:01:00,80,4040.250,2276.270,896.630,867.350,631.450,0.000,36.690
2510633387,2026-09-24 05:01:00,40,26.000,17.470,6.310,2.220,0.840,0.000,3.410
2246006313,2026-09-24 05:30:00,8800,953.576,537.602,197.339,218.634,127.975,8.999,180.553
2410121326,2026-09-24 05:30:00,200,1598.260,1030.600,448.430,119.220,377.830,0.000,5.470
2410121353,2026-09-24 05:30:00,120,725.090,502.900,197.830,24.350,161.390,0.000,15.490
2410121371,2026-09-24 05:30:00,120,608.530,377.700,133.710,97.110,72.110,0.000,29.650
2410121424,2026-09-24 05:30:00,120,48.370,29.720,11.240,7.400,1.600,0.000,17.970
2410121440,2026-09-24 05:30:00,120,22.420,14.910,4.420,3.080,2.690,0.000,6.100
2410121454,2026-09-24 05:30:00,160,2063.330,1302.760,445.040,315.520,335.710,0.000,76.690
2410121457,2026-09-24 05:30:00,120,1878.110,1193.810,521.570,162.730,355.170,0.000,42.560
2410121574,2026-09-24 05:30:00,120,4926.250,3554.820,1146.230,225.190,426.220,0.000,381.960
2410131378,2026-09-24 05:30:00,200,1867.570,1202.140,519.860,145.560,410.100,0.000,9.730
2410131383,2026-09-24 05:30:00,400,1069.330,708.310,228.400,132.600,48.270,0.000,65.770
2410131384,2026-09-24 05:30:00,200,9859.310,5592.780,1984.370,2282.150,2056.540,0.000,4.900
2410131387,2026-09-24 05:30:00,600,552.760,345.760,131.880,75.120,57.790,0.000,59.100
2410320615,2026-09-24 05:30:00,700,15602.370,9565.690,3805.610,2231.060,3857.220,0.000,51.460
2410883988,2026-09-24 05:30:00,100,37.130,19.010,5.510,12.600,3.520,0.000,2.210
2410883990,2026-09-24 05:30:00,60,3000.330,1720.950,640.200,639.170,889.130,0.000,38.530
2410883991,2026-09-24 05:30:00,100,2743.350,1651.190,617.240,474.910,257.030,0.260,74.300
2410883993,2026-09-24 05:30:00,60,3169.150,1532.350,599.990,1036.800,125.730,0.000,341.090
2410883994,2026-09-24 05:30:00,320,108.090,48.500,21.510,38.070,3.450,0.000,6.810
2410932742,2026-09-24 05:30:00,240,20043.311,11660.810,3721.950,4660.540,5088.820,0.000,5.960
2411087432,2026-09-24 05:30:00,40,3715.120,2304.780,1066.130,344.200,747.520,0.000,31.160
2411087433,2026-09-24 05:30:00,500,861.450,508.480,187.130,165.820,22.610,0.000,779.310
2411290205,2026-09-24 05:30:00,240,9713.340,6532.270,2847.500,333.550,3443.190,0.000,59.540
2510014481,2026-09-24 05:30:00,80,15477.480,9018.310,2981.480,3477.680,5817.480,0.000,5.520
2510014483,2026-09-24 05:30:00,300,232.270,133.840,51.750,46.660,0.000,0.000,187.610
2510014484,2026-09-24 05:30:00,160,9501.420,5385.050,2101.410,2014.940,1546.730,0.000,21.600
2510178139,2026-09-24 05:30:00,300,839.180,487.850,178.190,173.120,183.620,0.000,14.140
2510178141,2026-09-24 05:30:00,40,671.250,502.870,157.250,11.110,186.770,0.000,47.770
2510203103,2026-09-24 05:30:00,400,1866.250,1110.820,419.620,335.800,65.230,3.580,330.600
2510203104,2026-09-24 05:30:00,120,3058.180,1836.960,716.920,504.300,463.910,0.000,69.190
2510203105,2026-09-24 05:30:00,100,2458.000,1709.380,694.470,54.130,577.630,0.000,70.680
2510203106,2026-09-24 05:30:00,100,99.850,46.230,16.830,36.780,0.410,0.000,37.430
2510203107,2026-09-24 05:30:00,600,675.430,426.030,183.170,66.220,197.240,0.000,12.620
2510203108,2026-09-24 05:30:00,80,4040.500,2276.510,896.630,867.350,631.470,0.000,36.690
2510203109,2026-09-24 05:30:00,160,1541.370,966.790,474.890,99.680,462.730,0.000,87.190
2510203113,2026-09-24 05:30:00,160,4547.700,2900.250,1102.160,545.280,277.530,0.000,111.260
2510203114,2026-09-24 05:30:00,120,1928.010,1210.260,476.240,241.500,388.790,0.000,33.730
2510203117,2026-09-24 05:30:00,80,1670.400,890.700,361.920,417.770,284.780,0.000,166.860
2510203118,2026-09-24 05:30:00,640,198.170,114.560,44.620,38.990,26.990,0.010,116.130
2510203119,2026-09-24 05:30:00,40,480.840,323.310,123.490,34.030,180.180,0.000,14.800
2510203120,2026-09-24 05:30:00,160,4365.150,2679.570,961.650,723.920,1014.840,0.000,14.900
2510203121,2026-09-24 05:30:00,100,1304.310,765.600,305.510,233.190,71.900,0.000,108.050
2510203122,2026-09-24 05:30:00,40,948.850,601.690,297.640,49.510,693.910,0.000,0.710
2510203123,2026-09-24 05:30:00,40,2684.540,1769.690,733.260,181.580,853.450,0.000,11.840
2510203124,2026-09-24 05:30:00,800,1200.440,850.400,289.440,60.600,339.280,0.000,0.360
2510203126,2026-09-24 05:30:00,100,17.070,7.840,2.420,6.810,0.440,0.000,1.360
2510203127,2026-09-24 05:30:00,40,1293.510,844.350,344.750,104.400,375.990,0.000,49.280
2510203128,2026-09-24 05:30:00,500,8045.070,4221.740,1416.510,2406.810,375.400,0.000,112.570
2510203129,2026-09-24 05:30:00,80,7.180,3.760,1.350,2.060,0.000,0.000,1.680
2510203130,2026-09-24 05:30:00,120,33.600,24.170,6.890,2.530,9.730,0.000,0.520
2510203133,2026-09-24 05:30:00,40,672.280,457.800,169.670,44.810,114.680,0.000,47.690
2510203134,2026-09-24 05:30:00,200,141.950,83.040,32.740,26.160,6.060,0.000,33.440
2510224049,2026-09-24 05:30:00,1,53772.629,20992.029,10976.270,21804.311,118.600,0.000,9053.340
2510224167,2026-09-24 05:30:00,1,21043.051,9328.150,4122.020,7592.870,904.010,0.000,5718.270
2510317505,2026-09-24 05:30:00,1,15346.820,6736.710,3249.980,5360.120,0.740,0.000,4583.150
2510317537,2026-09-24 05:30:00,1,11890.440,6825.110,2245.800,2819.520,218.560,1427.680,2157.710
2510389559,2026-09-24 05:30:00,1,36.870,20.630,14.320,1.910,30.680,0.000,5.910
2510389643,2026-09-24 05:30:00,1,43475.480,15582.950,7781.970,20110.561,22.630,0.000,4127.190
2510389931,2026-09-24 05:30:00,1,31440.240,12016.140,6640.400,12783.700,0.150,0.000,4317.990
2510633381,2026-09-24 05:30:00,320,225.210,140.080,50.650,34.470,6.310,0.000,46.130
2510633385,2026-09-24 05:30:00,60,1229.970,579.490,245.240,405.230,48.530,0.000,95.620
2510633386,2026-09-24 05:30:00,500,493.830,281.040,106.410,106.360,30.900,0.000,2768.160
2510633387,2026-09-24 05:30:00,40,26.000,17.470,6.310,2.220,0.840,0.000,3.410
2510633389,2026-09-24 05:30:00,500,534.570,362.060,124.480,48.010,100.680,0.000,102.690
2510633390,2026-09-24 05:30:00,80,2196.460,1315.460,484.290,396.700,571.660,0.000,6.350
2510633391,2026-09-24 05:30:00,100,254.300,196.370,57.820,0.100,3.450,0.000,1.940
2510633393,2026-09-24 05:30:00,600,6019.200,3502.480,1196.110,1320.610,1283.820,0.000,0.480
2510633395,2026-09-24 05:30:00,40,1300.980,732.580,283.550,284.840,61.340,0.000,39.160
2510633396,2026-09-24 05:30:00,400,926.510,628.050,218.180,80.270,212.970,0.000,0.170
2510633397,2026-09-24 05:30:00,240,570.060,364.610,172.970,32.470,216.010,0.000,18.160
2510633399,2026-09-24 05:30:00,600,1172.190,674.080,251.940,246.160,58.830,0.000,57.120
2510633400,2026-09-24 05:30:00,800,773.970,469.510,179.580,124.870,170.690,0.000,28.000
2510633402,2026-09-24 05:30:00,300,587.930,353.160,124.610,110.140,147.080,0.000,10.400
2510633406,2026-09-24 05:30:00,60,364.870,166.160,70.990,127.720,19.800,0.000,99.250
2510633411,2026-09-24 05:30:00,800,4824.840,2751.600,1007.140,1066.090,1715.660,0.000,29.340
2510814977,2026-09-24 05:30:00,400,52.280,32.220,12.350,7.700,1.840,0.000,10.690
2610026950,2026-09-24 05:30:00,600,15.670,10.030,3.610,2.020,1.420,0.000,3.170
2610026952,2026-09-24 05:30:00,200,3650.830,2368.000,1050.070,232.750,1841.230,0.000,9.810
2610026953,2026-09-24 05:30:00,700,688.180,405.470,155.010,127.690,201.580,0.000,0.670
2610026963,2026-09-24 05:30:00,200,382.970,197.620,94.500,90.830,23.710,2.230,97.340
2610026966,2026-09-24 05:30:00,240,971.310,697.180,240.820,33.300,200.610,0.000,0.000
2610026976,2026-09-24 05:30:00,60,1511.350,983.650,338.810,188.880,148.120,0.000,27.090
2610026977,2026-09-24 05:30:00,30,643.810,268.630,101.120,274.060,110.840,0.000,29.330
2610126270,2026-09-24 05:30:00,400,28.500,18.060,6.720,3.710,1.060,0.000,8.160
2610126451,2026-09-24 05:30:00,300,113.240,73.460,27.600,12.170,55.880,0.000,0.280
2610159557,2026-09-24 05:30:00,600,18.590,10.770,4.060,3.750,0.230,0.000,10.770
2610170785,2026-09-24 05:30:00,640,10.030,6.720,2.880,0.420,10.860,0.000,0.000
2610170786,2026-09-24 05:30:00,500,656.430,371.680,128.370,156.370,130.580,0.000,2.940
2610170836,2026-09-24 05:30:00,100,125.850,78.700,28.530,18.610,70.390,0.000,0.590
2610170837,2026-09-24 05:30:00,240,12.750,8.260,2.800,1.670,1.590,0.000,0.170
2610170838,2026-09-24 05:30:00,240,34.600,21.910,7.710,4.970,3.820,0.000,0.350
2610170839,2026-09-24 05:30:00,400,5.890,3.640,1.600,0.640,1.560,0.000,0.290
2610170840,2026-09-24 05:30:00,40,328.120,187.430,63.820,76.860,68.780,0.000,31.850
2610322967,2026-09-24 05:30:00,500,4.020,2.440,1.010,0.570,0.540,0.000,0.020
2610322969,2026-09-24 05:30:00,100,112.110,78.390,26.660,7.050,14.690,0.000,2.110
2610322982,2026-09-24 05:30:00,160,5.310,3.210,1.120,0.970,0.000,0.000,2.550
2610322992,2026-09-24 05:30:00,320,95.540,63.620,28.280,3.630,24.520,0.000,0.010
2610322995,2026-09-24 05:30:00,40,5.940,3.580,1.230,1.120,0.000,0.000,3.500
2610322997,2026-09-24 05:30:00,400,600.200,350.610,136.250,113.330,228.830,0.000,0.590
2610323001,2026-09-24 05:30:00,160,1915.200,1134.880,510.690,269.610,872.170,0.000,0.000
2610323004,2026-09-24 05:30:00,3000,98.440,74.500,12.860,11.060,22.790,0.000,2.230
2610323005,2026-09-24 05:30:00,120,12.440,8.390,3.160,0.880,1.640,0.000,0.920
2610323010,2026-09-24 05:30:00,60,18.840,12.530,4.540,1.760,1.560,0.000,4.920
2610323016,2026-09-24 05:30:00,160,1685.000,930.560,368.650,385.790,759.510,0.000,0.000
2610323017,2026-09-24 05:30:00,60,7.610,4.580,1.600,1.420,0.000,0.000,3.960
2610323019,2026-09-24 05:30:00,80,51.550,32.450,11.250,7.840,3.040,0.000,12.470
2610323027,2026-09-24 05:30:00,60,7.890,4.810,1.650,1.420,0.000,0.000,4.050
2510014482,2026-09-24 05:31:00,40,1303.130,907.790,358.370,36.970,85.260,0.000,63.630
2510203111,2026-09-24 05:31:00,40,3965.720,2503.050,981.100,481.570,1082.200,0.000,12.790
2510633383,2026-09-24 05:31:00,40,1744.900,1308.220,402.140,34.530,53.810,0.000,312.640
2246006313,2026-09-24 06:00:00,8800,953.657,537.683,197.339,218.634,127.992,8.999,180.553
2410121326,2026-09-24 06:00:00,200,1598.290,1030.620,448.430,119.220,377.830,0.000,5.470
2410121353,2026-09-24 06:00:00,120,725.100,502.920,197.830,24.350,161.390,0.000,15.490
2410121371,2026-09-24 06:00:00,120,608.530,377.710,133.710,97.110,72.110,0.000,29.650
2410121424,2026-09-24 06:00:00,120,48.380,29.720,11.240,7.400,1.600,0.000,17.970
2410121440,2026-09-24 06:00:00,120,22.420,14.910,4.420,3.080,2.690,0.000,6.100
2410121454,2026-09-24 06:00:00,160,2063.360,1302.790,445.040,315.520,335.720,0.000,76.690
2410121457,2026-09-24 06:00:00,120,1878.740,1194.440,521.570,162.730,355.360,0.000,42.560
2410121574,2026-09-24 06:00:00,120,4926.410,3554.970,1146.230,225.190,426.220,0.000,381.980
2410131378,2026-09-24 06:00:00,200,1867.580,1202.150,519.860,145.560,410.100,0.000,9.730
2410131383,2026-09-24 06:00:00,400,1069.340,708.330,228.400,132.600,48.270,0.000,65.770
2410131384,2026-09-24 06:00:00,200,9859.590,5593.060,1984.370,2282.150,2056.640,0.000,4.900
2410131387,2026-09-24 06:00:00,600,552.780,345.770,131.880,75.120,57.800,0.000,59.100
2410320615,2026-09-24 06:00:00,700,15602.840,9566.160,3805.610,2231.060,3857.290,0.000,51.460
2410883988,2026-09-24 06:00:00,100,37.130,19.010,5.510,12.600,3.520,0.000,2.210
2410883990,2026-09-24 06:00:00,60,3000.330,1720.960,640.200,639.170,889.130,0.000,38.530
2410883991,2026-09-24 06:00:00,100,2743.400,1651.240,617.240,474.910,257.030,0.260,74.300
2410883993,2026-09-24 06:00:00,60,3169.290,1532.500,599.990,1036.800,125.740,0.000,341.100
2410883994,2026-09-24 06:00:00,320,108.090,48.500,21.510,38.070,3.450,0.000,6.810
2410932742,2026-09-24 06:00:00,240,20044.211,11661.710,3721.950,4660.540,5089.090,0.000,5.960
2411087432,2026-09-24 06:00:00,40,3715.200,2304.860,1066.130,344.200,747.520,0.000,31.160
2411087433,2026-09-24 06:00:00,500,861.620,508.660,187.130,165.820,22.630,0.000,779.310
2411290205,2026-09-24 06:00:00,240,9713.380,6532.320,2847.500,333.550,3443.190,0.000,59.540
2510014481,2026-09-24 06:00:00,80,15478.150,9018.980,2981.480,3477.680,5817.720,0.000,5.520
2510014482,2026-09-24 06:00:00,40,1303.140,907.800,358.370,36.970,85.260,0.000,63.630
2510014483,2026-09-24 06:00:00,300,232.280,133.850,51.750,46.660,0.000,0.000,187.620
2510014484,2026-09-24 06:00:00,160,9501.990,5385.630,2101.410,2014.940,1546.930,0.000,21.600
2510178141,2026-09-24 06:00:00,40,671.250,502.870,157.250,11.110,186.770,0.000,47.770
2510203103,2026-09-24 06:00:00,400,1866.280,1110.850,419.620,335.800,65.230,3.580,330.600
2510203104,2026-09-24 06:00:00,120,3058.300,1837.080,716.920,504.300,463.940,0.000,69.190
2510203105,2026-09-24 06:00:00,100,2458.010,1709.400,694.470,54.130,577.640,0.000,70.680
2510203106,2026-09-24 06:00:00,100,99.980,46.360,16.830,36.780,0.430,0.000,37.430
2510203107,2026-09-24 06:00:00,600,675.700,426.300,183.170,66.220,197.330,0.000,12.620
2510203108,2026-09-24 06:00:00,80,4040.760,2276.770,896.630,867.350,631.490,0.000,36.690
2510203109,2026-09-24 06:00:00,160,1541.370,966.790,474.890,99.680,462.730,0.000,87.190
2510203111,2026-09-24 06:00:00,40,3965.730,2503.050,981.100,481.570,1082.200,0.000,12.790
2510203113,2026-09-24 06:00:00,160,4547.890,2900.450,1102.160,545.280,277.550,0.000,111.260
2510203114,2026-09-24 06:00:00,120,1928.090,1210.340,476.240,241.500,388.800,0.000,33.730
2510203117,2026-09-24 06:00:00,80,1670.430,890.720,361.920,417.770,284.780,0.000,166.870
2510203118,2026-09-24 06:00:00,640,198.190,114.580,44.620,38.990,26.990,0.010,116.150
2510203119,2026-09-24 06:00:00,40,480.840,323.310,123.490,34.030,180.180,0.000,14.800
2510203121,2026-09-24 06:00:00,100,1304.390,765.680,305.510,233.190,71.910,0.000,108.060
2510203122,2026-09-24 06:00:00,40,948.860,601.700,297.640,49.510,693.920,0.000,0.710
2510203123,2026-09-24 06:00:00,40,2684.550,1769.690,733.260,181.580,853.450,0.000,11.840
2510203124,2026-09-24 06:00:00,800,1200.490,850.450,289.440,60.600,339.300,0.000,0.360
2510203126,2026-09-24 06:00:00,100,17.080,7.840,2.420,6.810,0.440,0.000,1.360
2510203127,2026-09-24 06:00:00,40,1293.520,844.350,344.750,104.400,375.990,0.000,49.280
2510203128,2026-09-24 06:00:00,500,8045.640,4222.310,1416.510,2406.810,375.430,0.000,112.570
2510203129,2026-09-24 06:00:00,80,7.180,3.770,1.350,2.060,0.000,0.000,1.690
2510203130,2026-09-24 06:00:00,120,33.610,24.170,6.890,2.530,9.730,0.000,0.520
2510203133,2026-09-24 06:00:00,40,672.290,457.800,169.670,44.810,114.680,0.000,47.700
2510203134,2026-09-24 06:00:00,200,141.950,83.050,32.740,26.160,6.060,0.000,33.440
2510224049,2026-09-24 06:00:00,1,53772.719,20992.119,10976.270,21804.311,118.600,0.000,9053.410
2510224167,2026-09-24 06:00:00,1,21043.160,9328.260,4122.020,7592.870,904.010,0.000,5718.360
2510317505,2026-09-24 06:00:00,1,15346.960,6736.850,3249.980,5360.120,0.740,0.000,4583.280
2510317537,2026-09-24 06:00:00,1,11891.210,6825.890,2245.800,2819.520,218.560,1427.680,2157.830
2510389559,2026-09-24 06:00:00,1,36.870,20.630,14.320,1.910,30.680,0.000,5.910
2510389643,2026-09-24 06:00:00,1,43475.699,15583.170,7781.970,20110.561,22.630,0.000,4127.210
2510389931,2026-09-24 06:00:00,1,31440.250,12016.140,6640.400,12783.700,0.150,0.000,4318.000
2510633381,2026-09-24 06:00:00,320,225.220,140.090,50.650,34.470,6.310,0.000,46.140
2510633383,2026-09-24 06:00:00,40,1744.910,1308.230,402.140,34.530,53.810,0.000,312.670
2510633385,2026-09-24 06:00:00,60,1230.020,579.540,245.240,405.230,48.540,0.000,95.630
2510633386,2026-09-24 06:00:00,500,493.900,281.110,106.410,106.360,30.900,0.000,2768.490
2510633387,2026-09-24 06:00:00,40,26.010,17.470,6.310,2.220,0.840,0.000,3.410
2510633389,2026-09-24 06:00:00,500,534.720,362.210,124.480,48.010,100.680,0.000,102.710
2510633390,2026-09-24 06:00:00,80,2196.980,1315.970,484.290,396.700,571.810,0.000,6.350
2510633391,2026-09-24 06:00:00,100,254.300,196.370,57.820,0.100,3.450,0.000,1.940
2510633393,2026-09-24 06:00:00,600,6019.660,3502.940,1196.110,1320.610,1283.920,0.000,0.480
2510633395,2026-09-24 06:00:00,40,1300.980,732.580,283.550,284.840,61.340,0.000,39.160
2510633396,2026-09-24 06:00:00,400,926.600,628.130,218.180,80.270,213.010,0.000,0.170
2510633397,2026-09-24 06:00:00,240,570.070,364.610,172.970,32.470,216.010,0.000,18.160
2510633399,2026-09-24 06:00:00,600,1172.280,674.170,251.940,246.160,58.830,0.000,57.120
2510633400,2026-09-24 06:00:00,800,774.130,469.660,179.580,124.870,170.760,0.000,28.000
2510633402,2026-09-24 06:00:00,300,588.070,353.310,124.610,110.140,147.110,0.000,10.400
2510633406,2026-09-24 06:00:00,60,364.870,166.160,70.990,127.720,19.800,0.000,99.250
2510633411,2026-09-24 06:00:00,800,4825.480,2752.240,1007.140,1066.090,1715.930,0.000,29.340
2510814977,2026-09-24 06:00:00,400,52.280,32.220,12.350,7.700,1.840,0.000,10.700
2610026950,2026-09-24 06:00:00,600,15.670,10.030,3.610,2.020,1.420,0.000,3.170
2610026953,2026-09-24 06:00:00,700,688.340,405.620,155.010,127.690,201.650,0.000,0.670
2610026963,2026-09-24 06:00:00,200,383.000,197.650,94.500,90.830,23.710,2.230,97.360
2610026966,2026-09-24 06:00:00,240,971.350,697.230,240.820,33.300,200.630,0.000,0.000
2610026976,2026-09-24 06:00:00,60,1511.490,983.790,338.810,188.880,148.120,0.000,27.090
2610026977,2026-09-24 06:00:00,30,643.850,268.670,101.120,274.060,110.880,0.000,29.330
2610126270,2026-09-24 06:00:00,400,28.500,18.060,6.720,3.710,1.060,0.000,8.160
2610126451,2026-09-24 06:00:00,300,113.250,73.470,27.600,12.170,55.880,0.000,0.280
2610159557,2026-09-24 06:00:00,600,18.590,10.770,4.060,3.750,0.230,0.000,10.770
2610170785,2026-09-24 06:00:00,640,10.030,6.720,2.880,0.420,10.860,0.000,0.000
2610170786,2026-09-24 06:00:00,500,656.650,371.900,128.370,156.370,130.630,0.000,2.940
2610170836,2026-09-24 06:00:00,100,125.850,78.700,28.530,18.610,70.390,0.000,0.590
2610170837,2026-09-24 06:00:00,240,12.750,8.260,2.800,1.670,1.590,0.000,0.170
2610170838,2026-09-24 06:00:00,240,34.610,21.920,7.710,4.970,3.820,0.000,0.350
2610170839,2026-09-24 06:00:00,400,5.890,3.640,1.600,0.640,1.560,0.000,0.290
2610170840,2026-09-24 06:00:00,40,328.120,187.430,63.820,76.860,68.780,0.000,31.850
2610322967,2026-09-24 06:00:00,500,4.030,2.440,1.010,0.570,0.540,0.000,0.020
2610322969,2026-09-24 06:00:00,100,112.130,78.410,26.660,7.050,14.690,0.000,2.110
2610322982,2026-09-24 06:00:00,160,5.320,3.220,1.120,0.970,0.000,0.000,2.560
2610322992,2026-09-24 06:00:00,320,95.590,63.670,28.280,3.630,24.530,0.000,0.010
2610322995,2026-09-24 06:00:00,40,5.950,3.590,1.230,1.120,0.000,0.000,3.500
2610322997,2026-09-24 06:00:00,400,600.320,350.720,136.250,113.330,228.850,0.000,0.590
2610323001,2026-09-24 06:00:00,160,1915.620,1135.300,510.690,269.610,872.400,0.000,0.000
2610323004,2026-09-24 06:00:00,3000,98.440,74.510,12.860,11.060,22.790,0.000,2.240
2610323005,2026-09-24 06:00:00,120,12.440,8.390,3.160,0.880,1.640,0.000,0.920
2610323010,2026-09-24 06:00:00,60,18.850,12.540,4.540,1.760,1.560,0.000,4.920
2610323016,2026-09-24 06:00:00,160,1685.240,930.800,368.650,385.790,759.590,0.000,0.000
2610323017,2026-09-24 06:00:00,60,7.620,4.590,1.600,1.420,0.000,0.000,3.960
2610323019,2026-09-24 06:00:00,80,51.560,32.470,11.250,7.840,3.040,0.000,12.470
2610323027,2026-09-24 06:00:00,60,7.900,4.820,1.650,1.420,0.000,0.000,4.060
2510178139,2026-09-24 06:01:00,300,839.190,487.870,178.190,173.120,183.620,0.000,14.140
2510203120,2026-09-24 06:01:00,160,4365.400,2679.810,961.650,723.920,1014.940,0.000,14.900
2610026952,2026-09-24 06:01:00,200,3651.300,2368.480,1050.070,232.750,1841.540,0.000,9.810
2246006313,2026-09-24 06:30:00,8800,953.739,537.765,197.339,218.634,128.009,8.999,180.553
2410121326,2026-09-24 06:30:00,200,1598.310,1030.650,448.430,119.220,377.830,0.000,5.470
2410121353,2026-09-24 06:30:00,120,725.110,502.930,197.830,24.350,161.390,0.000,15.490
2410121371,2026-09-24 06:30:00,120,608.540,377.720,133.710,97.110,72.110,0.000,29.650
2410121424,2026-09-24 06:30:00,120,48.380,29.720,11.240,7.400,1.600,0.000,17.970
2410121440,2026-09-24 06:30:00,120,22.420,14.910,4.420,3.080,2.690,0.000,6.100
2410121454,2026-09-24 06:30:00,160,2063.400,1302.830,445.040,315.520,335.720,0.000,76.690
2410121457,2026-09-24 06:30:00,120,1879.590,1195.290,521.570,162.730,355.550,0.000,42.560
2410121574,2026-09-24 06:30:00,120,4926.820,3555.390,1146.230,225.190,426.240,0.000,381.980
2410131383,2026-09-24 06:30:00,400,1069.360,708.340,228.400,132.600,48.270,0.000,65.770
2410131387,2026-09-24 06:30:00,600,552.800,345.790,131.880,75.120,57.800,0.000,59.100
2410320615,2026-09-24 06:30:00,700,15603.420,9566.740,3805.610,2231.060,3857.380,0.000,51.460
2410883988,2026-09-24 06:30:00,100,37.150,19.020,5.510,12.600,3.520,0.000,2.210
2410883990,2026-09-24 06:30:00,60,3000.340,1720.960,640.200,639.170,889.130,0.000,38.530
2410883991,2026-09-24 06:30:00,100,2743.450,1651.290,617.240,474.910,257.030,0.260,74.300
2410883993,2026-09-24 06:30:00,60,3169.410,1532.610,599.990,1036.800,125.770,0.000,341.100
2410883994,2026-09-24 06:30:00,320,108.100,48.510,21.510,38.070,3.450,0.000,6.820
2410932742,2026-09-24 06:30:00,240,20045.051,11662.540,3721.950,4660.540,5089.340,0.000,5.960
2411087432,2026-09-24 06:30:00,40,3715.290,2304.960,1066.130,344.200,747.520,0.000,31.160
2411087433,2026-09-24 06:30:00,500,861.800,508.840,187.130,165.820,22.640,0.000,779.310
2411290205,2026-09-24 06:30:00,240,9713.430,6532.370,2847.500,333.550,3443.200,0.000,59.540
2510014481,2026-09-24 06:30:00,80,15478.790,9019.620,2981.480,3477.680,5817.990,0.000,5.520
2510014482,2026-09-24 06:30:00,40,1303.140,907.800,358.370,36.970,85.260,0.000,63.630
2510014483,2026-09-24 06:30:00,300,232.290,133.860,51.750,46.660,0.000,0.000,187.630
2510014484,2026-09-24 06:30:00,160,9502.560,5386.200,2101.410,2014.940,1547.120,0.000,21.600
2510178139,2026-09-24 06:30:00,300,839.200,487.880,178.190,173.120,183.630,0.000,14.140
2510178141,2026-09-24 06:30:00,40,671.250,502.870,157.250,11.110,186.770,0.000,47.780
2510203103,2026-09-24 06:30:00,400,1866.360,1110.930,419.620,335.800,65.230,3.580,330.600
2510203105,2026-09-24 06:30:00,100,2458.150,1709.530,694.470,54.130,577.740,0.000,70.680
2510203107,2026-09-24 06:30:00,600,675.880,426.480,183.170,66.220,197.390,0.000,12.620
2510203108,2026-09-24 06:30:00,80,4040.970,2276.980,896.630,867.350,631.520,0.000,36.690
2510203109,2026-09-24 06:30:00,160,1541.390,966.810,474.890,99.680,462.740,0.000,87.190
2510203111,2026-09-24 06:30:00,40,3965.730,2503.050,981.100,481.570,1082.200,0.000,12.790
2510203113,2026-09-24 06:30:00,160,4548.090,2900.640,1102.160,545.280,277.560,0.000,111.260
2510203114,2026-09-24 06:30:00,120,1928.180,1210.430,476.240,241.500,388.810,0.000,33.730
2510203117,2026-09-24 06:30:00,80,1670.470,890.760,361.920,417.770,284.800,0.000,166.870
2510203118,2026-09-24 06:30:00,640,198.220,114.610,44.620,38.990,26.990,0.010,116.160
2510203119,2026-09-24 06:30:00,40,480.840,323.310,123.490,34.030,180.180,0.000,14.800
2510203120,2026-09-24 06:30:00,160,4365.640,2680.050,961.650,723.920,1015.020,0.000,14.900
2510203121,2026-09-24 06:30:00,100,1304.490,765.770,305.510,233.190,71.920,0.000,108.060
2510203122,2026-09-24 06:30:00,40,948.870,601.710,297.640,49.510,693.920,0.000,0.710
2510203123,2026-09-24 06:30:00,40,2684.550,1769.700,733.260,181.580,853.450,0.000,11.850
2510203124,2026-09-24 06:30:00,800,1200.540,850.500,289.440,60.600,339.320,0.000,0.360
2510203126,2026-09-24 06:30:00,100,17.090,7.850,2.420,6.810,0.440,0.000,1.360
2510203128,2026-09-24 06:30:00,500,8046.170,4222.830,1416.510,2406.810,375.460,0.000,112.570
2510203129,2026-09-24 06:30:00,80,7.180,3.770,1.350,2.060,0.000,0.000,1.690
2510203130,2026-09-24 06:30:00,120,33.610,24.180,6.890,2.530,9.730,0.000,0.520
2510203133,2026-09-24 06:30:00,40,672.290,457.810,169.670,44.810,114.680,0.000,47.700
2510203134,2026-09-24 06:30:00,200,141.960,83.050,32.740,26.160,6.060,0.000,33.440
2510224049,2026-09-24 06:30:00,1,53772.840,20992.250,10976.270,21804.311,118.600,0.000,9053.490
2510224167,2026-09-24 06:30:00,1,21043.250,9328.350,4122.020,7592.870,904.010,0.000,5718.440
2510317505,2026-09-24 06:30:00,1,15347.100,6736.990,3249.980,5360.120,0.740,0.000,4583.410
2510317537,2026-09-24 06:30:00,1,11892.010,6826.680,2245.800,2819.520,218.560,1427.680,2157.960
2510389559,2026-09-24 06:30:00,1,36.870,20.630,14.320,1.910,30.680,0.000,5.910
2510389643,2026-09-24 06:30:00,1,43475.871,15583.340,7781.970,20110.561,22.630,0.000,4127.260
2510389931,2026-09-24 06:30:00,1,31440.250,12016.140,6640.400,12783.700,0.150,0.000,4318.000
2510633381,2026-09-24 06:30:00,320,225.240,140.110,50.650,34.470,6.310,0.000,46.140
2510633383,2026-09-24 06:30:00,40,1744.920,1308.240,402.140,34.530,53.810,0.000,312.700
2510633385,2026-09-24 06:30:00,60,1230.040,579.570,245.240,405.230,48.540,0.000,95.630
2510633386,2026-09-24 06:30:00,500,493.970,281.180,106.410,106.360,30.900,0.000,2768.830
2510633387,2026-09-24 06:30:00,40,26.010,17.480,6.310,2.220,0.840,0.000,3.410
2510633389,2026-09-24 06:30:00,500,534.830,362.330,124.480,48.010,100.680,0.000,102.730
2510633390,2026-09-24 06:30:00,80,2197.500,1316.490,484.290,396.700,571.970,0.000,6.350
2510633391,2026-09-24 06:30:00,100,254.300,196.370,57.820,0.100,3.450,0.000,1.940
2510633393,2026-09-24 06:30:00,600,6020.140,3503.410,1196.110,1320.610,1284.040,0.000,0.480
2510633395,2026-09-24 06:30:00,40,1300.980,732.580,283.550,284.840,61.340,0.000,39.160
2510633396,2026-09-24 06:30:00,400,926.690,628.230,218.180,80.270,213.060,0.000,0.170
2510633397,2026-09-24 06:30:00,240,570.070,364.620,172.970,32.470,216.010,0.000,18.170
2510633399,2026-09-24 06:30:00,600,1172.370,674.260,251.940,246.160,58.830,0.000,57.120
2510633400,2026-09-24 06:30:00,800,774.280,469.820,179.580,124.870,170.830,0.000,28.000
2510633402,2026-09-24 06:30:00,300,588.280,353.520,124.610,110.140,147.180,0.000,10.400
2510633406,2026-09-24 06:30:00,60,364.870,166.160,70.990,127.720,19.800,0.000,99.250
2510633411,2026-09-24 06:30:00,800,4826.110,2752.870,1007.140,1066.090,1716.190,0.000,29.340
2510814977,2026-09-24 06:30:00,400,52.280,32.220,12.350,7.700,1.840,0.000,10.700
2610026950,2026-09-24 06:30:00,600,15.680,10.030,3.610,2.020,1.420,0.000,3.170
2610026953,2026-09-24 06:30:00,700,688.490,405.780,155.010,127.690,201.720,0.000,0.670
2610026966,2026-09-24 06:30:00,240,971.430,697.300,240.820,33.300,200.640,0.000,0.000
2610026976,2026-09-24 06:30:00,60,1511.700,984.000,338.810,188.880,148.130,0.000,27.100
2610126451,2026-09-24 06:30:00,300,113.250,73.480,27.600,12.170,55.880,0.000,0.280
2610159557,2026-09-24 06:30:00,600,18.590,10.780,4.060,3.750,0.230,0.000,10.780
2610170785,2026-09-24 06:30:00,640,10.040,6.720,2.880,0.420,10.860,0.000,0.000
2610170786,2026-09-24 06:30:00,500,656.870,372.120,128.370,156.370,130.680,0.000,2.940
2610170836,2026-09-24 06:30:00,100,125.850,78.700,28.530,18.610,70.390,0.000,0.590
2610170837,2026-09-24 06:30:00,240,12.750,8.260,2.800,1.670,1.590,0.000,0.170
2610170838,2026-09-24 06:30:00,240,34.620,21.930,7.710,4.970,3.830,0.000,0.350
2610170839,2026-09-24 06:30:00,400,5.890,3.640,1.600,0.640,1.560,0.000,0.290
2610170840,2026-09-24 06:30:00,40,328.120,187.430,63.820,76.860,68.780,0.000,31.850
2610322967,2026-09-24 06:30:00,500,4.030,2.440,1.010,0.570,0.540,0.000,0.020
2610322969,2026-09-24 06:30:00,100,112.150,78.440,26.660,7.050,14.690,0.000,2.110
2610322982,2026-09-24 06:30:00,160,5.320,3.220,1.120,0.970,0.000,0.000,2.560
2610322992,2026-09-24 06:30:00,320,95.680,63.760,28.280,3.630,24.540,0.000,0.010
2610322995,2026-09-24 06:30:00,40,5.950,3.590,1.230,1.120,0.000,0.000,3.510
2610322997,2026-09-24 06:30:00,400,600.440,350.840,136.250,113.330,228.870,0.000,0.590
2610323001,2026-09-24 06:30:00,160,1916.170,1135.850,510.690,269.610,872.660,0.000,0.000
2610323004,2026-09-24 06:30:00,3000,98.450,74.520,12.860,11.060,22.790,0.000,2.240
2610323005,2026-09-24 06:30:00,120,12.440,8.390,3.160,0.880,1.640,0.000,0.920
2610323010,2026-09-24 06:30:00,60,18.870,12.560,4.540,1.760,1.560,0.000,4.930
2610323016,2026-09-24 06:30:00,160,1685.460,931.020,368.650,385.790,759.650,0.000,0.000
2610323017,2026-09-24 06:30:00,60,7.630,4.600,1.600,1.420,0.000,0.000,3.970
2610323019,2026-09-24 06:30:00,80,51.580,32.480,11.250,7.840,3.040,0.000,12.470
2610323027,2026-09-24 06:30:00,60,7.910,4.820,1.650,1.420,0.000,0.000,4.070
2410131378,2026-09-24 06:31:00,200,1867.600,1202.160,519.860,145.560,410.100,0.000,9.730
2410131384,2026-09-24 06:31:00,200,9859.880,5593.350,1984.370,2282.150,2056.740,0.000,4.900
2510203106,2026-09-24 06:31:00,100,100.070,46.450,16.830,36.780,0.440,0.000,37.430
2510203127,2026-09-24 06:31:00,40,1293.530,844.360,344.750,104.400,375.990,0.000,49.290
2610026952,2026-09-24 06:31:00,200,3651.810,2368.980,1050.070,232.750,1841.860,0.000,9.810
2610026977,2026-09-24 06:31:00,30,643.900,268.710,101.120,274.060,110.910,0.000,29.330
2610126270,2026-09-24 06:31:00,400,28.510,18.070,6.720,3.710,1.060,0.000,8.160
2610026963,2026-09-24 06:32:00,200,383.010,197.670,94.500,90.830,23.710,2.230,97.380
2510203104,2026-09-24 06:33:00,120,3058.450,1837.220,716.920,504.300,463.960,0.000,69.190
2246006313,2026-09-24 07:00:00,8800,953.823,537.849,197.339,218.634,128.027,8.999,180.553
2410121326,2026-09-24 07:00:00,200,1598.340,1030.680,448.430,119.220,377.830,0.000,5.470
2410121353,2026-09-24 07:00:00,120,725.130,502.940,197.830,24.350,161.390,0.000,15.490
2410121371,2026-09-24 07:00:00,120,608.550,377.720,133.710,97.110,72.110,0.000,29.650
2410121424,2026-09-24 07:00:00,120,48.380,29.730,11.240,7.400,1.600,0.000,17.970
2410121440,2026-09-24 07:00:00,120,22.430,14.910,4.420,3.080,2.690,0.000,6.100
2410121454,2026-09-24 07:00:00,160,2063.440,1302.870,445.040,315.520,335.740,0.000,76.690
2410121457,2026-09-24 07:00:00,120,1880.290,1195.990,521.570,162.730,355.700,0.000,42.560
2410131378,2026-09-24 07:00:00,200,1867.660,1202.230,519.860,145.560,410.100,0.000,9.730
2410131383,2026-09-24 07:00:00,400,1069.390,708.370,228.400,132.600,48.270,0.000,65.770
2410131384,2026-09-24 07:00:00,200,9860.160,5593.630,1984.370,2282.150,2056.830,0.000,4.900
2410131387,2026-09-24 07:00:00,600,552.870,345.870,131.880,75.120,57.830,0.000,59.100
2410320615,2026-09-24 07:00:00,700,15604.220,9567.540,3805.610,2231.060,3857.580,0.000,51.460
2410883988,2026-09-24 07:00:00,100,37.150,19.030,5.510,12.600,3.520,0.000,2.210
2410883990,2026-09-24 07:00:00,60,3000.350,1720.970,640.200,639.170,889.130,0.000,38.530
2410883991,2026-09-24 07:00:00,100,2743.510,1651.350,617.240,474.910,257.040,0.260,74.300
2410883993,2026-09-24 07:00:00,60,3169.550,1532.760,599.990,1036.800,125.830,0.000,341.100
2410883994,2026-09-24 07:00:00,320,108.100,48.510,21.510,38.070,3.450,0.000,6.820
2410932742,2026-09-24 07:00:00,240,20045.949,11663.450,3721.950,4660.540,5089.610,0.000,5.960
2411087432,2026-09-24 07:00:00,40,3715.420,2305.080,1066.130,344.200,747.520,0.000,31.160
2411087433,2026-09-24 07:00:00,500,861.980,509.020,187.130,165.820,22.650,0.000,779.310
2510014481,2026-09-24 07:00:00,80,15479.470,9020.300,2981.480,3477.680,5818.280,0.000,5.520
2510014482,2026-09-24 07:00:00,40,1303.150,907.810,358.370,36.970,85.260,0.000,63.630
2510014483,2026-09-24 07:00:00,300,232.300,133.870,51.750,46.660,0.000,0.000,187.640
2510014484,2026-09-24 07:00:00,160,9503.140,5386.780,2101.410,2014.940,1547.320,0.000,21.600
2510178139,2026-09-24 07:00:00,300,839.220,487.890,178.190,173.120,183.630,0.000,14.140
2510178141,2026-09-24 07:00:00,40,671.290,502.910,157.250,11.110,186.790,0.000,47.780
2510203103,2026-09-24 07:00:00,400,1866.390,1110.960,419.620,335.800,65.250,3.580,330.600
2510203104,2026-09-24 07:00:00,120,3058.580,1837.350,716.920,504.300,463.990,0.000,69.190
2510203105,2026-09-24 07:00:00,100,2458.280,1709.660,694.470,54.130,577.810,0.000,70.690
2510203106,2026-09-24 07:00:00,100,100.080,46.460,16.830,36.780,0.440,0.000,37.440
2510203107,2026-09-24 07:00:00,600,675.980,426.580,183.170,66.220,197.440,0.000,12.620
2510203109,2026-09-24 07:00:00,160,1541.410,966.830,474.890,99.680,462.750,0.000,87.190
2510203111,2026-09-24 07:00:00,40,3965.730,2503.060,981.100,481.570,1082.200,0.000,12.790
2510203113,2026-09-24 07:00:00,160,4548.350,2900.910,1102.160,545.280,277.590,0.000,111.260
2510203114,2026-09-24 07:00:00,120,1928.290,1210.540,476.240,241.500,388.830,0.000,33.730
2510203117,2026-09-24 07:00:00,80,1670.520,890.820,361.920,417.770,284.830,0.000,166.870
2510203118,2026-09-24 07:00:00,640,198.250,114.640,44.620,38.990,26.990,0.010,116.170
2510203119,2026-09-24 07:00:00,40,480.840,323.310,123.490,34.030,180.180,0.000,14.800
2510203120,2026-09-24 07:00:00,160,4365.980,2680.390,961.650,723.920,1015.130,0.000,14.900
2510203121,2026-09-24 07:00:00,100,1304.560,765.850,305.510,233.190,71.930,0.000,108.060
2510203122,2026-09-24 07:00:00,40,948.880,601.720,297.640,49.510,693.920,0.000,0.710
2510203123,2026-09-24 07:00:00,40,2684.550,1769.700,733.260,181.580,853.450,0.000,11.850
2510203124,2026-09-24 07:00:00,800,1200.610,850.570,289.440,60.600,339.350,0.000,0.360
2510203126,2026-09-24 07:00:00,100,17.100,7.860,2.420,6.810,0.440,0.000,1.360
2510203127,2026-09-24 07:00:00,40,1293.540,844.370,344.750,104.400,375.990,0.000,49.290
2510203128,2026-09-24 07:00:00,500,8046.550,4223.220,1416.510,2406.810,375.460,0.000,112.570
2510203129,2026-09-24 07:00:00,80,7.190,3.770,1.350,2.060,0.000,0.000,1.690
2510203130,2026-09-24 07:00:00,120,33.620,24.190,6.890,2.530,9.740,0.000,0.520
2510203133,2026-09-24 07:00:00,40,672.300,457.810,169.670,44.810,114.680,0.000,47.700
2510203134,2026-09-24 07:00:00,200,141.960,83.050,32.740,26.160,6.060,0.000,33.440
2510224049,2026-09-24 07:00:00,1,53772.969,20992.381,10976.270,21804.311,118.600,0.000,9053.580
2510224167,2026-09-24 07:00:00,1,21043.340,9328.440,4122.020,7592.870,904.010,0.000,5718.530
2510317505,2026-09-24 07:00:00,1,15347.240,6737.130,3249.980,5360.120,0.740,0.000,4583.550
2510317537,2026-09-24 07:00:00,1,11892.830,6827.500,2245.800,2819.520,218.560,1427.680,2158.100
2510389559,2026-09-24 07:00:00,1,36.870,20.630,14.320,1.910,30.680,0.000,5.910
2510389643,2026-09-24 07:00:00,1,43476.000,15583.470,7781.970,20110.561,22.630,0.000,4127.280
2510389931,2026-09-24 07:00:00,1,31440.250,12016.140,6640.400,12783.700,0.150,0.000,4318.010
2510633381,2026-09-24 07:00:00,320,225.250,140.120,50.650,34.470,6.310,0.000,46.150
2510633383,2026-09-24 07:00:00,40,1744.930,1308.250,402.140,34.530,53.810,0.000,312.730
2510633385,2026-09-24 07:00:00,60,1230.060,579.580,245.240,405.230,48.540,0.000,95.640
2510633386,2026-09-24 07:00:00,500,494.030,281.240,106.410,106.360,30.900,0.000,2769.170
2510633389,2026-09-24 07:00:00,500,535.000,362.500,124.480,48.010,100.680,0.000,102.750
2510633390,2026-09-24 07:00:00,80,2198.000,1317.000,484.290,396.700,572.120,0.000,6.350
2510633391,2026-09-24 07:00:00,100,254.300,196.370,57.820,0.100,3.450,0.000,1.940
2510633393,2026-09-24 07:00:00,600,6020.630,3503.900,1196.110,1320.610,1284.160,0.000,0.480
2510633396,2026-09-24 07:00:00,400,926.810,628.350,218.180,80.270,213.120,0.000,0.170
2510633397,2026-09-24 07:00:00,240,570.080,364.630,172.970,32.470,216.010,0.000,18.170
2510633399,2026-09-24 07:00:00,600,1172.470,674.360,251.940,246.160,58.830,0.000,57.120
2510633400,2026-09-24 07:00:00,800,774.440,469.970,179.580,124.870,170.890,0.000,28.000
2510633402,2026-09-24 07:00:00,300,588.500,353.730,124.610,110.140,147.250,0.000,10.400
2510633406,2026-09-24 07:00:00,60,364.870,166.160,70.990,127.720,19.800,0.000,99.250
2510633411,2026-09-24 07:00:00,800,4826.760,2753.510,1007.140,1066.090,1716.460,0.000,29.340
2510814977,2026-09-24 07:00:00,400,52.290,32.220,12.350,7.700,1.840,0.000,10.700
2610026950,2026-09-24 07:00:00,600,15.680,10.040,3.610,2.020,1.420,0.000,3.170
2610026952,2026-09-24 07:00:00,200,3652.270,2369.450,1050.070,232.750,1842.150,0.000,9.810
2610026953,2026-09-24 07:00:00,700,688.660,405.950,155.010,127.690,201.790,0.000,0.670
2610026963,2026-09-24 07:00:00,200,383.020,197.670,94.500,90.830,23.710,2.230,97.400
2610026966,2026-09-24 07:00:00,240,971.530,697.400,240.820,33.300,200.650,0.000,0.000
2610026976,2026-09-24 07:00:00,60,1511.920,984.220,338.810,188.880,148.160,0.000,27.100
2610026977,2026-09-24 07:00:00,30,643.900,268.710,101.120,274.060,110.920,0.000,29.330
2610126270,2026-09-24 07:00:00,400,28.510,18.070,6.720,3.710,1.060,0.000,8.160
2610126451,2026-09-24 07:00:00,300,113.260,73.480,27.600,12.170,55.880,0.000,0.280
2610159557,2026-09-24 07:00:00,600,18.600,10.780,4.060,3.750,0.230,0.000,10.780
2610170785,2026-09-24 07:00:00,640,10.040,6.730,2.880,0.420,10.860,0.000,0.000
2610170837,2026-09-24 07:00:00,240,12.750,8.270,2.800,1.670,1.590,0.000,0.170
2610170838,2026-09-24 07:00:00,240,34.630,21.930,7.710,4.970,3.830,0.000,0.350
2610170839,2026-09-24 07:00:00,400,5.900,3.650,1.600,0.640,1.560,0.000,0.290
2610170840,2026-09-24 07:00:00,40,328.380,187.690,63.820,76.860,68.890,0.000,31.860
2610322967,2026-09-24 07:00:00,500,4.030,2.450,1.010,0.570,0.550,0.000,0.020
2610322969,2026-09-24 07:00:00,100,112.210,78.500,26.660,7.050,14.720,0.000,2.110
2610322982,2026-09-24 07:00:00,160,5.330,3.230,1.120,0.970,0.000,0.000,2.560
2610322992,2026-09-24 07:00:00,320,96.390,64.470,28.280,3.630,24.690,0.000,0.010
2610322995,2026-09-24 07:00:00,40,5.960,3.600,1.230,1.120,0.000,0.000,3.510
2610322997,2026-09-24 07:00:00,400,600.570,350.980,136.250,113.330,228.900,0.000,0.590
2610323001,2026-09-24 07:00:00,160,1916.770,1136.460,510.690,269.610,872.940,0.000,0.000
2610323004,2026-09-24 07:00:00,3000,98.460,74.530,12.860,11.060,22.790,0.000,2.250
2610323005,2026-09-24 07:00:00,120,12.440,8.390,3.160,0.880,1.640,0.000,0.930
2610323010,2026-09-24 07:00:00,60,18.890,12.580,4.540,1.760,1.560,0.000,4.930
2610323016,2026-09-24 07:00:00,160,1685.680,931.240,368.650,385.790,759.720,0.000,0.000
2610323017,2026-09-24 07:00:00,60,7.640,4.610,1.600,1.420,0.000,0.000,3.970
2610323019,2026-09-24 07:00:00,80,51.590,32.500,11.250,7.840,3.040,0.000,12.480
2610323027,2026-09-24 07:00:00,60,7.920,4.830,1.650,1.420,0.000,0.000,4.070
2510203108,2026-09-24 07:01:00,80,4041.280,2277.290,896.630,867.350,631.610,0.000,36.690
2510633387,2026-09-24 07:01:00,40,26.010,17.480,6.310,2.220,0.840,0.000,3.410
2610170786,2026-09-24 07:01:00,500,657.110,372.360,128.370,156.370,130.730,0.000,2.940
2610170836,2026-09-24 07:01:00,100,125.860,78.700,28.530,18.610,70.390,0.000,0.590
2410121574,2026-09-24 07:02:00,120,4927.330,3555.900,1146.230,225.190,426.250,0.000,381.980
2510633395,2026-09-24 07:02:00,40,1300.980,732.580,283.550,284.840,61.340,0.000,39.160
2411290205,2026-09-24 07:03:00,240,9713.530,6532.460,2847.500,333.550,3443.200,0.000,59.540
2246006313,2026-09-24 07:30:00,8800,953.908,537.934,197.339,218.634,128.044,8.999,180.553
2410121326,2026-09-24 07:30:00,200,1598.370,1030.710,448.430,119.220,377.830,0.000,5.470
2410121353,2026-09-24 07:30:00,120,725.140,502.950,197.830,24.350,161.390,0.000,15.490
2410121371,2026-09-24 07:30:00,120,608.550,377.730,133.710,97.110,72.110,0.000,29.650
2410121424,2026-09-24 07:30:00,120,48.380,29.730,11.240,7.400,1.600,0.000,17.980
2410121440,2026-09-24 07:30:00,120,22.430,14.920,4.420,3.080,2.690,0.000,6.100
2410121454,2026-09-24 07:30:00,160,2063.670,1303.100,445.040,315.520,335.800,0.000,76.690
2410121457,2026-09-24 07:30:00,120,1880.930,1196.630,521.570,162.730,355.850,0.000,42.560
2410121574,2026-09-24 07:30:00,120,4927.720,3556.280,1146.230,225.190,426.280,0.000,381.980
2410131378,2026-09-24 07:30:00,200,1867.890,1202.460,519.860,145.560,410.130,0.000,9.740
2410131383,2026-09-24 07:30:00,400,1069.440,708.420,228.400,132.600,48.270,0.000,65.770
2410131384,2026-09-24 07:30:00,200,9860.470,5593.940,1984.370,2282.150,2056.940,0.000,4.900
2410131387,2026-09-24 07:30:00,600,552.980,345.980,131.880,75.120,57.860,0.000,59.100
2410320615,2026-09-24 07:30:00,700,15605.490,9568.810,3805.610,2231.060,3857.970,0.000,51.460
2410883988,2026-09-24 07:30:00,100,37.160,19.040,5.510,12.600,3.520,0.000,2.210
2410883990,2026-09-24 07:30:00,60,3000.360,1720.990,640.200,639.170,889.130,0.000,38.530
2410883991,2026-09-24 07:30:00,100,2743.590,1651.430,617.240,474.910,257.050,0.260,74.300
2410883993,2026-09-24 07:30:00,60,3169.740,1532.940,599.990,1036.800,125.910,0.000,341.100
2410883994,2026-09-24 07:30:00,320,108.110,48.520,21.510,38.070,3.450,0.000,6.820
2410932742,2026-09-24 07:30:00,240,20046.891,11664.390,3721.950,4660.540,5089.850,0.000,5.960
2411087433,2026-09-24 07:30:00,500,862.160,509.200,187.130,165.820,22.670,0.000,779.310
2411290205,2026-09-24 07:30:00,240,9713.680,6532.610,2847.500,333.550,3443.210,0.000,59.540
2510014481,2026-09-24 07:30:00,80,15480.170,9021.000,2981.480,3477.680,5818.560,0.000,5.520
2510014482,2026-09-24 07:30:00,40,1303.160,907.820,358.370,36.970,85.260,0.000,63.630
2510014483,2026-09-24 07:30:00,300,232.310,133.880,51.750,46.660,0.000,0.000,187.650
2510014484,2026-09-24 07:30:00,160,9503.720,5387.360,2101.410,2014.940,1547.500,0.000,21.600
2510178139,2026-09-24 07:30:00,300,839.240,487.920,178.190,173.120,183.630,0.000,14.140
2510178141,2026-09-24 07:30:00,40,671.530,503.150,157.250,11.110,186.950,0.000,47.780
2510203103,2026-09-24 07:30:00,400,1866.430,1110.990,419.620,335.800,65.300,3.580,330.600
2510203105,2026-09-24 07:30:00,100,2458.410,1709.790,694.470,54.130,577.810,0.000,70.700
2510203106,2026-09-24 07:30:00,100,100.080,46.460,16.830,36.780,0.440,0.000,37.440
2510203107,2026-09-24 07:30:00,600,676.120,426.720,183.170,66.220,197.500,0.000,12.620
2510203108,2026-09-24 07:30:00,80,4041.660,2277.680,896.630,867.350,631.700,0.000,36.690
2510203109,2026-09-24 07:30:00,160,1541.450,966.870,474.890,99.680,462.760,0.000,87.190
2510203111,2026-09-24 07:30:00,40,3966.030,2503.360,981.100,481.570,1082.290,0.000,12.790
2510203113,2026-09-24 07:30:00,160,4548.740,2901.290,1102.160,545.280,277.630,0.000,111.260
2510203114,2026-09-24 07:30:00,120,1928.460,1210.710,476.240,241.500,388.850,0.000,33.730
2510203117,2026-09-24 07:30:00,80,1670.560,890.850,361.920,417.770,284.870,0.000,166.870
2510203118,2026-09-24 07:30:00,640,198.290,114.670,44.620,38.990,26.990,0.010,116.180
2510203119,2026-09-24 07:30:00,40,480.840,323.310,123.490,34.030,180.180,0.000,14.800
2510203120,2026-09-24 07:30:00,160,4366.330,2680.740,961.650,723.920,1015.260,0.000,14.900
2510203122,2026-09-24 07:30:00,40,948.900,601.740,297.640,49.510,693.930,0.000,0.710
2510203123,2026-09-24 07:30:00,40,2684.950,1770.100,733.260,181.580,853.460,0.000,11.850
2510203126,2026-09-24 07:30:00,100,17.100,7.870,2.420,6.810,0.440,0.000,1.360
2510203127,2026-09-24 07:30:00,40,1293.550,844.380,344.750,104.400,375.990,0.000,49.290
2510203128,2026-09-24 07:30:00,500,8046.850,4223.520,1416.510,2406.810,375.460,0.000,112.590
2510203129,2026-09-24 07:30:00,80,7.190,3.770,1.350,2.060,0.000,0.000,1.690
2510203130,2026-09-24 07:30:00,120,33.640,24.210,6.890,2.530,9.760,0.000,0.520
2510203133,2026-09-24 07:30:00,40,672.300,457.820,169.670,44.810,114.680,0.000,47.700
2510203134,2026-09-24 07:30:00,200,141.960,83.060,32.740,26.160,6.060,0.000,33.440
2510224049,2026-09-24 07:30:00,1,53773.102,20992.500,10976.270,21804.311,118.600,0.000,9053.670
2510224167,2026-09-24 07:30:00,1,21043.430,9328.530,4122.020,7592.870,904.010,0.000,5718.610
2510317505,2026-09-24 07:30:00,1,15347.380,6737.270,3249.980,5360.120,0.740,0.000,4583.680
2510317537,2026-09-24 07:30:00,1,11893.630,6828.300,2245.800,2819.520,218.560,1427.680,2158.230
2510389559,2026-09-24 07:30:00,1,36.870,20.630,14.320,1.910,30.680,0.000,5.910
2510389643,2026-09-24 07:30:00,1,43476.141,15583.600,7781.970,20110.561,22.630,0.000,4127.310
2510389931,2026-09-24 07:30:00,1,31440.250,12016.140,6640.400,12783.700,0.150,0.000,4318.020
2510633381,2026-09-24 07:30:00,320,225.260,140.130,50.650,34.470,6.310,0.000,46.150
2510633383,2026-09-24 07:30:00,40,1745.450,1308.780,402.140,34.530,53.830,0.000,312.730
2510633385,2026-09-24 07:30:00,60,1230.090,579.610,245.240,405.230,48.540,0.000,95.640
2510633386,2026-09-24 07:30:00,500,494.110,281.320,106.410,106.360,30.900,0.000,2769.510
2510633387,2026-09-24 07:30:00,40,26.010,17.480,6.310,2.220,0.840,0.000,3.410
2510633389,2026-09-24 07:30:00,500,535.400,362.890,124.480,48.010,100.750,0.000,102.760
2510633390,2026-09-24 07:30:00,80,2198.500,1317.490,484.290,396.700,572.270,0.000,6.350
2510633391,2026-09-24 07:30:00,100,254.410,196.470,57.820,0.100,3.450,0.000,1.940
2510633393,2026-09-24 07:30:00,600,6021.130,3504.400,1196.110,1320.610,1284.270,0.000,0.480
2510633395,2026-09-24 07:30:00,40,1300.980,732.580,283.550,284.840,61.340,0.000,39.160
2510633396,2026-09-24 07:30:00,400,927.030,628.560,218.180,80.270,213.170,0.000,0.170
2510633397,2026-09-24 07:30:00,240,570.090,364.640,172.970,32.470,216.010,0.000,18.170
2510633399,2026-09-24 07:30:00,600,1172.580,674.470,251.940,246.160,58.830,0.000,57.120
2510633400,2026-09-24 07:30:00,800,774.590,470.130,179.580,124.870,170.960,0.000,28.000
2510633402,2026-09-24 07:30:00,300,588.730,353.960,124.610,110.140,147.320,0.000,10.400
2510633406,2026-09-24 07:30:00,60,364.880,166.160,70.990,127.720,19.800,0.000,99.250
2510633411,2026-09-24 07:30:00,800,4827.400,2754.160,1007.140,1066.090,1716.720,0.000,29.340
2510814977,2026-09-24 07:30:00,400,52.290,32.230,12.350,7.700,1.840,0.000,10.700
2610026950,2026-09-24 07:30:00,600,15.680,10.040,3.610,2.020,1.420,0.000,3.180
2610026952,2026-09-24 07:30:00,200,3652.740,2369.920,1050.070,232.750,1842.450,0.000,9.810
2610026953,2026-09-24 07:30:00,700,688.890,406.180,155.010,127.690,201.870,0.000,0.670
2610026963,2026-09-24 07:30:00,200,383.020,197.670,94.500,90.830,23.710,2.230,97.420
2610026966,2026-09-24 07:30:00,240,971.660,697.530,240.820,33.300,200.670,0.000,0.000
2610026976,2026-09-24 07:30:00,60,1512.230,984.530,338.810,188.880,148.210,0.000,27.100
2610026977,2026-09-24 07:30:00,30,643.910,268.720,101.120,274.060,110.920,0.000,29.330
2610126270,2026-09-24 07:30:00,400,28.520,18.080,6.720,3.710,1.060,0.000,8.160
2610126451,2026-09-24 07:30:00,300,113.270,73.490,27.600,12.170,55.880,0.000,0.280
2610159557,2026-09-24 07:30:00,600,18.620,10.800,4.060,3.750,0.230,0.000,10.780
2610170785,2026-09-24 07:30:00,640,10.040,6.730,2.880,0.420,10.860,0.000,0.000
2610170786,2026-09-24 07:30:00,500,657.330,372.580,128.370,156.370,130.780,0.000,2.940
2610170836,2026-09-24 07:30:00,100,125.860,78.700,28.530,18.610,70.390,0.000,0.590
2610170837,2026-09-24 07:30:00,240,12.750,8.270,2.800,1.670,1.590,0.000,0.170
2610170838,2026-09-24 07:30:00,240,34.640,21.950,7.710,4.970,3.830,0.000,0.350
2610170839,2026-09-24 07:30:00,400,5.900,3.650,1.600,0.640,1.560,0.000,0.290
2610170840,2026-09-24 07:30:00,40,328.660,187.970,63.820,76.860,69.000,0.000,31.890
2610322967,2026-09-24 07:30:00,500,4.040,2.450,1.010,0.570,0.550,0.000,0.020
2610322969,2026-09-24 07:30:00,100,112.320,78.600,26.660,7.050,14.750,0.000,2.110
2610322982,2026-09-24 07:30:00,160,5.330,3.240,1.120,0.970,0.000,0.000,2.570
2610322992,2026-09-24 07:30:00,320,97.300,65.380,28.280,3.630,24.950,0.000,0.010
2610322995,2026-09-24 07:30:00,40,5.970,3.610,1.230,1.120,0.000,0.000,3.510
2610322997,2026-09-24 07:30:00,400,600.820,351.220,136.250,113.330,228.980,0.000,0.590
2610323001,2026-09-24 07:30:00,160,1917.340,1137.030,510.690,269.610,873.180,0.000,0.000
2610323004,2026-09-24 07:30:00,3000,98.480,74.540,12.860,11.060,22.790,0.000,2.250
2610323005,2026-09-24 07:30:00,120,12.450,8.400,3.160,0.880,1.640,0.000,0.930
2610323010,2026-09-24 07:30:00,60,18.920,12.610,4.540,1.760,1.560,0.000,4.930
2610323016,2026-09-24 07:30:00,160,1685.900,931.460,368.650,385.790,759.790,0.000,0.000
2610323017,2026-09-24 07:30:00,60,7.650,4.620,1.600,1.420,0.000,0.000,3.980
2610323019,2026-09-24 07:30:00,80,51.610,32.510,11.250,7.840,3.040,0.000,12.480
2610323027,2026-09-24 07:30:00,60,7.930,4.840,1.650,1.420,0.000,0.000,4.080
2510203104,2026-09-24 07:31:00,120,3058.790,1837.560,716.920,504.300,464.030,0.000,69.190
2510203121,2026-09-24 07:31:00,100,1304.580,765.860,305.510,233.190,71.930,0.000,108.060
2510203124,2026-09-24 07:31:00,800,1200.760,850.710,289.440,60.600,339.390,0.000,0.360
2411087432,2026-09-24 07:32:00,40,3715.520,2305.190,1066.130,344.200,747.520,0.000,31.160
2246006313,2026-09-24 08:00:00,8800,953.991,538.017,197.339,218.634,128.058,8.999,180.553
2410121326,2026-09-24 08:00:00,200,1598.530,1030.870,448.430,119.220,377.850,0.000,5.470
2410121353,2026-09-24 08:00:00,120,725.210,503.030,197.830,24.350,161.400,0.000,15.490
2410121371,2026-09-24 08:00:00,120,608.570,377.750,133.710,97.110,72.110,0.000,29.650
2410121424,2026-09-24 08:00:00,120,48.390,29.730,11.240,7.400,1.600,0.000,17.980
2410121440,2026-09-24 08:00:00,120,22.430,14.920,4.420,3.080,2.690,0.000,6.100
2410121454,2026-09-24 08:00:00,160,2063.890,1303.320,445.040,315.520,335.860,0.000,76.690
2410121457,2026-09-24 08:00:00,120,1881.530,1197.230,521.570,162.730,356.000,0.000,42.560
2410121574,2026-09-24 08:00:00,120,4928.180,3556.740,1146.230,225.190,426.300,0.000,381.980
2410131378,2026-09-24 08:00:00,200,1868.160,1202.730,519.860,145.560,410.190,0.000,9.740
2410131383,2026-09-24 08:00:00,400,1069.540,708.530,228.400,132.600,48.280,0.000,65.770
2410131384,2026-09-24 08:00:00,200,9860.840,5594.310,1984.370,2282.150,2057.080,0.000,4.900
2410131387,2026-09-24 08:00:00,600,553.170,346.160,131.880,75.120,57.900,0.000,59.100
2410320615,2026-09-24 08:00:00,700,15606.860,9570.180,3805.610,2231.060,3858.410,0.000,51.460
2410883988,2026-09-24 08:00:00,100,37.170,19.040,5.510,12.600,3.520,0.000,2.210
2410883990,2026-09-24 08:00:00,60,3000.380,1721.000,640.200,639.170,889.140,0.000,38.530
2410883991,2026-09-24 08:00:00,100,2743.700,1651.540,617.240,474.910,257.060,0.260,74.300
2410883993,2026-09-24 08:00:00,60,3170.000,1533.200,599.990,1036.800,125.970,0.000,341.100
2410883994,2026-09-24 08:00:00,320,108.110,48.520,21.510,38.070,3.450,0.000,6.820
2410932742,2026-09-24 08:00:00,240,20047.840,11665.340,3721.950,4660.540,5090.100,0.000,5.960
2411087433,2026-09-24 08:00:00,500,862.380,509.410,187.130,165.820,22.670,0.000,779.320
2411290205,2026-09-24 08:00:00,240,9714.000,6532.940,2847.500,333.550,3443.380,0.000,59.540
2510014481,2026-09-24 08:00:00,80,15480.870,9021.700,2981.480,3477.680,5818.850,0.000,5.520
2510014482,2026-09-24 08:00:00,40,1303.210,907.870,358.370,36.970,85.260,0.000,63.630
2510014483,2026-09-24 08:00:00,300,232.320,133.890,51.750,46.660,0.000,0.000,187.660
2510014484,2026-09-24 08:00:00,160,9504.330,5387.970,2101.410,2014.940,1547.690,0.000,21.600
2510178139,2026-09-24 08:00:00,300,839.260,487.940,178.190,173.120,183.630,0.000,14.140
2510178141,2026-09-24 08:00:00,40,671.770,503.390,157.250,11.110,187.100,0.000,47.780
2510203103,2026-09-24 08:00:00,400,1866.470,1111.040,419.620,335.800,65.340,3.580,330.600
2510203104,2026-09-24 08:00:00,120,3059.130,1837.910,716.920,504.300,464.120,0.000,69.190
2510203105,2026-09-24 08:00:00,100,2458.880,1710.270,694.470,54.130,577.900,0.000,70.700
2510203106,2026-09-24 08:00:00,100,100.080,46.460,16.830,36.780,0.440,0.000,37.440
2510203107,2026-09-24 08:00:00,600,676.470,427.070,183.170,66.220,197.610,0.000,12.620
2510203108,2026-09-24 08:00:00,80,4042.070,2278.080,896.630,867.350,631.800,0.000,36.690
2510203109,2026-09-24 08:00:00,160,1541.630,967.050,474.890,99.680,462.770,0.000,87.190
2510203111,2026-09-24 08:00:00,40,3966.560,2503.880,981.100,481.570,1082.420,0.000,12.790
2510203113,2026-09-24 08:00:00,160,4549.930,2902.480,1102.160,545.280,277.760,0.000,111.260
2510203117,2026-09-24 08:00:00,80,1670.600,890.900,361.920,417.770,284.910,0.000,166.870
2510203118,2026-09-24 08:00:00,640,198.320,114.700,44.620,38.990,26.990,0.010,116.180
2510203119,2026-09-24 08:00:00,40,480.840,323.310,123.490,34.030,180.180,0.000,14.800
2510203120,2026-09-24 08:00:00,160,4366.850,2681.260,961.650,723.920,1015.390,0.000,14.900
2510203121,2026-09-24 08:00:00,100,1304.590,765.880,305.510,233.190,71.930,0.000,108.060
2510203122,2026-09-24 08:00:00,40,948.950,601.790,297.640,49.510,693.950,0.000,0.710
2510203123,2026-09-24 08:00:00,40,2685.360,1770.510,733.260,181.580,853.590,0.000,11.850
2510203124,2026-09-24 08:00:00,800,1201.010,850.960,289.440,60.600,339.480,0.000,0.360
2510203126,2026-09-24 08:00:00,100,17.110,7.880,2.420,6.810,0.440,0.000,1.360
2510203127,2026-09-24 08:00:00,40,1293.730,844.560,344.750,104.400,376.040,0.000,49.300
2510203128,2026-09-24 08:00:00,500,8047.170,4223.830,1416.510,2406.810,375.460,0.000,112.600
2510203129,2026-09-24 08:00:00,80,7.190,3.780,1.350,2.060,0.000,0.000,1.690
2510203130,2026-09-24 08:00:00,120,33.670,24.240,6.890,2.530,9.780,0.000,0.520
2510203133,2026-09-24 08:00:00,40,672.320,457.830,169.670,44.810,114.680,0.000,47.700
2510203134,2026-09-24 08:00:00,200,141.970,83.060,32.740,26.160,6.060,0.000,33.440
2510224049,2026-09-24 08:00:00,1,53773.230,20992.631,10976.270,21804.311,118.600,0.000,9053.760
2510224167,2026-09-24 08:00:00,1,21043.510,9328.610,4122.020,7592.870,904.010,0.000,5718.690
2510317505,2026-09-24 08:00:00,1,15347.520,6737.410,3249.980,5360.120,0.740,0.000,4583.800
2510317537,2026-09-24 08:00:00,1,11894.530,6829.200,2245.800,2819.520,218.560,1427.680,2158.350
2510389559,2026-09-24 08:00:00,1,36.870,20.630,14.320,1.910,30.680,0.000,5.910
2510389643,2026-09-24 08:00:00,1,43476.262,15583.730,7781.970,20110.561,22.630,0.000,4127.320
2510389931,2026-09-24 08:00:00,1,31440.250,12016.150,6640.400,12783.700,0.150,0.000,4318.020
2510633381,2026-09-24 08:00:00,320,225.280,140.150,50.650,34.470,6.310,0.000,46.160
2510633383,2026-09-24 08:00:00,40,1745.980,1309.310,402.140,34.530,53.840,0.000,312.730
2510633385,2026-09-24 08:00:00,60,1230.150,579.670,245.240,405.230,48.550,0.000,95.640
2510633386,2026-09-24 08:00:00,500,494.180,281.390,106.410,106.360,30.900,0.000,2769.840
2510633387,2026-09-24 08:00:00,40,26.010,17.480,6.310,2.220,0.840,0.000,3.410
2510633389,2026-09-24 08:00:00,500,536.050,363.540,124.480,48.010,101.000,0.000,102.760
2510633390,2026-09-24 08:00:00,80,2199.090,1318.080,484.290,396.700,572.440,0.000,6.350
2510633391,2026-09-24 08:00:00,100,254.490,196.550,57.820,0.100,3.450,0.000,1.940
2510633393,2026-09-24 08:00:00,600,6021.630,3504.900,1196.110,1320.610,1284.380,0.000,0.480
2510633395,2026-09-24 08:00:00,40,1300.980,732.580,283.550,284.840,61.340,0.000,39.160
2510633396,2026-09-24 08:00:00,400,927.300,628.840,218.180,80.270,213.260,0.000,0.170
2510633397,2026-09-24 08:00:00,240,570.150,364.700,172.970,32.470,216.020,0.000,18.170
2510633399,2026-09-24 08:00:00,600,1172.670,674.570,251.940,246.160,58.830,0.000,57.120
2510633400,2026-09-24 08:00:00,800,774.760,470.300,179.580,124.870,171.030,0.000,28.000
2510633406,2026-09-24 08:00:00,60,364.880,166.160,70.990,127.720,19.800,0.000,99.260
2510633411,2026-09-24 08:00:00,800,4828.020,2754.780,1007.140,1066.090,1716.940,0.000,29.340
2510814977,2026-09-24 08:00:00,400,52.290,32.230,12.350,7.700,1.840,0.000,10.700
2610026950,2026-09-24 08:00:00,600,15.690,10.050,3.610,2.020,1.420,0.000,3.180
2610026952,2026-09-24 08:00:00,200,3653.270,2370.450,1050.070,232.750,1842.800,0.000,9.810
2610026953,2026-09-24 08:00:00,700,689.120,406.410,155.010,127.690,201.950,0.000,0.670
2610026963,2026-09-24 08:00:00,200,383.040,197.690,94.500,90.830,23.710,2.230,97.440
2610026966,2026-09-24 08:00:00,240,971.920,697.800,240.820,33.300,200.680,0.000,0.000
2610026976,2026-09-24 08:00:00,60,1512.720,985.020,338.810,188.880,148.340,0.000,27.100
2610026977,2026-09-24 08:00:00,30,643.950,268.760,101.120,274.060,110.960,0.000,29.330
2610126270,2026-09-24 08:00:00,400,28.530,18.090,6.720,3.710,1.060,0.000,8.170
2610126451,2026-09-24 08:00:00,300,113.280,73.500,27.600,12.170,55.880,0.000,0.280
2610159557,2026-09-24 08:00:00,600,18.630,10.810,4.060,3.750,0.230,0.000,10.790
2610170785,2026-09-24 08:00:00,640,10.040,6.730,2.880,0.420,10.860,0.000,0.000
2610170786,2026-09-24 08:00:00,500,657.510,372.760,128.370,156.370,130.820,0.000,2.940
2610170836,2026-09-24 08:00:00,100,125.860,78.700,28.530,18.610,70.390,0.000,0.590
2610170837,2026-09-24 08:00:00,240,12.760,8.270,2.800,1.670,1.600,0.000,0.170
2610170838,2026-09-24 08:00:00,240,34.650,21.960,7.710,4.970,3.830,0.000,0.350
2610170839,2026-09-24 08:00:00,400,5.910,3.670,1.600,0.640,1.560,0.000,0.290
2610170840,2026-09-24 08:00:00,40,328.950,188.260,63.820,76.860,69.120,0.000,31.910
2610322967,2026-09-24 08:00:00,500,4.040,2.450,1.010,0.570,0.550,0.000,0.020
2610322969,2026-09-24 08:00:00,100,112.420,78.700,26.660,7.050,14.790,0.000,2.110
2610322982,2026-09-24 08:00:00,160,5.340,3.240,1.120,0.970,0.000,0.000,2.570
2610322992,2026-09-24 08:00:00,320,98.290,66.370,28.280,3.630,25.250,0.000,0.010
2610322995,2026-09-24 08:00:00,40,5.970,3.610,1.230,1.120,0.000,0.000,3.520
2610322997,2026-09-24 08:00:00,400,601.130,351.530,136.250,113.330,229.120,0.000,0.590
2610323001,2026-09-24 08:00:00,160,1917.880,1137.570,510.690,269.610,873.400,0.000,0.000
2610323004,2026-09-24 08:00:00,3000,98.540,74.610,12.860,11.060,22.800,0.000,2.250
2610323005,2026-09-24 08:00:00,120,12.460,8.410,3.160,0.880,1.640,0.000,0.930
2610323010,2026-09-24 08:00:00,60,18.950,12.640,4.540,1.760,1.560,0.000,4.930
2610323016,2026-09-24 08:00:00,160,1686.180,931.740,368.650,385.790,759.900,0.000,0.000
2610323017,2026-09-24 08:00:00,60,7.660,4.640,1.600,1.420,0.000,0.000,3.980
2610323019,2026-09-24 08:00:00,80,51.630,32.530,11.250,7.840,3.040,0.000,12.490
2610323027,2026-09-24 08:00:00,60,7.940,4.850,1.650,1.420,0.000,0.000,4.080
2411087432,2026-09-24 08:01:00,40,3716.030,2305.690,1066.130,344.200,747.580,0.000,31.170
2510203114,2026-09-24 08:01:00,120,1928.810,1211.060,476.240,241.500,388.940,0.000,33.730
2510633402,2026-09-24 08:01:00,300,588.950,354.190,124.610,110.140,147.390,0.000,10.400
2246006313,2026-09-24 08:30:00,8800,954.093,538.119,197.339,218.634,128.079,8.999,180.553
2410121326,2026-09-24 08:30:00,200,1598.880,1031.210,448.430,119.220,377.930,0.000,5.470
2410121353,2026-09-24 08:30:00,120,725.530,503.340,197.830,24.350,161.500,0.000,15.490
2410121371,2026-09-24 08:30:00,120,608.660,377.840,133.710,97.110,72.120,0.000,29.650
2410121424,2026-09-24 08:30:00,120,48.390,29.730,11.240,7.400,1.600,0.000,17.980
2410121440,2026-09-24 08:30:00,120,22.440,14.930,4.420,3.080,2.690,0.000,6.100
2410121454,2026-09-24 08:30:00,160,2064.120,1303.550,445.040,315.520,335.920,0.000,76.690
2410121457,2026-09-24 08:30:00,120,1882.290,1197.990,521.570,162.730,356.200,0.000,42.560
2410121574,2026-09-24 08:30:00,120,4928.780,3557.350,1146.230,225.190,426.370,0.000,381.980
2410131378,2026-09-24 08:30:00,200,1868.460,1203.030,519.860,145.560,410.260,0.000,9.740
2410131383,2026-09-24 08:30:00,400,1069.660,708.640,228.400,132.600,48.300,0.000,65.770
2410131384,2026-09-24 08:30:00,200,9861.230,5594.700,1984.370,2282.150,2057.230,0.000,4.900
2410131387,2026-09-24 08:30:00,600,553.350,346.340,131.880,75.120,57.950,0.000,59.100
2410320615,2026-09-24 08:30:00,700,15608.290,9571.610,3805.610,2231.060,3858.860,0.000,51.460
2410883988,2026-09-24 08:30:00,100,37.180,19.050,5.510,12.600,3.520,0.000,2.210
2410883990,2026-09-24 08:30:00,60,3000.390,1721.020,640.200,639.170,889.140,0.000,38.530
2410883991,2026-09-24 08:30:00,100,2743.840,1651.680,617.240,474.910,257.080,0.260,74.300
2410883994,2026-09-24 08:30:00,320,108.120,48.530,21.510,38.070,3.450,0.000,6.820
2410932742,2026-09-24 08:30:00,240,20048.801,11666.300,3721.950,4660.540,5090.350,0.000,5.960
2411087433,2026-09-24 08:30:00,500,862.640,509.680,187.130,165.820,22.670,0.000,779.350
2411290205,2026-09-24 08:30:00,240,9715.020,6533.950,2847.500,333.550,3443.730,0.000,59.540
2510014481,2026-09-24 08:30:00,80,15481.610,9022.440,2981.480,3477.680,5819.160,0.000,5.520
2510014482,2026-09-24 08:30:00,40,1303.370,908.030,358.370,36.970,85.260,0.000,63.650
2510014483,2026-09-24 08:30:00,300,232.350,133.920,51.750,46.660,0.000,0.000,187.670
2510014484,2026-09-24 08:30:00,160,9504.940,5388.580,2101.410,2014.940,1547.880,0.000,21.600
2510178141,2026-09-24 08:30:00,40,672.050,503.670,157.250,11.110,187.270,0.000,47.780
2510203103,2026-09-24 08:30:00,400,1866.510,1111.070,419.620,335.800,65.420,3.580,330.600
2510203104,2026-09-24 08:30:00,120,3059.560,1838.340,716.920,504.300,464.260,0.000,69.190
2510203105,2026-09-24 08:30:00,100,2459.380,1710.770,694.470,54.130,578.020,0.000,70.700
2510203106,2026-09-24 08:30:00,100,100.090,46.470,16.830,36.780,0.440,0.000,37.440
2510203107,2026-09-24 08:30:00,600,676.830,427.430,183.170,66.220,197.740,0.000,12.620
2510203108,2026-09-24 08:30:00,80,4042.510,2278.530,896.630,867.350,631.880,0.000,36.690
2510203109,2026-09-24 08:30:00,160,1541.970,967.390,474.890,99.680,462.840,0.000,87.190
2510203111,2026-09-24 08:30:00,40,3967.100,2504.420,981.100,481.570,1082.550,0.000,12.790
2510203113,2026-09-24 08:30:00,160,4551.330,2903.890,1102.160,545.280,277.960,0.000,111.260
2510203114,2026-09-24 08:30:00,120,1929.180,1211.430,476.240,241.500,389.060,0.000,33.730
2510203117,2026-09-24 08:30:00,80,1670.650,890.950,361.920,417.770,284.950,0.000,166.870
2510203118,2026-09-24 08:30:00,640,198.350,114.740,44.620,38.990,26.990,0.010,116.190
2510203119,2026-09-24 08:30:00,40,480.840,323.310,123.490,34.030,180.180,0.000,14.800
2510203120,2026-09-24 08:30:00,160,4367.430,2681.840,961.650,723.920,1015.530,0.000,14.900
2510203121,2026-09-24 08:30:00,100,1304.610,765.890,305.510,233.190,71.930,0.000,108.070
2510203122,2026-09-24 08:30:00,40,949.110,601.950,297.640,49.510,694.080,0.000,0.710
2510203123,2026-09-24 08:30:00,40,2685.790,1770.940,733.260,181.580,853.750,0.000,11.850
2510203124,2026-09-24 08:30:00,800,1201.310,851.270,289.440,60.600,339.590,0.000,0.360
2510203126,2026-09-24 08:30:00,100,17.120,7.890,2.420,6.810,0.440,0.000,1.360
2510203127,2026-09-24 08:30:00,40,1294.170,845.000,344.750,104.400,376.150,0.000,49.300
2510203128,2026-09-24 08:30:00,500,8047.700,4224.370,1416.510,2406.810,375.490,0.000,112.600
2510203129,2026-09-24 08:30:00,80,7.200,3.780,1.350,2.060,0.000,0.000,1.690
2510203130,2026-09-24 08:30:00,120,33.690,24.260,6.890,2.530,9.800,0.000,0.520
2510203133,2026-09-24 08:30:00,40,672.400,457.910,169.670,44.810,114.700,0.000,47.700
2510203134,2026-09-24 08:30:00,200,141.970,83.060,32.740,26.160,6.060,0.000,33.440
2510224049,2026-09-24 08:30:00,1,53773.391,20992.789,10976.270,21804.311,118.600,0.000,9053.840
2510224167,2026-09-24 08:30:00,1,21043.609,9328.710,4122.020,7592.870,904.010,0.000,5718.770
2510317505,2026-09-24 08:30:00,1,15347.660,6737.550,3249.980,5360.120,0.740,0.000,4583.930
2510317537,2026-09-24 08:30:00,1,11895.500,6830.170,2245.800,2819.520,218.560,1427.680,2158.510
2510389559,2026-09-24 08:30:00,1,36.870,20.630,14.320,1.910,30.680,0.000,5.910
2510389643,2026-09-24 08:30:00,1,43476.422,15583.890,7781.970,20110.561,22.630,0.000,4127.330
2510389931,2026-09-24 08:30:00,1,31440.250,12016.150,6640.400,12783.700,0.150,0.000,4318.030
2510633381,2026-09-24 08:30:00,320,225.310,140.180,50.650,34.470,6.310,0.000,46.170
2510633383,2026-09-24 08:30:00,40,1746.510,1309.840,402.140,34.530,53.850,0.000,312.730
2510633385,2026-09-24 08:30:00,60,1230.240,579.760,245.240,405.230,48.560,0.000,95.640
2510633386,2026-09-24 08:30:00,500,494.250,281.470,106.410,106.360,30.900,0.000,2770.180
2510633387,2026-09-24 08:30:00,40,26.010,17.480,6.310,2.220,0.840,0.000,3.410
2510633389,2026-09-24 08:30:00,500,536.720,364.220,124.480,48.010,101.270,0.000,102.760
2510633390,2026-09-24 08:30:00,80,2199.770,1318.760,484.290,396.700,572.630,0.000,6.350
2510633391,2026-09-24 08:30:00,100,254.610,196.670,57.820,0.100,3.450,0.000,1.940
2510633393,2026-09-24 08:30:00,600,6022.130,3505.400,1196.110,1320.610,1284.490,0.000,0.480
2510633395,2026-09-24 08:30:00,40,1300.980,732.580,283.550,284.840,61.340,0.000,39.160
2510633396,2026-09-24 08:30:00,400,927.620,629.160,218.180,80.270,213.360,0.000,0.170
2510633397,2026-09-24 08:30:00,240,570.280,364.830,172.970,32.470,216.090,0.000,18.170
2510633399,2026-09-24 08:30:00,600,1172.790,674.680,251.940,246.160,58.830,0.000,57.120
2510633400,2026-09-24 08:30:00,800,775.050,470.580,179.580,124.870,171.160,0.000,28.000
2510633402,2026-09-24 08:30:00,300,589.190,354.420,124.610,110.140,147.460,0.000,10.400
2510633406,2026-09-24 08:30:00,60,364.880,166.170,70.990,127.720,19.800,0.000,99.260
2510633411,2026-09-24 08:30:00,800,4828.720,2755.480,1007.140,1066.090,1717.180,0.000,29.340
2510814977,2026-09-24 08:30:00,400,52.290,32.230,12.350,7.700,1.840,0.000,10.700
2610026950,2026-09-24 08:30:00,600,15.710,10.060,3.610,2.020,1.420,0.000,3.180
2610026952,2026-09-24 08:30:00,200,3653.800,2370.980,1050.070,232.750,1843.140,0.000,9.810
2610026953,2026-09-24 08:30:00,700,689.360,406.650,155.010,127.690,202.020,0.000,0.670
2610026963,2026-09-24 08:30:00,200,383.060,197.710,94.500,90.830,23.710,2.230,97.450
2610026966,2026-09-24 08:30:00,240,972.190,698.070,240.820,33.300,200.700,0.000,0.000
2610026976,2026-09-24 08:30:00,60,1513.440,985.740,338.810,188.880,148.580,0.000,27.100
2610026977,2026-09-24 08:30:00,30,643.990,268.800,101.120,274.060,110.990,0.000,29.330
2610126270,2026-09-24 08:30:00,400,28.550,18.110,6.720,3.710,1.060,0.000,8.170
2610126451,2026-09-24 08:30:00,300,113.290,73.510,27.600,12.170,55.880,0.000,0.280
2610159557,2026-09-24 08:30:00,600,18.640,10.820,4.060,3.750,0.230,0.000,10.790
2610170785,2026-09-24 08:30:00,640,10.040,6.730,2.880,0.420,10.860,0.000,0.000
2610170786,2026-09-24 08:30:00,500,657.690,372.940,128.370,156.370,130.860,0.000,2.940
2610170836,2026-09-24 08:30:00,100,125.860,78.700,28.530,18.610,70.390,0.000,0.590
2610170837,2026-09-24 08:30:00,240,12.770,8.280,2.800,1.670,1.600,0.000,0.170
2610170838,2026-09-24 08:30:00,240,34.660,21.970,7.710,4.970,3.840,0.000,0.350
2610170839,2026-09-24 08:30:00,400,5.930,3.680,1.600,0.640,1.560,0.000,0.290
2610170840,2026-09-24 08:30:00,40,329.230,188.540,63.820,76.860,69.240,0.000,31.920
2610322967,2026-09-24 08:30:00,500,4.050,2.460,1.010,0.570,0.550,0.000,0.020
2610322969,2026-09-24 08:30:00,100,112.540,78.820,26.660,7.050,14.820,0.000,2.110
2610322982,2026-09-24 08:30:00,160,5.350,3.250,1.120,0.970,0.000,0.000,2.570
2610322992,2026-09-24 08:30:00,320,99.540,67.620,28.280,3.630,25.760,0.000,0.010
2610322995,2026-09-24 08:30:00,40,5.980,3.620,1.230,1.120,0.000,0.000,3.520
2610322997,2026-09-24 08:30:00,400,601.470,351.870,136.250,113.330,229.270,0.000,0.590
2610323001,2026-09-24 08:30:00,160,1918.910,1138.600,510.690,269.610,873.870,0.000,0.000
2610323004,2026-09-24 08:30:00,3000,98.770,74.840,12.860,11.060,22.840,0.000,2.250
2610323005,2026-09-24 08:30:00,120,12.470,8.430,3.160,0.880,1.640,0.000,0.930
2610323010,2026-09-24 08:30:00,60,18.970,12.660,4.540,1.760,1.560,0.000,4.940
2610323016,2026-09-24 08:30:00,160,1686.700,932.250,368.650,385.790,760.170,0.000,0.000
2610323017,2026-09-24 08:30:00,60,7.680,4.650,1.600,1.420,0.000,0.000,3.990
2610323019,2026-09-24 08:30:00,80,51.650,32.560,11.250,7.840,3.040,0.000,12.490
2610323027,2026-09-24 08:30:00,60,7.950,4.870,1.650,1.420,0.000,0.000,4.090
2410883993,2026-09-24 08:31:00,60,3170.300,1533.510,599.990,1036.800,126.010,0.000,341.100
2411087432,2026-09-24 08:31:00,40,3716.890,2306.550,1066.130,344.200,747.680,0.000,31.170
2510178139,2026-09-24 08:32:00,300,839.310,487.980,178.190,173.120,183.640,0.000,14.140
2246006313,2026-09-24 09:00:00,8800,954.208,538.234,197.339,218.634,128.106,8.999,180.553
2410121326,2026-09-24 09:00:00,200,1599.230,1031.570,448.430,119.220,378.000,0.000,5.470
2410121353,2026-09-24 09:00:00,120,725.860,503.680,197.830,24.350,161.600,0.000,15.490
2410121371,2026-09-24 09:00:00,120,608.750,377.930,133.710,97.110,72.130,0.000,29.650
2410121424,2026-09-24 09:00:00,120,48.390,29.740,11.240,7.400,1.600,0.000,17.980
2410121440,2026-09-24 09:00:00,120,22.450,14.940,4.420,3.080,2.690,0.000,6.100
2410121454,2026-09-24 09:00:00,160,2064.360,1303.790,445.040,315.520,335.980,0.000,76.690
2410121457,2026-09-24 09:00:00,120,1883.070,1198.760,521.570,162.730,356.390,0.000,42.560
2410121574,2026-09-24 09:00:00,120,4929.450,3558.020,1146.230,225.190,426.470,0.000,381.980
2410131378,2026-09-24 09:00:00,200,1868.770,1203.340,519.860,145.560,410.340,0.000,9.740
2410131383,2026-09-24 09:00:00,400,1069.770,708.760,228.400,132.600,48.310,0.000,65.770
2410131384,2026-09-24 09:00:00,200,9861.600,5595.080,1984.370,2282.150,2057.390,0.000,4.900
2410131387,2026-09-24 09:00:00,600,553.500,346.500,131.880,75.120,58.010,0.000,59.100
2410320615,2026-09-24 09:00:00,700,15609.730,9573.050,3805.610,2231.060,3859.300,0.000,51.460
2410883988,2026-09-24 09:00:00,100,37.190,19.060,5.510,12.600,3.530,0.000,2.210
2410883990,2026-09-24 09:00:00,60,3000.420,1721.040,640.200,639.170,889.140,0.000,38.540
2410883991,2026-09-24 09:00:00,100,2743.980,1651.820,617.240,474.910,257.090,0.260,74.300
2410883993,2026-09-24 09:00:00,60,3170.590,1533.790,599.990,1036.800,126.060,0.000,341.100
2410883994,2026-09-24 09:00:00,320,108.130,48.540,21.510,38.070,3.450,0.000,6.820
2410932742,2026-09-24 09:00:00,240,20049.779,11667.280,3721.950,4660.540,5090.600,0.000,5.960
2411087432,2026-09-24 09:00:00,40,3717.700,2307.360,1066.130,344.200,747.770,0.000,31.170
2411087433,2026-09-24 09:00:00,500,862.890,509.930,187.130,165.820,22.670,0.000,779.370
2411290205,2026-09-24 09:00:00,240,9715.900,6534.840,2847.500,333.550,3444.140,0.000,59.540
2510014481,2026-09-24 09:00:00,80,15482.380,9023.210,2981.480,3477.680,5819.510,0.000,5.520
2510014482,2026-09-24 09:00:00,40,1303.510,908.170,358.370,36.970,85.260,0.000,63.660
2510014483,2026-09-24 09:00:00,300,232.380,133.960,51.750,46.660,0.000,0.000,187.680
2510014484,2026-09-24 09:00:00,160,9505.540,5389.180,2101.410,2014.940,1548.070,0.000,21.600
2510178139,2026-09-24 09:00:00,300,839.350,488.030,178.190,173.120,183.640,0.000,14.140
2510178141,2026-09-24 09:00:00,40,672.320,503.940,157.250,11.110,187.430,0.000,47.780
2510203103,2026-09-24 09:00:00,400,1866.540,1111.110,419.620,335.800,65.490,3.580,330.600
2510203104,2026-09-24 09:00:00,120,3060.030,1838.810,716.920,504.300,464.410,0.000,69.190
2510203105,2026-09-24 09:00:00,100,2459.860,1711.250,694.470,54.130,578.120,0.000,70.700
2510203106,2026-09-24 09:00:00,100,100.090,46.470,16.830,36.780,0.440,0.000,37.440
2510203107,2026-09-24 09:00:00,600,677.200,427.800,183.170,66.220,197.860,0.000,12.620
2510203108,2026-09-24 09:00:00,80,4043.020,2279.030,896.630,867.350,631.980,0.000,36.690
2510203109,2026-09-24 09:00:00,160,1542.290,967.710,474.890,99.680,462.910,0.000,87.190
2510203111,2026-09-24 09:00:00,40,3967.650,2504.970,981.100,481.570,1082.690,0.000,12.790
2510203113,2026-09-24 09:00:00,160,4552.640,2905.200,1102.160,545.280,278.140,0.000,111.260
2510203114,2026-09-24 09:00:00,120,1929.610,1211.860,476.240,241.500,389.200,0.000,33.730
2510203117,2026-09-24 09:00:00,80,1670.710,891.010,361.920,417.770,284.990,0.000,166.870
2510203118,2026-09-24 09:00:00,640,198.380,114.770,44.620,38.990,26.990,0.010,116.200
2510203119,2026-09-24 09:00:00,40,480.840,323.310,123.490,34.030,180.180,0.000,14.800
2510203120,2026-09-24 09:00:00,160,4368.000,2682.410,961.650,723.920,1015.670,0.000,14.900
2510203121,2026-09-24 09:00:00,100,1304.620,765.910,305.510,233.190,71.930,0.000,108.070
2510203122,2026-09-24 09:00:00,40,949.280,602.120,297.640,49.510,694.200,0.000,0.710
2510203123,2026-09-24 09:00:00,40,2686.230,1771.380,733.260,181.580,853.900,0.000,11.850
2510203124,2026-09-24 09:00:00,800,1201.630,851.590,289.440,60.600,339.700,0.000,0.360
2510203126,2026-09-24 09:00:00,100,17.130,7.890,2.420,6.810,0.440,0.000,1.360
2510203127,2026-09-24 09:00:00,40,1294.650,845.490,344.750,104.400,376.290,0.000,49.300
2510203128,2026-09-24 09:00:00,500,8048.230,4224.900,1416.510,2406.810,375.520,0.000,112.600
2510203129,2026-09-24 09:00:00,80,7.200,3.780,1.350,2.060,0.000,0.000,1.690
2510203130,2026-09-24 09:00:00,120,33.720,24.290,6.890,2.530,9.820,0.000,0.520
2510203133,2026-09-24 09:00:00,40,672.520,458.030,169.670,44.810,114.740,0.000,47.700
2510203134,2026-09-24 09:00:00,200,141.970,83.070,32.740,26.160,6.060,0.000,33.440
2510224049,2026-09-24 09:00:00,1,53773.578,20992.980,10976.270,21804.311,118.600,0.000,9053.920
2510224167,2026-09-24 09:00:00,1,21043.689,9328.790,4122.020,7592.870,904.010,0.000,5718.840
2510317505,2026-09-24 09:00:00,1,15347.790,6737.680,3249.980,5360.120,0.740,0.000,4584.050
2510317537,2026-09-24 09:00:00,1,11896.560,6831.230,2245.800,2819.520,218.560,1427.680,2158.680
2510389559,2026-09-24 09:00:00,1,36.870,20.630,14.320,1.910,30.680,0.000,5.910
2510389643,2026-09-24 09:00:00,1,43476.730,15584.200,7781.970,20110.561,22.630,0.000,4127.340
2510389931,2026-09-24 09:00:00,1,31440.250,12016.150,6640.400,12783.700,0.150,0.000,4318.030
2510633381,2026-09-24 09:00:00,320,225.350,140.220,50.650,34.470,6.310,0.000,46.170
2510633383,2026-09-24 09:00:00,40,1747.060,1310.380,402.140,34.530,53.870,0.000,312.730
2510633385,2026-09-24 09:00:00,60,1230.350,579.870,245.240,405.230,48.570,0.000,95.640
2510633386,2026-09-24 09:00:00,500,494.330,281.550,106.410,106.360,30.900,0.000,2770.520
2510633387,2026-09-24 09:00:00,40,26.030,17.500,6.310,2.220,0.840,0.000,3.410
2510633389,2026-09-24 09:00:00,500,537.280,364.770,124.480,48.010,101.480,0.000,102.760
2510633390,2026-09-24 09:00:00,80,2200.420,1319.420,484.290,396.700,572.810,0.000,6.350
2510633391,2026-09-24 09:00:00,100,254.730,196.800,57.820,0.100,3.450,0.000,1.940
2510633393,2026-09-24 09:00:00,600,6022.700,3505.980,1196.110,1320.610,1284.630,0.000,0.480
2510633395,2026-09-24 09:00:00,40,1300.980,732.580,283.550,284.840,61.340,0.000,39.160
2510633396,2026-09-24 09:00:00,400,927.960,629.500,218.180,80.270,213.450,0.000,0.170
2510633397,2026-09-24 09:00:00,240,570.460,365.000,172.970,32.470,216.180,0.000,18.170
2510633399,2026-09-24 09:00:00,600,1172.940,674.840,251.940,246.160,58.840,0.000,57.120
2510633400,2026-09-24 09:00:00,800,775.360,470.890,179.580,124.870,171.300,0.000,28.000
2510633402,2026-09-24 09:00:00,300,589.490,354.730,124.610,110.140,147.540,0.000,10.400
2510633406,2026-09-24 09:00:00,60,364.880,166.170,70.990,127.720,19.800,0.000,99.260
2510633411,2026-09-24 09:00:00,800,4829.490,2756.250,1007.140,1066.090,1717.450,0.000,29.340
2510814977,2026-09-24 09:00:00,400,52.300,32.240,12.350,7.700,1.840,0.000,10.700
2610026950,2026-09-24 09:00:00,600,15.720,10.080,3.610,2.020,1.420,0.000,3.180
2610026952,2026-09-24 09:00:00,200,3654.300,2371.470,1050.070,232.750,1843.450,0.000,9.810
2610026953,2026-09-24 09:00:00,700,689.590,406.880,155.010,127.690,202.100,0.000,0.670
2610026963,2026-09-24 09:00:00,200,383.080,197.730,94.500,90.830,23.710,2.230,97.460
2610026966,2026-09-24 09:00:00,240,972.480,698.350,240.820,33.300,200.710,0.000,0.000
2610026976,2026-09-24 09:00:00,60,1514.100,986.410,338.810,188.880,148.810,0.000,27.100
2610026977,2026-09-24 09:00:00,30,644.010,268.820,101.120,274.060,111.010,0.000,29.330
2610126270,2026-09-24 09:00:00,400,28.560,18.120,6.720,3.710,1.060,0.000,8.170
2610126451,2026-09-24 09:00:00,300,113.300,73.530,27.600,12.170,55.890,0.000,0.280
2610159557,2026-09-24 09:00:00,600,18.660,10.840,4.060,3.750,0.230,0.000,10.790
2610170785,2026-09-24 09:00:00,640,10.040,6.730,2.880,0.420,10.860,0.000,0.000
2610170786,2026-09-24 09:00:00,500,657.910,373.160,128.370,156.370,130.910,0.000,2.940
2610170836,2026-09-24 09:00:00,100,125.860,78.710,28.530,18.610,70.390,0.000,0.600
2610170837,2026-09-24 09:00:00,240,12.770,8.290,2.800,1.670,1.600,0.000,0.170
2610170838,2026-09-24 09:00:00,240,34.680,21.990,7.710,4.970,3.840,0.000,0.350
2610170839,2026-09-24 09:00:00,400,5.950,3.710,1.600,0.640,1.570,0.000,0.290
2610170840,2026-09-24 09:00:00,40,329.400,188.710,63.820,76.860,69.310,0.000,31.930
2610322967,2026-09-24 09:00:00,500,4.050,2.460,1.010,0.570,0.550,0.000,0.020
2610322969,2026-09-24 09:00:00,100,112.680,78.960,26.660,7.050,14.850,0.000,2.110
2610322982,2026-09-24 09:00:00,160,5.370,3.270,1.120,0.970,0.000,0.000,2.580
2610322992,2026-09-24 09:00:00,320,100.790,68.870,28.280,3.630,26.300,0.000,0.010
2610322995,2026-09-24 09:00:00,40,6.000,3.640,1.230,1.120,0.000,0.000,3.530
2610322997,2026-09-24 09:00:00,400,601.790,352.190,136.250,113.330,229.410,0.000,0.590
2610323001,2026-09-24 09:00:00,160,1920.060,1139.750,510.690,269.610,874.390,0.000,0.000
2610323004,2026-09-24 09:00:00,3000,99.050,75.120,12.860,11.060,22.900,0.000,2.250
2610323005,2026-09-24 09:00:00,120,12.490,8.440,3.160,0.880,1.640,0.000,0.930
2610323010,2026-09-24 09:00:00,60,19.010,12.700,4.540,1.760,1.560,0.000,4.940
2610323016,2026-09-24 09:00:00,160,1687.290,932.840,368.650,385.790,760.470,0.000,0.000
2610323017,2026-09-24 09:00:00,60,7.700,4.670,1.600,1.420,0.000,0.000,3.990
2610323019,2026-09-24 09:00:00,80,51.680,32.580,11.250,7.840,3.040,0.000,12.500
2610323027,2026-09-24 09:00:00,60,7.970,4.890,1.650,1.420,0.000,0.000,4.090
2246006313,2026-09-24 09:30:00,8800,954.328,538.354,197.339,218.634,128.136,8.999,180.553
2410121326,2026-09-24 09:30:00,200,1599.610,1031.940,448.430,119.220,378.090,0.000,5.470
2410121353,2026-09-24 09:30:00,120,726.180,504.000,197.830,24.350,161.690,0.000,15.490
2410121371,2026-09-24 09:30:00,120,608.850,378.020,133.710,97.110,72.140,0.000,29.650
2410121440,2026-09-24 09:30:00,120,22.470,14.950,4.420,3.080,2.690,0.000,6.100
2410121454,2026-09-24 09:30:00,160,2064.580,1304.010,445.040,315.520,336.040,0.000,76.690
2410121457,2026-09-24 09:30:00,120,1883.780,1199.470,521.570,162.730,356.540,0.000,42.560
2410121574,2026-09-24 09:30:00,120,4930.120,3558.690,1146.240,225.190,426.580,0.000,381.980
2410131378,2026-09-24 09:30:00,200,1869.080,1203.650,519.860,145.560,410.410,0.000,9.740
2410131383,2026-09-24 09:30:00,400,1069.890,708.880,228.400,132.600,48.320,0.000,65.770
2410131384,2026-09-24 09:30:00,200,9862.000,5595.470,1984.370,2282.150,2057.520,0.000,4.900
2410131387,2026-09-24 09:30:00,600,553.690,346.680,131.880,75.120,58.070,0.000,59.100
2410320615,2026-09-24 09:30:00,700,15611.180,9574.500,3805.610,2231.060,3859.750,0.000,51.460
2410883988,2026-09-24 09:30:00,100,37.190,19.070,5.510,12.600,3.530,0.000,2.210
2410883990,2026-09-24 09:30:00,60,3000.450,1721.070,640.200,639.170,889.150,0.000,38.540
2410883991,2026-09-24 09:30:00,100,2744.140,1651.980,617.240,474.910,257.120,0.260,74.300
2410883994,2026-09-24 09:30:00,320,108.140,48.540,21.510,38.070,3.450,0.000,6.820
2410932742,2026-09-24 09:30:00,240,20050.740,11668.230,3721.950,4660.540,5090.850,0.000,5.960
2411087432,2026-09-24 09:30:00,40,3718.540,2308.190,1066.140,344.200,747.880,0.000,31.170
2411087433,2026-09-24 09:30:00,500,863.150,510.190,187.130,165.820,22.670,0.000,779.390
2411290205,2026-09-24 09:30:00,240,9716.740,6535.670,2847.500,333.550,3444.550,0.000,59.540
2510014481,2026-09-24 09:30:00,80,15483.110,9023.940,2981.480,3477.680,5819.860,0.000,5.520
2510014482,2026-09-24 09:30:00,40,1303.700,908.350,358.370,36.970,85.260,0.000,63.670
2510014483,2026-09-24 09:30:00,300,232.410,133.990,51.750,46.660,0.000,0.000,187.690
2510014484,2026-09-24 09:30:00,160,9506.140,5389.780,2101.410,2014.940,1548.260,0.000,21.600
2510178139,2026-09-24 09:30:00,300,839.410,488.090,178.190,173.120,183.640,0.000,14.140
2510178141,2026-09-24 09:30:00,40,672.600,504.220,157.260,11.110,187.600,0.000,47.780
2510203103,2026-09-24 09:30:00,400,1866.590,1111.160,419.620,335.800,65.570,3.590,330.600
2510203104,2026-09-24 09:30:00,120,3060.470,1839.250,716.920,504.300,464.560,0.000,69.190
2510203105,2026-09-24 09:30:00,100,2460.340,1711.730,694.470,54.130,578.220,0.000,70.700
2510203106,2026-09-24 09:30:00,100,100.090,46.470,16.830,36.780,0.440,0.000,37.440
2510203107,2026-09-24 09:30:00,600,677.610,428.210,183.170,66.220,198.020,0.000,12.620
2510203108,2026-09-24 09:30:00,80,4043.520,2279.530,896.630,867.350,632.060,0.000,36.690
2510203109,2026-09-24 09:30:00,160,1542.630,968.050,474.890,99.680,462.980,0.000,87.190
2510203111,2026-09-24 09:30:00,40,3968.190,2505.520,981.100,481.570,1082.820,0.000,12.790
2510203113,2026-09-24 09:30:00,160,4553.940,2906.490,1102.160,545.280,278.320,0.000,111.260
2510203114,2026-09-24 09:30:00,120,1930.010,1212.270,476.240,241.500,389.330,0.000,33.730
2510203117,2026-09-24 09:30:00,80,1670.770,891.070,361.920,417.770,285.030,0.000,166.870
2510203118,2026-09-24 09:30:00,640,198.420,114.800,44.620,38.990,26.990,0.010,116.200
2510203119,2026-09-24 09:30:00,40,480.840,323.310,123.490,34.030,180.180,0.000,14.800
2510203120,2026-09-24 09:30:00,160,4368.590,2683.000,961.660,723.920,1015.800,0.000,14.900
2510203121,2026-09-24 09:30:00,100,1304.640,765.920,305.510,233.190,71.930,0.000,108.080
2510203122,2026-09-24 09:30:00,40,949.460,602.300,297.640,49.510,694.330,0.000,0.710
2510203123,2026-09-24 09:30:00,40,2686.660,1771.810,733.260,181.580,854.050,0.000,11.850
2510203124,2026-09-24 09:30:00,800,1201.930,851.880,289.450,60.600,339.800,0.000,0.360
2510203126,2026-09-24 09:30:00,100,17.140,7.900,2.420,6.810,0.440,0.000,1.360
2510203127,2026-09-24 09:30:00,40,1295.190,846.020,344.750,104.400,376.440,0.000,49.300
2510203128,2026-09-24 09:30:00,500,8048.790,4225.460,1416.510,2406.810,375.550,0.000,112.600
2510203129,2026-09-24 09:30:00,80,7.200,3.790,1.350,2.060,0.000,0.000,1.700
2510203130,2026-09-24 09:30:00,120,33.740,24.310,6.890,2.530,9.830,0.000,0.520
2510203133,2026-09-24 09:30:00,40,672.640,458.150,169.670,44.810,114.780,0.000,47.700
2510203134,2026-09-24 09:30:00,200,141.980,83.070,32.740,26.160,6.060,0.000,33.440
2510224049,2026-09-24 09:30:00,1,53773.770,20993.170,10976.270,21804.311,118.600,0.000,9054.000
2510224167,2026-09-24 09:30:00,1,21043.779,9328.880,4122.020,7592.870,904.010,0.000,5718.930
2510317505,2026-09-24 09:30:00,1,15347.930,6737.820,3249.980,5360.120,0.740,0.000,4584.180
2510317537,2026-09-24 09:30:00,1,11897.610,6832.280,2245.800,2819.520,218.560,1427.680,2158.850
2510389559,2026-09-24 09:30:00,1,36.870,20.630,14.320,1.910,30.680,0.000,5.910
2510389643,2026-09-24 09:30:00,1,43476.809,15584.280,7781.970,20110.561,22.630,0.000,4127.340
2510389931,2026-09-24 09:30:00,1,31440.250,12016.150,6640.400,12783.700,0.150,0.000,4318.040
2510633381,2026-09-24 09:30:00,320,225.380,140.250,50.650,34.470,6.310,0.000,46.180
2510633383,2026-09-24 09:30:00,40,1747.620,1310.940,402.140,34.530,53.890,0.000,312.730
2510633385,2026-09-24 09:30:00,60,1230.450,579.980,245.240,405.230,48.580,0.000,95.640
2510633386,2026-09-24 09:30:00,500,494.420,281.630,106.410,106.360,30.900,0.000,2770.860
2510633387,2026-09-24 09:30:00,40,26.050,17.520,6.310,2.220,0.840,0.000,3.410
2510633389,2026-09-24 09:30:00,500,537.970,365.470,124.480,48.010,101.720,0.000,102.760
2510633390,2026-09-24 09:30:00,80,2201.090,1320.080,484.290,396.700,572.990,0.000,6.350
2510633391,2026-09-24 09:30:00,100,254.860,196.920,57.820,0.100,3.450,0.000,1.940
2510633393,2026-09-24 09:30:00,600,6023.290,3506.570,1196.110,1320.610,1284.760,0.000,0.480
2510633395,2026-09-24 09:30:00,40,1300.980,732.580,283.550,284.840,61.340,0.000,39.160
2510633396,2026-09-24 09:30:00,400,928.290,629.830,218.180,80.270,213.550,0.000,0.170
2510633397,2026-09-24 09:30:00,240,570.650,365.190,172.970,32.470,216.280,0.000,18.170
2510633399,2026-09-24 09:30:00,600,1173.110,675.000,251.940,246.160,58.850,0.000,57.120
2510633400,2026-09-24 09:30:00,800,775.670,471.210,179.580,124.870,171.450,0.000,28.000
2510633402,2026-09-24 09:30:00,300,589.790,355.020,124.610,110.140,147.630,0.000,10.400
2510633406,2026-09-24 09:30:00,60,364.880,166.170,70.990,127.720,19.800,0.000,99.260
2510633411,2026-09-24 09:30:00,800,4830.300,2757.050,1007.140,1066.090,1717.750,0.000,29.340
2510814977,2026-09-24 09:30:00,400,52.310,32.240,12.350,7.700,1.840,0.000,10.700
2610026950,2026-09-24 09:30:00,600,15.730,10.090,3.610,2.020,1.430,0.000,3.180
2610026952,2026-09-24 09:30:00,200,3654.860,2372.030,1050.070,232.750,1843.810,0.000,9.810
2610026953,2026-09-24 09:30:00,700,689.830,407.120,155.010,127.690,202.170,0.000,0.670
2610026963,2026-09-24 09:30:00,200,383.110,197.760,94.500,90.830,23.710,2.230,97.460
2610026966,2026-09-24 09:30:00,240,972.790,698.660,240.820,33.300,200.740,0.000,0.000
2610026976,2026-09-24 09:30:00,60,1514.810,987.110,338.810,188.880,149.030,0.000,27.100
2610026977,2026-09-24 09:30:00,30,644.020,268.840,101.120,274.060,111.010,0.000,29.330
2610126270,2026-09-24 09:30:00,400,28.580,18.140,6.720,3.710,1.060,0.000,8.180
2610126451,2026-09-24 09:30:00,300,113.320,73.540,27.600,12.170,55.890,0.000,0.280
2610159557,2026-09-24 09:30:00,600,18.670,10.850,4.060,3.750,0.230,0.000,10.800
2610170785,2026-09-24 09:30:00,640,10.040,6.730,2.880,0.420,10.870,0.000,0.000
2610170786,2026-09-24 09:30:00,500,658.110,373.360,128.370,156.370,130.950,0.000,2.940
2610170836,2026-09-24 09:30:00,100,125.860,78.710,28.530,18.610,70.390,0.000,0.600
2610170837,2026-09-24 09:30:00,240,12.780,8.290,2.800,1.670,1.600,0.000,0.170
2610170838,2026-09-24 09:30:00,240,34.690,22.000,7.710,4.970,3.840,0.000,0.350
2610170839,2026-09-24 09:30:00,400,5.970,3.730,1.600,0.640,1.580,0.000,0.290
2610170840,2026-09-24 09:30:00,40,329.400,188.720,63.820,76.860,69.310,0.000,31.930
2610322967,2026-09-24 09:30:00,500,4.060,2.470,1.010,0.570,0.550,0.000,0.020
2610322969,2026-09-24 09:30:00,100,112.830,79.120,26.660,7.050,14.900,0.000,2.110
2610322982,2026-09-24 09:30:00,160,5.380,3.280,1.120,0.970,0.000,0.000,2.580
2610322992,2026-09-24 09:30:00,320,101.880,69.960,28.280,3.630,26.780,0.000,0.010
2610322995,2026-09-24 09:30:00,40,6.010,3.650,1.230,1.120,0.000,0.000,3.530
2610322997,2026-09-24 09:30:00,400,602.100,352.500,136.250,113.330,229.530,0.000,0.590
2610323001,2026-09-24 09:30:00,160,1921.240,1140.930,510.690,269.610,874.930,0.000,0.000
2610323004,2026-09-24 09:30:00,3000,99.180,75.250,12.860,11.060,22.920,0.000,2.250
2610323005,2026-09-24 09:30:00,120,12.500,8.450,3.160,0.880,1.640,0.000,0.930
2610323010,2026-09-24 09:30:00,60,19.020,12.710,4.540,1.760,1.560,0.000,4.950
2610323016,2026-09-24 09:30:00,160,1687.920,933.470,368.650,385.790,760.780,0.000,0.000
2610323017,2026-09-24 09:30:00,60,7.710,4.680,1.600,1.420,0.000,0.000,4.000
2610323019,2026-09-24 09:30:00,80,51.710,32.610,11.250,7.840,3.040,0.000,12.500
2610323027,2026-09-24 09:30:00,60,7.990,4.900,1.650,1.420,0.000,0.000,4.100
2410121424,2026-09-24 09:31:00,120,48.390,29.740,11.240,7.400,1.600,0.000,17.980
2410883993,2026-09-24 09:32:00,60,3170.940,1534.110,600.020,1036.800,126.120,0.000,341.100
2246006313,2026-09-24 10:00:00,8800,954.450,538.354,197.461,218.634,128.168,8.999,180.553
2410121326,2026-09-24 10:00:00,200,1599.980,1031.940,448.800,119.220,378.170,0.000,5.470
2410121353,2026-09-24 10:00:00,120,726.470,504.000,198.110,24.350,161.780,0.000,15.490
2410121371,2026-09-24 10:00:00,120,608.940,378.020,133.800,97.110,72.160,0.000,29.650
2410121424,2026-09-24 10:00:00,120,48.400,29.740,11.250,7.400,1.600,0.000,17.980
2410121440,2026-09-24 10:00:00,120,22.480,14.950,4.430,3.080,2.690,0.000,6.100
2410121454,2026-09-24 10:00:00,160,2064.810,1304.010,445.270,315.520,336.100,0.000,76.690
2410121457,2026-09-24 10:00:00,120,1884.480,1199.470,522.280,162.730,356.670,0.000,42.560
2410121574,2026-09-24 10:00:00,120,4930.800,3558.690,1146.920,225.190,426.680,0.000,381.980
2410131378,2026-09-24 10:00:00,200,1869.390,1203.650,520.170,145.560,410.490,0.000,9.740
2410131387,2026-09-24 10:00:00,600,553.860,346.680,132.060,75.120,58.130,0.000,59.100
2410320615,2026-09-24 10:00:00,700,15612.600,9574.500,3807.030,2231.060,3860.200,0.000,51.460
2410883988,2026-09-24 10:00:00,100,37.200,19.070,5.520,12.600,3.530,0.000,2.210
2410883990,2026-09-24 10:00:00,60,3000.480,1721.070,640.230,639.170,889.150,0.000,38.540
2410883991,2026-09-24 10:00:00,100,2744.310,1651.980,617.410,474.910,257.140,0.260,74.300
2410883993,2026-09-24 10:00:00,60,3171.190,1534.110,600.270,1036.800,126.150,0.000,341.100
2410883994,2026-09-24 10:00:00,320,108.140,48.540,21.520,38.070,3.450,0.000,6.830
2410932742,2026-09-24 10:00:00,240,20051.699,11668.230,3722.920,4660.540,5091.100,0.000,5.960
2411087432,2026-09-24 10:00:00,40,3719.390,2308.190,1066.990,344.200,747.990,0.000,31.170
2411087433,2026-09-24 10:00:00,500,863.410,510.190,187.390,165.820,22.670,0.000,779.410
2411290205,2026-09-24 10:00:00,240,9717.580,6535.670,2848.340,333.550,3444.970,0.000,59.540
2510014481,2026-09-24 10:00:00,80,15483.850,9023.940,2982.220,3477.680,5820.210,0.000,5.520
2510014482,2026-09-24 10:00:00,40,1303.880,908.350,358.550,36.970,85.260,0.000,63.680
2510014483,2026-09-24 10:00:00,300,232.450,133.990,51.790,46.660,0.000,0.000,187.710
2510014484,2026-09-24 10:00:00,160,9506.760,5389.780,2102.030,2014.940,1548.460,0.000,21.600
2510178139,2026-09-24 10:00:00,300,839.460,488.090,178.240,173.120,183.640,0.000,14.140
2510178141,2026-09-24 10:00:00,40,672.870,504.220,157.530,11.110,187.760,0.000,47.780
2510203103,2026-09-24 10:00:00,400,1866.630,1111.160,419.660,335.800,65.640,3.590,330.600
2510203104,2026-09-24 10:00:00,120,3060.920,1839.250,717.360,504.300,464.690,0.000,69.190
2510203105,2026-09-24 10:00:00,100,2460.780,1711.730,694.910,54.130,578.280,0.000,70.700
2510203106,2026-09-24 10:00:00,100,100.090,46.470,16.830,36.780,0.440,0.000,37.440
2510203107,2026-09-24 10:00:00,600,678.320,428.210,183.880,66.220,198.250,0.000,12.620
2510203108,2026-09-24 10:00:00,80,4044.130,2279.530,897.240,867.350,632.150,0.000,36.690
2510203109,2026-09-24 10:00:00,160,1543.000,968.050,475.250,99.680,463.040,0.000,87.190
2510203111,2026-09-24 10:00:00,40,3968.740,2505.520,981.640,481.570,1082.950,0.000,12.790
2510203113,2026-09-24 10:00:00,160,4555.270,2906.490,1103.500,545.280,278.510,0.000,111.260
2510203114,2026-09-24 10:00:00,120,1930.410,1212.270,476.640,241.500,389.450,0.000,33.730
2510203117,2026-09-24 10:00:00,80,1670.840,891.070,361.990,417.770,285.080,0.000,166.870
2510203118,2026-09-24 10:00:00,640,198.450,114.800,44.650,38.990,26.990,0.010,116.210
2510203119,2026-09-24 10:00:00,40,480.840,323.310,123.490,34.030,180.180,0.000,14.800
2510203120,2026-09-24 10:00:00,160,4369.280,2683.000,962.340,723.920,1015.950,0.000,14.900
2510203121,2026-09-24 10:00:00,100,1304.650,765.920,305.530,233.190,71.930,0.000,108.080
2510203122,2026-09-24 10:00:00,40,949.600,602.300,297.780,49.510,694.410,0.000,0.710
2510203123,2026-09-24 10:00:00,40,2687.090,1771.810,733.690,181.580,854.210,0.000,11.850
2510203124,2026-09-24 10:00:00,800,1202.220,851.880,289.740,60.600,339.890,0.000,0.360
2510203126,2026-09-24 10:00:00,100,17.140,7.900,2.430,6.810,0.450,0.000,1.360
2510203128,2026-09-24 10:00:00,500,8049.320,4225.460,1417.040,2406.810,375.570,0.000,112.600
2510203129,2026-09-24 10:00:00,80,7.210,3.790,1.350,2.060,0.000,0.000,1.700
2510203130,2026-09-24 10:00:00,120,33.760,24.310,6.910,2.530,9.850,0.000,0.520
2510203133,2026-09-24 10:00:00,40,672.750,458.150,169.780,44.810,114.820,0.000,47.700
2510203134,2026-09-24 10:00:00,200,141.980,83.070,32.740,26.160,6.060,0.000,33.450
2510224167,2026-09-24 10:00:00,1,21043.891,9328.880,4122.130,7592.870,904.010,0.000,5719.010
2510317505,2026-09-24 10:00:00,1,15348.070,6737.820,3250.120,5360.120,0.740,0.000,4584.310
2510317537,2026-09-24 10:00:00,1,11898.690,6832.280,2246.890,2819.520,218.560,1427.680,2159.020
2510389559,2026-09-24 10:00:00,1,36.870,20.630,14.320,1.910,30.680,0.000,5.910
2510389643,2026-09-24 10:00:00,1,43476.961,15584.280,7782.110,20110.561,22.630,0.000,4127.350
2510389931,2026-09-24 10:00:00,1,31440.250,12016.150,6640.400,12783.700,0.150,0.000,4318.040
2510633381,2026-09-24 10:00:00,320,225.420,140.250,50.690,34.470,6.310,0.000,46.190
2510633383,2026-09-24 10:00:00,40,1748.180,1310.940,402.700,34.530,53.900,0.000,312.730
2510633385,2026-09-24 10:00:00,60,1230.550,579.980,245.340,405.230,48.590,0.000,95.640
2510633386,2026-09-24 10:00:00,500,494.500,281.630,106.500,106.360,30.900,0.000,2771.190
2510633387,2026-09-24 10:00:00,40,26.080,17.520,6.330,2.220,0.840,0.000,3.410
2510633389,2026-09-24 10:00:00,500,538.630,365.470,125.140,48.010,101.950,0.000,102.760
2510633390,2026-09-24 10:00:00,80,2201.730,1320.080,484.930,396.700,573.160,0.000,6.350
2510633391,2026-09-24 10:00:00,100,254.980,196.920,57.950,0.100,3.450,0.000,1.940
2510633393,2026-09-24 10:00:00,600,6023.870,3506.570,1196.680,1320.610,1284.910,0.000,0.480
2510633395,2026-09-24 10:00:00,40,1300.980,732.580,283.550,284.840,61.340,0.000,39.160
2510633396,2026-09-24 10:00:00,400,928.630,629.830,218.520,80.270,213.650,0.000,0.170
2510633397,2026-09-24 10:00:00,240,570.840,365.190,173.170,32.470,216.390,0.000,18.170
2510633399,2026-09-24 10:00:00,600,1173.270,675.000,252.100,246.160,58.860,0.000,57.120
2510633400,2026-09-24 10:00:00,800,775.970,471.210,179.890,124.870,171.590,0.000,28.000
2510633402,2026-09-24 10:00:00,300,590.060,355.020,124.890,110.140,147.720,0.000,10.400
2510633411,2026-09-24 10:00:00,800,4831.130,2757.050,1007.980,1066.090,1718.070,0.000,29.340
2510814977,2026-09-24 10:00:00,400,52.310,32.240,12.360,7.700,1.840,0.000,10.700
2610026950,2026-09-24 10:00:00,600,15.740,10.090,3.620,2.020,1.430,0.000,3.180
2610026952,2026-09-24 10:00:00,200,3655.380,2372.030,1050.590,232.750,1844.140,0.000,9.810
2610026953,2026-09-24 10:00:00,700,690.070,407.120,155.250,127.690,202.240,0.000,0.670
2610026963,2026-09-24 10:00:00,200,383.130,197.760,94.530,90.830,23.710,2.230,97.470
2610026966,2026-09-24 10:00:00,240,973.100,698.660,241.130,33.300,200.770,0.000,0.000
2610026977,2026-09-24 10:00:00,30,644.020,268.840,101.120,274.060,111.010,0.000,29.330
2610126270,2026-09-24 10:00:00,400,28.590,18.140,6.740,3.710,1.060,0.000,8.180
2610126451,2026-09-24 10:00:00,300,113.330,73.540,27.620,12.170,55.890,0.000,0.280
2610159557,2026-09-24 10:00:00,600,18.680,10.850,4.080,3.750,0.230,0.000,10.800
2610170785,2026-09-24 10:00:00,640,10.050,6.730,2.880,0.420,10.870,0.000,0.000
2610170786,2026-09-24 10:00:00,500,658.340,373.360,128.600,156.370,131.000,0.000,2.940
2610170836,2026-09-24 10:00:00,100,125.860,78.710,28.530,18.610,70.390,0.000,0.600
2610170837,2026-09-24 10:00:00,240,12.780,8.290,2.800,1.670,1.610,0.000,0.170
2610170838,2026-09-24 10:00:00,240,34.710,22.000,7.730,4.970,3.840,0.000,0.350
2610170839,2026-09-24 10:00:00,400,5.990,3.730,1.610,0.640,1.580,0.000,0.290
2610170840,2026-09-24 10:00:00,40,329.410,188.720,63.830,76.860,69.310,0.000,31.930
2610322967,2026-09-24 10:00:00,500,4.060,2.470,1.010,0.570,0.550,0.000,0.020
2610322969,2026-09-24 10:00:00,100,112.970,79.120,26.800,7.050,14.940,0.000,2.110
2610322982,2026-09-24 10:00:00,160,5.390,3.280,1.130,0.970,0.000,0.000,2.580
2610322995,2026-09-24 10:00:00,40,6.020,3.650,1.250,1.120,0.000,0.000,3.540
2610322997,2026-09-24 10:00:00,400,602.450,352.500,136.600,113.330,229.680,0.000,0.590
2610323001,2026-09-24 10:00:00,160,1922.400,1140.930,511.850,269.610,875.460,0.000,0.000
2610323004,2026-09-24 10:00:00,3000,99.230,75.250,12.910,11.060,22.930,0.000,2.250
2610323005,2026-09-24 10:00:00,120,12.520,8.450,3.170,0.880,1.640,0.000,0.930
2610323010,2026-09-24 10:00:00,60,19.030,12.710,4.550,1.760,1.560,0.000,4.950
2610323016,2026-09-24 10:00:00,160,1688.540,933.470,369.270,385.790,761.100,0.000,0.000
2610323017,2026-09-24 10:00:00,60,7.730,4.680,1.610,1.420,0.000,0.000,4.000
2610323019,2026-09-24 10:00:00,80,51.740,32.610,11.280,7.840,3.040,0.000,12.500
2610323027,2026-09-24 10:00:00,60,8.010,4.900,1.670,1.420,0.000,0.000,4.100
2510203127,2026-09-24 10:01:00,40,1295.760,846.020,345.330,104.400,376.610,0.000,49.300
2510224049,2026-09-24 10:01:00,1,53773.910,20993.170,10976.410,21804.311,118.600,0.000,9054.090
2510633406,2026-09-24 10:01:00,60,364.880,166.170,70.990,127.720,19.800,0.000,99.260
2610026976,2026-09-24 10:01:00,60,1515.570,987.110,339.570,188.880,149.260,0.000,27.100
2610322992,2026-09-24 10:01:00,320,103.100,69.960,29.500,3.630,27.280,0.000,0.010
2410131383,2026-09-24 10:02:00,400,1070.020,708.880,228.530,132.600,48.340,0.000,65.770
2410131384,2026-09-24 10:02:00,200,9862.430,5595.470,1984.800,2282.150,2057.690,0.000,4.900
2246006313,2026-09-24 10:30:00,8800,954.565,538.354,197.576,218.634,128.196,8.999,180.553
2410121326,2026-09-24 10:30:00,200,1600.360,1031.940,449.180,119.220,378.250,0.000,5.470
2410121353,2026-09-24 10:30:00,120,726.620,504.000,198.260,24.350,161.830,0.000,15.490
2410121371,2026-09-24 10:30:00,120,609.030,378.020,133.890,97.110,72.170,0.000,29.650
2410121424,2026-09-24 10:30:00,120,48.400,29.740,11.250,7.400,1.600,0.000,17.980
2410121440,2026-09-24 10:30:00,120,22.490,14.950,4.440,3.080,2.690,0.000,6.110
2410121454,2026-09-24 10:30:00,160,2065.030,1304.010,445.490,315.520,336.170,0.000,76.690
2410121457,2026-09-24 10:30:00,120,1885.140,1199.470,522.930,162.730,356.860,0.000,42.560
2410121574,2026-09-24 10:30:00,120,4931.470,3558.690,1147.590,225.190,426.780,0.000,381.980
2410131378,2026-09-24 10:30:00,200,1869.690,1203.650,520.470,145.560,410.560,0.000,9.740
2410131383,2026-09-24 10:30:00,400,1070.130,708.880,228.640,132.600,48.350,0.000,65.770
2410131384,2026-09-24 10:30:00,200,9862.770,5595.470,1985.140,2282.150,2057.820,0.000,4.900
2410131387,2026-09-24 10:30:00,600,554.030,346.680,132.230,75.120,58.180,0.000,59.100
2410320615,2026-09-24 10:30:00,700,15614.030,9574.500,3808.460,2231.060,3860.640,0.000,51.460
2410883988,2026-09-24 10:30:00,100,37.210,19.070,5.530,12.600,3.530,0.000,2.210
2410883990,2026-09-24 10:30:00,60,3000.500,1721.070,640.250,639.170,889.150,0.000,38.540
2410883991,2026-09-24 10:30:00,100,2744.500,1651.980,617.610,474.910,257.160,0.260,74.300
2410883993,2026-09-24 10:30:00,60,3171.430,1534.110,600.520,1036.800,126.180,0.000,341.100
2410883994,2026-09-24 10:30:00,320,108.150,48.540,21.530,38.070,3.450,0.000,6.830
2410932742,2026-09-24 10:30:00,240,20052.680,11668.230,3723.900,4660.540,5091.360,0.000,5.960
2411087432,2026-09-24 10:30:00,40,3720.270,2308.190,1067.870,344.200,748.080,0.000,31.170
2411087433,2026-09-24 10:30:00,500,863.660,510.190,187.640,165.820,22.680,0.000,779.430
2411290205,2026-09-24 10:30:00,240,9718.410,6535.670,2849.170,333.550,3445.390,0.000,59.540
2510014481,2026-09-24 10:30:00,80,15484.580,9023.940,2982.950,3477.680,5820.550,0.000,5.520
2510014482,2026-09-24 10:30:00,40,1304.060,908.350,358.730,36.970,85.260,0.000,63.690
2510014483,2026-09-24 10:30:00,300,232.490,133.990,51.830,46.660,0.000,0.000,187.720
2510014484,2026-09-24 10:30:00,160,9507.400,5389.780,2102.670,2014.940,1548.650,0.000,21.600
2510178139,2026-09-24 10:30:00,300,839.510,488.090,178.290,173.120,183.640,0.000,14.140
2510178141,2026-09-24 10:30:00,40,673.140,504.220,157.800,11.110,187.930,0.000,47.780
2510203103,2026-09-24 10:30:00,400,1866.660,1111.160,419.700,335.800,65.720,3.590,330.600
2510203104,2026-09-24 10:30:00,120,3061.360,1839.250,717.810,504.300,464.810,0.000,69.190
2510203105,2026-09-24 10:30:00,100,2461.190,1711.730,695.320,54.130,578.320,0.000,70.700
2510203106,2026-09-24 10:30:00,100,100.100,46.470,16.840,36.780,0.440,0.000,37.440
2510203107,2026-09-24 10:30:00,600,679.150,428.210,184.710,66.220,198.520,0.000,12.620
2510203108,2026-09-24 10:30:00,80,4044.710,2279.530,897.820,867.350,632.230,0.000,36.690
2510203109,2026-09-24 10:30:00,160,1543.330,968.050,475.590,99.680,463.110,0.000,87.190
2510203111,2026-09-24 10:30:00,40,3969.280,2505.520,982.180,481.570,1083.080,0.000,12.790
2510203113,2026-09-24 10:30:00,160,4556.610,2906.490,1104.830,545.280,278.690,0.000,111.260
2510203114,2026-09-24 10:30:00,120,1930.810,1212.270,477.040,241.500,389.550,0.000,33.730
2510203117,2026-09-24 10:30:00,80,1670.900,891.070,362.050,417.770,285.130,0.000,166.870
2510203118,2026-09-24 10:30:00,640,198.480,114.800,44.680,38.990,26.990,0.010,116.210
2510203119,2026-09-24 10:30:00,40,480.840,323.310,123.490,34.030,180.180,0.000,14.800
2510203120,2026-09-24 10:30:00,160,4369.950,2683.000,963.010,723.920,1016.090,0.000,14.900
2510203121,2026-09-24 10:30:00,100,1304.670,765.920,305.550,233.190,71.930,0.000,108.080
2510203123,2026-09-24 10:30:00,40,2687.520,1771.810,734.120,181.580,854.360,0.000,11.850
2510203124,2026-09-24 10:30:00,800,1202.490,851.880,290.010,60.600,339.980,0.000,0.360
2510203126,2026-09-24 10:30:00,100,17.150,7.900,2.430,6.810,0.450,0.000,1.360
2510203127,2026-09-24 10:30:00,40,1296.270,846.020,345.830,104.400,376.760,0.000,49.300
2510203128,2026-09-24 10:30:00,500,8049.850,4225.460,1417.570,2406.810,375.600,0.000,112.600
2510203129,2026-09-24 10:30:00,80,7.210,3.790,1.350,2.060,0.000,0.000,1.700
2510203130,2026-09-24 10:30:00,120,33.780,24.310,6.930,2.530,9.860,0.000,0.520
2510203133,2026-09-24 10:30:00,40,672.850,458.150,169.880,44.810,114.850,0.000,47.700
2510203134,2026-09-24 10:30:00,200,141.990,83.070,32.740,26.160,6.060,0.000,33.450
2510224049,2026-09-24 10:30:00,1,53774.031,20993.170,10976.540,21804.311,118.600,0.000,9054.170
2510224167,2026-09-24 10:30:00,1,21044.000,9328.880,4122.240,7592.870,904.010,0.000,5719.090
2510317505,2026-09-24 10:30:00,1,15348.210,6737.820,3250.260,5360.120,0.740,0.000,4584.440
2510317537,2026-09-24 10:30:00,1,11899.820,6832.280,2248.010,2819.520,218.560,1427.680,2159.200
2510389559,2026-09-24 10:30:00,1,36.870,20.630,14.320,1.910,30.680,0.000,5.910
2510389643,2026-09-24 10:30:00,1,43477.160,15584.280,7782.310,20110.561,22.630,0.000,4127.360
2510389931,2026-09-24 10:30:00,1,31440.250,12016.150,6640.400,12783.700,0.150,0.000,4318.050
2510633381,2026-09-24 10:30:00,320,225.460,140.250,50.730,34.470,6.310,0.000,46.200
2510633383,2026-09-24 10:30:00,40,1748.740,1310.940,403.260,34.530,53.920,0.000,312.730
2510633385,2026-09-24 10:30:00,60,1230.660,579.980,245.450,405.230,48.600,0.000,95.640
2510633386,2026-09-24 10:30:00,500,494.590,281.630,106.590,106.360,30.900,0.000,2771.530
2510633387,2026-09-24 10:30:00,40,26.100,17.520,6.360,2.220,0.840,0.000,3.420
2510633389,2026-09-24 10:30:00,500,539.380,365.470,125.890,48.010,102.180,0.000,102.760
2510633390,2026-09-24 10:30:00,80,2202.360,1320.080,485.560,396.700,573.330,0.000,6.350
2510633391,2026-09-24 10:30:00,100,255.100,196.920,58.070,0.100,3.460,0.000,1.940
2510633393,2026-09-24 10:30:00,600,6024.450,3506.570,1197.260,1320.610,1285.050,0.000,0.480
2510633395,2026-09-24 10:30:00,40,1300.980,732.580,283.550,284.840,61.340,0.000,39.160
2510633396,2026-09-24 10:30:00,400,928.950,629.830,218.840,80.270,213.750,0.000,0.170
2510633397,2026-09-24 10:30:00,240,571.040,365.190,173.360,32.470,216.490,0.000,18.170
2510633400,2026-09-24 10:30:00,800,776.250,471.210,180.170,124.870,171.720,0.000,28.000
2510633406,2026-09-24 10:30:00,60,364.890,166.170,70.990,127.720,19.800,0.000,99.260
2510633411,2026-09-24 10:30:00,800,4831.930,2757.050,1008.770,1066.090,1718.380,0.000,29.340
2510814977,2026-09-24 10:30:00,400,52.310,32.240,12.360,7.700,1.840,0.000,10.710
2610026950,2026-09-24 10:30:00,600,15.760,10.090,3.640,2.020,1.430,0.000,3.180
2610026952,2026-09-24 10:30:00,200,3655.980,2372.030,1051.190,232.750,1844.510,0.000,9.810
2610026953,2026-09-24 10:30:00,700,690.310,407.120,155.490,127.690,202.320,0.000,0.670
2610026963,2026-09-24 10:30:00,200,383.170,197.760,94.560,90.830,23.710,2.230,97.470
2610026966,2026-09-24 10:30:00,240,973.410,698.660,241.440,33.300,200.810,0.000,0.000
2610026976,2026-09-24 10:30:00,60,1516.150,987.110,340.150,188.880,149.440,0.000,27.100
2610026977,2026-09-24 10:30:00,30,644.050,268.840,101.140,274.060,111.020,0.000,29.330
2610126270,2026-09-24 10:30:00,400,28.610,18.140,6.760,3.710,1.060,0.000,8.180
2610126451,2026-09-24 10:30:00,300,113.350,73.540,27.640,12.170,55.890,0.000,0.280
2610159557,2026-09-24 10:30:00,600,18.700,10.850,4.090,3.750,0.230,0.000,10.800
2610170785,2026-09-24 10:30:00,640,10.050,6.730,2.890,0.420,10.870,0.000,0.000
2610170786,2026-09-24 10:30:00,500,658.630,373.360,128.900,156.370,131.070,0.000,2.940
2610170836,2026-09-24 10:30:00,100,125.860,78.710,28.530,18.610,70.390,0.000,0.600
2610170837,2026-09-24 10:30:00,240,12.780,8.290,2.810,1.670,1.610,0.000,0.170
2610170838,2026-09-24 10:30:00,240,34.720,22.000,7.740,4.970,3.840,0.000,0.350
2610170839,2026-09-24 10:30:00,400,6.010,3.730,1.630,0.640,1.590,0.000,0.290
2610170840,2026-09-24 10:30:00,40,329.410,188.720,63.830,76.860,69.310,0.000,31.930
2610322967,2026-09-24 10:30:00,500,4.060,2.470,1.020,0.570,0.550,0.000,0.020
2610322969,2026-09-24 10:30:00,100,113.090,79.120,26.920,7.050,14.950,0.000,2.110
2610322982,2026-09-24 10:30:00,160,5.400,3.280,1.140,0.970,0.000,0.000,2.590
2610322992,2026-09-24 10:30:00,320,104.200,69.960,30.600,3.630,27.730,0.000,0.010
2610322995,2026-09-24 10:30:00,40,6.030,3.650,1.260,1.120,0.000,0.000,3.540
2610322997,2026-09-24 10:30:00,400,602.800,352.500,136.960,113.330,229.840,0.000,0.590
2610323001,2026-09-24 10:30:00,160,1923.540,1140.930,512.990,269.610,876.010,0.000,0.000
2610323004,2026-09-24 10:30:00,3000,99.250,75.250,12.930,11.060,22.940,0.000,2.250
2610323005,2026-09-24 10:30:00,120,12.530,8.450,3.180,0.880,1.640,0.000,0.930
2610323010,2026-09-24 10:30:00,60,19.070,12.710,4.580,1.760,1.560,0.000,4.960
2610323017,2026-09-24 10:30:00,60,7.740,4.680,1.630,1.420,0.000,0.000,4.010
2610323019,2026-09-24 10:30:00,80,51.760,32.610,11.300,7.840,3.040,0.000,12.510
2610323027,2026-09-24 10:30:00,60,8.020,4.900,1.680,1.420,0.000,0.000,4.110
2510203122,2026-09-24 10:31:00,40,949.780,602.300,297.970,49.510,694.550,0.000,0.710
2510633399,2026-09-24 10:31:00,600,1173.440,675.000,252.270,246.160,58.860,0.000,57.120
2510633402,2026-09-24 10:31:00,300,590.350,355.020,125.180,110.140,147.820,0.000,10.400
2610323016,2026-09-24 10:32:00,160,1689.210,933.470,369.940,385.790,761.430,0.000,0.000
2246006313,2026-09-24 11:00:00,8800,954.686,538.354,197.697,218.634,128.227,8.999,180.553
2410121326,2026-09-24 11:00:00,200,1600.750,1031.940,449.580,119.220,378.340,0.000,5.470
2410121353,2026-09-24 11:00:00,120,726.820,504.000,198.470,24.350,161.880,0.000,15.490
2410121371,2026-09-24 11:00:00,120,609.130,378.020,133.990,97.110,72.180,0.000,29.650
2410121424,2026-09-24 11:00:00,120,48.400,29.740,11.250,7.400,1.600,0.000,17.990
2410121440,2026-09-24 11:00:00,120,22.500,14.950,4.450,3.080,2.690,0.000,6.110
2410121454,2026-09-24 11:00:00,160,2065.260,1304.010,445.720,315.520,336.230,0.000,76.690
2410121457,2026-09-24 11:00:00,120,1885.790,1199.470,523.580,162.730,357.050,0.000,42.560
2410121574,2026-09-24 11:00:00,120,4932.200,3558.690,1148.310,225.190,426.890,0.000,381.980
2410131378,2026-09-24 11:00:00,200,1870.010,1203.650,520.790,145.560,410.640,0.000,9.740
2410131383,2026-09-24 11:00:00,400,1070.250,708.880,228.760,132.600,48.370,0.000,65.770
2410131384,2026-09-24 11:00:00,200,9863.150,5595.470,1985.520,2282.150,2057.940,0.000,4.900
2410131387,2026-09-24 11:00:00,600,554.160,346.680,132.360,75.120,58.230,0.000,59.100
2410883988,2026-09-24 11:00:00,100,37.220,19.070,5.540,12.600,3.530,0.000,2.210
2410883990,2026-09-24 11:00:00,60,3000.530,1721.070,640.280,639.170,889.150,0.000,38.540
2410883991,2026-09-24 11:00:00,100,2744.710,1651.980,617.820,474.910,257.180,0.260,74.300
2410883993,2026-09-24 11:00:00,60,3171.670,1534.110,600.750,1036.800,126.200,0.000,341.100
2410883994,2026-09-24 11:00:00,320,108.160,48.540,21.540,38.070,3.450,0.000,6.830
2410932742,2026-09-24 11:00:00,240,20053.660,11668.230,3724.870,4660.540,5091.610,0.000,5.960
2411087432,2026-09-24 11:00:00,40,3721.190,2308.190,1068.790,344.200,748.200,0.000,31.170
2411087433,2026-09-24 11:00:00,500,863.910,510.190,187.890,165.820,22.680,0.000,779.450
2411290205,2026-09-24 11:00:00,240,9719.240,6535.670,2850.000,333.550,3445.800,0.000,59.540
2510014481,2026-09-24 11:00:00,80,15485.340,9023.940,2983.710,3477.680,5820.930,0.000,5.520
2510014482,2026-09-24 11:00:00,40,1304.250,908.350,358.920,36.970,85.260,0.000,63.700
2510014483,2026-09-24 11:00:00,300,232.520,133.990,51.870,46.660,0.000,0.000,187.730
2510014484,2026-09-24 11:00:00,160,9508.030,5389.780,2103.300,2014.940,1548.840,0.000,21.600
2510178139,2026-09-24 11:00:00,300,839.570,488.090,178.350,173.120,183.650,0.000,14.140
2510178141,2026-09-24 11:00:00,40,673.420,504.220,158.080,11.110,188.100,0.000,47.780
2510203103,2026-09-24 11:00:00,400,1866.700,1111.160,419.740,335.800,65.800,3.590,330.600
2510203104,2026-09-24 11:00:00,120,3061.790,1839.250,718.230,504.300,464.930,0.000,69.190
2510203105,2026-09-24 11:00:00,100,2461.780,1711.730,695.910,54.130,578.480,0.000,70.700
2510203106,2026-09-24 11:00:00,100,100.100,46.470,16.840,36.780,0.440,0.000,37.450
2510203107,2026-09-24 11:00:00,600,679.770,428.210,185.340,66.220,198.720,0.000,12.620
2510203108,2026-09-24 11:00:00,80,4045.230,2279.530,898.340,867.350,632.270,0.000,36.690
2510203109,2026-09-24 11:00:00,160,1543.680,968.050,475.930,99.680,463.180,0.000,87.190
2510203111,2026-09-24 11:00:00,40,3969.820,2505.520,982.720,481.570,1083.220,0.000,12.790
2510203113,2026-09-24 11:00:00,160,4557.960,2906.490,1106.190,545.280,278.870,0.000,111.260
2510203114,2026-09-24 11:00:00,120,1931.180,1212.270,477.410,241.500,389.660,0.000,33.730
2510203117,2026-09-24 11:00:00,80,1670.990,891.070,362.140,417.770,285.170,0.000,166.870
2510203118,2026-09-24 11:00:00,640,198.520,114.800,44.720,38.990,26.990,0.010,116.220
2510203119,2026-09-24 11:00:00,40,480.840,323.310,123.490,34.030,180.180,0.000,14.800
2510203120,2026-09-24 11:00:00,160,4370.630,2683.000,963.690,723.920,1016.230,0.000,14.900
2510203121,2026-09-24 11:00:00,100,1304.690,765.920,305.560,233.190,71.930,0.000,108.090
2510203122,2026-09-24 11:00:00,40,949.960,602.300,298.140,49.510,694.690,0.000,0.710
2510203123,2026-09-24 11:00:00,40,2687.960,1771.810,734.560,181.580,854.520,0.000,11.850
2510203124,2026-09-24 11:00:00,800,1202.740,851.880,290.260,60.600,340.070,0.000,0.360
2510203126,2026-09-24 11:00:00,100,17.160,7.900,2.450,6.810,0.450,0.000,1.360
2510203127,2026-09-24 11:00:00,40,1296.830,846.020,346.400,104.400,376.930,0.000,49.300
2510203128,2026-09-24 11:00:00,500,8050.390,4225.460,1418.110,2406.810,375.620,0.000,112.600
2510203130,2026-09-24 11:00:00,120,33.790,24.310,6.940,2.530,9.860,0.000,0.520
2510203133,2026-09-24 11:00:00,40,672.940,458.150,169.970,44.810,114.870,0.000,47.700
2510203134,2026-09-24 11:00:00,200,141.990,83.070,32.750,26.160,6.060,0.000,33.450
2510224049,2026-09-24 11:00:00,1,53774.340,20993.170,10976.850,21804.311,118.600,0.000,9054.250
2510224167,2026-09-24 11:00:00,1,21044.109,9328.880,4122.350,7592.870,904.010,0.000,5719.180
2510317505,2026-09-24 11:00:00,1,15348.360,6737.820,3250.400,5360.120,0.740,0.000,4584.570
2510389559,2026-09-24 11:00:00,1,36.870,20.630,14.320,1.910,30.680,0.000,5.910
2510389643,2026-09-24 11:00:00,1,43477.219,15584.280,7782.380,20110.561,22.630,0.000,4127.370
2510389931,2026-09-24 11:00:00,1,31440.260,12016.150,6640.400,12783.700,0.150,0.000,4318.050
2510633381,2026-09-24 11:00:00,320,225.500,140.250,50.770,34.470,6.310,0.000,46.200
2510633383,2026-09-24 11:00:00,40,1749.310,1310.940,403.830,34.530,53.940,0.000,312.730
2510633385,2026-09-24 11:00:00,60,1230.800,579.980,245.590,405.230,48.620,0.000,95.640
2510633386,2026-09-24 11:00:00,500,494.680,281.630,106.670,106.360,30.900,0.000,2771.870
2510633389,2026-09-24 11:00:00,500,540.090,365.470,126.590,48.010,102.430,0.000,102.760
2510633390,2026-09-24 11:00:00,80,2202.970,1320.080,486.170,396.700,573.490,0.000,6.350
2510633391,2026-09-24 11:00:00,100,255.220,196.920,58.190,0.100,3.460,0.000,1.940
2510633393,2026-09-24 11:00:00,600,6025.020,3506.570,1197.840,1320.610,1285.190,0.000,0.480
2510633395,2026-09-24 11:00:00,40,1300.980,732.580,283.550,284.840,61.340,0.000,39.160
2510633396,2026-09-24 11:00:00,400,929.190,629.830,219.080,80.270,213.820,0.000,0.170
2510633397,2026-09-24 11:00:00,240,571.240,365.190,173.560,32.470,216.590,0.000,18.170
2510633399,2026-09-24 11:00:00,600,1173.590,675.000,252.420,246.160,58.870,0.000,57.120
2510633400,2026-09-24 11:00:00,800,776.560,471.210,180.470,124.870,171.860,0.000,28.000
2510633402,2026-09-24 11:00:00,300,590.630,355.020,125.450,110.140,147.910,0.000,10.400
2510633406,2026-09-24 11:00:00,60,364.890,166.170,70.990,127.720,19.800,0.000,99.270
2510633411,2026-09-24 11:00:00,800,4832.770,2757.050,1009.610,1066.090,1718.690,0.000,29.340
2510814977,2026-09-24 11:00:00,400,52.320,32.240,12.360,7.700,1.840,0.000,10.710
2610026950,2026-09-24 11:00:00,600,15.770,10.090,3.650,2.020,1.430,0.000,3.180
2610026952,2026-09-24 11:00:00,200,3656.560,2372.030,1051.780,232.750,1844.900,0.000,9.810
2610026953,2026-09-24 11:00:00,700,690.550,407.120,155.740,127.690,202.400,0.000,0.670
2610026963,2026-09-24 11:00:00,200,383.200,197.760,94.600,90.830,23.720,2.230,97.470
2610026966,2026-09-24 11:00:00,240,973.700,698.660,241.730,33.300,200.850,0.000,0.000
2610026976,2026-09-24 11:00:00,60,1516.900,987.110,340.900,188.880,149.660,0.000,27.100
2610026977,2026-09-24 11:00:00,30,644.090,268.840,101.190,274.060,111.050,0.000,29.330
2610126270,2026-09-24 11:00:00,400,28.630,18.140,6.770,3.710,1.060,0.000,8.180
2610126451,2026-09-24 11:00:00,300,113.380,73.540,27.660,12.170,55.890,0.000,0.280
2610159557,2026-09-24 11:00:00,600,18.710,10.850,4.110,3.750,0.230,0.000,10.810
2610170786,2026-09-24 11:00:00,500,658.920,373.360,129.190,156.370,131.150,0.000,2.940
2610170836,2026-09-24 11:00:00,100,125.860,78.710,28.530,18.610,70.390,0.000,0.600
2610170837,2026-09-24 11:00:00,240,12.800,8.290,2.820,1.670,1.610,0.000,0.170
2610170839,2026-09-24 11:00:00,400,6.030,3.730,1.660,0.640,1.600,0.000,0.290
2610170840,2026-09-24 11:00:00,40,329.420,188.720,63.840,76.860,69.310,0.000,31.940
2610322967,2026-09-24 11:00:00,500,4.070,2.470,1.020,0.570,0.550,0.000,0.020
2610322969,2026-09-24 11:00:00,100,113.190,79.120,27.020,7.050,14.960,0.000,2.110
2610322982,2026-09-24 11:00:00,160,5.410,3.280,1.150,0.970,0.000,0.000,2.590
2610322992,2026-09-24 11:00:00,320,105.390,69.960,31.790,3.630,28.180,0.000,0.010
2610322995,2026-09-24 11:00:00,40,6.050,3.650,1.270,1.120,0.000,0.000,3.550
2610322997,2026-09-24 11:00:00,400,603.140,352.500,137.300,113.330,229.980,0.000,0.590
2610323001,2026-09-24 11:00:00,160,1924.740,1140.930,514.180,269.610,876.580,0.000,0.000
2610323004,2026-09-24 11:00:00,3000,99.290,75.250,12.970,11.060,22.940,0.000,2.250
2610323005,2026-09-24 11:00:00,120,12.540,8.450,3.190,0.880,1.640,0.000,0.930
2610323010,2026-09-24 11:00:00,60,19.090,12.710,4.610,1.760,1.560,0.000,4.960
2610323016,2026-09-24 11:00:00,160,1689.910,933.470,370.640,385.790,761.760,0.000,0.000
2610323017,2026-09-24 11:00:00,60,7.760,4.680,1.640,1.420,0.000,0.000,4.010
2610323019,2026-09-24 11:00:00,80,51.790,32.610,11.330,7.840,3.040,0.000,12.510
2610323027,2026-09-24 11:00:00,60,8.040,4.900,1.700,1.420,0.000,0.000,4.110
2410320615,2026-09-24 11:01:00,700,15615.510,9574.500,3809.930,2231.060,3861.100,0.000,51.460
2510203129,2026-09-24 11:01:00,80,7.220,3.790,1.360,2.060,0.000,0.000,1.700
2510317537,2026-09-24 11:01:00,1,11900.910,6832.280,2249.100,2819.520,218.560,1427.680,2159.380
2510633387,2026-09-24 11:01:00,40,26.130,17.520,6.380,2.220,0.840,0.000,3.420
2610170785,2026-09-24 11:01:00,640,10.050,6.730,2.890,0.420,10.870,0.000,0.000
2610170838,2026-09-24 11:01:00,240,34.740,22.000,7.760,4.970,3.840,0.000,0.350
2246006313,2026-09-24 11:30:00,8800,954.806,538.354,197.817,218.634,128.256,8.999,180.553
2410121326,2026-09-24 11:30:00,200,1601.130,1031.940,449.950,119.220,378.420,0.000,5.470
2410121353,2026-09-24 11:30:00,120,727.000,504.000,198.640,24.350,161.940,0.000,15.490
2410121371,2026-09-24 11:30:00,120,609.220,378.020,134.080,97.110,72.190,0.000,29.650
2410121440,2026-09-24 11:30:00,120,22.510,14.950,4.460,3.080,2.690,0.000,6.110
2410121454,2026-09-24 11:30:00,160,2065.490,1304.010,445.950,315.520,336.300,0.000,76.690
2410121457,2026-09-24 11:30:00,120,1886.460,1199.470,524.250,162.730,357.240,0.000,42.560
2410121574,2026-09-24 11:30:00,120,4932.880,3558.690,1148.990,225.190,426.970,0.000,381.980
2410131378,2026-09-24 11:30:00,200,1870.300,1203.650,521.080,145.560,410.710,0.000,9.740
2410131384,2026-09-24 11:30:00,200,9863.490,5595.470,1985.860,2282.150,2058.030,0.000,4.900
2410131387,2026-09-24 11:30:00,600,554.290,346.680,132.490,75.120,58.280,0.000,59.100
2410320615,2026-09-24 11:30:00,700,15616.970,9574.500,3811.390,2231.060,3861.580,0.000,51.460
2410883988,2026-09-24 11:30:00,100,37.240,19.070,5.550,12.600,3.530,0.000,2.210
2410883990,2026-09-24 11:30:00,60,3000.560,1721.070,640.300,639.170,889.150,0.000,38.540
2410883991,2026-09-24 11:30:00,100,2744.870,1651.980,617.970,474.910,257.190,0.260,74.300
2410883993,2026-09-24 11:30:00,60,3171.890,1534.110,600.970,1036.800,126.210,0.000,341.100
2410883994,2026-09-24 11:30:00,320,108.170,48.540,21.550,38.070,3.450,0.000,6.830
2410932742,2026-09-24 11:30:00,240,20054.631,11668.240,3725.850,4660.540,5091.870,0.000,5.960
2411087432,2026-09-24 11:30:00,40,3722.090,2308.190,1069.690,344.200,748.330,0.000,31.170
2411087433,2026-09-24 11:30:00,500,864.160,510.190,188.140,165.820,22.680,0.000,779.470
2411290205,2026-09-24 11:30:00,240,9719.970,6535.680,2850.730,333.550,3446.020,0.000,59.540
2510014481,2026-09-24 11:30:00,80,15486.100,9023.940,2984.480,3477.680,5821.310,0.000,5.520
2510014482,2026-09-24 11:30:00,40,1304.420,908.350,359.090,36.970,85.260,0.000,63.710
2510014483,2026-09-24 11:30:00,300,232.560,133.990,51.900,46.660,0.000,0.000,187.740
2510014484,2026-09-24 11:30:00,160,9508.690,5389.780,2103.960,2014.940,1549.020,0.000,21.600
2510178139,2026-09-24 11:30:00,300,839.630,488.090,178.410,173.120,183.650,0.000,14.140
2510178141,2026-09-24 11:30:00,40,673.700,504.220,158.360,11.110,188.270,0.000,47.780
2510203103,2026-09-24 11:30:00,400,1866.740,1111.160,419.770,335.800,65.870,3.590,330.600
2510203104,2026-09-24 11:30:00,120,3062.220,1839.250,718.660,504.300,465.050,0.000,69.190
2510203105,2026-09-24 11:30:00,100,2462.320,1711.730,696.450,54.130,578.640,0.000,70.700
2510203106,2026-09-24 11:30:00,100,100.100,46.470,16.840,36.780,0.440,0.000,37.450
2510203107,2026-09-24 11:30:00,600,680.190,428.210,185.750,66.220,198.860,0.000,12.620
2510203108,2026-09-24 11:30:00,80,4045.830,2279.530,898.940,867.350,632.310,0.000,36.690
2510203109,2026-09-24 11:30:00,160,1544.010,968.050,476.260,99.680,463.240,0.000,87.190
2510203111,2026-09-24 11:30:00,40,3970.340,2505.520,983.240,481.570,1083.350,0.000,12.790
2510203113,2026-09-24 11:30:00,160,4559.320,2906.490,1107.540,545.280,279.070,0.000,111.260
2510203114,2026-09-24 11:30:00,120,1931.560,1212.270,477.790,241.500,389.760,0.000,33.730
2510203117,2026-09-24 11:30:00,80,1671.050,891.070,362.200,417.770,285.220,0.000,166.870
2510203118,2026-09-24 11:30:00,640,198.550,114.800,44.750,38.990,26.990,0.010,116.230
2510203119,2026-09-24 11:30:00,40,480.840,323.310,123.490,34.030,180.180,0.000,14.800
2510203120,2026-09-24 11:30:00,160,4371.240,2683.000,964.300,723.920,1016.360,0.000,14.900
2510203121,2026-09-24 11:30:00,100,1304.700,765.920,305.580,233.190,71.930,0.000,108.090
2510203122,2026-09-24 11:30:00,40,950.130,602.300,298.310,49.510,694.830,0.000,0.710
2510203123,2026-09-24 11:30:00,40,2688.380,1771.810,734.980,181.580,854.670,0.000,11.850
2510203124,2026-09-24 11:30:00,800,1202.950,851.880,290.470,60.600,340.130,0.000,0.360
2510203126,2026-09-24 11:30:00,100,17.180,7.900,2.460,6.810,0.450,0.000,1.360
2510203127,2026-09-24 11:30:00,40,1297.340,846.020,346.910,104.400,377.070,0.000,49.300
2510203128,2026-09-24 11:30:00,500,8050.920,4225.460,1418.640,2406.810,375.650,0.000,112.600
2510203129,2026-09-24 11:30:00,80,7.220,3.790,1.360,2.060,0.000,0.000,1.700
2510203130,2026-09-24 11:30:00,120,33.800,24.310,6.950,2.530,9.860,0.000,0.520
2510203134,2026-09-24 11:30:00,200,141.990,83.070,32.750,26.160,6.060,0.000,33.450
2510224049,2026-09-24 11:30:00,1,53774.480,20993.170,10976.990,21804.311,118.600,0.000,9054.330
2510224167,2026-09-24 11:30:00,1,21044.221,9328.880,4122.460,7592.870,904.010,0.000,5719.260
2510317505,2026-09-24 11:30:00,1,15348.500,6737.820,3250.540,5360.120,0.740,0.000,4584.690
2510317537,2026-09-24 11:30:00,1,11902.000,6832.280,2250.190,2819.520,218.560,1427.680,2159.540
2510389559,2026-09-24 11:30:00,1,36.870,20.630,14.320,1.910,30.680,0.000,5.910
2510389643,2026-09-24 11:30:00,1,43477.250,15584.280,7782.400,20110.561,22.630,0.000,4127.370
2510389931,2026-09-24 11:30:00,1,31440.260,12016.150,6640.400,12783.700,0.150,0.000,4318.060
2510633381,2026-09-24 11:30:00,320,225.540,140.250,50.810,34.470,6.310,0.000,46.210
2510633383,2026-09-24 11:30:00,40,1749.880,1310.940,404.400,34.530,53.960,0.000,312.730
2510633385,2026-09-24 11:30:00,60,1230.930,579.980,245.720,405.230,48.640,0.000,95.640
2510633386,2026-09-24 11:30:00,500,494.770,281.630,106.760,106.360,30.900,0.000,2772.200
2510633387,2026-09-24 11:30:00,40,26.150,17.520,6.410,2.220,0.840,0.000,3.420
2510633389,2026-09-24 11:30:00,500,540.730,365.470,127.230,48.010,102.650,0.000,102.760
2510633390,2026-09-24 11:30:00,80,2203.600,1320.080,486.800,396.700,573.660,0.000,6.350
2510633391,2026-09-24 11:30:00,100,255.330,196.920,58.300,0.100,3.460,0.000,1.940
2510633393,2026-09-24 11:30:00,600,6025.610,3506.570,1198.420,1320.610,1285.330,0.000,0.480
2510633395,2026-09-24 11:30:00,40,1300.980,732.580,283.550,284.840,61.340,0.000,39.160
2510633396,2026-09-24 11:30:00,400,929.410,629.830,219.290,80.270,213.880,0.000,0.170
2510633397,2026-09-24 11:30:00,240,571.430,365.190,173.760,32.470,216.690,0.000,18.170
2510633399,2026-09-24 11:30:00,600,1173.780,675.000,252.610,246.160,58.870,0.000,57.120
2510633400,2026-09-24 11:30:00,800,776.870,471.210,180.780,124.870,172.010,0.000,28.000
2510633402,2026-09-24 11:30:00,300,590.930,355.020,125.750,110.140,148.010,0.000,10.400
2510633406,2026-09-24 11:30:00,60,364.890,166.170,70.990,127.720,19.800,0.000,99.270
2510633411,2026-09-24 11:30:00,800,4833.560,2757.060,1010.400,1066.090,1718.980,0.000,29.340
2510814977,2026-09-24 11:30:00,400,52.320,32.240,12.370,7.700,1.840,0.000,10.710
2610026950,2026-09-24 11:30:00,600,15.780,10.090,3.660,2.020,1.430,0.000,3.180
2610026952,2026-09-24 11:30:00,200,3657.170,2372.040,1052.370,232.750,1845.280,0.000,9.810
2610026953,2026-09-24 11:30:00,700,690.790,407.120,155.980,127.690,202.480,0.000,0.670
2610026963,2026-09-24 11:30:00,200,383.230,197.760,94.630,90.830,23.720,2.230,97.470
2610026966,2026-09-24 11:30:00,240,973.950,698.660,241.980,33.300,200.880,0.000,0.000
2610026976,2026-09-24 11:30:00,60,1517.510,987.110,341.500,188.880,149.820,0.000,27.100
2610026977,2026-09-24 11:30:00,30,644.180,268.840,101.270,274.060,111.110,0.000,29.330
2610126270,2026-09-24 11:30:00,400,28.640,18.140,6.790,3.710,1.060,0.000,8.190
2610126451,2026-09-24 11:30:00,300,113.390,73.540,27.680,12.170,55.890,0.000,0.280
2610159557,2026-09-24 11:30:00,600,18.730,10.850,4.120,3.750,0.230,0.000,10.810
2610170785,2026-09-24 11:30:00,640,10.050,6.730,2.890,0.420,10.870,0.000,0.000
2610170786,2026-09-24 11:30:00,500,659.240,373.360,129.510,156.370,131.230,0.000,2.940
2610170836,2026-09-24 11:30:00,100,125.870,78.710,28.540,18.610,70.390,0.000,0.600
2610170837,2026-09-24 11:30:00,240,12.800,8.290,2.830,1.670,1.610,0.000,0.170
2610170838,2026-09-24 11:30:00,240,34.760,22.000,7.770,4.970,3.840,0.000,0.350
2610170839,2026-09-24 11:30:00,400,6.040,3.730,1.670,0.640,1.600,0.000,0.290
2610170840,2026-09-24 11:30:00,40,329.420,188.720,63.840,76.860,69.310,0.000,31.940
2610322967,2026-09-24 11:30:00,500,4.070,2.470,1.020,0.570,0.550,0.000,0.020
2610322982,2026-09-24 11:30:00,160,5.420,3.280,1.160,0.970,0.000,0.000,2.590
2610322992,2026-09-24 11:30:00,320,106.670,69.960,33.060,3.630,28.650,0.000,0.010
2610322995,2026-09-24 11:30:00,40,6.060,3.650,1.280,1.120,0.000,0.000,3.550
2610322997,2026-09-24 11:30:00,400,603.360,352.500,137.520,113.330,230.060,0.000,0.590
2610323001,2026-09-24 11:30:00,160,1925.760,1140.930,515.210,269.610,877.100,0.000,0.000
2610323004,2026-09-24 11:30:00,3000,99.320,75.250,13.000,11.060,22.950,0.000,2.250
2610323005,2026-09-24 11:30:00,120,12.560,8.450,3.220,0.880,1.640,0.000,0.930
2610323010,2026-09-24 11:30:00,60,19.110,12.710,4.620,1.760,1.560,0.000,4.970
2610323016,2026-09-24 11:30:00,160,1690.600,933.470,371.330,385.790,762.120,0.000,0.000
2610323017,2026-09-24 11:30:00,60,7.780,4.680,1.660,1.420,0.000,0.000,4.020
2610323019,2026-09-24 11:30:00,80,51.820,32.610,11.360,7.840,3.040,0.000,12.520
2610323027,2026-09-24 11:30:00,60,8.060,4.900,1.720,1.420,0.000,0.000,4.120
2410121424,2026-09-24 11:31:00,120,48.400,29.740,11.260,7.400,1.600,0.000,17.990
2410131383,2026-09-24 11:31:00,400,1070.370,708.880,228.880,132.600,48.380,0.000,65.770
2610322969,2026-09-24 11:31:00,100,113.290,79.120,27.110,7.050,14.960,0.000,2.110
2510203133,2026-09-24 11:32:00,40,673.050,458.160,170.080,44.810,114.900,0.000,47.700
2246006313,2026-09-24 12:00:00,8800,954.917,538.465,197.817,218.634,128.278,8.999,180.553
2410121326,2026-09-24 12:00:00,200,1601.440,1032.260,449.950,119.220,378.490,0.000,5.470
2410121353,2026-09-24 12:00:00,120,727.160,504.160,198.640,24.350,161.980,0.000,15.490
2410121371,2026-09-24 12:00:00,120,609.320,378.120,134.080,97.110,72.200,0.000,29.650
2410121424,2026-09-24 12:00:00,120,48.410,29.740,11.260,7.400,1.600,0.000,17.990
2410121440,2026-09-24 12:00:00,120,22.540,14.980,4.460,3.080,2.700,0.000,6.110
2410121454,2026-09-24 12:00:00,160,2065.750,1304.270,445.950,315.520,336.370,0.000,76.690
2410121457,2026-09-24 12:00:00,120,1887.110,1200.120,524.250,162.730,357.440,0.000,42.560
2410121574,2026-09-24 12:00:00,120,4933.590,3559.400,1148.990,225.190,427.040,0.000,381.980
2410131383,2026-09-24 12:00:00,400,1070.470,708.980,228.880,132.600,48.390,0.000,65.770
2410131384,2026-09-24 12:00:00,200,9863.850,5595.830,1985.860,2282.150,2058.130,0.000,4.900
2410131387,2026-09-24 12:00:00,600,554.390,346.780,132.490,75.120,58.320,0.000,59.100
2410320615,2026-09-24 12:00:00,700,15618.490,9576.030,3811.390,2231.060,3862.090,0.000,51.460
2410883988,2026-09-24 12:00:00,100,37.250,19.080,5.550,12.600,3.530,0.000,2.210
2410883990,2026-09-24 12:00:00,60,3000.590,1721.100,640.300,639.170,889.160,0.000,38.540
2410883991,2026-09-24 12:00:00,100,2744.990,1652.100,617.970,474.910,257.190,0.260,74.300
2410883993,2026-09-24 12:00:00,60,3172.090,1534.320,600.970,1036.800,126.220,0.000,341.100
2410883994,2026-09-24 12:00:00,320,108.170,48.550,21.550,38.070,3.450,0.000,6.830
2410932742,2026-09-24 12:00:00,240,20055.631,11669.230,3725.850,4660.540,5092.130,0.000,5.960
2411087432,2026-09-24 12:00:00,40,3722.830,2308.920,1069.690,344.200,748.440,0.000,31.170
2411087433,2026-09-24 12:00:00,500,864.410,510.440,188.140,165.820,22.690,0.000,779.490
2411290205,2026-09-24 12:00:00,240,9720.600,6536.310,2850.730,333.550,3446.230,0.000,59.540
2510014481,2026-09-24 12:00:00,80,15486.850,9024.690,2984.480,3477.680,5821.680,0.000,5.520
2510014482,2026-09-24 12:00:00,40,1304.590,908.520,359.090,36.970,85.260,0.000,63.720
2510014484,2026-09-24 12:00:00,160,9509.350,5390.440,2103.960,2014.940,1549.210,0.000,21.600
2510178139,2026-09-24 12:00:00,300,839.700,488.150,178.410,173.120,183.660,0.000,14.140
2510203103,2026-09-24 12:00:00,400,1866.780,1111.190,419.770,335.800,65.940,3.590,330.600
2510203104,2026-09-24 12:00:00,120,3062.660,1839.690,718.660,504.300,465.180,0.000,69.190
2510203105,2026-09-24 12:00:00,100,2462.620,1712.030,696.450,54.130,578.750,0.000,70.710
2510203106,2026-09-24 12:00:00,100,100.110,46.470,16.840,36.780,0.440,0.000,37.450
2510203107,2026-09-24 12:00:00,600,680.650,428.670,185.750,66.220,199.030,0.000,12.620
2510203108,2026-09-24 12:00:00,80,4046.370,2280.080,898.940,867.350,632.360,0.000,36.690
2510203109,2026-09-24 12:00:00,160,1544.260,968.310,476.260,99.680,463.280,0.000,87.190
2510203111,2026-09-24 12:00:00,40,3970.820,2506.000,983.240,481.570,1083.480,0.000,12.790
2510203113,2026-09-24 12:00:00,160,4560.740,2907.910,1107.540,545.280,279.270,0.000,111.260
2510203114,2026-09-24 12:00:00,120,1931.930,1212.640,477.790,241.500,389.880,0.000,33.730
2510203117,2026-09-24 12:00:00,80,1671.090,891.110,362.200,417.770,285.270,0.000,166.870
2510203118,2026-09-24 12:00:00,640,198.580,114.840,44.750,38.990,26.990,0.010,116.230
2510203119,2026-09-24 12:00:00,40,480.840,323.310,123.490,34.030,180.180,0.000,14.800
2510203121,2026-09-24 12:00:00,100,1304.720,765.940,305.580,233.190,71.930,0.000,108.100
2510203122,2026-09-24 12:00:00,40,950.300,602.460,298.310,49.510,694.950,0.000,0.710
2510203123,2026-09-24 12:00:00,40,2688.740,1772.170,734.980,181.580,854.810,0.000,11.850
2510203124,2026-09-24 12:00:00,800,1203.150,852.080,290.470,60.600,340.200,0.000,0.360
2510203126,2026-09-24 12:00:00,100,17.190,7.910,2.460,6.810,0.450,0.000,1.360
2510203127,2026-09-24 12:00:00,40,1297.730,846.410,346.910,104.400,377.150,0.000,49.300
2510203128,2026-09-24 12:00:00,500,8051.440,4225.980,1418.640,2406.810,375.670,0.000,112.600
2510203129,2026-09-24 12:00:00,80,7.220,3.790,1.360,2.060,0.000,0.000,1.710
2510203130,2026-09-24 12:00:00,120,33.800,24.310,6.950,2.530,9.870,0.000,0.520
2510203133,2026-09-24 12:00:00,40,673.140,458.250,170.080,44.810,114.920,0.000,47.700
2510203134,2026-09-24 12:00:00,200,142.000,83.080,32.750,26.160,6.060,0.000,33.450
2510224049,2026-09-24 12:00:00,1,53774.621,20993.311,10976.990,21804.311,118.600,0.000,9054.410
2510224167,2026-09-24 12:00:00,1,21044.320,9328.980,4122.460,7592.870,904.010,0.000,5719.350
2510317505,2026-09-24 12:00:00,1,15348.640,6737.970,3250.540,5360.120,0.740,0.000,4584.830
2510317537,2026-09-24 12:00:00,1,11903.070,6833.350,2250.190,2819.520,218.560,1427.680,2159.710
2510389559,2026-09-24 12:00:00,1,36.870,20.630,14.320,1.910,30.680,0.000,5.910
2510389643,2026-09-24 12:00:00,1,43477.289,15584.320,7782.400,20110.561,22.630,0.000,4127.380
2510389931,2026-09-24 12:00:00,1,31440.260,12016.150,6640.400,12783.700,0.150,0.000,4318.070
2510633381,2026-09-24 12:00:00,320,225.580,140.300,50.810,34.470,6.310,0.000,46.220
2510633383,2026-09-24 12:00:00,40,1750.460,1311.520,404.400,34.530,53.970,0.000,312.730
2510633385,2026-09-24 12:00:00,60,1231.100,580.140,245.720,405.230,48.670,0.000,95.640
2510633386,2026-09-24 12:00:00,500,494.860,281.720,106.760,106.360,30.900,0.000,2772.540
2510633387,2026-09-24 12:00:00,40,26.180,17.550,6.410,2.220,0.840,0.000,3.420
2510633389,2026-09-24 12:00:00,500,541.230,365.980,127.230,48.010,102.800,0.000,102.760
2510633390,2026-09-24 12:00:00,80,2204.150,1320.630,486.800,396.700,573.780,0.000,6.350
2510633391,2026-09-24 12:00:00,100,255.450,197.040,58.300,0.100,3.460,0.000,1.940
2510633393,2026-09-24 12:00:00,600,6026.210,3507.170,1198.420,1320.610,1285.470,0.000,0.480
2510633395,2026-09-24 12:00:00,40,1300.980,732.580,283.550,284.840,61.340,0.000,39.160
2510633396,2026-09-24 12:00:00,400,929.600,630.020,219.290,80.270,213.950,0.000,0.170
2510633397,2026-09-24 12:00:00,240,571.590,365.350,173.760,32.470,216.770,0.000,18.170
2510633399,2026-09-24 12:00:00,600,1173.980,675.200,252.610,246.160,58.880,0.000,57.120
2510633400,2026-09-24 12:00:00,800,777.170,471.510,180.780,124.870,172.150,0.000,28.000
2510633402,2026-09-24 12:00:00,300,591.200,355.290,125.750,110.140,148.100,0.000,10.400
2510633406,2026-09-24 12:00:00,60,364.890,166.170,70.990,127.720,19.800,0.000,99.270
2510633411,2026-09-24 12:00:00,800,4834.250,2757.750,1010.400,1066.090,1719.210,0.000,29.340
2510814977,2026-09-24 12:00:00,400,52.320,32.250,12.370,7.700,1.840,0.000,10.710
2610026950,2026-09-24 12:00:00,600,15.800,10.110,3.660,2.020,1.440,0.000,3.180
2610026953,2026-09-24 12:00:00,700,691.030,407.360,155.980,127.690,202.560,0.000,0.670
2610026963,2026-09-24 12:00:00,200,383.280,197.800,94.630,90.830,23.720,2.230,97.470
2610026966,2026-09-24 12:00:00,240,974.170,698.880,241.980,33.300,200.920,0.000,0.000
2610026976,2026-09-24 12:00:00,60,1517.930,987.540,341.500,188.880,149.830,0.000,27.100
2610026977,2026-09-24 12:00:00,30,644.270,268.920,101.270,274.060,111.170,0.000,29.330
2610126270,2026-09-24 12:00:00,400,28.660,18.150,6.790,3.710,1.060,0.000,8.190
2610126451,2026-09-24 12:00:00,300,113.410,73.560,27.680,12.170,55.890,0.000,0.280
2610159557,2026-09-24 12:00:00,600,18.740,10.870,4.120,3.750,0.230,0.000,10.820
2610170785,2026-09-24 12:00:00,640,10.050,6.730,2.890,0.420,10.870,0.000,0.000
2610170836,2026-09-24 12:00:00,100,125.870,78.710,28.540,18.610,70.390,0.000,0.600
2610170837,2026-09-24 12:00:00,240,12.810,8.290,2.830,1.670,1.610,0.000,0.170
2610170838,2026-09-24 12:00:00,240,34.770,22.020,7.770,4.970,3.840,0.000,0.350
2610170839,2026-09-24 12:00:00,400,6.050,3.740,1.670,0.640,1.600,0.000,0.290
2610170840,2026-09-24 12:00:00,40,329.430,188.720,63.840,76.860,69.310,0.000,31.940
2610322967,2026-09-24 12:00:00,500,4.070,2.470,1.020,0.570,0.550,0.000,0.020
2610322969,2026-09-24 12:00:00,100,113.370,79.210,27.110,7.050,14.960,0.000,2.110
2610322982,2026-09-24 12:00:00,160,5.430,3.290,1.160,0.970,0.000,0.000,2.600
2610322992,2026-09-24 12:00:00,320,107.960,71.260,33.060,3.630,29.170,0.000,0.010
2610322995,2026-09-24 12:00:00,40,6.070,3.660,1.280,1.120,0.000,0.000,3.560
2610322997,2026-09-24 12:00:00,400,603.660,352.800,137.520,113.330,230.180,0.000,0.590
2610323001,2026-09-24 12:00:00,160,1926.760,1141.930,515.210,269.610,877.650,0.000,0.000
2610323004,2026-09-24 12:00:00,3000,99.340,75.270,13.000,11.060,22.960,0.000,2.260
2610323005,2026-09-24 12:00:00,120,12.590,8.490,3.220,0.880,1.650,0.000,0.930
2610323010,2026-09-24 12:00:00,60,19.120,12.730,4.620,1.760,1.560,0.000,4.980
2610323016,2026-09-24 12:00:00,160,1691.320,934.200,371.330,385.790,762.500,0.000,0.000
2610323017,2026-09-24 12:00:00,60,7.790,4.700,1.660,1.420,0.000,0.000,4.020
2610323019,2026-09-24 12:00:00,80,51.860,32.650,11.360,7.840,3.040,0.000,12.520
2610323027,2026-09-24 12:00:00,60,8.070,4.920,1.720,1.420,0.000,0.000,4.120
2410131378,2026-09-24 12:01:00,200,1870.600,1203.950,521.080,145.560,410.770,0.000,9.740
2510014483,2026-09-24 12:01:00,300,232.600,134.030,51.900,46.660,0.000,0.000,187.750
2610026952,2026-09-24 12:01:00,200,3657.810,2372.680,1052.370,232.750,1845.700,0.000,9.810
2510178141,2026-09-24 12:02:00,40,674.050,504.570,158.360,11.110,188.460,0.000,47.780
2510203120,2026-09-24 12:02:00,160,4371.940,2683.700,964.300,723.920,1016.510,0.000,14.900
2610170786,2026-09-24 12:02:00,500,659.590,373.710,129.510,156.370,131.310,0.000,2.940
2246006313,2026-09-24 12:30:00,8800,955.010,538.558,197.817,218.634,128.293,8.999,180.553
2410121326,2026-09-24 12:30:00,200,1601.690,1032.500,449.950,119.220,378.540,0.000,5.470
2410121353,2026-09-24 12:30:00,120,727.260,504.260,198.640,24.350,162.000,0.000,15.490
2410121371,2026-09-24 12:30:00,120,609.390,378.190,134.080,97.110,72.210,0.000,29.650
2410121424,2026-09-24 12:30:00,120,48.410,29.740,11.260,7.400,1.600,0.000,17.990
2410121440,2026-09-24 12:30:00,120,22.570,15.020,4.460,3.080,2.720,0.000,6.110
2410121454,2026-09-24 12:30:00,160,2065.990,1304.510,445.950,315.520,336.440,0.000,76.690
2410121457,2026-09-24 12:30:00,120,1887.730,1200.750,524.250,162.730,357.630,0.000,42.560
2410121574,2026-09-24 12:30:00,120,4934.100,3559.920,1148.990,225.190,427.080,0.000,381.980
2410131378,2026-09-24 12:30:00,200,1870.850,1204.200,521.080,145.560,410.840,0.000,9.740
2410131383,2026-09-24 12:30:00,400,1070.570,709.080,228.880,132.600,48.410,0.000,65.770
2410131384,2026-09-24 12:30:00,200,9864.210,5596.190,1985.860,2282.150,2058.240,0.000,4.900
2410131387,2026-09-24 12:30:00,600,554.500,346.890,132.490,75.120,58.370,0.000,59.100
2410320615,2026-09-24 12:30:00,700,15619.680,9577.210,3811.390,2231.060,3862.480,0.000,51.460
2410883988,2026-09-24 12:30:00,100,37.260,19.090,5.550,12.600,3.530,0.000,2.210
2410883990,2026-09-24 12:30:00,60,3000.620,1721.130,640.300,639.170,889.160,0.000,38.540
2410883991,2026-09-24 12:30:00,100,2745.100,1652.220,617.970,474.910,257.200,0.260,74.300
2410883993,2026-09-24 12:30:00,60,3172.300,1534.530,600.970,1036.800,126.230,0.000,341.100
2410883994,2026-09-24 12:30:00,320,108.180,48.560,21.550,38.070,3.450,0.000,6.830
2410932742,2026-09-24 12:30:00,240,20056.631,11670.230,3725.850,4660.540,5092.410,0.000,5.960
2411087432,2026-09-24 12:30:00,40,3723.460,2309.560,1069.690,344.200,748.520,0.000,31.170
2411087433,2026-09-24 12:30:00,500,864.640,510.660,188.140,165.820,22.690,0.000,779.510
2411290205,2026-09-24 12:30:00,240,9721.130,6536.840,2850.730,333.550,3446.410,0.000,59.540
2510014481,2026-09-24 12:30:00,80,15487.520,9025.360,2984.480,3477.680,5821.930,0.000,5.520
2510014482,2026-09-24 12:30:00,40,1304.730,908.660,359.090,36.970,85.280,0.000,63.720
2510014483,2026-09-24 12:30:00,300,232.640,134.070,51.900,46.660,0.000,0.000,187.760
2510014484,2026-09-24 12:30:00,160,9509.990,5391.080,2103.960,2014.940,1549.400,0.000,21.600
2510178139,2026-09-24 12:30:00,300,839.810,488.260,178.410,173.120,183.670,0.000,14.140
2510178141,2026-09-24 12:30:00,40,674.340,504.860,158.360,11.110,188.610,0.000,47.780
2510203103,2026-09-24 12:30:00,400,1866.810,1111.230,419.770,335.800,66.020,3.600,330.600
2510203104,2026-09-24 12:30:00,120,3062.970,1840.000,718.660,504.300,465.250,0.000,69.190
2510203105,2026-09-24 12:30:00,100,2462.920,1712.330,696.450,54.130,578.810,0.000,70.710
2510203106,2026-09-24 12:30:00,100,100.110,46.480,16.840,36.780,0.440,0.000,37.450
2510203107,2026-09-24 12:30:00,600,681.400,429.420,185.750,66.220,199.280,0.000,12.620
2510203108,2026-09-24 12:30:00,80,4046.970,2280.670,898.940,867.350,632.410,0.000,36.690
2510203109,2026-09-24 12:30:00,160,1544.380,968.430,476.260,99.680,463.290,0.000,87.190
2510203111,2026-09-24 12:30:00,40,3971.370,2506.550,983.240,481.570,1083.620,0.000,12.790
2510203113,2026-09-24 12:30:00,160,4561.960,2909.130,1107.540,545.280,279.470,0.000,111.260
2510203114,2026-09-24 12:30:00,120,1932.180,1212.890,477.790,241.500,389.940,0.000,33.730
2510203117,2026-09-24 12:30:00,80,1671.130,891.150,362.200,417.770,285.310,0.000,166.870
2510203118,2026-09-24 12:30:00,640,198.610,114.870,44.750,38.990,26.990,0.010,116.240
2510203119,2026-09-24 12:30:00,40,480.840,323.310,123.490,34.030,180.180,0.000,14.800
2510203120,2026-09-24 12:30:00,160,4372.480,2684.240,964.300,723.920,1016.640,0.000,14.900
2510203121,2026-09-24 12:30:00,100,1304.730,765.960,305.580,233.190,71.930,0.000,108.100
2510203122,2026-09-24 12:30:00,40,950.400,602.560,298.310,49.510,694.980,0.000,0.710
2510203123,2026-09-24 12:30:00,40,2689.190,1772.620,734.980,181.580,854.970,0.000,11.850
2510203124,2026-09-24 12:30:00,800,1203.350,852.270,290.470,60.600,340.270,0.000,0.360
2510203126,2026-09-24 12:30:00,100,17.200,7.930,2.460,6.810,0.450,0.000,1.360
2510203127,2026-09-24 12:30:00,40,1297.960,846.640,346.910,104.400,377.250,0.000,49.300
2510203128,2026-09-24 12:30:00,500,8051.980,4226.520,1418.640,2406.810,375.700,0.000,112.600
2510203130,2026-09-24 12:30:00,120,33.810,24.320,6.950,2.530,9.870,0.000,0.520
2510203133,2026-09-24 12:30:00,40,673.250,458.350,170.080,44.810,114.930,0.000,47.710
2510203134,2026-09-24 12:30:00,200,142.000,83.080,32.750,26.160,6.060,0.000,33.450
2510224049,2026-09-24 12:30:00,1,53774.750,20993.439,10976.990,21804.311,118.600,0.000,9054.500
2510224167,2026-09-24 12:30:00,1,21044.400,9329.060,4122.460,7592.870,904.010,0.000,5719.430
2510317537,2026-09-24 12:30:00,1,11904.140,6834.420,2250.190,2819.520,218.560,1427.680,2159.880
2510389559,2026-09-24 12:30:00,1,36.870,20.630,14.320,1.910,30.680,0.000,5.910
2510389643,2026-09-24 12:30:00,1,43477.340,15584.370,7782.400,20110.561,22.640,0.000,4127.380
2510389931,2026-09-24 12:30:00,1,31440.260,12016.150,6640.400,12783.700,0.150,0.000,4318.070
2510633383,2026-09-24 12:30:00,40,1751.020,1312.080,404.400,34.530,54.000,0.000,312.730
2510633385,2026-09-24 12:30:00,60,1231.220,580.270,245.720,405.230,48.680,0.000,95.640
2510633386,2026-09-24 12:30:00,500,494.920,281.790,106.760,106.360,30.900,0.000,2772.870
2510633387,2026-09-24 12:30:00,40,26.200,17.570,6.410,2.220,0.840,0.000,3.430
2510633389,2026-09-24 12:30:00,500,541.640,366.390,127.230,48.010,102.960,0.000,102.760
2510633391,2026-09-24 12:30:00,100,255.520,197.110,58.300,0.100,3.460,0.000,1.950
2510633393,2026-09-24 12:30:00,600,6026.810,3507.770,1198.420,1320.610,1285.620,0.000,0.480
2510633395,2026-09-24 12:30:00,40,1300.980,732.580,283.550,284.840,61.340,0.000,39.160
2510633396,2026-09-24 12:30:00,400,929.790,630.220,219.290,80.270,214.010,0.000,0.170
2510633397,2026-09-24 12:30:00,240,571.670,365.430,173.760,32.470,216.790,0.000,18.170
2510633399,2026-09-24 12:30:00,600,1174.150,675.370,252.610,246.160,58.880,0.000,57.120
2510633400,2026-09-24 12:30:00,800,777.340,471.670,180.780,124.870,172.230,0.000,28.000
2510633402,2026-09-24 12:30:00,300,591.380,355.480,125.750,110.140,148.160,0.000,10.400
2510633406,2026-09-24 12:30:00,60,364.890,166.170,70.990,127.720,19.800,0.000,99.270
2510633411,2026-09-24 12:30:00,800,4834.900,2758.400,1010.400,1066.090,1719.440,0.000,29.340
2510814977,2026-09-24 12:30:00,400,52.330,32.250,12.370,7.700,1.840,0.000,10.710
2610026950,2026-09-24 12:30:00,600,15.820,10.130,3.660,2.020,1.440,0.000,3.180
2610026952,2026-09-24 12:30:00,200,3658.330,2373.200,1052.370,232.750,1846.030,0.000,9.810
2610026953,2026-09-24 12:30:00,700,691.230,407.550,155.980,127.690,202.640,0.000,0.670
2610026963,2026-09-24 12:30:00,200,383.300,197.830,94.630,90.830,23.720,2.230,97.480
2610026966,2026-09-24 12:30:00,240,974.420,699.130,241.980,33.300,200.960,0.000,0.000
2610026976,2026-09-24 12:30:00,60,1518.370,987.980,341.500,188.880,149.830,0.000,27.100
2610026977,2026-09-24 12:30:00,30,644.320,268.980,101.270,274.060,111.210,0.000,29.330
2610126270,2026-09-24 12:30:00,400,28.680,18.170,6.790,3.710,1.060,0.000,8.190
2610126451,2026-09-24 12:30:00,300,113.430,73.580,27.680,12.170,55.890,0.000,0.280
2610159557,2026-09-24 12:30:00,600,18.760,10.880,4.120,3.750,0.230,0.000,10.820
2610170785,2026-09-24 12:30:00,640,10.060,6.740,2.890,0.420,10.870,0.000,0.000
2610170786,2026-09-24 12:30:00,500,659.880,374.000,129.510,156.370,131.380,0.000,2.940
2610170836,2026-09-24 12:30:00,100,125.870,78.710,28.540,18.610,70.390,0.000,0.600
2610170837,2026-09-24 12:30:00,240,12.810,8.300,2.830,1.670,1.610,0.000,0.170
2610170838,2026-09-24 12:30:00,240,34.790,22.030,7.770,4.970,3.840,0.000,0.350
2610170839,2026-09-24 12:30:00,400,6.080,3.760,1.670,0.640,1.600,0.000,0.300
2610170840,2026-09-24 12:30:00,40,329.430,188.720,63.840,76.860,69.310,0.000,31.940
2610322967,2026-09-24 12:30:00,500,4.070,2.470,1.020,0.570,0.550,0.000,0.020
2610322969,2026-09-24 12:30:00,100,113.460,79.300,27.110,7.050,14.970,0.000,2.110
2610322982,2026-09-24 12:30:00,160,5.450,3.300,1.160,0.970,0.000,0.000,2.600
2610322992,2026-09-24 12:30:00,320,108.830,72.120,33.060,3.630,29.560,0.000,0.010
2610322995,2026-09-24 12:30:00,40,6.080,3.670,1.280,1.120,0.000,0.000,3.560
2610322997,2026-09-24 12:30:00,400,603.980,353.130,137.520,113.330,230.320,0.000,0.590
2610323001,2026-09-24 12:30:00,160,1927.850,1143.020,515.210,269.610,878.210,0.000,0.000
2610323004,2026-09-24 12:30:00,3000,99.360,75.290,13.000,11.060,22.970,0.000,2.260
2610323005,2026-09-24 12:30:00,120,12.640,8.530,3.220,0.880,1.660,0.000,0.930
2610323010,2026-09-24 12:30:00,60,19.140,12.740,4.620,1.760,1.560,0.000,4.980
2610323016,2026-09-24 12:30:00,160,1691.890,934.770,371.330,385.790,762.810,0.000,0.000
2610323017,2026-09-24 12:30:00,60,7.810,4.720,1.660,1.420,0.000,0.000,4.030
2610323019,2026-09-24 12:30:00,80,51.890,32.690,11.360,7.840,3.040,0.000,12.530
2610323027,2026-09-24 12:30:00,60,8.090,4.940,1.720,1.420,0.000,0.000,4.130
2510203129,2026-09-24 12:31:00,80,7.230,3.790,1.360,2.060,0.000,0.000,1.710
2510317505,2026-09-24 12:31:00,1,15348.780,6738.110,3250.540,5360.120,0.740,0.000,4584.960
2510633381,2026-09-24 12:31:00,320,225.620,140.340,50.810,34.470,6.310,0.000,46.230
2510633390,2026-09-24 12:31:00,80,2204.720,1321.200,486.800,396.700,573.920,0.000,6.350
2246006313,2026-09-24 13:00:00,8800,955.111,538.658,197.817,218.634,128.314,8.999,180.553
2410121326,2026-09-24 13:00:00,200,1601.940,1032.750,449.950,119.220,378.590,0.000,5.470
2410121353,2026-09-24 13:00:00,120,727.330,504.340,198.640,24.350,162.030,0.000,15.490
2410121371,2026-09-24 13:00:00,120,609.460,378.260,134.080,97.110,72.220,0.000,29.650
2410121424,2026-09-24 13:00:00,120,48.410,29.750,11.260,7.400,1.600,0.000,17.990
2410121440,2026-09-24 13:00:00,120,22.620,15.060,4.460,3.080,2.740,0.000,6.110
2410121457,2026-09-24 13:00:00,120,1888.620,1201.630,524.250,162.730,357.840,0.000,42.560
2410121574,2026-09-24 13:00:00,120,4934.740,3560.560,1148.990,225.190,427.130,0.000,381.980
2410131378,2026-09-24 13:00:00,200,1871.120,1204.460,521.080,145.560,410.900,0.000,9.740
2410131383,2026-09-24 13:00:00,400,1070.690,709.190,228.880,132.600,48.420,0.000,65.770
2410131384,2026-09-24 13:00:00,200,9864.570,5596.540,1985.860,2282.150,2058.350,0.000,4.900
2410131387,2026-09-24 13:00:00,600,554.620,347.000,132.490,75.120,58.410,0.000,59.100
2410320615,2026-09-24 13:00:00,700,15620.710,9578.250,3811.390,2231.060,3862.800,0.000,51.460
2410883988,2026-09-24 13:00:00,100,37.270,19.110,5.550,12.600,3.530,0.000,2.210
2410883990,2026-09-24 13:00:00,60,3000.640,1721.160,640.300,639.170,889.160,0.000,38.540
2410883991,2026-09-24 13:00:00,100,2745.210,1652.320,617.970,474.910,257.200,0.260,74.300
2410883993,2026-09-24 13:00:00,60,3172.500,1534.720,600.970,1036.800,126.240,0.000,341.100
2410883994,2026-09-24 13:00:00,320,108.190,48.570,21.550,38.070,3.450,0.000,6.830
2410932742,2026-09-24 13:00:00,240,20057.609,11671.210,3725.850,4660.540,5092.670,0.000,5.960
2411087432,2026-09-24 13:00:00,40,3724.050,2310.150,1069.690,344.200,748.580,0.000,31.170
2411087433,2026-09-24 13:00:00,500,864.880,510.910,188.140,165.820,22.690,0.000,779.520
2411290205,2026-09-24 13:00:00,240,9721.730,6537.440,2850.730,333.550,3446.600,0.000,59.540
2510014481,2026-09-24 13:00:00,80,15488.190,9026.030,2984.480,3477.680,5822.170,0.000,5.520
2510014482,2026-09-24 13:00:00,40,1304.890,908.820,359.090,36.970,85.320,0.000,63.720
2510014483,2026-09-24 13:00:00,300,232.670,134.100,51.900,46.660,0.000,0.000,187.770
2510014484,2026-09-24 13:00:00,160,9510.610,5391.690,2103.960,2014.940,1549.580,0.000,21.600
2510178139,2026-09-24 13:00:00,300,839.890,488.350,178.410,173.120,183.680,0.000,14.140
2510178141,2026-09-24 13:00:00,40,674.610,505.120,158.360,11.110,188.760,0.000,47.780
2510203103,2026-09-24 13:00:00,400,1866.840,1111.260,419.770,335.800,66.090,3.600,330.600
2510203104,2026-09-24 13:00:00,120,3063.290,1840.320,718.660,504.300,465.330,0.000,69.190
2510203105,2026-09-24 13:00:00,100,2463.260,1712.670,696.450,54.130,578.830,0.000,70.710
2510203106,2026-09-24 13:00:00,100,100.110,46.480,16.840,36.780,0.440,0.000,37.450
2510203107,2026-09-24 13:00:00,600,682.090,430.110,185.750,66.220,199.510,0.000,12.620
2510203109,2026-09-24 13:00:00,160,1544.520,968.570,476.260,99.680,463.330,0.000,87.190
2510203111,2026-09-24 13:00:00,40,3971.910,2507.090,983.240,481.570,1083.750,0.000,12.790
2510203113,2026-09-24 13:00:00,160,4563.140,2910.320,1107.540,545.280,279.650,0.000,111.260
2510203114,2026-09-24 13:00:00,120,1932.420,1213.130,477.790,241.500,389.990,0.000,33.730
2510203117,2026-09-24 13:00:00,80,1671.180,891.200,362.200,417.770,285.360,0.000,166.870
2510203118,2026-09-24 13:00:00,640,198.640,114.900,44.750,38.990,26.990,0.010,116.250
2510203119,2026-09-24 13:00:00,40,480.840,323.310,123.490,34.030,180.180,0.000,14.800
2510203120,2026-09-24 13:00:00,160,4373.100,2684.870,964.300,723.920,1016.790,0.000,14.900
2510203121,2026-09-24 13:00:00,100,1304.750,765.970,305.580,233.190,71.930,0.000,108.100
2510203122,2026-09-24 13:00:00,40,950.490,602.660,298.310,49.510,695.020,0.000,0.710
2510203123,2026-09-24 13:00:00,40,2689.620,1773.050,734.980,181.580,855.120,0.000,11.850
2510203124,2026-09-24 13:00:00,800,1203.550,852.480,290.470,60.600,340.330,0.000,0.360
2510203126,2026-09-24 13:00:00,100,17.210,7.940,2.460,6.810,0.450,0.000,1.360
2510203127,2026-09-24 13:00:00,40,1298.240,846.920,346.910,104.400,377.360,0.000,49.300
2510203128,2026-09-24 13:00:00,500,8052.510,4227.050,1418.640,2406.810,375.730,0.000,112.600
2510203129,2026-09-24 13:00:00,80,7.230,3.800,1.360,2.060,0.000,0.000,1.710
2510203130,2026-09-24 13:00:00,120,33.820,24.330,6.950,2.530,9.870,0.000,0.520
2510203133,2026-09-24 13:00:00,40,673.330,458.440,170.080,44.810,114.940,0.000,47.710
2510203134,2026-09-24 13:00:00,200,142.010,83.080,32.750,26.160,6.060,0.000,33.450
2510224049,2026-09-24 13:00:00,1,53774.871,20993.561,10976.990,21804.311,118.600,0.000,9054.570
2510224167,2026-09-24 13:00:00,1,21044.490,9329.150,4122.460,7592.870,904.010,0.000,5719.510
2510317505,2026-09-24 13:00:00,1,15348.920,6738.250,3250.540,5360.120,0.740,0.000,4585.080
2510317537,2026-09-24 13:00:00,1,11905.180,6835.460,2250.190,2819.520,218.560,1427.680,2160.050
2510389559,2026-09-24 13:00:00,1,36.870,20.630,14.320,1.910,30.680,0.000,5.910
2510389643,2026-09-24 13:00:00,1,43477.469,15584.500,7782.400,20110.561,22.640,0.000,4127.390
2510389931,2026-09-24 13:00:00,1,31440.260,12016.150,6640.400,12783.700,0.150,0.000,4318.080
2510633381,2026-09-24 13:00:00,320,225.660,140.380,50.810,34.470,6.310,0.000,46.230
2510633383,2026-09-24 13:00:00,40,1751.590,1312.650,404.400,34.530,54.020,0.000,312.730
2510633385,2026-09-24 13:00:00,60,1231.320,580.370,245.720,405.230,48.690,0.000,95.640
2510633386,2026-09-24 13:00:00,500,495.000,281.870,106.760,106.360,30.900,0.000,2773.200
2510633387,2026-09-24 13:00:00,40,26.230,17.600,6.410,2.220,0.840,0.000,3.430
2510633389,2026-09-24 13:00:00,500,542.220,366.970,127.230,48.010,103.170,0.000,102.760
2510633390,2026-09-24 13:00:00,80,2205.290,1321.770,486.800,396.700,574.100,0.000,6.350
2510633391,2026-09-24 13:00:00,100,255.600,197.180,58.300,0.100,3.460,0.000,1.950
2510633393,2026-09-24 13:00:00,600,6027.390,3508.350,1198.420,1320.610,1285.750,0.000,0.480
2510633395,2026-09-24 13:00:00,40,1300.980,732.580,283.550,284.840,61.340,0.000,39.160
2510633396,2026-09-24 13:00:00,400,930.000,630.420,219.290,80.270,214.070,0.000,0.170
2510633397,2026-09-24 13:00:00,240,571.770,365.520,173.760,32.470,216.820,0.000,18.170
2510633399,2026-09-24 13:00:00,600,1174.320,675.540,252.610,246.160,58.880,0.000,57.120
2510633400,2026-09-24 13:00:00,800,777.510,471.840,180.780,124.870,172.300,0.000,28.000
2510633406,2026-09-24 13:00:00,60,364.900,166.180,70.990,127.720,19.800,0.000,99.270
2510633411,2026-09-24 13:00:00,800,4835.660,2759.160,1010.400,1066.090,1719.720,0.000,29.340
2510814977,2026-09-24 13:00:00,400,52.330,32.250,12.370,7.700,1.840,0.000,10.710
2610026950,2026-09-24 13:00:00,600,15.830,10.140,3.660,2.020,1.440,0.000,3.180
2610026952,2026-09-24 13:00:00,200,3658.940,2373.810,1052.370,232.750,1846.360,0.000,9.810
2610026953,2026-09-24 13:00:00,700,691.420,407.740,155.980,127.690,202.710,0.000,0.670
2610026963,2026-09-24 13:00:00,200,383.330,197.850,94.630,90.830,23.720,2.230,97.480
2610026966,2026-09-24 13:00:00,240,974.740,699.460,241.980,33.300,201.000,0.000,0.000
2610026976,2026-09-24 13:00:00,60,1518.820,988.430,341.500,188.880,149.830,0.000,27.100
2610026977,2026-09-24 13:00:00,30,644.340,269.000,101.270,274.060,111.210,0.000,29.330
2610126270,2026-09-24 13:00:00,400,28.690,18.190,6.790,3.710,1.060,0.000,8.190
2610126451,2026-09-24 13:00:00,300,113.450,73.590,27.680,12.170,55.900,0.000,0.280
2610159557,2026-09-24 13:00:00,600,18.770,10.890,4.120,3.750,0.230,0.000,10.820
2610170785,2026-09-24 13:00:00,640,10.060,6.740,2.890,0.420,10.870,0.000,0.000
2610170786,2026-09-24 13:00:00,500,660.200,374.310,129.510,156.370,131.460,0.000,2.940
2610170836,2026-09-24 13:00:00,100,125.870,78.710,28.540,18.610,70.390,0.000,0.600
2610170837,2026-09-24 13:00:00,240,12.810,8.300,2.830,1.670,1.610,0.000,0.170
2610170838,2026-09-24 13:00:00,240,34.800,22.050,7.770,4.970,3.840,0.000,0.350
2610170839,2026-09-24 13:00:00,400,6.110,3.790,1.670,0.640,1.600,0.000,0.300
2610170840,2026-09-24 13:00:00,40,329.430,188.720,63.840,76.860,69.310,0.000,31.940
2610322967,2026-09-24 13:00:00,500,4.070,2.470,1.020,0.570,0.550,0.000,0.020
2610322969,2026-09-24 13:00:00,100,113.550,79.390,27.110,7.050,14.970,0.000,2.110
2610322982,2026-09-24 13:00:00,160,5.460,3.310,1.160,0.970,0.000,0.000,2.600
2610322992,2026-09-24 13:00:00,320,109.730,73.030,33.060,3.630,29.960,0.000,0.010
2610322995,2026-09-24 13:00:00,40,6.090,3.690,1.280,1.120,0.000,0.000,3.570
2610322997,2026-09-24 13:00:00,400,604.310,353.450,137.520,113.330,230.470,0.000,0.590
2610323001,2026-09-24 13:00:00,160,1928.980,1144.150,515.210,269.610,878.760,0.000,0.000
2610323004,2026-09-24 13:00:00,3000,99.380,75.310,13.000,11.060,22.980,0.000,2.260
2610323005,2026-09-24 13:00:00,120,12.680,8.570,3.220,0.880,1.670,0.000,0.930
2610323010,2026-09-24 13:00:00,60,19.150,12.750,4.620,1.760,1.560,0.000,4.990
2610323016,2026-09-24 13:00:00,160,1692.460,935.330,371.330,385.790,763.090,0.000,0.000
2610323017,2026-09-24 13:00:00,60,7.830,4.730,1.660,1.420,0.000,0.000,4.030
2610323019,2026-09-24 13:00:00,80,51.920,32.710,11.360,7.840,3.040,0.000,12.530
2610323027,2026-09-24 13:00:00,60,8.110,4.960,1.720,1.420,0.000,0.000,4.130
2410121454,2026-09-24 13:01:00,160,2066.220,1304.740,445.950,315.520,336.500,0.000,76.690
2510203108,2026-09-24 13:01:00,80,4047.610,2281.320,898.940,867.350,632.460,0.000,36.690
2510633402,2026-09-24 13:01:00,300,591.560,355.650,125.750,110.140,148.210,0.000,10.400
2246006313,2026-09-24 13:30:00,8800,955.232,538.780,197.817,218.634,128.344,8.999,180.553
2410121326,2026-09-24 13:30:00,200,1602.250,1033.060,449.950,119.220,378.660,0.000,5.470
2410121353,2026-09-24 13:30:00,120,727.500,504.500,198.640,24.350,162.060,0.000,15.490
2410121371,2026-09-24 13:30:00,120,609.560,378.360,134.080,97.110,72.240,0.000,29.660
2410121424,2026-09-24 13:30:00,120,48.410,29.750,11.260,7.400,1.600,0.000,17.990
2410121440,2026-09-24 13:30:00,120,22.670,15.120,4.460,3.080,2.760,0.000,6.110
2410121454,2026-09-24 13:30:00,160,2066.440,1304.960,445.950,315.520,336.570,0.000,76.690
2410121457,2026-09-24 13:30:00,120,1889.470,1202.480,524.250,162.730,358.030,0.000,42.560
2410131378,2026-09-24 13:30:00,200,1871.420,1204.770,521.080,145.560,410.970,0.000,9.740
2410131383,2026-09-24 13:30:00,400,1070.800,709.310,228.880,132.600,48.430,0.000,65.770
2410131384,2026-09-24 13:30:00,200,9864.970,5596.950,1985.860,2282.150,2058.470,0.000,4.900
2410131387,2026-09-24 13:30:00,600,554.780,347.160,132.490,75.120,58.450,0.000,59.100
2410320615,2026-09-24 13:30:00,700,15622.130,9579.660,3811.390,2231.060,3863.220,0.000,51.460
2410883988,2026-09-24 13:30:00,100,37.290,19.120,5.550,12.600,3.530,0.000,2.210
2410883990,2026-09-24 13:30:00,60,3000.670,1721.190,640.300,639.170,889.170,0.000,38.540
2410883991,2026-09-24 13:30:00,100,2745.310,1652.420,617.970,474.910,257.200,0.260,74.300
2410883993,2026-09-24 13:30:00,60,3172.710,1534.940,600.970,1036.800,126.250,0.000,341.100
2410883994,2026-09-24 13:30:00,320,108.200,48.580,21.550,38.070,3.450,0.000,6.840
2410932742,2026-09-24 13:30:00,240,20058.590,11672.190,3725.850,4660.540,5092.920,0.000,5.960
2411087433,2026-09-24 13:30:00,500,865.140,511.170,188.140,165.820,22.690,0.000,779.530
2411290205,2026-09-24 13:30:00,240,9722.330,6538.040,2850.730,333.550,3446.800,0.000,59.540
2510014481,2026-09-24 13:30:00,80,15488.930,9026.760,2984.480,3477.680,5822.450,0.000,5.520
2510014482,2026-09-24 13:30:00,40,1305.050,908.980,359.090,36.970,85.320,0.000,63.720
2510014483,2026-09-24 13:30:00,300,232.700,134.130,51.900,46.660,0.000,0.000,187.780
2510014484,2026-09-24 13:30:00,160,9511.230,5392.320,2103.960,2014.940,1549.770,0.000,21.600
2510178139,2026-09-24 13:30:00,300,840.000,488.450,178.410,173.120,183.700,0.000,14.140
2510178141,2026-09-24 13:30:00,40,674.880,505.390,158.360,11.110,188.920,0.000,47.780
2510203103,2026-09-24 13:30:00,400,1866.890,1111.310,419.770,335.800,66.160,3.600,330.600
2510203104,2026-09-24 13:30:00,120,3063.710,1840.740,718.660,504.300,465.430,0.000,69.190
2510203105,2026-09-24 13:30:00,100,2463.780,1713.190,696.450,54.130,578.950,0.000,70.710
2510203106,2026-09-24 13:30:00,100,100.110,46.480,16.840,36.780,0.440,0.000,37.450
2510203107,2026-09-24 13:30:00,600,682.820,430.840,185.750,66.220,199.760,0.000,12.620
2510203108,2026-09-24 13:30:00,80,4048.160,2281.860,898.940,867.350,632.530,0.000,36.690
2510203109,2026-09-24 13:30:00,160,1544.700,968.750,476.260,99.680,463.390,0.000,87.190
2510203111,2026-09-24 13:30:00,40,3972.460,2507.640,983.240,481.570,1083.890,0.000,12.790
2510203113,2026-09-24 13:30:00,160,4564.380,2911.560,1107.540,545.280,279.820,0.000,111.260
2510203114,2026-09-24 13:30:00,120,1932.790,1213.500,477.790,241.500,390.090,0.000,33.730
2510203117,2026-09-24 13:30:00,80,1671.210,891.230,362.200,417.770,285.410,0.000,166.870
2510203118,2026-09-24 13:30:00,640,198.680,114.930,44.750,38.990,26.990,0.010,116.260
2510203119,2026-09-24 13:30:00,40,480.840,323.310,123.490,34.030,180.180,0.000,14.800
2510203120,2026-09-24 13:30:00,160,4373.790,2685.550,964.300,723.920,1016.930,0.000,14.900
2510203121,2026-09-24 13:30:00,100,1304.770,765.990,305.580,233.190,71.930,0.000,108.110
2510203122,2026-09-24 13:30:00,40,950.670,602.830,298.310,49.510,695.150,0.000,0.710
2510203123,2026-09-24 13:30:00,40,2690.050,1773.480,734.980,181.580,855.270,0.000,11.850
2510203126,2026-09-24 13:30:00,100,17.230,7.950,2.460,6.810,0.450,0.000,1.360
2510203127,2026-09-24 13:30:00,40,1298.700,847.380,346.910,104.400,377.480,0.000,49.300
2510203128,2026-09-24 13:30:00,500,8053.060,4227.600,1418.640,2406.810,375.750,0.000,112.600
2510203129,2026-09-24 13:30:00,80,7.230,3.800,1.360,2.060,0.000,0.000,1.710
2510203130,2026-09-24 13:30:00,120,33.840,24.340,6.950,2.530,9.870,0.000,0.520
2510203133,2026-09-24 13:30:00,40,673.420,458.530,170.080,44.810,114.960,0.000,47.710
2510203134,2026-09-24 13:30:00,200,142.010,83.090,32.750,26.160,6.060,0.000,33.450
2510224049,2026-09-24 13:30:00,1,53775.012,20993.699,10976.990,21804.311,118.600,0.000,9054.660
2510224167,2026-09-24 13:30:00,1,21044.580,9329.240,4122.460,7592.870,904.010,0.000,5719.590
2510317505,2026-09-24 13:30:00,1,15349.060,6738.390,3250.540,5360.120,0.740,0.000,4585.210
2510317537,2026-09-24 13:30:00,1,11906.230,6836.510,2250.190,2819.520,218.560,1427.680,2160.180
2510389559,2026-09-24 13:30:00,1,36.870,20.630,14.320,1.910,30.680,0.000,5.910
2510389643,2026-09-24 13:30:00,1,43477.648,15584.680,7782.400,20110.561,22.640,0.000,4127.420
2510389931,2026-09-24 13:30:00,1,31440.260,12016.150,6640.400,12783.700,0.150,0.000,4318.080
2510633381,2026-09-24 13:30:00,320,225.700,140.420,50.810,34.470,6.310,0.000,46.240
2510633385,2026-09-24 13:30:00,60,1231.410,580.460,245.720,405.230,48.710,0.000,95.640
2510633386,2026-09-24 13:30:00,500,495.080,281.950,106.760,106.360,30.900,0.000,2773.540
2510633387,2026-09-24 13:30:00,40,26.260,17.620,6.410,2.220,0.840,0.000,3.430
2510633389,2026-09-24 13:30:00,500,542.900,367.650,127.230,48.010,103.380,0.000,102.760
2510633390,2026-09-24 13:30:00,80,2205.940,1322.420,486.800,396.700,574.280,0.000,6.350
2510633391,2026-09-24 13:30:00,100,255.710,197.300,58.300,0.100,3.460,0.000,1.950
2510633393,2026-09-24 13:30:00,600,6027.980,3508.950,1198.420,1320.610,1285.890,0.000,0.480
2510633395,2026-09-24 13:30:00,40,1300.980,732.580,283.550,284.840,61.340,0.000,39.160
2510633396,2026-09-24 13:30:00,400,930.230,630.650,219.290,80.270,214.140,0.000,0.170
2510633397,2026-09-24 13:30:00,240,571.950,365.700,173.760,32.470,216.920,0.000,18.170
2510633399,2026-09-24 13:30:00,600,1174.470,675.690,252.610,246.160,58.880,0.000,57.120
2510633400,2026-09-24 13:30:00,800,777.810,472.140,180.780,124.870,172.430,0.000,28.000
2510633402,2026-09-24 13:30:00,300,591.800,355.890,125.750,110.140,148.290,0.000,10.400
2510633406,2026-09-24 13:30:00,60,364.900,166.180,70.990,127.720,19.800,0.000,99.280
2510633411,2026-09-24 13:30:00,800,4836.520,2760.020,1010.400,1066.090,1720.040,0.000,29.340
2510814977,2026-09-24 13:30:00,400,52.330,32.250,12.370,7.700,1.840,0.000,10.710
2610026950,2026-09-24 13:30:00,600,15.850,10.160,3.660,2.020,1.450,0.000,3.180
2610026952,2026-09-24 13:30:00,200,3660.230,2375.100,1052.370,232.750,1847.110,0.000,9.810
2610026953,2026-09-24 13:30:00,700,691.650,407.980,155.980,127.690,202.800,0.000,0.670
2610026963,2026-09-24 13:30:00,200,383.360,197.890,94.630,90.830,23.720,2.230,97.480
2610026966,2026-09-24 13:30:00,240,975.050,699.760,241.980,33.300,201.040,0.000,0.000
2610026976,2026-09-24 13:30:00,60,1519.270,988.880,341.500,188.880,149.850,0.000,27.100
2610026977,2026-09-24 13:30:00,30,644.370,269.030,101.270,274.060,111.230,0.000,29.330
2610126270,2026-09-24 13:30:00,400,28.710,18.200,6.790,3.710,1.060,0.000,8.200
2610126451,2026-09-24 13:30:00,300,113.470,73.610,27.680,12.170,55.900,0.000,0.280
2610159557,2026-09-24 13:30:00,600,18.780,10.910,4.120,3.750,0.230,0.000,10.830
2610170786,2026-09-24 13:30:00,500,660.500,374.620,129.510,156.370,131.530,0.000,2.940
2610170836,2026-09-24 13:30:00,100,125.870,78.710,28.540,18.610,70.390,0.000,0.600
2610170837,2026-09-24 13:30:00,240,12.820,8.310,2.830,1.670,1.610,0.000,0.170
2610170838,2026-09-24 13:30:00,240,34.810,22.060,7.770,4.970,3.850,0.000,0.350
2610170839,2026-09-24 13:30:00,400,6.120,3.800,1.670,0.640,1.600,0.000,0.300
2610322967,2026-09-24 13:30:00,500,4.070,2.470,1.020,0.570,0.550,0.000,0.020
2610322969,2026-09-24 13:30:00,100,113.640,79.470,27.110,7.050,14.970,0.000,2.110
2610322982,2026-09-24 13:30:00,160,5.470,3.320,1.160,0.970,0.000,0.000,2.610
2610322992,2026-09-24 13:30:00,320,110.870,74.160,33.060,3.630,30.350,0.000,0.010
2610322995,2026-09-24 13:30:00,40,6.110,3.700,1.280,1.120,0.000,0.000,3.570
2610322997,2026-09-24 13:30:00,400,604.650,353.790,137.520,113.330,230.600,0.000,0.590
2610323001,2026-09-24 13:30:00,160,1930.260,1145.430,515.210,269.610,879.290,0.000,0.000
2610323004,2026-09-24 13:30:00,3000,99.530,75.470,13.000,11.060,23.010,0.000,2.260
2610323005,2026-09-24 13:30:00,120,12.720,8.610,3.220,0.880,1.680,0.000,0.930
2610323010,2026-09-24 13:30:00,60,19.160,12.760,4.620,1.760,1.560,0.000,4.990
2610323016,2026-09-24 13:30:00,160,1693.170,936.040,371.330,385.790,763.420,0.000,0.000
2610323017,2026-09-24 13:30:00,60,7.840,4.750,1.660,1.420,0.000,0.000,4.040
2610323019,2026-09-24 13:30:00,80,51.940,32.730,11.360,7.840,3.040,0.000,12.530
2610323027,2026-09-24 13:30:00,60,8.130,4.970,1.720,1.420,0.000,0.000,4.140
2411087432,2026-09-24 13:31:00,40,3724.750,2310.850,1069.690,344.200,748.710,0.000,31.170
2510203124,2026-09-24 13:31:00,800,1203.790,852.720,290.470,60.600,340.420,0.000,0.360
2510633383,2026-09-24 13:31:00,40,1752.200,1313.270,404.400,34.530,54.050,0.000,312.730
2610170785,2026-09-24 13:31:00,640,10.060,6.740,2.890,0.420,10.870,0.000,0.000
2610170840,2026-09-24 13:31:00,40,329.430,188.720,63.840,76.860,69.310,0.000,31.940
2410121574,2026-09-24 13:32:00,120,4935.450,3561.260,1148.990,225.190,427.210,0.000,381.980
2246006313,2026-09-24 14:00:00,8800,955.356,538.904,197.817,218.634,128.374,8.999,180.553
2410121326,2026-09-24 14:00:00,200,1602.590,1033.400,449.950,119.220,378.740,0.000,5.470
2410121353,2026-09-24 14:00:00,120,727.710,504.710,198.640,24.350,162.110,0.000,15.490
2410121371,2026-09-24 14:00:00,120,609.660,378.460,134.080,97.110,72.250,0.000,29.660
2410121424,2026-09-24 14:00:00,120,48.420,29.750,11.260,7.400,1.600,0.000,17.990
2410121440,2026-09-24 14:00:00,120,22.700,15.150,4.460,3.080,2.780,0.000,6.110
2410121454,2026-09-24 14:00:00,160,2066.680,1305.200,445.950,315.520,336.640,0.000,76.690
2410121457,2026-09-24 14:00:00,120,1890.210,1203.230,524.250,162.730,358.200,0.000,42.560
2410121574,2026-09-24 14:00:00,120,4936.050,3561.860,1148.990,225.190,427.270,0.000,381.980
2410131378,2026-09-24 14:00:00,200,1871.760,1205.110,521.080,145.560,411.050,0.000,9.740
2410131383,2026-09-24 14:00:00,400,1070.920,709.430,228.880,132.600,48.440,0.000,65.770
2410131384,2026-09-24 14:00:00,200,9865.340,5597.310,1985.860,2282.150,2058.580,0.000,4.900
2410131387,2026-09-24 14:00:00,600,554.920,347.310,132.490,75.120,58.490,0.000,59.100
2410320615,2026-09-24 14:00:00,700,15623.610,9581.140,3811.390,2231.060,3863.660,0.000,51.460
2410883988,2026-09-24 14:00:00,100,37.300,19.130,5.550,12.600,3.530,0.000,2.210
2410883990,2026-09-24 14:00:00,60,3000.710,1721.230,640.300,639.170,889.170,0.000,38.540
2410883991,2026-09-24 14:00:00,100,2745.450,1652.560,617.970,474.910,257.210,0.260,74.300
2410883993,2026-09-24 14:00:00,60,3172.970,1535.190,600.970,1036.800,126.280,0.000,341.100
2410883994,2026-09-24 14:00:00,320,108.210,48.580,21.550,38.070,3.450,0.000,6.840
2411087432,2026-09-24 14:00:00,40,3725.420,2311.520,1069.690,344.200,748.830,0.000,31.170
2411087433,2026-09-24 14:00:00,500,865.400,511.430,188.140,165.820,22.690,0.000,779.550
2411290205,2026-09-24 14:00:00,240,9722.900,6538.610,2850.730,333.550,3447.000,0.000,59.540
2510014481,2026-09-24 14:00:00,80,15489.680,9027.510,2984.480,3477.680,5822.790,0.000,5.520
2510014483,2026-09-24 14:00:00,300,232.730,134.160,51.900,46.660,0.000,0.000,187.800
2510014484,2026-09-24 14:00:00,160,9511.870,5392.960,2103.960,2014.940,1549.960,0.000,21.600
2510178139,2026-09-24 14:00:00,300,840.110,488.560,178.410,173.120,183.720,0.000,14.140
2510178141,2026-09-24 14:00:00,40,675.170,505.690,158.360,11.110,189.100,0.000,47.780
2510203103,2026-09-24 14:00:00,400,1866.920,1111.340,419.770,335.800,66.240,3.600,330.600
2510203104,2026-09-24 14:00:00,120,3064.150,1841.180,718.660,504.300,465.560,0.000,69.190
2510203105,2026-09-24 14:00:00,100,2464.390,1713.800,696.450,54.130,579.130,0.000,70.710
2510203106,2026-09-24 14:00:00,100,100.120,46.480,16.840,36.780,0.440,0.000,37.450
2510203107,2026-09-24 14:00:00,600,683.430,431.460,185.750,66.220,199.980,0.000,12.620
2510203108,2026-09-24 14:00:00,80,4048.750,2282.460,898.940,867.350,632.600,0.000,36.690
2510203109,2026-09-24 14:00:00,160,1544.980,969.020,476.260,99.680,463.460,0.000,87.190
2510203111,2026-09-24 14:00:00,40,3973.070,2508.240,983.240,481.570,1084.030,0.000,12.790
2510203113,2026-09-24 14:00:00,160,4565.620,2912.790,1107.540,545.280,279.980,0.000,111.260
2510203114,2026-09-24 14:00:00,120,1933.160,1213.860,477.790,241.500,390.190,0.000,33.730
2510203117,2026-09-24 14:00:00,80,1671.270,891.290,362.200,417.770,285.460,0.000,166.870
2510203118,2026-09-24 14:00:00,640,198.710,114.960,44.750,38.990,26.990,0.010,116.260
2510203119,2026-09-24 14:00:00,40,480.840,323.310,123.490,34.030,180.180,0.000,14.800
2510203120,2026-09-24 14:00:00,160,4374.510,2686.270,964.300,723.920,1017.070,0.000,14.900
2510203121,2026-09-24 14:00:00,100,1304.780,766.000,305.580,233.190,71.930,0.000,108.110
2510203122,2026-09-24 14:00:00,40,950.850,603.010,298.310,49.510,695.280,0.000,0.710
2510203123,2026-09-24 14:00:00,40,2690.480,1773.910,734.980,181.580,855.430,0.000,11.850
2510203124,2026-09-24 14:00:00,800,1204.070,853.000,290.470,60.600,340.510,0.000,0.360
2510203126,2026-09-24 14:00:00,100,17.240,7.970,2.460,6.810,0.450,0.000,1.360
2510203127,2026-09-24 14:00:00,40,1299.190,847.870,346.910,104.400,377.610,0.000,49.300
2510203128,2026-09-24 14:00:00,500,8053.610,4228.150,1418.640,2406.810,375.790,0.000,112.600
2510203129,2026-09-24 14:00:00,80,7.240,3.800,1.360,2.060,0.000,0.000,1.710
2510203130,2026-09-24 14:00:00,120,33.850,24.360,6.950,2.530,9.880,0.000,0.520
2510203133,2026-09-24 14:00:00,40,673.520,458.620,170.080,44.810,114.970,0.000,47.710
2510203134,2026-09-24 14:00:00,200,142.010,83.090,32.750,26.160,6.060,0.000,33.450
2510224049,2026-09-24 14:00:00,1,53775.129,20993.820,10976.990,21804.311,118.600,0.000,9054.740
2510224167,2026-09-24 14:00:00,1,21044.660,9329.330,4122.460,7592.870,904.010,0.000,5719.660
2510317505,2026-09-24 14:00:00,1,15349.200,6738.530,3250.540,5360.120,0.740,0.000,4585.330
2510317537,2026-09-24 14:00:00,1,11907.260,6837.540,2250.190,2819.520,218.560,1427.680,2160.350
2510389559,2026-09-24 14:00:00,1,36.870,20.630,14.320,1.910,30.680,0.000,5.910
2510389643,2026-09-24 14:00:00,1,43477.898,15584.930,7782.400,20110.561,22.640,0.000,4127.450
2510633381,2026-09-24 14:00:00,320,225.740,140.460,50.810,34.470,6.310,0.000,46.250
2510633383,2026-09-24 14:00:00,40,1752.790,1313.850,404.400,34.530,54.070,0.000,312.730
2510633385,2026-09-24 14:00:00,60,1231.500,580.540,245.720,405.230,48.720,0.000,95.640
2510633386,2026-09-24 14:00:00,500,495.170,282.040,106.760,106.360,30.900,0.000,2773.880
2510633387,2026-09-24 14:00:00,40,26.280,17.650,6.410,2.220,0.840,0.000,3.430
2510633389,2026-09-24 14:00:00,500,543.520,368.260,127.230,48.010,103.570,0.000,102.760
2510633390,2026-09-24 14:00:00,80,2206.610,1323.090,486.800,396.700,574.470,0.000,6.350
2510633391,2026-09-24 14:00:00,100,255.820,197.410,58.300,0.100,3.460,0.000,1.950
2510633393,2026-09-24 14:00:00,600,6028.560,3509.520,1198.420,1320.610,1286.020,0.000,0.480
2510633395,2026-09-24 14:00:00,40,1300.980,732.580,283.550,284.840,61.340,0.000,39.160
2510633396,2026-09-24 14:00:00,400,930.560,630.980,219.290,80.270,214.240,0.000,0.170
2510633397,2026-09-24 14:00:00,240,572.130,365.890,173.760,32.470,217.040,0.000,18.170
2510633399,2026-09-24 14:00:00,600,1174.630,675.850,252.610,246.160,58.890,0.000,57.120
2510633400,2026-09-24 14:00:00,800,778.120,472.450,180.780,124.870,172.570,0.000,28.000
2510633402,2026-09-24 14:00:00,300,592.080,356.180,125.750,110.140,148.390,0.000,10.400
2510633406,2026-09-24 14:00:00,60,364.900,166.180,70.990,127.720,19.800,0.000,99.280
2510633411,2026-09-24 14:00:00,800,4837.370,2760.870,1010.400,1066.090,1720.350,0.000,29.340
2510814977,2026-09-24 14:00:00,400,52.330,32.260,12.370,7.700,1.840,0.000,10.710
2610026950,2026-09-24 14:00:00,600,15.860,10.170,3.660,2.020,1.450,0.000,3.180
2610026952,2026-09-24 14:00:00,200,3661.310,2376.180,1052.370,232.750,1847.770,0.000,9.810
2610026953,2026-09-24 14:00:00,700,691.900,408.220,155.980,127.690,202.900,0.000,0.670
2610026963,2026-09-24 14:00:00,200,383.400,197.930,94.630,90.830,23.720,2.230,97.480
2610026966,2026-09-24 14:00:00,240,975.370,700.080,241.980,33.300,201.080,0.000,0.000
2610026976,2026-09-24 14:00:00,60,1519.880,989.490,341.500,188.880,150.030,0.000,27.100
2610026977,2026-09-24 14:00:00,30,644.410,269.060,101.270,274.060,111.270,0.000,29.330
2610126270,2026-09-24 14:00:00,400,28.730,18.220,6.790,3.710,1.060,0.000,8.200
2610126451,2026-09-24 14:00:00,300,113.490,73.630,27.680,12.170,55.900,0.000,0.280
2610159557,2026-09-24 14:00:00,600,18.800,10.920,4.120,3.750,0.230,0.000,10.830
2610170785,2026-09-24 14:00:00,640,10.060,6.740,2.890,0.420,10.870,0.000,0.000
2610170786,2026-09-24 14:00:00,500,660.800,374.910,129.510,156.370,131.600,0.000,2.940
2610170836,2026-09-24 14:00:00,100,125.870,78.710,28.540,18.610,70.390,0.000,0.600
2610170837,2026-09-24 14:00:00,240,12.820,8.310,2.830,1.670,1.610,0.000,0.170
2610170838,2026-09-24 14:00:00,240,34.830,22.080,7.770,4.970,3.850,0.000,0.350
2610170839,2026-09-24 14:00:00,400,6.140,3.820,1.670,0.640,1.610,0.000,0.300
2610170840,2026-09-24 14:00:00,40,329.430,188.720,63.840,76.860,69.310,0.000,31.940
2610322967,2026-09-24 14:00:00,500,4.080,2.480,1.020,0.570,0.550,0.000,0.020
2610322982,2026-09-24 14:00:00,160,5.480,3.340,1.160,0.970,0.000,0.000,2.610
2610322992,2026-09-24 14:00:00,320,112.050,75.350,33.060,3.630,30.770,0.000,0.010
2610322995,2026-09-24 14:00:00,40,6.120,3.710,1.280,1.120,0.000,0.000,3.570
2610322997,2026-09-24 14:00:00,400,604.960,354.100,137.520,113.330,230.730,0.000,0.590
2610323001,2026-09-24 14:00:00,160,1931.540,1146.710,515.210,269.610,879.820,0.000,0.000
2610323004,2026-09-24 14:00:00,3000,99.820,75.750,13.000,11.060,23.070,0.000,2.260
2610323005,2026-09-24 14:00:00,120,12.750,8.650,3.220,0.880,1.690,0.000,0.930
2610323016,2026-09-24 14:00:00,160,1693.950,936.820,371.330,385.790,763.780,0.000,0.000
2610323017,2026-09-24 14:00:00,60,7.860,4.770,1.660,1.420,0.000,0.000,4.040
2610323019,2026-09-24 14:00:00,80,51.960,32.750,11.360,7.840,3.040,0.000,12.540
2610323027,2026-09-24 14:00:00,60,8.140,4.990,1.720,1.420,0.000,0.000,4.140
2510014482,2026-09-24 14:01:00,40,1305.230,909.160,359.090,36.970,85.320,0.000,63.730
2510389931,2026-09-24 14:01:00,1,31440.260,12016.150,6640.400,12783.700,0.150,0.000,4318.090
2610322969,2026-09-24 14:01:00,100,113.750,79.580,27.110,7.050,14.970,0.000,2.110
2610323010,2026-09-24 14:01:00,60,19.170,12.770,4.620,1.760,1.560,0.000,4.990
2410932742,2026-09-24 14:02:00,240,20059.660,11673.260,3725.850,4660.540,5093.190,0.000,5.960
2246006313,2026-09-24 14:30:00,8800,955.479,539.027,197.817,218.634,128.405,8.999,180.553
2410121326,2026-09-24 14:30:00,200,1602.940,1033.750,449.950,119.220,378.820,0.000,5.470
2410121353,2026-09-24 14:30:00,120,727.950,504.950,198.640,24.350,162.160,0.000,15.490
2410121371,2026-09-24 14:30:00,120,609.760,378.560,134.080,97.110,72.260,0.000,29.660
2410121424,2026-09-24 14:30:00,120,48.420,29.750,11.260,7.400,1.600,0.000,18.000
2410121440,2026-09-24 14:30:00,120,22.730,15.170,4.460,3.080,2.790,0.000,6.110
2410121454,2026-09-24 14:30:00,160,2066.930,1305.450,445.950,315.520,336.700,0.000,76.690
2410121457,2026-09-24 14:30:00,120,1890.960,1203.970,524.250,162.730,358.370,0.000,42.560
2410121574,2026-09-24 14:30:00,120,4936.720,3562.530,1148.990,225.190,427.340,0.000,381.980
2410131378,2026-09-24 14:30:00,200,1872.100,1205.450,521.080,145.560,411.120,0.000,9.740
2410131383,2026-09-24 14:30:00,400,1071.040,709.540,228.880,132.600,48.460,0.000,65.770
2410131384,2026-09-24 14:30:00,200,9865.720,5597.700,1985.860,2282.150,2058.680,0.000,4.900
2410320615,2026-09-24 14:30:00,700,15625.150,9582.690,3811.390,2231.060,3864.120,0.000,51.460
2410883988,2026-09-24 14:30:00,100,37.310,19.140,5.550,12.600,3.530,0.000,2.210
2410883990,2026-09-24 14:30:00,60,3000.750,1721.270,640.300,639.170,889.180,0.000,38.540
2410883991,2026-09-24 14:30:00,100,2745.620,1652.730,617.970,474.910,257.230,0.260,74.300
2410883993,2026-09-24 14:30:00,60,3173.210,1535.440,600.970,1036.800,126.320,0.000,341.100
2410883994,2026-09-24 14:30:00,320,108.210,48.590,21.550,38.070,3.450,0.000,6.840
2411087432,2026-09-24 14:30:00,40,3726.230,2312.320,1069.690,344.200,748.990,0.000,31.170
2411087433,2026-09-24 14:30:00,500,865.670,511.700,188.140,165.820,22.690,0.000,779.560
2411290205,2026-09-24 14:30:00,240,9723.440,6539.150,2850.730,333.550,3447.200,0.000,59.540
2510014481,2026-09-24 14:30:00,80,15490.440,9028.270,2984.480,3477.680,5823.140,0.000,5.520
2510014482,2026-09-24 14:30:00,40,1305.410,909.340,359.090,36.970,85.320,0.000,63.740
2510014483,2026-09-24 14:30:00,300,232.760,134.190,51.900,46.660,0.000,0.000,187.810
2510014484,2026-09-24 14:30:00,160,9512.500,5393.590,2103.960,2014.940,1550.140,0.000,21.600
2510178141,2026-09-24 14:30:00,40,675.460,505.980,158.360,11.110,189.260,0.000,47.780
2510203103,2026-09-24 14:30:00,400,1866.960,1111.380,419.770,335.800,66.310,3.600,330.600
2510203104,2026-09-24 14:30:00,120,3064.570,1841.600,718.660,504.300,465.690,0.000,69.190
2510203105,2026-09-24 14:30:00,100,2464.870,1714.280,696.450,54.130,579.230,0.000,70.710
2510203106,2026-09-24 14:30:00,100,100.120,46.490,16.840,36.780,0.440,0.000,37.450
2510203107,2026-09-24 14:30:00,600,684.000,432.020,185.750,66.220,200.190,0.000,12.620
2510203108,2026-09-24 14:30:00,80,4049.240,2282.940,898.940,867.350,632.700,0.000,36.690
2510203109,2026-09-24 14:30:00,160,1545.270,969.320,476.260,99.680,463.520,0.000,87.190
2510203111,2026-09-24 14:30:00,40,3973.620,2508.790,983.240,481.570,1084.170,0.000,12.790
2510203113,2026-09-24 14:30:00,160,4566.860,2914.040,1107.540,545.280,280.150,0.000,111.260
2510203114,2026-09-24 14:30:00,120,1933.530,1214.230,477.790,241.500,390.310,0.000,33.730
2510203118,2026-09-24 14:30:00,640,198.740,115.000,44.750,38.990,26.990,0.010,116.270
2510203119,2026-09-24 14:30:00,40,480.840,323.310,123.490,34.030,180.180,0.000,14.800
2510203120,2026-09-24 14:30:00,160,4375.140,2686.900,964.300,723.920,1017.170,0.000,14.900
2510203121,2026-09-24 14:30:00,100,1304.800,766.020,305.580,233.190,71.930,0.000,108.110
2510203122,2026-09-24 14:30:00,40,951.030,603.190,298.310,49.510,695.410,0.000,0.710
2510203123,2026-09-24 14:30:00,40,2690.910,1774.340,734.980,181.580,855.580,0.000,11.850
2510203124,2026-09-24 14:30:00,800,1204.370,853.290,290.470,60.600,340.610,0.000,0.360
2510203126,2026-09-24 14:30:00,100,17.250,7.980,2.460,6.810,0.450,0.000,1.360
2510203127,2026-09-24 14:30:00,40,1299.670,848.360,346.910,104.400,377.730,0.000,49.300
2510203128,2026-09-24 14:30:00,500,8054.170,4228.710,1418.640,2406.810,375.820,0.000,112.600
2510203129,2026-09-24 14:30:00,80,7.240,3.810,1.360,2.060,0.000,0.000,1.710
2510203130,2026-09-24 14:30:00,120,33.880,24.390,6.950,2.530,9.890,0.000,0.520
2510203133,2026-09-24 14:30:00,40,673.610,458.710,170.080,44.810,114.980,0.000,47.710
2510203134,2026-09-24 14:30:00,200,142.020,83.100,32.750,26.160,6.060,0.000,33.450
2510224049,2026-09-24 14:30:00,1,53775.238,20993.930,10976.990,21804.311,118.600,0.000,9054.810
2510224167,2026-09-24 14:30:00,1,21044.750,9329.410,4122.460,7592.870,904.010,0.000,5719.740
2510317505,2026-09-24 14:30:00,1,15349.340,6738.670,3250.540,5360.120,0.740,0.000,4585.460
2510317537,2026-09-24 14:30:00,1,11908.240,6838.520,2250.190,2819.520,218.560,1427.680,2160.510
2510389559,2026-09-24 14:30:00,1,36.870,20.630,14.320,1.910,30.680,0.000,5.910
2510389643,2026-09-24 14:30:00,1,43477.949,15584.980,7782.400,20110.561,22.640,0.000,4127.460
2510389931,2026-09-24 14:30:00,1,31443.170,12019.060,6640.400,12783.700,0.150,0.000,4318.410
2510633381,2026-09-24 14:30:00,320,225.790,140.500,50.810,34.470,6.310,0.000,46.260
2510633383,2026-09-24 14:30:00,40,1753.420,1314.480,404.400,34.530,54.110,0.000,312.730
2510633386,2026-09-24 14:30:00,500,495.260,282.130,106.760,106.360,30.900,0.000,2774.220
2510633387,2026-09-24 14:30:00,40,26.310,17.670,6.410,2.220,0.840,0.000,3.440
2510633389,2026-09-24 14:30:00,500,544.110,368.860,127.230,48.010,103.760,0.000,102.760
2510633390,2026-09-24 14:30:00,80,2207.250,1323.730,486.800,396.700,574.640,0.000,6.350
2510633391,2026-09-24 14:30:00,100,255.940,197.530,58.300,0.100,3.460,0.000,1.950
2510633393,2026-09-24 14:30:00,600,6029.160,3510.120,1198.420,1320.610,1286.160,0.000,0.480
2510633395,2026-09-24 14:30:00,40,1300.980,732.580,283.550,284.840,61.340,0.000,39.160
2510633396,2026-09-24 14:30:00,400,930.890,631.320,219.290,80.270,214.340,0.000,0.170
2510633397,2026-09-24 14:30:00,240,572.340,366.100,173.760,32.470,217.220,0.000,18.170
2510633399,2026-09-24 14:30:00,600,1174.790,676.010,252.610,246.160,58.890,0.000,57.120
2510633400,2026-09-24 14:30:00,800,778.430,472.760,180.780,124.870,172.720,0.000,28.000
2510633406,2026-09-24 14:30:00,60,364.900,166.180,70.990,127.720,19.800,0.000,99.280
2510814977,2026-09-24 14:30:00,400,52.340,32.260,12.370,7.700,1.840,0.000,10.720
2610026950,2026-09-24 14:30:00,600,15.880,10.190,3.660,2.020,1.450,0.000,3.180
2610026952,2026-09-24 14:30:00,200,3662.550,2377.430,1052.370,232.750,1848.520,0.000,9.810
2610026953,2026-09-24 14:30:00,700,692.150,408.480,155.980,127.690,203.000,0.000,0.670
2610026963,2026-09-24 14:30:00,200,383.460,197.980,94.630,90.830,23.720,2.230,97.490
2610026966,2026-09-24 14:30:00,240,975.670,700.380,241.980,33.300,201.110,0.000,0.000
2610026976,2026-09-24 14:30:00,60,1520.530,990.140,341.500,188.880,150.190,0.000,27.100
2610026977,2026-09-24 14:30:00,30,644.450,269.100,101.270,274.060,111.300,0.000,29.330
2610126270,2026-09-24 14:30:00,400,28.740,18.240,6.790,3.710,1.060,0.000,8.200
2610126451,2026-09-24 14:30:00,300,113.510,73.650,27.680,12.170,55.900,0.000,0.280
2610159557,2026-09-24 14:30:00,600,18.820,10.940,4.120,3.750,0.230,0.000,10.830
2610170785,2026-09-24 14:30:00,640,10.070,6.750,2.890,0.420,10.870,0.000,0.000
2610170836,2026-09-24 14:30:00,100,125.870,78.710,28.540,18.610,70.390,0.000,0.600
2610170838,2026-09-24 14:30:00,240,34.850,22.090,7.770,4.970,3.860,0.000,0.350
2610170839,2026-09-24 14:30:00,400,6.150,3.840,1.670,0.640,1.620,0.000,0.300
2610170840,2026-09-24 14:30:00,40,329.510,188.800,63.840,76.860,69.310,0.000,31.950
2610322967,2026-09-24 14:30:00,500,4.080,2.480,1.020,0.570,0.550,0.000,0.020
2610322969,2026-09-24 14:30:00,100,113.880,79.710,27.110,7.050,15.000,0.000,2.110
2610322982,2026-09-24 14:30:00,160,5.490,3.350,1.160,0.970,0.000,0.000,2.610
2610322992,2026-09-24 14:30:00,320,113.250,76.550,33.060,3.630,31.210,0.000,0.010
2610322995,2026-09-24 14:30:00,40,6.130,3.720,1.280,1.120,0.000,0.000,3.580
2610322997,2026-09-24 14:30:00,400,605.290,354.430,137.520,113.330,230.860,0.000,0.590
2610323001,2026-09-24 14:30:00,160,1932.820,1147.990,515.210,269.610,880.380,0.000,0.000
2610323004,2026-09-24 14:30:00,3000,99.940,75.870,13.000,11.060,23.100,0.000,2.260
2610323005,2026-09-24 14:30:00,120,12.780,8.680,3.220,0.880,1.700,0.000,0.930
2610323010,2026-09-24 14:30:00,60,19.180,12.780,4.620,1.760,1.560,0.000,5.000
2610323016,2026-09-24 14:30:00,160,1694.650,937.530,371.330,385.790,764.100,0.000,0.000
2610323017,2026-09-24 14:30:00,60,7.880,4.780,1.660,1.420,0.000,0.000,4.050
2610323019,2026-09-24 14:30:00,80,51.980,32.770,11.360,7.840,3.040,0.000,12.540
2610323027,2026-09-24 14:30:00,60,8.160,5.010,1.720,1.420,0.000,0.000,4.150
2410131387,2026-09-24 14:31:00,600,555.040,347.430,132.490,75.120,58.530,0.000,59.100
2510178139,2026-09-24 14:31:00,300,840.180,488.630,178.410,173.120,183.730,0.000,14.140
2510203117,2026-09-24 14:31:00,80,1671.340,891.360,362.200,417.770,285.510,0.000,166.870
2510633385,2026-09-24 14:31:00,60,1231.600,580.640,245.720,405.230,48.740,0.000,95.650
2510633402,2026-09-24 14:31:00,300,592.380,356.470,125.750,110.140,148.490,0.000,10.400
2510633411,2026-09-24 14:31:00,800,4838.260,2761.750,1010.400,1066.090,1720.670,0.000,29.340
2610170837,2026-09-24 14:31:00,240,12.830,8.320,2.830,1.670,1.620,0.000,0.170
2410932742,2026-09-24 14:32:00,240,20060.650,11674.250,3725.850,4660.540,5093.450,0.000,5.960
2610170786,2026-09-24 14:32:00,500,661.130,375.240,129.510,156.370,131.680,0.000,2.940
2246006313,2026-09-24 15:00:00,8800,955.604,539.152,197.817,218.634,128.437,8.999,180.553
2410121326,2026-09-24 15:00:00,200,1603.290,1034.100,449.950,119.220,378.900,0.000,5.470
2410121353,2026-09-24 15:00:00,120,728.130,505.130,198.640,24.350,162.200,0.000,15.490
2410121371,2026-09-24 15:00:00,120,609.860,378.670,134.080,97.110,72.270,0.000,29.660
2410121424,2026-09-24 15:00:00,120,48.420,29.760,11.260,7.400,1.600,0.000,18.000
2410121440,2026-09-24 15:00:00,120,22.760,15.200,4.460,3.080,2.800,0.000,6.110
2410121454,2026-09-24 15:00:00,160,2067.180,1305.700,445.950,315.520,336.770,0.000,76.690
2410121457,2026-09-24 15:00:00,120,1891.690,1204.710,524.250,162.730,358.570,0.000,42.560
2410121574,2026-09-24 15:00:00,120,4937.390,3563.200,1148.990,225.190,427.410,0.000,381.980
2410131378,2026-09-24 15:00:00,200,1872.450,1205.800,521.080,145.560,411.190,0.000,9.740
2410131383,2026-09-24 15:00:00,400,1071.150,709.660,228.880,132.600,48.460,0.000,65.770
2410131387,2026-09-24 15:00:00,600,555.140,347.530,132.490,75.120,58.560,0.000,59.100
2410320615,2026-09-24 15:00:00,700,15626.680,9584.220,3811.390,2231.060,3864.570,0.000,51.460
2410883988,2026-09-24 15:00:00,100,37.330,19.160,5.550,12.600,3.530,0.000,2.210
2410883990,2026-09-24 15:00:00,60,3000.800,1721.310,640.300,639.170,889.180,0.000,38.540
2410883991,2026-09-24 15:00:00,100,2745.770,1652.880,617.970,474.910,257.250,0.260,74.300
2410883993,2026-09-24 15:00:00,60,3173.470,1535.700,600.970,1036.800,126.350,0.000,341.100
2410883994,2026-09-24 15:00:00,320,108.220,48.600,21.550,38.070,3.450,0.000,6.840
2410932742,2026-09-24 15:00:00,240,20061.551,11675.150,3725.850,4660.540,5093.680,0.000,5.960
2411087432,2026-09-24 15:00:00,40,3727.000,2313.100,1069.690,344.200,749.120,0.000,31.170
2411087433,2026-09-24 15:00:00,500,865.940,511.970,188.140,165.820,22.690,0.000,779.570
2411290205,2026-09-24 15:00:00,240,9723.980,6539.690,2850.730,333.550,3447.400,0.000,59.540
2510014481,2026-09-24 15:00:00,80,15491.190,9029.030,2984.480,3477.680,5823.500,0.000,5.520
2510014482,2026-09-24 15:00:00,40,1305.600,909.530,359.090,36.970,85.320,0.000,63.750
2510014483,2026-09-24 15:00:00,300,232.790,134.220,51.900,46.660,0.000,0.000,187.820
2510014484,2026-09-24 15:00:00,160,9513.130,5394.220,2103.960,2014.940,1550.330,0.000,21.600
2510178139,2026-09-24 15:00:00,300,840.240,488.700,178.410,173.120,183.740,0.000,14.140
2510178141,2026-09-24 15:00:00,40,675.740,506.260,158.360,11.110,189.420,0.000,47.780
2510203103,2026-09-24 15:00:00,400,1867.020,1111.440,419.770,335.800,66.360,3.610,330.610
2510203104,2026-09-24 15:00:00,120,3064.990,1842.020,718.660,504.300,465.810,0.000,69.190
2510203105,2026-09-24 15:00:00,100,2465.370,1714.780,696.450,54.130,579.360,0.000,70.710
2510203106,2026-09-24 15:00:00,100,100.120,46.490,16.840,36.780,0.440,0.000,37.450
2510203107,2026-09-24 15:00:00,600,684.640,432.660,185.750,66.220,200.420,0.000,12.620
2510203108,2026-09-24 15:00:00,80,4049.670,2283.370,898.940,867.350,632.780,0.000,36.690
2510203109,2026-09-24 15:00:00,160,1545.550,969.600,476.260,99.680,463.580,0.000,87.190
2510203111,2026-09-24 15:00:00,40,3974.180,2509.350,983.240,481.570,1084.300,0.000,12.790
2510203113,2026-09-24 15:00:00,160,4568.120,2915.290,1107.540,545.280,280.310,0.000,111.260
2510203114,2026-09-24 15:00:00,120,1933.900,1214.600,477.790,241.500,390.420,0.000,33.730
2510203117,2026-09-24 15:00:00,80,1671.410,891.430,362.200,417.770,285.550,0.000,166.870
2510203118,2026-09-24 15:00:00,640,198.770,115.030,44.750,38.990,26.990,0.010,116.270
2510203119,2026-09-24 15:00:00,40,480.840,323.310,123.490,34.030,180.180,0.000,14.800
2510203120,2026-09-24 15:00:00,160,4375.740,2687.500,964.300,723.920,1017.270,0.000,14.900
2510203121,2026-09-24 15:00:00,100,1304.870,766.090,305.580,233.190,71.930,0.000,108.120
2510203122,2026-09-24 15:00:00,40,951.200,603.360,298.310,49.510,695.530,0.000,0.710
2510203123,2026-09-24 15:00:00,40,2691.330,1774.760,734.980,181.580,855.730,0.000,11.850
2510203124,2026-09-24 15:00:00,800,1204.610,853.530,290.470,60.600,340.680,0.000,0.360
2510203126,2026-09-24 15:00:00,100,17.270,7.990,2.460,6.810,0.450,0.000,1.360
2510203127,2026-09-24 15:00:00,40,1300.170,848.850,346.910,104.400,377.850,0.000,49.300
2510203128,2026-09-24 15:00:00,500,8054.730,4229.270,1418.640,2406.810,375.850,0.000,112.600
2510203129,2026-09-24 15:00:00,80,7.240,3.810,1.360,2.060,0.000,0.000,1.720
2510203130,2026-09-24 15:00:00,120,33.910,24.410,6.950,2.530,9.900,0.000,0.520
2510203133,2026-09-24 15:00:00,40,673.700,458.810,170.080,44.810,115.000,0.000,47.710
2510203134,2026-09-24 15:00:00,200,142.020,83.100,32.750,26.160,6.060,0.000,33.460
2510224167,2026-09-24 15:00:00,1,21044.840,9329.500,4122.460,7592.870,904.010,0.000,5719.820
2510317505,2026-09-24 15:00:00,1,15349.480,6738.810,3250.540,5360.120,0.740,0.000,4585.590
2510317537,2026-09-24 15:00:00,1,11909.250,6839.530,2250.190,2819.520,218.560,1427.680,2160.670
2510389559,2026-09-24 15:00:00,1,36.870,20.630,14.320,1.910,30.680,0.000,5.910
2510389643,2026-09-24 15:00:00,1,43477.980,15585.010,7782.400,20110.561,22.640,0.000,4127.460
2510389931,2026-09-24 15:00:00,1,31446.449,12022.340,6640.400,12783.700,0.150,0.000,4318.800
2510633381,2026-09-24 15:00:00,320,225.840,140.560,50.810,34.470,6.310,0.000,46.270
2510633383,2026-09-24 15:00:00,40,1754.090,1315.150,404.400,34.530,54.140,0.000,312.730
2510633385,2026-09-24 15:00:00,60,1231.700,580.740,245.720,405.230,48.760,0.000,95.650
2510633387,2026-09-24 15:00:00,40,26.330,17.700,6.410,2.220,0.840,0.000,3.440
2510633389,2026-09-24 15:00:00,500,544.810,369.560,127.230,48.010,104.000,0.000,102.760
2510633390,2026-09-24 15:00:00,80,2207.900,1324.380,486.800,396.700,574.820,0.000,6.350
2510633391,2026-09-24 15:00:00,100,256.060,197.650,58.300,0.100,3.460,0.000,1.950
2510633393,2026-09-24 15:00:00,600,6029.770,3510.730,1198.420,1320.610,1286.300,0.000,0.480
2510633395,2026-09-24 15:00:00,40,1300.980,732.580,283.550,284.840,61.340,0.000,39.160
2510633396,2026-09-24 15:00:00,400,931.200,631.620,219.290,80.270,214.420,0.000,0.170
2510633397,2026-09-24 15:00:00,240,572.580,366.340,173.760,32.470,217.390,0.000,18.170
2510633399,2026-09-24 15:00:00,600,1174.960,676.180,252.610,246.160,58.900,0.000,57.120
2510633400,2026-09-24 15:00:00,800,778.720,473.060,180.780,124.870,172.860,0.000,28.000
2510633402,2026-09-24 15:00:00,300,592.620,356.710,125.750,110.140,148.550,0.000,10.400
2510633406,2026-09-24 15:00:00,60,364.900,166.180,70.990,127.720,19.800,0.000,99.280
2510633411,2026-09-24 15:00:00,800,4839.070,2762.570,1010.400,1066.090,1720.970,0.000,29.340
2510814977,2026-09-24 15:00:00,400,52.340,32.260,12.370,7.700,1.840,0.000,10.720
2610026950,2026-09-24 15:00:00,600,15.900,10.200,3.660,2.020,1.460,0.000,3.180
2610026952,2026-09-24 15:00:00,200,3663.660,2378.530,1052.370,232.750,1849.210,0.000,9.810
2610026953,2026-09-24 15:00:00,700,692.400,408.730,155.980,127.690,203.100,0.000,0.670
2610026963,2026-09-24 15:00:00,200,383.520,198.050,94.630,90.830,23.720,2.230,97.490
2610026966,2026-09-24 15:00:00,240,975.980,700.690,241.980,33.300,201.150,0.000,0.000
2610026976,2026-09-24 15:00:00,60,1521.020,990.620,341.500,188.880,150.240,0.000,27.100
2610026977,2026-09-24 15:00:00,30,644.460,269.120,101.270,274.060,111.320,0.000,29.330
2610126270,2026-09-24 15:00:00,400,28.760,18.250,6.790,3.710,1.060,0.000,8.210
2610126451,2026-09-24 15:00:00,300,113.530,73.670,27.680,12.170,55.900,0.000,0.280
2610159557,2026-09-24 15:00:00,600,18.840,10.960,4.120,3.750,0.230,0.000,10.840
2610170785,2026-09-24 15:00:00,640,10.070,6.750,2.890,0.420,10.870,0.000,0.000
2610170786,2026-09-24 15:00:00,500,661.430,375.540,129.510,156.370,131.750,0.000,2.940
2610170836,2026-09-24 15:00:00,100,125.870,78.720,28.540,18.610,70.390,0.000,0.600
2610170837,2026-09-24 15:00:00,240,12.840,8.320,2.830,1.670,1.620,0.000,0.170
2610170838,2026-09-24 15:00:00,240,34.860,22.110,7.770,4.970,3.860,0.000,0.350
2610170839,2026-09-24 15:00:00,400,6.160,3.850,1.670,0.640,1.620,0.000,0.300
2610170840,2026-09-24 15:00:00,40,329.590,188.880,63.840,76.860,69.310,0.000,31.960
2610322967,2026-09-24 15:00:00,500,4.080,2.480,1.020,0.570,0.550,0.000,0.020
2610322969,2026-09-24 15:00:00,100,114.000,79.830,27.110,7.050,15.020,0.000,2.110
2610322992,2026-09-24 15:00:00,320,114.460,77.760,33.060,3.630,31.630,0.000,0.010
2610322995,2026-09-24 15:00:00,40,6.140,3.730,1.280,1.120,0.000,0.000,3.580
2610322997,2026-09-24 15:00:00,400,605.620,354.760,137.520,113.330,230.980,0.000,0.590
2610323001,2026-09-24 15:00:00,160,1934.100,1149.280,515.210,269.610,880.940,0.000,0.000
2610323004,2026-09-24 15:00:00,3000,100.060,76.000,13.000,11.060,23.120,0.000,2.260
2610323005,2026-09-24 15:00:00,120,12.810,8.710,3.220,0.880,1.710,0.000,0.930
2610323010,2026-09-24 15:00:00,60,19.190,12.790,4.620,1.760,1.560,0.000,5.000
2610323016,2026-09-24 15:00:00,160,1695.370,938.250,371.330,385.790,764.430,0.000,0.000
2610323017,2026-09-24 15:00:00,60,7.890,4.800,1.660,1.420,0.000,0.000,4.050
2610323019,2026-09-24 15:00:00,80,52.000,32.790,11.360,7.840,3.040,0.000,12.540
2610323027,2026-09-24 15:00:00,60,8.180,5.020,1.720,1.420,0.000,0.000,4.150
2410131384,2026-09-24 15:01:00,200,9866.120,5598.100,1985.860,2282.150,2058.790,0.000,4.900
2510224049,2026-09-24 15:01:00,1,53775.359,20994.051,10976.990,21804.311,118.600,0.000,9054.890
2510633386,2026-09-24 15:01:00,500,495.360,282.230,106.760,106.360,30.900,0.000,2774.570
2610322982,2026-09-24 15:01:00,160,5.510,3.360,1.160,0.970,0.000,0.000,2.610
2246006313,2026-09-24 15:30:00,8800,955.720,539.267,197.817,218.634,128.466,8.999,180.553
2410121326,2026-09-24 15:30:00,200,1603.630,1034.440,449.950,119.220,378.970,0.000,5.470
2410121353,2026-09-24 15:30:00,120,728.310,505.310,198.640,24.350,162.240,0.000,15.490
2410121371,2026-09-24 15:30:00,120,609.960,378.760,134.080,97.110,72.290,0.000,29.660
2410121424,2026-09-24 15:30:00,120,48.420,29.760,11.260,7.400,1.600,0.000,18.000
2410121440,2026-09-24 15:30:00,120,22.780,15.230,4.460,3.080,2.810,0.000,6.110
2410121454,2026-09-24 15:30:00,160,2067.440,1305.960,445.950,315.520,336.830,0.000,76.690
2410121457,2026-09-24 15:30:00,120,1892.460,1205.480,524.250,162.730,358.790,0.000,42.560
2410121574,2026-09-24 15:30:00,120,4938.070,3563.890,1148.990,225.190,427.480,0.000,381.980
2410131378,2026-09-24 15:30:00,200,1872.800,1206.150,521.080,145.560,411.260,0.000,9.740
2410131383,2026-09-24 15:30:00,400,1071.260,709.770,228.880,132.600,48.470,0.000,65.770
2410131384,2026-09-24 15:30:00,200,9866.510,5598.480,1985.860,2282.150,2058.890,0.000,4.900
2410131387,2026-09-24 15:30:00,600,555.250,347.630,132.490,75.120,58.600,0.000,59.100
2410320615,2026-09-24 15:30:00,700,15628.220,9585.750,3811.390,2231.060,3865.020,0.000,51.460
2410883988,2026-09-24 15:30:00,100,37.340,19.170,5.550,12.600,3.540,0.000,2.210
2410883990,2026-09-24 15:30:00,60,3000.840,1721.360,640.300,639.170,889.190,0.000,38.540
2410883991,2026-09-24 15:30:00,100,2745.930,1653.040,617.970,474.910,257.280,0.260,74.300
2410883993,2026-09-24 15:30:00,60,3173.710,1535.940,600.970,1036.800,126.390,0.000,341.100
2410883994,2026-09-24 15:30:00,320,108.230,48.610,21.550,38.070,3.450,0.000,6.840
2411087432,2026-09-24 15:30:00,40,3727.730,2313.830,1069.690,344.200,749.220,0.000,31.170
2411087433,2026-09-24 15:30:00,500,866.220,512.240,188.140,165.820,22.690,0.000,779.580
2411290205,2026-09-24 15:30:00,240,9724.530,6540.230,2850.730,333.550,3447.610,0.000,59.540
2510014481,2026-09-24 15:30:00,80,15491.910,9029.750,2984.480,3477.680,5823.850,0.000,5.520
2510014483,2026-09-24 15:30:00,300,232.830,134.250,51.900,46.660,0.000,0.000,187.830
2510014484,2026-09-24 15:30:00,160,9513.760,5394.850,2103.960,2014.940,1550.520,0.000,21.600
2510178139,2026-09-24 15:30:00,300,840.300,488.750,178.410,173.120,183.750,0.000,14.140
2510178141,2026-09-24 15:30:00,40,676.020,506.530,158.360,11.110,189.580,0.000,47.780
2510203103,2026-09-24 15:30:00,400,1867.110,1111.530,419.770,335.800,66.400,3.610,330.620
2510203104,2026-09-24 15:30:00,120,3065.330,1842.360,718.660,504.300,465.910,0.000,69.190
2510203105,2026-09-24 15:30:00,100,2465.750,1715.160,696.450,54.130,579.410,0.000,70.710
2510203106,2026-09-24 15:30:00,100,100.120,46.490,16.840,36.780,0.440,0.000,37.460
2510203107,2026-09-24 15:30:00,600,685.220,433.240,185.750,66.220,200.630,0.000,12.620
2510203108,2026-09-24 15:30:00,80,4050.110,2283.810,898.940,867.350,632.880,0.000,36.690
2510203109,2026-09-24 15:30:00,160,1545.850,969.890,476.260,99.680,463.650,0.000,87.190
2510203111,2026-09-24 15:30:00,40,3974.710,2509.890,983.240,481.570,1084.440,0.000,12.790
2510203113,2026-09-24 15:30:00,160,4569.350,2916.530,1107.540,545.280,280.480,0.000,111.260
2510203114,2026-09-24 15:30:00,120,1934.190,1214.890,477.790,241.500,390.500,0.000,33.730
2510203117,2026-09-24 15:30:00,80,1671.450,891.470,362.200,417.770,285.600,0.000,166.870
2510203118,2026-09-24 15:30:00,640,198.810,115.060,44.750,38.990,26.990,0.010,116.280
2510203119,2026-09-24 15:30:00,40,480.840,323.310,123.490,34.030,180.180,0.000,14.800
2510203120,2026-09-24 15:30:00,160,4376.280,2688.050,964.300,723.920,1017.360,0.000,14.900
2510203121,2026-09-24 15:30:00,100,1304.950,766.170,305.580,233.190,71.940,0.000,108.120
2510203122,2026-09-24 15:30:00,40,951.380,603.540,298.310,49.510,695.660,0.000,0.710
2510203123,2026-09-24 15:30:00,40,2691.750,1775.190,734.980,181.580,855.880,0.000,11.850
2510203124,2026-09-24 15:30:00,800,1204.800,853.730,290.470,60.600,340.740,0.000,0.360
2510203126,2026-09-24 15:30:00,100,17.280,8.010,2.460,6.810,0.450,0.000,1.360
2510203127,2026-09-24 15:30:00,40,1300.640,849.320,346.910,104.400,377.970,0.000,49.300
2510203128,2026-09-24 15:30:00,500,8055.290,4229.830,1418.640,2406.810,375.880,0.000,112.600
2510203129,2026-09-24 15:30:00,80,7.250,3.810,1.360,2.060,0.000,0.000,1.720
2510203130,2026-09-24 15:30:00,120,33.910,24.420,6.950,2.530,9.900,0.000,0.520
2510203133,2026-09-24 15:30:00,40,673.790,458.900,170.080,44.810,115.010,0.000,47.720
2510203134,2026-09-24 15:30:00,200,142.030,83.100,32.750,26.160,6.060,0.000,33.460
2510224167,2026-09-24 15:30:00,1,21044.930,9329.590,4122.460,7592.870,904.010,0.000,5719.900
2510317505,2026-09-24 15:30:00,1,15349.620,6738.950,3250.540,5360.120,0.740,0.000,4585.720
2510317537,2026-09-24 15:30:00,1,11910.310,6840.590,2250.190,2819.520,218.560,1427.680,2160.850
2510389559,2026-09-24 15:30:00,1,36.870,20.630,14.320,1.910,30.680,0.000,5.910
2510389931,2026-09-24 15:30:00,1,31446.449,12022.340,6640.400,12783.700,0.150,0.000,4318.800
2510633381,2026-09-24 15:30:00,320,225.900,140.610,50.810,34.470,6.310,0.000,46.280
2510633383,2026-09-24 15:30:00,40,1754.780,1315.840,404.400,34.530,54.180,0.000,312.730
2510633385,2026-09-24 15:30:00,60,1231.810,580.850,245.720,405.230,48.770,0.000,95.650
2510633386,2026-09-24 15:30:00,500,495.450,282.310,106.760,106.360,30.900,0.000,2774.880
2510633387,2026-09-24 15:30:00,40,26.360,17.730,6.410,2.220,0.840,0.000,3.440
2510633389,2026-09-24 15:30:00,500,545.450,370.200,127.230,48.010,104.220,0.000,102.760
2510633390,2026-09-24 15:30:00,80,2208.530,1325.010,486.800,396.700,574.990,0.000,6.350
2510633391,2026-09-24 15:30:00,100,256.180,197.760,58.300,0.100,3.460,0.000,1.950
2510633393,2026-09-24 15:30:00,600,6030.370,3511.330,1198.420,1320.610,1286.440,0.000,0.480
2510633395,2026-09-24 15:30:00,40,1300.980,732.580,283.550,284.840,61.340,0.000,39.160
2510633396,2026-09-24 15:30:00,400,931.420,631.840,219.290,80.270,214.490,0.000,0.170
2510633397,2026-09-24 15:30:00,240,572.810,366.570,173.760,32.470,217.560,0.000,18.170
2510633399,2026-09-24 15:30:00,600,1175.130,676.350,252.610,246.160,58.900,0.000,57.120
2510633400,2026-09-24 15:30:00,800,778.990,473.320,180.780,124.870,172.980,0.000,28.000
2510633402,2026-09-24 15:30:00,300,592.830,356.920,125.750,110.140,148.610,0.000,10.400
2510633406,2026-09-24 15:30:00,60,364.900,166.180,70.990,127.720,19.800,0.000,99.280
2510633411,2026-09-24 15:30:00,800,4839.880,2763.380,1010.400,1066.090,1721.290,0.000,29.340
2510814977,2026-09-24 15:30:00,400,52.340,32.270,12.370,7.700,1.840,0.000,10.720
2610026950,2026-09-24 15:30:00,600,15.910,10.220,3.660,2.020,1.460,0.000,3.180
2610026952,2026-09-24 15:30:00,200,3664.780,2379.650,1052.370,232.750,1849.900,0.000,9.810
2610026953,2026-09-24 15:30:00,700,692.650,408.970,155.980,127.690,203.190,0.000,0.670
2610026963,2026-09-24 15:30:00,200,383.590,198.110,94.630,90.830,23.720,2.230,97.500
2610026966,2026-09-24 15:30:00,240,976.290,701.000,241.980,33.300,201.180,0.000,0.000
2610026976,2026-09-24 15:30:00,60,1521.460,991.070,341.500,188.880,150.290,0.000,27.100
2610026977,2026-09-24 15:30:00,30,644.460,269.120,101.270,274.060,111.320,0.000,29.330
2610126270,2026-09-24 15:30:00,400,28.780,18.270,6.790,3.710,1.060,0.000,8.210
2610126451,2026-09-24 15:30:00,300,113.550,73.690,27.680,12.170,55.900,0.000,0.280
2610159557,2026-09-24 15:30:00,600,18.850,10.980,4.120,3.750,0.230,0.000,10.840
2610170785,2026-09-24 15:30:00,640,10.070,6.750,2.890,0.420,10.870,0.000,0.000
2610170786,2026-09-24 15:30:00,500,661.740,375.860,129.510,156.370,131.820,0.000,2.940
2610170837,2026-09-24 15:30:00,240,12.840,8.330,2.830,1.670,1.620,0.000,0.170
2610170838,2026-09-24 15:30:00,240,34.880,22.120,7.770,4.970,3.860,0.000,0.350
2610170839,2026-09-24 15:30:00,400,6.180,3.860,1.670,0.640,1.620,0.000,0.300
2610170840,2026-09-24 15:30:00,40,329.590,188.880,63.840,76.860,69.310,0.000,31.960
2610322967,2026-09-24 15:30:00,500,4.090,2.490,1.020,0.570,0.550,0.000,0.020
2610322969,2026-09-24 15:30:00,100,114.130,79.960,27.110,7.050,15.040,0.000,2.110
2610322982,2026-09-24 15:30:00,160,5.520,3.370,1.160,0.970,0.000,0.000,2.620
2610322992,2026-09-24 15:30:00,320,115.550,78.850,33.060,3.630,32.000,0.000,0.010
2610322995,2026-09-24 15:30:00,40,6.160,3.750,1.280,1.120,0.000,0.000,3.590
2610322997,2026-09-24 15:30:00,400,605.900,355.040,137.520,113.330,231.090,0.000,0.590
2610323001,2026-09-24 15:30:00,160,1935.360,1150.530,515.210,269.610,881.500,0.000,0.000
2610323004,2026-09-24 15:30:00,3000,100.290,76.220,13.000,11.060,23.160,0.000,2.260
2610323005,2026-09-24 15:30:00,120,12.840,8.740,3.220,0.880,1.720,0.000,0.930
2610323010,2026-09-24 15:30:00,60,19.190,12.800,4.620,1.760,1.560,0.000,5.000
2610323017,2026-09-24 15:30:00,60,7.910,4.820,1.660,1.420,0.000,0.000,4.060
2610323019,2026-09-24 15:30:00,80,52.020,32.810,11.360,7.840,3.040,0.000,12.550
2610323027,2026-09-24 15:30:00,60,8.190,5.040,1.720,1.420,0.000,0.000,4.160
2410932742,2026-09-24 15:31:00,240,20062.590,11676.190,3725.850,4660.540,5093.940,0.000,5.960
2510014482,2026-09-24 15:31:00,40,1305.800,909.730,359.090,36.970,85.320,0.000,63.760
2610170836,2026-09-24 15:31:00,100,125.870,78.720,28.540,18.610,70.390,0.000,0.600
2610323016,2026-09-24 15:31:00,160,1696.060,938.930,371.330,385.790,764.760,0.000,0.000
2510224049,2026-09-24 15:32:00,1,53775.469,20994.160,10976.990,21804.311,118.600,0.000,9054.970
2510389643,2026-09-24 15:32:00,1,43478.000,15585.030,7782.400,20110.561,22.640,0.000,4127.470
2246006313,2026-09-24 16:00:00,8800,955.844,539.392,197.817,218.634,128.498,8.999,180.553
2410121326,2026-09-24 16:00:00,200,1603.960,1034.770,449.950,119.220,379.050,0.000,5.470
2410121353,2026-09-24 16:00:00,120,728.520,505.520,198.640,24.350,162.320,0.000,15.490
2410121424,2026-09-24 16:00:00,120,48.430,29.760,11.260,7.400,1.600,0.000,18.000
2410121440,2026-09-24 16:00:00,120,22.820,15.260,4.460,3.080,2.820,0.000,6.110
2410121454,2026-09-24 16:00:00,160,2067.670,1306.200,445.950,315.520,336.900,0.000,76.690
2410121457,2026-09-24 16:00:00,120,1893.260,1206.270,524.250,162.730,359.020,0.000,42.560
2410121574,2026-09-24 16:00:00,120,4938.680,3564.490,1148.990,225.190,427.560,0.000,381.980
2410131378,2026-09-24 16:00:00,200,1873.120,1206.470,521.080,145.560,411.330,0.000,9.740
2410131383,2026-09-24 16:00:00,400,1071.370,709.870,228.880,132.600,48.470,0.000,65.770
2410131384,2026-09-24 16:00:00,200,9866.910,5598.890,1985.860,2282.150,2058.990,0.000,4.900
2410131387,2026-09-24 16:00:00,600,555.370,347.760,132.490,75.120,58.640,0.000,59.100
2410320615,2026-09-24 16:00:00,700,15629.660,9587.190,3811.390,2231.060,3865.400,0.000,51.460
2410883988,2026-09-24 16:00:00,100,37.350,19.190,5.550,12.600,3.540,0.000,2.210
2410883990,2026-09-24 16:00:00,60,3000.880,1721.390,640.300,639.170,889.190,0.000,38.540
2410883991,2026-09-24 16:00:00,100,2746.110,1653.220,617.970,474.910,257.310,0.260,74.300
2410883993,2026-09-24 16:00:00,60,3173.940,1536.160,600.970,1036.800,126.430,0.000,341.100
2410883994,2026-09-24 16:00:00,320,108.240,48.620,21.550,38.070,3.450,0.000,6.840
2410932742,2026-09-24 16:00:00,240,20063.529,11677.130,3725.850,4660.540,5094.180,0.000,5.960
2411087432,2026-09-24 16:00:00,40,3728.490,2314.590,1069.690,344.200,749.350,0.000,31.170
2411087433,2026-09-24 16:00:00,500,866.490,512.520,188.140,165.820,22.690,0.000,779.590
2411290205,2026-09-24 16:00:00,240,9725.090,6540.800,2850.730,333.550,3447.820,0.000,59.540
2510014481,2026-09-24 16:00:00,80,15492.640,9030.480,2984.480,3477.680,5824.210,0.000,5.520
2510014482,2026-09-24 16:00:00,40,1305.940,909.870,359.090,36.970,85.320,0.000,63.770
2510014483,2026-09-24 16:00:00,300,232.860,134.280,51.900,46.660,0.000,0.000,187.840
2510014484,2026-09-24 16:00:00,160,9514.380,5395.470,2103.960,2014.940,1550.700,0.000,21.600
2510178139,2026-09-24 16:00:00,300,840.360,488.810,178.410,173.120,183.760,0.000,14.140
2510178141,2026-09-24 16:00:00,40,676.280,506.800,158.360,11.110,189.750,0.000,47.780
2510203103,2026-09-24 16:00:00,400,1867.340,1111.760,419.770,335.800,66.400,3.610,330.650
2510203104,2026-09-24 16:00:00,120,3065.650,1842.680,718.660,504.300,466.010,0.000,69.190
2510203105,2026-09-24 16:00:00,100,2466.210,1715.620,696.450,54.130,579.510,0.000,70.710
2510203106,2026-09-24 16:00:00,100,100.130,46.500,16.840,36.780,0.440,0.000,37.460
2510203107,2026-09-24 16:00:00,600,685.860,433.880,185.750,66.220,200.860,0.000,12.620
2510203108,2026-09-24 16:00:00,80,4050.480,2284.180,898.940,867.350,632.940,0.000,36.690
2510203109,2026-09-24 16:00:00,160,1546.140,970.190,476.260,99.680,463.710,0.000,87.190
2510203111,2026-09-24 16:00:00,40,3975.230,2510.410,983.240,481.570,1084.570,0.000,12.790
2510203113,2026-09-24 16:00:00,160,4570.610,2917.790,1107.540,545.280,280.640,0.000,111.260
2510203114,2026-09-24 16:00:00,120,1934.470,1215.170,477.790,241.500,390.580,0.000,33.730
2510203117,2026-09-24 16:00:00,80,1671.520,891.540,362.200,417.770,285.650,0.000,166.870
2510203118,2026-09-24 16:00:00,640,198.840,115.100,44.750,38.990,26.990,0.010,116.280
2510203119,2026-09-24 16:00:00,40,480.840,323.310,123.490,34.030,180.180,0.000,14.800
2510203120,2026-09-24 16:00:00,160,4376.870,2688.630,964.300,723.920,1017.460,0.000,14.900
2510203121,2026-09-24 16:00:00,100,1305.030,766.260,305.580,233.190,71.950,0.000,108.120
2510203122,2026-09-24 16:00:00,40,951.550,603.710,298.310,49.510,695.790,0.000,0.710
2510203123,2026-09-24 16:00:00,40,2692.150,1775.590,734.980,181.580,856.030,0.000,11.850
2510203124,2026-09-24 16:00:00,800,1205.010,853.930,290.470,60.600,340.800,0.000,0.360
2510203126,2026-09-24 16:00:00,100,17.290,8.020,2.460,6.810,0.450,0.000,1.360
2510203128,2026-09-24 16:00:00,500,8055.840,4230.380,1418.640,2406.810,375.910,0.000,112.600
2510203129,2026-09-24 16:00:00,80,7.250,3.820,1.360,2.060,0.000,0.000,1.720
2510203130,2026-09-24 16:00:00,120,33.920,24.430,6.950,2.530,9.910,0.000,0.520
2510203133,2026-09-24 16:00:00,40,673.900,459.000,170.080,44.810,115.030,0.000,47.720
2510203134,2026-09-24 16:00:00,200,142.030,83.110,32.750,26.160,6.060,0.000,33.460
2510224049,2026-09-24 16:00:00,1,53775.570,20994.260,10976.990,21804.311,118.600,0.000,9055.040
2510224167,2026-09-24 16:00:00,1,21048.061,9332.720,4122.460,7592.870,905.600,0.000,5719.950
2510317505,2026-09-24 16:00:00,1,15349.760,6739.090,3250.540,5360.120,0.740,0.000,4585.850
2510317537,2026-09-24 16:00:00,1,11911.370,6841.650,2250.190,2819.520,218.560,1427.680,2161.020
2510389559,2026-09-24 16:00:00,1,36.870,20.630,14.320,1.910,30.680,0.000,5.910
2510389643,2026-09-24 16:00:00,1,43478.012,15585.040,7782.400,20110.561,22.640,0.000,4127.480
2510389931,2026-09-24 16:00:00,1,31446.449,12022.340,6640.400,12783.700,0.150,0.000,4318.810
2510633381,2026-09-24 16:00:00,320,225.950,140.670,50.810,34.470,6.310,0.000,46.290
2510633383,2026-09-24 16:00:00,40,1755.390,1316.450,404.400,34.530,54.200,0.000,312.730
2510633385,2026-09-24 16:00:00,60,1231.910,580.950,245.720,405.230,48.790,0.000,95.650
2510633386,2026-09-24 16:00:00,500,495.540,282.410,106.760,106.360,30.900,0.000,2775.220
2510633389,2026-09-24 16:00:00,500,546.090,370.840,127.230,48.010,104.430,0.000,102.760
2510633390,2026-09-24 16:00:00,80,2209.180,1325.670,486.800,396.700,575.180,0.000,6.350
2510633391,2026-09-24 16:00:00,100,256.290,197.880,58.300,0.100,3.460,0.000,1.950
2510633393,2026-09-24 16:00:00,600,6030.960,3511.930,1198.420,1320.610,1286.590,0.000,0.480
2510633395,2026-09-24 16:00:00,40,1300.980,732.580,283.550,284.840,61.340,0.000,39.160
2510633396,2026-09-24 16:00:00,400,931.630,632.050,219.290,80.270,214.560,0.000,0.170
2510633397,2026-09-24 16:00:00,240,573.040,366.800,173.760,32.470,217.740,0.000,18.170
2510633399,2026-09-24 16:00:00,600,1175.290,676.510,252.610,246.160,58.910,0.000,57.120
2510633400,2026-09-24 16:00:00,800,779.300,473.630,180.780,124.870,173.130,0.000,28.000
2510633402,2026-09-24 16:00:00,300,593.080,357.170,125.750,110.140,148.690,0.000,10.400
2510633406,2026-09-24 16:00:00,60,365.020,166.300,70.990,127.720,19.860,0.000,99.280
2510633411,2026-09-24 16:00:00,800,4840.730,2764.220,1010.400,1066.090,1721.600,0.000,29.340
2510814977,2026-09-24 16:00:00,400,52.350,32.270,12.370,7.700,1.840,0.000,10.720
2610026950,2026-09-24 16:00:00,600,15.920,10.230,3.660,2.020,1.460,0.000,3.180
2610026952,2026-09-24 16:00:00,200,3665.530,2380.410,1052.370,232.750,1850.360,0.000,9.810
2610026953,2026-09-24 16:00:00,700,692.900,409.220,155.980,127.690,203.290,0.000,0.670
2610026963,2026-09-24 16:00:00,200,383.740,198.270,94.630,90.830,23.720,2.230,97.510
2610026966,2026-09-24 16:00:00,240,976.580,701.290,241.980,33.300,201.210,0.000,0.000
2610026976,2026-09-24 16:00:00,60,1521.810,991.420,341.500,188.880,150.310,0.000,27.100
2610026977,2026-09-24 16:00:00,30,644.460,269.120,101.270,274.060,111.320,0.000,29.330
2610126270,2026-09-24 16:00:00,400,28.800,18.290,6.790,3.710,1.060,0.000,8.210
2610126451,2026-09-24 16:00:00,300,113.560,73.710,27.680,12.170,55.910,0.000,0.280
2610159557,2026-09-24 16:00:00,600,18.870,11.000,4.120,3.750,0.230,0.000,10.840
2610170785,2026-09-24 16:00:00,640,10.070,6.750,2.890,0.420,10.880,0.000,0.000
2610170786,2026-09-24 16:00:00,500,662.050,376.160,129.510,156.370,131.890,0.000,2.940
2610170836,2026-09-24 16:00:00,100,125.880,78.720,28.540,18.610,70.390,0.000,0.600
2610170837,2026-09-24 16:00:00,240,12.850,8.330,2.830,1.670,1.620,0.000,0.170
2610170838,2026-09-24 16:00:00,240,34.890,22.140,7.770,4.970,3.870,0.000,0.350
2610170839,2026-09-24 16:00:00,400,6.190,3.870,1.670,0.640,1.620,0.000,0.300
2610170840,2026-09-24 16:00:00,40,329.590,188.890,63.840,76.860,69.310,0.000,31.960
2610322967,2026-09-24 16:00:00,500,4.090,2.490,1.020,0.570,0.550,0.000,0.020
2610322969,2026-09-24 16:00:00,100,114.250,80.090,27.110,7.050,15.050,0.000,2.110
2610322982,2026-09-24 16:00:00,160,5.530,3.380,1.160,0.970,0.000,0.000,2.620
2610322992,2026-09-24 16:00:00,320,116.620,79.910,33.060,3.630,32.360,0.000,0.010
2610322995,2026-09-24 16:00:00,40,6.170,3.760,1.280,1.120,0.000,0.000,3.590
2610322997,2026-09-24 16:00:00,400,606.260,355.400,137.520,113.330,231.250,0.000,0.590
2610323001,2026-09-24 16:00:00,160,1936.630,1151.800,515.210,269.610,882.090,0.000,0.000
2610323004,2026-09-24 16:00:00,3000,100.530,76.460,13.000,11.060,23.220,0.000,2.260
2610323005,2026-09-24 16:00:00,120,12.870,8.770,3.220,0.880,1.730,0.000,0.930
2610323010,2026-09-24 16:00:00,60,19.200,12.810,4.620,1.760,1.560,0.000,5.000
2610323016,2026-09-24 16:00:00,160,1696.700,939.570,371.330,385.790,765.070,0.000,0.000
2610323017,2026-09-24 16:00:00,60,7.930,4.830,1.660,1.420,0.000,0.000,4.060
2610323019,2026-09-24 16:00:00,80,52.040,32.830,11.360,7.840,3.040,0.000,12.550
2610323027,2026-09-24 16:00:00,60,8.210,5.060,1.720,1.420,0.000,0.000,4.160
2510203127,2026-09-24 16:01:00,40,1301.110,849.790,346.910,104.400,378.110,0.000,49.300
2510633387,2026-09-24 16:01:00,40,26.380,17.750,6.410,2.220,0.840,0.000,3.440
2410121371,2026-09-24 16:03:00,120,610.070,378.870,134.080,97.110,72.300,0.000,29.660
2246006313,2026-09-24 16:30:00,8800,955.967,539.514,197.817,218.634,128.529,8.999,180.553
2410121326,2026-09-24 16:30:00,200,1604.280,1035.090,449.950,119.220,379.130,0.000,5.470
2410121353,2026-09-24 16:30:00,120,728.740,505.740,198.640,24.350,162.390,0.000,15.490
2410121371,2026-09-24 16:30:00,120,610.150,378.960,134.080,97.110,72.300,0.000,29.660
2410121424,2026-09-24 16:30:00,120,48.430,29.760,11.260,7.400,1.600,0.000,18.000
2410121440,2026-09-24 16:30:00,120,22.850,15.290,4.460,3.080,2.830,0.000,6.110
2410121454,2026-09-24 16:30:00,160,2067.930,1306.450,445.950,315.520,336.970,0.000,76.690
2410121457,2026-09-24 16:30:00,120,1894.170,1207.190,524.250,162.730,359.290,0.000,42.560
2410121574,2026-09-24 16:30:00,120,4939.230,3565.040,1148.990,225.190,427.640,0.000,381.980
2410131378,2026-09-24 16:30:00,200,1873.390,1206.740,521.080,145.560,411.400,0.000,9.740
2410131383,2026-09-24 16:30:00,400,1071.470,709.970,228.880,132.600,48.480,0.000,65.770
2410131384,2026-09-24 16:30:00,200,9867.290,5599.270,1985.860,2282.150,2059.100,0.000,4.900
2410131387,2026-09-24 16:30:00,600,555.430,347.820,132.490,75.120,58.650,0.000,59.100
2410320615,2026-09-24 16:30:00,700,15631.010,9588.550,3811.390,2231.060,3865.760,0.000,51.460
2410883988,2026-09-24 16:30:00,100,37.370,19.200,5.550,12.600,3.540,0.000,2.210
2410883990,2026-09-24 16:30:00,60,3000.910,1721.430,640.300,639.170,889.200,0.000,38.540
2410883991,2026-09-24 16:30:00,100,2746.310,1653.420,617.970,474.910,257.340,0.260,74.300
2410883993,2026-09-24 16:30:00,60,3174.210,1536.430,600.970,1036.800,126.480,0.000,341.100
2410883994,2026-09-24 16:30:00,320,108.250,48.620,21.550,38.070,3.450,0.000,6.840
2410932742,2026-09-24 16:30:00,240,20064.510,11678.110,3725.850,4660.540,5094.440,0.000,5.960
2411087432,2026-09-24 16:30:00,40,3729.170,2315.270,1069.690,344.200,749.490,0.000,31.170
2411087433,2026-09-24 16:30:00,500,866.760,512.790,188.140,165.820,22.690,0.000,779.600
2510014481,2026-09-24 16:30:00,80,15493.350,9031.190,2984.480,3477.680,5824.570,0.000,5.520
2510014482,2026-09-24 16:30:00,40,1306.130,910.060,359.090,36.970,85.320,0.000,63.780
2510014483,2026-09-24 16:30:00,300,232.880,134.310,51.900,46.660,0.000,0.000,187.850
2510014484,2026-09-24 16:30:00,160,9515.030,5396.120,2103.960,2014.940,1550.900,0.000,21.600
2510178139,2026-09-24 16:30:00,300,840.420,488.870,178.410,173.120,183.760,0.000,14.140
2510178141,2026-09-24 16:30:00,40,676.570,507.090,158.360,11.110,189.930,0.000,47.780
2510203103,2026-09-24 16:30:00,400,1867.500,1111.920,419.770,335.800,66.400,3.610,330.680
2510203104,2026-09-24 16:30:00,120,3065.980,1843.010,718.660,504.300,466.110,0.000,69.190
2510203105,2026-09-24 16:30:00,100,2466.530,1715.940,696.450,54.130,579.610,0.000,70.710
2510203106,2026-09-24 16:30:00,100,100.130,46.500,16.840,36.780,0.440,0.000,37.460
2510203107,2026-09-24 16:30:00,600,686.320,434.340,185.750,66.220,201.040,0.000,12.620
2510203108,2026-09-24 16:30:00,80,4050.890,2284.600,898.940,867.350,633.000,0.000,36.690
2510203109,2026-09-24 16:30:00,160,1546.430,970.480,476.260,99.680,463.780,0.000,87.190
2510203111,2026-09-24 16:30:00,40,3975.680,2510.860,983.240,481.570,1084.700,0.000,12.790
2510203113,2026-09-24 16:30:00,160,4571.840,2919.010,1107.540,545.280,280.800,0.000,111.260
2510203114,2026-09-24 16:30:00,120,1934.750,1215.450,477.790,241.500,390.670,0.000,33.730
2510203117,2026-09-24 16:30:00,80,1671.660,891.680,362.200,417.770,285.690,0.000,166.870
2510203118,2026-09-24 16:30:00,640,198.870,115.130,44.750,38.990,26.990,0.010,116.280
2510203119,2026-09-24 16:30:00,40,480.840,323.310,123.490,34.030,180.180,0.000,14.800
2510203120,2026-09-24 16:30:00,160,4377.400,2689.160,964.300,723.920,1017.550,0.000,14.900
2510203121,2026-09-24 16:30:00,100,1305.110,766.340,305.580,233.190,71.950,0.000,108.120
2510203122,2026-09-24 16:30:00,40,951.710,603.880,298.310,49.510,695.910,0.000,0.710
2510203123,2026-09-24 16:30:00,40,2692.480,1775.910,734.980,181.580,856.150,0.000,11.850
2510203124,2026-09-24 16:30:00,800,1205.200,854.120,290.470,60.600,340.870,0.000,0.360
2510203126,2026-09-24 16:30:00,100,17.310,8.030,2.460,6.810,0.450,0.000,1.360
2510203127,2026-09-24 16:30:00,40,1301.540,850.220,346.910,104.400,378.230,0.000,49.300
2510203128,2026-09-24 16:30:00,500,8056.390,4230.930,1418.640,2406.810,375.940,0.000,112.600
2510203129,2026-09-24 16:30:00,80,7.250,3.820,1.360,2.060,0.000,0.000,1.720
2510203130,2026-09-24 16:30:00,120,33.940,24.450,6.950,2.530,9.920,0.000,0.520
2510203133,2026-09-24 16:30:00,40,673.990,459.090,170.080,44.810,115.040,0.000,47.720
2510203134,2026-09-24 16:30:00,200,142.030,83.110,32.750,26.160,6.060,0.000,33.460
2510317505,2026-09-24 16:30:00,1,15349.900,6739.230,3250.540,5360.120,0.740,0.000,4585.980
2510317537,2026-09-24 16:30:00,1,11912.350,6842.630,2250.190,2819.520,218.560,1427.680,2161.190
2510389643,2026-09-24 16:30:00,1,43478.031,15585.060,7782.400,20110.561,22.640,0.000,4127.490
2510389931,2026-09-24 16:30:00,1,31446.449,12022.340,6640.400,12783.700,0.150,0.000,4318.820
2510633381,2026-09-24 16:30:00,320,226.010,140.720,50.810,34.470,6.310,0.000,46.300
2510633383,2026-09-24 16:30:00,40,1755.990,1317.050,404.400,34.530,54.220,0.000,312.730
2510633385,2026-09-24 16:30:00,60,1231.980,581.020,245.720,405.230,48.800,0.000,95.650
2510633386,2026-09-24 16:30:00,500,495.630,282.500,106.760,106.360,30.900,0.000,2775.560
2510633387,2026-09-24 16:30:00,40,26.410,17.770,6.410,2.220,0.840,0.000,3.440
2510633389,2026-09-24 16:30:00,500,546.540,371.290,127.230,48.010,104.540,0.000,102.760
2510633390,2026-09-24 16:30:00,80,2209.790,1326.270,486.800,396.700,575.320,0.000,6.350
2510633391,2026-09-24 16:30:00,100,256.410,197.990,58.300,0.100,3.460,0.000,1.950
2510633393,2026-09-24 16:30:00,600,6031.560,3512.520,1198.420,1320.610,1286.730,0.000,0.480
2510633395,2026-09-24 16:30:00,40,1300.980,732.580,283.550,284.840,61.340,0.000,39.160
2510633396,2026-09-24 16:30:00,400,931.840,632.260,219.290,80.270,214.630,0.000,0.170
2510633399,2026-09-24 16:30:00,600,1175.470,676.690,252.610,246.160,58.910,0.000,57.120
2510633400,2026-09-24 16:30:00,800,779.580,473.910,180.780,124.870,173.260,0.000,28.000
2510633402,2026-09-24 16:30:00,300,593.330,357.420,125.750,110.140,148.770,0.000,10.400
2510633406,2026-09-24 16:30:00,60,365.260,166.540,70.990,127.720,19.980,0.000,99.280
2510633411,2026-09-24 16:30:00,800,4841.540,2765.030,1010.400,1066.090,1721.910,0.000,29.340
2510814977,2026-09-24 16:30:00,400,52.350,32.270,12.370,7.700,1.840,0.000,10.720
2610026950,2026-09-24 16:30:00,600,15.940,10.240,3.660,2.020,1.470,0.000,3.180
2610026952,2026-09-24 16:30:00,200,3666.300,2381.170,1052.370,232.750,1850.810,0.000,9.810
2610026953,2026-09-24 16:30:00,700,693.140,409.470,155.980,127.690,203.390,0.000,0.670
2610026963,2026-09-24 16:30:00,200,383.880,198.410,94.630,90.830,23.730,2.230,97.510
2610026966,2026-09-24 16:30:00,240,976.850,701.560,241.980,33.300,201.240,0.000,0.000
2610026976,2026-09-24 16:30:00,60,1522.210,991.810,341.500,188.880,150.360,0.000,27.100
2610026977,2026-09-24 16:30:00,30,644.490,269.150,101.270,274.060,111.330,0.000,29.330
2610126270,2026-09-24 16:30:00,400,28.810,18.310,6.790,3.710,1.060,0.000,8.220
2610126451,2026-09-24 16:30:00,300,113.580,73.730,27.680,12.170,55.910,0.000,0.280
2610159557,2026-09-24 16:30:00,600,18.890,11.010,4.120,3.750,0.230,0.000,10.850
2610170785,2026-09-24 16:30:00,640,10.080,6.760,2.890,0.420,10.880,0.000,0.000
2610170836,2026-09-24 16:30:00,100,125.880,78.720,28.540,18.610,70.390,0.000,0.600
2610170837,2026-09-24 16:30:00,240,12.850,8.340,2.830,1.670,1.630,0.000,0.170
2610170838,2026-09-24 16:30:00,240,34.910,22.160,7.770,4.970,3.870,0.000,0.350
2610170839,2026-09-24 16:30:00,400,6.200,3.880,1.670,0.640,1.620,0.000,0.300
2610170840,2026-09-24 16:30:00,40,329.600,188.890,63.840,76.860,69.310,0.000,31.960
2610322967,2026-09-24 16:30:00,500,4.100,2.490,1.020,0.570,0.550,0.000,0.020
2610322969,2026-09-24 16:30:00,100,114.390,80.230,27.110,7.050,15.080,0.000,2.110
2610322982,2026-09-24 16:30:00,160,5.540,3.390,1.160,0.970,0.000,0.000,2.620
2610322992,2026-09-24 16:30:00,320,117.660,80.950,33.060,3.630,32.750,0.000,0.010
2610322995,2026-09-24 16:30:00,40,6.180,3.770,1.280,1.120,0.000,0.000,3.600
2610322997,2026-09-24 16:30:00,400,606.600,355.750,137.520,113.330,231.410,0.000,0.590
2610323001,2026-09-24 16:30:00,160,1937.890,1153.060,515.210,269.610,882.680,0.000,0.000
2610323004,2026-09-24 16:30:00,3000,100.620,76.550,13.000,11.060,23.230,0.000,2.260
2610323005,2026-09-24 16:30:00,120,12.900,8.790,3.220,0.880,1.740,0.000,0.930
2610323010,2026-09-24 16:30:00,60,19.210,12.810,4.620,1.760,1.560,0.000,5.010
2610323016,2026-09-24 16:30:00,160,1697.410,940.280,371.330,385.790,765.420,0.000,0.000
2610323017,2026-09-24 16:30:00,60,7.940,4.850,1.660,1.420,0.000,0.000,4.070
2610323019,2026-09-24 16:30:00,80,52.060,32.850,11.360,7.840,3.040,0.000,12.560
2610323027,2026-09-24 16:30:00,60,8.230,5.070,1.720,1.420,0.000,0.000,4.170
2411290205,2026-09-24 16:31:00,240,9725.700,6541.400,2850.730,333.550,3448.040,0.000,59.540
2510224049,2026-09-24 16:31:00,1,53775.680,20994.369,10976.990,21804.311,118.600,0.000,9055.120
2510224167,2026-09-24 16:31:00,1,21055.900,9340.560,4122.460,7592.870,909.560,0.000,5719.950
2510389559,2026-09-24 16:31:00,1,36.870,20.630,14.320,1.910,30.680,0.000,5.910
2610170786,2026-09-24 16:31:00,500,662.360,376.470,129.510,156.370,131.970,0.000,2.940
2510633397,2026-09-24 16:32:00,240,573.290,367.050,173.760,32.470,217.940,0.000,18.170
2246006313,2026-09-24 17:00:00,8800,956.073,539.621,197.817,218.634,128.551,8.999,180.553
2410121326,2026-09-24 17:00:00,200,1604.590,1035.400,449.950,119.220,379.200,0.000,5.470
2410121353,2026-09-24 17:00:00,120,728.960,505.960,198.640,24.350,162.460,0.000,15.490
2410121371,2026-09-24 17:00:00,120,610.250,379.050,134.080,97.110,72.320,0.000,29.660
2410121424,2026-09-24 17:00:00,120,48.430,29.770,11.260,7.400,1.600,0.000,18.000
2410121440,2026-09-24 17:00:00,120,22.850,15.290,4.460,3.080,2.830,0.000,6.110
2410121454,2026-09-24 17:00:00,160,2068.190,1306.710,445.950,315.520,337.040,0.000,76.690
2410121457,2026-09-24 17:00:00,120,1895.150,1208.170,524.250,162.730,359.510,0.000,42.560
2410131378,2026-09-24 17:00:00,200,1873.670,1207.020,521.080,145.560,411.460,0.000,9.740
2410131383,2026-09-24 17:00:00,400,1071.520,710.020,228.880,132.600,48.480,0.000,65.770
2410131384,2026-09-24 17:00:00,200,9867.650,5599.620,1985.860,2282.150,2059.190,0.000,4.900
2410131387,2026-09-24 17:00:00,600,555.470,347.850,132.490,75.120,58.650,0.000,59.100
2410320615,2026-09-24 17:00:00,700,15632.330,9589.870,3811.390,2231.060,3866.140,0.000,51.460
2410883988,2026-09-24 17:00:00,100,37.380,19.210,5.550,12.600,3.540,0.000,2.210
2410883990,2026-09-24 17:00:00,60,3000.940,1721.450,640.300,639.170,889.200,0.000,38.540
2410883991,2026-09-24 17:00:00,100,2746.530,1653.640,617.970,474.910,257.370,0.260,74.300
2410883993,2026-09-24 17:00:00,60,3174.460,1536.680,600.970,1036.800,126.520,0.000,341.100
2410883994,2026-09-24 17:00:00,320,108.250,48.630,21.550,38.070,3.450,0.000,6.850
2410932742,2026-09-24 17:00:00,240,20065.490,11679.090,3725.850,4660.540,5094.700,0.000,5.960
2411087432,2026-09-24 17:00:00,40,3729.890,2315.990,1069.690,344.200,749.640,0.000,31.170
2411087433,2026-09-24 17:00:00,500,867.040,513.070,188.140,165.820,22.690,0.000,779.610
2411290205,2026-09-24 17:00:00,240,9725.990,6541.700,2850.730,333.550,3448.060,0.000,59.540
2510014481,2026-09-24 17:00:00,80,15494.000,9031.840,2984.480,3477.680,5824.900,0.000,5.520
2510014482,2026-09-24 17:00:00,40,1306.300,910.230,359.090,36.970,85.320,0.000,63.790
2510014483,2026-09-24 17:00:00,300,232.900,134.330,51.900,46.660,0.000,0.000,187.860
2510014484,2026-09-24 17:00:00,160,9515.670,5396.760,2103.960,2014.940,1551.090,0.000,21.600
2510178139,2026-09-24 17:00:00,300,840.470,488.920,178.410,173.120,183.770,0.000,14.140
2510178141,2026-09-24 17:00:00,40,676.880,507.390,158.360,11.110,190.100,0.000,47.780
2510203103,2026-09-24 17:00:00,400,1867.630,1112.050,419.770,335.800,66.410,3.610,330.710
2510203104,2026-09-24 17:00:00,120,3066.280,1843.310,718.660,504.300,466.200,0.000,69.190
2510203105,2026-09-24 17:00:00,100,2466.830,1716.250,696.450,54.130,579.700,0.000,70.710
2510203106,2026-09-24 17:00:00,100,100.130,46.500,16.840,36.780,0.440,0.000,37.460
2510203107,2026-09-24 17:00:00,600,686.590,434.610,185.750,66.220,201.130,0.000,12.620
2510203108,2026-09-24 17:00:00,80,4051.310,2285.010,898.940,867.350,633.080,0.000,36.690
2510203109,2026-09-24 17:00:00,160,1546.720,970.760,476.260,99.680,463.840,0.000,87.190
2510203111,2026-09-24 17:00:00,40,3976.130,2511.310,983.240,481.570,1084.840,0.000,12.790
2510203113,2026-09-24 17:00:00,160,4572.870,2920.050,1107.540,545.280,280.930,0.000,111.260
2510203114,2026-09-24 17:00:00,120,1934.990,1215.700,477.790,241.500,390.740,0.000,33.730
2510203117,2026-09-24 17:00:00,80,1671.770,891.790,362.200,417.770,285.730,0.000,166.870
2510203118,2026-09-24 17:00:00,640,198.910,115.160,44.750,38.990,26.990,0.010,116.290
2510203119,2026-09-24 17:00:00,40,480.840,323.310,123.490,34.030,180.180,0.000,14.800
2510203120,2026-09-24 17:00:00,160,4377.870,2689.640,964.300,723.920,1017.640,0.000,14.900
2510203121,2026-09-24 17:00:00,100,1305.190,766.420,305.580,233.190,71.960,0.000,108.120
2510203122,2026-09-24 17:00:00,40,951.850,604.020,298.320,49.510,695.980,0.000,0.710
2510203124,2026-09-24 17:00:00,800,1205.400,854.330,290.470,60.600,340.930,0.000,0.360
2510203126,2026-09-24 17:00:00,100,17.320,8.050,2.460,6.810,0.460,0.000,1.360
2510203127,2026-09-24 17:00:00,40,1301.960,850.640,346.910,104.400,378.360,0.000,49.300
2510203129,2026-09-24 17:00:00,80,7.250,3.820,1.360,2.060,0.000,0.000,1.720
2510203130,2026-09-24 17:00:00,120,33.950,24.460,6.950,2.530,9.930,0.000,0.520
2510203134,2026-09-24 17:00:00,200,142.040,83.120,32.750,26.160,6.060,0.000,33.460
2510224049,2026-09-24 17:00:00,1,53775.789,20994.480,10976.990,21804.311,118.600,0.000,9055.190
2510224167,2026-09-24 17:00:00,1,21062.830,9347.480,4122.470,7592.870,913.000,0.000,5719.950
2510317505,2026-09-24 17:00:00,1,15350.040,6739.370,3250.540,5360.120,0.740,0.000,4586.100
2510317537,2026-09-24 17:00:00,1,11913.360,6843.640,2250.190,2819.520,218.560,1427.680,2161.350
2510389559,2026-09-24 17:00:00,1,36.870,20.630,14.320,1.910,30.680,0.000,5.910
2510389931,2026-09-24 17:00:00,1,31446.449,12022.340,6640.400,12783.700,0.150,0.000,4318.820
2510633381,2026-09-24 17:00:00,320,226.060,140.770,50.810,34.470,6.310,0.000,46.310
2510633383,2026-09-24 17:00:00,40,1756.580,1317.640,404.400,34.530,54.240,0.000,312.730
2510633385,2026-09-24 17:00:00,60,1232.050,581.090,245.720,405.230,48.810,0.000,95.650
2510633386,2026-09-24 17:00:00,500,495.710,282.580,106.760,106.360,30.900,0.000,2775.900
2510633387,2026-09-24 17:00:00,40,26.430,17.800,6.410,2.220,0.840,0.000,3.450
2510633390,2026-09-24 17:00:00,80,2210.420,1326.900,486.800,396.700,575.500,0.000,6.350
2510633391,2026-09-24 17:00:00,100,256.520,198.110,58.300,0.100,3.460,0.000,1.950
2510633393,2026-09-24 17:00:00,600,6032.170,3513.130,1198.420,1320.610,1286.880,0.000,0.480
2510633395,2026-09-24 17:00:00,40,1300.980,732.580,283.550,284.840,61.340,0.000,39.160
2510633396,2026-09-24 17:00:00,400,932.050,632.480,219.290,80.270,214.700,0.000,0.170
2510633397,2026-09-24 17:00:00,240,573.510,367.270,173.760,32.470,218.110,0.000,18.170
2510633399,2026-09-24 17:00:00,600,1175.670,676.900,252.610,246.160,58.910,0.000,57.120
2510633400,2026-09-24 17:00:00,800,779.790,474.130,180.790,124.870,173.350,0.000,28.000
2510633402,2026-09-24 17:00:00,300,593.560,357.660,125.750,110.140,148.830,0.000,10.400
2510633406,2026-09-24 17:00:00,60,365.380,166.660,70.990,127.720,20.040,0.000,99.280
2510633411,2026-09-24 17:00:00,800,4842.250,2765.740,1010.400,1066.090,1722.190,0.000,29.340
2510814977,2026-09-24 17:00:00,400,52.350,32.270,12.370,7.700,1.840,0.000,10.720
2610026950,2026-09-24 17:00:00,600,15.950,10.250,3.660,2.020,1.470,0.000,3.180
2610026952,2026-09-24 17:00:00,200,3667.160,2382.030,1052.380,232.750,1851.320,0.000,9.810
2610026963,2026-09-24 17:00:00,200,384.020,198.550,94.630,90.830,23.730,2.230,97.510
2610026966,2026-09-24 17:00:00,240,977.020,701.730,241.980,33.300,201.250,0.000,0.000
2610026976,2026-09-24 17:00:00,60,1522.720,992.320,341.510,188.880,150.540,0.000,27.100
2610026977,2026-09-24 17:00:00,30,644.530,269.190,101.270,274.060,111.360,0.000,29.330
2610126270,2026-09-24 17:00:00,400,28.830,18.320,6.790,3.710,1.060,0.000,8.220
2610126451,2026-09-24 17:00:00,300,113.600,73.750,27.680,12.170,55.910,0.000,0.280
2610159557,2026-09-24 17:00:00,600,18.900,11.030,4.120,3.750,0.230,0.000,10.850
2610170785,2026-09-24 17:00:00,640,10.080,6.760,2.890,0.420,10.880,0.000,0.000
2610170786,2026-09-24 17:00:00,500,662.650,376.770,129.510,156.370,132.040,0.000,2.940
2610170836,2026-09-24 17:00:00,100,125.880,78.720,28.540,18.610,70.390,0.000,0.600
2610170837,2026-09-24 17:00:00,240,12.860,8.340,2.830,1.670,1.630,0.000,0.170
2610170838,2026-09-24 17:00:00,240,34.930,22.180,7.770,4.970,3.880,0.000,0.350
2610170839,2026-09-24 17:00:00,400,6.210,3.890,1.670,0.640,1.620,0.000,0.300
2610170840,2026-09-24 17:00:00,40,329.600,188.890,63.840,76.860,69.310,0.000,31.960
2610322967,2026-09-24 17:00:00,500,4.100,2.500,1.020,0.570,0.550,0.000,0.020
2610322969,2026-09-24 17:00:00,100,114.500,80.340,27.110,7.050,15.100,0.000,2.110
2610322982,2026-09-24 17:00:00,160,5.550,3.410,1.160,0.970,0.000,0.000,2.630
2610322992,2026-09-24 17:00:00,320,118.420,81.720,33.060,3.630,33.040,0.000,0.010
2610322995,2026-09-24 17:00:00,40,6.190,3.780,1.280,1.120,0.000,0.000,3.600
2610322997,2026-09-24 17:00:00,400,606.960,356.100,137.520,113.330,231.570,0.000,0.590
2610323001,2026-09-24 17:00:00,160,1939.120,1154.290,515.210,269.610,883.280,0.000,0.000
2610323004,2026-09-24 17:00:00,3000,100.690,76.620,13.000,11.060,23.240,0.000,2.260
2610323005,2026-09-24 17:00:00,120,12.910,8.800,3.220,0.880,1.740,0.000,0.930
2610323010,2026-09-24 17:00:00,60,19.220,12.820,4.620,1.760,1.560,0.000,5.010
2610323016,2026-09-24 17:00:00,160,1698.160,941.030,371.330,385.790,765.790,0.000,0.000
2610323017,2026-09-24 17:00:00,60,7.960,4.870,1.660,1.420,0.000,0.000,4.070
2610323019,2026-09-24 17:00:00,80,52.080,32.870,11.360,7.840,3.040,0.000,12.560
2610323027,2026-09-24 17:00:00,60,8.240,5.090,1.720,1.420,0.000,0.000,4.170
2410121574,2026-09-24 17:01:00,120,4939.850,3565.650,1149.010,225.190,427.720,0.000,381.980
2510203123,2026-09-24 17:01:00,40,2692.820,1776.230,734.990,181.580,856.270,0.000,11.850
2510203128,2026-09-24 17:01:00,500,8056.980,4231.480,1418.680,2406.810,375.970,0.000,112.600
2510389643,2026-09-24 17:01:00,1,43478.031,15585.060,7782.400,20110.561,22.640,0.000,4127.500
2510633389,2026-09-24 17:01:00,500,546.720,371.460,127.240,48.010,104.550,0.000,102.760
2610026953,2026-09-24 17:01:00,700,693.410,409.720,155.990,127.690,203.480,0.000,0.670
2510203133,2026-09-24 17:02:00,40,674.090,459.190,170.080,44.810,115.060,0.000,47.720
2246006313,2026-09-24 17:30:00,8800,956.173,539.621,197.917,218.634,128.571,8.999,180.553
2410121326,2026-09-24 17:30:00,200,1604.790,1035.400,450.160,119.220,379.230,0.000,5.470
2410121353,2026-09-24 17:30:00,120,729.020,505.960,198.700,24.350,162.470,0.000,15.490
2410121371,2026-09-24 17:30:00,120,610.310,379.050,134.140,97.110,72.320,0.000,29.660
2410121424,2026-09-24 17:30:00,120,48.430,29.770,11.260,7.400,1.600,0.000,18.000
2410121440,2026-09-24 17:30:00,120,22.850,15.290,4.470,3.080,2.830,0.000,6.110
2410121454,2026-09-24 17:30:00,160,2068.320,1306.710,446.080,315.520,337.070,0.000,76.690
2410121574,2026-09-24 17:30:00,120,4940.370,3565.650,1149.530,225.190,427.770,0.000,381.980
2410131378,2026-09-24 17:30:00,200,1873.930,1207.020,521.340,145.560,411.520,0.000,9.740
2410131383,2026-09-24 17:30:00,400,1071.560,710.020,228.930,132.600,48.480,0.000,65.770
2410131384,2026-09-24 17:30:00,200,9867.960,5599.620,1986.170,2282.150,2059.280,0.000,4.900
2410131387,2026-09-24 17:30:00,600,555.490,347.850,132.510,75.120,58.660,0.000,59.100
2410320615,2026-09-24 17:30:00,700,15633.730,9589.870,3812.790,2231.060,3866.590,0.000,51.460
2410883988,2026-09-24 17:30:00,100,37.390,19.210,5.570,12.600,3.540,0.000,2.210
2410883991,2026-09-24 17:30:00,100,2746.740,1653.640,618.180,474.910,257.390,0.260,74.300
2410883993,2026-09-24 17:30:00,60,3174.680,1536.680,601.200,1036.800,126.560,0.000,341.100
2410932742,2026-09-24 17:30:00,240,20066.109,11679.090,3726.460,4660.540,5094.890,0.000,5.960
2411087432,2026-09-24 17:30:00,40,3730.450,2315.990,1070.240,344.200,749.670,0.000,31.170
2411087433,2026-09-24 17:30:00,500,867.300,513.070,188.400,165.820,22.690,0.000,779.620
2411290205,2026-09-24 17:30:00,240,9726.090,6541.700,2850.830,333.550,3448.070,0.000,59.550
2510014482,2026-09-24 17:30:00,40,1306.320,910.230,359.120,36.970,85.320,0.000,63.790
2510014483,2026-09-24 17:30:00,300,232.920,134.330,51.920,46.660,0.000,0.000,187.880
2510014484,2026-09-24 17:30:00,160,9516.310,5396.760,2104.600,2014.940,1551.290,0.000,21.600
2510178139,2026-09-24 17:30:00,300,840.520,488.920,178.460,173.120,183.780,0.000,14.140
2510178141,2026-09-24 17:30:00,40,677.020,507.390,158.500,11.110,190.180,0.000,47.780
2510203103,2026-09-24 17:30:00,400,1867.690,1112.050,419.830,335.800,66.410,3.610,330.720
2510203104,2026-09-24 17:30:00,120,3066.550,1843.310,718.940,504.300,466.270,0.000,69.190
2510203105,2026-09-24 17:30:00,100,2467.060,1716.250,696.670,54.130,579.740,0.000,70.710
2510203106,2026-09-24 17:30:00,100,100.140,46.500,16.840,36.780,0.440,0.000,37.460
2510203107,2026-09-24 17:30:00,600,686.760,434.610,185.920,66.220,201.170,0.000,12.620
2510203108,2026-09-24 17:30:00,80,4051.720,2285.010,899.350,867.350,633.160,0.000,36.690
2510203109,2026-09-24 17:30:00,160,1546.990,970.760,476.540,99.680,463.910,0.000,87.190
2510203111,2026-09-24 17:30:00,40,3976.580,2511.310,983.690,481.570,1084.970,0.000,12.790
2510203113,2026-09-24 17:30:00,160,4573.350,2920.050,1108.020,545.280,280.980,0.000,111.260
2510203114,2026-09-24 17:30:00,120,1935.230,1215.700,478.020,241.500,390.800,0.000,33.730
2510203117,2026-09-24 17:30:00,80,1671.830,891.790,362.260,417.770,285.730,0.000,166.880
2510203118,2026-09-24 17:30:00,640,198.940,115.160,44.780,38.990,26.990,0.010,116.290
2510203119,2026-09-24 17:30:00,40,480.840,323.310,123.490,34.030,180.180,0.000,14.800
2510203120,2026-09-24 17:30:00,160,4378.150,2689.640,964.580,723.920,1017.720,0.000,14.900
2510203121,2026-09-24 17:30:00,100,1305.270,766.420,305.660,233.190,71.970,0.000,108.120
2510203122,2026-09-24 17:30:00,40,951.960,604.020,298.420,49.510,696.040,0.000,0.710
2510203123,2026-09-24 17:30:00,40,2693.150,1776.230,735.320,181.580,856.380,0.000,11.850
2510203124,2026-09-24 17:30:00,800,1205.510,854.330,290.580,60.600,340.970,0.000,0.360
2510203126,2026-09-24 17:30:00,100,17.330,8.050,2.470,6.810,0.460,0.000,1.360
2510203127,2026-09-24 17:30:00,40,1302.180,850.640,347.130,104.400,378.410,0.000,49.300
2510203128,2026-09-24 17:30:00,500,8057.490,4231.480,1419.190,2406.810,376.000,0.000,112.600
2510203129,2026-09-24 17:30:00,80,7.260,3.820,1.370,2.060,0.000,0.000,1.730
2510203130,2026-09-24 17:30:00,120,33.960,24.460,6.960,2.530,9.940,0.000,0.520
2510203133,2026-09-24 17:30:00,40,674.170,459.190,170.160,44.810,115.060,0.000,47.720
2510203134,2026-09-24 17:30:00,200,142.040,83.120,32.760,26.160,6.060,0.000,33.460
2510224049,2026-09-24 17:30:00,1,53775.910,20994.480,10977.110,21804.311,118.600,0.000,9055.280
2510224167,2026-09-24 17:30:00,1,21070.000,9347.480,4129.640,7592.870,916.560,0.000,5719.950
2510317505,2026-09-24 17:30:00,1,15350.180,6739.370,3250.680,5360.120,0.740,0.000,4586.230
2510317537,2026-09-24 17:30:00,1,11914.360,6843.640,2251.200,2819.520,218.560,1427.680,2161.520
2510389559,2026-09-24 17:30:00,1,36.870,20.630,14.320,1.910,30.680,0.000,5.910
2510389643,2026-09-24 17:30:00,1,43478.301,15585.060,7782.680,20110.561,22.640,0.000,4127.510
2510389931,2026-09-24 17:30:00,1,31446.449,12022.340,6640.400,12783.700,0.150,0.000,4318.830
2510633381,2026-09-24 17:30:00,320,226.080,140.770,50.830,34.470,6.310,0.000,46.320
2510633383,2026-09-24 17:30:00,40,1756.880,1317.640,404.690,34.530,54.250,0.000,312.750
2510633385,2026-09-24 17:30:00,60,1232.100,581.090,245.770,405.230,48.810,0.000,95.650
2510633386,2026-09-24 17:30:00,500,495.790,282.580,106.840,106.360,30.900,0.000,2776.250
2510633387,2026-09-24 17:30:00,40,26.450,17.800,6.430,2.220,0.840,0.000,3.450
2510633389,2026-09-24 17:30:00,500,546.880,371.460,127.400,48.010,104.550,0.000,102.780
2510633390,2026-09-24 17:30:00,80,2211.050,1326.900,487.430,396.700,575.670,0.000,6.350
2510633391,2026-09-24 17:30:00,100,256.530,198.110,58.310,0.100,3.460,0.000,1.950
2510633393,2026-09-24 17:30:00,600,6032.780,3513.130,1199.030,1320.610,1287.040,0.000,0.480
2510633395,2026-09-24 17:30:00,40,1300.980,732.580,283.550,284.840,61.340,0.000,39.160
2510633396,2026-09-24 17:30:00,400,932.220,632.480,219.460,80.270,214.760,0.000,0.170
2510633397,2026-09-24 17:30:00,240,573.690,367.270,173.940,32.470,218.230,0.000,18.170
2510633399,2026-09-24 17:30:00,600,1175.860,676.900,252.790,246.160,58.910,0.000,57.120
2510633400,2026-09-24 17:30:00,800,779.970,474.130,180.960,124.870,173.430,0.000,28.000
2510633402,2026-09-24 17:30:00,300,593.730,357.660,125.920,110.140,148.870,0.000,10.400
2510633406,2026-09-24 17:30:00,60,365.500,166.660,71.120,127.720,20.100,0.000,99.280
2510633411,2026-09-24 17:30:00,800,4842.950,2765.740,1011.110,1066.090,1722.470,0.000,29.340
2510814977,2026-09-24 17:30:00,400,52.350,32.270,12.370,7.700,1.840,0.000,10.720
2610026950,2026-09-24 17:30:00,600,15.950,10.250,3.670,2.020,1.470,0.000,3.180
2610026952,2026-09-24 17:30:00,200,3668.000,2382.030,1053.210,232.750,1851.810,0.000,9.810
2610026953,2026-09-24 17:30:00,700,693.630,409.720,156.210,127.690,203.570,0.000,0.670
2610026963,2026-09-24 17:30:00,200,384.220,198.550,94.830,90.830,23.730,2.230,97.510
2610026966,2026-09-24 17:30:00,240,977.170,701.730,242.130,33.300,201.260,0.000,0.000
2610026976,2026-09-24 17:30:00,60,1523.260,992.320,342.050,188.880,150.680,0.000,27.100
2610026977,2026-09-24 17:30:00,30,644.600,269.190,101.350,274.060,111.420,0.000,29.330
2610126270,2026-09-24 17:30:00,400,28.850,18.320,6.810,3.710,1.060,0.000,8.220
2610126451,2026-09-24 17:30:00,300,113.620,73.750,27.690,12.170,55.910,0.000,0.280
2610170785,2026-09-24 17:30:00,640,10.080,6.760,2.890,0.420,10.880,0.000,0.000
2610170786,2026-09-24 17:30:00,500,662.960,376.770,129.820,156.370,132.100,0.000,2.940
2610170836,2026-09-24 17:30:00,100,125.880,78.720,28.540,18.610,70.390,0.000,0.600
2610170837,2026-09-24 17:30:00,240,12.860,8.340,2.830,1.670,1.630,0.000,0.170
2610170838,2026-09-24 17:30:00,240,34.950,22.180,7.790,4.970,3.880,0.000,0.350
2610170839,2026-09-24 17:30:00,400,6.230,3.890,1.690,0.640,1.620,0.000,0.300
2610170840,2026-09-24 17:30:00,40,329.600,188.890,63.850,76.860,69.310,0.000,31.960
2610322967,2026-09-24 17:30:00,500,4.100,2.500,1.020,0.570,0.550,0.000,0.020
2610322969,2026-09-24 17:30:00,100,114.590,80.340,27.190,7.050,15.110,0.000,2.110
2610322982,2026-09-24 17:30:00,160,5.560,3.410,1.170,0.970,0.000,0.000,2.630
2610322992,2026-09-24 17:30:00,320,118.600,81.720,33.240,3.630,33.120,0.000,0.010
2610322995,2026-09-24 17:30:00,40,6.200,3.780,1.300,1.120,0.000,0.000,3.610
2610322997,2026-09-24 17:30:00,400,607.020,356.100,137.580,113.330,231.600,0.000,0.590
2610323004,2026-09-24 17:30:00,3000,100.700,76.620,13.020,11.060,23.250,0.000,2.260
2610323005,2026-09-24 17:30:00,120,12.920,8.800,3.220,0.880,1.740,0.000,0.940
2610323010,2026-09-24 17:30:00,60,19.230,12.820,4.640,1.760,1.560,0.000,5.010
2610323016,2026-09-24 17:30:00,160,1698.730,941.030,371.900,385.790,766.090,0.000,0.000
2610323017,2026-09-24 17:30:00,60,7.980,4.870,1.680,1.420,0.000,0.000,4.080
2610323027,2026-09-24 17:30:00,60,8.260,5.090,1.740,1.420,0.000,0.000,4.180
2410121457,2026-09-24 17:31:00,120,1896.060,1208.170,525.160,162.730,359.710,0.000,42.560
2410883990,2026-09-24 17:31:00,60,3000.960,1721.450,640.330,639.170,889.210,0.000,38.540
2610323001,2026-09-24 17:31:00,160,1940.050,1154.290,516.130,269.610,883.830,0.000,0.000
2610323019,2026-09-24 17:31:00,80,52.110,32.870,11.380,7.840,3.040,0.000,12.570
2410883994,2026-09-24 17:32:00,320,108.260,48.630,21.550,38.070,3.450,0.000,6.850
2510014481,2026-09-24 17:32:00,80,15494.620,9031.840,2985.100,3477.680,5825.220,0.000,5.520
2610159557,2026-09-24 17:32:00,600,18.910,11.030,4.130,3.750,0.230,0.000,10.850
2246006313,2026-09-24 18:00:00,8800,956.284,539.621,198.028,218.634,128.596,8.999,180.553
2410121326,2026-09-24 18:00:00,200,1604.990,1035.400,450.350,119.220,379.260,0.000,5.470
2410121353,2026-09-24 18:00:00,120,729.020,505.960,198.710,24.350,162.470,0.000,15.490
2410121371,2026-09-24 18:00:00,120,610.360,379.050,134.190,97.110,72.320,0.000,29.660
2410121424,2026-09-24 18:00:00,120,48.440,29.770,11.260,7.400,1.600,0.000,18.010
2410121440,2026-09-24 18:00:00,120,22.850,15.290,4.470,3.080,2.830,0.000,6.110
2410121454,2026-09-24 18:00:00,160,2068.360,1306.710,446.120,315.520,337.080,0.000,76.690
2410121457,2026-09-24 18:00:00,120,1896.810,1208.170,525.910,162.730,359.890,0.000,42.560
2410121574,2026-09-24 18:00:00,120,4940.630,3565.650,1149.780,225.190,427.770,0.000,381.990
2410131378,2026-09-24 18:00:00,200,1874.170,1207.020,521.580,145.560,411.570,0.000,9.740
2410131383,2026-09-24 18:00:00,400,1071.590,710.020,228.950,132.600,48.480,0.000,65.770
2410131384,2026-09-24 18:00:00,200,9868.290,5599.620,1986.500,2282.150,2059.380,0.000,4.900
2410131387,2026-09-24 18:00:00,600,555.510,347.850,132.530,75.120,58.660,0.000,59.100
2410320615,2026-09-24 18:00:00,700,15634.820,9589.870,3813.880,2231.060,3866.880,0.000,51.460
2410883988,2026-09-24 18:00:00,100,37.400,19.210,5.570,12.600,3.540,0.000,2.210
2410883990,2026-09-24 18:00:00,60,3000.980,1721.450,640.350,639.170,889.210,0.000,38.540
2410883991,2026-09-24 18:00:00,100,2746.890,1653.640,618.340,474.910,257.400,0.260,74.300
2410883993,2026-09-24 18:00:00,60,3174.870,1536.680,601.380,1036.800,126.580,0.000,341.100
2410883994,2026-09-24 18:00:00,320,108.270,48.630,21.570,38.070,3.450,0.000,6.850
2410932742,2026-09-24 18:00:00,240,20066.869,11679.090,3727.220,4660.540,5095.110,0.000,5.960
2411087432,2026-09-24 18:00:00,40,3731.080,2315.990,1070.870,344.200,749.780,0.000,31.170
2411087433,2026-09-24 18:00:00,500,867.550,513.070,188.660,165.820,22.690,0.000,779.640
2411290205,2026-09-24 18:00:00,240,9726.170,6541.700,2850.910,333.550,3448.090,0.000,59.550
2510014481,2026-09-24 18:00:00,80,15495.170,9031.840,2985.650,3477.680,5825.500,0.000,5.520
2510014482,2026-09-24 18:00:00,40,1306.330,910.230,359.130,36.970,85.320,0.000,63.790
2510014483,2026-09-24 18:00:00,300,232.940,134.330,51.940,46.660,0.000,0.000,187.890
2510014484,2026-09-24 18:00:00,160,9516.910,5396.760,2105.200,2014.940,1551.490,0.000,21.600
2510178139,2026-09-24 18:00:00,300,840.550,488.920,178.490,173.120,183.780,0.000,14.140
2510178141,2026-09-24 18:00:00,40,677.020,507.390,158.500,11.110,190.180,0.000,47.790
2510203103,2026-09-24 18:00:00,400,1867.730,1112.050,419.870,335.800,66.420,3.610,330.720
2510203104,2026-09-24 18:00:00,120,3066.790,1843.310,719.170,504.300,466.320,0.000,69.190
2510203105,2026-09-24 18:00:00,100,2467.340,1716.250,696.960,54.130,579.810,0.000,70.710
2510203106,2026-09-24 18:00:00,100,100.140,46.500,16.850,36.780,0.440,0.000,37.460
2510203107,2026-09-24 18:00:00,600,687.180,434.610,186.350,66.220,201.290,0.000,12.620
2510203108,2026-09-24 18:00:00,80,4052.200,2285.010,899.830,867.350,633.210,0.000,36.690
2510203109,2026-09-24 18:00:00,160,1547.260,970.760,476.810,99.680,463.970,0.000,87.190
2510203111,2026-09-24 18:00:00,40,3977.030,2511.310,984.140,481.570,1085.100,0.000,12.790
2510203113,2026-09-24 18:00:00,160,4573.690,2920.050,1108.360,545.280,280.990,0.000,111.260
2510203114,2026-09-24 18:00:00,120,1935.410,1215.700,478.210,241.500,390.830,0.000,33.730
2510203117,2026-09-24 18:00:00,80,1671.890,891.790,362.320,417.770,285.730,0.000,166.880
2510203118,2026-09-24 18:00:00,640,198.980,115.160,44.820,38.990,26.990,0.010,116.300
2510203119,2026-09-24 18:00:00,40,480.840,323.310,123.490,34.030,180.180,0.000,14.800
2510203120,2026-09-24 18:00:00,160,4378.400,2689.640,964.830,723.920,1017.810,0.000,14.900
2510203121,2026-09-24 18:00:00,100,1305.350,766.420,305.740,233.190,71.970,0.000,108.120
2510203122,2026-09-24 18:00:00,40,952.050,604.020,298.510,49.510,696.100,0.000,0.710
2510203123,2026-09-24 18:00:00,40,2693.480,1776.230,735.650,181.580,856.500,0.000,11.850
2510203124,2026-09-24 18:00:00,800,1205.600,854.330,290.670,60.600,341.000,0.000,0.360
2510203126,2026-09-24 18:00:00,100,17.340,8.050,2.480,6.810,0.460,0.000,1.360
2510203127,2026-09-24 18:00:00,40,1302.340,850.640,347.290,104.400,378.440,0.000,49.300
2510203128,2026-09-24 18:00:00,500,8058.050,4231.480,1419.750,2406.810,376.020,0.000,112.600
2510203129,2026-09-24 18:00:00,80,7.260,3.820,1.370,2.060,0.000,0.000,1.730
2510203130,2026-09-24 18:00:00,120,33.970,24.460,6.970,2.530,9.940,0.000,0.520
2510203133,2026-09-24 18:00:00,40,674.250,459.190,170.240,44.810,115.060,0.000,47.730
2510203134,2026-09-24 18:00:00,200,142.050,83.120,32.760,26.160,6.060,0.000,33.460
2510224049,2026-09-24 18:00:00,1,53776.031,20994.480,10977.230,21804.311,118.600,0.000,9055.350
2510224167,2026-09-24 18:00:00,1,21077.029,9347.480,4136.670,7592.870,920.040,0.000,5719.950
2510317505,2026-09-24 18:00:00,1,15350.320,6739.370,3250.820,5360.120,0.740,0.000,4586.360
2510317537,2026-09-24 18:00:00,1,11915.360,6843.640,2252.190,2819.520,218.560,1427.680,2161.690
2510389559,2026-09-24 18:00:00,1,36.870,20.630,14.320,1.910,30.680,0.000,5.910
2510389643,2026-09-24 18:00:00,1,43478.449,15585.060,7782.830,20110.561,22.640,0.000,4127.520
2510389931,2026-09-24 18:00:00,1,31446.449,12022.340,6640.400,12783.700,0.150,0.000,4318.830
2510633385,2026-09-24 18:00:00,60,1232.130,581.090,245.800,405.230,48.810,0.000,95.650
2510633386,2026-09-24 18:00:00,500,495.870,282.580,106.920,106.360,30.900,0.000,2776.590
2510633387,2026-09-24 18:00:00,40,26.460,17.800,6.440,2.220,0.840,0.000,3.450
2510633389,2026-09-24 18:00:00,500,547.010,371.460,127.530,48.010,104.550,0.000,102.810
2510633390,2026-09-24 18:00:00,80,2211.610,1326.900,487.990,396.700,575.840,0.000,6.350
2510633393,2026-09-24 18:00:00,600,6033.390,3513.130,1199.640,1320.610,1287.210,0.000,0.480
2510633395,2026-09-24 18:00:00,40,1300.980,732.580,283.550,284.840,61.340,0.000,39.160
2510633396,2026-09-24 18:00:00,400,932.370,632.480,219.610,80.270,214.820,0.000,0.170
2510633397,2026-09-24 18:00:00,240,573.890,367.270,174.140,32.470,218.390,0.000,18.170
2510633399,2026-09-24 18:00:00,600,1176.030,676.900,252.970,246.160,58.920,0.000,57.120
2510633400,2026-09-24 18:00:00,800,780.190,474.130,181.180,124.870,173.520,0.000,28.000
2510633402,2026-09-24 18:00:00,300,593.960,357.660,126.150,110.140,148.950,0.000,10.400
2510633406,2026-09-24 18:00:00,60,365.620,166.660,71.230,127.720,20.150,0.000,99.280
2510633411,2026-09-24 18:00:00,800,4843.760,2765.740,1011.910,1066.090,1722.770,0.000,29.340
2510814977,2026-09-24 18:00:00,400,52.360,32.270,12.370,7.700,1.840,0.000,10.730
2610026950,2026-09-24 18:00:00,600,15.960,10.250,3.670,2.020,1.470,0.000,3.180
2610026952,2026-09-24 18:00:00,200,3668.560,2382.030,1053.770,232.750,1852.130,0.000,9.810
2610026953,2026-09-24 18:00:00,700,693.850,409.720,156.430,127.690,203.670,0.000,0.670
2610026963,2026-09-24 18:00:00,200,384.400,198.550,95.000,90.830,23.730,2.230,97.520
2610026966,2026-09-24 18:00:00,240,977.460,701.730,242.410,33.300,201.380,0.000,0.000
2610026976,2026-09-24 18:00:00,60,1523.690,992.320,342.480,188.880,150.760,0.000,27.100
2610026977,2026-09-24 18:00:00,30,644.680,269.190,101.420,274.060,111.470,0.000,29.330
2610126451,2026-09-24 18:00:00,300,113.630,73.750,27.710,12.170,55.910,0.000,0.280
2610159557,2026-09-24 18:00:00,600,18.920,11.030,4.140,3.750,0.230,0.000,10.860
2610170785,2026-09-24 18:00:00,640,10.080,6.760,2.890,0.420,10.880,0.000,0.000
2610170786,2026-09-24 18:00:00,500,663.290,376.770,130.150,156.370,132.180,0.000,2.940
2610170836,2026-09-24 18:00:00,100,125.880,78.720,28.540,18.610,70.390,0.000,0.600
2610170837,2026-09-24 18:00:00,240,12.870,8.340,2.840,1.670,1.630,0.000,0.170
2610170838,2026-09-24 18:00:00,240,34.960,22.180,7.810,4.970,3.880,0.000,0.350
2610170839,2026-09-24 18:00:00,400,6.240,3.890,1.700,0.640,1.620,0.000,0.300
2610170840,2026-09-24 18:00:00,40,329.600,188.890,63.850,76.860,69.310,0.000,31.960
2610322967,2026-09-24 18:00:00,500,4.110,2.500,1.030,0.570,0.550,0.000,0.020
2610322969,2026-09-24 18:00:00,100,114.670,80.340,27.270,7.050,15.130,0.000,2.110
2610322982,2026-09-24 18:00:00,160,5.570,3.410,1.190,0.970,0.000,0.000,2.630
2610322992,2026-09-24 18:00:00,320,118.730,81.720,33.370,3.630,33.150,0.000,0.010
2610322995,2026-09-24 18:00:00,40,6.220,3.780,1.310,1.120,0.000,0.000,3.610
2610322997,2026-09-24 18:00:00,400,607.340,356.100,137.890,113.330,231.730,0.000,0.590
2610323001,2026-09-24 18:00:00,160,1941.030,1154.290,517.120,269.610,884.320,0.000,0.000
2610323004,2026-09-24 18:00:00,3000,100.720,76.620,13.030,11.060,23.260,0.000,2.260
2610323005,2026-09-24 18:00:00,120,12.920,8.800,3.220,0.880,1.740,0.000,0.940
2610323010,2026-09-24 18:00:00,60,19.240,12.820,4.640,1.760,1.560,0.000,5.020
2610323016,2026-09-24 18:00:00,160,1699.150,941.030,372.320,385.790,766.340,0.000,0.000
2610323017,2026-09-24 18:00:00,60,7.990,4.870,1.700,1.420,0.000,0.000,4.080
2610323019,2026-09-24 18:00:00,80,52.120,32.870,11.400,7.840,3.040,0.000,12.570
2610323027,2026-09-24 18:00:00,60,8.280,5.090,1.750,1.420,0.000,0.000,4.180
2510633383,2026-09-24 18:01:00,40,1756.910,1317.640,404.730,34.530,54.250,0.000,312.790
2510633391,2026-09-24 18:01:00,100,256.530,198.110,58.310,0.100,3.460,0.000,1.950
2610126270,2026-09-24 18:01:00,400,28.860,18.320,6.820,3.710,1.060,0.000,8.220
2510633381,2026-09-24 18:02:00,320,226.110,140.770,50.860,34.470,6.310,0.000,46.320
2246006313,2026-09-24 18:30:00,8800,956.397,539.621,198.141,218.634,128.620,8.999,180.553
2410121326,2026-09-24 18:30:00,200,1605.180,1035.400,450.540,119.220,379.300,0.000,5.470
2410121353,2026-09-24 18:30:00,120,729.030,505.960,198.710,24.350,162.470,0.000,15.500
2410121371,2026-09-24 18:30:00,120,610.420,379.050,134.250,97.110,72.320,0.000,29.660
2410121424,2026-09-24 18:30:00,120,48.440,29.770,11.260,7.400,1.600,0.000,18.010
2410121440,2026-09-24 18:30:00,120,22.860,15.290,4.470,3.080,2.830,0.000,6.110
2410121454,2026-09-24 18:30:00,160,2068.400,1306.710,446.160,315.520,337.080,0.000,76.690
2410121457,2026-09-24 18:30:00,120,1897.520,1208.170,526.620,162.730,360.050,0.000,42.560
2410121574,2026-09-24 18:30:00,120,4940.670,3565.650,1149.830,225.190,427.770,0.000,382.010
2410131378,2026-09-24 18:30:00,200,1874.410,1207.020,521.820,145.560,411.620,0.000,9.740
2410131384,2026-09-24 18:30:00,200,9868.610,5599.620,1986.820,2282.150,2059.470,0.000,4.900
2410131387,2026-09-24 18:30:00,600,555.530,347.850,132.560,75.120,58.660,0.000,59.100
2410320615,2026-09-24 18:30:00,700,15635.550,9589.870,3814.610,2231.060,3867.010,0.000,51.460
2410883988,2026-09-24 18:30:00,100,37.410,19.210,5.580,12.600,3.540,0.000,2.210
2410883990,2026-09-24 18:30:00,60,3001.000,1721.450,640.370,639.170,889.210,0.000,38.540
2410883991,2026-09-24 18:30:00,100,2747.030,1653.640,618.470,474.910,257.410,0.260,74.300
2410883993,2026-09-24 18:30:00,60,3175.030,1536.680,601.540,1036.800,126.580,0.000,341.110
2410883994,2026-09-24 18:30:00,320,108.290,48.630,21.580,38.070,3.450,0.000,6.850
2410932742,2026-09-24 18:30:00,240,20067.480,11679.090,3727.830,4660.540,5095.310,0.000,5.960
2411087432,2026-09-24 18:30:00,40,3731.680,2315.990,1071.480,344.200,749.900,0.000,31.170
2411087433,2026-09-24 18:30:00,500,867.820,513.070,188.920,165.820,22.690,0.000,779.660
2411290205,2026-09-24 18:30:00,240,9726.270,6541.700,2851.010,333.550,3448.110,0.000,59.550
2510014481,2026-09-24 18:30:00,80,15495.850,9031.840,2986.320,3477.680,5825.750,0.000,5.520
2510014482,2026-09-24 18:30:00,40,1306.340,910.230,359.140,36.970,85.320,0.000,63.800
2510014483,2026-09-24 18:30:00,300,232.950,134.330,51.950,46.660,0.000,0.000,187.900
2510014484,2026-09-24 18:30:00,160,9517.510,5396.760,2105.800,2014.940,1551.690,0.000,21.600
2510178139,2026-09-24 18:30:00,300,840.580,488.920,178.520,173.120,183.780,0.000,14.140
2510178141,2026-09-24 18:30:00,40,677.020,507.390,158.510,11.110,190.180,0.000,47.790
2510203103,2026-09-24 18:30:00,400,1867.780,1112.050,419.920,335.800,66.420,3.610,330.730
2510203104,2026-09-24 18:30:00,120,3066.940,1843.310,719.320,504.300,466.350,0.000,69.190
2510203105,2026-09-24 18:30:00,100,2467.600,1716.250,697.210,54.130,579.870,0.000,70.710
2510203107,2026-09-24 18:30:00,600,687.640,434.610,186.810,66.220,201.420,0.000,12.620
2510203108,2026-09-24 18:30:00,80,4052.710,2285.010,900.340,867.350,633.250,0.000,36.690
2510203109,2026-09-24 18:30:00,160,1547.440,970.760,476.990,99.680,464.020,0.000,87.190
2510203111,2026-09-24 18:30:00,40,3977.480,2511.310,984.590,481.570,1085.230,0.000,12.790
2510203113,2026-09-24 18:30:00,160,4573.960,2920.050,1108.630,545.280,281.000,0.000,111.260
2510203114,2026-09-24 18:30:00,120,1935.520,1215.700,478.310,241.500,390.850,0.000,33.730
2510203117,2026-09-24 18:30:00,80,1672.020,891.790,362.440,417.770,285.730,0.000,166.900
2510203118,2026-09-24 18:30:00,640,199.010,115.160,44.850,38.990,26.990,0.010,116.300
2510203119,2026-09-24 18:30:00,40,480.840,323.310,123.490,34.030,180.180,0.000,14.800
2510203120,2026-09-24 18:30:00,160,4378.640,2689.640,965.070,723.920,1017.890,0.000,14.900
2510203121,2026-09-24 18:30:00,100,1305.460,766.420,305.840,233.190,71.970,0.000,108.120
2510203122,2026-09-24 18:30:00,40,952.140,604.020,298.600,49.510,696.160,0.000,0.710
2510203123,2026-09-24 18:30:00,40,2693.800,1776.230,735.980,181.580,856.610,0.000,11.850
2510203124,2026-09-24 18:30:00,800,1205.680,854.330,290.750,60.600,341.030,0.000,0.360
2510203126,2026-09-24 18:30:00,100,17.350,8.050,2.490,6.810,0.460,0.000,1.360
2510203127,2026-09-24 18:30:00,40,1302.500,850.640,347.450,104.400,378.460,0.000,49.300
2510203128,2026-09-24 18:30:00,500,8058.630,4231.480,1420.330,2406.810,376.050,0.000,112.600
2510203129,2026-09-24 18:30:00,80,7.270,3.820,1.380,2.060,0.000,0.000,1.730
2510203130,2026-09-24 18:30:00,120,33.980,24.460,6.980,2.530,9.940,0.000,0.520
2510203133,2026-09-24 18:30:00,40,674.320,459.190,170.310,44.810,115.060,0.000,47.730
2510203134,2026-09-24 18:30:00,200,142.050,83.120,32.760,26.160,6.060,0.000,33.460
2510224049,2026-09-24 18:30:00,1,53778.711,20994.480,10979.910,21804.311,118.600,0.000,9055.910
2510224167,2026-09-24 18:30:00,1,21085.760,9347.480,4145.410,7592.870,923.020,0.000,5719.950
2510317505,2026-09-24 18:30:00,1,15352.870,6739.370,3253.370,5360.120,0.740,0.000,4586.970
2510317537,2026-09-24 18:30:00,1,11916.340,6843.640,2253.180,2819.520,218.560,1427.680,2161.850
2510389559,2026-09-24 18:30:00,1,36.870,20.630,14.320,1.910,30.680,0.000,5.910
2510389643,2026-09-24 18:30:00,1,43483.551,15585.060,7787.920,20110.561,22.640,0.000,4128.120
2510389931,2026-09-24 18:30:00,1,31451.930,12022.340,6645.880,12783.700,0.150,0.000,4319.450
2510633381,2026-09-24 18:30:00,320,226.130,140.770,50.880,34.470,6.310,0.000,46.330
2510633383,2026-09-24 18:30:00,40,1756.920,1317.640,404.740,34.530,54.250,0.000,312.820
2510633385,2026-09-24 18:30:00,60,1232.250,581.090,245.930,405.230,48.810,0.000,95.660
2510633386,2026-09-24 18:30:00,500,495.950,282.580,107.000,106.360,30.900,0.000,2776.930
2510633387,2026-09-24 18:30:00,40,26.460,17.800,6.440,2.220,0.840,0.000,3.450
2510633389,2026-09-24 18:30:00,500,547.150,371.460,127.670,48.010,104.550,0.000,102.830
2510633390,2026-09-24 18:30:00,80,2212.230,1326.900,488.620,396.700,576.000,0.000,6.350
2510633391,2026-09-24 18:30:00,100,256.530,198.110,58.310,0.100,3.460,0.000,1.950
2510633393,2026-09-24 18:30:00,600,6033.960,3513.130,1200.220,1320.610,1287.370,0.000,0.480
2510633395,2026-09-24 18:30:00,40,1300.980,732.580,283.550,284.840,61.340,0.000,39.160
2510633396,2026-09-24 18:30:00,400,932.520,632.480,219.760,80.270,214.880,0.000,0.170
2510633397,2026-09-24 18:30:00,240,574.080,367.270,174.330,32.470,218.550,0.000,18.170
2510633399,2026-09-24 18:30:00,600,1176.220,676.900,253.160,246.160,58.920,0.000,57.130
2510633400,2026-09-24 18:30:00,800,780.410,474.130,181.400,124.870,173.610,0.000,28.000
2510633402,2026-09-24 18:30:00,300,594.190,357.660,126.390,110.140,149.020,0.000,10.400
2510633406,2026-09-24 18:30:00,60,365.770,166.660,71.380,127.720,20.200,0.000,99.280
2510633411,2026-09-24 18:30:00,800,4844.570,2765.740,1012.720,1066.090,1723.080,0.000,29.340
2510814977,2026-09-24 18:30:00,400,52.360,32.270,12.370,7.700,1.840,0.000,10.730
2610026952,2026-09-24 18:30:00,200,3669.120,2382.030,1054.330,232.750,1852.500,0.000,9.810
2610026963,2026-09-24 18:30:00,200,384.560,198.550,95.170,90.830,23.730,2.230,97.540
2610026966,2026-09-24 18:30:00,240,977.710,701.730,242.660,33.300,201.500,0.000,0.000
2610026977,2026-09-24 18:30:00,30,644.730,269.190,101.470,274.060,111.510,0.000,29.330
2610126270,2026-09-24 18:30:00,400,28.870,18.320,6.830,3.710,1.070,0.000,8.230
2610159557,2026-09-24 18:30:00,600,18.920,11.030,4.140,3.750,0.230,0.000,10.860
2610170785,2026-09-24 18:30:00,640,10.080,6.760,2.900,0.420,10.880,0.000,0.000
2610170786,2026-09-24 18:30:00,500,663.650,376.770,130.510,156.370,132.250,0.000,2.940
2610170836,2026-09-24 18:30:00,100,125.880,78.720,28.540,18.610,70.390,0.000,0.600
2610170838,2026-09-24 18:30:00,240,34.980,22.180,7.830,4.970,3.880,0.000,0.350
2610170839,2026-09-24 18:30:00,400,6.260,3.890,1.710,0.640,1.620,0.000,0.300
2610170840,2026-09-24 18:30:00,40,329.740,188.890,63.990,76.860,69.310,0.000,31.970
2610322967,2026-09-24 18:30:00,500,4.110,2.500,1.030,0.570,0.550,0.000,0.020
2610322969,2026-09-24 18:30:00,100,114.700,80.340,27.310,7.050,15.130,0.000,2.110
2610322982,2026-09-24 18:30:00,160,5.580,3.410,1.200,0.970,0.000,0.000,2.640
2610322992,2026-09-24 18:30:00,320,118.870,81.720,33.520,3.630,33.210,0.000,0.010
2610322995,2026-09-24 18:30:00,40,6.230,3.780,1.320,1.120,0.000,0.000,3.620
2610322997,2026-09-24 18:30:00,400,607.670,356.100,138.230,113.330,231.880,0.000,0.590
2610323001,2026-09-24 18:30:00,160,1942.230,1154.290,518.320,269.610,884.880,0.000,0.000
2610323004,2026-09-24 18:30:00,3000,100.740,76.620,13.050,11.060,23.270,0.000,2.260
2610323005,2026-09-24 18:30:00,120,12.920,8.800,3.220,0.880,1.740,0.000,0.940
2610323010,2026-09-24 18:30:00,60,19.260,12.820,4.660,1.760,1.560,0.000,5.020
2610323016,2026-09-24 18:30:00,160,1699.660,941.030,372.830,385.790,766.620,0.000,0.000
2610323017,2026-09-24 18:30:00,60,8.010,4.870,1.710,1.420,0.000,0.000,4.090
2610323019,2026-09-24 18:30:00,80,52.130,32.870,11.410,7.840,3.040,0.000,12.570
2610323027,2026-09-24 18:30:00,60,8.290,5.090,1.770,1.420,0.000,0.000,4.190
2410131383,2026-09-24 18:31:00,400,1071.620,710.020,228.980,132.600,48.480,0.000,65.770
2510203106,2026-09-24 18:31:00,100,100.150,46.500,16.860,36.780,0.440,0.000,37.470
2610026950,2026-09-24 18:31:00,600,15.960,10.250,3.680,2.020,1.470,0.000,3.180
2610026953,2026-09-24 18:31:00,700,694.050,409.720,156.630,127.690,203.760,0.000,0.670
2610026976,2026-09-24 18:31:00,60,1524.050,992.320,342.840,188.880,150.760,0.000,27.110
2610170837,2026-09-24 18:31:00,240,12.870,8.340,2.840,1.670,1.630,0.000,0.170
2610126451,2026-09-24 18:32:00,300,113.640,73.750,27.720,12.170,55.910,0.000,0.280
2246006313,2026-09-24 19:00:00,8800,956.510,539.621,198.253,218.634,128.644,8.999,180.553
2410121326,2026-09-24 19:00:00,200,1605.360,1035.400,450.720,119.220,379.330,0.000,5.470
2410121353,2026-09-24 19:00:00,120,729.040,505.960,198.720,24.350,162.470,0.000,15.500
2410121371,2026-09-24 19:00:00,120,610.470,379.050,134.300,97.110,72.320,0.000,29.660
2410121424,2026-09-24 19:00:00,120,48.440,29.770,11.260,7.400,1.600,0.000,18.010
2410121440,2026-09-24 19:00:00,120,22.860,15.290,4.470,3.080,2.830,0.000,6.110
2410121454,2026-09-24 19:00:00,160,2068.440,1306.710,446.200,315.520,337.090,0.000,76.690
2410121457,2026-09-24 19:00:00,120,1898.230,1208.170,527.330,162.730,360.210,0.000,42.560
2410121574,2026-09-24 19:00:00,120,4940.720,3565.650,1149.870,225.190,427.770,0.000,382.040
2410131378,2026-09-24 19:00:00,200,1874.640,1207.020,522.050,145.560,411.670,0.000,9.740
2410131383,2026-09-24 19:00:00,400,1071.650,710.020,229.010,132.600,48.480,0.000,65.770
2410131384,2026-09-24 19:00:00,200,9868.930,5599.620,1987.140,2282.150,2059.550,0.000,4.900
2410131387,2026-09-24 19:00:00,600,555.560,347.850,132.590,75.120,58.670,0.000,59.100
2410320615,2026-09-24 19:00:00,700,15636.260,9589.870,3815.320,2231.060,3867.130,0.000,51.460
2410883988,2026-09-24 19:00:00,100,37.420,19.210,5.590,12.600,3.540,0.000,2.210
2410883990,2026-09-24 19:00:00,60,3001.030,1721.450,640.390,639.170,889.210,0.000,38.540
2410883991,2026-09-24 19:00:00,100,2747.150,1653.640,618.590,474.910,257.410,0.260,74.300
2410883993,2026-09-24 19:00:00,60,3175.240,1536.680,601.750,1036.800,126.590,0.000,341.120
2410883994,2026-09-24 19:00:00,320,108.300,48.630,21.600,38.070,3.450,0.000,6.850
2411087432,2026-09-24 19:00:00,40,3732.280,2315.990,1072.080,344.200,750.000,0.000,31.170
2411087433,2026-09-24 19:00:00,500,868.080,513.070,189.180,165.820,22.690,0.000,779.680
2411290205,2026-09-24 19:00:00,240,9726.360,6541.700,2851.100,333.550,3448.130,0.000,59.550
2510014481,2026-09-24 19:00:00,80,15496.570,9031.840,2987.040,3477.680,5826.060,0.000,5.520
2510014482,2026-09-24 19:00:00,40,1306.350,910.230,359.150,36.970,85.320,0.000,63.800
2510014483,2026-09-24 19:00:00,300,232.970,134.330,51.970,46.660,0.000,0.000,187.910
2510014484,2026-09-24 19:00:00,160,9518.120,5396.760,2106.400,2014.940,1551.890,0.000,21.600
2510178139,2026-09-24 19:00:00,300,840.600,488.920,178.550,173.120,183.780,0.000,14.140
2510178141,2026-09-24 19:00:00,40,677.030,507.390,158.510,11.110,190.180,0.000,47.800
2510203103,2026-09-24 19:00:00,400,1867.820,1112.050,419.960,335.800,66.420,3.610,330.740
2510203104,2026-09-24 19:00:00,120,3067.100,1843.310,719.490,504.300,466.390,0.000,69.190
2510203105,2026-09-24 19:00:00,100,2467.810,1716.250,697.430,54.130,579.900,0.000,70.710
2510203106,2026-09-24 19:00:00,100,100.160,46.500,16.870,36.780,0.440,0.000,37.470
2510203107,2026-09-24 19:00:00,600,688.140,434.610,187.310,66.220,201.580,0.000,12.620
2510203108,2026-09-24 19:00:00,80,4053.180,2285.010,900.810,867.350,633.280,0.000,36.690
2510203109,2026-09-24 19:00:00,160,1547.610,970.760,477.150,99.680,464.080,0.000,87.190
2510203111,2026-09-24 19:00:00,40,3977.930,2511.310,985.040,481.570,1085.360,0.000,12.790
2510203113,2026-09-24 19:00:00,160,4574.170,2920.050,1108.840,545.280,281.010,0.000,111.260
2510203114,2026-09-24 19:00:00,120,1935.630,1215.700,478.420,241.500,390.870,0.000,33.730
2510203117,2026-09-24 19:00:00,80,1672.180,891.790,362.600,417.770,285.730,0.000,166.920
2510203118,2026-09-24 19:00:00,640,199.040,115.160,44.880,38.990,26.990,0.010,116.310
2510203119,2026-09-24 19:00:00,40,480.840,323.310,123.490,34.030,180.180,0.000,14.800
2510203121,2026-09-24 19:00:00,100,1305.590,766.420,305.980,233.190,71.970,0.000,108.120
2510203122,2026-09-24 19:00:00,40,952.210,604.020,298.680,49.510,696.200,0.000,0.710
2510203123,2026-09-24 19:00:00,40,2694.120,1776.230,736.300,181.580,856.720,0.000,11.850
2510203124,2026-09-24 19:00:00,800,1205.760,854.330,290.830,60.600,341.060,0.000,0.360
2510203126,2026-09-24 19:00:00,100,17.360,8.050,2.500,6.810,0.460,0.000,1.360
2510203127,2026-09-24 19:00:00,40,1302.640,850.640,347.580,104.400,378.480,0.000,49.300
2510203129,2026-09-24 19:00:00,80,7.270,3.820,1.380,2.060,0.000,0.000,1.730
2510203130,2026-09-24 19:00:00,120,33.980,24.460,6.980,2.530,9.940,0.000,0.520
2510203133,2026-09-24 19:00:00,40,674.390,459.190,170.380,44.810,115.060,0.000,47.740
2510203134,2026-09-24 19:00:00,200,142.050,83.120,32.770,26.160,6.060,0.000,33.460
2510224049,2026-09-24 19:00:00,1,53784.070,20994.480,10985.260,21804.311,118.600,0.000,9057.030
2510224167,2026-09-24 19:00:00,1,21096.461,9347.480,4156.100,7592.870,925.490,0.000,5719.950
2510317505,2026-09-24 19:00:00,1,15357.870,6739.370,3258.370,5360.120,0.740,0.000,4588.040
2510389559,2026-09-24 19:00:00,1,36.870,20.630,14.320,1.910,30.680,0.000,5.910
2510389643,2026-09-24 19:00:00,1,43490.340,15585.060,7794.720,20110.561,22.640,0.000,4128.820
2510389931,2026-09-24 19:00:00,1,31457.971,12022.340,6651.920,12783.700,0.150,0.000,4320.150
2510633381,2026-09-24 19:00:00,320,226.150,140.770,50.900,34.470,6.310,0.000,46.330
2510633383,2026-09-24 19:00:00,40,1756.930,1317.640,404.750,34.530,54.250,0.000,312.850
2510633385,2026-09-24 19:00:00,60,1232.400,581.090,246.070,405.230,48.810,0.000,95.680
2510633386,2026-09-24 19:00:00,500,496.020,282.580,107.070,106.360,30.900,0.000,2777.270
2510633387,2026-09-24 19:00:00,40,26.460,17.800,6.440,2.220,0.840,0.000,3.450
2510633389,2026-09-24 19:00:00,500,547.290,371.460,127.800,48.010,104.550,0.000,102.860
2510633390,2026-09-24 19:00:00,80,2212.820,1326.900,489.210,396.700,576.160,0.000,6.350
2510633393,2026-09-24 19:00:00,600,6034.520,3513.130,1200.780,1320.610,1287.530,0.000,0.480
2510633395,2026-09-24 19:00:00,40,1300.980,732.580,283.550,284.840,61.340,0.000,39.160
2510633396,2026-09-24 19:00:00,400,932.660,632.480,219.910,80.270,214.930,0.000,0.170
2510633397,2026-09-24 19:00:00,240,574.280,367.270,174.530,32.470,218.700,0.000,18.170
2510633399,2026-09-24 19:00:00,600,1176.420,676.900,253.350,246.160,58.920,0.000,57.130
2510633400,2026-09-24 19:00:00,800,780.600,474.130,181.590,124.870,173.690,0.000,28.000
2510633402,2026-09-24 19:00:00,300,594.430,357.660,126.620,110.140,149.100,0.000,10.400
2510633406,2026-09-24 19:00:00,60,365.950,166.660,71.560,127.720,20.240,0.000,99.280
2510633411,2026-09-24 19:00:00,800,4845.370,2765.740,1013.530,1066.090,1723.400,0.000,29.340
2510814977,2026-09-24 19:00:00,400,52.360,32.270,12.380,7.700,1.840,0.000,10.730
2610026950,2026-09-24 19:00:00,600,15.970,10.250,3.680,2.020,1.470,0.000,3.180
2610026952,2026-09-24 19:00:00,200,3669.690,2382.030,1054.910,232.750,1852.850,0.000,9.810
2610026953,2026-09-24 19:00:00,700,694.220,409.720,156.800,127.690,203.840,0.000,0.670
2610026963,2026-09-24 19:00:00,200,384.720,198.550,95.330,90.830,23.730,2.230,97.560
2610026966,2026-09-24 19:00:00,240,977.900,701.730,242.860,33.300,201.600,0.000,0.000
2610026976,2026-09-24 19:00:00,60,1524.320,992.320,343.110,188.880,150.760,0.000,27.120
2610026977,2026-09-24 19:00:00,30,644.930,269.190,101.680,274.060,111.520,0.000,29.330
2610126270,2026-09-24 19:00:00,400,28.880,18.320,6.840,3.710,1.070,0.000,8.230
2610126451,2026-09-24 19:00:00,300,113.650,73.750,27.730,12.170,55.910,0.000,0.280
2610159557,2026-09-24 19:00:00,600,18.930,11.030,4.150,3.750,0.230,0.000,10.860
2610170785,2026-09-24 19:00:00,640,10.080,6.760,2.900,0.420,10.880,0.000,0.000
2610170786,2026-09-24 19:00:00,500,664.010,376.770,130.870,156.370,132.320,0.000,2.940
2610170836,2026-09-24 19:00:00,100,125.880,78.720,28.540,18.610,70.390,0.000,0.600
2610170837,2026-09-24 19:00:00,240,12.870,8.340,2.840,1.670,1.630,0.000,0.170
2610170839,2026-09-24 19:00:00,400,6.270,3.890,1.730,0.640,1.620,0.000,0.310
2610170840,2026-09-24 19:00:00,40,329.900,188.890,64.140,76.860,69.310,0.000,31.990
2610322967,2026-09-24 19:00:00,500,4.110,2.500,1.030,0.570,0.550,0.000,0.020
2610322969,2026-09-24 19:00:00,100,114.740,80.340,27.340,7.050,15.130,0.000,2.110
2610322982,2026-09-24 19:00:00,160,5.590,3.410,1.200,0.970,0.000,0.000,2.640
2610322992,2026-09-24 19:00:00,320,119.010,81.720,33.650,3.630,33.260,0.000,0.010
2610322995,2026-09-24 19:00:00,40,6.240,3.780,1.330,1.120,0.000,0.000,3.620
2610322997,2026-09-24 19:00:00,400,608.000,356.100,138.560,113.330,232.030,0.000,0.590
2610323001,2026-09-24 19:00:00,160,1943.440,1154.290,519.520,269.610,885.480,0.000,0.000
2610323004,2026-09-24 19:00:00,3000,100.760,76.620,13.070,11.060,23.280,0.000,2.260
2610323005,2026-09-24 19:00:00,120,12.920,8.800,3.220,0.880,1.740,0.000,0.940
2610323010,2026-09-24 19:00:00,60,19.260,12.820,4.670,1.760,1.560,0.000,5.020
2610323016,2026-09-24 19:00:00,160,1700.270,941.030,373.430,385.790,766.920,0.000,0.000
2610323017,2026-09-24 19:00:00,60,8.020,4.870,1.720,1.420,0.000,0.000,4.090
2610323019,2026-09-24 19:00:00,80,52.150,32.870,11.420,7.840,3.040,0.000,12.580
2610323027,2026-09-24 19:00:00,60,8.310,5.090,1.780,1.420,0.000,0.000,4.200
2510203120,2026-09-24 19:01:00,160,4378.880,2689.640,965.310,723.920,1017.970,0.000,14.900
2510203128,2026-09-24 19:01:00,500,8059.260,4231.480,1420.960,2406.810,376.080,0.000,112.600
2510317537,2026-09-24 19:01:00,1,11917.360,6843.640,2254.190,2819.520,218.560,1427.680,2162.020
2510633391,2026-09-24 19:01:00,100,256.530,198.110,58.310,0.100,3.460,0.000,1.950
2410932742,2026-09-24 19:02:00,240,20068.330,11679.090,3728.680,4660.540,5095.600,0.000,5.960
2610170838,2026-09-24 19:02:00,240,35.000,22.180,7.840,4.970,3.880,0.000,0.350
2246006313,2026-09-24 19:30:00,8800,956.620,539.621,198.364,218.634,128.666,8.999,180.553
2410121326,2026-09-24 19:30:00,200,1605.500,1035.400,450.870,119.220,379.360,0.000,5.470
2410121353,2026-09-24 19:30:00,120,729.040,505.960,198.730,24.350,162.470,0.000,15.500
2410121371,2026-09-24 19:30:00,120,610.520,379.050,134.350,97.110,72.320,0.000,29.660
2410121424,2026-09-24 19:30:00,120,48.440,29.770,11.270,7.400,1.600,0.000,18.010
2410121440,2026-09-24 19:30:00,120,22.860,15.290,4.480,3.080,2.830,0.000,6.120
2410121454,2026-09-24 19:30:00,160,2068.490,1306.710,446.250,315.520,337.100,0.000,76.690
2410121457,2026-09-24 19:30:00,120,1898.870,1208.170,527.970,162.730,360.330,0.000,42.560
2410121574,2026-09-24 19:30:00,120,4940.780,3565.650,1149.930,225.190,427.770,0.000,382.060
2410131378,2026-09-24 19:30:00,200,1874.860,1207.020,522.280,145.560,411.710,0.000,9.740
2410131383,2026-09-24 19:30:00,400,1071.680,710.020,229.050,132.600,48.480,0.000,65.770
2410131384,2026-09-24 19:30:00,200,9869.240,5599.620,1987.460,2282.150,2059.630,0.000,4.900
2410131387,2026-09-24 19:30:00,600,555.590,347.850,132.610,75.120,58.670,0.000,59.100
2410320615,2026-09-24 19:30:00,700,15636.800,9589.870,3815.860,2231.060,3867.180,0.000,51.460
2410883990,2026-09-24 19:30:00,60,3001.050,1721.450,640.410,639.170,889.210,0.000,38.540
2410883991,2026-09-24 19:30:00,100,2747.240,1653.640,618.680,474.910,257.410,0.260,74.300
2410883993,2026-09-24 19:30:00,60,3175.620,1536.680,602.130,1036.800,126.590,0.000,341.150
2410883994,2026-09-24 19:30:00,320,108.320,48.630,21.610,38.070,3.450,0.000,6.860
2410932742,2026-09-24 19:30:00,240,20069.199,11679.090,3729.560,4660.540,5095.870,0.000,5.960
2411087432,2026-09-24 19:30:00,40,3732.860,2315.990,1072.660,344.200,750.100,0.000,31.170
2411087433,2026-09-24 19:30:00,500,868.310,513.070,189.410,165.820,22.700,0.000,779.690
2411290205,2026-09-24 19:30:00,240,9726.430,6541.700,2851.170,333.550,3448.140,0.000,59.550
2510014481,2026-09-24 19:30:00,80,15497.300,9031.840,2987.780,3477.680,5826.370,0.000,5.520
2510014482,2026-09-24 19:30:00,40,1306.360,910.230,359.160,36.970,85.320,0.000,63.800
2510014483,2026-09-24 19:30:00,300,232.980,134.330,51.980,46.660,0.000,0.000,187.920
2510014484,2026-09-24 19:30:00,160,9518.710,5396.760,2107.000,2014.940,1552.080,0.000,21.600
2510178139,2026-09-24 19:30:00,300,840.630,488.920,178.570,173.120,183.780,0.000,14.140
2510178141,2026-09-24 19:30:00,40,677.030,507.390,158.510,11.110,190.180,0.000,47.800
2510203103,2026-09-24 19:30:00,400,1867.870,1112.050,420.010,335.800,66.420,3.610,330.740
2510203104,2026-09-24 19:30:00,120,3067.250,1843.310,719.640,504.300,466.420,0.000,69.190
2510203105,2026-09-24 19:30:00,100,2467.990,1716.250,697.600,54.130,579.900,0.000,70.720
2510203106,2026-09-24 19:30:00,100,100.170,46.500,16.880,36.780,0.440,0.000,37.470
2510203107,2026-09-24 19:30:00,600,688.370,434.610,187.530,66.220,201.660,0.000,12.620
2510203108,2026-09-24 19:30:00,80,4053.610,2285.010,901.240,867.350,633.300,0.000,36.690
2510203113,2026-09-24 19:30:00,160,4574.350,2920.050,1109.010,545.280,281.010,0.000,111.260
2510203114,2026-09-24 19:30:00,120,1935.730,1215.700,478.530,241.500,390.890,0.000,33.730
2510203117,2026-09-24 19:30:00,80,1672.320,891.790,362.750,417.770,285.730,0.000,166.940
2510203118,2026-09-24 19:30:00,640,199.070,115.160,44.910,38.990,26.990,0.010,116.320
2510203119,2026-09-24 19:30:00,40,480.840,323.310,123.490,34.030,180.180,0.000,14.800
2510203120,2026-09-24 19:30:00,160,4379.110,2689.640,965.540,723.920,1018.050,0.000,14.900
2510203121,2026-09-24 19:30:00,100,1305.730,766.420,306.110,233.190,71.970,0.000,108.130
2510203122,2026-09-24 19:30:00,40,952.260,604.020,298.720,49.510,696.210,0.000,0.710
2510203123,2026-09-24 19:30:00,40,2694.420,1776.230,736.590,181.580,856.820,0.000,11.850
2510203124,2026-09-24 19:30:00,800,1205.830,854.330,290.900,60.600,341.080,0.000,0.360
2510203126,2026-09-24 19:30:00,100,17.370,8.050,2.510,6.810,0.460,0.000,1.360
2510203127,2026-09-24 19:30:00,40,1302.650,850.640,347.590,104.400,378.480,0.000,49.310
2510203129,2026-09-24 19:30:00,80,7.270,3.820,1.380,2.060,0.000,0.000,1.730
2510203130,2026-09-24 19:30:00,120,33.980,24.460,6.980,2.530,9.940,0.000,0.520
2510203133,2026-09-24 19:30:00,40,674.480,459.190,170.480,44.810,115.080,0.000,47.740
2510203134,2026-09-24 19:30:00,200,142.060,83.120,32.770,26.160,6.060,0.000,33.460
2510224049,2026-09-24 19:30:00,1,53789.422,20994.480,10990.610,21804.311,118.600,0.000,9058.170
2510224167,2026-09-24 19:30:00,1,21106.990,9347.480,4166.630,7592.870,927.920,0.000,5719.950
2510317505,2026-09-24 19:30:00,1,15362.870,6739.370,3263.370,5360.120,0.740,0.000,4589.130
2510317537,2026-09-24 19:30:00,1,11918.200,6843.640,2255.030,2819.520,218.560,1427.680,2162.160
2510389559,2026-09-24 19:30:00,1,36.870,20.630,14.320,1.910,30.680,0.000,5.910
2510389643,2026-09-24 19:30:00,1,43497.078,15585.060,7801.450,20110.561,22.640,0.000,4129.520
2510633381,2026-09-24 19:30:00,320,226.170,140.770,50.920,34.470,6.310,0.000,46.340
2510633383,2026-09-24 19:30:00,40,1756.940,1317.640,404.760,34.530,54.250,0.000,312.880
2510633385,2026-09-24 19:30:00,60,1232.550,581.090,246.230,405.230,48.810,0.000,95.690
2510633386,2026-09-24 19:30:00,500,496.090,282.580,107.140,106.360,30.900,0.000,2777.610
2510633387,2026-09-24 19:30:00,40,26.470,17.800,6.440,2.220,0.850,0.000,3.450
2510633389,2026-09-24 19:30:00,500,547.460,371.460,127.970,48.010,104.550,0.000,102.880
2510633390,2026-09-24 19:30:00,80,2213.340,1326.900,489.720,396.700,576.290,0.000,6.350
2510633391,2026-09-24 19:30:00,100,256.530,198.110,58.310,0.100,3.460,0.000,1.950
2510633393,2026-09-24 19:30:00,600,6035.070,3513.130,1201.330,1320.610,1287.670,0.000,0.480
2510633396,2026-09-24 19:30:00,400,932.790,632.480,220.030,80.270,214.980,0.000,0.170
2510633397,2026-09-24 19:30:00,240,574.300,367.270,174.550,32.470,218.700,0.000,18.170
2510633399,2026-09-24 19:30:00,600,1176.620,676.900,253.550,246.160,58.920,0.000,57.130
2510633400,2026-09-24 19:30:00,800,780.800,474.130,181.790,124.870,173.770,0.000,28.000
2510633402,2026-09-24 19:30:00,300,594.660,357.660,126.850,110.140,149.170,0.000,10.400
2510633406,2026-09-24 19:30:00,60,366.130,166.660,71.740,127.720,20.280,0.000,99.280
2510633411,2026-09-24 19:30:00,800,4846.140,2765.740,1014.300,1066.090,1723.690,0.000,29.340
2510814977,2026-09-24 19:30:00,400,52.360,32.270,12.380,7.700,1.840,0.000,10.730
2610026950,2026-09-24 19:30:00,600,15.970,10.250,3.690,2.020,1.470,0.000,3.180
2610026952,2026-09-24 19:30:00,200,3670.200,2382.030,1055.410,232.750,1853.150,0.000,9.810
2610026953,2026-09-24 19:30:00,700,694.390,409.720,156.980,127.690,203.920,0.000,0.670
2610026963,2026-09-24 19:30:00,200,384.850,198.550,95.460,90.830,23.730,2.230,97.570
2610026966,2026-09-24 19:30:00,240,977.920,701.730,242.870,33.300,201.600,0.000,0.000
2610026976,2026-09-24 19:30:00,60,1524.550,992.320,343.340,188.880,150.760,0.000,27.130
2610026977,2026-09-24 19:30:00,30,645.110,269.190,101.850,274.060,111.520,0.000,29.360
2610126270,2026-09-24 19:30:00,400,28.900,18.320,6.860,3.710,1.080,0.000,8.230
2610126451,2026-09-24 19:30:00,300,113.660,73.750,27.740,12.170,55.910,0.000,0.280
2610159557,2026-09-24 19:30:00,600,18.930,11.030,4.150,3.750,0.230,0.000,10.860
2610170785,2026-09-24 19:30:00,640,10.090,6.760,2.900,0.420,10.880,0.000,0.000
2610170786,2026-09-24 19:30:00,500,664.350,376.770,131.210,156.370,132.390,0.000,2.940
2610170836,2026-09-24 19:30:00,100,125.880,78.720,28.540,18.610,70.390,0.000,0.600
2610170837,2026-09-24 19:30:00,240,12.880,8.340,2.850,1.670,1.630,0.000,0.170
2610170838,2026-09-24 19:30:00,240,35.020,22.180,7.860,4.970,3.880,0.000,0.350
2610170839,2026-09-24 19:30:00,400,6.290,3.890,1.740,0.640,1.620,0.000,0.310
2610170840,2026-09-24 19:30:00,40,330.050,188.890,64.300,76.860,69.310,0.000,32.010
2610322967,2026-09-24 19:30:00,500,4.110,2.500,1.030,0.570,0.550,0.000,0.020
2610322969,2026-09-24 19:30:00,100,114.780,80.340,27.380,7.050,15.140,0.000,2.110
2610322982,2026-09-24 19:30:00,160,5.600,3.410,1.210,0.970,0.000,0.000,2.640
2610322992,2026-09-24 19:30:00,320,119.100,81.720,33.750,3.630,33.290,0.000,0.010
2610322995,2026-09-24 19:30:00,40,6.240,3.780,1.340,1.120,0.000,0.000,3.630
2610322997,2026-09-24 19:30:00,400,608.300,356.100,138.850,113.330,232.140,0.000,0.590
2610323001,2026-09-24 19:30:00,160,1944.640,1154.290,520.720,269.610,886.050,0.000,0.000
2610323004,2026-09-24 19:30:00,3000,100.770,76.620,13.080,11.060,23.300,0.000,2.260
2610323005,2026-09-24 19:30:00,120,12.920,8.800,3.230,0.880,1.740,0.000,0.940
2610323010,2026-09-24 19:30:00,60,19.290,12.820,4.700,1.760,1.560,0.000,5.030
2610323016,2026-09-24 19:30:00,160,1700.780,941.030,373.950,385.790,767.190,0.000,0.000
2610323017,2026-09-24 19:30:00,60,8.030,4.870,1.740,1.420,0.000,0.000,4.100
2610323019,2026-09-24 19:30:00,80,52.160,32.870,11.440,7.840,3.040,0.000,12.580
2510203109,2026-09-24 19:31:00,160,1547.690,970.760,477.240,99.680,464.080,0.000,87.190
2510203111,2026-09-24 19:31:00,40,3978.390,2511.310,985.510,481.570,1085.490,0.000,12.790
2510203128,2026-09-24 19:31:00,500,8059.940,4231.480,1421.640,2406.810,376.120,0.000,112.600
2510389931,2026-09-24 19:31:00,1,31464.410,12022.340,6658.360,12783.700,0.150,0.000,4320.870
2410883988,2026-09-24 19:32:00,100,37.430,19.210,5.600,12.600,3.540,0.000,2.210
2510633395,2026-09-24 19:32:00,40,1300.980,732.580,283.550,284.840,61.340,0.000,39.160
2610323027,2026-09-24 19:32:00,60,8.320,5.090,1.790,1.420,0.000,0.000,4.200
2246006313,2026-09-24 20:00:00,8800,956.718,539.621,198.462,218.634,128.684,8.999,180.553
2410121326,2026-09-24 20:00:00,200,1605.640,1035.400,451.000,119.220,379.380,0.000,5.470
2410121353,2026-09-24 20:00:00,120,729.050,505.960,198.730,24.350,162.470,0.000,15.500
2410121371,2026-09-24 20:00:00,120,610.570,379.050,134.400,97.110,72.320,0.000,29.660
2410121424,2026-09-24 20:00:00,120,48.450,29.770,11.270,7.400,1.600,0.000,18.010
2410121440,2026-09-24 20:00:00,120,22.860,15.290,4.480,3.080,2.830,0.000,6.120
2410121454,2026-09-24 20:00:00,160,2068.530,1306.710,446.290,315.520,337.110,0.000,76.690
2410121457,2026-09-24 20:00:00,120,1899.580,1208.170,528.680,162.730,360.540,0.000,42.560
2410121574,2026-09-24 20:00:00,120,4940.820,3565.650,1149.970,225.190,427.770,0.000,382.080
2410131378,2026-09-24 20:00:00,200,1874.930,1207.020,522.340,145.560,411.710,0.000,9.740
2410131383,2026-09-24 20:00:00,400,1071.720,710.020,229.090,132.600,48.480,0.000,65.780
2410131384,2026-09-24 20:00:00,200,9869.560,5599.620,1987.770,2282.150,2059.710,0.000,4.900
2410131387,2026-09-24 20:00:00,600,555.620,347.850,132.640,75.120,58.670,0.000,59.100
2410320615,2026-09-24 20:00:00,700,15637.320,9589.870,3816.380,2231.060,3867.250,0.000,51.460
2410883988,2026-09-24 20:00:00,100,37.440,19.210,5.610,12.600,3.540,0.000,2.210
2410883991,2026-09-24 20:00:00,100,2747.340,1653.640,618.780,474.910,257.410,0.260,74.300
2410883993,2026-09-24 20:00:00,60,3176.030,1536.680,602.540,1036.800,126.600,0.000,341.190
2410883994,2026-09-24 20:00:00,320,108.330,48.630,21.620,38.070,3.450,0.000,6.860
2410932742,2026-09-24 20:00:00,240,20070.141,11679.090,3730.490,4660.540,5096.180,0.000,5.960
2411087432,2026-09-24 20:00:00,40,3733.420,2315.990,1073.210,344.200,750.210,0.000,31.170
2411087433,2026-09-24 20:00:00,500,868.530,513.070,189.630,165.820,22.710,0.000,779.690
2411290205,2026-09-24 20:00:00,240,9726.510,6541.700,2851.250,333.550,3448.160,0.000,59.550
2510014481,2026-09-24 20:00:00,80,15498.000,9031.840,2988.470,3477.680,5826.740,0.000,5.520
2510014482,2026-09-24 20:00:00,40,1306.370,910.230,359.170,36.970,85.320,0.000,63.800
2510014483,2026-09-24 20:00:00,300,233.000,134.330,52.000,46.660,0.000,0.000,187.930
2510014484,2026-09-24 20:00:00,160,9519.310,5396.760,2107.600,2014.940,1552.270,0.000,21.600
2510178139,2026-09-24 20:00:00,300,840.650,488.920,178.590,173.120,183.790,0.000,14.140
2510178141,2026-09-24 20:00:00,40,677.030,507.390,158.520,11.110,190.180,0.000,47.810
2510203103,2026-09-24 20:00:00,400,1867.920,1112.050,420.060,335.800,66.420,3.610,330.750
2510203104,2026-09-24 20:00:00,120,3067.400,1843.310,719.790,504.300,466.440,0.000,69.190
2510203105,2026-09-24 20:00:00,100,2468.170,1716.250,697.790,54.130,579.900,0.000,70.720
2510203107,2026-09-24 20:00:00,600,688.470,434.610,187.640,66.220,201.670,0.000,12.620
2510203108,2026-09-24 20:00:00,80,4053.990,2285.010,901.620,867.350,633.320,0.000,36.690
2510203109,2026-09-24 20:00:00,160,1547.750,970.760,477.300,99.680,464.080,0.000,87.200
2510203111,2026-09-24 20:00:00,40,3978.420,2511.310,985.530,481.570,1085.500,0.000,12.790
2510203113,2026-09-24 20:00:00,160,4574.530,2920.050,1109.200,545.280,281.010,0.000,111.260
2510203114,2026-09-24 20:00:00,120,1935.830,1215.700,478.630,241.500,390.900,0.000,33.730
2510203118,2026-09-24 20:00:00,640,199.100,115.160,44.940,38.990,26.990,0.010,116.320
2510203119,2026-09-24 20:00:00,40,480.840,323.310,123.490,34.030,180.180,0.000,14.800
2510203120,2026-09-24 20:00:00,160,4379.360,2689.640,965.790,723.920,1018.140,0.000,14.900
2510203121,2026-09-24 20:00:00,100,1305.860,766.420,306.240,233.190,71.970,0.000,108.130
2510203124,2026-09-24 20:00:00,800,1205.880,854.330,290.950,60.600,341.110,0.000,0.360
2510203126,2026-09-24 20:00:00,100,17.380,8.050,2.520,6.810,0.460,0.000,1.360
2510203127,2026-09-24 20:00:00,40,1302.660,850.640,347.600,104.400,378.480,0.000,49.310
2510203128,2026-09-24 20:00:00,500,8060.570,4231.480,1422.270,2406.810,376.160,0.000,112.600
2510203129,2026-09-24 20:00:00,80,7.280,3.820,1.390,2.060,0.000,0.000,1.730
2510203130,2026-09-24 20:00:00,120,33.980,24.460,6.980,2.530,9.940,0.000,0.520
2510203133,2026-09-24 20:00:00,40,674.560,459.190,170.550,44.810,115.090,0.000,47.740
2510203134,2026-09-24 20:00:00,200,142.060,83.120,32.780,26.160,6.060,0.000,33.470
2510224049,2026-09-24 20:00:00,1,53794.719,20994.490,10995.910,21804.311,118.600,0.000,9059.300
2510224167,2026-09-24 20:00:00,1,21111.520,9347.480,4171.160,7592.870,928.220,0.000,5720.960
2510317505,2026-09-24 20:00:00,1,15367.830,6739.370,3268.320,5360.120,0.740,0.000,4590.200
2510317537,2026-09-24 20:00:00,1,11919.160,6843.640,2255.990,2819.520,218.560,1427.680,2162.320
2510389559,2026-09-24 20:00:00,1,36.870,20.630,14.320,1.910,30.680,0.000,5.910
2510389643,2026-09-24 20:00:00,1,43503.828,15585.060,7808.200,20110.561,22.640,0.000,4130.210
2510389931,2026-09-24 20:00:00,1,31470.051,12022.350,6664.000,12783.700,0.150,0.000,4321.500
2510633381,2026-09-24 20:00:00,320,226.180,140.770,50.930,34.470,6.310,0.000,46.340
2510633383,2026-09-24 20:00:00,40,1756.950,1317.640,404.770,34.530,54.250,0.000,312.910
2510633385,2026-09-24 20:00:00,60,1232.700,581.090,246.370,405.230,48.810,0.000,95.710
2510633386,2026-09-24 20:00:00,500,496.150,282.580,107.200,106.360,30.900,0.000,2777.960
2510633387,2026-09-24 20:00:00,40,26.470,17.800,6.440,2.220,0.850,0.000,3.450
2510633389,2026-09-24 20:00:00,500,547.590,371.460,128.110,48.010,104.550,0.000,102.910
2510633390,2026-09-24 20:00:00,80,2213.830,1326.900,490.220,396.700,576.390,0.000,6.350
2510633391,2026-09-24 20:00:00,100,256.530,198.110,58.310,0.100,3.460,0.000,1.950
2510633393,2026-09-24 20:00:00,600,6035.610,3513.130,1201.870,1320.610,1287.820,0.000,0.480
2510633395,2026-09-24 20:00:00,40,1300.980,732.580,283.550,284.840,61.340,0.000,39.160
2510633396,2026-09-24 20:00:00,400,932.870,632.480,220.110,80.270,215.030,0.000,0.170
2510633397,2026-09-24 20:00:00,240,574.320,367.270,174.570,32.470,218.700,0.000,18.170
2510633399,2026-09-24 20:00:00,600,1176.820,676.900,253.760,246.160,58.920,0.000,57.140
2510633400,2026-09-24 20:00:00,800,780.980,474.130,181.970,124.870,173.850,0.000,28.000
2510633402,2026-09-24 20:00:00,300,594.860,357.660,127.050,110.140,149.240,0.000,10.400
2510633406,2026-09-24 20:00:00,60,366.200,166.660,71.810,127.720,20.290,0.000,99.300
2510633411,2026-09-24 20:00:00,800,4846.800,2765.740,1014.960,1066.090,1723.950,0.000,29.340
2510814977,2026-09-24 20:00:00,400,52.370,32.270,12.380,7.700,1.840,0.000,10.730
2610026950,2026-09-24 20:00:00,600,15.970,10.250,3.690,2.020,1.470,0.000,3.180
2610026952,2026-09-24 20:00:00,200,3670.730,2382.030,1055.940,232.750,1853.490,0.000,9.810
2610026953,2026-09-24 20:00:00,700,694.560,409.720,157.150,127.690,204.010,0.000,0.670
2610026966,2026-09-24 20:00:00,240,977.930,701.730,242.890,33.300,201.610,0.000,0.000
2610026976,2026-09-24 20:00:00,60,1524.760,992.320,343.550,188.880,150.760,0.000,27.130
2610026977,2026-09-24 20:00:00,30,645.300,269.190,102.040,274.060,111.520,0.000,29.370
2610126270,2026-09-24 20:00:00,400,28.910,18.320,6.870,3.710,1.090,0.000,8.230
2610126451,2026-09-24 20:00:00,300,113.670,73.750,27.750,12.170,55.910,0.000,0.280
2610159557,2026-09-24 20:00:00,600,18.930,11.030,4.150,3.750,0.230,0.000,10.870
2610170785,2026-09-24 20:00:00,640,10.090,6.760,2.900,0.420,10.880,0.000,0.000
2610170786,2026-09-24 20:00:00,500,664.670,376.770,131.530,156.370,132.460,0.000,2.940
2610170836,2026-09-24 20:00:00,100,125.880,78.720,28.540,18.610,70.390,0.000,0.600
2610170837,2026-09-24 20:00:00,240,12.880,8.340,2.850,1.670,1.630,0.000,0.170
2610170838,2026-09-24 20:00:00,240,35.030,22.180,7.870,4.970,3.880,0.000,0.350
2610170839,2026-09-24 20:00:00,400,6.300,3.890,1.760,0.640,1.620,0.000,0.310
2610170840,2026-09-24 20:00:00,40,330.200,188.890,64.450,76.860,69.310,0.000,32.030
2610322967,2026-09-24 20:00:00,500,4.110,2.500,1.030,0.570,0.550,0.000,0.020
2610322969,2026-09-24 20:00:00,100,114.820,80.340,27.430,7.050,15.140,0.000,2.110
2610322982,2026-09-24 20:00:00,160,5.610,3.410,1.220,0.970,0.000,0.000,2.650
2610322992,2026-09-24 20:00:00,320,119.180,81.720,33.820,3.630,33.300,0.000,0.010
2610322995,2026-09-24 20:00:00,40,6.250,3.780,1.340,1.120,0.000,0.000,3.630
2610322997,2026-09-24 20:00:00,400,608.660,356.100,139.210,113.330,232.300,0.000,0.590
2610323001,2026-09-24 20:00:00,160,1945.720,1154.290,521.800,269.610,886.610,0.000,0.000
2610323004,2026-09-24 20:00:00,3000,100.780,76.620,13.100,11.060,23.310,0.000,2.260
2610323005,2026-09-24 20:00:00,120,12.920,8.800,3.230,0.880,1.740,0.000,0.940
2610323010,2026-09-24 20:00:00,60,19.310,12.820,4.710,1.760,1.560,0.000,5.040
2610323016,2026-09-24 20:00:00,160,1701.210,941.030,374.380,385.790,767.460,0.000,0.000
2610323017,2026-09-24 20:00:00,60,8.040,4.870,1.750,1.420,0.000,0.000,4.100
2610323019,2026-09-24 20:00:00,80,52.170,32.870,11.450,7.840,3.040,0.000,12.590
2610323027,2026-09-24 20:00:00,60,8.330,5.090,1.800,1.420,0.000,0.000,4.210
2410883990,2026-09-24 20:01:00,60,3001.060,1721.460,640.430,639.170,889.220,0.000,38.540
2510203106,2026-09-24 20:01:00,100,100.180,46.500,16.890,36.780,0.440,0.000,37.470
2510203117,2026-09-24 20:01:00,80,1672.470,891.800,362.890,417.770,285.730,0.000,166.960
2510203122,2026-09-24 20:01:00,40,952.270,604.020,298.730,49.510,696.210,0.000,0.710
2610026963,2026-09-24 20:01:00,200,384.980,198.550,95.580,90.830,23.730,2.230,97.600
2510203123,2026-09-24 20:02:00,40,2694.420,1776.230,736.600,181.580,856.820,0.000,11.850
2246006313,2026-09-24 20:30:00,8800,956.811,539.713,198.462,218.634,128.698,8.999,180.553
2410121326,2026-09-24 20:30:00,200,1605.750,1035.520,451.000,119.220,379.390,0.000,5.470
2410121353,2026-09-24 20:30:00,120,729.060,505.960,198.730,24.350,162.470,0.000,15.500
2410121371,2026-09-24 20:30:00,120,610.620,379.100,134.400,97.110,72.320,0.000,29.660
2410121424,2026-09-24 20:30:00,120,48.450,29.770,11.270,7.400,1.600,0.000,18.010
2410121440,2026-09-24 20:30:00,120,22.860,15.290,4.480,3.080,2.830,0.000,6.120
2410121454,2026-09-24 20:30:00,160,2068.570,1306.750,446.290,315.520,337.120,0.000,76.690
2410121457,2026-09-24 20:30:00,120,1900.340,1208.920,528.680,162.730,360.700,0.000,42.560
2410121574,2026-09-24 20:30:00,120,4940.870,3565.700,1149.970,225.190,427.770,0.000,382.100
2410131378,2026-09-24 20:30:00,200,1874.930,1207.020,522.340,145.560,411.710,0.000,9.740
2410131383,2026-09-24 20:30:00,400,1071.760,710.060,229.090,132.600,48.480,0.000,65.780
2410131384,2026-09-24 20:30:00,200,9869.880,5599.940,1987.770,2282.150,2059.790,0.000,4.900
2410131387,2026-09-24 20:30:00,600,555.650,347.880,132.640,75.120,58.670,0.000,59.100
2410320615,2026-09-24 20:30:00,700,15637.830,9590.380,3816.380,2231.060,3867.300,0.000,51.460
2410883988,2026-09-24 20:30:00,100,37.450,19.220,5.610,12.600,3.540,0.000,2.210
2410883990,2026-09-24 20:30:00,60,3001.070,1721.470,640.430,639.170,889.220,0.000,38.540
2410883991,2026-09-24 20:30:00,100,2747.430,1653.730,618.780,474.910,257.410,0.260,74.300
2410883993,2026-09-24 20:30:00,60,3176.450,1537.100,602.540,1036.800,126.600,0.000,341.230
2410883994,2026-09-24 20:30:00,320,108.340,48.640,21.620,38.070,3.450,0.000,6.860
2410932742,2026-09-24 20:30:00,240,20071.070,11680.020,3730.490,4660.540,5096.490,0.000,5.960
2411087432,2026-09-24 20:30:00,40,3733.950,2316.520,1073.210,344.200,750.270,0.000,31.170
2411087433,2026-09-24 20:30:00,500,868.730,513.270,189.630,165.820,22.710,0.000,779.700
2411290205,2026-09-24 20:30:00,240,9726.570,6541.760,2851.250,333.550,3448.160,0.000,59.550
2510014481,2026-09-24 20:30:00,80,15498.720,9032.560,2988.470,3477.680,5826.970,0.000,5.520
2510014482,2026-09-24 20:30:00,40,1306.380,910.240,359.170,36.970,85.320,0.000,63.800
2510014483,2026-09-24 20:30:00,300,233.020,134.340,52.000,46.660,0.000,0.000,187.940
2510014484,2026-09-24 20:30:00,160,9519.910,5397.360,2107.600,2014.940,1552.470,0.000,21.600
2510178139,2026-09-24 20:30:00,300,840.670,488.940,178.590,173.120,183.790,0.000,14.140
2510178141,2026-09-24 20:30:00,40,677.040,507.400,158.520,11.110,190.180,0.000,47.810
2510203103,2026-09-24 20:30:00,400,1867.960,1112.100,420.060,335.800,66.420,3.610,330.750
2510203104,2026-09-24 20:30:00,120,3067.540,1843.450,719.790,504.300,466.460,0.000,69.190
2510203105,2026-09-24 20:30:00,100,2468.370,1716.440,697.790,54.130,579.910,0.000,70.720
2510203106,2026-09-24 20:30:00,100,100.190,46.510,16.890,36.780,0.440,0.000,37.480
2510203107,2026-09-24 20:30:00,600,688.590,434.730,187.640,66.220,201.700,0.000,12.620
2510203108,2026-09-24 20:30:00,80,4054.360,2285.380,901.620,867.350,633.340,0.000,36.690
2510203109,2026-09-24 20:30:00,160,1547.820,970.830,477.300,99.680,464.080,0.000,87.200
2510203111,2026-09-24 20:30:00,40,3978.420,2511.310,985.530,481.570,1085.500,0.000,12.790
2510203113,2026-09-24 20:30:00,160,4574.710,2920.230,1109.200,545.280,281.020,0.000,111.260
2510203114,2026-09-24 20:30:00,120,1935.930,1215.800,478.630,241.500,390.910,0.000,33.730
2510203117,2026-09-24 20:30:00,80,1672.590,891.920,362.890,417.770,285.730,0.000,166.980
2510203118,2026-09-24 20:30:00,640,199.140,115.200,44.940,38.990,26.990,0.010,116.330
2510203119,2026-09-24 20:30:00,40,480.840,323.310,123.490,34.030,180.180,0.000,14.800
2510203120,2026-09-24 20:30:00,160,4379.610,2689.890,965.790,723.920,1018.230,0.000,14.900
2510203121,2026-09-24 20:30:00,100,1305.990,766.550,306.240,233.190,71.970,0.000,108.140
2510203122,2026-09-24 20:30:00,40,952.280,604.030,298.730,49.510,696.220,0.000,0.710
2510203123,2026-09-24 20:30:00,40,2694.420,1776.230,736.600,181.580,856.820,0.000,11.850
2510203124,2026-09-24 20:30:00,800,1205.930,854.370,290.950,60.600,341.130,0.000,0.360
2510203126,2026-09-24 20:30:00,100,17.390,8.050,2.520,6.810,0.460,0.000,1.360
2510203127,2026-09-24 20:30:00,40,1302.670,850.650,347.600,104.400,378.480,0.000,49.310
2510203128,2026-09-24 20:30:00,500,8061.240,4232.160,1422.270,2406.810,376.210,0.000,112.600
2510203129,2026-09-24 20:30:00,80,7.280,3.820,1.390,2.060,0.000,0.000,1.740
2510203130,2026-09-24 20:30:00,120,33.980,24.460,6.980,2.530,9.940,0.000,0.520
2510203133,2026-09-24 20:30:00,40,674.570,459.200,170.550,44.810,115.090,0.000,47.740
2510203134,2026-09-24 20:30:00,200,142.060,83.120,32.780,26.160,6.060,0.000,33.470
2510224049,2026-09-24 20:30:00,1,53800.070,20999.840,10995.910,21804.311,118.600,0.000,9060.400
2510224167,2026-09-24 20:30:00,1,21115.230,9351.180,4171.160,7592.870,928.220,0.000,5722.060
2510317505,2026-09-24 20:30:00,1,15372.710,6744.260,3268.320,5360.120,0.740,0.000,4591.230
2510317537,2026-09-24 20:30:00,1,11920.150,6844.630,2255.990,2819.520,218.560,1427.680,2162.490
2510389559,2026-09-24 20:30:00,1,36.870,20.630,14.320,1.910,30.680,0.000,5.910
2510389931,2026-09-24 20:30:00,1,31476.090,12028.380,6664.000,12783.700,0.150,0.000,4322.180
2510633381,2026-09-24 20:30:00,320,226.200,140.790,50.930,34.470,6.310,0.000,46.350
2510633383,2026-09-24 20:30:00,40,1756.960,1317.650,404.770,34.530,54.250,0.000,312.940
2510633385,2026-09-24 20:30:00,60,1232.850,581.240,246.370,405.230,48.810,0.000,95.720
2510633386,2026-09-24 20:30:00,500,496.210,282.640,107.200,106.360,30.900,0.000,2778.300
2510633387,2026-09-24 20:30:00,40,26.470,17.800,6.440,2.220,0.850,0.000,3.450
2510633389,2026-09-24 20:30:00,500,547.750,371.620,128.110,48.010,104.550,0.000,102.940
2510633390,2026-09-24 20:30:00,80,2214.390,1327.460,490.220,396.700,576.550,0.000,6.350
2510633391,2026-09-24 20:30:00,100,256.530,198.110,58.310,0.100,3.460,0.000,1.950
2510633393,2026-09-24 20:30:00,600,6036.140,3513.650,1201.870,1320.610,1287.960,0.000,0.480
2510633395,2026-09-24 20:30:00,40,1300.980,732.580,283.550,284.840,61.340,0.000,39.160
2510633396,2026-09-24 20:30:00,400,932.950,632.560,220.110,80.270,215.080,0.000,0.170
2510633397,2026-09-24 20:30:00,240,574.330,367.280,174.570,32.470,218.700,0.000,18.170
2510633399,2026-09-24 20:30:00,600,1177.040,677.110,253.760,246.160,58.920,0.000,57.140
2510633400,2026-09-24 20:30:00,800,781.150,474.290,181.970,124.870,173.920,0.000,28.000
2510633402,2026-09-24 20:30:00,300,595.080,357.870,127.050,110.140,149.310,0.000,10.400
2510633406,2026-09-24 20:30:00,60,366.260,166.720,71.810,127.720,20.290,0.000,99.320
2510633411,2026-09-24 20:30:00,800,4847.440,2766.380,1014.960,1066.090,1724.200,0.000,29.340
2510814977,2026-09-24 20:30:00,400,52.370,32.280,12.380,7.700,1.840,0.000,10.730
2610026950,2026-09-24 20:30:00,600,15.980,10.260,3.690,2.020,1.470,0.000,3.180
2610026952,2026-09-24 20:30:00,200,3671.280,2382.590,1055.940,232.750,1853.830,0.000,9.810
2610026953,2026-09-24 20:30:00,700,694.740,409.890,157.150,127.690,204.090,0.000,0.670
2610026963,2026-09-24 20:30:00,200,385.130,198.710,95.580,90.830,23.730,2.230,97.620
2610026966,2026-09-24 20:30:00,240,977.940,701.750,242.890,33.300,201.620,0.000,0.000
2610026976,2026-09-24 20:30:00,60,1524.960,992.530,343.550,188.880,150.760,0.000,27.140
2610026977,2026-09-24 20:30:00,30,645.510,269.400,102.040,274.060,111.530,0.000,29.370
2610126270,2026-09-24 20:30:00,400,28.920,18.340,6.870,3.710,1.090,0.000,8.230
2610126451,2026-09-24 20:30:00,300,113.680,73.750,27.750,12.170,55.910,0.000,0.280
2610159557,2026-09-24 20:30:00,600,18.940,11.030,4.150,3.750,0.230,0.000,10.870
2610170785,2026-09-24 20:30:00,640,10.090,6.760,2.900,0.420,10.880,0.000,0.000
2610170786,2026-09-24 20:30:00,500,664.990,377.080,131.530,156.370,132.530,0.000,2.940
2610170836,2026-09-24 20:30:00,100,125.880,78.720,28.540,18.610,70.390,0.000,0.600
2610170837,2026-09-24 20:30:00,240,12.880,8.350,2.850,1.670,1.630,0.000,0.170
2610170838,2026-09-24 20:30:00,240,35.040,22.190,7.870,4.970,3.880,0.000,0.350
2610170839,2026-09-24 20:30:00,400,6.310,3.910,1.760,0.640,1.620,0.000,0.310
2610170840,2026-09-24 20:30:00,40,330.360,189.040,64.450,76.860,69.310,0.000,32.040
2610322967,2026-09-24 20:30:00,500,4.120,2.500,1.030,0.570,0.550,0.000,0.020
2610322969,2026-09-24 20:30:00,100,114.870,80.380,27.430,7.050,15.150,0.000,2.110
2610322982,2026-09-24 20:30:00,160,5.620,3.410,1.220,0.970,0.000,0.000,2.650
2610322992,2026-09-24 20:30:00,320,119.250,81.790,33.820,3.630,33.310,0.000,0.010
2610322995,2026-09-24 20:30:00,40,6.260,3.790,1.340,1.120,0.000,0.000,3.640
2610322997,2026-09-24 20:30:00,400,609.030,356.480,139.210,113.330,232.470,0.000,0.590
2610323004,2026-09-24 20:30:00,3000,100.800,76.630,13.100,11.060,23.310,0.000,2.260
2610323005,2026-09-24 20:30:00,120,12.930,8.810,3.230,0.880,1.740,0.000,0.940
2610323010,2026-09-24 20:30:00,60,19.310,12.830,4.710,1.760,1.560,0.000,5.040
2610323016,2026-09-24 20:30:00,160,1701.400,941.220,374.380,385.790,767.560,0.000,0.000
2610323017,2026-09-24 20:30:00,60,8.050,4.880,1.750,1.420,0.000,0.000,4.110
2610323019,2026-09-24 20:30:00,80,52.190,32.890,11.450,7.840,3.040,0.000,12.590
2610323027,2026-09-24 20:30:00,60,8.340,5.100,1.800,1.420,0.000,0.000,4.210
2510389643,2026-09-24 20:31:00,1,43511.051,15592.290,7808.200,20110.561,22.640,0.000,4130.940
2610323001,2026-09-24 20:31:00,160,1946.320,1154.900,521.800,269.610,886.880,0.000,0.000
2246006313,2026-09-24 21:00:00,8800,956.908,539.811,198.462,218.634,128.715,8.999,180.553
2410121326,2026-09-24 21:00:00,200,1605.840,1035.610,451.000,119.220,379.400,0.000,5.470
2410121371,2026-09-24 21:00:00,120,610.670,379.160,134.400,97.110,72.320,0.000,29.660
2410121424,2026-09-24 21:00:00,120,48.450,29.770,11.270,7.400,1.600,0.000,18.020
2410121440,2026-09-24 21:00:00,120,22.870,15.300,4.480,3.080,2.830,0.000,6.120
2410121454,2026-09-24 21:00:00,160,2068.610,1306.790,446.290,315.520,337.120,0.000,76.690
2410121457,2026-09-24 21:00:00,120,1901.040,1209.620,528.680,162.730,360.850,0.000,42.560
2410121574,2026-09-24 21:00:00,120,4940.900,3565.730,1149.970,225.190,427.770,0.000,382.120
2410131378,2026-09-24 21:00:00,200,1874.940,1207.030,522.340,145.560,411.710,0.000,9.740
2410131383,2026-09-24 21:00:00,400,1071.800,710.100,229.090,132.600,48.480,0.000,65.780
2410131384,2026-09-24 21:00:00,200,9870.200,5600.260,1987.770,2282.150,2059.880,0.000,4.900
2410131387,2026-09-24 21:00:00,600,555.670,347.900,132.640,75.120,58.680,0.000,59.100
2410320615,2026-09-24 21:00:00,700,15638.360,9590.910,3816.380,2231.060,3867.370,0.000,51.460
2410883988,2026-09-24 21:00:00,100,37.460,19.230,5.610,12.600,3.540,0.000,2.210
2410883990,2026-09-24 21:00:00,60,3001.090,1721.490,640.430,639.170,889.220,0.000,38.540
2410883991,2026-09-24 21:00:00,100,2747.520,1653.820,618.780,474.910,257.410,0.260,74.300
2410883993,2026-09-24 21:00:00,60,3176.870,1537.520,602.540,1036.800,126.600,0.000,341.270
2410883994,2026-09-24 21:00:00,320,108.350,48.660,21.620,38.070,3.450,0.000,6.860
2410932742,2026-09-24 21:00:00,240,20071.939,11680.890,3730.490,4660.540,5096.780,0.000,5.960
2411087432,2026-09-24 21:00:00,40,3734.380,2316.950,1073.210,344.200,750.280,0.000,31.170
2411087433,2026-09-24 21:00:00,500,868.940,513.490,189.630,165.820,22.720,0.000,779.720
2411290205,2026-09-24 21:00:00,240,9726.620,6541.810,2851.250,333.550,3448.170,0.000,59.550
2510014481,2026-09-24 21:00:00,80,15499.440,9033.280,2988.470,3477.680,5827.130,0.000,5.520
2510014482,2026-09-24 21:00:00,40,1306.390,910.250,359.170,36.970,85.320,0.000,63.810
2510014483,2026-09-24 21:00:00,300,233.030,134.360,52.000,46.660,0.000,0.000,187.950
2510014484,2026-09-24 21:00:00,160,9520.500,5397.950,2107.600,2014.940,1552.660,0.000,21.600
2510178139,2026-09-24 21:00:00,300,840.690,488.970,178.590,173.120,183.790,0.000,14.140
2510178141,2026-09-24 21:00:00,40,677.040,507.400,158.520,11.110,190.180,0.000,47.820
2510203103,2026-09-24 21:00:00,400,1868.010,1112.140,420.060,335.800,66.420,3.610,330.760
2510203104,2026-09-24 21:00:00,120,3067.700,1843.600,719.790,504.300,466.490,0.000,69.190
2510203105,2026-09-24 21:00:00,100,2468.560,1716.630,697.790,54.130,579.920,0.000,70.720
2510203106,2026-09-24 21:00:00,100,100.200,46.520,16.890,36.780,0.440,0.000,37.480
2510203107,2026-09-24 21:00:00,600,688.740,434.880,187.640,66.220,201.740,0.000,12.620
2510203108,2026-09-24 21:00:00,80,4054.740,2285.760,901.620,867.350,633.360,0.000,36.690
2510203109,2026-09-24 21:00:00,160,1547.880,970.890,477.300,99.680,464.080,0.000,87.200
2510203111,2026-09-24 21:00:00,40,3978.430,2511.310,985.530,481.570,1085.500,0.000,12.800
2510203113,2026-09-24 21:00:00,160,4574.890,2920.410,1109.200,545.280,281.020,0.000,111.260
2510203114,2026-09-24 21:00:00,120,1936.040,1215.900,478.630,241.500,390.920,0.000,33.730
2510203117,2026-09-24 21:00:00,80,1672.710,892.040,362.890,417.770,285.730,0.000,167.000
2510203118,2026-09-24 21:00:00,640,199.170,115.230,44.940,38.990,26.990,0.010,116.330
2510203119,2026-09-24 21:00:00,40,480.840,323.310,123.490,34.030,180.180,0.000,14.800
2510203120,2026-09-24 21:00:00,160,4379.850,2690.130,965.790,723.920,1018.310,0.000,14.900
2510203121,2026-09-24 21:00:00,100,1306.120,766.680,306.240,233.190,71.970,0.000,108.140
2510203122,2026-09-24 21:00:00,40,952.290,604.030,298.730,49.510,696.220,0.000,0.710
2510203123,2026-09-24 21:00:00,40,2694.430,1776.240,736.600,181.580,856.820,0.000,11.850
2510203124,2026-09-24 21:00:00,800,1205.980,854.420,290.950,60.600,341.160,0.000,0.360
2510203126,2026-09-24 21:00:00,100,17.390,8.060,2.520,6.810,0.460,0.000,1.360
2510203127,2026-09-24 21:00:00,40,1302.670,850.660,347.600,104.400,378.480,0.000,49.320
2510203128,2026-09-24 21:00:00,500,8061.930,4232.840,1422.270,2406.810,376.260,0.000,112.600
2510203129,2026-09-24 21:00:00,80,7.290,3.830,1.390,2.060,0.000,0.000,1.740
2510203130,2026-09-24 21:00:00,120,33.980,24.460,6.980,2.530,9.940,0.000,0.520
2510203133,2026-09-24 21:00:00,40,674.570,459.200,170.550,44.810,115.090,0.000,47.740
2510203134,2026-09-24 21:00:00,200,142.070,83.120,32.780,26.160,6.060,0.000,33.470
2510224049,2026-09-24 21:00:00,1,53805.430,21005.199,10995.910,21804.311,118.600,0.000,9061.510
2510224167,2026-09-24 21:00:00,1,21118.930,9354.890,4171.160,7592.870,928.220,0.000,5723.160
2510317505,2026-09-24 21:00:00,1,15377.600,6749.140,3268.320,5360.120,0.740,0.000,4592.250
2510317537,2026-09-24 21:00:00,1,11921.180,6845.660,2255.990,2819.520,218.560,1427.680,2162.650
2510389559,2026-09-24 21:00:00,1,36.870,20.630,14.320,1.910,30.680,0.000,5.910
2510389643,2026-09-24 21:00:00,1,43517.410,15598.650,7808.200,20110.561,22.640,0.000,4131.590
2510389931,2026-09-24 21:00:00,1,31482.119,12034.410,6664.000,12783.700,0.150,0.000,4322.850
2510633381,2026-09-24 21:00:00,320,226.220,140.810,50.930,34.470,6.310,0.000,46.360
2510633383,2026-09-24 21:00:00,40,1756.970,1317.660,404.770,34.530,54.250,0.000,312.970
2510633385,2026-09-24 21:00:00,60,1232.990,581.380,246.370,405.230,48.810,0.000,95.740
2510633386,2026-09-24 21:00:00,500,496.270,282.700,107.200,106.360,30.900,0.000,2778.650
2510633387,2026-09-24 21:00:00,40,26.470,17.800,6.440,2.220,0.850,0.000,3.450
2510633389,2026-09-24 21:00:00,500,547.890,371.760,128.110,48.010,104.550,0.000,102.960
2510633390,2026-09-24 21:00:00,80,2214.950,1328.010,490.220,396.700,576.710,0.000,6.350
2510633391,2026-09-24 21:00:00,100,256.530,198.110,58.310,0.100,3.460,0.000,1.950
2510633393,2026-09-24 21:00:00,600,6036.630,3514.150,1201.870,1320.610,1288.080,0.000,0.480
2510633395,2026-09-24 21:00:00,40,1300.980,732.580,283.550,284.840,61.340,0.000,39.160
2510633396,2026-09-24 21:00:00,400,933.030,632.640,220.110,80.270,215.130,0.000,0.170
2510633397,2026-09-24 21:00:00,240,574.340,367.290,174.570,32.470,218.700,0.000,18.180
2510633399,2026-09-24 21:00:00,600,1177.250,677.330,253.760,246.160,58.920,0.000,57.140
2510633400,2026-09-24 21:00:00,800,781.320,474.470,181.970,124.870,173.990,0.000,28.000
2510633402,2026-09-24 21:00:00,300,595.300,358.090,127.050,110.140,149.380,0.000,10.400
2510633406,2026-09-24 21:00:00,60,366.320,166.790,71.810,127.720,20.290,0.000,99.340
2510814977,2026-09-24 21:00:00,400,52.370,32.280,12.380,7.700,1.840,0.000,10.730
2610026950,2026-09-24 21:00:00,600,15.980,10.260,3.690,2.020,1.470,0.000,3.180
2610026952,2026-09-24 21:00:00,200,3671.800,2383.110,1055.940,232.750,1854.140,0.000,9.810
2610026953,2026-09-24 21:00:00,700,694.920,410.070,157.150,127.690,204.170,0.000,0.670
2610026963,2026-09-24 21:00:00,200,385.270,198.850,95.580,90.830,23.730,2.230,97.640
2610026966,2026-09-24 21:00:00,240,977.960,701.760,242.890,33.300,201.630,0.000,0.000
2610026976,2026-09-24 21:00:00,60,1525.160,992.720,343.550,188.880,150.760,0.000,27.140
2610026977,2026-09-24 21:00:00,30,645.700,269.590,102.040,274.060,111.540,0.000,29.380
2610126270,2026-09-24 21:00:00,400,28.940,18.350,6.870,3.710,1.100,0.000,8.240
2610126451,2026-09-24 21:00:00,300,113.680,73.760,27.750,12.170,55.910,0.000,0.280
2610159557,2026-09-24 21:00:00,600,18.940,11.030,4.150,3.750,0.230,0.000,10.870
2610170785,2026-09-24 21:00:00,640,10.090,6.760,2.900,0.420,10.880,0.000,0.000
2610170786,2026-09-24 21:00:00,500,665.300,377.390,131.530,156.370,132.600,0.000,2.940
2610170836,2026-09-24 21:00:00,100,125.880,78.720,28.540,18.610,70.390,0.000,0.600
2610170837,2026-09-24 21:00:00,240,12.880,8.350,2.850,1.670,1.630,0.000,0.170
2610170839,2026-09-24 21:00:00,400,6.330,3.920,1.760,0.640,1.620,0.000,0.310
2610170840,2026-09-24 21:00:00,40,330.510,189.200,64.450,76.860,69.310,0.000,32.060
2610322967,2026-09-24 21:00:00,500,4.120,2.500,1.030,0.570,0.550,0.000,0.020
2610322969,2026-09-24 21:00:00,100,114.900,80.410,27.430,7.050,15.150,0.000,2.120
2610322982,2026-09-24 21:00:00,160,5.620,3.420,1.220,0.970,0.000,0.000,2.650
2610322992,2026-09-24 21:00:00,320,119.320,81.860,33.820,3.630,33.330,0.000,0.010
2610322995,2026-09-24 21:00:00,40,6.270,3.800,1.340,1.120,0.000,0.000,3.640
2610323001,2026-09-24 21:00:00,160,1946.870,1155.450,521.800,269.610,887.130,0.000,0.000
2610323004,2026-09-24 21:00:00,3000,100.810,76.640,13.100,11.060,23.320,0.000,2.260
2610323005,2026-09-24 21:00:00,120,12.930,8.810,3.230,0.880,1.740,0.000,0.940
2610323010,2026-09-24 21:00:00,60,19.320,12.840,4.710,1.760,1.560,0.000,5.040
2610323017,2026-09-24 21:00:00,60,8.060,4.890,1.750,1.420,0.000,0.000,4.110
2610323019,2026-09-24 21:00:00,80,52.200,32.900,11.450,7.840,3.040,0.000,12.590
2610323027,2026-09-24 21:00:00,60,8.350,5.110,1.800,1.420,0.000,0.000,4.220
2510633411,2026-09-24 21:01:00,800,4848.140,2767.080,1014.960,1066.090,1724.460,0.000,29.340
2610170838,2026-09-24 21:01:00,240,35.050,22.200,7.870,4.970,3.880,0.000,0.350
2610322997,2026-09-24 21:01:00,400,609.410,356.860,139.210,113.330,232.650,0.000,0.590
2610323016,2026-09-24 21:01:00,160,1701.520,941.340,374.380,385.790,767.610,0.000,0.000
2410121353,2026-09-24 21:02:00,120,729.060,505.970,198.730,24.350,162.470,0.000,15.500
2246006313,2026-09-24 21:30:00,8800,957.003,539.905,198.462,218.634,128.732,8.999,180.553
2410121326,2026-09-24 21:30:00,200,1605.920,1035.690,451.000,119.220,379.400,0.000,5.470
2410121353,2026-09-24 21:30:00,120,729.070,505.980,198.730,24.350,162.470,0.000,15.500
2410121371,2026-09-24 21:30:00,120,610.720,379.210,134.400,97.110,72.330,0.000,29.660
2410121424,2026-09-24 21:30:00,120,48.450,29.770,11.270,7.400,1.600,0.000,18.020
2410121440,2026-09-24 21:30:00,120,22.870,15.300,4.480,3.080,2.830,0.000,6.120
2410121454,2026-09-24 21:30:00,160,2068.660,1306.840,446.290,315.520,337.130,0.000,76.690
2410121457,2026-09-24 21:30:00,120,1901.680,1210.260,528.680,162.730,360.980,0.000,42.560
2410121574,2026-09-24 21:30:00,120,4940.940,3565.770,1149.970,225.190,427.770,0.000,382.140
2410131378,2026-09-24 21:30:00,200,1874.950,1207.030,522.340,145.560,411.710,0.000,9.740
2410131383,2026-09-24 21:30:00,400,1071.840,710.140,229.090,132.600,48.480,0.000,65.780
2410131384,2026-09-24 21:30:00,200,9870.520,5600.580,1987.770,2282.150,2059.970,0.000,4.900
2410131387,2026-09-24 21:30:00,600,555.700,347.930,132.640,75.120,58.680,0.000,59.100
2410320615,2026-09-24 21:30:00,700,15638.880,9591.430,3816.380,2231.060,3867.440,0.000,51.460
2410883988,2026-09-24 21:30:00,100,37.460,19.240,5.610,12.600,3.540,0.000,2.210
2410883990,2026-09-24 21:30:00,60,3001.110,1721.500,640.430,639.170,889.220,0.000,38.540
2410883991,2026-09-24 21:30:00,100,2747.600,1653.910,618.780,474.910,257.420,0.260,74.300
2410883993,2026-09-24 21:30:00,60,3177.270,1537.920,602.540,1036.800,126.600,0.000,341.300
2410883994,2026-09-24 21:30:00,320,108.370,48.670,21.620,38.070,3.450,0.000,6.860
2410932742,2026-09-24 21:30:00,240,20072.881,11681.830,3730.490,4660.540,5097.080,0.000,5.960
2411087432,2026-09-24 21:30:00,40,3734.730,2317.310,1073.210,344.200,750.290,0.000,31.170
2411290205,2026-09-24 21:30:00,240,9726.680,6541.870,2851.250,333.550,3448.170,0.000,59.550
2510014481,2026-09-24 21:30:00,80,15500.160,9034.010,2988.470,3477.680,5827.280,0.000,5.520
2510014482,2026-09-24 21:30:00,40,1306.400,910.260,359.170,36.970,85.320,0.000,63.810
2510014483,2026-09-24 21:30:00,300,233.050,134.370,52.000,46.660,0.000,0.000,187.960
2510014484,2026-09-24 21:30:00,160,9521.100,5398.550,2107.600,2014.940,1552.850,0.000,21.600
2510178139,2026-09-24 21:30:00,300,840.710,488.980,178.590,173.120,183.790,0.000,14.140
2510178141,2026-09-24 21:30:00,40,677.040,507.400,158.520,11.110,190.180,0.000,47.820
2510203103,2026-09-24 21:30:00,400,1868.050,1112.190,420.060,335.800,66.420,3.610,330.760
2510203104,2026-09-24 21:30:00,120,3067.850,1843.750,719.790,504.300,466.510,0.000,69.190
2510203106,2026-09-24 21:30:00,100,100.210,46.530,16.890,36.780,0.440,0.000,37.480
2510203107,2026-09-24 21:30:00,600,688.860,434.990,187.640,66.220,201.770,0.000,12.620
2510203108,2026-09-24 21:30:00,80,4055.120,2286.140,901.620,867.350,633.370,0.000,36.690
2510203109,2026-09-24 21:30:00,160,1547.920,970.930,477.300,99.680,464.090,0.000,87.200
2510203111,2026-09-24 21:30:00,40,3978.430,2511.320,985.530,481.570,1085.500,0.000,12.800
2510203113,2026-09-24 21:30:00,160,4575.070,2920.590,1109.200,545.280,281.020,0.000,111.260
2510203114,2026-09-24 21:30:00,120,1936.140,1216.010,478.630,241.500,390.930,0.000,33.730
2510203117,2026-09-24 21:30:00,80,1672.830,892.150,362.890,417.770,285.730,0.000,167.030
2510203118,2026-09-24 21:30:00,640,199.200,115.260,44.940,38.990,26.990,0.010,116.340
2510203119,2026-09-24 21:30:00,40,480.840,323.310,123.490,34.030,180.180,0.000,14.800
2510203120,2026-09-24 21:30:00,160,4380.100,2690.380,965.790,723.920,1018.400,0.000,14.900
2510203121,2026-09-24 21:30:00,100,1306.250,766.810,306.240,233.190,71.970,0.000,108.140
2510203122,2026-09-24 21:30:00,40,952.290,604.040,298.730,49.510,696.230,0.000,0.710
2510203123,2026-09-24 21:30:00,40,2694.430,1776.240,736.600,181.580,856.820,0.000,11.850
2510203124,2026-09-24 21:30:00,800,1206.030,854.470,290.950,60.600,341.180,0.000,0.360
2510203126,2026-09-24 21:30:00,100,17.400,8.070,2.520,6.810,0.460,0.000,1.360
2510203127,2026-09-24 21:30:00,40,1302.680,850.670,347.600,104.400,378.480,0.000,49.320
2510203129,2026-09-24 21:30:00,80,7.290,3.830,1.390,2.060,0.000,0.000,1.740
2510203133,2026-09-24 21:30:00,40,674.580,459.210,170.550,44.810,115.090,0.000,47.740
2510203134,2026-09-24 21:30:00,200,142.070,83.130,32.780,26.160,6.060,0.000,33.470
2510224049,2026-09-24 21:30:00,1,53810.789,21010.551,10995.910,21804.311,118.600,0.000,9062.630
2510224167,2026-09-24 21:30:00,1,21122.641,9358.600,4171.160,7592.870,928.220,0.000,5724.270
2510317505,2026-09-24 21:30:00,1,15382.480,6754.030,3268.320,5360.120,0.740,0.000,4593.290
2510317537,2026-09-24 21:30:00,1,11922.130,6846.610,2255.990,2819.520,218.560,1427.680,2162.810
2510389559,2026-09-24 21:30:00,1,36.870,20.630,14.320,1.910,30.680,0.000,5.910
2510389643,2026-09-24 21:30:00,1,43524.148,15605.380,7808.200,20110.561,22.640,0.000,4132.260
2510389931,2026-09-24 21:30:00,1,31488.160,12040.450,6664.000,12783.700,0.150,0.000,4323.520
2510633381,2026-09-24 21:30:00,320,226.230,140.820,50.930,34.470,6.310,0.000,46.360
2510633383,2026-09-24 21:30:00,40,1756.980,1317.670,404.770,34.530,54.250,0.000,313.010
2510633385,2026-09-24 21:30:00,60,1233.130,581.520,246.370,405.230,48.810,0.000,95.760
2510633386,2026-09-24 21:30:00,500,496.330,282.760,107.200,106.360,30.900,0.000,2778.990
2510633387,2026-09-24 21:30:00,40,26.470,17.800,6.440,2.220,0.850,0.000,3.450
2510633389,2026-09-24 21:30:00,500,548.020,371.890,128.110,48.010,104.550,0.000,102.990
2510633390,2026-09-24 21:30:00,80,2215.500,1328.570,490.220,396.700,576.860,0.000,6.350
2510633391,2026-09-24 21:30:00,100,256.530,198.110,58.310,0.100,3.460,0.000,1.950
2510633393,2026-09-24 21:30:00,600,6037.110,3514.630,1201.870,1320.610,1288.190,0.000,0.480
2510633395,2026-09-24 21:30:00,40,1300.980,732.580,283.550,284.840,61.340,0.000,39.160
2510633396,2026-09-24 21:30:00,400,933.110,632.720,220.110,80.270,215.180,0.000,0.170
2510633397,2026-09-24 21:30:00,240,574.360,367.310,174.570,32.470,218.700,0.000,18.180
2510633399,2026-09-24 21:30:00,600,1177.450,677.520,253.760,246.160,58.920,0.000,57.140
2510633400,2026-09-24 21:30:00,800,781.490,474.640,181.970,124.870,174.060,0.000,28.000
2510633402,2026-09-24 21:30:00,300,595.510,358.310,127.050,110.140,149.450,0.000,10.400
2510633406,2026-09-24 21:30:00,60,366.390,166.850,71.810,127.720,20.290,0.000,99.360
2510633411,2026-09-24 21:30:00,800,4848.740,2767.680,1014.960,1066.090,1724.710,0.000,29.340
2610026950,2026-09-24 21:30:00,600,15.980,10.260,3.690,2.020,1.470,0.000,3.180
2610026952,2026-09-24 21:30:00,200,3672.360,2383.660,1055.940,232.750,1854.480,0.000,9.810
2610026953,2026-09-24 21:30:00,700,695.090,410.240,157.150,127.690,204.250,0.000,0.670
2610026963,2026-09-24 21:30:00,200,385.370,198.940,95.580,90.830,23.730,2.230,97.660
2610026966,2026-09-24 21:30:00,240,977.970,701.780,242.890,33.300,201.630,0.000,0.000
2610026976,2026-09-24 21:30:00,60,1525.330,992.890,343.550,188.880,150.760,0.000,27.150
2610026977,2026-09-24 21:30:00,30,645.870,269.750,102.040,274.060,111.540,0.000,29.410
2610126270,2026-09-24 21:30:00,400,28.950,18.360,6.870,3.710,1.110,0.000,8.240
2610126451,2026-09-24 21:30:00,300,113.690,73.770,27.750,12.170,55.910,0.000,0.280
2610159557,2026-09-24 21:30:00,600,18.940,11.030,4.150,3.750,0.230,0.000,10.870
2610170785,2026-09-24 21:30:00,640,10.090,6.760,2.900,0.420,10.880,0.000,0.000
2610170786,2026-09-24 21:30:00,500,665.620,377.710,131.530,156.370,132.670,0.000,2.940
2610170836,2026-09-24 21:30:00,100,125.880,78.720,28.540,18.610,70.390,0.000,0.600
2610170837,2026-09-24 21:30:00,240,12.890,8.350,2.850,1.670,1.630,0.000,0.170
2610170838,2026-09-24 21:30:00,240,35.060,22.210,7.870,4.970,3.880,0.000,0.350
2610170839,2026-09-24 21:30:00,400,6.340,3.930,1.760,0.640,1.620,0.000,0.310
2610170840,2026-09-24 21:30:00,40,330.670,189.350,64.450,76.860,69.310,0.000,32.080
2610322967,2026-09-24 21:30:00,500,4.120,2.500,1.030,0.570,0.550,0.000,0.020
2610322969,2026-09-24 21:30:00,100,114.930,80.450,27.430,7.050,15.150,0.000,2.120
2610322982,2026-09-24 21:30:00,160,5.630,3.420,1.220,0.970,0.000,0.000,2.660
2610322992,2026-09-24 21:30:00,320,119.380,81.920,33.820,3.630,33.340,0.000,0.010
2610322995,2026-09-24 21:30:00,40,6.270,3.800,1.340,1.120,0.000,0.000,3.640
2610322997,2026-09-24 21:30:00,400,609.760,357.200,139.210,113.330,232.830,0.000,0.590
2610323001,2026-09-24 21:30:00,160,1947.520,1156.090,521.800,269.610,887.450,0.000,0.000
2610323004,2026-09-24 21:30:00,3000,100.830,76.660,13.100,11.060,23.320,0.000,2.260
2610323005,2026-09-24 21:30:00,120,12.930,8.810,3.230,0.880,1.740,0.000,0.940
2610323010,2026-09-24 21:30:00,60,19.330,12.840,4.710,1.760,1.560,0.000,5.050
2610323016,2026-09-24 21:30:00,160,1701.630,941.450,374.380,385.790,767.660,0.000,0.000
2610323017,2026-09-24 21:30:00,60,8.070,4.890,1.750,1.420,0.000,0.000,4.120
2610323019,2026-09-24 21:30:00,80,52.210,32.910,11.450,7.840,3.040,0.000,12.600
2610323027,2026-09-24 21:30:00,60,8.360,5.120,1.800,1.420,0.000,0.000,4.220
2411087433,2026-09-24 21:31:00,500,869.160,513.700,189.630,165.820,22.730,0.000,779.730
2510203128,2026-09-24 21:31:00,500,8062.680,4233.600,1422.270,2406.810,376.330,0.000,112.600
2510814977,2026-09-24 21:31:00,400,52.380,32.280,12.380,7.700,1.840,0.000,10.740
2510203105,2026-09-24 21:32:00,100,2468.770,1716.840,697.790,54.130,579.940,0.000,70.720
2510203130,2026-09-24 21:32:00,120,33.980,24.460,6.980,2.530,9.940,0.000,0.520
2246006313,2026-09-24 22:00:00,8800,957.094,539.997,198.462,218.634,128.749,8.999,180.553
2410121326,2026-09-24 22:00:00,200,1605.960,1035.730,451.000,119.220,379.400,0.000,5.470
2410121353,2026-09-24 22:00:00,120,729.080,505.980,198.730,24.350,162.470,0.000,15.500
2410121371,2026-09-24 22:00:00,120,610.780,379.260,134.400,97.110,72.330,0.000,29.660
2410121424,2026-09-24 22:00:00,120,48.460,29.780,11.270,7.400,1.600,0.000,18.020
2410121440,2026-09-24 22:00:00,120,22.870,15.300,4.480,3.080,2.830,0.000,6.120
2410121454,2026-09-24 22:00:00,160,2068.710,1306.890,446.290,315.520,337.140,0.000,76.690
2410121457,2026-09-24 22:00:00,120,1902.270,1210.850,528.680,162.730,361.150,0.000,42.560
2410121574,2026-09-24 22:00:00,120,4940.980,3565.810,1149.970,225.190,427.770,0.000,382.160
2410131378,2026-09-24 22:00:00,200,1874.950,1207.040,522.340,145.560,411.710,0.000,9.750
2410131383,2026-09-24 22:00:00,400,1071.870,710.170,229.090,132.600,48.480,0.000,65.780
2410131384,2026-09-24 22:00:00,200,9870.850,5600.910,1987.770,2282.150,2060.060,0.000,4.900
2410131387,2026-09-24 22:00:00,600,555.730,347.960,132.640,75.120,58.680,0.000,59.100
2410320615,2026-09-24 22:00:00,700,15639.410,9591.960,3816.380,2231.060,3867.510,0.000,51.460
2410883988,2026-09-24 22:00:00,100,37.470,19.250,5.610,12.600,3.540,0.000,2.210
2410883990,2026-09-24 22:00:00,60,3001.130,1721.520,640.430,639.170,889.220,0.000,38.540
2410883991,2026-09-24 22:00:00,100,2747.680,1653.980,618.780,474.910,257.420,0.260,74.300
2410883993,2026-09-24 22:00:00,60,3177.660,1538.310,602.540,1036.800,126.610,0.000,341.340
2410883994,2026-09-24 22:00:00,320,108.380,48.680,21.620,38.070,3.450,0.000,6.870
2410932742,2026-09-24 22:00:00,240,20073.740,11682.690,3730.490,4660.540,5097.370,0.000,5.960
2411087432,2026-09-24 22:00:00,40,3734.890,2317.470,1073.210,344.200,750.290,0.000,31.170
2411087433,2026-09-24 22:00:00,500,869.350,513.890,189.630,165.820,22.740,0.000,779.730
2510014481,2026-09-24 22:00:00,80,15500.880,9034.720,2988.470,3477.680,5827.430,0.000,5.520
2510014482,2026-09-24 22:00:00,40,1306.410,910.270,359.170,36.970,85.320,0.000,63.810
2510014483,2026-09-24 22:00:00,300,233.060,134.390,52.000,46.660,0.000,0.000,187.970
2510014484,2026-09-24 22:00:00,160,9521.690,5399.140,2107.600,2014.940,1553.040,0.000,21.600
2510178139,2026-09-24 22:00:00,300,840.730,489.000,178.590,173.120,183.790,0.000,14.140
2510178141,2026-09-24 22:00:00,40,677.040,507.400,158.520,11.110,190.180,0.000,47.830
2510203103,2026-09-24 22:00:00,400,1868.100,1112.230,420.060,335.800,66.420,3.610,330.770
2510203104,2026-09-24 22:00:00,120,3067.990,1843.900,719.790,504.300,466.530,0.000,69.190
2510203105,2026-09-24 22:00:00,100,2468.910,1716.980,697.790,54.130,579.940,0.000,70.730
2510203106,2026-09-24 22:00:00,100,100.220,46.540,16.890,36.780,0.440,0.000,37.490
2510203107,2026-09-24 22:00:00,600,688.970,435.100,187.640,66.220,201.790,0.000,12.620
2510203108,2026-09-24 22:00:00,80,4055.470,2286.490,901.620,867.350,633.390,0.000,36.690
2510203109,2026-09-24 22:00:00,160,1547.950,970.960,477.300,99.680,464.090,0.000,87.200
2510203111,2026-09-24 22:00:00,40,3978.440,2511.320,985.530,481.570,1085.500,0.000,12.800
2510203114,2026-09-24 22:00:00,120,1936.230,1216.100,478.630,241.500,390.950,0.000,33.730
2510203117,2026-09-24 22:00:00,80,1672.910,892.240,362.890,417.770,285.730,0.000,167.050
2510203118,2026-09-24 22:00:00,640,199.230,115.290,44.940,38.990,26.990,0.010,116.350
2510203119,2026-09-24 22:00:00,40,480.840,323.310,123.490,34.030,180.180,0.000,14.800
2510203120,2026-09-24 22:00:00,160,4380.340,2690.620,965.790,723.930,1018.490,0.000,14.900
2510203121,2026-09-24 22:00:00,100,1306.330,766.890,306.240,233.190,71.970,0.000,108.150
2510203122,2026-09-24 22:00:00,40,952.300,604.050,298.730,49.510,696.230,0.000,0.710
2510203123,2026-09-24 22:00:00,40,2694.430,1776.240,736.600,181.580,856.820,0.000,11.850
2510203124,2026-09-24 22:00:00,800,1206.070,854.520,290.950,60.600,341.210,0.000,0.360
2510203126,2026-09-24 22:00:00,100,17.410,8.080,2.520,6.810,0.460,0.000,1.360
2510203127,2026-09-24 22:00:00,40,1302.690,850.680,347.600,104.400,378.480,0.000,49.320
2510203128,2026-09-24 22:00:00,500,8063.370,4234.290,1422.270,2406.810,376.390,0.000,112.600
2510203129,2026-09-24 22:00:00,80,7.300,3.840,1.390,2.060,0.000,0.000,1.740
2510203130,2026-09-24 22:00:00,120,33.980,24.460,6.980,2.530,9.940,0.000,0.520
2510203133,2026-09-24 22:00:00,40,674.580,459.210,170.550,44.810,115.090,0.000,47.750
2510203134,2026-09-24 22:00:00,200,142.080,83.130,32.780,26.160,6.060,0.000,33.470
2510224049,2026-09-24 22:00:00,1,53814.238,21014.000,10995.910,21804.320,118.600,0.000,9063.660
2510224167,2026-09-24 22:00:00,1,21124.029,9359.980,4171.160,7592.870,928.220,0.000,5725.220
2510317505,2026-09-24 22:00:00,1,15385.380,6756.930,3268.320,5360.130,0.740,0.000,4594.240
2510317537,2026-09-24 22:00:00,1,11923.130,6847.610,2255.990,2819.520,218.560,1427.680,2162.970
2510389559,2026-09-24 22:00:00,1,36.870,20.630,14.320,1.910,30.680,0.000,5.910
2510389643,2026-09-24 22:00:00,1,43530.820,15612.050,7808.200,20110.561,22.640,0.000,4132.940
2510389931,2026-09-24 22:00:00,1,31494.199,12046.490,6664.000,12783.700,0.150,0.000,4324.190
2510633381,2026-09-24 22:00:00,320,226.250,140.840,50.930,34.470,6.310,0.000,46.370
2510633383,2026-09-24 22:00:00,40,1756.990,1317.680,404.770,34.530,54.250,0.000,313.040
2510633385,2026-09-24 22:00:00,60,1233.280,581.670,246.370,405.230,48.810,0.000,95.780
2510633386,2026-09-24 22:00:00,500,496.390,282.810,107.200,106.360,30.900,0.000,2779.340
2510633387,2026-09-24 22:00:00,40,26.470,17.800,6.440,2.220,0.850,0.000,3.450
2510633389,2026-09-24 22:00:00,500,548.170,372.040,128.110,48.010,104.550,0.000,103.020
2510633390,2026-09-24 22:00:00,80,2215.990,1329.060,490.220,396.700,576.960,0.000,6.350
2510633391,2026-09-24 22:00:00,100,256.530,198.110,58.310,0.100,3.460,0.000,1.950
2510633393,2026-09-24 22:00:00,600,6037.590,3515.100,1201.870,1320.610,1288.300,0.000,0.480
2510633395,2026-09-24 22:00:00,40,1300.980,732.580,283.550,284.840,61.340,0.000,39.160
2510633396,2026-09-24 22:00:00,400,933.190,632.800,220.110,80.270,215.230,0.000,0.170
2510633397,2026-09-24 22:00:00,240,574.370,367.320,174.570,32.470,218.700,0.000,18.180
2510633400,2026-09-24 22:00:00,800,781.660,474.810,181.970,124.870,174.130,0.000,28.000
2510633402,2026-09-24 22:00:00,300,595.730,358.530,127.050,110.140,149.520,0.000,10.400
2510633406,2026-09-24 22:00:00,60,366.410,166.870,71.810,127.720,20.290,0.000,99.370
2510633411,2026-09-24 22:00:00,800,4849.380,2768.320,1014.960,1066.090,1724.970,0.000,29.340
2510814977,2026-09-24 22:00:00,400,52.380,32.290,12.380,7.700,1.840,0.000,10.740
2610026950,2026-09-24 22:00:00,600,15.990,10.270,3.690,2.020,1.470,0.000,3.190
2610026952,2026-09-24 22:00:00,200,3672.910,2384.210,1055.940,232.750,1854.820,0.000,9.810
2610026953,2026-09-24 22:00:00,700,695.270,410.420,157.150,127.690,204.320,0.000,0.670
2610026966,2026-09-24 22:00:00,240,977.990,701.790,242.890,33.300,201.640,0.000,0.000
2610026976,2026-09-24 22:00:00,60,1525.490,993.060,343.550,188.880,150.760,0.000,27.160
2610026977,2026-09-24 22:00:00,30,646.020,269.910,102.040,274.060,111.540,0.000,29.430
2610126270,2026-09-24 22:00:00,400,28.960,18.380,6.870,3.710,1.110,0.000,8.240
2610159557,2026-09-24 22:00:00,600,18.940,11.040,4.150,3.750,0.230,0.000,10.880
2610170785,2026-09-24 22:00:00,640,10.100,6.760,2.900,0.420,10.880,0.000,0.000
2610170786,2026-09-24 22:00:00,500,665.930,378.020,131.530,156.370,132.740,0.000,2.940
2610170836,2026-09-24 22:00:00,100,125.890,78.720,28.540,18.610,70.390,0.000,0.600
2610170838,2026-09-24 22:00:00,240,35.070,22.210,7.870,4.970,3.880,0.000,0.350
2610170839,2026-09-24 22:00:00,400,6.350,3.940,1.760,0.640,1.620,0.000,0.310
2610170840,2026-09-24 22:00:00,40,330.820,189.510,64.450,76.860,69.310,0.000,32.100
2610322967,2026-09-24 22:00:00,500,4.120,2.510,1.030,0.570,0.550,0.000,0.020
2610322969,2026-09-24 22:00:00,100,114.960,80.470,27.430,7.050,15.150,0.000,2.120
2610322982,2026-09-24 22:00:00,160,5.630,3.430,1.220,0.970,0.000,0.000,2.660
2610322992,2026-09-24 22:00:00,320,119.450,81.990,33.820,3.630,33.360,0.000,0.010
2610322995,2026-09-24 22:00:00,40,6.280,3.810,1.340,1.120,0.000,0.000,3.650
2610322997,2026-09-24 22:00:00,400,610.100,357.540,139.210,113.330,232.990,0.000,0.590
2610323001,2026-09-24 22:00:00,160,1948.160,1156.740,521.800,269.610,887.780,0.000,0.000
2610323004,2026-09-24 22:00:00,3000,100.840,76.670,13.100,11.060,23.330,0.000,2.260
2610323005,2026-09-24 22:00:00,120,12.930,8.810,3.230,0.880,1.740,0.000,0.940
2610323010,2026-09-24 22:00:00,60,19.330,12.850,4.710,1.760,1.560,0.000,5.050
2610323016,2026-09-24 22:00:00,160,1701.750,941.580,374.380,385.790,767.720,0.000,0.000
2610323017,2026-09-24 22:00:00,60,8.080,4.900,1.750,1.420,0.000,0.000,4.130
2610323019,2026-09-24 22:00:00,80,52.230,32.930,11.450,7.840,3.040,0.000,12.600
2610323027,2026-09-24 22:00:00,60,8.360,5.120,1.800,1.420,0.000,0.000,4.230
2411290205,2026-09-24 22:01:00,240,9726.730,6541.920,2851.250,333.560,3448.170,0.000,59.550
2510633399,2026-09-24 22:01:00,600,1177.630,677.700,253.760,246.170,58.930,0.000,57.140
2610026963,2026-09-24 22:01:00,200,385.430,199.000,95.580,90.840,23.730,2.230,97.680
2610126451,2026-09-24 22:01:00,300,113.700,73.770,27.750,12.170,55.920,0.000,0.280
2510203113,2026-09-24 22:02:00,160,4575.260,2920.770,1109.200,545.290,281.030,0.000,111.260
2610170837,2026-09-24 22:02:00,240,12.890,8.360,2.850,1.670,1.630,0.000,0.170
2510633393,2026-09-24 22:29:00,600,6038.070,3515.100,1201.870,1321.090,1288.420,0.000,0.480
2246006313,2026-09-24 22:30:00,8800,957.178,539.997,198.462,218.719,128.765,8.999,180.553
2410121326,2026-09-24 22:30:00,200,1606.000,1035.730,451.000,119.270,379.400,0.000,5.470
2410121353,2026-09-24 22:30:00,120,729.080,505.980,198.730,24.350,162.470,0.000,15.500
2410121371,2026-09-24 22:30:00,120,610.830,379.260,134.400,97.160,72.330,0.000,29.660
2410121424,2026-09-24 22:30:00,120,48.460,29.780,11.270,7.400,1.600,0.000,18.020
2410121440,2026-09-24 22:30:00,120,22.870,15.300,4.480,3.080,2.830,0.000,6.120
2410121454,2026-09-24 22:30:00,160,2068.750,1306.890,446.290,315.570,337.140,0.000,76.690
2410121457,2026-09-24 22:30:00,120,1902.860,1210.850,528.680,163.320,361.330,0.000,42.560
2410131378,2026-09-24 22:30:00,200,1874.960,1207.040,522.340,145.570,411.710,0.000,9.750
2410131383,2026-09-24 22:30:00,400,1071.910,710.170,229.090,132.640,48.480,0.000,65.790
2410131384,2026-09-24 22:30:00,200,9871.160,5600.910,1987.770,2282.470,2060.140,0.000,4.900
2410131387,2026-09-24 22:30:00,600,555.750,347.960,132.640,75.140,58.680,0.000,59.100
2410320615,2026-09-24 22:30:00,700,15639.940,9591.960,3816.380,2231.590,3867.580,0.000,51.460
2410883988,2026-09-24 22:30:00,100,37.480,19.250,5.610,12.610,3.540,0.000,2.210
2410883990,2026-09-24 22:30:00,60,3001.150,1721.520,640.430,639.190,889.230,0.000,38.540
2410883991,2026-09-24 22:30:00,100,2747.750,1653.980,618.780,474.980,257.420,0.260,74.300
2410883993,2026-09-24 22:30:00,60,3178.020,1538.310,602.540,1037.160,126.610,0.000,341.370
2410883994,2026-09-24 22:30:00,320,108.390,48.680,21.620,38.080,3.450,0.000,6.870
2410932742,2026-09-24 22:30:00,240,20074.590,11682.690,3730.490,4661.400,5097.650,0.000,5.960
2411087432,2026-09-24 22:30:00,40,3735.050,2317.470,1073.210,344.360,750.290,0.000,31.170
2411087433,2026-09-24 22:30:00,500,869.550,513.890,189.630,166.010,22.750,0.000,779.730
2411290205,2026-09-24 22:30:00,240,9726.780,6541.920,2851.250,333.600,3448.180,0.000,59.550
2510014481,2026-09-24 22:30:00,80,15501.610,9034.720,2988.470,3478.410,5827.580,0.000,5.520
2510014482,2026-09-24 22:30:00,40,1306.420,910.270,359.170,36.980,85.320,0.000,63.810
2510014483,2026-09-24 22:30:00,300,233.070,134.390,52.000,46.680,0.000,0.000,187.990
2510014484,2026-09-24 22:30:00,160,9522.290,5399.140,2107.600,2015.530,1553.240,0.000,21.600
2510178139,2026-09-24 22:30:00,300,840.750,489.000,178.590,173.140,183.790,0.000,14.140
2510178141,2026-09-24 22:30:00,40,677.050,507.400,158.520,11.120,190.180,0.000,47.830
2510203103,2026-09-24 22:30:00,400,1868.140,1112.230,420.060,335.840,66.420,3.610,330.770
2510203104,2026-09-24 22:30:00,120,3068.130,1843.900,719.790,504.430,466.560,0.000,69.190
2510203105,2026-09-24 22:30:00,100,2468.940,1716.980,697.790,54.170,579.940,0.000,70.740
2510203106,2026-09-24 22:30:00,100,100.230,46.540,16.890,36.790,0.440,0.000,37.490
2510203107,2026-09-24 22:30:00,600,689.070,435.100,187.640,66.330,201.810,0.000,12.620
2510203108,2026-09-24 22:30:00,80,4055.800,2286.490,901.620,867.690,633.400,0.000,36.690
2510203109,2026-09-24 22:30:00,160,1547.980,970.960,477.300,99.710,464.090,0.000,87.200
2510203111,2026-09-24 22:30:00,40,3978.440,2511.320,985.530,481.570,1085.500,0.000,12.800
2510203113,2026-09-24 22:30:00,160,4575.430,2920.770,1109.200,545.460,281.030,0.000,111.260
2510203114,2026-09-24 22:30:00,120,1936.320,1216.100,478.630,241.590,390.960,0.000,33.730
2510203118,2026-09-24 22:30:00,640,199.250,115.290,44.940,39.010,26.990,0.010,116.360
2510203119,2026-09-24 22:30:00,40,480.840,323.310,123.490,34.030,180.180,0.000,14.800
2510203120,2026-09-24 22:30:00,160,4380.600,2690.620,965.790,724.180,1018.580,0.000,14.900
2510203121,2026-09-24 22:30:00,100,1306.360,766.890,306.240,233.230,71.970,0.000,108.160
2510203122,2026-09-24 22:30:00,40,952.310,604.050,298.730,49.520,696.230,0.000,0.710
2510203123,2026-09-24 22:30:00,40,2694.440,1776.240,736.600,181.590,856.820,0.000,11.860
2510203124,2026-09-24 22:30:00,800,1206.120,854.520,290.950,60.640,341.230,0.000,0.360
2510203126,2026-09-24 22:30:00,100,17.420,8.080,2.520,6.810,0.460,0.000,1.370
2510203127,2026-09-24 22:30:00,40,1302.700,850.680,347.600,104.410,378.480,0.000,49.330
2510203128,2026-09-24 22:30:00,500,8064.110,4234.290,1422.270,2407.550,376.450,0.000,112.600
2510203129,2026-09-24 22:30:00,80,7.300,3.840,1.390,2.060,0.000,0.000,1.740
2510203130,2026-09-24 22:30:00,120,33.980,24.460,6.980,2.530,9.940,0.000,0.520
2510203133,2026-09-24 22:30:00,40,674.590,459.210,170.550,44.820,115.090,0.000,47.750
2510203134,2026-09-24 22:30:00,200,142.080,83.130,32.780,26.160,6.060,0.000,33.470
2510224049,2026-09-24 22:30:00,1,53817.660,21014.000,10995.910,21807.750,118.600,0.000,9064.680
2510224167,2026-09-24 22:30:00,1,21125.369,9359.980,4171.160,7594.210,928.220,0.000,5726.160
2510317505,2026-09-24 22:30:00,1,15387.290,6756.930,3268.320,5362.030,0.740,0.000,4595.120
2510317537,2026-09-24 22:30:00,1,11924.120,6847.610,2255.990,2820.510,218.560,1427.680,2163.120
2510389559,2026-09-24 22:30:00,1,36.870,20.630,14.320,1.910,30.680,0.000,5.910
2510389643,2026-09-24 22:30:00,1,43536.289,15612.050,7808.200,20116.029,22.640,0.000,4133.590
2510389931,2026-09-24 22:30:00,1,31497.730,12046.490,6664.000,12787.240,0.150,0.000,4324.800
2510633381,2026-09-24 22:30:00,320,226.260,140.840,50.930,34.480,6.310,0.000,46.380
2510633383,2026-09-24 22:30:00,40,1757.000,1317.680,404.770,34.540,54.250,0.000,313.070
2510633385,2026-09-24 22:30:00,60,1233.400,581.670,246.370,405.340,48.810,0.000,95.790
2510633386,2026-09-24 22:30:00,500,496.440,282.810,107.200,106.420,30.900,0.000,2779.690
2510633387,2026-09-24 22:30:00,40,26.480,17.800,6.440,2.220,0.850,0.000,3.450
2510633389,2026-09-24 22:30:00,500,548.300,372.040,128.110,48.140,104.550,0.000,103.050
2510633390,2026-09-24 22:30:00,80,2216.490,1329.060,490.220,397.210,577.080,0.000,6.350
2510633391,2026-09-24 22:30:00,100,256.530,198.110,58.310,0.100,3.460,0.000,1.950
2510633396,2026-09-24 22:30:00,400,933.280,632.800,220.110,80.360,215.280,0.000,0.170
2510633397,2026-09-24 22:30:00,240,574.390,367.320,174.570,32.490,218.700,0.000,18.180
2510633399,2026-09-24 22:30:00,600,1177.770,677.700,253.760,246.310,58.930,0.000,57.140
2510633400,2026-09-24 22:30:00,800,781.820,474.810,181.970,125.030,174.200,0.000,28.000
2510633402,2026-09-24 22:30:00,300,595.950,358.530,127.050,110.360,149.590,0.000,10.400
2510633411,2026-09-24 22:30:00,800,4849.990,2768.320,1014.960,1066.700,1725.220,0.000,29.340
2510814977,2026-09-24 22:30:00,400,52.380,32.290,12.380,7.700,1.840,0.000,10.740
2610026950,2026-09-24 22:30:00,600,15.990,10.270,3.690,2.020,1.470,0.000,3.190
2610026952,2026-09-24 22:30:00,200,3673.410,2384.210,1055.940,233.240,1855.120,0.000,9.810
2610026953,2026-09-24 22:30:00,700,695.440,410.420,157.150,127.860,204.400,0.000,0.670
2610026963,2026-09-24 22:30:00,200,385.480,199.000,95.580,90.890,23.730,2.230,97.700
2610026966,2026-09-24 22:30:00,240,978.000,701.790,242.890,33.310,201.650,0.000,0.000
2610026976,2026-09-24 22:30:00,60,1525.640,993.060,343.550,189.030,150.760,0.000,27.170
2610026977,2026-09-24 22:30:00,30,646.190,269.910,102.040,274.230,111.540,0.000,29.440
2610126270,2026-09-24 22:30:00,400,28.970,18.380,6.870,3.720,1.120,0.000,8.240
2610126451,2026-09-24 22:30:00,300,113.700,73.770,27.750,12.170,55.920,0.000,0.280
2610170785,2026-09-24 22:30:00,640,10.100,6.760,2.900,0.420,10.880,0.000,0.000
2610170786,2026-09-24 22:30:00,500,666.230,378.020,131.530,156.670,132.800,0.000,2.940
2610170836,2026-09-24 22:30:00,100,125.890,78.720,28.540,18.610,70.390,0.000,0.600
2610170837,2026-09-24 22:30:00,240,12.890,8.360,2.850,1.680,1.630,0.000,0.170
2610170838,2026-09-24 22:30:00,240,35.070,22.210,7.870,4.980,3.880,0.000,0.350
2610170840,2026-09-24 22:30:00,40,330.910,189.510,64.450,76.950,69.310,0.000,32.120
2610322967,2026-09-24 22:30:00,500,4.120,2.510,1.030,0.570,0.550,0.000,0.020
2610322969,2026-09-24 22:30:00,100,114.980,80.470,27.430,7.070,15.150,0.000,2.120
2610322992,2026-09-24 22:30:00,320,119.520,81.990,33.820,3.700,33.370,0.000,0.010
2610322995,2026-09-24 22:30:00,40,6.280,3.810,1.340,1.120,0.000,0.000,3.650
2610322997,2026-09-24 22:30:00,400,610.470,357.540,139.210,113.700,233.170,0.000,0.590
2610323001,2026-09-24 22:30:00,160,1948.810,1156.740,521.800,270.260,888.100,0.000,0.000
2610323004,2026-09-24 22:30:00,3000,100.850,76.670,13.100,11.070,23.330,0.000,2.260
2610323005,2026-09-24 22:30:00,120,12.930,8.810,3.230,0.880,1.740,0.000,0.940
2610323010,2026-09-24 22:30:00,60,19.340,12.850,4.710,1.770,1.560,0.000,5.060
2610323016,2026-09-24 22:30:00,160,1701.880,941.580,374.380,385.910,767.790,0.000,0.000
2610323017,2026-09-24 22:30:00,60,8.090,4.900,1.750,1.430,0.000,0.000,4.130
2610323019,2026-09-24 22:30:00,80,52.240,32.930,11.450,7.850,3.040,0.000,12.610
2610323027,2026-09-24 22:30:00,60,8.370,5.120,1.800,1.430,0.000,0.000,4.230
2410121574,2026-09-24 22:31:00,120,4941.020,3565.810,1149.970,225.230,427.770,0.000,382.190
2510203117,2026-09-24 22:31:00,80,1673.000,892.240,362.890,417.860,285.730,0.000,167.070
2510633406,2026-09-24 22:31:00,60,366.430,166.870,71.810,127.740,20.290,0.000,99.390
2610159557,2026-09-24 22:31:00,600,18.950,11.040,4.150,3.750,0.230,0.000,10.880
2610170839,2026-09-24 22:31:00,400,6.350,3.940,1.760,0.650,1.620,0.000,0.310
2610322982,2026-09-24 22:31:00,160,5.640,3.430,1.220,0.980,0.000,0.000,2.660
2510633395,2026-09-24 22:32:00,40,1300.980,732.580,283.550,284.840,61.340,0.000,39.160
2510633393,2026-09-24 22:59:00,600,6038.550,3515.100,1201.870,1321.570,1288.530,0.000,0.480
2246006313,2026-09-24 23:00:00,8800,957.266,539.997,198.462,218.807,128.782,8.999,180.553
2410121326,2026-09-24 23:00:00,200,1606.040,1035.730,451.000,119.310,379.400,0.000,5.470
2410121371,2026-09-24 23:00:00,120,610.880,379.260,134.400,97.210,72.330,0.000,29.660
2410121424,2026-09-24 23:00:00,120,48.460,29.780,11.270,7.410,1.600,0.000,18.020
2410121440,2026-09-24 23:00:00,120,22.880,15.300,4.480,3.090,2.830,0.000,6.130
2410121454,2026-09-24 23:00:00,160,2068.800,1306.890,446.290,315.610,337.150,0.000,76.690
2410121457,2026-09-24 23:00:00,120,1903.470,1210.850,528.680,163.920,361.500,0.000,42.560
2410121574,2026-09-24 23:00:00,120,4941.050,3565.810,1149.970,225.260,427.770,0.000,382.210
2410131378,2026-09-24 23:00:00,200,1874.960,1207.040,522.340,145.570,411.710,0.000,9.750
2410131383,2026-09-24 23:00:00,400,1071.930,710.170,229.090,132.660,48.480,0.000,65.790
2410131384,2026-09-24 23:00:00,200,9871.480,5600.910,1987.770,2282.780,2060.220,0.000,4.900
2410131387,2026-09-24 23:00:00,600,555.780,347.960,132.640,75.170,58.690,0.000,59.100
2410320615,2026-09-24 23:00:00,700,15640.450,9591.960,3816.380,2232.100,3867.640,0.000,51.460
2410883988,2026-09-24 23:00:00,100,37.490,19.250,5.610,12.620,3.540,0.000,2.210
2410883990,2026-09-24 23:00:00,60,3001.160,1721.520,640.430,639.200,889.230,0.000,38.540
2410883991,2026-09-24 23:00:00,100,2747.820,1653.980,618.780,475.050,257.420,0.260,74.300
2410883993,2026-09-24 23:00:00,60,3178.360,1538.310,602.540,1037.510,126.620,0.000,341.410
2410883994,2026-09-24 23:00:00,320,108.400,48.680,21.620,38.090,3.450,0.000,6.870
2410932742,2026-09-24 23:00:00,240,20075.461,11682.690,3730.490,4662.270,5097.940,0.000,5.960
2411087432,2026-09-24 23:00:00,40,3735.220,2317.470,1073.210,344.530,750.300,0.000,31.170
2411087433,2026-09-24 23:00:00,500,869.750,513.890,189.630,166.220,22.750,0.000,779.750
2411290205,2026-09-24 23:00:00,240,9726.830,6541.920,2851.250,333.650,3448.180,0.000,59.550
2510014481,2026-09-24 23:00:00,80,15502.330,9034.720,2988.470,3479.130,5827.730,0.000,5.520
2510014482,2026-09-24 23:00:00,40,1306.430,910.270,359.170,36.980,85.320,0.000,63.820
2510014483,2026-09-24 23:00:00,300,233.090,134.390,52.000,46.690,0.000,0.000,188.000
2510014484,2026-09-24 23:00:00,160,9522.890,5399.140,2107.600,2016.130,1553.430,0.000,21.600
2510178139,2026-09-24 23:00:00,300,840.770,489.000,178.590,173.160,183.790,0.000,14.140
2510178141,2026-09-24 23:00:00,40,677.050,507.400,158.520,11.120,190.180,0.000,47.840
2510203103,2026-09-24 23:00:00,400,1868.180,1112.230,420.060,335.890,66.420,3.610,330.780
2510203104,2026-09-24 23:00:00,120,3068.270,1843.900,719.790,504.580,466.580,0.000,69.190
2510203105,2026-09-24 23:00:00,100,2468.980,1716.980,697.790,54.200,579.940,0.000,70.740
2510203106,2026-09-24 23:00:00,100,100.240,46.540,16.890,36.800,0.440,0.000,37.490
2510203107,2026-09-24 23:00:00,600,689.240,435.100,187.640,66.490,201.850,0.000,12.620
2510203108,2026-09-24 23:00:00,80,4056.130,2286.490,901.620,868.010,633.420,0.000,36.690
2510203109,2026-09-24 23:00:00,160,1548.010,970.960,477.300,99.740,464.090,0.000,87.200
2510203111,2026-09-24 23:00:00,40,3978.440,2511.320,985.530,481.580,1085.500,0.000,12.800
2510203113,2026-09-24 23:00:00,160,4575.600,2920.770,1109.200,545.630,281.030,0.000,111.260
2510203117,2026-09-24 23:00:00,80,1673.080,892.240,362.890,417.940,285.730,0.000,167.090
2510203118,2026-09-24 23:00:00,640,199.270,115.290,44.940,39.020,26.990,0.010,116.380
2510203119,2026-09-24 23:00:00,40,480.840,323.310,123.490,34.030,180.180,0.000,14.800
2510203120,2026-09-24 23:00:00,160,4380.840,2690.620,965.790,724.420,1018.670,0.000,14.900
2510203121,2026-09-24 23:00:00,100,1306.400,766.890,306.240,233.260,71.970,0.000,108.180
2510203122,2026-09-24 23:00:00,40,952.320,604.050,298.730,49.530,696.240,0.000,0.710
2510203123,2026-09-24 23:00:00,40,2694.440,1776.240,736.600,181.590,856.820,0.000,11.860
2510203124,2026-09-24 23:00:00,800,1206.170,854.520,290.950,60.690,341.260,0.000,0.360
2510203126,2026-09-24 23:00:00,100,17.430,8.080,2.520,6.820,0.460,0.000,1.370
2510203127,2026-09-24 23:00:00,40,1302.710,850.680,347.600,104.420,378.480,0.000,49.330
2510203128,2026-09-24 23:00:00,500,8064.850,4234.290,1422.270,2408.280,376.520,0.000,112.600
2510203129,2026-09-24 23:00:00,80,7.310,3.840,1.390,2.070,0.000,0.000,1.750
2510203130,2026-09-24 23:00:00,120,33.980,24.460,6.980,2.530,9.940,0.000,0.520
2510203133,2026-09-24 23:00:00,40,674.600,459.210,170.550,44.820,115.090,0.000,47.750
2510203134,2026-09-24 23:00:00,200,142.080,83.130,32.780,26.170,6.060,0.000,33.470
2510224049,2026-09-24 23:00:00,1,53821.090,21014.000,10995.910,21811.170,118.600,0.000,9065.710
2510224167,2026-09-24 23:00:00,1,21126.740,9359.980,4171.160,7595.580,928.220,0.000,5727.140
2510317505,2026-09-24 23:00:00,1,15389.160,6756.930,3268.320,5363.910,0.740,0.000,4596.020
2510317537,2026-09-24 23:00:00,1,11925.040,6847.610,2255.990,2821.430,218.560,1427.680,2163.270
2510389559,2026-09-24 23:00:00,1,36.870,20.630,14.320,1.910,30.680,0.000,5.910
2510389643,2026-09-24 23:00:00,1,43541.512,15612.050,7808.200,20121.250,22.640,0.000,4134.230
2510389931,2026-09-24 23:00:00,1,31501.070,12046.490,6664.000,12790.570,0.150,0.000,4325.410
2510633381,2026-09-24 23:00:00,320,226.280,140.840,50.930,34.500,6.310,0.000,46.380
2510633383,2026-09-24 23:00:00,40,1757.010,1317.680,404.770,34.550,54.250,0.000,313.100
2510633385,2026-09-24 23:00:00,60,1233.510,581.670,246.370,405.460,48.810,0.000,95.810
2510633386,2026-09-24 23:00:00,500,496.500,282.810,107.200,106.480,30.900,0.000,2780.050
2510633387,2026-09-24 23:00:00,40,26.480,17.800,6.440,2.220,0.850,0.000,3.450
2510633389,2026-09-24 23:00:00,500,548.420,372.040,128.110,48.270,104.550,0.000,103.080
2510633390,2026-09-24 23:00:00,80,2217.070,1329.060,490.220,397.790,577.250,0.000,6.350
2510633391,2026-09-24 23:00:00,100,256.530,198.110,58.310,0.100,3.460,0.000,1.950
2510633395,2026-09-24 23:00:00,40,1300.980,732.580,283.550,284.840,61.340,0.000,39.160
2510633396,2026-09-24 23:00:00,400,933.360,632.800,220.110,80.440,215.330,0.000,0.170
2510633397,2026-09-24 23:00:00,240,574.400,367.320,174.570,32.500,218.700,0.000,18.180
2510633400,2026-09-24 23:00:00,800,781.990,474.810,181.970,125.200,174.270,0.000,28.000
2510633402,2026-09-24 23:00:00,300,596.170,358.530,127.050,110.580,149.660,0.000,10.400
2510633406,2026-09-24 23:00:00,60,366.460,166.870,71.810,127.760,20.290,0.000,99.410
2510633411,2026-09-24 23:00:00,800,4850.660,2768.320,1014.960,1067.370,1725.490,0.000,29.340
2510814977,2026-09-24 23:00:00,400,52.380,32.290,12.380,7.700,1.840,0.000,10.740
2610026950,2026-09-24 23:00:00,600,15.990,10.270,3.690,2.030,1.470,0.000,3.190
2610026952,2026-09-24 23:00:00,200,3673.940,2384.210,1055.940,233.780,1855.440,0.000,9.810
2610026953,2026-09-24 23:00:00,700,695.620,410.420,157.150,128.040,204.480,0.000,0.670
2610026963,2026-09-24 23:00:00,200,385.530,199.000,95.580,90.940,23.730,2.230,97.710
2610026966,2026-09-24 23:00:00,240,978.010,701.790,242.890,33.330,201.660,0.000,0.000
2610026976,2026-09-24 23:00:00,60,1525.780,993.060,343.550,189.170,150.760,0.000,27.170
2610126270,2026-09-24 23:00:00,400,28.980,18.380,6.870,3.730,1.120,0.000,8.240
2610126451,2026-09-24 23:00:00,300,113.710,73.770,27.750,12.180,55.920,0.000,0.280
2610159557,2026-09-24 23:00:00,600,18.950,11.040,4.150,3.750,0.230,0.000,10.880
2610170785,2026-09-24 23:00:00,640,10.100,6.760,2.900,0.420,10.880,0.000,0.000
2610170786,2026-09-24 23:00:00,500,666.520,378.020,131.530,156.960,132.870,0.000,2.940
2610170837,2026-09-24 23:00:00,240,12.890,8.360,2.850,1.680,1.630,0.000,0.170
2610170840,2026-09-24 23:00:00,40,331.000,189.510,64.450,77.040,69.310,0.000,32.130
2610322967,2026-09-24 23:00:00,500,4.120,2.510,1.030,0.570,0.550,0.000,0.020
2610322969,2026-09-24 23:00:00,100,115.010,80.470,27.430,7.100,15.150,0.000,2.120
2610322982,2026-09-24 23:00:00,160,5.640,3.430,1.220,0.980,0.000,0.000,2.670
2610322992,2026-09-24 23:00:00,320,119.580,81.990,33.820,3.760,33.380,0.000,0.010
2610322995,2026-09-24 23:00:00,40,6.290,3.810,1.340,1.130,0.000,0.000,3.660
2610322997,2026-09-24 23:00:00,400,610.830,357.540,139.210,114.070,233.350,0.000,0.590
2610323001,2026-09-24 23:00:00,160,1949.480,1156.740,521.800,270.930,888.430,0.000,0.000
2610323004,2026-09-24 23:00:00,3000,100.870,76.670,13.100,11.090,23.340,0.000,2.260
2610323005,2026-09-24 23:00:00,120,12.930,8.810,3.230,0.880,1.740,0.000,0.940
2610323010,2026-09-24 23:00:00,60,19.350,12.850,4.710,1.770,1.560,0.000,5.060
2610323016,2026-09-24 23:00:00,160,1702.010,941.580,374.380,386.040,767.850,0.000,0.000
2610323017,2026-09-24 23:00:00,60,8.090,4.900,1.750,1.440,0.000,0.000,4.140
2610323027,2026-09-24 23:00:00,60,8.380,5.120,1.800,1.440,0.000,0.000,4.240
2410121353,2026-09-24 23:01:00,120,729.090,505.980,198.730,24.360,162.470,0.000,15.500
2510203114,2026-09-24 23:01:00,120,1936.420,1216.100,478.630,241.680,390.970,0.000,33.730
2610026977,2026-09-24 23:01:00,30,646.370,269.910,102.040,274.410,111.540,0.000,29.440
2610170836,2026-09-24 23:01:00,100,125.890,78.720,28.540,18.610,70.390,0.000,0.600
2610170839,2026-09-24 23:01:00,400,6.360,3.940,1.760,0.650,1.620,0.000,0.310
2510633399,2026-09-24 23:02:00,600,1177.910,677.700,253.760,246.450,58.930,0.000,57.140
2610170838,2026-09-24 23:02:00,240,35.080,22.210,7.870,4.990,3.880,0.000,0.350
2610323019,2026-09-24 23:02:00,80,52.250,32.930,11.450,7.870,3.040,0.000,12.610
2510633393,2026-09-24 23:29:00,600,6039.030,3515.100,1201.870,1322.050,1288.650,0.000,0.480
2246006313,2026-09-24 23:30:00,8800,957.354,539.997,198.462,218.894,128.800,8.999,180.553
2410121326,2026-09-24 23:30:00,200,1606.080,1035.730,451.000,119.350,379.400,0.000,5.470
2410121353,2026-09-24 23:30:00,120,729.090,505.980,198.730,24.370,162.470,0.000,15.510
2410121371,2026-09-24 23:30:00,120,610.930,379.260,134.400,97.260,72.330,0.000,29.660
2410121424,2026-09-24 23:30:00,120,48.460,29.780,11.270,7.410,1.600,0.000,18.020
2410121440,2026-09-24 23:30:00,120,22.880,15.300,4.480,3.090,2.830,0.000,6.130
2410121454,2026-09-24 23:30:00,160,2068.850,1306.890,446.290,315.660,337.160,0.000,76.690
2410121457,2026-09-24 23:30:00,120,1904.080,1210.850,528.680,164.530,361.680,0.000,42.560
2410121574,2026-09-24 23:30:00,120,4941.090,3565.810,1149.970,225.300,427.770,0.000,382.230
2410131378,2026-09-24 23:30:00,200,1874.970,1207.040,522.340,145.580,411.710,0.000,9.750
2410131383,2026-09-24 23:30:00,400,1071.960,710.170,229.090,132.690,48.480,0.000,65.790
2410131384,2026-09-24 23:30:00,200,9871.790,5600.910,1987.770,2283.100,2060.310,0.000,4.900
2410131387,2026-09-24 23:30:00,600,555.800,347.960,132.640,75.180,58.690,0.000,59.100
2410320615,2026-09-24 23:30:00,700,15640.960,9591.960,3816.380,2232.610,3867.720,0.000,51.460
2410883988,2026-09-24 23:30:00,100,37.500,19.250,5.610,12.630,3.540,0.000,2.210
2410883990,2026-09-24 23:30:00,60,3001.180,1721.520,640.430,639.220,889.230,0.000,38.540
2410883991,2026-09-24 23:30:00,100,2747.890,1653.980,618.780,475.120,257.420,0.260,74.300
2410883993,2026-09-24 23:30:00,60,3178.650,1538.310,602.540,1037.800,126.620,0.000,341.460
2410883994,2026-09-24 23:30:00,320,108.410,48.680,21.620,38.100,3.450,0.000,6.870
2410932742,2026-09-24 23:30:00,240,20076.320,11682.690,3730.490,4663.120,5098.230,0.000,5.960
2411087432,2026-09-24 23:30:00,40,3735.390,2317.470,1073.210,344.700,750.300,0.000,31.170
2411290205,2026-09-24 23:30:00,240,9726.880,6541.920,2851.250,333.700,3448.190,0.000,59.550
2510014481,2026-09-24 23:30:00,80,15503.050,9034.720,2988.470,3479.850,5827.890,0.000,5.520
2510014482,2026-09-24 23:30:00,40,1306.430,910.270,359.170,36.990,85.320,0.000,63.820
2510014483,2026-09-24 23:30:00,300,233.100,134.390,52.000,46.700,0.000,0.000,188.010
2510014484,2026-09-24 23:30:00,160,9523.480,5399.140,2107.600,2016.730,1553.630,0.000,21.600
2510178139,2026-09-24 23:30:00,300,840.790,489.000,178.590,173.180,183.790,0.000,14.140
2510178141,2026-09-24 23:30:00,40,677.050,507.400,158.520,11.120,190.180,0.000,47.840
2510203103,2026-09-24 23:30:00,400,1868.230,1112.230,420.060,335.930,66.420,3.610,330.780
2510203104,2026-09-24 23:30:00,120,3068.400,1843.900,719.790,504.710,466.610,0.000,69.190
2510203105,2026-09-24 23:30:00,100,2469.010,1716.980,697.790,54.230,579.940,0.000,70.740
2510203106,2026-09-24 23:30:00,100,100.250,46.540,16.890,36.800,0.440,0.000,37.490
2510203107,2026-09-24 23:30:00,600,689.340,435.100,187.640,66.590,201.870,0.000,12.620
2510203108,2026-09-24 23:30:00,80,4056.420,2286.490,901.620,868.300,633.430,0.000,36.690
2510203109,2026-09-24 23:30:00,160,1548.030,970.960,477.300,99.770,464.100,0.000,87.200
2510203111,2026-09-24 23:30:00,40,3978.450,2511.320,985.530,481.580,1085.500,0.000,12.800
2510203113,2026-09-24 23:30:00,160,4575.780,2920.770,1109.200,545.810,281.040,0.000,111.260
2510203114,2026-09-24 23:30:00,120,1936.500,1216.100,478.630,241.770,390.990,0.000,33.730
2510203117,2026-09-24 23:30:00,80,1673.170,892.240,362.890,418.020,285.730,0.000,167.110
2510203118,2026-09-24 23:30:00,640,199.280,115.290,44.940,39.040,26.990,0.010,116.400
2510203119,2026-09-24 23:30:00,40,480.840,323.310,123.490,34.030,180.180,0.000,14.800
2510203120,2026-09-24 23:30:00,160,4381.090,2690.620,965.790,724.670,1018.760,0.000,14.900
2510203121,2026-09-24 23:30:00,100,1306.430,766.890,306.240,233.300,71.970,0.000,108.190
2510203122,2026-09-24 23:30:00,40,952.330,604.050,298.730,49.540,696.240,0.000,0.710
2510203123,2026-09-24 23:30:00,40,2694.440,1776.240,736.600,181.590,856.820,0.000,11.860
2510203124,2026-09-24 23:30:00,800,1206.220,854.520,290.950,60.740,341.280,0.000,0.360
2510203126,2026-09-24 23:30:00,100,17.440,8.080,2.520,6.830,0.460,0.000,1.370
2510203127,2026-09-24 23:30:00,40,1302.720,850.680,347.600,104.430,378.480,0.000,49.330
2510203128,2026-09-24 23:30:00,500,8065.560,4234.290,1422.270,2408.990,376.580,0.000,112.600
2510203129,2026-09-24 23:30:00,80,7.310,3.840,1.390,2.080,0.000,0.000,1.750
2510203130,2026-09-24 23:30:00,120,33.990,24.460,6.980,2.530,9.940,0.000,0.520
2510203133,2026-09-24 23:30:00,40,674.600,459.210,170.550,44.830,115.090,0.000,47.750
2510203134,2026-09-24 23:30:00,200,142.090,83.130,32.780,26.170,6.060,0.000,33.470
2510224049,2026-09-24 23:30:00,1,53824.520,21014.000,10995.910,21814.600,118.600,0.000,9066.760
2510224167,2026-09-24 23:30:00,1,21128.051,9359.980,4171.160,7596.900,928.220,0.000,5728.080
2510317505,2026-09-24 23:30:00,1,15391.000,6756.930,3268.320,5365.740,0.740,0.000,4596.930
2510317537,2026-09-24 23:30:00,1,11926.010,6847.610,2255.990,2822.400,218.560,1427.680,2163.440
2510389559,2026-09-24 23:30:00,1,36.870,20.630,14.320,1.910,30.680,0.000,5.910
2510389643,2026-09-24 23:30:00,1,43545.699,15612.050,7808.200,20125.439,22.640,0.000,4134.880
2510389931,2026-09-24 23:30:00,1,31504.400,12046.490,6664.000,12793.900,0.150,0.000,4326.030
2510633381,2026-09-24 23:30:00,320,226.290,140.840,50.930,34.510,6.310,0.000,46.390
2510633383,2026-09-24 23:30:00,40,1757.020,1317.680,404.770,34.560,54.250,0.000,313.130
2510633385,2026-09-24 23:30:00,60,1233.610,581.670,246.370,405.560,48.810,0.000,95.830
2510633386,2026-09-24 23:30:00,500,496.560,282.810,107.200,106.540,30.900,0.000,2780.400
2510633387,2026-09-24 23:30:00,40,26.480,17.800,6.440,2.220,0.850,0.000,3.450
2510633389,2026-09-24 23:30:00,500,548.580,372.040,128.110,48.420,104.550,0.000,103.100
2510633390,2026-09-24 23:30:00,80,2217.610,1329.060,490.220,398.330,577.400,0.000,6.350
2510633391,2026-09-24 23:30:00,100,256.530,198.110,58.310,0.100,3.460,0.000,1.950
2510633395,2026-09-24 23:30:00,40,1300.980,732.580,283.550,284.840,61.340,0.000,39.160
2510633396,2026-09-24 23:30:00,400,933.450,632.800,220.110,80.520,215.380,0.000,0.170
2510633397,2026-09-24 23:30:00,240,574.410,367.320,174.570,32.510,218.700,0.000,18.190
2510633400,2026-09-24 23:30:00,800,782.140,474.810,181.970,125.360,174.340,0.000,28.000
2510633402,2026-09-24 23:30:00,300,596.380,358.530,127.050,110.790,149.730,0.000,10.400
2510633406,2026-09-24 23:30:00,60,366.480,166.870,71.810,127.780,20.290,0.000,99.420
2510633411,2026-09-24 23:30:00,800,4851.300,2768.320,1014.960,1068.010,1725.750,0.000,29.340
2510814977,2026-09-24 23:30:00,400,52.390,32.290,12.380,7.710,1.840,0.000,10.740
2610026950,2026-09-24 23:30:00,600,16.000,10.270,3.690,2.030,1.470,0.000,3.190
2610026952,2026-09-24 23:30:00,200,3674.500,2384.210,1055.940,234.340,1855.780,0.000,9.810
2610026953,2026-09-24 23:30:00,700,695.790,410.420,157.150,128.210,204.550,0.000,0.670
2610026963,2026-09-24 23:30:00,200,385.580,199.000,95.580,90.990,23.730,2.230,97.740
2610026966,2026-09-24 23:30:00,240,978.030,701.790,242.890,33.340,201.660,0.000,0.000
2610026976,2026-09-24 23:30:00,60,1525.930,993.060,343.550,189.310,150.760,0.000,27.180
2610026977,2026-09-24 23:30:00,30,646.540,269.910,102.040,274.580,111.540,0.000,29.440
2610126270,2026-09-24 23:30:00,400,29.000,18.380,6.870,3.740,1.130,0.000,8.250
2610126451,2026-09-24 23:30:00,300,113.720,73.770,27.750,12.190,55.920,0.000,0.280
2610159557,2026-09-24 23:30:00,600,18.950,11.040,4.150,3.750,0.230,0.000,10.880
2610170785,2026-09-24 23:30:00,640,10.100,6.760,2.900,0.420,10.880,0.000,0.000
2610170786,2026-09-24 23:30:00,500,666.860,378.020,131.530,157.300,132.950,0.000,2.940
2610170836,2026-09-24 23:30:00,100,125.890,78.720,28.540,18.610,70.390,0.000,0.600
2610170837,2026-09-24 23:30:00,240,12.890,8.360,2.850,1.680,1.630,0.000,0.170
2610170838,2026-09-24 23:30:00,240,35.090,22.210,7.870,4.990,3.880,0.000,0.350
2610170839,2026-09-24 23:30:00,400,6.360,3.940,1.760,0.660,1.620,0.000,0.310
2610170840,2026-09-24 23:30:00,40,331.090,189.510,64.450,77.120,69.310,0.000,32.150
2610322967,2026-09-24 23:30:00,500,4.120,2.510,1.030,0.570,0.550,0.000,0.020
2610322969,2026-09-24 23:30:00,100,115.040,80.470,27.430,7.130,15.150,0.000,2.120
2610322982,2026-09-24 23:30:00,160,5.650,3.430,1.220,0.990,0.000,0.000,2.670
2610322992,2026-09-24 23:30:00,320,119.640,81.990,33.820,3.820,33.390,0.000,0.010
2610322995,2026-09-24 23:30:00,40,6.300,3.810,1.340,1.130,0.000,0.000,3.660
2610322997,2026-09-24 23:30:00,400,611.120,357.540,139.210,114.350,233.480,0.000,0.590
2610323001,2026-09-24 23:30:00,160,1950.130,1156.740,521.800,271.580,888.780,0.000,0.000
2610323004,2026-09-24 23:30:00,3000,100.880,76.670,13.100,11.100,23.340,0.000,2.260
2610323005,2026-09-24 23:30:00,120,12.930,8.810,3.230,0.890,1.740,0.000,0.940
2610323010,2026-09-24 23:30:00,60,19.350,12.850,4.710,1.780,1.560,0.000,5.060
2610323017,2026-09-24 23:30:00,60,8.100,4.900,1.750,1.450,0.000,0.000,4.140
2610323027,2026-09-24 23:30:00,60,8.390,5.120,1.800,1.450,0.000,0.000,4.240
2411087433,2026-09-24 23:31:00,500,869.950,513.890,189.630,166.420,22.770,0.000,779.750
2610323016,2026-09-24 23:31:00,160,1702.120,941.580,374.380,386.160,767.920,0.000,0.000
2610323019,2026-09-24 23:31:00,80,52.270,32.930,11.450,7.880,3.040,0.000,12.610
2510633399,2026-09-24 23:32:00,600,1178.040,677.700,253.760,246.580,58.940,0.000,57.140
